global_step,episode_num,episode_reward,episode_length,success_rate,avg_reward_100,policy_loss,value_loss,entropy,learning_rate,fps,eta_seconds,ee_x,ee_y,ee_z,cube_x,cube_y,cube_z,ee_to_cube_dist,cube_to_goal_dist,is_grasped,timestamp
5008,18,10.474561,22,0.5,-2.5962918333333334,,,,,3842.278973159385,519.2210180302397,0.14214378539211797,-0.1631982517947304,0.801949945798821,0.05643470484636506,-0.05700382376734458,0.792879341615137,0.1367683402411503,0.2278886085905542,False,2026-08-07T16:39:08.377965+00:00
10016,34,22.121729,23,0.35294117647058826,-166.07731429411766,-0.00308553133654641,77.87172930836678,5.660594621300698,0.0003,1861.6086893789507,1068.9593421826348,0.14478525812679333,-0.2609931879165749,0.8023473349221681,0.05643470625818697,-0.057003825812666276,0.792879341615137,0.22250196125946584,0.22788860612703382,False,2026-08-07T16:39:11.068089+00:00
15024,63,-23.296294,16,0.31746031746031744,-136.00567947619052,-0.00308553133654641,77.87172930836678,5.660594621300698,0.0003,4775.671429513341,415.6433350361955,-0.08457938103621668,-0.25944059477186376,0.7102954627114276,0.17787040901417703,-0.0779470658028011,0.8029079639137556,0.3322602424818397,0.18292791577051226,False,2026-08-07T16:39:12.116752+00:00
20032,73,-9.793512,14,0.273972602739726,-178.6289545890411,-0.0016561635777179618,88.81688832044601,5.654905267059803,0.0003,2030.4453036416035,975.1397865526974,-0.2435219065179709,-0.19571779637438055,0.9397226808753056,0.17787040658536324,-0.07794706534132018,0.8029079639137556,0.45843177617602915,0.18292791599251257,False,2026-08-07T16:39:14.583196+00:00
25040,94,16.247136,31,0.2872340425531915,-183.99330711702123,-0.0038639165286440402,65.65118314623832,5.661905686557293,0.0003,1964.6137358608873,1005.266309580483,0.17390132550471604,-0.2617100879887807,0.8037805239851894,0.2565956624637116,-0.1796659291632085,0.7928886236799615,0.11699671300828345,0.1256355242119598,False,2026-08-07T16:39:17.132290+00:00
30048,104,-275.745816,600,0.26,-210.56688844000004,-0.0038639165286440402,65.65118314623832,5.661905686557293,0.0003,4768.3341131838015,413.1321239745655,0.17605333859720873,-0.22116875203994757,0.8016903401079771,0.25659566002926937,-0.17966592873535267,0.7928886236799615,0.09103307144108125,0.12563552261380387,False,2026-08-07T16:39:18.182582+00:00
35056,122,30.888336,26,0.25,-225.49456080000004,-0.0032891235561692154,52.56282089352608,5.646462291479111,0.0003,1885.1603033046595,1042.321969413148,0.23887856427066095,-0.12132523037568668,0.7950509690762887,0.32891168350298805,-0.26774233537934594,0.7928772270179463,0.17189722612913572,0.16908903152168053,False,2026-08-07T16:39:20.839076+00:00
40064,138,-10.778157,13,0.24,-235.07742786999995,-0.0032891235561692154,52.56282089352608,5.646462291479111,0.0003,4356.109820447202,449.92805066580974,0.24091513761769803,-0.11678559923335766,0.795886705486254,0.32891168479860344,-0.26774233748868254,0.7928772270179463,0.1747580787863588,0.16908903291252045,False,2026-08-07T16:39:21.988752+00:00
45072,159,-21.134259,12,0.23,-238.10624725999998,-0.0024838815981638616,54.39035036563873,5.630608062446117,0.0003,1845.6090810849946,1059.2318926230787,0.24433935635296422,-0.21391124636679587,0.8039232033131586,0.22699883974852936,-0.2429709249444526,0.7929708951892687,0.03556840576109686,0.06912911054611208,False,2026-08-07T16:39:24.702225+00:00
50080,173,-11.782755,16,0.24,-236.50916286000003,-0.0038516560671268962,29.13305184841156,5.626965042948723,0.0003,1866.5529498452202,1044.6636406225136,0.18848332327361852,-0.19838745665674531,0.832159156050438,0.08094576463120838,-0.12523084751241773,0.8505254459027889,0.13135271821780575,0.15624434899210118,False,2026-08-07T16:39:27.385238+00:00
55088,209,19.234397,24,0.3,-173.13667869,-0.0038516560671268962,29.13305184841156,5.626965042948723,0.0003,4755.809557275435,408.95497949968893,0.08158888544607643,-0.20904847813094485,0.7950885816677513,0.16357629952176136,-0.017407486259989852,0.8028967213242878,0.20858852527643323,0.24261887321675196,False,2026-08-07T16:39:28.438276+00:00
60096,222,-392.390279,600,0.26,-185.02895055999997,-0.0033453914322308263,72.03955943584442,5.60907015800476,0.0003,2035.3884464764988,953.0878508022419,-0.16218468980602685,-0.16803322994754993,0.8767621666780661,0.16357630189789357,-0.017407485539388205,0.8028967213242878,0.3664211274090873,0.2426188739723005,False,2026-08-07T16:39:30.898734+00:00
65104,246,-462.679436,600,0.26,-176.07043893000002,-0.0033453914322308263,72.03955943584442,5.60907015800476,0.0003,4355.7105603781665,444.2205176810487,0.16959917628904847,-0.23178450804295395,0.8013326862572823,0.11693371418831716,-0.12011746072278558,0.8332932579634363,0.12753297024406082,0.146361981977066,False,2026-08-07T16:39:32.048494+00:00
70112,262,-11.189566,13,0.28,-175.08270773,-0.0028964462555450153,33.962179750204086,5.588353228569031,0.0003,1881.1907059388277,1025.886420716112,0.17928584303029285,-0.17682794005989091,0.7999259319435006,0.11657137424321108,-0.12000088486100255,0.8332354455632889,0.09095021987554631,0.14658034579992468,False,2026-08-07T16:39:34.710634+00:00
75120,279,30.358703,25,0.29,-173.41889433999998,-0.003073543831851566,37.29740200042725,5.57081376761198,0.0003,1903.3016055907303,1011.3373489235156,0.05379852117937346,-0.17291012107154846,0.7997388125600234,0.1599949470845938,0.004298136109818511,0.8028780417270909,0.20661631602577718,0.2642981361581199,False,2026-08-07T16:39:37.341870+00:00
80128,295,-450.647063,600,0.29,-193.38676832999997,-0.003073543831851566,37.29740200042725,5.57081376761198,0.0003,4440.072848643833,432.39650912178206,-0.059452576527439904,-0.17403966973580676,0.77324865508192,0.15999494517389468,0.0042981345508608625,0.8028780417270909,0.2843228583347046,0.2642981345991989,False,2026-08-07T16:39:38.469759+00:00
85136,320,-9.697765,13,0.29,-208.79429352000002,-0.0025841447975835765,38.35677718818188,5.565299262106419,0.0003,1896.6887058615102,1009.5826447863168,0.08067231414335335,-0.20682422201715284,0.7943269626666192,0.1598712652185744,0.026155586917705406,0.8028841714812961,0.24622203606792853,0.28615561587510463,False,2026-08-07T16:39:41.110151+00:00
90144,340,-431.267045,600,0.3,-204.79196701,-0.00276760602282593,54.025794458389285,5.557649149000644,0.0003,1909.8291463171252,1000.0140607775971,-0.028425158423988933,-0.19986141170453764,0.7797161984262735,0.15987126282123865,0.026155586298553548,0.8028841714812961,0.2950863951719357,0.28615561525703126,False,2026-08-07T16:39:43.732354+00:00
95152,356,-498.742922,600,0.31,-198.50178401000002,-0.00276760602282593,54.025794458389285,5.557649149000644,0.0003,5076.395661165264,375.236314728618,0.15838198627394404,-0.1725015442983603,0.8009160280124784,0.27574128776947504,-0.10336179669692655,0.7928787416148274,0.13644818913619475,0.1947602947947846,False,2026-08-07T16:39:44.718907+00:00
100160,379,-20.727864,13,0.3,-186.01482852,-0.003252967655134853,26.092414358258246,5.535766032338143,0.0003,2000.4571780349152,949.7029083453048,0.1801129545424529,-0.16285249270786045,0.7996204643054544,0.2757412861181661,-0.10336179855135726,0.7928787416148274,0.11282451558067719,0.19476029232200484,False,2026-08-07T16:39:47.222325+00:00
105168,396,-10.032065,13,0.29,-176.59933143999996,-0.003252967655134853,26.092414358258246,5.535766032338143,0.0003,5237.637656000259,361.7722577332689,0.15966667642140514,-0.1632025640811438,0.8000050448332947,0.055523127611903096,-0.25598912686275277,0.7928788856720228,0.13966390777811702,0.10455383286767529,False,2026-08-07T16:39:48.178501+00:00
110176,423,21.872722,24,0.25,-184.59332009,-0.003153390952502377,34.475797379016875,5.527222141623497,0.0003,1916.6962708276303,985.9799013351098,0.18040988784250156,-0.16284580869531512,0.799648562077626,0.05552312568814184,-0.25598912529631007,0.7928788856720228,0.1559429681244697,0.10455383485011206,False,2026-08-07T16:39:50.791315+00:00
115184,446,11.235874,28,0.31,-159.55043049000002,-0.003877360613842029,53.50778119564056,5.521728512644768,0.0003,1875.5895569186507,1004.9192228903786,-0.04905973346505782,-0.17232136518342683,0.8027748437896957,0.18405989608042542,0.11601413620181594,0.8028808696256955,0.3707858334402497,0.37678310633970663,False,2026-08-07T16:39:53.461397+00:00
120192,464,-476.458719,600,0.31,-155.26764081,-0.003877360613842029,53.50778119564056,5.521728512644768,0.0003,4327.947528277849,434.3416799112631,-0.023398259143909056,-0.2159719276134802,0.7645892113776953,0.1840598936162282,0.11601413622604559,0.8028808696256955,0.3933444836548389,0.3767831062065328,False,2026-08-07T16:39:54.618556+00:00
125200,482,-10.825592,16,0.29,-166.93113454000002,-0.003514517312578391,38.442925369739534,5.495775398612023,0.0003,1891.3888698845226,991.2292653569779,0.1480192267146489,-0.19235829625456524,0.79974192365668,0.1466187206456631,0.08339475850218309,0.8028928736405934,0.2757746128829277,0.3436553779645118,False,2026-08-07T16:39:57.266319+00:00
130208,504,-639.87203,600,0.3,-164.31324912,-0.003514517312578391,38.442925369739534,5.495775398612023,0.0003,4353.458190472499,429.49579809725094,0.1804107699241,-0.1628458070745311,0.7996485562884763,0.1466187196140818,0.08339476075376297,0.8028928736405934,0.24856959891273256,0.3436553802545519,False,2026-08-07T16:39:58.416717+00:00
135216,529,23.258108,27,0.27,-171.75626128,-0.002764657877560239,41.15347248017788,5.481953595578671,0.0003,1989.2508323240324,937.430297727402,0.24378393788501912,-0.1675632355149148,0.7987846056681698,0.05087281033253712,-0.09056896038959088,0.7928787740051224,0.20779244544322661,0.20153317520493355,False,2026-08-07T16:40:00.934214+00:00
140224,554,-22.685024,18,0.26,-175.68676653999995,-0.003736782044870779,57.00581136345863,5.477326613664627,0.0003,2062.7968354127684,901.5798202094179,0.2624223656206405,-0.20067960428785256,0.798272707188071,0.05087281153129577,-0.09056895822740108,0.7928787740051224,0.23855117422983418,0.20153317637359924,False,2026-08-07T16:40:03.361973+00:00
145232,575,21.466515,23,0.3,-149.28402236999997,-0.003736782044870779,57.00581136345863,5.477326613664627,0.0003,5189.048030330317,357.4389732295332,0.14333485185837147,-0.19503124618588755,0.8006505075534314,0.29478464657092596,-0.062467899470452906,0.7928788334544529,0.20142115114647757,0.23913559268930362,False,2026-08-07T16:40:04.327120+00:00
150240,595,-9.283734,14,0.3,-148.82094319,-0.005100961471907794,37.44765053987503,5.476229180395603,0.0003,2003.1205304965317,923.4391899230762,0.16515608201361176,-0.16556163637881363,0.799426158683082,0.2947846489250305,-0.06246789868044291,0.7928788334544529,0.16575509518496878,0.2391355946687224,False,2026-08-07T16:40:06.827223+00:00
155248,615,-19.163052,11,0.28,-153.45042008000001,-0.005100961471907794,37.44765053987503,5.476229180395603,0.0003,4410.7690065043125,418.23817961893906,0.1218832093941263,-0.17349913031421105,0.8388463228703451,0.14941671022157116,0.038085833632683856,0.8029040965787526,0.21637498530795968,0.2982736499173641,False,2026-08-07T16:40:07.962607+00:00
160256,634,18.032125,30,0.32,-154.66487273,-0.006024377049470786,30.31077778339386,5.465546330809593,0.0003,1961.5407179577785,937.9076269777439,0.15741626028136932,-0.16324924594096463,0.8001984135121837,0.14941670775431412,0.03808583377938879,0.8029040965787526,0.20151210357566837,0.2982736501515194,False,2026-08-07T16:40:10.515724+00:00
165264,655,-187.445256,419,0.34,-163.24093122000002,-0.002861586397921201,48.32571549415589,5.446783059835434,0.0003,1868.347681326925,982.0099429764306,0.17812707333300767,-0.16286775854214572,0.7994725101806336,0.267972387961259,-0.0370518803403487,0.7928949848548232,0.15474197752307087,0.24771738054046757,False,2026-08-07T16:40:13.196135+00:00
170272,674,-365.741172,600,0.35,-167.78097089000002,-0.002861586397921201,48.32571549415589,5.446783059835434,0.0003,4350.03940639206,420.62331603510313,0.17319487640630873,-0.17003690448583236,0.7995984220967304,0.26797239000756445,-0.0370518789429822,0.7928949848548232,0.16344029544125557,0.24771738269003302,False,2026-08-07T16:40:14.347415+00:00
175280,688,-9.724451,17,0.35,-157.29361149,-0.004030937813513447,47.705138981342316,5.438971249759197,0.0003,2017.4643729348197,904.4620685645947,0.2437383032730695,-0.14354541411325228,0.7959841892557638,0.2995483126712252,-0.24162693583831163,0.7928779023921453,0.1128910584191884,0.1407526236205761,False,2026-08-07T16:40:16.829726+00:00
180288,716,-216.329776,600,0.38,-163.90967192999997,-0.0029602722599520346,40.7923264503479,5.43359135389328,0.0003,1984.7742635077325,916.8357497663162,0.2608176090533306,-0.19774952377574798,0.7982132474198024,0.2995483151234131,-0.24162693600468654,0.7928779023921455,0.05876870598506893,0.14075262603006486,False,2026-08-07T16:40:19.352931+00:00
185296,722,-389.334635,600,0.37,-170.56483434999998,-0.0029602722599520346,40.7923264503479,5.43359135389328,0.0003,5439.058915894917,333.64301215726346,0.14061002569223094,-0.16754881820734702,0.8026151039668199,0.2842187671230111,-0.09453919601452265,0.7928951859869613,0.16139501960595565,0.20689992692381845,False,2026-08-07T16:40:20.273679+00:00
190304,749,-0.498211,18,0.35,-166.66922137,-0.0019387238084163983,15.343438214063644,5.376389139890671,0.0003,1971.7055790762838,917.8327734142828,0.14307687116465365,-0.18818628803771956,0.8012652035353168,0.2842187661227041,-0.09453919828251851,0.7928951859869613,0.16959029785258295,0.2068999245095048,False,2026-08-07T16:40:22.813614+00:00
195312,770,-274.006517,600,0.33,-154.56131891,-0.0019387238084163983,15.343438214063644,5.376389139890671,0.0003,4401.611277808058,410.00621956301194,0.11218184413570695,-0.13676402970174723,0.8543428186624166,0.1557693384717514,0.08925892494813877,0.8028821446549589,0.2358695543313315,0.34928454754382743,False,2026-08-07T16:40:23.951383+00:00
200320,794,18.911184,30,0.38,-144.84223874,-0.0038260496250586582,38.35363077819348,5.337269684672355,0.0003,341.1189945020193,5275.812924540462,0.20177505060025488,-0.16280262968572518,0.8344829201185874,0.15576933639939217,0.08925892358028671,0.8028821446549589,0.25816692542598996,0.3492845462011769,False,2026-08-07T16:40:38.632472+00:00
205328,817,-305.910597,600,0.41,-140.50153405,-0.0032850685427547434,47.3246457695961,5.316269938647747,0.0003,1934.307310200739,927.8112069037014,0.14911487699170373,-0.16338370765099622,0.8008861537535641,0.15648883335261263,0.017658448806173486,0.802895996996359,0.1812034136459231,0.2776806483798902,False,2026-08-07T16:40:41.221511+00:00
210336,841,-383.429357,600,0.44,-118.34578201000001,-0.0032850685427547434,47.3246457695961,5.316269938647747,0.0003,5154.7940597742945,347.18438394381974,0.15489835463878415,-0.16312893441726942,0.8008337381467158,0.15648883100123437,0.017658448010679877,0.802895996996359,0.18080613975131493,0.2776806476141925,False,2026-08-07T16:40:42.193037+00:00
215344,860,-11.65166,21,0.44,-122.91030563999999,-0.0028807583468733354,39.54340695738792,5.310450074076653,0.0003,2078.5204382995794,858.6184514307747,0.24559874443963528,-0.14362755610305883,0.7957662127053744,0.2810271109612784,-0.016195573406291068,0.7928808858105626,0.13229665332014687,0.27219140327042074,False,2026-08-07T16:40:44.602454+00:00
220352,877,14.170432,39,0.41,-134.39812379,-0.0028807583468733354,39.54340695738792,5.310450074076653,0.0003,5281.838569178764,336.9372192449844,0.24527452667479527,-0.1254007907620725,0.7957495823047085,0.28561779099130186,0.004287453225731757,0.7928808858105626,0.13584862540315704,0.29262208964136277,False,2026-08-07T16:40:45.550592+00:00
225360,908,30.515766,32,0.36,-127.90037027999998,-0.0026159012486459687,28.23031761944294,5.30945411324501,0.0003,2018.9703174448318,878.9827094862636,0.25620433090195405,0.0144738749200886,0.8025660186558167,0.17930664805259286,-0.0175296039978946,0.8028971470983226,0.08329217212019488,0.24323782517619355,False,2026-08-07T16:40:48.031076+00:00
230368,931,-327.436126,600,0.38,-123.62814086000002,-0.003032256387814414,36.22176360487938,5.304200403392315,0.0003,1902.0455390013938,930.3836126495094,0.1734790661574906,-0.14353421016464082,0.8392453364792194,0.17727814729292893,-0.1459746877698605,0.8492893949762204,0.011012359397803881,0.11532695349768392,True,2026-08-07T16:40:50.664022+00:00
235376,950,-421.695318,600,0.37,-128.55465965,-0.003032256387814414,36.22176360487938,5.304200403392315,0.0003,4421.493546389417,399.10134018876687,0.14601406139804746,-0.16355365920937337,0.8010886240515868,0.14735750020588198,-0.0553382559705057,0.8028809611144251,0.10823858276108363,0.20505185263790845,False,2026-08-07T16:40:51.796684+00:00
240384,972,-362.411374,600,0.32,-136.23331643,-0.003434034500969574,24.086671590805054,5.304504826664925,0.0003,1919.4394280794397,916.7343205826731,0.1476689211116008,-0.2904202609539507,0.8041678861205479,0.10969716370359024,-0.3727603383134635,0.8379849278405171,0.09677466099611769,0.12347173456313855,False,2026-08-07T16:40:54.405775+00:00
245392,994,-396.528883,600,0.3,-126.63086839000002,-0.003434034500969574,24.086671590805054,5.304504826664925,0.0003,4488.457500088679,390.91558736277085,0.14026191882411515,-0.07814492814563959,0.8026891359832627,0.17363243101701978,0.12043562904666266,0.8029078472396634,0.20136503324419486,0.38067980117621647,False,2026-08-07T16:40:55.521522+00:00
250400,1009,12.654135,27,0.3,-146.32787563999997,-0.0024871609741239807,33.85206917524338,5.295668953657151,0.0003,1997.9658422768264,875.6906464457893,0.024050867560047373,-0.12949713703768814,0.8569704539854945,0.1736324314505287,0.12043563148672934,0.8029078472396634,0.2962495544070178,0.38067980363024234,False,2026-08-07T16:40:58.028072+00:00
255408,1033,-1.523661,42,0.27,-153.5363486,-0.00450852879876038,24.083592307567596,5.263958740234375,0.0003,1978.1115907134465,881.9482218244204,0.179463084811316,-0.17447217064486273,0.7998719094986328,0.11918785650893615,-0.14617944519399587,0.8379278692363341,0.07669313875373522,0.12091629233764066,False,2026-08-07T16:41:00.559775+00:00
260416,1053,-12.123281,19,0.32,-140.84560454,-0.00450852879876038,24.083592307567596,5.263958740234375,0.0003,5160.954484989919,337.0663324118422,0.16400263445012456,-0.1631200719327163,0.7996254938105749,0.11746799936977062,-0.14597821294023425,0.8379249304076583,0.06265909698865642,0.12169609279640986,False,2026-08-07T16:41:01.530152+00:00
265424,1078,-349.512042,600,0.36,-130.06432096,-0.003547557927959133,30.297955760359763,5.239379473030567,0.0003,2006.8461282338126,864.3293452331433,0.14353006426328702,0.006067481037854424,0.8000994862498837,0.17329579122607006,0.10721817821058391,0.8028793457700871,0.1054760146151922,0.36745879833340145,False,2026-08-07T16:41:04.025635+00:00
270432,1097,-368.781825,600,0.37,-128.07385544000002,-0.0019343319727340713,29.09463407099247,5.202847272157669,0.0003,1997.995489425833,865.6516038967778,0.17459491354948686,0.09161619561886085,0.8068493419404871,0.14415655835685595,0.12696151026597027,0.8028793457700878,0.046813946681826715,0.3872857150353216,False,2026-08-07T16:41:06.532115+00:00
275440,1130,-10.168477,14,0.35,-106.35401911999999,-0.0019343319727340713,29.09463407099247,5.202847272157669,0.0003,4347.635412580963,396.66619583821523,0.159580032683816,-0.16320135700845706,0.8000230339043184,0.28370359611692353,-0.06486230630713843,0.7929022465851561,0.15851792802145104,0.2310439334672694,False,2026-08-07T16:41:07.684009+00:00
280448,1150,20.033857,28,0.31,-102.47598088000001,-0.002283049386460334,29.582049563527107,5.167602175474167,0.0003,1880.455589848172,914.4337198300103,0.14562280374834297,-0.16345976881510602,0.801169456534629,0.28370359683684765,-0.0648623086843923,0.7929022465851561,0.16987086661498724,0.2310439318449172,False,2026-08-07T16:41:10.347193+00:00
285456,1172,-274.884198,600,0.3,-102.9824489,-0.002283049386460334,29.582049563527107,5.167602175474167,0.0003,4405.314888611258,389.1989661017165,0.0896478233678517,-0.09561451263807277,0.8993351690530579,0.17567685777089956,0.04159831587746207,0.8028928336292174,0.18849265007304378,0.30200547678757483,False,2026-08-07T16:41:11.484011+00:00
290464,1190,-438.685262,600,0.3,-105.64529788,-0.002576789572776761,25.456080317497253,5.160787685215473,0.0003,1918.4289663207082,891.1124831891289,0.1550195797417138,-0.033801587784576,0.7994722163615541,0.17567685540182434,0.04159831517107016,0.8028928336292174,0.07825323652035417,0.30200547595915855,False,2026-08-07T16:41:14.094475+00:00
295472,1232,-308.083033,600,0.38,-88.48483375000002,-0.0027225452351558486,39.28895717859268,5.152860954403877,0.0003,1878.8853952846002,907.2016868499902,0.17403892062622617,-0.3550767155660389,0.8138109018267473,0.2507167890116928,-0.2255339990504154,0.7928959640837313,0.15198106962112215,0.09704350070998446,False,2026-08-07T16:41:16.759885+00:00
300480,1249,19.077085,64,0.44,-82.95110894,-0.0027225452351558486,39.28895717859268,5.152860954403877,0.0003,5272.048386716242,322.3642643876731,0.17403892062623683,-0.3550767155660397,0.8138109018267625,0.2507167870509932,-0.22553400057514092,0.7928959640837313,0.1519810673322861,0.09704349833558988,False,2026-08-07T16:41:17.709807+00:00
305488,1276,-0.085863,55,0.44,-85.46001374000001,-0.0020146871538599953,26.01594773232937,5.129134079813957,0.0003,2040.529149640055,830.4277350308415,0.18218198149678808,-0.07835216471697608,0.7994341515988342,0.06468280650475466,-0.13857775849580442,0.7928804373295821,0.13219731253147296,0.1543655664573976,False,2026-08-07T16:41:20.164061+00:00
310496,1296,34.693554,25,0.4,-84.76894129,-0.0020146871538599953,26.01594773232937,5.129134079813957,0.0003,5268.5362355118905,320.67806397764065,0.18218198199398478,-0.07835216822078864,0.7994341510936976,0.06468280882502414,-0.13857775938639455,0.7928804373295821,0.1321973096955383,0.15436556432415618,False,2026-08-07T16:41:21.114617+00:00
315504,1325,-20.503165,13,0.4,-94.29719137000001,-0.0021300058804627044,25.124919399619102,5.111084865033627,0.0003,1985.06311986932,848.5856107743784,0.14557541463908952,-0.3004742322112498,0.8052953053974201,0.11377385005843811,-0.35105354379501236,0.8378769303271827,0.0680526895363321,0.10211564412982957,False,2026-08-07T16:41:23.637455+00:00
320512,1377,10.293734,35,0.4,-71.50777253999999,-0.001981643584440462,45.77371284365654,5.098525004088879,0.0003,1849.9769101153086,907.8426821528913,0.17359263653257612,-0.3117952911541003,0.8075539039817,0.11314270079328459,-0.35105153342037254,0.8378688370651591,0.07819362157879207,0.10240111438431161,False,2026-08-07T16:41:26.344512+00:00
325520,1402,28.436716,39,0.43,-52.92283942999998,-0.001981643584440462,45.77371284365654,5.098525004088879,0.0003,4526.2523715603675,369.9484391372425,0.14576800053212208,0.02087922549636701,0.801012835371407,0.183984289192875,0.11953670909321067,0.8028946318579416,0.10581741324886089,0.38029378075034553,False,2026-08-07T16:41:27.450948+00:00
330528,1431,-6.843742,31,0.39,-58.90292286,-0.0029971309675602244,28.257224208116533,5.109619133174419,0.0003,1901.1426032012214,878.141385706088,0.17403009450963544,0.0681884939757127,0.8054122746678684,0.18319563680688286,0.11996618425321642,0.8028946318579429,0.05264289981938785,0.3806735330211782,False,2026-08-07T16:41:30.085161+00:00
335536,1445,-363.073024,600,0.39,-62.709480439999986,-0.0029971309675602244,28.257224208116533,5.109619133174419,0.0003,4478.124833603235,371.6877179282923,0.18212652718590933,-0.0782575202689173,0.8118286875793178,0.1852422838790091,-0.07426203520894671,0.796223912394451,0.016406731825847554,0.18744536393347008,False,2026-08-07T16:41:31.203495+00:00
340544,1473,-11.383621,20,0.35,-95.73651613,-0.0022247538669034838,15.896837963163852,5.105042225122451,0.0003,1966.0515377922345,844.0551878225308,0.18215421551969654,-0.07827406018968605,0.8100958316567662,0.18385694766224303,-0.0784496214473576,0.7969546006886375,0.013252247728674586,0.1831111517749991,True,2026-08-07T16:41:33.750733+00:00
345552,1496,29.648591,38,0.42,-106.55209843000003,-0.0010248817823594436,37.13210954070091,5.090920178592205,0.0003,2045.058344757742,808.9979458243703,0.14584562298278983,-0.25897045110390016,0.8019775650408372,0.14406728816164388,-0.2570350644566407,0.8154798990537774,0.013755770425806488,0.016206237974939423,False,2026-08-07T16:41:36.199551+00:00
350560,1514,4.653291,49,0.39,-114.96340043999999,-0.0010248817823594436,37.13210954070091,5.090920178592205,0.0003,5398.021931233479,305.5637826249241,0.1804107708098983,-0.16284580706306975,0.7996485564334758,0.22446968989200042,-0.15758893040438227,0.7928798377394641,0.04488472630691354,0.12101391692895971,False,2026-08-07T16:41:37.127303+00:00
355568,1541,-30.355347,39,0.37,-124.3336496,-0.003385765194252599,23.361343279480934,5.082910014688968,0.0003,2036.712317949786,807.3953230937068,0.14595509553020913,-0.22095637752788558,0.7997664204223822,0.14616466887720872,-0.22152801091891397,0.8096509616310158,0.009903274237679506,0.040884108540268804,True,2026-08-07T16:41:39.586172+00:00
360576,1558,-305.831984,600,0.36,-124.50005792999998,-0.003881154954433441,20.948142278194428,5.066531305015087,0.0003,2027.7857731324598,808.4798807259947,0.15011470986100794,-0.16305517907485545,0.8012996595835129,0.26037112789036937,-0.10698293677892368,0.7929020036143835,0.1239802189808311,0.18299886598224524,False,2026-08-07T16:41:42.055852+00:00
365584,1575,-2.226434,22,0.37,-133.00239345000003,-0.003881154954433441,20.948142278194428,5.066531305015087,0.0003,4529.767276240425,360.8167705596826,0.15710345751440338,-0.16430815050457778,0.8135019475812262,0.2603711254840094,-0.1069829373962443,0.7929020036143835,0.11989474132435378,0.18299886414622482,False,2026-08-07T16:41:43.161439+00:00
370592,1595,-18.783841,38,0.34,-132.13715773,-0.002088133453798946,16.083326311409472,5.053517976403237,0.0003,1862.0879381099303,875.0435286390896,0.18037052072922305,-0.05799182194363742,0.7996180773424147,0.1870524364935374,-0.08880044763557952,0.8031588606383614,0.03172312345366456,0.17332374635350697,False,2026-08-07T16:41:45.850890+00:00
375600,1626,11.94468,45,0.37,-116.32440106999998,-0.002088133453798946,16.083326311409472,5.053517976403237,0.0003,4284.695853355198,379.11675778059913,0.17371907282194937,0.08494480100505,0.8069429961339457,0.18684998354754126,-0.08689669577422676,0.8028927318138441,0.17239003878672438,0.17517327293392632,False,2026-08-07T16:41:47.019703+00:00
380608,1652,30.20724,35,0.42,-102.74570815000001,-0.003991888416203437,31.579033654928207,5.047275310754776,0.0003,1879.866901062253,861.4397110162071,0.07418023282224415,-0.036900204019438776,0.7955962176112779,0.14612277879378158,0.03212687572644311,0.8028904597133811,0.09996836313031843,0.29245630236002623,False,2026-08-07T16:41:49.683725+00:00
385616,1677,-7.682427,12,0.42,-89.77005943,-0.001184477552305907,26.05846722126007,5.040778596699238,0.0003,2053.8581627494714,786.0250670079605,0.08018279543615493,-0.03493696509074263,0.8017907964372392,0.14612277710285854,0.032126877544246354,0.8028904597133811,0.09405769203258535,0.29245630425601715,False,2026-08-07T16:41:52.122056+00:00
390624,1713,-23.9525,17,0.42,-78.52992723,-0.001184477552305907,26.05846722126007,5.040778596699238,0.0003,4869.927701826547,330.4722571951894,0.0770163235099495,-0.16979710171502033,0.8044469683198723,0.1760897116380456,0.037846537080506136,0.802900474555865,0.23007348523980234,0.2982808047317909,False,2026-08-07T16:41:53.150413+00:00
395632,1731,30.604303,30,0.45,-77.97415183999999,-0.00146967954133288,31.504493844509124,5.0433692410588264,0.0003,2100.5771823624546,763.774839349448,0.14573616700209605,0.030889352262549928,0.8012948712869846,0.18285626670725208,0.05181320529794219,0.8029004745558651,0.042641381190393665,0.3126497783878468,False,2026-08-07T16:41:55.534520+00:00
400640,1760,-279.702547,600,0.43,-86.19144492000001,-0.00146967954133288,31.504493844509124,5.0433692410588264,0.0003,247.32132039280867,6466.7291823438945,0.1529840031547268,-0.23662228023204257,0.8003531416407857,0.15217248778821177,-0.23502240275690833,0.810953849512063,0.010751426533148539,0.026175376052003433,False,2026-08-07T16:42:15.783488+00:00
405648,1779,-10.773731,15,0.41,-91.14422215999998,-0.0033205055340658875,24.24522291123867,5.032871909439564,0.0003,1918.4859123534984,831.0470198053903,0.1613149573291599,-0.026421075126356417,0.7994567807624593,0.25903176819486085,-0.07040941045410781,0.7929006843023123,0.10736168390754973,0.21389689749072943,False,2026-08-07T16:42:18.393878+00:00
410656,1808,12.687816,52,0.42,-97.88668044,-0.002671645040391013,15.282515855133534,5.006475575268269,0.0003,1999.4294846887365,794.8987509541618,0.14650296262452614,-0.35024492707102967,0.8106249031206075,0.15769131672882328,-0.2952833004148796,0.8028851700054302,0.05662034211259536,0.03535875148549866,False,2026-08-07T16:42:20.898586+00:00
415664,1838,-2.592674,25,0.41,-79.22239112,-0.002671645040391013,15.282515855133534,5.006475575268269,0.0003,4243.073932447997,373.3934466435125,0.08274082453346068,-0.011552553347248404,0.7957898382550753,0.17610669373304355,-0.002828401312591304,0.8028812304247838,0.09404033285256932,0.2576754872983607,False,2026-08-07T16:42:22.078879+00:00
420672,1866,-317.453678,600,0.44,-71.44239985,-0.0005580221957643516,19.4370710760355,4.9952642425894735,0.0003,1905.8185492966054,828.6874952407691,0.08509197260110388,-0.03213973259668708,0.8073528131147234,0.17610669590130665,-0.0028284001051784003,0.8028812304247838,0.09572266775217464,0.2576754886389456,False,2026-08-07T16:42:24.706612+00:00
425680,1894,-12.069858,17,0.47,-65.89593208000001,-0.0005580221957643516,19.4370710760355,4.9952642425894735,0.0003,4227.00845217581,372.4430688539633,0.10590104734328643,-0.1387512202238961,0.8397724772010511,0.042077922406886896,-0.08981916370246698,0.792899872973773,0.09308479177132346,0.2070437959147869,False,2026-08-07T16:42:25.891384+00:00
430688,1916,10.173474,28,0.48,-69.99402998,-0.002134888823638903,14.421043831110001,4.971244186162949,0.0003,1882.4202140296582,833.6672058151172,0.030349286695987104,-0.10425744891024166,0.802958610011717,-0.00040267666963529213,-0.0931951593038832,0.8001618571445888,0.032800599518535006,0.23141493807107713,True,2026-08-07T16:42:28.551781+00:00
435696,1955,15.587132,48,0.5,-67.05449032,-0.002824114533723332,20.01797452121973,4.9487121000885965,0.0003,1883.9576290865166,830.3286527513314,0.08272358366431881,-0.0419970445303852,0.8363674739946846,0.15310872269071601,0.11843865633067739,0.8029078952215003,0.17836262309751041,0.3785013953849074,False,2026-08-07T16:42:31.210012+00:00
440704,1989,-257.541522,600,0.45,-59.47710482,-0.002824114533723332,20.01797452121973,4.9487121000885965,0.0003,5129.800072092912,303.96818162229494,0.15055582656495597,0.014389057196225845,0.8008509341959618,0.15310872404812478,0.11843865840536562,0.8029078952215003,0.10410123863816981,0.37850139743453776,False,2026-08-07T16:42:32.186287+00:00
445712,2028,-11.549885,16,0.41,-52.97056421,-0.0033388094831025227,21.890978786349297,4.941979353129864,0.0003,1956.7320549768494,794.3284805125703,0.08355839652262052,-0.03548840202955744,0.8096377270225595,0.17942438592912077,0.04761312709485259,0.8028835310463867,0.12705027048765752,0.3082257982872254,False,2026-08-07T16:42:34.745654+00:00
450720,2058,-1.693309,23,0.44,-49.186267580000006,-0.0018542990408604964,26.338993373513222,4.923848210275173,0.0003,1858.9045088429734,833.43710913064,0.14408065923837426,0.004217893300197553,0.7995710067429147,0.17417758267830022,0.06993797691838363,0.8028835310463863,0.07235970569724026,0.33024244497580246,False,2026-08-07T16:42:37.439699+00:00
455728,2085,27.556085,47,0.43,-66.39707589000001,-0.0018542990408604964,26.338993373513222,4.923848210275173,0.0003,4534.069495242536,340.5929268663303,0.14732143955136426,-0.31274891547198846,0.8072473586333262,0.13574018016809974,-0.3521963546423893,0.8024750322034556,0.04138841777065376,0.09533470861979637,False,2026-08-07T16:42:38.544229+00:00
460736,2115,19.900525,60,0.41,-72.15484936000001,-0.0018193657000665554,21.76138953566551,4.923925268650055,0.0003,1870.2266257892343,823.0360849185492,0.14623255086141318,-0.355061404991419,0.8114786542478372,0.13154548479280298,-0.37759409803365,0.8388980099732674,0.038409025421595994,0.12098773213852838,False,2026-08-07T16:42:41.221977+00:00
465744,2139,-343.50413,600,0.44,-78.72658691,-0.0018193657000665554,21.76138953566551,4.923925268650055,0.0003,4349.551189615118,352.7389225038096,0.14460555173797554,-0.23379367077909635,0.8003050378942518,0.2532326284938653,-0.3362524238080418,0.8180547225343668,0.15037516145161722,0.12044399176578434,False,2026-08-07T16:42:42.373370+00:00
470752,2162,20.498218,36,0.4,-84.52899632,-0.0009214758159941993,24.738056272268295,4.924901497364044,0.0003,1914.3106753450872,798.850479023906,0.07805439796873136,-0.037464336149744495,0.7996558484245175,0.17705861948793938,0.017169283685005955,0.8028912639528346,0.11312442799198291,0.2776937311451118,False,2026-08-07T16:42:44.989450+00:00
475760,2207,-0.40292,16,0.36,-75.92237409,-0.0035601033931015992,28.41704181432724,4.880110935866833,0.0003,1868.075344223123,815.9413937524486,0.14326339176327926,-0.00352013482567895,0.7998587361404608,0.17705862195428254,0.017169283791210042,0.8028912639528346,0.03974123615717801,0.27769373140262177,False,2026-08-07T16:42:47.670284+00:00
480768,2234,-278.999622,600,0.39,-64.65856747999999,-0.0035601033931015992,28.41704181432724,4.880110935866833,0.0003,5190.375127009919,292.7017725740378,0.1284237397806787,-0.06600051820361733,0.8356228975516481,0.28171875873115626,-0.07957028188193999,0.7928957794255169,0.1597157097616799,0.21764728210390322,False,2026-08-07T16:42:48.635150+00:00
485776,2260,12.707837,56,0.46,-54.22502379,-0.002337909570633201,24.23702939748764,4.852201196551323,0.0003,2034.0048413113877,744.4544719095809,0.1489484175882743,0.012889867952132122,0.8011124528818324,0.28171875708939104,-0.07957028372449895,0.7928957794255169,0.16200110006415125,0.21764727965826725,False,2026-08-07T16:42:51.097288+00:00
490784,2295,26.904503,45,0.48,-60.61680680000001,-0.002337909570633201,24.23702939748764,4.852201196551323,0.0003,5084.141439563315,296.8477604213995,0.03507197362885929,-0.06855227871796918,0.8568177077049026,0.14885622492027686,-0.00919597868872651,0.8028987322141011,0.1392023064215805,0.2510514704775361,False,2026-08-07T16:42:52.082313+00:00
495792,2319,-279.948968,600,0.49,-69.65419367,-0.0016107676972751505,21.094043439626695,4.846328411996365,0.0003,2063.633206879552,728.9124806605208,0.1440152682371378,-0.008850344879581562,0.799865161513958,0.14860440437262148,0.05149844420152685,0.8028987322137692,0.06059900218004307,0.3117068179229875,False,2026-08-07T16:42:54.509104+00:00
500800,2356,-224.489174,600,0.46,-66.93734896,-0.001122380128072109,21.78269718885422,4.832632945477963,0.0003,1948.4053726264533,769.4497362112465,0.18719511574116499,-0.20444713341442816,0.8318436684288757,0.18601403900200775,-0.20434834463707316,0.8369344613515097,0.00522693735063377,0.06143156330284917,True,2026-08-07T16:42:57.079404+00:00
505808,2382,-255.773608,600,0.5,-58.07271595000001,-0.001122380128072109,21.78269718885422,4.832632945477963,0.0003,4486.490261755503,333.0425149335648,0.15375398857050002,-0.058671769957737256,0.8005541407655825,0.12884211392613523,-0.12001679031400474,0.833265185896934,0.07385002027347543,0.14340890090432062,False,2026-08-07T16:42:58.195647+00:00
510816,2396,-5.353003,38,0.47,-71.35086718,-0.0008733559778193011,22.495928353071214,4.822832283377648,0.0003,1956.0882723960372,761.3071562337418,0.14474399160432122,-0.07680795949089109,0.801923449685279,0.12890065632159037,-0.12000027855648517,0.833263945458496,0.05566699537837608,0.1434123118197653,False,2026-08-07T16:43:00.755861+00:00
515824,2429,-21.884691,16,0.43,-85.33880522999998,-0.0008733559778193011,22.495928353071214,4.822832283377648,0.0003,4437.2374332938025,334.48198846963265,0.12684897851752167,-0.018402380974865434,0.838194642401344,0.13560508932964557,0.016431954374101866,0.8028997499412958,0.05035702363647872,0.277506282930135,False,2026-08-07T16:43:01.884493+00:00
520832,2451,-247.897835,600,0.45,-79.98899553999999,-0.0020438676961930468,27.06719117760658,4.8041572093963625,0.0003,1921.6511111824695,769.7380608750608,0.14381759888395834,-0.009830852122853298,0.8029711655301731,0.1360127172920044,0.028116020212357352,0.8028548169960046,0.03874138399270991,0.2891128340885628,False,2026-08-07T16:43:04.490586+00:00
525840,2490,-21.132765,16,0.43,-79.48910746,-0.0008962028805399314,23.062808826565742,4.7622889339923855,0.0003,2149.267223929113,685.8895830110239,0.08967277966194546,-0.02793031129845129,0.8222572725237014,0.1607578789059406,0.08987071415756989,0.8028889845730413,0.13894352633771204,0.3498715350032981,False,2026-08-07T16:43:06.820680+00:00
530848,2508,23.060455,55,0.48,-71.48327453,-0.0008962028805399314,23.062808826565742,4.7622889339923855,0.0003,5296.325775453224,277.390791708669,0.12367250114985626,-0.02138694516966306,0.8395253239033764,0.1607578813135531,0.08987071472675176,0.8028889845730413,0.12286502214641762,0.34987153557769396,False,2026-08-07T16:43:07.766248+00:00
535856,2537,1.330246,16,0.47,-77.9635527,-0.0022951803577598183,18.647642838954926,4.730072259902954,0.0003,2027.8916838392424,722.0030594671878,0.16052563795082136,-0.10300841473554286,0.88001664079633,0.16004699267244105,-0.0464952811689187,0.8028836774586546,0.09562142751534718,0.21350472400265608,False,2026-08-07T16:43:10.235810+00:00
540864,2559,-15.58588,29,0.46,-70.01499617,-0.002360587652947288,20.36676116883755,4.707654771208763,0.0003,2083.741657821171,700.2480343584054,0.1685755065597609,-0.07794750266702391,0.8004469376614034,0.17658107848944876,-0.03669008045939316,0.8028832856214146,0.04209750420775987,0.2239246577067956,False,2026-08-07T16:43:12.639173+00:00
545872,2584,-10.54433,13,0.44,-83.05168634,-0.002360587652947288,20.36676116883755,4.707654771208763,0.0003,4500.488170432165,323.1045044298751,0.14689302979177324,-0.3247479473144357,0.8080944304932703,0.13709735837995976,-0.3004573581139877,0.8107350030728955,0.026324143398435727,0.04649009376995756,True,2026-08-07T16:43:13.751946+00:00
550880,2614,-248.455518,600,0.43,-76.67133365,-0.0012665064219618215,25.9896291911602,4.680627717077732,0.0003,1874.2109075386911,773.1893962259871,0.14403392275848662,0.01855398835158431,0.8008806462663953,0.16471854116854207,0.06669936709065086,0.8028919911773154,0.05243926430689556,0.32673344041923696,False,2026-08-07T16:43:16.424008+00:00
555888,2640,-226.459728,600,0.44,-73.77080252,-0.0012665064219618215,25.9896291911602,4.680627717077732,0.0003,4400.061341309067,328.2026971856626,0.18888065547883867,-0.19208390326057564,0.832284813388089,0.1853936304014097,-0.19101538548404087,0.8425017974444174,0.01084840252464199,0.07350995514131999,True,2026-08-07T16:43:17.562173+00:00
560896,2667,-291.667108,600,0.4,-80.35654387000001,-0.0020066249213414266,21.245049124956132,4.6691604688763615,0.0003,1900.4717669882393,757.2351376103898,0.17708592250224164,-0.008482459405917634,0.801016882840526,0.043540822891513876,-0.1269447540924946,0.7928797399374861,0.17870036929752856,0.17682318398980512,False,2026-08-07T16:43:20.197307+00:00
565904,2699,18.820941,33,0.4,-71.96407115,-0.0016358696171664632,18.152679127454757,4.651250691711903,0.0003,1924.6692734442763,745.1129499426283,0.14700363589643808,-0.2603145980530247,0.8023000272615962,0.14610104699925866,-0.25935897899879146,0.8093735556218172,0.007194628409930301,0.013913727122550852,True,2026-08-07T16:43:22.799309+00:00
570912,2716,-230.733481,600,0.4,-80.65893541,-0.0016358696171664632,18.152679127454757,4.651250691711903,0.0003,5226.309062494791,273.44115759541813,0.15941245824810982,-0.09785748939615374,0.8653009012078516,0.25521528469736626,-0.206337810458563,0.7928983396741772,0.16182797202618357,0.10929584176162248,False,2026-08-07T16:43:23.757550+00:00
575920,2742,-22.327787,44,0.38,-81.13967546000002,-0.0021873197889362927,20.143036076426505,4.632982544600964,0.0003,2020.6987342707366,704.7463215806614,0.08486423715902272,-0.2149901985091881,0.8015673174025082,0.16340931069493073,0.04697648794230698,0.8028868083803665,0.2734915253597043,0.3069954194264271,False,2026-08-07T16:43:26.235888+00:00
580928,2771,32.200553,36,0.43,-68.14137431,-0.0021873197889362927,20.143036076426505,4.632982544600964,0.0003,4806.483806291494,295.2411902735409,0.04734085597924309,-0.058424013623136165,0.8312100091512051,0.1634093092564141,0.046976485932170325,0.8028868083803665,0.15932154548135735,0.3069954174004391,False,2026-08-07T16:43:27.277829+00:00
585936,2789,-20.066713,12,0.39,-87.39506342,-0.0026224929861200508,19.661184322834014,4.6212620988488196,0.0003,2078.8407257360163,680.2175763125617,0.14604736459340703,-0.27113323775727466,0.8024582105629957,0.05329455258544929,-0.44432719517748726,0.6764414235821926,0.23340835808347368,0.2129848994411081,False,2026-08-07T16:43:29.686872+00:00
590944,2817,-18.515379,36,0.39,-80.79711527,-0.0038547744959942067,13.754743021726608,4.601682002842426,0.0003,1884.0279245943032,747.8954964552444,0.11995761714850178,-0.02403623801083226,0.8396934096384466,0.15798380860230912,0.0735746826217188,0.8028798790243813,0.11103656649720631,0.3335807756959812,False,2026-08-07T16:43:32.344989+00:00
595952,2847,21.038267,66,0.42,-77.22035958000001,-0.0038547744959942067,13.754743021726608,4.601682002842426,0.0003,4307.86457458937,325.92668030513363,0.08661115970711344,-0.039704422854037046,0.8269626600639125,0.1579838075185731,0.07357468484569024,0.8028798790243813,0.13603746336749695,0.33358077792646224,False,2026-08-07T16:43:33.507517+00:00
600960,2868,-226.660315,600,0.39,-82.83432270999998,-0.0024067151971394196,12.39925425797701,4.5574375376105305,0.0003,356.94534296565183,3919.4796278225344,0.14628849446143968,-0.3075495215915162,0.8065708921649215,0.14356769152485818,-0.3030255935612837,0.8136245118971664,0.008810348731437876,0.04605673092093051,True,2026-08-07T16:43:47.537683+00:00
605968,2902,28.283336,48,0.46,-68.43897604,-0.0024067151971394196,12.39925425797701,4.5574375376105305,0.0003,4348.710128494044,320.5621802349822,0.14909579140246204,-0.027000307393739535,0.80075756946846,0.04192923931030409,-0.09866392536591857,0.7929041601228767,0.12915889464737967,0.19992506973408147,False,2026-08-07T16:43:48.689284+00:00
610976,2925,-253.775617,600,0.45,-70.60059777000001,-0.0037989885575370865,19.45757526308298,4.529830905795097,0.0003,1930.4404643885314,719.5373416708682,0.14788620775517813,-0.009325078856153468,0.7992293197032306,0.041929237504344165,-0.09866392518804898,0.7929041601245251,0.1387383027586335,0.19992507094417405,False,2026-08-07T16:43:51.283526+00:00
615984,2953,20.143939,68,0.47,-74.59802007,-0.0029259846683999057,15.780417436361313,4.51733980923891,0.0003,2038.0984237467655,679.0722096019659,0.16013312328259838,-0.3479694286426923,0.8108155884917286,0.203759537266734,-0.33009497452168635,0.8379190916307507,0.0543816144450136,0.08263293868061657,False,2026-08-07T16:43:53.740703+00:00
620992,2985,-27.545572,22,0.52,-57.261579409999996,-0.0029259846683999057,15.780417436361313,4.51733980923891,0.0003,4862.594162685318,283.59512512523906,0.1707044337163565,-0.35748086692341396,0.8139386066862189,0.20353750098954224,-0.3300942108530352,0.8379179076935347,0.04902087426884809,0.08251492221122278,False,2026-08-07T16:43:54.770627+00:00
626000,3011,31.809418,35,0.54,-60.06651062000001,-0.003323610515508335,18.560897013545038,4.502913765609264,0.0003,2028.851257187884,677.2305239884618,0.14604812730659053,-0.27008606143059893,0.8028028539415244,0.14343671969056754,-0.2668277560145071,0.8175959405583632,0.015371122781854625,0.01791537068560042,True,2026-08-07T16:43:57.239001+00:00
631008,3035,-290.818445,600,0.49,-72.1627541,-0.0028030279660015366,13.236952157318592,4.499184927344322,0.0003,1958.0636028634144,699.156042734274,0.1437526298182768,0.010594003546868869,0.8002443666268805,0.16508306933207917,0.0808043218529015,0.8028804594611105,0.07342632655878327,0.3408422265322341,False,2026-08-07T16:43:59.796626+00:00
636016,3063,-15.761864,68,0.49,-64.09505875999999,-0.0028030279660015366,13.236952157318592,4.499184927344322,0.0003,4384.090105098821,311.12134269632094,0.15060429689360394,0.04910742308634149,0.803152414204838,0.1690570742054267,0.08397718945552944,0.8028824098113239,0.03945223060276807,0.3440964072158961,False,2026-08-07T16:44:00.938951+00:00
641024,3098,24.317064,55,0.51,-66.3583498,-0.0025248519734304862,14.86395817399025,4.50778595507145,0.0003,1858.9263888113294,731.0542301080478,0.1433372046354703,-0.039903387043501076,0.8016983058839662,0.17945243650749537,-0.06914103050301353,0.8028812480637981,0.046481707374369664,0.19184770919541821,False,2026-08-07T16:44:03.632975+00:00
646032,3114,-293.765259,600,0.47,-68.60528006999999,-0.0025248519734304862,14.86395817399025,4.50778595507145,0.0003,4619.303944944162,293.11082711539706,0.14248870896013818,-0.03359033895842335,0.8016513774511626,0.18001597872472028,-0.06959769997542155,0.8028812480637996,0.0520224817277683,0.1914514958389149,False,2026-08-07T16:44:04.717123+00:00
651040,3136,-10.162649,50,0.47,-70.3985311,-0.0015670420252718031,9.852759259939194,4.498731011152268,0.0003,1931.2734289162418,698.4821412662347,0.1443344028218098,0.015223757249767097,0.8003822968060192,0.13830215664493525,-0.04807376353386115,0.8029039279563949,0.06363428914469628,0.2130340961183508,False,2026-08-07T16:44:07.310252+00:00
656048,3160,23.1704,57,0.46,-72.54181563,-0.0038226573771680704,11.92990310192108,4.493547682464123,0.0003,2061.695610984102,651.867323595114,0.14396489964908088,0.019667107201788422,0.8009653361236057,0.13712057070934616,-0.057845399288273355,0.8029039279563942,0.07783824021200193,0.20344520361410257,False,2026-08-07T16:44:09.739295+00:00
661056,3180,-244.007544,600,0.41,-90.61885334,-0.0038226573771680704,11.92990310192108,4.493547682464123,0.0003,5408.358435013803,247.5693902481859,0.14568430300899032,0.0286591534931091,0.8014909829437744,0.13622796693628575,0.06913143715644568,0.8029059507485337,0.04158641810416016,0.3299888065990264,False,2026-08-07T16:44:10.665276+00:00
666064,3195,-11.546722,17,0.38,-97.80682494999999,-0.0019614779113908297,8.092546131461859,4.487251545488834,0.0003,2091.8378213494175,637.6861467871803,0.14339305642704817,-0.0033886201359897483,0.7997488555347005,0.13829428360840587,0.0856428082217743,0.8029059507485342,0.0892331775174963,0.3463236766371981,False,2026-08-07T16:44:13.059339+00:00
671072,3220,27.68643,44,0.35,-102.37697505,-0.0019614779113908297,8.092546131461859,4.487251545488834,0.0003,5372.075849708239,247.37699860886644,0.14346194262800527,0.003988726873366483,0.7999976239158849,0.1815467092125922,0.03127440530881778,0.8029002616307932,0.04694020663769312,0.292070265288847,False,2026-08-07T16:44:13.991571+00:00
676080,3240,-232.635017,600,0.38,-93.33898342999998,-0.00366703619947657,17.358912870287895,4.476222911477089,0.0003,1967.2052852217469,672.9953451964041,0.14538343965902295,0.036925030942739266,0.8017174677467147,0.1869766554584653,0.07915000689733823,0.8029002616307938,0.05928189602465205,0.3402212032166562,False,2026-08-07T16:44:16.537316+00:00
681088,3263,-12.098912,19,0.39,-102.29849922,-0.00266600437607849,14.636530530452728,4.484027934074402,0.0003,1912.2462283455154,689.7187090498952,0.14355598844122305,0.007443118288474701,0.8002045947752771,0.03469036738016844,-0.09518965902533716,0.7928922017224193,0.1497954656200084,0.2070385290700786,False,2026-08-07T16:44:19.156221+00:00
686096,3286,-351.555567,600,0.4,-93.84644116,-0.00266600437607849,14.636530530452728,4.484027934074402,0.0003,4583.048656291115,286.687770202137,0.14446641402588675,-0.0026183551081904637,0.7996738119839145,0.034584191117703646,-0.09518962173564774,0.7928920445385557,0.14383857162089156,0.2071028389502171,False,2026-08-07T16:44:20.248950+00:00
691104,3312,19.711878,30,0.49,-77.30748926999999,-0.002892484431504272,14.007243126630783,4.467978002130986,0.0003,1939.0152045762259,675.0313235867899,0.0843614712911336,-0.013450152683557683,0.800410972846203,0.13572725961436588,0.06582645067072407,0.8028816931493363,0.09449512425662784,0.32672930980019255,False,2026-08-07T16:44:22.831705+00:00
696112,3342,20.199543,31,0.56,-70.30287660000002,-0.002892484431504272,14.007243126630783,4.467978002130986,0.0003,4659.422888432671,279.8389481317502,0.14354437872911163,-0.007929977723236205,0.7996627920319003,0.13335699361737186,0.07285305957905946,0.8028816931493363,0.08148646056617517,0.33391766808637974,False,2026-08-07T16:44:23.906518+00:00
701120,3367,-232.966842,600,0.57,-67.02140558,-0.0036578923631168437,15.059994761645793,4.441796641051769,0.0003,1987.3378908066481,653.5778369690282,0.08457616771276985,-0.24627150622281246,0.7968632218374518,0.18022770169068061,0.08339461214572591,0.8028793618334648,0.343314956698595,0.34398985387130343,False,2026-08-07T16:44:26.426474+00:00
706128,3381,25.210361,52,0.55,-71.82868868999999,-0.0018064399067952764,7.334873803704977,4.424657206237316,0.0003,2017.7577840458316,641.2424772836911,0.1401012451710689,-0.014251380600096425,0.8013230726821584,0.18022770405284155,0.08339461139053041,0.8028793618334648,0.10558074867203124,0.34398985325631737,False,2026-08-07T16:44:28.908432+00:00
711136,3399,20.321499,28,0.5,-79.14746576000002,-0.0018064399067952764,7.334873803704977,4.424657206237316,0.0003,5330.5485235536835,241.78825017819386,0.14608849789341563,-0.3426354272728615,0.8098715863928604,0.13511224851551704,-0.29013444794800375,0.8028956632508758,0.054087839522001954,0.03908305421898768,False,2026-08-07T16:44:29.847927+00:00
716144,3422,-0.410046,55,0.5,-77.29885280999999,-0.0017215587999089622,14.299172568321229,4.393261902034283,0.0003,1980.4156333201558,648.2760378171841,0.14530033445484952,0.023404561068419396,0.8008346305417193,0.16330520633828463,0.12043227686779402,0.8028850122074292,0.09870540567647855,0.38044663445975246,False,2026-08-07T16:44:32.376694+00:00
721152,3453,32.165493,32,0.41,-84.28526260999999,-0.0031264291537809186,14.963050465285779,4.39309132695198,0.0003,1849.8954473270007,691.3082584466416,0.1491972033654177,0.046965858883406264,0.8022434560665086,0.16330520616619276,0.12043227439026231,0.8028850122074292,0.07481150676690485,0.3804466319808192,False,2026-08-07T16:44:35.083867+00:00
726160,3475,26.320958,51,0.42,-76.63259416000001,-0.0031264291537809186,14.963050465285779,4.39309132695198,0.0003,4268.0557996790385,298.45907827535757,0.08357356925270731,-0.04582230958371411,0.8427851862741391,0.1479066061059404,-0.033070100487294356,0.8028813575779005,0.07677026776179054,0.22725190751393828,False,2026-08-07T16:44:36.257240+00:00
731168,3495,-228.620336,600,0.42,-85.7879458,-0.0013137942150933668,13.836916077136994,4.385735145211219,0.0003,1959.479217140219,647.5353190281902,0.15289190897029187,-0.08253476409977108,0.8361630588459672,0.14790660437166805,-0.03307010225634548,0.8028813575779005,0.05982706471591548,0.22725190583968455,False,2026-08-07T16:44:38.813026+00:00
736176,3519,29.923198,27,0.41,-90.31275689,-0.0013137942150933668,13.836916077136994,4.385735145211219,0.0003,4293.218625533124,294.3768091575026,0.18056749107761652,-0.06170834852901644,0.8107871174681572,0.17749361566274646,-0.06742979284583006,0.796674126373156,0.015535770105924085,0.19336315903593376,True,2026-08-07T16:44:39.979514+00:00
741184,3542,-13.013968,23,0.38,-93.00825014,-0.0025810657927650025,15.174671283364296,4.354587998986244,0.0003,2004.1510665614328,628.1043485208822,0.18209139676371922,-0.0782530286514176,0.8129730416639124,0.18229081931356364,-0.07858114535787629,0.7969759563744957,0.01600169265057029,0.18278315416178254,True,2026-08-07T16:44:42.478328+00:00
746192,3600,23.213592,60,0.48,-62.54275748,-0.003916240943362936,31.14967525601387,4.326997852325439,0.0003,1933.8095768208082,648.3616665407491,0.14308580934655007,-0.009678296708106054,0.800265129708255,0.13948458446386164,0.10663473032855371,0.8028824031090229,0.11639819242213688,0.36720826210437,False,2026-08-07T16:44:45.068029+00:00
751200,3621,-369.379351,600,0.52,-53.35707377,-0.003916240943362936,31.14967525601387,4.326997852325439,0.0003,5153.035013283033,242.34261882190884,0.14305141872945357,-0.01104881523080411,0.8003401556010807,0.13948458606391834,0.10663472843343362,0.8028824031090229,0.11776502777577101,0.36720826012281693,False,2026-08-07T16:44:46.039892+00:00
756208,3655,-357.789706,600,0.57,-47.20768105000001,-0.0025922541550244204,13.773605610430241,4.312409619987011,0.0003,1956.386513545309,635.7598518434044,0.14339894521482596,-0.0023632917832768353,0.8057006464673775,0.16550564315984925,-0.08204766001383496,0.8029014841717189,0.08274140404835487,0.17803748878580394,False,2026-08-07T16:44:48.599713+00:00
761216,3677,-15.778305,25,0.51,-52.13127790000001,-0.0025922541550244204,13.773605610430241,4.312409619987011,0.0003,4973.7778134540395,249.06299526470536,0.1433731588487788,-0.039443571657786974,0.8016537336044648,0.17661342220649948,-0.08269939292359878,0.8029014841717189,0.054566821997882264,0.17807726151047984,False,2026-08-07T16:44:49.606599+00:00
766224,3689,10.983942,41,0.46,-73.03874268999999,-0.0036339451544336043,17.265478745102882,4.303239122033119,0.0003,1905.2278734258343,647.5739816789048,0.14409925375234456,0.017011989245190352,0.8005447616988082,0.1499255078178189,0.1200113176493974,0.8028944106530223,0.10319073475056369,0.38014483678508654,False,2026-08-07T16:44:52.235185+00:00
771232,3726,27.502437,49,0.46,-74.5806361,-0.002574018627637997,18.822084607183932,4.297849813103676,0.0003,1854.8069203612044,662.4775800171751,0.14601339537725339,0.042371493431713245,0.8020059955033031,0.14992550602545004,0.12001131935787045,0.8028944106530223,0.07774340139874236,0.38014483854046033,False,2026-08-07T16:44:54.935160+00:00
776240,3736,-253.52285,600,0.43,-82.21929057999999,-0.002574018627637997,18.822084607183932,4.297849813103676,0.0003,4543.093469518232,269.3671191690829,0.08408083352946022,-0.023585847398834597,0.8102570473218476,0.14469602372130522,0.05946211869076142,0.8028884506026693,0.10307988247578728,0.31982848054594665,False,2026-08-07T16:44:56.037502+00:00
781248,3766,-7.145845,42,0.39,-95.83033856999998,-0.0034589653456350788,17.391527247428893,4.276285538077355,0.0003,1857.8321993860375,656.0075772197102,0.14680079819259254,0.003527260110365468,0.79984010285525,0.14464166290107464,0.05964251592820011,0.8028884506026699,0.056239454342101355,0.32001127559408576,False,2026-08-07T16:44:58.733116+00:00
786256,3780,-251.855617,600,0.38,-100.10785991,-0.0034589653456350788,17.391527247428893,4.276285538077355,0.0003,5026.384400149032,241.4745676761237,0.08368615408424687,-0.2697065299651685,0.7587401474236066,0.151715640494562,0.00017249847518233227,0.8002112722112564,0.2813939501913852,0.2603043595010159,False,2026-08-07T16:44:59.729457+00:00
791264,3804,17.331702,40,0.39,-95.81803155000001,-0.000356937205651775,12.90736862719059,4.25623481720686,0.0003,2024.5671443555113,597.0342862522259,0.1399672376274935,-0.050829166034733184,0.802962995985814,0.16638708655689174,-0.017526928856224196,0.8026909703409123,0.04251025072258897,0.24255717904151958,False,2026-08-07T16:45:02.203071+00:00
796272,3825,-255.276913,600,0.38,-106.92533866,-0.0031265058772987687,13.671501609683038,4.2445407316088675,0.0003,1945.3410134130347,618.7748017958559,0.08373940035353189,-0.20004901766534394,0.820979620338857,0.147615017719752,0.08795885350476883,0.8028946157627201,0.2955599697868014,0.3481791945513621,False,2026-08-07T16:45:04.777427+00:00
801280,3846,21.635001,59,0.42,-99.50913584,-0.0031265058772987687,13.671501609683038,4.2445407316088675,0.0003,256.86384326305756,4666.752567321729,0.14416268233238574,0.00929008995239251,0.7999721105666,0.14761502000419646,0.0879588544590851,0.8028946157627201,0.07879869403125288,0.34817919542381515,False,2026-08-07T16:45:24.274140+00:00
806288,3880,10.419571,50,0.49,-84.75818565,-0.0019272518205980305,9.51529465764761,4.214593356847763,0.0003,2000.3977384205189,596.7373273189837,0.1944305531789597,-0.17558624088185298,0.8645806496486884,0.19028898676382922,-0.17530987052740762,0.8733941450325514,0.009742004610198423,0.08994354200977346,True,2026-08-07T16:45:26.777651+00:00
811296,3888,-317.403216,600,0.5,-82.50060076,-0.0033980160485953094,8.241520009934902,4.185044707357884,0.0003,2118.827888538246,561.019612036574,0.09820889862341427,-0.04995396469729005,0.8580369648388487,0.059863893663386826,-0.11337621763549605,0.7929023291414454,0.09866733167860452,0.1775549868269853,False,2026-08-07T16:45:29.141212+00:00
816304,3911,-215.867252,600,0.44,-91.16049030999999,-0.0033980160485953094,8.241520009934902,4.185044707357884,0.0003,4970.051889476659,238.16572267712115,0.08036001414576219,-0.2667927066753765,0.7891201904236863,0.1445634271148351,0.07599866060428656,0.8028851252229378,0.3490235997011747,0.3363530700176729,False,2026-08-07T16:45:30.148858+00:00
821312,3927,-11.035841,16,0.49,-83.1866628,-0.001210231549339369,8.128972304612399,4.1647993415594105,0.0003,1856.9113173945696,634.757292369684,0.14980342395571183,0.02347707456970642,0.8199386133948956,0.14456342549184378,0.07599866208001341,0.8028902307550636,0.055467306488942644,0.33635307156633026,False,2026-08-07T16:45:32.845801+00:00
826320,3959,-293.235437,600,0.42,-88.98774411000001,-0.001210231549339369,8.128972304612399,4.1647993415594105,0.0003,4341.831779780923,270.3190863970369,0.08519515113409774,-0.26863407411520834,0.7899938103459019,0.15978119790043246,0.09219482668675703,0.8028843301290879,0.36868243723625505,0.352194894652483,False,2026-08-07T16:45:33.999233+00:00
831328,3973,-0.2233,23,0.4,-85.27423423,-0.002788772263738792,11.55835286527872,4.143994773924351,0.0003,1973.642678638459,592.1396069557142,0.14404567030627807,0.021332605319968174,0.8010603521711935,0.15978119641365576,0.09219482474973534,0.8028843301293781,0.07261121001594988,0.3521948927163854,False,2026-08-07T16:45:36.536691+00:00
836336,4005,21.094296,68,0.47,-74.51545996,-0.0026530800118052867,9.04013084024191,4.125344698131085,0.0003,1900.939410248421,612.1520726680756,0.11809682862993308,-0.02655659518131833,0.8409061663429253,0.14062969638285025,0.04681970048924952,0.802881089695546,0.0856604771732222,0.3074305405624714,False,2026-08-07T16:45:39.171175+00:00
841344,4016,-192.692015,600,0.46,-75.97134001,-0.0026530800118052867,9.04013084024191,4.125344698131085,0.0003,4821.428605006464,240.31383536341852,0.14366038831695246,0.009064152074882856,0.800262098016521,0.13832782088130102,0.05215740514776936,0.8028810896955462,0.043500848879928944,0.3129088188855367,False,2026-08-07T16:45:40.209864+00:00
846352,4043,-7.030116,47,0.43,-94.96077604000001,-0.0019121908087981864,10.90621371269226,4.114772678911686,0.0003,1976.1776120614804,583.7774868811281,0.14589837580334727,-0.33581137099567127,0.8092422760689504,0.13706615698830446,-0.29866034384673495,0.8098617273504696,0.03819149941162267,0.044950899230525664,False,2026-08-07T16:45:42.744050+00:00
851360,4050,20.765775,30,0.45,-92.77073971999998,-0.0019121908087981864,10.90621371269226,4.114772678911686,0.0003,5636.836693060369,203.77386512086034,0.1552275782529014,-0.0005973435940257628,0.8279481127217581,0.1575693542163126,0.08330290607668142,0.8028857845375702,0.08759484062136164,0.3433115106716064,False,2026-08-07T16:45:43.632487+00:00
856368,4085,-250.770832,600,0.42,-98.98657104,-0.0029579851601738484,7.266660796105862,4.109133081138134,0.0003,2078.708443494759,550.1646965349825,0.14540726017963193,-0.2887252411334989,0.8044202719069804,0.14728193999833197,-0.3624551382623902,0.8225561727293205,0.07595079363441364,0.10324148587932815,False,2026-08-07T16:45:46.041683+00:00
861376,4107,-10.661418,15,0.44,-85.59357179999999,-0.0033489785426354503,11.473767653107643,4.106363023817539,0.0003,1991.6996939023009,571.6845784964272,0.11920697065534919,-0.027158489712200105,0.8432174139705826,0.1638658197833465,0.02336903057078448,0.8028815302990135,0.07857751983201682,0.28339539877920306,False,2026-08-07T16:45:48.556120+00:00
866384,4127,7.069745,25,0.43,-81.71792879,-0.0033489785426354503,11.473767653107643,4.106363023817539,0.0003,4448.269264506008,254.84428495492418,0.14330659498904672,-0.0017480894968055832,0.7998421864724635,0.18417244316966716,0.035468231002128384,0.8028815302990141,0.05535620714876411,0.29645536348718315,False,2026-08-07T16:45:49.681955+00:00
871392,4154,24.414947,55,0.49,-63.86218891999999,-0.0026664697405067274,9.576413602381944,4.113629004359245,0.0003,1878.05972056752,600.9436162439779,0.07539106924726836,-0.08582101682625629,0.889162164324689,0.11913643851948176,-0.3526181791781806,0.8378398376970994,0.2751878710667866,0.10123219730477878,False,2026-08-07T16:45:52.348532+00:00
876400,4178,8.002227,54,0.52,-59.45387205,-0.0026664697405067274,9.576413602381944,4.113629004359245,0.0003,4396.073963446895,255.59169598661674,0.08445652431617404,-0.025562735063463904,0.8156383472612565,0.15182789449030853,0.07550701765358102,0.8028790661178365,0.12213433460219816,0.3356065288448094,False,2026-08-07T16:45:53.487735+00:00
881408,4199,23.767074,59,0.49,-71.0466692,-0.001508313900558278,15.361907489597797,4.103263899683952,0.0003,1957.8668575094623,571.3320064179052,0.10278636061905794,-0.0336767496129409,0.8386622405655255,0.1518278953963966,0.07550701996024352,0.8028790661178365,0.12492639130736503,0.3356065311287244,False,2026-08-07T16:45:56.045631+00:00
886416,4227,26.659527,51,0.53,-65.07742395,-0.002142054045543773,5.2221745129674675,4.088306051492691,0.0003,2012.7034561938872,553.2777302950716,0.14258266208321999,-0.031781297380784036,0.8019864990784501,0.15265301366343956,0.009748377167981322,0.8028794529336973,0.04274252233623094,0.2698484115072555,False,2026-08-07T16:45:58.533811+00:00
891424,4255,-207.488398,600,0.54,-65.88412527,-0.002142054045543773,5.2221745129674675,4.088306051492691,0.0003,4967.919588339372,223.1469290690681,0.08482211930657271,-0.02399440993614252,0.8077074634430229,0.1575263880828864,0.02121835578586652,0.8028794572045133,0.08575205260966542,0.2812292345877695,False,2026-08-07T16:45:59.541883+00:00
896432,4282,10.270438,44,0.58,-54.86358341000001,-0.003918831849296112,9.701478639245034,4.094313889741898,0.0003,2009.7178369982528,549.1158906408011,0.1900173275604426,-0.1911676250004883,0.8324846259777017,0.18816565223515078,-0.19091337691709304,0.8415200260513285,0.009226689443603261,0.07460740884678349,True,2026-08-07T16:46:02.033779+00:00
901440,4307,-13.80737,26,0.55,-54.18739518,-0.0020115361287025733,10.033873112499714,4.0818055614829065,0.0003,2009.7487953988255,546.6155782827553,0.10230277142937295,-0.033855725653719373,0.837501096742336,0.1757111291938029,-0.026800666536473162,0.802895777564948,0.08146219346535716,0.23372798015722798,False,2026-08-07T16:46:04.525625+00:00
906448,4338,15.171294,81,0.51,-55.319949470000005,-0.0020115361287025733,10.033873112499714,4.0818055614829065,0.0003,4198.301943683991,260.4748335562575,0.10376297282273489,-0.032225947001743034,0.8374566883487938,0.17571113024688456,-0.026800664297807374,0.802895777564948,0.08000267247634167,0.23372798246161822,False,2026-08-07T16:46:05.718506+00:00
911456,4353,-12.00251,20,0.49,-60.11985577,-0.0015616556716850027,8.187304306775331,4.041917517781258,0.0003,1915.1117906190764,568.3971062849124,0.1011110090029419,-0.03354181334864435,0.8371591686735294,0.13897758640012445,-0.06276352328035431,0.8028838628131477,0.0588437134019644,0.19835364786749846,False,2026-08-07T16:46:08.333482+00:00
916464,4371,-14.306438,26,0.45,-71.63264459000001,-0.0015616556716850027,8.187304306775331,4.041917517781258,0.0003,4445.198532169114,243.75424228156336,0.11225427745521796,-0.04889638229428628,0.8718654393154405,0.13897758630981305,-0.06276352081671725,0.8028838628131477,0.07526546793636532,0.19835365032683136,False,2026-08-07T16:46:09.460091+00:00
921472,4399,-253.658914,600,0.42,-69.68061536,-0.0017698386160191148,4.373634430393577,4.009151087701321,0.0003,1953.655278584861,552.0564512185776,0.144044847789203,-0.012613801328171262,0.8151783428667243,0.16156485021427616,0.08713418744069588,0.8028846581154576,0.10201836321551205,0.3471377145259577,False,2026-08-07T16:46:12.023500+00:00
926480,4427,-198.698531,600,0.44,-72.26238511,-0.0018083709655911662,10.616877713799477,4.0011628568172455,0.0003,1906.5855739378617,563.0589125788631,0.14378744240118446,0.01430758826199011,0.8005638379119228,0.16156484804817053,0.08713418864692192,0.8028846581154576,0.07500090720505438,0.347137715722407,False,2026-08-07T16:46:14.650179+00:00
931488,4448,-287.120953,600,0.45,-71.81548359,-0.0018083709655911662,10.616877713799477,4.0011628568172455,0.0003,5103.669218289756,209.3615307533703,0.14673350116926986,-0.30335838350175637,0.8063129367279579,0.13273692741063117,-0.2786137757820371,0.8192711407113918,0.031242834997165136,0.033011327993238096,False,2026-08-07T16:46:15.631438+00:00
936496,4468,-191.379035,600,0.51,-63.064470969999995,-0.0026778170009492896,5.346544911712408,3.9811146154999735,0.0003,2013.8462036712751,528.095938041949,0.14373332326026972,0.0014724311190451773,0.7996026297819927,0.18176354448343018,0.0588102402723006,0.8028873719726017,0.0688818671062017,0.3195522197872584,False,2026-08-07T16:46:18.118227+00:00
941504,4481,30.873152,41,0.52,-68.00075172,-0.0026778170009492896,5.346544911712408,3.9811146154999735,0.0003,5264.225182229763,201.07346539299328,0.14369147289793588,0.012313313650944797,0.8005072802183981,0.18176354305987338,0.05881023824854521,0.8028873719726017,0.06014242562624872,0.3195522176712487,False,2026-08-07T16:46:19.069550+00:00
946512,4516,-259.625904,600,0.54,-68.16891351000002,-0.001092978251108434,3.5905563361942767,3.94295384734869,0.0003,1966.8514310022442,535.6215438515234,0.13681887354960587,-0.008735321229611095,0.8368365037509131,0.14954143365195505,0.08092665817714395,0.8029046582875642,0.0967083461922695,0.34108703854865496,False,2026-08-07T16:46:21.615757+00:00
951520,4529,-246.785918,600,0.52,-76.68696578,-0.0022477656370028854,10.578980638086795,3.939779283851385,0.0003,1904.5258311450934,550.5202307335485,0.1440274413545879,-0.21649506655806405,0.799662552594998,0.14380096504090445,-0.21610926196057617,0.8074469057094142,0.007797197581055953,0.0467846729095259,True,2026-08-07T16:46:24.245279+00:00
956528,4562,13.144867,73,0.52,-76.98982621999998,-0.0022477656370028854,10.578980638086795,3.939779283851385,0.0003,4253.5453203978495,245.31818081167177,0.15220258766065642,-0.28619380523039817,0.8052186013967062,0.1278528789020055,-0.2890825087405004,0.829702093076066,0.03465103590679043,0.04335008315482688,False,2026-08-07T16:46:25.422655+00:00
961536,4576,23.040301,63,0.56,-71.1171694,-0.0014471490125288256,5.3912717148661615,3.9387656800448894,0.0003,1896.6046186154267,547.5384747075577,0.14291073262877915,-0.016199963164530894,0.8006943996286324,0.1785722242330759,0.05135734242426575,0.8029050392815235,0.07642393898207757,0.31191075998507195,False,2026-08-07T16:46:28.063174+00:00
966544,4596,-231.954149,600,0.53,-79.64512091,-0.0014471490125288256,5.3912717148661615,3.9387656800448894,0.0003,4308.511383721577,239.8638202290946,0.14363411071729634,-0.006803054204161564,0.8000226479210422,0.1785722255195821,0.051357340300939636,0.8029050392815235,0.06790884725042594,0.31191075794211615,False,2026-08-07T16:46:29.225523+00:00
971552,4615,21.940706,65,0.51,-85.68032108000003,-0.00017889708979055286,4.741996907442808,3.939194270968437,0.0003,2040.315285826712,504.06327254627456,0.1463000554761614,-0.300319603622641,0.8053527780547831,0.14322569449435577,-0.29494243615135024,0.8144986964959581,0.011045969834893648,0.038760175043307976,True,2026-08-07T16:46:31.680040+00:00
976560,4643,30.736602,42,0.49,-83.44136028999999,-0.00360793243162334,10.78425823226571,3.9389882534742355,0.0003,2015.4647082873446,507.7935603594247,0.12173282500835812,-0.03097032571183888,0.8507051826902206,0.1405928995545308,0.07652842995126295,0.8028784346561365,0.11915990394641236,0.3370875549663064,False,2026-08-07T16:46:34.164828+00:00
981568,4657,22.785413,67,0.48,-95.38462753,-0.00360793243162334,10.78425823226571,3.9389882534742355,0.0003,5419.437828393419,187.9220746226204,0.14396819818511244,0.01798088916497731,0.8033169177739277,0.14059289885705764,0.07652842756854346,0.8028784346561365,0.058646390904433396,0.33708755262769463,False,2026-08-07T16:46:35.088909+00:00
986576,4690,20.181161,63,0.52,-79.20978059,-0.0016507942826137878,5.304655502736568,3.92310843244195,0.0003,2024.5603145753657,500.56498327270486,0.12241576488101844,-0.02960159554241281,0.8494077370877949,0.18147076750361296,0.08304030142754248,0.8028787285701575,0.13542761506199186,0.34371156841266404,False,2026-08-07T16:46:37.562531+00:00
991584,4715,23.300317,54,0.61,-60.21875289999999,-0.0036337329584057443,11.03108940050006,3.9170381225645543,0.0003,2022.4195978648793,498.61858590799403,0.14304951546681696,-0.012521912327161776,0.8329111476659345,0.18147076877143958,0.08304030356129447,0.8028787285701575,0.10728595438245533,0.3437115706214466,False,2026-08-07T16:46:40.038767+00:00
996592,4733,-200.519068,600,0.57,-67.99648372,-0.0036337329584057443,11.03108940050006,3.9170381225645543,0.0003,4556.708844799763,220.20454546818715,0.09566681582567306,-0.05202271305314904,0.8629423854887762,0.16094804894003828,0.07115415575876965,0.8028807797708577,0.15179452193229973,0.33115551282304845,False,2026-08-07T16:46:41.137812+00:00
1001600,4750,-299.146479,600,0.54,-72.36901689,-0.0008440041667199694,7.107583671808243,3.9071879580616953,0.0003,373.03308426781297,2676.438209119315,0.14390668547134153,0.0061696967557815985,0.8187774885828794,0.16094805076348123,0.0711541540884058,0.8028807797708577,0.06903689721366399,0.3311555111579117,False,2026-08-07T16:46:54.562894+00:00
1006608,4777,5.334703,52,0.52,-72.81119073999999,-0.0008440041667199694,7.107583671808243,3.9071879580616953,0.0003,4362.188141411234,227.72791264308526,0.1512603426918965,-0.017212765261655567,0.8587383159633896,0.15329339490907173,0.09539759934456955,0.8029033627768423,0.12570906695783182,0.3554608729125174,False,2026-08-07T16:46:55.710948+00:00
1011616,4797,24.57947,54,0.49,-73.78311973000001,-0.0023477158014429734,6.289093203097582,3.8825238689780237,0.0003,1953.5755124711243,505.93590761678286,0.14408558005052802,0.01193599055055496,0.8227149410303018,0.15329339692334285,0.09539759790304057,0.8029033627768423,0.08627353259439842,0.3554608714332411,False,2026-08-07T16:46:58.274454+00:00
1016624,4813,12.375675,39,0.41,-91.1418137,-0.005118995393422665,8.30849066004157,3.873436777293682,0.0003,2063.290024074742,476.6058036077518,0.1552776884352024,-0.004489520711413182,0.8523280502474091,0.1492853480708245,0.07624605670881762,0.8028842104602322,0.09486218897601222,0.33641672731627476,False,2026-08-07T16:47:00.701639+00:00
1021632,4838,13.061602,91,0.43,-84.35009682,-0.005118995393422665,8.30849066004157,3.873436777293682,0.0003,5304.488541537243,184.44153330501277,0.14372798895890931,-0.009589936330298164,0.7997742870741806,0.14928534653256456,0.07624605865596117,0.8028842104602323,0.0860719111089658,0.3364167293114231,False,2026-08-07T16:47:01.645749+00:00
1026640,4856,19.194635,64,0.47,-76.89052605,-0.0027005027113773394,10.321321170032025,3.8785342425107956,0.0003,2075.2563465520584,469.0312122727355,0.15611461475200022,-0.2648743582723057,0.8457863622004681,0.1530002287986117,-0.26703649533071694,0.8531718654528269,0.008301800697235557,0.009925173218185479,True,2026-08-07T16:47:04.058942+00:00
1031648,4881,5.986393,48,0.48,-76.31631529999999,-0.0027005027113773394,10.321321170032025,3.8785342425107956,0.0003,5230.461830836931,185.13699771040163,0.11614731571048292,-0.11908645174549888,0.8644331221527578,0.17357970509511567,-0.0012928336739499366,0.8028864200660513,0.1447819475852008,0.2590633248820158,False,2026-08-07T16:47:05.016427+00:00
1036656,4896,11.260405,49,0.48,-78.06744058,-0.0008469689331832342,5.818744269013405,3.8801140166819095,0.0003,1907.4652806679237,505.03881237758236,0.1244222165218268,-0.0361401859700373,0.8452570140242271,0.17357970539061882,-0.0012928312157596568,0.8028864200660513,0.07366182238870077,0.2590633273523163,False,2026-08-07T16:47:07.641892+00:00
1041664,4916,19.664299,55,0.49,-81.45489557,-0.0016553431290958543,4.556550613045692,3.8652065277099608,0.0003,1915.9170717776337,500.19701484826425,0.08647091889735718,-0.26981071578126037,0.7579710707976444,0.165185873492671,-0.06456223464048133,0.80812390121696,0.22547347845502289,0.19550655593254224,False,2026-08-07T16:47:10.255782+00:00
1046672,4939,25.041446,45,0.53,-77.96403531,-0.0016553431290958543,4.556550613045692,3.8652065277099608,0.0003,4537.907309925981,210.08097673452698,0.0946022346452219,-0.0712953466315098,0.8395137169894746,0.16518606202302685,-0.06456230404303293,0.8029076264632912,0.07979609272018995,0.1955064915553307,False,2026-08-07T16:47:11.359382+00:00
1051680,4960,-279.046477,600,0.47,-89.07193769000001,-0.0035505820385878907,8.949793674051762,3.8179803416132927,0.0003,2034.9780960403564,466.0099299571004,0.17247965914552085,-0.28143054667828327,0.8048698390510897,0.13692541898236107,-0.29010897670029034,0.8231051721919506,0.04088944259811691,0.03793397905675345,False,2026-08-07T16:47:13.820337+00:00
1056688,4977,-213.302599,600,0.49,-82.09575601,-0.0035505820385878907,8.949793674051762,3.8179803416132927,0.0003,4695.944942839565,200.8779939889146,0.14351809695171072,0.00019615452187027402,0.8082688551312732,0.17946125610937108,0.03655914803691619,0.802884209559025,0.05141179237827551,0.29719702012930094,False,2026-08-07T16:47:14.886791+00:00
1061696,5006,-46.093185,154,0.49,-78.11558416,-0.003543283483304549,5.412134180217981,3.783060675114393,0.0003,1941.7515814750252,483.2255624003304,0.18718613810136475,-0.1895432844745929,0.832086171713585,0.18340739551737037,-0.1883648242588987,0.8422441252791016,0.010901911971542359,0.07536248780636876,True,2026-08-07T16:47:17.465907+00:00
1066704,5016,-243.895404,600,0.48,-77.32071479,-0.0014653862948762254,14.520479699969291,3.75078341960907,0.0003,1992.3705361644086,468.4349537695559,0.11956726627473988,-0.025941262116920757,0.8419914774064572,0.1521039250123423,0.08808254983352351,0.802877672178518,0.12485973575547339,0.3481720975305432,False,2026-08-07T16:47:19.979490+00:00
1071712,5039,17.607509,32,0.4,-93.27107889000001,-0.0014653862948762254,14.520479699969291,3.75078341960907,0.0003,4786.492961681303,193.93907134753826,0.14453518552115505,-0.0004618805416392257,0.798746498861009,0.15210392259383376,0.08808254931609903,0.802877672178518,0.08896329823408398,0.3481720970681004,False,2026-08-07T16:47:21.025801+00:00
1076720,5065,23.096374,22,0.48,-77.82882973,-0.0015726322824775707,8.415985459834337,3.707008544355631,0.0003,1987.3296176724398,464.583223532564,0.14392413925904832,-0.0169524675390196,0.8544548157025627,0.15114862166999798,0.10665213397641501,0.8028827090105058,0.134126704464668,0.366758959328603,False,2026-08-07T16:47:23.545737+00:00
1081728,5078,-237.784503,600,0.47,-89.23039781,0.0012519572745077312,3.4127976451069117,3.678252088278532,0.0003,1908.2986423645702,481.1993152508721,0.1565712598795711,0.029028246571558648,0.8130579234573229,0.15114862151929276,0.10665213644361672,0.8028827090105058,0.07847552659711482,0.36675896179872314,False,2026-08-07T16:47:26.170067+00:00
1086736,5100,28.476103,44,0.48,-94.22193933999999,0.0012519572745077312,3.4127976451069117,3.678252088278532,0.0003,4330.559235366762,210.88823645259623,0.08388799995126936,-0.2676238122493374,0.7899242300981906,0.14387078935810643,0.015815328648566693,0.8028809745451183,0.29000613587410506,0.2762865305320682,False,2026-08-07T16:47:27.326501+00:00
1091744,5116,26.049001,44,0.48,-88.64154598,-0.0020985262817703187,7.744951894879341,3.653415560722351,0.0003,1840.4161517958999,493.5057753724412,0.15247723382330358,-0.01682006172199766,0.8619385491504628,0.14387078790028265,0.015815326742649394,0.8028809862346612,0.06802157914381407,0.27628652871450704,False,2026-08-07T16:47:30.047621+00:00
1096752,5140,22.217461,69,0.49,-80.84220509000001,-0.0020985262817703187,7.744951894879341,3.653415560722351,0.0003,4308.687257489766,209.63415212600756,0.14616825334523048,-0.2699560124945721,0.8027631988446011,0.1449610415178682,-0.2685239686603027,0.810344799710194,0.007809531459988572,0.017286651322598788,True,2026-08-07T16:47:31.209932+00:00
1101760,5162,16.454373,41,0.47,-77.37125346,-0.001249580092553515,7.942491935938596,3.6257574155926706,0.0003,1941.2711803441468,462.70712154741864,0.08154851234504884,-0.07647947078649152,0.8962532569253906,0.24149904981101789,-0.20195661221080602,0.79288329745176,0.2280658588593431,0.10005563445476486,False,2026-08-07T16:47:33.789693+00:00
1106768,5185,7.350597,28,0.51,-73.89771363000001,-0.00182323867775267,6.076453080773353,3.605675468593836,0.0003,2056.529787609836,434.3394418021742,0.14549134153321672,-0.2691999882050048,0.824157785311264,0.14312707361654656,-0.27051670742580713,0.8347625592285756,0.010944621607233246,0.019882071819140635,True,2026-08-07T16:47:36.224863+00:00
1111776,5210,20.553131,61,0.54,-70.07840378,-0.00182323867775267,6.076453080773353,3.605675468593836,0.0003,4979.320527718396,178.38257148852364,0.12947220624056785,-0.022789459452051103,0.8430263881763764,0.15118919190854813,0.04587052165171469,0.8028817709442114,0.08244641147066241,0.30599739599335884,False,2026-08-07T16:47:37.230619+00:00
1116784,5234,-257.525612,600,0.59,-58.638035820000006,-0.0017697964613034856,9.19156760647893,3.601427103579044,0.0003,1961.487048628458,450.27878242559706,0.14434731900662973,0.015109336420525392,0.8106256976386428,0.15509346685498807,0.051468229905479175,0.8028817709442119,0.03869647567515304,0.31150687361269497,False,2026-08-07T16:47:39.783785+00:00
1121792,5261,-16.023657,33,0.61,-74.45944174,-0.0017697964613034856,9.19156760647893,3.601427103579044,0.0003,4276.097166100696,205.37606277100193,0.10320736023578407,-0.049892673551123964,0.8656760444000375,0.14849827704582552,-0.0760910604246883,0.8029018183362048,0.08172041408475744,0.1842682492634861,False,2026-08-07T16:47:40.954943+00:00
1126800,5281,-249.06499,600,0.61,-69.22601868,-0.00042238955793436614,5.405005446076393,3.5949174158275126,0.0003,1929.360615739871,452.58516882555176,0.11660144244337389,-0.03932105609167494,0.8600537467580525,0.148498275005323,-0.07609105903733213,0.8029018183362048,0.07507185868516016,0.18426825077550185,False,2026-08-07T16:47:43.550623+00:00
1131808,5299,-256.132605,600,0.56,-72.49208916,0.0003119007029454224,3.5055464692413807,3.5691873230040074,0.0003,1932.4304407544962,449.274644866919,0.08788560611520038,-0.04859136372019887,0.8470428348331507,0.15260134502994646,-0.07646946865754495,0.8028948624209368,0.08315262513167496,0.1836796015626389,False,2026-08-07T16:47:46.142179+00:00
1136816,5331,32.289266,27,0.56,-70.50621836,0.0003119007029454224,3.5055464692413807,3.5691873230040074,0.0003,4366.365660885193,197.68935243618756,0.08425994964406852,-0.04998809668524706,0.850924855525669,0.15260134426257346,-0.07646946630297498,0.8028948624209368,0.0876281312871247,0.18367960394620791,False,2026-08-07T16:47:47.289128+00:00
1141824,5344,9.294705,51,0.55,-67.34029282,-0.0016967220348306001,8.802181289345025,3.531259565800428,0.0003,1991.2756207676655,430.9679639773628,0.15637493876283143,0.03246977826909295,0.8204274022433153,0.1428968122693822,0.1138590927214555,0.8028972841898891,0.08433970263029167,0.37425010386245533,False,2026-08-07T16:47:49.804113+00:00
1146832,5362,-236.740937,600,0.49,-75.43530756,-0.0016967220348306001,8.802181289345025,3.531259565800428,0.0003,5228.467262269244,163.17745855593452,0.14443097131263974,0.030785181334527345,0.8016870906256771,0.14289681106437532,0.11385909488515267,0.8028972841898891,0.08309689120988212,0.3742501060789606,False,2026-08-07T16:47:50.761934+00:00
1151840,5371,29.594691,34,0.47,-85.61779625999999,-0.0021179679853958076,7.464065957814455,3.499635823071003,0.0003,2087.289888708741,406.3450911098395,0.15753393926290088,-0.0014858384078600302,0.851323138503762,0.159607461862312,0.07935690668871409,0.8028997854089659,0.09425852776095764,0.3393571337153857,False,2026-08-07T16:47:53.161217+00:00
1156848,5395,23.36564,55,0.47,-94.12076519000001,-0.001627944094070699,7.960915982723236,3.4674909450113773,0.0003,2054.6692113629406,410.35899858581377,0.14323195257267174,0.011725469555985305,0.8003903529554826,0.15960745938996668,0.07935690665796385,0.802899785408966,0.06963092530794596,0.33935713368749526,False,2026-08-07T16:47:55.598590+00:00
1161856,5407,-11.603185,19,0.47,-93.13740351,-0.001627944094070699,7.960915982723236,3.4674909450113773,0.0003,5735.000094741156,146.14542042790129,0.1294898907672114,-0.04280203920763869,0.8515969298441911,0.16473086208101703,-0.06284229336245802,0.8028885793159659,0.06337224358432231,0.19721445774233867,False,2026-08-07T16:47:56.471829+00:00
1166864,5432,25.236545,50,0.45,-102.21548671,0.0008181920711649582,4.303632260859013,3.4416428446769713,0.0003,1972.7149675989406,422.32963894121946,0.13375773759156523,-0.028542115514974882,0.8594048310137903,0.16473085993200465,-0.06284229458359933,0.8028885793159659,0.07300632368245484,0.19721445646999733,False,2026-08-07T16:47:59.010474+00:00
1171872,5450,24.863997,58,0.51,-91.06338218,-0.004397153688478284,14.927057998627424,3.4207454532384873,0.0003,1919.3741822471538,431.4572987693567,0.14579260965500976,-0.3307422485788809,0.8086177349505769,0.13936930500030748,-0.3668956662865848,0.8307598940588792,0.04287894197169764,0.10886831057301864,False,2026-08-07T16:48:01.619645+00:00
1176880,5472,-10.267511,15,0.53,-81.05996546,-0.004397153688478284,14.927057998627424,3.4207454532384873,0.0003,4450.940538781211,184.9316999021049,0.11850011058189663,-0.03417150094827469,0.8529724620185684,0.1425447345093976,-0.028012644769315077,0.8028901683909454,0.055895541720708854,0.23264311569499624,False,2026-08-07T16:48:02.744807+00:00
1181888,5489,-218.746585,600,0.53,-78.93146107000001,-0.003553774401370902,6.148757576197386,3.414519007503986,0.0003,1915.5868420762242,427.0816556211478,0.12016732817636037,-0.026384946004604774,0.8432354979063668,0.14254473310548355,-0.028012642733797933,0.8028901683909454,0.046164307226602044,0.2326431178301118,False,2026-08-07T16:48:05.359148+00:00
1186896,5506,-187.360246,600,0.51,-85.34738029,-0.003553774401370902,6.148757576197386,3.414519007503986,0.0003,4995.2804652764435,162.7744439280452,0.14195225229532984,-0.025777578103269062,0.8647277820526471,0.15238307303521395,0.037132054298473084,0.8028840936434479,0.08883167040129347,0.29722966754349683,False,2026-08-07T16:48:06.361696+00:00
1191904,5518,-229.316996,600,0.52,-85.30163882999999,-0.0008510059167747385,1.763441322930157,3.3998512156307696,0.0003,2096.328412509662,385.4815854127415,0.13589027925724367,-0.01876224570962311,0.8359341390341428,0.15646084454888884,0.038796730332691584,0.8028840936434484,0.06948733251308872,0.2988176897019558,False,2026-08-07T16:48:08.750631+00:00
1196912,5535,-201.466987,600,0.49,-93.87773281999998,-0.0020167047012364494,1.3892724682576953,3.3602894492447377,0.0003,2056.805468997476,390.4540376350903,0.08713821250726511,-0.03522399632368384,0.8299231245775621,0.16340377143259452,-0.022070077310761237,0.8028871428574718,0.08197807860129731,0.23795426823419766,False,2026-08-07T16:48:11.185476+00:00
1201920,5554,-184.513873,600,0.47,-93.76226953999999,-0.0020167047012364494,1.3892724682576953,3.3602894492447377,0.0003,256.4509289204542,3112.0183629654466,0.11806998951445402,-0.02537511229836855,0.8397239206995994,0.16340377370297596,-0.022070076342078925,0.8028871428574719,0.058506610338611396,0.23795426923525712,False,2026-08-07T16:48:30.713583+00:00
1206928,5584,26.236529,49,0.51,-84.06552396,-0.00416618817980634,3.8796263206750154,3.3482624650001527,0.0003,2054.857348796345,385.94990570248126,0.08506013723984944,-0.21570033670241825,0.8284850715452965,0.16070901367631626,-0.035760013927100064,0.8028961686113778,0.1968655993817788,0.22424110696829777,False,2026-08-07T16:48:33.150738+00:00
1211936,5596,13.424462,37,0.5,-78.07409602999999,-0.00416618817980634,3.8796263206750154,3.3482624650001527,0.0003,5235.397500477303,150.52610617019118,0.128178462276356,-0.032445915249162606,0.859241862533858,0.1607090161458172,-0.03576001401546526,0.8028961686113794,0.06514643051842808,0.2242411068877412,False,2026-08-07T16:48:34.107300+00:00
1216944,5617,23.005259,56,0.51,-74.30013486000001,-0.0052523517442750745,2.2490124356001617,3.3255723878741263,0.0003,2044.7225059049001,382.96443538848587,0.08448246971281693,-0.02869184338749694,0.8194151196634075,0.17540558562602562,-0.015249469768679988,0.802903657834125,0.09338275423018162,0.24523489579787192,False,2026-08-07T16:48:36.556539+00:00
1221952,5636,7.491888,51,0.55,-63.77630134,-0.0028086381673347203,6.5621118864044545,3.295355436205864,0.0003,1940.8813993072358,400.87354141150036,0.11945824241608229,-0.024939976041683257,0.840513845876947,0.17540558316679816,-0.015249469979663362,0.802903657834125,0.06810680648386906,0.24523489543281732,False,2026-08-07T16:48:39.136804+00:00
1226960,5657,28.494691,36,0.53,-68.76943624,-0.0028086381673347203,6.5621118864044545,3.295355436205864,0.0003,4408.071712493592,175.36919778528303,0.16537271400077705,-0.13102320576848825,0.8414631662622678,0.16955890937590004,-0.13299769089463784,0.8518539191228073,0.011374997505094072,0.12736152977469542,True,2026-08-07T16:48:40.272901+00:00
1231968,5675,33.508516,29,0.54,-65.13803537000001,0.0010776936600450427,2.5457664450630544,3.2796297185122967,0.0003,1924.063860557023,399.1717820517933,0.14279832269450007,-0.019294469423378514,0.8564725134804919,0.1367676762827292,0.07102246148566047,0.8028929621732066,0.10518690518910585,0.3318367232138867,False,2026-08-07T16:48:42.875734+00:00
1236976,5696,33.432043,33,0.55,-68.82830324,0.0010776936600450427,2.5457664450630544,3.2796297185122967,0.0003,4366.8612912641465,174.73053278024204,0.14752536516527026,-0.01017420833933512,0.8497549700980669,0.13676767504287426,0.07102245934546661,0.8028929621732066,0.0943645830099158,0.33183672116574825,False,2026-08-07T16:48:44.022567+00:00
1241984,5732,33.672392,31,0.63,-50.09225715,-0.0003506656597892288,2.438720104470849,3.276006143540144,0.0003,1906.4604621650399,397.6038397036421,0.12273900988932832,-0.03940955528060039,0.8652025864441864,0.18467124277350383,-0.07705176044404222,0.8029000738135189,0.0955726956807271,0.1846042485334866,False,2026-08-07T16:48:46.649436+00:00
1246992,5745,-205.920091,600,0.65,-49.07166360000001,-0.0012548661805340088,8.642334617301822,3.2737193897366526,0.0003,2073.316723695424,363.1900478079677,0.11017729483270766,-0.04849856211233241,0.8687162711903198,0.18467124523971915,-0.07705176064043864,0.8029000738135189,0.10342342882814197,0.18460424866844674,False,2026-08-07T16:48:49.064902+00:00
1252000,5765,17.978538,35,0.63,-55.4704572,-0.0012548661805340088,8.642334617301822,3.2737193897366526,0.0003,5110.4663176331505,146.3662909623533,0.1438303077208532,-0.004212143632629121,0.8296399051396822,0.1773811427692352,0.004951394736509862,0.802881379316453,0.043882202225034764,0.26552089502859544,False,2026-08-07T16:48:50.044815+00:00
1257008,5793,-10.139355,55,0.67,-48.264565020000006,-0.0015186121592705604,2.5581597093492747,3.252452726662159,0.0003,2007.874744237047,370.03901868506364,0.1376455855856686,-0.022145112436012408,0.8543704706640386,0.1773811441488742,0.004951392683948844,0.802881379316453,0.07045751721318347,0.2655208930707488,False,2026-08-07T16:48:52.538998+00:00
1262016,5807,11.420964,23,0.6,-59.44590306,0.00042185950733255597,3.0157923869788648,3.2161737948656084,0.0003,2078.7775655517744,355.0086417274353,0.11911543136106771,-0.026007767663979185,0.8416617166580898,0.18029856732017435,0.002292455602640554,0.8028893559429745,0.07776615406559634,0.26307672664322634,False,2026-08-07T16:48:54.948102+00:00
1267024,5823,27.015628,40,0.55,-71.80667034,0.00042185950733255597,3.0157923869788648,3.2161737948656084,0.0003,4765.372197276862,153.8129593358634,0.1166328576422506,-0.033284820576510894,0.8496583645083187,0.18330119136868803,0.002665818968362379,0.8028893559429745,0.08901941006168416,0.26369732265140794,False,2026-08-07T16:48:55.999023+00:00
1272032,5844,-184.040392,600,0.53,-78.42752652000001,-0.002738608636718709,5.867454278096557,3.19569037258625,0.0003,1887.7534736607872,385.6266245339244,0.1338791120853375,-0.01126358047311142,0.8368333723678179,0.15531502574236786,0.02170044895090981,0.8028992164347205,0.05193893115064232,0.28173940427802935,False,2026-08-07T16:48:58.651921+00:00
1277040,5851,-197.725728,600,0.51,-88.47664357,-0.002738608636718709,5.867454278096557,3.19569037258625,0.0003,4579.150112750681,157.8808255241321,0.09604814160909991,-0.03655371249417965,0.837845781343352,0.16427439007985842,0.027668311954581925,0.8028992164347212,0.1000027589799609,0.2877000662380067,False,2026-08-07T16:48:59.745565+00:00
1282048,5868,7.351716,27,0.49,-88.39366768000002,-0.00115190969518153,1.7778132712468504,3.177359716594219,0.0003,1921.5640929234182,373.6289633242086,0.12377051607070859,-0.02455328412933657,0.8436675095489394,0.1785173730526784,0.021098092238695174,0.8029033950117879,0.0821156473986411,0.2817073491497977,False,2026-08-07T16:49:02.351775+00:00
1287056,5877,14.034801,38,0.46,-97.00158281999998,-0.0011877729673869907,0.7219653089530766,3.1571976646780966,0.0003,2064.6411171059704,345.3113444719832,0.12285623289287921,-0.036754125625560616,0.8606138364630872,0.1785173705759031,0.021098092296185936,0.8029033950117879,0.09887131241739255,0.2817073490443591,False,2026-08-07T16:49:04.777381+00:00
1292064,5893,-202.365621,600,0.38,-113.81649163000003,-0.0011877729673869907,0.7219653089530766,3.1571976646780966,0.0003,5218.749276570371,135.6524259899371,0.15270869362781067,0.006927837477523223,0.8375568833198712,0.17814110167825786,0.11392850166206181,0.8028817725090323,0.11531831088305453,0.37436829984032494,False,2026-08-07T16:49:05.736997+00:00
1297072,5911,21.909482,51,0.44,-100.17020192000001,-0.001931124707334675,1.8804352471604944,3.1345272846519947,0.0003,2113.287337042028,332.62301234620065,0.14421096346261797,0.013725232286886482,0.8198458313519157,0.17814109941695064,0.11392850068967666,0.8028817725090323,0.10714349451509374,0.37436829875950395,False,2026-08-07T16:49:08.106767+00:00
1302080,5934,10.898904,26,0.43,-106.20206448,-0.001931124707334675,1.8804352471604944,3.1345272846519947,0.0003,4984.806996218869,140.00943276828852,0.13490103415889046,-0.022608681156496564,0.8523553337711249,0.17061936068147662,-0.015043932490217116,0.8028791513888119,0.06148916079347609,0.24518614526751017,False,2026-08-07T16:49:09.111414+00:00
1307088,5960,27.937667,43,0.47,-83.81329969000001,-0.0017643325758399443,2.0846053790301085,3.1284097827970982,0.0003,1963.9311537280946,352.8188850635919,0.12052295015228383,-0.025456344869485274,0.8418333617554551,0.17061936291815782,-0.015043931423860448,0.8028791513888119,0.06430784890711351,0.24518614642974004,False,2026-08-07T16:49:11.661406+00:00
1312096,5982,18.826868,28,0.51,-67.60357696999999,-0.0051781578331429046,4.395835117250681,3.1163963109254835,0.0003,1907.5872328240791,360.6147012116429,0.14427858302906055,0.02648546826535951,0.8015359729420672,0.14643285681760543,0.09585898674012265,0.8028841053622721,0.06942005057724117,0.35611751686464177,False,2026-08-07T16:49:14.286712+00:00
1317104,5995,-246.511271,600,0.52,-66.63026774,-0.0051781578331429046,4.395835117250681,3.1163963109254835,0.0003,4647.100264400374,146.9509933390937,0.14088902639531575,-0.00583261384160591,0.8375656669070003,0.14643285920842977,0.09585898608897453,0.8028841053622721,0.10758590191043509,0.3561175161228822,False,2026-08-07T16:49:15.364378+00:00
1322112,6024,-179.243283,600,0.59,-50.272668569999986,-0.0013282686348247807,2.0397283006459475,3.082462019473314,0.0003,1898.2078407770289,357.12000837722144,0.12718815486063179,-0.01957971641759859,0.8402899213512396,0.13722781175778878,0.0020069861085400724,0.802903869450257,0.04432265011602526,0.2629947401128384,False,2026-08-07T16:49:18.002662+00:00
1327120,6033,-189.573426,600,0.53,-59.84829000999999,-0.003094663111551199,4.461917550861836,3.0643883220851422,0.0003,2012.5863988158885,334.3359571523941,0.1449918110942114,-0.021501106928908623,0.8617929219075434,0.13722781090648092,0.002006988423207404,0.802903869450257,0.06388138027090745,0.26299474249252536,False,2026-08-07T16:49:20.490988+00:00
1332128,6056,27.655502,45,0.51,-67.22122868000001,-0.003094663111551199,4.461917550861836,3.0643883220851422,0.0003,5301.501661619258,125.97789128976889,0.14421127986701424,0.02490714390693824,0.801335328824324,0.13483481698769034,0.11681823536548816,0.8028979654096227,0.09240134534911806,0.3776576080790688,False,2026-08-07T16:49:21.435636+00:00
1337136,6070,-196.037261,600,0.48,-77.40365924000001,-0.001176683893572772,3.6755988873541354,3.0435365363955498,0.0003,2111.4154376339043,313.9429541837674,0.1441801682307418,0.024470789759875343,0.8012625144203468,0.13483481452038784,0.11681823514019138,0.8028979654096227,0.09283351229044608,0.37765760801868126,False,2026-08-07T16:49:23.807505+00:00
1342144,6085,23.206806,48,0.46,-83.32698266000001,-0.001176683893572772,3.6755988873541354,3.0435365363955498,0.0003,5519.839141341544,119.1802846341849,0.08330933408315723,-0.09458195428520022,0.9052103618855278,0.12836823636227812,-0.37730450629994233,0.8379104684466168,0.29409457959849705,0.12149450880227432,False,2026-08-07T16:49:24.714779+00:00
1347152,6104,-176.831127,600,0.45,-78.35009317,-0.001536187455349136,7.314034701883793,3.0203838273882866,0.0003,2027.5536305098972,321.98803039099846,0.07603252355155136,-0.07809013047450303,0.901112928982303,0.12847087921733522,-0.3770930751531906,0.8379058572080815,0.3100768872291663,0.1212636536896304,False,2026-08-07T16:49:27.184746+00:00
1352160,6121,-339.849215,600,0.42,-88.84950291,-0.0026271438036928885,5.471462659910321,3.0022717960178853,0.0003,1967.1691755750098,329.3260224101642,0.13212591554053563,-0.03474575913514044,0.868454786626256,0.15640323881940407,-0.024855641527073317,0.8028965032187848,0.07060517952121073,0.2351718648406618,False,2026-08-07T16:49:29.730537+00:00
1357168,6144,-169.853991,600,0.45,-84.06522111,-0.0026271438036928885,5.471462659910321,3.0022717960178853,0.0003,4453.220348929408,144.35216531662132,0.13036853993252676,-0.03489298590910498,0.8653097228907349,0.15640323739869638,-0.024855639501309125,0.8028965032187848,0.06836639368055165,0.2351718668879176,False,2026-08-07T16:49:30.855125+00:00
1362176,6156,-165.393276,600,0.43,-92.13048613,-0.002446581012918614,7.012076684087515,2.9763926438987256,0.0003,1899.6299358550466,335.7622387188311,0.14994138976720858,-0.01837316946012773,0.8632324253636151,0.1745662585875371,0.013854405774713953,0.8028808559465312,0.07271390995566708,0.27424152029089377,False,2026-08-07T16:49:33.491423+00:00
1367184,6178,3.300104,35,0.46,-85.24217488999999,-0.002446581012918614,7.012076684087515,2.9763926438987256,0.0003,4460.606103438126,141.86771602904835,0.13787715526278416,-0.03011705263112452,0.8639035475510498,0.1745662589233549,0.013854403324258965,0.8028808559465312,0.08368600932600691,0.2742415178617346,False,2026-08-07T16:49:34.614155+00:00
1372192,6190,-183.7156,600,0.44,-87.49916083,-0.0011336198454955592,1.6883623571135105,2.9342296279966833,0.0003,2047.9392989237851,306.55596107263534,0.1634450591108544,0.013212083647130715,0.8432909079824137,0.16592143079329147,0.08536013451788448,0.8028906290164662,0.0827263936218957,0.34541089423591004,False,2026-08-07T16:49:37.059535+00:00
1377200,6212,-170.662296,600,0.47,-81.47315164,-0.0036028390080900864,6.140616549551487,2.9044969365000726,0.0003,2033.0120529458147,306.34348630524295,0.1491622437186908,0.01812576407726317,0.8231533694381128,0.16592143323307118,0.08536013408759542,0.8028906290164662,0.07219355645249935,0.34541089384750967,False,2026-08-07T16:49:39.522875+00:00
1382208,6221,-196.598423,600,0.42,-95.52658253999999,-0.0036028390080900864,6.140616549551487,2.9044969365000726,0.0003,5630.573606655767,109.72097039451234,0.1445382982431334,0.012889426848442857,0.8001141748706737,0.1693861107421238,0.1088881055153129,0.8028851823349983,0.09920100087265903,0.3690074978446103,False,2026-08-07T16:49:40.412302+00:00
1387216,6241,32.404367,33,0.41,-98.86271853000002,-0.0024922737407905514,4.586591035686434,2.9045632742345333,0.0003,2031.8584635915565,301.58793586283065,0.14655921128442723,-0.3075780111379933,0.8093240556163918,0.14391821400139598,-0.30730937737172637,0.8220058068574432,0.012956613959259048,0.04996800004208003,True,2026-08-07T16:49:42.877067+00:00
1392224,6268,9.140779,27,0.5,-82.56497998,-0.0024922737407905514,4.586591035686434,2.9045632742345333,0.0003,5251.546939987819,115.7327558803863,0.14491803534838113,0.0009787728974214038,0.8346212540840785,0.15395897319849886,0.1038807406402113,0.8028979359357419,0.10805980953568467,0.3639308827424312,False,2026-08-07T16:49:43.830664+00:00
1397232,6291,3.416893,32,0.51,-78.70859676999999,-0.00041564823914086446,4.932610917836428,2.9026978157460688,0.0003,1914.852009220064,314.78568427098065,0.14441243355416924,0.020913780506159114,0.8033928733475301,0.15395897320142374,0.10388073816385046,0.8028979359357419,0.0835158514609732,0.36393088026636294,False,2026-08-07T16:49:46.446020+00:00
1402240,6302,33.151721,32,0.51,-79.62916551,0.0008835107248160057,2.066244826093316,2.8722556851804257,0.0003,370.01769212054654,1615.4903204067828,0.1453396254924368,-0.008217886759130773,0.8453741574530462,0.17060480282675558,0.028783779946441056,0.802886843210219,0.061746452499666316,0.28897843068843193,False,2026-08-07T16:49:59.980522+00:00
1407248,6326,10.75557,25,0.54,-64.86492808999999,0.0008835107248160057,2.066244826093316,2.8722556851804257,0.0003,4614.915589856845,128.44265262463603,0.1553163709330902,-0.012029522762286918,0.8611263637149307,0.17060480062794842,0.02878378107619555,0.802886843210219,0.07274134726113922,0.2889784317367346,False,2026-08-07T16:50:01.065691+00:00
1412256,6355,-223.74448,600,0.56,-59.82321957000001,-0.000730857716553146,4.037653473764658,2.846865338087082,0.0003,1950.1209416065951,301.38848697034695,0.1448863472363921,0.02295651595505589,0.8129805542543881,0.14443593809590338,0.10293668209073671,0.8028792825594293,0.08061678195847509,0.36327025095648424,False,2026-08-07T16:50:03.633736+00:00
1417264,6369,32.102028,35,0.53,-61.727578640000004,0.0010190087559749372,2.0154601911082866,2.809326392412186,0.0003,1971.917703777798,295.51740363383067,0.14460618788841473,0.021379565050766887,0.8137371504750577,0.1444359398974688,0.10293668039118961,0.8028792825594293,0.08227688218875744,0.3632702491813109,False,2026-08-07T16:50:06.173388+00:00
1422272,6386,24.237935,54,0.52,-68.43844155999999,0.0010190087559749372,2.0154601911082866,2.809326392412186,0.0003,5340.546524245818,108.17769255958045,0.13814009799472907,-0.007911515301796655,0.8373501283126977,0.14318405638114223,0.024010188845834033,0.8028816589387969,0.047249466588230045,0.2845075804403794,False,2026-08-07T16:50:07.111121+00:00
1427280,6406,-157.875406,600,0.57,-58.931976270000014,-0.0023274004634004086,4.014325392618775,2.778542400896549,0.0003,1961.7317899541383,291.94612787173577,0.12678350798797175,-0.024446343427092017,0.8464729651976146,0.1431840583979348,0.024010187422918407,0.8028816589387969,0.06721023297919587,0.28450757890074796,False,2026-08-07T16:50:09.663965+00:00
1432288,6427,-179.852773,600,0.56,-69.92018009999998,-0.0023274004634004086,4.014325392618775,2.778542400896549,0.0003,4851.864347850993,117.00904215334323,0.07668200541507333,-0.07153180442157082,0.8933329545113163,0.09053802407841113,-0.28780238508891287,0.7929070216226954,0.23885209086783785,0.07481937393191417,False,2026-08-07T16:50:10.696149+00:00
1437296,6443,18.399202,34,0.55,-72.76372711,-0.002658932053600438,6.285849147289992,2.7716865822672845,0.0003,1932.3278669944943,291.20523986191796,0.08526543138526772,-0.09921350448742038,0.9052488800994635,0.09053802533394194,-0.2878023865926624,0.7929070216224464,0.2195774575559217,0.07481937332506833,False,2026-08-07T16:50:13.287842+00:00
1442304,6472,13.275915,37,0.54,-72.35314331,-0.0003713903744937852,4.911129386350512,2.7729641251266,0.0003,1888.9331420755962,295.2439065086194,0.0677775676354179,-0.041565074059127356,0.8273212385384884,0.18119441089629823,0.057886966610730124,0.8028956068488449,0.1528093590461664,0.31859272840762165,False,2026-08-07T16:50:15.939074+00:00
1447312,6479,-167.821617,600,0.54,-73.37967992,-0.0003713903744937852,4.911129386350512,2.7729641251266,0.0003,4558.9489065289645,121.23145297998057,0.13920591649296452,-0.0105112591086464,0.8412707644580998,0.18119440855036242,0.057886967393091376,0.8028956068488449,0.08896068556037744,0.3185927290321862,False,2026-08-07T16:50:17.037574+00:00
1452320,6501,-1.893151,24,0.5,-78.70584458,-0.000844709984085057,2.2338556906208398,2.772093524038792,0.0003,1919.8531056632953,285.2718254247793,0.14574608710314046,-0.32373912162236446,0.8078308873180238,0.1467926602324393,-0.2671097681502122,0.8028911426355652,0.05685402419808831,0.014999420885006257,False,2026-08-07T16:50:19.646120+00:00
1457328,6514,-10.476041,23,0.46,-84.30617045,-0.000844709984085057,2.2338556906208398,2.772093524038792,0.0003,4796.990052304249,113.12760587012805,0.14356891597053198,-0.0006588090573445143,0.8350067458819909,0.14676323984236508,0.09564772264744324,0.8029034295816889,0.1015666021459844,0.3558939651690985,False,2026-08-07T16:50:20.690121+00:00
1462336,6532,-489.738213,600,0.45,-85.11923659,-0.0006083856671466493,3.9765917774289847,2.7699677921831607,0.0003,2009.385815250041,267.57628919217535,0.1437667156648796,0.014821981872450875,0.8006663968064636,0.14676323745184172,0.09564772330426506,0.8029034295816889,0.08091219893476914,0.35589396591437655,False,2026-08-07T16:50:23.182410+00:00
1467344,6549,8.123678,24,0.43,-92.37007840999999,-0.0009994394189561718,3.3036608144640924,2.7513795092701914,0.0003,1981.6178993849223,268.7985409121163,0.14437322015346746,0.0280109949748611,0.8014707984037841,0.16499271175468497,0.12181503411864164,0.8028957666215132,0.09605410833484496,0.3818476757159651,False,2026-08-07T16:50:25.709631+00:00
