global_step,episode_num,episode_reward,episode_length,success_rate,avg_reward_100,policy_loss,value_loss,entropy,learning_rate,fps,eta_seconds,ee_x,ee_y,ee_z,cube_x,cube_y,cube_z,ee_to_cube_dist,cube_to_goal_dist,is_grasped,timestamp
5008,33,-8.701081,13,0.6060606060606061,-3.3021810303030303,,,,,3649.4729578573806,546.6520845714849,0.1446485904069533,0.03658589435592982,0.8020873717693481,0.16206641311606965,0.09889121749913576,0.8029067489505952,0.06469934481021172,0.35889716641564373,False,2026-08-07T17:43:10.618987+00:00
10016,62,20.235022,25,0.5967741935483871,-15.086099241935482,-0.006823388968768995,22.95241247713566,1.1536170653998852,0.0003,1708.1911179743927,1164.9656640058888,0.12215318834869143,-0.061553887668758675,0.8760492025606742,0.17579248730401856,-0.0844249403903544,0.8028786480032115,0.09356382580495302,0.17628387394250838,False,2026-08-07T17:43:13.550731+00:00
15024,106,5.585319,74,0.62,-21.885834560000003,-0.006823388968768995,22.95241247713566,1.1536170653998852,0.0003,4676.907011706365,424.4206684100361,0.13304296237688573,-0.13771680974411205,0.8383594981226368,0.12346876529033254,-0.11039440608017596,0.8353746281651762,0.02910478380765235,0.15400118454582126,False,2026-08-07T17:43:14.621539+00:00
20032,122,-172.380493,600,0.62,-27.00043468,-0.006025932983175153,11.444429025053978,1.1440350528806449,0.0003,1942.1627222395382,1019.4655562726834,0.16068512551785016,-0.040557058739546195,0.8223063889144617,0.07750893488613894,-0.049135501820050165,0.792880883982563,0.0886438306606016,0.22642573267255056,False,2026-08-07T17:43:17.200103+00:00
25040,168,11.57775,100,0.65,-31.43647069,-0.004928838611522224,11.222972894459962,1.1280920147895812,0.0003,1750.1456170984914,1128.4546729741385,0.15384805815994643,-0.1278197624616833,0.8607391344116675,0.15125102567524829,-0.1290657530980021,0.8727563599525331,0.012357620324819983,0.13122622285019298,True,2026-08-07T17:43:20.061561+00:00
30048,208,-179.056136,600,0.67,-27.85686627,-0.004928838611522224,11.222972894459962,1.1280920147895812,0.0003,4186.502793117936,470.54835440175606,0.15705203886932328,0.02357371468494244,0.8261728861003192,0.13849191090254614,0.07418820942483685,0.8028804698399302,0.05872684295247938,0.3348796160043227,False,2026-08-07T17:43:21.257806+00:00
35056,239,20.427587,22,0.67,-22.115344479999997,-0.006543707330274628,17.761795790493487,1.1010501012206078,0.0003,1738.3901671935614,1130.3239267466547,0.16307883081097962,0.02407049815456715,0.8331514902599237,0.13843602471146374,0.08843369743602367,0.8028804698399307,0.07527432491540831,0.3491003387841139,False,2026-08-07T17:43:24.138614+00:00
40064,278,-179.32733,600,0.7,-18.55229414,-0.006543707330274628,17.761795790493487,1.1010501012206078,0.0003,4218.588683136209,464.59518744617986,0.149970371636329,0.038678759493566126,0.809465093024462,0.1361334613058378,0.08639028813117945,0.8029063980812504,0.05010854749231872,0.3472115254147556,False,2026-08-07T17:43:25.325756+00:00
45072,316,-9.613031,14,0.67,-22.65852033,-0.003998565231449902,11.389031315594911,1.0739690449088812,0.0003,1705.5365581947635,1146.2246239208184,0.16356353711376811,0.022005486488236397,0.836683088123143,0.1349012915303557,0.09149317454786654,0.8029063980812492,0.08240708649104442,0.3523881339100129,False,2026-08-07T17:43:28.262065+00:00
50080,360,5.205091,72,0.72,-15.92838419,-0.00663117701333249,12.844680270552635,1.0553840681910516,0.0003,1777.5350184582035,1096.9797949135875,0.14975491758953915,0.04778114378945173,0.8024740361656479,0.1664553423811249,0.10970260471355071,0.8029047009827727,0.06413545808192873,0.3697589584813889,False,2026-08-07T17:43:31.079445+00:00
55088,387,-8.813442,13,0.65,-21.626558629999998,-0.00663117701333249,12.844680270552635,1.0553840681910516,0.0003,4609.699808107249,421.917278990578,0.14507392289753246,0.04055642968283962,0.8021679742598002,0.16645534338748655,0.10970260244790286,0.8029047009827727,0.07238025363653089,0.3697589562336557,False,2026-08-07T17:43:32.165880+00:00
60096,446,23.119413,22,0.65,-20.5366278,-0.002637699866318144,14.676662860810756,1.031790727749467,0.0003,1759.5664564241413,1102.4897598595664,0.08989192490824771,-0.11325210574069952,0.8300186167588955,0.08667706435867852,-0.1564650461887416,0.7928935008317151,0.057061088169836,0.1268689857757237,False,2026-08-07T17:43:35.012030+00:00
65104,496,20.1287,24,0.73,-13.274677079999998,-0.002637699866318144,14.676662860810756,1.031790727749467,0.0003,4660.235416376859,415.1927589753185,0.1076111710254875,-0.11066959968930018,0.839851286296893,0.09189987627681852,-0.18539004425597488,0.7928935008317148,0.08963829111888935,0.10101619843984436,False,2026-08-07T17:43:36.086648+00:00
70112,526,22.12506,22,0.73,-11.61126442,-0.006398575656930916,12.025761839747428,1.0219560891389847,0.0003,1766.9860071692017,1092.1920106723285,0.15022759633839491,0.048497808966702645,0.8024523411452118,0.18137127459457902,0.11826467029356094,0.8028850682544802,0.07640373608323671,0.3788679086041641,False,2026-08-07T17:43:38.920849+00:00
75120,565,-20.560288,11,0.7,-22.064975850000007,-0.003576181853713933,10.5058665253222,1.011494742706418,0.0003,1766.3989171394917,1089.719870932186,0.15147110995262678,0.050320443391176334,0.8026068181501349,0.18137127356037247,0.11826466804191473,0.8028850682544802,0.07423284226190274,0.37886790629776523,False,2026-08-07T17:43:41.755984+00:00
80128,587,-184.046984,600,0.65,-26.80685097,-0.003576181853713933,10.5058665253222,1.011494742706418,0.0003,4310.215931100812,445.423623941196,0.14615475834010647,0.04246929122906207,0.8021327383082898,0.18363140593930544,0.10188628115045342,0.8029033292335183,0.07025291180419009,0.3626570333408319,False,2026-08-07T17:43:42.917908+00:00
85136,621,23.003532,22,0.64,-31.897849040000004,-0.003992915956769138,10.143568757921457,1.0073422558605671,0.0003,1793.0148921715138,1067.9576663643409,0.14533445636167186,0.0413304102943587,0.8021357239357325,0.18363140646983056,0.10188628356215972,0.8029033292335183,0.07165374653642308,0.36265703578198266,False,2026-08-07T17:43:45.710948+00:00
90144,648,20.532421,26,0.65,-30.20264625,-0.007328430398774799,9.369962932914495,0.9974993824958801,0.0003,1892.9872063176613,1008.9112032168209,0.0016618628439000749,-0.23794976557983333,0.7863026196586201,0.08800671279452497,-0.1865999376792066,0.7928849748074224,0.10067554488417173,0.10281343565578561,False,2026-08-07T17:43:48.356489+00:00
95152,684,22.803315,21,0.71,-29.4752502,-0.007328430398774799,9.369962932914495,0.9974993824958801,0.0003,4886.597702876836,389.8106854342805,-0.036779047838056314,-0.1503381484535563,0.8203522281715946,0.09188495403821431,-0.16818543123228483,0.7928849748069624,0.13276822243593447,0.1143222398502482,False,2026-08-07T17:43:49.381356+00:00
100160,715,23.419198,20,0.75,-23.909115299999993,-8.198334689950571e-05,10.267451155930758,0.9906611498445272,0.0003,1930.8077818493682,983.9612300403583,0.14445030891291122,0.031130273722103884,0.8017176532969096,0.13830405495999237,0.09167671453987018,0.8028788334544533,0.06086868055668137,0.35234532149687525,False,2026-08-07T17:43:51.975083+00:00
105168,764,22.203302,21,0.78,-22.14551575,-8.198334689950571e-05,10.267451155930758,0.9906611498445272,0.0003,4253.440238718298,445.4822199573152,0.14414028159862802,0.030546201975997667,0.8059352486296458,0.13829507428844412,0.09232787470077809,0.8028788334544534,0.06213278689141548,0.35299580038764106,False,2026-08-07T17:43:53.152483+00:00
110176,794,24.427055,20,0.77,-17.73075455,-0.007973075660993345,18.74777085185051,0.9754270430654287,0.0003,1709.2617107610683,1105.637590839459,0.17952225807743694,0.02492826115161673,0.8546151706354777,0.13550196711294482,0.07975623748091415,0.8028964926849642,0.0872852487761447,0.34063830454387034,False,2026-08-07T17:43:56.082411+00:00
115184,833,23.22319,21,0.7,-26.72777698999999,-0.004332446466287365,7.7824344918131825,0.9499238718301057,0.0003,1690.994148239082,1114.6200606091716,0.14459800406048492,0.029756621021786393,0.8015127255660364,0.13487314300783454,0.09072132666778182,0.8028964926849658,0.061750976254919675,0.35162026096616456,False,2026-08-07T17:43:59.043979+00:00
120192,873,-53.827682,159,0.69,-18.15573136,-0.004332446466287365,7.7824344918131825,0.9499238718301057,0.0003,4222.804557918861,445.15628753759614,0.15270014617510663,-0.014300180838078706,0.8604270708616548,0.1446096983703625,0.021488536924217518,0.8028808341923824,0.06824849463209058,0.2819089530397852,False,2026-08-07T17:44:00.229925+00:00
125200,898,-173.840412,600,0.67,-23.548912020000003,-0.00964306988316821,17.90068473815918,0.9443899177014827,0.0003,1794.7606360872323,1044.5961217910717,0.16056461304931824,0.037911344117869936,0.8206187042954443,0.15012999688856546,0.10056881037695198,0.8028982654744709,0.06594583568685827,0.36070387297348233,False,2026-08-07T17:44:03.020284+00:00
130208,932,23.75896,20,0.68,-27.879920470000002,-0.00964306988316821,17.90068473815918,0.9443899177014827,0.0003,4932.80892989072,379.0521843791389,0.16691050464827156,0.032602859537786424,0.8317120655180565,0.15012999883883424,0.10056880886374694,0.8028982654744709,0.07570462810126823,0.3607038714074784,False,2026-08-07T17:44:04.035511+00:00
135216,972,-9.972147,114,0.71,-30.975322830000003,-0.0025147528387606142,11.296478553116321,0.9230197079479694,0.0003,1832.8147661260732,1017.4426976827007,0.16811727862808468,0.039488613529275504,0.8287915227683946,0.17970849460021654,0.101878261260925,0.8028789387951267,0.06854404744369552,0.36241454266162815,False,2026-08-07T17:44:06.767931+00:00
140224,1006,21.127174,20,0.72,-27.030388789999996,-0.007218077838479076,15.621863973140716,0.9176363363862038,0.0003,1824.2498027897852,1019.4744147187986,0.14816259627917122,0.04572205052046591,0.8021319751071305,0.17970849308616374,0.10187825930313305,0.8028789387951267,0.06441444981485993,0.3624145406243974,False,2026-08-07T17:44:09.513160+00:00
145232,1035,23.750119,21,0.73,-21.546894480000002,-0.007218077838479076,15.621863973140716,0.9176363363862038,0.0003,4350.66470008896,426.31830487007534,0.15547693565759088,0.027236084043966508,0.822064313378415,0.15477803348595273,0.1061536566778012,0.8029027498184413,0.08121352875429688,0.3661908917938824,False,2026-08-07T17:44:10.664240+00:00
150240,1086,8.040813,60,0.67,-31.804276,-0.00510874034371227,11.542825044691563,0.9239313010126352,0.0003,1708.3806188585845,1082.7563714904907,0.1339128035289236,-0.1396545156294269,0.8749174603072191,0.13161293683748393,-0.1416179166551424,0.8839865824040499,0.009559984623073411,0.12173800972605676,True,2026-08-07T17:44:13.595671+00:00
155248,1130,23.525073,20,0.73,-22.04903838,-0.00510874034371227,11.542825044691563,0.9239313010126352,0.0003,4159.54752521166,443.4982384066231,0.14565472982350744,0.04205446473394986,0.8021607085187007,0.16511209944526048,0.11710881597237283,0.8028898054996766,0.07753887060581775,0.377143464274304,False,2026-08-07T17:44:14.799664+00:00
160256,1155,22.033594,59,0.76,-13.317773339999997,-0.005910837191913742,19.261943283677102,0.9384897831827402,0.0003,1731.7878221573571,1062.3379934085444,0.15342754154972169,0.05309142392783091,0.8029207871661724,0.16511209702870483,0.11710881655558579,0.8028898054996766,0.0650750056124563,0.37714346482470745,False,2026-08-07T17:44:17.691465+00:00
165264,1208,-22.165162,11,0.73,-20.895948569999995,-0.005515326977183576,15.405131164193154,0.9423080828040838,0.0003,1819.7475157567226,1008.2365735430305,0.1586354111530948,0.03082853665278239,0.8232067703145507,0.13855071415501577,0.08874409439308825,0.8028957670563016,0.06457665007750055,0.34940308418403393,False,2026-08-07T17:44:20.443492+00:00
170272,1241,-175.099839,600,0.73,-17.033249509999997,-0.005515326977183576,15.405131164193154,0.9423080828040838,0.0003,5070.348435137426,360.86829601690033,0.16249025026175482,0.021997922751038904,0.83468613322887,0.13838355715582357,0.09025871306786568,0.8028957670563015,0.07906513472174276,0.35092511548932065,False,2026-08-07T17:44:21.431224+00:00
175280,1268,-175.075199,600,0.7,-23.19774055,-0.007269033066404518,11.306010303646326,0.9478841729462146,0.0003,1882.069557030224,969.5284604036009,0.14535046183100292,0.03728861944826119,0.801764935191167,0.17127967765529442,0.10857308069425259,0.8028793457700871,0.07586198362376473,0.36874563989349,False,2026-08-07T17:44:24.092125+00:00
180288,1314,22.299731,24,0.66,-27.904321309999997,-0.0022916615984286182,13.506458202004433,0.9444084007292985,0.0003,1835.128260813917,991.5993551278647,0.08262377904631477,-0.16505876154022048,0.8471845554232144,0.1406815830505331,-0.22454814388919664,0.8531930350946552,0.0833414485476286,0.040373696079682324,False,2026-08-07T17:44:26.821058+00:00
185296,1355,19.641577,23,0.75,-19.21637534,-0.0022916615984286182,13.506458202004433,0.9444084007292985,0.0003,4268.617840869417,425.12683675388183,0.14442335391751066,-0.03441293538872898,0.8690335362618204,0.14626649812449233,-0.008915513719974207,0.8028829573385785,0.07091836704410273,0.25145979464771107,False,2026-08-07T17:44:27.994283+00:00
190304,1387,23.10393,20,0.78,-20.74687093,-0.007890871567360591,14.344110421836376,0.9347810257226229,0.0003,1734.7186063499312,1043.2216460788593,0.15231645611477598,0.04724088677666216,0.80502013531938,0.17876512923247506,0.09970037331433804,0.8028830521820826,0.058788580199042186,0.3601895176675546,False,2026-08-07T17:44:30.881196+00:00
195312,1418,-208.350257,600,0.78,-21.055693429999998,-0.007890871567360591,14.344110421836376,0.9347810257226229,0.0003,4327.993899414935,416.98025504240206,0.17301247008439455,0.06735411257784188,0.8176772982709299,0.1739028040902408,0.09581614426525893,0.8015243293001144,0.0327383314936731,0.3560876528066751,False,2026-08-07T17:44:32.038330+00:00
200320,1459,-183.053329,600,0.72,-29.838890800000005,-0.005192505037121009,9.663288862258195,0.9367780294269323,0.0003,493.889591226163,3643.8913311211827,0.1449918591047115,0.03995129855072697,0.8023971481749409,0.1558457699955176,0.09295121759531128,0.8029036408319966,0.05410226737549639,0.3529756643579596,False,2026-08-07T17:44:42.178252+00:00
205328,1484,23.191051,20,0.72,-26.61291171,-0.008174400465941289,10.268381613492966,0.9333590293303132,0.0003,1682.333100773598,1066.7756576713282,0.0826258835088381,-0.16505929202028585,0.8471883801168567,0.1498939615195224,-0.22634182356989238,0.8510993478918261,0.09108149461508017,0.03514263584834164,False,2026-08-07T17:44:45.155054+00:00
210336,1526,21.591134,23,0.74,-21.52588641,-0.008174400465941289,10.268381613492966,0.9333590293303132,0.0003,4361.179192234824,410.3624091361658,0.01729163870628969,-0.11822442031009721,0.8032434131006252,0.09285627223760282,-0.13512669986902126,0.7928824395882283,0.07812202421298531,0.14178018642755555,False,2026-08-07T17:44:46.303387+00:00
215344,1552,21.175691,20,0.72,-25.80004731,-0.007704287226079032,11.004933570325374,0.9315364465117455,0.0003,1821.790131387854,979.6166799083685,0.17018571219278866,0.02489930040317625,0.8414280151243704,0.13353455221971264,0.09485029280898702,0.8028894701804846,0.0878730238032225,0.35583584731282336,False,2026-08-07T17:44:49.052312+00:00
220352,1589,4.071559,68,0.74,-23.153432789999993,-0.007704287226079032,11.004933570325374,0.9315364465117455,0.0003,4650.431673212966,382.68447427170724,0.1562220189745858,0.037191209257857225,0.8156758454574596,0.13353455466538885,0.09485029256814607,0.8028894701804846,0.06326754553234662,0.3558358468907512,False,2026-08-07T17:44:50.129216+00:00
225360,1642,-19.360466,10,0.74,-21.667389740000004,-0.002065420217695646,8.226424436271191,0.9450687762349844,0.0003,1888.9980334885206,939.4610097728217,0.14435055536675895,0.012410973295661447,0.8193457408239959,0.13404691797848675,0.09113646457537605,0.802892731813844,0.08108371862556354,0.3520942760411048,False,2026-08-07T17:44:52.780354+00:00
230368,1681,23.445174,20,0.74,-16.156063449999998,-0.00634584009021637,20.535325986146926,0.9466981675475836,0.0003,1845.5665950203354,958.8556732522032,0.1572532909644898,0.020425569303637734,0.8303509932865061,0.13404692003346402,0.0911364632171299,0.802892731813844,0.07932542021908602,0.3520942745350799,False,2026-08-07T17:44:55.493874+00:00
235376,1717,23.819152,20,0.73,-13.424926400000002,-0.00634584009021637,20.535325986146926,0.9466981675475836,0.0003,4299.281851977918,410.44622352176583,0.1653184125457638,0.047959714220501166,0.819832624892082,0.1396545819274046,0.08109965719644004,0.8028904597133811,0.045209788579451404,0.34170588548644815,False,2026-08-07T17:44:56.658735+00:00
240384,1753,19.289884,72,0.68,-23.314037950000003,-0.008666343374352436,19.484529983997344,0.9456969529390336,0.0003,1741.8756307694503,1010.1846359850118,0.16033692739380284,0.02381662303279047,0.8301484074417886,0.13838312124993338,0.08551032739790419,0.8028904597133817,0.07093009570596404,0.34618589772765446,False,2026-08-07T17:44:59.533782+00:00
245392,1792,-19.508533,10,0.73,-18.89857178,-0.008666343374352436,19.484529983997344,0.9456969529390336,0.0003,4224.679003369473,415.3233887357072,0.14567183428387587,0.028334866958463233,0.8113323309770966,0.1350111400535846,0.10041170144770512,0.8028972276380061,0.07334760691258078,0.3612769542357377,False,2026-08-07T17:45:00.719206+00:00
250400,1829,22.263163,23,0.78,-13.99869219,-0.0060208983850316145,13.668313094973565,0.9234998881816864,0.0003,1752.717029865675,998.2216011982757,0.14494060740293466,0.03151898062652634,0.8081534846003283,0.13501113801007492,0.1004117000546543,0.8028972276380061,0.06980278927006041,0.36127695298736895,False,2026-08-07T17:45:03.576500+00:00
255408,1865,9.910947,80,0.72,-25.155571900000005,-0.005899319810851011,11.02726395279169,0.916550986841321,0.0003,1762.9694823971836,989.5758363484574,0.09219133543584382,-0.19961919326989214,0.842850353926029,0.16099164714127234,0.00461159534817128,0.8028968806417918,0.21918024075585485,0.2646134534689367,False,2026-08-07T17:45:06.417146+00:00
260416,1887,19.958756,25,0.74,-22.85492884,-0.005899319810851011,11.02726395279169,0.916550986841321,0.0003,4985.939352392744,348.8979462145236,0.15654510263038363,0.05766414187508609,0.803550323685779,0.17416728634436401,0.11748290947587747,0.8028841756104037,0.06236401261452867,0.37774867167038023,False,2026-08-07T17:45:07.421576+00:00
265424,1914,22.798951,21,0.68,-32.781567700000004,-0.006386850622948259,10.676274884492159,0.9388445030897856,0.0003,2015.8985675990152,860.4480542222532,0.14868561975178235,0.04610437254790746,0.8025986054611899,0.17416728508566537,0.11748290733263235,0.8028841756104037,0.07579110796467035,0.37774866948143604,False,2026-08-07T17:45:09.905824+00:00
270432,1955,24.024971,20,0.69,-30.4277878,-0.00781594682339346,13.101985064148902,0.9498229473829269,0.0003,1822.4582659837397,949.0302369510785,0.1935236405254668,-0.1172132969527637,0.8881652217801812,0.21971580008178188,-0.12218184613318157,0.870088196448481,0.032210162185630616,0.15019926868885008,True,2026-08-07T17:45:12.653759+00:00
275440,1985,-20.195885,11,0.68,-30.27697056,-0.00781594682339346,13.101985064148902,0.9498229473829269,0.0003,4353.095501458039,396.168657320376,0.060867732398670944,-0.20263120769795298,0.8316675275533544,0.08897936246589791,-0.24210830308872083,0.7928886607694225,0.06206855334687877,0.073239632536731,False,2026-08-07T17:45:13.804222+00:00
280448,2013,22.06119,23,0.72,-22.065581029999997,-0.0013663968435139394,7.600239333510399,0.9397345330566168,0.0003,1815.6565338033768,947.0689901894274,0.06661024575483637,-0.17940201605748918,0.8382692895512717,0.08897936222291758,-0.24210830063379113,0.7928886607713516,0.08057206069964735,0.07323963337206396,False,2026-08-07T17:45:16.562438+00:00
285456,2060,-19.583611,10,0.71,-28.331593300000005,-0.0013663968435139394,7.600239333510399,0.9397345330566168,0.0003,4151.641079695612,412.9798234209847,0.08487248468149325,-0.2679009150223266,0.7899328126116614,0.163170752876764,0.11167872801985068,0.8028898627461096,0.38778758278546244,0.3716922524565983,False,2026-08-07T17:45:17.768715+00:00
290464,2111,0.794509,78,0.75,-16.419096,-0.0048193264716246634,12.431862103939057,0.9267774321138859,0.0003,1707.1192294007394,1001.4157011166168,0.15870406710698481,0.0609491261020256,0.8038811908900273,0.1631707512966981,0.11167872984743608,0.8028898671591419,0.05093551498273495,0.3716922542706384,False,2026-08-07T17:45:20.702319+00:00
295472,2142,22.237409,22,0.79,-5.582272550000002,-0.008088093386322725,11.770279848575592,0.9323922704905272,0.0003,1865.5155396316516,913.7034582604234,0.16684450573042856,0.04839559340409481,0.8202130958889108,0.14497116549049624,0.05410124086151262,0.7992480624097723,0.03083066744236293,0.3144605784155719,False,2026-08-07T17:45:23.386820+00:00
300480,2182,23.886491,20,0.75,-15.189357789999999,-0.008088093386322725,11.770279848575592,0.9323922704905272,0.0003,4962.0856967234995,342.5011384068206,0.1552562397316683,0.026978134474011976,0.8224425668415299,0.13341711471671927,0.08820504369403952,0.8029065173502941,0.06787738226964918,0.3492182730670777,False,2026-08-07T17:45:24.396077+00:00
305488,2220,-163.419364,600,0.74,-20.894249539999997,-0.004761750958277844,9.186750476062297,0.9328245103359223,0.0003,1870.7563067331225,905.7898101966601,0.17444634331082717,-0.055154408059486223,0.8153826417418581,0.16578190220108757,-0.06380917661248119,0.8014512164787789,0.018548912860618494,0.19627600356267585,True,2026-08-07T17:45:27.073072+00:00
310496,2258,12.624051,69,0.71,-17.784873710000003,-0.004761750958277844,9.186750476062297,0.9328245103359223,0.0003,4990.81186167196,338.52287900790617,0.08546682480260226,-0.17048063818895226,0.8440402050440935,0.042027050069012035,-0.16892423456135972,0.7929139438502266,0.06710686257619666,0.149038290266809,False,2026-08-07T17:45:28.076515+00:00
315504,2301,20.143079,26,0.7,-18.626957669999996,-0.006160657935834024,10.514413841813802,0.9366811502724885,0.0003,1806.3170939079473,932.5583009102855,0.1538443939398911,-0.1278196933385608,0.86073787339358,0.15122525932422817,-0.12898459998558973,0.8719888063880045,0.011610356018498543,0.13130891483392504,True,2026-08-07T17:45:30.849012+00:00
320512,2344,-9.628263,118,0.75,-16.55565269,-0.006650175513641443,10.552636583894492,0.9389438718557358,0.0003,1709.0499044058263,982.7027260411662,0.08265181951902337,-0.2673309156190959,0.7899169780934296,0.16040335640747783,0.039818613771694135,0.802897778776822,0.31710351004030596,0.29981888509627236,False,2026-08-07T17:45:33.779297+00:00
325520,2361,-165.392705,600,0.73,-22.034879699999998,-0.006650175513641443,10.552636583894492,0.9389438718557358,0.0003,4567.296540108462,366.6238846756018,0.01962544695941671,-0.2298297932011629,0.8050727285218816,0.0706764981132429,-0.22733287420584022,0.7928951827544634,0.05254271642480381,0.09510956364617051,False,2026-08-07T17:45:34.875787+00:00
330528,2391,-7.373318,110,0.71,-29.594641719999995,-0.0026569764158921316,4.0996351055800915,0.948209261521697,0.0003,1761.9111171206657,947.5347443906644,0.043050176576142934,-0.16952268005705098,0.8687140684257999,0.06887284327335869,-0.28332310133544675,0.7929107683010435,0.1391527445230591,0.09406447655191287,False,2026-08-07T17:45:37.718150+00:00
335536,2442,23.697782,20,0.67,-32.436032749999995,-0.0026569764158921316,4.0996351055800915,0.948209261521697,0.0003,4632.296515325669,359.31724027018197,0.14433802172146953,0.014661171778815875,0.8199409829304761,0.17389849738615157,0.08482963946398084,0.8028896733118374,0.07802680781960122,0.3451096180671467,False,2026-08-07T17:45:38.799260+00:00
340544,2463,-19.755176,10,0.66,-28.7148318,-0.0071027770274668,19.044320750236512,0.96055180542171,0.0003,1926.9391683835217,861.1875388843182,0.15311716376318119,0.016452366817819173,0.8289412854163876,0.17543917295820324,0.08421746911150108,0.8028896733118369,0.07595437891670098,0.3445635414595696,False,2026-08-07T17:45:41.398207+00:00
345552,2505,20.194499,22,0.68,-21.86580328,-0.004468251386424526,9.178801345080137,0.9504151120781898,0.0003,1901.0113228557407,870.2988667708996,0.15621899784390308,0.03614052012952538,0.8175375371338336,0.15085901614171793,0.10187185868258515,0.8028857030641319,0.06755749043171153,0.3619872921696095,False,2026-08-07T17:45:44.032583+00:00
350560,2544,23.255134,21,0.71,-22.14892896,-0.004468251386424526,9.178801345080137,0.9504151120781898,0.0003,5047.430645112456,326.78804642857074,0.14744727214306577,0.04471664794789569,0.8020410450168353,0.1508590153482015,0.10187185635001074,0.802885703064132,0.05726317565769345,0.361987289857817,False,2026-08-07T17:45:45.024780+00:00
355568,2584,23.299686,20,0.77,-16.790076029999994,-0.00596703641640488,11.510939818620681,0.9578178875148297,0.0003,1796.763957205263,915.2187149600861,0.030361750077926013,-0.2341472188228035,0.7995079191368287,0.18012605878503954,-0.2897052219569165,0.8028937497531641,0.1597732885176124,0.03588117129816892,False,2026-08-07T17:45:47.812016+00:00
360576,2620,-359.973374,600,0.76,-20.640230799999994,-0.007660452659183648,13.408090463280677,0.9592388916760684,0.0003,1765.979233233955,928.337077326668,0.013047505252627462,-0.17660687998783742,0.7960877075204144,0.09129748709768837,-0.20372330421345725,0.7928857094029776,0.08287709522829702,0.08880935630744868,False,2026-08-07T17:45:50.647831+00:00
365584,2643,-64.002944,177,0.69,-25.762997019999997,-0.007660452659183648,13.408090463280677,0.9592388916760684,0.0003,4522.1781712509755,361.42229211368505,0.08647091889735718,-0.26981071578126037,0.7579710707976444,0.1527818543190861,0.10717490912685297,0.7984507998572593,0.3849076642632688,0.36724585160268813,False,2026-08-07T17:45:51.755271+00:00
370592,2688,24.056181,19,0.67,-30.310037100000002,-0.006546811171574518,10.251142922043801,0.9508736617863178,0.0003,1745.4120821475015,933.5377110459934,0.14907555645343856,0.046712287126147334,0.8026253772078574,0.15278188583474764,0.10717471479332691,0.8028863096763726,0.060576481596778156,0.36724565668726916,False,2026-08-07T17:45:54.624499+00:00
375600,2726,-9.542785,14,0.74,-18.37202095,-0.006546811171574518,10.251142922043801,0.9508736617863178,0.0003,4532.594087299977,358.3819703933911,0.15566994825361352,-0.016540712911363404,0.8703594202212467,0.14709527317548532,0.06873694579496133,0.8029021870375135,0.1090700803884018,0.32899013891758927,False,2026-08-07T17:45:55.729393+00:00
380608,2760,14.962062,60,0.71,-19.47969248,-0.007946972237550653,9.302531940490008,0.9349738158285618,0.0003,1860.3029003440906,870.4990997436329,0.15171271788518134,0.048183102237479014,0.8036203521291725,0.13825745374452605,0.08540976287313547,0.802902187037514,0.039590202781445996,0.34609340156343216,False,2026-08-07T17:45:58.421424+00:00
385616,2779,22.684783,21,0.68,-23.15443141999999,-0.0013771288926363924,8.872793247550726,0.9417548481374979,0.0003,1935.2614659344056,834.194256650754,0.08513354049646073,-0.26810540842656866,0.7899612442272578,0.14437034111584476,-0.0185934165143606,0.8028831780797526,0.2567726796801145,0.2419120186907712,False,2026-08-07T17:46:01.009184+00:00
390624,2813,21.78045,23,0.6,-35.776648110000004,-0.0013771288926363924,8.872793247550726,0.9417548481374979,0.0003,5249.502150526348,306.57688174080164,0.1334868125525165,-0.11593038039109874,0.8732099487478971,0.14209911706998243,-0.1198936754441539,0.8332377326195708,0.041081109515065065,0.14124526112483304,False,2026-08-07T17:46:01.963200+00:00
395632,2858,24.01048,19,0.7,-27.334965120000003,-0.006902651097334456,10.997302570939064,0.9295322094112635,0.0003,1848.0998760488512,868.1175843321097,0.13658124638291172,-0.045199680637626014,0.8373996772815318,0.14174858590160985,-0.07331314725033752,0.8028781800958124,0.04481966276790998,0.18757690451162978,False,2026-08-07T17:46:04.672993+00:00
400640,2883,14.929457,56,0.72,-23.023627850000004,-0.006902651097334456,10.997302570939064,0.9295322094112635,0.0003,313.4596598694935,5102.283338997691,0.13131814457857044,-0.04154797569700158,0.8445101731615122,0.09409868242919756,-0.08051065566761126,0.7928781800958123,0.0746273508917289,0.19120514738478817,False,2026-08-07T17:46:20.649542+00:00
405648,2921,19.612909,22,0.75,-20.856888339999998,-0.006195366539759562,7.245044447481632,0.8938972063362598,0.0003,1832.0736594793755,870.244485941177,0.08265181951902337,-0.2673309156190959,0.7899169780934296,0.16050442983860289,-0.052774662882299386,0.8028799502406601,0.22861201448943638,0.2072259510606882,False,2026-08-07T17:46:23.383053+00:00
410656,2944,-173.552695,600,0.72,-23.636811539999993,-0.007658964006986934,16.824817080795764,0.8717987056821584,0.0003,1895.5125046079154,838.4771908053194,0.13369585724807437,-0.03524315380757729,0.8719577091245272,0.17279690851680515,0.006442598444829519,0.8028993598842779,0.08964178574167964,0.26674973127187995,False,2026-08-07T17:46:26.025080+00:00
415664,2986,-31.50759,82,0.72,-24.841009980000003,-0.007658964006986934,16.824817080795764,0.8717987056821584,0.0003,4818.932091725713,328.7732571953783,0.15328155526630946,0.05273138482590234,0.8032217861303794,0.15985002792784808,0.11590875538858911,0.8028819207507876,0.06351881998901322,0.37590878530492017,False,2026-08-07T17:46:27.064316+00:00
420672,3035,22.521935,22,0.79,-15.30362552,-0.003785280595184304,8.472490653395653,0.8586186494678258,0.0003,1829.5962056721899,863.2112348635737,0.15402373714914436,0.053881590373202885,0.803034527321924,0.1598500254764367,0.1159087549810569,0.8028819207507876,0.06230038582326851,0.375908784898366,False,2026-08-07T17:46:29.801545+00:00
425680,3065,12.034935,71,0.8,-13.49559357,-0.003785280595184304,8.472490653395653,0.8586186494678258,0.0003,4292.663246717417,366.74668137638713,0.019423478886129508,-0.2122835790424747,0.8220173740572136,0.18662447737779378,-0.29597741964209856,0.8028957348926302,0.1879533717049665,0.0447575414845846,False,2026-08-07T17:46:30.968190+00:00
430688,3101,23.407609,20,0.76,-20.252380269999996,-0.004629680897051003,10.16103527545929,0.8464379455894232,0.0003,1716.2100784028657,914.4055379632944,0.15224507798820644,0.05109990603329955,0.8031363427012946,0.16330520631266002,0.12043227648967834,0.8028850122074295,0.07020945234561422,0.3804466340814284,False,2026-08-07T17:46:33.886238+00:00
435696,3131,21.657833,20,0.69,-25.99869918,-0.004767350356269162,11.068132950365543,0.8317298982292414,0.0003,1891.1479134423632,827.1716817499349,0.1159544018027634,-0.143620578246627,0.873515084945016,0.11474106396949657,-0.14619468022730578,0.8820200026802515,0.00896837863761868,0.12247457735864366,True,2026-08-07T17:46:36.534361+00:00
440704,3157,21.097253,20,0.68,-28.750635250000006,-0.004767350356269162,11.068132950365543,0.8317298982292414,0.0003,4416.204149219866,353.08512634667346,0.13696471547837463,-0.05518135187010497,0.8718732280138608,0.0942585344901459,-0.0957403127237972,0.7928813575779001,0.09853203943440066,0.1769270616707893,False,2026-08-07T17:46:37.668377+00:00
445712,3193,-26.937534,75,0.65,-29.68934243,-0.00940906597825233,19.589455977082253,0.8123934034258127,0.0003,1868.8714762822322,831.6719580374587,0.12810726593931124,-0.03910671709477559,0.8699740456326794,0.09408299075969453,-0.05707582584793891,0.7928813575779003,0.08616160816972238,0.2133618348310741,False,2026-08-07T17:46:40.348069+00:00
450720,3219,21.145517,62,0.68,-30.422674380000004,-0.006790476464084349,15.00013413876295,0.8099728092551232,0.0003,1913.0710544221931,809.8392354109036,0.1525783875134304,0.02018708370177999,0.8249749491903695,0.13833154309090753,0.08175531557935031,0.8028844881748077,0.06694481473878236,0.34244155377460045,False,2026-08-07T17:46:42.965842+00:00
455728,3259,-164.456776,600,0.68,-34.57519594,-0.006790476464084349,15.00013413876295,0.8099728092551232,0.0003,4710.457454774274,327.8390718580435,0.08448369897946147,-0.1845868227652156,0.8421582055805718,0.18620857854571263,-0.2799528683462255,0.8028776449625125,0.14486406115733672,0.0329394375275079,False,2026-08-07T17:46:44.029018+00:00
460736,3284,20.930689,20,0.74,-29.582768870000006,-0.006377604449517094,14.887210361659527,0.8041977182030677,0.0003,1810.4077115079638,850.2305807777868,0.145177117430138,0.04093959568873675,0.8021630627321941,0.13948458511663034,0.1066347295502043,0.802882403109023,0.0659452271797907,0.36720826129076706,False,2026-08-07T17:46:46.795234+00:00
465744,3317,23.163494,21,0.74,-32.10315918,-0.006377604449517094,14.887210361659527,0.8041977182030677,0.0003,4349.430503469904,352.7487101532019,0.08647091889735718,-0.26981071578126037,0.7579710707976444,0.16550549678589913,-0.08204760074060993,0.7992292131042117,0.2078549642861038,0.17803754350426465,False,2026-08-07T17:46:47.946663+00:00
470752,3372,20.520514,22,0.78,-21.45758531,-0.006137317214597715,15.015712083876133,0.7758653815835714,0.0003,1707.3881509876887,895.6651123034687,0.08438278251546338,-0.23300038188835467,0.8065642137932738,0.14992550842158356,0.12001131707391695,0.8028944106536058,0.35906347068243827,0.38014483619380735,False,2026-08-07T17:46:50.879788+00:00
475760,3403,-7.956187,12,0.77,-12.065496989999996,-0.0032268210183246993,17.212251569330693,0.7487899020314217,0.0003,1764.215950689814,863.975863841395,0.14824111353767416,0.04551992606483515,0.8025221083950738,0.14992550662792803,0.12001131878591333,0.8028944106530223,0.07451136409018203,0.3801448379527374,False,2026-08-07T17:46:53.718443+00:00
480768,3432,11.124457,64,0.71,-20.444993370000002,-0.0032268210183246993,17.212251569330693,0.7487899020314217,0.0003,4609.3518341666195,329.59775141024363,0.1750642635722183,-0.12117259310779438,0.8777256098430173,0.16928716996492738,-0.10964519822179632,0.8562566757599053,0.025043377848647824,0.1506413553567558,True,2026-08-07T17:46:54.804935+00:00
485776,3465,-169.355448,600,0.68,-22.749932079999997,0.003418564320600126,8.73483045771718,0.7533823676407337,0.0003,1920.2458959174646,788.5573421712882,0.1779794198294084,0.029164005977635764,0.8484293679096033,0.14596142995469588,0.0877578223134434,0.8028946157627213,0.0808195560584784,0.3480410671588992,False,2026-08-07T17:46:57.412934+00:00
490784,3486,23.54518,20,0.65,-30.754612870000003,0.003418564320600126,8.73483045771718,0.7533823676407337,0.0003,5400.615889658648,279.4525718612793,0.14442282133633808,0.030574011374615993,0.8016732584807543,0.14094581000521775,0.09394912353459053,0.8028946157627217,0.0634821720067635,0.3544616258599259,False,2026-08-07T17:46:58.340247+00:00
495792,3534,-19.458671,10,0.67,-30.33874019,-0.0019286705792183056,9.462516692280769,0.7551770597696305,0.0003,1869.014153650126,804.8135949437991,0.14436140130611738,0.023867076846370815,0.8046577883081927,0.13790873967027512,0.08876069924040002,0.8028902307550653,0.06523759138187996,0.3494596530611344,False,2026-08-07T17:47:01.019729+00:00
500800,3564,-170.022712,532,0.68,-27.28527675,-0.007308438824838959,16.651387777924537,0.7486384499818086,0.0003,1887.496990349313,794.2794121873264,0.17331884963822364,0.017071825240754984,0.8532817062271761,0.13790873820971747,0.08876070122026175,0.8028902307550653,0.09451175445858931,0.3494596551293661,False,2026-08-07T17:47:03.672973+00:00
505808,3586,23.325268,20,0.7,-25.030570749999992,-0.007308438824838959,16.651387777924537,0.7486384499818086,0.0003,4488.360631714488,332.9037309172816,0.1446366990360165,0.035600424270018416,0.8019612210729852,0.1597811973965186,0.09219482603020024,0.8028843301293781,0.05859295411151512,0.3521948939962394,False,2026-08-07T17:47:04.788753+00:00
510816,3622,-40.649303,201,0.73,-20.16254028,-0.002813500666525215,9.563202556222677,0.7608531139791012,0.0003,1825.6699878300687,815.6917788685321,0.14513018616627194,0.040773057414670244,0.8021065784688506,0.15978119589133086,0.09219482406909804,0.8028843301293781,0.05347387277420298,0.3521948920360727,False,2026-08-07T17:47:07.531860+00:00
515824,3656,23.838592,62,0.72,-28.196762900000003,-0.002813500666525215,9.563202556222677,0.7608531139791012,0.0003,4337.646410690335,342.1615916738114,0.17357182961984668,0.026919958175705555,0.8444899886742485,0.15756935437700323,0.08330290409530597,0.8028857845375702,0.0718750694352138,0.3433115086891429,False,2026-08-07T17:47:08.686400+00:00
520832,3687,22.199316,21,0.7,-28.141916119999998,-0.004048444751242641,13.007118062675,0.7614720299839973,0.0003,1839.2421729161713,804.2268831051958,0.15840235321575788,0.039602165257092245,0.816784673585103,0.1583279919671482,0.09257698333267748,0.8028857845375703,0.05476783724497683,0.3525809478500406,False,2026-08-07T17:47:11.409266+00:00
525840,3724,20.838994,20,0.72,-24.755361599999997,-0.005934429369517602,14.13832284361124,0.7459953594952822,0.0003,1872.621904044537,787.2171081712071,0.17185481050992274,0.004736650747889159,0.8625982823479151,0.1704684132923428,0.058279528582115485,0.8028855690516145,0.08021452482700375,0.3184516383869189,False,2026-08-07T17:47:14.083582+00:00
530848,3749,19.950918,24,0.74,-22.157955400000006,-0.005934429369517602,14.13832284361124,0.7459953594952822,0.0003,5411.945202091186,271.4646850881485,0.11596442469204113,-0.14362066871259857,0.8735278467316104,0.11496359780984056,-0.1461651786106499,0.88267065255311,0.00954290748980948,0.12241994969358155,True,2026-08-07T17:47:15.008951+00:00
535856,3780,18.68951,68,0.68,-29.964702169999995,-0.001966766051191371,8.475427785515786,0.7432351402938366,0.0003,1859.3328247073607,787.4566514095941,0.1460682914047852,0.02598738547197842,0.8136899184222006,0.149150357963924,0.08867481181927388,0.8028790661178383,0.06368741699793838,0.34884357401207355,False,2026-08-07T17:47:17.702414+00:00
540864,3808,-19.3261,10,0.7,-25.635061860000004,-0.003304602707066806,10.102487488090992,0.7667562756687403,0.0003,1934.6611326620207,754.20753297105,0.146697601219454,0.03997011384127382,0.8048433139312307,0.14904692326989757,0.09154333729020604,0.8028790661178375,0.051664058691537305,0.35171392904318005,False,2026-08-07T17:47:20.290952+00:00
545872,3833,23.240691,21,0.67,-32.42454891,-0.003304602707066806,10.102487488090992,0.7667562756687403,0.0003,4430.065205773216,328.24076677358954,0.14443200815768806,0.030644293606294747,0.8016758982197303,0.1751997811767702,0.09145907033131105,0.8029003749255567,0.06816591720112372,0.3517875942468284,False,2026-08-07T17:47:21.421414+00:00
550880,3855,22.377499,23,0.64,-37.82459212,-0.004519036778947339,11.364264609664678,0.7671155951917171,0.0003,1817.386598852416,797.3647439213225,0.15407603349245716,0.03869253228850526,0.8123281603333536,0.1751997788110446,0.09145907104604904,0.8029003749255567,0.0576142635675523,0.3517875948586824,False,2026-08-07T17:47:24.177017+00:00
555888,3880,23.924853,20,0.63,-39.44579738,-0.004519036778947339,11.364264609664678,0.7671155951917171,0.0003,4435.554593765455,325.5764233022452,0.08791919414038549,-0.16894753225081913,0.8327188390480111,0.09174840036692705,-0.2023951099775489,0.800054693386509,0.046907885135730014,0.08931183688051642,False,2026-08-07T17:47:25.306081+00:00
560896,3907,-61.843855,172,0.6,-45.38005480999999,-0.0023378130776109175,8.711562229692936,0.7590817429125309,0.0003,1741.456111813605,826.3797119189376,0.10057516647583083,-0.1648492900444553,0.8387238027911842,0.07911488135111483,-0.1684805132541007,0.7928838628131476,0.050744750633167676,0.12214016077063707,False,2026-08-07T17:47:28.181848+00:00
565904,3954,-43.105445,119,0.7,-30.919834589999997,-0.006982850143685937,14.551184068620206,0.7418203633278608,0.0003,1848.5936684945134,775.7767563749808,0.1459491869260638,0.02905755382680886,0.8113816087487893,0.13470283820586199,0.08891325112801841,0.8028882703483043,0.0614924520257207,0.3498291057181527,False,2026-08-07T17:47:30.890920+00:00
570912,3982,-19.271269,10,0.71,-24.86796958,-0.006982850143685937,14.551184068620206,0.7418203633278608,0.0003,5088.459529024223,280.84884862473217,0.14572877543028714,0.027183170080832084,0.8132264317259408,0.13454842950049103,0.08932306790923182,0.8028882703483041,0.0639784699559463,0.3502490374211031,False,2026-08-07T17:47:31.875114+00:00
575920,4008,-161.417435,600,0.71,-25.849857679999996,-0.004376847886305768,7.803604973852634,0.7494182690978051,0.0003,1944.4033532669841,732.399477509264,0.0850003794908587,-0.26511526079206815,0.7946242317130745,0.1628567726538482,0.07707201901506672,0.8029009104091034,0.3510302776519338,0.3370841247417168,False,2026-08-07T17:47:34.450709+00:00
580928,4042,21.955355,19,0.71,-26.721459890000002,-0.004376847886305768,7.803604973852634,0.7494182690978051,0.0003,4936.975792099174,287.43750420469826,0.14436687327324246,0.027697545491109372,0.8030480291950932,0.16069094790684862,0.0890093358366618,0.8029009104076685,0.06344787381747424,0.3490100197847589,False,2026-08-07T17:47:35.465104+00:00
585936,4071,-118.004451,337,0.69,-29.24524419999999,-0.0007388169804471544,5.653888063877821,0.7643128577619791,0.0003,1814.8560045384631,779.1604383288862,0.18681108834805052,0.05586895962872344,0.8420977619456687,0.15336520041178445,0.10625917049151709,0.8028864501655303,0.07207862194965504,0.3663192603927754,False,2026-08-07T17:47:38.224558+00:00
590944,4108,3.817689,103,0.72,-26.61385149,-0.006540415640483843,14.581202483177185,0.7665605328977108,0.0003,1701.5641561535406,828.0945475398541,0.14849867243477302,0.046012971893806,0.802459501083099,0.153365198296865,0.10625917178315501,0.8028864501655303,0.06044394064414394,0.366319261722507,False,2026-08-07T17:47:41.167716+00:00
595952,4142,22.848497,21,0.71,-24.598208239999998,-0.006540415640483843,14.581202483177185,0.7665605328977108,0.0003,4301.993867657989,326.3714554675471,0.12179315106498653,-0.0715176412414622,0.8383858403361284,0.1629887720634193,-0.08048093483969196,0.8028971298241535,0.05510778888122203,0.179543943129469,False,2026-08-07T17:47:42.331852+00:00
600960,4166,-95.467404,324,0.72,-24.37287515,-0.0051145994162652645,9.953121368587016,0.7623408857733012,0.0003,445.0780681116414,3143.3586605059836,0.05145648164855744,-0.2287050190167435,0.8090026074489554,0.16868520666433012,-0.30286566121556896,0.8028995820752847,0.13885107755749512,0.043736686274225854,False,2026-08-07T17:47:53.583811+00:00
605968,4215,22.407157,21,0.76,-23.424158450000004,-0.0051145994162652645,9.953121368587016,0.7623408857733012,0.0003,4170.691457092066,334.2448163192493,0.09219133543584382,-0.19961919326989214,0.842850353926029,0.13851946969537202,0.0917943573465959,0.8028902598743592,0.2977666244284198,0.35244954680503204,False,2026-08-07T17:47:54.784557+00:00
610976,4253,19.072998,57,0.84,-12.695585780000002,-0.00862047742557479,14.003389485180378,0.7538075283169746,0.0003,1743.866078201469,796.5198803755422,0.15126943386990213,0.03144004762387506,0.8149707160349398,0.13851946997020856,0.09179435489587907,0.8028902598743624,0.06285810533872778,0.35244954434212067,False,2026-08-07T17:47:57.656334+00:00
615984,4273,-178.294831,600,0.82,-18.820544139999996,-0.008585562696680427,11.947993290424346,0.7480813790112734,0.0003,1854.044325139525,746.484850029595,0.14698123691406745,-0.018769108622207542,0.8628305525509589,0.17888204673763605,0.020883015739573168,0.8028886945133532,0.07863192086425261,0.28151696257945025,False,2026-08-07T17:48:00.357453+00:00
620992,4290,-169.81394,600,0.78,-24.627341350000002,-0.008585562696680427,11.947993290424346,0.7480813790112734,0.0003,5173.282665143626,266.5634354935667,0.08541992557846938,-0.2570238110070737,0.8057795561214984,0.2021474194624805,-0.22321769382420656,0.8378651282436014,0.12568868415981713,0.05594053105715115,False,2026-08-07T17:48:01.325511+00:00
626000,4323,23.407987,20,0.72,-34.9044969,-0.0048344476876081895,6.273010839521885,0.7750731248408556,0.0003,1896.4190022948349,724.5234298629883,0.051507843288049464,-0.22086094443864102,0.7950324405693218,0.17611259400229257,-0.3054780235193211,0.8081543292270765,0.15119053520194722,0.04824796688676772,False,2026-08-07T17:48:03.966278+00:00
631008,4376,-19.490193,10,0.75,-23.193029279999998,-0.006043033776222728,16.52174574881792,0.7820542879402638,0.0003,1898.2594754713302,721.1827559349255,0.15305367896134311,0.028885744673236936,0.8187662862648475,0.13576463540388978,0.08450677677468317,0.8028784346561378,0.06037411753311189,0.3453581794902037,False,2026-08-07T17:48:06.604476+00:00
636016,4413,-8.495126,131,0.8,-9.41187849,-0.006043033776222728,16.52174574881792,0.7820542879402638,0.0003,4567.442530882587,298.6318909931487,0.15784652153513742,0.015147886786330627,0.8348249800899579,0.13576463565502178,0.084506779228675,0.8028784346561378,0.07949117818982351,0.3453581819205227,False,2026-08-07T17:48:07.700946+00:00
641024,4432,22.958994,20,0.75,-16.77953643,0.004240407708857674,4.204354586079717,0.7691211249679327,0.0003,1821.3017090694782,746.156440326581,0.15262891926194064,0.02000275372098342,0.8256137795985995,0.1814707680399734,0.08304030235100852,0.8028787285701574,0.07295524191916271,0.34371156936783154,False,2026-08-07T17:48:10.450622+00:00
646032,4463,-161.450049,600,0.68,-28.500779949999995,0.004240407708857674,4.204354586079717,0.7691211249679327,0.0003,4306.667783122679,314.38877298732916,0.144505472296418,0.029877404263810203,0.8045660451084502,0.1814707692873556,0.08304030448255058,0.8028787285701574,0.06477325202887656,0.3437115715731314,False,2026-08-07T17:48:11.613484+00:00
651040,4491,23.336499,21,0.64,-30.725274329999998,-0.007177208962093573,9.390292257070541,0.7691490888595581,0.0003,1770.029933413235,762.1114053132054,0.14460267721017678,0.03597548673925943,0.8022286973786728,0.16870558164976485,0.07859545351835395,0.8028807797708577,0.048967711628390725,0.33870734904214955,False,2026-08-07T17:48:14.442805+00:00
656048,4521,23.696125,22,0.58,-38.28744400000001,-0.0030986531783128157,4.463540923222899,0.7643534030765295,0.0003,1795.9181146320936,748.3370143940655,0.144767671844144,0.023607958258681963,0.8129461489250038,0.16870558200257757,0.07859545107781092,0.8028807797708577,0.06081085072169466,0.3387073466114809,False,2026-08-07T17:48:17.231347+00:00
661056,4556,13.468458,65,0.62,-30.018880870000004,-0.0030986531783128157,4.463540923222899,0.7643534030765295,0.0003,5068.663663686128,264.1611455880796,0.14641716392763873,0.043076266980927355,0.8019491397040643,0.1532933959706347,0.0953975985842357,0.802903362776842,0.05277987163232872,0.35546087213229,False,2026-08-07T17:48:18.219388+00:00
666064,4584,-154.242069,600,0.65,-28.14072532,-0.006777021105517633,5.426326215267181,0.7469877887517213,0.0003,1923.980500680146,693.3209559704168,0.1448365212430303,0.031979367730427186,0.8031142074573788,0.15329339798948632,0.09539759713859339,0.802903362776842,0.06397995812010865,0.3554608706488147,False,2026-08-07T17:48:20.822318+00:00
671072,4603,21.48593,21,0.65,-34.299652460000004,-0.006777021105517633,5.426326215267181,0.7469877887517213,0.0003,5100.3443192490995,260.5565265436142,0.14437883548835564,0.029139642115029944,0.8016650252459693,0.1385857972086677,0.08940816278409053,0.8028842104602327,0.060558569077658955,0.3500637546238425,False,2026-08-07T17:48:21.804221+00:00
676080,4645,12.751307,83,0.71,-28.896089199999995,-0.005223634111462161,7.187354858219623,0.7395132463425398,0.0003,1769.01804998391,748.39258989587,0.15663547805632644,0.024165047083609247,0.8265348171476938,0.13858579490750172,0.08940816188579949,0.8028842104602327,0.07170638944717356,0.35006375386800137,False,2026-08-07T17:48:24.635171+00:00
681088,4694,14.185747,92,0.79,-15.438222910000002,-0.004693272322037955,12.298458828032016,0.7341505747288466,0.0003,1714.2250083527879,769.392578905002,0.1538412026245303,-0.12782110233357186,0.8607234655317699,0.15123461052189222,-0.12897564650233878,0.8723279073474072,0.011949492226855466,0.13131722378341318,True,2026-08-07T17:48:27.556600+00:00
686096,4723,-160.020259,600,0.79,-13.664218510000005,-0.004693272322037955,12.298458828032016,0.7341505747288466,0.0003,4466.925607503983,294.1405600739744,0.14185711701343634,-0.02977513548689463,0.8597843746358153,0.15210392586587243,0.08808255001610749,0.8028776721785181,0.1312775834190524,0.3481720976937233,False,2026-08-07T17:48:28.677734+00:00
691104,4738,-168.958754,600,0.76,-18.6204112,-0.004568781572743319,4.207696478813887,0.7288053307682276,0.0003,1765.480505440863,741.3823012863866,0.1509904371742401,0.04253566515997288,0.8066507924423489,0.1516281892011715,0.09148376804791687,0.802877672178518,0.049097453503231074,0.3515834558354719,False,2026-08-07T17:48:31.514358+00:00
696112,4768,-44.480488,116,0.71,-28.933646440000004,-0.004568781572743319,4.207696478813887,0.7288053307682276,0.0003,4386.148055202834,297.2740508504569,0.1528109436303767,0.05240641533229802,0.802893850970813,0.15114862172298862,0.10665213310899466,0.8028827090105058,0.054271183287045464,0.3667589584601564,False,2026-08-07T17:48:32.656136+00:00
701120,4802,19.984225,23,0.7,-35.67483006,-0.004016326587588992,6.952324466407299,0.7148233145475388,0.0003,1906.4687678319547,681.30148362047,0.15011682520741512,0.048066896089228775,0.8028140788670894,0.1511486215713234,0.10665213558924702,0.8028827090105058,0.058594364926225266,0.3667589609433466,False,2026-08-07T17:48:35.282981+00:00
706128,4838,0.966923,98,0.73,-24.090504029999998,-0.007423146532528335,12.780454660952092,0.7064960159361362,0.0003,1913.652133803395,676.1270646553832,0.1671764455449067,-0.16613526980317572,0.8455278334720989,0.19574405706771159,-0.1392597445242053,0.8387145668850121,0.0398098340705558,0.12592000201723313,True,2026-08-07T17:48:37.899965+00:00
711136,4873,7.021701,95,0.77,-15.562735639999998,-0.007423146532528335,12.780454660952092,0.7064960159361362,0.0003,4825.386065584127,267.1007008522082,0.0799209235938497,-0.2669330438979847,0.7847298767587427,0.1515451972737017,-0.012042409381021196,0.8028130466379062,0.26537948899171787,0.24810169373607613,False,2026-08-07T17:48:38.937815+00:00
716144,4917,22.735849,23,0.75,-17.591455,-0.005771225990611128,10.845232589542865,0.6836698368191719,0.0003,1803.52557579958,711.8590483147497,0.08913865507114163,-0.15843998614414828,0.8312809061802513,0.07446527700796858,-0.18871385313475683,0.7928948624209368,0.05104217277743843,0.11134587362006985,False,2026-08-07T17:48:41.714596+00:00
721152,4946,21.696994,72,0.72,-18.50072325,-0.005901991666178219,9.933374923467635,0.6808890841901303,0.0003,1732.4901525130297,738.155999412171,0.15423162820703837,0.054197645093875264,0.8031428980505387,0.1428968117205844,0.11385909370677876,0.8028972841898889,0.06072912679711652,0.3742501048718292,False,2026-08-07T17:48:44.605231+00:00
726160,4962,23.159942,20,0.68,-25.316244420000004,-0.005901991666178219,9.933374923467635,0.6808890841901303,0.0003,4364.93930916794,291.8345273036164,0.14824141794862777,0.04561900071283543,0.8024971642288117,0.1428968105116834,0.11385909587729372,0.8028972841898889,0.06845024114415242,0.374250107095323,False,2026-08-07T17:48:45.752571+00:00
731168,4982,21.758105,63,0.6,-36.141855830000004,0.004014033496787306,4.879978752695024,0.6798906065523624,0.0003,1745.2628542661244,727.0148430068652,0.14534988771189106,0.041394157794567794,0.8021281001244892,0.14202484165884846,0.10222199828349234,0.8028997854089661,0.0609235390303221,0.3626677299648754,False,2026-08-07T17:48:48.622040+00:00
736176,5011,21.63356,20,0.6,-36.90813677,0.004014033496787306,4.879978752695024,0.6798906065523624,0.0003,4281.94798526958,295.1516469484701,0.14475470529936893,0.039466553178440694,0.8022389400079778,0.14202484218625377,0.10222199585587824,0.8028997854089661,0.06281826529681875,0.36266772751410475,False,2026-08-07T17:48:49.791606+00:00
741184,5042,14.3151,73,0.58,-42.31651828,-0.005710234762227628,8.345203454047441,0.6718685220927,0.0003,1877.6141746719372,670.4337967729416,0.15154999793433058,0.02501702747165866,0.8199630106142853,0.1382646202073032,0.08926036229442007,0.8028965510138337,0.06778621817001645,0.34993603330432027,False,2026-08-07T17:48:52.458821+00:00
746192,5063,8.253693,82,0.63,-35.34156925,-0.005796578341687564,8.518668677657843,0.6775943666696549,0.0003,1875.5357988111261,668.5065679870094,0.14453540654901467,0.03353931834020676,0.8018643122161252,0.13826461922842667,0.08926036002019712,0.8028965510138337,0.056082285763499024,0.34993603109528887,False,2026-08-07T17:48:55.128987+00:00
751200,5114,23.307914,20,0.66,-29.66125415,-0.005796578341687564,8.518668677657843,0.6775943666696549,0.0003,4719.156569624556,264.62355753103384,0.14729209927780954,0.0444408114931943,0.8022428636007332,0.1452954811206597,0.10958926971154659,0.8028857040190832,0.06518221640982545,0.36988167183761245,False,2026-08-07T17:48:56.190197+00:00
756208,5143,20.85297,20,0.7,-19.05880388,-0.008763456020096783,13.360841225087643,0.6913258571177721,0.0003,1795.7436991676175,692.6333644252996,0.14564993875435167,0.04205994550811705,0.8021628054705424,0.14529548129617206,0.10958927219088856,0.8028857040190832,0.0675341260743753,0.36988167430801694,False,2026-08-07T17:48:58.979014+00:00
761216,5184,23.273408,20,0.72,-16.787857269999996,-0.008763456020096783,13.360841225087643,0.6913258571177721,0.0003,4164.823403984059,297.4397422985528,0.08132409455318274,-0.19528200734232035,0.8169909730519654,0.17814304161750116,-0.2984928781760375,0.8031867154557458,0.14218632106036191,0.04255433737481575,False,2026-08-07T17:49:00.181485+00:00
766224,5221,20.139873,20,0.71,-19.62699052,-0.005661905544548063,10.792174477875232,0.6907428357750177,0.0003,1731.521294297895,712.538739236399,0.14443444236083453,-0.24844171845218022,0.8040113715696214,0.1343452267313436,-0.2104042162981716,0.8058935572611933,0.03939779771906206,0.05583824095066673,False,2026-08-07T17:49:03.073723+00:00
771232,5243,24.284631,21,0.69,-29.54422638,-0.005623042456863914,6.89741947054863,0.682785103097558,0.0003,1717.4923859470127,715.4430552671512,0.14677930401923484,0.043579093673509116,0.8023201286212589,0.14819042982908584,0.0964691802333572,0.8028963655170642,0.05291204571096772,0.3566647479130275,False,2026-08-07T17:49:05.989600+00:00
776240,5276,23.874196,19,0.71,-29.867737700000003,-0.005623042456863914,6.89741947054863,0.682785103097558,0.0003,4299.46929364913,284.63047795402355,0.08519515113409774,-0.26863407411520834,0.7899938103459019,0.15885849713624484,-0.07757595661375694,0.8028805413025457,0.20517202694855693,0.18242761477959923,False,2026-08-07T17:49:07.154410+00:00
781248,5314,4.192425,81,0.75,-25.408087780000002,-0.006195826923067216,9.386146565526724,0.6884340524673462,0.0003,1930.334021683442,631.3684503872174,0.021952604591963347,-0.21432797026639083,0.8176560755309202,0.07610142937735269,-0.29162347827658164,0.7928775562186683,0.09757389919184284,0.08966055169824001,False,2026-08-07T17:49:09.748770+00:00
786256,5351,20.492835,21,0.76,-15.402844129999998,-0.006195826923067216,9.386146565526724,0.6884340524673462,0.0003,4969.447512481538,244.24123545957448,0.05988798116511915,-0.18968695929576757,0.8523917148970181,0.07610111022197728,-0.29182986949175294,0.7928769958655832,0.1193232644479278,0.08973385257441491,False,2026-08-07T17:49:10.756531+00:00
791264,5384,22.154334,20,0.75,-15.762390409999998,-0.008218742808094249,11.569663290679454,0.6784814685583115,0.0003,1974.6989764693428,612.1115240365172,0.14498401417649592,0.02102863413569107,0.8083525607434151,0.18104302400963082,0.09233638648789254,0.8029044085606426,0.08009201019999225,0.3529642164622577,False,2026-08-07T17:49:13.292624+00:00
796272,5421,22.616347,20,0.72,-22.471095279999997,-0.005754683641134762,13.10350930094719,0.6743850335478783,0.0003,1834.5107259763354,656.1575154374582,0.14535710059501644,0.03275354429027941,0.807754482838357,0.18104302215614526,0.09233638483736055,0.8029044085606426,0.06962128342558246,0.35296421470416045,False,2026-08-07T17:49:16.022494+00:00
801280,5438,-172.188902,600,0.71,-26.29696999999999,-0.005754683641134762,13.10350930094719,0.6743850335478783,0.0003,410.8874606022331,2917.392509966232,0.042694248290437276,-0.18687734939970263,0.8478821541117747,0.09660239540828526,-0.27889907190485763,0.7928837460463477,0.11999546086509488,0.06615460064751649,False,2026-08-07T17:49:28.210747+00:00
806288,5460,21.617722,20,0.66,-36.66106053,-0.0026979751899489203,6.147649432718754,0.6851242370903492,0.0003,1725.1072085655028,691.9639510361911,0.036589559246120014,-0.20320141374397377,0.8328093710263126,0.09660239512000507,-0.2788990694377834,0.7928837460463477,0.10452622195987575,0.06615460021898792,False,2026-08-07T17:49:31.113766+00:00
811296,5486,10.634894,85,0.62,-41.339303220000005,-0.0031499268443440087,7.320331355184317,0.6887733325362205,0.0003,1727.4003651664557,688.1462016395105,0.033458998712809836,-0.2083942569546795,0.8243659379851801,0.13788089694807523,-0.28046722002103164,0.8029033948650036,0.12868211061917395,0.03013572324021751,False,2026-08-07T17:49:34.012910+00:00
816304,5526,-172.180935,600,0.63,-38.576178559999995,-0.0031499268443440087,7.320331355184317,0.6887733325362205,0.0003,4351.965418106267,271.99113188612574,0.14812003726353926,0.04564999462097613,0.8021323237272362,0.17814110137493808,0.11392850155311687,0.8028817725090321,0.07459075326566722,0.37436829971680974,False,2026-08-07T17:49:35.163662+00:00
821312,5543,-169.08868,600,0.67,-33.328141190000004,-0.005196071280079195,11.323138912022113,0.6870134975761175,0.0003,1877.6537851104595,627.7451196524281,0.12348868084688869,-0.08484305600056968,0.879077620443384,0.17111106766389786,-0.013692950784093197,0.8028767507629946,0.11461588781016449,0.2465575355126646,False,2026-08-07T17:49:37.830815+00:00
826320,5573,12.906257,67,0.68,-31.056049469999994,-0.005196071280079195,11.323138912022113,0.6870134975761175,0.0003,5187.069545008812,226.27034201408728,0.14487931508618732,0.0398568012619956,0.8022160637356529,0.14287617810871786,0.09957844324456579,0.8028841053622728,0.05975896048677296,0.3599859471178698,False,2026-08-07T17:49:38.796308+00:00
831328,5610,22.878453,21,0.69,-28.008390690000002,-4.007051029475406e-05,3.9603891406208276,0.6879384346306324,0.0003,1987.092734418169,588.1315852841631,0.1453966179702275,0.041572432521073774,0.8021485669424866,0.1428761756522027,0.09957844357658448,0.8028841053622728,0.05806540247701295,0.35998594756636426,False,2026-08-07T17:49:41.316569+00:00
836336,5635,-182.058543,600,0.64,-33.970796910000004,-0.005751897269510664,11.68878456875682,0.7084205042570829,0.0003,1855.0976836840475,627.2790970710901,0.1494386229833282,0.047474770434460016,0.8023094162314702,0.1348348180470032,0.11681823546221588,0.8028979654096225,0.07086701384148295,0.3776576081049942,False,2026-08-07T17:49:44.016146+00:00
841344,5652,-226.602593,600,0.63,-36.81378084000001,-0.005751897269510664,11.68878456875682,0.7084205042570829,0.0003,4455.896629504274,260.0275761174699,0.14679934692069574,0.043790431064819973,0.8019623682405291,0.13483481557616414,0.11681823523652686,0.8028979654096225,0.07400733432909379,0.377657608044451,False,2026-08-07T17:49:45.140059+00:00
846352,5686,24.238904,19,0.66,-32.43666649,-0.006474236973008374,9.358009870350362,0.7268418967723846,0.0003,1755.712098338921,657.0826738002582,0.08517579784774226,-0.268280924166444,0.7899801820273615,0.17456625832209316,0.013854407711775703,0.8028808558223777,0.29623880114227963,0.2742415222111222,False,2026-08-07T17:49:47.992467+00:00
851360,5713,-15.318972,170,0.61,-40.94137294,-0.006474236973008374,9.358009870350362,0.7268418967723846,0.0003,4448.315423729926,258.2190988239008,0.1523953700737942,0.028899105942491593,0.8181161174070293,0.14899429085600932,0.08374278958213142,0.8028906290164664,0.057019404343974976,0.34391893088846914,False,2026-08-07T17:49:49.118284+00:00
856368,5748,20.931682,22,0.7,-30.134135640000004,-0.005689138339948841,13.993745209276677,0.7382858179509639,0.0003,1832.2553637657325,624.1662721344458,0.14888648536689644,0.021879478997677813,0.8200509838037111,0.14899428967791778,0.08374278740889411,0.8028906290164664,0.06419936390475263,0.34391892875404484,False,2026-08-07T17:49:51.851542+00:00
861376,5764,24.363816,19,0.68,-33.12450059,-0.004917717129865195,8.381129962205886,0.7336039215326309,0.0003,1890.8382511306957,602.1794827342414,0.15567195773329934,0.056349141578189044,0.803554445550428,0.17443269970019895,0.11070959227116242,0.8028851823349983,0.05751062468747236,0.3709904373733744,False,2026-08-07T17:49:54.500086+00:00
866384,5799,-20.508473,12,0.64,-39.54072133,-0.004917717129865195,8.381129962205886,0.7336039215326309,0.0003,5084.881127738152,222.9385449772064,0.15476976723364133,0.05498384044446466,0.8034013867749514,0.1744326985159799,0.11070959008367076,0.8028851823349983,0.05909531712825708,0.37099043514146884,False,2026-08-07T17:49:55.485060+00:00
871392,5833,-17.115318,129,0.72,-29.424194270000008,-0.006744194345083087,17.37622090578079,0.7179290790110826,0.0003,1940.1508695872246,581.711462593688,0.14573480608464573,0.04222889491300512,0.8020420032372444,0.15147121633312452,0.10844077348495373,0.8028979359357417,0.0664654187329748,0.36853947375691976,False,2026-08-07T17:49:58.066216+00:00
876400,5858,0.262141,85,0.74,-28.164878570000006,-0.006744194345083087,17.37622090578079,0.7179290790110826,0.0003,5406.092334854824,207.83958734033968,0.15002929645769855,0.048113456014511155,0.8025246889263112,0.15147121722855228,0.10844077116981356,0.8028979359357417,0.060345699123356314,0.36853947142167753,False,2026-08-07T17:49:58.992573+00:00
881408,5891,22.718794,22,0.73,-26.886510810000004,-0.006120035400090274,11.323344114422799,0.7120450597256422,0.0003,1778.38064322712,628.9947004653394,0.1536327912764174,0.053160166845493795,0.8033414912976581,0.1446128410879156,0.12149074682750022,0.8029050790902398,0.06892472791165166,0.3818009357955918,False,2026-08-07T17:50:01.808624+00:00
886416,5919,-151.049953,600,0.69,-29.60253627,-0.004593175976333441,12.27106516212225,0.7144024312496186,0.0003,1765.8384922171817,630.6261897155651,0.15903918337909106,0.06169471079764399,0.8042306479045109,0.14461284330622792,0.12149074794500975,0.8029050790902398,0.06152594964003734,0.38180093682279204,False,2026-08-07T17:50:04.644667+00:00
891424,5949,24.210074,19,0.67,-34.19838214,-0.004593175976333441,12.27106516212225,0.7144024312496186,0.0003,4351.758044353176,254.7421039270517,0.08036001414576219,-0.2667927066753765,0.7891201904236863,0.18137622638694953,-0.055930225886911086,0.8075820482687722,0.23453805903288855,0.2051862952565625,False,2026-08-07T17:50:05.795482+00:00
896432,5982,23.685724,20,0.67,-31.196189529999998,-0.007088517156080343,10.360804948210717,0.7064112022519111,0.0003,1767.3261658926526,624.4280321864655,0.15851469277252495,0.045118744194482835,0.8129734898053189,0.1453991906950057,0.102386759416932,0.8029009895798961,0.05960786209096266,0.3626807784168692,False,2026-08-07T17:50:08.629126+00:00
901440,6006,-157.317303,600,0.72,-25.96436109,-0.001215136430982966,3.995782919228077,0.7079685095697641,0.0003,1867.8218546209287,588.1503084901804,0.15159829229933913,0.05040177592783483,0.8026649598223942,0.145399192448557,0.10238675766934138,0.8029009895798961,0.05235382388776547,0.3626807766001008,False,2026-08-07T17:50:11.310332+00:00
906448,6043,19.645857,23,0.71,-24.854949910000006,-0.001215136430982966,3.995782919228077,0.7079685095697641,0.0003,4853.419270166631,225.31579060600208,0.14246866051376358,-0.07011585964593449,0.8750544200773286,0.1780177947713304,-0.0035032167129343023,0.8028786957598402,0.10445247879172605,0.2571288407881032,False,2026-08-07T17:50:12.342194+00:00
911456,6074,24.339383,65,0.69,-26.4460362,-0.006531324410752859,11.898434104025364,0.6953691925853491,0.0003,1884.9087527027325,577.5048783869028,0.18575773427935957,-0.18219865826019765,0.8537941886506916,0.1888380683524561,-0.16266329046138928,0.8342906384635023,0.02777602424647578,0.10151881209955524,True,2026-08-07T17:50:14.999070+00:00
916464,6111,-11.090168,13,0.68,-23.4314046,-0.006531324410752859,11.898434104025364,0.6953691925853491,0.0003,4879.762527273606,222.04687091717705,0.15514479936968656,0.055455322378665566,0.8032961274027823,0.17314052848078268,0.11681633810344044,0.8029078275977822,0.06394662847840052,0.377045390040033,False,2026-08-07T17:50:16.025353+00:00
921472,6147,23.37922,20,0.68,-25.052033820000002,-0.0056631491461303085,14.775460177659989,0.6810441661626101,0.0003,1797.4255473977855,600.0404309160031,0.08388799995126936,-0.2676238122493374,0.7899242300981906,0.14067727077238218,-0.0779575464645865,0.8028925641913268,0.19840990737933595,0.1830650779203861,False,2026-08-07T17:50:18.811565+00:00
926480,6172,23.006032,20,0.7,-21.49722544,-0.007493705583328847,17.77922372072935,0.688812879100442,0.0003,1724.3017101104879,622.5824597316048,0.14075391872682325,-0.02244828289684333,0.8587747526842275,0.18072255330687864,-0.06028326841024669,0.8029012948939434,0.07842717108525661,0.2007889366784186,False,2026-08-07T17:50:21.715921+00:00
931488,6198,-19.956669,10,0.67,-28.680042470000004,-0.007493705583328847,17.77922372072935,0.688812879100442,0.0003,4345.055204449585,245.9144820313865,0.10363610681140192,-0.18076843897213762,0.8480317601580845,0.094961750438909,-0.22743406840674524,0.7929012948939437,0.07274815206756635,0.07273591826949945,False,2026-08-07T17:50:22.868506+00:00
936496,6225,0.593061,89,0.72,-28.657993989999994,0.0011228925839532166,9.272631034255028,0.6933299575001002,0.0003,1718.2549881366795,618.9442238449669,0.1686666362392905,0.0060825932988103106,0.8571558828778184,0.15134649471941486,0.03967816107062142,0.8028775773535642,0.06614214939630518,0.29980307432765,False,2026-08-07T17:50:25.783084+00:00
941504,6263,-154.835654,600,0.7,-34.46688663999999,0.0011228925839532166,9.272631034255028,0.6933299575001002,0.0003,4269.245107864875,247.93516728520015,0.14856050911068677,0.04597339146655044,0.8023705376982945,0.1510756360168196,0.11492147713917396,0.8028836031230756,0.06899585217535538,0.3750276767022995,False,2026-08-07T17:50:26.956139+00:00
946512,6292,19.569295,25,0.71,-28.142264940000004,-0.004902779994881712,8.13799696713686,0.6779044143855572,0.0003,1972.5226763708868,534.081566016895,0.15437573562550075,0.05437931309183323,0.8031163686462418,0.15107563808423935,0.11492147851305459,0.8028836031230756,0.06063248813516683,0.37502767802659354,False,2026-08-07T17:50:29.495013+00:00
951520,6322,-159.465422,600,0.68,-30.68584707,-0.004607206514629069,6.719777546823025,0.6545057956129312,0.0003,1897.4849070764149,552.5630249230625,0.08496352390581698,-0.21547462754941007,0.8292664090427804,0.1587759953212641,0.10199614078191868,0.8028838574315651,0.32700460044295837,0.3619982101177522,False,2026-08-07T17:50:32.134292+00:00
956528,6346,24.019952,59,0.7,-29.317880670000005,-0.004607206514629069,6.719777546823025,0.6545057956129312,0.0003,5284.852524580579,197.44581237540078,0.1485420508981575,0.04238205166645989,0.8048365176811718,0.16043309173583825,0.10452418601014324,0.8028838574315522,0.0632997203393682,0.3645244432885251,False,2026-08-07T17:50:33.081932+00:00
961536,6372,-166.448751,600,0.69,-31.455913090000003,-0.008982566017948557,14.174868346750737,0.6374561239033938,0.0003,1862.7643228820255,557.4854463571177,0.14253617437335722,-0.10356738312371168,0.8779834962582309,0.157416207020485,-0.028358662683440325,0.8029077600449064,0.10730392895796112,0.2316557470471328,False,2026-08-07T17:50:35.770395+00:00
966544,6413,22.578954,21,0.69,-28.76631345,-0.008982566017948557,14.174868346750737,0.6374561239033938,0.0003,4296.443186004342,240.53756916104035,0.1533636890774436,0.052873197596664534,0.8030231940001633,0.15953460559669813,0.11443832236301177,0.8029051473515709,0.06187373217444341,0.374438611585367,False,2026-08-07T17:50:36.936012+00:00
971552,6443,-60.64905,158,0.71,-22.068174399999997,-0.002542218305461574,6.205735060572624,0.6203633926808834,0.0003,1774.6904299450089,579.5083934902764,0.1541796844764871,0.05406804322671756,0.8032793510232991,0.15953460803001215,0.11443832286668705,0.8029051473515709,0.060608463917675284,0.37443861208601753,False,2026-08-07T17:50:39.757920+00:00
976560,6481,10.799719,81,0.69,-20.65147565,-0.010850571274204412,14.50488161444664,0.6222078964114189,0.0003,1770.5543675851713,578.0336479561778,0.15096501740211263,0.04957169881831484,0.8025412003870391,0.15140174108817053,0.10404197153904499,0.8028848957500887,0.054473107717031025,0.3641434979487478,False,2026-08-07T17:50:42.586412+00:00
981568,6511,-217.50753,600,0.69,-19.65730333,-0.010850571274204412,14.50488161444664,0.6222078964114189,0.0003,4515.606342851222,225.5360460311841,0.1480883778722346,0.04451732524270505,0.8029648346618126,0.15140173982398478,0.10404196940056949,0.8028848957500887,0.05961684342342606,0.3641434958407188,False,2026-08-07T17:50:43.695445+00:00
986576,6552,-298.620022,600,0.68,-25.529792080000007,-0.008478174250922167,19.345978440344332,0.6201999578624964,0.0003,1870.9394329038337,541.6658509501253,0.17080063281502422,0.026605135628718808,0.8406399199925156,0.14262361178157965,0.08494161265632502,0.8029045454215108,0.0749736457718687,0.345379001981104,False,2026-08-07T17:50:46.372178+00:00
991584,6590,-20.29297,11,0.67,-27.56056454,-0.004566923706443049,15.992554253339767,0.6014742486178875,0.0003,1856.1624092611087,543.280046491958,0.14457475839321193,0.02454440338057591,0.8099510168106985,0.1398811852511371,0.09163742369769891,0.8029045454215104,0.067625111927098,0.3522124989997574,False,2026-08-07T17:50:49.070215+00:00
996592,6630,23.396684,20,0.77,-16.945230509999995,-0.004566923706443049,15.992554253339767,0.6014742486178875,0.0003,4907.230068726676,204.47543439926048,0.08647091889735718,-0.26981071578126037,0.7579710707976444,0.169309960841513,-0.049604489966207796,0.8013611003493389,0.23924001216860122,0.21060139128992017,False,2026-08-07T17:50:50.090751+00:00
1001600,6651,-161.30678,600,0.72,-28.415418609999993,-0.0047755005725775845,14.885626116394997,0.584727530553937,0.0003,522.4546619405726,1910.9792154817915,0.06889713435917023,-0.18509616503086004,0.8450979922723036,0.04179791362289687,-0.24263768691363188,0.7928972654910567,0.08228189583127733,0.11947042788744511,False,2026-08-07T17:50:59.676275+00:00
1006608,6682,23.510885,20,0.74,-23.84789916,-0.0047755005725775845,14.885626116394997,0.584727530553937,0.0003,5057.696648592579,196.41193788805708,0.057037422346463314,-0.19600015772589136,0.8353474452114074,0.0855253112297929,-0.2696168297925813,0.7928787917650457,0.08963571132506654,0.07509302685788269,False,2026-08-07T17:51:00.666462+00:00
1011616,6716,-19.039399,10,0.73,-29.01613293999999,-0.004861591824737843,10.5881576128304,0.5971424713730812,0.0003,1883.78529210586,524.6797520619231,0.1518384063790953,0.01205307754550358,0.8312987118081424,0.13854133752991735,0.07375460652163714,0.8028977170698786,0.06921349015976089,0.3344437345345518,False,2026-08-07T17:51:03.324928+00:00
1016624,6749,17.09153,69,0.69,-27.936184839999996,-0.0035194716430851257,9.257202979922294,0.611361176148057,0.0003,1872.36868123493,525.2042559008248,0.17253035112742188,0.026866385503498732,0.8432644322557226,0.13843145148994818,0.08245287362242648,0.80289771706988,0.07669461723469993,0.3431314222525942,False,2026-08-07T17:51:05.999609+00:00
1021632,6772,-164.384826,600,0.65,-31.645395859999997,-0.0035194716430851257,9.257202979922294,0.611361176148057,0.0003,4582.95766130132,213.4796069056843,0.13631689010383594,-0.0811229676824712,0.8321432744466835,0.08734885897872946,-0.05640108864062612,0.7928944968818842,0.0674500253221606,0.2161728590698072,False,2026-08-07T17:51:07.092357+00:00
1026640,6797,20.203421,25,0.64,-30.513628580000002,-0.004501031551626511,8.63398456647992,0.6106673464179039,0.0003,1742.6457318729397,558.5529991536856,0.135892554047047,-0.06514777421456705,0.8690135483595948,0.0873488565726136,-0.05640108919260401,0.7928944968812752,0.09070339057235846,0.2161728593585806,False,2026-08-07T17:51:09.966170+00:00
1031648,6838,10.742598,81,0.65,-30.847181850000002,-0.004501031551626511,8.63398456647992,0.6106673464179039,0.0003,4281.978536569455,226.14592570466357,0.05761682736302542,-0.18979792542910734,0.8255364971941179,0.08876641342745716,-0.18321885692573814,0.792893911445999,0.04559736021614369,0.10473570445544456,False,2026-08-07T17:51:11.135707+00:00
1036656,6874,3.583539,74,0.74,-17.671794950000002,-0.004901864237035624,11.205537551641465,0.6134464137256146,0.0003,1759.9689408686047,547.3642049186145,0.08642623516828914,-0.11301952735484858,0.9006126054178877,0.09054073220752402,-0.1677543551009193,0.7928940148328462,0.12089716792342864,0.11547228622104173,False,2026-08-07T17:51:13.981222+00:00
1041664,6901,20.386252,21,0.74,-16.57956278,-0.006334217824769439,11.35853455811739,0.6075092416256667,0.0003,1869.9429201612427,512.4947877646255,0.14755273054332513,0.04368331000409709,0.8027188895667523,0.1595788606661806,0.09482470306105456,0.8028952077166917,0.05253666317561544,0.3548249529848543,False,2026-08-07T17:51:16.659365+00:00
1046672,6929,23.822676,20,0.7,-24.931780230000005,-0.006334217824769439,11.35853455811739,0.6075092416256667,0.0003,5202.720720278898,183.23643556037268,0.14640240642963506,0.042630556298638766,0.8023553852112801,0.16307222304282928,0.10053671381326194,0.8028952077166931,0.06026024620231174,0.3605498031641272,False,2026-08-07T17:51:17.621940+00:00
1051680,6974,23.21167,21,0.65,-26.83243531,-0.006251284340396524,9.882741406559944,0.6157227568328381,0.0003,1925.0497465734372,492.62103573582806,0.08216025259787817,-0.26856019500085776,0.7669245500790869,0.15152230565961095,0.04261818429665689,0.8026143835438074,0.3208065497459583,0.30273691015192455,False,2026-08-07T17:51:20.223438+00:00
1056688,7003,23.265729,20,0.64,-28.011670390000003,-0.006251284340396524,9.882741406559944,0.6157227568328381,0.0003,5117.291519407512,184.33813989733736,0.15428339052301004,0.05428175987142612,0.8031701757213838,0.15216378440042727,0.10646365458836116,0.8028943451105753,0.05222565412601399,0.366547427230339,False,2026-08-07T17:51:21.202085+00:00
1061696,7030,24.281654,61,0.66,-26.419031450000002,-0.007829227586626075,13.087095154821872,0.5986040364950895,0.0003,1779.1741757489212,527.3817554175282,0.15277132827477904,0.05199607267615703,0.803143468642465,0.1521637868500137,0.10646365419339815,0.8028943451105753,0.05447153940778848,0.36654742678309793,False,2026-08-07T17:51:24.016870+00:00
1066704,7056,3.464057,73,0.67,-26.70073931,0.0022035289788618685,7.352613224089145,0.5985501363873482,0.0003,1790.3445693215892,521.2940659538244,0.17409436871962433,-0.11592007082840433,0.8698595107227627,0.17059081053274017,-0.07754629182920116,0.8638825675793567,0.03899417500073669,0.18276082975576424,True,2026-08-07T17:51:26.814092+00:00
1071712,7083,22.538292,21,0.69,-25.609864199999997,0.0022035289788618685,7.352613224089145,0.5985501363873482,0.0003,4505.277930372094,206.04455803758418,0.16014574238387042,0.06348307706034614,0.8044568273471642,0.1721648204568691,0.11960190355157299,0.8028819672875759,0.05741307437060437,0.37979677201988643,False,2026-08-07T17:51:27.925689+00:00
1076720,7112,-201.541292,600,0.66,-37.120890280000005,-0.00753101146692643,10.463988093286753,0.6085253290832042,0.0003,1759.3997667934552,524.7698774467261,0.15672078354581936,0.057933267813791496,0.8038332375699188,0.17216482280352496,0.11960190273460863,0.8028819672875759,0.06358021545056802,0.3797967712785042,False,2026-08-07T17:51:30.772112+00:00
1081728,7135,0.251421,78,0.73,-29.76138305,-0.005261824063927634,8.774330168962479,0.5969393350183964,0.0003,1861.3668482744602,493.3320913345288,0.16501552099706016,-0.09858638389866536,0.8719012050221083,0.18412197287392548,-0.15477160639501886,0.8029040647088893,0.09100791779669366,0.1079577898811162,False,2026-08-07T17:51:33.462603+00:00
1086736,7169,24.289264,62,0.69,-34.1198489,-0.005261824063927634,8.774330168962479,0.5969393350183964,0.0003,4778.621162130159,191.1145430898514,0.16538829705465516,0.02693517582169744,0.8343398748527265,0.1380964175055835,0.0811389709159288,0.8028910906531845,0.06835147488948441,0.3418414316663044,False,2026-08-07T17:51:34.510608+00:00
1091744,7185,-175.732522,600,0.67,-37.61236352,-0.005695733836910221,11.30560127273202,0.5909943729639053,0.0003,1956.2990540598812,464.27257535861327,0.14958624831356943,-0.25885209547894383,0.8528678858344392,0.14269923362725395,-0.25553118872163993,0.8646464689248691,0.014042592801843709,0.017868597911586088,True,2026-08-07T17:51:37.070538+00:00
1096752,7236,8.510671,75,0.65,-34.32574745000001,-0.005695733836910221,11.30560127273202,0.5909943729639053,0.0003,4696.370165220869,192.32896220341277,0.14831743635499242,0.04583262283042643,0.8022322076514814,0.13992997077615635,0.10690464466070604,0.8028997365311505,0.06164890123983964,0.36745315939129564,False,2026-08-07T17:51:38.136903+00:00
1101760,7263,15.349312,71,0.77,-18.019158230000002,-0.003525008543510921,8.270934215188026,0.5914696626365185,0.0003,1795.3346620158788,500.3189761798603,0.14701791638644315,0.0439957415442289,0.8022589406527413,0.13992996834676957,0.10690464412875059,0.8028997365311505,0.06331018599846108,0.3674531589928256,False,2026-08-07T17:51:40.926367+00:00
1106768,7285,23.423703,21,0.76,-24.61500525,-0.002495492884918349,8.642286564409734,0.607230319455266,0.0003,1744.1193313831593,512.1392693306311,0.033586289847442614,-0.23778909614103447,0.7973712988428792,0.17956268413799747,-0.2798308047038345,0.8028771935814228,0.1520096307008963,0.027856048281920415,False,2026-08-07T17:51:43.797715+00:00
1111776,7320,20.924295,21,0.77,-23.036442159999996,-0.002495492884918349,8.642286564409734,0.607230319455266,0.0003,4281.854588284985,207.43908549116824,0.18261147134506905,0.06970954154008116,0.8305257781415991,0.1694606931174673,0.07356369311927523,0.802245340878787,0.0314257948851389,0.33369783050183727,False,2026-08-07T17:51:44.967314+00:00
1116784,7337,-162.670151,600,0.75,-24.571382829999994,-0.008622506953543052,15.696667402982712,0.6121788170188666,0.0003,1768.6939196972862,499.36056779748714,0.15679936059886673,0.032389428755630556,0.8209283938026128,0.14901171856592332,0.09296442181028179,0.8029049536783961,0.0636774806812859,0.353135420756317,False,2026-08-07T17:51:47.798770+00:00
1121792,7383,9.046178,79,0.7,-25.113441770000005,-0.008622506953543052,15.696667402982712,0.6121788170188666,0.0003,4455.294587573325,197.1155852296482,0.14823730993080472,0.02399023249617859,0.8178269163081584,0.14901158932219633,0.09296527771040752,0.8029049536783974,0.07057493421608582,0.3531362802635962,False,2026-08-07T17:51:48.922839+00:00
1126800,7416,14.314298,87,0.74,-22.19123135,-0.004522156169696245,9.15550214126706,0.5991453189402819,0.0003,1843.7459124372576,473.6010499655629,0.14140569229618385,-0.10817686195082789,0.8758231912205485,0.15823216232825013,0.05147959252186236,0.8029069180143781,0.17632383970072546,0.3114846092628319,False,2026-08-07T17:51:51.639049+00:00
1131808,7443,-19.432447,10,0.73,-19.95020533,-0.006229867949150503,15.76876183897257,0.6093504469841718,0.0003,1891.3556602253052,459.0315921314227,0.15566637803016065,0.05632022132307609,0.8035684368705498,0.1557163216150152,0.12001281401921547,0.8028904252292882,0.06369622091226185,0.3800369570440602,False,2026-08-07T17:51:54.286873+00:00
1136816,7463,-190.901944,600,0.71,-26.31392616,-0.006229867949150503,15.76876183897257,0.6093504469841718,0.0003,5173.472515054863,166.8480884914581,0.157520060290865,0.05909830389351877,0.8036722795237378,0.1557163198342087,0.12001281575205261,0.8028904252292882,0.060946226550428764,0.38003695879686,False,2026-08-07T17:51:55.254892+00:00
1141824,7499,16.438348,83,0.69,-30.36827203,-0.0032186737502343022,7.5574901036918165,0.6495464168488979,0.0003,1817.5713777782546,472.1553224770787,0.15976712401848664,0.011485297860982194,0.8409007057420528,0.13528146401660782,0.05428224686371775,0.8028625779324385,0.06227379510621546,0.3152528139682009,False,2026-08-07T17:51:58.010223+00:00
1146832,7521,-186.029889,600,0.65,-36.244779689999994,-0.0032186737502343022,7.5574901036918165,0.6495464168488979,0.0003,4453.23356655573,191.58393271967245,0.14455318213873639,0.02850493590180927,0.8083413277063752,0.13300499685753572,0.08502956208478302,0.802877684949555,0.05795036963288512,0.34608399111643234,False,2026-08-07T17:51:59.134795+00:00
1151840,7549,15.271126,67,0.68,-33.05178179,-0.005467030842555687,10.177303819358348,0.6729814402759076,0.0003,1765.0800944375426,480.52210359908526,0.08525709643286525,-0.24915770755361233,0.8056910076215569,0.153963841344543,0.0970616708787411,0.8029070599942791,0.3529819048660071,0.35711268812803654,False,2026-08-07T17:52:01.972065+00:00
1156848,7573,-151.406659,600,0.68,-34.08518510000001,-0.006585488359996816,9.278869415819646,0.6795229319483042,0.0003,1756.566607423347,480.00001618885005,0.14981610111584653,0.04603033554780525,0.8031578672939005,0.153963843808549,0.09706167093743004,0.8029070599926834,0.05120023305997329,0.3571126881450688,False,2026-08-07T17:52:04.823082+00:00
1161856,7601,-29.768909,84,0.63,-42.80905518,-0.006585488359996816,9.278869415819646,0.6795229319483042,0.0003,4563.430686610848,183.66532934511812,0.1925663110854331,0.021529596160813597,0.8769631428070187,0.1464926874164792,0.06415917507052117,0.8028941955420225,0.09708897334379517,0.3244404695404532,False,2026-08-07T17:52:05.920502+00:00
1166864,7643,-0.517024,73,0.66,-29.083958510000002,-0.002284063857223373,10.866756789386272,0.6864010691642761,0.0003,1935.2038762535249,430.5158801215906,0.14782564852468802,0.023762424015175122,0.8174178559367897,0.1379687797979669,0.08538108483377711,0.8028941955420237,0.06406991441726939,0.34608303689222797,False,2026-08-07T17:52:08.508344+00:00
1171872,7675,22.637438,21,0.69,-21.199620560000003,-0.005306356459914241,10.479466439038514,0.6946089416742325,0.0003,1910.6741342029834,433.4218929202412,0.16147808697179644,0.0016013609349504274,0.8324915820795712,0.1820219426477769,-0.0024930544602878263,0.8029056119721466,0.03625112233658015,0.2584468861471817,False,2026-08-07T17:52:11.129402+00:00
1176880,7703,20.708259,21,0.71,-17.708165320000003,-0.005306356459914241,10.479466439038514,0.6946089416742325,0.0003,5065.622411459239,162.49138469894092,0.1526025640013643,0.05163751309613432,0.8031677391524595,0.15246989109691314,0.11850735904897866,0.8028873891427781,0.06687056524349586,0.37858225446304905,False,2026-08-07T17:52:12.118033+00:00
1181888,7730,4.698229,101,0.73,-22.95408031,-0.0032640428325976245,10.861372445523738,0.6877838425338269,0.0003,1837.7536904334345,445.16955904305553,0.15606457498375328,0.056136228929401975,0.8036645700601432,0.1524698935489932,0.11850735865033676,0.8028873891427781,0.06247946516625603,0.37858225401571344,False,2026-08-07T17:52:14.843096+00:00
1186896,7764,-155.165256,600,0.68,-31.667282720000003,-0.0032640428325976245,10.861372445523738,0.6877838425338269,0.0003,4402.932489795525,184.67328351831284,0.08521963904327005,-0.23912070803586472,0.8129275475278139,0.17019189934878795,0.12278725526682967,0.8028890776070366,0.37188496850731056,0.3829229134003982,False,2026-08-07T17:52:15.980533+00:00
1191904,7788,18.19602,80,0.72,-26.358052200000003,-0.008555628966132645,17.138846929371358,0.6895953092724085,0.0003,1717.6078286333084,470.47759478541604,0.15854804367807587,0.060767546630783,0.8039772644633004,0.17019190045999122,0.12278725305493679,0.8028890776062065,0.06311265749698654,0.38292291121886474,False,2026-08-07T17:52:18.896209+00:00
1196912,7822,22.270535,22,0.68,-30.10091434,0.004313451328198425,5.753814355283976,0.7026090450584889,0.0003,1756.8113674701915,457.1281896681069,0.1746843341562227,0.05728066062572569,0.8259792549190348,0.13680310055684397,0.12023778828633834,0.8029073196958595,0.07701234951115161,0.38094470961631977,False,2026-08-07T17:52:21.746826+00:00
1201920,7853,-55.531909,277,0.71,-24.905839609999997,0.004313451328198425,5.753814355283976,0.7026090450584889,0.0003,324.62789795441256,2458.4455157088014,0.1571605807728711,0.058566642866617065,0.8037129581392823,0.13680309910377117,0.12023779030149134,0.8029073196958595,0.06494926126710956,0.3809447117162153,False,2026-08-07T17:52:37.173725+00:00
1206928,7871,23.538479,21,0.68,-31.221539070000002,-0.003983518714085222,11.064099802076816,0.7041530974209309,0.0003,1901.48990389838,417.0792589400904,0.16439503408797929,0.02479757831431386,0.8346132150100772,0.15192540966540846,0.05061222613102123,0.8029046804129082,0.04274714892762412,0.3107171608249859,False,2026-08-07T17:52:39.807442+00:00
1211936,7912,-11.170987,134,0.68,-27.50867224,-0.003983518714085222,11.064099802076816,0.7041530974209309,0.0003,4722.122866481409,166.88765249922636,0.17715953912732155,0.0641567650664057,0.8259724121832608,0.1414440761007546,0.12224392944687446,0.8028786807388311,0.0719932871661873,0.3826940604591894,False,2026-08-07T17:52:40.867999+00:00
1216944,7940,13.614805,86,0.71,-21.715780090000003,-0.008786779064394068,16.638874968886377,0.6997756909579038,0.0003,1776.9455587431332,440.6752903301495,0.15630170613198843,0.05717856414493747,0.8035022816595615,0.14144407457863936,0.12224393141046859,0.8028786807388311,0.06674309036058981,0.3826940624942777,False,2026-08-07T17:52:43.686312+00:00
1221952,7976,20.77634,25,0.71,-19.637839120000002,-0.00809223903925158,15.973045280575752,0.7050866451114416,0.0003,1838.941063657952,423.09566922842885,0.14350092088958605,-0.2089121891020573,0.8217229677680414,0.15212627227654188,-0.19199812541053143,0.8015388518848793,0.027710661686332457,0.06845619428470272,False,2026-08-07T17:52:46.409617+00:00
1226960,8004,-160.159553,600,0.71,-19.219768699999996,-0.00809223903925158,15.973045280575752,0.7050866451114416,0.0003,4618.1492141698955,167.3917329539887,0.17669428475513477,0.06247779205919407,0.8259223920058395,0.13505264385062563,0.11899126569276663,0.8028891478188863,0.07388050688191307,0.3798114664544094,False,2026-08-07T17:52:47.494037+00:00
1231968,8028,-192.251268,600,0.63,-33.85303236,-0.0027263687399681656,10.29685256332159,0.7132116023451089,0.0003,1788.1853198720617,429.50358190780247,0.1573756282440899,0.059028189916369024,0.8039080392843723,0.13505264152435004,0.11899126482082575,0.8028891478188863,0.06399159497860334,0.37981146573714947,False,2026-08-07T17:52:50.294637+00:00
1236976,8054,-47.165824,228,0.6,-37.01561714,-0.0027263687399681656,10.29685256332159,0.7132116023451089,0.0003,5127.311995036008,148.81559786857508,0.1777867960675279,0.0013962242299746363,0.8756470050898358,0.1553994261684866,0.004504875952915956,0.802895820526809,0.07618131596300136,0.26454488217020317,False,2026-08-07T17:52:51.271369+00:00
1241984,8089,21.58986,20,0.64,-38.79732589,-0.006570271665987093,10.251798115670681,0.7118498876690864,0.0003,1909.4716761038444,396.9768232156674,0.14684622504873845,-0.13413294031561954,0.8709543074999064,0.14384702243293732,-0.1354349632725029,0.8799119311823981,0.009535696206780858,0.12560798963125208,True,2026-08-07T17:52:53.894088+00:00
1246992,8130,13.679112,65,0.72,-25.782758720000007,-0.008642113434325438,15.859552131593228,0.7108507264405489,0.0003,1874.3142610226555,401.7511981097273,0.18278460794396903,0.036815708257351185,0.8487937845542016,0.18252596655473158,0.059441809746061655,0.8028951403091729,0.05117316589265672,0.32023505270826297,False,2026-08-07T17:52:56.565993+00:00
1252000,8153,11.357529,83,0.74,-21.87155746,-0.008642113434325438,15.859552131593228,0.7108507264405489,0.0003,4730.247247041889,158.1312690299159,0.15789558838430612,0.05975889225244948,0.8039149825507503,0.16846901810026702,0.11007337026542234,0.8029067542927257,0.05142334720626977,0.37017026305092504,False,2026-08-07T17:52:57.624715+00:00
1257008,8189,18.148042,22,0.71,-22.940902980000004,-0.006075755345227663,13.624068602919579,0.7079437550157308,0.0003,1729.6321147697624,429.5664920045164,0.15103961371670646,0.04944138379755583,0.802853799986875,0.16846902056432722,0.11007336994994414,0.8029067542927257,0.06308743751335764,0.37017026279190396,False,2026-08-07T17:53:00.520128+00:00
1262016,8220,23.390984,20,0.66,-28.071341569999994,-0.005418992564227665,16.88956258893013,0.7020443376153708,0.0003,1749.5929790635976,421.80324728725054,0.14951722632695366,0.047342199440652835,0.8026290800326624,0.17409385614327375,0.1068686685801716,0.8029059710041456,0.06440099323734537,0.3671392879640847,False,2026-08-07T17:53:03.382511+00:00
1267024,8251,24.620617,19,0.7,-22.387107139999994,-0.005418992564227665,16.88956258893013,0.7020443376153708,0.0003,4318.695894570325,169.72160529328613,0.14600024007938764,0.04265788886336762,0.8020011388091965,0.1740938556176266,0.1068686710075669,0.8029059710041456,0.07009346973064766,0.3671392903695121,False,2026-08-07T17:53:04.542128+00:00
1272032,8286,21.880326,22,0.68,-22.79881418,-0.004464825142349582,9.935941970348358,0.6885659411549568,0.0003,1742.7903191307005,417.702572712883,0.14882259906713693,0.04628754858164992,0.8026191005111787,0.17838194055725168,0.09299834234411258,0.8029017048440307,0.05527868294792746,0.35347662643566924,False,2026-08-07T17:53:07.415672+00:00
1277040,8311,9.175262,103,0.68,-29.15135421,-0.004464825142349582,9.935941970348358,0.6885659411549568,0.0003,5119.137275985227,141.22692184707228,0.14495668647093465,0.04005558230115982,0.8021538276632647,0.17838194273189745,0.092998341161724,0.8029017048440307,0.06261583499528206,0.3534766253679692,False,2026-08-07T17:53:08.394001+00:00
1282048,8330,22.740294,20,0.66,-31.11369145,-0.002232210927468259,12.440512138605119,0.6773406989872456,0.0003,1901.6338178732847,377.5448213278676,0.14468074736406827,0.03761174993723813,0.8020993688345455,0.14265768705216308,0.0994444841476757,0.8028776638148336,0.06187071630456985,0.35986260295086153,False,2026-08-07T17:53:11.027503+00:00
1287056,8356,-7.650848,133,0.62,-38.03382682000001,-0.004656425298162503,9.505513870716095,0.6471009753644467,0.0003,1888.629468755274,377.4927860624112,0.14455748297742793,0.02689607893946952,0.8084573694360646,0.14265768952656252,0.09944448406919294,0.8028776638148336,0.07278745370489359,0.35986260275322496,False,2026-08-07T17:53:13.679148+00:00
1292064,8388,-222.252373,600,0.68,-35.7917104,-0.004656425298162503,9.505513870716095,0.6471009753644467,0.0003,4575.354865269836,154.72810762149456,0.14856448499681102,0.04155415988856796,0.8049211315800293,0.14423267922443148,0.10377387991440452,0.802877363203689,0.062403806698944554,0.3641154269080332,False,2026-08-07T17:53:14.773715+00:00
1297072,8420,23.959951,20,0.71,-31.729577270000004,-0.004420353536261246,12.985348431766033,0.6250085208564997,0.0003,1759.8766332946198,399.4189062468922,0.14941540792349398,0.03459052223073583,0.811371485298073,0.14423267706634862,0.10377388113684054,0.802877363203689,0.06989526420883468,0.36411542822277426,False,2026-08-07T17:53:17.619368+00:00
1302080,8438,-6.980991,112,0.75,-26.53855093,-0.004420353536261246,12.985348431766033,0.6250085208564997,0.0003,4507.2858621932,154.84263065143136,0.1539025804278931,0.034232062569565125,0.8155268882241067,0.18202860818258187,0.09542006548297652,0.8028967495858095,0.06851689966578882,0.3561020675682536,False,2026-08-07T17:53:18.730463+00:00
1307088,8468,-184.047605,600,0.74,-31.39060987,-0.0009753181206178851,8.802394950389862,0.629581194370985,0.0003,1772.1341711309442,391.00425424210175,0.14528068370910352,0.04127778958514815,0.8021516709186036,0.1820286096795792,0.0954200635087893,0.8028967495858095,0.06543967474685734,0.3561020656904521,False,2026-08-07T17:53:21.556431+00:00
1312096,8484,8.495956,85,0.72,-34.12644761,-0.0037288817271473817,9.10615832656622,0.6478301171213389,0.0003,1838.489101837581,374.1681140847861,0.14465512196663974,0.03677692642981326,0.8020911807119052,0.13841960619234717,0.10422668129757331,0.8028851961816365,0.0677420220340266,0.36486543925937603,False,2026-08-07T17:53:24.280405+00:00
1317104,8506,23.147332,20,0.65,-43.63762831,-0.0037288817271473817,9.10615832656622,0.6478301171213389,0.0003,5382.140742289512,126.88185476723571,0.15342519300086593,0.029206621878681623,0.8194152478492738,0.1384196084331582,0.10422668023690902,0.8028851961816365,0.07827144646948357,0.36486543806803323,False,2026-08-07T17:53:25.210893+00:00
1322112,8532,9.345298,107,0.67,-43.378669280000004,-0.00020221752347424627,8.806531217694282,0.6723992809653282,0.0003,2034.758889627145,333.15396898166057,0.16446740296127638,-0.009091849670256596,0.8692232134979133,0.14218019512432944,0.04273372869519612,0.8028795540716666,0.087086688719613,0.30325773845938964,False,2026-08-07T17:53:27.672130+00:00
1327120,8548,-164.063773,600,0.64,-49.31806797,-0.003365489625139162,11.859535516798497,0.7025579009205103,0.0003,2014.5364939593371,334.012315993111,0.17366850616435728,0.012137503020655624,0.85846201039139,0.1393728669745471,0.07220731720006235,0.802879554071667,0.0887354658156479,0.3328470823337837,False,2026-08-07T17:53:30.158043+00:00
1332128,8581,3.988137,124,0.65,-48.14277651,-0.003365489625139162,11.859535516798497,0.7025579009205103,0.0003,4868.38362402537,137.18557360682627,0.08518904502536005,-0.2684569033112338,0.7899893630531627,0.13908619408054584,-0.07782803935879208,0.8029028488976886,0.1985221009478094,0.18336851016981737,False,2026-08-07T17:53:31.186739+00:00
1337136,8616,22.351762,21,0.7,-34.78406167000001,-0.0065338238906406335,15.422517183423043,0.7047357443720103,0.0003,1744.354405718705,380.0053462913623,0.13418857778767124,-0.07964455694726434,0.8321498882022489,0.08214784317210784,-0.12948692349476199,0.7929028489126833,0.08205382169880522,0.15196914641339812,False,2026-08-07T17:53:34.057703+00:00
1342144,8648,-159.360337,600,0.73,-23.086869939999996,-0.0065338238906406335,15.422517183423043,0.7047357443720103,0.0003,4480.44022958202,146.82842896921568,0.1446112602637725,0.01745638513458316,0.8170605451532903,0.13885361536805274,0.08839409112475112,0.8028853758090565,0.07256889162602957,0.34903525941320546,False,2026-08-07T17:53:35.175461+00:00
1347152,8679,3.636765,70,0.75,-19.39527199,-0.008549906383268534,14.705418315529823,0.6945355735719204,0.0003,1763.0163892377232,370.30171924962787,0.14465939539508008,0.03700804648895757,0.8020885128109119,0.1388536150630104,0.08839409357516236,0.8028853758090565,0.0517191251960792,0.3490352618775964,False,2026-08-07T17:53:38.016045+00:00
1352160,8719,19.902252,22,0.75,-22.57908803,-0.005248914324329235,15.739068286120892,0.6881590735167264,0.0003,1786.0645312479407,362.7192571521186,0.1549252263574359,0.05510471272605868,0.8034843853858561,0.16467785008557256,0.11952397973667779,0.8029013831073308,0.06515593237322923,0.3795528072305477,False,2026-08-07T17:53:40.819970+00:00
1357168,8749,-162.531389,600,0.78,-20.72503166,-0.005248914324329235,15.739068286120892,0.6881590735167264,0.0003,5100.579633594889,126.03116629451229,0.1552138539391159,0.05556952453558458,0.8035901490245582,0.16467784804190067,0.11952398115061959,0.8029013831073308,0.06465457527345357,0.3795528086191946,False,2026-08-07T17:53:41.801837+00:00
1362176,8779,-165.847434,600,0.77,-23.346737570000002,-0.005555751899373717,13.630700406432151,0.6785724367946386,0.0003,1898.6007467833272,335.9442479313372,0.08508812531580023,-0.2157659437314268,0.8292507043850825,0.16870776118072642,0.11444029171439594,0.8029002524629101,0.3416471099628792,0.3745415292914025,False,2026-08-07T17:53:44.439553+00:00
1367184,8799,21.885312,21,0.76,-27.632005040000003,-0.005555751899373717,13.630700406432151,0.6785724367946386,0.0003,5220.2044762131745,121.22437021069634,0.1458129977616857,0.037591981044844486,0.8021424604142919,0.16870776362855538,0.11444029134062245,0.8029002524628513,0.08018982072684672,0.3745415289746399,False,2026-08-07T17:53:45.398908+00:00
1372192,8827,-19.318294,10,0.7,-32.81434258,-0.00022586030609090814,5.375421703606844,0.6866539254784584,0.0003,1867.7246963101964,336.13519232265486,0.18082612917205337,0.024404656651963366,0.8558394385811736,0.16659510576271547,0.055531572817586895,0.8028966713476207,0.06304239478006088,0.3156004893290908,False,2026-08-07T17:53:48.080260+00:00
1377200,8852,23.47767,19,0.71,-30.68522037999999,-0.003908341491478495,9.504586049169301,0.6857349202036858,0.0003,1933.411930430185,322.12483547746945,0.17466651083350554,0.03280240791387551,0.8417280401736686,0.13838473703522336,0.0810974338011201,0.8028838768518094,0.07181675055009532,0.3417816246358864,False,2026-08-07T17:53:50.670483+00:00
1382208,8877,-163.68852,600,0.67,-35.72023889,-0.003908341491478495,9.504586049169301,0.6857349202036858,0.0003,4392.135133004588,140.65869589430838,0.14926440318932202,0.04437016507592571,0.8037129481348616,0.13836471351688798,0.08404029924858962,0.8028867366857725,0.04114857720008224,0.3447199053264337,False,2026-08-07T17:53:51.810709+00:00
1387216,8916,23.228396,20,0.65,-33.24762644999999,-0.005131706470274366,9.310245372354984,0.6680879045277834,0.0003,1708.562101192882,358.6548007661923,0.17684614856035674,-0.04018366360773412,0.7997733274071737,0.14051388503957288,-0.0757692136682586,0.8026896243460638,0.05093986193041316,0.18525844463522503,False,2026-08-07T17:53:54.741827+00:00
1392224,8925,-200.55909,600,0.65,-36.34390062000001,-0.005131706470274366,9.310245372354984,0.6680879045277834,0.0003,4573.834543400974,132.88106384978127,0.1201216235932385,-0.08316969479340176,0.8370443896810911,0.08742127299256235,-0.14678972920149813,0.7928795385490452,0.08406756677227119,0.13447764508753968,False,2026-08-07T17:53:55.836761+00:00
1397232,8951,18.667049,67,0.56,-47.538411190000005,-0.007900335859449114,9.512432090938091,0.666255684942007,0.0003,1865.3217126407712,323.14425759117444,0.031668015980515725,-0.21009681144457187,0.8077700749890305,0.15275203957301853,-0.22728252475076818,0.8029051408361202,0.12239426904681731,0.033510686609426354,False,2026-08-07T17:53:58.521546+00:00
1402240,8976,22.376346,20,0.57,-45.46899309,-0.0067794032031088134,15.977607299387454,0.6731684524565935,0.0003,526.7822476742037,1134.738314814461,0.161794202016836,0.050367973388025275,0.8143964022413406,0.14736177233376152,0.11002826699081107,0.8029059934974105,0.062447379067740526,0.37024403191782396,False,2026-08-07T17:54:08.028317+00:00
1407248,9001,-188.294996,600,0.59,-45.74937891,-0.0067794032031088134,15.977607299387454,0.6731684524565935,0.0003,4424.155113003537,133.98083585672103,0.15536813995659798,0.04538339238245845,0.809669774444614,0.14736177085663849,0.11002826897714128,0.8029059934974105,0.06548901242810362,0.370244033953418,False,2026-08-07T17:54:09.160291+00:00
1412256,9027,17.599178,91,0.62,-40.20135937,-0.007549845911853481,13.838941840827465,0.6810822214931249,0.0003,1807.3795749536712,325.1912371617156,0.18001258850135862,-0.06769632190773371,0.8215078668662439,0.14770039916867578,-0.08391680869762871,0.8023176193395074,0.04093222900490171,0.17651223878201022,False,2026-08-07T17:54:11.931166+00:00
1417264,9058,3.435296,108,0.68,-34.26342741999999,-0.0064306170825148,11.98935538083315,0.6626929298043251,0.0003,1850.2570339247234,314.94867432764926,0.06493844209562855,-0.22455562011526786,0.7942824621889201,0.18514778280108896,-0.280445160696179,0.8028421242029783,0.13284274219159165,0.032410115329991135,False,2026-08-07T17:54:14.637796+00:00
1422272,9095,-19.477233,10,0.71,-29.65846981,-0.0064306170825148,11.98935538083315,0.6626929298043251,0.0003,4907.125745556912,117.73246294393326,0.14738751614706166,0.03435920125586207,0.809346646105701,0.17810294722561132,0.07414064104216216,0.8028927250333586,0.05067202142228172,0.33463066908805644,False,2026-08-07T17:54:15.658364+00:00
1427280,9120,28.427264,58,0.72,-25.51622409,-0.0015451960163773038,13.12540500164032,0.64686185605824,0.0003,1916.8403967959632,298.78335251975744,0.15286966132816093,0.02520395619374485,0.8221170108614916,0.18145333091364485,0.07530654068344368,0.8028928320888163,0.06080184363161453,0.33599214519447956,False,2026-08-07T17:54:18.270989+00:00
1432288,9153,21.229017,20,0.69,-28.454680419999995,-0.0015451960163773038,13.12540500164032,0.64686185605824,0.0003,4324.923067293341,131.26522510729657,0.14433596848898866,-0.2597655642229355,0.8268528657946956,0.1506493803255856,-0.23671538825446362,0.8045393111376276,0.03269655184618045,0.025091975459017108,False,2026-08-07T17:54:19.428950+00:00
1437296,9189,22.848263,64,0.69,-23.851898600000006,-0.0040301090222783385,12.423782622814178,0.6347913436591626,0.0003,1988.9306230694872,282.9178622286922,0.16261278329891315,-0.012475854806797963,0.8717656957046357,0.185803522938622,-0.02382829225209504,0.8029036299573323,0.07354367641049825,0.23757713976013312,False,2026-08-07T17:54:21.946880+00:00
1442304,9213,-1.317759,118,0.69,-27.90709947,0.0017885007677250543,6.277544394880533,0.646564956009388,0.0003,1665.2207400229015,334.908151571743,0.08518904502536005,-0.2684569033112338,0.7899893630531627,0.16169937122547376,0.09185031381400245,0.8028896101298577,0.3685668692414169,0.35185441761270236,False,2026-08-07T17:54:24.954276+00:00
1447312,9233,-8.407969,163,0.64,-36.30988029,0.0017885007677250543,6.277544394880533,0.646564956009388,0.0003,4420.40767609859,125.03100177579033,0.14574946047744383,0.02545725801665536,0.8120276148090435,0.160990768027661,0.09165718377490902,0.8028896101519142,0.06854364124667087,0.35165857947984824,False,2026-08-07T17:54:26.087210+00:00
1452320,9258,-162.859791,600,0.65,-32.690584599999994,-0.0023486170583055356,5.809033902734518,0.6592124730348587,0.0003,1847.4513205997876,296.45165417521906,0.037145259160478665,-0.21432335875406044,0.820666052850596,0.17648908971856428,-0.2921351427372737,0.8029043240320094,0.16058286288354598,0.03611865831522284,False,2026-08-07T17:54:28.797968+00:00
1457328,9287,-153.092009,600,0.62,-38.771098359999996,-0.0023486170583055356,5.809033902734518,0.6592124730348587,0.0003,4927.681326417791,110.12725134855643,0.12072099403410036,-0.15765160244470133,0.838469055389039,0.0472197078700628,-0.16579894206078588,0.7928973435150183,0.08686540815374279,0.14694636303692973,False,2026-08-07T17:54:29.814273+00:00
1462336,9313,-155.273399,600,0.63,-36.330597940000004,-0.005316778099222574,9.308454463630914,0.6717925861477851,0.0003,1890.7499163770317,284.3654760171811,0.1450086879584241,0.036981781434805974,0.8048021491864641,0.13644098837613458,0.10096047660489586,0.8028984149832988,0.06457788410683606,0.3617284792486306,False,2026-08-07T17:54:32.462959+00:00
1467344,9341,-19.564199,10,0.67,-30.48520649,-0.0054533787610125724,11.700039579719306,0.6715129863470792,0.0003,1935.8172130542462,275.1582103971475,0.14932647097939777,0.04680239352106931,0.8027450742747385,0.13644099083334005,0.10096047630702173,0.8028984149832988,0.05567007313644762,0.36172847879135367,False,2026-08-07T17:54:35.049975+00:00
1472352,9364,22.437717,21,0.63,-32.13216814,-0.0054533787610125724,11.700039579719306,0.6715129863470792,0.0003,4382.192242472795,120.40731460522538,0.0955248089536167,-0.16493484605897668,0.8376487850645051,0.09691630509096114,-0.1965887210512638,0.7928894203937868,0.05483889850511157,0.08944575373538496,False,2026-08-07T17:54:36.192792+00:00
1477360,9395,15.527308,71,0.61,-37.02420958999999,-0.003411445328674745,6.824659537151456,0.6781728643923998,0.0003,1698.869540545778,307.63986729204464,0.157734458000116,0.027119162404351464,0.8254048260274359,0.1554555966580316,0.08885905773531459,0.8029030625195267,0.06575208928589726,0.3488886552550915,False,2026-08-07T17:54:39.140627+00:00
1482368,9408,-166.965415,600,0.6,-38.39763104,-0.003411445328674745,6.824659537151456,0.6781728643923998,0.0003,4456.332431674408,116.15650491440257,0.15997347101236453,0.033641910300489936,0.8225518716659544,0.1554555950614045,0.08885905585001092,0.8029030625195267,0.05878282118627848,0.3488886533907444,False,2026-08-07T17:54:40.264422+00:00
1487376,9434,22.833914,21,0.56,-43.36725689000001,-0.0012731602633721194,5.413166330382228,0.6746197190135718,0.0003,1742.48179894826,294.19188212434324,0.1393877328022739,-0.010316500422751923,0.8362653232844717,0.1658304233801824,-0.025930599760228715,0.8028909898865825,0.045352641740840915,0.23414200384680753,False,2026-08-07T17:54:43.138493+00:00
1492384,9469,-83.376098,262,0.62,-39.39087962000001,-0.007083174058789154,14.54722154289484,0.6767227876931429,0.0003,1846.1474613518901,274.9596175964648,0.18261245694536227,0.025366330241304236,0.858981998677329,0.14479531246962413,0.07859493614690286,0.8028786388146183,0.08608721095980056,0.3389361493072428,False,2026-08-07T17:54:45.851164+00:00
1497392,9492,23.167372,20,0.64,-34.041355360000004,-0.007083174058789154,14.54722154289484,0.6767227876931429,0.0003,5314.612141461039,94.57096522227644,0.17580594580654652,0.036832723096705086,0.8392488506375871,0.1447742093431233,0.08300700273769472,0.8028786388146181,0.06646672157062736,0.3433447664203198,False,2026-08-07T17:54:46.793475+00:00
1502400,9509,-176.15522,600,0.6,-41.35268563,-0.0036800901289097965,8.222839580103756,0.6518730234354735,0.0003,1921.6268507542989,258.9472559694284,0.038840433881881534,-0.18567878689157946,0.8008335996178535,0.04716106782449429,-0.223957566427138,0.79336135015189,0.03987897220366198,0.11845539933815828,False,2026-08-07T17:54:49.399604+00:00
1507408,9538,23.911095,19,0.64,-37.723493,-0.004111639653274324,6.486282628774643,0.6287606168538332,0.0003,1991.872320346176,247.30099161897604,0.15154946417364845,0.026758146120314467,0.8183081217598288,0.15829308489454347,0.09650983305250495,0.8028895173412748,0.07175310176242872,0.3565139192546375,False,2026-08-07T17:54:51.913821+00:00
1512416,9557,-76.403124,216,0.6,-42.35954394,-0.004111639653274324,6.486282628774643,0.6287606168538332,0.0003,4725.564873868023,103.18004577533124,0.16248715829754087,0.035242018268657124,0.8246362036065972,0.15829308243376744,0.09650983324430591,0.8028895173412748,0.06514793770921519,0.356513919458218,False,2026-08-07T17:54:52.973587+00:00
1517424,9594,-182.071618,600,0.62,-44.758688060000004,-0.002081480140623171,6.863907614722848,0.6323420722037554,0.0003,1746.0996720536345,276.37368457462077,0.08518904502536005,-0.2684569033112338,0.7899893630531627,0.18028960468296942,0.03323300782663451,0.8029075340780395,0.31658774150651087,0.29393411666093866,False,2026-08-07T17:54:55.841692+00:00
1522432,9624,23.16486,20,0.67,-31.815312449999997,-0.002081480140623171,6.863907614722848,0.6323420722037554,0.0003,4348.066495270033,109.83456681711604,0.17146241265479661,0.017929556723062567,0.8497707439176958,0.18082858036164162,0.06948940662857682,0.8028830410624476,0.07031784907712947,0.33014708667551956,False,2026-08-07T17:54:56.993472+00:00
1527440,9648,23.760736,19,0.68,-28.753370780000004,-0.007055728245904902,14.856019008159638,0.6312579479068517,0.0003,1780.1818730074194,265.4560228734733,0.17161350311755671,0.02212396114727887,0.8455235831348704,0.18699963499698102,0.07847553527935922,0.8028830410624488,0.07232184171883584,0.33955068586680687,False,2026-08-07T17:54:59.806670+00:00
1532448,9666,-156.787167,600,0.66,-34.68281091,-0.004488586014485918,5.8622013088315725,0.638912096619606,0.0003,1834.943421569878,254.80458661771047,0.17125571199037726,0.03559576513600973,0.8348180260393274,0.13789763102696592,0.09091224513467104,0.8028811363895667,0.07205997117335529,0.3516076200819254,False,2026-08-07T17:55:02.535907+00:00
1537456,9695,5.988222,68,0.67,-34.05220146,-0.004488586014485918,5.8622013088315725,0.638912096619606,0.0003,5022.909559252906,92.08686609694752,0.1484283853149578,0.029291068131127217,0.8140376801445723,0.13789762871065156,0.09091224428277928,0.8028811363895667,0.06350224132681796,0.35160761937732404,False,2026-08-07T17:55:03.532943+00:00
1542464,9731,21.4897,21,0.67,-36.061713149999996,-0.006465718262188602,13.271066737174987,0.6485511410981417,0.0003,1866.0462020919542,245.1900705818932,0.1479360561724599,-0.022292787628401256,0.8660586494448353,0.1444121547353279,0.030401876948669665,0.8028943476105671,0.08233392121379363,0.2908199289170288,False,2026-08-07T17:55:06.216688+00:00
1547472,9764,22.76947,20,0.75,-23.22815564,-0.006465718262188602,13.271066737174987,0.6485511410981417,0.0003,4955.50545905795,91.31823256754646,0.12809048204281348,-0.15435673550121334,0.86688277480558,0.1780779942901733,-0.0023431510702422256,0.8028845535326149,0.1723445779777691,0.25829027406769994,False,2026-08-07T17:55:07.227289+00:00
1552480,9804,11.519633,69,0.73,-19.56077411,-0.005928374218638055,19.507630121707916,0.6475694924592972,0.0003,1869.0218036347962,239.4407594013519,0.14462102991317666,0.029115626900838576,0.8068158749110963,0.14283967023212304,0.0960259801625036,0.8029012155724359,0.06704843900980732,0.35643930123993584,False,2026-08-07T17:55:09.906769+00:00
1557488,9834,4.322356,105,0.7,-21.776638609999996,-0.005670883934362792,14.803993132710456,0.6514027819037438,0.0003,1791.550906305759,246.9994005989343,0.17038456929690035,0.046380543980065976,0.8267232665488023,0.14283967245914997,0.09602598123556619,0.8029012155724359,0.061570129891147074,0.3564393022045366,False,2026-08-07T17:55:12.702112+00:00
1562496,9852,22.410535,21,0.68,-27.736421329999988,-0.005670883934362792,14.803993132710456,0.6514027819037438,0.0003,4522.215167548501,96.7455071884984,0.08517007828258855,-0.2686328112814988,0.7900366843656719,0.18306930678951389,-0.06395935981926375,0.8028968253706618,0.22724626268078268,0.19739332693437642,False,2026-08-07T17:55:13.809531+00:00
1567504,9876,20.494018,64,0.7,-29.263477439999992,-0.003009864134219242,11.047013437747955,0.6487489759922027,0.0003,1713.9571455929834,252.3376976560099,0.15738635789294186,0.022760872267321087,0.8284309915804706,0.13841495162027082,0.0878345710330235,0.8028913776137752,0.07243460780994088,0.348503662992633,False,2026-08-07T17:55:16.731420+00:00
1572512,9903,14.756896,90,0.69,-34.87821607,-0.003009864134219242,11.047013437747955,0.6487489759922027,0.0003,4310.506935161422,99.17348618857777,0.1579833460387525,0.02515063415608209,0.8265587496062178,0.13838359712089246,0.08808952849095127,0.8028913776137756,0.07003998197292473,0.348760073286041,False,2026-08-07T17:55:17.893240+00:00
1577520,9920,-21.730874,134,0.67,-40.61811869,-0.0024233437463408334,8.882577697932721,0.6467709891498089,0.0003,1899.1479977599083,222.45764969255978,0.1671650860060393,0.02294268163749248,0.8393293748307789,0.15951171910352646,0.07915323140598238,0.8029068223502861,0.06741514859002097,0.33915358289623554,False,2026-08-07T17:55:20.530214+00:00
1582528,9940,20.142895,22,0.63,-48.000980139999996,0.0001908441656269133,6.1142988376319405,0.6500339027494192,0.0003,1928.3780999451737,216.48866475504428,0.14508058752196182,0.04048810355900173,0.8021727626426997,0.15203425840075285,0.08941858330274763,0.8029068223502863,0.049427565490300814,0.34950936954039613,False,2026-08-07T17:55:23.127216+00:00
1587536,9958,8.116981,81,0.63,-47.06184524999999,0.0001908441656269133,6.1142988376319405,0.6500339027494192,0.0003,4883.661943446442,84.45793438948,0.15542674525117126,0.030031660717096273,0.8206471658183759,0.13855880031297843,0.07955115349967684,0.8028788451748855,0.055248718993039486,0.3402274399383151,False,2026-08-07T17:55:24.152676+00:00
1592544,9978,-167.890274,600,0.56,-54.94991029,-0.0020729894349642564,5.208627465739847,0.6461677219718694,0.0003,1826.9930620608338,223.0200039951946,0.15520515631616433,0.03158699331427929,0.8193840307750087,0.13631191867769235,0.08427326729145805,0.8028788451748873,0.058354254735679484,0.34508724660333073,False,2026-08-07T17:55:26.893795+00:00
1597552,9997,-19.84195,10,0.56,-55.297658010000006,-0.007147159814485349,13.858881924301386,0.6318636421114207,0.0003,1790.1817619945375,224.80845718795118,0.1454569213235322,0.030977411030164194,0.810003550122068,0.14158409944524797,0.09284665208426694,0.8028888856878258,0.06239727708741353,0.3533269099294848,False,2026-08-07T17:55:29.691267+00:00
1602560,10018,-0.557795,128,0.57,-52.68974179,-0.007147159814485349,13.858881924301386,0.6318636421114207,0.0003,371.6064000709349,1069.5187163733826,0.14539200012669712,0.03549183144853173,0.8016743623569859,0.14158409732258642,0.09284665334262604,0.8028888856878258,0.05749391954972272,0.3533269112967696,False,2026-08-07T17:55:43.167900+00:00
1607568,10051,15.66533,60,0.6,-48.0049319,-0.004774108628043905,9.194383227825165,0.6126648269593715,0.0003,1720.5963319195087,228.0790634734181,0.08036001414576219,-0.2667927066753765,0.7891201904236863,0.16856345131841974,-0.07470942723680223,0.8028802942862855,0.21181400573913398,0.18548835287800913,False,2026-08-07T17:55:46.078513+00:00
1612576,10076,-191.731031,561,0.68,-38.88032959,-0.004774108628043905,9.194383227825165,0.6126648269593715,0.0003,5246.168021141445,73.84895002194487,0.16754824496657733,-0.06810977080415329,0.8126494633018534,0.1496683211731259,-0.08831298750129363,0.8006458754997174,0.02952876157062514,0.17199759837890946,True,2026-08-07T17:55:47.033122+00:00
1617584,10099,-75.466917,211,0.68,-38.566319240000006,-0.001877436722861603,12.077730284631253,0.600932576879859,0.0003,1921.1018856273004,199.06075927624687,0.0850928982708719,-0.25815781737737303,0.799573645906597,0.17811395432051066,-0.05825947956662618,0.8028865798020832,0.22050677508658403,0.20255209928769946,False,2026-08-07T17:55:49.639973+00:00
1622592,10130,-173.784444,600,0.72,-28.73622745,-0.007074178614129778,17.519235920906066,0.5859591711312533,0.0003,1988.8078407512621,189.76594534011693,0.1434177720590639,-0.03569061082676267,0.8483032210788463,0.17338783798523846,-0.06556100715680643,0.8028836614379798,0.06207561378273567,0.19489934875159146,False,2026-08-07T17:55:52.158046+00:00
1627600,10158,18.671177,26,0.71,-30.028693379999996,-0.007074178614129778,17.519235920906066,0.5859591711312533,0.0003,4979.220198803047,74.79082770621815,0.12709661811602113,-0.14361070426045042,0.8790074773368768,0.15458634143455938,-0.1556123534114448,0.8028767375571535,0.08182673163386946,0.10452793147939105,False,2026-08-07T17:55:53.163838+00:00
1632608,10180,23.762695,67,0.66,-35.198049759999996,-0.007161744097538758,15.031466108560561,0.5700413290411234,0.0003,1939.0084028322992,189.47416600327904,0.15476022795535635,0.05494122747372495,0.8033250734426085,0.14348810010400925,0.11004841316556638,0.8028827736267695,0.05624996364709313,0.37041661804585513,False,2026-08-07T17:55:55.746600+00:00
1637616,10212,-153.79292,600,0.67,-29.666611800000002,-0.007161744097538758,15.031466108560561,0.5700413290411234,0.0003,4305.6525776019125,84.16470987118852,0.15400328156201237,0.05387025094247861,0.8031408803360616,0.14348810121137293,0.11004841094112207,0.8028827736267695,0.05715436376789649,0.3704166157742595,False,2026-08-07T17:55:56.909743+00:00
1642624,10239,22.508419,21,0.65,-32.21488363,-0.004410048828867729,14.480835062265395,0.5603598054498434,0.0003,1762.8271494728615,202.72889494972108,0.16259597994529223,0.06756755270821202,0.8049684538420858,0.17780705158933963,0.11727380165763644,0.8028888625142282,0.05202319276316477,0.3776938078702258,False,2026-08-07T17:55:59.750611+00:00
1647632,10255,20.580967,64,0.63,-38.45539068000001,-0.002147746812988771,6.49243906326592,0.5605439227074385,0.0003,1843.9700839848365,191.0920372626271,0.1559215468190794,0.05669452450383545,0.8035785510460991,0.1778070538988446,0.11727380257544438,0.8028888625142282,0.06441506052226269,0.3776938088958989,False,2026-08-07T17:56:02.466489+00:00
1652640,10283,-19.436288,10,0.63,-37.069297119999995,-0.002147746812988771,6.49243906326592,0.5605439227074385,0.0003,4944.132892548756,70.25701119876898,0.08527096321996631,-0.18447923855366094,0.8278218063323938,0.06896980207838219,-0.1679036245924366,0.7929001318227596,0.04195237994812997,0.12949223643469812,False,2026-08-07T17:56:03.479421+00:00
1657648,10308,21.761454,22,0.64,-36.593440689999994,0.00020233119576005266,6.844033317267895,0.559929858893156,0.0003,1913.2038314947483,178.9417281965859,0.09350142537194267,-0.10414609498320662,0.8967448512456595,0.06896980311974843,-0.16790362682944843,0.7929001318227598,0.1243002377691598,0.12949223411165187,False,2026-08-07T17:56:06.097004+00:00
1662656,10323,21.655981,23,0.62,-40.98713315,0.00020233119576005266,6.844033317267895,0.559929858893156,0.0003,5013.094005262955,67.29257413602103,0.11003222382427415,-0.10075665236207648,0.8399103164023501,0.07409046581352798,-0.15684554717949964,0.7929042140955581,0.08153126850981526,0.13424339537136806,False,2026-08-07T17:56:07.096002+00:00
1667664,10354,17.151882,61,0.61,-43.18032623999999,-0.0017026567293214612,8.503335198760032,0.5750709000974894,0.0003,1798.1587392302401,184.8201678469539,0.08525709643286525,-0.24915770755361233,0.8056910076215569,0.16458502586882112,0.044820505613916366,0.8028988704706279,0.30450600361181474,0.3048549870101216,False,2026-08-07T17:56:09.881066+00:00
1672672,10374,21.330267,23,0.66,-38.059820470000005,-0.009993720024067444,13.817913284897804,0.5797560233622789,0.0003,1762.0692661479382,185.7634125334767,0.08486238146596474,-0.15738654733680602,0.8218725793427981,0.09062537579979876,-0.2162465284364275,0.7928967455744783,0.065858244900004,0.08201953887204863,False,2026-08-07T17:56:12.723178+00:00
1677680,10393,-9.36769,15,0.63,-41.813819300000006,-0.009993720024067444,13.817913284897804,0.5797560233622789,0.0003,4506.038549071454,71.5306796623876,0.10105027740602131,-0.1893376801791664,0.8562199428924914,0.09567707861359488,-0.23580550862149052,0.7928967455744786,0.07872710882525899,0.0687227155222087,False,2026-08-07T17:56:13.834578+00:00
1682688,10432,-13.981652,180,0.68,-37.374522119999995,-0.005563544674078003,10.325798474997281,0.5930580731481314,0.0003,1765.99853491162,179.6785182587255,0.1451646681677274,0.03239211222549952,0.8044087325847187,0.1411638173864382,0.09416930298673286,0.8028818184179122,0.06192543558342364,0.3546698421822183,False,2026-08-07T17:56:16.670362+00:00
1687696,10452,-163.643236,600,0.7,-30.79374387,-0.0033588941165362484,8.988697701692582,0.5995645016431809,0.0003,1770.3318740613713,176.40986109770145,0.1737864280055236,0.030113169424194692,0.8418292858449219,0.14116381565948247,0.09416930476603903,0.8028818184179122,0.0817577429372334,0.3546698440507303,False,2026-08-07T17:56:19.499211+00:00
1692704,10487,5.72208,64,0.7,-27.60830343,-0.0033588941165362484,8.988697701692582,0.5995645016431809,0.0003,4952.949955693597,62.043025418973194,0.16820683913827808,0.03893935276119323,0.8281672598018296,0.1445603587526013,0.09206389206709101,0.8029002529331095,0.06340184813708527,0.3524022795318962,False,2026-08-07T17:56:20.510342+00:00
1697712,10515,13.335263,81,0.73,-22.938965729999996,-0.005763351378845982,20.037054227292536,0.5986235469579697,0.0003,1838.521124581006,164.41910618181808,0.1451069048869026,0.040466769679880374,0.8021020784109064,0.14443504481043296,0.09433849285113624,0.8029002529331104,0.05388182472755238,0.35468018741687274,False,2026-08-07T17:56:23.234257+00:00
1702720,10533,-199.383567,600,0.68,-32.60223326,-0.005763351378845982,20.037054227292536,0.5986235469579697,0.0003,5403.910156227891,55.01201748467101,0.14068335390946632,-0.016360688737693328,0.8495893667780159,0.1506163922881494,0.012139518181218042,0.8028766798359311,0.05561476572999629,0.2723012476093259,False,2026-08-07T17:56:24.161016+00:00
1707728,10554,-421.89541,600,0.66,-42.09006735,-0.005032731930259615,17.179170592129232,0.5941256109625102,0.0003,1867.124863855035,156.53586198651374,0.14319213625996505,-0.19306802791517624,0.8071447409065446,0.1775002899306166,-0.15562084218717606,0.802760778276292,0.05097607532538998,0.10583604647458278,False,2026-08-07T17:56:26.843208+00:00
1712736,10577,23.281805,21,0.68,-38.69402132,-0.005364007233583834,11.969940163195133,0.5790451884269714,0.0003,1757.758728908539,163.42629695167176,0.18726642860616521,0.02661517108305966,0.8640049024497443,0.1415178656557512,0.06188127951132633,0.8028906064869832,0.08409272612257383,0.3224114566664272,False,2026-08-07T17:56:29.692281+00:00
1717744,10601,4.559529,102,0.66,-45.40071532000001,-0.005364007233583834,11.969940163195133,0.5790451884269714,0.0003,4358.182270342451,64.76461572540454,0.14434686884225653,0.021638766146946008,0.8037025714045174,0.13836806125315784,0.08494647768270573,0.8028906064869845,0.06359458913390142,0.3456240923889024,False,2026-08-07T17:56:30.841406+00:00
1722752,10620,18.762058,59,0.64,-48.48924584,-0.0023687010892899708,8.30372196212411,0.5812638603150845,0.0003,1717.0289457111785,161.46961336471023,0.1691531087373794,0.011043353049729244,0.8523469809914885,0.16789930258143393,0.0179402641536275,0.8028828441360875,0.049958385157064564,0.27805249399899523,False,2026-08-07T17:56:33.758068+00:00
1727760,10641,8.778665,100,0.65,-42.83816398,-0.0023687010892899708,8.30372196212411,0.5812638603150845,0.0003,4445.22299089542,61.243271835314964,0.16097016265986114,0.06486139920726704,0.8045874469406823,0.16277549561715587,0.11892648594384911,0.8028854784098365,0.05412198747090527,0.3789366505442235,False,2026-08-07T17:56:34.884652+00:00
1732768,10662,22.082422,20,0.62,-43.7544097,-0.0023538459587143733,9.219169774651528,0.5865019217133522,0.0003,1873.2362998287563,142.6579230951425,0.1580305733850233,0.060057446810467534,0.8039302060993133,0.16277549348451736,0.11892648467013371,0.8028854784098365,0.059069191133945216,0.3789366492549219,False,2026-08-07T17:56:37.558119+00:00
1737776,10683,-145.810209,600,0.59,-48.95602221,-0.0010172130932915024,8.063128045201301,0.5870605520904064,0.0003,1879.2496619733456,139.53654232649757,0.14597290903122495,0.030803088944412887,0.8094478771446618,0.13802554151756083,0.08297681208024453,0.8028920142446274,0.05318117500221019,0.3436800408087788,False,2026-08-07T17:56:40.222999+00:00
1742784,10700,-106.582052,329,0.56,-51.83351830999999,-0.0010172130932915024,8.063128045201301,0.5870605520904064,0.0003,5179.399263815299,49.66135779432596,0.15478618277350575,0.029483220321480742,0.819963905408779,0.13802554092416797,0.0829768130698082,0.8028920142447484,0.058599770035744916,0.3436800418342584,False,2026-08-07T17:56:41.189914+00:00
1747792,10725,-156.406065,600,0.55,-51.54390284000001,-0.0087319185884553,7.050253044441343,0.5825189284980297,0.0003,1941.7189131256498,129.8890371284546,0.1517767207764728,0.0022486247910726495,0.8408319624660721,0.13795291774711543,0.07588499921908214,0.8028790544448042,0.08398712041954585,0.33660779333858015,False,2026-08-07T17:56:43.769063+00:00
1752800,10747,-19.409444,10,0.55,-52.617892409999996,-0.0087319185884553,7.050253044441343,0.5825189284980297,0.0003,4390.603792523438,56.302051308056036,0.14492017921094474,0.03687790405720401,0.8034779014908013,0.13749680542992906,0.08043025891232823,0.8028790544448061,0.044184530205761276,0.3411732037381795,False,2026-08-07T17:56:44.909699+00:00
1757808,10766,-163.822259,600,0.54,-53.24616512999998,-0.004409840703010559,12.342553877830506,0.573274290561676,0.0003,1751.1872625734466,138.30159982096274,0.14613209094262064,0.04265721099351723,0.8019367748497145,0.17417540371951937,0.10780659680394321,0.8029077411411658,0.07093527076509852,0.3680796581218661,False,2026-08-07T17:56:47.769469+00:00
1762816,10793,22.21562,19,0.55,-52.97063195,-0.007821889138722327,12.402950643002987,0.5773770030587911,0.0003,1750.0617732541186,135.52893024968643,0.14914739244034758,0.046745810639486754,0.8026642375256009,0.17417540613003166,0.10780659740695397,0.8029077411411658,0.06599151796953838,0.3680796588172626,False,2026-08-07T17:56:50.631071+00:00
1767824,10813,14.912685,73,0.64,-40.74747602,-0.007821889138722327,12.402950643002987,0.5773770030587911,0.0003,4336.081214585613,53.54512254498637,0.12173334945211543,-0.1378029447510577,0.8384510760566395,0.08020305141186719,-0.15953352467157314,0.7928960713107119,0.06536239145254125,0.1283006846002566,False,2026-08-07T17:56:51.786044+00:00
1772832,10836,-93.957672,305,0.59,-49.13016126999999,-0.005889759160345421,8.714794229716063,0.5622808378189802,0.0003,1868.819599003715,121.55694435198848,0.18084222728624288,-0.13527834437513975,0.8695856994192527,0.19040503202438613,-0.11575925079888773,0.845575851501472,0.03238695795429538,0.14741051421965165,True,2026-08-07T17:56:54.465801+00:00
1777840,10859,-44.880119,131,0.64,-41.64262541,-0.00486960435155197,14.507728031277656,0.556181612983346,0.0003,1918.3636139632265,115.80703386102621,0.10277982924206228,-0.21095911225300285,0.8527007675376637,0.07121060232377774,-0.26433637487232897,0.792877424454235,0.08616600623580194,0.08889522645642851,False,2026-08-07T17:56:57.076359+00:00
1782848,10878,20.965599,66,0.65,-40.53482532,-0.00486960435155197,14.507728031277656,0.556181612983346,0.0003,5134.405683831727,42.29350257300721,0.07537672228656875,-0.18163755118376151,0.8624893276039753,0.08870331016942876,-0.2749548310128151,0.7928774244542355,0.11718160998818135,0.07284823231498852,False,2026-08-07T17:56:58.051750+00:00
1787856,10895,14.648566,65,0.61,-44.962314119999995,-0.007819435889541638,9.23056924752891,0.5731154639273882,0.0003,1935.261109331408,109.62034992440441,0.14343176658650345,-0.17562221973240766,0.851137640573181,0.17229062170942225,-0.1547535161758949,0.8028970573041863,0.059962406399910594,0.1059616993981398,False,2026-08-07T17:57:00.639514+00:00
1792864,10916,20.982515,62,0.56,-50.41629541000001,-0.007819435889541638,9.23056924752891,0.5731154639273882,0.0003,4510.4739968498725,45.92333314517817,0.15668124663467559,0.05788101442332995,0.8037751397173473,0.17863701914493488,0.10972173975827439,0.8028940084373565,0.05630535624705687,0.3701911713324534,False,2026-08-07T17:57:01.749818+00:00
1797872,10933,20.823972,65,0.58,-47.47873748999999,-0.005880353259271942,9.132911552488803,0.6005493864417076,0.0003,1798.795939848066,112.36849912896324,0.14729191756143623,0.04451463468063169,0.8020371826638345,0.1786370208035299,0.10972174160743535,0.8028940084373565,0.07235479556620479,0.3701911732627703,False,2026-08-07T17:57:04.533912+00:00
1802880,10954,-171.973882,600,0.54,-53.216054590000006,-0.008193656099319924,11.049832766503096,0.6265237629413605,0.0003,658.4631249887735,299.3637646806126,0.14927983613128154,0.04714365116278271,0.8023688240517635,0.1822505447474694,0.10589762249669113,0.8029002838168459,0.06737491538874983,0.36657353544724175,False,2026-08-07T17:57:12.139487+00:00
1807888,10975,-34.018775,220,0.53,-55.28598271999999,-0.008193656099319924,11.049832766503096,0.6265237629413605,0.0003,5256.333084927327,36.54867317120488,0.1535681487224997,0.053057497329289306,0.8033406768077898,0.18225054227353585,0.10589762272368766,0.8029002838168459,0.06012447502888267,0.3665735355236552,False,2026-08-07T17:57:13.092250+00:00
1812896,10991,-156.696694,600,0.53,-54.86640349000001,-0.005720640734944027,11.49872228950262,0.6559646379202604,0.0003,1824.728870140227,102.53797320893017,0.14733914247093127,0.04457313883044011,0.8020543189176007,0.17903774067036757,0.09978813639894159,0.8028986182449818,0.0636726780154027,0.36029146348929164,False,2026-08-07T17:57:15.836760+00:00
1817904,11011,-154.362664,600,0.54,-55.357640630000006,-0.005720640734944027,11.49872228950262,0.6559646379202604,0.0003,4395.679302586776,41.42613404322737,0.14559175841933514,0.04165580329386669,0.8019670632719104,0.17903774173352002,0.09978813415433807,0.8028986182449818,0.0670736124403025,0.36029146130400064,False,2026-08-07T17:57:16.976066+00:00
1822912,11041,-166.107381,600,0.55,-54.45622161,-0.0005182460372452624,8.774896575510502,0.6755974523723125,0.0003,1719.2432468888396,103.00345824854061,0.14696785942594426,0.01732881835976567,0.821489407577227,0.13837719139577134,0.09441561543280522,0.8028925821806744,0.07976224529822663,0.3550746038715655,False,2026-08-07T17:57:19.888985+00:00
1827920,11053,-161.853406,600,0.53,-55.57563546,-0.002954213233169867,13.116454768925905,0.6815259825438261,0.0003,1765.6670500881107,97.4589178585016,0.1469585016271694,0.024369618724165293,0.8157735303300564,0.138377192399379,0.094415617700752,0.8028925821806744,0.07173562340927982,0.355074606074187,False,2026-08-07T17:57:22.725294+00:00
1832928,11070,-167.428681,600,0.55,-55.73414539,-0.002954213233169867,13.116454768925905,0.6815259825438261,0.0003,4558.120865616744,36.6537011469515,0.15552580969806576,-0.013493805164889558,0.8634992631779663,0.1495410311255627,0.033505437598320226,0.8028855494124915,0.07693353424430686,0.2936917294199786,False,2026-08-07T17:57:23.824005+00:00
1837936,11097,-14.213279,130,0.55,-52.06420926,-0.003688328956195619,5.832516917958856,0.6704229597002268,0.0003,1847.2016100189117,87.73487372520252,0.1272006058956835,-0.1561738389229127,0.8665727638426387,0.16986744120360947,-0.0801921152427739,0.8028951970179836,0.10792828028513683,0.18007843240314647,False,2026-08-07T17:57:26.535129+00:00
1842944,11114,2.393611,72,0.53,-57.275816559999996,-0.003688328956195619,5.832516917958856,0.6704229597002268,0.0003,5437.049884011739,28.886253271620877,0.14512606355462968,0.03418931088355973,0.8048929503851886,0.155478497625894,0.10194680737719827,0.8028925642001884,0.06857297402894565,0.36197504797190894,False,2026-08-07T17:57:27.456237+00:00
1847952,11126,-194.978934,600,0.54,-58.59351543,-0.008638779232569505,18.53266571164131,0.6723707344383001,0.0003,1875.7692753921376,81.05900975918998,0.14555591006890678,0.034614942886220024,0.8049321879097846,0.15547849785883072,0.10194680984798041,0.8028925642001884,0.06808963299858278,0.3619750504395886,False,2026-08-07T17:57:30.126065+00:00
1852960,11153,6.024893,120,0.51,-62.995384539999996,-0.003548570047132671,8.737775317579509,0.6737838614732027,0.0003,1849.1617910034659,79.51710916555727,0.04355533091614804,-0.2083589527674106,0.8084333778147015,0.18509204946431837,-0.2836886381702305,0.802767575774867,0.16043473910916672,0.0345074270944662,False,2026-08-07T17:57:32.834314+00:00
1857968,11169,27.193455,62,0.55,-56.193342730000005,-0.003548570047132671,8.737775317579509,0.6737838614732027,0.0003,4437.876797117176,32.00449370119138,0.15181183652306948,-0.02114573866791293,0.8713583426604721,0.17793657364072318,-0.04701505491459001,0.8028968063744035,0.07770910733746582,0.21373887691995622,False,2026-08-07T17:57:33.962776+00:00
1862976,11198,-19.386045,10,0.54,-62.54262621000001,-0.0048961059117573315,9.027619663625956,0.6690601941198111,0.0003,1748.2326252260293,78.3785853340222,0.11837078435712808,-0.14128380062146645,0.8396791128152029,0.06019165264669933,-0.16826640773111656,0.7929009589277162,0.07937926765934886,0.13556090200330947,False,2026-08-07T17:57:36.827396+00:00
1867984,11217,13.447563,68,0.57,-51.56835478,-0.008411747140053194,16.719512848556043,0.6724609345197677,0.0003,1774.9981626446897,74.37528825567934,0.17091681263351627,0.0335902215174453,0.8358636348689963,0.1593914245516658,0.09913177745770452,0.8029047835845753,0.07426180716556774,0.3591322930954644,False,2026-08-07T17:57:39.648799+00:00
1872992,11249,23.571616,19,0.61,-44.525138129999995,-0.008411747140053194,16.719512848556043,0.6724609345197677,0.0003,4240.291861858019,29.952655179812883,0.14714796497697652,0.04346753239970283,0.8027857500594506,0.1593914236649709,0.09913177515052292,0.8029047835845753,0.05699495039603908,0.35913229078978864,False,2026-08-07T17:57:40.829856+00:00
1878000,11272,18.691913,22,0.61,-42.137758600000005,0.00036615703138522806,11.386194580793381,0.6806415870785714,0.0003,1942.2735266236166,62.8129860844475,0.1506548692139601,0.031489106726406584,0.8141045793524218,0.18027220531346091,0.08156344940071243,0.8028958922224946,0.05924745614008416,0.3421645105424935,False,2026-08-07T17:57:43.408269+00:00
1883008,11293,21.570485,19,0.61,-38.94013511,0.00036615703138522806,11.386194580793381,0.6806415870785714,0.0003,5058.961056614643,23.125696895221555,0.15169533406843597,0.03796422195206608,0.8107335332960235,0.1804099413640848,0.08169955419819634,0.8028958922224955,0.05290308664359939,0.34230856116336256,False,2026-08-07T17:57:44.398206+00:00
1888016,11316,23.859287,19,0.61,-41.126859239999995,-0.003882605739636347,7.467393129318952,0.6941627059131861,0.0003,1864.4551196486866,60.06258816307726,0.14842160806763333,0.039592295297235736,0.8064059211665883,0.14804167754161504,0.09665703402608447,0.8029010717211628,0.0571735316648488,0.3568574524881081,False,2026-08-07T17:57:47.084240+00:00
1893024,11335,-21.485432,199,0.57,-47.460893330000005,-0.004496003811073024,10.310896430909633,0.7080546785145998,0.0003,1924.3085185597777,55.59191728780826,0.14588333897792505,0.027140252887895143,0.8132234562595435,0.14804167899076717,0.09665703604189062,0.8029010717211628,0.07031211271359201,0.3568574544542209,False,2026-08-07T17:57:49.686732+00:00
1898032,11347,23.469593,19,0.57,-47.45295441000001,-0.004496003811073024,10.310896430909633,0.7080546785145998,0.0003,4503.751669094531,22.640679924632796,0.128449687709945,-0.1854231203357592,0.8396799627458552,0.15012594090051376,-0.1590631862325852,0.8324878695728527,0.034877389273202025,0.1014186246042507,True,2026-08-07T17:57:50.798704+00:00
1903040,11377,15.881716,61,0.54,-55.07204233,-0.006740605723462067,8.352289915084839,0.7181103672832251,0.0003,1745.793896815926,55.539202065513535,0.14469571132032963,0.02446224772100559,0.8126568948442753,0.13779071030181655,0.08498556142681027,0.8028800333394595,0.06169552302948132,0.3456997109369189,False,2026-08-07T17:57:53.667311+00:00
1908048,11387,14.318109,66,0.56,-51.77517621000001,-0.006740605723462067,8.352289915084839,0.7181103672832251,0.0003,4537.98377954702,20.262743206450732,0.14492915471338702,0.03556623326566455,0.8051701958451489,0.13893525941901919,0.08880369845487536,0.8028800333394591,0.053622750068182304,0.34943918405288155,False,2026-08-07T17:57:54.770888+00:00
1913056,11414,26.603296,62,0.55,-57.07951791000001,-0.0069947080017300324,10.198371363431216,0.7149521112442017,0.0003,1744.0338918428822,49.85224221080256,0.09692632948992097,-0.21385227459748368,0.8362994323390341,0.1501749316012272,-0.23124221451888805,0.8022997427069394,0.06552711295606599,0.03038983703178117,False,2026-08-07T17:57:57.642393+00:00
1918064,11436,21.36254,20,0.59,-49.76553531000001,-0.004787598420807626,10.68979658409953,0.7220974061638117,0.0003,1861.2512288600756,44.021999142040464,0.08216025259787817,-0.26856019500085776,0.7669245500790869,0.1445395314784115,-0.0186453698833168,0.8027463665018761,0.26006114046318884,0.2418492992871139,False,2026-08-07T17:58:00.333053+00:00
1923072,11463,-155.31107,600,0.62,-43.95782405,-0.004787598420807626,10.68979658409953,0.7220974061638117,0.0003,4857.384512247942,15.837329699970281,0.1446612645407573,0.037339202826448786,0.8021810737544406,0.14625952997959205,0.09241146784678883,0.8028824459738769,0.055099916060496315,0.35267923554741637,False,2026-08-07T17:58:01.364072+00:00
1928080,11473,-154.130636,600,0.6,-47.0144243,-0.004773033874516841,8.266213986277581,0.7157442402094603,0.0003,2037.385373302868,35.300145442493424,0.14451738438988113,0.029122152719267172,0.8015903445649878,0.14625953127776142,0.09241146573831645,0.8028824459738769,0.06332646953883506,0.3526792333899678,False,2026-08-07T17:58:03.822115+00:00
1933088,11494,-38.99804,279,0.57,-54.29302616,-0.004773033874516841,8.266213986277581,0.7157442402094603,0.0003,5218.522380065092,12.82202032046577,0.08216025259787817,-0.26856019500085776,0.7669245500790869,0.14646753422594166,-0.05049997999001171,0.8024229103264855,0.23009958153204357,0.20993662380373646,False,2026-08-07T17:58:04.781781+00:00
1938096,11515,17.191791,81,0.6,-48.10636245,-0.010119342498364858,11.121026009321213,0.722026776149869,0.0003,1789.547141982789,34.59199176581142,0.08647091889735718,-0.26981071578126037,0.7579710707976444,0.16296983229656486,-0.0223022531330809,0.798499122103011,0.26221183378393725,0.23771629891423027,False,2026-08-07T17:58:07.580254+00:00
1943104,11540,-156.712749,600,0.57,-51.41715816000001,-0.006795020373829175,7.824027250707149,0.7394074328243733,0.0003,1827.9732640820669,31.125181706949547,0.1528203705264186,0.038372584740761884,0.8113864858317816,0.17228736194255467,0.08930424547936253,0.8028806485830374,0.05518466351886143,0.34952029293506565,False,2026-08-07T17:58:10.319891+00:00
1948112,11563,13.959396,71,0.59,-47.9746029,-0.006795020373829175,7.824027250707149,0.7394074328243733,0.0003,4461.721292626493,11.62959239201043,0.14474108620623824,0.03931013080151151,0.8022392350879824,0.1722873600706616,0.08930424709669366,0.8028806485830374,0.05708432603807852,0.3495202944855908,False,2026-08-07T17:58:11.442346+00:00
1953120,11591,23.374488,20,0.65,-37.318844459999994,-0.006450765875342768,10.75867335498333,0.7379185114055872,0.0003,1787.9565471493663,26.219876581868427,0.1156545383187512,-0.14559266170301138,0.8629452183007962,0.11928412021611198,-0.1495380480272364,0.8712470242429664,0.009882303370089572,0.11772691153771579,True,2026-08-07T17:58:14.243309+00:00
1958128,11617,24.163808,20,0.66,-35.621083250000005,-0.006384771170269232,18.06627462208271,0.7517152734100818,0.0003,1910.926524703357,21.9118838211218,0.10124925648991627,-0.08317811126363894,0.8494423763885706,0.04696373934103806,-0.10222111963281637,0.7928823535439149,0.08067583110236722,0.19409114177025913,False,2026-08-07T17:58:16.864010+00:00
1963136,11637,8.217917,66,0.66,-38.23141913,-0.006384771170269232,18.06627462208271,0.7517152734100818,0.0003,5056.631284897373,7.290228992986222,0.13391453198652442,-0.13965678908413043,0.8749115223142898,0.13177357713278814,-0.14155712441533352,0.8842262032773913,0.009744652046180064,0.12175978697683174,True,2026-08-07T17:58:17.854400+00:00
1968144,11655,-180.496972,600,0.62,-41.986649310000004,-0.004166613268171204,11.091099505126476,0.7550687596201897,0.0003,1976.7559946407093,16.115291966416965,0.1443933962396558,0.011288731225899622,0.8144996671234284,0.1330000010678314,0.09135794870073856,0.8028846190690586,0.0817055590635039,0.3523938252261636,False,2026-08-07T17:58:20.387841+00:00
1973152,11668,-12.819539,167,0.59,-50.263400770000004,-0.004166613268171204,11.091099505126476,0.7550687596201897,0.0003,5245.457951953723,5.118332897893157,0.08487248468149325,-0.2679009150223266,0.7899328126116614,0.1706069589424354,0.05726136679004482,0.8029064531232549,0.33652522184578126,0.31743862782511817,False,2026-08-07T17:58:21.342577+00:00
1978160,11699,5.416778,68,0.55,-51.20668999999999,0.0025495975132798776,4.822581001743674,0.7950182776898146,0.0003,1823.735834037762,11.975418584415326,0.19070754953469704,-0.09117218000451635,0.8346013552292522,0.1796976925912657,-0.04509119943838802,0.8078179455375796,0.05442448671841289,0.21580961899843742,True,2026-08-07T17:58:24.088588+00:00
1983168,11715,-0.686671,115,0.55,-51.46224921000001,-0.009551003339583985,15.18394980430603,0.8032531421631575,0.0003,1795.1189373822344,9.376537481435953,0.14486464994761336,0.03200118754079001,0.8072435774048493,0.1377592843874693,0.08362066561804528,0.8029052904570199,0.05228649414861572,0.344339674261834,False,2026-08-07T17:58:26.878374+00:00
1988176,11735,-161.950903,600,0.49,-60.256470650000004,-0.009551003339583985,15.18394980430603,0.8032531421631575,0.0003,4600.64131288981,2.5700764732238963,0.11316031442695215,-0.14559363471836442,0.8597019114699329,0.11725792584293239,-0.14968243281179,0.8679196127317115,0.010051830837862784,0.11830828598865549,True,2026-08-07T17:58:27.966925+00:00
1993184,11749,-52.506153,122,0.49,-60.527593750000015,-0.004683497243968304,9.054433727264405,0.7769494764506817,0.0003,1795.6783021022056,3.7957801194236684,0.15234994849816402,0.05136682970909162,0.8028855619693991,0.15556364023597705,0.11858641332767778,0.8028843944130405,0.06729636125233646,0.3786124055604506,False,2026-08-07T17:58:30.755837+00:00
1998192,11781,-4.542319,160,0.53,-53.15199918000001,-0.004683497243968304,9.054433727264405,0.7769494764506817,0.0003,4551.561595487328,0.3972263061962189,0.08265181951902337,-0.2673309156190959,0.7899169780934296,0.176566925186821,0.11174543958243854,0.8028861188728116,0.3907520041638033,0.37211441098200726,False,2026-08-07T17:58:31.856124+00:00
2003200,11795,20.972772,60,0.56,-52.12139640000001,-0.008163503122341353,16.47823085486889,0.7656231615692377,0.0003,411.5173519041382,-7.7760998052530015,0.1556943847910853,0.056389985853716275,0.8033557560145167,0.1765669232282639,0.11174543821990097,0.8028863546091379,0.0591617216209587,0.3721144095336237,False,2026-08-07T17:58:44.025733+00:00
