global_step,episode_num,episode_reward,episode_length,success_rate,avg_reward_100,policy_loss,value_loss,entropy,learning_rate,fps,eta_seconds,ee_x,ee_y,ee_z,cube_x,cube_y,cube_z,ee_to_cube_dist,cube_to_goal_dist,is_grasped,timestamp
5008,16,19.504,80,0.9375,29.1401770625,,,,,3968.814624231771,502.6669645438941,0.17724091825772337,0.10012197683273356,0.806705366807708,0.1855971441124646,0.12892832488120426,0.8038415190496385,0.030130280821898704,0.3897697470066319,False,2026-08-07T13:16:03.077403+00:00
10016,28,-159.498054,600,0.6071428571428571,-73.33272967857143,-0.003249611735373037,12.277048598323017,2.5098172765225173,0.0003,645.1845424590434,3084.364037017091,0.09920413852793325,-0.13945800280755322,0.8434320671442064,0.17579248730322428,-0.08442494038814109,0.8028786480032134,0.10265959736629396,0.17628387394464168,False,2026-08-07T13:16:10.839509+00:00
15024,47,35.784685,23,0.6382978723404256,-71.46552131914893,-0.003249611735373037,12.277048598323017,2.5098172765225173,0.0003,4724.850563662215,420.1140275770864,0.1467235696244184,0.0216814195370727,0.8038110705282225,0.17852384351679432,-0.08035536286337605,0.8028786480032116,0.10688139124296522,0.1805971440266539,False,2026-08-07T13:16:11.899435+00:00
20032,62,-125.791037,600,0.5645161290322581,-75.31249570967744,0.0004234264797560172,7.222238575015217,2.5287122866138816,0.0003,653.2768484481456,3030.8252997230798,0.1422430101597057,-0.0424955129381334,0.8018095706510668,0.1519019961673358,-0.0030660617234521664,0.8029028559516191,0.04061000993024904,0.2570615224112134,False,2026-08-07T13:16:19.565395+00:00
25040,86,36.327577,23,0.6162790697674418,-59.39578139534885,-0.002956151149555808,3.4493248058948667,2.5279535422101618,0.0003,671.4366715833792,2941.3943020756633,0.17864131350694426,0.10467096327003252,0.8068153981834595,0.25031056497509013,0.1225853023511947,0.7928808839825627,0.07517696347109384,0.3930998749952422,False,2026-08-07T13:16:27.024041+00:00
30048,107,35.215068,24,0.57,-63.97610806000001,-0.002956151149555808,3.4493248058948667,2.5279535422101618,0.0003,4698.654033770687,419.25878897261697,0.1428793612587273,-0.017313453028313882,0.800766218800612,0.1790676579091298,0.06417476837720734,0.8028767190084034,0.08918731554105587,0.32473505513041806,False,2026-08-07T13:16:28.089883+00:00
35056,119,35.485817,24,0.55,-67.39499844000001,-0.0005125966337800492,3.462104777060449,2.5089782997965813,0.0003,649.5941707502868,3024.8793608022575,0.17862193367665646,0.10462659627948456,0.8068045269330354,0.18777847297716863,0.12558968747757537,0.8306222850326342,0.03302391565869049,0.3865889944760424,False,2026-08-07T13:16:35.799323+00:00
40064,138,35.955385,27,0.55,-46.11403512999999,-0.0005125966337800492,3.462104777060449,2.5089782997965813,0.0003,4533.133067324287,432.35792351378416,0.0795446997837312,-0.17332863656290734,0.8055833747881231,0.16357629756848996,-0.01740748685233254,0.8028967213242878,0.1771438185773404,0.24261887259568163,False,2026-08-07T13:16:36.904069+00:00
45072,149,27.872111,37,0.53,-67.80517513000001,-0.0016782717502792366,4.681518741697073,2.53531142603606,0.0003,680.454498326049,2872.9738796777997,0.14453510251610033,0.0188555722721613,0.8005932565739278,0.16357629994057052,-0.017407486132993817,0.8028967213242879,0.04102295155287456,0.24261887334990764,False,2026-08-07T13:16:44.263849+00:00
50080,163,33.353201,35,0.54,-63.51599330999999,-0.0033218158705494716,10.68545855274424,2.5680146729573607,0.0003,674.4980444442704,2890.9201680585597,0.08478310695528851,-0.2687201743785482,0.7910248791364677,0.17435502851833898,-0.034732285853493784,0.8028818349758226,0.2508267300562023,0.22572463286171135,False,2026-08-07T13:16:51.688622+00:00
55088,177,-143.255006,600,0.53,-69.87769994000001,-0.0033218158705494716,10.68545855274424,2.5680146729573607,0.0003,4555.8094839015985,426.9081064237954,0.1434517197812312,0.0035878074650718536,0.7999701839257104,0.18474840999710337,-0.039843554695688434,0.8028818349754329,0.060001479596424816,0.22154309785325083,False,2026-08-07T13:16:52.787894+00:00
60096,192,-174.217395,600,0.44,-96.50406576999998,-0.002212816447354271,8.357840649364515,2.5767502689734103,0.0003,664.4162661810725,2919.711781215363,0.08466155369325737,-0.2649956574479476,0.7905385703012736,0.15522776828908047,-0.04331221401653265,0.8029063980818597,0.23297232217154756,0.21674033032622161,False,2026-08-07T13:17:00.325325+00:00
65104,208,-162.796218,600,0.46,-98.14254385999998,-0.002212816447354271,8.357840649364515,2.5767502689734103,0.0003,4699.398293904093,411.7327110813068,0.14399464469976936,0.006599897036419153,0.8044711409563337,0.1718773429809647,-0.0643522632547392,0.8029063980812488,0.07625026120406099,0.19600792884429535,False,2026-08-07T13:17:01.390994+00:00
70112,225,-123.972934,600,0.47,-98.04961971999997,-0.002281983005013899,3.7196750189410523,2.5504641147330402,0.0003,668.9502006954956,2884.950177148508,0.0850928982708719,-0.25815781737737303,0.799573645906597,0.16645534174915758,0.10970260613637484,0.8029047009843806,0.3767654898267653,0.36975895989296315,False,2026-08-07T13:17:08.877353+00:00
75120,237,-242.721856,600,0.47,-100.87578063000001,-0.002989139348937897,4.863729253457859,2.549987747333944,0.0003,677.6034180124383,2840.717665867303,0.17862610157357797,0.10463751433776554,0.8068071100523004,0.18518704898506996,0.12783762373921703,0.8305358311116413,0.03382814376059805,0.38865461508164134,False,2026-08-07T13:17:16.268109+00:00
80128,254,-205.226331,600,0.43,-90.48021797999999,-0.002989139348937897,4.863729253457859,2.549987747333944,0.0003,4380.407465497506,438.286167467745,0.08517213830224023,-0.2688172194293171,0.7900480081985085,0.1728863902172778,0.019458875835147268,0.8028935008322237,0.30159891208514666,0.27975582627690926,False,2026-08-07T13:17:17.411396+00:00
85136,268,-122.585917,600,0.47,-83.86287169,-0.004096312898764154,3.651075719157234,2.533946114219725,0.0003,651.7854212703406,2937.87485499123,0.1786431190335835,0.10467642742269104,0.8068152410004306,0.18696464974806914,0.03606240939805022,0.8028935008317161,0.06922796681160563,0.2972878110427919,False,2026-08-07T13:17:25.094891+00:00
90144,290,-185.58827,600,0.49,-71.9974355,-0.0022494514036225156,8.313176606968046,2.53543788716197,0.0003,653.369143579639,2923.0887604155864,0.14553104126009683,-0.29892015191748383,0.8053106745627782,0.15304073773809712,-0.28095137915566093,0.8212774254997446,0.025183515863374535,0.02207694770012849,False,2026-08-07T13:17:32.759780+00:00
95152,307,23.572361,34,0.52,-73.04352251,-0.0022494514036225156,8.313176606968046,2.53543788716197,0.0003,4547.727244719254,418.85713401389194,0.17862484224913203,0.10463620381853957,0.806805235659492,0.18532688311937212,0.12789846941668703,0.830509401140247,0.033881230994816845,0.3887244185594093,False,2026-08-07T13:17:33.860996+00:00
100160,327,35.521047,23,0.54,-69.88374238,-0.003676911246293457,5.164981694100424,2.540248703584075,0.0003,644.6717426905517,2946.988171175265,0.08518904502536005,-0.2684569033112338,0.7899893630531627,0.18363140553425555,0.1018862793089234,0.8029033291786559,0.3834211024146699,0.3626570314768219,False,2026-08-07T13:17:41.629285+00:00
105168,346,34.149807,28,0.59,-59.834724030000004,-0.003676911246293457,5.164981694100424,2.540248703584075,0.0003,4577.630260850994,413.93295046239615,0.17862704108005664,0.10463909616414455,0.8068072857372792,0.18389204587803443,0.12796488026363256,0.8304011848156965,0.03359292415228533,0.38869985615409336,False,2026-08-07T13:17:42.723313+00:00
110176,361,-1.614153,15,0.56,-71.24401456000001,-0.003719529529553256,11.253972684964538,2.555250166542828,0.0003,674.9088179729654,2800.1175116898535,0.09216694048538066,-0.27109891676205267,0.7517792678927642,0.16571866234744984,-0.07904327332616057,0.8319852401042216,0.22074470309122887,0.1810470657800197,False,2026-08-07T13:17:50.143565+00:00
115184,377,35.39341,27,0.55,-69.32090930000001,-0.005819218428587192,8.908783333189785,2.560706217959523,0.0003,650.8882705360331,2895.7596646314996,0.1431006712597438,-0.02653958589107575,0.800889815187749,0.17636813121719233,-0.08186095075103268,0.8028849748069626,0.06458450250559387,0.1788894535372872,False,2026-08-07T13:17:57.837666+00:00
120192,392,32.576502,35,0.54,-73.53266925999999,-0.005819218428587192,8.908783333189785,2.560706217959523,0.0003,4419.736136480463,425.32131827601233,0.1467968111377198,-0.061998951047145985,0.8437678190836247,0.138304053775425,0.09167671604450961,0.8028788334544531,0.1592490085666557,0.35234532307160016,False,2026-08-07T13:17:58.970766+00:00
125200,406,25.323549,33,0.49,-78.61567873000001,-0.006570439275310491,14.019745695777237,2.5793557573109864,0.0003,657.0253791066795,2853.466638608482,0.17864472500008174,0.10468130082677748,0.8068150667023976,0.13683531038492636,0.10400502480887337,0.8028788334589457,0.0419997432356582,0.3647413616949293,False,2026-08-07T13:18:06.593011+00:00
130208,425,35.925398,23,0.48,-84.51535377,-0.006570439275310491,14.019745695777237,2.5793557573109864,0.0003,4706.521670312966,397.2768279797734,0.14544398759353933,-0.290616981676709,0.804574198096297,0.14364226611877406,-0.28784830676493867,0.8128409563013226,0.008902306007998934,0.0322971151560497,True,2026-08-07T13:18:07.657063+00:00
135216,439,34.941432,30,0.46,-88.77053074999999,0.0017198431174620054,5.4046617594081905,2.596987126022577,0.0003,653.3804028504393,2854.055603542267,0.1457074285568455,-0.29008729889459955,0.8041847161152966,0.14413660049628466,-0.28790315492859503,0.8141105121038839,0.01028393950133574,0.03209725064212904,True,2026-08-07T13:18:15.321818+00:00
140224,457,36.277242,25,0.48,-80.15715529,-0.0051761786777206,8.12277554711327,2.6219978854060173,0.0003,672.9073818110688,2763.7919426512794,0.18217790961570887,-0.07831815347266187,0.8114110469209241,0.17312675816154635,-0.08308614423107244,0.7974620094432165,0.01729834457608496,0.17740018078587358,True,2026-08-07T13:18:22.764141+00:00
145232,479,-115.421525,600,0.55,-64.09199454,-0.0051761786777206,8.12277554711327,2.6219978854060173,0.0003,4674.529796266443,396.78172582864,0.14400286239217552,0.02081922634532786,0.8010391437318687,0.13740548386659163,-0.01834924298041021,0.8028825497398338,0.0397629543474994,0.24270476000161942,False,2026-08-07T13:18:23.835492+00:00
150240,501,-151.727016,600,0.57,-70.27924811999999,-0.0041201879947038835,8.797647553682328,2.628452152572572,0.0003,673.6613807927938,2745.830550391834,0.17709876365293936,0.10006118689494858,0.806758747891161,0.18474302621608302,0.12238252242316319,0.832857798642553,0.03518291090886532,0.3831822161857602,False,2026-08-07T13:18:31.269483+00:00
155248,511,-712.686713,600,0.55,-75.31844325000002,-0.0041201879947038835,8.797647553682328,2.628452152572572,0.0003,4602.003059811806,400.8584905363881,0.17862854678970497,0.1046436727937266,0.8068066772671237,0.18813857885120236,0.12350864296184344,0.8305688936122843,0.03179576598996885,0.38453954132988727,False,2026-08-07T13:18:32.357705+00:00
160256,542,-118.528201,600,0.61,-70.50850672,-0.003705663550135796,13.630780578497797,2.627608991600573,0.0003,690.1486721182469,2665.721277639127,0.1445687747609973,-0.00356703314491793,0.7995822451564722,0.1382702381134612,-0.06223028319853864,0.8028820323451642,0.05909261431215107,0.19895990408968312,False,2026-08-07T13:18:39.614126+00:00
165264,552,-123.561054,600,0.61,-70.33317483,0.0003730686272319872,9.667449019756168,2.639455721899867,0.0003,665.565572742257,2756.6570074238334,0.1440643697672147,-0.010574707333119047,0.7999688810300024,0.13817386844524868,-0.0636392583960554,0.8028819234709053,0.053469901828950124,0.19757004039554282,False,2026-08-07T13:18:47.138542+00:00
170272,572,32.838188,34,0.57,-85.2735866,0.0003730686272319872,9.667449019756168,2.639455721899867,0.0003,4497.380572969179,406.8430434811991,0.176796608696232,0.09894767514730203,0.8070059941212917,0.14753523519717696,0.11960405900355876,0.802972258790661,0.036044211654380834,0.3798086517887224,False,2026-08-07T13:18:48.252099+00:00
175280,580,30.978829,31,0.55,-88.31782181999998,-0.0006663550659141038,3.138575818552636,2.6429228162392975,0.0003,654.5439235433084,2787.7731873547305,0.17864317785434877,0.10467660563577193,0.806815235364094,0.1458374024277794,0.1217701888509361,0.8028982655567839,0.03719881907996038,0.3820327947510162,False,2026-08-07T13:18:55.903223+00:00
180288,601,12.814992,58,0.53,-76.97578553,-0.002371072836467647,4.020524963410571,2.648650217987597,0.0003,660.6739905130634,2754.326681737321,0.15569897737288277,0.05563601746487181,0.803177814247872,0.172412464114018,0.0957471034642865,0.8028789387951266,0.04345490979894905,0.35596358084586627,False,2026-08-07T13:19:03.483358+00:00
185296,607,4.548833,72,0.53,-79.81072438999999,-0.002371072836467647,4.020524963410571,2.648650217987597,0.0003,4594.419398464566,394.9800491889064,0.17862376714272413,0.1046319570294347,0.8068051578345857,0.18380029828495936,0.1279112438178367,0.8303390626755036,0.03350472123603742,0.3886406917433559,False,2026-08-07T13:19:04.573369+00:00
190304,624,-121.026694,600,0.46,-89.18461353000001,-0.00095735364157008,5.20640034028329,2.628810902312398,0.0003,648.4341530493662,2790.8708871820104,0.17703461449230756,0.09964466258315624,0.8069757551718759,0.1504970194970007,0.12210963250639179,0.8029538235217577,0.03500135363075314,0.38222778273250907,False,2026-08-07T13:19:12.296589+00:00
195312,630,-123.806437,600,0.44,-84.68573411,-0.00095735364157008,5.20640034028329,2.628810902312398,0.0003,4697.921567241658,384.1460471762636,0.17864212871389673,0.10467343052884917,0.8068153272616835,0.14483694156986848,0.12162390202515631,0.8029027498184435,0.03801864574178365,0.3819250200469481,False,2026-08-07T13:19:13.362607+00:00
200320,657,36.133102,25,0.44,-86.54169662999999,-0.0022057572856283513,5.108298029378057,2.636775059066713,0.0003,252.6129282160305,7124.259287556901,0.14476408539660662,-0.2603116861268446,0.8023027118184096,0.14801014449452835,-0.1972594002112074,0.8028773063438303,0.0631384020840178,0.06387596963568956,False,2026-08-07T13:19:33.187421+00:00
205328,661,35.444892,24,0.45,-83.94975018,-0.006160815257680951,7.626799870072864,2.648188994638622,0.0003,673.6818415756729,2663.97561763346,0.14325297099244108,-0.022743964968697593,0.8006637988743369,0.17959108147192493,-0.06848375140943337,0.802902102068784,0.05846021158064314,0.19251567195281355,False,2026-08-07T13:19:40.621172+00:00
210336,681,-140.490482,600,0.4,-98.70199861999998,-0.006160815257680951,7.626799870072864,2.648188994638622,0.0003,4507.561524509631,397.0359561968916,0.08433338750397512,-0.18711165736645624,0.8248710753232154,0.17220501606223873,-0.047782362934182636,0.8028922454338351,0.16618406769538094,0.21256831348740218,False,2026-08-07T13:19:41.732195+00:00
215344,691,35.779224,25,0.43,-99.62040242999997,-0.004627355007687584,8.308623429713771,2.651219970919192,0.0003,636.60307837185,2803.404602699006,0.141966340232973,-0.04839079526543044,0.8020841395329472,0.18127070095050002,-0.06823099423201523,0.8028922454338349,0.04403543234253756,0.19294505511198515,False,2026-08-07T13:19:49.598953+00:00
220352,715,32.670923,31,0.45,-90.27954186999999,-0.004627355007687584,8.308623429713771,2.651219970919192,0.0003,4546.743831234472,391.4115389071333,0.14265483871679135,-0.027827669166222122,0.8012953785890478,0.17867598574220542,0.014183024093439987,0.8028955457026401,0.05536227881848198,0.2748183457203448,False,2026-08-07T13:19:50.700405+00:00
225360,718,-191.552506,600,0.44,-97.64266212000001,-0.0034947428888699506,10.737589931115508,2.6597322400659325,0.0003,679.4232091633731,2611.980244515422,0.17863954398694015,0.10466560676747738,0.8068155520489061,0.1856529207615999,0.018453746383477188,0.8028955457026408,0.08658544204661912,0.27963290439180216,False,2026-08-07T13:19:58.071362+00:00
230368,749,35.082294,28,0.48,-81.17251621999999,-0.003757187919836724,5.814848026074469,2.6704365238547325,0.0003,629.0216608778212,2813.308523478219,0.1454123791423632,0.03301028018937227,0.8015554148740527,0.13851630448411084,0.09745928334432542,0.8029057141782183,0.06483095835764101,0.358104298245718,False,2026-08-07T13:20:06.032935+00:00
235376,759,-123.266217,600,0.47,-82.81730813,-0.003757187919836724,5.814848026074469,2.6704365238547325,0.0003,4829.088003810839,365.41558128728656,0.17864131547798745,0.10467096923833599,0.8068153980104843,0.13793280394409355,0.11679059258471468,0.8029057141782182,0.04265388386807868,0.37743623541216903,False,2026-08-07T13:20:07.069980+00:00
240384,789,-118.302798,600,0.55,-57.23098966999999,-0.0031261634718248387,3.5402180708013473,2.6526620712131264,0.0003,643.3335454391871,2735.153502369841,0.1047350236424821,-0.03403491224208352,0.8376647123072158,0.17448346303914003,-0.06552343187774627,0.8028920098515026,0.08405660297197567,0.19501514364329692,False,2026-08-07T13:20:14.854431+00:00
245392,798,-252.873757,600,0.54,-65.01972803000001,-0.0031261634718248387,3.5402180708013473,2.6526620712131264,0.0003,4805.548022022395,365.12131227471957,0.085287378428737,-0.03417645211870753,0.8156239534325651,0.17448346058020872,-0.06552343212418478,0.8028920098515026,0.09539746649669079,0.19501514321491814,False,2026-08-07T13:20:15.896565+00:00
250400,828,36.438974,22,0.61,-54.96439977000001,-0.004225837764533935,11.853772152308375,2.6508605586364866,0.0003,655.2238084997683,2670.2326400592306,0.14579995244206184,0.03722228998637705,0.8019544827555655,0.1441471055807059,0.11723418688201408,0.8028769831385941,0.08003428361984527,0.3775671410676565,False,2026-08-07T13:20:23.539755+00:00
255408,838,-136.184567,600,0.62,-47.720330129999994,-0.001424725112883607,5.352108518034219,2.6507625289261343,0.0003,660.8085490737403,2640.086909355828,0.17864149442376753,0.10467151084812601,0.8068153824454937,0.14134460250330544,0.12370855498172943,0.8028769831385951,0.04205922235814607,0.3841617875608226,False,2026-08-07T13:20:31.118362+00:00
260416,858,-149.84203,600,0.55,-62.64457122999999,-0.001424725112883607,5.352108518034219,2.6507625289261343,0.0003,4646.781571953847,374.36319591595344,0.07833840746310866,-0.01685865564978498,0.7942774247467187,0.18068446125755322,-0.07129307708137726,0.8028873791750716,0.11624092342693192,0.18983716626343283,False,2026-08-07T13:20:32.196084+00:00
265424,875,35.119712,24,0.56,-60.84074092,-0.002833594285766594,8.647859113384039,2.6641706842929125,0.0003,655.1683014573224,2647.527354638036,0.14282604334590734,-0.01846624317504402,0.8008510975833668,0.18068446249680786,-0.0712930792249354,0.8028873791750716,0.06502369529923757,0.18983716426766484,False,2026-08-07T13:20:39.839929+00:00
270432,896,32.496988,35,0.54,-69.43903342,-0.0032342442707886223,7.2761036190669985,2.6817114729434253,0.0003,664.2243587300986,2603.8912564222805,0.11557497063210592,-0.027366347212868597,0.8402750092487616,0.14626649807176056,-0.008915513586129062,0.8028829573385786,0.05177420848409484,0.2514597947842364,False,2026-08-07T13:20:47.379543+00:00
275440,907,-114.421163,600,0.54,-63.44694401000001,-0.0032342442707886223,7.2761036190669985,2.6817114729434253,0.0003,4867.4890037544765,354.30177626899257,0.07635619739513022,-0.015161321346186883,0.7938231929902811,0.1462664971639138,-0.00891551128180264,0.8028829573385786,0.07077103565137524,0.25145979713470573,False,2026-08-07T13:20:48.408414+00:00
280448,922,36.552137,23,0.5,-74.7836182,-0.001742800463216554,5.428314897743985,2.677093888632953,0.0003,654.1633443041167,2628.6278724914164,0.1388034408197303,-0.0069997516878637055,0.8370006455102365,0.1701894235105505,0.08743168664431153,0.802903640831996,0.10519021904616338,0.34758107145813977,False,2026-08-07T13:20:56.064000+00:00
285456,942,-248.137443,600,0.5,-72.65858315999999,-0.001742800463216554,5.428314897743985,2.677093888632953,0.0003,4755.967848367467,360.5036986506404,0.17862614957745665,0.10463760416113017,0.8068070190766788,0.1854150433339473,0.12787687506948378,0.8305781276231177,0.03392960937463538,0.38870862434648185,False,2026-08-07T13:20:57.116992+00:00
290464,959,-111.243681,600,0.5,-69.6514872,-0.002188870466125081,5.205419916054234,2.688003383949399,0.0003,654.5639330162685,2611.7173797253986,0.14573462128300074,-0.3222827054591787,0.807671218178166,0.13526852221519733,-0.271202097186086,0.8028526981101606,0.05236397527778035,0.027150192905147173,False,2026-08-07T13:21:04.767888+00:00
295472,978,-137.002631,600,0.53,-62.217015790000005,-0.004818928435997805,6.6619717485038565,2.675470597669482,0.0003,647.7931497867318,2631.284385395507,0.1786270030284803,0.10464010312740128,0.80679664411142,0.18778886318298493,0.1271504524565365,0.8309580247356463,0.03426992591295074,0.38814648491813447,False,2026-08-07T13:21:12.498748+00:00
300480,993,-420.743939,600,0.49,-70.68404299,-0.004818928435997805,6.6619717485038565,2.675470597669482,0.0003,4632.284256508331,366.8859478155264,0.17862359811459505,0.10463104489239844,0.8068046874525553,0.1870243741924135,0.1255420840449723,0.8305917362944549,0.032766877937286644,0.3864880533344233,False,2026-08-07T13:21:13.579854+00:00
305488,1002,-132.635983,600,0.46,-74.84611188000001,-0.004678338338271715,6.271787872281857,2.690677697584033,0.0003,666.247067262486,2543.36879404589,0.06601286712245771,-0.04317514200102517,0.7978914140001607,0.17851833201180892,-0.008351293794195792,0.8028824395882285,0.11787743791889131,0.25232915003137224,False,2026-08-07T13:21:21.096597+00:00
310496,1018,36.100922,23,0.49,-70.58284553000001,-0.004678338338271715,6.271787872281857,2.690677697584033,0.0003,4869.180372300315,346.97913628569046,0.07223441735851704,-0.018128137192639317,0.7956667302262852,0.17851833353885327,-0.008351291840375193,0.8028824395882285,0.10697627776879723,0.2523291520919932,False,2026-08-07T13:21:22.125105+00:00
315504,1026,-116.098007,600,0.46,-76.99100154000001,-0.005276900897661108,11.25198725592345,2.698416395112872,0.0003,653.8736305357187,2576.179740754941,0.17864145390727848,0.10467138821903102,0.8068153859699644,0.13861035443067876,0.10956228084648754,0.8028894701804845,0.040519409803016854,0.37018076173950387,False,2026-08-07T13:21:29.784079+00:00
320512,1042,-149.384258,600,0.44,-81.79110050999999,-0.0007106609860784374,6.67417542503681,2.7103378906846047,0.0003,669.1201014880057,2509.9948368986575,0.17864131533659014,0.10467096881033287,0.8068153980228286,0.13859990427529478,0.10956534889218857,0.8028894701804847,0.04053001931394288,0.3701844286282604,False,2026-08-07T13:21:37.268531+00:00
325520,1053,-117.005637,600,0.42,-84.80926588999999,-0.0007106609860784374,6.67417542503681,2.7103378906846047,0.0003,4761.7942531320505,351.6489606619643,0.14201929679454153,-0.04386041456454876,0.8021771550861606,0.18023674454954616,-0.08549693529361044,0.8028927318290525,0.056521546523454744,0.1756725517031217,False,2026-08-07T13:21:38.320234+00:00
330528,1067,20.053881,74,0.39,-90.45257079000001,-0.0021576405360974604,1.7442914091981947,2.6969229290261865,0.0003,662.5433965806384,2519.7926786623825,0.14135286110012857,-0.07264377964121344,0.8031305778721151,0.18023674260830613,-0.08549693679480007,0.8028927318138455,0.04095383328461724,0.17567254998830306,False,2026-08-07T13:21:45.878990+00:00
335536,1085,-133.15647,600,0.4,-88.58225238000001,-0.0021576405360974604,1.7442914091981947,2.6969229290261865,0.0003,4693.586095325602,354.62521964978106,0.17853431995392433,0.1041643313784727,0.8067773371162626,0.1876667568487167,0.1286917057958423,0.8318804372749359,0.03626512287341078,0.3896751103021691,False,2026-08-07T13:21:46.945976+00:00
340544,1101,-128.473561,600,0.43,-82.58545432000001,-0.004612324605841422,8.572588936518878,2.6820151468738915,0.0003,683.6429232239984,2427.372453698716,0.17862422827247929,0.10463209865362719,0.8068057638282413,0.1874094396158257,0.12564259944202613,0.8306611057320497,0.03298027318070863,0.3866154315136123,False,2026-08-07T13:21:54.271438+00:00
345552,1113,34.458351,30,0.42,-77.65753201000001,-0.0025613767698814626,4.845906745269895,2.6421783242374657,0.0003,650.2758850910703,2544.2247481902186,0.14279509077703442,-0.023596100252224257,0.8009956168377388,0.18387722390798542,-0.0461947439850374,0.8028887504824914,0.04692573191915807,0.21513439827506844,False,2026-08-07T13:22:01.972785+00:00
350560,1131,-127.082486,600,0.44,-64.22345072,-0.0025613767698814626,4.845906745269895,2.6421783242374657,0.0003,4646.7312019870815,354.9678103382976,0.14401649627840632,-0.021153897467791526,0.8004330283562084,0.18385910972224923,-0.04602343927629272,0.802888750482491,0.04703146315990811,0.21530263736397826,False,2026-08-07T13:22:03.050533+00:00
355568,1145,27.149896,54,0.45,-60.42100143000002,-0.0024516987814422464,5.962063503102399,2.6457379078492522,0.0003,664.0198201864092,2476.4802947272888,0.1787410057681692,0.10455203396239403,0.806721150735028,0.18584556284918372,0.12832288765497218,0.8307276610347654,0.034523046698730755,0.3891820373497308,False,2026-08-07T13:22:10.592489+00:00
360576,1159,34.897697,26,0.45,-67.53573286,8.146605396177619e-05,2.6794641701038926,2.649888137355447,0.0003,649.1414175449154,2525.526727597173,0.1786844532533149,0.10461886777450571,0.8067741723345301,0.18406065407902195,0.12798038468938147,0.8303966123701454,0.0336553663049238,0.38872573104752245,False,2026-08-07T13:22:18.307282+00:00
365584,1174,-117.487338,600,0.44,-65.85815103,8.146605396177619e-05,2.6794641701038926,2.649888137355447,0.0003,4755.900008037794,343.66071558227173,0.17864692582169467,0.10468805618611168,0.8068142189366465,0.14577973287815746,0.12175591667457492,0.8028972276380066,0.03724120103427073,0.38202067471939466,False,2026-08-07T13:22:19.360291+00:00
370592,1195,35.491395,23,0.45,-59.606497250000004,-0.0051889524107537,5.747055992251262,2.6724222540855407,0.0003,679.4119794090867,2398.2620992599586,0.17864574506663972,0.10468437435221059,0.8068150072774118,0.14577344558691627,0.12175581272322177,0.8028972276379377,0.037247430494509785,0.382020804928784,False,2026-08-07T13:22:26.731373+00:00
375600,1208,-124.881586,600,0.48,-68.66686131,-0.0051889524107537,5.747055992251262,2.6724222540855407,0.0003,4793.994628827907,338.8405965730405,0.0702954194500674,-0.024731478347158935,0.7979827063854478,0.14037384586628804,0.009938835703495682,0.8028773915693411,0.07833884393067142,0.27065136420686864,False,2026-08-07T13:22:27.776014+00:00
380608,1223,-217.744163,600,0.46,-81.44487609,-0.0032831801694555907,9.245471770176664,2.685904148966074,0.0003,651.8715904722873,2484.219321211306,0.06916823052567464,-0.04988345548246809,0.7965947564536716,0.14037384609095083,0.00993883323158031,0.8028773915693411,0.0932116807005083,0.27065136172516957,False,2026-08-07T13:22:35.458511+00:00
385616,1247,34.594937,26,0.54,-79.17098099,-0.006386261369334534,2.3009995053056627,2.6653405860066415,0.0003,663.5229101124071,2433.049372366823,0.17864480911233105,0.10468155532497993,0.8068150593930217,0.13670924282293578,0.10310348982740392,0.8028851700317007,0.0421488557510062,0.3638496993192665,False,2026-08-07T13:22:43.006107+00:00
390624,1260,-110.472351,600,0.52,-77.26207358,-0.006386261369334534,2.3009995053056627,2.6653405860066415,0.0003,4600.423669375151,349.8321275741528,0.1437767429859394,-0.23911308641393958,0.8009649149802942,0.14391426363951984,-0.1586581386548265,0.8028775289668546,0.08047779583905962,0.1026105441714605,False,2026-08-07T13:22:44.094714+00:00
395632,1270,-130.706995,600,0.51,-83.06123718,-0.006835695148765808,10.489910416724161,2.6542087463662027,0.0003,657.7879779456263,2439.035150825787,0.178628646869221,0.10463333353188348,0.8068075916268699,0.17088627150905164,0.13071010400267408,0.833957886654107,0.038432809609369824,0.3908617354988196,False,2026-08-07T13:22:51.708102+00:00
400640,1286,-60.38339,217,0.49,-90.21115463,-0.006835695148765808,10.489910416724161,2.6542087463662027,0.0003,233.7212703082674,6843.022878878414,0.17862458482299126,0.10462626950697279,0.806805792446413,0.17548661299357854,0.13036002201852717,0.8335336087842987,0.037235051386024266,0.39066709865602695,False,2026-08-07T13:23:13.135340+00:00
405648,1301,-119.381462,600,0.48,-86.58136403,-0.005305948187742615,3.164694085950032,2.6523084837943314,0.0003,654.2491449160614,2436.9187371342327,0.07069657301075206,-0.043339120067134945,0.798037796553581,0.1548378083574135,-0.04254475417293048,0.8028945767684537,0.08428503317251364,0.21751651008662776,False,2026-08-07T13:23:20.789912+00:00
410656,1316,35.504577,24,0.46,-75.53623985,-0.002413773392981966,6.713642775197513,2.653225713223219,0.0003,670.6455853861146,2369.8717096377486,0.04248923925654184,-0.05860593735351716,0.7996159532636403,0.15483780596217103,-0.04254475355864472,0.8028945767684537,0.11353814970215165,0.21751651075758538,False,2026-08-07T13:23:28.257343+00:00
415664,1337,-224.368483,600,0.47,-63.961815939999994,-0.002413773392981966,6.713642775197513,2.653225713223219,0.0003,4089.4434194751434,387.4209366621682,0.17876299746917199,0.10460607268545064,0.8067284564998375,0.13388221264317915,0.12675410453918462,0.8028854589186358,0.050195505695233365,0.387634978032585,False,2026-08-07T13:23:29.481968+00:00
420672,1358,-114.478296,600,0.48,-67.65080938,-0.00623250812459446,2.451512974081561,2.6576645424589516,0.0003,674.7369404814742,2340.6573810425048,0.17865716115459856,0.10466659458833957,0.806794174872077,0.13388221336565678,0.12675410691680242,0.8028854589186358,0.05007925928732519,0.38763498035612126,False,2026-08-07T13:23:36.904122+00:00
425680,1382,35.526843,23,0.55,-51.6705686,-0.00623250812459446,2.451512974081561,2.6576645424589516,0.0003,4385.409973729389,358.9903816133262,0.17862513401273553,0.10463415720277619,0.8068055895890285,0.18721905395909313,0.12473123227127078,0.8306078731323014,0.032315578104491226,0.3856928803898233,False,2026-08-07T13:23:38.046084+00:00
430688,1391,-133.381522,600,0.53,-63.02924622,-0.005039394522100338,8.071310893818737,2.642438161559403,0.0003,635.971050082732,2467.584019423293,0.17862678739494744,0.10463909165271325,0.8068061245975283,0.1881867603870612,0.12382424260542034,0.830555184420627,0.031991888709002846,0.38485782137400065,False,2026-08-07T13:23:45.920655+00:00
435696,1412,35.706038,23,0.54,-62.58121022,-0.0044640636820986405,2.994066700991243,2.6192736510187387,0.0003,693.0829063791679,2257.0229125578944,0.07157598850890641,-0.015220708770515283,0.7961256920495842,0.16624715939076715,0.00193059834180418,0.8029045635666658,0.09645076998577398,0.26200508649289467,False,2026-08-07T13:23:53.146340+00:00
440704,1428,-228.734706,600,0.54,-62.42404040000001,-0.0044640636820986405,2.994066700991243,2.6192736510187387,0.0003,4584.162887901083,340.1484716250873,0.08647091889735718,-0.26981071578126037,0.7579710707976444,0.15814339578558653,-0.024778536890941706,0.7983981912447037,0.25848029848070037,0.23522879008823527,False,2026-08-07T13:23:54.238818+00:00
445712,1438,35.489385,24,0.51,-67.44539726,-0.0008930551648518303,13.857649284857326,2.5904935924336314,0.0003,653.3267317241554,2379.0362838792344,0.182112550596443,-0.07825096541329782,0.8134687215688571,0.18312218937536553,-0.0798840214779765,0.796919693456649,0.01666002923265563,0.18159405651192523,True,2026-08-07T13:24:01.904208+00:00
450720,1459,35.691414,23,0.5,-70.52090673000001,0.0003781123068620218,5.081359080830589,2.5719306470826266,0.0003,659.3417608452703,2349.7374078260063,0.13096595136971145,-0.05727839852613386,0.8751735722255427,0.16855765714982016,0.026555536548347948,0.8028775062703161,0.11691016280090097,0.2866832904485461,False,2026-08-07T13:24:09.499638+00:00
455728,1471,-126.430451,600,0.49,-76.56301959000001,0.0003781123068620218,5.081359080830589,2.5719306470826266,0.0003,4572.21271934789,337.7515646779118,0.17862503187978945,0.10462855396993344,0.8068037076511926,0.18281812128875197,0.1281880378431433,0.8307321930420999,0.03384085832638489,0.38885809671865884,False,2026-08-07T13:24:10.594952+00:00
460736,1483,33.465625,33,0.43,-87.06759139,-0.0026740437377156924,8.584388490905985,2.5579336361959575,0.0003,665.6145029867305,2312.545764993174,0.08496352390581698,-0.21547462754941007,0.8292664090427804,0.1534411108526916,0.03590150399931891,0.8028866694934494,0.2618683449467713,0.29597418653643703,False,2026-08-07T13:24:18.118833+00:00
465744,1492,-124.157356,600,0.44,-89.49109254,-0.0026740437377156924,8.584388490905985,2.5579336361959575,0.0003,5308.337214306708,289.02760658553615,0.17862562597150716,0.1046361741851717,0.8068058682130811,0.18813537130406424,0.1235092911313561,0.8305495779213696,0.03178668825571358,0.3845399530640383,False,2026-08-07T13:24:19.062248+00:00
470752,1516,-653.759061,600,0.43,-93.70211190999999,0.00035089005177724175,4.636328070634045,2.5652316957712173,0.0003,667.9340068912229,2289.5195995748236,0.13084778696037067,-0.15093815842827277,0.8643848862256606,0.1668142094472946,0.08065731009872433,0.8029017628308427,0.24230191714290997,0.3407254560112732,False,2026-08-07T13:24:26.559996+00:00
475760,1532,35.59409,23,0.45,-89.73321372000001,-0.0009020235102070728,10.506095062743407,2.5504752365872263,0.0003,635.3911665604357,2398.900205445366,0.17863116655745506,0.10465157698058838,0.8068068189393105,0.18382791457808567,0.12795288632693722,0.830405268566502,0.03356849761385316,0.38868394811535767,False,2026-08-07T13:24:34.441757+00:00
480768,1549,35.743645,23,0.46,-84.26212014000001,-0.0009020235102070728,10.506095062743407,2.5504752365872263,0.0003,5070.223598844268,299.6380673125148,0.17207480172375342,-0.14837540382564873,0.8344855055247775,0.17204222685978035,-0.14804113377700945,0.8431572987610361,0.008678294505235445,0.11260463113779962,True,2026-08-07T13:24:35.429484+00:00
485776,1568,-183.20475,600,0.45,-84.00752161999999,-0.003664764964923961,17.994509560521692,2.543646838515997,0.0003,675.863279376114,2240.4294569720855,0.14460402524913388,0.030531740652632176,0.8016817343019264,0.18476954834881149,0.023248203150462565,0.8029023814322904,0.04083881907980583,0.2843291668355004,False,2026-08-07T13:24:42.839277+00:00
490784,1582,-118.728488,600,0.51,-72.32809222,-0.003664764964923961,17.994509560521692,2.543646838515997,0.0003,4427.361997581558,340.8838041308589,0.1602685629265877,-0.12285009622842781,0.8453990869647747,0.16328766756336646,-0.12414883202841732,0.8539740374879696,0.009183217516820233,0.1358909437646615,True,2026-08-07T13:24:43.970417+00:00
495792,1600,27.454233,29,0.53,-67.75758092999999,-0.006418241023493465,8.732988519407808,2.547166029177606,0.0003,655.8564268706283,2293.5019592279064,0.14391325899695165,-0.010308907535648223,0.7998137960941507,0.17817741928756117,-0.0008580591770145537,0.802888356807678,0.03567638068385913,0.25977868285419325,False,2026-08-07T13:24:51.606240+00:00
500800,1614,35.727375,23,0.52,-71.55488580999999,0.0006649321167060407,4.197611997835338,2.535680772177875,0.0003,687.9956157098403,2179.0836536846223,0.08216025259787817,-0.26856019500085776,0.7669245500790869,0.1637307182060088,0.1209043851023719,0.8026791785532565,0.3995182016777685,0.3809226546801183,False,2026-08-07T13:24:58.885353+00:00
505808,1631,35.863636,23,0.5,-68.67572376999999,0.0006649321167060407,4.197611997835338,2.535680772177875,0.0003,4164.635132662143,358.78101019737437,0.08201478687638644,-0.007130002692651457,0.7936535636348496,0.1637277004795963,0.12091800831169773,0.8028959318351125,0.15217987627030322,0.3809362476937791,False,2026-08-07T13:25:00.087933+00:00
510816,1644,35.667853,23,0.51,-77.91936969,-0.0010843121919606347,5.918357490096241,2.5513883059844376,0.0003,663.8545344217075,2243.2384246606794,0.17302118245464693,-0.1485944399801592,0.8343713841600785,0.1731235399116958,-0.1484639333413828,0.8488089818072286,0.014438550303017729,0.11230548279353672,True,2026-08-07T13:25:07.631689+00:00
515824,1659,-149.555868,600,0.45,-78.24646738,-0.0010843121919606347,5.918357490096241,2.5513883059844376,0.0003,5161.488388596653,287.54806525943377,0.17864462236168593,0.10468098202270762,0.806815095636938,0.20428811049641415,0.08471535105424681,0.8378897844315831,0.04496499958154957,0.34754871598639986,False,2026-08-07T13:25:08.601953+00:00
520832,1674,-118.926969,600,0.48,-70.361754,-0.003692440268241626,10.561667025415227,2.53964578807354,0.0003,659.8856164200448,2241.5521162965424,0.17864128266723003,0.10467095265485055,0.8068153743039775,0.2041970074891908,0.08466092454052034,0.8378894138563256,0.04493431016954597,0.34748313394483743,False,2026-08-07T13:25:16.191144+00:00
525840,1693,-273.255124,600,0.45,-65.49313851999999,-0.0020647506291425087,5.518651967844926,2.4874518271535635,0.0003,638.9679847906385,2307.0952459112905,0.17855413664193862,0.10422214324054978,0.8067835620533708,0.1853343103896208,0.12569739844213482,0.8304550713383407,0.03267258321361174,0.3865285376889377,False,2026-08-07T13:25:24.028778+00:00
530848,1702,-172.260112,600,0.44,-68.27699018999999,-0.0020647506291425087,5.518651967844926,2.4874518271535635,0.0003,5285.808725114259,277.9427096973212,0.17862971499492308,0.10464787159903002,0.8068063797237387,0.18410942938289343,0.12802197795984047,0.8304000193970813,0.03366059938527142,0.3887702663077973,False,2026-08-07T13:25:24.976222+00:00
535856,1720,-178.751996,600,0.44,-66.94641205,-0.0013716770154132973,2.7569139969185925,2.4661734947934746,0.0003,669.1330185854899,2188.120985413512,0.1786399003389556,0.10466663860734905,0.8068122990646279,0.13672051254108503,0.10298130228660923,0.8029034086712261,0.04213496002098369,0.3637270409882012,False,2026-08-07T13:25:32.460535+00:00
540864,1729,-119.861733,600,0.43,-70.68747789999999,-0.002667804271914065,1.2515429937979206,2.4662932831794024,0.0003,623.1185825613919,2341.6666439348896,0.17864463366884853,0.10468101757717399,0.8068150916709184,0.13671645052491516,0.10298225117653777,0.8029032173501817,0.042144526450494,0.3637282479342866,False,2026-08-07T13:25:40.497530+00:00
545872,1744,-118.200818,600,0.41,-62.26098067,-0.002667804271914065,1.2515429937979206,2.4662932831794024,0.0003,4527.039602889192,321.20947187472456,0.17863684858124604,0.1046654295434804,0.8067976335345195,0.18035552571778005,0.12899154908992494,0.831891730519852,0.034991822570378195,0.3895237767975489,False,2026-08-07T13:25:41.603773+00:00
550880,1754,12.916609,99,0.41,-64.20915248,-0.0038344405951647787,7.174604354938492,2.464278146624565,0.0003,663.9676610804968,2182.515934046846,0.17862962580926264,0.10464732182132859,0.806806532401288,0.18377325805812483,0.12793362606094205,0.8303944056296233,0.03354246087107196,0.38866137707198156,False,2026-08-07T13:25:49.146314+00:00
555888,1771,-903.779502,600,0.38,-74.57418583000002,-0.0038344405951647787,7.174604354938492,2.464278146624565,0.0003,4283.235008985484,337.1545098437288,0.17720438209161024,0.10016591093021215,0.8067065133247074,0.1855716588022996,0.12894640732548232,0.8038377543838736,0.030109102779259586,0.389786117640561,False,2026-08-07T13:25:50.315544+00:00
560896,1783,34.256017,31,0.4,-72.23319582,-0.002630127751035616,3.7917977440636603,2.4920272447168825,0.0003,661.7758052661414,2174.609571018158,0.17719503735635864,0.10018085746409428,0.8067363412743339,0.18557503174477968,0.12894317335603972,0.8038415460448408,0.030097756740971936,0.38978311193407655,False,2026-08-07T13:25:57.883041+00:00
565904,1798,36.095919,23,0.38,-74.8766766,-0.002888265713772853,1.508562794898171,2.479633837006986,0.0003,696.1225409943637,2060.120044312157,0.17863010624335748,0.10465005943703698,0.8068034482092176,0.1836966111063572,0.127906084887753,0.8303706884848973,0.03349517883968931,0.3886292064048591,False,2026-08-07T13:26:05.077180+00:00
570912,1808,-115.827262,600,0.38,-73.22033402,-0.002888265713772853,1.508562794898171,2.479633837006986,0.0003,4789.398202904684,298.3857134980516,0.18543503484802162,-0.18390217365111128,0.8320126264153458,0.19914193623108284,-0.1942527716793522,0.8528422704821443,0.026997927643000793,0.07651659430323299,True,2026-08-07T13:26:06.122819+00:00
575920,1827,35.888327,23,0.38,-73.38282209,-0.0033854363133286824,3.5610003248788415,2.436473718099296,0.0003,629.71154193161,2261.479908136514,0.14462963589775135,-0.25621075437379226,0.802036433794997,0.2559299824532486,-0.26344012410080786,0.7929056228916315,0.11190800971233783,0.0959916454036993,False,2026-08-07T13:26:14.075671+00:00
580928,1841,-127.169219,600,0.4,-71.04528086,-0.0033854363133286824,3.5610003248788415,2.436473718099296,0.0003,4499.001769608231,315.4193024741956,0.09715584913017807,-0.060896575023508016,0.8398577008899224,0.13613071024993076,-0.006332593976327502,0.8028826290197631,0.0765729963291533,0.2547879429485459,False,2026-08-07T13:26:15.188809+00:00
585936,1853,-113.269731,600,0.39,-71.53959615,-0.006192437676145346,1.753690680040745,2.408507096208632,0.0003,657.4971241293515,2150.6770875575826,0.048069429158152766,-0.056439995504657205,0.7993052094798495,0.1361307078754461,-0.006332593248685117,0.8028826290197633,0.10138214093582346,0.25478794389543696,False,2026-08-07T13:26:22.805570+00:00
590944,1869,21.630624,73,0.42,-67.59175451,-0.003381401286969776,1.8875581525848246,2.3950666232034563,0.0003,656.3342666547472,2146.8572823140566,0.1448502623466011,-0.25299851707777676,0.801673379900044,0.24058579747245776,-0.24241822988734343,0.7928991190994307,0.096717231223104,0.0824814487904176,False,2026-08-07T13:26:30.435833+00:00
595952,1896,35.581054,27,0.49,-47.594076300000005,-0.003381401286969776,1.8875581525848246,2.3950666232034563,0.0003,4348.51116697023,322.88016428810334,0.14435373014437963,-0.24884397375155107,0.8015622144371451,0.24058579719125006,-0.2424182323553306,0.7928991190994307,0.09683465341206524,0.082481447989596,False,2026-08-07T13:26:31.587493+00:00
600960,1907,-112.360359,600,0.49,-49.678184279999996,-0.0026385812010630617,4.7461031707236545,2.3841005064547063,0.0003,265.4306118694134,5270.83138657835,0.15850902910801906,0.06002865549685562,0.8036546150069404,0.1823764358939385,0.07775127860412821,0.8031180885363532,0.029732681297532298,0.33849170016713703,True,2026-08-07T13:26:50.454943+00:00
605968,1928,36.057678,22,0.5,-46.75759088000001,-0.0026385812010630617,4.7461031707236545,2.3841005064547063,0.0003,4128.91332457822,337.62685007256823,0.1786277937832405,0.1046420939572453,0.8068065035955061,0.18375244147028325,0.12792212118629076,0.8303855791721004,0.03352900962969466,0.38864862096946967,False,2026-08-07T13:26:51.667854+00:00
610976,1936,-126.338059,600,0.48,-49.21229152,-0.001109371866004949,5.371523394424003,2.3763629542663693,0.0003,673.557540417077,2062.2202509081785,0.16605347881400295,-0.07807088203078,0.8000027195879412,0.1331255031395168,-0.08649146818933783,0.8028479661344097,0.034106499104766506,0.17557747347708272,False,2026-08-07T13:26:59.103004+00:00
615984,1965,33.635382,30,0.55,-38.80210179,-0.002661130403430434,3.220784295303747,2.3529490346089004,0.0003,673.4227922462621,2055.196254025633,0.1593646652235545,-0.07590125958882767,0.8006024976270126,0.1324786168489324,-0.09097664906354029,0.803108537458471,0.03092583387159758,0.1712492910710508,True,2026-08-07T13:27:06.539639+00:00
620992,1980,-123.283555,600,0.57,-37.20349902,-0.002661130403430434,3.220784295303747,2.3529490346089004,0.0003,4495.888525475791,306.72646623373794,0.17847712816264766,0.1041905758887959,0.8068149753270877,0.18786376853551806,0.12861408611626698,0.8318908468842395,0.03624108447151882,0.389611726626628,False,2026-08-07T13:27:07.653556+00:00
626000,2001,35.871865,23,0.56,-44.19206416,-0.00036498770241450985,3.264875276898965,2.3329707281664014,0.0003,637.1924061859227,2156.334549283829,0.17862339942615008,0.10463003984963667,0.8068048880377542,0.1877645334090795,0.12508014291923927,0.8305963340194652,0.03267720838676263,0.3860797660926116,False,2026-08-07T13:27:15.513038+00:00
631008,2024,-151.546017,600,0.57,-47.75457926,-0.0017632042676268612,5.518443737505004,2.3560333548113706,0.0003,665.6594323480563,2056.59520991237,0.17850552957688945,0.1042559303738063,0.8068268982965382,0.1366419278942186,0.1024135668303004,0.802889536995871,0.042088695195785675,0.36316551729915036,False,2026-08-07T13:27:23.036395+00:00
636016,2033,-112.853045,600,0.55,-59.568693749999994,-0.0017632042676268612,5.518443737505004,2.3560333548113706,0.0003,4451.866901838007,306.38472130351937,0.1786439457951579,0.10467892948515446,0.8068151679373552,0.13663402836371627,0.10242631462926989,0.8028895365300895,0.04225302377618916,0.3631787468537527,False,2026-08-07T13:27:24.161321+00:00
641024,2055,34.492668,28,0.55,-59.16784913000001,0.00026088886152138003,1.492277769173961,2.335599204339087,0.0003,654.4807824029078,2076.4184931611862,0.14829068673965284,0.0454829860768739,0.8021807517922472,0.17853626733502323,0.06633302722082403,0.8029034948335665,0.0367429138577663,0.32685904892143114,False,2026-08-07T13:27:31.813185+00:00
646032,2067,36.017832,23,0.52,-62.36491149000001,0.00026088886152138003,1.492277769173961,2.335599204339087,0.0003,5113.846760917251,264.76507085580795,0.17862661232225685,0.10463776830205127,0.8068073377879978,0.18386777116651953,0.12795832378436411,0.8304006533981283,0.033585154391689936,0.38869182071923103,False,2026-08-07T13:27:32.792498+00:00
651040,2083,33.750307,30,0.5,-64.83868428,-0.006824654193405877,4.97078117011115,2.3117952533066273,0.0003,661.0171878335757,2040.7336221030725,0.14685642029382517,0.04374685056303064,0.8020033194327106,0.18634873147171155,0.03090067106552105,0.8029745183776151,0.04154046457664898,0.29209152003531164,False,2026-08-07T13:27:40.368710+00:00
656048,2091,-104.303576,600,0.47,-62.73914906,-0.0034443906966771464,4.731277645099908,2.344200716353953,0.0003,641.4334893543642,2095.2320424565874,0.14519746219286803,0.041011239410134515,0.8021602136575736,0.18698196893601124,0.02516758139596881,0.8029028483389363,0.04469360143586082,0.2864412263046127,False,2026-08-07T13:27:48.176212+00:00
661056,2108,-105.720782,600,0.41,-78.72405887,-0.0034443906966771464,4.731277645099908,2.344200716353953,0.0003,4506.839070691146,297.0915932426818,0.1815526063738699,-0.07839643668859851,0.7997873547365958,0.14326709318527542,-0.07430344845570337,0.8029009935971089,0.03862936473386999,0.18644891907949984,False,2026-08-07T13:27:49.287414+00:00
666064,2118,-123.368486,600,0.38,-74.41205123000002,-0.00529648296906089,3.8608302134438417,2.3733148273080586,0.0003,661.47962349236,2016.5942420982326,0.14153351925590646,-0.07795453574124366,0.8021342203053308,0.13742916828951923,-0.03063788102855291,0.802900993597061,0.04750052053752878,0.23047000686244423,False,2026-08-07T13:27:56.858316+00:00
671072,2133,-144.211485,600,0.37,-69.20105432999999,-0.00529648296906089,3.8608302134438417,2.3733148273080586,0.0003,4620.7408012276765,287.6006374663819,0.1741011873433513,-0.07830424955419851,0.7997120490529658,0.1434281666558355,-0.08647838045214837,0.8029399952879397,0.031907213148902144,0.17431115314544887,False,2026-08-07T13:27:57.942127+00:00
676080,2144,-120.125221,600,0.37,-75.16934859000001,0.0022128865090053295,5.091453431686387,2.372460156865418,0.0003,641.2620661937026,2064.5537445529962,0.168405620540389,-0.07827997944520847,0.8002350975059576,0.13326590453289955,-0.08647326677407885,0.8028890536982464,0.03617973302570136,0.17557402713529144,False,2026-08-07T13:28:05.751723+00:00
681088,2155,-127.353754,600,0.33,-92.54505573,0.0022317114919133017,2.267711145244539,2.374324940517545,0.0003,665.7790626111246,1981.0055228041383,0.17850420396824346,0.10425092504397554,0.8068269712151735,0.1388997341186888,0.10965201480988906,0.8028819301395643,0.04016527295826562,0.37025374174108283,False,2026-08-07T13:28:13.273742+00:00
686096,2166,35.633519,23,0.31,-100.27671704999999,0.0022317114919133017,2.267711145244539,2.374324940517545,0.0003,5113.987450385002,256.9235870731524,0.1786423470763541,0.10467409136757945,0.8068153082516314,0.13883698363862526,0.10974071507240356,0.802882152138579,0.04031882130203717,0.37034587839446,False,2026-08-07T13:28:14.253015+00:00
691104,2179,35.957658,23,0.3,-101.78018051000001,-0.0005624604305921821,2.4079388396348804,2.400671483017504,0.0003,642.620313729766,2036.8108073073074,0.18213840219632776,-0.07825818975387776,0.8120303992748299,0.1840782774815728,-0.0783632905000201,0.7970829132030844,0.015073204773841841,0.1832257014844252,False,2026-08-07T13:28:22.046111+00:00
696112,2191,35.836384,24,0.32,-104.90338274,-0.0005624604305921821,2.4079388396348804,2.400671483017504,0.0003,4429.549520733086,294.3613100828835,0.18214241421156777,-0.07825753449853988,0.8118048708216381,0.18416081213727237,-0.07811522968137533,0.7975661344569891,0.0143817868886121,0.18348246378602895,True,2026-08-07T13:28:23.176699+00:00
701120,2208,-111.343075,600,0.35,-103.99070912,-0.0017526907275168923,8.470354414894246,2.4156162386760114,0.0003,659.3111728349317,1970.0561032737025,0.14526641089633882,0.023384393443722083,0.8009298223826207,0.13792464987468706,0.06049267860534751,0.8032014948160484,0.037895735619992266,0.32125204765539744,False,2026-08-07T13:28:30.772524+00:00
706128,2219,35.445584,25,0.36,-106.09057158,-0.002767723112629028,7.021712591033429,2.4273693453520537,0.0003,639.7540000625589,2022.4523799358465,0.17864665369823127,0.10468728292678162,0.8068144174939013,0.13620862660352442,0.09988920189422645,0.8028781800958141,0.042889412331485,0.360674738633237,False,2026-08-07T13:28:38.600515+00:00
711136,2240,-92.891722,600,0.38,-95.09782057999999,-0.002767723112629028,7.021712591033429,2.4273693453520537,0.0003,4317.1194981841645,298.5472143039155,0.15944251140638435,0.06210237154108119,0.8040371200499005,0.1738931200300678,0.0980348290988221,0.8030928180002469,0.038740847978518816,0.35830428078937687,False,2026-08-07T13:28:39.760548+00:00
716144,2249,35.913598,23,0.42,-89.76569228000002,-0.0032801937584736153,2.851869140681811,2.443556905537844,0.0003,663.6581285242002,1934.5140891364588,0.17875664448380454,0.10459820524911298,0.8067109135791536,0.1838960685987178,0.1279395686116366,0.8303772143267774,0.03363520053353762,0.388674839665571,False,2026-08-07T13:28:47.306613+00:00
721152,2266,-110.49388,600,0.42,-78.82591231,-0.002646602068489301,4.130837278976105,2.4498695939779283,0.0003,642.491625141402,1990.4508478512016,0.14645211293568908,0.017525350939752885,0.8008426592694067,0.1814637009606651,0.021850569006960148,0.8030533359787174,0.03534693620206185,0.2826666476761559,False,2026-08-07T13:28:55.101262+00:00
726160,2273,-121.469826,600,0.41,-80.78214240999999,-0.002646602068489301,4.130837278976105,2.4498695939779283,0.0003,4424.44679487301,287.9094402211162,0.1443860946956803,0.026713439105830048,0.8013998285448413,0.18691843207620196,0.02659077406518068,0.8028993598842777,0.042558939883421305,0.2878521734583926,False,2026-08-07T13:28:56.233155+00:00
731168,2293,35.324415,23,0.42,-80.15596688000001,-0.001310224698863749,4.223800946073607,2.4720596032217146,0.0003,664.7903777306235,1908.6196829914666,0.1449761361148391,0.025614078194348085,0.8010523098673092,0.16794320915183036,0.055857171488968946,0.802885405537826,0.03801961829964762,0.3159570340293782,False,2026-08-07T13:29:03.766368+00:00
736176,2307,36.167773,23,0.44,-68.5340266,-0.001310224698863749,4.223800946073607,2.4720596032217146,0.0003,5117.275312577806,246.9720550101405,0.1786733505251149,0.10464269988910968,0.8067530266496404,0.1888784501242282,0.12131579978192704,0.8316171035666141,0.03162844667062977,0.382407771946267,False,2026-08-07T13:29:04.745004+00:00
741184,2322,-263.3886,600,0.42,-86.24384351999998,-0.005706549304159125,15.250079360767268,2.5015415735542774,0.0003,630.4437501500694,1996.7142186759,0.08215328761681433,-0.007078926804241964,0.7935644429931039,0.16119489171451756,0.11583017876351025,0.8028819207507869,0.14642758893585536,0.3758320782418945,False,2026-08-07T13:29:12.688628+00:00
746192,2334,-26.726198,83,0.42,-84.84083580999999,-0.002509697493951535,9.288939025392756,2.532501896098256,0.0003,653.2787582989123,1919.2541990264917,0.08198249270734884,-0.007120532947628554,0.7936971363177421,0.16119489044010774,0.11583018089700726,0.8028819207507869,0.1465463826048252,0.375832080371329,False,2026-08-07T13:29:20.354564+00:00
751200,2346,-112.348142,600,0.39,-100.68796903,-0.002509697493951535,9.288939025392756,2.532501896098256,0.0003,4999.722566246982,249.7738591398294,0.17598182099630189,0.09614511599497391,0.8070300253286402,0.13695554843682803,0.1016976939480956,0.8029423674147272,0.039630670181477,0.3624310535194488,False,2026-08-07T13:29:21.356218+00:00
756208,2358,35.347965,24,0.38,-106.67237134999999,-0.0032586587378318653,13.429660164704547,2.554474969021976,0.0003,633.1609059477095,1964.4169251705512,0.17864153727659515,0.1046716405477301,0.8068153787177231,0.13667957948164522,0.10276421146350287,0.8029041659239872,0.04218698582755586,0.3635130192054887,False,2026-08-07T13:29:29.265745+00:00
761216,2373,32.21018,25,0.41,-101.53056372,-0.0032586587378318653,13.429660164704547,2.554474969021976,0.0003,4301.291761494063,288.00278351025077,0.17272574992458126,0.08420316561181099,0.8073700594163915,0.16253701075208724,0.12403240277768,0.8030184164784258,0.041341448153151376,0.3840407827389618,False,2026-08-07T13:29:30.430047+00:00
766224,2382,-126.365678,600,0.38,-99.52867360999998,0.0029717075794906123,1.3760681784944608,2.5678303722292184,0.0003,683.7587775289244,1804.4024304284837,0.17866903402972673,0.10468150761733225,0.8067851655247531,0.14368441333622212,0.12699555080255373,0.8028850122074294,0.041677948656801134,0.3873393276045633,False,2026-08-07T13:29:37.754268+00:00
771232,2402,-100.322938,600,0.39,-101.51603558,-0.0018710968341110856,6.628375259321183,2.5575156055390833,0.0003,652.2241504348663,1883.9658101907555,0.1416298181337302,-0.05403635268165334,0.8022791207004614,0.14981364121761667,-0.016257100124425484,0.8028128675964792,0.038659174458337435,0.2439556581532754,False,2026-08-07T13:29:45.432607+00:00
776240,2413,36.020237,26,0.38,-103.50192664999999,-0.0018710968341110856,6.628375259321183,2.5575156055390833,0.0003,4511.87494901202,271.23092147488944,0.1555534353635578,0.05599540868272036,0.8034962478142916,0.1783904863843494,0.09818201506337434,0.8028813575904551,0.04797518887122638,0.35865382460572237,False,2026-08-07T13:29:46.542573+00:00
781248,2426,-128.124832,600,0.37,-92.10675842999999,-0.006140825558395591,2.770257275714539,2.5578386282548307,0.0003,641.072655630327,1901.1136870308044,0.14806406804732772,-0.03027700065530292,0.8002333942596823,0.14321855604410227,0.011971996364399313,0.8028844817865994,0.04260850854957946,0.27248923587489066,False,2026-08-07T13:29:54.354476+00:00
786256,2437,-107.589215,600,0.38,-91.07627593,-0.006140825558395591,2.770257275714539,2.5578386282548307,0.0003,5318.798736153574,228.1988960683536,0.1786728759046258,0.10468032177258141,0.8067763094047342,0.13667369248430059,0.10200464444274122,0.8028844881747635,0.042263896290256904,0.3627553986096313,False,2026-08-07T13:29:55.296044+00:00
791264,2457,35.234917,25,0.41,-67.70929214,-0.0006420019926736131,5.712055858259555,2.5617079347372056,0.0003,651.6812799949168,1854.7962587009224,0.1615702961035273,0.06538958957521022,0.804463441333191,0.1394845839055955,0.10663473098878044,0.8028824031090229,0.0468128193487805,0.36720826279475516,False,2026-08-07T13:30:02.980786+00:00
796272,2466,-110.582219,600,0.41,-75.50239982,5.32004236447392e-05,4.898327160219196,2.584977422468364,0.0003,684.9134316183614,1757.489259855435,0.17869664094348608,0.10475774554616521,0.8067372649230133,0.1383901581725734,0.10767662600725866,0.8028824031090238,0.0405954723597717,0.36831112741252875,False,2026-08-07T13:30:10.292656+00:00
801280,2485,-195.942066,600,0.43,-68.91254260999999,5.32004236447392e-05,4.898327160219196,2.584977422468364,0.0003,239.20625248878108,5011.240247811753,0.18218140052228474,-0.0783487812978758,0.7994346292344665,0.18676007114378834,-0.04229520540622605,0.8029014859474399,0.03650813135047393,0.21934329029340724,False,2026-08-07T13:30:31.228579+00:00
806288,2494,32.631844,35,0.42,-70.75598636000001,-0.005397426296258345,11.049753683293238,2.6122003527358175,0.0003,680.096066976776,1755.210856175651,0.14347829961471792,-0.0016704030099417917,0.799768336875836,0.1832608747846204,-0.018974355260200186,0.8029014841978156,0.043495938462911575,0.242145472222757,False,2026-08-07T13:30:38.592239+00:00
811296,2516,-137.839931,600,0.42,-86.06081792,-0.003464969490232761,5.9179912062361835,2.6300196584314106,0.0003,628.7580751049084,1890.558621933666,0.17023200530847096,-0.018580336815502384,0.8006701207406202,0.14992550823362846,0.12001131725330307,0.8028944106530223,0.14008907118898475,0.3801448363781116,False,2026-08-07T13:30:46.557145+00:00
816304,2524,-137.52538,600,0.42,-84.44620906,-0.003464969490232761,5.9179912062361835,2.6300196584314106,0.0003,4687.7244391042095,252.50972308137545,0.17865042011188823,0.10469604187246459,0.8068072151064691,0.14468589689130454,0.12161738290539062,0.8028944106530241,0.03814748561366861,0.3819245327150159,False,2026-08-07T13:30:47.625469+00:00
821312,2536,-128.268255,600,0.4,-94.84556747999999,-0.004034727481484879,2.444869359477889,2.632117173448205,0.0003,662.9636916540758,1777.9073195685974,0.13254763187733928,-0.013105655640593222,0.8370472979029737,0.1455692475066392,0.0009426692422781711,0.8028962658535287,0.03915623699558159,0.2613413921460005,False,2026-08-07T13:30:55.179422+00:00
826320,2551,-124.426611,600,0.43,-90.96086914000001,-0.004034727481484879,2.444869359477889,2.632117173448205,0.0003,4438.993782049453,264.4022626808276,0.17864037406195696,0.10468153277177528,0.8068026218372538,0.18857132909186955,0.1270257806621613,0.8313779911063806,0.03466753605763042,0.38807895555315974,False,2026-08-07T13:30:56.307618+00:00
831328,2563,-124.070495,600,0.38,-96.59280767999999,-0.003629795110828127,10.446726500219665,2.638765952736139,0.0003,644.9948875623287,1811.9089353046477,0.17759070683660183,0.10129278944476132,0.8068689853363739,0.14976964092964992,0.12228835295744518,0.803328289538872,0.035033725496220795,0.38242521498147125,False,2026-08-07T13:31:04.072010+00:00
836336,2574,-126.908055,600,0.39,-101.17490979999998,-0.002976648484764155,13.52069589435123,2.661769514903426,0.0003,682.5058508138801,1704.9875815897321,0.17868799007060937,0.10466769140103387,0.806764621428689,0.14484618821646872,0.12162615874234124,0.8029018991358357,0.03804967530495908,0.3819269079915754,False,2026-08-07T13:31:11.409677+00:00
841344,2595,35.964095,23,0.41,-96.10316406000001,-0.002976648484764155,13.52069589435123,2.661769514903426,0.0003,4555.560492879319,254.3388462980715,0.1437699235528738,-0.23494231166424773,0.8006709061047749,0.24326536083636974,-0.2068691371550382,0.7928768754094722,0.10367348784398993,0.09877251086137781,False,2026-08-07T13:31:12.508997+00:00
846352,2605,-157.991424,600,0.4,-91.10648095,-0.001905372289547813,7.032061098213307,2.677875972725451,0.0003,624.4683284788687,1847.408343046237,0.1441039969908774,-0.24305805232060607,0.8011890612363757,0.24326536320442668,-0.20686913791260989,0.7928768754094722,0.10588534605217043,0.0987725124501466,False,2026-08-07T13:31:20.528627+00:00
851360,2621,-118.968604,600,0.39,-91.40487744,-0.001905372289547813,7.032061098213307,2.677875972725451,0.0003,4883.816369155223,235.19311808168698,0.1751718369874874,0.09289706656965813,0.8069393869452515,0.1461964357525149,0.11332606639487403,0.8029807030866322,0.03567336665467404,0.3735811695412449,False,2026-08-07T13:31:21.554076+00:00
856368,2629,36.139398,23,0.39,-98.55078757999999,-0.004712485315758385,9.408380081364886,2.659945077262819,0.0003,655.2900777485429,1745.2301489583222,0.1786445583481754,0.10468078248921862,0.8068151151634799,0.1440994510709972,0.11860483370254288,0.8028946157627209,0.0374514880149558,0.3789385801936427,False,2026-08-07T13:31:29.196466+00:00
861376,2646,-133.285134,600,0.39,-97.98354745,-0.006700806333174114,5.1794807388912885,2.6663672432303427,0.0003,635.0850592816015,1792.868503768604,0.1451037370342864,-0.2690608298450835,0.8028052436289969,0.2554486772544702,-0.25817624811373885,0.7928794561434345,0.11132385732119959,0.09546609901200873,False,2026-08-07T13:31:37.082032+00:00
866384,2655,-125.62726,600,0.37,-96.89520891999999,-0.006700806333174114,5.1794807388912885,2.6663672432303427,0.0003,4420.375117532528,256.45244348239595,0.03193521515179634,-0.16450987390418004,0.8347663578232993,0.2554486750903521,-0.2581762468987081,0.7928794561434345,0.24593935987554552,0.0954660968714971,False,2026-08-07T13:31:38.214958+00:00
871392,2677,-576.378988,600,0.43,-90.26376029000001,-0.0033524780650623144,9.134955758554861,2.6620718389749527,0.0003,650.5769062648832,1734.7802990419796,0.15678974915406146,0.05798746981957166,0.8035377915342509,0.13902705053401343,0.08963461003143104,0.8029932480284924,0.03629533680082618,0.3502630799001426,False,2026-08-07T13:31:45.912746+00:00
876400,2689,-155.476548,600,0.41,-95.15013501,-0.0033524780650623144,9.134955758554861,2.6620718389749527,0.0003,4589.120476384192,244.83994390256106,0.17866453910237298,0.10474161491361472,0.806811979124668,0.13672130596712187,0.10337517180093599,0.8028902307550649,0.04214833428372583,0.36412005311055873,False,2026-08-07T13:31:47.004028+00:00
881408,2704,-103.441713,600,0.4,-90.61498608000002,-0.005197349619629676,2.56450504087843,2.6547703564167024,0.0003,641.9709110120223,1742.4340897886134,0.16415196209970284,0.06966191867000915,0.8051430248609349,0.16975015885368705,0.10667059776864508,0.80342884580875,0.037468927731456124,0.36680020837737765,False,2026-08-07T13:31:54.805000+00:00
886416,2713,-113.324493,600,0.37,-93.98719738000001,-0.005828172952169553,1.807947743195109,2.613781516812742,0.0003,655.2564713093204,1699.462803892434,0.17864017529568654,0.10467871440517612,0.8067970214569,0.18682572307687975,0.12621123181846386,0.830642037511487,0.03315474761290227,0.3871417505272877,False,2026-08-07T13:32:02.447811+00:00
891424,2729,-117.416186,600,0.38,-83.17519443000003,-0.005828172952169553,1.807947743195109,2.613781516812742,0.0003,4846.164398940469,228.75327965398185,0.17898106127929836,0.10426238261500682,0.8065113658363541,0.13695519078605176,0.10313778820942911,0.8028810896955865,0.04219736257339336,0.36386826800003247,False,2026-08-07T13:32:03.481213+00:00
896432,2742,35.438812,25,0.4,-72.76537136,-0.0026948982242174678,4.413488001166843,2.5942335410043595,0.0003,644.0919478550159,1713.3702783820727,0.1786696253454167,0.10474522633504607,0.8067984901334095,0.13694516850410346,0.10313973082412506,0.8028810896955468,0.041938692644487206,0.36387084158849853,False,2026-08-07T13:32:11.256494+00:00
901440,2753,35.615131,23,0.4,-72.86773364000001,-0.003867223584529711,3.9700234976888167,2.5946300376206635,0.0003,649.286933144455,1691.9484189828745,0.14645811238127276,0.04195063293297234,0.8017919183015718,0.18272510701776187,0.04596355299903668,0.8029970539613778,0.03650822892689109,0.3068063334625983,False,2026-08-07T13:32:18.969569+00:00
906448,2762,34.837094,26,0.39,-71.19439238,-0.003867223584529711,3.9700234976888167,2.5946300376206635,0.0003,5326.321808605054,205.31091422851856,0.17864665156217213,0.10468714160375353,0.8068148654204218,0.18206719307689218,0.047227981408916285,0.8028801683002659,0.05769520808505032,0.3080194694672566,False,2026-08-07T13:32:19.909808+00:00
911456,2779,-113.216976,600,0.35,-73.0057637,-0.003405554837809177,1.632651699130656,2.570641816779971,0.0003,640.6670072361717,1699.079221663003,0.18170233008544007,-0.07471793631584638,0.8140471987834391,0.18318638946433588,-0.07169060982992172,0.7968039403389962,0.017569778020063976,0.18973148152749625,True,2026-08-07T13:32:27.726674+00:00
916464,2786,35.668153,23,0.34,-73.02303863,-0.003405554837809177,1.632651699130656,2.570641816779971,0.0003,4492.2972361081465,241.19864360059793,0.17719069191393055,0.10016648951661818,0.8067383961626952,0.1855757616107845,0.12893934613161978,0.8038305581545876,0.03011049972169069,0.3897793408471819,False,2026-08-07T13:32:28.841461+00:00
921472,2803,35.945199,22,0.33,-75.95590941,-0.006537846968785743,7.050009885150939,2.546798108331859,0.0003,655.3798549146092,1645.6532679670536,0.17862172770233334,0.10441478113635143,0.8067851305018269,0.13699259703973585,0.10472084652310511,0.8028912991141911,0.04181196142995352,0.3654458051195914,False,2026-08-07T13:32:36.482842+00:00
926480,2817,-188.389996,600,0.37,-69.79060651,-0.0012237245340656956,0.8606828358373605,2.5377171516418455,0.0003,669.5761039479348,1603.2830229011208,0.17864944341382555,0.1046956724609526,0.8068143503173266,0.1369738691725518,0.10475839876697395,0.8028911843210166,0.04185986925880192,0.36548446228523795,False,2026-08-07T13:32:43.962205+00:00
931488,2830,-128.332489,600,0.36,-71.33443371999999,-0.0012237245340656956,0.8606828358373605,2.5377171516418455,0.0003,4353.25157663623,245.45147028365454,0.08217571877365312,-0.006850468593335445,0.79361381869522,0.1608452974666856,0.10168585748137314,0.8028917404929916,0.13436932880095911,0.36168684525407246,False,2026-08-07T13:32:45.112603+00:00
936496,2842,-1.661153,14,0.32,-75.46088740999998,-0.002888215415077866,1.986567751527764,2.519853881932795,0.0003,644.0692359250213,1651.226204699221,0.08218565723890839,-0.007234194150189666,0.7934950980210898,0.16084529948146747,0.10168585893533892,0.8028917404929916,0.13468189994066204,0.36168684671274304,False,2026-08-07T13:32:52.888164+00:00
941504,2854,35.388856,23,0.33,-75.89869098000001,-0.002888215415077866,1.986567751527764,2.519853881932795,0.0003,5216.5667021555855,202.91046974681817,0.1772322741804309,0.10100912016779873,0.8065353362265799,0.18830734109023547,0.1283441832613976,0.8177381929241436,0.031549433902588936,0.38937451153428226,False,2026-08-07T13:32:53.848182+00:00
946512,2865,-122.747853,600,0.32,-74.03362073,-0.002302628297184128,2.945034905418288,2.50398212056607,0.0003,634.2769103368441,1660.927558344393,0.1786933078949414,0.10464689494929752,0.8067711445095788,0.18655572293238928,0.12654445720125332,0.8306448849593501,0.033335810862530596,0.3874555765677833,False,2026-08-07T13:33:01.743785+00:00
951520,2875,35.787529,23,0.28,-78.83773451999998,-0.0044628273226408055,1.5218065184162697,2.4887305051088333,0.0003,642.9181442151652,1630.8141393021654,0.14426814306159802,0.02765336576315829,0.8015044491484783,0.18332833620129524,0.034087463633033555,0.8028873899000625,0.039610716083302196,0.2950112667950692,False,2026-08-07T13:33:09.533282+00:00
956528,2883,-132.124221,600,0.27,-80.93594388,-0.0044628273226408055,1.5218065184162697,2.4887305051088333,0.0003,5053.118159069335,206.50061351270338,0.1446134941752728,0.03465453149909402,0.8019370088755786,0.186887506519657,0.03830187332131375,0.8028837940497577,0.042441626078972346,0.29951117781119574,False,2026-08-07T13:33:10.524343+00:00
961536,2895,28.683977,34,0.28,-84.71099129,0.0003422353969654068,2.2790370715025348,2.5036882132291796,0.0003,645.254901416275,1609.3856826514102,0.16538541330182388,0.07122918472416906,0.8055840382123879,0.1383885945176947,0.09132226538768973,0.8029142472014721,0.033759263899792384,0.35198634491136005,False,2026-08-07T13:33:18.285617+00:00
966544,2906,-105.350693,600,0.24,-88.06188246999999,0.0003422353969654068,2.2790370715025348,2.5036882132291796,0.0003,4459.483897403148,231.74340882849768,0.17865016146916063,0.10469774587543687,0.806814582225876,0.13666488331353843,0.10286067386846494,0.8028906340986743,0.042208243084363696,0.3636102258064908,False,2026-08-07T13:33:19.408622+00:00
971552,2919,-130.979573,600,0.22,-90.91703179,-0.0019389910514291842,1.84803939597914,2.5026131050661204,0.0003,635.3970095579041,1618.5911871312906,0.17863896392846607,0.10467054164212396,0.8067996796010078,0.18500502631610133,0.12324836283642823,0.8330163276960804,0.03275629447894977,0.38406322260517406,False,2026-08-07T13:33:27.290306+00:00
976560,2931,-132.316224,600,0.24,-87.45247605000003,-0.0011608672422880773,7.066497718438041,2.5100822299718857,0.0003,643.6070704666507,1590.162766947152,0.17862819065412167,0.10464236426896914,0.8068069149723415,0.18813801584282874,0.1235017137540778,0.8305731031802367,0.0317953383384158,0.3845325895004036,False,2026-08-07T13:33:35.071458+00:00
981568,2940,-121.287843,600,0.21,-98.29992331,-0.0011608672422880773,7.066497718438041,2.5100822299718857,0.0003,4451.146154312351,228.802192669707,0.17903093591775715,0.10542880333053971,0.8080617158690017,0.1883636669457093,0.11618142802676203,0.7977702009575706,0.01756798467298169,0.3772492072819518,False,2026-08-07T13:33:36.196562+00:00
986576,2952,36.024546,23,0.22,-105.00551522999999,-0.005921255113935331,8.948557580076159,2.525507454946637,0.0003,677.0696744935816,1496.779486923553,0.14780397030595027,-0.20881004264793177,0.8002046230297039,0.13789953426801763,-0.18036801422459686,0.8255077004465782,0.03933563982990012,0.08264190065641361,False,2026-08-07T13:33:43.593139+00:00
991584,2963,-118.902293,600,0.23,-111.45014928999998,-0.004983220321810223,6.516226816782728,2.535874125175178,0.0003,657.781200921022,1533.0568866790672,0.14502227651887595,0.038228504690295886,0.8020020565713104,0.18237752945667635,0.05459073012056911,0.8028992672037989,0.04079144922648833,0.3153856073164677,False,2026-08-07T13:33:51.206612+00:00
996592,2971,-120.978573,600,0.22,-115.20144634000002,-0.004983220321810223,6.516226816782728,2.535874125175178,0.0003,4442.015551757492,225.8902492142333,0.14841600435318952,-0.2233974797301894,0.8007392136304844,0.13236459653031607,-0.20171936448003933,0.8228121777846814,0.034854040231334135,0.06450075969740761,False,2026-08-07T13:33:52.334028+00:00
1001600,2982,26.238048,40,0.23,-113.46441644000001,-0.0009718614026496652,3.3632009469380137,2.530329914949834,0.0003,265.0549402116157,3766.766237984069,0.14019126595851655,-0.07485684495056617,0.8030710110054016,0.1759247664935804,-0.06675252161712694,0.8029443362924306,0.036641222191204845,0.1939025169749327,False,2026-08-07T13:34:11.228249+00:00
1006608,2999,-120.670681,600,0.26,-102.24340280999999,-0.0009718614026496652,3.3632009469380137,2.530329914949834,0.0003,4772.4076141954365,208.1532174756352,0.15372360031365517,-0.19835771193977464,0.7996806129119962,0.15083661817575778,-0.1957066933653545,0.814510782785725,0.015339377556801686,0.0649430276817566,True,2026-08-07T13:34:12.277593+00:00
1011616,3015,13.311764,64,0.32,-94.51979763000001,-0.0012845259538153187,2.3963805514969865,2.523780564777553,0.0003,658.5629618291613,1500.8192948700903,0.1786412995749057,0.10467092102498363,0.8068153994058699,0.13668091684659353,0.10305299599972904,0.8028837950311387,0.04217521681098023,0.36380112361494266,False,2026-08-07T13:34:19.882028+00:00
1016624,3030,-120.378101,600,0.31,-96.72309752999999,-0.0023583598867844557,2.2824317752732894,2.5153998820111156,0.0003,651.2210912417817,1510.0493722106703,0.08368615408424687,-0.2697065299651685,0.7587401474236066,0.1832105629088662,0.024762207264556947,0.8000528179439514,0.31356607262757497,0.28570657135727373,False,2026-08-07T13:34:27.572197+00:00
1021632,3038,31.587567,33,0.34,-86.4788494,-0.0023583598867844557,2.2824317752732894,2.5153998820111156,0.0003,4901.796268487267,199.59377061216216,0.14446063656855185,0.020115413940520452,0.8006089045921057,0.18321054506769727,0.024762278484513834,0.802906588112874,0.03909511616997672,0.2857066408924221,False,2026-08-07T13:34:28.593864+00:00
1026640,3053,-202.060922,600,0.35,-74.77074516,-0.0005322136294125812,2.831911749287974,2.5343266585841775,0.0003,654.6286407258664,1486.8888090822263,0.15713406010962985,-0.058797736816489865,0.8656802225879249,0.16709548382017977,-0.04872452573835262,0.8029041535797345,0.06435475416693694,0.2113945881878873,False,2026-08-07T13:34:36.244006+00:00
1031648,3062,-110.079031,600,0.34,-75.16499951,-0.0005322136294125812,2.831911749287974,2.5343266585841775,0.0003,4430.853912912144,218.54748972383933,0.14250459250567762,-0.0519445519130131,0.8019114000452704,0.18445383276910518,-0.03622469632875837,0.8029041535797351,0.0448089073494187,0.22510747759738187,False,2026-08-07T13:34:37.374271+00:00
1036656,3078,-122.137727,600,0.39,-72.63074064,0.0008861657697707415,4.538124884094577,2.564213519729674,0.0003,737.9591502675545,1305.416430774969,0.160188890616819,-0.019103208162303577,0.7998130387224688,0.16285677281202238,0.07707201925248332,0.8029009104076685,0.09626176247730829,0.33708412498046536,False,2026-08-07T13:34:44.160546+00:00
1041664,3086,-104.52799,600,0.4,-76.50628572999999,-0.004832831044041086,7.07797455934342,2.6022773610427974,0.0003,654.5435768048153,1464.128644693393,0.1786299125507515,0.10464870023535808,0.8068042814623678,0.18501230948138553,0.1282689193430261,0.8305272056606714,0.034079713522752346,0.3890737325410107,False,2026-08-07T13:34:51.811685+00:00
1046672,3100,-110.898938,600,0.33,-91.91495466999999,-0.004832831044041086,7.07797455934342,2.6022773610427974,0.0003,4201.314860281024,226.91181968119196,0.1565533720071568,0.03604162472286351,0.8025523693884229,0.15336520015159052,0.10625917065248382,0.8028864501655306,0.07029068079144343,0.36631926055842834,False,2026-08-07T13:34:53.003695+00:00
1051680,3106,-108.627057,600,0.33,-92.46557379,-0.0010419181435281644,3.0765584800159558,2.6246148381382226,0.0003,648.9966890317662,1461.2093035710125,0.1786418587981243,0.10467261364895657,0.8068153507466232,0.1448991530947732,0.12005486562276678,0.8028864501655317,0.037291019344405874,0.38035475080613157,False,2026-08-07T13:35:00.720220+00:00
1056688,3120,31.276116,26,0.27,-102.33758481,-0.0010419181435281644,3.0765584800159558,2.6246148381382226,0.0003,4876.660608376636,193.4340065371114,0.18185868562285906,-0.07743788583493914,0.8110787278257761,0.17088899710213537,-0.08446589361182,0.7969143768725466,0.019244630354461122,0.17587152345785606,True,2026-08-07T13:35:01.747152+00:00
1061696,3127,-192.788869,600,0.25,-106.06361866999998,-0.006500363433406165,6.865763627272099,2.5926745537668467,0.0003,654.8978290361993,1432.7486798679486,0.14175356132753608,-0.06131241146152594,0.8021483173566939,0.133195171436955,-0.09113053904454804,0.802825195068606,0.03102942045081518,0.17098360645886246,False,2026-08-07T13:35:09.394149+00:00
1066704,3147,-221.768841,600,0.31,-96.46257454999999,-0.0025432495454879244,1.3498558488674461,2.575047886185348,0.0003,655.0285945085192,1424.8171878668447,0.14119065296289543,-0.0560978540213925,0.8023647294458383,0.1598120420388496,0.006542741685205656,0.8028819870718104,0.06535187768570369,0.26654280795636076,False,2026-08-07T13:35:17.039620+00:00
1071712,3157,-141.852255,600,0.29,-99.8120869,-0.0025432495454879244,1.3498558488674461,2.575047886185348,0.0003,4744.344849518633,195.66199958971896,0.17870306804572503,0.1046633424917488,0.8067801250172615,0.18462978528014787,0.04803760784684488,0.8028819870718104,0.05706833868874792,0.30902070184852143,False,2026-08-07T13:35:18.095190+00:00
1076720,3168,-113.752025,600,0.28,-94.05328212,-0.0025298666321759812,1.577554234256968,2.569165851920843,0.0003,653.8489005836619,1412.069362165829,0.08518904502536005,-0.2684569033112338,0.7899893630531627,0.18083584998313268,-0.05376597316916983,0.8029056921052274,0.23538763421232642,0.20728387893750733,False,2026-08-07T13:35:25.754459+00:00
1081728,3177,-128.535399,600,0.25,-97.82858649999999,-0.0023590946751937737,1.4927861216303426,2.5640959644690158,0.0003,646.165301141649,1421.110044717027,0.1786475851470759,0.10469012518977601,0.8068136145991873,0.1366389357771357,0.10284525207152513,0.8029056921245286,0.04223034497582236,0.36359650200802734,False,2026-08-07T13:35:33.504800+00:00
1086736,3191,35.651203,24,0.26,-90.20218734000002,-0.0023590946751937737,1.4927861216303426,2.5640959644690158,0.0003,5059.982302048918,180.48758779851772,0.1578395103251823,-0.027529374249017195,0.799663407792981,0.1385194697103403,0.09179435721308911,0.8028902598743622,0.12092075683585145,0.35244954667086115,False,2026-08-07T13:35:34.494526+00:00
1091744,3201,-132.085737,600,0.27,-82.54376708000001,-0.004097258789988701,3.9258723960025237,2.571944975852966,0.0003,656.5140490851984,1383.4524962041323,0.17892925622207412,0.10449060885182718,0.806624883984891,0.136788640602698,0.10308168238376668,0.802890259874363,0.042329233111637464,0.36382286251374746,False,2026-08-07T13:35:42.122692+00:00
1096752,3217,35.530108,26,0.33,-77.42246781,-0.004097258789988701,3.9258723960025237,2.571944975852966,0.0003,4410.28836149917,204.80474879718815,0.14361965822230355,-0.04613287742043576,0.8015349601532895,0.1788820468398814,0.020883015740296964,0.8028886945133531,0.07573901625889687,0.28151696258703024,False,2026-08-07T13:35:43.258225+00:00
1101760,3229,34.083797,34,0.35,-80.02296012,-0.0022396247652068267,3.886262691649608,2.60629336964339,0.0003,667.9449241374025,1344.78153443565,0.14485958935416843,0.038656609406646725,0.8020585066118588,0.1868582373409584,0.0281152306705052,0.8028886945133532,0.04330930974200423,0.2893643914813668,False,2026-08-07T13:35:50.755844+00:00
1106768,3250,34.661239,33,0.35,-79.84165284000001,-0.005195084459046484,7.591091187251732,2.6232479345053434,0.0003,654.6883618701748,1364.362117952432,0.1801590892753954,-0.05917056993050631,0.8121752057437565,0.17632623662894353,-0.056077023517045854,0.7966233692836631,0.016313197298602665,0.20457547834511283,True,2026-08-07T13:35:58.405281+00:00
1111776,3259,35.683227,26,0.37,-77.67637114,-0.005195084459046484,7.591091187251732,2.6232479345053434,0.0003,4351.371300026868,204.12507661539146,0.1786320451562205,0.10464834800920769,0.806805802916376,0.18307303127173402,0.12809943037812582,0.8306632888441895,0.03374692958993134,0.388784686725046,False,2026-08-07T13:35:59.556186+00:00
1116784,3276,-118.378242,600,0.41,-81.37017059,-0.003777861100388691,4.956735227431636,2.616533533297479,0.0003,626.1435368086437,1410.5647476641134,0.14496039137224875,0.0208316960055569,0.8007634365115489,0.13524283187239652,0.05955409465794482,0.8029539446388938,0.039983164530631964,0.320511679641097,False,2026-08-07T13:36:07.554357+00:00
1121792,3288,35.047392,26,0.45,-79.63024362,-0.003777861100388691,4.956735227431636,2.616533533297479,0.0003,5244.695693122594,167.44689327764056,0.17866246524253598,0.10469263777064818,0.8067870478932034,0.13648836964911126,0.10150402812931776,0.8029045650683545,0.04247228794700562,0.362267800274161,False,2026-08-07T13:36:08.509226+00:00
1126800,3301,20.353355,75,0.43,-84.23290714000002,0.0009273980060243048,6.802794693922624,2.630445735529065,0.0003,649.6118094400431,1344.1873859292782,0.176290393579827,0.09741288473130395,0.8070236706905868,0.14660450369102748,0.12089760240682954,0.8029704240476011,0.038068528092611464,0.3811330775997209,False,2026-08-07T13:36:16.218449+00:00
1131808,3313,-197.151827,600,0.42,-80.54083579000002,-0.0007259419966430869,1.4467270407185424,2.650418888218701,0.0003,629.0431920697895,1380.1786760354573,0.17864143971168853,0.10467134525383037,0.8068153872048052,0.14366348693228703,0.12165995089054839,0.8028814358562892,0.039083831379874444,0.38200942367039503,False,2026-08-07T13:36:24.179743+00:00
1136816,3330,-116.249837,600,0.44,-71.29434385,-0.0007259419966430869,1.4467270407185424,2.650418888218701,0.0003,4820.522393605217,179.06441035209752,0.1439741511996765,0.0049600184949198205,0.7996532806965366,0.17706770588827053,0.0152710737232466,0.8028788237346233,0.03481243096566396,0.27579969291686596,False,2026-08-07T13:36:25.218650+00:00
1141824,3340,-98.195282,600,0.4,-83.46739688000001,-0.0011957651913689915,3.5254752486827785,2.633706684038043,0.0003,659.5580895447179,1301.1378582171358,0.1558059993998203,0.05622047503133225,0.8033826127892445,0.18684308182156079,0.02344512443840008,0.8028788237346162,0.045141753346044235,0.2847133463847087,False,2026-08-07T13:36:32.811600+00:00
1146832,3352,-117.760706,600,0.37,-87.30250962999997,-0.0011957651913689915,3.5254752486827785,2.633706684038043,0.0003,4515.0656991857,188.96026256137762,0.1476412977867742,0.04494784816462036,0.8021763346365424,0.18296810223645185,0.05477451701118168,0.8029019677203996,0.03667523792176584,0.3156113595547011,False,2026-08-07T13:36:33.920778+00:00
1151840,3366,34.351925,27,0.4,-76.92367638,-0.003988138198474189,3.7618988835136404,2.613000572100282,0.0003,639.3031414097624,1326.6945601576053,0.17834412946717143,0.10371196597639874,0.8068066996555842,0.17092355266977258,0.1310831444379653,0.8351399511240125,0.040087647837634674,0.3912356704933942,False,2026-08-07T13:36:41.754308+00:00
1156848,3377,-143.123165,600,0.37,-84.25087121,-0.002438747533597052,1.501613388711121,2.6438557457178833,0.0003,692.6164653128978,1217.343280482216,0.17117376694488248,0.08102484760289978,0.8067828509960138,0.17023272084638688,0.12101377295601216,0.8032423048114724,0.04015638412433518,0.38115115604979566,False,2026-08-07T13:36:48.984858+00:00
1161856,3389,36.765023,24,0.36,-82.46059926,-0.002438747533597052,1.501613388711121,2.6438557457178833,0.0003,5054.152856001307,165.83273673743105,0.17869659709919467,0.10469402415107716,0.8067627459111407,0.1436715928072704,0.12699203127870376,0.8028973819041899,0.0417000370074084,0.3873363514500915,False,2026-08-07T13:36:49.975726+00:00
1166864,3405,-100.941686,600,0.38,-79.17859424,-0.0012991805611818562,1.158727644928149,2.6461814193055035,0.0003,638.1586931747217,1305.5310676021697,0.17174629507712202,0.038324838038376476,0.8038863021204864,0.14796285995475522,0.09771917332695979,0.8029039296220722,0.0639867478960927,0.35792163905831725,False,2026-08-07T13:36:57.823306+00:00
1171872,3414,-114.367047,600,0.37,-81.29482168,-0.004224674830766162,6.678278900240548,2.6429572284221647,0.0003,647.4223138202799,1279.1156287360877,0.17865549752652998,0.10470249356700939,0.8068000800788876,0.14041004784000816,0.11917756632418214,0.8029039296220734,0.0410782441376436,0.37968327989149103,False,2026-08-07T13:37:05.558596+00:00
1176880,3433,-129.874675,600,0.37,-85.40088507999997,-0.004224674830766162,6.678278900240548,2.6429572284221647,0.0003,5056.330629170916,162.78998751609853,0.14507007871877625,-0.24327476245452248,0.8009244398915111,0.1437396413897707,-0.242126344921428,0.8154354630451756,0.01461706944920619,0.02416333602797886,True,2026-08-07T13:37:06.549043+00:00
1181888,3442,36.198854,22,0.38,-71.97142355999999,-0.0013771362013358158,1.2922765510389582,2.6346547922119496,0.0003,638.8050647558399,1280.6911609454658,0.17307621811740054,0.08338395654759612,0.8072698090347674,0.13846695289550962,0.09864553209323239,0.8028270875605602,0.03808483558362479,0.3592913717417133,False,2026-08-07T13:37:14.388677+00:00
1186896,3452,34.101458,36,0.37,-73.16507313000001,-0.0013771362013358158,1.2922765510389582,2.6346547922119496,0.0003,4233.237443169921,192.07616178296243,0.17866035822754261,0.10468618889855905,0.806787607770613,0.13672783476191078,0.10301341254257311,0.80290167610611,0.0421454050856567,0.3637586168885533,False,2026-08-07T13:37:15.571699+00:00
1191904,3463,26.975599,27,0.36,-77.09878382000001,-0.0034952692716615275,1.282361916906666,2.6201706232503055,0.0003,669.3030762468765,1207.3693199370996,0.17875834225979242,0.10459328666815595,0.8066989294183438,0.18798311576585197,0.1266092290930177,0.8308377576178394,0.03394821341304563,0.3876206274024417,False,2026-08-07T13:37:23.054113+00:00
1196912,3475,-105.370102,600,0.33,-79.08857702,-0.0015106464990822133,3.019632446707692,2.620977661944926,0.0003,648.1331911610929,1239.0786507342953,0.17863394735112242,0.10466094790669955,0.8068046490332706,0.1876338361590902,0.12515987243056656,0.8306460515987228,0.03270499016173114,0.38614991419343575,False,2026-08-07T13:37:30.780927+00:00
1201920,3484,-104.154839,600,0.33,-83.04341987,-0.0015106464990822133,3.019632446707692,2.620977661944926,0.0003,242.66249141557762,3288.8477957362948,0.14453597961041273,0.029167055847778043,0.8014171366765336,0.1849337323287333,-0.00707282713936588,0.8029042699788046,0.0542910592001223,0.2541531935253107,False,2026-08-07T13:37:51.418643+00:00
1206928,3496,-110.264475,600,0.3,-87.86452532000001,-0.002116833537002094,1.3404441600781865,2.6219644349068405,0.0003,654.0324352855803,1212.588179443591,0.145640864457311,-0.061454036220866835,0.8657272207589798,0.16518606417506526,-0.06456230481246103,0.8029076264632912,0.06586332509917266,0.1955064908432589,False,2026-08-07T13:37:59.075755+00:00
1211936,3507,35.477452,24,0.31,-84.65592695000004,-0.002116833537002094,1.3404441600781865,2.6219644349068405,0.0003,4681.767834619282,168.32615965547654,0.14025260843323534,-0.07815139548392853,0.8026968259865258,0.1869449896066801,-0.08602590921720044,0.8029076264632917,0.04735220019199479,0.17604833634148856,False,2026-08-07T13:38:00.145433+00:00
1216944,3522,-116.378148,600,0.29,-88.81416847999999,-0.002425420508006937,2.4319374739425257,2.6267393596470354,0.0003,669.4646855044215,1169.674841638571,0.13628943787150197,-0.03704862086607976,0.8493988193073021,0.16470950355398475,0.028240956954898033,0.8028842095590257,0.08505314823963073,0.28827942814221136,False,2026-08-07T13:38:07.626051+00:00
1221952,3535,35.893039,23,0.28,-95.33613430999999,-0.007177639431029092,7.334333319496364,2.650078820809722,0.0003,634.9385841394325,1225.3909581735873,0.17863712241993027,0.10465851077856392,0.8067907113775852,0.1881263700310055,0.1235543198739641,0.8305451805678833,0.03180207899032589,0.3845842027243192,False,2026-08-07T13:38:15.513417+00:00
1226960,3547,36.55358,23,0.28,-101.80180369,-0.007177639431029092,7.334333319496364,2.650078820809722,0.0003,5032.594814421178,153.60664398906331,0.16370202153331198,0.03827767734383983,0.8032337883443319,0.14104469030471786,0.06448827358235328,0.802925333331762,0.03464744085896361,0.3250414488309148,False,2026-08-07T13:38:16.508531+00:00
1231968,3557,-125.277904,600,0.29,-106.96162777,-0.003928262997214915,5.439323982456699,2.674037292227149,0.0003,685.0470537112818,1121.137585862376,0.17865032999125408,0.1046983445199929,0.8068143165270999,0.1351751619667207,0.1000881436993388,0.8028907735922782,0.04389462809421625,0.3609428539481205,False,2026-08-07T13:38:23.818982+00:00
1236976,3571,-113.773427,600,0.32,-99.42014368,-0.003928262997214915,5.439323982456699,2.674037292227149,0.0003,4382.46013018604,174.10860049686494,0.18988586859645135,0.09181839560324905,0.8330755157000198,0.16917775477535354,0.11443877444916054,0.80423695508183,0.04209715068373522,0.3745512341372083,False,2026-08-07T13:38:24.961725+00:00
1241984,3580,-113.149314,600,0.32,-103.24057090999999,-0.001722697090735892,3.7316004354623145,2.670669585466385,0.0003,684.1963557430597,1107.8924838422586,0.1917176623954643,0.10091829051210048,0.835875686306413,0.16946400232520129,0.11812392653757017,0.8029054396087715,0.043339317771131314,0.3782423444832707,False,2026-08-07T13:38:32.281250+00:00
1246992,3593,33.396823,37,0.32,-97.56862252000002,-0.0024172444558644202,4.85500810322119,2.6655224887654185,0.0003,652.6168719738321,1153.82858203242,0.14378107739328347,0.015044098422945469,0.8006855677262098,0.1834843060183705,0.017126812095373093,0.8029015788156042,0.03981952742870723,0.2781200866735603,False,2026-08-07T13:38:39.954971+00:00
1252000,3600,22.478181,72,0.32,-103.54382939000001,-0.0024172444558644202,4.85500810322119,2.6655224887654185,0.0003,4410.2902134946635,169.60335120606345,0.146546893367756,0.04082153279858057,0.8016573191974596,0.1854601059013183,0.017868683296057623,0.8029014938654503,0.045195346890715735,0.27903265427041174,False,2026-08-07T13:38:41.090503+00:00
1257008,3617,30.456676,28,0.32,-110.50010473999998,-0.0032529646960028913,5.082525859307498,2.67483404930681,0.0003,641.5469210423009,1158.1257358275284,0.1434102076748487,0.001980065746149699,0.7998774699147487,0.18356971024450267,0.0007684774727708115,0.8028796535573781,0.04028978405762812,0.26183149177376813,False,2026-08-07T13:38:48.896635+00:00
1262016,3628,36.46656,23,0.29,-109.51227176,-0.003666644288023235,7.997466226527467,2.6601679580286146,0.0003,694.6402283002008,1062.397439615414,0.1434840939055286,0.004775821171779044,0.8000447616537553,0.18430148433501278,-0.0018367833737692495,0.8028796535575567,0.04144662244930209,0.25930447076687096,False,2026-08-07T13:38:56.106127+00:00
1267024,3645,30.260594,45,0.33,-92.54390111000001,-0.003666644288023235,7.997466226527467,2.6601679580286146,0.0003,4221.974456391309,173.60976660822908,0.14380844767041223,0.016199104310471495,0.8007490307194065,0.1489697349320683,0.05447874208454696,0.8028814146604826,0.03868483702413541,0.3146721245527602,False,2026-08-07T13:38:57.292308+00:00
1272032,3653,-103.355296,600,0.3,-96.61125151,0.0013517233797756488,2.687283499841578,2.6256597328931095,0.0003,640.373503404714,1136.7865724137037,0.17862425698176576,0.10463560856102319,0.8068048342369959,0.18485770713373964,0.12801911582973405,0.8304129682279292,0.03380811002580383,0.3888145314327068,False,2026-08-07T13:39:05.112738+00:00
1277040,3669,36.992181,25,0.29,-89.88937473999997,0.0013517233797756488,2.687283499841578,2.6256597328931095,0.0003,5061.241755662763,142.8424159330301,0.14369696098058793,0.012498942771769335,0.8005188027410011,0.18403513759290943,-0.014550888480640302,0.8028859048569001,0.04862576514172062,0.24662310148230876,False,2026-08-07T13:39:06.102216+00:00
1282048,3675,-114.08796,600,0.29,-87.70220750000003,-0.003291140293367789,2.614870478992816,2.636474682763219,0.0003,645.7524696447458,1111.8068203362413,0.1433212364059576,-0.0011958036078774082,0.799835965499231,0.18366016896057288,-0.015848050003231782,0.8028859048568999,0.04302580544465652,0.24529569560525777,False,2026-08-07T13:39:13.857523+00:00
1287056,3691,-122.327464,600,0.29,-83.79373095000001,-0.002135717540659243,1.1515702549775597,2.638642412982881,0.0003,624.7473375760086,1141.1717299447653,0.17820989043547128,0.10333369333470514,0.8068358370030583,0.17922060884080032,0.1287368577729211,0.8314393403465963,0.03537901485266932,0.3892117372271491,False,2026-08-07T13:39:21.873554+00:00
1292064,3697,-100.98753,600,0.27,-80.56088286,-0.002135717540659243,1.1515702549775597,2.638642412982881,0.0003,4838.842006666774,146.30277223861256,0.17864424884544464,0.10464852978826966,0.8067789614738952,0.18377982388262373,0.1279444422400844,0.8303841914392149,0.033560103540375794,0.3886725746548871,False,2026-08-07T13:39:22.908514+00:00
1297072,3713,-101.979575,600,0.26,-78.65382208,-0.0036945624280633636,0.8174272782445768,2.6275693245232103,0.0003,663.5182570642253,1059.3951146275092,0.16858365429900707,0.07770677956228872,0.8063866485097375,0.13808676213526697,0.09668359808084909,0.8029450610714869,0.036083577938285066,0.3573560956995376,False,2026-08-07T13:39:30.456159+00:00
1302080,3720,-109.943859,600,0.27,-73.07273055,-0.0036945624280633636,0.8174272782445768,2.6275693245232103,0.0003,4219.367447047679,165.40868003528337,0.17870019822246708,0.10465465056679886,0.8067803730679773,0.1366690063468646,0.10265889884080127,0.8028987492033917,0.042257201980983726,0.3634086022279401,False,2026-08-07T13:39:31.643069+00:00
1307088,3733,-175.879445,600,0.25,-82.13539032,-0.003216144153702771,2.1602242434513754,2.6218751298263667,0.0003,652.0486526838296,1062.6691691608855,0.1402526084332833,-0.07815139548391747,0.8026968259865145,0.17592339590987163,-0.0859447116476755,0.802907041234911,0.03651280660917319,0.17478214422735908,False,2026-08-07T13:39:39.323476+00:00
1312096,3740,-109.554271,600,0.21,-88.08258361,0.0002490964561729925,0.9794156371470308,2.62177077550441,0.0003,655.8175204596857,1048.9259260988083,0.14025312497018566,-0.07815061410326969,0.802696716227148,0.17592339794007072,-0.08594471021461789,0.802907041234911,0.03651247108246628,0.1747821458394169,False,2026-08-07T13:39:46.959756+00:00
1317104,3751,21.080386,72,0.19,-90.63465516000001,0.0002490964561729925,0.9794156371470308,2.62177077550441,0.0003,4295.901029990007,158.96455603438062,0.17864703403537777,0.10468808959296738,0.806811067761202,0.13654343793689375,0.10169055775151732,0.8028858436344204,0.04239227979255485,0.3624503688374783,False,2026-08-07T13:39:48.125517+00:00
1322112,3761,35.666642,23,0.19,-91.66034198000001,-0.004981472518193186,4.528738712519408,2.6153506258502603,0.0003,646.6668829501377,1048.2800617644582,0.17866379278766636,0.10466862157834372,0.8067974084428209,0.13654068732369282,0.10169008671542597,0.8028857931398894,0.042409060566543824,0.3624500768098375,False,2026-08-07T13:39:55.869844+00:00
1327120,3775,-95.712447,600,0.22,-94.01447453,-0.0001684966860921122,3.27982690295903,2.600304322876036,0.0003,649.5541356846213,1035.9105777854736,0.15371420750207657,0.052802434143581815,0.802855769962543,0.18838974917401682,0.04954484348309389,0.8035605988239712,0.03483535374985685,0.31084399300153237,False,2026-08-07T13:40:03.579741+00:00
1332128,3787,35.907437,23,0.25,-90.28587572999999,-0.0001684966860921122,3.27982690295903,2.600304322876036,0.0003,4461.814171249365,149.68619811725313,0.17869428871799384,0.10468695451162416,0.8067602519729649,0.18691069403449115,0.02878081439533707,0.8029057734956025,0.07644676859103217,0.2900319710243202,False,2026-08-07T13:40:04.702161+00:00
1337136,3799,-91.949901,600,0.26,-89.34616397999999,-0.003079843865998555,3.4273092539515346,2.6030204989016057,0.0003,635.6035824252072,1042.8890244305705,0.17869502712180602,0.10463863373126131,0.8067827862966689,0.1365305677360107,0.10185007447713584,0.8028994940043581,0.04243462804170284,0.36261038409000745,False,2026-08-07T13:40:12.581285+00:00
1342144,3807,-130.881393,600,0.24,-93.96672112999998,-0.003079843865998555,3.4273092539515346,2.6030204989016057,0.0003,4622.091081607289,142.32865350010297,0.17869215251010473,0.10467146396909809,0.8067506793278945,0.13652924764260463,0.10185005870832953,0.8028994940043583,0.042432328511496704,0.3626104537977962,False,2026-08-07T13:40:13.664780+00:00
1347152,3820,-118.631021,600,0.25,-93.98729355999998,-0.00479735032949975,2.6016779291676357,2.6125715386122463,0.0003,667.9694149002985,977.3621148468968,0.17864752962449865,0.10469001619850417,0.8068138464825462,0.13703099486996728,0.12142299871800848,0.8028969032692026,0.04502522751868903,0.3821139609432,False,2026-08-07T13:40:21.162129+00:00
1352160,3829,-142.56865,600,0.26,-89.09189580999997,-0.0035524125061783705,4.08308071163483,2.6337516833096744,0.0003,681.2859230934222,950.907655714419,0.1786963920215221,0.10477541067693497,0.8067490547823037,0.1370309968803892,0.12142300017629179,0.8028969032692026,0.04503317065992272,0.3821139622779992,False,2026-08-07T13:40:28.512937+00:00
1357168,3845,35.767841,23,0.31,-81.67807468,-0.0035524125061783705,4.08308071163483,2.6337516833096744,0.0003,4297.785544841878,149.57284240753125,0.17866392686949747,0.10464180121970565,0.8067502404350935,0.18477950956355732,0.12819015137616926,0.8304082345335665,0.03393561302735945,0.3889802279289574,False,2026-08-07T13:40:29.678185+00:00
1362176,3853,-212.479265,600,0.29,-84.76800893000001,-0.0027665884175803513,1.6045901422039606,2.6137024091556667,0.0003,656.6415401064008,971.3427510185364,0.17872902026268098,0.10461819369433493,0.806716936670779,0.18395019410114327,0.12793209675038966,0.8303243164762086,0.033587305834740094,0.38867071344087156,False,2026-08-07T13:40:37.304876+00:00
1367184,3863,34.893399,25,0.27,-87.90511325000001,-0.0027665884175803513,1.6045901422039606,2.6137024091556667,0.0003,5148.917145747544,122.90273509695888,0.17744916885556206,0.10001810642947714,0.8065547228259231,0.1856614565979261,0.12892130915614133,0.8037766246686652,0.030175397713922365,0.3897669753461087,False,2026-08-07T13:40:38.277510+00:00
1372192,3874,-142.397339,600,0.27,-82.32655943,-0.0034732038748188643,1.3116421920392896,2.571580884605646,0.0003,643.0411373127208,976.3107887990178,0.17729570661632105,0.10012640243171644,0.8066563013233896,0.1856010742596872,0.12894104751063687,0.803808906821022,0.03012259215551908,0.3897827002855841,False,2026-08-07T13:40:46.065502+00:00
1377200,3884,-94.065128,600,0.25,-85.01918738000002,-0.003857322915428085,1.0354092962574213,2.501692283898592,0.0003,642.3950099067022,969.4969456416729,0.1787161844323662,0.10466364294979336,0.806751312751218,0.1341959464607834,0.06772919574231626,0.8028833553034297,0.05797556445940115,0.3287434789025635,False,2026-08-07T13:40:53.861334+00:00
1382208,3896,-139.966944,600,0.25,-84.8676225,-0.003857322915428085,1.0354092962574213,2.501692283898592,0.0003,4893.978792290071,126.23511997503213,0.0847497248157306,-0.26883332059192067,0.7905437888831945,0.16863812881231774,0.06382112687351632,0.8028911139925465,0.34329098761981186,0.3239363200985838,False,2026-08-07T13:40:54.884629+00:00
1387216,3906,-125.109363,600,0.26,-82.54891593999999,-0.0030610838435677578,1.1867663050361443,2.4908224936574697,0.0003,675.3694031511168,907.3315982940479,0.17862982356127288,0.10464890757461773,0.8068051050947587,0.18777172569869174,0.1256621835858516,0.8306759910052525,0.033090048920578104,0.386660818543191,False,2026-08-07T13:41:02.299832+00:00
1392224,3920,-113.067252,600,0.26,-81.04323707999998,-0.0030610838435677578,1.1867663050361443,2.4908224936574697,0.0003,4326.340312574663,140.4827073435433,0.14378511217291817,-0.0332892569151768,0.8010475898566631,0.16619170990137885,0.044419488521116615,0.8029047743296492,0.0808959447266327,0.3044824498439296,False,2026-08-07T13:41:03.457407+00:00
1397232,3930,-112.161376,600,0.27,-77.75293538,-0.005866622468602145,2.0184886060771534,2.496846650354564,0.0003,654.12653294111,921.4853237794993,0.1786504363676027,0.10469838074703607,0.8068107681971015,0.13793773773731344,0.11737378483629948,0.8029047743296496,0.04281876325490316,0.3780181436092998,False,2026-08-07T13:41:11.113404+00:00
1402240,3942,35.57687,23,0.26,-85.57217424000001,-0.0024530303970095703,1.6836260949959978,2.5172481101006268,0.0003,262.62978053117894,2276.0556658540672,0.08432331013721207,-0.24657802538872445,0.7980797416918736,0.17301096091854573,-0.01199191379848563,0.8028809447112,0.25083698830629536,0.24834914118104318,False,2026-08-07T13:41:30.182073+00:00
1407248,3951,35.982845,23,0.25,-88.35841961999999,-0.0024530303970095703,1.6836260949959978,2.5172481101006268,0.0003,4369.351129630835,135.66133332252502,0.14425601748919722,0.009471506093030064,0.7999837121771924,0.18699664867144827,0.020422135588583835,0.8028809447109617,0.04421619382715832,0.2817186418530938,False,2026-08-07T13:41:31.328239+00:00
1412256,3965,-122.75347,600,0.27,-91.79536605000001,0.00217383624658396,2.015128834877396,2.505416396073997,0.0003,674.1319689288686,871.8530303997735,0.08514379733080507,-0.22357973772571518,0.8226956347980667,0.15364904431013324,0.1004582160712796,0.80289171473276,0.3317917413297009,0.36051416084734306,False,2026-08-07T13:41:38.757054+00:00
1417264,3974,-111.185056,600,0.27,-90.76506821,-0.004964885618028348,2.756446185341338,2.492401201091707,0.0003,649.9035492095601,896.6499732287167,0.1786420611924797,0.10467322618304155,0.8068153331373343,0.14459745197396193,0.11935689192524844,0.8028917147327622,0.03728324339237591,0.3796694482531865,False,2026-08-07T13:41:46.462817+00:00
1422272,3986,-137.113386,600,0.27,-91.14826347999998,-0.004964885618028348,2.756446185341338,2.492401201091707,0.0003,4304.5902143004105,134.2120785576086,0.1781412265325735,-0.041212118683039436,0.800953976327717,0.15198062252680022,-0.06636823548941569,0.803007387341698,0.03635139490466995,0.19379775706271746,False,2026-08-07T13:41:47.626225+00:00
1427280,3994,-98.601397,600,0.26,-93.65028320000002,-0.005281695069425041,1.4820406725513748,2.4835594130679963,0.0003,669.5351259896167,855.3994820712093,0.02382727530999537,-0.07551296528454167,0.7995641707101243,0.13390615704002645,-0.08655765894413663,0.8028932628196036,0.11068165302000989,0.17539422542192826,False,2026-08-07T13:41:55.106037+00:00
1432288,4009,34.187651,29,0.28,-90.80711525999997,-0.005281695069425041,1.4820406725513748,2.4835594130679963,0.0003,4884.914663017665,116.2173833450951,0.14358847698563504,-0.21771873357391605,0.7995818087910584,0.1333724298349209,-0.15979341462633972,0.8028522349210298,0.058910150921854365,0.10368407421173648,False,2026-08-07T13:41:56.131239+00:00
1437296,4016,-106.329035,600,0.25,-98.20374845,-0.00328431625275698,3.705177650577389,2.4776458717882632,0.0003,668.9147525385631,841.2193001642014,0.1786442165622655,0.10467975015378839,0.8068151410056547,0.13780726061284565,0.037624702246259606,0.8028769409993302,0.07861008739586575,0.29845096928755455,False,2026-08-07T13:42:03.617990+00:00
1442304,4029,28.823095,44,0.25,-96.55039580000002,-0.0025304208080342504,0.9900336555554532,2.4661979772150517,0.0003,642.399017770642,868.1457856760238,0.11945799786697095,-0.12694165121912931,0.8714693075404887,0.18184898485190137,-0.0017654029605484668,0.8028849333936192,0.15577401825132905,0.25915725968451386,False,2026-08-07T13:42:11.413771+00:00
1447312,4040,34.470135,31,0.28,-85.14135327,-0.0025304208080342504,0.9900336555554532,2.4661979772150517,0.0003,5207.419531832207,106.1347173242904,0.14359502142573144,-0.0038462899715271935,0.7995879581089633,0.18188002079775925,-0.0017816370143988178,0.8028849333936208,0.03848212591291171,0.259143702013138,False,2026-08-07T13:42:12.375481+00:00
1452320,4049,35.836447,26,0.26,-88.84300572000002,-0.006058376778855745,2.2125225025461988,2.452101404033601,0.0003,642.9052552000384,851.8829105380244,0.1236407944322394,-0.16670952107959308,0.8636121912717374,0.1754055858147379,-0.015249469752921024,0.8029036578341253,0.1711878115021551,0.24523489582545463,False,2026-08-07T13:42:20.165115+00:00
1457328,4059,-108.169166,600,0.24,-91.80164138,-0.006058376778855745,2.2125225025461988,2.452101404033601,0.0003,4252.156422120123,127.62277445320885,0.178647542091197,0.10468985951389825,0.8068147209865516,0.18170198907087248,0.02250489924562595,0.8029036578341257,0.08233464492928484,0.28333724504098207,False,2026-08-07T13:42:21.342873+00:00
1462336,4072,-104.469202,600,0.23,-87.86753528999998,-0.0058083713929590886,5.253300167783164,2.448465275764465,0.0003,654.2519978520801,821.7995539412331,0.15476805646506833,-0.03506493366521562,0.800148304489536,0.15739494015733774,0.02500066559611723,0.8029014769000021,0.06018601740335949,0.28501257117364787,False,2026-08-07T13:42:28.997418+00:00
1467344,4079,-164.296061,600,0.23,-88.47737178000003,-0.005296812645246974,1.9375508180935868,2.4713583063334226,0.0003,685.2081977424582,777.3637293817136,0.178631893867885,0.10465481540374583,0.8068059692319878,0.18583511064417993,0.12627549477414635,0.8306177148803566,0.03295966230389159,0.3871384904720901,False,2026-08-07T13:42:36.306150+00:00
1472352,4091,-99.985111,600,0.22,-92.59982121000002,-0.005296812645246974,1.9375508180935868,2.4713583063334226,0.0003,4258.879429431804,123.89362242884529,0.17559238572645805,0.09524893667374158,0.8064494596091267,0.1822647770968247,0.1298381454908234,0.8135529932817332,0.03593597589921398,0.39047343056717143,True,2026-08-07T13:42:37.482042+00:00
1477360,4103,-94.495502,600,0.23,-89.95485776,-0.003846190467447741,0.7541614057554398,2.4595688063651324,0.0003,636.7960342405576,820.7337544482356,0.17862552849413066,0.10463526843640648,0.8068067368416219,0.18380396216511832,0.12793275648226993,0.8303820062600404,0.03354672044601367,0.38866238841273354,False,2026-08-07T13:42:45.346415+00:00
1482368,4116,-115.455305,600,0.24,-84.94035797000001,-0.003846190467447741,0.7541614057554398,2.4595688063651324,0.0003,4924.936180509233,105.10430613264869,0.1402526084332389,-0.07815139548392641,0.8026968259865249,0.17804971765065195,-0.08365624561238338,0.8028805413067576,0.03819631646440154,0.17726508967867394,False,2026-08-07T13:42:46.363285+00:00
1487376,4125,-109.233865,600,0.23,-87.22091440999999,-0.004190211829700275,1.1936358041886705,2.4452107187360523,0.0003,645.0801025724401,794.6672017254389,0.14025260893010905,-0.07815139475478303,0.802696825881269,0.17876374159161748,-0.08482135348649833,0.802880541306757,0.03908490040556134,0.17618069188426796,False,2026-08-07T13:42:54.126657+00:00
1492384,4136,-129.337852,600,0.21,-96.54928700999999,0.00014624702307628468,2.591957567585632,2.452590954862535,0.0003,651.764347670133,778.8336410461524,0.17839625812394055,0.10393436727091018,0.8068224304802584,0.18485005939165416,0.12593274675697647,0.8302641923788585,0.032788663463562906,0.38673196205014304,False,2026-08-07T13:43:01.810419+00:00
1497392,4150,-112.183336,600,0.24,-95.8033476,0.00014624702307628468,2.591957567585632,2.452590954862535,0.0003,5058.569972743303,99.35772416081292,0.17862329175317676,0.10463022288185271,0.8068055207870937,0.1839128171742642,0.12794369328603633,0.8303459291897218,0.03355067524252831,0.3886799866028865,False,2026-08-07T13:43:02.800429+00:00
1502400,4160,-127.169573,600,0.25,-100.36063096999999,1.856721064541489e-05,1.5809549441677517,2.492388022504747,0.0003,672.9332942058422,739.44922072438,0.17862425346367797,0.10463617607199242,0.8068068079054215,0.18818759234618074,0.12322441025190595,0.8306785302943466,0.03173072691135207,0.38425966347665946,False,2026-08-07T13:43:10.242473+00:00
1507408,4170,36.732471,26,0.24,-101.2321776,-0.001802063433569856,0.7672197576641338,2.4820813817903398,0.0003,647.2761367590867,761.0229576304317,0.17862819960596715,0.1046418105248059,0.8068074657621493,0.18813717465160962,0.12348362067585249,0.8305853206659187,0.031793408121990364,0.38451448337356076,False,2026-08-07T13:43:17.979507+00:00
1512416,4181,17.52944,86,0.26,-94.59621724000003,-0.001802063433569856,0.7672197576641338,2.4820813817903398,0.0003,4730.908847500184,103.06349492606263,0.1786233811020404,0.10463136750688562,0.8068061433013596,0.18813810690221333,0.1233568019803649,0.830596818477653,0.03173591228587806,0.3843880730260151,False,2026-08-07T13:43:19.038076+00:00
1517424,4192,-110.672181,600,0.27,-93.55397448000002,-0.004854596991208382,0.880995396967046,2.438724316097796,0.0003,640.036404763865,753.9821116551043,0.1786273319774624,0.104640191484352,0.8068066518963353,0.1881376785165449,0.12350696821844674,0.8305654996518205,0.0317944146399323,0.3845378051952827,False,2026-08-07T13:43:26.862639+00:00
1522432,4200,-123.615686,600,0.23,-99.15817221000002,-0.004854596991208382,0.880995396967046,2.438724316097796,0.0003,4262.232479050101,112.04644569421347,0.14215087772577858,-0.04895840472218468,0.8018733782359394,0.17455939063978046,-0.07956388268667325,0.8028837460463485,0.04458730574775888,0.1810225629221682,False,2026-08-07T13:43:28.037609+00:00
1527440,4210,-116.598031,600,0.23,-99.25455361000002,-0.006342846944971825,0.986754573113285,2.429971919581294,0.0003,632.4405038935676,747.2007202111874,0.1402526084332455,-0.07815139548392555,0.8026968259865233,0.17588716509211574,-0.08561640321952614,0.8028837460463487,0.03640855542143324,0.17510579899237785,False,2026-08-07T13:43:35.956139+00:00
1532448,4222,-95.631147,600,0.23,-99.10638332999999,-0.0037267501782480396,0.5145736326085171,2.429520214907825,0.0003,654.5895942531195,714.2673884595927,0.17862762989055758,0.10463300353532946,0.8068076301593486,0.1741669063257754,0.13057168531739674,0.8338045035924575,0.037703374417630726,0.3908285335111996,False,2026-08-07T13:43:43.606732+00:00
1537456,4234,-124.806707,600,0.25,-89.32978508000001,-0.0037267501782480396,0.5145736326085171,2.429520214907825,0.0003,4476.679880053963,103.32300106176554,0.17862601516170873,0.10463633860160383,0.8068069928238486,0.18371542294360607,0.12791405788204716,0.8303908880128431,0.03352542913603103,0.38863831204335775,False,2026-08-07T13:43:44.725421+00:00
1542464,4241,-103.397114,600,0.23,-98.37081307,-0.0013202304013248066,3.3674001986393707,2.432218949124217,0.0003,651.2540629056177,702.5460969236332,0.16193806694311708,0.06651842789615373,0.8047995424691728,0.1866690396927728,0.03675748397972397,0.8029609611251137,0.038739065261049,0.2979534224943738,False,2026-08-07T13:43:52.415203+00:00
1547472,4251,-122.231099,600,0.19,-107.02988708000002,-0.0013202304013248066,3.3674001986393707,2.432218949124217,0.0003,5271.081284779164,85.8510760034616,0.17864132301905833,0.10467099206183689,0.8068153973553656,0.1869562905143913,0.03535663984041285,0.8029033950117879,0.06992082572925061,0.29658419765071037,False,2026-08-07T13:43:53.365312+00:00
1552480,4262,-344.451769,600,0.22,-100.44227769999998,-0.008242225860340114,7.268530613044277,2.440800707042217,0.0003,641.9475244216541,697.1286327541827,0.17862486560757707,0.10463484950387786,0.8068053725121198,0.1837172496576996,0.1278945140640546,0.8303490890769034,0.033485085641950366,0.3886189161277597,False,2026-08-07T13:44:01.166554+00:00
1557488,4274,-117.850959,600,0.22,-101.71163853,-0.008358751278501586,1.8796514149813448,2.4562185861170294,0.0003,662.9797620660705,667.4592880798986,0.17862463985956545,0.10463428317435679,0.8068053661242899,0.1838254798645316,0.12792161500879642,0.8303466744025307,0.033519274398109124,0.3886525863567719,False,2026-08-07T13:44:08.720327+00:00
1562496,4282,-121.942319,600,0.19,-108.07148916999999,-0.008358751278501586,1.8796514149813448,2.4562185861170294,0.0003,5127.906559888756,85.31824729846308,0.17765620509012608,0.10268785522275399,0.8067851203966456,0.1887708982870782,0.12665377911102316,0.801611446279146,0.026919673410997564,0.3877227224307099,True,2026-08-07T13:44:09.696955+00:00
1567504,4292,-757.665316,600,0.18,-117.04317883999998,0.002261186350369826,1.2485197765287013,2.4815858686342835,0.0003,656.1275073790265,659.1645604490092,0.08407350637232829,-0.20359512317894665,0.8105155307529199,0.15099792793956252,-0.07875792295396294,0.8028977766939235,0.14184933887411993,0.1814655002840566,False,2026-08-07T13:44:17.329611+00:00
1572512,4301,36.652354,26,0.2,-114.17591898999999,0.002261186350369826,1.2485197765287013,2.4815858686342835,0.0003,4268.326393627506,100.15354042236035,0.14025260843323004,-0.07815139548393009,0.802696825986527,0.17682670844277598,-0.08488218520042932,0.8028977766939256,0.037188824973408405,0.17592437914398026,False,2026-08-07T13:44:18.502905+00:00
1577520,4315,36.312289,22,0.23,-114.52523922000002,-0.0025761852753930724,2.5059309025877154,2.5091732760891317,0.0003,641.9864506955083,658.0824245469639,0.14412035347557747,-0.24341590527038412,0.8012122051105235,0.14447024456569463,-0.18831601983583166,0.8029007924366242,0.05512686392162734,0.07334689029554163,False,2026-08-07T13:44:26.303696+00:00
1582528,4324,-99.455884,600,0.2,-119.66919458000002,0.0033677664410788565,1.6925272542866878,2.5152814699336887,0.0003,670.4786757733979,622.6476919917634,0.1786504748587346,0.10469875898943552,0.8068143833015482,0.1869999205044497,0.034457018103519095,0.8029018918132074,0.07084435753764243,0.29569229144105663,False,2026-08-07T13:44:33.772986+00:00
1587536,4334,-107.701,600,0.19,-121.68157839,0.0033677664410788565,1.6925272542866878,2.5152814699336887,0.0003,4546.493861984476,90.72133659935608,0.14438934864816025,-0.1314089307619284,0.8727767388589943,0.16904005989165702,-0.05266521253697139,0.8028912141104029,0.1081305567084886,0.20753177292931316,False,2026-08-07T13:44:34.874495+00:00
1592544,4345,-77.39027,600,0.2,-107.6190236,-0.00204570196037821,0.6916645288292784,2.497735401801765,0.0003,654.289618178428,622.7456292740453,0.14025260881461427,-0.07815139486363862,0.8026968259043896,0.17754373159943881,-0.08428905865756561,0.8028912141104031,0.03779333991822872,0.17658459000115942,False,2026-08-07T13:44:42.528603+00:00
1597552,4355,-100.769604,600,0.22,-102.12968083,-7.476864375348669e-05,2.371874899126124,2.4639894749969242,0.0003,652.7890443460201,616.5054445777076,0.15657949333404253,-0.05034944374591217,0.8004818705966172,0.18792343472362627,-0.04906775302917028,0.8020730774726106,0.031410465330033735,0.2127724865177068,False,2026-08-07T13:44:50.200295+00:00
1602560,4365,-102.854377,600,0.19,-109.20803462999999,-7.476864375348669e-05,2.371874899126124,2.4639894749969242,0.0003,237.31731215353406,1674.7197934842338,0.14294188574666325,-0.021525040844266093,0.800842534911808,0.18589823501200942,-0.0346992116678111,0.8028866480216461,0.04497760684496411,0.22678439937491968,False,2026-08-07T13:45:11.302848+00:00
1607568,4374,-116.660275,600,0.19,-108.33764071,-0.004725092409898934,3.2822848533687647,2.463763178139925,0.0003,653.5037518231461,600.5045860948654,0.17601853412454987,0.0964903881669392,0.8070789437758642,0.14339608780636606,0.112503200270011,0.8029754999751726,0.03657146983997911,0.3728730670235299,False,2026-08-07T13:45:18.966157+00:00
1612576,4385,-106.763656,600,0.21,-108.79663852999998,-0.004725092409898934,3.2822848533687647,2.463763178139925,0.0003,4333.15621854708,89.40919285155715,0.17864174361263874,0.10467226503933544,0.8068153607676851,0.14214504557799953,0.11568423731976805,0.8029051417545905,0.03832182555237968,0.3761082896825694,False,2026-08-07T13:45:20.121891+00:00
1617584,4395,-114.793846,600,0.22,-100.57807757,0.0015873092732363147,2.397238313354319,2.4681405875831843,0.0003,649.3313111240245,588.9381790907619,0.1771071499858397,0.10177547085222116,0.8065611660053049,0.18956785493699568,0.12338568332972064,0.8029559259179783,0.02520452751570051,0.38452417378855663,True,2026-08-07T13:45:27.834451+00:00
1622592,4406,-137.922594,600,0.2,-102.34645785999999,-0.003794751736859325,4.042611404837226,2.4718362893909216,0.0003,645.4301916639721,584.738682625012,0.1774708052336236,0.10267056090328296,0.8067229146121867,0.1890331793849588,0.1257233435526009,0.8026928986889479,0.026102879385878432,0.3868144558655959,True,2026-08-07T13:45:35.593613+00:00
1627600,4417,35.957819,24,0.2,-105.91604263,-0.003794751736859325,4.042611404837226,2.4718362893909216,0.0003,4418.408539688022,84.28374077565374,0.17859065319409845,0.10452029728904982,0.806811396740961,0.18338800696228397,0.12848758610324,0.8308780116007989,0.03430229565337715,0.38919096010312226,False,2026-08-07T13:45:36.727058+00:00
