global_step,episode_num,episode_reward,episode_length,success_rate,avg_reward_100,policy_loss,value_loss,entropy,learning_rate,fps,eta_seconds,ee_x,ee_y,ee_z,cube_x,cube_y,cube_z,ee_to_cube_dist,cube_to_goal_dist,is_grasped,timestamp
5008,7,19.501334,47,0.2857142857142857,2.9337831428571426,,,,,4074.017178501446,489.6866931557274,0.08351728241643648,-0.2308607442309369,0.7928036024811468,0.16206641310962744,0.0988912174757253,0.8029067489505951,0.33912887778930173,0.3588971663921965,False,2026-08-07T13:02:22.323262+00:00
10016,21,-758.756865,600,0.09523809523809523,-413.07756004761904,-0.0035249789667432196,100.3340436398983,5.662412495911122,0.0003,1927.0190723296087,1032.6747817779883,0.08517951360037737,-0.27306065566304766,0.7901875553880607,0.17579248730727876,-0.08442494038975895,0.8028786480032113,0.20965497349798115,0.17628387394339354,False,2026-08-07T13:02:24.922058+00:00
15024,29,-79.802243,285,0.13793103448275862,-364.2238955862068,-0.0035249789667432196,100.3340436398983,5.662412495911122,0.0003,4909.409258404865,404.32074319364165,-0.07781063011312783,-0.26716980776953053,0.7194459303787692,0.17579248976044473,-0.08442494000889429,0.8028786480032113,0.3235293610673719,0.17628387454249503,False,2026-08-07T13:02:25.942156+00:00
20032,45,7.911499,50,0.13333333333333333,-382.6030319333333,-0.0034909274298115635,54.374247753620146,5.6593478754162785,0.0003,2085.243875083166,949.513878764436,0.031106294796522927,-0.3559512593029904,0.747999308409797,0.16207300215486578,-0.022060618068543866,0.802880883982563,0.36283222855416924,0.2379484120809749,False,2026-08-07T13:02:28.343798+00:00
25040,49,-552.552316,600,0.14285714285714285,-379.3345279183673,-0.0033410106647352223,60.695284062623976,5.659584836661816,0.0003,2037.6004022221553,969.2577591985939,-0.06484629065551194,-0.24899243893043266,0.7389237025513141,0.1620730032729002,-0.02206061586030812,0.802880883982563,0.32723224067247575,0.23794841429886712,False,2026-08-07T13:02:30.801572+00:00
30048,63,27.372977,42,0.12698412698412698,-431.1964947619048,-0.0033410106647352223,60.695284062623976,5.659584836661816,0.0003,5150.584972948797,382.4715076726846,0.1755878604060555,-0.21680997516710815,0.8016807862730725,0.047510136378783326,-0.13977315910527713,0.792887627484919,0.14971938439101384,0.16464647791266274,False,2026-08-07T13:02:31.773906+00:00
35056,69,-852.344947,600,0.14492753623188406,-423.451866884058,-0.0018537781761551742,60.389795863628386,5.646907407045364,0.0003,2060.820774962014,953.4764128317847,0.14790191673218014,-0.16860009183608715,0.8013345538444843,0.04751013641129801,-0.1397731566312047,0.7928876274849193,0.10478956204807167,0.16464647969704552,False,2026-08-07T13:02:34.204025+00:00
40064,87,24.339274,49,0.13793103448275862,-423.1596287931035,-0.0018537781761551742,60.389795863628386,5.646907407045364,0.0003,5137.22981201792,381.51612283627446,0.08523166127757077,-0.27111871211274907,0.7900487681869451,0.17906765785622286,0.06417476884386475,0.8028767190084034,0.34841278528232816,0.3247350555931637,False,2026-08-07T13:02:35.178866+00:00
45072,92,-318.630598,600,0.15217391304347827,-408.97802344565224,-0.0031877167755737902,42.72963613271713,5.632352422177791,0.0003,2136.355488293566,915.0761709426539,-0.06549604166300574,-0.3122586739425582,0.8045436535630273,0.17906765757643944,0.06417477131185373,0.8028767190084034,0.4489056920585854,0.3247350580404663,False,2026-08-07T13:02:37.523040+00:00
50080,110,-666.412728,600,0.17,-425.06380236000007,-0.003970797039801255,37.953324291110036,5.626611065864563,0.0003,2019.7093736490447,965.4458336632092,0.08523173097679043,-0.2706733898398188,0.7900096670401329,0.16357629793421383,-0.017407486741424356,0.8028967213242878,0.26541960178576546,0.2426188727119687,False,2026-08-07T13:02:40.002582+00:00
55088,115,-9.53706,21,0.18,-407.91813983,-0.003970797039801255,37.953324291110036,5.626611065864563,0.0003,5030.70369296171,386.6083392510399,-0.17229819280073422,-0.17623675116637116,0.8778435374253319,0.16357630030527148,-0.01740748602237568,0.8028967213242878,0.3790190441509261,0.24261887346588956,False,2026-08-07T13:02:40.998084+00:00
60096,133,-605.393371,600,0.18,-421.2817140899999,-0.00424139458918944,24.4955812394619,5.637024104595184,0.0003,2099.8268893051763,923.8399650372636,0.173312408817911,-0.16279344450060115,0.7995944266492647,0.23403333817907299,-0.16725600589512885,0.7929008473174233,0.061251528315257646,0.11866921927973303,False,2026-08-07T13:02:43.383026+00:00
65104,137,-350.462339,600,0.19,-407.69231830999996,-0.00424139458918944,24.4955812394619,5.637024104595184,0.0003,5213.421772641509,371.1374380169585,0.17035452309241983,-0.19602191621840584,0.7997861189169592,0.23403334065930717,-0.16725600581919878,0.7929008473174235,0.07021307836017092,0.11866922088640136,False,2026-08-07T13:02:44.343643+00:00
70112,152,-248.391355,600,0.16,-420.22690852999995,-0.0044776904294849375,32.18577400445938,5.641255080699921,0.0003,2061.7842485149413,936.0281035176482,0.08461172663288695,-0.23874940785063894,0.7908426442195216,0.17435502796267052,-0.03473228647973551,0.8028818349754331,0.22320794802178417,0.22572463220139935,False,2026-08-07T13:02:46.772608+00:00
75120,154,-641.881826,600,0.16,-419.5230291099999,-0.0030839796949294397,10.284846886992455,5.641745699942112,0.0003,1850.5838707540242,1040.147399110154,-0.05868314885642037,-0.14496041157015727,0.7903016214958404,0.17435502631799357,-0.03473228833327847,0.8028818349754331,0.2580993839824836,0.22572463024701464,False,2026-08-07T13:02:49.478876+00:00
80128,175,-335.750302,600,0.16,-393.00841577,-0.0030839796949294397,10.284846886992455,5.641745699942112,0.0003,4179.891387285215,459.31145623545297,0.26395308124324096,-0.03122431208782943,0.7971383674969144,0.2614629833286049,-0.2877645071663943,0.7929134836759231,0.25658706499329514,0.10519317869583329,False,2026-08-07T13:02:50.676898+00:00
85136,179,-4.00484,15,0.17,-384.61701199000004,-0.0015505271396250464,34.28116653263569,5.643540793657303,0.0003,1875.5314447067967,1020.9714187433163,0.24347897221343512,-0.1016181635467035,0.7955555631135065,0.2614629813986878,-0.28776450628308736,0.7929134836754477,0.18703172480695235,0.10519317660121336,False,2026-08-07T13:02:53.347071+00:00
90144,194,-414.582557,600,0.13,-414.44732657000003,-0.005123722695861943,16.760352954268456,5.639238339662552,0.0003,1898.6611554918884,1005.8961781967944,-0.001294776315673568,-0.15621871952028288,0.7880099316751261,0.1552277670855854,-0.04331221432400713,0.8029063980812488,0.19356934214855506,0.21674033004532048,False,2026-08-07T13:02:55.984723+00:00
95152,196,-441.184022,600,0.13,-414.70035164,-0.005123722695861943,16.760352954268456,5.639238339662552,0.0003,4779.2441681141245,398.56678859570536,-0.06767384312334987,-0.1762153403907108,0.7743146125075171,0.15522776469343075,-0.04331221493514478,0.8029063980812488,0.2610859201976584,0.21674032948700195,False,2026-08-07T13:02:57.032592+00:00
100160,219,-552.10958,600,0.11,-404.32776206999995,-0.007610416183888446,34.11225004196167,5.622800254821778,0.0003,1962.712650075037,967.9664519038826,0.25504442524121695,-0.034250090125605516,0.7974246524147762,0.2922413229137556,-0.09329615870089479,0.7929017219551715,0.06993214075517419,0.212786132513041,False,2026-08-07T13:02:59.584149+00:00
105168,220,-279.084878,600,0.11,-399.67585359000003,-0.007610416183888446,34.11225004196167,5.622800254821778,0.0003,5037.960117149846,376.11095680367833,0.2566663837610812,0.006902670688806019,0.8002221639325385,0.3132912069308511,-0.1271664267693487,0.7929017219551721,0.1457205625949745,0.20283725569909444,False,2026-08-07T13:03:00.578228+00:00
110176,240,-217.660915,600,0.1,-373.4624146600001,-0.007378888173843734,15.458567394316196,5.600218890607357,0.0003,1873.747963638803,1008.5796151206897,0.07115092430022446,-0.04941332104039668,0.7971679328590114,0.16645534241607524,0.10970260462281212,0.8029047009827727,0.18556325180532512,0.36975895839127426,False,2026-08-07T13:03:03.250961+00:00
115184,241,-467.124666,600,0.1,-376.12041690000007,-0.006610477830690797,16.009201829135417,5.586043024063111,0.0003,1911.513259921656,986.0334424660228,0.24877881421691747,-0.07103456793285676,0.795758256600791,0.16645534340694304,0.10970260237424159,0.8029047009827727,0.19873135194055958,0.36975895616034526,False,2026-08-07T13:03:05.870850+00:00
120192,262,-553.694027,600,0.11,-325.97976654,-0.006610477830690797,16.009201829135417,5.586043024063111,0.0003,4266.995436839855,440.54605349945945,0.17701577787859835,-0.007694060341160906,0.8010248918479157,0.16985054494145851,0.027940147995256903,0.8028935415550503,0.03639545601492962,0.2881085942195653,False,2026-08-07T13:03:07.044513+00:00
125200,265,-481.42749,600,0.11,-325.44668243,-0.004731052553688641,17.069794845581054,5.585487823188305,0.0003,1958.518202965916,957.2543145939946,0.17565772707404004,0.030417181469634604,0.8026545248593315,0.1569741043319805,0.05782720010067287,0.8029007097717591,0.033172993339953154,0.31784160389795874,False,2026-08-07T13:03:09.601535+00:00
130208,284,19.310838,41,0.11,-311.07072200000005,-0.004731052553688641,17.069794845581054,5.585487823188305,0.0003,4588.891891289634,407.460459800574,0.2522095864126561,0.026723471381922263,0.8067264757244229,0.18137127453030225,0.11826467015419961,0.8028850682544807,0.11581284002370962,0.37886790846139895,False,2026-08-07T13:03:10.692890+00:00
135216,287,-433.923388,600,0.11,-305.17947874000004,-0.004350830877956469,23.348793171346188,5.570839156210423,0.0003,2046.4602240371562,911.2241606735193,0.27193797583241,-0.026250821375240888,0.7984689381759523,0.18137127350051727,0.11826466791320997,0.8028850682544807,0.17060643721860116,0.3788679061658891,False,2026-08-07T13:03:13.140057+00:00
140224,304,-314.908185,600,0.12,-265.44351413000004,-0.003563734547060449,13.110359227657318,5.554717071354389,0.0003,2062.8089900638856,901.5745078473807,0.26443556965826753,0.02936366611654051,0.8118281935750198,0.18363140591279675,0.10188628132178107,0.8029033292335183,0.10894262617693062,0.36265703351006806,False,2026-08-07T13:03:15.567791+00:00
145232,309,-374.044264,600,0.11,-267.35493567,-0.003563734547060449,13.110359227657318,5.554717071354389,0.0003,5420.476925959206,342.1780085655066,0.24713856297052722,0.004556987919557033,0.803511137040749,0.18363140636917663,0.10188628374812152,0.8029033292335183,0.1162175554570101,0.3626570359609904,False,2026-08-07T13:03:16.491694+00:00
150240,326,-364.07066,600,0.07,-260.23143291,-0.002628340109367855,14.861363089084625,5.546899864077568,0.0003,1901.457027087678,972.8118877517529,0.2551712032762008,-0.0007737051533541692,0.7991728780735311,0.059093502214906925,-0.1716346023912425,0.7928790066859313,0.2601528855797337,0.1341289110885748,False,2026-08-07T13:03:19.125454+00:00
155248,333,-2.82018,14,0.06,-265.50540027,-0.002628340109367855,14.861363089084625,5.546899864077568,0.0003,4431.267068281565,416.30350226563763,0.08144122019255315,-0.2670418120058298,0.7898209766492037,0.16571864091444014,-0.07904341086099112,0.8028835128084033,0.20643815618111888,0.18104692763682123,False,2026-08-07T13:03:20.255625+00:00
160256,350,-427.9907,600,0.05,-248.75332454999997,-0.0021715315291658045,8.111916646361351,5.542381700873375,0.0003,1886.2886234973166,975.3247605284182,0.2829117592895508,-0.0894144660873719,0.7978438715563007,0.16571864132665964,-0.07904340858295784,0.8028849748069623,0.11775906951741688,0.1810469299267384,False,2026-08-07T13:03:22.910573+00:00
165264,357,-452.987123,600,0.05,-254.68609106999997,-0.004940616666863207,11.246861922740937,5.5213568598032,0.0003,1893.5585371196557,968.935453556597,0.08474957825386899,-0.266968101769346,0.7905321736796878,0.13830405380683208,0.09167671600464841,0.8028788334544529,0.36283140323776875,0.3523453230298807,False,2026-08-07T13:03:25.555313+00:00
170272,371,12.952899,56,0.05,-254.69571024,-0.004940616666863207,11.246861922740937,5.5213568598032,0.0003,4792.848249675363,381.7621390629119,0.24949675582312925,0.04914370293657573,0.8149607290487173,0.13830405533480047,0.09167671406443278,0.8028788334544529,0.11966138006324475,0.3523453209992609,False,2026-08-07T13:03:26.600226+00:00
175280,384,24.949697,32,0.07,-247.51514294999998,-0.002003081465954892,20.079228265583517,5.516972041130066,0.0003,2056.159979153617,887.4406750933431,0.16202462825180486,-0.11749884970829261,0.8521393745944574,0.16283077289499814,-0.11714671379547403,0.8599660345655519,0.007875942812767106,0.1428813306720485,True,2026-08-07T13:03:29.035852+00:00
180288,402,26.562898,22,0.07,-228.12336645999997,-0.0024406495183939116,33.709479638934134,5.524103298783302,0.0003,2006.8624259360038,906.7447656016,0.2775917850335191,-0.02282418017151295,0.798802974012936,0.16302395857051152,-0.024431647736213105,0.8028825497398339,0.11465170626964467,0.23558776053460792,False,2026-08-07T13:03:31.531256+00:00
185296,415,-320.538513,600,0.07,-223.74561834000005,-0.0024406495183939116,33.709479638934134,5.524103298783302,0.0003,4537.074154169687,399.97230336917477,0.08518904502536005,-0.2684569033112338,0.7899893630531627,0.16263077216103614,0.039724062856292985,0.8028963552279657,0.31802408628389645,0.29973560819036227,False,2026-08-07T13:03:32.635065+00:00
190304,432,-178.758877,600,0.1,-196.2905536,-0.0026865890322369523,27.778664207458498,5.498481094837189,0.0003,1906.8756610720952,949.0372324446901,0.08247022676331285,-0.013438726703617808,0.7961170922702061,0.16263076974626584,0.039724063093408576,0.8028963552783345,0.09642589526293258,0.29973560840627433,False,2026-08-07T13:03:35.261357+00:00
195312,449,-345.393014,600,0.1,-196.19865687,-0.0026865890322369523,27.778664207458498,5.498481094837189,0.0003,4180.351409383417,431.707247373776,0.08470883725409536,-0.2666386495550899,0.7905516712252787,0.14225275260398842,-0.011152114777140376,0.8028819234709045,0.26217686161650655,0.24947992859150966,False,2026-08-07T13:03:36.459337+00:00
200320,456,-428.665152,600,0.1,-190.77047412000005,-0.002803681248042267,8.426662181317806,5.429104138910771,0.0003,324.6509579024021,5543.4304325725325,0.27048381007272415,0.002642958972113932,0.8029782558204168,0.14225275148337163,-0.011152116946265124,0.8028819234709046,0.12897099591172181,0.24947992650759757,False,2026-08-07T13:03:51.885130+00:00
205328,471,-367.429481,600,0.09,-186.84341173,-0.0016100056425784714,10.946195997297764,5.383569522202015,0.0003,1949.2280492226362,920.7090985150382,0.028575744456505646,-0.1832944938459753,0.8417665177656641,0.09364623631271955,-0.2642372954603061,0.7928783768199378,0.11478656876444963,0.06648892109431005,False,2026-08-07T13:03:54.454344+00:00
210336,478,-1.980389,13,0.08,-186.60162407000004,-0.0016100056425784714,10.946195997297764,5.383569522202015,0.0003,5250.431164229305,340.8603872750133,0.1130018588036452,-0.1330985614309582,0.8401812658059352,0.09364623627907474,-0.26423729793777867,0.7928783768199378,0.1407464800353478,0.06648892128577422,False,2026-08-07T13:03:55.408183+00:00
215344,503,-3.391614,17,0.06,-178.73005377000004,-0.0022979249646596146,10.95492871105671,5.3697310701012615,0.0003,1905.033481672382,936.8108314995568,0.08513354049646073,-0.26810540842656866,0.7899612442272578,0.14849176496760988,0.09625541524156092,0.8028982636141543,0.37005464583338404,0.356441243913352,False,2026-08-07T13:03:58.037000+00:00
220352,511,-3.126667,15,0.06,-169.31203881999997,-0.0022979249646596146,10.95492871105671,5.3697310701012615,0.0003,4231.614537443159,420.5600449315275,0.07944725865660046,-0.01931978819239817,0.7943358006705665,0.14849176592263955,0.09625541301785542,0.8028982654744707,0.13490028510688487,0.3564412416599714,False,2026-08-07T13:03:59.220477+00:00
225360,530,-287.996458,600,0.07,-188.20926989,-0.004112277249805629,13.895182558894158,5.3595193296670915,0.0003,1863.1945847711947,952.4716390359896,0.03745613147798394,-0.22206878235843489,0.815502770142799,0.17769841272240144,-0.3622165620507898,0.8028967868174447,0.19866607263680996,0.1037374540384302,False,2026-08-07T13:04:01.908340+00:00
230368,539,-3.031897,14,0.07,-185.89223763,-0.0028895807423396035,17.85084309130907,5.35016006976366,0.0003,1905.2849025323917,928.8017753396933,0.17404119774978363,0.09028464039200068,0.8070094880192191,0.1653869431597865,0.1247377234498397,0.827523061892338,0.04102094303824264,0.38477543450949686,False,2026-08-07T13:04:04.536806+00:00
235376,556,-9.594276,23,0.07,-187.69961212,-0.0028895807423396035,17.85084309130907,5.35016006976366,0.0003,4618.6965475448105,382.06103861446195,0.08036001414576219,-0.2667927066753765,0.7891201904236863,0.15477803505931034,0.10615365617985995,0.8028939588299089,0.38054795768700067,0.3661908912735554,False,2026-08-07T13:04:05.621104+00:00
240384,561,-3.641566,16,0.06,-184.65412057999998,-0.0036674978444352748,7.614429099857807,5.345080058276653,0.0003,1987.662477654845,885.2690131153922,0.17879269855844176,0.10479650172219727,0.8067225802251382,0.14532878562140975,0.12169627587281052,0.8029027498184427,0.03768324481430588,0.381978129670424,False,2026-08-07T13:04:08.140647+00:00
245392,581,-3.074725,14,0.07,-179.08909240999998,-0.0036674978444352748,7.614429099857807,5.345080058276653,0.0003,4692.69270288312,373.9021732494854,0.08828048962350549,-0.17649802800382508,0.8484869061900429,0.25993015994304147,-0.10506783372122017,0.7928914708658334,0.19405343182985563,0.18436380613905035,False,2026-08-07T13:04:09.207836+00:00
250400,591,-12.646532,27,0.07,-169.58435053999997,-0.004137841869669501,10.86445669978857,5.36069068312645,0.0003,2048.460966351332,854.1046320820768,0.251129768751136,0.012077300209461295,0.8029186959902126,0.2763707702877161,0.07681881410459022,0.7928915083272756,0.07020766533955226,0.35635525773051097,False,2026-08-07T13:04:11.652607+00:00
255408,611,-0.376186,13,0.06,-182.18460849,-0.004167024864727864,7.267693277448416,5.356837809085846,0.0003,1975.6324571043322,883.0549395594734,0.08409451317548704,-0.2520873073728786,0.7909004487005478,0.16862621679085632,-0.04402753367434575,0.8029021020687841,0.2248966830150517,0.21614466874505303,False,2026-08-07T13:04:14.187488+00:00
260416,616,-311.278187,600,0.06,-183.58612291999998,-0.004167024864727864,7.267693277448416,5.356837809085846,0.0003,5014.051332436751,346.9418010833545,0.0706819535994188,-0.03357263108327221,0.7974024682105834,0.1686262187737381,-0.044027532210110784,0.8029021020687841,0.0986540927214052,0.2161446702872572,False,2026-08-07T13:04:15.186284+00:00
265424,634,-153.855788,600,0.02,-187.61346567,-0.0030357548836036584,3.655145822837949,5.334654751420021,0.0003,1919.4534600207726,903.6822387875079,0.0709219744455787,-0.12148235988968616,0.8639823096555257,0.1722050158046484,-0.047782362972808204,0.8028922454338346,0.13936262037971725,0.2125683134340503,False,2026-08-07T13:04:17.795354+00:00
270432,637,-313.867556,600,0.03,-187.0130283,-0.002153989239013754,11.521804955601691,5.316088554263115,0.0003,1986.3807327520256,870.7132381433115,0.2433913586577041,-0.08200314368307696,0.7961230612077043,0.17220501336953944,-0.047782363338016734,0.8028922454338346,0.07927407784388256,0.21256831292962786,False,2026-08-07T13:04:20.316522+00:00
275440,653,-446.07652,600,0.04,-194.71381855999996,-0.002153989239013754,11.521804955601691,5.316088554263115,0.0003,4812.795284050148,358.32814367053606,0.08209967075804386,-0.007677371769061435,0.7933838320407882,0.17867598598587495,0.014183024162533649,0.80289554570264,0.09947529477240344,0.2748183458058379,False,2026-08-07T13:04:21.357106+00:00
280448,657,-295.978732,600,0.04,-193.75393045999996,-0.0032367589519708417,9.694573652744293,5.292396838963032,0.0003,2006.0773692735552,857.1713266585963,0.08205611746897892,-0.007021427539329019,0.7936590793908911,0.17867598835101964,0.014183024921297362,0.80289554570264,0.09934958763550684,0.274818346723577,False,2026-08-07T13:04:23.853503+00:00
285456,683,-2.356907,13,0.07,-186.22572172000002,-0.0032367589519708417,9.694573652744293,5.292396838963032,0.0003,4489.741160980323,381.88036648991005,0.17525821690352605,0.09346396170797432,0.8069814872906547,0.134220394010551,0.105157477961437,0.8029228971403964,0.042863893712225404,0.3660663488988418,False,2026-08-07T13:04:24.968937+00:00
290464,687,-315.536985,600,0.08,-191.05702168,-0.005145119677763432,19.800236035883426,5.289052851498127,0.0003,1992.095419183095,858.1596963367523,0.1789286458513707,0.10498097779266059,0.8065604861295643,0.13433181762961674,0.10511643866481606,0.8029057141782185,0.044746539476308765,0.36601758068360274,False,2026-08-07T13:04:27.482878+00:00
295472,706,-277.316199,600,0.1,-193.61555995000003,-0.0016915637534111738,20.058052241802216,5.298743753135204,0.0003,2002.7662420143495,851.0868439072618,0.24601783503822744,0.05199763440887056,0.8160481762623712,0.17448346280338684,-0.06552343190120062,0.8028920098515028,0.13820800321370447,0.1950151436023983,False,2026-08-07T13:04:29.983409+00:00
300480,714,-2.435925,14,0.11,-195.10721186000006,-0.0016915637534111738,20.058052241802216,5.298743753135204,0.0003,4861.8524580564,349.5622326390812,0.2509881402669413,-0.06901171127173925,0.7957755296431448,0.1744834603547619,-0.06552343214594213,0.8028920098515028,0.07691409773429346,0.19501514317647728,False,2026-08-07T13:04:31.013479+00:00
305488,738,-210.196519,600,0.15,-175.74335212999998,-0.0023493641121604012,23.669146260619165,5.300924350321293,0.0003,1917.082346266832,883.9015200884578,0.1787660074878526,0.10472937899114057,0.8067352392392324,0.14106839770541285,0.12295138714726922,0.8028772097184111,0.0420480172699575,0.3834190533651896,False,2026-08-07T13:04:33.625795+00:00
310496,744,-263.215751,600,0.14,-172.57909423,-0.0023493641121604012,23.669146260619165,5.300924350321293,0.0003,5213.601639554628,324.0569795709068,0.1789420932245505,0.10467172706575045,0.8065559001325574,0.14096905411064992,0.12298099844703915,0.8028769831385949,0.04231684709791088,0.3834535461733721,False,2026-08-07T13:04:34.586360+00:00
315504,769,-185.29317,600,0.16,-136.83644921,-0.002911964817030821,9.805472449213266,5.310349389910698,0.0003,2117.8588489636745,795.3768972017514,0.1821186052927854,-0.07825195664437405,0.8132860970888932,0.18379283524156406,-0.07867451871935514,0.7972089095805753,0.01616964943362138,0.1828798216602633,False,2026-08-07T13:04:36.951001+00:00
320512,774,-187.665124,600,0.16,-139.66967838,-0.0033589956248761153,13.14735949933529,5.308520300686359,0.0003,2054.35070248667,817.5274056017208,0.18214771002718966,-0.07825537601179128,0.8124194994743483,0.18495272125626505,-0.077984059744907,0.7977998993175482,0.014888734306737565,0.18371837361853183,True,2026-08-07T13:04:39.388797+00:00
325520,800,-1.935719,13,0.12,-143.54223731,-0.0033589956248761153,13.14735949933529,5.308520300686359,0.0003,4778.737487737537,350.4021730209692,0.1804107713422791,-0.16284580705580928,0.7996485565460894,0.26612282281523786,-0.10724837349683096,0.7928804373295817,0.10238866062107171,0.1859976153654611,False,2026-08-07T13:04:40.436731+00:00
330528,808,-240.739262,600,0.12,-137.46277034,-0.0029085637506796047,15.234838841855526,5.306945733726025,0.0003,2061.8012483644543,809.7152920652883,0.1446846402033798,-0.16312016973455948,0.8017461408620206,0.2661228242369181,-0.10724837553426601,0.7928804373295817,0.1339682448479809,0.18599761450335978,False,2026-08-07T13:04:42.865672+00:00
335536,830,-304.517602,600,0.1,-133.29713981,-0.0029085637506796047,15.234838841855526,5.306945733726025,0.0003,5038.91004288036,330.3222295765679,0.1417832976916454,-0.19775737891575432,0.8013537759623236,0.30265786828992647,-0.17811275682727082,0.7928831907862922,0.16229075591482423,0.16448947680461412,False,2026-08-07T13:04:43.859546+00:00
340544,838,-166.493614,600,0.09,-134.60862946,-0.003337828275107313,7.756144154816866,5.313061699271202,0.0003,2024.4118270336328,819.72253759829,0.1417210712628295,-0.16746931193166736,0.8024352959180905,0.3026578670293298,-0.1781127589640762,0.7928831907862923,0.16157096864464493,0.16448947464756955,False,2026-08-07T13:04:46.333356+00:00
345552,853,-283.719157,600,0.07,-142.2687153,-0.0012413585631293246,9.508735210448503,5.304102997481823,0.0003,2141.49916358977,772.5653262580165,0.22212941921081208,0.10533398884710969,0.8352179142765391,0.14626649763277588,-0.008915512470778883,0.8028829573385785,0.14090309032069262,0.2514597959218971,False,2026-08-07T13:04:48.671905+00:00
350560,862,-243.618802,600,0.07,-151.50358628,-0.0012413585631293246,9.508735210448503,5.304102997481823,0.0003,5141.891575870966,320.7846714894231,0.24611215520423813,0.07024907331912127,0.8246357510488018,0.14626649672655476,-0.008915510168927469,0.8028829573385785,0.12926473157778942,0.25145979826980636,False,2026-08-07T13:04:49.645863+00:00
355568,887,-3.43431,17,0.1,-132.52139246,-0.003183652986626839,12.551808938384056,5.283326935768128,0.0003,2176.0778391836,755.6862031263285,0.08169544699614101,-0.009629077262393388,0.7935578141732162,0.17018942218733704,0.0874316862848147,0.8029036408319957,0.13167885153449285,0.3475810710600071,False,2026-08-07T13:04:51.947263+00:00
360576,896,-7.657178,22,0.11,-142.01216886,-0.0027257872381596824,15.41760677844286,5.284834717214108,0.0003,2236.398865674407,733.0642244381646,0.0819771886007844,-0.008118858154237737,0.7934082614481417,0.1701894197898771,0.0874316856319949,0.8029036408319957,0.13038967128897141,0.3475810703371857,False,2026-08-07T13:04:54.186557+00:00
365584,915,-154.279373,600,0.12,-136.86926379000002,-0.0027257872381596824,15.41760677844286,5.284834717214108,0.0003,5232.68603172982,312.34742350090806,0.14208272707048733,-0.17515310473272228,0.8021694331607228,0.059656679738628794,-0.1355283327390313,0.7928859260836443,0.091925836074283,0.15988113669786508,False,2026-08-07T13:04:55.143629+00:00
370592,926,-2.44494,23,0.11,-135.3823207,-0.0028443780858651733,10.196343429386616,5.281386046111583,0.0003,2313.2946994847557,704.3668065132043,0.14272542342772127,-0.16329907461547238,0.8018755360464704,0.05965667763479818,-0.13552833142402262,0.7928859260836443,0.088047963021858,0.15988113904202325,False,2026-08-07T13:04:57.308507+00:00
375600,946,-2.042073,14,0.12,-125.21784112000002,-0.0028443780858651733,10.196343429386616,5.281386046111583,0.0003,5009.876477228576,324.23953113083644,0.08215915700240974,-0.006962883325413793,0.7935883184986674,0.16920251630875333,0.08799423333269768,0.8028786885049742,0.12914995694234477,0.3481158898114605,False,2026-08-07T13:04:58.308153+00:00
380608,956,-4.367242,14,0.11,-121.22030695000001,-0.004575679214758566,13.063818734884261,5.270118151605129,0.0003,2343.1756138362107,691.1099579722736,0.0819557066420041,-0.008233107538748778,0.793396767824392,0.1692025164033989,0.08799423084931358,0.8028786885049742,0.13023675858445083,0.3481158873314462,False,2026-08-07T13:05:00.445402+00:00
385616,969,-230.390819,600,0.12,-132.84888773,-0.001946307699836325,13.168364854156971,5.23974520266056,0.0003,2244.0700279842713,719.4000097448453,0.2621637685228429,0.02008704932108106,0.8052988138540634,0.1785183317635735,-0.008351294111796196,0.8028824395882285,0.08838063890042772,0.2523291496964104,False,2026-08-07T13:05:02.677072+00:00
390624,979,-334.587202,600,0.11,-144.65110487,-0.001946307699836325,13.168364854156971,5.23974520266056,0.0003,5004.0319018112605,321.6158552901052,0.2545002787368687,0.035002266055785033,0.809608095228361,0.17851833327874905,-0.008351292172980024,0.8028824395882285,0.08773836954540036,0.25232915174119636,False,2026-08-07T13:05:03.677880+00:00
395632,991,30.530538,30,0.09,-148.99036785,-0.0013188965822337195,13.638351619243622,5.197295823693276,0.0003,2060.261067353673,778.7207288544018,0.2353571741538993,0.07191036737642283,0.8252083985692868,0.14136776533116202,0.06748582067720375,0.8028894701804838,0.096704292297528,0.32801543090741375,False,2026-08-07T13:05:06.108629+00:00
400640,1005,-142.073582,600,0.1,-141.01725016,-0.0013188965822337195,13.638351619243622,5.197295823693276,0.0003,259.55740845209095,6161.873820277449,0.21356585813144785,0.1165252716186173,0.8412449757083966,0.1413677673309923,0.06748582215167438,0.8028894701804838,0.09533402710235953,0.3280154322659075,False,2026-08-07T13:05:25.403009+00:00
405648,1017,-305.932657,600,0.1,-161.6048306,-0.003070939367171377,16.70425919443369,5.183542460203171,0.0003,2165.74420677077,736.1681933700087,0.18218198203093885,-0.07835216841283017,0.79943415109557,0.16350287131371316,-0.0426523189922054,0.802892731815224,0.04043946347858761,0.2173759060864531,False,2026-08-07T13:05:27.715370+00:00
410656,1028,-309.97612,600,0.1,-166.13228080000002,-0.003145878339273622,7.125930258631707,5.164224168658256,0.0003,2156.2831571117467,737.0757382944369,0.1787807548274728,0.10508639158949612,0.8067778451711003,0.13420282024958297,0.038825683511714185,0.8028927318138455,0.07995478592303516,0.29993713276171474,False,2026-08-07T13:05:30.037893+00:00
415664,1045,28.702582,29,0.09,-164.55883316,-0.003145878339273622,7.125930258631707,5.164224168658256,0.0003,5156.620134584731,307.2431085962838,0.07142241114387991,-0.17415777081041817,0.8716861210141518,0.2958239964085983,-0.2584714055184258,0.7928965628150735,0.2523344109474567,0.13583259771311165,False,2026-08-07T13:05:31.009073+00:00
420672,1057,-150.466299,600,0.11,-164.28708696,-0.0015083657068316824,15.358419848978519,5.149318811297417,0.0003,2195.4792657289777,719.3545503494457,0.14276400919144794,-0.1699688016613595,0.8016427242265348,0.2958239984101829,-0.25847140698755416,0.7928965628150735,0.1770213738185273,0.13583259969803665,False,2026-08-07T13:05:33.290128+00:00
425680,1067,-326.610801,600,0.1,-159.85439924000002,-0.0015083657068316824,15.358419848978519,5.149318811297417,0.0003,5246.251879640095,300.08471497712424,0.1786358056093835,0.10466551935418665,0.80679658543178,0.18421463830951387,0.1280962893703495,0.8304400955817498,0.03375114709247798,0.3888509721364917,False,2026-08-07T13:05:34.244706+00:00
430688,1080,27.474228,31,0.09,-165.37068007,-0.0029116635909304024,8.504531063884496,5.125162893533707,0.0003,2289.4605112787003,685.4505645627031,0.17862939014763285,0.10464610967355419,0.8067987362247527,0.18433616630984218,0.12760618995029546,0.8304420511086986,0.033447554756385126,0.3883694213998379,False,2026-08-07T13:05:36.432150+00:00
435696,1091,-149.315451,600,0.1,-154.89967273,-0.003060553572140634,6.188444905728102,5.102478791773319,0.0003,2361.2246615524405,662.4968921726885,0.17867920141209198,0.10478625618841728,0.8068065697270819,0.1414275804313089,0.11462325464451062,0.8028858061523226,0.03872753789398778,0.3750833476563327,False,2026-08-07T13:05:38.553071+00:00
440704,1107,-1.025899,14,0.1,-150.45313112000002,-0.003060553572140634,6.188444905728102,5.102478791773319,0.0003,4804.970898518368,324.51726200481573,0.17903148592089496,0.10465223400449815,0.8064719050299491,0.1413794921972914,0.11463233364967766,0.8028855689237764,0.03911696341686599,0.37509479965287995,False,2026-08-07T13:05:39.595320+00:00
445712,1119,-156.552532,600,0.1,-143.35802782,-0.002469017451221589,10.718875650316477,5.084569643437862,0.0003,2150.195889982426,722.8587903275658,0.1786527664065174,0.10471625214143052,0.8068029354607974,0.18374032043720182,0.1279632958498091,0.8304480920281511,0.033547006964691574,0.388688978157482,False,2026-08-07T13:05:41.924405+00:00
450720,1142,-280.602883,600,0.15,-137.44337860000002,-0.0038084870830061845,14.484427339583636,5.06435062289238,0.0003,2161.3730038111235,716.8036230989158,0.1786777510635687,0.10477933875714128,0.8067885720019002,0.1840156987128063,0.12806198766911164,0.8304803585440513,0.03364336747448043,0.3888043981983306,False,2026-08-07T13:05:44.241447+00:00
455728,1152,-6.907664,23,0.13,-139.30865881,-0.0038084870830061845,14.484427339583636,5.06435062289238,0.0003,4936.932858656149,312.79987883415464,0.17853975823290874,0.10435943595495244,0.8068156359612308,0.13827962296919627,0.1119054560948121,0.8028972276380081,0.04114820573477164,0.3725391832431194,False,2026-08-07T13:05:45.255849+00:00
460736,1167,-157.995343,600,0.14,-135.4019213,-0.0018126155628124252,6.181802025437355,5.060772484540939,0.0003,2204.7048825354614,698.1723550363852,0.1787044026504157,0.10471751323049543,0.8067621265242663,0.1382757905323507,0.11192707293441598,0.8028972276380096,0.04124788324651746,0.3725609867639883,False,2026-08-07T13:05:47.527346+00:00
465744,1176,-156.13561,600,0.15,-126.24495252999998,-0.0018126155628124252,6.181802025437355,5.060772484540939,0.0003,5031.10735034874,304.9539382008318,0.17877524438781675,0.10463482650321813,0.8067141018435943,0.13834706711761743,0.11522553941813257,0.802877391569343,0.041968095777213214,0.3758497770839269,False,2026-08-07T13:05:48.522762+00:00
470752,1190,-149.501543,600,0.14,-134.20196277,-0.0017645891028223559,2.876957076974213,5.053924068808556,0.0003,2257.3994111545335,677.4379369656499,0.08216025259787817,-0.26856019500085776,0.7669245500790869,0.13914031110147956,-0.01092376580260257,0.8026661140991331,0.266271883824974,0.24994818875698985,False,2026-08-07T13:05:50.741236+00:00
475760,1200,-2.048086,13,0.12,-134.73038325000002,-0.0024725821625906975,6.536313163489103,5.047691552340984,0.0003,2127.8158315825303,716.3401913719055,0.17853536589464794,0.10434797852084905,0.8068242571163473,0.13619348386103672,0.007464906398120458,0.802885170031777,0.10580491975870454,0.2685223014299372,False,2026-08-07T13:05:53.094826+00:00
480768,1218,-131.70645,600,0.14,-132.20432053000002,-0.0024725821625906975,6.536313163489103,5.047691552340984,0.0003,5211.734992216541,291.50215854583837,0.1767558180740974,-0.1450515777669658,0.833750578646653,0.17481481377795322,-0.14460617388263927,0.8427572776409169,0.009224234877272868,0.11634093782189964,True,2026-08-07T13:05:54.055741+00:00
485776,1236,-317.716455,600,0.14,-127.97097516000002,-0.004135553148807957,11.076768707856536,5.057778197526932,0.0003,2223.6882066708927,680.9515810073756,0.08382106038281711,-0.00895137306307782,0.7968864158352096,0.16956372605412237,0.10672443646481969,0.8028841756104038,0.14411339545190305,0.36684912042483875,False,2026-08-07T13:05:56.307856+00:00
490784,1252,21.601012,64,0.17,-123.74309935000001,-0.004135553148807957,11.076768707856536,5.057778197526932,0.0003,5120.727189928939,294.72689015111223,0.08243503668251637,-0.006988501127620891,0.7938500969792839,0.16956372412170367,0.10672443802534866,0.8028841756104038,0.14353973415885865,0.3668491219344594,False,2026-08-07T13:05:57.285844+00:00
495792,1267,-2.318509,14,0.16,-124.99415672,-0.0036534290411509573,12.824203003197908,5.061298593878746,0.0003,2255.8056781450846,666.8163018531312,0.17919902266465038,0.10473745159302507,0.8063691908846446,0.1548378081777944,-0.04254475413899765,0.8028945767684535,0.14932377519946682,0.2175165101248138,False,2026-08-07T13:05:59.505905+00:00
500800,1281,-178.509419,600,0.14,-131.65161098,-0.0026616302333422937,11.384800492227077,5.059358964860439,0.0003,2220.2443319228673,675.2409986794567,0.14490817409745163,-0.25349121043449374,0.8019689200046834,0.1347070304534464,-0.2340841448293116,0.8172679080520509,0.026734931500248176,0.036212785831954225,True,2026-08-07T13:06:01.761500+00:00
505808,1291,-253.591559,600,0.15,-128.03035561,-0.0026616302333422937,11.384800492227077,5.059358964860439,0.0003,5082.162201815684,294.00714512145555,0.17921266576279782,0.10477714870261197,0.806367370702191,0.13811827544953642,0.11005316689061899,0.8028854589186368,0.041577746365180815,0.37069954976379277,False,2026-08-07T13:06:02.746913+00:00
510816,1312,28.743619,32,0.16,-123.13494944999998,-0.00489739780605305,8.65136304050684,5.070802929997444,0.0003,2204.5570233075587,675.5025995044281,0.1787976711168759,0.10471113568013782,0.8067239787987579,0.13809297084325556,0.11005684498682697,0.8028854589186368,0.04123328106308028,0.37070471597766186,False,2026-08-07T13:06:05.018568+00:00
515824,1321,-212.734514,600,0.15,-133.92814310000003,-0.00489739780605305,8.65136304050684,5.070802929997444,0.0003,5016.720614910916,295.84585507685387,0.17867402884213213,0.10476971565820803,0.8068081400799927,0.13604265026460682,0.09944735262638145,0.8028881190847899,0.04314079916118463,0.3602448527272224,False,2026-08-07T13:06:06.016835+00:00
520832,1333,-151.067229,600,0.11,-149.65387916999998,-0.002397532339091413,9.043845247477293,5.052023281157017,0.0003,2244.7844541132094,658.935425755315,0.1438691449667082,-0.19827921296167425,0.800362061266273,0.1447871161526653,-0.19856171689027496,0.8087484246513892,0.00844118299737308,0.06329371585254909,True,2026-08-07T13:06:08.247791+00:00
525840,1346,-1.680729,15,0.1,-150.29362447,-0.003425167920795502,8.015636818110943,5.031899636983871,0.0003,2066.6930383831896,713.2941238110819,0.17872356756071137,0.1047253894814638,0.8067752485079632,0.13374184677463627,0.07104064759894431,0.8029045635666663,0.056329381698037174,0.33208041341448474,False,2026-08-07T13:06:10.670972+00:00
530848,1362,-5.384753,20,0.11,-147.43989256000003,-0.003425167920795502,8.015636818110943,5.031899636983871,0.0003,4839.903435455203,303.5498578830268,0.17880679063958388,0.10483811213157743,0.8067235765306038,0.13374184717694906,0.0710406500494304,0.8029045635666663,0.05645974169710096,0.3320804158254867,False,2026-08-07T13:06:11.705727+00:00
535856,1372,-10.896025,31,0.12,-140.18284126,-0.003197718775481917,10.428463800251484,5.039414414763451,0.0003,2164.9435232602027,676.2966258792451,0.1792109740111551,0.10477222750407736,0.806367592548698,0.17023519829126235,0.006970375077540053,0.8028916154164872,0.09827435731084508,0.2671665032392794,False,2026-08-07T13:06:14.018959+00:00
540864,1388,-255.610744,600,0.13,-140.69180261000002,-0.0035729812356294134,10.833136117458343,5.046925491094589,0.0003,2189.1763079539514,666.5228354146304,0.08859773931174258,-0.1761501116607272,0.8371582885168565,0.16855765716942278,0.026555536573655305,0.8028775062703157,0.22058635570080695,0.2866832904744273,False,2026-08-07T13:06:16.306554+00:00
545872,1396,-128.361627,600,0.15,-138.47455658,-0.0035729812356294134,10.833136117458343,5.046925491094589,0.0003,5130.689703923248,283.41764634257305,0.17866743044602953,0.10474771126131988,0.8068046017077235,0.14360108920837134,0.12697300733609923,0.8028775062703161,0.04170172840521118,0.3873203230943304,False,2026-08-07T13:06:17.282652+00:00
550880,1415,35.503301,27,0.16,-136.81022221999999,-0.003908366977702827,3.0577727569267155,5.005580100417137,0.0003,2177.6705872546645,665.444998192711,0.08478371068035344,-0.21549800841067332,0.8309771999378831,0.1534411108482015,0.03590150401654608,0.8028866694934187,0.26211568313838657,0.29597418655375946,False,2026-08-07T13:06:19.582349+00:00
555888,1428,-2.672468,13,0.16,-126.84133997000002,-0.003908366977702827,3.0577727569267155,5.005580100417137,0.0003,4941.843712187854,292.2213012197147,0.17869819267558923,0.10470954366696,0.8067506631352408,0.1880688283613346,0.12366502498902815,0.8305663576776343,0.031848177213819176,0.38469040867353277,False,2026-08-07T13:06:20.595739+00:00
560896,1443,-3.138491,12,0.16,-135.12508674,-0.0014865391400235239,7.7448215268552305,4.977845078706741,0.0003,2212.5211963098163,650.4362545318116,0.14330802924313996,-0.21815630912895098,0.799853987528684,0.2921368939513284,-0.12720595661188014,0.7928804558774135,0.1745583791658223,0.18733503864058768,False,2026-08-07T13:06:22.859224+00:00
565904,1453,-150.770149,600,0.18,-135.34905475,-0.003576920338673517,7.279053336754441,4.965940409898758,0.0003,2172.9404577113974,659.9794278350502,0.14366616564084317,-0.16342050233923122,0.8013926463904794,0.2921368914757125,-0.127205956424862,0.7928804558774135,0.15306046894298872,0.18733503702697973,False,2026-08-07T13:06:25.163927+00:00
570912,1473,-270.00533,600,0.18,-128.11456283,-0.003576920338673517,7.279053336754441,4.965940409898758,0.0003,5314.266581186677,268.91537678203645,0.17654088743974455,0.09674079645890166,0.806137005255359,0.1809545875410303,0.12879058190385997,0.8224510886433668,0.03623284162804269,0.3893548655354865,True,2026-08-07T13:06:26.106303+00:00
575920,1484,35.757446,26,0.19,-118.35462290000001,-0.00196363254726748,7.686515517905354,4.943924497067928,0.0003,2343.2480205174315,607.7376306437836,0.17865982645485173,0.1046947924012914,0.8067742552695167,0.18383698695940326,0.12798561417737314,0.8304186915381706,0.0335905453417703,0.38871717064711225,False,2026-08-07T13:06:28.243508+00:00
580928,1499,-288.530491,600,0.19,-114.87312339,-0.00196363254726748,7.686515517905354,4.943924497067928,0.0003,5099.974052744787,278.2508274206338,0.1787526370149298,-0.16273530548561121,0.8000041305845538,0.27701559186474584,-0.04730395685058578,0.7928823689412201,0.1517587692109495,0.24275966615332592,False,2026-08-07T13:06:29.225469+00:00
585936,1506,-0.818495,14,0.18,-122.54432745,-0.003025207478640368,5.870994203165173,4.925970612466335,0.0003,2271.2065586114645,622.6047536885015,0.17992321123332455,-0.16284325855292042,0.799700064194456,0.27701559153496724,-0.0473039543940219,0.7928823689412201,0.1510719765102955,0.24275966814670555,False,2026-08-07T13:06:31.430464+00:00
590944,1525,30.234214,43,0.17,-129.77122197,-0.0027290195735986344,8.788382866606117,4.909261645376683,0.0003,2169.8824922662375,649.3697262511087,0.22776709614357318,0.09952801015309469,0.8354674178578668,0.14885622465557538,-0.009195978721485717,0.8028987322141011,0.13823368142517806,0.2510514704565589,False,2026-08-07T13:06:33.738428+00:00
595952,1533,-315.749412,600,0.16,-130.94139979000002,-0.0027290195735986344,8.788382866606117,4.909261645376683,0.0003,5222.039547144744,268.8696604696707,0.25974000259359475,0.04605173905419324,0.8193048775559982,0.14885622223239325,-0.009195979021384033,0.8028987322141011,0.12496673439251381,0.25105147026451735,False,2026-08-07T13:06:34.697440+00:00
600960,1550,-157.617856,600,0.17,-131.30616176,-0.0018094576967996544,12.102055890113116,4.904193477332592,0.0003,399.1161832307878,3505.3452071899806,0.17671640218189258,-0.014314152558505502,0.8010733712996337,0.15663097560215478,0.014262258921494297,0.8028883568052626,0.034976132238284226,0.2742829506077876,False,2026-08-07T13:06:47.245196+00:00
605968,1561,-122.488649,600,0.18,-131.47636376000003,-0.0018094576967996544,12.102055890113116,4.904193477332592,0.0003,4997.22707385973,278.9611077095373,0.17881428733490534,0.10490265949312919,0.8066795403158717,0.1337635941635657,0.06880468328934339,0.802888356805262,0.057853279195205456,0.32984976693067336,False,2026-08-07T13:06:48.247333+00:00
610976,1576,-124.340145,600,0.18,-128.66577783,-0.0020649932775995694,8.986486123502255,4.879712229967117,0.0003,2158.710154647577,643.4509037767356,0.1788462336766476,0.10475392236375461,0.8066584619503153,0.14499500906988635,0.1216280287504805,0.8028961996508973,0.038010465550129255,0.3819229007022103,False,2026-08-07T13:06:50.567234+00:00
615984,1585,-352.504305,600,0.16,-132.64732458999998,-0.002530603676859755,11.198682445287705,4.86655884385109,0.0003,1992.791861810312,694.5110658685239,0.17865350843141048,0.10470537051812207,0.8068069448188491,0.14478712750201375,0.12162730599673942,0.8028959318351132,0.038060211246871,0.38193040226194225,False,2026-08-07T13:06:53.080284+00:00
620992,1605,-151.545993,600,0.18,-122.47647622999997,-0.002530603676859755,11.198682445287705,4.86655884385109,0.0003,4740.48491389184,290.90019798583495,0.2560385943935363,0.006171337897867592,0.8002350622614747,0.22593488901088787,0.028407807100237006,0.793330446861337,0.03805742180149673,0.2958487329451414,False,2026-08-07T13:06:54.136720+00:00
626000,1614,-146.233356,600,0.18,-119.46797397000002,-0.0012633376216399483,10.259172361344099,4.86230897307396,0.0003,1993.3679050399146,689.2857041221838,0.21409673318246342,0.11605454353379169,0.841216325611844,0.23664123417748106,0.10836704043007266,0.7928798098338513,0.053886649428593884,0.3762554388330596,False,2026-08-07T13:06:56.649058+00:00
631008,1629,-299.291549,600,0.15,-125.39483431999999,-0.00205134349889704,6.7704295560717584,4.8445511445403096,0.0003,1998.0067023589331,685.1788827253226,0.17892915942837784,0.10449411473699363,0.806609576921362,0.19411906643343083,0.06842393482651778,0.836368258166519,0.0491667597371142,0.3301914469837486,False,2026-08-07T13:06:59.155544+00:00
636016,1636,-2.530553,22,0.14,-133.62310494,-0.00205134349889704,6.7704295560717584,4.8445511445403096,0.0003,4981.405923500295,273.81506766297946,0.17877719676574316,0.10479512104906609,0.8066704294871565,0.18434279908479814,0.06108359224879801,0.8028907854836728,0.044226229638344786,0.322005038902616,False,2026-08-07T13:07:00.160891+00:00
641024,1654,-320.83734,600,0.14,-128.65380369,-0.0013818793158861808,5.451402696967125,4.821744556725025,0.0003,1939.227872639018,700.7820066811558,0.25213054824816383,0.036843234478776105,0.810515596481129,0.1708618792091805,0.0167481269690883,0.8028977828638488,0.08406212582073652,0.27696119981118916,False,2026-08-07T13:07:02.743359+00:00
646032,1660,-269.119132,600,0.13,-134.33480832,-0.0013818793158861808,5.451402696967125,4.821744556725025,0.0003,4915.127924379603,275.46953422802324,0.2559690146310059,0.020550806322597093,0.8045640586343102,0.17086187686263346,0.016748127698062006,0.8028977828638488,0.08520834312900029,0.27696120044757505,False,2026-08-07T13:07:03.762275+00:00
651040,1682,-9.581103,45,0.15,-128.62002422,-0.0019482077870634385,10.843624698370695,4.815750226378441,0.0003,1967.7658916791106,685.5287032386365,0.27079957030224544,0.007822425194841436,0.8055332892394894,0.14496505824202252,0.005775515016593955,0.8029032173501807,0.12587863815936018,0.2662004392483257,False,2026-08-07T13:07:06.307282+00:00
656048,1689,-203.964332,600,0.15,-129.71630647,-0.0017692138251732103,10.856621358543634,4.80813887566328,0.0003,2030.9922647557519,661.721870300488,0.2546339289356025,0.052932768768933575,0.818894871872779,0.1449650600411295,0.005775516687862879,0.8029032173501808,0.12044417894942408,0.2662004408153137,False,2026-08-07T13:07:08.773071+00:00
661056,1709,-241.431385,600,0.15,-134.01200970999997,-0.0017692138251732103,10.856621358543634,4.80813887566328,0.0003,4981.792255848575,268.76753008479886,0.17824292540928383,0.10340651046632374,0.8068120797165336,0.18920179255465866,0.12380944403916427,0.8322629775018127,0.03441111253017612,0.38491873690697065,False,2026-08-07T13:07:09.778552+00:00
666064,1716,36.130272,25,0.17,-127.37924484,-0.0016727695096051321,8.69038008376956,4.785982941091061,0.0003,2101.0139976748396,634.9010532420283,0.1786994072469336,0.10481187813436157,0.8067656532725835,0.18798581517030302,0.12376055609517955,0.8306434003014711,0.03186591551732911,0.3847796385793144,False,2026-08-07T13:07:12.161940+00:00
671072,1733,29.695983,50,0.19,-124.23378211,-0.0016727695096051321,8.69038008376956,4.785982941091061,0.0003,4847.926011748534,274.1229954375246,0.1797781864547304,-0.053313285315612795,0.7998890950540036,0.1379972002425797,-0.04729326155454002,0.8028951827581394,0.04231935796097059,0.21384171664404134,False,2026-08-07T13:07:13.194960+00:00
676080,1740,-0.562915,16,0.18,-120.70423594,-0.0026882744445174468,6.448063633963466,4.761345976591111,0.0003,2043.4287564323272,647.8914402239619,0.1792667317409011,0.10493321283436864,0.8063617734645037,0.13799719826625328,-0.047293260041695165,0.8028951827581395,0.15775959777023874,0.2138417183522067,False,2026-08-07T13:07:15.645749+00:00
681088,1757,35.266615,28,0.21,-119.89449685999998,-0.002408534035930643,6.9422013569623235,4.7586897879838945,0.0003,2013.7539175547813,654.9519226269219,0.17863800113213327,0.10467002948888436,0.8067961270057996,0.18781297471628305,0.12381763283738224,0.8305869478120618,0.03188752120966649,0.3848240336042698,False,2026-08-07T13:07:18.132670+00:00
686096,1764,-1.021204,12,0.2,-125.30867089000002,-0.002408534035930643,6.9422013569623235,4.7586897879838945,0.0003,4962.865336829812,264.74705856905194,0.1787525127054947,0.10467768373351252,0.8067057356853495,0.18810995326138683,0.12363268769830014,0.8305412873630795,0.031858866785306514,0.3846611606894812,False,2026-08-07T13:07:19.141741+00:00
691104,1779,-2.150003,16,0.19,-126.82483337000002,-0.0018921746683190576,6.623869471251965,4.75204057097435,0.0003,2070.5176514331124,632.1588222607256,0.18041077134186168,-0.1628458070558034,0.7996485565460136,0.31563231082774545,-0.04584071849626494,0.7929056228916314,0.1789427915397132,0.2647368769699076,False,2026-08-07T13:07:21.560462+00:00
696112,1788,-2.134284,12,0.17,-133.99088309,-0.0018921746683190576,6.623869471251965,4.75204057097435,0.0003,4899.612401795251,266.1206424251532,0.28128948476126825,-0.040361776554832834,0.7978581473800025,0.31754873785400634,-0.048720741073724434,0.792998480767849,0.03752628521786569,0.26355365687431964,False,2026-08-07T13:07:22.582585+00:00
701120,1803,-4.365752,31,0.17,-134.60436662,-0.002020354817796033,10.785313749313355,4.748711244761944,0.0003,1855.2602232381096,700.1066393440905,0.17869838702302906,0.10480088423858973,0.8067803000146965,0.1338125715943192,0.053941513246064214,0.8028826290197648,0.0679455950274945,0.3150318319562824,False,2026-08-07T13:07:25.281939+00:00
706128,1813,-2.748253,13,0.16,-138.14670114,-0.0013801925291772933,7.79688735101372,4.734876130521298,0.0003,1869.1588487517258,692.2215310186624,0.1790767624734607,0.10477294426295888,0.8064709444331638,0.13381256911441786,0.05394151339926431,0.8028826290197648,0.06815832723593952,0.31503183231509735,False,2026-08-07T13:07:27.961216+00:00
711136,1827,-123.022264,600,0.18,-133.88519357999996,-0.0013801925291772933,7.79688735101372,4.734876130521298,0.0003,4480.561605530664,287.6567969535486,0.17719842775555564,0.10019002814869327,0.8067369995031044,0.18557382239111286,0.12894019698315684,0.8038433870686869,0.03008475421591636,0.38978006262633424,False,2026-08-07T13:07:29.078938+00:00
716144,1837,-1.707918,15,0.19,-133.98703874,-0.0008423850173130632,4.650844678096473,4.73443199545145,0.0003,1953.8640822359455,657.0856241600964,0.1788065260770269,0.10458591971241267,0.8066829479074903,0.1866872614133679,0.12650728882846718,0.8306317857684172,0.033409568214101924,0.3874275341780416,False,2026-08-07T13:07:31.642079+00:00
721152,1852,31.112269,41,0.19,-125.85988114,-0.0032494027720531447,9.032379262894391,4.721378937363625,0.0003,2017.1776334446386,633.9788716654427,0.17417733652404238,0.03985008969026255,0.8036058262295604,0.13851030236001227,0.052432756552039245,0.803067532877655,0.03782526392697413,0.31317093490834036,False,2026-08-07T13:07:34.124737+00:00
726160,1865,33.981899,34,0.22,-125.47591935,-0.0032494027720531447,9.032379262894391,4.721378937363625,0.0003,4875.919134078828,261.25125642401724,0.17873904057462794,0.10476991406641378,0.8067705802153831,0.13379109013572638,0.06407511376717122,0.8028829907351132,0.06075770216211513,0.3251331824337199,False,2026-08-07T13:07:35.151832+00:00
731168,1880,-118.295334,600,0.24,-124.58382021,-0.0025703563340357507,11.66979048103094,4.702449192106724,0.0003,1949.8159198355124,650.7445072594542,0.17879163054170913,0.1048707779545629,0.8066713438566906,0.18721801478342023,0.12683688015864647,0.8308107192069246,0.033707907673551744,0.38779323379814856,False,2026-08-07T13:07:37.720274+00:00
736176,1892,-3.709217,18,0.25,-125.56017261000001,-0.0025703563340357507,11.66979048103094,4.702449192106724,0.0003,4820.32990904858,262.1862038172091,0.17868122721589014,0.10466139630019379,0.8067480886293671,0.18519963873927497,0.1271939317474749,0.8304809769384749,0.033368470596713926,0.3880130958803559,False,2026-08-07T13:07:38.759224+00:00
741184,1905,-265.012248,600,0.25,-124.79218577999997,-0.004051303051528521,8.6189447555691,4.688675481081009,0.0003,1963.3890631624838,641.1444494716657,0.24707092396468383,0.06454088728067411,0.820847595040464,0.14076387389935718,0.05553291214893147,0.802889536530089,0.10818883664698503,0.31611872326160173,False,2026-08-07T13:07:41.309909+00:00
746192,1914,-203.681377,600,0.23,-134.91677784,-0.005017264708294533,8.944830791652203,4.676166677474976,0.0003,1937.2292391184453,647.2171566905305,0.24870080372267062,0.0343269893494154,0.8093446177858797,0.14076387510558755,0.055532909986534054,0.802889536530089,0.11018956258818673,0.31611872102981126,False,2026-08-07T13:07:43.895042+00:00
751200,1927,-126.37902,600,0.24,-132.54340496,-0.005017264708294533,8.944830791652203,4.676166677474976,0.0003,4353.845305864581,286.82691098782965,0.17880304148365422,0.10469372072518764,0.8065994648832068,0.18409780344239923,0.12824479514735962,0.8305185079366939,0.0339824694693165,0.38899193447906316,False,2026-08-07T13:07:45.045291+00:00
756208,1942,-125.493539,600,0.25,-130.33227757999998,-0.0006930174706212711,6.222294393181801,4.650069174170494,0.0003,1933.769163925137,643.1956942965047,0.17863231654956396,0.10465492700069876,0.8068068972850592,0.18390385004467555,0.12797474885542373,0.8304112945316904,0.03359718330608927,0.38871043180803294,False,2026-08-07T13:07:47.635049+00:00
761216,1953,-2.890428,14,0.23,-133.41698551000002,-0.0006930174706212711,6.222294393181801,4.650069174170494,0.0003,4524.533510939402,273.79264558542275,0.17739029440625323,0.10113897128311236,0.806432686207917,0.18811362638519058,0.12816373631088557,0.8205321933427979,0.03231290570319254,0.38918050076455885,False,2026-08-07T13:07:48.741909+00:00
766224,1965,33.243948,29,0.21,-130.04626888,-0.002531216929492075,6.536903405375779,4.624596630036831,0.0003,2059.954357731946,598.933658587666,0.17892343714839215,0.10447730007419997,0.8066015797615861,0.1864425874238269,0.12637974587719203,0.8305641412794859,0.033323551844254326,0.3872835117246669,False,2026-08-07T13:07:51.173032+00:00
771232,1981,-212.27927,600,0.2,-124.36887077,-0.0014258116614655591,8.69372964464128,4.608057065308094,0.0003,2073.768275061359,592.5290760674035,0.17519401880687072,0.06137799518049169,0.804058666658639,0.172823234534989,-0.06040773266580137,0.802900993597059,0.12181430265790906,0.2000037712733076,False,2026-08-07T13:07:53.587963+00:00
776240,1995,-374.565582,600,0.21,-117.36667793999999,-0.0014258116614655591,8.69372964464128,4.608057065308094,0.0003,4916.431362718532,248.9122515326491,0.17926673972649698,0.10493323578969155,0.8063617726349025,0.17282323662189805,-0.06040773131767301,0.802900993597059,0.16550266199613337,0.20000377275246434,False,2026-08-07T13:07:54.606591+00:00
781248,2004,-116.537234,600,0.19,-121.22354973999998,-0.0007816109980922192,3.7764282900840045,4.580042603611946,0.0003,1875.6691111744121,649.7691904927213,0.17792338145512496,0.1012424482129026,0.8065478578274846,0.13405777336291572,0.07858695945767684,0.8028890537069218,0.04950605611064268,0.3395793401219873,False,2026-08-07T13:07:57.276568+00:00
786256,2018,33.131173,24,0.21,-114.18225013999998,-0.0007816109980922192,3.7764282900840045,4.580042603611946,0.0003,4200.077429117821,288.9813391499626,0.17884112975414515,0.10480672749068703,0.806692603746746,0.1340577712446382,0.07858696075463599,0.8028890537069218,0.05203356954879614,0.3395793415769825,False,2026-08-07T13:07:58.468935+00:00
791264,2028,-262.834259,600,0.2,-116.31336273,-0.0031623246803064832,4.192743936367333,4.571198439598083,0.0003,1886.3694267882008,640.7737439097688,0.17869161844229864,0.10482045171824818,0.8068020162804677,0.13861292676076792,0.1091769410144815,0.8028825723889323,0.04050484620771061,0.3697959176066581,False,2026-08-07T13:08:01.123773+00:00
796272,2041,-175.058396,600,0.19,-123.78347274000002,-0.0028469529293943196,4.434216514974833,4.5703120335936545,0.0003,1980.0943420878236,607.9144687271728,0.17874138292411304,0.10489212038958097,0.8067305654681075,0.13860601695008004,0.10917734585963192,0.802882152138579,0.04054652937494936,0.36979672146559456,False,2026-08-07T13:08:03.652936+00:00
801280,2056,-0.395364,13,0.22,-118.39865206,-0.0028469529293943196,4.434216514974833,4.5703120335936545,0.0003,243.07088350010832,4931.565569429733,0.17731086656767853,-0.16277516388079805,0.7996275909983033,0.25844322601866065,-0.038847512766712014,0.7928953676045973,0.14827624655541008,0.24207331814644653,False,2026-08-07T13:08:24.255982+00:00
806288,2070,-123.93596,600,0.21,-115.9661446,-0.002976661121647339,8.145851622149348,4.568954214453697,0.0003,2030.7136429346158,587.8288177918322,0.18040762109303485,-0.16284585037916186,0.7996479662230903,0.2584432247411182,-0.03884751489712362,0.7928953676045973,0.14666540228404015,0.24207331568061827,False,2026-08-07T13:08:26.722111+00:00
811296,2077,-129.399366,600,0.21,-126.58412681,-0.0036137191229499875,5.388512825593352,4.592821118235588,0.0003,2107.445152642499,564.04979200028,0.17440969905605708,0.03412082938610229,0.8032157768348942,0.1851329324559289,-0.04889824288882112,0.8028834356622849,0.08370940536518041,0.21259260605501185,False,2026-08-07T13:08:29.098443+00:00
816304,2095,31.171211,22,0.22,-126.74896781999998,-0.0036137191229499875,5.388512825593352,4.592821118235588,0.0003,4699.843070323544,251.85862214725236,0.17926659105580256,0.10493280839601912,0.8063617880858134,0.1851329348251599,-0.048898243637171025,0.8028834356622849,0.1539821596628668,0.212592605592003,False,2026-08-07T13:08:30.164016+00:00
821312,2103,30.270357,27,0.22,-129.29442807,-0.0014556255715433507,9.87279061973095,4.605404449999332,0.0003,1965.4385735485935,599.7073710993076,0.2649022455270971,0.0025759167266900043,0.8001355138100317,0.14174858530286816,-0.07331314861372006,0.8028781800958128,0.14468412657655652,0.18757690321297463,False,2026-08-07T13:08:32.712044+00:00
826320,2120,-135.784819,600,0.24,-123.18635341999999,-0.0014556255715433507,9.87279061973095,4.605404449999332,0.0003,4707.465700838421,249.32311238953102,0.2905968809755176,-0.07842669035155365,0.7977856697472695,0.14174858431648527,-0.07331315086001004,0.8028781800958128,0.14902314372632494,0.1875769010733193,False,2026-08-07T13:08:33.775898+00:00
831328,2127,-160.302575,600,0.22,-130.28988245,-0.0034511914665927177,6.789429937675595,4.5942696839571,0.0003,2035.4211869879246,574.1671588519891,0.15423783847739342,-0.21744257193168356,0.8006914446389978,0.06765913059072899,-0.15583660933120796,0.7928851809397315,0.10654625774844488,0.13920074755143894,False,2026-08-07T13:08:36.236317+00:00
836336,2139,-239.023031,600,0.22,-135.06010446,-0.003166831140697468,4.694798975065351,4.584247660636902,0.0003,1934.884609896681,601.4126083012968,0.1604275518033599,-0.1638590674725466,0.8010439631713718,0.06765913236946247,-0.1558366075957188,0.7928851809397315,0.0934714139950935,0.1392007476701498,False,2026-08-07T13:08:38.824584+00:00
841344,2146,-132.373856,600,0.21,-134.14321889,-0.003166831140697468,4.694798975065351,4.584247660636902,0.0003,4935.619688177088,234.7539059331242,0.17889552427697575,0.10453015486632877,0.8065560070387645,0.16881880829492255,0.13042830257015653,0.8337541321329422,0.03888434476895279,0.39052788738777194,False,2026-08-07T13:08:39.839256+00:00
846352,2160,-246.446772,600,0.19,-147.27813233999998,-0.0027248550366493875,3.892871591076255,4.580825555324554,0.0003,2043.367530912573,564.58174192715,0.17875299699401986,0.10473735814939847,0.8066962779086417,0.13708186490583502,0.12012595065226833,0.8029052736163534,0.04458322265465429,0.3808162014351348,False,2026-08-07T13:08:42.290101+00:00
851360,2166,-138.253958,600,0.16,-153.11484205999997,-0.0027248550366493875,3.892871591076255,4.580825555324554,0.0003,5053.558248638516,227.29331363885166,0.2606153791478699,-0.15883991067426526,0.7973385902077006,0.06794262085963881,-0.1109347312934032,0.7928937059884968,0.19858865776682672,0.1751999297624349,False,2026-08-07T13:08:43.281113+00:00
856368,2179,-1.124951,15,0.15,-148.78843325000003,-0.0005038834613515064,2.58605848653242,4.569187594950199,0.0003,2067.5808053585047,553.1256611766145,0.24758159484726233,-0.19246672725990255,0.7985305183382088,0.0679426202135392,-0.11093472892418713,0.7928937059884968,0.19735602755815793,0.1751999321177216,False,2026-08-07T13:08:45.703252+00:00
861376,2184,-275.560489,600,0.14,-153.82632235,-0.002580937626044033,3.6352390302345157,4.567975898087025,0.0003,1948.5188787665627,584.3535889787034,0.1787344382162682,0.10495226107581802,0.8068012937392157,0.18582627624385759,0.05240566249519641,0.8028993598842773,0.0531663829577569,0.31347136153672256,False,2026-08-07T13:08:48.273402+00:00
866384,2199,-140.029609,600,0.11,-159.01968525,-0.002580937626044033,3.6352390302345157,4.567975898087025,0.0003,4689.3182891695105,241.7443069748985,0.08516269039543581,-0.22740035042764511,0.8205337024510342,0.15492389425570524,0.01979208903692593,0.8028854055378234,0.25745327746295354,0.2798381316711044,False,2026-08-07T13:08:49.341370+00:00
871392,2207,-135.044828,600,0.11,-161.44852191,-0.001856521076115314,9.07834864743054,4.562633034586907,0.0003,2281.996941993701,494.57033847467585,0.1789969908269745,0.10511010632344855,0.8065390556311407,0.15815197542100304,0.02537335963689703,0.8028854055378258,0.08249734903883185,0.2853793433051775,False,2026-08-07T13:08:51.535950+00:00
876400,2227,-115.329436,600,0.14,-152.65357466999998,-0.001856521076115314,9.07834864743054,4.562633034586907,0.0003,4861.326986436934,231.13030724632094,0.08528218173236751,-0.24146597438261963,0.8095880573218175,0.1611948920906028,0.11583017813387238,0.8028819207508305,0.3653330705872798,0.3758320776134555,False,2026-08-07T13:08:52.566137+00:00
881408,2234,-287.08457,600,0.15,-152.05007551,-0.0038718743737263138,12.15346721932292,4.558732526004315,0.0003,2270.458284192489,492.6723418738514,0.17867297114975753,0.10476654653707822,0.8068082597851249,0.14496011573097198,0.12164247111843023,0.8028819207514339,0.03790474362360079,0.381938704349543,False,2026-08-07T13:08:54.771836+00:00
886416,2249,-222.427951,600,0.15,-152.92842143,-0.003057408516178839,4.678616419807076,4.557903151214123,0.0003,2263.8218125814374,491.90443956813874,0.13825296341000795,-0.012947442100083348,0.8373922908411096,0.14122148317771605,0.04441088569071336,0.8029041659239861,0.06699418360474937,0.3049895408387792,False,2026-08-07T13:08:56.984028+00:00
891424,2257,-222.588679,600,0.14,-152.9413276,-0.003057408516178839,4.678616419807076,4.557903151214123,0.0003,5177.563404160079,214.11152572449024,0.17909157621712035,0.10458149203275957,0.806499369754198,0.14846864594608666,0.06916380257534505,0.8029041659239861,0.04695851440864813,0.3293657253755731,False,2026-08-07T13:08:57.951279+00:00
896432,2273,31.634611,36,0.18,-140.84199264,-0.004377993849630002,4.690460182726383,4.565370810031891,0.0003,2285.821009694872,482.7884577661277,0.24785496252318456,-0.1853539331747055,0.7970352042080927,0.03950137985404357,-0.07191452915858472,0.7929000004271872,0.2372694959427125,0.2233742639578615,False,2026-08-07T13:09:00.142177+00:00
901440,2283,-273.545993,600,0.2,-137.14160941,-0.004079934125911677,5.910284170508385,4.566269892454147,0.0003,2228.8457168857094,492.882926654511,0.27692522856301865,-0.16146225576758355,0.7972462156520631,0.03950137812701434,-0.07191452976645274,0.7929000004296981,0.2537868585537692,0.22337426437766586,False,2026-08-07T13:09:02.389076+00:00
906448,2298,-393.091025,600,0.24,-134.40996704,-0.004079934125911677,5.910284170508385,4.566269892454147,0.0003,5054.208797636742,216.36462674658898,0.17643586395940036,0.09763992158390454,0.8070326485937871,0.15445035348935124,0.12763544314726172,0.8032284736234224,0.03738403043669334,0.38767516732487156,False,2026-08-07T13:09:03.379938+00:00
911456,2305,-275.89279,600,0.23,-135.41530308999998,-0.0016439560742583126,1.7100575148127972,4.548312428593635,0.0003,2265.9889938375673,480.3836218800408,0.17873409477672692,0.10475481388380116,0.8067588309245985,0.14362689300831386,0.12698541177380607,0.8028850122074305,0.04173393786846189,0.3873316247846326,False,2026-08-07T13:09:05.590009+00:00
916464,2323,23.834264,49,0.24,-128.91704782,-0.0016439560742583126,1.7100575148127972,4.548312428593635,0.0003,4882.362202352451,221.92863927176967,0.17862777709137337,0.10461198668266417,0.8067789658488042,0.1336226132315493,0.08707094389309841,0.8028834114575696,0.04845955323989334,0.3480718411873887,False,2026-08-07T13:09:06.615752+00:00
921472,2335,20.663722,60,0.24,-124.32681544000003,-0.0020996471896069123,3.593329852819443,4.528272631764412,0.0003,2215.214576809037,486.8729247681249,0.17897726931729763,0.10462576518981835,0.8066087049402516,0.1336226156842314,0.08707094349362328,0.8028834114575696,0.048775959062767,0.3480718406031944,False,2026-08-07T13:09:08.876482+00:00
926480,2350,-130.439904,600,0.28,-108.44999086000001,-0.0038247576769208534,4.287959519401193,4.509792611002922,0.0003,2218.4080675627224,483.9145762661394,0.17403582183212182,0.04173537516826923,0.8037426543314268,0.136725937410165,0.07554566683001211,0.8028844877266541,0.0503577178568831,0.33635186415097074,False,2026-08-07T13:09:11.133950+00:00
931488,2360,-378.606831,600,0.29,-108.69883716,-0.0038247576769208534,4.287959519401193,4.509792611002922,0.0003,5009.804784543382,213.28415895498597,0.17868380124358968,0.10479697110107129,0.8068023557078775,0.13530389414611538,0.09605387112738803,0.8028844881747641,0.04442530610972023,0.3569093117153781,False,2026-08-07T13:09:12.133603+00:00
936496,2372,-1.927041,12,0.27,-109.51586974000003,-0.0013846286237821914,4.752145253308117,4.496746678650379,0.0003,2169.244958988971,490.26459441245936,0.17781419783933483,0.100384693959616,0.8070951520820084,0.13901149737197993,0.10669391732336034,0.8028563340716834,0.03954014973590182,0.36729408686299025,False,2026-08-07T13:09:14.442226+00:00
941504,2381,-118.907394,600,0.24,-114.66388479000001,-0.0013846286237821914,4.752145253308117,4.496746678650379,0.0003,4897.911249836193,216.11171497552158,0.17867142305938816,0.10471956438876687,0.806786629266913,0.1384056586705768,0.10746826900604267,0.8028824031090236,0.040547874676488904,0.36810221991146563,False,2026-08-07T13:09:15.464724+00:00
946512,2392,-137.509281,600,0.23,-111.78276506000002,1.3942706573288888e-05,1.1478562465868891,4.504591032862663,0.0003,2131.7402085170456,494.1915510112105,0.18034874741237145,-0.1628467102435561,0.7996396859518131,0.3022149384862596,-0.016130331869212883,0.7928967855794391,0.19084687819184418,0.28230746317246175,False,2026-08-07T13:09:17.813979+00:00
951520,2406,30.798416,26,0.23,-109.44187346000002,-0.0038650321774184706,7.568193273246289,4.5242579728364944,0.0003,2216.6597490524223,472.9999723449682,0.18041064109340887,-0.16284580874378968,0.7996485337374512,0.3022149369267138,-0.01613033380238705,0.7928967855794391,0.19080697883965833,0.28230746071686513,False,2026-08-07T13:09:20.073231+00:00
956528,2416,-380.581976,600,0.23,-114.16139124999998,-0.0038650321774184706,7.568193273246289,4.5242579728364944,0.0003,5441.280856136723,191.7695534541584,0.18218198410171488,-0.07835216771677711,0.7994341504809974,0.15130099738657524,-0.08486096312884349,0.8029014900798348,0.0317493653812235,0.17535493971549443,False,2026-08-07T13:09:20.993609+00:00
961536,2429,-115.923427,600,0.2,-123.63075643000002,-0.00350645490543684,3.159423925727606,4.527153858542443,0.0003,2249.563040340343,461.6292059292047,0.1804008362667985,-0.05774140463634397,0.7996786547947068,0.1512506032133785,-0.0848169847435222,0.80290148417172,0.03991503168484607,0.17540137051483115,False,2026-08-07T13:09:23.219817+00:00
966544,2438,-133.931111,600,0.2,-122.84258884,-0.00350645490543684,3.159423925727606,4.527153858542443,0.0003,5062.814208995026,204.12678746217355,0.17850762586627505,0.10408841609611329,0.8067656258517524,0.14566457422572887,0.12175478320852605,0.8029012035425888,0.03749267032097986,0.38202384602890743,False,2026-08-07T13:09:24.208984+00:00
971552,2453,-2.474731,14,0.18,-129.7428786,-0.0020695679791970178,5.74168615154922,4.52060602158308,0.0003,2131.953977564474,482.3969048219747,0.17866417526504028,0.10472897114916514,0.8067982880059575,0.1446144844070233,0.12161855593144652,0.8028944106530228,0.03820837316650832,0.38192857489491977,False,2026-08-07T13:09:26.558021+00:00
976560,2464,-129.727099,600,0.19,-121.19324583999997,-0.003559997884440236,5.794870189204812,4.518871945142746,0.0003,2268.0697118260546,451.23833481115275,0.17866792022085629,0.1046071980517051,0.8067658929393408,0.13423181669170683,0.09488776840806268,0.8028962658535292,0.04565094328964353,0.3558220446187455,False,2026-08-07T13:09:28.766077+00:00
981568,2477,-4.859582,21,0.22,-130.44639444999996,-0.003559997884440236,5.794870189204812,4.518871945142746,0.0003,5163.970397438699,197.21879128221505,0.17865360732457283,0.10470830626547831,0.8068138012835517,0.1342318166093202,0.09488776592551423,0.8028962658535292,0.04566273739893446,0.3558220421486818,False,2026-08-07T13:09:29.735844+00:00
986576,2488,-221.326754,600,0.22,-131.39395831999997,-0.0035247617081040515,4.93882394246757,4.510020026564598,0.0003,2140.2157215685497,473.51488440486196,0.17864705322831675,0.10469189049658773,0.8067840060064191,0.1881492257039566,0.12322632761194233,0.830727763430311,0.031735156538356936,0.38425876318266056,False,2026-08-07T13:09:32.075800+00:00
991584,2497,-297.382172,600,0.2,-137.88691048,-0.004275455723836785,3.674434909410775,4.492851485311985,0.0003,2081.9860948997716,484.35289864342053,0.17868255757632293,0.10454576249193778,0.8067721101648413,0.18814067113753183,0.1235377825575187,0.8305323094179171,0.03185435302833847,0.3845687559087571,False,2026-08-07T13:09:34.481194+00:00
996592,2509,-179.156989,600,0.19,-131.02778193,-0.004275455723836785,3.674434909410775,4.492851485311985,0.0003,5049.391414550561,198.7186014355181,0.14663667231866534,0.041705235452628484,0.8018759878259216,0.1852834404144342,0.050832797701865905,0.8031294746095331,0.039729791164547175,0.3118593921727536,False,2026-08-07T13:09:35.473006+00:00
1001600,2520,31.539112,30,0.18,-128.85121618000002,-0.0019484770949929953,6.8963310610502955,4.485910725593567,0.0003,399.8756426757424,2496.7762310284015,0.17864526303544537,0.10450110243585416,0.8067762066345383,0.18601640667926242,0.12841516860955937,0.83077080566859,0.03466925298276629,0.38928549500654813,False,2026-08-07T13:09:47.996893+00:00
1006608,2530,-258.314782,600,0.18,-134.4206451,-0.0019484770949929953,6.8963310610502955,4.485910725593567,0.0003,4801.672414404006,206.8845840086952,0.2118306074280997,0.023000692354883626,0.8400223269559283,0.14150337032662,-0.05865936365849437,0.8029013197039302,0.11398356989425568,0.20218846938358426,False,2026-08-07T13:09:49.039869+00:00
1011616,2543,0.810687,17,0.15,-138.04328215,-0.0018352922765188851,1.4046191801317036,4.461439782381058,0.0003,2251.7126496812775,438.9476606350737,0.260236457457523,-0.07185753408580758,0.7971216435238629,0.14150337262927562,-0.05865936447521189,0.8029013197039302,0.11960410432191813,0.20218846835963966,False,2026-08-07T13:09:51.263960+00:00
1016624,2551,-128.293949,600,0.15,-144.64872712000002,-0.0036310501804109664,1.9190523156896233,4.430255825817585,0.0003,2310.402166061726,425.6297948665131,0.17744154153022068,-0.027212490564296657,0.8006713933315277,0.13662853420455068,-0.04712960627583518,0.8029008733992476,0.04546827076769435,0.21414955040277064,False,2026-08-07T13:09:53.431551+00:00
1021632,2567,-239.48015,600,0.15,-142.06105461,-0.0036310501804109664,1.9190523156896233,4.430255825817585,0.0003,5104.667657543022,191.66144901799697,0.17926523247907344,0.1049289023518957,0.80636192924542,0.1366285352284331,-0.04712960401287752,0.8029008733992476,0.1579609325684641,0.2141495525404686,False,2026-08-07T13:09:54.412609+00:00
1026640,2581,29.599007,28,0.16,-127.36696812999998,-0.0017179982678499073,3.975672635063529,4.419947788119316,0.0003,2072.5514188762045,469.6433541454827,0.17793199161509862,0.10196328073595869,0.8070731758181823,0.1881253690415505,0.12861460367282831,0.8007500534523992,0.029226355128480826,0.38963103902475843,False,2026-08-07T13:09:56.828964+00:00
1031648,2595,-6.13541,29,0.16,-123.78212544000002,-0.0017179982678499073,3.975672635063529,4.419947788119316,0.0003,4711.26252012737,205.53980931077905,0.17789515171411469,0.10214760446925474,0.8071236272964323,0.18812218328793,0.1286293326760028,0.8007488652066737,0.029094874038718833,0.3896454996648559,False,2026-08-07T13:09:57.891944+00:00
1036656,2604,-110.321718,600,0.17,-127.66634522,-0.0038109004373836795,4.894686372205615,4.411941826343536,0.0003,2314.907713921842,416.14790697981374,0.17765387053961829,0.10110321575726522,0.8071078195816557,0.1880941268692705,0.1285453830427741,0.8008176216643687,0.03002728904502268,0.38955974464567394,False,2026-08-07T13:10:00.055312+00:00
1041664,2616,-0.707499,15,0.16,-123.09059394,-0.003347528180165682,1.8333153646439313,4.367290778458118,0.0003,2257.334638545639,424.54316858285534,0.17786513113651709,0.10208465949925696,0.8071545963617215,0.18811918427721275,0.12861131168331277,0.8007589181162361,0.02914984703434751,0.3896273092233663,False,2026-08-07T13:10:02.273844+00:00
1046672,2626,-120.060651,600,0.15,-123.08556456000001,-0.003347528180165682,1.8333153646439313,4.367290778458118,0.0003,5243.122107026208,181.82448940536085,0.17882541820956643,0.10473519149700128,0.8066348317076003,0.13567437308388233,0.10224899890838471,0.802888099392739,0.043384696058238595,0.36306483351460667,False,2026-08-07T13:10:03.229020+00:00
1051680,2644,-5.147016,23,0.16,-109.09828291000004,-0.001904640496650245,3.6592192066833378,4.332825081050396,0.0003,2063.637667183041,459.53803571268395,0.17866109134745875,0.10473055714459037,0.8068098286186058,0.13567437510198674,0.10224899745922181,0.802888099392739,0.043236510869423685,0.36306483193348554,False,2026-08-07T13:10:05.655783+00:00
1056688,2657,-141.402583,600,0.18,-100.98502697999999,-0.001904640496650245,3.6592192066833378,4.332825081050396,0.0003,4936.997839292535,191.06996411713547,0.17720451394388584,0.10021104512073786,0.8067328752268733,0.18557358223678191,0.12894905203870674,0.8038488976514008,0.030070445164051263,0.3897888828458684,False,2026-08-07T13:10:06.670184+00:00
1061696,2666,31.960842,31,0.18,-108.22378501999998,-0.004251275701244594,3.7457234758883713,4.324026693403721,0.0003,2107.605648262784,445.19903463601304,0.17727694044166442,0.10017057631351364,0.8066552487294815,0.1855879767479943,0.12895260661769262,0.8038331288819134,0.030090579146135554,0.38979337442900874,False,2026-08-07T13:10:09.046352+00:00
1066704,2677,-110.069872,600,0.18,-111.97338583000003,-0.002251939653069712,1.38658182118088,4.324510411918164,0.0003,2038.0218956806218,457.9420868725822,0.17535609503548388,0.03719269513184467,0.8029572318167997,0.18619945440410066,-0.022967432867320264,0.8028817972101995,0.06112957658656529,0.23847609794816102,False,2026-08-07T13:10:11.503622+00:00
1071712,2688,34.717979,26,0.17,-107.93485545,-0.002251939653069712,1.38658182118088,4.324510411918164,0.0003,4942.76006038123,187.807619358404,0.17925854936315572,0.10490967615534065,0.8063626226997307,0.18619945457792836,-0.022967430388727866,0.8028817972101995,0.12811263282507343,0.23847610043084716,False,2026-08-07T13:10:12.516827+00:00
1076720,2711,27.063797,42,0.27,-94.41719665999999,-0.0033740264043444768,3.63785900734365,4.344052368402481,0.0003,1956.2252662012224,471.97018459582097,0.1786727509992067,0.1047239683843595,0.8067845295895903,0.13963112810987846,0.11117672237454408,0.8028809876993458,0.039763349848563515,0.3717351882385975,False,2026-08-07T13:10:15.076862+00:00
1081728,2723,-102.965698,600,0.31,-91.55574569000001,-0.003000058009638451,2.4548382250592113,4.344448690116406,0.0003,2046.7814762304274,448.6419340139761,0.1787284644865317,0.10473812180570793,0.8067706000098231,0.13962085299435403,0.11117585499034971,0.8028809876993456,0.03982434894766723,0.37173488531545545,False,2026-08-07T13:10:17.523610+00:00
1086736,2736,-102.26737,600,0.32,-92.82315442,-0.003000058009638451,2.4548382250592113,4.344448690116406,0.0003,4803.8170672692095,190.112151901562,0.17787162411153568,0.1020543241080266,0.8071396683659421,0.188117901202166,0.1286125458105563,0.800760779828177,0.029172170868756536,0.38962844753608084,False,2026-08-07T13:10:18.566123+00:00
1091744,2745,-0.913949,14,0.3,-102.60921268,-0.001557775847322773,4.7120747590437535,4.3401804834604265,0.0003,2042.4025211549076,444.6998035854425,0.17891509600318745,0.10446414625183496,0.8066149492328666,0.18423864227922052,0.1278608737062119,0.8302970603529131,0.03371334138927334,0.3886175100683011,False,2026-08-07T13:10:21.018131+00:00
1096752,2758,-259.619554,600,0.3,-104.60873061000001,-0.001557775847322773,4.7120747590437535,4.3401804834604265,0.0003,4786.635849394124,188.70205054648767,0.17886359871030036,0.10487550567176179,0.80667540631372,0.15790901965779347,-0.02403367949557482,0.8029053404484114,0.13065559995806994,0.23597558477772354,False,2026-08-07T13:10:22.064387+00:00
1101760,2768,33.833336,30,0.31,-100.18349476000002,-0.005301990921725519,1.7044048591516912,4.362328858673573,0.0003,2140.611369077391,419.6184384403899,0.17915793810906364,0.10461693665508402,0.8063819382683524,0.15790902106231453,-0.024033681544368097,0.8029053404484114,0.130439966157472,0.23597558271656527,False,2026-08-07T13:10:24.403918+00:00
1106768,2785,-3.039842,23,0.3,-96.96210145,-0.0018833797759725713,5.556707202643156,4.380197039246559,0.0003,1980.3213447244068,451.0540687649395,0.1790609185425799,0.10487198912861123,0.8065696041995946,0.1815654391845705,0.021578704325974286,0.8028906551620838,0.08341210093793316,0.28240331955753967,False,2026-08-07T13:10:26.932782+00:00
1111776,2795,-119.164891,600,0.26,-109.05629516,-0.0018833797759725713,5.556707202643156,4.380197039246559,0.0003,4753.706470698329,186.84872645691942,0.17913965858914832,0.10464328723141614,0.8064263275321762,0.18156543848463377,0.02157870194222449,0.802890655162084,0.08317518089235133,0.28240331712730044,False,2026-08-07T13:10:27.986293+00:00
1116784,2808,32.567948,28,0.22,-111.59519785999998,-0.0015572508687910157,1.7445907671470195,4.367375381290913,0.0003,2063.476702983597,428.0232477172876,0.178648248706061,0.10469176837674327,0.8068109604943973,0.14636701449395836,0.1219792601363571,0.8028958257470427,0.03682748611682971,0.3822224659385247,False,2026-08-07T13:10:30.413261+00:00
1121792,2817,-112.570603,600,0.17,-116.85191103,-0.0015572508687910157,1.7445907671470195,4.367375381290913,0.0003,4840.255861401188,181.43834234121888,0.178667990667856,0.10470959370256266,0.8067850136466302,0.14634860947966097,0.12197837330865563,0.8028958257470425,0.0368494088417978,0.3822222365832023,False,2026-08-07T13:10:31.447915+00:00
1126800,2831,-170.523744,475,0.17,-118.10027827,-0.0009744597889948636,1.2130361320450902,4.339227192103863,0.0003,1973.5252995557446,442.45695770738985,0.17925075942558616,0.10490581036891139,0.8063685698060369,0.1375069599911149,-0.0010333125469506037,0.802889127593705,0.11391992395325953,0.25994168972915194,False,2026-08-07T13:10:33.985507+00:00
1131808,2839,-104.1941,600,0.18,-115.47706994,-0.0025555999789503405,4.07300868621096,4.297793473303318,0.0003,2070.9302108358215,419.2280335944301,0.17899331685058484,0.10467413989404722,0.8066033407970729,0.13750696238762183,-0.0010333118954944944,0.802889127593705,0.1136176850238772,0.25994169017079216,False,2026-08-07T13:10:36.403736+00:00
1136816,2850,-478.370778,600,0.16,-127.25989448000001,-0.0025555999789503405,4.07300868621096,4.297793473303318,0.0003,4864.321556799698,177.45208451389885,0.17734548294038632,0.10127063824657075,0.8066271151686375,0.1883818961841034,0.12840410970927904,0.8035182212180029,0.029456627649817477,0.3894397058211488,False,2026-08-07T13:10:37.433281+00:00
1141824,2863,-267.970721,600,0.16,-126.87623131000001,-0.0027341076100128705,3.844927459023893,4.2909845724701885,0.0003,1937.9307504742862,442.83109692643626,0.14432988217173998,-0.21456605285774874,0.7996895128862961,0.14492622095555371,-0.21503506776214562,0.8077794381089206,0.008125422144927818,0.047424296998855184,True,2026-08-07T13:10:40.017484+00:00
1146832,2873,34.313334,24,0.16,-129.18872331999998,-0.0027341076100128705,3.844927459023893,4.2909845724701885,0.0003,4962.925138892892,171.90829523379048,0.17873493781607624,0.10484324165250623,0.8067811551045099,0.14014482712308943,-0.017805610249657076,0.8029076253277072,0.12863491652404313,0.24300689355759647,False,2026-08-07T13:10:41.026565+00:00
1151840,2885,-181.969857,600,0.17,-134.59216542000001,-0.0013798816537018866,2.0258711338043214,4.30330248773098,0.0003,2056.5160960854178,412.42565599874183,0.17926624587161918,0.10493181603221297,0.8063618239575808,0.140144824637732,-0.017805610287047403,0.8029076253277072,0.12886773415797192,0.2430068937234003,False,2026-08-07T13:10:43.461751+00:00
1156848,2894,-206.733868,600,0.16,-134.34558556,-0.003791677381377667,1.8569617332890629,4.271460652351379,0.0003,1993.6127202006494,422.9266755055315,0.17870255865941453,0.10466146870587911,0.8067783152317638,0.1379894291026103,0.10809405397972263,0.8029055241075217,0.04104071236057364,0.36875153939537114,False,2026-08-07T13:10:45.973779+00:00
1161856,2903,-126.817776,600,0.16,-138.29731750000002,-0.003791677381377667,1.8569617332890629,4.271460652351379,0.0003,5087.9615772455445,164.73080373648256,0.08502108951415532,-0.2621799722591987,0.7955865317141615,0.17348971381130399,-0.05908546356264982,0.8029056067795421,0.22164757117445544,0.201366887373635,False,2026-08-07T13:10:46.958063+00:00
1166864,2911,-255.79759,600,0.14,-147.91444479999998,-0.003360829317534808,3.630919977091253,4.250273062288761,0.0003,2077.3670286576735,401.05382847938296,0.2683596299187291,-0.013871799011726749,0.7982353516699221,0.17348971145188455,-0.059085464129623816,0.8029056067783713,0.10519690216958419,0.20136688664987545,False,2026-08-07T13:10:49.368825+00:00
1171872,2920,-115.694083,600,0.14,-152.99877235000002,-0.004193546180613339,3.850133556127548,4.233582712709904,0.0003,2035.9905669174077,406.74451711916697,0.14818783845704572,0.0456567869145163,0.8021568339231573,0.13730200438462214,0.1174845392945044,0.8028963048896075,0.07265173234495821,0.3781663343177708,False,2026-08-07T13:10:51.828535+00:00
1176880,2934,-253.823357,600,0.14,-157.69011261000003,-0.004193546180613339,3.850133556127548,4.233582712709904,0.0003,4872.807402650909,168.92110276146056,0.17864500629266186,0.10468215737234376,0.8068145194887566,0.13730200251831812,0.11748453765525659,0.8028963048896075,0.04345684419787867,0.3781663327934961,False,2026-08-07T13:10:52.856306+00:00
1181888,2945,-286.291777,600,0.14,-161.95095171,-0.0018083111244777683,5.184971336275339,4.21172466725111,0.0003,2185.8761817139853,374.2718855001675,0.1779091867095306,0.10190005645305848,0.8068068267282289,0.13678702642696092,0.11378600156510123,0.8029076880804366,0.04298268302126511,0.37450609755800834,False,2026-08-07T13:10:55.147360+00:00
1186896,2956,28.147084,31,0.14,-157.80394962999998,-0.0018083111244777683,5.184971336275339,4.21172466725111,0.0003,5319.352328287838,152.85770707008558,0.17865872232384603,0.10468125009242325,0.8067877518551804,0.1372439796121696,0.11705671857917098,0.8028902155654296,0.04339958436748865,0.3777427768860491,False,2026-08-07T13:10:56.088831+00:00
1191904,2970,-102.348239,600,0.13,-150.28009663,-0.0015540460401098244,2.6257628896739336,4.2032208546996115,0.0003,2315.303216237421,349.02383166608723,0.17780830163549768,0.10189397160768189,0.8071625674730704,0.18811210560778235,0.12859472877136385,0.8007765259861833,0.02932371625980284,0.38961025873376715,False,2026-08-07T13:10:58.251832+00:00
1196912,2978,-370.168628,600,0.11,-150.19559487999996,-0.0028862139442935586,3.682801484875381,4.21540470123291,0.0003,2328.7828931241556,344.8531000339947,0.17862619266359828,0.10463808660371887,0.8068054340152091,0.18703561290255374,0.1265300462851782,0.8306981856100314,0.033478946014202385,0.38747438760031444,False,2026-08-07T13:11:00.402312+00:00
1201920,2988,-117.801227,600,0.09,-149.31615451000002,-0.0028862139442935586,3.682801484875381,4.21540470123291,0.0003,263.2824877844503,3031.2688349154046,0.17863747498652,0.10439263240306011,0.8067127837641017,0.163176180317734,-0.01104009157638641,0.8028786418935706,0.11652667523804787,0.24898016813333715,False,2026-08-07T13:11:19.423716+00:00
1206928,2997,-156.524878,600,0.09,-148.53006731999997,-0.001389389162795851,1.7526493893004953,4.214905445277691,0.0003,2008.2867163562494,394.8997887308224,0.1791426457631963,0.1047880189501786,0.8064055825018018,0.16317618184653976,-0.011040093536229197,0.8028786418935706,0.11697657424552928,0.24898016619315644,False,2026-08-07T13:11:21.917386+00:00
1211936,3007,-119.605161,600,0.1,-144.13335756,-0.001389389162795851,1.7526493893004953,4.214905445277691,0.0003,4762.753029739609,165.46396487056256,0.1791413961579953,0.10460476974721111,0.8064151584863596,0.17961082534275502,-0.03404049489797383,0.8028988347828733,0.13869064245536025,0.2268089116780393,False,2026-08-07T13:11:22.968870+00:00
1216944,3015,-93.382339,600,0.11,-142.18233222000003,-0.0019231890750234016,0.9086122662760318,4.212452597916126,0.0003,2023.893754674306,386.90568523742144,0.1789738731326846,0.10462526345978282,0.8066159172907705,0.17961082700200792,-0.034040496746610284,0.8028988347828733,0.1387170337998152,0.22680890997979186,False,2026-08-07T13:11:25.443311+00:00
1221952,3029,-178.06536,600,0.11,-135.02831262,-0.004631953092757613,2.1260611226782204,4.204348523914814,0.0003,1951.6917295021526,398.6531214119908,0.17457287793396079,0.03324549418691308,0.8031873978324378,0.14429132090714852,-0.08152994483476608,0.8028971298241532,0.11870323649380378,0.1791600490888631,False,2026-08-07T13:11:28.009281+00:00
1226960,3037,-284.946306,600,0.11,-132.65311960000003,-0.004631953092757613,2.1260611226782204,4.204348523914814,0.0003,4810.50489442233,160.69830859050205,0.1792667364839976,0.10493322646912229,0.8063617729721114,0.14429131863948988,-0.08152994381803481,0.8028971298241533,0.1897466665822563,0.17916005030050605,False,2026-08-07T13:11:29.050353+00:00
1231968,3053,-0.209903,11,0.1,-130.65150020000004,-0.004668885296268854,1.371901909261942,4.20361198335886,0.0003,1917.648883339803,400.507103606154,0.1787125315930297,0.10486435221152043,0.8067692125183388,0.3230709798708332,-0.03181733038865958,0.79290281916276,0.19928251506914316,0.28046296580295915,False,2026-08-07T13:11:31.661877+00:00
1236976,3062,-114.457706,600,0.1,-131.87474499,-0.004668885296268854,1.371901909261942,4.20361198335886,0.0003,4784.641646758255,159.47359412318218,0.17877451908006647,0.10464132385123935,0.8067257741234961,0.32307097833277537,-0.031817332340551154,0.79290281916276,0.19908165934205116,0.2804629633206335,False,2026-08-07T13:11:32.708559+00:00
1241984,3076,-3.10701,13,0.11,-134.2626575,-0.0031359494299977087,3.666074089985341,4.2075353354215626,0.0003,1915.233849361123,395.7824786006452,0.1786534538943668,0.10470767779092503,0.8068143383193639,0.1842144118684429,0.03756231127720447,0.8028819870718111,0.06748990949901651,0.29854592081414627,False,2026-08-07T13:11:35.323392+00:00
1246992,3087,-128.776679,600,0.12,-134.10932917,-0.003326305102382321,2.0418232212774456,4.168173786997795,0.0003,1949.80306938109,386.1969507715572,0.17867598594817832,0.10477248119347914,0.8067922147824551,0.18421441002988415,0.037562309606010716,0.8028819870718111,0.06755124859597234,0.298545918999337,False,2026-08-07T13:11:37.891844+00:00
1252000,3098,-259.818984,600,0.12,-133.41483732999998,-0.003326305102382321,2.0418232212774456,4.168173786997795,0.0003,4723.350365217915,158.36216714054632,0.17896998884420964,0.10461145345734235,0.8066138630541684,0.18083584880949669,-0.05376597221864799,0.8029056921245281,0.15843181791801586,0.2072838797652429,False,2026-08-07T13:11:38.952127+00:00
1257008,3109,-274.901094,600,0.12,-134.04930117,-0.0035607152982265688,2.0046398596838118,4.14825756251812,0.0003,1997.9158622162968,371.8835282561878,0.17900306393939608,0.10481688194556327,0.8065013480045528,0.18083584687893844,-0.05376597065510077,0.8029056921245281,0.15863419862524905,0.20728388112681442,False,2026-08-07T13:11:41.458736+00:00
1262016,3116,-1.699256,15,0.11,-138.01270898,-0.004175915330415591,4.193432441819459,4.1574740067124365,0.0003,2077.011869529508,355.31043939925615,0.1786441049694655,0.1046794125303426,0.8068151507230922,0.13622943204767177,0.09980323268998673,0.8028902598743626,0.0428740758159599,0.36058758458236045,False,2026-08-07T13:11:43.869881+00:00
1267024,3127,-238.347032,600,0.1,-142.29890041000002,-0.004175915330415591,4.193432441819459,4.1574740067124365,0.0003,4688.446403691996,156.33664904920437,0.17864181222106215,0.10467247268391938,0.8068153547987139,0.13622943078481464,0.09980323482959129,0.8028902598743626,0.04287103855216179,0.3605875868005608,False,2026-08-07T13:11:44.938047+00:00
1272032,3137,-94.488398,600,0.08,-144.72483329,-0.0012483960716053843,1.2978926783893256,4.1504559680819515,0.0003,1967.470621238941,370.00196706448884,0.17865709200696717,0.10468010290023162,0.8068053840512055,0.18692063642128698,0.03306720364557936,0.8028886945133538,0.07219441780969169,0.294301047429272,False,2026-08-07T13:11:47.483443+00:00
1277040,3147,-114.373327,600,0.08,-144.22335511,-0.0012483960716053843,1.2978926783893256,4.1504559680819515,0.0003,4889.460737105999,147.86088668500273,0.17864997700744495,0.10469726376743156,0.8068143799668573,0.18692063498000228,0.033067205670179366,0.8028886945133538,0.07221274134524047,0.2943010493135451,False,2026-08-07T13:11:48.507697+00:00
1282048,3159,-267.718113,600,0.11,-148.16034777000002,-0.001669833563209977,3.5797992505133154,4.139412106573582,0.0003,1980.0236010812841,362.597698132451,0.17869939899072146,0.10482630636612199,0.8067713044761283,0.13953256715801862,-0.014998057805597194,0.8029020815915864,0.12612251920532774,0.2458553792093444,False,2026-08-07T13:11:51.036957+00:00
1287056,3171,31.740978,38,0.12,-155.26138969,-0.004546496745024342,8.281808626092971,4.148032672703266,0.0003,1949.5497147337637,365.6967527485503,0.17870114909298124,0.1047042476294691,0.8067842538745685,0.1395325677507456,-0.014998055393414747,0.8029020815915864,0.12600750126472784,0.24585538156380896,False,2026-08-07T13:11:53.605755+00:00
1292064,3183,-435.587945,600,0.11,-159.98308736999996,-0.004546496745024342,8.281808626092971,4.148032672703266,0.0003,5050.197518884378,140.17986372865425,0.17785850816746818,0.10204990618305543,0.8071508087327927,0.1881181638418943,0.12861121167085468,0.800768898711687,0.029180340287451548,0.38962713582876823,False,2026-08-07T13:11:54.597405+00:00
1297072,3194,29.98966,32,0.13,-160.44013991000003,-0.004254900073283352,4.880941287428141,4.160684010386467,0.0003,2083.4890876343848,337.3802167584721,0.17786981912399566,0.10206049753226892,0.8071340333546941,0.18811814878925526,0.12861828879909018,0.8007646828091052,0.029170415908459067,0.3896341934179645,False,2026-08-07T13:11:57.001058+00:00
1302080,3209,-1.449659,20,0.15,-154.50877244,-0.004254900073283352,4.880941287428141,4.160684010386467,0.0003,4822.037363138875,144.7355023283547,0.1786471386013151,0.10468884860547917,0.8068129179137616,0.14270129515585622,0.12178896425352348,0.8028814358562902,0.03999967709057346,0.38218066201086504,False,2026-08-07T13:11:58.039647+00:00
1307088,3218,-114.930227,600,0.16,-157.22004489,-0.005142933446040843,10.364202788099647,4.169033858180046,0.0003,2033.9703737602192,340.6696621244327,0.18753174850807147,-0.1966990145095649,0.831996435725596,0.18638144172501772,-0.19645872399450579,0.8371662649958861,0.005301705377585115,0.06880024871973141,False,2026-08-07T13:12:00.501806+00:00
1312096,3230,-111.561362,600,0.18,-151.73841465,-0.001331352644774597,0.8705944101791829,4.15300729572773,0.0003,1975.017033415515,348.3028188422084,0.1786898341212302,0.10467368024151048,0.8067625189221399,0.18471173324119303,-0.0012528780432702765,0.8028788237346225,0.10616864936213331,0.2599244945761647,False,2026-08-07T13:12:03.037489+00:00
1317104,3237,28.532074,41,0.18,-148.62588886,-0.001331352644774597,0.8705944101791829,4.15300729572773,0.0003,4714.563839187818,144.8481817816774,0.17879401149961843,0.10466588876111259,0.8066959937349742,0.18471173341078695,-0.0012528805230420492,0.8028788237346225,0.10615260668537296,0.2599244921237492,False,2026-08-07T13:12:04.099728+00:00
1322112,3251,-108.273241,600,0.18,-148.50809600000002,-0.0027724639745429157,2.676441540941596,4.120302650332451,0.0003,1993.6055300266964,340.0311595197684,0.17835656022813104,0.10380298781293629,0.8068315402697521,0.18911820918406422,0.12750620187393977,0.8326749453334046,0.03668156253973525,0.38859867034879764,False,2026-08-07T13:12:06.611766+00:00
1327120,3258,11.798449,65,0.17,-146.41752597,-0.0009682413881819229,6.08772127982229,4.0915555819869045,0.0003,1952.9557754940947,344.5444123432659,0.17862799904179064,0.10464241339685733,0.8068065671082967,0.18651827638306404,0.12640132351179797,0.8306506649819517,0.03323022192704587,0.3873102139035295,False,2026-08-07T13:12:09.176068+00:00
1332128,3272,-123.279407,600,0.16,-148.02072008,-0.0009682413881819229,6.08772127982229,4.0915555819869045,0.0003,4611.957856888634,144.8131185766226,0.17864131562819865,0.10467096969286911,0.8068153979974407,0.1436986215230981,0.12699865484636336,0.80289738190419,0.04165174961202913,0.38734183067820327,False,2026-08-07T13:12:10.261950+00:00
1337136,3280,-109.700725,600,0.16,-142.31913298,-0.0031308400677517055,2.088140018284321,4.066446666419506,0.0003,2064.242013804674,321.1173862207431,0.17864133639744917,0.10467103255432603,0.8068153961916633,0.14367866418908176,0.12699564598660903,0.8028973819041901,0.04166686511855027,0.38733966491342664,False,2026-08-07T13:12:12.688025+00:00
1342144,3293,-0.877912,13,0.14,-144.15802494000002,-0.0031308400677517055,2.088140018284321,4.066446666419506,0.0003,4655.776207904219,141.29888779515275,0.24391277797379063,-0.08350326628173728,0.7958573819538557,0.1733917491739559,-0.08130443577613639,0.8028989966125466,0.07090581566825795,0.17919666185290148,False,2026-08-07T13:12:13.763678+00:00
1347152,3302,-84.397481,600,0.12,-146.33083204,-0.003210218816820998,1.1541490346193313,4.0407302096486095,0.0003,1887.315017682116,345.9136359767792,0.14056620597908775,-0.10861446773489028,0.874320290885837,0.1403520529657181,0.034002347959158796,0.8028927624163125,0.15950389902283965,0.2946581450226011,False,2026-08-07T13:12:16.417188+00:00
1352160,3312,34.380577,26,0.12,-144.51457259999998,-0.00297019447243656,3.773310987558216,4.023166052997112,0.0003,2074.4992387933244,312.28741273331565,0.1786503205870673,0.10468684725775224,0.806800563182666,0.1338672225092011,0.08348793677099459,0.8028927624163144,0.049701011922362766,0.34448060143726295,False,2026-08-07T13:12:18.831256+00:00
1357168,3321,-0.51803,12,0.11,-142.85954165,-0.00297019447243656,3.773310987558216,4.023166052997112,0.0003,4689.955923278353,137.0656804703295,0.24323676349973183,-0.10535059948554197,0.7967695061144798,0.1650913686223348,-0.05423483343101662,0.8029061049312666,0.09357981686733237,0.20582814629590865,False,2026-08-07T13:12:19.899073+00:00
1362176,3329,-257.467872,600,0.1,-153.59835421,0.0002153964916942641,0.2488817800069228,4.0113255806267265,0.0003,1901.476649759381,335.4361464710662,0.271549912453671,0.017028645537792583,0.8121733046094193,0.16509136698009788,-0.05423483523384446,0.8029061049312666,0.1284437097950424,0.20582814445301006,False,2026-08-07T13:12:22.532817+00:00
1367184,3340,-90.381893,600,0.11,-154.14094457,0.0002153964916942641,0.2488817800069228,4.0113255806267265,0.0003,4859.63319836071,130.21888158420404,0.17675475631225832,0.09774386920481408,0.8066528338593705,0.14081562643916345,-0.06464288013028958,0.8028845991865434,0.16635888016035233,0.19629682746471003,False,2026-08-07T13:12:23.563357+00:00
1372192,3349,-115.079008,600,0.1,-152.42452712,-0.002856471909035463,0.9611202877946198,3.9899827361106874,0.0003,1947.4474234634088,322.37481353077266,0.17878103929533545,0.10466080971653889,0.8067263816563423,0.14081562768161976,-0.06464288228191681,0.8028845991865434,0.17355077613151737,0.19629682520195596,False,2026-08-07T13:12:26.134940+00:00
1377200,3357,-87.802603,600,0.09,-153.27236346,-0.004395463378750719,1.208594909706153,3.9750024959445,0.0003,1959.9481907423592,317.7635015771031,0.1785535908831801,0.10416684591312021,0.8067649924568929,0.17578654929387716,-0.011305546687475299,0.8028932115930316,0.11557041428982055,0.2491949964325599,False,2026-08-07T13:12:28.690094+00:00
1382208,3368,-3.408942,16,0.07,-148.63329823,-0.004395463378750719,1.208594909706153,3.9750024959445,0.0003,4971.721156663692,124.26119255943419,0.1787812337365072,0.10465309506299195,0.8067131557770424,0.17578654743892466,-0.01130554503476913,0.8028932115930316,0.11606018409821676,0.2491949979644348,False,2026-08-07T13:12:29.697386+00:00
1387216,3377,-282.278349,600,0.07,-150.11266042,-0.004495898463937919,1.3252979750279337,3.9418786957859995,0.0003,1942.692973746963,315.43018288581897,0.17863590189145473,0.10465453030227787,0.8068158593650264,0.14420550595772294,0.11918222478501948,0.8028954492497145,0.037574934286165505,0.3795110349317508,False,2026-08-07T13:12:32.275262+00:00
1392224,3388,-2.386487,12,0.07,-148.39119767999998,-0.004495898463937919,1.3252979750279337,3.9418786957859995,0.0003,4641.486373457466,130.94426032910332,0.17875934740252203,0.10459480671451377,0.806729280536563,0.1441963074911926,0.11919069853488098,0.8028954349789675,0.037713951764612355,0.3795198842646903,False,2026-08-07T13:12:33.354268+00:00
1397232,3397,-104.911477,600,0.07,-142.28793344,-0.0038366504821169658,1.6869818686507643,3.9210538543760776,0.0003,1951.4132280543201,308.8879337981105,0.1786410630106845,0.10467020507706262,0.8068154199706719,0.13618775575022277,0.0996700014730539,0.8028795303406052,0.04292757343028815,0.3604573940645935,False,2026-08-07T13:12:35.920581+00:00
1402240,3410,-182.298058,600,0.07,-140.02432787,-0.0044492395001725525,0.8755004787817597,3.906208223104477,0.0003,397.4209605637201,1504.0978189779166,0.17864538042717215,0.10468329681335281,0.8068149762176103,0.13618775458009094,0.09967000366331527,0.8028795303406052,0.04293333011810042,0.36045739632737067,False,2026-08-07T13:12:48.521815+00:00
1407248,3417,-103.827215,600,0.05,-141.78755257,-0.0044492395001725525,0.8755004787817597,3.906208223104477,0.0003,5512.54678811635,107.52779482576413,0.177342870620659,0.10126216225858115,0.8066276306322451,0.1883817303703956,0.12840400690086404,0.8035231011479492,0.0294647969359885,0.38943959120185034,False,2026-08-07T13:12:49.430303+00:00
1412256,3429,-341.539569,600,0.06,-137.47032570000002,-0.002364896479411982,0.6329366320511326,3.8772541657090187,0.0003,2288.417904483377,256.8342079689708,0.17733920040314574,0.10125102494198303,0.8066280627909529,0.18838276782647626,0.1284052290416134,0.8035233369578121,0.0294779664192936,0.389440885702002,False,2026-08-07T13:12:51.618704+00:00
1417264,3436,-132.582791,600,0.05,-140.37634774000003,-0.004571718152146786,3.79733373792842,3.8713232673704625,0.0003,2295.166730569797,253.89702292143727,0.17864255582843205,0.10467472309466076,0.8068152900955537,0.18165859156469485,0.022983836749883284,0.8029077373100176,0.08183988240539887,0.2838114628591503,False,2026-08-07T13:12:53.800685+00:00
1422272,3453,-199.130759,600,0.1,-136.13179218000002,-0.004571718152146786,3.79733373792842,3.8713232673704625,0.0003,4825.890490697471,119.71427887011642,0.17865028966464785,0.10469837463556163,0.8068135717633548,0.18165858908390592,0.022983836618761865,0.8029077373100176,0.08186312436910649,0.28381146253909406,False,2026-08-07T13:12:54.838424+00:00
1427280,3459,-355.342686,600,0.1,-137.48102621,-0.0046357318860827945,2.4529568672180178,3.8828095726668836,0.0003,2340.659323897852,244.68319424044208,0.1786413139243464,0.10467096453297346,0.8068153981465606,0.1445611514528604,0.11923023754340865,0.8029075210381913,0.037265284222307855,0.3795443730470677,False,2026-08-07T13:12:56.977998+00:00
1432288,3473,-254.991992,600,0.1,-133.69810417,-0.0046357318860827945,2.4529568672180178,3.8828095726668836,0.0003,4956.162580432653,114.54668622885269,0.17864135888043095,0.10467110060358549,0.8068153942359967,0.14455665890270197,0.11923259032751496,0.8029075210404725,0.037270299548892785,0.3795469066541899,False,2026-08-07T13:12:57.988450+00:00
1437296,3480,-121.049118,600,0.09,-136.42651020000002,-0.001003120899258647,2.755570641811937,3.896995475143194,0.0003,2219.981520687766,253.47238017804324,0.17864131415110887,0.1046709652224449,0.8068153981263587,0.1429405161985772,0.1239582517309988,0.8028989625562172,0.040766222082572294,0.38433704617158104,False,2026-08-07T13:13:00.244339+00:00
1442304,3490,-202.782058,600,0.09,-139.65550430000002,-0.0043452566605992615,1.6999395968392492,3.92156889885664,0.0003,2168.6498926674394,257.16276374792517,0.1786419453065159,0.10467287546350891,0.806815343219978,0.1429405140565349,0.12395825046516652,0.8028989625562172,0.04076586709190864,0.3843370450020748,False,2026-08-07T13:13:02.553596+00:00
1447312,3498,-184.164783,600,0.09,-143.94737126,-0.0043452566605992615,1.6999395968392492,3.92156889885664,0.0003,5196.028331797577,106.36739538500484,0.17718667203724786,0.10015428660043794,0.8067391621793729,0.18557650784340723,0.12893845585237934,0.8038281631003377,0.030122942419638664,0.3897785014521672,False,2026-08-07T13:13:03.517427+00:00
1452320,3510,32.501944,33,0.11,-138.16390925000005,-0.0039765608395100575,1.726005799230188,3.953988379240036,0.0003,2002.0864738163664,273.55461772638387,0.1771862651691203,0.10015305254678784,0.8067392391424006,0.18557658399495056,0.12893837897320354,0.8038280966264555,0.03012419655729478,0.38977842973560517,False,2026-08-07T13:13:06.018796+00:00
1457328,3519,-87.485608,600,0.12,-140.53094184999998,-0.0039765608395100575,1.726005799230188,3.953988379240036,0.0003,4743.376330760184,114.40627143177362,0.2704850723702177,-0.025397128251639423,0.7982903160851372,0.1426670160195707,-0.03035885479576848,0.8028793455297373,0.12799661499742596,0.23029435056982353,False,2026-08-07T13:13:07.074595+00:00
1462336,3530,-3.654811,13,0.1,-138.50054514,-0.003839934967982117,2.5705149163492025,3.9843139752745627,0.0003,1959.5157762150425,274.3861552564481,0.08487248468149325,-0.2679009150223266,0.7899328126116614,0.1517366476171845,0.044480379848446744,0.8028800415362822,0.3197194401456662,0.30459248957460694,False,2026-08-07T13:13:09.630336+00:00
1467344,3538,-116.466972,600,0.1,-140.7262951,-0.0074648953188443555,3.0781537630595266,3.9938240006566046,0.0003,1989.1790588152849,267.7767984935651,0.17864689154290297,0.10468793431180481,0.806814649743326,0.1361866855074937,0.09969732744335781,0.8028800494372466,0.04293316122827898,0.36048473104559253,False,2026-08-07T13:13:12.147944+00:00
1472352,3549,-247.36634,600,0.06,-145.79456035000004,-0.0074648953188443555,3.0781537630595266,3.9938240006566046,0.0003,4703.523326638776,112.18143577849904,0.226762544158227,-0.07466123576362019,0.8378988403864708,0.1758907392902556,-0.033287543155175084,0.8028859048568985,0.07433457220554276,0.22726868170473352,False,2026-08-07T13:13:13.212700+00:00
1477360,3556,-87.856349,600,0.05,-148.16394676000002,-0.0008546312426915392,0.5691950397565961,3.997569862753153,0.0003,1959.7214464325732,266.69096312202964,0.25246119298541203,-0.08479072599073381,0.7961167336549373,0.1758907415466251,-0.03328754407982764,0.8028859048568985,0.09252801445642818,0.2272686809401105,False,2026-08-07T13:13:15.768144+00:00
1482368,3566,-247.802854,600,0.05,-147.72787626,-0.0008546312426915392,0.5691950397565961,3.997569862753153,0.0003,4977.700415300598,103.99018759925525,0.17498072630319333,0.09268649196035833,0.8071491367633201,0.147407285246749,0.1244996058814073,0.8028983078020796,0.0423135724786335,0.38470576209333585,False,2026-08-07T13:13:16.774242+00:00
1487376,3573,-105.476019,600,0.04,-155.16543048999998,-0.003982417372753844,0.6471886866725981,3.991568274050951,0.0003,2003.8292924747582,255.82219100455507,0.17864132648625686,0.10467100255604322,0.8068153970537764,0.14369760431165512,0.12699864508824193,0.8028983078016715,0.04165250206974795,0.3873418637396614,False,2026-08-07T13:13:19.273454+00:00
1492384,3584,-221.629879,600,0.05,-151.86089473,-0.004873729844985064,3.268506655469537,3.9726417250931263,0.0003,1996.5851843543558,254.2420949417943,0.2732561206665829,0.006572633417864543,0.8075082667412029,0.13846954552934032,-0.03681678501087094,0.8028987492033909,0.14167325125351934,0.22421932994859511,False,2026-08-07T13:13:21.781732+00:00
1497392,3593,-136.578011,600,0.06,-151.93633527999998,-0.004873729844985064,3.268506655469537,3.9726417250931263,0.0003,4845.2008074306505,103.73316194226567,0.28245499819950165,-0.044302607388049406,0.7975791530697138,0.13846954454487106,-0.03681678722795064,0.8028987492033909,0.14427801797441128,0.22421932783629325,False,2026-08-07T13:13:22.815337+00:00
1502400,3603,-217.076746,600,0.05,-150.37247108,-0.005604220149689354,3.4087845811620356,3.9602329351007937,0.0003,1965.8095809691215,253.1272636054042,0.17873972891640375,0.10463554628671873,0.8067320116640068,0.16202762623175196,-0.01409202311469678,0.8029070412349109,0.1199589951228908,0.245916336106324,False,2026-08-07T13:13:25.362909+00:00
1507408,3612,-75.731585,600,0.04,-160.66998894999998,-0.0036752627151145135,1.8865401009097695,3.960198017954826,0.0003,1999.758795194579,246.3257074721705,0.17868612374489504,0.10466205765131247,0.8067647831546275,0.16202762547384525,-0.014092020749328032,0.8029070412349109,0.11997882677435705,0.2459163384653633,False,2026-08-07T13:13:27.867186+00:00
1512416,3622,-78.294302,600,0.03,-155.21859408000003,-0.0036752627151145135,1.8865401009097695,3.960198017954826,0.0003,4506.912562773098,108.18581306134551,0.17864780487871437,0.10469069655593531,0.806814569500583,0.18432605565283255,0.03834081977275514,0.8028857931398886,0.06670820013078838,0.2993309234380977,False,2026-08-07T13:13:28.978386+00:00
1517424,3629,-285.409386,600,0.03,-158.27838359999998,-0.002477395317691844,2.14212020621635,3.9706778556108473,0.0003,1877.158774718778,257.077880943926,0.17865082568642673,0.10468837304175077,0.8068005190543835,0.18432605572486577,0.038340822256961934,0.8028857931398886,0.06670480350105945,0.2993309259199414,False,2026-08-07T13:13:31.646236+00:00
1522432,3641,-398.274806,600,0.04,-154.06419806,-0.002477395317691844,2.14212020621635,3.9706778556108473,0.0003,4553.978257622222,104.8683091977153,0.178642071534565,0.10467325748670549,0.8068153322273929,0.13349596526712845,0.08286082111180994,0.8029057734956023,0.05029152951737358,0.34388371073749013,False,2026-08-07T13:13:32.745935+00:00
