global_step,episode_num,episode_reward,episode_length,success_rate,avg_reward_100,policy_loss,value_loss,entropy,learning_rate,fps,eta_seconds,ee_x,ee_y,ee_z,cube_x,cube_y,cube_z,ee_to_cube_dist,cube_to_goal_dist,is_grasped,timestamp
5008,8,-8.706743,13,0.25,-8.444424999999999,,,,,3851.403008062523,517.9909751910371,0.08351728241643648,-0.2308607442309369,0.7928036024811468,0.16206641310962744,0.0988912174757253,0.8029067489505951,0.33912887778930173,0.3588971663921965,False,2026-08-07T17:07:23.272382+00:00
10016,24,22.400547,20,0.125,-396.4354685833334,-0.0024321463373780717,115.91760668158531,5.66345126926899,0.0003,1856.8702791748824,1071.6871406247442,0.08520666431542,-0.27274803541520465,0.7901774119095339,0.17579248730727876,-0.08442494038975895,0.8028786480032113,0.2093626061296113,0.17628387394339354,False,2026-08-07T17:07:25.969335+00:00
15024,33,22.831459,23,0.18181818181818182,-352.9017194242424,-0.0024321463373780717,115.91760668158531,5.66345126926899,0.0003,4861.009733093211,408.346436026759,-0.0766522676130007,-0.2694160000857302,0.7188526256158259,0.17579248975911224,-0.08442494000905787,0.8028786480032113,0.3240531133490332,0.17628387454221273,False,2026-08-07T17:07:26.999591+00:00
20032,46,-52.841339,33,0.13043478260869565,-388.8361919999999,-0.0016768114619480912,73.35535528659821,5.659261199831962,0.0003,1996.931214068081,991.505358848328,-0.22889300884740343,-0.22226863396330387,0.8990463024245412,0.16207300215480164,-0.022060618068664585,0.802880883982563,0.44965037428158033,0.23794841208085363,False,2026-08-07T17:07:29.507431+00:00
25040,51,19.500748,24,0.13725490196078433,-397.22826727450985,-0.0040686952284886505,58.438763964176175,5.664081946015358,0.0003,1978.9783808330428,997.9694670381638,-0.060225147860095016,-0.24368243439125725,0.7427638275291212,0.16207300327340787,-0.022060615859191095,0.802880883982563,0.31960406587441914,0.23794841429998856,False,2026-08-07T17:07:32.038034+00:00
30048,67,-719.35802,600,0.11940298507462686,-429.7560196417911,-0.0040686952284886505,58.438763964176175,5.664081946015358,0.0003,4615.770481983177,426.7872520285292,0.17610444013676615,-0.2139807380722611,0.8014745790059837,0.047510136378732526,-0.1397731591077052,0.7928876274849193,0.14871783844320535,0.1646464779109244,False,2026-08-07T17:07:33.123026+00:00
35056,69,-588.744164,600,0.11594202898550725,-433.74262921739137,-0.0027000932837836444,45.37513212561608,5.6608758717775345,0.0003,1943.8478827124934,1010.8527614095341,0.15794615323159458,-0.16530852535520804,0.800483894415569,0.047510136411189285,-0.13977315663098527,0.7928876274849193,0.11360401462237388,0.16464647969728002,False,2026-08-07T17:07:35.699348+00:00
40064,86,-626.969588,600,0.09302325581395349,-452.650315883721,-0.0027000932837836444,45.37513212561608,5.6608758717775345,0.0003,4447.4847042427855,440.6841462839145,0.18218042608366777,-0.07834408270207857,0.7994353690727043,0.03560215451553482,-0.0871964723247944,0.7928984057536441,0.14699076973527433,0.2129222466962352,False,2026-08-07T17:07:36.825393+00:00
45072,86,-626.969588,600,0.09302325581395349,-452.650315883721,-0.002886789484182373,30.91705495417118,5.645783062279224,0.0003,1886.9159200252318,1036.0440437504278,0.18218198199394703,-0.07835216822079566,0.7994341510936969,0.03560215349997819,-0.08719647056192151,0.7928984057529292,0.14699178130896273,0.21292224872027782,False,2026-08-07T17:07:39.479442+00:00
50080,105,-20.405769,12,0.07,-477.14433894,-0.002361364976968616,25.00210644006729,5.639225977659225,0.0003,1995.6771185431808,977.0718829624188,0.08515703341267043,-0.26640332264887634,0.7899829637281545,0.16942237891479653,-0.0033266135314891413,0.802887525113601,0.2765439043572969,0.25684627415173367,False,2026-08-07T17:07:41.988864+00:00
55088,105,-20.405769,12,0.07,-477.14433894,-0.002361364976968616,25.00210644006729,5.639225977659225,0.0003,5128.175724051657,379.2600146048366,-0.18314895084932792,-0.2134229329720848,0.8974452870042027,0.16942237802753835,-0.003326611211253318,0.802887525113601,0.42117475790601455,0.25684627643785873,False,2026-08-07T17:07:42.965451+00:00
60096,127,-290.046751,600,0.09,-448.78899724,-0.003330181883939076,21.93304725885391,5.618209844827652,0.0003,1983.673441572926,977.93515774541,0.08205342915290889,-0.21140782095557847,0.7948851074703247,0.16357629832232187,-0.017407486623728347,0.8028967213242878,0.21058559750141476,0.24261887283537278,False,2026-08-07T17:07:45.490066+00:00
65104,127,-290.046751,600,0.09,-448.78899724,-0.003330181883939076,21.93304725885391,5.618209844827652,0.0003,5362.300400084142,360.8331976272047,-0.030257778600824847,-0.2487445925278427,0.752392577947556,0.16357630069357576,-0.0174074859046456,0.8028967213242879,0.3060051889999873,0.24261887358933062,False,2026-08-07T17:07:46.423984+00:00
70112,153,12.303473,21,0.12,-417.30553522,-0.003671775810653344,39.323494559526445,5.628367498517036,0.0003,1870.270254830431,1031.8765403104667,0.08536344464808028,-0.2790531226524561,0.7900908083186164,0.13792822196585527,-0.014415428932782038,0.8028804698399302,0.2701106073325612,0.24657442067631022,False,2026-08-07T17:07:49.101664+00:00
75120,153,12.303473,21,0.12,-417.30553522,-0.003271252999547869,51.93827583193779,5.6402700915932655,0.0003,1926.3662461844235,999.2284716432467,-0.11479409445647219,-0.25833431875439916,0.7808743176023025,0.13792822444171357,-0.014415428768512139,0.8028804698399302,0.3519222443914695,0.2465744206182975,False,2026-08-07T17:07:51.701377+00:00
80128,175,-763.853934,600,0.12,-392.77231998999997,-0.003271252999547869,51.93827583193779,5.6402700915932655,0.0003,4310.614855469218,445.38240236520005,0.08518712395283047,-0.2680939083793748,0.7899926464823874,0.1552277674040818,-0.04331221424263479,0.8029063980812484,0.23579496757650564,0.21674033011966035,False,2026-08-07T17:07:52.863161+00:00
85136,175,-763.853934,600,0.12,-392.77231998999997,-0.006003964616684243,19.02515389472246,5.624831067025662,0.0003,1922.2372393824337,996.1642406923703,-0.027708165602986362,-0.1822010534851548,0.7764699700202752,0.15522776504027938,-0.04331221484659462,0.8029063980812485,0.23120239823001137,0.21674032956789363,False,2026-08-07T17:07:55.468482+00:00
90144,204,-386.680912,600,0.15,-340.59369083000007,-0.005385390190349426,34.20013740956783,5.595932447910309,0.0003,1934.3179978051714,987.353683400078,-0.04745697890828007,-0.2065239576313419,0.7816187922224013,0.16645534215718236,0.10970260521036494,0.8029047009827727,0.3823752215586783,0.3697589589742178,False,2026-08-07T17:07:58.057472+00:00
95152,204,-386.680912,600,0.15,-340.59369083000007,-0.005385390190349426,34.20013740956783,5.595932447910309,0.0003,5551.48896775972,343.12380175163946,-0.06555869367843913,-0.20331371861673603,0.7595139809070248,0.1664553416666306,0.10970260632338218,0.8029047009827727,0.3920363336029109,0.3697589600785012,False,2026-08-07T17:07:58.959635+00:00
100160,223,-20.862859,12,0.11,-366.56160206,-0.006445662883925252,8.779223193228244,5.54422273337841,0.0003,2025.2577754003353,938.0731791657762,-0.006842059489055724,-0.16393498747078644,0.7832697713454916,0.2982521133783818,0.059173187542853126,0.7928884723918086,0.3780902425154623,0.3478292260576363,False,2026-08-07T17:08:01.432348+00:00
105168,223,-20.862859,12,0.11,-366.56160206,-0.006445662883925252,8.779223193228244,5.54422273337841,0.0003,5527.520251362468,342.79964863682704,-0.013030946008015382,-0.16807854432483463,0.7804027523944946,0.29825211172616206,0.05917318570121692,0.7928884723918086,0.38561170111398846,0.3478292237110141,False,2026-08-07T17:08:02.338382+00:00
110176,247,24.885607,46,0.1,-372.72808249,-0.008263272784097353,11.71084174066782,5.499322424829006,0.0003,1893.572022507149,998.0206601794915,0.020135246822075015,-0.11666490977859482,0.7994303168646775,0.17288639081934995,0.019458874548064865,0.8028935008317151,0.2046328182259061,0.27975582501892626,False,2026-08-07T17:08:04.983129+00:00
115184,247,24.885607,46,0.1,-372.72808249,-0.006716000031155999,28.384955385327338,5.477393172681332,0.0003,1881.1084926038354,1001.970916303202,0.0032126664714676595,-0.17748934881318001,0.7929283919411328,0.17288639186526175,0.019458872312127267,0.8028935008317151,0.26014818524954725,0.2797558228335399,False,2026-08-07T17:08:07.645361+00:00
120192,268,-7.951022,12,0.08,-363.16333847999994,-0.006716000031155999,28.384955385327338,5.477393172681332,0.0003,4328.79217378581,434.2569300008658,0.2869539353973689,-0.13548348633492976,0.7983005329374919,0.3260599468491593,-0.11758826713940898,0.792885626773081,0.04334559043885169,0.21876244559773497,False,2026-08-07T17:08:08.802303+00:00
125200,271,-415.403306,600,0.07,-365.29972802000003,-0.005666416665917495,17.832321268320083,5.453790703415871,0.0003,1898.4505997428673,987.5421568798943,0.2914652507488813,-0.11507549932758664,0.7977799155348586,0.3260599486857477,-0.11758826550765919,0.792885626773081,0.035029433077091165,0.2187624480541168,False,2026-08-07T17:08:11.440219+00:00
130208,286,-467.64018,600,0.08,-357.88009207000005,-0.005666416665917495,17.832321268320083,5.453790703415871,0.0003,4368.248019946009,428.0416293814541,0.20841276195532624,-0.07106789277899724,0.8529047220268394,0.1813712745363959,0.11826467016741868,0.8028850682544807,0.19768668947906776,0.37886790847494073,False,2026-08-07T17:08:12.586694+00:00
135216,289,-439.382567,600,0.08,-360.47611687000006,-0.00581682343618013,22.41159718632698,5.423071373999119,0.0003,2129.2657320299427,875.7873533343355,0.2682937925844956,-0.19165240587518986,0.7977137274674941,0.18137127351717544,0.11826466794899625,0.8028850682544807,0.3219174734839502,0.37886790620255806,False,2026-08-07T17:08:14.938693+00:00
140224,308,-45.116981,49,0.07,-365.3425314899999,-0.0062386712081206495,23.90083504617214,5.394424150884151,0.0003,2015.6805507428148,922.6541374895138,0.2900064842099182,-0.1550539021314754,0.7995314003514056,0.1836314059063739,0.10188628128824034,0.8029033292335183,0.27811020305668105,0.3626570334761801,False,2026-08-07T17:08:17.423176+00:00
145232,313,-600.011844,600,0.07,-362.2804172600001,-0.0062386712081206495,23.90083504617214,5.394424150884151,0.0003,5368.039572827722,345.5205526778492,0.26562072256048136,-0.046589245231713663,0.7978235355433116,0.18363140635823996,0.10188628369226804,0.8029033292335183,0.16968510531128628,0.36265703590454296,False,2026-08-07T17:08:18.356121+00:00
150240,333,-288.209014,600,0.09,-320.01356995000003,-0.004934353946009651,28.975827747583388,5.379412922263145,0.0003,1984.0017046958287,932.3379085924679,0.28262583631825705,-0.02354116177739817,0.803678260155327,0.054796892577905064,-0.14624531896782506,0.7928790066859316,0.25899606497619554,0.1549445748259574,False,2026-08-07T17:08:20.880333+00:00
155248,342,-8.816919,13,0.09,-311.92584696000006,-0.004934353946009651,28.975827747583388,5.379412922263145,0.0003,4617.174693004582,399.54130451138406,0.12053290117188573,-0.15783141829612415,0.8387040180168598,0.1543177429022068,-0.19002832205252088,0.8023422055410407,0.05916280545045296,0.0702020210571687,False,2026-08-07T17:08:21.964968+00:00
160256,362,-618.582835,600,0.15,-281.43598811,-0.004067012642190093,22.431289142370225,5.372311404347419,0.0003,1900.1317135337024,968.2191960148917,0.1901850280913115,-0.14640818016341453,0.8352489408262722,0.1657186413033177,-0.07904340871275518,0.8028849748069623,0.07863868521000546,0.18104692979626855,False,2026-08-07T17:08:24.600560+00:00
165264,372,-0.567154,16,0.15,-274.9460255,-0.0033127420480013824,29.450863388180732,5.349318177998066,0.0003,2002.834798037162,916.0695638991774,0.08520266201087884,-0.2689916005063347,0.7899979292427525,0.1383040537332065,0.09167671609812783,0.8028788334562039,0.36478392247808983,0.35234532312771627,False,2026-08-07T17:08:27.101019+00:00
170272,392,-357.450931,600,0.17,-237.89995546999998,-0.0033127420480013824,29.450863388180732,5.349318177998066,0.0003,4396.655504371313,416.1636039441386,0.2678678507701197,0.023601852673773016,0.8118201577679008,0.1383040552454075,0.09167671417803003,0.8028788334544529,0.14663188998328933,0.35234532111814704,False,2026-08-07T17:08:28.240075+00:00
175280,402,-19.49292,11,0.15,-230.11955453000002,-0.003555481499643065,29.56588877439499,5.321655549108982,0.0003,2020.138845415638,903.2646464577879,0.14296865916998758,-0.20752703579996662,0.8005174825057617,0.16113672494765613,-0.2216910260219138,0.8179498797687509,0.028889197071635248,0.03832583503148119,True,2026-08-07T17:08:30.719125+00:00
180288,421,-8.72938,13,0.18,-206.74543072,-0.0033208328975888437,27.821719677746295,5.290867698192597,0.0003,2056.670740371427,884.7852815134457,0.1610353542856151,-0.19351560240994092,0.7995713021532969,0.05712378210906082,-0.16051651799534541,0.7928949848548231,0.10922970116719513,0.14311002550245888,False,2026-08-07T17:08:33.154096+00:00
185296,429,-490.563438,600,0.18,-215.09210009000003,-0.0033208328975888437,27.821719677746295,5.290867698192597,0.0003,5173.263553508424,350.7851438903199,0.14190221680287268,-0.16991109468619625,0.8022857675931019,0.057123780016205085,-0.1605165193273335,0.7928949848548231,0.08581275074603949,0.14311002608099468,False,2026-08-07T17:08:34.122163+00:00
190304,449,17.133881,27,0.17,-202.16826491999996,-0.0027544684562599286,28.254583352804183,5.265839618444443,0.0003,1972.4167284384769,917.5018513621613,0.17703416529108454,-0.0072510240493219354,0.8010445018859363,0.15347037585037668,0.031048332435439027,0.8028779023921454,0.04500504679887562,0.29112156877322776,False,2026-08-07T17:08:36.661184+00:00
195312,460,-11.40155,16,0.14,-208.14288256999995,-0.0027544684562599286,28.254583352804183,5.265839618444443,0.0003,4358.404726191274,414.07076978302615,0.17881920541449547,0.10499532996774023,0.8067260728648105,0.13369536157093395,0.07448240991368453,0.8028779023921455,0.05460776491882826,0.33551515099105433,False,2026-08-07T17:08:37.810277+00:00
200320,471,17.496297,29,0.13,-215.06114782999998,-0.001187584646686446,12.64732713252306,5.239416064321995,0.0003,328.6787357550624,5475.498729376748,0.17987151661016218,-0.050722611126454493,0.7997631056647306,0.30514993325562306,-0.03136963702753037,0.7928794285644477,0.12695118862810337,0.27081422783346343,False,2026-08-07T17:08:53.046998+00:00
205328,490,-20.070871,13,0.13,-213.72183637,-0.00537910038838163,11.029484724998474,5.1979587659239765,0.0003,1881.9500025758568,953.6236337541391,0.08216025259787817,-0.26856019500085776,0.7669245500790869,0.13893139279148156,0.052049151995437914,0.8027199496595689,0.3275585846400599,0.31275958733630976,False,2026-08-07T17:08:55.708052+00:00
210336,500,-42.719471,68,0.13,-208.24256796999998,-0.00537910038838163,11.029484724998474,5.1979587659239765,0.0003,5184.287612052284,345.2092426044111,0.17907433857325344,0.10453393875447838,0.8064923705472504,0.13381927186655895,0.05982551034645591,0.802896492684966,0.06371652039261957,0.3208952907008268,False,2026-08-07T17:08:56.674051+00:00
215344,518,-303.307675,600,0.13,-215.80983483999998,-0.004645906372752506,14.504150530695915,5.181005580723285,0.0003,2050.350538126038,870.4150665042499,0.08427800300849468,-0.25595698779455817,0.7906438048015212,0.13797333289872304,-0.005038281975859364,0.8028808341923824,0.25689128103161457,0.25591141381621074,False,2026-08-07T17:08:59.116573+00:00
220352,526,-9.073022,15,0.13,-219.70571936,-0.004645906372752506,14.504150530695915,5.181005580723285,0.0003,5357.751234918385,332.1632382633587,0.04975599264847275,-0.08543135649158753,0.7983302558264788,0.1379733308591145,-0.005038280562346713,0.8028808341923824,0.11944058431621836,0.25591141540002993,False,2026-08-07T17:09:00.051288+00:00
225360,543,-314.940216,600,0.12,-225.65879507999998,-0.003320780051581096,23.38975209593773,5.2048375144600865,0.0003,2102.9375978881194,843.8861912888841,0.03439040530807645,-0.059461116870945144,0.8095232384031881,0.14849176508162593,0.0962554149760811,0.8028982654744709,0.19315964604167496,0.3564412436443295,False,2026-08-07T17:09:02.432711+00:00
230368,551,-382.393224,600,0.11,-228.67439561000003,-0.003058244628482498,17.402611061930656,5.233408561348915,0.0003,1907.5208847596296,927.7130405956183,0.08153468339761827,-0.009857207480958304,0.7934562292499177,0.1484917660615179,0.0962554126944451,0.8028982654744709,0.12582643254664536,0.3564412413322457,False,2026-08-07T17:09:05.058108+00:00
235376,571,-22.413196,21,0.12,-213.08011539999998,-0.003058244628482498,17.402611061930656,5.233408561348915,0.0003,4396.087764059949,401.40781865790245,0.07973546508116593,-0.1969892410120398,0.7979514495051399,0.17241246416876826,0.09574710320288678,0.8028789387951266,0.3070958702667725,0.35596358058653466,False,2026-08-07T17:09:06.197306+00:00
240384,580,-8.190064,12,0.12,-212.37054709999992,-0.0015671398701670113,15.956673392653466,5.228437565267086,0.0003,1896.464889295778,927.8400090251106,0.08247968763227662,-0.007175417084686348,0.7939810481026123,0.17241246366064805,0.0957471056290821,0.8028789387951266,0.1369675959660216,0.35596358299353636,False,2026-08-07T17:09:08.838008+00:00
245392,601,-328.004918,600,0.15,-209.66376407999996,-0.0015671398701670113,15.956673392653466,5.228437565267086,0.0003,4373.490481107234,401.1916814680678,0.08411627886668045,-0.03954273242558925,0.8243860752747212,0.1547780351522929,0.10615365614944988,0.8029027498184416,0.1633464254822753,0.36619089124182247,False,2026-08-07T17:09:09.983096+00:00
250400,613,-20.560459,19,0.14,-203.22710322999998,-0.0023010525765130296,13.37795782238245,5.2051598817110065,0.0003,2005.2096538784608,872.527217598388,0.08122412029736445,-0.010722485256461262,0.7933925668989424,0.1547780327887473,0.10615365689955325,0.8029027498184416,0.13842201496591955,0.36619089202555427,False,2026-08-07T17:09:12.480601+00:00
255408,630,-492.584368,600,0.11,-211.37290198,-0.002140990542829968,6.754395543783903,5.165270943939686,0.0003,2004.2606424622559,870.4416796094692,0.15407388104157116,-0.19053071300328875,0.8004094638837849,0.23708296994000944,-0.10519088851228353,0.7928915083272755,0.11928920378497818,0.17293827006879833,False,2026-08-07T17:09:14.979267+00:00
260416,634,-310.204128,600,0.11,-214.36980678,-0.002140990542829968,6.754395543783903,5.165270943939686,0.0003,4846.892376987899,358.90708204275506,0.1524487412678434,-0.16335503496905357,0.8006123134012606,0.23708297080697507,-0.10519088619116117,0.7928915083272757,0.10298364842891176,0.17293827253302543,False,2026-08-07T17:09:16.012515+00:00
265424,663,15.945686,25,0.08,-201.79742658000004,-0.002866671236552065,10.160363118350507,5.155859465897083,0.0003,1955.640261783936,886.9606716000615,0.19073188258290089,0.09407061403193485,0.8346112881492193,0.1651121006527886,0.11710881568237044,0.8028898054996766,0.04683358221317131,0.377143464000696,False,2026-08-07T17:09:18.573317+00:00
270432,666,-461.923631,600,0.08,-204.02461934000002,-0.003323707754316274,9.48144497424364,5.152773167192936,0.0003,1997.778097429595,865.7458014107359,0.21920597131570715,0.11072895686733324,0.8398975194517138,0.16511209824009881,0.11710881627118135,0.8028898054996766,0.06585150417635652,0.37714346455674935,False,2026-08-07T17:09:21.080086+00:00
275440,687,-27.518109,29,0.04,-231.98267542000002,-0.003323707754316274,9.48144497424364,5.152773167192936,0.0003,4263.7248994765205,404.4726244443522,0.17862932336900328,0.10320962056457907,0.8065421210434187,0.13378309953904183,0.08010231253560214,0.8028957670563024,0.05058089929560746,0.3411112851575629,False,2026-08-07T17:09:22.254656+00:00
280448,696,-254.355645,600,0.05,-219.63627777,-0.003605114365927875,14.630232210457326,5.125593504309654,0.0003,1913.3073476662514,898.7327635036871,0.1787325938053319,0.10490180363162886,0.8067614522629083,0.13378310024419882,0.08010231491866589,0.8028957670563024,0.051482182684335506,0.3411112874793813,False,2026-08-07T17:09:24.872106+00:00
285456,719,15.662132,25,0.09,-216.82798479000002,-0.003605114365927875,14.630232210457326,5.125593504309654,0.0003,4262.81807542107,402.2090480205731,0.0821152938422518,-0.0070839371373495295,0.7936180937692244,0.17329579091773004,0.10721817893210735,0.8028793457700871,0.14650811436064,0.3674587990432957,False,2026-08-07T17:09:26.046916+00:00
290464,725,-324.56158,600,0.1,-204.27894065999996,-0.003659163389238529,16.32589298635721,5.1078908205032345,0.0003,1826.9538122837484,935.7302787326777,0.0802398928333669,-0.01241395538410589,0.7944535920770345,0.17329579189400757,0.10721817664749914,0.8028793457700871,0.15179670842843568,0.36745879679550825,False,2026-08-07T17:09:28.788093+00:00
295472,750,-703.109833,600,0.1,-208.58040137,-0.004267986700870097,20.958507493138313,5.0701519459486,0.0003,1917.0170856223224,889.1563944755652,0.1363537330187215,-0.009040484130802804,0.8368214519545887,0.17567685866687008,0.041598316144646416,0.8028928336292176,0.07253790350944547,0.3020054771009081,False,2026-08-07T17:09:31.400486+00:00
300480,762,-7.956385,13,0.11,-206.38540129,-0.004267986700870097,20.958507493138313,5.0701519459486,0.0003,5319.846752486301,319.4678491830064,0.1791512469109753,0.10461540151954166,0.8063670622598627,0.18800736028929535,0.12550445011441763,0.8306066361343221,0.03320150654690423,0.3865204953018584,False,2026-08-07T17:09:32.341871+00:00
305488,796,5.37285,29,0.14,-185.14647700999998,-0.003280059142707614,15.772725974023341,5.051059132814407,0.0003,2052.6432911441143,825.5267767715758,0.14268778519346395,-0.18931396809054996,0.8014193516929234,0.1620547394245609,-0.156217654822912,0.8029217355073326,0.03837579999459074,0.10380268360962103,False,2026-08-07T17:09:34.781648+00:00
310496,809,-373.773525,600,0.14,-168.79837034,-0.003280059142707614,15.772725974023341,5.051059132814407,0.0003,5330.8786165397505,316.9278690304619,0.17486034937455414,0.04014340912716044,0.8033424889657979,0.1350736745540609,0.019849789133921616,0.8028829573385667,0.04466566550515147,0.2809576946419821,False,2026-08-07T17:09:35.721080+00:00
315504,841,-10.262731,13,0.11,-143.64239167,-0.0035712593424250373,29.471522909402847,5.041609400510788,0.0003,1940.4822736810288,868.0811068707,0.13890147128782587,-0.15235678636901204,0.8649263369199625,0.1357038605422163,-0.15389905973809764,0.873951210391074,0.009698023654075197,0.1088471952647924,True,2026-08-07T17:09:38.301898+00:00
320512,848,-300.235402,600,0.11,-153.14543276000003,-0.0024569444329245018,10.820639629662036,4.993854610621929,0.0003,1901.3890393841857,883.2952989694029,0.17876865865970737,0.10472429666862454,0.8067246440672734,0.1447733799320137,0.12162562169711716,0.8029036408319963,0.03815670097396172,0.3819292671351673,False,2026-08-07T17:09:40.935758+00:00
325520,873,-437.298125,600,0.14,-144.24581319,-0.0024569444329245018,10.820639629662036,4.993854610621929,0.0003,4393.965328274382,381.0863024396256,0.16003404272917937,-0.12869914079670128,0.8601338974210682,0.16182904150982802,-0.13064533353059168,0.8721995866320519,0.012352754466758696,0.1293675969099548,True,2026-08-07T17:09:42.075494+00:00
330528,888,19.102233,25,0.15,-138.12911352999998,-0.0031844998367887454,14.803311149775983,4.950632889568806,0.0003,1893.8038646444886,881.5442988407879,0.033137765456796704,-0.16291901505766493,0.8764235201012264,0.08884131671669679,-0.2728361737825797,0.7928900251735912,0.1488707902173817,0.0723071612220397,False,2026-08-07T17:09:44.719922+00:00
335536,910,21.992154,20,0.13,-153.38736559,-0.0031844998367887454,14.803311149775983,4.950632889568806,0.0003,4542.38119233786,366.4298370219648,0.012472839759526191,-0.15733975540553358,0.8671531187416058,0.08884131829494908,-0.27283617569233426,0.7928900251735912,0.15711961901421587,0.07230716000788041,False,2026-08-07T17:09:45.822412+00:00
340544,920,19.742451,23,0.14,-155.90419206999997,-0.0019484746422676834,16.25219678580761,4.932900269329548,0.0003,2066.4551552782323,803.0447676356988,0.17915215210220212,0.10460265368013517,0.8063904414208473,0.14484674209096046,0.1216259079680853,0.802878688517482,0.03845757078971455,0.3819266354389589,False,2026-08-07T17:09:48.245892+00:00
345552,952,-23.481488,21,0.18,-135.85418173,-0.0009742636524606496,8.44468433558941,4.934202285110951,0.0003,2040.7367137386514,810.7111460591277,0.17880317088532233,0.10486538631937758,0.8066408058836398,0.1447049146427187,0.12162602996008318,0.8028786885049743,0.03818067287526293,0.38193241074721695,False,2026-08-07T17:09:50.699904+00:00
350560,963,-10.115037,16,0.16,-136.67426937,-0.0009742636524606496,8.44468433558941,4.934202285110951,0.0003,5563.518290282987,296.47426573232343,0.22677804271087515,0.10102333199275565,0.836277255844068,0.17851833236110745,-0.008351293347222767,0.8028824395882285,0.1241250259378237,0.25232915050277477,False,2026-08-07T17:09:51.600061+00:00
355568,980,-305.196953,600,0.14,-153.40086870000002,-0.003000883769709617,22.2114791482687,4.937384828925133,0.0003,2023.0290712244325,812.8563367627299,0.23205981546539195,0.09312132408470576,0.8328712035389393,0.178518333885645,-0.008351291396398534,0.8028824395882285,0.11858628886014555,0.25232915256022354,False,2026-08-07T17:09:54.075562+00:00
360576,986,-318.443492,600,0.12,-164.71110765,-0.003388504709437257,4.472271384298802,4.904310807585716,0.0003,2028.5081823288735,808.1919581501629,0.17914738551460724,0.10459663519878637,0.8064044372030638,0.13408176334882949,0.08133768475624399,0.8028894701804846,0.05083546075376027,0.3423202740502804,False,2026-08-07T17:09:56.544362+00:00
365584,1002,18.682804,26,0.12,-174.4619699,-0.003388504709437257,4.472271384298802,4.904310807585716,0.0003,4561.189190855939,358.33111313966134,0.08487248468149325,-0.2679009150223266,0.7899328126116614,0.17994134718414465,-0.06693746419223408,0.8028927240602765,0.2226934136696526,0.19408967015285358,False,2026-08-07T17:09:57.642350+00:00
370592,1009,-360.795325,600,0.1,-178.52014529,-0.0023390424437820913,8.162210223078727,4.884255354106426,0.0003,1915.5831734967765,850.6067617129975,0.2704825478287489,0.01842468606713832,0.811631126336656,0.17994134502300158,-0.06693746315756632,0.8028927318138439,0.12474279724540623,0.19408967096000357,False,2026-08-07T17:10:00.256673+00:00
375600,1034,20.02354,23,0.12,-178.81144139000003,-0.0023390424437820913,8.162210223078727,4.884255354106426,0.0003,4397.274941022714,369.41060583812356,0.04878430850689254,-0.15365662524433457,0.8498468076646463,0.05192079756705981,-0.16866640487194776,0.8981748501320873,0.050702374074877855,0.14150243671949764,False,2026-08-07T17:10:01.395579+00:00
380608,1047,-10.988159,16,0.09,-186.26913510999998,-0.0019562186309485695,19.84502314031124,4.8873615831136705,0.0003,1921.2770764422264,842.8727016296631,0.24783031518570864,0.06921579735639113,0.8260575744490692,0.14612277804891,0.03212687652729553,0.802890459713381,0.11071010055038673,0.29245630319532107,False,2026-08-07T17:10:04.002166+00:00
385616,1071,22.277507,20,0.11,-183.84762222000006,-0.0013571944291470572,13.09315126389265,4.897043173015118,0.0003,2011.7305775068535,802.4851926249056,0.08466920431837925,-0.266254209456622,0.7905941428120107,0.13868595257640504,-0.03325459675037685,0.8028887504827054,0.23949485587671285,0.22774495935675387,False,2026-08-07T17:10:06.491562+00:00
390624,1079,-441.254995,600,0.14,-179.55211071999997,-0.0013571944291470572,13.09315126389265,4.897043173015118,0.0003,5355.629748180482,300.5017291471219,0.26372847838966706,0.03808677510388529,0.8180371428748068,0.13868595093666394,-0.03325459858775503,0.8028887504824908,0.14475737999879967,0.22774495768089884,False,2026-08-07T17:10:07.426664+00:00
395632,1099,-8.518307,12,0.16,-165.76081044999998,-0.0014456203774898314,8.850330217927695,4.888023890554905,0.0003,2107.733808562657,761.1815085388221,0.08481495460536242,-0.05670551772525041,0.8383383624534172,0.16449814617693495,0.06120529462921652,0.8029032264457765,0.1466561268853171,0.3212367890153164,False,2026-08-07T17:10:09.802671+00:00
400640,1107,-268.440925,600,0.15,-168.95153112999998,-0.0014456203774898314,8.850330217927695,4.888023890554905,0.0003,235.7778018562253,6783.335782285697,0.2168418392549481,0.11364962538356535,0.8411245113996015,0.16449814448416222,0.06120529283318845,0.8029032264457765,0.08337347913115543,0.32123678719576115,False,2026-08-07T17:10:31.043012+00:00
405648,1123,-292.186822,600,0.13,-170.13016360999998,-0.0037394794999272563,5.947910171747208,4.88268391340971,0.0003,2106.2245791977743,756.9715099456592,0.07852025620594477,-0.03335278030931949,0.79857492363245,0.14694699670728595,0.08757623881037378,0.8028972276380062,0.13901341227667738,0.347821251047899,False,2026-08-07T17:10:33.420736+00:00
410656,1137,-298.565749,600,0.13,-174.83186236,-0.001705224541365169,10.831562535464764,4.8909559294581415,0.0003,1915.1172034810972,829.8938556403017,0.08214892959745287,-0.015491562766921582,0.7964546606139282,0.14694699898871483,0.08757623978745224,0.8028972276380062,0.12191500477825494,0.3478212519386719,False,2026-08-07T17:10:36.035703+00:00
415664,1158,-20.574509,14,0.11,-182.22943934,-0.001705224541365169,10.831562535464764,4.8909559294581415,0.0003,4409.964286239155,359.2627733843014,0.08323602997402405,-0.02001768868141101,0.8002486196753186,0.1403738456624767,0.009938837941247392,0.8028773915693412,0.0645680564258553,0.2706513664535084,False,2026-08-07T17:10:37.171312+00:00
420672,1170,-305.172097,600,0.11,-184.82689864999998,-0.0016692354838596657,9.90595397874713,4.888692304491997,0.0003,1847.5236306714398,854.8350742480245,0.23154468284259372,0.09447431247885854,0.8339393689531094,0.1403738454329918,0.009938840401171928,0.8028773915693412,0.1281530884230073,0.27065136892359787,False,2026-08-07T17:10:39.881971+00:00
425680,1185,17.78829,28,0.09,-182.57817199000002,-0.0016692354838596657,9.90595397874713,4.888692304491997,0.0003,4413.468676144787,356.7080941367835,0.09599269711946219,-0.09414648151789821,0.884387972903267,0.1391403011937084,-0.010923755955266441,0.8028851700317765,0.12421934093904245,0.2499481993968368,False,2026-08-07T17:10:41.016689+00:00
430688,1196,-293.358587,600,0.08,-187.41184762,-0.0017308752503595315,7.261687856912613,4.86772831082344,0.0003,1919.782041487435,817.4427961541442,0.17575505861002488,0.025943724116486575,0.8024468589121417,0.13981465134525162,-0.03213922877398272,0.8028851700317766,0.06830471731492516,0.22875309694959134,False,2026-08-07T17:10:43.625325+00:00
435696,1213,-292.580626,600,0.09,-186.57620467999996,-0.0005268779132165946,8.432712060958147,4.843748627603054,0.0003,2028.7003761654,771.0867599664024,0.24709319671433608,0.06972155063854149,0.8254075435474468,0.16956372729126706,0.10672443546577161,0.8028841756104038,0.08881066500025359,0.3668491194583825,False,2026-08-07T17:10:46.093889+00:00
440704,1227,-280.639511,600,0.1,-182.57966555999997,-0.0005268779132165946,8.432712060958147,4.843748627603054,0.0003,5072.147004570349,307.4232664382496,0.21817554664033612,0.11202616343447246,0.840447985581459,0.16956372536004394,0.10672443702545953,0.8028841756104038,0.06166244635630858,0.3668491209671935,False,2026-08-07T17:10:47.081251+00:00
445712,1246,-479.286543,600,0.12,-189.01941825999995,-0.002579562443861505,20.00520740300417,4.824828337132931,0.0003,1980.4925645284243,784.7987050484545,0.18085627394017045,-0.06507004853315872,0.7996779531804175,0.15659929007228293,-0.03140965670599351,0.8028945767684537,0.04161453966623152,0.22861563786251418,False,2026-08-07T17:10:49.609928+00:00
450720,1252,-426.534881,600,0.11,-201.74872338,-0.003515589907328831,5.624373167380691,4.807403610646725,0.0003,2054.5462170514506,754.0740564227484,0.1792286010943681,0.10482800327286086,0.8063697395468407,0.13452580507403808,0.024760170285359897,0.802894576768455,0.09176750300452692,0.2858973402955562,False,2026-08-07T17:10:52.047428+00:00
455728,1278,-8.807959,12,0.13,-193.29904804999998,-0.003515589907328831,5.624373167380691,4.807403610646725,0.0003,4375.537578245917,352.93309047961003,0.1739196175095378,0.04157084764954778,0.804247861925609,0.13859412193031834,0.06840912758022696,0.8023747858852098,0.04440374220049554,0.32910601133060435,False,2026-08-07T17:10:53.191971+00:00
460736,1290,-442.734795,600,0.14,-182.4288569,-0.0038375087249733044,26.14988076388836,4.798676884174347,0.0003,1895.6551730175177,811.9957795645863,0.17900943545209938,0.10487140890594587,0.80654807799924,0.13397869711591567,0.07698354333016136,0.8028854589186376,0.05309345741242008,0.3379867108025639,False,2026-08-07T17:10:55.833805+00:00
465744,1310,-520.298365,600,0.12,-179.76455824999994,-0.0038375087249733044,26.14988076388836,4.798676884174347,0.0003,4450.812274493684,344.713707381544,0.2484744281121192,0.06799885491912017,0.8256147677480388,0.1529489092824989,0.025824182330571707,0.8028881190847881,0.10686593617744729,0.2859111419396704,False,2026-08-07T17:10:56.958998+00:00
470752,1318,16.320494,27,0.13,-177.33517518,-0.003793419699650258,5.038592176884412,4.775968490540981,0.0003,1908.7033686473253,801.1973076171387,0.2774314930175703,-0.018844756784025987,0.7998415851350049,0.15294890775637748,0.02582418039425665,0.8028881190847881,0.13228949070525098,0.2859111400415812,False,2026-08-07T17:10:59.582771+00:00
475760,1334,-11.057231,18,0.09,-191.25838854999998,-0.0021526341181015594,8.601592306792735,4.7468404695391655,0.0003,2009.9066788469481,758.3635678420814,0.2548239860781547,0.05495943571623105,0.8206721489191059,0.16624716028706965,0.0019305972558136767,0.8029045635666657,0.10475494673256017,0.26200508542858403,False,2026-08-07T17:11:02.074425+00:00
480768,1345,-425.376332,600,0.1,-183.9826472,-0.0021526341181015594,8.601592306792735,4.7468404695391655,0.0003,5305.9034963014155,286.3286151093797,0.2668614830380746,0.02947030352780418,0.8150055429222421,0.16624715871877147,0.0019305991579054067,0.8029045635666658,0.1050148145566873,0.262005087292741,False,2026-08-07T17:11:03.018278+00:00
485776,1367,-9.085163,12,0.08,-169.51321194,-0.004391850989486556,8.792400005459786,4.72923183888197,0.0003,2034.0361585564544,744.4430098404138,0.23440721273043114,0.09006081925747114,0.8319809459792998,0.15814352744741111,-0.024778503171321194,0.8028916154164872,0.1408914788815996,0.2352288227676674,False,2026-08-07T17:11:05.480394+00:00
490784,1376,-9.668988,12,0.07,-180.94442790000005,-0.004391850989486556,8.792400005459786,4.72923183888197,0.0003,5524.0895822430275,273.2062863084836,0.25327235702938933,0.025922475668933055,0.8063439173119823,0.15814352506000245,-0.0247785037853017,0.8028916154164872,0.10785176112542723,0.23522882217254792,False,2026-08-07T17:11:06.386959+00:00
495792,1394,-8.425797,14,0.06,-186.43169778000004,-0.0015925139930914156,3.976717048510909,4.7260577663779255,0.0003,1940.3580510948366,775.2218716289289,0.17908125549791334,0.10457635221360533,0.8064733999739285,0.18344784977519513,0.12793798577675655,0.8304583043939006,0.03376549582571738,0.38864596031299115,False,2026-08-07T17:11:08.967923+00:00
500800,1411,-463.960015,600,0.08,-181.60042188,-0.004408365579729434,8.233873621374368,4.721596238017082,0.0003,1949.7442490406327,768.9213601925884,0.17892081619147987,0.10462271371181828,0.806539515588501,0.1840042212079429,0.12795242483522834,0.8302957784860833,0.033681990061785363,0.38869433565635264,False,2026-08-07T17:11:11.536465+00:00
505808,1426,-7.870343,13,0.06,-177.62721718999998,-0.004408365579729434,8.233873621374368,4.721596238017082,0.0003,4582.046910570453,326.09705425603704,0.25311079444244045,-0.028890957448145668,0.7970383398360599,0.1534411105463865,0.03590150517584914,0.8028866694934205,0.11902231748962983,0.29597418771946615,False,2026-08-07T17:11:12.629429+00:00
510816,1446,-437.752287,600,0.06,-165.31097395,-0.002640698522736784,4.505161960795522,4.694623747467995,0.0003,1889.5717179658907,788.1066306406698,0.2612304845202779,0.042865094766981804,0.8185146333466997,0.1534411099252368,0.03590150756156688,0.8028866694934205,0.10913878355816926,0.29597419011836296,False,2026-08-07T17:11:15.279763+00:00
515824,1463,-260.483672,600,0.06,-161.68669071000002,-0.002640698522736784,4.505161960795522,4.694623747467995,0.0003,4551.553705326458,326.08117932633473,0.178674529673416,0.10478227785565707,0.8067977187630506,0.1880243508183194,0.12773310278989988,0.8315513482395637,0.0350271565055521,0.3887445475345877,False,2026-08-07T17:11:16.380054+00:00
520832,1485,13.573999,29,0.08,-149.3732988,-0.0037330947670852765,3.916866372525692,4.672953332960605,0.0003,2145.0574988769254,689.570326564411,0.17915900657809275,0.10464749045922331,0.8063786129950342,0.1862451722971289,0.1264288880989489,0.830579384046304,0.0333214697637044,0.3873191121366153,False,2026-08-07T17:11:18.714724+00:00
525840,1499,-334.12361,365,0.08,-158.08561444999998,-0.0015232966630719601,18.035192914307117,4.6562346294522285,0.0003,2063.6688898473353,714.3394016610166,0.25545127577102666,0.012657082112912575,0.8026397476584403,0.14885622407955743,-0.009195978792692894,0.8028987322141014,0.1088123540277076,0.2510514704109904,False,2026-08-07T17:11:21.141466+00:00
530848,1516,-323.187755,600,0.1,-155.92713653,-0.0015232966630719601,18.035192914307117,4.6562346294522285,0.0003,5475.63122868767,268.3073309069624,0.27150727935864827,-0.007631756685688926,0.7995688829370611,0.1488562216499854,-0.009195979093188667,0.8028987322141014,0.12270622088957706,0.25105147021863566,False,2026-08-07T17:11:22.056070+00:00
535856,1533,-22.350514,17,0.11,-154.55270468999998,-0.004602623491518898,9.17880569845438,4.65296481102705,0.0003,2069.173534531877,707.5984568550182,0.2623129737464943,-0.015993537352776414,0.7974567141449083,0.16459494633353353,-0.01353201533051598,0.8028883568052607,0.09789981978602406,0.24651081314791257,False,2026-08-07T17:11:24.476356+00:00
540864,1545,-283.033309,600,0.12,-171.07767189999998,-0.003774060300929705,5.119685433804989,4.646431158483028,0.0003,1915.9738687812935,761.5636224350609,0.2691435754319918,-0.02792926933699675,0.7985817275450814,0.164594948758015,-0.013532014993894965,0.8028883568052607,0.10562311928559565,0.24651081352966728,False,2026-08-07T17:11:27.090171+00:00
545872,1558,-9.23217,13,0.12,-174.66501687,-0.003774060300929705,5.119685433804989,4.646431158483028,0.0003,4529.526984068111,321.033080300584,0.22828133080083307,0.0946726064914325,0.8335507610200974,0.16372770026877123,0.12091800922045148,0.8028959318351124,0.0761295667374966,0.38093624860042624,False,2026-08-07T17:11:28.195820+00:00
550880,1574,-10.004834,14,0.11,-169.78162598999995,-0.0031211946887196975,2.7684460505843163,4.5989721164107324,0.0003,1907.4727290030723,759.7067984072164,0.23087007460912917,0.09533360356047284,0.8341382298075247,0.16372770082783386,0.12091800681051178,0.8028959318351125,0.07835011952284926,0.38093624619607275,False,2026-08-07T17:11:30.821268+00:00
555888,1586,-286.363423,600,0.11,-177.03017292,-0.0031211946887196975,2.7684460505843163,4.5989721164107324,0.0003,4456.181167466535,324.06940959741513,0.06339876642668812,-0.15703820212891498,0.8806152310232399,0.11823840078778931,-0.2995681891249857,0.8378521859019693,0.15859022894870659,0.057529755426144046,False,2026-08-07T17:11:31.945103+00:00
560896,1599,-294.134672,600,0.1,-179.49909169999998,-0.00041182848799508064,4.182804196700454,4.576232339441776,0.0003,1892.9547934618356,760.2421383598743,0.028489201090623674,-0.16209358411078614,0.8744574194939904,0.11957427165239702,-0.2995695716094537,0.8378120813093469,0.16893495206334272,0.05656845861246242,False,2026-08-07T17:11:34.590729+00:00
565904,1615,-10.405061,13,0.11,-176.77459405000002,-0.0026770315642352218,11.816811470687389,4.582498599588871,0.0003,2035.2754406348447,704.6201076119091,0.1786619055847172,0.1047397217837984,0.8067935811366771,0.18177774284845247,0.13065561542031237,0.8339662108694915,0.0376788241779095,0.3912621626774001,False,2026-08-07T17:11:37.051303+00:00
570912,1633,-25.31261,20,0.09,-174.51103118,-0.0026770315642352218,11.816811470687389,4.582498599588871,0.0003,5191.971105998392,275.249605751647,0.1789469511600487,0.10459990049258974,0.8065055204886215,0.18393741852057308,0.12794425668859902,0.8303134813430543,0.03371472572524981,0.38868206326392096,False,2026-08-07T17:11:38.015879+00:00
575920,1650,-278.562747,600,0.12,-155.89746651000002,-0.001971941557712853,7.942719481140375,4.594105446338654,0.0003,2047.5093029018285,695.5182074053218,0.26160616009957877,0.03747301577090667,0.8144958298023814,0.17086188020091753,0.016748126661172803,0.8028977828638487,0.09380063995371113,0.27696119954240456,False,2026-08-07T17:11:40.461773+00:00
580928,1673,15.72547,27,0.16,-144.52771968999997,-0.001971941557712853,7.942719481140375,4.594105446338654,0.0003,4968.548274106776,285.61099172476384,0.2544102217288391,0.008697115534736226,0.8011881105510534,0.17086188253737958,0.01674812593581251,0.8028977828638487,0.0839527648713641,0.2769611989092338,False,2026-08-07T17:11:41.469713+00:00
585936,1686,-11.084579,15,0.15,-142.62817086000004,-0.003136148194607813,7.344491112604738,4.596693661808968,0.0003,1953.9611393343773,723.6909534862629,0.2759211829106782,-0.018904049083261418,0.7999502276919066,0.14496505899558845,0.005775515716651515,0.8029032173501808,0.1332940638494427,0.2662004399047046,False,2026-08-07T17:11:44.032718+00:00
590944,1699,-287.912637,600,0.15,-139.49246222,-0.003308493661461398,3.3412767186760903,4.576144315302372,0.0003,1892.2259680046036,744.6552493336102,0.2575834843206028,0.04861375958184688,0.8185616397703879,0.14496506079259316,0.005775517386042596,0.8029032173501808,0.12150395263138637,0.26620044146993643,False,2026-08-07T17:11:46.679330+00:00
595952,1720,18.729392,24,0.15,-135.75796236,-0.003308493661461398,3.3412767186760903,4.576144315302372,0.0003,4371.800132953869,321.1601530949529,0.2449080347267107,0.052987660802376255,0.8165941078118044,0.1604033547383289,0.03981861438451779,0.802898039832091,0.08661435794139132,0.2998188857068499,False,2026-08-07T17:11:47.824880+00:00
600960,1737,-408.451086,600,0.18,-133.05808082,-0.004260133618663531,6.550658650696278,4.548807299137115,0.0003,361.3577553998063,3871.6202408665667,0.2627029858014144,0.029021336757573152,0.8102392209422586,0.16040335243473944,0.03981861522994786,0.802898039832091,0.1031294775971371,0.2998188865491801,False,2026-08-07T17:12:01.683703+00:00
605968,1759,-285.2606,600,0.17,-129.32698377,-0.004260133618663531,6.550658650696278,4.548807299137115,0.0003,4973.91796817651,280.2683938334163,0.07058077907791152,-0.1446964752034749,0.8911656418203909,0.1503252349811453,-0.036411771745296494,0.8028951827581395,0.16086152179246915,0.22379744612539137,False,2026-08-07T17:12:02.690556+00:00
610976,1775,21.841439,21,0.16,-138.83004511999997,-0.005420228319417219,3.330592855066061,4.512041187286377,0.0003,2010.5120965302733,690.8806977073987,0.2590584950659281,0.040953430982808486,0.8143832612047225,0.15032523743603013,-0.03641177149242463,0.8028951827581395,0.13394129988632492,0.22379744627190215,False,2026-08-07T17:12:05.181460+00:00
615984,1788,-35.90939,27,0.17,-136.91869624999998,-0.00494857361773029,3.4257623709738256,4.478967322409153,0.0003,2044.8096899785503,676.8434279155426,0.24199632568314927,0.07447572819258777,0.8253140652225738,0.16340930963076358,0.04697648645524619,0.8028868083803662,0.08622707949138149,0.30699541792764007,False,2026-08-07T17:12:07.630588+00:00
620992,1804,-269.70192,600,0.18,-135.08330099999998,-0.00494857361773029,3.4257623709738256,4.478967322409153,0.0003,5159.504245246174,267.2752912783394,0.23352807409066562,0.08745407783138325,0.830084189942221,0.16340930818869998,0.04697648444014664,0.8028868083803662,0.08540945183164485,0.30699541589665,False,2026-08-07T17:12:08.601229+00:00
626000,1815,15.94461,24,0.19,-141.15294437999998,-0.004436463533784263,4.168952088057995,4.45868234783411,0.0003,1930.816301013976,711.61611763814,0.07414730804310574,-0.14466386533261255,0.9000172430441307,0.07760577808299483,-0.25331307204259795,0.7929056228916312,0.1526090112195845,0.08266512451340154,False,2026-08-07T17:12:11.194957+00:00
631008,1832,-289.417145,600,0.18,-143.85423717,-0.0025670046416053083,4.03595622330904,4.453743520379066,0.0003,1901.7901510344689,719.8438793340811,0.08517579784774226,-0.268280924166444,0.7899801820273615,0.1361307103947369,-0.0063325940207012345,0.8028826289036554,0.2671699906692563,0.2547879428908014,False,2026-08-07T17:12:13.828351+00:00
636016,1841,-220.392188,600,0.17,-145.21719282999996,-0.0025670046416053083,4.03595622330904,4.453743520379066,0.0003,4644.929908797826,293.6500715363902,0.2550396939465186,0.051045329269556655,0.8179173290588084,0.1361307080969215,-0.006332593316624744,0.8028826290197635,0.13288195935246278,0.25478794380704767,False,2026-08-07T17:12:14.906438+00:00
641024,1862,-8.161547,12,0.15,-148.96432334999997,-0.002349741336365696,3.5836029512807728,4.438084731996059,0.0003,1911.6487784421024,710.8920923787565,0.13078216450032054,-0.08589493320246964,0.8790453389549227,0.16555851871076388,0.054469796831172416,0.8028958364413608,0.16343316365612703,0.31451891874622867,False,2026-08-07T17:12:17.526152+00:00
646032,1875,20.377994,23,0.19,-148.88591907,-0.002349741336365696,3.5836029512807728,4.438084731996059,0.0003,4698.663493225269,288.1602400240426,0.24105053806811566,0.06662471784957011,0.8218957499687101,0.1655585211778878,0.054469796749032316,0.8028958364413609,0.07878948810064382,0.31451891870770304,False,2026-08-07T17:12:18.591996+00:00
651040,1894,-8.081429,12,0.17,-143.70680445999997,-0.002935705079289619,3.0186299689114096,4.403995671868325,0.0003,2047.0968441489931,658.9624735417838,0.19024592516337335,-0.1630122505279977,0.8331430823295178,0.1644266125830387,-0.05757973725087418,0.8028829907351117,0.11268684440232456,0.20246865848912382,False,2026-08-07T17:12:21.038387+00:00
656048,1909,-278.823877,600,0.21,-133.25485946999999,-0.0031721289138658903,3.7971700202673673,4.370472101867199,0.0003,2062.2020403014017,651.7072399965109,0.20639389547412665,-0.10269125091549305,0.8436029980133795,0.16442661450715648,-0.057579735712521896,0.8028829907351117,0.07385404842261994,0.20246866006917577,False,2026-08-07T17:12:23.466852+00:00
661056,1926,-226.390096,600,0.18,-137.74457553000002,-0.0031721289138658903,3.7971700202673673,4.370472101867199,0.0003,5317.018863263112,251.82231517950186,0.2820589854262989,-0.02183295590148388,0.8036892841388068,0.1579838085879259,0.07357468265121894,0.8028798790243817,0.15651812079857075,0.33358077572556777,False,2026-08-07T17:12:24.408740+00:00
666064,1934,-21.384497,16,0.19,-137.69881844999998,-0.003444894482527161,3.6713922541588544,4.377180144190788,0.0003,2051.001797512892,650.382657693217,0.23624382935591948,0.08706239769813477,0.8308943145392879,0.15798380751060842,0.07357468486197762,0.8028798790243817,0.08421020136538111,0.33358077794279745,False,2026-08-07T17:12:26.850489+00:00
671072,1962,17.702015,25,0.22,-127.52575488999999,-0.003444894482527161,3.6713922541588544,4.377180144190788,0.0003,4550.583424106373,292.0346417472766,0.22782198091261444,-0.014956026310700626,0.831365509710096,0.14076387332830675,0.05553291317311697,0.8028895365300884,0.11557978081940934,0.31611872431863824,False,2026-08-07T17:12:27.951006+00:00
676080,1975,-12.32243,20,0.19,-129.40172669,-0.00502169741448597,9.32079307064414,4.384172828495503,0.0003,1986.0377861141799,666.6137015400603,0.21684464714826798,0.11371188973637904,0.8412563024890516,0.14076387453661415,0.055532911010991955,0.8028895365300884,0.103175027292776,0.31611872208699326,False,2026-08-07T17:12:30.472604+00:00
681088,2000,-22.681593,21,0.2,-124.90635941999999,-0.004087397243711166,8.875205721706152,4.374314320087433,0.0003,1784.193337409938,739.2203369140625,0.23080838202599108,-0.021556429937633303,0.8282877404881004,0.1724451090950887,0.055433029316393816,0.8029034857395679,0.09988998374498263,0.315678438801426,False,2026-08-07T17:12:33.279480+00:00
686096,2005,-319.251969,600,0.18,-138.93988592,-0.004087397243711166,8.875205721706152,4.374314320087433,0.0003,4685.599596689643,280.4132049456953,0.2166668271484036,0.11377174147900904,0.8409977953354669,0.17244510740061758,0.05543302751066219,0.8029034857395679,0.08252358734640974,0.31567843693029635,False,2026-08-07T17:12:34.348284+00:00
691104,2020,-244.241077,600,0.16,-142.10927916,-0.004181553020316642,2.2062780026346447,4.380873346328736,0.0003,1991.019112104358,657.4000179318193,0.2515782275883523,-0.15720916439369187,0.8516015082570658,0.1694648783774465,-0.010316214747995506,0.8029028483389359,0.17519046849662492,0.2498631156062634,False,2026-08-07T17:12:36.863581+00:00
696112,2031,-10.054142,13,0.15,-142.11128912,-0.004181553020316642,2.2062780026346447,4.380873346328736,0.0003,5388.671652121623,241.9683521608956,0.25099303637075415,0.021881484017584586,0.805610350186954,0.16946488082478706,-0.010316214716460928,0.8029028483389359,0.0876975627754431,0.24986311573048126,False,2026-08-07T17:12:37.792928+00:00
701120,2052,-8.862178,12,0.15,-140.75826327000001,-0.00397645435295999,2.550037856400013,4.3945351734757425,0.0003,2035.1370107901118,638.2273002325917,0.1796082408705466,-0.047388328292737446,0.7998317799227745,0.18011617302176552,-0.08206520975490914,0.8029760670921298,0.034822846592648345,0.17906828305595074,False,2026-08-07T17:12:40.253705+00:00
706128,2063,-265.276633,600,0.15,-146.07570124999998,-0.002381273137871176,3.5323765298351644,4.386637108027935,0.0003,2066.643017388469,626.0742610666317,0.1797400479918176,-0.05952888648302638,0.7995362833949529,0.18758749613264414,-0.08938640697774888,0.8028990933416736,0.03105418591999315,0.17282959256687205,False,2026-08-07T17:12:42.676951+00:00
711136,2090,18.968728,24,0.17,-143.79258122,-0.002381273137871176,3.5323765298351644,4.386637108027935,0.0003,4886.507896317533,263.7597293092039,0.2692398649778626,0.013556321604547637,0.8071468621798689,0.153835158351992,0.018781734360568587,0.8028980329859674,0.115601054490835,0.2788498891619497,False,2026-08-07T17:12:43.701820+00:00
716144,2100,-230.574989,600,0.18,-147.00353474000002,-0.003277515895024408,7.9836844183504585,4.3636662945151325,0.0003,1921.3345431767757,668.2105438427423,0.2511822332994391,0.03254980696602068,0.8091162328799977,0.15383516039555803,0.01878173575824501,0.8028980329859674,0.09851232612043043,0.27884989051410514,False,2026-08-07T17:12:46.308346+00:00
721152,2136,-9.162299,13,0.25,-106.89819480999999,-0.003533595008775592,11.047322546690703,4.3491696700453755,0.0003,1851.4898364542205,690.71294630983,0.18686530715221739,-0.04932597251908572,0.8325717170243764,0.15330388624162283,-0.005010624315147097,0.802903927956394,0.06301108448643553,0.25507728172382615,False,2026-08-07T17:12:49.013188+00:00
726160,2149,-218.355576,600,0.24,-107.51319347,-0.003533595008775592,11.047322546690703,4.3491696700453755,0.0003,4511.779974555412,282.33646303320086,0.24351971963300056,0.046054213472155214,0.8146947794230932,0.15330388833631972,-0.005010625594283253,0.8029039279563941,0.10433378256222765,0.25507728039014227,False,2026-08-07T17:12:50.123174+00:00
731168,2170,-364.008897,600,0.24,-112.97870732000001,-0.004500876243400853,3.713829242065549,4.348819562792778,0.0003,1895.0699244491843,669.5436319421275,0.21170830296193274,-0.025785971056002787,0.83798900256501,0.14200239176991836,0.05700546021975763,0.8029059507485328,0.11377238536901466,0.3175159456013884,False,2026-08-07T17:12:52.765817+00:00
736176,2179,-263.575138,600,0.23,-122.40964315,-0.004500876243400853,3.713829242065549,4.348819562792778,0.0003,5362.08959469843,235.6961736054466,0.21603605881789484,0.11448385798971894,0.8413421355908994,0.14200239266345407,0.057005462526974485,0.8029059507485328,0.10130197418844021,0.31751594785424797,False,2026-08-07T17:12:53.699809+00:00
741184,2199,-261.398002,600,0.23,-128.72899743,-0.003240370903222356,8.635978293418884,4.349091441929341,0.0003,2056.628452514228,612.0774992007417,0.1776387300489846,-0.029676867506852313,0.8005854256043217,0.1712704333980045,0.014938700020705731,0.8029002616307934,0.04512718176299544,0.27516960485862985,False,2026-08-07T17:12:56.134844+00:00
746192,2213,18.532551,22,0.27,-124.05708964999998,-0.004638575307035353,6.578446991741657,4.341480705142021,0.0003,2038.0317827043757,615.205322429395,0.1788073915630184,0.10498126032020913,0.806672767393894,0.13589236597121554,0.09841890535839189,0.8029002616307948,0.04357746807608949,0.3592287429156716,False,2026-08-07T17:12:58.592113+00:00
751200,2240,-9.293603,13,0.26,-133.50069823,-0.004638575307035353,6.578446991741657,4.341480705142021,0.0003,4884.105943683587,255.68650934262016,0.17404015953846522,-0.07825059442386925,0.799435196106254,0.136736838250132,-0.08412967512755636,0.8028800380358911,0.037920552540558615,0.17740221493921488,False,2026-08-07T17:12:59.617485+00:00
756208,2247,-293.794302,600,0.25,-143.46394733000002,-0.002499700046610087,8.688597334176302,4.344868472218513,0.0003,1971.5721452994244,630.8630414389955,0.08994692935774108,-0.0919225067571024,0.8672128666882868,0.158642826793884,-0.07127913790468146,0.802880038035891,0.09635345268620468,0.18872574204149165,False,2026-08-07T17:13:02.157591+00:00
761216,2264,-206.881332,600,0.25,-145.41575960000003,-0.002499700046610087,8.688597334176302,4.344868472218513,0.0003,4293.9523318807605,288.4950517038949,0.17808173164971414,-0.02571648620240012,0.8004044586676153,0.13838660541579886,-0.006140264699597315,0.8028993598842784,0.04433008038718376,0.25477814669284904,False,2026-08-07T17:13:03.323880+00:00
766224,2274,-39.447045,31,0.24,-140.39960096,-0.004163199459435418,7.431607753783465,4.360000552237034,0.0003,1960.5418143679158,629.303588915176,0.17921752002669294,0.10479086224732899,0.8063680323826766,0.13535145559625755,0.006003888693513684,0.802899359884278,0.1081440217554279,0.2671434437550256,False,2026-08-07T17:13:05.878291+00:00
771232,2290,-276.171689,600,0.23,-152.54282384,-0.003773211319639813,10.86945819184184,4.359175665676593,0.0003,1901.841119823262,646.0939282426438,0.17654454208380257,0.09873855882658455,0.8063279134600287,0.18192939226322694,0.1269068476063734,0.8323551585240192,0.038728111106242205,0.387527814446571,True,2026-08-07T17:13:08.511515+00:00
776240,2296,-302.607289,600,0.22,-159.71523234999998,-0.003773211319639813,10.86945819184184,4.359175665676593,0.0003,4514.202102723147,271.09109697631374,0.17892333282957087,0.1046154639063547,0.8065593992766369,0.14368596578771972,0.1269958138218014,0.8028853905207656,0.04190525550236141,0.38733952500084184,False,2026-08-07T17:13:09.620903+00:00
781248,2309,-212.926224,600,0.2,-175.59091032999996,-0.002617969855782576,4.215705186128616,4.333652263879776,0.0003,2000.8453369657366,609.1185447887872,0.21671597936459902,0.11371118175533047,0.8409703403485046,0.1611948915135124,0.11583017909761816,0.8028819207507868,0.06736326189664893,0.37583207857536166,False,2026-08-07T17:13:12.123852+00:00
786256,2321,-350.060422,600,0.17,-185.53537560999996,-0.002617969855782576,4.215705186128616,4.333652263879776,0.0003,5282.612992189154,229.7620518093292,0.21673802911565065,0.11373510535146657,0.8410713570865423,0.16119489023696598,0.11583018122950317,0.8028819207507868,0.0674378429894841,0.3758320807031773,False,2026-08-07T17:13:13.071860+00:00
791264,2332,-304.455264,600,0.16,-201.40871178999996,-0.0005225019616773352,4.372832537069916,4.301871599256993,0.0003,2054.4089711775414,588.3619167157256,0.17858663429855928,0.10449813890644999,0.806806899415484,0.13378986168774604,0.060600290797693274,0.8029041659239878,0.06284109510209086,0.32166988949840014,False,2026-08-07T17:13:15.509550+00:00
796272,2344,-236.784107,600,0.16,-205.73185624,-0.0040955651216791015,7.134483291208744,4.30376496464014,0.0003,2064.0148353058585,583.1973585701597,0.1788338939629376,0.10498307108010937,0.8066915795278007,0.1337898592252803,0.0606002911505633,0.8029041659239878,0.06334935454705236,0.32166989005074226,False,2026-08-07T17:13:17.935888+00:00
801280,2359,20.232901,22,0.17,-204.70375519999993,-0.0040955651216791015,7.134483291208744,4.30376496464014,0.0003,245.00125645950143,4892.7096020756435,0.1788833075829523,0.10468384419634189,0.8065777837476308,0.14364494983891588,0.1269868628410621,0.8028850123232767,0.04186649087224715,0.3873323116877013,False,2026-08-07T17:13:38.376621+00:00
806288,2372,-443.782513,600,0.17,-209.78592149,-0.0038998301948595326,7.798439481854439,4.3185206115245816,0.0003,2088.316270476214,571.6145666612985,0.17906030506873144,0.10459973373823497,0.8064517888777394,0.1436107736582135,0.1269758061190574,0.8028850122272909,0.042072316172172955,0.3873227094576002,False,2026-08-07T17:13:40.774711+00:00
811296,2385,-273.987012,600,0.16,-210.2412375,-0.004135590213991236,7.723236152529717,4.334280961751938,0.0003,1911.0859544368882,622.0044667484661,0.13751087372976786,-0.08323170157189519,0.868634534129293,0.14790660631726496,-0.03307010027172858,0.8028813575779007,0.08335309069030492,0.22725190771795284,False,2026-08-07T17:13:43.395202+00:00
816304,2394,-8.821737,15,0.16,-209.06013511,-0.004135590213991236,7.723236152529717,4.334280961751938,0.0003,4554.835412185665,259.87678870530175,0.25196761262992884,0.0026019066759634113,0.8004325366395441,0.14790660459304183,-0.033070102030442264,0.8028813575779007,0.11003264207857176,0.2272519060534871,False,2026-08-07T17:13:44.494700+00:00
821312,2405,-309.300708,600,0.18,-205.26661507,-0.003967434760124888,4.282708238065243,4.323812820017338,0.0003,1948.5438229709914,604.9071035019506,0.1740161151624896,-0.011105081942449562,0.8013028453933319,0.1479866122148926,0.011964357974119957,0.8028996734443071,0.034817868136742,0.27222956028754597,False,2026-08-07T17:13:47.064821+00:00
826320,2414,-260.608431,600,0.18,-211.66851386000002,-0.003967434760124888,4.282708238065243,4.323812820017338,0.0003,4631.415067468928,253.41714851772443,0.17917439269995403,0.10470817069480576,0.8064204218339326,0.13391508216785875,0.04630032333829226,0.8028844881747643,0.0739755679228247,0.3074090288450421,False,2026-08-07T17:13:48.146139+00:00
831328,2425,-244.280464,600,0.17,-209.60126876999996,-0.004335237480700016,4.5421139623969795,4.300584529340267,0.0003,2007.1799963459039,582.2457388612789,0.22329495447529307,0.10370224914553627,0.83718666503398,0.13948458439366015,0.106634730411424,0.8028824031090229,0.09060662208586694,0.367208262191033,False,2026-08-07T17:13:50.641179+00:00
836336,2443,21.436778,21,0.18,-199.63465894,-0.004290323331952095,10.344316510856151,4.291995073854923,0.0003,2011.3156506709947,578.5586164020502,0.21681885508912196,0.11382444841346505,0.8414401201032796,0.13948458599606148,0.10663472851300855,0.8028824031090229,0.08671204523141005,0.3672082602060586,False,2026-08-07T17:13:53.131091+00:00
841344,2454,-466.254311,600,0.18,-199.85210770999998,-0.004290323331952095,10.344316510856151,4.291995073854923,0.0003,5260.868377571975,220.24044641366783,0.09333924595340577,-0.11245307624847968,0.8451310994362229,0.1655056431793799,-0.08204766002167489,0.8029014841717189,0.08897088641735766,0.17803748877857173,False,2026-08-07T17:13:54.083037+00:00
846352,2476,-258.801375,600,0.17,-187.79277178000004,-0.004039262809965294,8.14118585512042,4.2821279019117355,0.0003,2067.7621549381834,557.9210342180234,0.0954758587462358,-0.13524170293835858,0.8779329555233544,0.16550564088219658,-0.08204765909187708,0.8029014841717189,0.11560059852761498,0.17803748963688662,False,2026-08-07T17:13:56.504973+00:00
851360,2488,-243.193905,600,0.19,-185.71615916000002,-0.004039262809965294,8.14118585512042,4.2821279019117355,0.0003,5453.49369793334,210.624613068736,0.10471492071779027,-0.16821532340257705,0.8712629829891463,0.06257825999259495,-0.1931799776245702,0.7928788084914783,0.09242732793484168,0.11813513794093343,False,2026-08-07T17:13:57.423280+00:00
856368,2505,-202.474434,600,0.21,-173.23648658,-0.0031871358150965534,9.776790296658874,4.269291467964649,0.0003,1916.6074272677204,596.6960076067014,0.1787160519045245,0.10487112269463296,0.8067735464337664,0.14503787592954448,0.12172110048506661,0.8029015054561066,0.03785675619849785,0.38201421925398277,False,2026-08-07T17:14:00.036242+00:00
861376,2513,-212.300036,600,0.2,-165.35870008999999,-0.0037415440106997266,7.821850234270096,4.2560684263706205,0.0003,1941.2394251807573,586.5448564614732,0.17866484531506527,0.10474217621526603,0.8068130447834465,0.1445475845978559,0.12161904499773392,0.802894410653023,0.03826449884938774,0.38193176438565946,False,2026-08-07T17:14:02.616028+00:00
866384,2526,-252.274361,600,0.18,-171.24531474999995,-0.0037415440106997266,7.821850234270096,4.2560684263706205,0.0003,4397.762881756603,257.7710600775271,0.2625241118322409,0.038638786145448245,0.8164190952899876,0.14556924754483647,0.0009426697792508763,0.8028962658535287,0.12362161779214281,0.26134139268004486,False,2026-08-07T17:14:03.754794+00:00
871392,2535,-235.687183,600,0.18,-170.28276716,-0.0026947067817673087,3.994300984591246,4.261844289302826,0.0003,1936.6353624030753,582.7674232900333,0.25516299623667105,0.0016336796755426208,0.7997128349500688,0.14556924771188887,0.0009426722274779815,0.8028962658535287,0.1096421517452279,0.2613413951153124,False,2026-08-07T17:14:06.340721+00:00
876400,2552,-290.919561,600,0.14,-178.30826057000002,-0.0026947067817673087,3.994300984591246,4.261844289302826,0.0003,5197.128817822538,216.19629595226374,0.2276562647589208,0.09534451774560859,0.8311769848730755,0.16939588401485592,0.07438968295460817,0.8029018991351968,0.06806509780383714,0.3345216625315975,False,2026-08-07T17:14:07.304327+00:00
881408,2565,-9.867328,15,0.14,-177.81725869,-0.0030668707680888475,5.136580850183964,4.252505500614643,0.0003,2078.6094999786746,538.1443700759936,0.24548863821333572,0.07172409596913884,0.8250705356033643,0.1693958819718433,0.07438968434520246,0.8029018991351968,0.07930108042565091,0.33452166386425997,False,2026-08-07T17:14:09.713635+00:00
886416,2591,-253.915934,600,0.16,-162.73119258,-0.0035356122578377837,8.197130789607764,4.238921728730202,0.0003,2054.1138441501776,542.1237986255377,0.0676523572725646,-0.1657246858093634,0.8824681894074872,0.09444446181269762,-0.2565137137195531,0.7928874439073779,0.13032718219512757,0.06564817422484873,False,2026-08-07T17:14:12.151665+00:00
891424,2603,-10.589452,14,0.14,-158.61142042,-0.0035356122578377837,8.197130789607764,4.238921728730202,0.0003,5489.071659504723,201.96056250794626,0.07741324873843886,-0.14666192638556266,0.8955286898701676,0.0944444618836252,-0.2565137162024558,0.7928874439073779,0.15130334867399842,0.06564817402216523,False,2026-08-07T17:14:13.064024+00:00
896432,2622,-22.278633,35,0.17,-145.53615906,-0.003707308042794466,8.793564486503602,4.246382087469101,0.0003,1926.983362224985,572.6920230000163,0.08854706681180792,-0.1248766645062098,0.9021115170097537,0.050245423681700964,-0.11746075001764197,0.7928974620589663,0.1159729341396579,0.17989859590431073,False,2026-08-07T17:14:15.662914+00:00
901440,2632,-296.542998,600,0.17,-142.22889586000002,-0.004381789003673475,4.4172888837754725,4.244590094685554,0.0003,1874.3819988577955,586.0918428951178,0.14777570335976825,-0.13712013773582277,0.8358060364518405,0.0502454244707354,-0.11746075236749923,0.7928974620589663,0.10835032297903684,0.1798985935610627,False,2026-08-07T17:14:18.334721+00:00
906448,2645,-25.482379,20,0.17,-138.45161198,-0.004381789003673475,4.4172888837754725,4.244590094685554,0.0003,4283.29614875842,255.3061852417053,0.08086142352249517,-0.1827906746874836,0.8450415747108887,0.04234120686074717,-0.19792055544422085,0.7929076671603942,0.06656323835169535,0.13303175951380763,False,2026-08-07T17:14:19.503917+00:00
911456,2657,-9.501279,12,0.2,-134.69924326,-0.0016078480497526471,3.2296104054898023,4.22524326890707,0.0003,1885.9338146869416,577.19098704463,0.017105009855575046,-0.18206447482172933,0.8384016322453669,0.03508042968426479,-0.20039192160786334,0.7925089453647077,0.052584691050175936,0.1384125068679526,False,2026-08-07T17:14:22.159367+00:00
916464,2672,20.966832,22,0.16,-145.44398885,-0.0016078480497526471,3.2296104054898023,4.22524326890707,0.0003,4430.446441460311,244.5658726082823,0.17865189265832937,0.10470296894663075,0.8068144536594489,0.13834295194795582,0.11527305948691378,0.8028946157627213,0.041855736098637825,0.3758974553079567,False,2026-08-07T17:14:23.289726+00:00
921472,2686,-34.909827,62,0.17,-146.1268782,-0.0047842237858276345,6.399681368470192,4.198415771126747,0.0003,2005.6641963808036,537.7410645043126,0.17894594997243354,0.10454103361262493,0.8066196108107292,0.1383434672746639,0.11529097236701655,0.8028946157627213,0.042166317986676735,0.37591530874635093,False,2026-08-07T17:14:25.786656+00:00
926480,2700,19.545965,22,0.16,-150.77848628,-0.0034780616755597294,6.289615094289184,4.181682705879211,0.0003,1979.9481993469446,542.1960030843655,0.2165771400214877,0.11390778311337825,0.8410983489266157,0.14456342599978145,0.07599866161740844,0.8028902307550636,0.08990515443514674,0.33635307108090146,False,2026-08-07T17:14:28.316013+00:00
931488,2713,-20.622199,11,0.13,-156.80658706,-0.0034780616755597294,6.289615094289184,4.181682705879211,0.0003,5055.801221186488,211.34375210844289,0.21655050028151152,0.11394022891734298,0.8411119280544559,0.14456342416507414,0.07599866328890681,0.8028902307550636,0.08990327955406882,0.3363530728348406,False,2026-08-07T17:14:29.306560+00:00
936496,2726,-205.382286,600,0.12,-162.14643413000002,-0.0032765649382781705,4.0643799226731065,4.173685124516487,0.0003,1995.9676400676374,532.8262736584052,0.21713563311376366,0.11326891292600362,0.8408993532469443,0.15978119684583622,0.09219482531276896,0.8028843301293777,0.0719638138995646,0.3521948932791504,False,2026-08-07T17:14:31.815638+00:00
941504,2738,20.873155,20,0.15,-152.26440002,-0.0032765649382781705,4.0643799226731065,4.173685124516487,0.0003,4467.844382160251,236.91424979493257,0.213836155373998,0.11622967642988351,0.8411943158390076,0.15978119533306515,0.09219482334187133,0.8028843301293777,0.07047884699015179,0.35219489130919296,False,2026-08-07T17:14:32.936523+00:00
946512,2751,-444.566162,600,0.13,-160.11279696,-0.002120419079437852,3.705784948542714,4.167086204886436,0.0003,1875.473671005494,561.7183628257471,0.22428278614407027,0.10429659129216627,0.8374551331143386,0.14062969793971616,0.04681969966411448,0.8028810896955458,0.10722311651725493,0.30743053964088224,False,2026-08-07T17:14:35.606780+00:00
951520,2758,-261.5676,600,0.11,-173.50133085,-0.0011994937391136772,3.0075023414567115,4.153073644638061,0.0003,1910.98059222084,548.6607264710691,0.23996446187647186,0.06719976072022908,0.8219831956856656,0.14062970011629577,0.0468196985104926,0.8028810896955458,0.10318736493816207,0.3074305383524126,False,2026-08-07T17:14:38.227425+00:00
956528,2776,-251.370271,600,0.13,-178.01745906000005,-0.0011994937391136772,3.0075023414567115,4.153073644638061,0.0003,4416.972138372596,236.24147205611766,0.17865953342894345,0.10469695146607415,0.8067753948437555,0.1868243042205103,0.12488698307315299,0.8306296053759601,0.032300529693619684,0.38582059695675663,False,2026-08-07T17:14:39.361238+00:00
961536,2787,-243.027795,600,0.16,-169.95139907,-0.005168591319670668,6.070822694897652,4.13348491191864,0.0003,1916.6114495343531,541.8229136908778,0.17872642910043957,0.10479680490054577,0.8067402417126054,0.18798408799193758,0.12417618236434694,0.8306019144825505,0.03210364381835428,0.38519403977318295,False,2026-08-07T17:14:41.974195+00:00
966544,2807,20.112812,23,0.18,-166.64933871000005,-0.005168591319670668,6.070822694897652,4.13348491191864,0.0003,5265.789021226031,196.2585276079635,0.11524798216616347,-0.14461141136528585,0.8548712044774016,0.14715763342451524,-0.07985743569725771,0.8028839707290588,0.08896052878130864,0.18059975042293597,False,2026-08-07T17:14:42.925230+00:00
971552,2816,-235.019199,600,0.2,-173.44958128,-0.003707688403665088,7.475617061369121,4.1210441663861275,0.0003,2113.5374012788843,486.6003314527079,0.08036001414576219,-0.2667927066753765,0.7891201904236863,0.15387239021974913,0.06472772570743802,0.8028819561848792,0.3398518099410352,0.3247855345373992,False,2026-08-07T17:14:45.294724+00:00
976560,2833,-21.739724,13,0.2,-166.27491403,-0.003530932654393837,4.085845362395048,4.10949404835701,0.0003,1992.442540171692,513.6609861340386,0.21672740936846507,0.11375065416420899,0.8410750801773439,0.15387238853188479,0.06472772642401198,0.8028911843210165,0.088385581354395,0.32478553528568993,False,2026-08-07T17:14:47.808212+00:00
981568,2841,-227.85843,600,0.2,-174.86520442,-0.003530932654393837,4.085845362395048,4.10949404835701,0.0003,5210.994137063173,195.43909918385953,0.14969523225466777,-0.021809418781471294,0.8676596636611447,0.16084529658821803,0.10168585684890598,0.8028917404929913,0.13989385586644248,0.3616868446195539,False,2026-08-07T17:14:48.769259+00:00
986576,2855,20.780731,20,0.21,-166.78223794000002,-0.00398053361204802,4.212303491681814,4.1042192950844765,0.0003,1934.0513773564405,523.9902165294075,0.2165473480472418,0.11392125316895864,0.8410672357371617,0.16084529857763835,0.10168585831949344,0.8028917404929913,0.06862792171830753,0.3616868460947869,False,2026-08-07T17:14:51.358644+00:00
991584,2867,-425.391135,600,0.21,-172.41694889,-0.002887054657912813,3.407202474400401,4.082748575508594,0.0003,2021.4505342557902,498.857618779801,0.1561161861439748,-0.021320668095433558,0.797998033072806,0.1434837323856815,0.04381873848263105,0.802892431648088,0.06653327223811818,0.30426733795970473,False,2026-08-07T17:14:53.836073+00:00
996592,2876,-236.83368,600,0.21,-172.41615486999999,-0.002887054657912813,3.407202474400401,4.082748575508594,0.0003,4554.533198754094,220.3097345463384,0.17900716670261077,0.10472602826760502,0.8066099411839911,0.13392469067077648,0.08327409245677346,0.8028938488948337,0.0500642041492171,0.3442630161789619,False,2026-08-07T17:14:54.935639+00:00
1001600,2888,-333.416038,600,0.19,-181.63091225999997,-0.003410111194534693,3.1009887360036372,4.075648336112499,0.0003,355.2274142796416,2810.5938896203575,0.25975592852149915,0.039385006987906174,0.8139742993578777,0.1820488186476647,0.030627527131749512,0.8028837940497568,0.07898156548438771,0.2914627076153541,False,2026-08-07T17:15:09.033676+00:00
1006608,2898,-412.21029,600,0.18,-187.65915895,-0.003410111194534693,3.1009887360036372,4.075648336112499,0.0003,5200.8064828980605,191.00729920765082,0.23234137260257565,0.0917295986353279,0.8311915037272133,0.18204881916844945,0.030627529541347114,0.8028837940497568,0.08404838014901418,0.29146271005744384,False,2026-08-07T17:15:09.996578+00:00
1011616,2914,-256.137428,600,0.14,-183.41772074999994,-0.0035880530907888898,5.198338798433542,4.073296825587749,0.0003,2060.2077199892897,479.74968271895335,0.2420715039960054,0.0551106740387131,0.8177030713421091,0.14368941387038026,-0.003897235616309605,0.8028906340986733,0.11567358106513637,0.256621630313697,False,2026-08-07T17:15:12.427414+00:00
1016624,2930,-243.063044,353,0.16,-181.42235496,-0.0044422679202398285,9.55212593153119,4.071731345355511,0.0003,2058.5531017105873,477.70251793983266,0.2658467077885934,0.00011405140152146581,0.7996675044426595,0.14368941423858023,-0.0038972331897998143,0.8028906340986733,0.12226562614372091,0.2566216327118983,False,2026-08-07T17:15:14.860181+00:00
1021632,2940,20.712195,21,0.17,-182.48225007999997,-0.0044422679202398285,9.55212593153119,4.071731345355511,0.0003,5142.269213058111,190.25997268201442,0.24900243798674157,0.03905312534239817,0.8114943840407467,0.1564470640247771,0.034148282118014635,0.8028986664165089,0.09308297963521851,0.2941697388023166,False,2026-08-07T17:15:15.834068+00:00
1026640,2957,-237.969969,600,0.18,-180.33012545999998,-0.002709417759615462,4.462567356228829,4.074969744682312,0.0003,1955.3402458702485,497.79571716777815,0.24104073121040887,0.05914420464895351,0.819061977413062,0.1564470626832382,0.03414828005627835,0.8028986664165089,0.08967796620964828,0.2941697367569336,False,2026-08-07T17:15:18.395260+00:00
1031648,2966,-234.732097,537,0.17,-185.31381209,-0.002709417759615462,4.462567356228829,4.074969744682312,0.0003,4573.708061499335,211.72142755490142,0.2521439203954742,0.006289948947778096,0.8011615331047122,0.15017407344235706,0.025351887833867992,0.8028972885723462,0.10375075926846307,0.2855210127522466,False,2026-08-07T17:15:19.490217+00:00
1036656,2977,-232.342984,600,0.17,-185.56429662,-0.0038928102665522603,6.0600611887872216,4.0646601766347885,0.0003,1899.4342800328614,507.17416765971683,0.2427405412325851,0.06698590695346582,0.8216122445799422,0.15017407316705267,0.025351890285477536,0.8028972885723462,0.10320945660356813,0.2855210152118783,False,2026-08-07T17:15:22.126792+00:00
1041664,2989,-236.820791,600,0.18,-180.09751631999995,-0.0030820760744973085,3.4705708503723143,4.030769355595112,0.0003,2014.1306448436233,475.80627525500216,0.2446590063877102,-0.06035778504468774,0.796245346066008,0.16782204376712442,-0.08218784344699989,0.8028941284323395,0.08015408025522155,0.17798412116456747,False,2026-08-07T17:15:24.613227+00:00
1046672,3000,15.220837,26,0.2,-179.57028264999997,-0.0030820760744973085,3.4705708503723143,4.030769355595112,0.0003,4926.0576697308725,193.52757598797734,0.2413373914158486,-0.125339932785109,0.7958549325505124,0.16782204509548163,-0.08218784552062446,0.8028941284323395,0.08553454891766199,0.17798411915132503,False,2026-08-07T17:15:25.629860+00:00
1051680,3012,-273.051878,600,0.23,-186.07272703,-0.0020528311972157097,3.942215879075229,4.008703963458538,0.0003,2035.6722983342047,465.85101186277006,0.16997570998361705,0.07905859563865733,0.8068172994882489,0.18740583693675167,0.10702290940681286,0.8055657416156686,0.03297542368544581,0.36804469283993946,False,2026-08-07T17:15:28.089982+00:00
1056688,3029,-257.994377,600,0.21,-183.85845020999994,-0.0020528311972157097,3.942215879075229,4.008703963458538,0.0003,5045.36959741432,186.96588659895875,0.14856183180434798,-0.0779646687029228,0.801541704268258,0.18191769458995063,-0.07830661258582491,0.8035061607289095,0.03341540957368024,0.1830105799296201,False,2026-08-07T17:15:29.082588+00:00
1061696,3045,-219.036742,600,0.19,-178.23595756000003,-0.00358783355623018,7.699663945287466,4.001338367909193,0.0003,2061.961344030822,455.0541176323693,0.21825471199604513,0.11191938825148154,0.8403805354728285,0.1411699987430479,0.05808868155557565,0.8028837949887053,0.1012215567337864,0.31864553704877346,False,2026-08-07T17:15:31.511334+00:00
1066704,3057,-268.269492,600,0.2,-180.91920156,-0.004810405362513847,8.595795477181673,3.9780370861291887,0.0003,2032.5648964077773,459.171562811818,0.2485314662663654,0.02462770163930334,0.8070774814651811,0.14117000105752678,0.05808868069088959,0.8028837949887053,0.11253314328295615,0.3186455360488269,False,2026-08-07T17:15:33.975219+00:00
1071712,3067,-204.722739,600,0.21,-179.20246907,-0.004810405362513847,8.595795477181673,3.9780370861291887,0.0003,4551.487626303063,203.9526581672815,0.24346371356509033,0.059212346478590264,0.81860270989156,0.18321054483390847,0.024762279323774585,0.8029065881128736,0.0711591154245957,0.28570664170991594,False,2026-08-07T17:15:35.075519+00:00
1076720,3084,18.657101,23,0.24,-164.90601829,0.00040109806432155894,3.600507407449186,3.971340838819742,0.0003,1858.7579427883322,496.71879202032244,0.24201446331839346,0.05340897701698727,0.8172849409930818,0.18321054549467328,0.024762276950771968,0.8029065881128736,0.0669721674104275,0.28570663939843693,False,2026-08-07T17:15:37.769795+00:00
1081728,3093,-258.495898,600,0.23,-166.60746532000005,-0.003455718643090222,6.751879669725895,3.9849135406315326,0.0003,1962.267466243841,467.96474782194196,0.17906982395308274,0.10461280720307069,0.8065281217028257,0.1818361793429751,0.04893946443238755,0.8029041535797347,0.05585970786141244,0.30971020553425266,False,2026-08-07T17:15:40.321940+00:00
1086736,3105,-492.271371,600,0.2,-170.69204984999996,-0.003455718643090222,6.751879669725895,3.9849135406315326,0.0003,4406.786244665667,207.24036730973486,0.17875436516936166,0.104860751124593,0.8067335921666439,0.18183617928042523,0.048939466911314504,0.8029041535797348,0.056136905919086155,0.3097102080026005,False,2026-08-07T17:15:41.458376+00:00
1091744,3119,20.901544,21,0.23,-161.81824156000002,-0.006007808960566763,8.799099019914866,3.986467979848385,0.0003,2009.9703392393048,451.8753248586441,0.17508954736771312,0.06158946582309461,0.80409711743941,0.1352714041492482,0.06394082185839903,0.8029110052283185,0.0399051408561384,0.32488330138535104,False,2026-08-07T17:15:43.949956+00:00
1096752,3134,18.00517,24,0.22,-161.13263806999998,-0.006007808960566763,8.799099019914866,3.986467979848385,0.0003,5089.292953492434,177.48005631708872,0.17870326375391088,0.10485788094318588,0.806804589240619,0.13451367747016132,0.06602187678276868,0.8029009104076698,0.05895925256910662,0.32701653899620087,False,2026-08-07T17:15:44.933981+00:00
1101760,3145,-251.569114,600,0.24,-168.57805644,-0.0034303844848182054,3.388151607848704,3.9829855658113957,0.0003,2027.6360291835688,442.99863835112353,0.21667073399401565,0.11381541706342707,0.8410947625112936,0.15336519876086993,0.10625917150036851,0.8028864501655305,0.07432740255434522,0.3663192614313628,False,2026-08-07T17:15:47.403849+00:00
1106768,3161,-268.786508,600,0.26,-158.24553709999998,-0.003730659682332771,5.136141960322857,3.989677703380585,0.0003,2120.390985589165,421.25815760898894,0.21811415622320546,0.11209242629914122,0.840450776775364,0.15336519664059534,0.10625917279596704,0.8028864501655305,0.07508350848963449,0.36631926276515137,False,2026-08-07T17:15:49.765680+00:00
1111776,3173,-190.828277,600,0.26,-151.66004009999997,-0.003730659682332771,5.136141960322857,3.989677703380585,0.0003,4670.728573706193,190.16819024771547,0.24435095248370314,-0.10943651655802279,0.7952762279741936,0.16298877077702073,-0.08048093336958102,0.8028971298241537,0.08669664673365807,0.17954394457796227,False,2026-08-07T17:15:50.837896+00:00
1116784,3187,19.238347,22,0.23,-160.82745203000002,-0.0036310188748757354,6.830121751129627,3.9954840086400507,0.0003,2163.6405264863993,408.20829023492223,0.24952575195597546,-0.014277364383104112,0.7989935085544793,0.1629887691505015,-0.08048093151086655,0.8028971298241537,0.10902660204065838,0.1795439464093434,False,2026-08-07T17:15:53.152513+00:00
1121792,3196,-221.874141,600,0.24,-158.81018878999998,-0.0036310188748757354,6.830121751129627,3.9954840086400507,0.0003,4695.279440672488,187.04062475868687,0.24841986761684132,0.011433026163052203,0.804062527407022,0.17750126424074536,-0.023835147410685,0.8028890496127504,0.07921281097257508,0.2368124402318368,False,2026-08-07T17:15:54.219116+00:00
1126800,3217,-116.896759,264,0.25,-150.61720029,-0.0009474219565163367,2.6720403145998715,3.9714394725859163,0.0003,2069.3610757762763,421.96599241262805,0.24877521758788002,-0.004232360112602626,0.8009311335405679,0.17750126626564988,-0.0238351488034435,0.8028890496127504,0.07394645966432133,0.23681243899253446,False,2026-08-07T17:15:56.639183+00:00
1131808,3234,-252.647657,600,0.25,-154.16301319000002,-0.0033303255710052325,6.768293917551636,3.9658507138490675,0.0003,2202.002355992649,394.2738742477977,0.042124484487758074,-0.14085170482506104,0.838455312518918,0.08653492386616539,-0.27640046076794894,0.7929067303704808,0.14973451739388857,0.07527345165960671,False,2026-08-07T17:15:58.913481+00:00
1136816,3250,-9.545646,11,0.27,-140.8997593,-0.0033303255710052325,6.768293917551636,3.9658507138490675,0.0003,4959.731850054886,174.03844120936654,0.08216025259787817,-0.26856019500085776,0.7669245500790869,0.18083584389195814,-0.0537659682823103,0.8027691220081238,0.23907794855576076,0.20728388318734067,False,2026-08-07T17:15:59.923209+00:00
1141824,3259,-225.448833,600,0.23,-151.0813447,-0.0034214904306281825,3.9946905355900526,3.9536383874714374,0.0003,2130.7087482097495,402.7655120490077,0.2168459118661257,0.11368762471731754,0.8412060838142772,0.13851946988444006,0.0917943556605877,0.8028902598743622,0.08990244216758125,0.35244954511063503,False,2026-08-07T17:16:02.273611+00:00
1146832,3273,-14.419149,20,0.25,-145.85369919000001,-0.0034214904306281825,3.9946905355900526,3.9536383874714374,0.0003,5195.721153151656,164.20588689261731,0.21647565436128077,0.11396365192017574,0.8410126050662843,0.1385194701611507,0.09179435319290448,0.8028902598743622,0.08956538206269016,0.35244954263067463,False,2026-08-07T17:16:03.237473+00:00
1151840,3294,-275.847337,600,0.3,-131.65504205,-0.005702854150149506,3.32345398068428,3.9225950062274935,0.0003,2004.3849577286683,423.1522476406524,0.1792645082991841,0.1049267843790353,0.806362148839176,0.18199967162767655,0.032954156298148296,0.8028886945133552,0.07210828798589505,0.2937790381291448,False,2026-08-07T17:16:05.736003+00:00
1156848,3304,-20.406914,10,0.29,-134.98862271,-0.0025331009877845646,1.5313586577773095,3.8890713676810265,0.0003,1938.7857615635169,434.8866268339249,0.1792070590501158,0.10476038625574292,0.8063747574302904,0.18199966928670275,0.03295415546792485,0.8028886945133552,0.07194502127699813,0.29377903712594844,False,2026-08-07T17:16:08.319057+00:00
1161856,3321,-196.597958,600,0.29,-136.48671960000001,-0.0025331009877845646,1.5313586577773095,3.8890713676810265,0.0003,4342.960197494924,192.9891046396079,0.2589795848654843,0.001463699084048184,0.7992843063417466,0.13953256714527404,-0.014998057866968856,0.8029020815915859,0.12063029379855181,0.2458553791492467,False,2026-08-07T17:16:09.472188+00:00
1166864,3333,-239.827458,600,0.29,-137.05196908,-0.004138037518714555,3.2086733408272265,3.8421219535171987,0.0003,1902.1363103811811,438.0001556423906,0.24549816190764862,0.0340154841924321,0.8107816489390259,0.13953256773692418,-0.014998055472348696,0.8029020815915859,0.11701761320420337,0.24585538148629962,False,2026-08-07T17:16:12.105022+00:00
1171872,3347,-315.287668,600,0.28,-144.85998385000002,-0.0029148874600650743,2.971612120978534,3.8318000860512256,0.0003,1917.2806049110688,431.92842919224745,0.2403384936217248,0.07928479171172717,0.8267704542308939,0.1498126232193548,0.02230159018300674,0.8029045650683536,0.10959744127527847,0.2824853455765894,False,2026-08-07T17:16:14.717051+00:00
1176880,3357,-9.978694,15,0.29,-139.59500871999998,-0.0029148874600650743,2.971612120978534,3.8318000860512256,0.0003,5257.115835087576,156.57254392346636,0.24647046577019197,0.04037433632403628,0.8120549676243088,0.14981262531293288,0.02230159149739709,0.8029045650683536,0.09875774447791828,0.2824853468146232,False,2026-08-07T17:16:15.669669+00:00
1181888,3374,-271.536073,600,0.29,-143.02819252999998,-0.004433449164207559,3.272200113721192,3.8141025722026827,0.0003,2068.5548895323714,395.4992947685071,0.21618435688758494,0.11425241979181802,0.8410541868033712,0.1482745110681552,0.11280726548199199,0.8028814358562887,0.07791658709842157,0.3729916142312737,False,2026-08-07T17:16:18.090679+00:00
1186896,3383,-191.371469,600,0.25,-148.18357712,-0.004433449164207559,3.272200113721192,3.8141025722026827,0.0003,5386.7632097045,150.94481942981196,0.03246494032974806,-0.2102996124195513,0.8271198057872522,-0.08040703345064783,-0.3588081593619637,0.7647584759190886,0.19668199318431515,0.2599203610513038,False,2026-08-07T17:16:19.020367+00:00
1191904,3401,19.746681,21,0.24,-141.89643772,-0.0013674013665877283,1.9975695404224099,3.7736844681203365,0.0003,2146.611506491829,376.45190923282513,0.17068445516070818,-0.07829858039903682,0.79993481944917,0.1389969809894446,-0.08494247787822656,0.8028810371996579,0.03251026902536751,0.17631296849345188,False,2026-08-07T17:16:21.353347+00:00
1196912,3411,-110.73105,259,0.23,-145.33695458,-0.005919431258371332,4.966296891868114,3.7436243437230585,0.0003,2022.1367042359498,397.1482236179681,0.2374426127931249,0.08187082513642972,0.8276276897739138,0.1774158439346742,0.04104489431361273,0.802901217331902,0.07669007788860872,0.30154823828411137,False,2026-08-07T17:16:23.829936+00:00
1201920,3431,-321.820586,600,0.27,-141.4368335,-0.005919431258371332,4.966296891868114,3.7436243437230585,0.0003,242.26275904506807,3294.274378554128,0.23259039184223085,0.0874359082632233,0.83031381686399,0.17741584145958705,0.041044894332802936,0.802901217331902,0.07712203184905066,0.3015482381603215,False,2026-08-07T17:16:44.501710+00:00
1206928,3438,-219.601813,600,0.26,-146.74978513999997,-0.003399108748999424,6.211385051906109,3.7196548163890837,0.0003,1928.9938486390333,411.13246709393997,0.21679331124374673,0.11357670324587525,0.8408503398541838,0.15204757539274844,0.08817527323007396,0.8028973819041901,0.07923174852853421,0.3482660792353609,False,2026-08-07T17:16:47.097880+00:00
1211936,3457,15.600588,24,0.27,-138.71321278000002,-0.003399108748999424,6.211385051906109,3.7196548163890837,0.0003,4464.7892792722705,176.50642632981078,0.21660185234950002,0.11388051303204565,0.841091472139537,0.15204757786892717,0.08817527342988447,0.8028973819041901,0.0792893575810996,0.34826607937857745,False,2026-08-07T17:16:48.219563+00:00
1216944,3467,19.359743,22,0.26,-142.53875075,-0.005613311255729059,3.0368971904739737,3.710480843484402,0.0003,1890.9621719781915,414.1045292200753,0.2153620146303015,0.11509351216995553,0.8412795252548524,0.14796285987734129,0.09771917411038065,0.8029039296220725,0.079480815449972,0.35792163984389846,False,2026-08-07T17:16:50.867936+00:00
1221952,3480,-235.976023,600,0.25,-150.53648714000002,-0.002680933334340807,3.235324583761394,3.7153829231858255,0.0003,1867.8411214014175,416.54934731078225,0.2158671697968412,0.11464195954356089,0.841245258325541,0.1479628596145036,0.0977191765770786,0.8029039296220725,0.07979619922914376,0.35792164231804047,False,2026-08-07T17:16:53.549104+00:00
1226960,3489,-269.182637,600,0.25,-151.68247083,-0.002680933334340807,3.235324583761394,3.7153829231858255,0.0003,5237.4665742103125,147.59807801094297,-0.07928369656125106,-0.16783515130414836,0.8973969775055554,0.058321282441453376,-0.2939101113460911,0.7928891892325924,0.21389694622789412,0.1071842211141873,False,2026-08-07T17:16:54.505293+00:00
1231968,3502,-273.095521,600,0.25,-157.241601,-0.004241253236250487,3.421759238280356,3.7001569285988807,0.0003,2061.9564861480308,372.4773074308523,0.03222396224581023,-0.16280443134290712,0.8764481146394665,0.05832356153059753,-0.2941843036859507,0.7928878794509131,0.15787391438887952,0.10726912304253955,False,2026-08-07T17:16:56.934068+00:00
1236976,3519,-196.397285,600,0.2,-160.49743915,-0.004241253236250487,3.421759238280356,3.7001569285988807,0.0003,4878.328900622952,156.41093816010715,0.015457315122105998,-0.16373836397621633,0.8595065034047761,0.2526431669054285,-0.2813497321420716,0.7928954798199022,0.2729955872739506,0.09507138074523418,False,2026-08-07T17:16:57.960656+00:00
1241984,3533,18.226566,22,0.19,-159.44031381000002,-0.0032583200358203613,3.9609448347240686,3.7057289965450764,0.0003,2020.4347840975176,375.17469307408925,0.058421649712355285,-0.15033472254236385,0.879691882667517,0.25264316938569825,-0.2813497322521036,0.7928954798199022,0.24984104350716954,0.09507138318686485,False,2026-08-07T17:17:00.439317+00:00
1246992,3544,-8.187882,13,0.18,-156.27023722,-0.004541629605228081,5.227275208011269,3.7318201884627342,0.0003,1989.7477374455461,378.44395338613003,0.17805823589270411,-0.034242310718458305,0.8004230125413262,0.13924072370945764,-0.049014952061275485,0.8029016761061092,0.04160737864138262,0.21200386318605838,False,2026-08-07T17:17:02.956217+00:00
1252000,3563,-272.948646,600,0.19,-152.17479323999999,-0.004541629605228081,5.227275208011269,3.7318201884627342,0.0003,4416.340640471198,169.37099306728132,0.17767488205408224,-0.030143559342388354,0.8005696602043684,0.13924072125331496,-0.04901495243478996,0.8029016761061092,0.042880677371902036,0.21200386305484276,False,2026-08-07T17:17:04.090191+00:00
1257008,3578,-58.31743,155,0.19,-146.99852657,-0.004599805033649318,8.14771428629756,3.74345645532012,0.0003,1906.761242657452,389.6617905682268,0.2178836921509522,0.11238231989184015,0.840579980197382,0.15437254196798914,0.07352925915530145,0.8028905251708768,0.08344891578897246,0.33357673029842216,False,2026-08-07T17:17:06.716642+00:00
1262016,3591,-19.43541,64,0.22,-135.93042912,-0.0010668475239071994,4.408577201887965,3.7341798052191733,0.0003,1870.0995802907782,394.62283601242893,0.21668891235466228,0.11369531941566687,0.8408841298516487,0.15437254283546958,0.07352925682617732,0.8028905251708768,0.08330760163775054,0.33357672795499504,False,2026-08-07T17:17:09.394564+00:00
1267024,3611,16.097378,24,0.23,-128.99892024,-0.0010668475239071994,4.408577201887965,3.7341798052191733,0.0003,4409.62914992812,166.22168782877083,0.1786539368579646,0.10467577559654845,0.8067789571255465,0.1880927802288822,0.12359233312347319,0.8305867156172145,0.031839241153767475,0.3846196593156646,False,2026-08-07T17:17:10.530268+00:00
1272032,3625,16.349751,25,0.26,-122.40630919000002,-0.00046163086808519437,4.433308396488428,3.712919779866934,0.0003,2066.9539594894204,352.19362127438137,0.17875855321179956,0.10460225039946758,0.8067201170282261,0.1881026263280992,0.12357593232897525,0.8305647393050775,0.031872846121590644,0.3846040216489934,False,2026-08-07T17:17:12.953156+00:00
1277040,3638,-220.948164,600,0.26,-128.31963829000003,-0.00046163086808519437,4.433308396488428,3.712919779866934,0.0003,4929.697073359172,146.65404166657322,0.015899944827901205,-0.1626385991245691,0.8710961374055474,0.046271676229952305,-0.2055958211819529,0.7929076264632918,0.09424016255616781,0.12607119536361525,False,2026-08-07T17:17:13.969047+00:00
1282048,3652,-20.295145,10,0.28,-127.80720693,-0.0033051649414119312,3.118567196279764,3.7036722138524056,0.0003,2045.341514540569,351.01815266350206,0.08507608722209618,-0.22784454096142653,0.8207499922925019,0.16470950355408223,0.028240956885658666,0.8028842095590966,0.2687758348456389,0.28827942807298274,False,2026-08-07T17:17:16.417530+00:00
1287056,3663,-225.161309,600,0.25,-139.2327453,-0.0029570598620921374,3.277783461473882,3.712026605755091,0.0003,2036.1204285599072,350.1482476182639,0.23006140339713893,0.09044611033340247,0.8321743679785416,0.1647095035505076,0.028240959351518498,0.8028842095590254,0.09485918512449636,0.2882794305384552,False,2026-08-07T17:17:18.877112+00:00
1292064,3676,-246.625676,600,0.24,-143.73417684999998,-0.0029570598620921374,3.277783461473882,3.712026605755091,0.0003,4630.810606580027,152.87517891448147,0.2375821451105286,0.0878045138737642,0.8904743256346461,0.1534982752164862,0.04223012287559243,0.8028907735922785,0.12968423527773382,0.30230004895559687,False,2026-08-07T17:17:19.958576+00:00
1297072,3685,20.033503,21,0.24,-148.72570876,-0.004990968522906769,2.886701738834381,3.7299288772046566,0.0003,2152.3634754690866,326.5842447204712,0.21976751856936955,0.10910603156007725,0.8394801144592196,0.15349827287387818,0.04223012369825301,0.8028907735922785,0.10100881071703503,0.3023000498284509,False,2026-08-07T17:17:22.285310+00:00
1302080,3702,-240.787638,600,0.24,-156.14438681,-0.004990968522906769,2.886701738834381,3.7299288772046566,0.0003,4610.733924389061,151.36852645264645,0.2166754584545323,0.11380422760613851,0.8410871750219906,0.16681880319736242,0.09165662191572108,0.8029054396087714,0.06658864340422903,0.35172272575740793,False,2026-08-07T17:17:23.371476+00:00
1307088,3709,-227.205151,600,0.22,-163.0691407,-0.0039508585003204645,2.687832715641707,3.7294792376458643,0.0003,2191.9649904620383,316.11453787587317,0.2161831866629607,0.11432735043315051,0.8411953917739263,0.1668188043103551,0.091656619694797,0.8029054396087714,0.06645994819494688,0.35172272355847867,False,2026-08-07T17:17:25.656186+00:00
1312096,3732,-213.981615,600,0.23,-149.78085805999999,-0.0031595529457263184,2.848120556771755,3.713792220503092,0.0003,2205.783072478488,311.863849434228,0.2351954521876084,0.07633551803788939,0.8260374945727116,0.182228647492727,0.014923277114995847,0.8029014938657058,0.0843339804792339,0.27582045078094686,False,2026-08-07T17:17:27.926583+00:00
1317104,3740,-8.846608,12,0.21,-150.50112699,-0.0031595529457263184,2.848120556771755,3.713792220503092,0.0003,5119.486622966562,133.3915000258924,0.24232187021263613,0.047377544150199555,0.8156358727783825,0.18222864748098982,0.014923279583064759,0.8029014938657058,0.06947401754008801,0.27582045324004184,False,2026-08-07T17:17:28.904807+00:00
1322112,3758,-197.320998,600,0.21,-154.64866082999998,0.0005926553669269197,0.7994182730093599,3.7231273122131823,0.0003,2180.046211211428,310.9512066825891,0.2505563806478845,0.013341340902668593,0.8039175392828691,0.17523019017855368,-0.017175682911803023,0.8028796535575549,0.08127976943799572,0.24330147484596995,False,2026-08-07T17:17:31.202011+00:00
1327120,3764,-238.961642,600,0.21,-154.85291494,-0.004577912473178003,1.394788200687617,3.73265375867486,0.0003,2288.3376282317004,294.0475180316657,0.2477571559656273,0.0452842602791006,0.8133627461147754,0.17523018903967807,-0.017175685084065563,0.8028796535575549,0.09628759492172753,0.24330147260667626,False,2026-08-07T17:17:33.390486+00:00
1332128,3778,-269.355288,600,0.21,-151.60330271,-0.004577912473178003,1.394788200687617,3.73265375867486,0.0003,4500.425494279091,148.40196795813955,0.23396065977028468,0.08461039344620479,0.8291961244576085,0.15173664704440407,0.04448038016325295,0.8028800494372464,0.09520368710986456,0.3045924899048363,False,2026-08-07T17:17:34.503274+00:00
1337136,3787,-33.031379,85,0.19,-153.54366963,-0.0045769110132823695,2.053135938756168,3.7362154379487036,0.0003,2027.2867126279873,326.9710178984621,0.22319494120782457,0.10329072277107028,0.8370392010840135,0.15173664486981464,0.0444803813584674,0.8028800494372464,0.09864984548302438,0.3045924911586057,False,2026-08-07T17:17:36.973575+00:00
1342144,3800,-237.497173,600,0.16,-155.39564093,-0.0045769110132823695,2.053135938756168,3.7362154379487036,0.0003,4296.009977424808,153.1318603674063,0.14287252111549756,-0.16399980476638681,0.8222794801196455,0.23009812426732718,-0.10665448523963128,0.7928859048568984,0.10844710131466372,0.168607810978377,False,2026-08-07T17:17:38.139302+00:00
1347152,3812,-224.171337,600,0.19,-153.02977143,-0.0049421389834606085,2.8655103070661427,3.736187282949686,0.0003,1858.9796925441683,351.18619241425023,0.14656556219468783,-0.07794824133586901,0.8017042716010038,0.2300981224049981,-0.10665448685958948,0.7928859048568984,0.08876655191788616,0.16860780873079964,False,2026-08-07T17:17:40.833255+00:00
1352160,3828,14.50046,29,0.17,-159.25398769,-0.005450772058975417,6.280470060184598,3.716743528097868,0.0003,1946.933882619165,332.7488446235657,0.2180712035770404,0.11215342651592014,0.8404886266473938,0.15370629464473995,0.06100623417114304,0.8028983078016707,0.09039861092704954,0.32106792599672357,False,2026-08-07T17:17:43.405512+00:00
1357168,3841,-212.944966,600,0.18,-155.72808558,-0.005450772058975417,6.280470060184598,3.716743528097868,0.0003,4909.58711979467,130.934024453544,0.21836153766488575,0.11178814392381001,0.8403288617380092,0.15370629530998214,0.06100623177789014,0.8028983078016707,0.09033354489417757,0.3210679235908902,False,2026-08-07T17:17:44.425556+00:00
1362176,3853,-302.183254,600,0.17,-152.19059479999999,-0.005337637207412626,3.2806079894304276,3.6969474963843822,0.0003,2077.3623033608746,307.03551275966265,0.17895970295712585,0.10479139577043096,0.8066101265319054,0.13382499863813663,0.054884383312763386,0.8028987492033923,0.0673915851430056,0.31597041879035587,False,2026-08-07T17:17:46.836305+00:00
1367184,3868,20.112579,21,0.19,-151.01553209999997,-0.005337637207412626,3.2806079894304276,3.6969474963843822,0.0003,5084.194355196703,124.46731100143336,0.17913998079366106,0.10456595161142139,0.806392825865123,0.1338249961632892,0.054884383092904145,0.8028987492033923,0.06733434973495335,0.31597041877626875,False,2026-08-07T17:17:47.821327+00:00
1372192,3877,-206.724688,600,0.18,-155.73384539000003,-0.002182192622422008,2.148781117238104,3.6847798310220243,0.0003,2028.1938152715452,309.5404370493782,0.2488893848260787,0.06340747077119041,0.8218865704587042,0.15990172178428022,-0.015510466378332546,0.802907041234911,0.12044528843891546,0.24448955337426617,False,2026-08-07T17:17:50.290511+00:00
1377200,3889,-244.81974,600,0.17,-158.47647107,-0.004181598065770231,1.5325315775349737,3.6816059961915015,0.0003,1833.7227829536407,339.6369428299486,0.25207560367384196,0.024168220000010662,0.8061747409804059,0.1599017232652254,-0.01551046834257806,0.802907041234911,0.10040468315669815,0.24448955140942555,False,2026-08-07T17:17:53.021568+00:00
1382208,3900,-222.622429,600,0.18,-158.31504494,-0.004181598065770231,1.5325315775349737,3.6816059961915015,0.0003,4342.307492991452,142.2727434658014,0.24696497739016707,0.07053275407516624,0.8262525687657806,0.16975473351878773,0.007020817447910881,0.8028857931398886,0.10267031730725852,0.2671989367055436,False,2026-08-07T17:17:54.174876+00:00
1387216,3916,19.898407,21,0.18,-157.81933954000002,-0.003142398180352757,1.4514299458824098,3.689149649441242,0.0003,1861.8368958657618,329.12872301580046,0.24399507625680572,0.038131584223570575,0.8125604298604949,0.169754731252299,0.007020816468090595,0.8028857931398886,0.08107470192605892,0.26719893564363295,False,2026-08-07T17:17:56.864692+00:00
1392224,3926,-224.061957,600,0.18,-157.324466,-0.003142398180352757,1.4514299458824098,3.689149649441242,0.0003,4358.576557228499,139.44369039291772,0.23131369799073262,0.08789418466416575,0.8311621030894024,0.1523614717885707,0.03325913637223853,0.8029057734956019,0.10008427791742343,0.29335859997454994,False,2026-08-07T17:17:58.013694+00:00
1397232,3940,-223.068736,600,0.17,-162.62719248,-0.0036719507923407948,3.1216326957568525,3.6795280657708647,0.0003,1954.9162299259992,308.33443948788386,0.21635891754297998,0.11414494321842446,0.8411599638503405,0.15236146936653472,0.03325913582475574,0.8029057734956019,0.11000713745261737,0.29335859949031823,False,2026-08-07T17:18:00.575453+00:00
1402240,3956,-179.785683,600,0.19,-152.45665207,-0.004970342926390004,4.176983265951276,3.6659196481108665,0.0003,365.35171473536604,1636.122059624035,0.23014368735024962,0.09435675436884966,0.8334459800898291,0.14187731815180307,0.03502840182311759,0.8028994940043573,0.11065212677322141,0.2955844878874294,False,2026-08-07T17:18:14.282780+00:00
1407248,3967,-218.426694,600,0.19,-155.21517144,-0.004970342926390004,4.176983265951276,3.6659196481108665,0.0003,5308.543814348965,111.65999956481373,0.2172623386093982,0.11322061942600198,0.841080361534946,0.14187732059469088,0.03502840227393031,0.8028994940043573,0.11512906848238998,0.2955844881876173,False,2026-08-07T17:18:15.226166+00:00
1412256,3980,-266.56879,600,0.19,-153.82418883,-0.0025865536634228194,1.7529186833649875,3.6505826145410536,0.0003,2019.8628048270366,290.9821392796672,0.21685658994754825,0.11372123504611757,0.8412968497401102,0.13703099497740467,0.12142299879608769,0.8028969032692026,0.08891568290333451,0.3821139610146799,False,2026-08-07T17:18:17.705548+00:00
1417264,3992,-233.111784,600,0.21,-153.48100176000003,-0.0047494605161773505,2.5647758577018975,3.6455792866647245,0.0003,1939.7038595676004,300.42524126848093,0.09981733676239661,-0.14655923185947956,0.873872293442547,0.10199119615583563,-0.15093275701477235,0.8828862942035782,0.010252102060860156,0.12353414433195962,False,2026-08-07T17:18:20.287384+00:00
1422272,4009,-350.419659,600,0.25,-145.4427427,-0.0047494605161773505,2.5647758577018975,3.6455792866647245,0.0003,4391.519897873743,131.55536430102947,0.21689247573987425,0.11357352853557362,0.8410656482082954,0.18309666472144673,0.06776505435993486,0.8028815161461998,0.06854634264516953,0.32857782454211054,False,2026-08-07T17:18:21.427760+00:00
1427280,4023,-175.77491,488,0.27,-147.08710999000002,-0.006282015444594435,4.029396456480026,3.6481036670506,0.0003,1922.4571516433953,297.9104109084644,0.21634577959612172,0.11416091853082497,0.8411636117633606,0.18309666597665195,0.06776505221573544,0.8028815161461998,0.06872844252890874,0.3285778224914469,False,2026-08-07T17:18:24.032766+00:00
1432288,4034,-24.357275,69,0.26,-148.63957783,-0.006282015444594435,4.029396456480026,3.6481036670506,0.0003,4379.399202349627,129.63239334185664,0.21674224071762918,0.11366873715736747,0.8409380183220805,0.16222882481144468,0.053075457187162244,0.8028819930305768,0.08995287184018022,0.3130833907331891,False,2026-08-07T17:18:25.176299+00:00
1437296,4051,-225.914675,600,0.23,-150.91578503999997,-0.004043377459311159,3.3986771306023003,3.635566735267639,0.0003,1969.2723751393862,285.74208784103394,0.08517007828258855,-0.2686328112814988,0.7900366843656719,0.1499420357198503,0.054793037359047315,0.802883355275974,0.3300980505737492,0.31495367757052045,False,2026-08-07T17:18:27.719387+00:00
1442304,4063,-309.41357,600,0.26,-150.44519256,-0.005814777314662933,4.085769750736654,3.640654193609953,0.0003,2048.9866971924444,272.18136689914303,0.21608110470223607,0.11442930044359487,0.841213127975734,0.14994203567874517,0.054793039804220546,0.8028833553034294,0.09695375963546762,0.3149536800157592,False,2026-08-07T17:18:30.163507+00:00
1447312,4077,-240.367708,600,0.25,-147.96990197000002,-0.005814777314662933,4.085769750736654,3.640654193609953,0.0003,5191.473219458279,106.4607244680484,0.18403163665691996,-0.0026795633923711887,0.879516773926383,0.1686381286702854,0.06382112677973617,0.8028911139914117,0.10261965524192272,0.32393632000104955,False,2026-08-07T17:18:31.128167+00:00
1452320,4084,-218.58097,600,0.23,-155.59135487,-0.004424138762260554,1.8278130900114775,3.6228529326617718,0.0003,2018.8948309939674,271.27713221711474,0.2135543250490094,0.11642042164363793,0.8412561265318454,0.16863812659848743,0.0638211254117567,0.8028911139914117,0.07909503798951935,0.32393631857830973,False,2026-08-07T17:18:33.608733+00:00
1457328,4100,-492.168561,600,0.19,-155.76153886000003,-0.004424138762260554,1.8278130900114775,3.6228529326617718,0.0003,4975.549761835336,109.06774647548175,0.24418138132653805,0.037689497972895926,0.8123400761140668,0.16619170992069524,0.04441948871977553,0.8029047743296492,0.07884609401363808,0.30448245004294017,False,2026-08-07T17:18:34.615257+00:00
1462336,4107,-232.095604,600,0.16,-161.71153780999998,-0.004416992078768089,1.735932980850339,3.611123797297478,0.0003,1878.6151862044935,286.20230686321804,0.23863925177170245,0.054764629585955196,0.8194034956313622,0.16619171016061712,0.044419491187517264,0.8029047743296492,0.0750191707403139,0.3044824525150505,False,2026-08-07T17:18:37.281050+00:00
1467344,4123,-20.189527,10,0.14,-164.01848561,-0.006708723491465207,4.043480554223061,3.61961881890893,0.0003,1960.5987259933681,271.68027446826045,0.08387678372637414,-0.03217531398414467,0.8063226388431641,0.1730109612162272,-0.01199191372002515,0.8028809447109616,0.09145554385336038,0.2483491412749914,False,2026-08-07T17:18:39.835372+00:00
1472352,4137,18.754413,22,0.13,-164.20861354000002,-0.006708723491465207,4.043480554223061,3.61961881890893,0.0003,4404.561107013995,119.79581783069209,0.07340872280755059,-0.13529153102681707,0.8166200681956196,0.17504532090294683,-0.12394201957893086,0.8365644734393325,0.10419495565062757,0.1368873102859892,False,2026-08-07T17:18:40.972386+00:00
1477360,4149,-197.445309,600,0.12,-170.00668582999995,-0.004709277171059512,7.674962029606104,3.6167034670710563,0.0003,1982.7136331680338,263.5983287031277,-0.0402390711857603,-0.23551505316294263,0.8143859177111681,0.25500405856930564,-0.27864132736084174,0.7928935467582995,0.2991492991850972,0.09681565075138483,False,2026-08-07T17:18:43.498211+00:00
1482368,4158,15.500515,24,0.11,-174.40247773999997,-0.004709277171059512,7.674962029606104,3.6167034670710563,0.0003,5030.5663437264475,102.8973607803686,-0.0610285036179402,-0.22608805013319422,0.8269462151871805,0.25500406096940553,-0.2786413279956604,0.7928935467582995,0.3221769903653452,0.09681565322880549,False,2026-08-07T17:18:44.493725+00:00
1487376,4171,-43.200501,85,0.1,-182.16902981999996,-0.006036637643410359,6.485676892474293,3.612021441012621,0.0003,2081.125917530043,246.3205112588291,0.2359004034069983,0.07271559034440371,0.825026315262833,0.16813365682334538,0.03429634586039165,0.8028974663639497,0.08098182662082239,0.2944087219497738,False,2026-08-07T17:18:46.900115+00:00
1492384,4180,-184.661271,600,0.09,-182.88054229000002,-0.003981179824040737,6.2909389697015285,3.61736898124218,0.0003,2061.4991380598894,246.2363387053005,0.23984315427151587,0.05226692657956247,0.8181312934107136,0.1681336551477293,0.034296347687637105,0.8028974663639497,0.07548021897680197,0.2944087237300294,False,2026-08-07T17:18:49.329417+00:00
1497392,4204,18.962207,23,0.2,-158.71111749999997,-0.003981179824040737,6.2909389697015285,3.61736898124218,0.0003,5126.873982835956,98.03400701531967,0.24541340806428563,-0.055066827853166085,0.796208299403581,0.1406489841394624,-0.039639476961187685,0.8029052521213704,0.10610578142376885,0.22120854849841068,False,2026-08-07T17:18:50.306229+00:00
1502400,4215,-16.004529,21,0.22,-149.05358409000002,-0.005406926243449561,13.594552394747733,3.6197441793978213,0.0003,1917.2226804494455,259.542099660197,0.24893108380344234,-0.07099106698169748,0.7957761254600777,0.140648982507001,-0.03963947881459998,0.8029052521213704,0.11295468112798523,0.22120854679490912,False,2026-08-07T17:18:52.918347+00:00
1507408,4231,16.426108,25,0.25,-144.41487293999998,-0.00408097584368079,10.710349207371474,3.610133846849203,0.0003,1922.9766962233073,256.1611905996792,0.17529130731620587,0.05108713659686476,0.8035657526089736,0.18239535089965425,-0.0017752482995146504,0.802884933393619,0.05334194116239577,0.2591940858366486,False,2026-08-07T17:18:55.522639+00:00
1512416,4242,-228.257229,600,0.25,-156.38733947,-0.00408097584368079,10.710349207371474,3.610133846849203,0.0003,4643.641192499634,105.00036066256393,0.17899598470384032,0.10416346588499217,0.8063934359066071,0.1823953531871695,-0.0017752492697255306,0.8028849333936191,0.10605129261164858,0.2591940850677161,False,2026-08-07T17:18:56.601115+00:00
1517424,4256,-566.884104,600,0.28,-156.44478454000003,-0.004241854756401153,6.72856850810349,3.6090436324477198,0.0003,1925.4573742097793,250.62928240520122,0.17684546876551668,-0.0034309298817057944,0.8011913342755321,0.1859909834001065,-0.040805097002549674,0.8029241527922389,0.03851585992704961,0.22073046169064722,False,2026-08-07T17:18:59.202049+00:00
1522432,4268,-199.956635,600,0.3,-146.37052556999998,-0.004241854756401153,6.72856850810349,3.6090436324477198,0.0003,4533.231877927545,105.34824003274449,0.23666940016562366,0.06575663390430254,0.82289232069411,0.15739493964524334,0.0250006651734235,0.8029014769000021,0.0913516442850929,0.2850125707556524,False,2026-08-07T17:19:00.306780+00:00
1527440,4284,-240.323773,600,0.32,-140.83473883,-0.0035196945907955525,6.327323609218001,3.614881771802902,0.0003,2150.9423082555136,219.69905849462882,0.25362947264884045,0.0025391584338283688,0.7997854848167528,0.15739493773890686,0.025000663599871666,0.8029014769000021,0.09887018929039373,0.28501256919959056,False,2026-08-07T17:19:02.635067+00:00
1532448,4297,-24.758317,72,0.29,-150.97787817,-0.0033278823320870288,6.851921633630991,3.613014619797468,0.0003,2124.507365556482,220.07549024313784,0.2175846373335144,0.11273583332365182,0.8407106449653287,0.15980721998607372,0.08279073900096662,0.8028963655170633,0.07526525333463213,0.34279079320915634,False,2026-08-07T17:19:04.992319+00:00
1537456,4310,-264.511865,600,0.23,-159.92758521000002,-0.0033278823320870288,6.851921633630991,3.613014619797468,0.0003,5099.648411260605,90.70115480483912,0.2175240309188961,0.11281691797966623,0.8407489185546339,0.1598072202357534,0.08279073652859498,0.8028963655170633,0.07527029679381157,0.3427907907366447,False,2026-08-07T17:19:05.974349+00:00
1542464,4323,-159.57614,482,0.25,-153.27287070999998,-0.0041386648721527305,3.2293434178456666,3.6150169909000396,0.0003,2241.157800316482,204.15162195869908,0.19146753988791337,0.09609849458752721,0.836025445629508,0.14629629931076496,0.08774729309350639,0.8028824530689419,0.05664487176737267,0.3480171996704203,False,2026-08-07T17:19:08.208911+00:00
1547472,4338,-201.781623,600,0.25,-147.09167826,-0.0041386648721527305,3.2293434178456666,3.6150169909000396,0.0003,4737.756238173977,95.51525600954368,0.2169282127348163,0.11352058871241412,0.8410014285518882,0.1462963000216184,0.0877472954751879,0.8028824530689419,0.08429819707257279,0.3480172020222637,False,2026-08-07T17:19:09.265946+00:00
1552480,4345,-240.450725,600,0.23,-149.98888694000004,-0.004352313379058614,8.531187762320041,3.6101336389780045,0.0003,2231.4178086375587,200.5541043312024,0.23594854665234397,0.07461535606364993,0.8253375783260325,0.1590339373178511,0.06597952046391968,0.802904408560642,0.08058338470991433,0.3259809519573082,False,2026-08-07T17:19:11.510263+00:00
1557488,4362,18.394382,21,0.26,-139.39221978,-0.005583856435259804,8.119820845872164,3.580718806385994,0.0003,2211.335370428682,200.11075928036016,0.24511404446381369,0.043489378534634415,0.8132589873899706,0.15903393655998418,0.06597952281797013,0.802904408560642,0.08957013380225,0.3259809543135943,False,2026-08-07T17:19:13.774956+00:00
1562496,4374,-174.635724,528,0.24,-139.95441011,-0.005583856435259804,8.119820845872164,3.580718806385994,0.0003,4638.014144733792,94.33002710799438,0.08994083875158251,-0.13750037367431553,0.887703870485439,0.17033565296385264,-0.07329540973239129,0.8028951921273826,0.1333345996800886,0.18699045363115424,False,2026-08-07T17:19:14.854731+00:00
1567504,4391,-43.517659,112,0.27,-136.04189596000003,-0.0057486232850351374,7.566526058316231,3.564178690314293,0.0003,2310.283240711523,187.2047515121131,0.10742577424572075,-0.07680410901349974,0.8495794516892459,0.18386642955889024,-0.06830773740016091,0.8028951921273828,0.08997100758654501,0.19317228062156108,False,2026-08-07T17:19:17.022439+00:00
1572512,4404,17.716915,24,0.29,-130.27106056,-0.0057486232850351374,7.566526058316231,3.564178690314293,0.0003,4955.837505730277,86.25948681846594,0.0964792432444862,-0.12233570372869138,0.8804771477816977,0.03664329483827308,-0.129343818334822,0.7929056515285068,0.10629309172296332,0.17968838169364545,False,2026-08-07T17:19:18.032965+00:00
1577520,4416,-251.120841,600,0.28,-138.58318504000002,-0.004439273664320354,7.57632464542985,3.5519075222313403,0.0003,2232.880408922348,189.20852111551326,0.2434838932859889,0.045846789603828764,0.8146590990816217,0.15531502562505034,0.02170044861813908,0.8028992164347206,0.09216881168528855,0.2817394039472554,False,2026-08-07T17:19:20.275801+00:00
1582528,4431,21.553139,20,0.26,-142.529506,-0.004670763312606141,5.639773254096508,3.5333933658897876,0.0003,2315.450734922892,180.29837288414708,0.2486585293636856,0.054411672775558514,0.8165586616855537,0.15531502599404157,0.021700446172681912,0.8028992164347206,0.09984795647254878,0.2817394014960005,False,2026-08-07T17:19:22.438682+00:00
1587536,4442,-201.158782,600,0.27,-140.28930585,-0.004670763312606141,5.639773254096508,3.5333933658897876,0.0003,4434.195012693511,93.0189129750188,0.2392593367269626,0.0639255573279334,0.8216278781252015,0.17851737274886606,0.021098092246592533,0.8029033950117878,0.07664453157971785,0.2817073491377076,False,2026-08-07T17:19:23.568072+00:00
1592544,4454,-246.226475,600,0.27,-140.17340690999998,-0.00539106214637286,7.551346534490586,3.50499597042799,0.0003,1851.1096600350675,220.11445826082564,0.24818185123580555,0.024867578542490658,0.8072835840166273,0.17851737027971074,0.021098092304920817,0.8029033950117878,0.06990375518593721,0.2817073490336056,False,2026-08-07T17:19:26.273481+00:00
1597552,4470,18.419504,23,0.25,-141.94747897000002,-0.005432083104824415,6.152781054377556,3.49488857537508,0.0003,1814.8776438971252,221.74938423717364,0.21390460172276338,0.11618507331537138,0.8412013203437113,0.17814110139749653,0.11392850154129114,0.8028817725090323,0.05246434806553107,0.3743682997060911,False,2026-08-07T17:19:29.032896+00:00
1602560,4485,-36.415349,98,0.2,-143.32506645,-0.005432083104824415,6.152781054377556,3.49488857537508,0.0003,312.7993361321118,1270.590931919817,0.10827960748735171,-0.18378016167506436,0.8537894251278417,0.17111106766816048,-0.013692950775438051,0.8028767507629944,0.18833361917365551,0.24655753552150303,False,2026-08-07T17:19:45.043155+00:00
1607568,4506,-8.897082,15,0.17,-139.76847983000002,-0.005549306190368952,8.672354755550623,3.494762236624956,0.0003,2004.8433361505713,195.7419779011236,0.14128124933218814,-0.07709703603258791,0.8261365491773632,0.13630368045871336,-0.08785164801333177,0.8079310658091451,0.02172274143419775,0.17377160484822765,False,2026-08-07T17:19:47.541104+00:00
1612576,4519,-221.973985,600,0.2,-132.77786447999998,-0.005549306190368952,8.672354755550623,3.494762236624956,0.0003,4567.37003089623,84.8243075072194,0.12123013114000683,-0.10111349543379025,0.8738701516355875,0.17796781799903122,-0.08544535511335347,0.8028977766939261,0.09220484659752631,0.1754769686743807,False,2026-08-07T17:19:48.637588+00:00
1617584,4530,-80.540186,172,0.18,-138.53174095000003,-0.004477976595808286,7.159089198708534,3.4830328211188317,0.0003,1888.226929463535,202.52650464457065,0.04902880037027642,-0.12798423737124764,0.8057583301444373,0.18418895142215783,-0.0860098125692115,0.8028977766939255,0.1415567078448507,0.17566357247051656,False,2026-08-07T17:19:51.289806+00:00
1622592,4548,-215.853064,600,0.2,-128.79553204,-0.005363510608731303,8.186071337759495,3.478442995995283,0.0003,1876.4009918582083,201.13398023002065,0.09866630729549897,-0.10878343553075434,0.8592325211476044,0.1525529488965329,-0.12003468750673911,0.8331948487323032,0.06089598672221281,0.14016328788764132,False,2026-08-07T17:19:53.958744+00:00
1627600,4560,-136.955914,322,0.19,-129.52762332,-0.005363510608731303,8.186071337759495,3.478442995995283,0.0003,4508.122625651803,82.60644860922719,0.14184155099118334,-0.0649781850261479,0.8123866629996966,0.15663970563443622,-0.0906406442284705,0.8008321394527407,0.03179707860092902,0.16939268864260565,False,2026-08-07T17:19:55.069633+00:00
1632608,4576,-92.680383,303,0.21,-126.23224576000003,-0.005956976416928228,9.56826302409172,3.4677638158202173,0.0003,1911.321931442886,192.21879577484376,0.0861788132245985,-0.1235394207836576,0.9024551968175485,0.059601999393692685,-0.10787992999774372,0.792891214105171,0.11382360472623809,0.18226429771964514,False,2026-08-07T17:19:57.689806+00:00
1637616,4588,-32.328565,92,0.23,-124.50601567000001,-0.005956976416928228,9.56826302409172,3.4677638158202173,0.0003,5331.970649769588,67.96436511061061,0.19424000586592305,0.022260964078172202,0.8739511534490537,0.14326194307606352,0.08335617838293972,0.802905141754589,0.10667203885949843,0.34376391285783053,False,2026-08-07T17:19:58.629047+00:00
1642624,4606,8.570407,65,0.24,-132.746724,-0.004448436568054603,8.40839912816882,3.4513311170041563,0.0003,2042.5165184595483,174.9684748055455,0.21664721609984994,0.11380092609181951,0.841018470852871,0.1432619439028892,0.08335618071914948,0.802905141754589,0.08811870715791666,0.3437639151510107,False,2026-08-07T17:20:01.080994+00:00
1647632,4623,-263.381633,600,0.23,-132.30460749,-0.0038851301345857792,8.327895819395781,3.4452966317534446,0.0003,2033.051800969725,173.31973530233097,0.14158170879390578,-0.0612007791977989,0.8022838262902847,0.1839831402496098,-0.06608079342439009,0.8028986668345001,0.04268575824838197,0.195396647092898,False,2026-08-07T17:20:03.544217+00:00
1652640,4636,-182.457053,600,0.26,-129.18966551000003,-0.0038851301345857792,8.327895819395781,3.4452966317534446,0.0003,5129.683565704774,67.71567788748695,0.10417085815166177,-0.0924478910964674,0.8904912834557452,0.17628690055763563,-0.08532187229043417,0.8028989745944207,0.11368340374910416,0.1754357757981356,False,2026-08-07T17:20:04.520497+00:00
1657648,4648,16.816069,24,0.26,-136.75968375,-0.003608917233941611,10.972848176956177,3.44322876483202,0.0003,2130.706803001664,160.67532122097074,0.2148796468812758,0.11548609658248782,0.8412798438428415,0.17820385993032153,0.08117855443737472,0.802905352390449,0.06320381626721792,0.34166385018661166,False,2026-08-07T17:20:06.870902+00:00
1662656,4664,18.157485,20,0.28,-132.48133434000002,-0.003608917233941611,10.972848176956177,3.44322876483202,0.0003,4281.625041047807,78.78877686997191,0.2140402222095681,0.11607914204994998,0.8412072647468926,0.1782038613688018,0.08117855241451377,0.802905352390449,0.06300263808263433,0.3416638482432663,False,2026-08-07T17:20:08.040565+00:00
1667664,4682,-64.529792,175,0.24,-132.22620451999998,-0.0038167036924278363,7.441008240729571,3.430609457194805,0.0003,1828.7521330940278,181.72829110401506,0.2359703904332971,0.07768762220661571,0.8255479399608884,0.18065438351566548,0.040713971384543156,0.802897904832146,0.07028467519849031,0.30142245461192174,False,2026-08-07T17:20:10.779022+00:00
1672672,4697,-117.162495,390,0.26,-125.76760304999999,-0.004164615912304726,6.402623961865902,3.4036648884415626,0.0003,1888.0509255102056,173.36820505069088,0.24404232157854588,-0.006985634460019444,0.8039291504208749,0.1806543812520394,0.04071397238401135,0.802897904832146,0.07933692040516906,0.30142245545393026,False,2026-08-07T17:20:13.431502+00:00
1677680,4710,-45.993857,94,0.23,-135.65170495,-0.004164615912304726,6.402623961865902,3.4036648884415626,0.0003,4952.123224326497,65.087233374294,0.21659290303196255,0.11387013391783204,0.8410524203576153,0.1450673248900645,0.1186849492267379,0.8028896832478672,0.08121259310414475,0.378979254784211,False,2026-08-07T17:20:14.442783+00:00
1682688,4721,-234.960326,600,0.22,-139.26734348000002,-0.002392049445188604,8.021078733354807,3.384200382977724,0.0003,2001.9910645083935,158.4982099197924,0.21651392636252703,0.11385974411770072,0.8408744069765451,0.14506732244571724,0.11868494966754285,0.8028896832478672,0.08106009534035667,0.3789792553209867,False,2026-08-07T17:20:16.944290+00:00
1687696,4735,18.226057,22,0.21,-138.45534635,-0.0028767629089998083,4.462131414562464,3.3536935970187187,0.0003,2034.9059419527337,153.4734326345852,0.1909827920178259,0.09398597965179463,0.8344853211183341,0.15395897319714957,0.10388074180704385,0.8028979359357419,0.04966318939464785,0.3639308839091254,False,2026-08-07T17:20:19.405337+00:00
1692704,4751,-20.422778,11,0.21,-128.74115554000002,-0.0028767629089998083,4.462131414562464,3.3536935970187187,0.0003,4895.826694176119,62.76692767036609,0.21667097501814503,0.11380725023298113,0.841084368209868,0.1539589732000238,0.10388073932167229,0.8028979359357419,0.07409139221754976,0.3639308814240485,False,2026-08-07T17:20:20.428270+00:00
1697712,4767,-81.474146,219,0.2,-130.26301546000002,-0.006434845449985005,5.344695836305618,3.3403587751090527,0.0003,1945.517589852631,155.37664710751739,0.24826124042046005,0.05858638528690159,0.8182608491692543,0.17060480386600502,0.028783779412403038,0.8028868432102191,0.08458769127051079,0.2889784301928916,False,2026-08-07T17:20:23.002381+00:00
1702720,4781,-182.705114,600,0.17,-134.14765539,-0.006434845449985005,5.344695836305618,3.3403587751090527,0.0003,4313.534291089939,68.91796377139352,0.251570414023548,0.006854098861834891,0.801510228945379,0.17060480166984066,0.02878378054076732,0.8028868432102191,0.08389419758948932,0.2889784312399019,False,2026-08-07T17:20:24.163374+00:00
1707728,4792,19.902535,21,0.19,-130.36999702,-0.004375227776472456,8.877160946279764,3.3226415179669857,0.0003,1875.665761385443,155.82307147522704,0.21620875067604955,0.1142364159977699,0.8410582384051537,0.14461284076581765,0.12149074666524783,0.8029050790902397,0.08145098645821526,0.3818009356464523,False,2026-08-07T17:20:26.833367+00:00
1712736,4809,-208.061804,600,0.18,-127.28778249000001,-0.006898307819210458,4.763170360028743,3.2983089186251164,0.0003,1861.1517845640046,154.3474328007561,0.21686681768053795,0.11361513179621796,0.8411028910245527,0.1446128429846198,0.12149074778301099,0.8029050790902397,0.08210806917166522,0.3818009366738862,False,2026-08-07T17:20:29.524166+00:00
1717744,4824,-195.044547,600,0.18,-125.41375217,-0.006898307819210458,4.763170360028743,3.2983089186251164,0.0003,4455.733107517593,63.34670259396489,0.13499509525976705,-0.028390534277870427,0.8352428188443264,0.1426744801502057,-0.022851807797758278,0.8028798957524037,0.03371956752941377,0.23778023194297923,False,2026-08-07T17:20:30.648114+00:00
1722752,4840,-240.714867,600,0.14,-124.40063002000001,-0.00497403754707193,8.180960510671138,3.280393175780773,0.0003,2130.1516993236373,130.1541106617108,0.07395509119126076,-0.16282392183864908,0.8532462002871403,0.040259728904355786,-0.19964120454476664,0.7929076663641317,0.07830471519318628,0.13409294057057988,False,2026-08-07T17:20:32.999118+00:00
1727760,4859,-262.435002,600,0.16,-119.42689042,-0.00497403754707193,8.180960510671138,3.280393175780773,0.0003,5234.515541010995,52.00863343839066,0.2086490956041205,0.11737812475646897,0.8424031936537917,0.1453991897450037,0.10238676036363199,0.8029009895798958,0.07606389238161348,0.36268077940104687,False,2026-08-07T17:20:33.955850+00:00
1732768,4872,-19.287386,10,0.16,-123.77720657999998,-0.00598017857701052,10.442823477089405,3.2450091198086737,0.0003,2044.5388067274773,130.70527158529995,0.21675877051654552,0.11370785951959383,0.8410564819988691,0.14539919150287617,0.10238675861191487,0.8029009895798958,0.08170800722392083,0.3626807775799814,False,2026-08-07T17:20:36.405310+00:00
1737776,4888,-121.796413,317,0.15,-131.03589847,-0.003582614420884056,8.455915316194297,3.222299139946699,0.0003,2134.3741989266287,122.85755709185005,0.22602151367778772,0.1019677631633684,0.836496251411956,0.16902057845125323,0.04202064325701379,0.8028789956755733,0.08929100562213306,0.3021553239461049,False,2026-08-07T17:20:38.751654+00:00
1742784,4898,-20.076931,10,0.15,-129.30922018,-0.003582614420884056,8.455915316194297,3.222299139946699,0.0003,4346.7150357110195,59.174801634523426,0.21936268178923513,0.1104851620775324,0.8396991130573185,0.1690205807401339,0.04202064229290714,0.8028789956755733,0.09261446243099808,0.30215532305076054,False,2026-08-07T17:20:39.903805+00:00
1747792,4919,-49.337559,102,0.18,-124.75999305,-0.003298864788666833,5.584696839004755,3.206897836178541,0.0003,1889.6796626027378,133.46600748860416,0.08368615408424687,-0.2697065299651685,0.7587401474236066,0.1593523988095207,0.09052788382996427,0.802086268589582,0.37063877251750577,0.35052848205190806,False,2026-08-07T17:20:42.553990+00:00
1752800,4932,4.41313,83,0.21,-121.31741698,-0.003298864788666833,5.584696839004755,3.206897836178541,0.0003,4352.064603844389,56.80062740374678,0.21591737645078274,0.11459091030215056,0.8412376172503842,0.1593524057340116,0.0905279217914476,0.8028815962200726,0.07245555656768568,0.3505285200005337,False,2026-08-07T17:20:43.704704+00:00
1757808,4952,19.317579,21,0.26,-118.27953353000001,-0.00556299803283764,9.137186854332686,3.194020790606737,0.0003,1853.1862146019969,130.68951090380025,0.08265181951902337,-0.2673309156190959,0.7899169780934296,0.15440401319615202,0.04096988858284048,0.802880658630201,0.3168056504895397,0.30102190767762443,False,2026-08-07T17:20:46.407072+00:00
1762816,4964,-233.190022,600,0.23,-119.49813384,-0.005064253894670401,9.889107548445462,3.176718509197235,0.0003,2016.0409714125346,117.64840266803584,0.21587937271689311,0.11462653717111698,0.8412411329542332,0.16515969776122671,0.07978367180167469,0.8028809719242371,0.07251215518110576,0.33982284517674116,False,2026-08-07T17:20:48.891156+00:00
1767824,4984,15.665152,24,0.23,-117.14901320999999,-0.005064253894670401,9.889107548445462,3.176718509197235,0.0003,4578.917528984631,50.70543387827401,0.08265181951902337,-0.2673309156190959,0.7899169780934296,0.15770232636266718,0.04796013580306589,0.8028844973843773,0.3243596495264804,0.30796870709211105,False,2026-08-07T17:20:49.984866+00:00
1772832,4998,-183.600756,600,0.23,-112.16438391,-0.004237569865654223,7.589487773180008,3.1556988418102265,0.0003,2273.7703343139574,99.90806748234807,0.15151978663076004,-0.11054025587548406,0.8367844705334364,0.0643531826286797,-0.14802329896191055,0.7928845566343984,0.10454758635481426,0.14726539053231877,False,2026-08-07T17:20:52.187366+00:00
1777840,5019,-70.977531,127,0.21,-110.07223448,-0.005608944830601104,9.95959350913763,3.1406060107052327,0.0003,2259.502049895179,98.32254855015789,0.21680209148424634,0.11376034781746737,0.8412753741571454,0.15867935977041897,0.06942533762744757,0.8028823315050945,0.08257039902113174,0.32942798478813823,False,2026-08-07T17:20:54.403783+00:00
1782848,5035,-232.451016,600,0.17,-108.27892362,-0.005608944830601104,9.95959350913763,3.1406060107052327,0.0003,4578.558218542823,47.4280307544306,0.1308848496865097,-0.25647562549467756,0.8410743047587821,0.12483331291494845,-0.2553184701212408,0.8519819535481747,0.012527446187015557,0.03547693056823894,True,2026-08-07T17:20:55.497578+00:00
1787856,5053,-229.741527,439,0.13,-109.37408706000002,-0.0032785796385724096,7.309009398519993,3.1297814793884755,0.0003,2088.032493070152,101.59995148737973,0.14112368696974897,-0.07770809992021445,0.8136752147400106,0.18518761702872064,-0.08420969269861839,0.8029069845278526,0.045824179455830664,0.17758560806748863,False,2026-08-07T17:20:57.896024+00:00
1792864,5068,-47.159324,137,0.13,-107.67861546,-0.0032785796385724096,7.309009398519993,3.1297814793884755,0.0003,4586.783566161907,45.15931414948485,0.16141867906005197,0.0029007140729424546,0.8515321009805195,0.16999408492545812,0.02346393271302307,0.8028952076828628,0.053497018012631674,0.2836400586705456,False,2026-08-07T17:20:58.987844+00:00
1797872,5089,11.619586,28,0.15,-106.56160122000001,-0.003571462597756181,5.602746763080359,3.121904016286135,0.0003,2129.1071001441055,94.93557181145057,0.14158639054201913,-0.013394308062480917,0.8362169789542236,0.14366806708008373,0.0011510729178750671,0.8029045500952162,0.036409056587053464,0.26166125987439937,False,2026-08-07T17:21:01.340010+00:00
1802880,5105,-223.943904,600,0.19,-105.18181822999999,-0.005589774127292913,6.487955314666033,3.114424663037062,0.0003,588.5989098362978,334.8969845269054,0.031453583565411315,-0.1624130960376794,0.8640571810373209,0.07876274949924214,-0.17869967287934435,0.7929012948939435,0.08698603278356525,0.11493143198815763,False,2026-08-07T17:21:09.848349+00:00
1807888,5125,-226.381701,600,0.21,-107.82284420999999,-0.005589774127292913,6.487955314666033,3.114424663037062,0.0003,4442.925986255215,43.239973070522474,0.17224090596174518,0.004798015053060484,0.8629365315520315,0.13831274084551626,0.08477189457812492,0.8028775773535652,0.10561259287536258,0.34545332029179204,False,2026-08-07T17:21:10.975537+00:00
1812896,5142,-280.523193,600,0.25,-103.42860720999997,-0.004881476044829469,9.17379850447178,3.098140599578619,0.0003,1900.1779522785184,98.46656718421667,0.2168431887094301,0.1137106196469308,0.8412538317086408,0.13866547259649475,0.0879077487242713,0.8028775773535638,0.09083105384620228,0.34856127679637855,False,2026-08-07T17:21:13.611072+00:00
1817904,5164,-19.664879,11,0.25,-103.22572995,-0.004881476044829469,9.17379850447178,3.098140599578619,0.0003,4417.299102348279,41.2233801200367,0.216892730968675,0.11357624062689471,0.8410711783868556,0.17929997517842394,0.10335722330866677,0.8029022067213822,0.054539105244360286,0.36386942819158646,False,2026-08-07T17:21:14.744798+00:00
1822912,5187,18.462456,20,0.27,-96.55825317,-0.0040805539858411064,12.407921056449414,3.083924575895071,0.0003,2098.857950736516,84.37350414202997,0.21658168566287594,0.11388619327199016,0.8410628237187451,0.17929997656302646,0.10335722537098242,0.8029022067213822,0.05437846713622653,0.36386943032443975,False,2026-08-07T17:21:17.130876+00:00
1827920,5203,-224.741446,600,0.27,-92.59469191999999,-0.004927502598729916,12.736620403826237,3.0779131464660168,0.0003,2067.489430249965,83.23138076657304,0.12198881970536224,-0.05390889166303933,0.8509953017980278,0.1820698033339875,-0.042992887462154995,0.8028890230376243,0.07773736423156186,0.21812648420403657,False,2026-08-07T17:21:19.553122+00:00
1832928,5222,19.514191,21,0.29,-96.18682206,-0.004927502598729916,12.736620403826237,3.0779131464660168,0.0003,5159.778004316463,32.37968762614094,0.13699338217079834,-0.11636834925098495,0.8383081988703854,0.05400978991730437,-0.1493298811453612,0.7928970072582513,0.10017442533776817,0.15323772329512678,False,2026-08-07T17:21:20.523725+00:00
1837936,5235,-223.216658,600,0.25,-98.59030134999998,-0.005645537636155495,8.722412298619748,3.0674265898764133,0.0003,2036.2088544768712,79.59104963308705,0.21633930758398054,0.11416300760708849,0.841156260408618,0.14360012114695758,0.0921632743723591,0.8029031465977905,0.08507807133535271,0.35254493024727496,False,2026-08-07T17:21:22.983179+00:00
1842944,5253,-73.768702,199,0.24,-99.0246099,-0.005645537636155495,8.722412298619748,3.0674265898764133,0.0003,4691.484228471903,33.47682574458016,0.2180843773749882,0.1122021146338908,0.840637921111601,0.14360012182004905,0.09216327198176977,0.8029031465977905,0.08586834543659304,0.3525449278279624,False,2026-08-07T17:21:24.050649+00:00
1847952,5276,-76.792652,207,0.25,-98.95894535,-0.0066848460672190415,8.764330277591943,3.0585176102817058,0.0003,1878.6744978331146,80.93365837209903,0.13364238184049582,-0.014934304377980247,0.8408329335159002,0.1461952389087372,0.01780448396203527,0.8028800350724524,0.05167034916474526,0.27814726807610307,False,2026-08-07T17:21:26.716356+00:00
1852960,5293,20.496808,21,0.21,-104.43965619999999,-0.005726637138286606,10.725023159384728,3.0582990154623984,0.0003,1868.3149435046867,78.70193433456909,0.15045755037016964,-0.06083969364282412,0.8019703872181444,0.13062253360632897,-0.08661897217514661,0.8108576313724816,0.0337191666612285,0.1758522571402308,False,2026-08-07T17:21:29.396851+00:00
1857968,5311,-78.64001,217,0.2,-102.40684015,-0.005726637138286606,10.725023159384728,3.0582990154623984,0.0003,4327.931476961908,32.817525128586986,0.08676433055193745,-0.0934014031346192,0.895853163218392,0.050592957238387956,-0.08306840240568372,0.7928959800594888,0.10961441837399079,0.20802569849208122,False,2026-08-07T17:21:30.553983+00:00
1862976,5330,16.200801,24,0.22,-96.97949063999998,-0.0026173664125963116,10.390020179748536,3.047606009989977,0.0003,1900.0160405832219,72.11728589298626,0.12393285801421489,-0.13180166915720778,0.8546534790604371,0.06282090590868558,-0.16682231266469041,0.7928862486720362,0.09368194549474564,0.1346323057277311,False,2026-08-07T17:21:33.189753+00:00
1867984,5351,-50.274529,110,0.2,-95.21138257000001,-0.004329008063359651,13.80038940757513,3.0348999217152595,0.0003,2031.9976272001338,64.96857980188851,0.14888238334170928,-0.07704570888608896,0.8156375280431027,0.17997657335779635,-0.06760123142750485,0.8018563490439131,0.03529826768879653,0.19343306240488456,False,2026-08-07T17:21:35.654324+00:00
1872992,5370,22.494495,19,0.26,-91.99918601999998,-0.004329008063359651,13.80038940757513,3.0348999217152595,0.0003,4935.5535841085375,25.733283579159085,0.1445131249496544,-0.07611105886828143,0.8028467392417261,0.1868954096268598,-0.08655396451875425,0.8028974619616226,0.04364991300883279,0.17551891716609394,False,2026-08-07T17:21:36.669012+00:00
1878000,5386,-213.56214,600,0.25,-101.54411593,-0.007367249566596001,11.91519070416689,3.019112433493137,0.0003,2037.6170056070405,59.87386229320075,0.15854666901532133,-0.07764333526773226,0.8160504400191247,0.1638083015923391,-0.08857761962739405,0.799842940799783,0.020246638801994808,0.1714646775683803,True,2026-08-07T17:21:39.126774+00:00
1883008,5403,-100.482486,273,0.23,-101.51334166000001,-0.007367249566596001,11.91519070416689,3.019112433493137,0.0003,5310.825533236093,22.028966921967818,0.21692408514614997,0.1135263947412176,0.8410051291974937,0.17942836690067943,0.10730872673183967,0.8028971151673231,0.0538220123698681,0.3678221882564899,False,2026-08-07T17:21:40.069756+00:00
1888016,5413,-178.368464,600,0.23,-110.20651365999998,-0.0039056314446497707,8.96563180088997,3.0060092978179456,0.0003,2117.7379948474777,52.87906260002916,0.08265181951902337,-0.2673309156190959,0.7899169780934296,0.18141041360771973,-0.0053717078286624476,0.8028956600766317,0.2802576183417473,0.2555268537452486,False,2026-08-07T17:21:42.434553+00:00
1893024,5429,-9.495519,14,0.22,-111.09133003000002,-0.0037721531232818963,8.97618426606059,2.995924700051546,0.0003,1927.2630678616235,55.50669329158796,0.14132256217216954,-0.07705485893120305,0.8287569137687418,0.18357993058789435,-0.050404303650210903,0.8028960455527375,0.05625586002447262,0.21091792018432884,False,2026-08-07T17:21:45.033052+00:00
1898032,5442,-294.199598,600,0.21,-122.49840375,-0.0037721531232818963,8.97618426606059,2.995924700051546,0.0003,4465.324593615448,22.83551797013694,0.15177354697561055,0.0003828604767333321,0.8427420249039322,0.1474095243137903,-0.023001167593838346,0.8028828421169897,0.04641779739540711,0.2373330289696083,False,2026-08-07T17:21:46.154602+00:00
1903040,5462,-50.91213,138,0.19,-124.27809609,-0.004238000624172855,8.904335837066174,2.9906215369701385,0.0003,1861.2279747643015,52.0946392997766,0.029667687709931972,-0.1921781581577519,0.8269993060009201,0.08597670793077054,-0.1688243496398889,0.7926399932960493,0.06997619952577386,0.11744124908802561,False,2026-08-07T17:21:48.845279+00:00
1908048,5482,20.157163,21,0.19,-113.27652801999999,-0.004238000624172855,8.904335837066174,2.9906215369701385,0.0003,5125.627934658663,17.93965562311605,-0.11044828583848786,-0.2394478767282618,0.855172102310493,0.05849671845209602,-0.21591921230814903,0.7927113261449256,0.1816517577215943,0.11066179109578474,False,2026-08-07T17:21:49.822334+00:00
1913056,5495,-12.959007,116,0.21,-110.49896692,-0.0061379777325782925,15.666277711093425,2.985929624736309,0.0003,2127.310276295153,40.87038969765075,0.15679016102485294,-0.07818171706593985,0.8012876746382754,0.1328138860759396,-0.08480851626954636,0.804474175241878,0.025078477111012312,0.17728829843497793,True,2026-08-07T17:21:52.176484+00:00
1918064,5523,-219.495056,600,0.23,-104.03069641999997,-0.004001878696726635,8.410859374701976,2.969599210470915,0.0003,1993.0550680919323,41.11075569951115,0.14267452664648003,-0.04122116938379902,0.8015171180107502,0.17940775683103174,-0.05487275992662718,0.8029039265219499,0.03921248987232298,0.20604331012030358,False,2026-08-07T17:21:54.689205+00:00
1923072,5527,-232.624668,600,0.23,-105.14048548,-0.004001878696726635,8.410859374701976,2.969599210470915,0.0003,5472.458541681593,14.057301560910746,0.03667562949386026,-0.1633255596297335,0.8784655464066554,0.05398783686086172,-0.24391768749108614,0.7929042218586326,0.11880885428094473,0.10722508805812955,False,2026-08-07T17:21:55.604333+00:00
1928080,5543,-73.178521,132,0.23,-107.92303001000002,-0.0021796606000862085,3.9731339544057844,2.9507785871624947,0.0003,2023.369515476723,35.544669152067875,0.024657852536340077,-0.19659205816005026,0.8258005247318598,0.0034511824741055917,-0.14531297857569195,0.7716152625906868,0.07755842630852605,0.1940635080377954,False,2026-08-07T17:21:58.079427+00:00
1933088,5560,-226.81482,600,0.22,-106.27323131000001,-0.0021796606000862085,3.9731339544057844,2.9507785871624947,0.0003,4537.7651617095635,14.745584580844966,0.08265181951902337,-0.2673309156190959,0.7899169780934296,0.1595788610164824,0.0948247037652397,0.8028949535155181,0.37046307536819356,0.35482495368862316,False,2026-08-07T17:21:59.183051+00:00
1938096,5574,-218.912253,600,0.24,-112.14032091000001,-0.004196971106284764,10.080891914665699,2.939907344430685,0.0003,1869.6751104533028,33.109495683980825,0.21321250292593114,0.1165407715460156,0.8414733515472339,0.1595788599148943,0.09482470165492853,0.802895207716692,0.06954443569085811,0.3548249515796209,False,2026-08-07T17:22:01.861583+00:00
1943104,5594,-8.623592,13,0.2,-115.44178505000002,-0.0036900314677041023,4.196684535965323,2.9143145106732846,0.0003,1856.3723838874341,30.649023059077155,0.019858640258280963,-0.224559673554974,0.807421890839495,0.28768637966211486,-0.331999179169438,0.7057810506599941,0.3059506590175011,0.1465868116587934,False,2026-08-07T17:22:04.559319+00:00
1948112,5616,-26.416152,73,0.17,-111.59778582999999,-0.0036900314677041023,4.196684535965323,2.9143145106732846,0.0003,4271.5484022371,12.147351525462092,0.09439056951427578,-0.10909138674366331,0.8678453467081814,0.16795502598986592,-0.11997432785070045,0.8331991231836271,0.08203979807509043,0.14025145738765987,False,2026-08-07T17:22:05.731726+00:00
1953120,5624,-235.882425,600,0.18,-112.30213255000001,-0.006816610491659958,7.3019264310598375,2.8923535868525505,0.0003,2103.231338105981,22.289511928923975,0.16095054275392362,-0.012996192632237044,0.8695397408638574,0.1515223036531538,0.04261816226134628,0.802897756375193,0.08730980620387443,0.30273688818144356,False,2026-08-07T17:22:08.112832+00:00
1958128,5642,-77.8658,301,0.2,-103.55866432,-0.004946082331298385,11.936338970065117,2.881485588848591,0.0003,2052.0364943701325,20.405095189524154,-0.03296004692314318,-0.1866572092174848,0.7905810477485878,0.09362321316133876,-0.17081728329514365,0.7928977563751933,0.12759150491197072,0.11117299487683031,False,2026-08-07T17:22:10.553337+00:00
1963136,5659,-178.150786,459,0.26,-103.90568299,-0.004946082331298385,11.936338970065117,2.881485588848591,0.0003,4995.137916208493,7.379976412739617,0.17814629650568636,0.03485821457511612,0.8275373325476372,0.15014367254877542,0.011076082960180844,0.802898648887966,0.04423574872321721,0.27125521182801376,False,2026-08-07T17:22:11.555915+00:00
1968144,5681,-50.874651,108,0.28,-97.75827675000001,-0.004255100987211336,13.200246730446816,2.8675184033811094,0.0003,2136.6001753216383,14.909668345040027,0.14369359339970322,-0.06078180633937546,0.8020598455283405,0.13314512173648116,-0.09076213175039696,0.8029772224890334,0.03179515288009401,0.17135530495499232,False,2026-08-07T17:22:13.899821+00:00
1973152,5701,-7.31102,13,0.28,-94.30200405999999,-0.004255100987211336,13.200246730446816,2.8675184033811094,0.0003,4341.992433528786,6.1833364316068895,0.2166649282394591,0.11381291145450186,0.8410842989783183,0.15216378596973146,0.10646365433524187,0.8028943451105753,0.07531853364693827,0.36654742694372827,False,2026-08-07T17:22:15.053212+00:00
1978160,5722,-41.535917,110,0.23,-100.34788155999999,-0.004658623439900112,14.73002690076828,2.8519687831401823,0.0003,1851.907557827934,11.793245244711732,0.08368615408424687,-0.2697065299651685,0.7587401474236066,0.14286257191616905,-0.0019264848387305852,0.8014604441109536,0.2775482385899617,0.2586418965848774,False,2026-08-07T17:22:17.757443+00:00
1983168,5738,-272.102206,600,0.22,-94.87450897999999,-0.0029628900054376574,9.914638720452785,2.830566534399986,0.0003,1898.4830294927683,8.866026052651694,0.19157584988773052,0.013494115321550777,0.8647014408490822,0.13840139091533799,0.07942245689496569,0.8028880030167795,0.1048569044282515,0.34010895924542606,False,2026-08-07T17:22:20.395340+00:00
1988176,5753,-193.03096,600,0.2,-102.96567616000002,-0.0029628900054376574,9.914638720452785,2.830566534399986,0.0003,4565.743855395655,2.5897203992350035,0.1538387003989445,-0.009673194521731775,0.858497482606167,0.14838761613511078,-0.020382627669733165,0.8028984662078886,0.056882834866583014,0.23989858811899512,False,2026-08-07T17:22:21.492210+00:00
1993184,5769,-80.582238,192,0.21,-102.48322359000002,-0.007511200438602828,8.25108934044838,2.7924164317548277,0.0003,1930.1940673919748,3.531251139534167,0.14395799744715762,-0.005918460048552766,0.8239225747147148,0.13808903512732132,-0.04913816479226982,0.8029000565545574,0.0484183216008143,0.21199717905864626,False,2026-08-07T17:22:24.086767+00:00
1998192,5792,20.596546,20,0.18,-105.90443782,-0.007511200438602828,8.25108934044838,2.7924164317548277,0.0003,4896.832219340006,0.36921828623396896,0.14659077465504108,-0.06073978182919008,0.8387849650285512,0.18082679832524728,-0.07020663766258982,0.8025558730128584,0.05073730170593258,0.19093264759024317,False,2026-08-07T17:22:25.109470+00:00
2003200,5809,-49.511796,131,0.2,-101.44575866000001,-0.005436354872654192,11.626407119631768,2.7666947983205317,0.0003,362.376368196686,-8.830597911018153,0.08524659733648976,-0.2121316078771698,0.8270414968863674,0.1836152967120343,-0.05863290975260921,0.8028821220063291,0.183907386304535,0.20274710176349808,False,2026-08-07T17:22:38.929353+00:00
