global_step,episode_num,episode_reward,episode_length,success_rate,avg_reward_100,policy_loss,value_loss,entropy,learning_rate,fps,eta_seconds,ee_x,ee_y,ee_z,cube_x,cube_y,cube_z,ee_to_cube_dist,cube_to_goal_dist,is_grasped,timestamp
5008,37,5.654506,62,0.918918918918919,13.503987162162163,,,,,3596.7211361797185,554.6696350551642,0.1448572444076127,0.03980429350369801,0.8021474596997504,0.16206641311235678,0.09889121748503683,0.8029067489505953,0.061546702537595824,0.35889716640152364,False,2026-08-07T18:00:29.399627+00:00
10016,66,22.232374,21,0.8181818181818182,-3.9538248484848495,-0.008472839611931704,26.58367424309254,0.7672727882862092,0.0003,1670.2771268186316,1191.4094781327171,0.1549455954880255,-0.06817803466644738,0.8801150083546153,0.1757924873059081,-0.08442494039006597,0.802878648003212,0.08163338902918635,0.17628387394296496,False,2026-08-07T18:00:32.397930+00:00
15024,103,20.671269,61,0.8,-9.01853328,-0.008472839611931704,26.58367424309254,0.7672727882862092,0.0003,4471.905003917294,443.8770497721224,0.07595417410144584,-0.17592339738934942,0.8696185383268048,0.09593887146967725,-0.24192638556002807,0.7928808839756057,0.10317194469274407,0.06656187893609444,False,2026-08-07T18:00:33.517795+00:00
20032,146,23.372677,20,0.73,-19.77872193,-0.011437026551720918,10.327997558563947,0.7405487611889839,0.0003,1868.9408167576087,1059.406473574166,0.12785966377900887,-0.2556249194968978,0.8412585357218129,0.09593887148930666,-0.24192638802806823,0.7928808839825628,0.059556560785600995,0.06656187824705312,False,2026-08-07T18:00:36.197373+00:00
25040,185,22.308028,21,0.74,-12.545710309999999,0.005066921110847033,7.234120192378759,0.740898597240448,0.0003,1819.2696420013956,1085.5784950203029,0.08647091889735718,-0.26981071578126037,0.7579710707976444,0.13792837466492108,-0.014415419039732256,0.7984938123933767,0.26366023579257925,0.24657441686104095,False,2026-08-07T18:00:38.950125+00:00
30048,232,12.194904,65,0.74,-13.841334149999998,0.005066921110847033,7.234120192378759,0.740898597240448,0.0003,4058.801777944041,485.3530937886467,0.12186242391796602,-0.1869136272280703,0.8377425873111206,0.08108374894951438,-0.18295900633428472,0.7929063980812484,0.06073568327806231,0.11028639709802862,False,2026-08-07T18:00:40.183994+00:00
35056,270,23.343743,20,0.8,-7.52907442,-0.00772287058935035,12.607337169349194,0.7610001895576716,0.0003,1722.4402485914047,1140.79080630339,0.0016069848537993425,-0.24089001656563927,0.8025775635224873,0.05619692891969763,-0.2028054555751008,0.792904082796256,0.06726122217385526,0.11851705985922059,False,2026-08-07T18:00:43.091504+00:00
40064,312,24.12327,20,0.79,-11.933460370000002,-0.00772287058935035,12.607337169349194,0.7610001895576716,0.0003,4179.672641955646,468.92093422009157,0.15465847437602553,0.0547380421048693,0.8034646151947407,0.16645534229226713,0.10970260491358018,0.8029047009827728,0.05621906048050551,0.3697589586798366,False,2026-08-07T18:00:44.289677+00:00
45072,339,21.547293,20,0.77,-14.23117227,0.0005188077164348214,7.052832312136888,0.7588782083243132,0.0003,1696.0007492897491,1152.6693020735306,0.15245688382350026,0.05159390091980306,0.802795956841857,0.1664553433003935,0.10970260264381186,0.8029047009827728,0.059771146124733374,0.3697589564280143,False,2026-08-07T18:00:47.242504+00:00
50080,356,-154.667539,600,0.7,-24.896693730000003,-0.0018466616296791472,5.224422188103199,0.759762778878212,0.0003,1809.3968421765335,1077.662983900442,0.08746241854859048,-0.11160708674930611,0.8902677891803291,0.08418942555322098,-0.15853492955390722,0.7928761538516745,0.10815759587486552,0.12665861091367298,False,2026-08-07T18:00:50.010291+00:00
55088,395,5.813312,71,0.7,-26.641203369999992,-0.0018466616296791472,5.224422188103199,0.759762778878212,0.0003,4524.2830543422515,429.88291772181236,0.08412844177540804,-0.22760523215931802,0.8310859224528038,0.09374397018883626,-0.2668845024283749,0.7928935008317152,0.05562356091461655,0.06661274547730425,False,2026-08-07T18:00:51.117195+00:00
60096,450,21.56178,20,0.76,-17.034710660000002,-0.00793990637466777,11.91643268018961,0.7564874708652496,0.0003,1783.4295429809242,1087.737952774706,0.1564639524210948,0.05748577295478733,0.8038217552938715,0.18137127471629041,0.11826467055848484,0.8028850682544802,0.06569114461209562,0.37886790887553173,False,2026-08-07T18:00:53.925277+00:00
65104,476,23.895262,20,0.81,-8.07219335,-0.00793990637466777,11.91643268018961,0.7564874708652496,0.0003,4723.688145485032,409.61552507427933,0.15878890790237904,0.06126117087124922,0.8040194043524591,0.1813712736784333,0.11826466829885818,0.8028850682544802,0.061324128052554536,0.3788679065609592,False,2026-08-07T18:00:54.985492+00:00
70112,515,23.133342,20,0.75,-14.636087029999999,-0.009871024375024717,8.996024732291698,0.7597052738070488,0.0003,1716.0684657013417,1124.598486932322,0.14948654882555917,0.047488147911779285,0.8023533837954777,0.1836314058790905,0.10188628087691756,0.8029033292335183,0.06422873635129196,0.36265703306395364,False,2026-08-07T18:00:57.903763+00:00
75120,573,-19.501478,10,0.75,-12.658015659999998,-0.005116390452894848,10.08313494771719,0.744615015387535,0.0003,1649.4401567877421,1166.9898978018532,0.14855177251199844,0.046204472474189906,0.8023087238361132,0.18363140641268258,0.10188628330323038,0.8029033292335183,0.06581335979408512,0.3626570355198797,False,2026-08-07T18:01:00.939946+00:00
80128,622,7.949379,77,0.85,1.0206999700000006,-0.005116390452894848,10.08313494771719,0.744615015387535,0.0003,4156.948735633048,461.84644605862064,0.08716097167554937,-0.14881454528690838,0.869559792249212,0.05400199983920244,-0.17504536467299653,0.7928849748071178,0.08755912818597324,0.135841326928268,False,2026-08-07T18:01:02.144682+00:00
85136,671,21.047061,22,0.86,-1.7361167800000004,-0.007175916290725582,10.111967915296555,0.7282106153666973,0.0003,1789.3689314689886,1070.133702627767,0.144407514780186,0.03003795409890806,0.8016472801862774,0.13830405402703763,0.09167671572498436,0.8028788334544532,0.061952448631299735,0.352345322737188,False,2026-08-07T18:01:04.943424+00:00
90144,702,23.652505,20,0.82,-7.322711269999998,-0.006323167352820747,8.282329315692186,0.7333054006099701,0.0003,1863.5432029531976,1024.852011465798,0.14418845279250564,0.02445789774335901,0.801282178623407,0.13830405556377523,0.09167671377339881,0.8028788334544532,0.06749477510056115,0.3523453206946799,False,2026-08-07T18:01:07.630781+00:00
95152,741,23.548723,20,0.78,-11.449143239999998,-0.006323167352820747,8.282329315692186,0.7333054006099701,0.0003,4760.095748176531,400.1701017736246,0.0758346086374169,-0.17480335821583795,0.8719787459494855,0.17915976284875393,-0.28914009033311683,0.8028949335898954,0.16888324053673898,0.03487465235730242,False,2026-08-07T18:01:08.682860+00:00
100160,792,23.045662,21,0.76,-8.90688101,-0.0046873183790012264,9.88295520171523,0.7525291834026575,0.0003,1802.8997212789566,1053.7690907469191,0.14405312599799852,0.01193466254816549,0.8228091992172865,0.13484987738834914,0.0719523674439827,0.8028964926849649,0.06390102164578261,0.33290374422503266,False,2026-08-07T18:01:11.460609+00:00
105168,837,21.125421,21,0.78,-5.596169720000001,-0.0046873183790012264,9.88295520171523,0.7525291834026575,0.0003,4108.256212676463,461.22537200900314,0.1446473180688956,0.03176462761190958,0.807103485606601,0.13554308725835573,0.08146253343236914,0.8028964926849644,0.050699779595512556,0.3423372639940096,False,2026-08-07T18:01:12.679654+00:00
110176,866,23.614198,20,0.78,-10.613326819999997,-0.009060199857049155,10.678685297816992,0.7719543766230345,0.0003,1727.00241393055,1094.2798833146262,0.14592358866581662,0.04208872277357436,0.8019929665701805,0.14849176545912512,0.09625541411101607,0.8028982654744709,0.05423509517455907,0.3564412427675273,False,2026-08-07T18:01:15.579441+00:00
115184,924,22.243125,23,0.82,-8.677093750000001,-0.006757945189019665,16.16675817221403,0.7659264840185642,0.0003,1682.7897271759284,1120.0543773006707,0.1448421015536636,0.036477971092819056,0.8019038376087125,0.14849176644936646,0.09625541183338811,0.8028982654744709,0.0598970062868201,0.35644124045911535,False,2026-08-07T18:01:18.555452+00:00
120192,956,23.727878,20,0.85,-4.529980699999999,-0.006757945189019665,16.16675817221403,0.7659264840185642,0.0003,4324.492999925472,434.68864443355477,0.14443435987667172,0.025766854185799735,0.8064252601411699,0.1724124639808779,0.09574710410314427,0.8028789387951267,0.07544922851062957,0.35596358147969287,False,2026-08-07T18:01:19.713522+00:00
125200,995,23.544724,20,0.81,-11.45796589,-0.009031871396291535,14.275288662314415,0.7571592502295971,0.0003,1812.0396154193543,1034.6352166070726,0.1557917359179935,0.03503534886667846,0.8176121726367866,0.17241246347420727,0.0957471065296552,0.8028789387951267,0.06464699747442978,0.3559635838870605,False,2026-08-07T18:01:22.477247+00:00
130208,1050,22.206036,20,0.82,-10.355250859999996,-0.009031871396291535,14.275288662314415,0.7571592502295971,0.0003,4654.069982961356,401.7541650308969,0.1500818295180548,0.039072695599459355,0.8080915994917504,0.15477803426024814,0.10615365642628294,0.8029027498184416,0.06744504285240417,0.3661908915313482,False,2026-08-07T18:01:23.553309+00:00
135216,1085,20.768344,20,0.8,-6.668438440000001,-0.00444155224104179,13.471829614043235,0.7489442527294159,0.0003,1874.1716094477545,994.9910619708295,0.14836050420158708,0.04600755067513852,0.8021535437144652,0.1547780318888699,0.1061536571671266,0.8029027498184416,0.06049214905712019,0.3661908923059329,False,2026-08-07T18:01:26.225409+00:00
140224,1121,23.140063,20,0.74,-12.357540879999998,-0.005205526304780506,7.765173455700278,0.7297308672219515,0.0003,1824.5410482930547,1019.3116793617273,0.15789606138173656,0.05976163265395841,0.8038743129446431,0.16511210023310618,0.1171088157822113,0.8028898054996766,0.057807783942640835,0.377143464094839,False,2026-08-07T18:01:28.970208+00:00
145232,1145,-179.033532,600,0.69,-20.04926763,-0.005205526304780506,7.765173455700278,0.7297308672219515,0.0003,4274.948409157007,433.8690955958808,0.1492470630502991,0.04693002968644222,0.802648921002697,0.16511209781927397,0.11710881636466804,0.8028898054996766,0.07195011781220091,0.37714346464452325,False,2026-08-07T18:01:30.141701+00:00
150240,1178,24.676425,19,0.7,-24.5817834,-0.00061611980345333,5.662266796827316,0.7297120045870542,0.0003,1734.880651866809,1066.2174357697606,0.18596197199909437,0.03730860199533821,0.8529608734239571,0.13790390362859473,0.07874590065754017,0.8028957670563015,0.08082785739786012,0.33946579015733314,False,2026-08-07T18:01:33.028352+00:00
155248,1208,24.152846,19,0.71,-27.164835659999998,-0.00061611980345333,5.662266796827316,0.7297120045870542,0.0003,4269.647766385541,432.06187042489216,0.14999328018404506,0.026130559048557364,0.8177552006089945,0.1381290212885881,0.08129744461860924,0.802895767056302,0.05835193799818918,0.34199749328465506,False,2026-08-07T18:01:34.201280+00:00
160256,1270,-162.884319,600,0.78,-14.51785458,-0.00666727811913006,11.316273690760136,0.7495186109095812,0.0003,1751.3227573434817,1050.4882622496389,0.15336207517653586,0.05294217086544764,0.8029808826175178,0.17329579109492443,0.10721817852820653,0.8028793457700871,0.05782082970568882,0.36745879864607084,False,2026-08-07T18:01:37.060837+00:00
165264,1306,21.554468,20,0.8,-8.79151211,-0.008729482633498264,13.145379403233528,0.7684331797063351,0.0003,1869.932432694689,981.1776981460401,0.15242634499968785,0.05148775824466972,0.8030491863450465,0.1732957920783667,0.10721817624613764,0.8028793457700871,0.05951001728960444,0.36745879640108026,False,2026-08-07T18:01:39.738998+00:00
170272,1355,23.6893,20,0.78,-10.696729410000003,-0.008729482633498264,13.145379403233528,0.7684331797063351,0.0003,4804.698324571833,380.820579440449,0.011858023194036605,-0.23889943568960134,0.8070326303078427,0.1869842322417701,-0.2887893213114051,0.8028962780877846,0.18214087732432688,0.039458507463525645,False,2026-08-07T18:01:40.781317+00:00
175280,1391,19.629991,64,0.84,-6.400879709999999,-0.00884155380044831,16.744936875998974,0.7627375647425652,0.0003,1849.6515906286882,986.5209260192543,0.1473926891926813,0.01702410927888968,0.8227890676581181,0.15859909775631123,0.08768709283237602,0.8029036408319958,0.07425813785459706,0.34768991508142083,False,2026-08-07T18:01:43.488866+00:00
180288,1420,2.293697,72,0.78,-20.26133978,-0.00165960095328046,9.739430215209723,0.7539448834955692,0.0003,1792.9503058759822,1014.9260657344001,0.17203461069765003,0.04962814515728988,0.8259184474907301,0.14940365505441702,0.09724806416355707,0.8029036408319963,0.057528237979520315,0.3574051788584139,False,2026-08-07T18:01:46.282011+00:00
185296,1459,23.826633,20,0.79,-14.922968520000001,-0.00165960095328046,9.739430215209723,0.7539448834955692,0.0003,4176.070382789521,434.5482316291371,0.1680052014120228,-0.09399359391731066,0.8690000017811566,0.1737926167767984,-0.08904704642750046,0.8393801095017154,0.03058268345516932,0.17150845055772854,True,2026-08-07T18:01:47.481227+00:00
190304,1501,22.637579,21,0.77,-17.634149250000004,-0.002635829910286702,13.025646074861289,0.7414096057415008,0.0003,1679.0173400590775,1077.8304409508507,0.1516913518108599,-0.0023391744815950584,0.8458470031965034,0.13840232900576016,0.07035756289830546,0.8028894701808108,0.08547960806877278,0.33106280183143993,False,2026-08-07T18:01:50.463934+00:00
195312,1530,-16.915765,137,0.79,-11.809818899999998,-0.002635829910286702,13.025646074861289,0.7414096057415008,0.0003,4237.466420038455,425.8884486885497,0.16325731102909993,0.024322275076267934,0.8338036652611047,0.13845676931870862,0.08813114322943653,0.8028894701804842,0.07511541773564184,0.3487970809430919,False,2026-08-07T18:01:51.645774+00:00
200320,1579,23.888671,19,0.82,-11.876348369999999,-0.007046378680388443,15.31736792474985,0.7301103856414557,0.0003,429.03224092845636,4194.743024685893,0.08007050181978968,-0.1612846105227864,0.8823920330373974,0.08928133980555682,-0.2046727303270543,0.7928920435097262,0.09988802031276232,0.08978995305244336,False,2026-08-07T18:02:03.318555+00:00
205328,1618,23.419113,20,0.83,-12.843124719999999,-0.008254386039334349,14.072249387204646,0.7293330792337656,0.0003,1826.8325776712015,982.3954433130381,0.12860745317433536,-0.1869823269811854,0.8701307564358798,0.08928133994296422,-0.20467268753919665,0.7928927318138441,0.08846018588084276,0.08978997930948616,False,2026-08-07T18:02:06.059905+00:00
210336,1656,21.816519,59,0.81,-13.26595654,-0.008254386039334349,14.072249387204646,0.7293330792337656,0.0003,5024.026849567224,356.2210261981709,0.08005198388990199,-0.18826099731307044,0.8508142955638721,0.1571995136671,-0.20169946254258064,0.8028903774551714,0.09180977957351742,0.058367759863855645,False,2026-08-07T18:02:07.056722+00:00
215344,1702,21.810065,21,0.81,-10.206444520000002,-0.0065421557505032975,12.237204144895077,0.7228780362755061,0.0003,1814.0376943692831,983.8031511360084,0.10286199749803919,-0.1624854214554508,0.8467750780327419,0.06854726674776422,-0.2001824417548638,0.7928887504824905,0.07417750590826845,0.10927828097895233,False,2026-08-07T18:02:09.817411+00:00
220352,1739,21.097393,20,0.78,-13.8000671,-0.0065421557505032975,12.237204144895077,0.7228780362755061,0.0003,4756.923202628811,374.11745453794924,0.14543885936125645,-0.047462058674899776,0.8751031401554867,0.16449814628682893,0.06120529474579374,0.8029032264457766,0.1318509676007681,0.3212367891334209,False,2026-08-07T18:02:10.870193+00:00
225360,1780,-165.568376,600,0.77,-11.56356583,-0.0042297927007894035,12.41836986914277,0.7221939999610185,0.0003,1764.5833566734113,1005.6991602513737,0.14461539034459867,0.02946925359037191,0.8017049983251959,0.13790121639980596,0.0980080582550322,0.8028972276380074,0.06887720441013645,0.35868945623219367,False,2026-08-07T18:02:13.708257+00:00
230368,1819,6.348622,97,0.74,-16.43870176,-0.006327788706403226,14.50484042018652,0.7127829678356647,0.0003,1725.8299365565638,1025.3802895149863,0.14415286014434708,0.02185438788507691,0.8012284568532353,0.13790121505112019,0.09800806033984946,0.8028972276380074,0.07642806873559321,0.3586894583961426,False,2026-08-07T18:02:16.610048+00:00
235376,1855,-173.546665,600,0.75,-17.8239974,-0.006327788706403226,14.50484042018652,0.7127829678356647,0.0003,4230.589243566073,417.11069035682436,0.14566748994184608,0.04115811965670385,0.8021120409200097,0.16956372719141583,0.1067244355413298,0.8028841756104038,0.06978945568888174,0.36684911953131194,False,2026-08-07T18:02:17.793819+00:00
240384,1891,20.269811,22,0.79,-12.802079509999999,0.0018302525757462717,6.897061950713396,0.6972687799483538,0.0003,1742.3330716870676,1009.9194170126138,0.14796573908834187,0.04539463446702044,0.8022094432458403,0.16956372524762603,0.10672443709007746,0.8028841756104038,0.06502517173897776,0.36684912102885875,False,2026-08-07T18:02:20.668119+00:00
245392,1927,24.085278,20,0.74,-19.236578609999995,0.0018302525757462717,6.897061950713396,0.6972687799483538,0.0003,4313.220735912318,406.79763625148,0.10094669014359844,-0.1481066076471826,0.8687535991952107,0.10544233366967776,-0.1530494087311463,0.875952864540251,0.009821991385534329,0.12006235016926906,False,2026-08-07T18:02:21.829200+00:00
250400,1983,-19.229194,10,0.77,-11.548550989999999,-0.004179040536109823,8.771080136299133,0.6965033024549484,0.0003,1864.2613474803095,938.4950250482407,0.14475336026612667,0.01906534790542743,0.8176375464122847,0.177570244499993,0.07325137363620604,0.8028898208669943,0.06504282192582665,0.33371423631935115,False,2026-08-07T18:02:24.515527+00:00
255408,2028,-157.231461,600,0.83,-2.955639409999999,-0.0028556131306686438,6.103806559741497,0.6886410351842642,0.0003,1759.098302386126,991.7535578503777,0.14406138177059025,-0.0005908192474932961,0.8353567745313083,0.177570243982509,0.07325137605554476,0.8028898208669943,0.08734767732544514,0.3337142387080884,False,2026-08-07T18:02:27.362431+00:00
260416,2088,15.440884,61,0.83,-5.22169652,-0.0028556131306686438,6.103806559741497,0.6886410351842642,0.0003,4592.103191549598,378.8207554223058,0.1686249547231658,-0.07737498876769379,0.8183846219358248,0.16365150595853456,-0.06615129794106654,0.8000879287795876,0.022033506503496638,0.19388309050997296,True,2026-08-07T18:02:28.453004+00:00
265424,2147,20.783117,22,0.84,-0.5032176899999993,-0.008336888170742896,18.833429580926897,0.6733745533972979,0.0003,1787.4632792265593,970.4121030953745,0.150677883124873,0.04885728571020667,0.8028982906197126,0.16317075176973714,0.11167872930026665,0.8028898671591419,0.06405158555938803,0.3716922537275242,False,2026-08-07T18:02:31.254735+00:00
270432,2162,-19.411474,10,0.79,-4.7415256999999995,0.0012855183755164034,4.712071096897125,0.6870660927146673,0.0003,1739.0083086302027,994.571441330468,0.1472106294088833,0.04439567317076265,0.8020437289512912,0.16317075014474064,0.11167873117975131,0.8028898671591419,0.06915526949416698,0.3716922555930782,False,2026-08-07T18:02:34.134541+00:00
275440,2195,24.326025,19,0.73,-18.33271277,0.0012855183755164034,4.712071096897125,0.6870660927146673,0.0003,4299.491294917038,401.10791758988233,0.16425262858952713,0.027795974424697965,0.832324647604846,0.13841773213365327,0.08125173227008513,0.8029065173502935,0.06625999026097283,0.3419335301832633,False,2026-08-07T18:02:35.299330+00:00
280448,2225,-155.746193,600,0.73,-23.039271199999995,-0.009035288750601467,12.742692726105451,0.6922942355275155,0.0003,1775.0100121871476,968.7562257078129,0.14463278800143084,0.02111332748650586,0.8098498238377163,0.13841773396502774,0.08125173061096075,0.8029065173502935,0.060856091987681424,0.3419335284118538,False,2026-08-07T18:02:38.120726+00:00
285456,2270,-169.310501,600,0.76,-17.47609964,-0.009035288750601467,12.742692726105451,0.6922942355275155,0.0003,4374.28467672995,391.95985783022434,0.13060061135522655,-0.14288981842000256,0.8830147671068463,0.17361449767165094,-0.1781980111970098,0.8028984389672433,0.09754736761078248,0.08292719649774691,False,2026-08-07T18:02:39.265594+00:00
290464,2303,-156.007275,600,0.76,-14.884462659999999,-0.004662243208440486,8.554980609938502,0.6792579460889101,0.0003,1886.9627043884193,905.9723311034254,0.11795207371145283,-0.13139228442934373,0.8662485332620137,0.16039120332662438,-0.13369594431164125,0.8788668350214177,0.044335179154233906,0.12630466152668632,True,2026-08-07T18:02:41.919597+00:00
295472,2328,-199.661112,600,0.72,-19.81101348,-0.002406477458134759,9.057053262740373,0.6810093726962805,0.0003,1896.4657454176431,898.7918733141292,0.1468532952890703,-0.13413514249859176,0.8709478921233026,0.14399971389685698,-0.13586548084510608,0.881748527886787,0.011304456220927355,0.12516144774330137,True,2026-08-07T18:02:44.560304+00:00
300480,2375,22.334727,22,0.74,-16.371890500000003,-0.002406477458134759,9.057053262740373,0.6810093726962805,0.0003,4986.147657812617,340.848309483391,0.1688917062852357,0.043678920107314036,0.8254516691405311,0.15480048484943243,0.0472088198414118,0.8046100391860466,0.0254046502208807,0.3072528176374531,True,2026-08-07T18:02:45.564689+00:00
305488,2410,21.367827,62,0.73,-19.846178759999997,-0.008656952272576745,8.479502529650926,0.6855549570173025,0.0003,1811.9883443108986,935.1671633651844,0.12138389648225767,-0.08230327203298668,0.8379179901937632,0.09889443824846136,-0.12030564367861081,0.792898039832091,0.06306149310719848,0.15247426951790377,False,2026-08-07T18:02:48.328498+00:00
310496,2441,24.246329,20,0.78,-15.266439659999996,-0.008656952272576745,8.479502529650926,0.6855549570173025,0.0003,4503.890728557761,375.1210013349978,0.1330420894542239,-0.014200079325930134,0.8413283991646866,0.15032523339243886,-0.03641177190723088,0.8028951827581394,0.04763589481754021,0.22379744603228816,False,2026-08-07T18:02:49.440442+00:00
315504,2490,11.382387,68,0.75,-20.241016270000003,-0.003397167517687194,9.467291834205389,0.7009391374886036,0.0003,1768.2497741396176,952.6346473419628,0.15383700081645094,-0.12781996159822512,0.8607244423308459,0.15098523510468448,-0.12911499001306176,0.871802608697223,0.011512403585314888,0.13119509070616453,True,2026-08-07T18:02:52.272607+00:00
320512,2515,23.617659,20,0.75,-14.960614060000001,-0.008839237320353277,12.925272272527218,0.702679630741477,0.0003,1835.2374504889551,915.1338970074638,0.14528285565658622,0.041314221401950534,0.8021091600025596,0.15085901561564463,0.10187185713607722,0.8028857030641319,0.06081877855336014,0.3619872906368793,False,2026-08-07T18:02:55.001414+00:00
325520,2559,20.353046,22,0.73,-14.945142720000002,-0.008839237320353277,12.925272272527218,0.702679630741477,0.0003,4326.701230443143,387.01077583498846,0.14717695463030275,0.04410116393684361,0.8023769103924244,0.15085901481509276,0.10187185478269191,0.8028857030641319,0.05789014733090407,0.36198728830446014,False,2026-08-07T18:02:56.158873+00:00
330528,2578,22.414524,22,0.73,-18.89208859,-0.010082398176018614,9.333436730504037,0.6953719973564148,0.0003,1942.384343651653,859.4962194049701,0.15249495544672337,-0.004459900541288527,0.8409269224566223,0.1815997939608733,0.05332466266936778,0.8028873234442306,0.07505437004868289,0.31406829724762936,False,2026-08-07T18:02:58.737148+00:00
335536,2625,-19.11717,10,0.78,-15.88320464,-0.010082398176018614,9.333436730504037,0.6953719973564148,0.0003,5127.38834196398,324.6221836519698,0.1339053771939404,-0.13965366330235957,0.8749130749769652,0.1313657655863394,-0.14145881534439697,0.8832330369041499,0.008884253906892563,0.12195053029819199,True,2026-08-07T18:02:59.713863+00:00
340544,2651,-55.646596,175,0.76,-21.556816389999998,-0.0034673252652282827,7.831893144547939,0.7159494049847126,0.0003,1918.7624553093444,864.8574477826445,0.10894267150634035,-0.15353650828343374,0.8415420956080474,0.0715318694063506,-0.18178384421302074,0.7928857094029778,0.06756422144464053,0.11808631231784664,False,2026-08-07T18:03:02.323886+00:00
345552,2697,14.767026,70,0.78,-17.361703799999997,-0.0091483118783799,14.297864623367786,0.7180313769727945,0.0003,1855.8014623716715,891.5005368546556,0.14638559050885455,0.043022161008039336,0.8019411784660445,0.15278188587364305,0.10717471455613953,0.8028863096763726,0.06447756194320792,0.36724565644936313,False,2026-08-07T18:03:05.022448+00:00
350560,2720,-157.911768,600,0.74,-23.317376940000003,-0.0091483118783799,14.297864623367786,0.7180313769727945,0.0003,4642.406544300292,355.29848242720095,0.1472535383051998,0.044418657484567574,0.8021680035759721,0.15278188547098923,0.1071747170077293,0.8028863096763726,0.06300318716472987,0.3672456589083934,False,2026-08-07T18:03:06.101196+00:00
355568,2753,18.693089,26,0.72,-26.96147465,-0.0019073698596912437,7.244316633790731,0.707221095636487,0.0003,1828.901807955107,899.1362974476128,0.14419290960939968,0.011057768089214048,0.8182017447550817,0.14118448605786052,0.07519318698963204,0.8029021870375149,0.06600362896197985,0.33572086049152994,False,2026-08-07T18:03:08.839453+00:00
360576,2773,24.237075,19,0.68,-29.346513630000004,-0.00839132013497874,7.174899473786354,0.7060792081058025,0.0003,1794.0341961094066,913.8198165649804,0.13391168005230072,-0.13965649945853803,0.8749135357790051,0.1315609899578669,-0.14161271076905227,0.8837652804630804,0.009365142314108706,0.12175519514020182,True,2026-08-07T18:03:11.630929+00:00
365584,2814,-167.301766,600,0.65,-36.987807430000004,-0.00839132013497874,7.174899473786354,0.7060792081058025,0.0003,4344.677738367971,376.18808538235794,0.14757674884494026,-0.173398984693368,0.8714523880086648,0.06669755552019374,-0.1743897121469671,0.7929056520909183,0.11274757282124184,0.12662727799406603,False,2026-08-07T18:03:12.783619+00:00
370592,2864,23.153738,21,0.77,-15.583300659999999,-0.009892892581410706,12.823520471155643,0.7097714200615883,0.0003,1818.1855854965308,896.1725431097963,0.14023380978853753,-0.034065740518629116,0.865359135547049,0.14174858595346024,-0.07331314713227007,0.8028781800958128,0.073800564136229,0.18757690462409196,False,2026-08-07T18:03:15.538000+00:00
375600,2899,-176.403988,600,0.79,-13.612758299999998,-0.009892892581410706,12.823520471155643,0.7097714200615883,0.0003,5113.978734883322,317.6391776758261,0.17190657180707622,-0.06420142023239872,0.8669065285819979,0.18215193461817952,-0.06183299805942052,0.8459283321979345,0.023466180052341794,0.19940127598750648,True,2026-08-07T18:03:16.517279+00:00
380608,2926,23.101666,21,0.79,-12.263334310000003,-0.007171287238452351,16.814319574832915,0.7227397382259368,0.0003,1895.0005121580475,854.56019120323,0.1576394341154498,0.059255491086802226,0.8037209811565565,0.1611948917136651,0.11583017876491443,0.8028819207507869,0.05669250909047136,0.37583207824329595,False,2026-08-07T18:03:19.160040+00:00
385616,2958,-8.791626,11,0.76,-20.768899539999996,-0.010179398953914643,13.921374727785587,0.7199128463864326,0.0003,1910.646500450258,844.9412278093088,0.15070856048310444,0.0489740785202275,0.8028432712614917,0.16119489043896068,0.11583018089884375,0.8028819207507869,0.06767350319723464,0.37583208037316185,False,2026-08-07T18:03:21.781125+00:00
390624,2999,23.393841,20,0.73,-22.282097909999997,-0.010179398953914643,13.921374727785587,0.7199128463864326,0.0003,4247.313148102203,378.9162569091724,0.14328859072041775,0.005346928562575969,0.8271829460616591,0.13869215261442944,0.06618737007326116,0.8029041659239863,0.06566693027278452,0.3268825855800786,False,2026-08-07T18:03:22.960236+00:00
395632,3033,20.19164,21,0.72,-20.58596659,-0.006035470894130412,18.367722335457803,0.7022833876311779,0.0003,1862.4623990523244,861.4230283609213,0.15119956105436894,0.011842716206206087,0.8308531238714519,0.13803735134865328,0.07943819142755706,0.802904165923988,0.07432049707238657,0.34014797329308516,False,2026-08-07T18:03:25.649137+00:00
400640,3065,21.356765,20,0.73,-19.33954935,-0.006035470894130412,18.367722335457803,0.7022833876311779,0.0003,496.6609965308571,3220.2246827744066,0.15525245417835284,0.05571329499060984,0.8035043375414348,0.16330520641635496,0.12043227798838635,0.8028850122074295,0.06522098698074473,0.38044663558098074,False,2026-08-07T18:03:35.732478+00:00
405648,3096,18.58536,67,0.68,-27.018308159999997,-0.00818381087447051,10.753622749447823,0.6937262855470181,0.0003,1762.5784919027406,904.5565955357049,0.15374310457216833,0.053426240450211375,0.8030761737584052,0.16330520624475559,0.12043227550780021,0.8028850122074295,0.06768514656314406,0.38044663309899746,False,2026-08-07T18:03:38.573770+00:00
410656,3124,-167.769482,600,0.7,-22.548754230000004,-0.008331632825138513,9.363553619757294,0.7151655208319425,0.0003,1760.2673109588131,902.899230193787,0.08525709643286525,-0.24915770755361233,0.8056910076215569,0.15849122113941266,-0.01656436119865244,0.8028844881763337,0.24386631243681214,0.2434403143529648,False,2026-08-07T18:03:41.418795+00:00
415664,3172,23.039672,21,0.72,-20.915893360000005,-0.008331632825138513,9.363553619757294,0.7151655208319425,0.0003,4373.893918299575,362.22552023299585,0.14757885837766768,0.04364034909737685,0.8024884242592403,0.13948458482219525,0.10663472989988959,0.8028824031090229,0.06351349853705811,0.36720826165635584,False,2026-08-07T18:03:42.563768+00:00
420672,3203,21.55285,79,0.72,-17.71340909,-0.005120415430428693,12.107290893048049,0.7323339469730854,0.0003,1889.5533601051345,835.8207994253871,0.14713664902633922,0.044292199295486126,0.8020193022041447,0.13948458642247258,0.10663472799884147,0.8028824031090229,0.06281631866318003,0.3672082596688716,False,2026-08-07T18:03:45.214209+00:00
425680,3243,23.563938,20,0.69,-18.837200050000003,-0.005120415430428693,12.107290893048049,0.7323339469730854,0.0003,4695.247954707615,335.3007157846762,-0.016215892336581453,-0.2282650491431067,0.809080505807373,0.08928587995149422,-0.18945947738272753,0.7929014841720441,0.11357049395266074,0.09988219113211533,False,2026-08-07T18:03:46.280745+00:00
430688,3263,-0.082005,86,0.65,-26.09305645,-0.008315198874333874,16.778752653300764,0.7454155437648297,0.0003,1953.8135581995325,803.2045808127893,0.07578406600937694,-0.08972766809230556,0.8845799298336348,0.09468704805369224,-0.14417659433701677,0.7929014841717588,0.10829102316603743,0.13296933101776773,False,2026-08-07T18:03:48.843936+00:00
435696,3293,20.514361,22,0.63,-33.992386460000006,-0.003383938589831814,9.690855777263641,0.7777384292334318,0.0003,1832.7066640572903,853.5484868794584,0.1558918174066356,0.05657380553733551,0.8037336811355358,0.1499255071558558,0.12001131828192316,0.8028944106530223,0.06372298844350521,0.3801448374349332,False,2026-08-07T18:03:51.576507+00:00
440704,3342,21.30175,20,0.67,-26.116826179999997,-0.003383938589831814,9.690855777263641,0.7777384292334318,0.0003,4180.370544503026,373.00425486214243,0.15854089326012052,0.060910598933888005,0.8040980921040561,0.14992550535953086,0.1200113199963188,0.8028944106530223,0.059737500682673694,0.38014483919633246,False,2026-08-07T18:03:52.774489+00:00
445712,3370,23.767939,20,0.74,-17.989914790000004,-0.007738837360375328,21.01759006381035,0.8086239010095596,0.0003,1855.4483590050627,837.6886332926279,0.1492922960326126,0.014983164152247866,0.8262659223255292,0.1693958837948469,0.07438968310361274,0.8029018991351969,0.06692657405299568,0.33452166267436373,False,2026-08-07T18:03:55.473574+00:00
450720,3408,-88.930315,243,0.74,-19.45355843,-0.007793866469000932,11.563637487590313,0.8147654015570879,0.0003,1701.183391941141,910.7072214196664,0.15260258135987717,0.0043335582270560054,0.8405076934389725,0.16939588175395243,0.0743896844915347,0.8029018991351969,0.08126543872107075,0.3345216640044145,False,2026-08-07T18:03:58.417417+00:00
455728,3440,23.383234,20,0.76,-19.71695866,-0.007793866469000932,11.563637487590313,0.8147654015570879,0.0003,4525.693574248906,341.2232787449139,0.15269831698287156,0.03242521233451045,0.8154326561569276,0.14761501868591617,0.08795885390849294,0.8028946157627198,0.05715791917984919,0.34817919492046356,False,2026-08-07T18:03:59.523970+00:00
460736,3464,3.239343,78,0.72,-26.490414469999997,-0.00518627584024216,14.395122742652893,0.812135000526905,0.0003,1926.2084961770788,799.1159851360626,0.15421670222097533,0.013008027945414693,0.8336894838088713,0.14761502096791665,0.0879588548620438,0.8028946157627198,0.08129903165987504,0.3481791957922386,False,2026-08-07T18:04:02.123898+00:00
465744,3493,23.905156,20,0.7,-27.451563370000002,-0.00518627584024216,14.395122742652893,0.812135000526905,0.0003,5042.099626062606,304.28910846375044,0.16485272961054273,0.02584631023136489,0.834409127102249,0.1372075048762385,0.08360343423048834,0.8028902307550648,0.0713693537185594,0.34435856000534126,False,2026-08-07T18:04:03.117140+00:00
470752,3532,-2.511029,155,0.7,-27.581233899999997,-0.006066708917933284,9.049864311516284,0.8256050579249858,0.0003,1888.612827290588,809.7202231724041,0.15071905503389155,0.01635110320343244,0.8265481710102947,0.13720750525866124,0.08360343195619821,0.802890230755065,0.07256125575759163,0.34435855771072643,False,2026-08-07T18:04:05.768829+00:00
475760,3553,-183.050111,600,0.65,-32.87870927,-0.0040328684292035176,7.328903851658106,0.837469520419836,0.0003,1984.3038327299673,768.1484936220577,0.14435312477012435,0.028495497021781065,0.8018192661012271,0.1597811973751489,0.09219482600181333,0.8028843301293781,0.06554970860496903,0.3521948939678658,False,2026-08-07T18:04:08.292627+00:00
480768,3579,23.429091,20,0.65,-31.88122042,-0.0040328684292035176,7.328903851658106,0.837469520419836,0.0003,4445.469474621655,341.74838195898286,0.14415285099595426,0.023727864154987788,0.8013418264854695,0.1643524745114998,0.09308277471580315,0.8028843301293777,0.07225308108696783,0.353109600316083,False,2026-08-07T18:04:09.419169+00:00
485776,3599,-3.486489,116,0.62,-33.51595954,0.0027336661165463737,5.372371187619865,0.8511180687695742,0.0003,1798.6134184220175,841.8840783076546,0.15040326436120066,0.04180343997180219,0.806412897135628,0.13539093425403573,0.07273726135498716,0.8040882173261329,0.03446266816179439,0.3336460567890863,False,2026-08-07T18:04:12.203534+00:00
490784,3647,12.092733,86,0.69,-26.526769880000003,0.0027336661165463737,5.372371187619865,0.8511180687695742,0.0003,4378.8286069391415,344.6620398908378,0.14411941842237652,0.019562898627642784,0.805827931384506,0.1387523389476246,0.08374943598795342,0.8028810896955458,0.06447791091788452,0.3444054846285592,False,2026-08-07T18:04:13.347222+00:00
495792,3670,19.9516,79,0.69,-24.15241463,-0.008713019387505483,14.244767265021801,0.8446421161293983,0.0003,1831.3579003828531,821.3621158843604,0.144476964513416,0.030310700127896426,0.8037801810243509,0.156215249141681,0.09332630574304188,0.8028857845375703,0.06410580178215759,0.353346575855894,False,2026-08-07T18:04:16.081803+00:00
500800,3697,-173.137043,600,0.72,-25.143924700000003,-0.008326395152835175,11.869841673970223,0.8370431993156672,0.0003,1895.0889025863698,791.0974508657242,0.14544246754057355,0.020792240249520928,0.8168649379377684,0.1562152480726724,0.09332630351839974,0.8028857845375703,0.07465025026396598,0.35334657364282984,False,2026-08-07T18:04:18.724426+00:00
505808,3744,21.153007,82,0.68,-25.26290605,-0.008326395152835175,11.869841673970223,0.8370431993156672,0.0003,5067.050905287372,294.8839528019817,0.023091076392605263,-0.2435008112544553,0.8017289720239866,0.137859733345944,-0.19396570537081526,0.8024406781996036,0.12500431136347653,0.06964710672157662,False,2026-08-07T18:04:19.712774+00:00
510816,3772,12.537459,85,0.7,-24.85884986,-0.007655778792104684,11.193877433240413,0.833241130784154,0.0003,1876.5029106462598,793.5953584463832,0.14590185833889963,0.04246634818065187,0.8019762211974859,0.13829728973181132,0.09694982552877449,0.8028790661178363,0.055019032130650077,0.357608984196437,False,2026-08-07T18:04:22.381564+00:00
515824,3802,12.427169,86,0.74,-19.78588252,-0.007655778792104684,11.193877433240413,0.833241130784154,0.0003,5331.160039562879,278.3964444859721,0.16212482412939228,0.03579876251949624,0.8237757935350729,0.1382972884402613,0.09694982764131234,0.8028790661178363,0.06887581171427086,0.35760898638346295,False,2026-08-07T18:04:23.320953+00:00
520832,3834,-25.691417,214,0.73,-23.60339069,-0.005278288698173128,6.324272208660841,0.8067310985177756,0.0003,1849.2619117840486,799.869391444392,0.14583939466041446,0.03779376862671512,0.8053885214195562,0.17519978187263227,0.0914590701213086,0.8029003749255564,0.06122244518746849,0.3517875940670883,False,2026-08-07T18:04:26.029063+00:00
525840,3855,6.302337,69,0.71,-29.65655595,-0.007218661365186563,7.68105910718441,0.8166493497788906,0.0003,1768.755876597948,833.4445807385368,0.14594849938684218,0.04209999896873162,0.8019716430369537,0.1751997794960202,0.0914590708405263,0.8029003749255564,0.057383080319825065,0.35178759468294746,False,2026-08-07T18:04:28.860431+00:00
530848,3894,20.757946,66,0.71,-28.79734948999999,-0.007218661365186563,7.68105910718441,0.8166493497788906,0.0003,4402.903879740048,333.6779634823053,0.16048157089761406,-0.07790137840194633,0.8135867405990582,0.13994627187242953,-0.07460209921203224,0.8000087026870728,0.024838415061473995,0.18647931152918718,True,2026-08-07T18:04:29.997862+00:00
535856,3926,-22.97005,73,0.74,-23.348297379999998,-0.007003602884651627,12.961480838060378,0.8170951683074236,0.0003,1781.126824090416,822.0324236303092,0.15626137989345124,0.018292963286697446,0.8311341537895381,0.13762368287055204,0.07826230456049033,0.8028882703483032,0.06885866375777164,0.3390016021420128,False,2026-08-07T18:04:32.809563+00:00
540864,3945,-172.387016,600,0.73,-25.6638726,-0.0038993910609860906,5.003529449179768,0.8108959667384624,0.0003,1933.1357745823502,754.8026471732143,0.06873626507769932,-0.18921026425161575,0.8226710129601947,0.18681302692424726,-0.28478377785186726,0.8020057160150608,0.15330842340815595,0.036512656127035095,False,2026-08-07T18:04:35.400174+00:00
545872,3984,22.952432,21,0.71,-26.458429659999997,-0.0038993910609860906,5.003529449179768,0.8108959667384624,0.0003,4940.613921027136,294.3213178045072,0.14421000020930266,0.010916770214383146,0.8168903276482953,0.1558909391874198,0.08058912465005301,0.8029009104076686,0.0720165613088576,0.3406139107709062,False,2026-08-07T18:04:36.413813+00:00
550880,4015,23.783497,19,0.73,-22.984431800000007,-0.00691701358591672,9.62491744235158,0.7948240090161562,0.0003,1899.8165249534884,762.7683941929484,0.15610679921789636,0.023937038470566024,0.8254935135727629,0.15589093800111115,0.08058912681292199,0.8029009104076686,0.060991240579204846,0.34061391294792903,False,2026-08-07T18:04:39.049860+00:00
555888,4053,23.377556,20,0.75,-19.607210790000003,-0.00691701358591672,9.62491744235158,0.7948240090161562,0.0003,4877.351344523454,296.0852926089741,0.146384044651586,0.043036617207671046,0.8019377363842555,0.15336519919454167,0.1062591712416884,0.8028864501655304,0.06361389718587956,0.3663192611648704,False,2026-08-07T18:04:40.076652+00:00
560896,4080,16.053175,65,0.76,-16.868846440000002,-0.007588515719544375,11.839686635881662,0.7933114197105169,0.0003,1772.2838428445,812.005371380157,0.1456531885237582,0.04209973676337761,0.8020670160756084,0.15336519707960353,0.10625917254378807,0.8028864501655304,0.06462646321634638,0.3663192625050624,False,2026-08-07T18:04:42.902378+00:00
565904,4109,6.657896,86,0.73,-21.70377906,0.0023556210348033347,5.308090582489967,0.7912041313946248,0.0003,1756.7384906019215,816.3400572549801,0.08518904502536005,-0.2684569033112338,0.7899893630531627,0.18083584998313268,-0.05376597316916983,0.8029056921052274,0.23538763421232642,0.20728387893750733,False,2026-08-07T18:04:45.753117+00:00
570912,4140,17.354763,62,0.68,-26.31007723,0.0023556210348033347,5.308090582489967,0.7912041313946248,0.0003,4327.5632211378,330.2292599723743,0.14469652627900167,0.01697469866128138,0.8188767308049292,0.13851946989296296,0.09179435558462358,0.8028902598743624,0.0767574383401165,0.35244954503429266,False,2026-08-07T18:04:46.910351+00:00
575920,4191,-47.805844,141,0.69,-20.902714030000002,-0.008303596965561155,14.650806087255479,0.79036462046206,0.0003,1691.6273987421037,841.8402309272998,0.17278671014868052,0.02600016721323515,0.8439405739178505,0.13851947016868926,0.09179435312517371,0.8028902598743624,0.08478352976097447,0.3524495425626103,False,2026-08-07T18:04:49.870816+00:00
580928,4228,23.54848,20,0.73,-14.974981180000002,-0.008303596965561155,14.650806087255479,0.79036462046206,0.0003,4726.835646672932,300.2160654768776,0.16823789133745326,-0.008593673208361702,0.8711405094424385,0.14048903220061704,-0.022786099597221297,0.8028936722852678,0.07502702801095452,0.2380149415662134,False,2026-08-07T18:04:50.930302+00:00
585936,4244,-19.03301,10,0.75,-15.85419766,-0.009175157968275015,16.13048249334097,0.7826121356338263,0.0003,2063.5598173817434,685.2546691833594,0.14437866581240383,0.02943487526601385,0.8016007703365874,0.13879569207574108,0.086938410162724,0.8028784346561362,0.057788048483011396,0.3475857924610632,False,2026-08-07T18:04:53.357181+00:00
590944,4275,19.102017,71,0.67,-28.490909079999998,-0.008874744725471829,13.448574781417847,0.7753468103706836,0.0003,2043.4603645489242,689.5440814243718,0.14425084850904976,0.02109887382567556,0.8072679513373329,0.1387956943534573,0.08693841113121296,0.8028784346561362,0.06621080905836323,0.34758579328879735,False,2026-08-07T18:04:55.807923+00:00
595952,4312,23.41772,20,0.66,-30.590055160000002,-0.008874744725471829,13.448574781417847,0.7753468103706836,0.0003,4598.289637586884,305.34135747412904,0.15978483677624208,0.020877736895784642,0.8329054619898575,0.1814707680982573,0.08304030245077228,0.8028787285701574,0.07236068610467308,0.3437115694710413,False,2026-08-07T18:04:56.897030+00:00
600960,4340,12.9577,71,0.68,-30.809162809999997,-0.00823516865784768,15.129555712640286,0.7726494986563921,0.0003,568.0442513151916,2462.906713272436,0.16088548344013998,0.01870993030236554,0.8360385727071891,0.18147076934681783,0.08304030458446411,0.8028787285701574,0.07524444374388578,0.34371157167856037,False,2026-08-07T18:05:05.713243+00:00
605968,4376,-19.129162,10,0.77,-18.4036927,-0.00823516865784768,15.129555712640286,0.7726494986563921,0.0003,4569.498316764202,305.07331513520626,0.1453303796910935,0.03884843431263248,0.8032994715235484,0.15329339544312978,0.09539759896465727,0.8029033627768422,0.05710844547742659,0.3554608725225965,False,2026-08-07T18:05:06.809204+00:00
610976,4403,-164.488952,600,0.72,-23.37868209,-0.007842771620198618,15.082109373807906,0.7634841490536928,0.0003,1913.334187020763,725.9704077952205,0.14666991832868018,0.04129501719489061,0.803277674055543,0.15231037274367257,0.0958713891746428,0.8029033627768436,0.05486834436551963,0.35595445776170764,False,2026-08-07T18:05:09.426622+00:00
615984,4425,-44.491152,104,0.66,-30.739970869999997,-0.007789159336243756,9.562310394644737,0.7521058730781078,0.0003,1994.149669967263,694.038176193024,0.1445074291526184,0.019547823833342085,0.815234432825708,0.1492853474498104,0.07624605749638462,0.8028842104602327,0.05822410322401107,0.33641672812322115,False,2026-08-07T18:05:11.937970+00:00
620992,4445,21.745439,20,0.64,-33.2870774,-0.007789159336243756,9.562310394644737,0.7521058730781078,0.0003,4440.045630951395,310.5841954386653,0.15523018220288787,0.008224159328744773,0.8390727550287466,0.1492853459157598,0.07624605944092083,0.8028842104602327,0.07727826816989963,0.3364167301156294,False,2026-08-07T18:05:13.065889+00:00
626000,4485,23.479892,20,0.67,-30.121132699999997,-0.002280666120350361,5.093924106284976,0.7434208173304796,0.0003,1675.0922937893333,820.2533108738664,0.08507608722209618,-0.22784454096142653,0.8207499922925019,0.17357970508523882,-0.00129283375595397,0.8028864200661732,0.243880449452728,0.25906332479960675,False,2026-08-07T18:05:16.055573+00:00
631008,4519,-180.163535,600,0.71,-26.840414820000007,-0.007870752432063454,12.996403522789478,0.7259344935417176,0.0003,1677.88577013326,815.9029800290116,0.08638663964047338,-0.2057526465919122,0.8288932447922509,0.0954090389597424,-0.23613308853503648,0.7929076264632912,0.047951430308734846,0.06885943443697809,False,2026-08-07T18:05:19.040286+00:00
636016,4564,23.290067,20,0.79,-10.827426440000002,-0.007870752432063454,12.996403522789478,0.7259344935417176,0.0003,4384.445164989604,311.0961475562745,0.15046738487857322,-0.15265267617042022,0.8728714413374951,0.09053882196529364,-0.21794990165031694,0.7929076264632913,0.11937073342096595,0.08119769716677433,False,2026-08-07T18:05:20.182501+00:00
641024,4610,19.374509,69,0.73,-14.371576069999998,-0.008831728326913434,18.974272653460503,0.7126996595412493,0.0003,1971.2237480708961,689.4072787677899,0.08525709643286525,-0.24915770755361233,0.8056910076215569,0.15210392593018573,0.08808255002988095,0.8028776721800653,0.3438130375729389,0.34817209770603474,False,2026-08-07T18:05:22.723060+00:00
646032,4635,23.407225,20,0.75,-11.911599310000001,-0.008831728326913434,18.974272653460503,0.7126996595412493,0.0003,5230.628547750576,258.8537854752221,0.1446791119658291,0.037607408733324243,0.8021352790491076,0.15210392351117508,0.08808254951186395,0.8028776721785181,0.05102370831932839,0.34817209724301085,False,2026-08-07T18:05:23.680500+00:00
651040,4672,-9.180443,93,0.71,-20.07970417,-0.007934731119894423,9.935521063953638,0.6947693455964327,0.0003,1966.302941571288,686.0387438173873,0.16568698954259925,0.04241974287566989,0.8229213419574661,0.1511486217273408,0.10665213303780263,0.8028827090105057,0.06883829526546396,0.36675895838888,False,2026-08-07T18:05:26.227405+00:00
656048,4701,20.459639,24,0.67,-22.081066560000004,-0.00461402446453576,7.926831731200219,0.6735437165945768,0.0003,1756.4214878196092,765.1648589589726,0.1462817290190595,0.042972622007354314,0.8022218160701562,0.15114862157572756,0.10665213551835198,0.8028827090105057,0.06386864538749894,0.36675896087236587,False,2026-08-07T18:05:29.078659+00:00
661056,4717,-162.628671,600,0.64,-28.76679091,-0.00461402446453576,7.926831731200219,0.6735437165945768,0.0003,4324.963140037713,309.5850661951132,0.1506800370376913,-0.04114229754089371,0.8423081814595851,0.14844323064342288,-0.007502825979081048,0.8029064515907476,0.05185666462915142,0.2527615117190735,False,2026-08-07T18:05:30.236594+00:00
666064,4756,21.130198,22,0.66,-28.663536609999998,0.0019806560791039373,2.4304538087919356,0.6859028704464436,0.0003,1715.901785250404,777.3964754080239,0.16943185355185883,-0.001862434702637198,0.8357260327846472,0.146852413054479,0.029648828736812547,0.8029062606457015,0.0507929945954896,0.28994706936111186,False,2026-08-07T18:05:33.155174+00:00
671072,4791,21.732028,20,0.64,-32.08737637,0.0019806560791039373,2.4304538087919356,0.6859028704464436,0.0003,4255.808419804989,312.26217651519534,0.09219133543584382,-0.19961919326989214,0.842850353926029,0.15260134512283535,-0.0764694689417429,0.8028948624209491,0.14286939901145407,0.18367960127493002,False,2026-08-07T18:05:34.331923+00:00
676080,4820,21.22378,24,0.67,-22.22342363,-0.009856454482360277,15.612845496833325,0.6823111873120069,0.0003,1702.2010732783417,777.7694543748618,0.1466039803160125,0.043544949604497604,0.8020963949181927,0.14289681219787745,0.11385909284987505,0.8028972841898889,0.07041635647641174,0.3742501039940085,False,2026-08-07T18:05:37.273993+00:00
681088,4862,22.510857,21,0.67,-22.11624694,-0.009511628943437244,9.7453253865242,0.6577170930802823,0.0003,1870.5369024766694,705.0980914911142,0.15220152370564774,0.05105797383425993,0.80312338161082,0.14289681098891463,0.11385909502069928,0.8028972841898889,0.06348708231647229,0.3742501062178142,False,2026-08-07T18:05:39.951302+00:00
686096,4880,4.931105,98,0.67,-25.470807909999998,-0.009511628943437244,9.7453253865242,0.6577170930802823,0.0003,5376.693423844738,244.37026559354396,0.1442294384477786,0.023858982797598113,0.8034386812660689,0.15960746170929788,0.0793569066868312,0.8028997854089659,0.05759161018926054,0.33935713371367976,False,2026-08-07T18:05:40.882728+00:00
691104,4893,-160.449226,600,0.6,-36.75680265,-0.004779903168673627,4.099112151935697,0.6455821912735701,0.0003,1927.1325756088359,679.1935420356239,0.16228882142390239,0.04001363441873014,0.8211709598313213,0.16904499778422455,0.0863711214995427,0.8028997854089661,0.050284175863104325,0.3464892001112987,False,2026-08-07T18:05:43.481409+00:00
696112,4918,-14.928262,50,0.61,-39.22731835,-0.004779903168673627,4.099112151935697,0.6455821912735701,0.0003,5242.546321557509,248.7127285148389,0.1444038954673689,0.019802401415553245,0.8121749660182446,0.13921003931231907,0.0838049728964885,0.8028965510138336,0.06487984496687438,0.34443298601288247,False,2026-08-07T18:05:44.436672+00:00
701120,4957,2.97963,84,0.61,-39.434104180000006,-0.0014285484547144733,2.4914551503956317,0.6643028493970633,0.0003,1786.1111563483294,727.2111790934309,0.14739562441055296,0.011078481600568728,0.8278781887889517,0.13921003781431138,0.08380497487611444,0.8028965510138336,0.07733193957227356,0.3444329880793186,False,2026-08-07T18:05:47.240527+00:00
706128,4979,22.147082,22,0.62,-37.070886400000006,-0.00788165016710991,10.080651754885912,0.6688316624611617,0.0003,1753.3066203972317,737.961053102542,0.14545982412502761,0.041665611824538415,0.8021123191131654,0.1452954810480124,0.10958926873778328,0.8028857040190831,0.06792825848884881,0.369881670867507,False,2026-08-07T18:05:50.096844+00:00
711136,5015,6.903289,64,0.67,-26.79181905,-0.00788165016710991,10.080651754885912,0.6688316624611617,0.0003,4416.1948644072145,291.8494404283956,0.15437029402190297,0.054382927522584515,0.8033529354661274,0.14529548121313401,0.10958927121601006,0.8028857040190831,0.05594918155555031,0.3698816733372103,False,2026-08-07T18:05:51.230855+00:00
716144,5049,-16.412108,53,0.69,-22.388769880000005,-0.006391823371086502,9.804403515905141,0.6677984870970249,0.0003,1824.5104615608582,703.6714927365605,0.1094795915622069,-0.19346187245500118,0.8416976069288299,0.14432880494028633,-0.20660600227330553,0.8027909706377734,0.05386058084755402,0.05564625187591569,False,2026-08-07T18:05:53.975697+00:00
721152,5086,11.639589,75,0.71,-16.23263797,-0.009397966977849137,11.786631608009339,0.6776450652629137,0.0003,1911.0214491268423,669.1960472679748,0.17661862393765282,-0.012862610074680399,0.8184043124916898,0.18192261194530893,-0.021117065572422312,0.8035700332312404,0.01778550436525652,0.23988675927452724,True,2026-08-07T18:05:56.596291+00:00
726160,5142,24.33889,19,0.75,-12.23438797,-0.009397966977849137,11.786631608009339,0.6776450652629137,0.0003,4558.402781256035,279.44875894644014,0.14677164004457416,-0.0014522663603230117,0.8390890793554171,0.1475481073160005,0.06814910583551431,0.8028963655170642,0.078452956910189,0.32838526960273573,False,2026-08-07T18:05:57.694927+00:00
731168,5177,14.465805,71,0.78,-6.4667664500000015,-0.005196041206363589,8.27158664241433,0.6706471260637045,0.0003,1872.7506282452055,677.5232008272848,0.1512527833023887,0.02291601079824905,0.8210361112134071,0.15128389473580564,0.0757231097246911,0.8028963655170633,0.05583584009286821,0.33583623523109224,False,2026-08-07T18:06:00.369062+00:00
736176,5215,21.654992,19,0.73,-15.06860661,-0.005196041206363589,8.27158664241433,0.6706471260637045,0.0003,4842.4842471698485,260.98670341336305,0.15413727813131295,-0.0021235479660008834,0.84838680515083,0.15486972820157294,0.06297230388163857,0.8029044085606425,0.07941444963268553,0.3230130473577487,False,2026-08-07T18:06:01.403244+00:00
741184,5252,13.232454,88,0.73,-15.05269175,-0.009984076234104577,11.615058536827565,0.6562233965843915,0.0003,1849.2889381130892,680.7027144630116,0.16409875489048548,0.02368872760334791,0.8346878081116312,0.16523484981731398,0.08009079308150475,0.8029044085606422,0.06475081612538078,0.34013107942588355,False,2026-08-07T18:06:04.111313+00:00
746192,5284,-19.424829,10,0.71,-21.738101960000005,-0.01042150772846071,18.409670263528824,0.6506719347089529,0.0003,1746.7368179632265,717.8001786565628,0.13883964363039716,-0.10304321389808983,0.8712714448860056,0.16978436417000184,-0.058431954198752106,0.8028837460463476,0.08731905618946958,0.20180537869527954,False,2026-08-07T18:06:06.978387+00:00
751200,5332,24.012359,19,0.74,-13.606411700000002,-0.01042150772846071,18.409670263528824,0.6506719347089529,0.0003,4044.9151393098114,308.7333002029516,0.15199016667973358,0.0509984578208281,0.8027788504056961,0.17814110285554088,0.11392850216833192,0.802881772509032,0.06814743236108972,0.374368300403049,False,2026-08-07T18:06:08.216473+00:00
756208,5362,14.872891,69,0.72,-15.747603359999998,-0.005746079607342835,9.518532380461693,0.6527864590287209,0.0003,1888.8881284004137,658.4783827580583,0.15214179115233945,0.05095122365143537,0.8031221529234617,0.17814110057245885,0.11392850118655168,0.802881772509032,0.06813339385941242,0.3743682993117887,False,2026-08-07T18:06:10.867767+00:00
761216,5402,-19.579196,10,0.72,-15.671691639999999,-0.005746079607342835,9.518532380461693,0.6527864590287209,0.0003,4901.094017373214,252.75662854228156,0.04096800773500406,-0.22995514002211678,0.8089331508810121,0.18671215667166052,-0.2873333609586565,0.8028690677074442,0.15674945069073964,0.03821847636088527,False,2026-08-07T18:06:11.889586+00:00
766224,5432,19.181101,65,0.72,-16.644133800000002,-0.007184472087828908,9.090805488824845,0.6785425372421742,0.0003,1919.3720776167377,642.8018904661599,0.14623398692963754,0.04280615645097351,0.8019332804138462,0.1464328574138395,0.09585898657777095,0.8028841053622721,0.05306172256923875,0.3561175166796929,False,2026-08-07T18:06:14.498770+00:00
771232,5451,-159.911181,600,0.69,-24.717637489999998,-0.006159271022625035,6.8460743740201,0.7025091186165809,0.0003,1996.887550389028,615.3416098771385,0.14541391240033658,0.04160908331259548,0.8021499227181944,0.14643285980542908,0.0958589859264491,0.8028841053622721,0.054264437816877925,0.35611751593773067,False,2026-08-07T18:06:17.006675+00:00
776240,5483,23.088108,20,0.69,-26.487464690000003,-0.006159271022625035,6.8460743740201,0.7025091186165809,0.0003,5042.010064301303,242.71272456684054,0.1503107337823879,0.048454942702120654,0.8027330203465123,0.13483481789883578,0.11681823544869113,0.8028979654096228,0.07009330192295067,0.37765760810137267,False,2026-08-07T18:06:17.999932+00:00
781248,5507,23.60754,20,0.69,-28.860940969999998,-0.0015942688245559112,7.6661091085523365,0.7030277755111456,0.0003,1747.6332098221546,697.3728773007377,0.15256694014512634,0.051585048187129175,0.8031739220561549,0.1348348154275985,0.11681823522298788,0.8028979654096228,0.06760083645876026,0.3776576080408418,False,2026-08-07T18:06:20.865517+00:00
786256,5528,-39.755126,111,0.62,-41.07987663000001,-0.0015942688245559112,7.6661091085523365,0.7030277755111456,0.0003,4382.820413083273,276.9321773661592,0.09100311928127895,-0.15520028914370354,0.8595609318109714,0.11413846664176015,-0.17801734377641357,0.8710220213717909,0.03445604233691565,0.093938470093161,False,2026-08-07T18:06:22.008174+00:00
791264,5552,23.324416,20,0.62,-36.56812739,-0.004420184821356088,5.111699230223894,0.6883208211511374,0.0003,1739.9821067020675,694.6830058448231,0.14437236285848565,0.02929940724933741,0.8015912027656287,0.1573907843019438,0.08705639299195496,0.8028906290164662,0.05922024322420319,0.34706620106709507,False,2026-08-07T18:06:24.886353+00:00
796272,5579,-19.334243,10,0.61,-36.99360044,-0.0008944571018218994,2.9936999198049308,0.6934465818107128,0.0003,1749.83215516162,687.9105498486052,0.14435415664034287,0.024591437826783517,0.8056872274138598,0.15739078586766597,0.08705639492310757,0.8028906290164662,0.06387210290300926,0.34706620298642216,False,2026-08-07T18:06:27.748344+00:00
801280,5613,23.039716,21,0.59,-36.948711890000006,-0.0008944571018218994,2.9936999198049308,0.6934465818107128,0.0003,560.1495235785846,2140.000034886808,0.14970422413776244,0.04759410422848713,0.8025949843386794,0.16938611039423304,0.10888810548491365,0.8028851823349984,0.06437713453946618,0.3690074978053719,False,2026-08-07T18:06:36.688818+00:00
806288,5630,23.195751,20,0.59,-35.05457671999999,-0.012861455201345962,13.720322825759649,0.6837763004004955,0.0003,1880.5320218866113,634.7735566887231,0.15521154012673533,0.055642017754028404,0.8034149084130158,0.16938611287017855,0.10888810567246583,0.8028851823349984,0.0551030398507638,0.36900749805584176,False,2026-08-07T18:06:39.351896+00:00
811296,5673,23.286936,20,0.64,-28.602897079999998,-0.007904671852884348,8.0711224719882,0.6791825260967016,0.0003,1890.0311205725807,628.9335593796386,0.15099735660262972,0.049550868792200456,0.80266443001519,0.15395897322190463,0.10388074066608935,0.8028979359357418,0.05441103450447971,0.36393088276791713,False,2026-08-07T18:06:42.001584+00:00
816304,5713,-200.97855,600,0.68,-23.180687819999992,-0.007904671852884348,8.0711224719882,0.6791825260967016,0.0003,5114.109470527812,231.45691480042453,0.14569206556318776,0.040009346448705185,0.8020246586063426,0.15449433558150708,0.10482129979967349,0.8028979359357418,0.0654127806161574,0.36486284152844656,False,2026-08-07T18:06:42.980836+00:00
821312,5753,1.676954,96,0.7,-18.81252538,-0.007511318864271743,15.845534771680832,0.6768273510038852,0.0003,1854.900609911766,635.445367639438,0.15976208452338844,0.06287607441008732,0.8043606538820975,0.1446128409025929,0.12149074673411774,0.8029050790902398,0.06055822067985785,0.381800935709754,False,2026-08-07T18:06:45.680713+00:00
826320,5780,23.403783,20,0.72,-17.100108849999998,-0.007511318864271743,15.845534771680832,0.6768273510038852,0.0003,5147.056161890209,228.0293750610595,0.16085632029012792,0.06465825277539688,0.8046012974223404,0.14461284312111222,0.12149074785166684,0.8029050790902398,0.05913256466419106,0.38180093673698545,False,2026-08-07T18:06:46.653702+00:00
831328,5815,7.250247,70,0.66,-22.56183554,-0.008523451013024897,11.315225990116597,0.6520266722887754,0.0003,1749.71846184257,667.9200256990548,0.09342056855006615,-0.21997992457827664,0.8424785136947324,0.06973952203822815,-0.16990895285251,0.7928798904307857,0.07434996706883784,0.127527842677663,False,2026-08-07T18:06:49.515872+00:00
836336,5833,-95.963326,230,0.64,-25.65132154000001,-0.010279747568711172,13.68698313087225,0.6541826091706753,0.0003,1753.748707611593,663.5294982396756,0.07856052784889067,-0.15478287044120043,0.8811824629374825,0.09145721811208041,-0.2618274974805644,0.7928798957524035,0.13936362570346889,0.06856714005977198,False,2026-08-07T18:06:52.371468+00:00
841344,5857,-46.165081,142,0.61,-36.055931650000005,-0.010279747568711172,13.68698313087225,0.6541826091706753,0.0003,4525.699424814836,256.0170022885259,0.13636492896900337,-0.03896204790449491,0.8344262463532307,0.18664978835317725,-0.0559815479005824,0.8029001645899619,0.06174240272897767,0.20575164644860439,False,2026-08-07T18:06:53.478038+00:00
846352,5899,19.615421,22,0.63,-35.01387682,-0.005683372486964799,7.143049584329129,0.6597672399133444,0.0003,1766.7890782625489,652.9630583490426,0.08216025259787817,-0.26856019500085776,0.7669245500790869,0.14539920337396234,0.10238674653873997,0.8026688738346547,0.37799266529072306,0.36268076503868785,False,2026-08-07T18:06:56.312573+00:00
851360,5920,8.854891,64,0.64,-33.80360024,-0.005683372486964799,7.143049584329129,0.6597672399133444,0.0003,5235.166544500752,219.40849259257698,0.14694086686399616,0.04387334454582201,0.8020121532603275,0.14539426978557013,0.10239429098830106,0.8029009895798966,0.058548126913245346,0.3626885020179302,False,2026-08-07T18:06:57.269173+00:00
856368,5942,20.374632,21,0.61,-39.01612722,-0.009970727653126232,12.05086105465889,0.6440459925681352,0.0003,1900.4777852079567,601.7602567634643,0.17121738030511274,0.0006977795327312002,0.8670770107586797,0.16902057809350682,0.042020643407699926,0.8028789956755733,0.07637925215264202,0.30215532408604373,False,2026-08-07T18:06:59.904301+00:00
861376,5977,-19.300428,10,0.64,-30.899329950000002,-0.00836886945180595,9.51209416911006,0.6291218392550946,0.0003,1715.2598984762453,663.8201015551631,0.17109963961105917,0.009285089748688045,0.8575499658973429,0.17956261262132583,0.02678855390830822,0.8028891488130433,0.05801549874027516,0.28745498859019764,False,2026-08-07T18:07:02.823972+00:00
866384,6020,17.463112,61,0.67,-27.81546836,-0.00836886945180595,9.51209416911006,0.6291218392550946,0.0003,4940.624379807418,229.44792254054892,0.145995214862838,-0.14020902404138727,0.8572890471501969,0.15011876132654034,-0.1419363805569258,0.8335125300687707,0.024193184174338023,0.11847639897347033,True,2026-08-07T18:07:03.837611+00:00
871392,6058,-202.666107,600,0.69,-20.56637697,-0.007379271178797353,17.643291074037553,0.6117581367492676,0.0003,1797.622442601233,627.8337281809066,0.059315566403098714,-0.2054833052398266,0.816851609272861,0.18652189140905287,-0.30096374045757296,0.8028026020719693,0.15967259387327998,0.04879998725603308,False,2026-08-07T18:07:06.623514+00:00
876400,6098,20.93589,22,0.72,-13.65262386,-0.007379271178797353,17.643291074037553,0.6117581367492676,0.0003,4347.574221967042,258.44297132933866,0.15588791590595585,0.05658766004444399,0.8035000703455656,0.15107563637944743,0.11492147738005351,0.8028836031230756,0.05853522282371457,0.3750276769344815,False,2026-08-07T18:07:07.775420+00:00
881408,6131,23.717491,20,0.73,-18.27040095,-0.0049343212871463035,12.920229730010032,0.59767608307302,0.0003,1765.8741207335754,633.449455352637,0.14895963159792452,0.046549178893140086,0.8025822605250834,0.15107563844693672,0.11492147875385449,0.8028836031230756,0.0684056991820848,0.3750276782586944,False,2026-08-07T18:07:10.611414+00:00
886416,6161,-19.347443,10,0.74,-17.73397849,-0.0049840427382150665,13.312303303182125,0.5948296312242747,0.0003,1823.1343280265746,610.8074335945299,0.09311313268149904,-0.19714328863807917,0.8362198947352053,0.14202826686831085,-0.20311187855801927,0.8029009440930588,0.0594850139954595,0.059659379421464,False,2026-08-07T18:07:13.358330+00:00
891424,6193,23.499841,20,0.71,-25.80352673,-0.0049840427382150665,13.312303303182125,0.5948296312242747,0.0003,4981.264165190039,222.54912874264457,0.15321415656434584,0.052532250287606094,0.8032882468601099,0.159534605592805,0.11443832236219344,0.8029051473515709,0.06222906556311766,0.37443861158455355,False,2026-08-07T18:07:14.363704+00:00
896432,6226,-155.150875,600,0.7,-25.858233929999997,-0.006277905804745387,6.74079588279128,0.6002577435225248,0.0003,1850.193799032054,596.4607602605423,0.1546801398372414,0.05471823284184962,0.8035221733949327,0.15953460802511069,0.11443832286556306,0.8029051473515709,0.0599202447839264,0.3744386120848996,False,2026-08-07T18:07:17.070447+00:00
901440,6259,-147.011722,600,0.64,-24.83923095,-0.005594205102534033,8.443944509327412,0.5965420417487621,0.0003,1880.4855558540728,584.1895443334366,0.15376365430976097,0.05351914015727427,0.8031156494309223,0.155529771392032,0.10532841113601552,0.8028848957500888,0.0518398782421231,0.3653557594003044,False,2026-08-07T18:07:19.733603+00:00
906448,6295,-161.708717,600,0.62,-25.609352140000002,-0.005594205102534033,8.443944509327412,0.5965420417487621,0.0003,4842.657292317482,225.8165164268055,0.15402143261925466,0.05376780488373955,0.8034001279800655,0.15552976932106374,0.1053284097618357,0.8028848957500888,0.05158523547733386,0.3653557580515663,False,2026-08-07T18:07:20.767731+00:00
911456,6329,22.781326,22,0.67,-21.8188646,-0.004553968456457369,10.347498843073845,0.5829706963151693,0.0003,1790.3467056970242,608.0073745136443,0.18849710879041767,0.011700912083320612,0.8810871509808784,0.14796065681448978,0.08121607141309994,0.8029045454215105,0.11219661816424338,0.34142840124238083,False,2026-08-07T18:07:23.564955+00:00
916464,6363,23.550042,20,0.7,-24.649825370000002,-0.004553968456457369,10.347498843073845,0.5829706963151693,0.0003,4267.364726642787,253.91220798050637,0.1647299700049708,0.020753007775458902,0.8387835509162591,0.14796065454944773,0.08121607239421653,0.8029045454215105,0.07227928582402506,0.3414284023027565,False,2026-08-07T18:07:24.738514+00:00
921472,6400,-20.32457,11,0.73,-16.697788060000004,-0.009011406741046812,14.876227177679539,0.5761627864092589,0.0003,1738.917034952067,620.2297052255454,0.060829197726106024,-0.1844312077143107,0.8593241185901495,0.1833954175393162,-0.2879970195788751,0.8028948667700294,0.17009590261803786,0.036485321255799,False,2026-08-07T18:07:27.618474+00:00
926480,6430,-2.0576,80,0.75,-13.903938170000002,-0.009403739788831444,8.26471062451601,0.5603558991104365,0.0003,1786.116168311835,601.0359343058004,0.06436676810817753,-0.11525119809268856,0.8138192976370873,0.09324729949564967,-0.17697898117615357,0.7928787917642578,0.07129452351921625,0.106528928424034,False,2026-08-07T18:07:30.422314+00:00
931488,6455,21.208402,20,0.77,-12.675278129999999,-0.009403739788831444,8.26471062451601,0.5603558991104365,0.0003,4775.41411185001,223.7527416415108,0.04899512925031151,-0.17169922024710826,0.8714561355232522,0.05999405689075797,-0.290274169763159,0.7929020670318303,0.14265951331239274,0.10448786538166777,False,2026-08-07T18:07:31.471021+00:00
936496,6489,21.193803,21,0.73,-26.544418859999997,-0.001757333677232964,6.220659350603819,0.5422815587371588,0.0003,1935.4419239099898,549.4889755469923,0.14549960388197292,0.01703125535555606,0.8201807940071907,0.13834759552619702,0.07711012506571861,0.802897717069879,0.06292317981151946,0.3378047706017806,False,2026-08-07T18:07:34.058542+00:00
941504,6526,23.321737,20,0.75,-23.423340699999997,-0.001757333677232964,6.220659350603819,0.5422815587371588,0.0003,4794.1117041186535,220.79085038645198,0.14485329356328688,0.018078748731162386,0.818644691208009,0.13843543305775624,0.08150335933118548,0.8028977170698789,0.06566458221705175,0.3421835399049628,False,2026-08-07T18:07:35.103162+00:00
946512,6570,20.691146,24,0.77,-13.134133080000003,-0.00982997482205974,13.118466880917548,0.5176535554230213,0.0003,1885.3508294706442,558.7755782809883,0.12790555563036202,-0.15474969058014432,0.866822133430829,0.15062774868493056,-0.06812815327554715,0.802895958164442,0.11002792675684492,0.19210061077509552,False,2026-08-07T18:07:37.759429+00:00
951520,6591,24.430531,19,0.72,-19.82958713,-0.009452059552131686,16.096080686151982,0.5094219129532576,0.0003,1862.180383601594,563.0389028006849,0.1455767996636104,0.02993517849705533,0.8102135436006412,0.15957886016002307,0.09482470212431292,0.8028952077166921,0.06678522302746258,0.354824952048714,False,2026-08-07T18:07:40.448750+00:00
956528,6635,21.763798,20,0.68,-25.24634403,-0.009452059552131686,16.096080686151982,0.5094219129532576,0.0003,4234.786461472954,246.40486822493924,0.14498695956655575,0.039992918840369346,0.8022863942510057,0.15957885900965732,0.09482469992014508,0.8028952077166921,0.056743443670383996,0.3548249498459131,False,2026-08-07T18:07:41.631339+00:00
961536,6665,-164.728376,466,0.68,-27.332924050000006,-0.010208259462524438,22.76981597840786,0.5079449564218521,0.0003,1793.8066818699178,578.9163405933319,0.06189527844301744,-0.2258690544904263,0.8140291683678575,0.15399412289927308,-0.25608272554690176,0.8028986487632298,0.09756511433681342,0.007170467131919105,False,2026-08-07T18:07:44.423169+00:00
966544,6704,-110.964994,321,0.7,-24.019954789999996,-0.010208259462524438,22.76981597840786,0.5079449564218521,0.0003,4214.012586822796,245.2427416167701,0.15187110808746,0.050804265426836415,0.8027308163042857,0.15216378498267263,0.10646365449440678,0.8028943451105756,0.05566039878415038,0.3665474271239586,False,2026-08-07T18:07:45.611587+00:00
971552,6729,21.738147,20,0.71,-22.866638590000008,-0.008945778261113447,13.379101493954659,0.5034584004431963,0.0003,1812.8024594304359,567.3249143335386,0.14797425246680146,0.04526831041057945,0.8023912232405819,0.15216378743333378,0.10646365409901283,0.8028943451105756,0.06134065066493301,0.3665474266762637,False,2026-08-07T18:07:48.374159+00:00
976560,6759,-160.544726,600,0.63,-34.51632276,-0.007930948946159333,14.320196549594403,0.4892453569918871,0.0003,1870.5314055366287,547.1386350267611,0.08127680748040796,-0.17408310046772843,0.8181406650505545,0.04931010365813423,-0.21175775966701726,0.7928984662082016,0.05548349936188606,0.12074587738104459,False,2026-08-07T18:07:51.051473+00:00
981568,6794,20.423238,71,0.64,-32.26289983,-0.007930948946159333,14.320196549594403,0.4892453569918871,0.0003,5145.475067867118,197.92769113973307,0.16209048150388164,0.06673547825220183,0.8048570037219611,0.17216482038048905,0.11960190357816583,0.8028819672875759,0.05385398777679885,0.3797967720440192,False,2026-08-07T18:07:52.024761+00:00
986576,6824,23.154163,20,0.69,-22.272142499999994,-0.003916995535837487,12.95252684801817,0.5108373533934355,0.0003,1870.3400322226257,541.8394423155739,0.15506639006437464,0.05528969957309914,0.8035997152972616,0.172164822726692,0.11960190276141779,0.8028819672875759,0.0665502144297732,0.3797967713028387,False,2026-08-07T18:07:54.702346+00:00
991584,6879,9.942946,75,0.73,-20.64739986,-0.00885959499864839,19.760859340429306,0.530897805094719,0.0003,1867.226939317873,540.0607600318738,0.15706640258427462,-0.022718685406596814,0.863271854305526,0.1622737014903832,-0.0241937060891957,0.8028934750347025,0.060620461325224646,0.2358172554467039,False,2026-08-07T18:07:57.384400+00:00
996592,6908,19.475018,25,0.75,-13.80323181,-0.00885959499864839,19.760859340429306,0.530897805094719,0.0003,4449.137972140721,225.52863190196956,0.1435649402497339,0.002071280323256911,0.8323928155668545,0.14388062234863616,0.07236984208739654,0.8028910906528314,0.07623869892775463,0.33276049384665274,False,2026-08-07T18:07:58.510016+00:00
1001600,6946,-41.338777,199,0.72,-18.41669394,-0.007328585626964923,11.786494406312704,0.5348999764770269,0.0003,567.5654000820664,1759.092432089126,0.15261513907737467,0.02589658295300786,0.8206569528641756,0.14313044504219508,0.07451264411187758,0.8028910906531842,0.052622302150740846,0.3349377419091406,False,2026-08-07T18:08:07.333666+00:00
1006608,6968,-50.130732,300,0.75,-13.811295050000004,-0.007328585626964923,11.786494406312704,0.5348999764770269,0.0003,5120.7733795814365,193.99257228625848,0.14471030866896678,0.03855023483012452,0.8031681686686405,0.13992997186163378,0.10690464489837764,0.8028997365311502,0.06852188739069354,0.36745315956932445,False,2026-08-07T18:08:08.311654+00:00
1011616,7004,-163.369273,600,0.67,-28.82744923,-0.007026125579432119,11.309529188275338,0.5269926115870476,0.0003,1767.4228257831282,559.2232857816898,0.1452268894174315,0.041114889365206325,0.8021283338483344,0.13992996943215108,0.10690464436640773,0.8028997365311502,0.06600715329831779,0.36745315917084526,False,2026-08-07T18:08:11.145147+00:00
1016624,7031,-3.993934,147,0.66,-27.330034580000003,-0.005931000025884714,10.41097316890955,0.530815788730979,0.0003,1767.5440373558442,556.3516264472145,0.14843004316395692,-0.18509890957500716,0.8551972179932852,0.08223786679113727,-0.1712998825366302,0.7928984311305229,0.09193995978217631,0.11796041793418889,False,2026-08-07T18:08:13.978461+00:00
1021632,7059,17.424191,75,0.67,-27.92483684,-0.005931000025884714,10.41097316890955,0.530815788730979,0.0003,4311.93421988549,226.89770996227813,0.14862837725018951,-0.02982501589480057,0.8713881674330306,0.18386407536412155,-0.07239147898673005,0.8028978646305597,0.08800215781278835,0.18912020317716197,False,2026-08-07T18:08:15.139888+00:00
1026640,7091,-156.523064,600,0.66,-24.456566629999994,-0.0025829040707321836,10.613303022831678,0.5228804767131805,0.0003,1757.0924996131148,553.9605912689965,0.14617033037012184,0.01945473601505825,0.819349531715429,0.17053693318244925,0.07375375146966323,0.8028845556719736,0.061751193090212556,0.33392004069981357,False,2026-08-07T18:08:17.990051+00:00
1031648,7120,-166.476606,600,0.68,-26.28243623,-0.0025829040707321836,10.613303022831678,0.5228804767131805,0.0003,4843.3004588033855,199.93638805535653,0.14424309513943162,0.025844476314904254,0.8067511058962582,0.1736012533705143,0.07441336134064327,0.8028845556719737,0.05688398946981179,0.3346898419976271,False,2026-08-07T18:08:19.024059+00:00
1036656,7149,16.724545,62,0.63,-32.5461287,-0.007024247688968898,8.813075913488865,0.5165011290460825,0.0003,1900.632380544253,506.8544605791378,0.14450672797880523,0.032776638648933036,0.8018151627472131,0.14901171774741573,0.09296442257407429,0.8029049536783961,0.060365983060896695,0.35313542154520855,False,2026-08-07T18:08:21.658970+00:00
1041664,7169,14.601851,78,0.66,-28.681149279999996,-0.008520674572355346,9.968874111026526,0.5211887687444687,0.0003,1958.2417663473918,489.3859463469289,0.1449048749468963,0.03509076457391436,0.8026982469928505,0.14901171956247777,0.092964420880459,0.8029049536783961,0.05801955700139768,0.35313541979593527,False,2026-08-07T18:08:24.216369+00:00
1046672,7204,20.422404,20,0.63,-34.928604820000004,-0.008520674572355346,9.968874111026526,0.5211887687444687,0.0003,5071.237153434498,187.98726447931114,0.17599518911539289,0.016271294507171352,0.8567636779369048,0.13817946514853782,0.057261132567354024,0.8028802877984195,0.0775475050285539,0.3180106318649175,False,2026-08-07T18:08:25.203905+00:00
1051680,7232,-6.207288,130,0.63,-34.63987381,-0.007665955365519039,12.152773043513298,0.5129907067865134,0.0003,1886.7503287991005,502.62082138000585,0.18626562013306283,0.02657622080878668,0.8633070091619491,0.1398142324925635,0.07173035971004015,0.8028802877984189,0.08858903051951378,0.3323439434730486,False,2026-08-07T18:08:27.858200+00:00
1056688,7247,-154.022928,600,0.63,-34.75551659,-0.007665955365519039,12.152773043513298,0.5129907067865134,0.0003,4442.431730926427,212.3413610237475,0.18831792232215094,0.054482012328901944,0.8451185309000273,0.15571632269711522,0.1200128129662666,0.8028904252292882,0.08450066886613543,0.380036955978981,False,2026-08-07T18:08:28.985512+00:00
1061696,7283,20.939433,21,0.67,-30.842171280000002,-0.006116588606528239,8.563060937821865,0.49613595344126227,0.0003,1703.9991173794476,550.6481725430717,0.16180154899491792,0.06622785174980061,0.8047693107317901,0.1557163209183723,0.1200128146970109,0.8028904252292882,0.05416070947382313,0.38003695772966495,False,2026-08-07T18:08:31.924480+00:00
1066704,7316,3.275326,87,0.64,-30.027423019999997,-0.008496427421050612,9.423931705951691,0.49116990976035596,0.0003,1798.4378631431737,518.9481489056597,0.1803313947896789,-0.08537186720096955,0.8590475632799547,0.17962594762167505,-0.07357512832234565,0.8362281109382411,0.025698017609399715,0.18745508955501483,True,2026-08-07T18:08:34.709120+00:00
1071712,7351,23.636977,20,0.66,-24.68855618,-0.008496427421050612,9.423931705951691,0.49116990976035596,0.0003,4456.666194657069,208.2920190686235,0.04149567506801594,-0.21333473953771098,0.8270638341570736,0.18507774129999624,-0.29475132056067577,0.8029016122363569,0.16681811165775656,0.042854957582762615,False,2026-08-07T18:08:35.832834+00:00
1076720,7377,-20.157872,11,0.64,-26.012162020000005,-0.009322172951942775,16.655363585054875,0.4692380201071501,0.0003,1942.4380504556784,475.32017805324955,0.14554080770629646,0.04189318247629581,0.8021351778800894,0.15396384365382093,0.09706167093589939,0.8029070599926837,0.05581312977684055,0.3571126881461537,False,2026-08-07T18:08:38.411034+00:00
1081728,7405,19.021538,63,0.66,-26.719841510000006,0.0008052062388742342,6.294979090988636,0.45221422165632247,0.0003,1941.9440239507737,472.86223942327047,0.13970797164833276,-0.10291751885565575,0.8728633471724789,0.14649268757432987,0.06415917508815644,0.8028941955420216,0.18126316837481546,0.3244404695515014,False,2026-08-07T18:08:40.989894+00:00
1086736,7430,-151.940824,600,0.65,-29.504525790000002,0.0008052062388742342,6.294979090988636,0.45221422165632247,0.0003,5391.306445084458,169.3956760392783,0.1445696150930725,0.0333449284103326,0.8025971820854918,0.14003821690320914,0.08472468412943834,0.8028941955420222,0.05158004540811724,0.3453021584533528,False,2026-08-07T18:08:41.918796+00:00
1091744,7449,15.191831,68,0.63,-32.378042099999995,-0.007288414871436544,7.705295581370592,0.4675515417009592,0.0003,1880.89389575309,482.88529302517827,0.17245525986044744,-0.004807621269667639,0.8733018388001503,0.18447642634644393,0.004361686642873312,0.8029056118590963,0.0720014820598536,0.26549236676665044,False,2026-08-07T18:08:44.581363+00:00
1096752,7496,21.362018,20,0.62,-33.503807290000005,-0.007288414871436544,7.705295581370592,0.4675515417009592,0.0003,4282.655141359741,210.90841316567443,0.15658283994608668,0.057723911395317594,0.8037825802534455,0.15246989158957044,0.11850735896884995,0.8028873891427781,0.060929017801309944,0.37858225437313703,False,2026-08-07T18:08:45.750731+00:00
1101760,7522,-77.822276,233,0.65,-28.092603129999997,-0.01107573033805238,12.864517945051194,0.464800388738513,0.0003,1772.9333609844123,506.6405877213889,0.15161216342056216,0.0502503114654015,0.8029692702478806,0.15246989404193081,0.11850735857011475,0.8028873891427781,0.06826248520079861,0.3785822539257026,False,2026-08-07T18:08:48.575429+00:00
1106768,7550,15.43993,66,0.65,-29.028507129999998,-0.0067509058892028405,11.529078838229179,0.45024309530854223,0.0003,1721.3264280566773,518.9207493946575,0.14376850761648985,-0.09650004372934223,0.8687439497584872,0.13409021533636678,-0.08487612965617529,0.8028850808448319,0.06757348099976716,0.17703018642456594,False,2026-08-07T18:08:51.484821+00:00
1111776,7575,-206.052727,600,0.66,-27.152498779999995,-0.0067509058892028405,11.529078838229179,0.45024309530854223,0.0003,4359.922734264845,203.7247112246748,0.08847045050941486,-0.2085653462027417,0.8433662447669732,0.08246155118529862,-0.23237892329408869,0.7967378799949193,0.05270102206113851,0.08231120776044963,False,2026-08-07T18:08:52.633461+00:00
1116784,7610,7.139385,66,0.66,-31.2308536,-0.006999747823283542,10.216536772251128,0.440211321040988,0.0003,1855.0244518821785,476.12094768015345,0.15865539758418976,0.06104666822233013,0.8040081552010221,0.1701919003959369,0.1227872531914484,0.8028890776062064,0.06281912976249815,0.38292291135362316,False,2026-08-07T18:08:55.333159+00:00
1121792,7644,-157.509676,600,0.72,-20.01151771,-0.006999747823283542,10.216536772251128,0.440211321040988,0.0003,5017.219099903812,175.03879789041636,0.12377572507446821,-0.0655806000299651,0.8761289216723426,0.13680310064374301,0.12023778816592885,0.8029073196958594,0.20014891681431957,0.38094470949084214,False,2026-08-07T18:08:56.331319+00:00
1126800,7681,-54.72088,113,0.71,-19.189847559999997,-0.0070828231720952315,9.797603362053632,0.43392275683581827,0.0003,1836.6865253704052,475.4213568501579,0.15392868083386457,0.05358641660327094,0.8034061153749352,0.13680309919392766,0.12023779018145674,0.8029073196958594,0.06881816579577293,0.38094471159091353,False,2026-08-07T18:08:59.057965+00:00
1131808,7705,23.077436,20,0.72,-17.274366009999998,-0.0074675105694041125,10.60080097168684,0.4247950963675976,0.0003,1868.8644926346715,464.55588589841943,0.14749155349748916,-0.21289858320188362,0.825808295658942,0.1801064476082961,-0.1928398981037772,0.8238224620480755,0.03834091418907737,0.07010526743502365,False,2026-08-07T18:09:01.737669+00:00
1136816,7747,-153.954735,600,0.66,-27.15016034,-0.0074675105694041125,10.60080097168684,0.4247950963675976,0.0003,4205.109822345,205.27026319579954,0.14425915358433564,0.029003851567687276,0.8017119901837011,0.1739619148464036,0.08155361359936651,0.8029065417641449,0.06037514778164823,0.34183885974090716,False,2026-08-07T18:09:02.928605+00:00
1141824,7774,22.277637,60,0.69,-19.83226087,-0.006578571622958407,12.837482419610023,0.42700604610145093,0.0003,1914.5683902734254,448.2347062449105,0.16604793500932238,0.03508819207815514,0.8291383871067429,0.17396191302877315,0.08155361191457863,0.8029065417641449,0.05394233957426605,0.34183885798328667,False,2026-08-07T18:09:05.544335+00:00
1146832,7820,22.662049,22,0.71,-17.999297999999996,-0.006578571622958407,12.837482419610023,0.42700604610145093,0.0003,4240.3714701631725,201.20124050527335,0.16992626397429525,0.0225129148858018,0.8431366356042758,0.1703541194444703,0.050078561803702806,0.8028906610002001,0.04878305466181515,0.31025138562095594,False,2026-08-07T18:09:06.725369+00:00
1151840,7862,13.125001,64,0.76,-12.0947313,-0.004458406336198095,9.658327905088663,0.4435129791498184,0.0003,1736.5445500017652,488.41822111568507,0.15448366857790252,0.054420708863469884,0.8034970334890371,0.13505264268886763,0.11899126525745023,0.8028891478188863,0.06743360471691037,0.3798114660963414,False,2026-08-07T18:09:09.609254+00:00
1156848,7886,20.356512,73,0.74,-14.565129090000001,-0.0074105348583543675,10.425560254603624,0.45846231319010256,0.0003,1854.8254282110486,454.5721592857434,0.15370766365611924,0.053233322949509276,0.8033786660415002,0.13505264036225897,0.11899126438556493,0.8028891478188863,0.06835463688801562,0.3798114653791589,False,2026-08-07T18:09:12.309239+00:00
1161856,7914,17.563582,65,0.72,-19.34671539,-0.0074105348583543675,10.425560254603624,0.45846231319010256,0.0003,5228.187467378391,160.31253761072128,0.10795480705835861,-0.191335724093496,0.8383936168537153,0.04107895139914936,-0.18658876255281528,0.7928979998193799,0.08102323668772433,0.13975487678021406,False,2026-08-07T18:09:13.267128+00:00
1166864,7956,23.051724,21,0.69,-25.656819940000005,-0.007428949079621816,10.465520422160626,0.46650162898004055,0.0003,1879.7479627112305,443.216865519746,0.08478310695528851,-0.2687201743785482,0.7910248791364677,0.1795321580905878,-0.04372643648791889,0.8028983023906578,0.24441878602269898,0.2171537691910732,False,2026-08-07T18:09:15.931313+00:00
1171872,7991,11.454762,78,0.71,-21.689994740000007,-0.006529193396272603,10.427713638544082,0.45324587896466256,0.0003,1912.4198076643286,433.02626164043295,0.18919956788687192,0.07566731024173246,0.8358315244183936,0.1684690168494811,0.11007337042554236,0.8029067542927255,0.05193816719440435,0.37017026318238677,False,2026-08-07T18:09:18.549992+00:00
1176880,8015,22.398563,22,0.72,-20.821222239999997,-0.006529193396272603,10.427713638544082,0.45324587896466256,0.0003,4369.949258838012,188.35916649038418,0.1487864369035575,0.04624527058402618,0.8026102398614999,0.16846901931324235,0.110073370110158,0.8029067542927255,0.06679459753782299,0.3701702629234527,False,2026-08-07T18:09:19.695998+00:00
1181888,8032,-151.430748,600,0.69,-24.8201253,-0.0010396703859441915,5.167452146857977,0.4321951910853386,0.0003,1763.686526884894,463.86474440273,0.16114820785876013,0.022601198682635177,0.8327179622376368,0.1658741816363905,0.0860419187796754,0.8029059710041456,0.07025535293401927,0.346091773324095,False,2026-08-07T18:09:22.535512+00:00
1186896,8070,26.324056,58,0.65,-28.81090657999999,-0.0010396703859441915,5.167452146857977,0.4321951910853386,0.0003,4319.027119610822,188.26091559093217,0.15158215322466256,0.028655530247762784,0.8174377679034979,0.16587418367405768,0.08604192019651186,0.8029059710041456,0.06089854683685276,0.34609177477531256,False,2026-08-07T18:09:23.695027+00:00
1191904,8101,19.636357,22,0.65,-29.540230090000005,-0.003023474018118577,6.02077752314508,0.4434148855507374,0.0003,1730.122904761046,467.07433198892267,0.16133007239337724,0.05872085802605111,0.8079464449972088,0.17185069279848753,0.08896465470001265,0.8057067786603161,0.03209963856907052,0.3491658189882039,False,2026-08-07T18:09:26.589619+00:00
1196912,8130,12.81774,74,0.66,-26.0023915,-0.006964393195084994,9.154480405151844,0.45882194936275483,0.0003,1858.1069819991162,432.20762194002776,0.14464881421243278,0.03672668361904953,0.8023217453948865,0.17247227907295912,0.09057528118229975,0.8029017048440307,0.060614792001098816,0.3507970717114416,False,2026-08-07T18:09:29.284833+00:00
1201920,8150,20.823416,20,0.69,-23.366395079999997,-0.006964393195084994,9.154480405151844,0.45882194936275483,0.0003,544.9225765695226,1464.575031969113,0.14472490699452928,0.039065143772995276,0.8021995294609917,0.14265768574617385,0.09944448418907953,0.8028776638148334,0.06041852380663481,0.3598626030551548,False,2026-08-07T18:09:38.475130+00:00
1206928,8178,-19.193889,58,0.63,-31.178571580000003,-0.0007960997900227085,7.440206340700388,0.4762590076774359,0.0003,1823.8709108598732,434.8290195746925,0.14858309625101795,0.04614731956654168,0.8024276915226137,0.1426576882310022,0.09944448411034623,0.8028776638148334,0.05362742473470836,0.3598626028567654,False,2026-08-07T18:09:41.220945+00:00
1211936,8205,-159.260306,600,0.63,-34.06560577,-0.0007960997900227085,7.440206340700388,0.4762590076774359,0.0003,5100.715878140796,154.50066595107984,0.14907793085440835,-0.029757619528686816,0.8723622382852062,0.1442326803988694,0.10377387924912956,0.802877363203689,0.150606392569907,0.3641154261925255,False,2026-08-07T18:09:42.202762+00:00
1216944,8239,12.549315,68,0.66,-30.94016709,-0.007976668259652797,13.470888683199883,0.4906628761440516,0.0003,1918.0060944986976,408.26564745857314,0.14529084563711023,0.04079822115320446,0.8020002209981798,0.1442326782384403,0.10377388047289371,0.802877363203689,0.06299065615979768,0.364115427508695,False,2026-08-07T18:09:44.813816+00:00
1221952,8279,21.380759,23,0.71,-22.686168959999996,-0.00846001291720313,12.029211318492889,0.46497116461396215,0.0003,1889.0420330822653,411.8743714402659,0.18072006338830904,0.021973029092744758,0.8580587028011901,0.18202860736166962,0.09542006656550879,0.8028967495858096,0.09186414253337181,0.35610206859793064,False,2026-08-07T18:09:47.464890+00:00
1226960,8323,15.190753,66,0.73,-14.209295819999996,-0.00846001291720313,12.029211318492889,0.46497116461396215,0.0003,4119.48775209342,187.65439941098515,0.14786941148553087,0.04527931854673145,0.8021716441497226,0.18202860886216576,0.09542006458670947,0.8028967495858096,0.06067512634313104,0.3561020667157424,False,2026-08-07T18:09:48.680579+00:00
1231968,8359,21.70105,20,0.79,-7.17421435,-0.007256541799870319,13.122275276482105,0.441095619276166,0.0003,1769.9411908051354,433.93080176332126,0.0799209235938497,-0.2669330438979847,0.7847298767587427,0.17992301734736638,0.04935380805492931,0.8028357719143995,0.3322132070113399,0.3099946857259161,False,2026-08-07T18:09:51.510047+00:00
1236976,8399,28.858733,59,0.81,-5.949519520000003,-0.007256541799870319,13.122275276482105,0.441095619276166,0.0003,4224.133569425466,180.63443957426296,0.1470185704962245,0.04406806281561383,0.8021360152721019,0.13841960721040059,0.10422668081584532,0.8028851961816363,0.0607746884921999,0.3648654387182774,False,2026-08-07T18:09:52.695623+00:00
1241984,8447,17.514218,66,0.79,-7.0849297500000015,-0.004199732777487952,10.848663306981326,0.4332682237029076,0.0003,1716.2468173968064,441.6707389149041,0.14590648091468278,0.04223575743589158,0.8019650361888598,0.13841960945706097,0.10422667975264198,0.8028851961816363,0.062448173618742775,0.36486543752405404,False,2026-08-07T18:09:55.613615+00:00
1246992,8478,23.595281,20,0.77,-10.680899420000001,-0.006971868922119029,19.284769928455354,0.4292469289153814,0.0003,1832.3784381508824,410.94567820820185,0.15546445135540504,0.02263868690127218,0.8260003763340105,0.15954490619915015,0.07651694594736552,0.8028795540716668,0.05877150101585521,0.33651725367373025,False,2026-08-07T18:09:58.346673+00:00
1252000,8502,15.287174,91,0.76,-10.240192099999996,-0.006971868922119029,19.284769928455354,0.4292469289153814,0.0003,5165.190704902795,144.81556301299756,0.16262874716571624,0.0306193337876492,0.8276557152461675,0.15986026346045065,0.07674044592977991,0.8028795540716764,0.052427851851832324,0.3367404749228811,False,2026-08-07T18:09:59.316245+00:00
1257008,8537,14.561594,69,0.69,-22.05616234,-0.007463985415233765,13.638463573157788,0.4329643867909908,0.0003,1901.9806091930398,390.64120654480905,0.16377238598013272,0.021495797818205875,0.8363489922557024,0.14688653257469625,0.07928651621633655,0.8028853758090573,0.06888187572859862,0.33953984024578454,False,2026-08-07T18:10:01.949288+00:00
1262016,8563,20.89795,74,0.67,-26.843282199999994,-0.005745173813193105,7.641165568679571,0.448716239631176,0.0003,1864.9502406758368,395.71243452187923,0.1451672336891799,0.02152507285437866,0.8160154520120646,0.14688653316750314,0.07928651381097844,0.8028853758090573,0.05925992704328706,0.3395398378193261,False,2026-08-07T18:10:04.634613+00:00
1267024,8582,-150.091529,600,0.68,-26.10644479,-0.005745173813193105,7.641165568679571,0.448716239631176,0.0003,4401.919366679108,166.51281837381111,0.15091271463594952,0.04930919907705887,0.8027290118027741,0.1646778502372363,0.11952397964018252,0.802901383107331,0.07155154840753661,0.3795528071359289,False,2026-08-07T18:10:05.772304+00:00
1272032,8625,16.189703,65,0.69,-25.964893879999998,0.0007175526472565253,6.821142637729645,0.4578137632459402,0.0003,1892.0810883359582,384.7446097779198,0.1592309005790609,0.061998402130572776,0.8042710662239881,0.16467784821444756,0.11952398108200368,0.802901383107331,0.05779911335029293,0.3795528085527105,False,2026-08-07T18:10:08.419125+00:00
1277040,8643,23.831124,20,0.69,-23.50098343,0.0007175526472565253,6.821142637729645,0.4578137632459402,0.0003,4395.371166802123,164.48212734807413,0.12655837772795053,-0.06341574176039079,0.8734905230638558,0.1687077612174446,0.11444029170891358,0.8029002524628513,0.1959395964921378,0.37454152928677525,False,2026-08-07T18:10:09.558508+00:00
1282048,8675,20.851033,61,0.67,-27.874491719999995,-0.01213262316014152,11.290321545302868,0.4498999290168285,0.0003,1732.8639038014387,414.31528374790764,0.15464381264023958,0.054663065235908664,0.8035113253395383,0.16870776366911297,0.11444029134015735,0.8029002524628513,0.06141241641005214,0.37454152897511783,False,2026-08-07T18:10:12.448519+00:00
1287056,8718,20.778525,63,0.72,-18.33919312,-0.003519271752156783,6.8418333873152735,0.42183539383113383,0.0003,1799.8623893759054,396.11028276845667,0.14397170603019366,-0.20850236340944947,0.8149472468127297,0.1411725930405042,-0.17772525505631379,0.7997345295700012,0.034445496048350205,0.08440145086648151,False,2026-08-07T18:10:15.230954+00:00
1292064,8755,-151.679411,600,0.72,-13.973024129999999,-0.003519271752156783,6.8418333873152735,0.42183539383113383,0.0003,4941.880917678508,143.25233889540164,0.15130407660397058,0.036805614079771246,0.8113493695629959,0.15676793240320536,0.09314969379109281,0.8028838768518084,0.05723786863217181,0.35316448361307917,False,2026-08-07T18:10:16.244337+00:00
1297072,8775,-154.857811,600,0.71,-17.13764981,-0.008575874876987655,12.793168871849776,0.4227664556354284,0.0003,1946.67766477727,361.0911106233018,0.05366227866802915,-0.21264234055035292,0.8173342223406206,0.17329893484274012,-0.3154675883511436,0.8094219079467677,0.15795115005921034,0.05703959173629634,False,2026-08-07T18:10:18.816923+00:00
1302080,8812,20.170678,24,0.64,-23.946758529999997,-0.008575874876987655,12.793168871849776,0.4227664556354284,0.0003,4987.403776926958,139.93653436057485,0.13521633032118652,-0.17281146960230753,0.8326927181574004,0.14078819386996652,-0.2103630634333809,0.8158665537779387,0.04152454298827137,0.05322517230123883,False,2026-08-07T18:10:19.821058+00:00
1307088,8852,21.784332,20,0.72,-21.445224539999998,-0.0031930296958307736,11.175245821475983,0.42868299782276154,0.0003,1754.7697264072651,394.8734637784501,0.1549547129979354,0.055120341511972384,0.8035807307327409,0.14736177197414513,0.11002826746616948,0.8029059934974105,0.05543454118434723,0.3702440324051808,False,2026-08-07T18:10:22.675001+00:00
1312096,8879,23.29834,20,0.71,-16.631835820000003,-0.003683819289290113,11.268063514679671,0.41716052070260046,0.0003,1775.2258815437929,387.50223684310913,0.14825455984042002,0.04560368643721813,0.8024809861957751,0.1473617704873809,0.11002826945565754,0.8029059934974105,0.06443217054496252,0.37024403444425996,False,2026-08-07T18:10:25.496041+00:00
1317104,8923,18.78002,62,0.73,-12.965266060000001,-0.003683819289290113,11.268063514679671,0.41716052070260046,0.0003,4292.858885103229,159.07720665352795,0.16376722088911153,-0.019001470251351987,0.8416076196735227,0.14886343133307064,-0.02486927625797132,0.8028965621343547,0.0418939144299366,0.23539430836178568,False,2026-08-07T18:10:26.662633+00:00
1322112,8965,20.150417,22,0.69,-14.832018320000001,-0.00979386220278684,15.96544560790062,0.40651042088866235,0.0003,1742.8704307998673,388.9491657098642,0.021218331937125745,-0.18428598950699698,0.8391879181388588,0.17023110942302552,-0.2947722219520077,0.8028773293045383,0.18902506255904347,0.03624614489163788,False,2026-08-07T18:10:29.536052+00:00
1327120,8997,-154.835732,600,0.75,-9.370015660000002,-0.0028650091335293837,11.12048058360815,0.40045974776148796,0.0003,1854.425053198106,362.85100810063153,0.14572801219407214,0.04119776943430326,0.8027548420745595,0.15533757965877953,0.10674365405443652,0.8029053764975735,0.0662467315277297,0.36677328958450406,False,2026-08-07T18:10:32.236618+00:00
1332128,9026,-0.839516,71,0.73,-13.495287779999998,-0.0028650091335293837,11.12048058360815,0.40045974776148796,0.0003,5161.0356413642085,129.40658550140577,0.14519949998897963,0.041022082589741674,0.802158997049937,0.15533758036045717,0.10674365167157351,0.8029053764975735,0.06650310066813717,0.3667732871929138,False,2026-08-07T18:10:33.206973+00:00
1337136,9054,21.632478,66,0.72,-17.687144000000004,-0.0034557091785245575,7.390892270207405,0.39234131164848807,0.0003,1875.731084428585,353.3896758990547,0.061394686654415956,-0.19503980964893636,0.8120425733723337,0.23109178750631257,-0.24965626426599574,0.7928942650996662,0.17929506647473928,0.0718403446524139,False,2026-08-07T18:10:35.876863+00:00
1342144,9086,21.841607,20,0.68,-24.1783565,-0.0034557091785245575,7.390892270207405,0.39234131164848807,0.0003,5083.542216121294,129.40897744760727,0.14376226226399877,-0.2297071255506716,0.8327589385876,0.23109178718674933,-0.24965626671224753,0.7928942650996662,0.09804899973287522,0.07184034398396359,False,2026-08-07T18:10:36.862005+00:00
1347152,9110,23.370002,20,0.68,-26.290786180000005,-0.007016001468582544,11.889666514843702,0.4039473574608564,0.0003,2055.0650233770766,317.6775394323916,0.08407136945831734,-0.1784424774626222,0.8099125584589988,0.1714493598748647,0.10012073307896124,0.8028968598189333,0.2920301277332135,0.36030269251682345,False,2026-08-07T18:10:39.298906+00:00
1352160,9142,-154.262097,600,0.64,-34.39990623,-0.0018614271524711513,6.346789547801018,0.41861728094518186,0.0003,1739.9986822279957,372.32212105498144,0.15431881447081808,0.05427960603159157,0.8033294888451907,0.17144935759400223,0.10012073210227011,0.8028968598189333,0.04893926353141694,0.3603026914681465,False,2026-08-07T18:10:42.177070+00:00
1357168,9177,-303.400669,600,0.71,-26.733098809999998,-0.0018614271524711513,6.346789547801018,0.41861728094518186,0.0003,4315.6036578438,148.9552913024403,0.1674017225240037,-0.015153009167253054,0.8744759649317704,0.15574593131070721,-0.05511603950848106,0.8029058892597936,0.08279599624712754,0.2049281200009006,False,2026-08-07T18:10:43.337509+00:00
1362176,9200,-20.273203,11,0.69,-29.48067123,-0.009765787915239344,13.953957556188106,0.41463707610964773,0.0003,1778.3684475122825,358.65683564743676,0.15113681122668152,0.0496903924439803,0.8026373234141603,0.14738954195847595,0.10293282820873635,0.8028841458133069,0.053374712312380036,0.36315184350848223,False,2026-08-07T18:10:46.153585+00:00
1367184,9223,21.011078,20,0.67,-31.715079670000005,-0.009765787915239344,13.953957556188106,0.41463707610964773,0.0003,4513.769458403307,140.19679246619106,0.1452123789919666,0.040578369776046494,0.8021705546966229,0.14738953955881445,0.10293282885408281,0.8028841458133069,0.06239653682160696,0.36315184423676783,False,2026-08-07T18:10:47.263073+00:00
1372192,9247,-35.392755,101,0.66,-33.62562456999999,-0.002286805261974223,8.308319653570653,0.4014722779393196,0.0003,1922.3711159752638,326.58002129911233,0.11686328188295905,-0.16131447206731198,0.8404304290699497,0.08802875054746588,-0.16960773265674117,0.7928986781696592,0.056209213765974195,0.11554489492493415,False,2026-08-07T18:10:49.868188+00:00
1377200,9273,-47.163604,92,0.56,-47.7221472,-0.008086603707488394,10.378158327192068,0.4070498786866665,0.0003,1934.4622920253191,321.9499302557863,0.02632363941287138,-0.22387136345461547,0.8143139154906269,0.09139096872102512,-0.1915523339220947,0.7924363403476483,0.07587427302687222,0.09691378727792957,False,2026-08-07T18:10:52.457021+00:00
1382208,9297,19.243574,61,0.58,-40.34788713999999,-0.008086603707488394,10.378158327192068,0.4070498786866665,0.0003,5232.418819203818,118.07005924919542,0.07570108201389715,-0.1936683511961661,0.7991346765036306,0.09485284007611225,-0.21895415049660852,0.7957109073888958,0.03190428933680998,0.07699944290450204,False,2026-08-07T18:10:53.414137+00:00
1387216,9326,21.63372,20,0.63,-33.94508528,-0.006709589787351433,12.139133173227311,0.39656543731689453,0.0003,1826.8562513181714,335.4308799927989,0.10293554538707017,-0.07509027238026247,0.8799572317603502,0.06285118781537406,-0.10883549190043713,0.7928973435150182,0.10161161205142884,0.17969028971501644,False,2026-08-07T18:10:56.155459+00:00
1392224,9368,6.214924,68,0.72,-20.06541037,-0.006709589787351433,12.139133173227311,0.39656543731689453,0.0003,4202.616923971418,144.61846297084332,0.1449390071775436,0.040051920270514865,0.8022065901717482,0.13644098855103431,0.10096047658126635,0.8028984149832988,0.0615024160013764,0.3617284792136602,False,2026-08-07T18:10:57.347106+00:00
1397232,9404,13.636504,68,0.76,-12.565780559999999,-0.007350211490120273,10.354988410323859,0.38878003023564817,0.0003,1724.1334265234887,349.60635338728423,0.1447873930169516,0.0395702078113495,0.8022317694226576,0.13644099101682192,0.10096047627908941,0.8028984149832988,0.06195863059487736,0.36172847875153064,False,2026-08-07T18:11:00.251745+00:00
1402240,9433,20.338858,22,0.77,-9.996315850000002,-0.005252264979935717,16.32601216137409,0.3868202678859234,0.0003,677.1907124775453,882.7055495387068,0.17655085487053823,0.04140790431937427,0.8377838815967176,0.18671015065611932,0.055900916145236665,0.8028930950457559,0.03912321138133066,0.3170281075385469,False,2026-08-07T18:11:07.647000+00:00
1407248,9461,20.650882,61,0.75,-16.628819649999997,-0.005252264979935717,16.32601216137409,0.3868202678859234,0.0003,5228.680707344272,113.36549947817868,0.1502069957686682,0.025780551282641458,0.8180908835809062,0.18674244256043854,0.06530644850364199,0.8028930950457559,0.055929493111939836,0.3264038046226653,False,2026-08-07T18:11:08.604801+00:00
1412256,9491,19.835043,24,0.72,-21.858657519999998,-0.0052317832989501765,8.720126036554575,0.4029806960374117,0.0003,1982.6767648002449,296.4396468625663,0.10107257894025558,-0.16680696335183384,0.853730700406264,0.08198999419635224,-0.16999513741270447,0.7928894203938741,0.06384333048875733,0.11910682723858909,False,2026-08-07T18:11:11.130704+00:00
1417264,9520,20.746228,22,0.72,-22.99731253,-0.0006929193346877583,5.826656862348318,0.4251015715301037,0.0003,1689.6691262305865,344.881723263774,0.1471761368297957,0.03427747423577004,0.8088041656957069,0.15637311567192944,0.08828665747338942,0.8029030625195269,0.05510353266818129,0.34830554124778906,False,2026-08-07T18:11:14.094572+00:00
1422272,9554,28.905792,59,0.69,-23.05926341,-0.0006929193346877583,5.826656862348318,0.4251015715301037,0.0003,4333.41278039691,133.31940188423133,0.1447754526551987,0.03765966103121774,0.8033445086196376,0.15637311813771013,0.08828665718957354,0.8029030625195269,0.051940287439729414,0.3483055409383125,False,2026-08-07T18:11:15.250246+00:00
1427280,9569,-184.251325,600,0.61,-35.1498269,-0.003216142745804973,8.600999243557453,0.43989711701869966,0.0003,1754.6014526929216,326.41030766331727,0.14651393426846163,-0.2012486183140152,0.8168843293772248,0.14722633019225162,-0.23305326207857416,0.8014237127353966,0.03537051794769631,0.02982102152783155,False,2026-08-07T18:11:18.104455+00:00
1432288,9592,23.644176,20,0.59,-35.07914591000001,-0.003216142745804973,8.600999243557453,0.43989711701869966,0.0003,4699.899856352058,120.79236097610035,0.14540952360704,0.03292458275597594,0.804782859022117,0.1387318845507773,0.08728319365652148,0.8028786388146167,0.05480032387679187,0.3479338289546368,False,2026-08-07T18:11:19.170014+00:00
1437296,9613,13.919919,74,0.57,-39.1699888,-0.003468391444766894,5.61122830696404,0.44168463051319123,0.0003,1906.26114786735,295.18725733330456,0.1561609977436958,0.03611528466464693,0.8173718055242418,0.1387318857462496,0.08728319582530476,0.8028786388146167,0.055964104199365865,0.34793383104628894,False,2026-08-07T18:11:21.797166+00:00
1442304,9627,-174.50659,600,0.55,-47.3984248,-0.009611322802811628,8.25835760757327,0.4515022236853838,0.0003,1862.3076762534315,299.4650170384124,0.14470830577583013,0.036070814723787425,0.8033303293195697,0.16256617885934857,0.08635643656920161,0.8028895173412728,0.05336423625095049,0.3463659429373124,False,2026-08-07T18:11:24.486291+00:00
1447312,9669,-34.68792,95,0.55,-43.85496597000002,-0.009611322802811628,8.25835760757327,0.4515022236853838,0.0003,4731.390515268113,116.81301685339345,0.14460970113513963,0.03292587946263451,0.8054120228980567,0.1625661770360605,0.08635643489127892,0.8028895173412728,0.05642359714231095,0.3463659412459273,False,2026-08-07T18:11:25.544744+00:00
1452320,9705,-20.952784,12,0.59,-35.44126159,-0.006946072449500207,17.095360915362836,0.44645909033715725,0.0003,1793.394086132131,305.3874238992271,0.08496352390581698,-0.21547462754941007,0.8292664090427804,0.14972507136029817,-0.007985050997807375,0.8028936928577373,0.2189554807837412,0.25222432214028984,False,2026-08-07T18:11:28.337212+00:00
1457328,9733,-26.576016,82,0.58,-26.637415679999993,-0.006946072449500207,17.095360915362836,0.44645909033715725,0.0003,4362.146469996617,124.40480935992524,0.15769683249943903,-0.00036463819036220216,0.8499404599665231,0.17017062680765363,0.013882750213208277,0.8028862183254721,0.05072164505593503,0.27407152809807006,False,2026-08-07T18:11:29.485275+00:00
1462336,9762,19.415936,23,0.58,-27.80632361,-0.009852861397666857,12.126702776551246,0.43900568783283234,0.0003,1729.5754318653444,310.86473020730307,0.11976292265166913,-0.2714630393996193,0.8383361539502379,0.06891410355607841,-0.227260511008817,0.7928855370375285,0.08127253224369016,0.09679108776326775,False,2026-08-07T18:11:32.380781+00:00
1467344,9799,-146.024434,600,0.61,-27.769157900000003,-0.005138273393095005,10.326399420946837,0.4305408261716366,0.0003,1719.843619812168,309.7118795359858,0.14650488341407059,0.04331323935893627,0.8020809262211068,0.13614054468154949,0.09693138436038849,0.8028811363895666,0.05461652979705777,0.35772795075240704,False,2026-08-07T18:11:35.292681+00:00
1472352,9836,-150.529163,600,0.7,-19.372371819999998,-0.005138273393095005,10.326399420946837,0.4305408261716366,0.0003,4616.79311762879,114.28885517638331,0.14481788325420814,0.039598515683309216,0.8022450655561826,0.13614054622252872,0.09693138630631327,0.8028811363895667,0.05798929916752365,0.3577279525912197,False,2026-08-07T18:11:36.377410+00:00
1477360,9862,23.496752,62,0.73,-15.705248600000003,-0.007063760329037905,12.665797552466392,0.42605024874210357,0.0003,1947.1677853842145,268.410356787447,0.14231736072972462,-0.10309074767654543,0.8777433054471073,0.14441215469493018,0.030401876974609787,0.8028943476105672,0.15305892815261393,0.29081992894509684,False,2026-08-07T18:11:38.949355+00:00
1482368,9883,4.124334,109,0.7,-21.31191037,-0.007063760329037905,12.665797552466392,0.42605024874210357,0.0003,5202.849589012255,99.49009502276826,0.15366745568607432,-0.2241019291528368,0.8127822212364473,0.1344882121610484,-0.2026605382761848,0.8059664336178479,0.029564025195826717,0.062758785755594,True,2026-08-07T18:11:39.911911+00:00
1487376,9913,-155.188768,600,0.68,-26.75228314,-0.0068572105301427655,7.550320354104042,0.43669633008539677,0.0003,2005.2594252348283,255.6397409477173,0.14467904831992826,0.03767130041192214,0.8021309187941572,0.14353940313721483,0.09404220641916876,0.8029012155724349,0.05638768653125379,0.35442465373508153,False,2026-08-07T18:11:42.409339+00:00
1492384,9942,20.855995,64,0.63,-34.77117896,-0.00853176581877051,9.512856882065535,0.4432777468115091,0.0003,1825.322070398873,278.0966757768259,0.14474194896159756,0.03526173615445324,0.8022331387427751,0.1435394054215639,0.09404220738815047,0.8029012155724349,0.05879656653301716,0.3544246545969253,False,2026-08-07T18:11:45.152963+00:00
1497392,9967,-20.335466,12,0.65,-33.06659345,-0.00853176581877051,9.512856882065535,0.4432777468115091,0.0003,4423.326871641848,113.62669198657757,0.149705204007372,0.04770638341719449,0.8025909250522006,0.17563323279082949,0.09780019591706542,0.8028947707814114,0.05640695923017996,0.35814156162861444,False,2026-08-07T18:11:46.285149+00:00
1502400,9983,-99.632056,282,0.61,-41.177571130000004,-0.005029159251716919,8.818860409408808,0.4505059070885181,0.0003,1775.4634134961452,280.26485717334685,0.040100291494390566,-0.22338950336422342,0.8124483514689937,0.18562947174184632,-0.2964415925155486,0.8028810547315514,0.16311616474075125,0.044551761882504544,False,2026-08-07T18:11:49.105819+00:00
1507408,10007,23.814346,20,0.63,-40.13394546999999,-0.008523032060475088,8.161681405827403,0.45434239245951175,0.0003,1754.771338942177,280.7157770749479,0.08144122019255315,-0.2670418120058298,0.7898209766492037,0.14614187668900713,0.06104904879698187,0.8028902805343654,0.3346648989622975,0.3213480034404283,False,2026-08-07T18:11:51.959758+00:00
1512416,10027,-64.178446,194,0.58,-48.98023774999999,-0.008523032060475088,8.161681405827403,0.45434239245951175,0.0003,4485.95081894741,108.6913387326006,0.1583286665020515,0.02750703888778827,0.8251884189854558,0.1388778846064106,0.08284366161810774,0.8028913776137745,0.06275056004116591,0.34349369727902096,False,2026-08-07T18:11:53.076123+00:00
1517424,10049,24.308079,60,0.6,-44.59192105,-0.002615533750213217,8.502127709239721,0.4373152282088995,0.0003,1938.4722891730823,248.94655584984312,0.15848724629569158,0.015609938073506075,0.826798310767189,0.1429369922879283,-0.0037498150249376722,0.802787079809848,0.03454199837625832,0.25681764645743466,False,2026-08-07T18:11:55.659604+00:00
1522432,10074,11.687489,65,0.59,-44.69333927999999,-0.002615533750213217,8.502127709239721,0.4373152282088995,0.0003,5073.7188891916285,94.12582967837398,0.1515672935286802,0.05015075263028413,0.8030133361887941,0.17552400428509185,0.1021570021588142,0.8029068223502862,0.057258932276876215,0.36248957077646093,False,2026-08-07T18:11:56.646660+00:00
1527440,10095,23.573222,20,0.58,-44.1818974,-0.006606836534047034,8.287326084822416,0.44001340232789515,0.0003,1952.9788360324574,241.9688279674457,0.14878317578771968,0.04626281657185352,0.8026073154827886,0.17552400465541176,0.10215700461454125,0.8029068223502862,0.06196226181996754,0.36248957324579434,False,2026-08-07T18:11:59.210944+00:00
1532448,10115,29.07317,58,0.59,-41.09718539000001,-0.004016468189365696,5.689955040812492,0.4505358349531889,0.0003,1871.8978055250777,249.77431920694468,0.15896220104270442,0.02142675790773802,0.8309909307342163,0.1381721480699407,0.078798217500743,0.8028788451748854,0.06718630837408218,0.3395006440370347,False,2026-08-07T18:12:01.886301+00:00
1537456,10144,19.064504,65,0.58,-41.90622522999999,-0.004016468189365696,5.689955040812492,0.4505358349531889,0.0003,4328.203473677487,106.86743421676441,0.14575033604321502,0.02648067122588657,0.8127679564823306,0.13817214973020817,0.07879821933457239,0.8028788451748854,0.053780565916977295,0.3395006457603247,False,2026-08-07T18:12:03.043367+00:00
1542464,10166,15.836764,66,0.59,-44.27671517000001,-0.005178702008561231,8.40844505429268,0.452797818556428,0.0003,1750.611935422359,261.357751962095,0.1447330395559995,0.032715498457557855,0.80413900232155,0.1549535533554001,0.08191517401054899,0.8028888856878256,0.05026559229175804,0.34195241312557045,False,2026-08-07T18:12:05.904079+00:00
1547472,10192,19.357349,66,0.64,-37.04579006,-0.005178702008561231,8.40844505429268,0.452797818556428,0.0003,4363.159492076443,103.7156676994726,0.14441981301229315,0.02933190118018813,0.8028916436855253,0.15495355498482502,0.08191517215024369,0.8028888856878256,0.05362797883065069,0.3419524112414211,False,2026-08-07T18:12:07.051875+00:00
1552480,10221,-154.263295,600,0.7,-30.354452590000005,-0.007965643175703007,16.58734532892704,0.43837188743054867,0.0003,1713.3984701416598,261.1885138213063,0.09489150537512128,-0.182457383804945,0.8360343345432779,0.05751287956938245,-0.20187931723721378,0.7928952888748241,0.060293867238367375,0.11782030223595738,False,2026-08-07T18:12:09.974717+00:00
1557488,10247,-163.919317,600,0.68,-33.74064336,-0.008018839327269234,15.153846822679043,0.43379611931741235,0.0003,1931.3884994658702,229.11599614597358,0.0896796091517032,-0.16684432912317154,0.8773797814799266,0.04255836452200763,-0.19783539078762927,0.7929156461247053,0.1015630235855893,0.13287955592291995,False,2026-08-07T18:12:12.567684+00:00
1562496,10270,-162.857692,600,0.7,-28.542439010000002,-0.008018839327269234,15.153846822679043,0.43379611931741235,0.0003,4919.94015799967,88.92465882712659,0.1423352413852594,-0.047526522079724694,0.8692865683698048,0.16211621499736864,0.05291574450293028,0.8028849704103763,0.12202093281429079,0.31292290028653746,False,2026-08-07T18:12:13.585582+00:00
1567504,10305,-18.78463,10,0.68,-29.741755010000002,-0.00315616421867162,9.481128799170255,0.4435829449445009,0.0003,1887.176145099927,229.1762754223979,0.17650434112193442,0.0010449382505687728,0.8741001672398229,0.14235166713700256,-0.08161154031014393,0.8028816203877328,0.11432663733400868,0.17925932668445052,False,2026-08-07T18:12:16.239274+00:00
1572512,10333,1.179042,89,0.71,-26.52019752,-0.00315616421867162,9.481128799170255,0.4435829449445009,0.0003,4969.7496826043525,86.01801444775761,0.17092088362368246,-0.10206176828608063,0.8547137913993035,0.17376973189938355,-0.08588154929521492,0.8241497182245958,0.0346998269753499,0.17466207485431856,True,2026-08-07T18:12:17.246980+00:00
1577520,10356,23.566706,20,0.73,-21.14603437,-0.006705083123961231,11.553147582709789,0.4505539175122976,0.0003,1793.9840920593704,235.49818633844296,0.04253499939204631,-0.169181713640315,0.8716613820528669,0.05324133648596657,-0.2875479177020414,0.7929065790923462,0.14257455210275555,0.11025561212483045,False,2026-08-07T18:12:20.038520+00:00
1582528,10394,15.258836,69,0.73,-22.79172574,-0.008872596340370364,17.49177738726139,0.4382968697696924,0.0003,1703.0962376098262,245.1253139904132,0.14914039499519466,-0.12947422694621658,0.8752408470103394,0.1417448933724804,-0.11558995957867349,0.8469017878813881,0.03241247594521574,0.14555929613896623,True,2026-08-07T18:12:22.979052+00:00
1587536,10408,19.36573,62,0.71,-25.68308737,-0.008872596340370364,17.49177738726139,0.4382968697696924,0.0003,4438.477892105539,92.92915500010164,0.11020919923536805,-0.15295112448108003,0.8780898216581164,0.07176001369667775,-0.18750923609634443,0.7928379066792237,0.09970201579993283,0.11419809995856338,False,2026-08-07T18:12:24.107367+00:00
1592544,10429,26.082276,58,0.66,-33.34434675,-0.0038160878408234566,9.843210028856992,0.4448872175067663,0.0003,1788.7853081166452,227.7836239772102,0.08513354049646073,-0.26810540842656866,0.7899612442272578,0.15419214842857015,0.07903150606529051,0.8028827728992384,0.35417523153895164,0.3390812487366043,False,2026-08-07T18:12:26.907030+00:00
1597552,10453,23.467395,20,0.66,-35.419394770000004,0.013013645078899572,4.748295226693154,0.4633879564702511,0.0003,1832.6279942378646,219.6015783156069,0.1450662428351412,0.028943288820544658,0.8103243717316779,0.145148196110537,0.08981618942058318,0.8028827736267693,0.061326129228547424,0.3501313217344435,False,2026-08-07T18:12:29.639727+00:00
1602560,10485,19.601973,63,0.66,-39.81313552,0.013013645078899572,4.748295226693154,0.4633879564702511,0.0003,354.5754731603439,1120.88971201985,0.18037999182247777,-0.07934159154149414,0.8228671182966523,0.18379912523733782,-0.0591063243323826,0.8037009884533506,0.028080189556038557,0.20229846090691925,True,2026-08-07T18:12:43.763672+00:00
1607568,10510,21.255163,20,0.68,-35.13364223000001,0.0019993385511043018,15.394419926404954,0.4659448966383934,0.0003,1854.4620540268522,211.61500670658515,0.14639968194055114,0.043188229545773504,0.8019731500251679,0.17780705223916993,0.11727380191595159,0.8028888625142282,0.08047318479999456,0.3776938081588911,False,2026-08-07T18:12:46.464168+00:00
1612576,10543,16.179937,65,0.69,-30.636695000000003,0.0019993385511043018,15.394419926404954,0.4659448966383934,0.0003,4213.917903019044,91.93914283959629,0.15139644881720385,0.049988913596019924,0.8029150518186061,0.1778070545483792,0.11727380283373003,0.8028888625142282,0.07228261963085021,0.3776938091845207,False,2026-08-07T18:12:47.652612+00:00
1617584,10563,-32.22606,86,0.68,-29.15387019,-0.006257391299732263,17.326847553253174,0.45593128763139246,0.0003,1745.4326773089072,219.09524496218648,0.08487248468149325,-0.2679009150223266,0.7899328126116614,0.16458502586873425,0.04482050561420632,0.8028988593908449,0.3229812603178997,0.3048549870104102,False,2026-08-07T18:12:50.521814+00:00
1622592,10598,24.049975,19,0.67,-30.550033720000005,-0.0072806637646863235,15.628443138301373,0.4493306644260883,0.0003,1737.9186891911604,217.16090766918924,0.18056405549806132,0.025304792241347962,0.8556042627047429,0.14456035917610022,0.09206389067484443,0.8029002529331095,0.0923620918911308,0.3524022781224319,False,2026-08-07T18:12:53.403429+00:00
1627600,10625,23.89991,19,0.72,-25.657357009999995,-0.0072806637646863235,15.628443138301373,0.4493306644260883,0.0003,4720.069613645525,78.89714145812745,0.1580182014237782,0.02227569634865081,0.8288980720660399,0.14456035845581294,0.09206389304267638,0.8029002529331095,0.07567953841576319,0.3524022805195478,False,2026-08-07T18:12:54.464426+00:00
1632608,10644,23.672384,20,0.72,-28.241381240000006,-0.004137055514729582,11.636591617763042,0.4545080907642841,0.0003,1977.6675875035953,185.77035004338518,0.12809048204281348,-0.15435673550121334,0.86688277480558,0.16145450788697072,-0.048302382828229705,0.8029024210595993,0.1282738071738576,0.2117026138464017,False,2026-08-07T18:12:56.996701+00:00
1637616,10686,-34.096675,114,0.73,-22.796087280000002,-0.004137055514729582,11.636591617763042,0.4545080907642841,0.0003,4418.806363142762,82.00947727029697,0.14231547788546478,-0.15759823744783827,0.8329245798904882,0.1418709834134437,-0.1917823120848033,0.8028861335140824,0.04550886501363726,0.07058550975158291,False,2026-08-07T18:12:58.130044+00:00
1642624,10715,-19.255887,10,0.71,-20.59817673,-0.0049601317776250655,8.968142134696246,0.4585569236427546,0.0003,1892.1315380322046,188.87481806453425,0.16014983438531663,0.0635137485274124,0.8044328018728112,0.16277549657647597,0.11892648651721577,0.8028854784098365,0.05549648496407455,0.37893665112460123,False,2026-08-07T18:13:00.776790+00:00
1647632,10744,19.755693,57,0.65,-25.905354659999997,-0.004445330919406842,8.494322665035725,0.4662654723972082,0.0003,1788.3628379093436,197.03384152845072,0.15621361810464815,0.057144788410515554,0.803607993034271,0.16277549444300335,0.11892648524452183,0.8028854784098365,0.06213339128159229,0.3789366498363149,False,2026-08-07T18:13:03.577120+00:00
1652640,10759,12.609749,61,0.66,-24.550834529999996,-0.004445330919406842,8.494322665035725,0.4662654723972082,0.0003,4496.004965815072,77.25970114381931,0.010451453716839934,-0.23617324037340717,0.7976374917122231,0.05106588209406027,-0.22550859958648808,0.7959968659277031,0.042023303160118326,0.11426416212632197,False,2026-08-07T18:13:04.691001+00:00
1657648,10784,-19.225653,10,0.57,-38.949476270000005,-0.0028639694515732116,7.507880487293005,0.47095207013189794,0.0003,1752.8561257786016,195.31095277310942,0.14687993384525472,0.03941106074817349,0.8050790784972901,0.17417540340666565,0.10780659672902886,0.8029077411411656,0.07367297134363791,0.3680796580349588,False,2026-08-07T18:13:07.548051+00:00
1662656,10803,-74.478077,180,0.58,-42.435811109999996,-0.0028639694515732116,7.507880487293005,0.47095207013189794,0.0003,4437.982750559209,76.01291374048105,0.14976248881539977,0.047633656787507216,0.8027383480802025,0.17417540581453536,0.10780659734515056,0.8029077411411656,0.06493690773180892,0.3680796587433548,False,2026-08-07T18:13:08.676505+00:00
1667664,10826,-61.530667,141,0.56,-48.96038281999999,-0.002037492804811336,6.355033210664987,0.4793008279055357,0.0003,1875.5793409663472,177.19111782750383,0.1873028828219317,-0.04434601338790099,0.8349809188384519,0.1390791485633111,-0.05011113397973868,0.8028960713107123,0.05820826919057798,0.21092894088793795,False,2026-08-07T18:13:11.346602+00:00
1672672,10860,-35.313634,92,0.62,-41.793951,-0.006622792890993878,15.843454532325268,0.48861899934709074,0.0003,1894.4833284704976,172.77956215337443,0.1819423425033963,-0.05854006687935182,0.8648197180860807,0.17620253323187485,-0.07442408792011049,0.8019794306585413,0.06507034085412862,0.1862818864715861,False,2026-08-07T18:13:13.990068+00:00
1677680,10894,24.040078,20,0.67,-30.121220970000003,-0.006622792890993878,15.843454532325268,0.48861899934709074,0.0003,5009.017494894421,64.34794854051388,0.1703634873646636,0.034696542054060364,0.8349964263602347,0.1632078335173357,0.08863773755018244,0.8029064656572975,0.06317136638897163,0.34865249495734985,False,2026-08-07T18:13:14.989862+00:00
1682688,10908,-173.013524,600,0.69,-25.388402350000007,-0.012500720405660104,13.621784475445747,0.4782552942633629,0.0003,2116.0943828143722,149.95172359844366,0.1725104808505335,0.04420421242894369,0.8306999541946803,0.16109381862139657,0.09093035338260406,0.8029064656572977,0.05555313159447591,0.35093205804602107,False,2026-08-07T18:13:17.356494+00:00
1687696,10926,-14.14717,173,0.65,-33.210113400000004,-0.0031649744196329266,9.099304679036141,0.4808052614331245,0.0003,1795.5148302759399,173.93562822981764,0.15316966133469676,0.05256302083834785,0.8030630096924289,0.1786370187442158,0.10972173920483311,0.8028940084373567,0.06257582552509859,0.37019117075953994,False,2026-08-07T18:13:20.145662+00:00
1692704,10941,-423.72961,600,0.64,-40.650963770000004,-0.0031649744196329266,9.099304679036141,0.4808052614331245,0.0003,4401.377933805019,69.81813527981694,0.15842351061285398,0.06064522100896618,0.803989739001819,0.1786370205254711,0.10972174093677205,0.8028940084373567,0.053087582509299604,0.3701911725789587,False,2026-08-07T18:13:21.283486+00:00
1697712,10967,-114.07504,483,0.59,-51.40774103,-0.007374134597193915,6.737556653469801,0.49169103763997557,0.0003,1761.6133714745108,171.5972442619336,0.0843525055264499,-0.21874072052520355,0.8157910042449136,0.1822505461932347,0.10589762236387114,0.8029002838168593,0.3393232245416074,0.36657353540242277,False,2026-08-07T18:13:24.126340+00:00
1702720,11007,13.064108,73,0.6,-51.024424740000015,-0.007374134597193915,6.737556653469801,0.49169103763997557,0.0003,4260.006605876862,69.7839293464685,0.15347518380822786,0.05297706527433257,0.8032536785884989,0.1822505437243127,0.10589762257089877,0.8029002838168459,0.060238954263366826,0.3665735354592083,False,2026-08-07T18:13:25.301927+00:00
1707728,11031,-45.772079,135,0.64,-35.19315691,-0.009217883495148271,16.968154647946356,0.4823040317744017,0.0003,1902.8110803815937,153.60011459539493,0.16695061334304323,0.04225058920748388,0.8250830915196379,0.1790377400457446,0.0997881377177013,0.8028986182449819,0.06283962901678133,0.36029146477320406,False,2026-08-07T18:13:27.933819+00:00
1712736,11053,18.286744,77,0.65,-29.314369450000004,-0.0016887070334632881,5.518193302676082,0.4672131594270468,0.0003,1847.8072382764722,155.46210343235978,0.14669626583348375,0.043594192074294345,0.802067437046568,0.17903774110906745,0.09978813547286448,0.8028986182449819,0.06484150800118312,0.36029146258768907,False,2026-08-07T18:13:30.644071+00:00
1717744,11078,-167.43247,600,0.59,-34.25855001,-0.0016887070334632881,5.518193302676082,0.4672131594270468,0.0003,4982.277914533304,56.651998311185984,0.14453591234231244,0.030915120340421605,0.8049689160524722,0.13946902716059373,0.09305260057917696,0.8028925821806727,0.062378288997163224,0.3536490628030171,False,2026-08-07T18:13:31.649222+00:00
1722752,11095,18.491239,67,0.59,-34.72507503,-0.008454280404839665,11.609643870592118,0.4686504818499088,0.0003,1969.9607080279109,140.73783241978848,0.144920671176878,0.03711057179720895,0.8038283822013883,0.13946902486285545,0.09305260150793043,0.8028925821806727,0.05621482773581373,0.3536490638635985,False,2026-08-07T18:13:34.191407+00:00
1727760,11130,10.560295,73,0.55,-43.058837059999995,-0.008454280404839665,11.609643870592118,0.4686504818499088,0.0003,4650.158849129059,58.544236623441066,0.0850928982708719,-0.25815781737737303,0.799573645906597,0.15081475167144187,-0.009105804810787214,0.8028855556134354,0.25759898238110157,0.2510622750763246,False,2026-08-07T18:13:35.268363+00:00
1732768,11153,-20.875398,57,0.58,-36.08085903,-0.010663805021613371,11.240279103815556,0.4783123075962067,0.0003,1783.011263362351,149.8767873715288,0.15204002740391404,0.038977614717623385,0.810099032895802,0.17415611306494236,0.08525041477712528,0.8029001405554806,0.0517891621986697,0.34554051056407914,False,2026-08-07T18:13:38.077095+00:00
1737776,11166,-162.800741,600,0.56,-41.81733723,-0.0046595527965109795,6.652585910633206,0.4908628787845373,0.0003,1773.7229372680204,147.83819642310706,0.15074037768163387,0.02943485076550595,0.8164193876533102,0.17415611241125903,0.08525041239033683,0.8029001405554806,0.062019703276584945,0.34554050815251436,False,2026-08-07T18:13:40.900532+00:00
1742784,11198,27.445109,56,0.57,-39.4590113,-0.0046595527965109795,6.652585910633206,0.4908628787845373,0.0003,4209.323248628142,61.10625979694696,0.09083823796320678,-0.1622991799870216,0.8701802332725843,0.20905969666803523,-0.25600713371311007,0.8382404967985627,0.15420000212664767,0.04922191400529452,False,2026-08-07T18:13:42.090272+00:00
1747792,11235,21.842468,21,0.6,-33.68121352,-0.007138477970147506,14.269190759956837,0.494112641364336,0.0003,1782.5676140223968,141.48579723766437,0.058159461677641036,-0.20187975479441178,0.8411537575210671,0.24206159792980259,-0.2764722702592252,0.7929070546415004,0.2042346283572554,0.08369851577110274,False,2026-08-07T18:13:44.899706+00:00
1752800,11252,13.338905,66,0.59,-38.732593259999994,-0.007138477970147506,14.269190759956837,0.494112641364336,0.0003,5141.211968689261,48.082047872269115,0.17469195961053816,0.06887702729437847,0.8185855982378368,0.1548205519104237,0.10192243942189584,0.8030215658588744,0.0415825830192766,0.3619594988940178,False,2026-08-07T18:13:45.873798+00:00
1757808,11273,-44.33004,116,0.62,-34.75775859,-0.007375982188386842,13.062869156897069,0.48779288940131665,0.0003,1953.5066535707938,123.97807786182855,0.1457525375199395,0.04162896001633126,0.8020071321872153,0.15306075335740052,0.10141689344869126,0.8028925642001887,0.06023944714793475,0.36148350448404903,False,2026-08-07T18:13:48.437393+00:00
1762816,11305,20.024665,79,0.62,-38.41093179000001,-0.008248011986142955,15.594944266974926,0.4829892203211784,0.0003,1971.8362543410988,120.28585004349486,0.1177749364456279,-0.05864266239114275,0.8497311749179064,0.18136957815934523,-0.0730597892816815,0.8028838022753118,0.08029201906782577,0.18815765000158163,False,2026-08-07T18:13:50.977159+00:00
1767824,11328,11.559895,98,0.63,-38.16568375000001,-0.008248011986142955,15.594944266974926,0.4829892203211784,0.0003,4702.147160454914,49.37659160321513,0.01369974868165585,-0.25521282774796195,0.8044895021174716,0.09235409493093016,-0.282441417550928,0.7928797053459893,0.08403981001664652,0.07127121224104938,False,2026-08-07T18:13:52.042209+00:00
1772832,11359,19.967835,65,0.63,-32.72488859999999,-0.00436715167015791,12.778762897849083,0.49214819110929964,0.0003,1793.886803197437,126.63452320129346,0.1691651274271205,-0.07364942600073866,0.8476481331930015,0.15434524333060826,-0.053075796018057654,0.8029065759888472,0.05142674553528483,0.20700145522809862,False,2026-08-07T18:13:54.833909+00:00
1777840,11400,5.291968,68,0.67,-27.052152319999994,-0.007188973412121413,27.407285982370375,0.4835763115435839,0.0003,1688.5691733717483,131.56701158791685,0.04678286421208716,-0.19644387291094598,0.842450822322432,0.05807179409912447,-0.2598193277489201,0.7928936971361881,0.0812391338619485,0.10192836602552593,False,2026-08-07T18:13:57.799733+00:00
1782848,11426,22.445112,21,0.69,-21.320583050000003,-0.007188973412121413,27.407285982370375,0.4835763115435839,0.0003,4345.2394676671265,49.974691064974756,0.16331089773115903,-0.0485832575959558,0.8653336673093737,0.16518857656692695,-0.07487536777972022,0.8029009589277163,0.0677690475925003,0.18519732930440636,False,2026-08-07T18:13:58.952261+00:00
1787856,11454,21.257374,63,0.68,-26.28810459,-0.008178128710278542,15.58639903217554,0.4758839633315802,0.0003,1828.739236725864,116.00560415590914,0.1676409426048088,0.03574851405153911,0.8302028688897488,0.159391423932795,0.09913177604520498,0.8029047835845752,0.06950307849733081,0.35913229168401556,False,2026-08-07T18:14:01.690759+00:00
1792864,11469,22.594699,73,0.64,-29.21637426,-0.008178128710278542,15.58639903217554,0.4758839633315802,0.0003,5378.206379521051,38.51395528232709,0.15047701694522314,0.03276864984443839,0.8135083554838893,0.15939142295540512,0.09913177376635426,0.8029047835845752,0.06779355860414657,0.35913228940682446,False,2026-08-07T18:14:02.621925+00:00
1797872,11496,-43.960703,112,0.62,-36.13572725,-0.002621429976716172,8.990212734788656,0.48404951579868793,0.0003,1939.443631593254,104.21957962962385,0.17472277812192438,0.04724272990771891,0.8314098472464481,0.18027220475828107,0.08156344795974033,0.8028958922224951,0.04496391280467776,0.34216450907116003,False,2026-08-07T18:14:05.204110+00:00
1802880,11519,28.404625,60,0.63,-38.16623859,-0.008217424241593108,18.767871345579625,0.4867830198258162,0.0003,606.5442859356002,324.9886357365325,0.1590489897827232,0.026936624095641376,0.8269942114426979,0.14804167791562256,0.09665703454469043,0.802901071721163,0.07458267848076314,0.35685745299388977,False,2026-08-07T18:14:13.460743+00:00
1807888,11548,-20.26439,12,0.6,-44.183416779999995,-0.008217424241593108,18.767871345579625,0.4867830198258162,0.0003,4444.2655386883525,43.2269400483884,0.14547977779276827,0.02552491389566751,0.813654382185165,0.14804167935645346,0.09665703654451416,0.802901071721163,0.07198594236437966,0.356857454944308,False,2026-08-07T18:14:14.587565+00:00
1812896,11568,10.736363,108,0.62,-43.77050627,-0.0057527512224623935,16.741346964240073,0.4729715891182423,0.0003,1916.280805621484,97.63913485493524,0.1600361054885178,0.012397959104740237,0.8402636292285895,0.14530315204236022,0.025328109604274902,0.8028910754632033,0.042201380121199256,0.285706365820293,False,2026-08-07T18:14:17.200960+00:00
1817904,11595,-168.757537,600,0.59,-45.014074910000005,-0.0057527512224623935,16.741346964240073,0.4729715891182423,0.0003,5141.7002608660105,35.41552225164712,0.15555843714448406,0.00780637270102825,0.839159624709135,0.1784971650641322,-0.011356419505104295,0.8029018707611187,0.04698960060547383,0.24933065442646926,False,2026-08-07T18:14:18.174969+00:00
1822912,11627,-193.023615,600,0.58,-46.06849244,-0.005930756594170816,18.73091253042221,0.4594325296580791,0.0003,2065.167471363047,85.74994641142531,0.16092476721488316,0.02086293696149477,0.8340480463331175,0.14057579843557125,0.09652714241528348,0.8028975517023526,0.08431788560605558,0.35705588202020055,False,2026-08-07T18:14:20.599945+00:00
1827920,11661,21.214003,20,0.6,-34.65353297000001,-0.009135493185021914,21.93961993455887,0.451533617451787,0.0003,1825.7629786472105,94.25100739390705,0.15928873064636048,0.02306181880897022,0.8309940285772222,0.1405757979732066,0.09652713999048622,0.8028975517023526,0.0808501037619209,0.35705587962414714,False,2026-08-07T18:14:23.342912+00:00
1832928,11685,5.497936,120,0.66,-28.956431410000004,-0.009135493185021914,21.93961993455887,0.451533617451787,0.0003,4428.431681273798,37.72712599507536,0.17416157955641476,0.042147208878190345,0.8337842854753439,0.13836926628019938,0.07996851898815194,0.8029013228721703,0.06054170931882948,0.340655959208487,False,2026-08-07T18:14:24.473790+00:00
1837936,11706,24.242479,58,0.65,-30.138331469999997,0.0008986959037429187,7.045509222149849,0.4548119526356459,0.0003,1753.1095096568824,92.44374016984203,0.17220670927644785,0.032776235095141396,0.8381027889131507,0.13846252018419483,0.08974713239632093,0.8029018965218675,0.07498970770671115,0.350409645495477,False,2026-08-07T18:14:27.330425+00:00
1842944,11735,20.343352,25,0.64,-34.11804311000001,0.0008986959037429187,7.045509222149849,0.4548119526356459,0.0003,4328.866218620468,36.28109349381809,0.06304229472236139,-0.22685732059455213,0.792737054375387,0.09104433079811564,-0.19914537104549973,0.7933003664025974,0.039400298128784095,0.09196831073945856,False,2026-08-07T18:14:28.487315+00:00
1847952,11753,24.138949,20,0.6,-38.2802,-0.011363145514042116,16.147626960277556,0.44922266006469724,0.0003,1851.705774383608,82.11239717638911,0.024940374408903218,-0.16570016505726537,0.8410185009527371,0.027898434598070253,-0.1432698769620349,0.7998831837243747,0.04694658952038775,0.17628597563646065,False,2026-08-07T18:14:31.191858+00:00
1852960,11791,10.035388,78,0.62,-38.664596030000006,-0.0056729072988673575,11.089827135205269,0.443837621062994,0.0003,1853.0876302229449,79.34864903410403,0.17131982546355265,0.00094964557611797,0.868106269082138,0.13367533216018043,-0.05192347448394873,0.802894381504047,0.09200687464777528,0.2097351391820378,False,2026-08-07T18:14:33.894363+00:00
1857968,11817,20.077159,22,0.63,-35.88601611,-0.0056729072988673575,11.089827135205269,0.443837621062994,0.0003,5119.13478082114,27.745313628413044,0.16717298338892492,0.022388389530190525,0.8399491050008755,0.16124224393080977,0.09949284856851286,0.8028910802447622,0.08575295022876517,0.35949499487737985,False,2026-08-07T18:14:34.872658+00:00
1862976,11839,20.929685,21,0.65,-36.45188541,-0.006995011308026733,13.199202299118042,0.4458589531481266,0.0003,1860.766641289579,73.63846543650277,0.1446283421294873,0.03585838445257039,0.8020009360041273,0.16124224450976793,0.09949284616996559,0.8028910802447622,0.06577354199929683,0.3594949924808475,False,2026-08-07T18:14:37.564019+00:00
1867984,11877,23.407583,20,0.72,-23.98136599,-0.007327629257633817,18.1407693579793,0.4488996546715498,0.0003,1848.6833145854655,71.41082464391812,0.16385521759440896,0.02926735954757719,0.8305103201192154,0.1391023088615085,0.09268358778948924,0.8028953663142034,0.07346366563698362,0.35330217461966773,False,2026-08-07T18:14:40.272977+00:00
1872992,11891,-176.543662,600,0.67,-31.384434260000003,-0.007327629257633817,18.1407693579793,0.4488996546715498,0.0003,4434.942117295727,28.638028781634933,0.1510326841231289,0.03509639176297609,0.81213676387799,0.1371714022113027,0.09602157675270441,0.8028953663142042,0.06316182970120232,0.35675272667560637,False,2026-08-07T18:14:41.402206+00:00
1878000,11924,-166.012862,600,0.62,-36.96864873999999,-0.008927551850501914,6.705021304637194,0.44206986352801325,0.0003,1746.4653787850066,69.8553784586751,0.08517579784774226,-0.268280924166444,0.7899801820273615,0.16284456393027397,-0.05213225295819649,0.8028823534712735,0.23004162953222665,0.2078872093328222,False,2026-08-07T18:14:44.269699+00:00
1883008,11947,23.079876,20,0.61,-36.07202359,-0.008927551850501914,6.705021304637194,0.44206986352801325,0.0003,4437.073403361602,26.36692913652609,0.08647091889735718,-0.26981071578126037,0.7579710707976444,0.14043286663551896,0.0824555104942671,0.7981030077734275,0.3586278828305538,0.34301406585735295,False,2026-08-07T18:14:45.398371+00:00
1888016,11976,22.869381,21,0.54,-44.65601692,-0.009047972249391023,12.803440139442682,0.4468609929084778,0.0003,1697.7769289866194,65.9591952794657,0.1452224160147479,0.034797144025728574,0.806470427050963,0.1332893150117948,0.09774905591006428,0.8028846190690572,0.0641732041300958,0.35874482253696904,False,2026-08-07T18:14:48.348109+00:00
1893024,11996,-170.386065,600,0.57,-38.71930321000001,-0.005428054538788274,13.371098721027375,0.4605721592903137,0.0003,1956.5844194954293,54.67487062356724,0.15648417959139552,-0.016811641564970156,0.8716736082643151,0.1706069588759799,0.0572613667686092,0.8029064627053596,0.10205480766056135,0.3174386278014739,False,2026-08-07T18:14:50.907694+00:00
1898032,12031,24.380348,60,0.59,-37.075737159999996,-0.005428054538788274,13.371098721027375,0.4605721592903137,0.0003,4637.894328806002,21.98583942861222,0.15128621818992338,-0.031024619218786322,0.851484642796033,0.1682632967584486,-0.05702980698374014,0.8383787960071659,0.03370836999122975,0.203138330519811,True,2026-08-07T18:14:51.987474+00:00
1903040,12061,22.596623,20,0.62,-31.054759670000003,-0.0030544310080586,20.124866861104966,0.453335465118289,0.0003,1888.415020096872,51.3446456251053,0.17802160079037355,0.015640494909632537,0.8600660276300932,0.13531090456948308,0.07800017224545314,0.8029052904570201,0.09476435407509508,0.3389006755247519,False,2026-08-07T18:14:54.639437+00:00
1908048,12074,11.385661,86,0.65,-27.968915470000002,-0.0030544310080586,20.124866861104966,0.453335465118289,0.0003,5384.887869368544,17.07593588402477,0.16519901482132945,0.027704300392702393,0.8339973281559394,0.13338527686938537,0.08917015393008565,0.8029052904570197,0.07587410547627603,0.35018300912933936,False,2026-08-07T18:14:55.569448+00:00
1913056,12098,-165.699855,600,0.6,-40.220045219999996,-0.0038970947498455644,10.381954935193061,0.45467107743024826,0.0003,1768.6079914696227,49.15956527356522,0.15301115805606533,0.05240172099988095,0.8029854983356943,0.15556364012779975,0.1185864138063175,0.80288439441304,0.06623397125804911,0.37861240604032503,False,2026-08-07T18:14:58.401065+00:00
1918064,12119,26.173398,63,0.63,-37.36438983000001,-0.006475562015839387,11.015931984037161,0.4631573833525181,0.0003,1803.1899163882556,45.43947326641875,0.15321529021507807,0.052672528651690434,0.8030636934202946,0.15556364068442294,0.11858641138421785,0.80288439441304,0.06595594616816781,0.37861240361186954,False,2026-08-07T18:15:01.178355+00:00
1923072,12148,19.733132,26,0.63,-41.57784573000001,-0.006475562015839387,11.015931984037161,0.4631573833525181,0.0003,4291.431047132025,17.925955038101147,0.15466818304862776,0.05480308207436723,0.8033539185922552,0.1765669236303938,0.11174543850613435,0.8028863546091379,0.06100987961919123,0.37211440983747646,False,2026-08-07T18:15:02.345335+00:00
1928080,12172,-10.38398,124,0.59,-46.57752570999999,-0.009638980388990604,15.072461441159248,0.4547773439437151,0.0003,1737.8072575471697,41.38548719235502,0.1489713429529032,0.04662562662920268,0.8025846715687827,0.17656692158729986,0.1117454370934114,0.8028863546091379,0.07072620934079867,0.3721144083351936,False,2026-08-07T18:15:05.227126+00:00
1933088,12203,19.936009,68,0.69,-32.963381930000004,-0.009638980388990604,15.072461441159248,0.4547773439437151,0.0003,4715.892227033765,14.188619412553194,0.15828475904779377,0.027451039579738705,0.8257690147345473,0.14659018628541434,0.09823898230724826,0.8028855516803332,0.07530835776354004,0.35848987649359476,False,2026-08-07T18:15:06.289074+00:00
1938096,12229,-161.569668,600,0.64,-36.8798448,-0.0028109298305935226,11.152954540401698,0.45288005135953424,0.0003,1884.1578837084473,32.85499614191512,0.14563837279205205,0.03548780813292035,0.8059494210814618,0.14659018789001405,0.09823898042884396,0.8028855516803332,0.06283313514540376,0.3584898745564828,False,2026-08-07T18:15:08.947017+00:00
1943104,12256,-208.940738,600,0.67,-32.58018155,-0.008682299620704725,21.000709995627403,0.44549430832266806,0.0003,1885.7284422412088,30.171894704191068,0.15324389336677063,0.0527678611156087,0.8030584368902456,0.1710229176836427,0.11411251755300382,0.8029051884066013,0.06386927323979591,0.37427487292644557,False,2026-08-07T18:15:11.602762+00:00
1948112,12274,-38.150598,269,0.65,-34.50130345,-0.008682299620704725,21.000709995627403,0.44549430832266806,0.0003,5182.7948185559435,10.011586762845706,0.1507525765382793,0.04896608669048026,0.8029085029265741,0.1710229198551435,0.11411251875998443,0.8029051884066013,0.06822715324968576,0.3742748741968563,False,2026-08-07T18:15:12.569039+00:00
1953120,12304,5.108105,66,0.57,-41.66417143999999,-0.0029614918697916438,11.708302008360624,0.4395239882171154,0.0003,1801.5309512727272,26.022311727078957,0.16674838637688444,0.020876508875733855,0.8402293857406421,0.141864348364277,0.0894906057735994,0.8028914489893616,0.0819831151016183,0.3499608340718284,False,2026-08-07T18:15:15.348895+00:00
1958128,12333,27.346656,60,0.62,-36.88549086,-0.007769259817723651,15.553401027619838,0.4376246064901352,0.0003,1732.0131571515399,24.17533598235621,0.15915278002990751,0.02272535150387269,0.8298469752028731,0.1418643469556647,0.08949060374499743,0.8028914489893616,0.07404788463170903,0.34996083211894913,False,2026-08-07T18:15:18.240325+00:00
1963136,12358,29.197554,57,0.6,-37.12864228000001,-0.007769259817723651,15.553401027619838,0.4376246064901352,0.0003,4403.498306949474,8.371525871106229,0.15594319659979053,0.029897082182497044,0.8208034846004413,0.1517724990747678,0.12141014704152495,0.8029043566887414,0.09334031571479322,0.3814988755392503,False,2026-08-07T18:15:19.377620+00:00
1968144,12380,-163.41077,600,0.6,-37.81226052,-0.0065121084480779245,11.389360731840133,0.4264673225581646,0.0003,1863.4795526316443,17.09490182224554,0.1515131147792375,0.05013203961164502,0.8028371247734716,0.15177249683482977,0.12141014596546468,0.8029043566887414,0.07127861000726388,0.38149887451174735,False,2026-08-07T18:15:22.065052+00:00
1973152,12400,-19.588324,10,0.61,-38.604610720000004,-0.0065121084480779245,11.389360731840133,0.4264673225581646,0.0003,4879.5573480112125,5.502138428794691,0.17349244907134842,0.026129884337413766,0.8172756416102106,0.14087980638434708,0.011198697071163657,0.8028823070121602,0.038648323340880975,0.2718718725741905,False,2026-08-07T18:15:23.091392+00:00
1978160,12417,22.698569,21,0.62,-41.47955704,-0.001370655617211014,8.653245481848717,0.40340345203876493,0.0003,1997.222100864826,10.935188425234712,0.13392331042706682,-0.1396554619537087,0.8749293676779462,0.13172554076756443,-0.14171886214858403,0.8846673945518504,0.010193967786751237,0.12161362019244526,True,2026-08-07T18:15:25.598859+00:00
1983168,12449,23.687939,19,0.59,-48.19937683999999,-0.008508539646572898,10.257880175113678,0.40122245661914346,0.0003,1912.6561142086125,8.800327395478758,0.16346011467822244,0.02251716106808132,0.8360757958277866,0.14620672767558263,0.08139667193641796,0.8028900581345233,0.06975506683677903,0.34167519952533537,False,2026-08-07T18:15:28.217207+00:00
1988176,12476,17.579971,24,0.63,-41.29673115000001,-0.008508539646572898,10.257880175113678,0.40122245661914346,0.0003,5222.39529004019,2.2640951791891277,0.1444905925219116,0.031835243292952994,0.8016540897913823,0.14254049756290085,0.09271902795313101,0.8028900581345237,0.06092754485978682,0.3531508840503627,False,2026-08-07T18:15:29.176158+00:00
1993184,12498,-157.61932,600,0.65,-36.485309789999995,-0.00471429313038243,8.258153866231442,0.406045838072896,0.0003,1835.7885675481275,3.7128458693385507,0.0850003794908587,-0.26511526079206815,0.7946242317130745,0.1593687187011587,0.1115137165594483,0.8028997559061632,0.3839902612806967,0.3715142529000635,False,2026-08-07T18:15:31.904143+00:00
1998192,12515,19.634585,61,0.64,-37.69123930000001,-0.00471429313038243,8.258153866231442,0.406045838072896,0.0003,4239.30086032981,0.42648541813079544,0.14854214324570764,0.04623330512507866,0.8022219632991181,0.1581869536879465,0.11582095903823995,0.8028997559046765,0.07025612676785407,0.3758253322879554,False,2026-08-07T18:15:33.085472+00:00
2003200,12534,-184.344996,600,0.6,-40.50330313,0.001961640050285496,5.011988852918148,0.4179196462035179,0.0003,458.2586819095843,-6.982955536522423,0.17339572314978766,0.0290918770988253,0.8213498275650108,0.1737170735511879,0.026144436179632514,0.8045093361284139,0.017099497825337064,0.2864730292075826,True,2026-08-07T18:15:44.013796+00:00
