global_step,episode_num,episode_reward,episode_length,success_rate,avg_reward_100,policy_loss,value_loss,entropy,learning_rate,fps,eta_seconds,ee_x,ee_y,ee_z,cube_x,cube_y,cube_z,ee_to_cube_dist,cube_to_goal_dist,is_grasped,timestamp
5008,17,35.949227,23,1.0,30.639984294117646,,,,,3552.643878522843,561.5513595552109,0.17724095844051468,0.100122099218286,0.8067053593253874,0.18559713637584438,0.1289283322727799,0.8038415256216187,0.030130156255146583,0.38976975387416796,False,2026-08-07T13:47:41.188320+00:00
10016,27,36.179127,22,0.6666666666666666,-76.81027774074074,-0.006225878205805202,8.142131595127285,2.438576523959637,0.0003,642.514874510759,3097.1796590939116,0.12322090615781751,-0.06682516013684114,0.8745041875956476,0.17579248730721117,-0.08442494038976707,0.8028786480032113,0.09057450707238891,0.1762838739433794,False,2026-08-07T13:47:48.982674+00:00
15024,50,36.079499,23,0.68,-59.80433174000001,-0.006225878205805202,8.142131595127285,2.438576523959637,0.0003,4676.684175207717,424.44089137403347,0.06018418481184422,-0.0683334044623177,0.7987759074669674,0.175792489747704,-0.08442494001080722,0.8028786480032114,0.11679490642300625,0.1762838745394484,False,2026-08-07T13:47:50.053493+00:00
20032,64,34.53932,29,0.59375,-85.2864463125,-0.0028683134521998,7.890210042800755,2.423009604215622,0.0003,637.3187677863797,3106.7153520005195,0.14173833852460482,-0.04224123538116201,0.8020550931355105,0.1691814486890992,-0.01665235137118258,0.8040564532605751,0.037575533565432626,0.24352079396471454,False,2026-08-07T13:47:57.911407+00:00
25040,87,33.559113,32,0.632183908045977,-78.55585947126436,-0.0016380916873458772,2.9342252109665425,2.4291907103732227,0.0003,657.9568924961136,3001.655613800969,0.14451578985456506,0.03221692373445766,0.8017802816280984,0.1866185604667242,0.023363285896896933,0.8028808839825636,0.04303767560779082,0.2846107860844476,False,2026-08-07T13:48:05.522872+00:00
30048,107,35.130164,26,0.58,-86.06835756000001,-0.0016380916873458772,2.9342252109665425,2.4291907103732227,0.0003,4758.686283727254,413.9697140230538,0.14676053606031872,0.031016888175282514,0.8015201083772929,0.17906765790495127,0.06417476841411171,0.8028767190084034,0.046314528349330246,0.3247350551670134,False,2026-08-07T13:48:06.575251+00:00
35056,121,-255.614182,600,0.56,-91.84779576999999,-0.0050696267091552725,3.4721643592929468,2.4002603152766824,0.0003,636.6026539129589,3086.609815278373,0.17862198174755928,0.10462665379489733,0.806804541967433,0.18777564548811315,0.12551816787994002,0.830615951805531,0.032973142997271894,0.38651745658868625,False,2026-08-07T13:48:14.442010+00:00
40064,141,35.865669,23,0.57,-84.97862520999999,-0.0050696267091552725,3.4721643592929468,2.4002603152766824,0.0003,4080.325389887744,480.3381624556959,0.14338648312246094,-0.03706886109689579,0.8560466493936567,0.1635762975892998,-0.01740748684646099,0.8028967213242878,0.06015906498109928,0.2426188726018593,False,2026-08-07T13:48:15.669369+00:00
45072,157,-268.531859,600,0.59,-79.46392793999999,-0.005321435744190239,2.1069875469431283,2.3595413841307162,0.0003,665.1955177666586,2938.8772891367585,0.178683381000866,0.10465377528447614,0.8067650213384916,0.1867310077650861,0.05299112054244987,0.802896721324288,0.052428598460476594,0.3141305275113444,False,2026-08-07T13:48:23.197966+00:00
50080,170,-686.260836,600,0.57,-89.06768281999999,-0.0026826611428987235,3.398580769752152,2.366995143517852,0.0003,651.0661509691366,2994.964485709279,0.15425466662116055,-0.019675205044048957,0.8640903119873011,0.174355028470889,-0.03473228590697483,0.802881834975433,0.0661605463151197,0.22572463280532096,False,2026-08-07T13:48:30.889982+00:00
55088,181,36.199798,22,0.51,-104.90004267,-0.0026826611428987235,3.398580769752152,2.366995143517852,0.0003,4141.236142680408,469.64527812247843,0.14025260843322124,-0.0781513954839324,0.802696825986529,0.1759446667190951,-0.07915660861761507,0.8028818349754339,0.03570668993973426,0.18154493824798715,False,2026-08-07T13:48:32.099269+00:00
60096,195,-222.032203,600,0.46,-115.57866038,-0.0037046238896436988,5.144259407743812,2.345499182678759,0.0003,649.2676664395088,2987.8339863097704,0.10169014843923624,-0.07357699469337779,0.8523230417528755,0.155227768213487,-0.04331221403584571,0.8029063980812485,0.07889384228892218,0.21674033030857767,False,2026-08-07T13:48:39.812596+00:00
65104,209,34.782744,27,0.47,-113.80119618,-0.0037046238896436988,5.144259407743812,2.345499182678759,0.0003,4933.793779660205,392.1720457747341,0.004719405157870227,-0.06320740738459829,0.7892734064305599,0.15522776581321734,-0.043312214649075566,0.8029063980812485,0.1524284874375239,0.21674032974834612,False,2026-08-07T13:48:40.827617+00:00
70112,226,37.074855,24,0.44,-122.05125512999997,-0.005036041677885805,5.394157617492601,2.3291225671768188,0.0003,642.770945032431,3002.4505851032636,0.1416803556603126,-0.16628061214038953,0.8024428502918175,0.06254601768533821,-0.1354591179251546,0.7929017219551714,0.08545900234810598,0.15813826221685554,False,2026-08-07T13:48:48.618920+00:00
75120,240,36.078632,22,0.45,-119.43064852000002,-0.00451306171817123,3.505864725424908,2.3380787048488854,0.0003,658.4921067594219,2923.1633610199815,0.14319662869459612,-0.21414608134601065,0.8000150121039787,0.06254601520693231,-0.13545911809167271,0.7929017219551714,0.11290154356281933,0.15813826361305283,False,2026-08-07T13:48:56.224140+00:00
80128,256,34.526643,27,0.41,-130.09757511,-0.00451306171817123,3.505864725424908,2.3380787048488854,0.0003,4750.39524641019,404.1499497227776,0.1767508611937044,0.09863301515970233,0.806877211835836,0.17655146857843038,0.12897566412654296,0.8035146011759906,0.030529055900725903,0.3893276491527257,False,2026-08-07T13:48:57.278370+00:00
85136,271,35.809161,23,0.45,-123.23871838999997,-0.004522460264706751,8.790589579893275,2.356845467723906,0.0003,645.0236069819528,2968.672742009544,0.1786265562626707,0.10463756800964644,0.8068070498414652,0.18664955081388085,0.12660842586274304,0.8306890198474444,0.033428064971460905,0.38752583592149015,False,2026-08-07T13:49:05.042442+00:00
90144,292,32.277539,35,0.49,-109.03998275999999,-0.0017812949910876342,3.365972564043477,2.3779519245028498,0.0003,646.8555504459468,2952.5231694824784,0.17583077845571415,0.09451182632676539,0.8073338704181443,0.18857639639308252,0.10668794474479087,0.7986976872344703,0.01962886385701218,0.3677997542848192,True,2026-08-07T13:49:12.784509+00:00
95152,306,36.045507,27,0.51,-104.62394935999998,-0.0017812949910876342,3.365972564043477,2.3779519245028498,0.0003,4895.949937253747,389.06606979491994,0.17729223334455171,0.10269555752410481,0.8066043728728095,0.18969268943429737,0.12468603428324287,0.8035143002024009,0.025434247156861316,0.3858302745747279,True,2026-08-07T13:49:13.807410+00:00
100160,324,-227.050932,600,0.52,-108.65443886000001,-0.0022444291742431234,3.891757195908576,2.4027683340013026,0.0003,642.6883840414355,2956.0826789075954,0.17423297168911991,0.08909658332400537,0.8073614392591628,0.18238375308975538,0.12257806695393351,0.8032922514615923,0.03469875030651663,0.3832323182047563,False,2026-08-07T13:49:21.599656+00:00
105168,354,-124.894534,600,0.6,-83.6723294,-0.0022444291742431234,3.891757195908576,2.4027683340013026,0.0003,4091.7799115259218,463.08258043462854,0.1786234563961561,0.10463085466777805,0.8068056797887497,0.18444526651956172,0.1280919165549037,0.8303828755510461,0.03376683369814488,0.38886103784060283,False,2026-08-07T13:49:22.823567+00:00
110176,363,-244.378105,600,0.57,-88.31399153999999,-0.002084552172527765,3.3260632448829712,2.409712962992489,0.0003,636.352707379584,2969.77443182735,0.1747169964661573,0.09201693184535777,0.807072368481349,0.1876004591661902,0.1242808690964723,0.8060720824008379,0.03475551510666846,0.38527077711620517,False,2026-08-07T13:49:30.693453+00:00
115184,382,35.992337,23,0.56,-81.00700110000001,-0.0027279217933028122,4.389102682820521,2.3846493715420367,0.0003,649.3238240471906,2902.736554854975,0.17862664203114864,0.10463786299273155,0.8068073228987249,0.18385019156170396,0.12795363406294769,0.830400262566044,0.033578824464871496,0.3886860607484882,False,2026-08-07T13:49:38.406062+00:00
120192,398,34.71364,26,0.57,-78.26230066,-0.0027279217933028122,4.389102682820521,2.3846493715420367,0.0003,4271.349489910561,440.09697741669976,0.14036074719514618,-0.0783096110256665,0.8135209809947896,0.1732554345248434,-0.08155174631274353,0.8048963823169464,0.034160731814352405,0.17893989434576588,False,2026-08-07T13:49:39.578540+00:00
125200,424,35.929821,23,0.62,-59.24713226,-0.002888978949522425,2.833089387789369,2.3638950599357487,0.0003,648.5227421191876,2890.8778031032307,0.14025260843451387,-0.07815139548345473,0.8026968259862486,0.1763982144692361,-0.08120150257895976,0.8028849748069639,0.036274555667714724,0.17954889060587595,False,2026-08-07T13:49:47.300692+00:00
130208,442,36.547073,25,0.57,-71.60430302,-0.002888978949522425,2.833089387789369,2.3638950599357487,0.0003,4748.036128798924,393.80323764996024,0.17363766414713602,0.08633546187224389,0.8077517375073716,0.13825586815058585,0.09786448881726714,0.8028303287313574,0.037536784819443385,0.35852447563078405,False,2026-08-07T13:49:48.355442+00:00
135216,458,-218.401538,600,0.56,-79.97711416000001,-0.00677327170415083,3.0805375588126482,2.3295695196837185,0.0003,646.5580220744376,2884.1711591744956,0.17868317719456597,0.10465315972596075,0.8067650390055293,0.13687763160688898,0.10423105015387847,0.8028788334544531,0.04198790792548967,0.3649642473123962,False,2026-08-07T13:49:56.101075+00:00
140224,475,36.228242,24,0.59,-75.52547569,-0.005365657145739533,2.3312875273870306,2.2842603558674455,0.0003,657.4950454691975,2828.5779684816307,0.15287051040672747,-0.016984395515120185,0.8388792961778176,0.16302396036751754,-0.024431648897389545,0.8028825497398343,0.03813554618943403,0.23558775939659315,False,2026-08-07T13:50:03.717865+00:00
145232,508,-166.573843,600,0.64,-54.59807315999999,-0.005365657145739533,2.3312875273870306,2.2842603558674455,0.0003,4680.003928471167,396.3176160422377,0.14175355708952925,-0.061312411539380364,0.8021483378730893,0.13319516409756876,-0.09113042193424373,0.80281234068895,0.031029030507775925,0.1709837232717279,False,2026-08-07T13:50:04.787949+00:00
150240,524,35.773984,23,0.62,-59.69283222999999,-0.003778245290595805,2.090796157112345,2.2706152204424144,0.0003,654.493425971011,2826.246875216024,0.1443271320416331,0.007385356242491648,0.7999166246296818,0.16263077187839164,0.03972406288442312,0.8028963552783345,0.037278599400798265,0.29973560821601053,False,2026-08-07T13:50:12.439700+00:00
155248,535,-210.999056,600,0.56,-73.69653821,-0.003778245290595805,2.090796157112345,2.2706152204424144,0.0003,4161.8807219713035,443.24960834682946,0.14464082215713633,0.03632993887372662,0.8020447117853988,0.17673434850381256,0.06218765378347228,0.802896355278334,0.041223065756412915,0.3226219500752323,False,2026-08-07T13:50:13.642985+00:00
160256,551,34.997089,26,0.55,-80.09411841,-0.00022322813128994312,3.4644853229634465,2.2867150750011205,0.0003,660.1637524649587,2786.7994768429107,0.13813137867610945,-0.00774227592231877,0.8369594369985864,0.14225275251652733,-0.01115211494644803,0.8028819234709046,0.03449477718049929,0.24947992842885267,False,2026-08-07T13:50:21.228979+00:00
165264,566,-199.775577,600,0.55,-84.03293674999999,-0.005949625980065321,3.042119535850361,2.2982094822451473,0.0003,643.2487912140948,2852.2960712247,0.17864131413040807,0.10467096515710941,0.8068153981288806,0.1338410426012588,0.07189816062708289,0.8028819234709053,0.055647041868672274,0.332927439661903,False,2026-08-07T13:50:29.014476+00:00
170272,583,-278.146531,600,0.55,-83.47845613999999,-0.005949625980065321,3.042119535850361,2.2982094822451473,0.0003,4283.813286361451,427.1259921214071,0.14461508030386963,-0.25580883515632935,0.802010391005179,0.1343844489579837,-0.19108787780549788,0.8028925945504458,0.06553049993124463,0.07351895701474644,False,2026-08-07T13:50:30.183525+00:00
175280,599,33.892826,30,0.51,-92.64301321,-0.002025616160608479,1.9921968858106993,2.302767681889236,0.0003,660.6271759890723,2762.1025388004678,0.17864131412314613,0.10467096513512889,0.8068153981295185,0.14630244976861623,0.12193396285615246,0.8028982654744721,0.03686674878930852,0.3821795060771131,False,2026-08-07T13:50:37.764187+00:00
180288,612,36.440903,22,0.45,-112.70324364999996,0.000571290072548436,0.9786432180902921,2.278063388727605,0.0003,655.6130919524613,2775.588258283207,0.1638519801377753,-0.13582233284238926,0.8358299301641334,0.16669778433453472,-0.13694232437627724,0.8468512573831459,0.011437772345645811,0.12323981436575322,True,2026-08-07T13:50:45.402831+00:00
185296,626,-140.392444,600,0.45,-107.92908733999998,0.000571290072548436,0.9786432180902921,2.278063388727605,0.0003,4128.708809027501,439.53305595979907,0.17862232146635532,0.10463014067253426,0.8068048077070498,0.1846117013275304,0.1274436383125386,0.8304088303910607,0.03336882126415672,0.3882245596444058,False,2026-08-07T13:50:46.615805+00:00
190304,638,-222.865537,600,0.45,-113.81959526,-0.0041538836041581815,3.460831582499668,2.264950975961983,0.0003,638.6956300906947,2833.424740581086,0.08144122019255315,-0.2670418120058298,0.7898209766492037,0.15477803544628732,0.10615365605630678,0.802901227179826,0.38055779956219715,0.36619089114449643,False,2026-08-07T13:50:54.456783+00:00
195312,650,-259.62937,600,0.43,-117.95601953,-0.0041538836041581815,3.460831582499668,2.264950975961983,0.0003,4895.442170012127,368.646577229515,0.17864199252721824,0.10467301837410489,0.8068153391110331,0.1449238423989991,0.12162676700147287,0.8029027498178279,0.03794274101282628,0.3819244425537684,False,2026-08-07T13:50:55.479788+00:00
200320,664,35.986861,23,0.42,-113.93964863000001,-0.0048855236389499625,5.675928285298869,2.24753483440727,0.0003,248.24997015810743,7249.467135298366,0.1676721639874785,-0.20509771783512723,0.8006155559329086,0.1368539601519905,-0.18071926457594323,0.8274347982839855,0.04757459859254415,0.08259039998707438,False,2026-08-07T13:51:15.652999+00:00
205328,684,36.088154,22,0.43,-116.51215495000002,0.0013889256471884437,1.6468955846386961,2.2498782796785237,0.0003,642.6438476745202,2792.6385765525097,0.14412272839344342,0.0024271221708841205,0.7996400069282608,0.18639441738470608,-0.010308773194920365,0.8029021020687865,0.04426895058219246,0.251082404824599,False,2026-08-07T13:51:23.445800+00:00
210336,691,-125.138166,600,0.43,-114.48240411,0.0013889256471884437,1.6468955846386961,2.2498782796785237,0.0003,5472.247540102536,327.0436848634348,0.1447506053289844,0.013850486074442937,0.8002829379651288,0.1850035331824631,-0.014707941745876502,0.8029021020687841,0.049424103643340184,0.24656311669459172,False,2026-08-07T13:51:24.360966+00:00
215344,717,35.302133,24,0.47,-93.50474849,-0.005581982593503199,2.2367205448274037,2.2089658837765453,0.0003,651.0792078367032,2741.073556825376,0.14334198720910588,-0.001709837072227582,0.7997850424053176,0.18487477875598904,-0.023986061106619105,0.8028922454338363,0.04723195572456944,0.23732116207815926,False,2026-08-07T13:51:32.052812+00:00
220352,735,-127.324302,600,0.5,-77.26346048,-0.005581982593503199,2.2367205448274037,2.2089658837765453,0.0003,4180.384687964894,425.71393133352353,0.0850003794908587,-0.26511526079206815,0.7946242317130745,0.17867598550542704,0.01418302400840205,0.8028955457038649,0.29470504863306196,0.27481834561941254,False,2026-08-07T13:51:33.250787+00:00
225360,754,-188.891566,600,0.54,-68.45349317000002,0.0002517203443858307,2.564761727908626,2.213993421383202,0.0003,657.8218445622441,2697.751700813397,0.14871868780848319,0.046491625467136394,0.8022054374810689,0.18567049470968772,0.056653599232827104,0.8030005873053808,0.0383318928220561,0.3176924239035989,False,2026-08-07T13:51:40.863795+00:00
230368,774,33.946578,29,0.56,-59.358677610000015,-0.005109520702899317,4.263716635713354,2.269323574192822,0.0003,662.8905058037034,2669.5690834407987,0.14489636386928012,0.01632675904152458,0.8005713996771034,0.13851630446678004,0.0974592830731806,0.8029057141782182,0.08141646416982738,0.35810429797610127,False,2026-08-07T13:51:48.418587+00:00
235376,792,-129.053253,600,0.6,-43.76823712999999,-0.005109520702899317,4.263716635713354,2.269323574192822,0.0003,4430.997854227543,398.24528425722457,0.1475685150377998,0.044894119426486565,0.8020641660550671,0.13780446959496873,0.099130604508935,0.8029057141782199,0.055114799289772476,0.3598158315929328,False,2026-08-07T13:51:49.548804+00:00
240384,810,-127.547415,600,0.59,-46.079749199999995,-0.00018281909142388032,1.8666988057782874,2.3212453540414573,0.0003,659.5917658620502,2667.7349401114466,0.10372093612495414,-0.04198339956004382,0.8376495636754994,0.1744834632429703,-0.06552343185725969,0.8028920098515027,0.0822773110432637,0.1950151436788651,False,2026-08-07T13:51:57.141383+00:00
245392,833,36.744727,22,0.58,-49.399940410000006,-0.00018281909142388032,1.8666988057782874,2.3212453540414573,0.0003,4965.787942102498,353.33929286901946,-0.0009532974906922287,-0.06411240763988826,0.7895617896910352,0.17448346078278948,-0.06552343210318831,0.8028920098515027,0.17594812278927735,0.19501514325090197,False,2026-08-07T13:51:58.149884+00:00
250400,844,36.021454,23,0.55,-49.89059071,-0.005329210778654669,5.6073080897564065,2.3271277457475663,0.0003,653.856003892803,2675.8185129196117,0.14466480696262893,0.03690434500069721,0.8020828813548807,0.14414710551023688,0.11723418707594484,0.802876983138594,0.08033543514708145,0.377567141264375,False,2026-08-07T13:52:05.809059+00:00
255408,860,35.82152,23,0.51,-62.07251144999999,-0.0022648486845355366,5.347339153685607,2.318971063941717,0.0003,642.0039533610615,2717.4162882745454,0.1786413141242349,0.10467096513847915,0.80681539812938,0.1412636239019763,0.12360982159606333,0.8028769831385959,0.04208661453374144,0.3840671126434157,False,2026-08-07T13:52:13.609641+00:00
260416,873,-347.267025,600,0.49,-69.24865433,-0.0022648486845355366,5.347339153685607,2.318971063941717,0.0003,5046.609661442285,344.7034973382188,0.14455050559138946,-0.027699112011618943,0.800730019344476,0.1809385561030717,-0.07536865286853142,0.8028873791750726,0.06000941215333023,0.18581484729499506,False,2026-08-07T13:52:14.602001+00:00
265424,888,23.090015,69,0.48,-76.25183297000001,0.0023001214216492373,2.983344405866228,2.344456712901592,0.0003,655.7083409645069,2645.346858709384,0.1425801750395711,-0.030298942811535806,0.8014817560323013,0.1817728291629672,-0.07675083433149951,0.8028873791750726,0.06079324090257178,0.1845381066554041,False,2026-08-07T13:52:22.239535+00:00
270432,906,-110.26718,600,0.48,-80.02829363,-0.00516684052272467,1.964511673618108,2.3470340652391313,0.0003,648.4980748891136,2667.036444627439,0.16698763193773175,0.02697123307250979,0.8113950776353334,0.15808768686311894,0.009750513978848229,0.7959009719886374,0.024815912198121997,0.2697572922710085,True,2026-08-07T13:52:29.961997+00:00
275440,929,28.276929,40,0.5,-77.79202877,-0.00516684052272467,1.964511673618108,2.3470340652391313,0.0003,4999.2644364702965,344.9627484033664,0.15227319979813253,0.046419428204056416,0.8020512116035627,0.1840930000559069,-0.005972447121488627,0.8028829573385784,0.061303344847894146,0.2551675337364431,False,2026-08-07T13:52:30.963749+00:00
280448,946,35.993276,23,0.55,-67.17322874999999,-0.0028353556775982725,1.9975246693356894,2.3193036245182155,0.0003,659.5829218713374,2607.0292953028084,0.1608782446701115,0.0367378531706591,0.8036640924092663,0.1701894234960709,0.08743168664030831,0.8029036408319957,0.051547464434042685,0.34758107145371375,False,2026-08-07T13:52:38.556417+00:00
285456,969,35.289185,24,0.58,-54.98450069000001,-0.0028353556775982725,1.9975246693356894,2.3193036245182155,0.0003,4389.9174230304225,390.5640664230139,0.1447691885774747,0.03951721355666107,0.8022218849468827,0.1748887010929723,0.09348511023533271,0.8029036408319972,0.061807634618854995,0.35379852540439055,False,2026-08-07T13:52:39.697214+00:00
290464,983,-140.499272,600,0.58,-51.800286159999985,-0.002598214969839319,2.5369496315950526,2.321400610357523,0.0003,654.3650960495834,2612.5109825088575,0.17070616182863368,-0.14828626405864453,0.8345488700848173,0.17241693626056565,-0.14841932363009197,0.8447034733494564,0.010298564048872324,0.11226944217045484,True,2026-08-07T13:52:47.350445+00:00
295472,1003,-225.887244,600,0.58,-43.69661435,-0.003156618595676264,2.771596394223161,2.329592033289373,0.0003,661.1844975841906,2577.991477761406,0.1459595782804301,0.042577427175241496,0.8020637046966403,0.16920251632884142,0.08799423269030886,0.802878688504974,0.05102533283501035,0.3481158891698272,False,2026-08-07T13:52:54.924721+00:00
300480,1015,-189.743517,600,0.58,-49.829943039999996,-0.003156618595676264,2.771596394223161,2.329592033289373,0.0003,4501.107311760952,377.57820071503755,0.14525230969229966,0.04089200596711934,0.8020341231867627,0.17209652859653174,0.09163991156779436,0.8028786885049737,0.05741668139147437,0.3518479123307299,False,2026-08-07T13:52:56.037335+00:00
305488,1031,-169.363769,600,0.53,-56.89463465,0.0025118921359535305,5.719241527933628,2.325849922373891,0.0003,651.1534623308049,2602.3235658372932,0.1786413142744197,0.10467096559568759,0.8068153981155379,0.13327668780266133,0.12670694312066894,0.8028824395882285,0.05058657730249379,0.38762919816820907,False,2026-08-07T13:53:03.728309+00:00
310496,1037,-216.904163,600,0.5,-66.15392539,0.0025118921359535305,5.719241527933628,2.325849922373891,0.0003,5382.943479934415,313.8624817997503,0.1786413141294394,0.10467096515684426,0.8068153981282636,0.1332766853228124,0.12670694297412283,0.8028824395882285,0.05058657952465536,0.3876291981929734,False,2026-08-07T13:53:04.658650+00:00
315504,1050,36.003078,23,0.45,-81.63031558,-0.002672736170097778,5.738292584812735,2.321294765919447,0.0003,652.1901287236493,2582.8296470794435,0.15158467404532344,0.050228127407182965,0.8029355000851264,0.14211654841775567,0.09058034660819776,0.8028894704663271,0.04144814973037952,0.35103617658073155,False,2026-08-07T13:53:12.337392+00:00
320512,1057,35.903138,23,0.4,-93.90890206,-0.0005057209749793401,2.282850997603964,2.3361604049801827,0.0003,630.9308773743853,2661.920759036518,0.151453515819534,0.049962764625182496,0.8030096334852234,0.14370776981105643,0.09807575118838516,0.8028894701804846,0.048732643027836815,0.35844620287241974,False,2026-08-07T13:53:20.274879+00:00
325520,1075,34.951778,25,0.39,-98.23622637999999,-0.0005057209749793401,2.282850997603964,2.3361604049801827,0.0003,4609.5055836155425,363.2667256010988,0.14692993881436714,-0.010552455599717743,0.8002389551717196,0.17988493477266262,-0.06752621325886043,0.8028927318138454,0.0658717189003011,0.19349824085346803,False,2026-08-07T13:53:21.361331+00:00
330528,1088,35.857419,24,0.37,-103.34961219999997,-0.002634213152123266,6.916199970943853,2.348497103713453,0.0003,683.9888221545816,2440.788425081454,0.16203758738125973,-0.219689973286652,0.801511725315508,0.14388094166491502,-0.15944663166284173,0.8040615185268125,0.06297162407856718,0.10183714413492798,False,2026-08-07T13:53:28.683095+00:00
335536,1111,-153.59639,600,0.38,-105.58257017,-0.002634213152123266,6.916199970943853,2.348497103713453,0.0003,4358.899455352203,381.85418522472196,0.1779020860172103,0.10255173523402711,0.8062842964404552,0.18912403304249437,0.12592869000818785,0.8026746250354391,0.026180982357498155,0.38702604960402376,True,2026-08-07T13:53:29.832010+00:00
340544,1122,-221.748016,600,0.38,-111.56279327000001,-0.0023660649210796693,9.625052707269788,2.3659427046775816,0.0003,644.4807280848335,2574.872960020559,0.17776233961749044,0.10251730988171656,0.8062115453659817,0.1895435682416754,0.12556727143279295,0.8030696113946253,0.02607623102524171,0.38669748282679517,True,2026-08-07T13:53:37.602601+00:00
345552,1146,34.291303,27,0.48,-85.48668465,-0.0010916496565187117,2.968787757400423,2.360795750655234,0.0003,663.1050668497826,2495.0012942289773,0.14184398281649666,-0.05423073646176949,0.8024564930249984,0.1339494865282948,-0.08826505630984934,0.8030499254765354,0.034942955817165375,0.17369951104248602,False,2026-08-07T13:53:45.154944+00:00
350560,1159,33.927426,20,0.51,-78.24635195999998,-0.0010916496565187117,2.968787757400423,2.360795750655234,0.0003,4951.5418752098,333.11643959996036,0.14192453155596121,-0.04993810119361816,0.8020189260066786,0.13342576678407353,-0.08720036827723823,0.802857002275788,0.03822836542008773,0.17483106873361082,False,2026-08-07T13:53:46.166347+00:00
355568,1175,35.722658,23,0.5,-80.60036072999999,-0.0034520776505814867,1.1174561239487957,2.343633158504963,0.0003,636.8624706962439,2582.0833785389177,0.15180371947774648,0.0500084870198748,0.8027620985068703,0.14261313539482867,0.09703664801140215,0.8029032264457782,0.04791799953175568,0.35745974750175225,False,2026-08-07T13:53:54.029905+00:00
360576,1199,-134.87676,600,0.54,-59.59416763000001,-0.0035220980822487035,5.712496877019293,2.3069487258791925,0.0003,641.8930277218269,2554.045501660234,0.0850928982708719,-0.25815781737737303,0.799573645906597,0.14694699632082853,0.08757623864488391,0.8028972276397073,0.35123925340814544,0.34782125089702864,False,2026-08-07T13:54:01.831822+00:00
365584,1211,-306.758487,600,0.52,-66.12880120000001,-0.0035220980822487035,5.712496877019293,2.3069487258791925,0.0003,4571.704207324146,357.50694399291336,0.15368198866974833,0.053192919887619365,0.8033753669369263,0.1516293076778839,0.10445670215848392,0.8028972276380074,0.051307090047654616,0.3645528168018859,False,2026-08-07T13:54:02.927259+00:00
370592,1228,34.963882,26,0.53,-61.285431769999995,-0.0022834075600258073,2.5292159571079535,2.3339276162907483,0.0003,647.470568536636,2516.574620036652,0.0842807636405262,-0.26217019291574023,0.7923714879564594,0.14037384567917807,0.009938837762174201,0.8028773915711734,0.27802901366553595,0.27065136627369557,False,2026-08-07T13:54:10.661972+00:00
375600,1245,35.939529,23,0.51,-64.40543489,-0.0022834075600258073,2.5292159571079535,2.3339276162907483,0.0003,4245.634809999167,382.60473938414844,0.14986869489457527,0.047663978898169555,0.8027729300219577,0.13839613681350216,0.0854174748261771,0.802877391569342,0.03945829388005215,0.34609241369881777,False,2026-08-07T13:54:11.841541+00:00
380608,1265,35.579579,24,0.56,-53.63352046,-0.0043251363160379695,2.339875967008993,2.3303877383470537,0.0003,655.409649767548,2470.808906421113,0.15944363320983426,-0.049390611880733515,0.8002026177918196,0.13948585760117718,-0.006226679063078758,0.8028851700234941,0.04763017940348518,0.25460111637169386,False,2026-08-07T13:54:19.482563+00:00
385616,1277,-119.388374,600,0.51,-59.64893692,-0.006082334336315398,2.2083285143889952,2.3155595345422624,0.0003,651.0392316617497,2479.7030985050687,0.15364005749362572,0.053135533807274336,0.8033670684528256,0.1383846097574883,0.08718711942086049,0.8028851700317783,0.03731583302725018,0.34785934080758985,False,2026-08-07T13:54:27.174878+00:00
390624,1296,-137.339414,600,0.5,-63.641962750000005,-0.006082334336315398,2.2083285143889952,2.3155595345422624,0.0003,4287.750942669064,375.3426963269901,0.14430763704966842,-0.23336036810160568,0.8002103014481396,0.1439160526121861,-0.15829871409446009,0.802881997575277,0.07511020703510193,0.10296526073591199,False,2026-08-07T13:54:28.342861+00:00
395632,1307,35.34592,24,0.5,-62.93269371,0.0035745978761042353,2.1056766241206786,2.3030656300485135,0.0003,659.9132722776176,2431.180076834493,0.1784631283696478,0.1041289405272943,0.8068222741303213,0.17379610453240696,0.1309428250698496,0.8344728194933325,0.03879843005368651,0.391186176869613,False,2026-08-07T13:54:35.931735+00:00
400640,1332,27.335279,31,0.52,-53.937196930000006,0.0035745978761042353,2.1056766241206786,2.3030656300485135,0.0003,238.95613536275027,6693.1112589851355,0.0860644807338558,-0.19536368728825523,0.8343540119641862,0.15483781034987482,-0.042544754683982534,0.8028945767684562,0.17050833730823012,0.21751650952843374,False,2026-08-07T13:54:56.889561+00:00
405648,1348,-141.737648,600,0.53,-51.08057423,-0.004067613057850394,5.443068865360692,2.285186017677188,0.0003,655.846105983356,2430.9849299318116,0.0002293425732220189,-0.06523307993720742,0.7928902525304431,0.15483780794530308,-0.042544754080598615,0.8028945767684535,0.15658423994241852,0.21751651018871399,False,2026-08-07T13:55:04.525497+00:00
410656,1365,35.723621,23,0.5,-62.38377079,-0.005216609998024068,2.0787133159348743,2.296238688379526,0.0003,662.7674987669192,2398.041549950743,0.08647091889735718,-0.26981071578126037,0.7579710707976444,0.17360254430039648,0.03711471622853422,0.8132743876585823,0.32381105264582294,0.29742592995737055,False,2026-08-07T13:55:12.081692+00:00
415664,1379,-117.950035,600,0.53,-57.46795427,-0.005216609998024068,2.0787133159348743,2.296238688379526,0.0003,5025.287701665719,315.27269562593284,0.176253918039461,0.097729237000863,0.8068609895573496,0.18801752172760958,0.12806815122623225,0.8033471073110052,0.03272887802151656,0.3890782331612795,False,2026-08-07T13:55:13.078251+00:00
420672,1390,-130.664767,600,0.49,-70.72135919,-0.003193471929989755,4.599573433969636,2.349845416843891,0.0003,662.3449042996201,2384.4495364088602,0.1342182329880803,-0.032854064195148455,0.8337005275144413,0.15281807457686175,0.02593925197782044,0.8028881190847882,0.06893484348990872,0.28602943183249346,False,2026-08-07T13:55:20.639287+00:00
425680,1405,35.678623,23,0.51,-72.17147267000001,-0.003193471929989755,4.599573433969636,2.349845416843891,0.0003,4297.4760334467455,366.3359580710292,0.15378002590477016,0.05352511868240004,0.8030661637971869,0.1744535993279489,0.0801475629308752,0.8028881190847889,0.033707311903596576,0.34045450665448185,False,2026-08-07T13:55:21.804623+00:00
430688,1420,-224.155794,600,0.49,-72.29334432,0.0013420170253084507,3.4824998863274232,2.3651495749130844,0.0003,660.4641769178697,2376.074365340102,0.12290450437996613,-0.04163095001042226,0.851223375924074,0.16624716069410655,0.0019305967622648156,0.8029045635666658,0.07817225749090993,0.26200508494488073,False,2026-08-07T13:55:29.387152+00:00
435696,1438,-284.431508,600,0.48,-80.06400099999999,-0.0037785628590427224,2.993718681228347,2.362311166897416,0.0003,666.0039234641973,2348.790967871968,0.14548993451178913,0.04176137301843126,0.8021536044679554,0.18693816911177244,0.044590489265000886,0.8029045904938592,0.04155146243157948,0.3057793830620159,False,2026-08-07T13:55:36.906636+00:00
440704,1447,-122.542637,600,0.43,-89.65686468000001,-0.0037785628590427224,2.993718681228347,2.362311166897416,0.0003,4562.6743567531685,341.7504467948938,0.17938147794878423,-0.04733993929459278,0.8118842787138383,0.18306426338528062,-0.04414111520522053,0.7966990366253914,0.01594951288945075,0.2170875823034369,True,2026-08-07T13:55:38.004231+00:00
445712,1466,35.769599,23,0.45,-80.96039281,-0.0031863777305261463,2.892926930543035,2.347252506762743,0.0003,650.9475733857503,2387.731460332109,0.14837464388697294,0.04583126956783979,0.8024577368027739,0.13838405997545183,0.08541688794545554,0.8028916154164879,0.04082917094287873,0.34609258203704435,False,2026-08-07T13:55:45.697632+00:00
450720,1482,-132.630837,600,0.48,-76.98207405,-0.004945347671491618,7.832548595685512,2.3279149439185858,0.0003,674.7434428291955,2296.1023429940683,0.14589015604568228,0.04242244214944978,0.8021931646555917,0.18171732214614203,0.05521820517442465,0.8028791605126026,0.038049809099351364,0.31596543949391837,False,2026-08-07T13:55:53.119716+00:00
455728,1501,35.794142,23,0.5,-61.80647844,-0.004945347671491618,7.832548595685512,2.3279149439185858,0.0003,4798.761038082221,321.8063970564272,0.1490325155539996,0.04692658430240512,0.802248405196012,0.18161532276059209,0.07164442735518375,0.8028775062703175,0.04090240651606534,0.3323480831504709,False,2026-08-07T13:55:54.163323+00:00
460736,1513,36.48865,22,0.49,-71.42065115999999,-0.0008011812380573247,3.787273053592071,2.3118588043376804,0.0003,644.3566302681874,2388.8386146649004,0.1462019368781494,0.04279025537930546,0.8019376759088795,0.16397375867295427,0.06788947294649593,0.8030024702896803,0.030772425310086452,0.3279135514539187,False,2026-08-07T13:56:01.935419+00:00
465744,1523,-128.965945,600,0.46,-76.00199823000001,-0.0008011812380573247,3.787273053592071,2.3118588043376804,0.0003,5075.355516943847,302.29527663194335,0.1576177986199674,0.0592644320924067,0.8036520221088098,0.17652656128874208,0.0834470885030839,0.8029035456034868,0.030706715777170556,0.34384448494817493,False,2026-08-07T13:56:02.922142+00:00
470752,1541,-127.851197,600,0.46,-75.00989522,-0.0001726370373944519,2.7908251342596486,2.30652478877455,0.0003,686.9705429841064,2226.075070638626,0.14641998769336714,0.04328720887771713,0.8019977501916699,0.16681420938330724,0.08065731047861134,0.8029017628308428,0.04258246130569913,0.3407254563898045,False,2026-08-07T13:56:10.212126+00:00
475760,1561,35.696977,23,0.48,-70.4554272,-0.003898180949909147,5.927414922136814,2.3011968528851865,0.0003,637.0119406335482,2392.7965910404255,0.14987572370144991,0.047732204886328435,0.8027774287904457,0.17353445087619315,0.08797203309180926,0.802901762830844,0.046679702275069686,0.3482351463803837,False,2026-08-07T13:56:18.073825+00:00
480768,1573,-237.153329,600,0.46,-75.62647122999999,-0.003898180949909147,5.927414922136814,2.3011968528851865,0.0003,4592.108211154466,330.835409389898,0.14439796953398287,-0.023347139509222594,0.8317201446589032,0.14885622510895175,-0.009195978668097265,0.8028987322141011,0.03241612579005289,0.25105147048977,False,2026-08-07T13:56:19.164391+00:00
485776,1589,35.384577,24,0.45,-77.69203154,-0.0005828760262374999,5.587313448952045,2.3193550568073986,0.0003,676.5990529128541,2237.993082433463,0.15437588378737152,0.05438121004990437,0.803359300266408,0.14266156604231342,0.09613462417168785,0.8028987322141011,0.043368017639594005,0.35655643568166656,False,2026-08-07T13:56:26.566126+00:00
490784,1600,35.700056,23,0.43,-90.01372267,-0.0005828760262374999,5.587313448952045,2.3193550568073986,0.0003,5281.078978564251,285.77796433756527,0.17788995668671914,-0.024140732457802377,0.8088973971213385,0.17996235063428648,-0.019319258842842062,0.7957243431856037,0.014179942682798445,0.24150717299244978,True,2026-08-07T13:56:27.514410+00:00
495792,1618,34.800535,29,0.45,-71.21873836,-0.0010661913664080202,2.9255221493542196,2.346928670629859,0.0003,634.6877369155077,2369.9969489094547,0.1790963270716487,0.10389677404125117,0.8071629619584849,0.1839487309608586,0.12424388101584367,0.8003995362883859,0.0219839603469094,0.3849894827300525,True,2026-08-07T13:56:35.404909+00:00
500800,1632,33.719098,29,0.47,-74.31967333,-0.003748639681361965,6.385570506216027,2.3458796218037605,0.0003,656.5301776988507,2283.520317763185,0.16380446251389177,0.04416441656286123,0.8039548384249708,0.1637277000191547,0.12091801029634246,0.8028959318351124,0.07676093620228282,0.38093624967382306,False,2026-08-07T13:56:43.032888+00:00
505808,1653,-166.892566,600,0.48,-72.04825373000001,-0.003748639681361965,6.385570506216027,2.3458796218037605,0.0003,4917.525956391614,303.8503534603423,0.17864131413068865,0.10467096515795887,0.8068153981288549,0.14492020212439424,0.12162596471227759,0.8028959318351143,0.03794664175992086,0.3819237846043968,False,2026-08-07T13:56:44.051292+00:00
510816,1670,35.356403,24,0.49,-72.27765066,-0.004312188461335608,4.301872106245719,2.3526974000036716,0.0003,648.9594743931941,2294.7257244259404,0.08478310695528851,-0.2687201743785482,0.7910248791364677,0.17663603177935516,0.05199317657468558,0.8028917682363291,0.333818567990602,0.31243639317871835,False,2026-08-07T13:56:51.768260+00:00
515824,1689,-311.183173,600,0.51,-70.91322245,-0.004312188461335608,4.301872106245719,2.3526974000036716,0.0003,4326.692318165761,343.02785843325114,0.15236048593125642,0.05145594260594628,0.8028776500633925,0.1816154755991253,0.07023283405161712,0.8028917682352168,0.03476242615457669,0.3309395012251322,False,2026-08-07T13:56:52.925730+00:00
520832,1703,35.349694,24,0.53,-57.42004881999999,-0.005686499309740611,2.505177632905543,2.3519655037671328,0.0003,658.264408504439,2247.0727277518076,0.1442246761376464,-0.24697760081891593,0.8014367439602024,0.14047872282325757,-0.17178081942127682,0.8028889827360861,0.07530403107576701,0.09035321845176615,False,2026-08-07T13:57:00.533611+00:00
525840,1717,-159.063393,600,0.52,-60.40196243000001,-0.0015905351807305123,3.897266598523129,2.347698120959103,0.0003,658.6887506143925,2238.0221290024706,0.14913615680874698,0.04682119874906335,0.8021992770418224,0.18287623370049821,0.063351565840362,0.8028977828638487,0.03757836791583397,0.32415977110019956,False,2026-08-07T13:57:08.136597+00:00
530848,1724,32.02362,21,0.48,-67.64776486000001,-0.0015905351807305123,3.897266598523129,2.347698120959103,0.0003,4534.310269631303,324.00782316104295,0.17862613083890647,0.104636961312852,0.8068063660986909,0.18652755411315922,0.1254856530025821,0.8306350431119783,0.03263290184975733,0.38639733409801585,False,2026-08-07T13:57:09.241077+00:00
535856,1746,35.453483,25,0.49,-68.17385392,-0.0009814842480409425,4.385891817556694,2.368965787626803,0.0003,660.377776626413,2217.1309390205165,0.14538884049648707,0.041288325094724285,0.8021003922276977,0.18032560822343308,0.07563325769951663,0.8029032173501821,0.04899792508884021,0.3362481435244552,False,2026-08-07T13:57:16.824602+00:00
540864,1757,-115.783624,600,0.45,-74.11072687,-0.00024276270451082383,2.758840198768303,2.4024244610220196,0.0003,656.8190468530928,2221.519011957577,0.140340494262303,-0.11325038848730387,0.8739112940995335,0.16040335638494144,0.03981861378009188,0.8028980398320908,0.16992798525652114,0.2998188851046398,False,2026-08-07T13:57:24.449231+00:00
545872,1769,-111.502846,600,0.41,-78.60674147000002,-0.00024276270451082383,2.758840198768303,2.4024244610220196,0.0003,4422.621853169896,328.79320192337036,0.15180874959683702,0.05044029595711231,0.8030803288784506,0.1816187024644878,0.0741697554195729,0.802898288302167,0.03810188545365616,0.33486832297699526,False,2026-08-07T13:57:25.581594+00:00
550880,1784,-132.566285,600,0.38,-87.24378885000002,-0.008315153027433552,6.747904916713014,2.4154367027804255,0.0003,661.2388222781761,2191.522867649127,0.12269972888943757,-0.051770837160626804,0.8645381588828515,0.15032523325906597,-0.036411771922696894,0.8028951827581396,0.06927428009132347,0.22379744602260232,False,2026-08-07T13:57:33.155255+00:00
555888,1800,31.389821,24,0.39,-83.94063632,-0.008315153027433552,6.747904916713014,2.4154367027804255,0.0003,5001.9489629178415,288.7098630365853,0.14728698620239755,0.040682333016746446,0.801531494126226,0.18699111582075223,0.03862716598656227,0.8028951827596362,0.03978066448617918,0.29984446734668135,False,2026-08-07T13:57:34.156467+00:00
560896,1817,35.89136,22,0.43,-78.2825268,-0.0029245403653476386,2.5555353215895593,2.3772807117551564,0.0003,661.1798148388307,2176.569773762371,0.14796959332803988,0.020191636659795502,0.8001387995207495,0.1663680110881389,0.04860905828287731,0.802952678255567,0.03397012719012666,0.3086747518334842,False,2026-08-07T13:57:41.730803+00:00
565904,1832,-126.068542,600,0.44,-72.13770072999999,0.0013602324444946135,1.8971501158899629,2.377485940605402,0.0003,649.0987704805697,2209.3648381713097,0.17706046787435503,0.10040182981684098,0.8066651579946438,0.18842607893499297,0.1284639841737876,0.8035696154671487,0.030434257104032032,0.38950264307677185,False,2026-08-07T13:57:49.446117+00:00
570912,1842,36.109285,23,0.43,-73.21786399000001,0.0013602324444946135,1.8971501158899629,2.377485940605402,0.0003,5230.369359631253,273.22888724263106,0.144712669396727,0.017100746291154018,0.8006467535904289,0.13688887621773316,0.051885382046916166,0.803158187739261,0.03574199107286326,0.31274049238470886,False,2026-08-07T13:57:50.403617+00:00
575920,1860,-127.878571,600,0.45,-76.37960694999998,-0.001762430437884177,4.111900081043132,2.412914248928428,0.0003,652.3218408224201,2183.0941582525884,0.15558316184594256,0.05621879048268165,0.8034611710257045,0.13838423228755792,0.08707807611501016,0.8028826290197631,0.03533317702308345,0.34775053175156334,False,2026-08-07T13:57:58.080797+00:00
580928,1871,-742.632506,600,0.46,-84.61485703999999,-0.001762430437884177,4.111900081043132,2.412914248928428,0.0003,4639.188053752108,305.8880096167421,0.14481143429204202,0.01027110882466157,0.7998405235212561,0.16555851896194357,0.05446979682264991,0.8028958364413608,0.04892137038231187,0.31451891874214655,False,2026-08-07T13:57:59.160299+00:00
585936,1889,-255.550565,600,0.44,-89.54190294,-0.005543369870792958,7.1207100541796535,2.4336662504822018,0.0003,661.7996372071669,2136.6950365331604,0.15298780577394697,0.0521507489029967,0.803269166413233,0.18161676909535818,0.07834215911700608,0.8028958364413618,0.03880395450369872,0.33903200636824765,False,2026-08-07T13:58:06.727552+00:00
590944,1900,-120.646662,600,0.45,-87.79922782,-0.005183079723428819,6.5603288297075775,2.4440955370664597,0.0003,676.8904780586108,2081.660247373124,0.1534383999427804,-0.006248909099171419,0.800382526005595,0.1823443891301528,0.00828003131086851,0.8027873145247184,0.03244116718246568,0.26920892802015367,False,2026-08-07T13:58:14.126082+00:00
595952,1925,-447.832747,600,0.46,-87.76225233000001,-0.005183079723428819,6.5603288297075775,2.4440955370664597,0.0003,4380.095073479197,320.55194612128287,0.14893590609277402,9.877145732136751e-05,0.7993251100764486,0.1829796414206285,0.009094370861024506,0.8028829907351123,0.035391457139911674,0.27007377575194386,False,2026-08-07T13:58:15.269436+00:00
600960,1935,35.797379,23,0.47,-79.59838126000001,-0.0012351400378975085,4.110614724410698,2.4572081128135324,0.0003,257.6234207988628,5430.562157981311,0.15471632470791546,0.05484001281973519,0.803401721504048,0.1679487439762661,0.08902223974326541,0.802879879152873,0.03665779421329946,0.3491127416268356,False,2026-08-07T13:58:34.708666+00:00
605968,1966,33.423659,31,0.53,-64.27614949999999,-0.0012351400378975085,4.110614724410698,2.4572081128135324,0.0003,4912.825301206229,283.75362740004783,0.15368910815366998,0.053205475524061914,0.8033761099551735,0.17166173364863324,0.09318622111415217,0.8028798790243831,0.04383744438557519,0.3533786960423428,False,2026-08-07T13:58:35.728041+00:00
610976,1981,-140.416684,600,0.55,-55.44274229,-0.003431318830917007,3.8994455652078615,2.463656189851463,0.0003,670.2574351245433,2072.3738778696274,0.15492493409445246,0.05513808853642543,0.803239193203354,0.138379982130374,0.08570246639487866,0.8028952214020212,0.034756797118953325,0.3463778579011441,False,2026-08-07T13:58:43.199807+00:00
615984,2008,35.722173,28,0.62,-35.863621779999995,-0.0037922402832919035,4.123533672385383,2.4349421255290506,0.0003,647.4173450706194,2137.749336711134,0.15189989941486068,0.050656836858679735,0.8030477829006193,0.1383847080808561,0.08807728996269716,0.8028895365300892,0.0397866277688686,0.34874778943030643,False,2026-08-07T13:58:50.935145+00:00
620992,2022,36.152712,23,0.58,-41.462940429999996,-0.0037922402832919035,4.123533672385383,2.4349421255290506,0.0003,4699.124950643143,293.4605941498242,0.1328297897337896,-0.024029186515645,0.8353297121645218,0.1724451092141632,0.05543302944302264,0.802903485739568,0.09452553868006451,0.31567843893265063,False,2026-08-07T13:58:52.000875+00:00
626000,2040,35.86175,23,0.6,-42.689212259999984,-0.004648684841231443,6.122545096115209,2.4092922234907745,0.0003,661.9828230484426,2075.582556164684,0.14675717424784165,0.04365788155503203,0.8021841772764334,0.1816159956003059,0.07263291206012353,0.8029034857395702,0.04533439338426334,0.33333452484162257,False,2026-08-07T13:58:59.566036+00:00
631008,2056,35.68167,23,0.55,-50.906654849999995,-0.0031225413280481008,4.945165988849476,2.4086530739441514,0.0003,713.0667182304358,1919.8652314012422,0.1611695202027022,-0.038649568471744576,0.7993239464500314,0.19083909304038715,-0.0453210785728485,0.8028167199156805,0.030610326131587803,0.21688266174288517,False,2026-08-07T13:59:06.589218+00:00
636016,2064,33.583596,25,0.54,-53.28476809,-0.0031225413280481008,4.945165988849476,2.4086530739441514,0.0003,5147.029676239381,265.00410640658663,0.14835997474071097,-0.02825171947882581,0.8010635787490483,0.18496095627888356,-0.03991349146485641,0.8027605370036942,0.03845137764410828,0.22149745049897568,False,2026-08-07T13:59:07.562206+00:00
641024,2089,36.240372,24,0.54,-54.040612980000006,-0.0024607813909824474,3.729599402146414,2.4528838742524384,0.0003,668.6644217066452,2032.3737227284491,0.12348868084688869,-0.08484305600056968,0.879077620443384,0.1728232339363443,-0.06040773305252361,0.802900993597059,0.09398862491703908,0.20000377084899898,False,2026-08-07T13:59:15.051761+00:00
646032,2100,-118.626359,600,0.52,-57.20918134000001,-0.0024607813909824474,3.729599402146414,2.4528838742524384,0.0003,4510.907947094249,300.1542075076423,0.14154803673535732,-0.05542638425068648,0.8025857131606774,0.17698121038470838,-0.08451668837027132,0.80290099359706,0.04584599208642525,0.17630301803050963,False,2026-08-07T13:59:16.161959+00:00
651040,2119,-120.633908,600,0.5,-59.821255869999995,-0.0020516679775028023,1.1558985615964048,2.4542455287650227,0.0003,653.974381169789,2062.710771004613,0.13062026430732354,-0.025737819147103096,0.8355787424242572,0.153835158055616,0.018781734157864084,0.8028980329859671,0.059907851635726934,0.2788498889658471,False,2026-08-07T13:59:23.819757+00:00
656048,2130,36.054007,22,0.53,-50.90920396000001,7.070563915476669e-05,3.0517280371277593,2.4444321263581514,0.0003,675.9574992383639,1988.2196758143816,0.15076949687244945,0.04909493851170685,0.8027807611473919,0.18161604010647214,0.06984804242749672,0.8028980538338653,0.03717814289609291,0.3305555691304206,False,2026-08-07T13:59:31.228506+00:00
661056,2142,-138.813978,600,0.45,-70.28865978,7.070563915476669e-05,3.0517280371277593,2.4444321263581514,0.0003,4246.956765910918,315.2713987454058,0.18135706591722986,-0.17703771818260208,0.8318352118572855,0.17935817815725943,-0.1759704515005207,0.8415875021200107,0.010012081492680968,0.08623052871573118,False,2026-08-07T13:59:32.407705+00:00
666064,2154,-132.87542,600,0.45,-64.61323500999998,-0.004475335183087736,2.276614844810683,2.4273810680955648,0.0003,637.1790112369707,2093.502730748143,0.013871871137780281,-0.06298711659681436,0.798316026010225,0.2897579180410638,-0.0622351368366897,0.7929057825587386,0.2759401150316582,0.2365334191955849,False,2026-08-07T13:59:40.267348+00:00
671072,2167,-142.464058,600,0.45,-68.89865862999999,-0.004475335183087736,2.276614844810683,2.4273810680955648,0.0003,5046.901886460608,263.31560032207744,0.1776272817536466,-0.013490097300711885,0.8105128900639249,0.1730013219379468,-0.009008543347483994,0.7954378147848372,0.016393343915209083,0.2513279643905269,True,2026-08-07T13:59:41.259642+00:00
676080,2179,36.056304,22,0.42,-72.76048443,-0.0013237283503258368,1.7195209776982665,2.4367314806208014,0.0003,675.5314788835171,1959.819847608146,0.15756840731790217,0.05922371023093127,0.8037868396532311,0.18327780128792343,0.09894961432826627,0.8029039279563942,0.04732758104658249,0.35970360251074934,False,2026-08-07T13:59:48.673077+00:00
681088,2191,35.954299,22,0.36,-80.85731609,-0.001387616385545698,0.9193676892784424,2.443958984129131,0.0003,650.9440431517505,2026.1526530207916,0.13534774866377822,-0.010504312605105166,0.8375129715702616,0.1420023917425617,0.05700546014911739,0.8029059507485327,0.07615444558256827,0.31751594553241236,False,2026-08-07T13:59:56.366506+00:00
686096,2210,-129.226211,600,0.4,-81.15157575,-0.001387616385545698,0.9193676892784424,2.443958984129131,0.0003,5010.6030788681155,262.22472211804256,0.15687553994415,0.05813410821643019,0.8037588744027583,0.13838477106080505,0.08928292510357981,0.8029059507485327,0.036233752305362917,0.34995111071549234,False,2026-08-07T13:59:57.365988+00:00
691104,2220,36.388588,23,0.36,-89.89844749000002,-0.006657643545258907,2.5215818656608464,2.4382346786558626,0.0003,699.1865342842681,1872.0268995739018,0.16277258197664737,-0.04427612553398255,0.7994005842510927,0.17127043339927817,0.014938700100818996,0.8029002616307934,0.0599237581892445,0.275169604938728,False,2026-08-07T14:00:04.528599+00:00
696112,2238,-747.732533,600,0.39,-86.7088545,-0.006657643545258907,2.5215818656608464,2.4382346786558626,0.0003,4317.21887656929,302.0203601620829,0.14701403554487805,0.04195221877558414,0.8020467649650763,0.18697893961141288,0.05883499933686945,0.8029006265671753,0.04339298233773964,0.3199744052025065,False,2026-08-07T14:00:05.688610+00:00
701120,2246,-323.399218,600,0.38,-90.67093724,-0.002086912338563707,3.1870651684235782,2.456060977652669,0.0003,644.5604075853552,2015.140838181249,0.18121421015968064,-0.07297047112527703,0.8122955020958165,0.18468287778563247,-0.06887437044485628,0.7960436368098188,0.017115280341194677,0.19271287120644148,True,2026-08-07T14:00:13.458247+00:00
706128,2266,35.573652,23,0.4,-85.71953173000001,-0.0010436027791001835,2.0856494751526045,2.4466692809015513,0.0003,659.3752494857723,1962.2695892954025,0.17718634892894147,0.10015331797520527,0.8067391639670791,0.18557676193694572,0.12893883096949788,0.8038259767513578,0.030124598728336904,0.38977889243402963,False,2026-08-07T14:00:21.053312+00:00
711136,2276,-153.837936,600,0.41,-87.11161562,-0.0010436027791001835,2.0856494751526045,2.4466692809015513,0.0003,4970.147145174632,259.3210950004407,0.14496299421170697,0.025066768284995006,0.8011450625903953,0.18245690297939018,0.025916726427651814,0.802930841785925,0.03754603349035431,0.2867972924253826,False,2026-08-07T14:00:22.060927+00:00
716144,2289,-119.647869,600,0.41,-92.63291007,-0.0031237004204740515,3.3886872303439306,2.4409435387700795,0.0003,630.850818230584,2035.1182290624126,0.14636635226774827,0.025423701525790855,0.8009483239092354,0.18698851052587692,0.03706137663409721,0.8028993598843873,0.04230132107690349,0.29828483231326114,False,2026-08-07T14:00:29.999416+00:00
721152,2306,-723.592887,600,0.4,-95.50049889,-0.0018670894143724582,1.9461558653740212,2.4247962379828096,0.0003,657.0820645823824,1946.2530921655723,0.15167500686268265,0.05077359323211063,0.8027088132900637,0.1877316936669376,0.055192842970602174,0.8030179662161163,0.03632781313378191,0.31641045351493613,False,2026-08-07T14:00:37.621003+00:00
726160,2321,34.514311,30,0.45,-87.78110733999998,-0.0018670894143724582,1.9461558653740212,2.4247962379828096,0.0003,5077.687848885837,250.8700884950047,0.15470770676967965,0.05484376255342203,0.8034608002781625,0.18699846434477957,0.07751064222937745,0.8028854055378264,0.0394564511597954,0.33858876339161514,False,2026-08-07T14:00:38.607266+00:00
731168,2332,-116.635301,600,0.42,-91.39651954000001,-0.003888726732111536,1.2164495502074715,2.395711302757263,0.0003,666.0203739048276,1905.0948735410796,0.16005104681158794,0.06331938338178042,0.8042700305272219,0.16119489159363293,0.11583017896587605,0.8028819207507869,0.05254159192974194,0.37583207844387495,False,2026-08-07T14:00:46.126560+00:00
736176,2343,-117.789537,600,0.41,-82.4625589,-0.003888726732111536,1.2164495502074715,2.395711302757263,0.0003,4285.368945802975,294.91603079771465,0.15636468451398877,0.057344808739718624,0.8037065169512524,0.16206227782891927,0.11826745851840946,0.802881920750788,0.06119405023801889,0.37827308014689637,False,2026-08-07T14:00:47.295185+00:00
741184,2353,36.053366,22,0.39,-86.41557624000001,0.006873202727001626,1.0132533259748016,2.3735147232189773,0.0003,658.6424441797411,1911.228180211954,0.15706891801884093,0.05769891160506951,0.8035522387237307,0.1383842108324915,0.08779503654189158,0.8029042337807684,0.035430423780397055,0.3484661099511829,False,2026-08-07T14:00:54.898705+00:00
746192,2370,-203.57913,600,0.37,-89.36222767,-0.006397039911098546,5.6985576607752595,2.3617431458085774,0.0003,658.7136001501253,1903.419027198237,0.15419608780446212,0.054076792810070974,0.8032978986506671,0.13839602536312212,0.09126382185475214,0.8029041659239872,0.04040633771799001,0.3519275554203136,False,2026-08-07T14:01:02.501401+00:00
751200,2382,35.733943,23,0.41,-79.94747778999998,-0.006397039911098546,5.6985576607752595,2.3617431458085774,0.0003,4532.048390583729,275.548690652695,0.15900889029410048,0.06161820727589412,0.8040754906791145,0.16330520640647336,0.12043227784543707,0.8028850122074295,0.05898279806933678,0.38044663543795104,False,2026-08-07T14:01:03.606425+00:00
756208,2399,36.256751,22,0.39,-87.13441352999999,-0.002701935762888752,2.5078016278799624,2.3949733594432474,0.0003,656.8622009305739,1893.5356582216561,0.1630470120554749,0.06836942616665068,0.8050405398349088,0.16227695254786234,0.12284209891701377,0.8028850122074306,0.05452074254415686,0.38284886994229167,False,2026-08-07T14:01:11.230549+00:00
761216,2412,35.694618,23,0.39,-84.68299341000002,-0.002701935762888752,2.5078016278799624,2.3949733594432474,0.0003,5328.551251069892,232.48045137058054,0.14176493968586937,-0.06042880324767533,0.80210998083536,0.15921157237605693,-0.08773328769096364,0.8031656951452605,0.032419660634316075,0.17226851653126435,False,2026-08-07T14:01:12.170390+00:00
766224,2428,-125.836437,600,0.38,-85.70970548999999,0.0006536718505230965,0.8767746157187503,2.430445459112525,0.0003,660.8936481313373,1866.8298651204705,0.1413084192548297,-0.07002385119706912,0.8027962459319288,0.17637376535841523,-0.08426970222178784,0.802985471028359,0.03784915553773742,0.17649146650541367,False,2026-08-07T14:01:19.748009+00:00
771232,2437,-121.111486,600,0.4,-83.81499754999999,-0.0010647487237292808,1.9091103046434,2.429599916189909,0.0003,658.7891930979084,1865.191495054446,0.1445448747152669,0.02366532307851097,0.8010784310003407,0.18120950765962054,-0.0003093762900539274,0.8024325583673458,0.04382824636787698,0.2605552978889976,False,2026-08-07T14:01:27.349839+00:00
776240,2454,-124.457839,600,0.42,-75.94486361,-0.0010647487237292808,1.9091103046434,2.429599916189909,0.0003,5360.890783179853,228.27549552765137,0.15009929870031144,-0.018707451315665664,0.7994793072909516,0.18612252981357894,-0.018165604288171745,0.8028863409922121,0.03618804577042828,0.24324115916753575,False,2026-08-07T14:01:28.284020+00:00
781248,2465,30.616036,37,0.42,-80.00836109,-0.0038225642176257678,3.674013886437751,2.4416452208533883,0.0003,652.1037133364097,1868.9542400616047,0.1629858527039591,0.06743911258224575,0.8049307458729598,0.13948458416774093,0.10663473067738088,0.802882403109023,0.04574715082657821,0.36720826246919624,False,2026-08-07T14:01:35.963803+00:00
786256,2484,-128.364298,600,0.41,-75.56135924000002,-0.0038225642176257678,3.674013886437751,2.4416452208533883,0.0003,4411.879799018111,275.1081297070073,0.16157041560853674,0.06567410865304057,0.8046128692254145,0.1394845857682005,0.10663472877618561,0.802882403109023,0.04656770118428502,0.36720826048155497,False,2026-08-07T14:01:37.098893+00:00
791264,2491,-140.623268,600,0.41,-77.27721258000001,-0.006667057871527504,3.881780373095535,2.4448862988501787,0.0003,658.7855979597383,1834.7942088343466,0.14472281318519842,-0.0015637610152820659,0.7995685538735134,0.1847052914027434,-0.02094181585748609,0.8029014841717601,0.04455576279514127,0.24033136879902,False,2026-08-07T14:01:44.700756+00:00
796272,2509,-110.730994,600,0.39,-77.35464651,-0.006145712891884614,6.064455776941031,2.4369739018380643,0.0003,679.0657534080947,1772.6236287999077,0.14763420126093046,-0.011440876243250043,0.7996286610730342,0.18693627113663738,-0.02175317116896962,0.8029014841717202,0.04076404658746803,0.23976470580714904,False,2026-08-07T14:01:52.075600+00:00
801280,2519,-136.022862,600,0.4,-77.74864125999999,-0.006145712891884614,6.064455776941031,2.4369739018380643,0.0003,243.0840313232309,4931.2988330609505,0.16590662099075246,0.07343216936985536,0.8056874952019523,0.1499255079237849,0.12001131754901931,0.8028944106530223,0.04932356780742027,0.3801448366819353,False,2026-08-07T14:02:12.677538+00:00
806288,2532,-270.472513,600,0.37,-89.28238756,-0.00500311129981128,3.2295643714373,2.4404130078852178,0.0003,680.7374517895051,1753.5571120143318,0.1679792020104164,0.07643683479311716,0.8062402231258564,0.14992550612620253,0.12001131926463783,0.8028944106530223,0.04728494573478804,0.3801448384445903,False,2026-08-07T14:02:20.034275+00:00
811296,2540,-426.988648,600,0.35,-95.16928479,0.005850096734502585,1.2110545446106697,2.4787191675975917,0.0003,689.5721703905949,1723.8282677891154,0.15903728108229323,0.06154363658529473,0.8040458515170857,0.1383303774157835,0.0878731628315984,0.8029127911257756,0.033515722245824636,0.3485474285680532,False,2026-08-07T14:02:27.296737+00:00
816304,2556,-151.358867,600,0.34,-103.49927498000001,0.005850096734502585,1.2110545446106697,2.4787191675975917,0.0003,4446.590285361911,266.2030733743795,0.16015581256710462,0.06325644777857511,0.8041525798412091,0.1383791409021297,0.09263310216692167,0.8028962658535291,0.036589473577685196,0.3532952961645493,False,2026-08-07T14:02:28.422996+00:00
821312,2567,35.270595,25,0.36,-101.33662512,-0.004514283204844105,10.197358199302107,2.487351886741817,0.0003,646.2644855032975,1823.84770699888,0.16765083309007447,0.07567132763656786,0.8059137241442255,0.18161717159760768,0.1123348409457899,0.8029018991351975,0.0393489886701998,0.3729618424048325,False,2026-08-07T14:02:36.172146+00:00
826320,2586,36.330735,22,0.35,-104.50197402999999,-0.004514283204844105,10.197358199302107,2.487351886741817,0.0003,4888.624343424352,240.08390040824207,0.17083081670134034,0.08208889858647801,0.8069405085774033,0.18183530341134346,0.12183530348008124,0.8029018991351816,0.04143894057458135,0.3824591212911403,False,2026-08-07T14:02:37.196555+00:00
831328,2598,-218.858922,600,0.38,-93.81801949000001,-0.0009719910125568276,6.586059968639165,2.5030621737241745,0.0003,661.5823567744628,1766.4799975891844,0.15931628801240727,0.06201167258569222,0.8042567619364529,0.15260623846608307,0.10170681484395785,0.8028946245983075,0.04028131703340944,0.36178237604142854,False,2026-08-07T14:02:44.766289+00:00
836336,2615,-123.486986,600,0.38,-93.52051312999998,-0.000875327249741531,2.6590526928543112,2.492354835011065,0.0003,650.3555542675434,1789.2735633057907,0.16137566719957389,0.06543707871143489,0.804507203449964,0.15182813017415892,0.1117850998646859,0.8028946157627204,0.04734865327676092,0.37187489823574404,False,2026-08-07T14:02:52.466694+00:00
841344,2628,35.062926,25,0.42,-82.56396394,-0.000875327249741531,2.6590526928543112,2.492354835011065,0.0003,4411.217332484064,262.66128206100706,0.15725432080272242,-0.01662991715818707,0.799702512816558,0.14456342712177453,0.0759986605952367,0.8028902307550637,0.09354824287338948,0.3363530700083141,False,2026-08-07T14:02:53.601981+00:00
846352,2648,34.875488,25,0.44,-78.97439469000001,0.0016239868145930814,2.3252869036863557,2.4850598026067017,0.0003,660.428127328331,1746.8183928914725,0.1654582553732658,0.0718330926409976,0.805584075496649,0.13838093939286256,0.09281067893024873,0.8028902307550643,0.034358360943405636,0.35347243025271174,False,2026-08-07T14:03:01.184944+00:00
851360,2660,-118.93656,600,0.45,-70.65292997,0.0016239868145930814,2.3252869036863557,2.4850598026067017,0.0003,5174.558367481274,221.97836383843955,0.15930810241494414,0.008411810168394223,0.8004931765159674,0.15978119778101665,0.09219482653104348,0.8028843301293781,0.08381846613755395,0.35219489449684366,False,2026-08-07T14:03:02.152759+00:00
856368,2673,-114.737776,600,0.44,-66.06111996,-0.003603014419786632,1.1626389792072587,2.4526666801422836,0.0003,631.292808616111,1811.5714045705888,0.1737743792860181,0.08970102269060408,0.8072639935149816,0.16539772638504188,0.1275246386012214,0.8029072525333019,0.03898429717666826,0.38756222851709254,False,2026-08-07T14:03:10.085681+00:00
861376,2684,36.283515,23,0.44,-65.29571897999999,-0.002144483743904857,1.5092405537026934,2.4461080303415654,0.0003,653.7126446250462,1741.7805963552796,0.1458233189732577,0.0365267938704935,0.8018291350133009,0.13795141621780685,0.07434609141831715,0.8033347157019655,0.038659188988029405,0.33507230397856835,False,2026-08-07T14:03:17.746541+00:00
866384,2700,-140.642392,600,0.42,-72.53588347,-0.002144483743904857,1.5092405537026934,2.4461080303415654,0.0003,4764.858725898758,237.9117756080323,0.1650881819106396,0.07179628768595792,0.8055023305175744,0.13828833003925176,0.09582574699438139,0.8028810896983632,0.03609041255535614,0.3564875297069927,False,2026-08-07T14:03:18.797569+00:00
871392,2712,-119.772718,600,0.41,-71.79927832,-0.00123672282534244,1.512489771156106,2.4551392646506427,0.0003,665.9329150340457,1694.7773184364978,0.14476561920238606,0.033535917997359846,0.8016765816198128,0.18263008004313255,0.041369269769885614,0.8029563728512562,0.03868742250846696,0.30221773158501586,False,2026-08-07T14:03:26.317847+00:00
876400,2725,-225.577631,600,0.4,-78.50719507,-0.00123672282534244,1.512489771156106,2.4551392646506427,0.0003,4287.371115406518,262.0720179697957,0.17864137344440684,0.10467114468426747,0.8068153929691502,0.13713093386388406,0.12087637903471736,0.8028801683002642,0.04473491039127989,0.3815623281883783,False,2026-08-07T14:03:27.485933+00:00
881408,2736,36.430782,23,0.42,-72.02975228,-0.005658039014451788,4.18117772967089,2.4343593774363397,0.0003,659.5595806741972,1695.9680865473642,0.1749335068015178,0.0658922147973783,0.8054004199049614,0.18764330417324362,0.08037332647058923,0.7983301748549629,0.02052388631788242,0.3414940023459692,False,2026-08-07T14:03:35.078876+00:00
886416,2756,36.233043,22,0.4,-79.20936962999998,-0.0029996803092217305,2.4776406883844175,2.4078637301921844,0.0003,637.2989866451065,1747.3493969638507,0.17862363128206588,0.104630907667922,0.8068056791330158,0.18373324510856978,0.12789924084829224,0.8303513834383681,0.033495129103853355,0.3886246106129473,False,2026-08-07T14:03:42.937041+00:00
891424,2767,-124.062851,600,0.39,-84.95467782,-0.0029996803092217305,2.4776406883844175,2.4078637301921844,0.0003,4413.087575054263,251.20190368902186,0.16798806697824825,0.07718691469780954,0.806159350905534,0.1817818449596412,0.10767522666620591,0.8029033856209371,0.0336215226843866,0.3683198624482418,False,2026-08-07T14:03:44.071851+00:00
896432,2775,34.226738,32,0.38,-94.65295262,-0.00011025427593267523,2.997921242483426,2.4033413166180253,0.0003,678.2541020504513,1627.0716191229349,0.17862033841018812,0.10462353550435537,0.8068071639920794,0.18857511703076657,0.12690817738259272,0.8312316063135827,0.0345290640438234,0.38796195050396615,False,2026-08-07T14:03:51.455518+00:00
901440,2789,-123.224693,600,0.38,-96.87042635,0.0035315284425450955,1.0099041078763549,2.4077272789552806,0.0003,659.1666114983354,1666.5892671700865,0.17026151842130102,0.07812977475313024,0.8068901342688857,0.1741602303792583,0.11877719160277977,0.8028917404929913,0.041029253030824275,0.379041782661071,False,2026-08-07T14:03:59.052986+00:00
906448,2805,-129.850649,600,0.4,-91.34886358,0.0035315284425450955,1.0099041078763549,2.4077272789552806,0.0003,4414.090076958931,247.74120621330823,0.1686670332774019,0.07843056328855552,0.8063511751832483,0.18412227140171666,0.12412764366430075,0.8028917404929914,0.048363780132685504,0.38488430807798085,False,2026-08-07T14:04:00.187535+00:00
911456,2817,-128.291571,600,0.37,-94.58746056,-0.0043111932711326515,1.2646829046774655,2.410795696079731,0.0003,652.8895218798651,1667.271358354404,0.1700844812544388,0.0811157023253408,0.8066798582723649,0.1662762208038909,0.1232921536304499,0.8028937801693975,0.042516941091207586,0.3833435352034094,False,2026-08-07T14:04:07.858053+00:00
916464,2830,-200.310671,600,0.38,-88.01693654,-0.0043111932711326515,1.2646829046774655,2.410795696079731,0.0003,5248.608875452364,206.4425118563655,0.16813520887343722,0.07667911735529395,0.8063901822795204,0.16615779906475855,0.12372649886364996,0.8028938488948318,0.04721854088682904,0.3837759039067939,False,2026-08-07T14:04:08.812209+00:00
921472,2845,-114.033807,600,0.39,-96.34650176999999,-0.003146209738770267,2.9703859534813093,2.4142848217859862,0.0003,651.8436133253182,1654.5809116668215,0.15014022654882841,0.04606927849749243,0.8024684554725917,0.1869251396759642,0.02826250096108332,0.8028833538539336,0.040870322982194916,0.2895172406039211,False,2026-08-07T14:04:16.495035+00:00
926480,2854,-136.389472,600,0.36,-98.80842240000001,-0.004313976592675317,2.6866215716989243,2.4270812163129447,0.0003,668.1520158302321,1606.7002337275985,0.15467476861868162,0.052972420232104474,0.8027502599003589,0.18165123723155047,0.02364318831175358,0.802883794049757,0.039849109591405966,0.28446833628598067,False,2026-08-07T14:04:23.990337+00:00
931488,2866,36.004752,23,0.33,-100.98801900000001,-0.004313976592675317,2.6866215716989243,2.4270812163129447,0.0003,5488.859374902008,194.6692248822782,0.16924180345141518,0.07882505870571709,0.8066316593385537,0.1869999246756157,0.12699995454672527,0.8028906340986753,0.051479770090306305,0.38794066653504683,False,2026-08-07T14:04:24.902736+00:00
936496,2877,-107.240604,600,0.36,-88.46617422000001,-0.0028662538945354752,2.0801042549777775,2.41659843288362,0.0003,662.7605560139068,1604.6579573116362,0.16603632789190303,0.07364745323909247,0.805723265377968,0.1869966685032328,0.12699777772136694,0.8028906340986741,0.05739004095547737,0.38793826837726386,False,2026-08-07T14:04:32.459008+00:00
941504,2888,-122.677902,600,0.33,-89.96775662999998,-0.0028662538945354752,2.0801042549777775,2.41659843288362,0.0003,4445.944644428344,238.08123686976327,0.14498060580527897,0.039598811775075404,0.8021029620530712,0.13766997675690118,0.004835238187093145,0.8028869751953146,0.03553260505925865,0.26577496745113466,False,2026-08-07T14:04:33.585429+00:00
946512,2899,35.65587,24,0.32,-91.47361544999998,-0.00392454143257055,2.3176608457928523,2.4428241297602655,0.0003,657.8048902179045,1601.5204746365166,0.14191234165375205,-0.05198984012489299,0.8020446171575734,0.1331313128420497,-0.0877262677014805,0.8028675724005981,0.036808639994716626,0.174356431454804,False,2026-08-07T14:04:41.198629+00:00
951520,2914,-110.790347,600,0.33,-92.99382238,-0.0028836284232966135,2.1192964009474964,2.464254437945783,0.0003,684.7307293968415,1531.2296571289771,0.16513836448167898,0.07205094897163553,0.8055091448781928,0.13821139434325203,0.09526700539628208,0.8028972885723465,0.03564924669765826,0.3559345283331012,False,2026-08-07T14:04:48.512450+00:00
956528,2924,-107.786969,600,0.32,-100.94911440000001,-0.0028836284232966135,2.1192964009474964,2.464254437945783,0.0003,4445.301072476668,234.7359566848499,0.1631205248447362,0.06827019653082679,0.8049939312487487,0.13821549729077137,0.09525258521779416,0.8028972885723464,0.03677914636354197,0.35591988405006897,False,2026-08-07T14:04:49.639036+00:00
961536,2941,-215.223726,600,0.33,-87.10479597000001,-0.001388738844980253,5.032180982560385,2.4705602154135704,0.0003,666.7016790507269,1557.6141963203113,0.17176767721104075,0.08433794385897085,0.8070902886349137,0.18694347399841396,0.12258755012233125,0.8028961313184422,0.04136336716261211,0.3835351148196349,False,2026-08-07T14:04:57.150641+00:00
966544,2951,35.600775,24,0.33,-99.61308300999997,-0.001388738844980253,5.032180982560385,2.4705602154135704,0.0003,4898.958763764206,210.95421493320038,0.17008918033808876,0.07909885160499627,0.8066185738927212,0.1869999732166526,0.12699995528837352,0.8028992672037993,0.05093450590821119,0.38794067065326243,False,2026-08-07T14:04:58.172906+00:00
971552,2961,-133.839996,600,0.31,-109.22038764000003,-0.00023926755820866675,4.191698405100032,2.4562601635232566,0.0003,664.0902322331596,1548.6570199076739,0.0002906741574310312,-0.06391028942006614,0.7887403553895111,0.17338087017866463,-0.06829405543909112,0.8028865768291971,0.17372262070380834,0.1921723623904555,False,2026-08-07T14:05:05.714047+00:00
976560,2970,-129.300491,600,0.3,-115.53104355999999,-0.0014084644768445286,1.7479936182615348,2.4581702103838325,0.0003,653.1932729385396,1566.8256891192718,0.0289666737933304,-0.05994443895252477,0.8005218763197594,0.1733808698437933,-0.06829405787276983,0.8028865768291971,0.14467469704656094,0.1921723599393666,False,2026-08-07T14:05:13.381000+00:00
981568,2986,35.807043,24,0.34,-110.94214278999999,-0.0014084644768445286,1.7479936182615348,2.4581702103838325,0.0003,5312.85522577721,191.69202937409517,0.16593353469449929,0.07347853195507517,0.8056965975869504,0.1382316250075123,0.09592539168455727,0.802884231622493,0.03576544022291726,0.35659044658490097,False,2026-08-07T14:05:14.323628+00:00
986576,3000,-122.780146,600,0.34,-108.42501052999998,0.001543047836457845,1.7894110883004033,2.4517103573307395,0.0003,647.2302443566683,1565.7859144195581,0.1581982916667069,0.06028347022002072,0.8040865573120517,0.1382355843934139,0.0959254491049982,0.8028837949887065,0.04086938925067053,0.3565902622160214,False,2026-08-07T14:05:22.061204+00:00
991584,3011,-122.02634,600,0.34,-104.35084618,-0.0036060597500181756,1.0914290356682614,2.4567000601440667,0.0003,659.00255421018,1530.2156168553774,0.14657723750601787,0.03294970354889843,0.8015154275765832,0.18331565545516934,0.024167467341669073,0.8030073340410682,0.037802973574903836,0.28512237598035467,False,2026-08-07T14:05:29.660571+00:00
996592,3026,29.965198,25,0.36,-95.44182057,-0.0036060597500181756,1.0914290356682614,2.4567000601440667,0.0003,5275.167755516367,190.21347689857117,0.16964600886839198,0.08005178903936983,0.806533164169821,0.18695465976251802,0.1252473195865684,0.8029065881168371,0.048532230848020635,0.3861891388057783,False,2026-08-07T14:05:30.609931+00:00
1001600,3044,-119.323512,600,0.36,-88.59268315000003,-0.004883597685329732,1.63617240289459,2.419681235216558,0.0003,265.96027503271785,3753.9440800968455,0.14302561217802992,-0.01166550581140665,0.8004011261584474,0.18462286064883643,-0.030813591569191584,0.8029041535797349,0.045861153657547886,0.2305053037913561,False,2026-08-07T14:05:49.439809+00:00
1006608,3054,-127.771376,600,0.37,-82.2387839,-0.004883597685329732,1.63617240289459,2.419681235216558,0.0003,4400.2364727511,225.7587759548102,0.08478310695528851,-0.2687201743785482,0.7910248791364677,0.16285677265384754,0.07707201901506565,0.8029009104074329,0.35469533180791335,0.33708412474171573,False,2026-08-07T14:05:50.577935+00:00
1011616,3062,-745.291752,600,0.36,-83.99092006999999,-0.004948807613618556,2.8451279529370366,2.421601385064423,0.0003,671.6750788675813,1471.521024222572,0.16697241938905683,0.07534644900233692,0.805888838158729,0.18164522279810266,0.12164522281314943,0.8029009104724217,0.0486599972063695,0.382258540475001,False,2026-08-07T14:05:58.033912+00:00
1016624,3072,-118.727666,600,0.37,-75.59710317,0.004397613569017267,2.5220794533612207,2.4267593897879123,0.0003,679.4046835641446,1447.4083323082605,0.16733929908223064,0.00899576192692668,0.801818616329619,0.15336520042070642,0.10625917048679358,0.8028864501655304,0.09826793142824733,0.36631926038789103,False,2026-08-07T14:06:05.405076+00:00
1021632,3088,35.957702,23,0.35,-78.81809424000001,0.004397613569017267,2.5220794533612207,2.4267593897879123,0.0003,4229.359205926276,231.32771475855918,0.1718666313944213,0.0804793351341499,0.8073979533465306,0.1504009663986253,0.11145859267669456,0.8028864501655314,0.03795843559146264,0.37158259851536485,False,2026-08-07T14:06:06.589184+00:00
1026640,3098,35.414972,32,0.35,-79.82552933999999,-0.0030955837177316426,3.828680045972578,2.4315494701266287,0.0003,647.343381579172,1503.6223860442067,0.14506802181469222,-0.26371966364360816,0.8025674199936623,0.1437440268358507,-0.2621633273295696,0.809839243465657,0.007553447029949058,0.016399288053095637,False,2026-08-07T14:06:14.325415+00:00
1031648,3118,-132.687785,600,0.37,-79.38413529,-0.0030955837177316426,3.828680045972578,2.4315494701266287,0.0003,4928.708075802112,196.4717701083174,0.14025424168567463,-0.0781523697335261,0.802696561646557,0.17777161855385165,-0.08408919638647167,0.8028971298241533,0.03798472989728653,0.17680622515618882,False,2026-08-07T14:06:15.341599+00:00
1036656,3125,-124.6731,600,0.36,-82.43902921,-7.345568810706027e-05,2.5367872101836837,2.4743356365710496,0.0003,674.1045795816709,1429.0720300369749,0.1425539555180654,-0.045576326535279515,0.801676954068744,0.1777716168606905,-0.0840891945684412,0.8028971298241533,0.052201661884059274,0.1768062267948245,False,2026-08-07T14:06:22.770619+00:00
1041664,3143,36.746723,23,0.31,-91.39536684000001,-0.0026773254114232257,0.7608350082446123,2.4694367427378894,0.0003,667.4020009025544,1435.920178099562,0.15410867314724558,0.05361573129674519,0.8030858659457195,0.1862254824471159,0.0294216418802802,0.8028740293495185,0.04021054932526575,0.29060740306857485,False,2026-08-07T14:06:30.274343+00:00
1046672,3150,-120.353355,600,0.32,-88.60328953999996,-0.0026773254114232257,0.7608350082446123,2.4694367427378894,0.0003,4324.152924397482,220.4658384353589,0.14291069748676902,-0.04681873176651035,0.8015289739977983,0.18616365847937566,-0.05104226888390203,0.8028819870718107,0.04347973717478505,0.2105893407041603,False,2026-08-07T14:06:31.432501+00:00
1051680,3167,-116.933356,600,0.37,-79.69272862,0.00103800124998088,1.5567668986215721,2.4913820158690214,0.0003,668.3128144686204,1418.9762330893132,0.14229549019083904,-0.04271007797778402,0.8017816466464078,0.18317392835744642,-0.055325258531849004,0.802905692124529,0.04279547833112381,0.2059824768046314,False,2026-08-07T14:06:38.925994+00:00
1056688,3173,35.790567,24,0.38,-78.33341401,0.00103800124998088,1.5567668986215721,2.4913820158690214,0.0003,5429.48886525765,173.73863791048336,0.14154764729923391,-0.05553298244271936,0.802549615873833,0.18317392898609836,-0.05532526093540005,0.802905692124529,0.04162832287752053,0.20598247448706603,False,2026-08-07T14:06:39.848358+00:00
1061696,3190,-111.547219,600,0.34,-86.80541814,-0.0038906019646674393,1.3793431319005323,2.496380731090903,0.0003,641.4916891007268,1462.6908125892614,0.16577872344282682,0.07316723189146376,0.8056662252475683,0.13786634995657346,0.09770555685858569,0.8028902598743635,0.037268431273417064,0.35838968159219614,False,2026-08-07T14:06:47.655174+00:00
1066704,3192,-119.926504,600,0.33,-88.83967884999998,-0.0014555327870766632,1.1817215391783975,2.4928066585212947,0.0003,669.5834250175373,1393.8457332266787,0.1691948194118148,0.07261342566891733,0.8055859708125516,0.13788511790837318,0.09837638001211915,0.8028902598739381,0.04063611795175661,0.3590580701787907,False,2026-08-07T14:06:55.134451+00:00
1071712,3215,-132.136709,600,0.31,-89.64218894,-0.0014555327870766632,1.1817215391783975,2.4928066585212947,0.0003,5151.334015924567,180.20341859610318,0.14177842082018807,-0.16422027105482945,0.8023031777505362,0.06788283908155983,-0.11088541233048307,0.7928915456654951,0.0916173726655619,0.1752733054162095,False,2026-08-07T14:06:56.106615+00:00
1076720,3218,-126.866423,600,0.31,-89.84825405,-0.0023261107966391138,3.0300324111769443,2.4928301407024263,0.0003,677.7713354432528,1362.2293415465674,0.14272525226514998,-0.16646298476938343,0.8023557745765106,0.06788283992098311,-0.11088541466985215,0.7928915456654951,0.09370071831391004,0.1752733029848105,False,2026-08-07T14:07:03.495543+00:00
1081728,3238,36.651889,23,0.32,-86.18787681999999,0.004156791172135854,1.6455613060796168,2.4879685297608374,0.0003,649.1261714785323,1414.6279111015149,0.17396860788883067,0.08743532393152599,0.8076145957439994,0.18189116996452206,0.12200170313741233,0.8028869664328006,0.035776417374472,0.3826284418627284,False,2026-08-07T14:07:11.210529+00:00
1086736,3245,-126.23218,600,0.31,-94.29461455000002,0.004156791172135854,1.6455613060796168,2.4879685297608374,0.0003,5387.769084703227,169.50689341770575,0.16840161012791374,-0.14372662202974879,0.83430641611733,0.1707415080993848,-0.14379554363772623,0.843975134584008,0.009948064610406364,0.11669985293350091,True,2026-08-07T14:07:12.140040+00:00
1091744,3263,-107.681327,600,0.3,-87.54831648,0.001013209634766099,1.0880503196298377,2.479444391094148,0.0003,651.5219779250061,1394.0527423075594,0.16950885096084453,0.07595544396186903,0.8059449727453364,0.13236563982378663,0.0726896809681338,0.8029282691586838,0.037408339204421194,0.33383541107112547,False,2026-08-07T14:07:19.826658+00:00
1096752,3271,-114.567715,600,0.34,-80.34165045,0.001013209634766099,1.0880503196298377,2.479444391094148,0.0003,4508.432258496557,200.3463617087172,0.08036001414576219,-0.2667927066753765,0.7891201904236863,0.14981262207767987,0.022301589468704076,0.8028968626067527,0.29763899863429477,0.282485344903924,False,2026-08-07T14:07:20.937480+00:00
1101760,3289,30.666934,40,0.35,-76.11668772999998,-0.0011578032001125394,1.5023273053346202,2.4500534826889635,0.0003,653.3361809420971,1374.8511504517578,0.16594300766230738,0.07312984526723448,0.8056166210149426,0.1377545635792982,0.09854784152697561,0.8029045702898041,0.03805283344005902,0.3592372671441546,False,2026-08-07T14:07:28.602775+00:00
1106768,3296,-212.099137,600,0.36,-76.31586871999998,-0.0006511841240353534,3.3517016329278704,2.42820554561913,0.0003,656.7751591599299,1360.027077063204,0.14028233450311103,-0.017358064675727283,0.8357712172766223,0.1482745091236151,0.11280726469745855,0.8028814358562888,0.13449396100893116,0.3729916135082572,False,2026-08-07T14:07:36.227877+00:00
1111776,3318,26.824082,40,0.39,-70.70357476000001,-0.0006511841240353534,3.3517016329278704,2.42820554561913,0.0003,4406.180762479485,201.58591938932864,0.1746848914032201,0.09149056997495703,0.8072183527467897,0.14455602136697657,0.11771186551509659,0.8028814358562892,0.040176037604264865,0.378027472317703,False,2026-08-07T14:07:37.364477+00:00
1116784,3330,-112.685395,600,0.41,-65.99485402,-0.0015812206798727856,1.055431732829311,2.4193231096491217,0.0003,659.7723220947748,1338.667856201958,0.08470574793792163,-0.24701048185029356,0.802387526328498,0.17500974337279654,-0.001818014843420395,0.8028788237362016,0.2612937022615764,0.2586179225334345,False,2026-08-07T14:07:44.954963+00:00
1121792,3346,36.059844,23,0.41,-59.74234216,-0.0015812206798727856,1.055431732829311,2.4193231096491217,0.0003,5148.960058870262,170.56026653131357,0.17112768267967834,0.08280575513132445,0.8070054566180281,0.18699999115298063,0.12699997092496745,0.8028788237346237,0.04713902825516393,0.3879406875002758,False,2026-08-07T14:07:45.927591+00:00
1126800,3356,-111.489387,600,0.4,-61.35624154,2.939293954113964e-05,2.5505078192421933,2.4203044986352324,0.0003,653.077777292406,1337.0536103987465,0.14580006920173733,-0.2135493474916819,0.7996741436587894,0.13566031400439604,-0.17789902931040735,0.803001778862428,0.037213344084301506,0.08563287746267756,False,2026-08-07T14:07:53.595894+00:00
1131808,3367,-128.396398,600,0.39,-63.82312371,-0.004088312152453,5.355517871794291,2.406401464343071,0.0003,672.152896402326,1291.658497117198,0.17184014875399073,0.08447980435313054,0.8070895700454068,0.18195237974686296,0.12194661550119879,0.8029018833228385,0.03903275385294498,0.38257695182717305,False,2026-08-07T14:08:01.046584+00:00
1136816,3376,-110.73674,600,0.37,-68.61482864999999,-0.004088312152453,5.355517871794291,2.406401464343071,0.0003,5204.499672815165,165.85340652602932,0.14358104026911356,-0.07331712823847585,0.8756026779527842,0.15204757413572656,0.08817527312864103,0.8028973819041901,0.17730633933547382,0.3482660791626577,False,2026-08-07T14:08:02.008831+00:00
1141824,3386,-126.14034,600,0.35,-72.62481315,0.001945898561461945,1.519761523103807,2.4030990302562714,0.0003,698.9867650211824,1227.7428457089507,0.1746756356681573,0.09139440891710932,0.8072664425937449,0.14779114447701458,0.12030166015271163,0.802897381904191,0.039717675308530674,0.38049758063368777,False,2026-08-07T14:08:09.173485+00:00
1146832,3400,-123.324018,600,0.35,-77.10509575000002,0.001945898561461945,1.519761523103807,2.4030990302562714,0.0003,4402.87157851138,193.77535428559057,0.13600809640265002,-0.029792735735536764,0.8510781066223121,0.14796286001275402,0.09771917283310996,0.8029039296220722,0.13683184764316686,0.35792163856279624,False,2026-08-07T14:08:10.310920+00:00
1151840,3414,35.684431,23,0.34,-78.91571305,-0.001991504396937671,2.63623916588258,2.4239455869421365,0.0003,642.5401107263532,1320.0109780558382,0.17444020738281985,0.09246970538737709,0.8071675373320664,0.14816867620055849,0.11818657207110042,0.8029040085665685,0.03700984004590074,0.37837159449109925,False,2026-08-07T14:08:18.104990+00:00
1156848,3425,35.545863,24,0.31,-90.32935396,0.00211397857456177,2.1443403707118707,2.424669217132032,0.0003,656.52131301922,1284.2720918266918,0.17206960679950542,-0.1574422018585901,0.8339347324314857,0.17326487577799102,-0.1581860257353787,0.8450310645085859,0.011185281733416128,0.1026744480626144,True,2026-08-07T14:08:25.733076+00:00
1161856,3441,-106.395668,600,0.33,-86.67831738,0.00211397857456177,2.1443403707118707,2.424669217132032,0.0003,4333.783820776546,193.3977407875914,0.1388854923358559,-0.07801659745596258,0.803367066378554,0.1763558276390052,-0.08405492343320826,0.8028556461682864,0.03795719904009498,0.17670365889208706,False,2026-08-07T14:08:26.888656+00:00
1166864,3452,-114.589114,600,0.33,-86.06600432999998,-0.0010255764951580203,3.7330293236474974,2.3901889599859714,0.0003,679.7661040728088,1225.6215704317672,0.14201576854664177,-0.0508888166083181,0.8020017690981387,0.17967024478857893,-0.08595719990478705,0.8029016761061099,0.05146319967419115,0.1751508344114434,False,2026-08-07T14:08:34.255888+00:00
1171872,3467,36.299369,22,0.35,-83.28900303999998,-0.00396322057567886,2.262491306348238,2.3593308033421634,0.0003,655.3390217578024,1263.6634970686307,0.17372837487938514,0.08948586013513818,0.8073522637802479,0.1373553435971024,0.10088747440666945,0.8028885515661905,0.038378626074791033,0.36159722018736506,False,2026-08-07T14:08:41.897740+00:00
1176880,3481,-136.134751,600,0.39,-75.21131703,-0.00396322057567886,2.262491306348238,2.3593308033421634,0.0003,4238.879953246359,194.18337133364938,0.08487248468149325,-0.2679009150223266,0.7899328126116614,0.17589668492031083,-0.012440079635827649,0.8029042613155486,0.2715030422057216,0.24806978607273195,False,2026-08-07T14:08:43.079194+00:00
1181888,3491,-107.721434,600,0.39,-79.80274656,0.0014236708608223124,3.0957006520533468,2.3443142268806696,0.0003,637.2826676445683,1283.7505890812736,0.13929578400748,-0.07711509031882932,0.8028867668994704,0.1831565369233007,-0.07648788357955699,0.8029042699788028,0.04386524069230954,0.1849673540800928,False,2026-08-07T14:08:50.937549+00:00
1186896,3504,-126.68413,600,0.36,-85.03991818,0.0014236708608223124,3.0957006520533468,2.3443142268806696,0.0003,5258.445070910525,154.6282197560746,0.14491263569622995,-0.02903226166006687,0.7992347331415212,0.16518606410013184,-0.06456230478561101,0.8029076264632912,0.04107171787379078,0.1955064908681118,False,2026-08-07T14:08:51.889935+00:00
1191904,3513,-97.999311,600,0.36,-84.73812235000001,0.004702407674631104,3.0283452840230893,2.3626026839017866,0.0003,656.9689499840567,1230.0368229268838,0.14210302278489442,-0.056898306511277315,0.8021964251765139,0.17373725364661977,-0.08406609196121655,0.8029083021157156,0.04170515432465672,0.17646940849776394,False,2026-08-07T14:08:59.512812+00:00
1196912,3525,-108.154745,600,0.33,-82.95174154,-0.00047618083463021323,6.912703460059129,2.404887083545327,0.0003,660.6083315357072,1215.6794906492812,0.15608342468794342,-0.03713888785104566,0.8001106681078674,0.16470950355387512,0.028240957032485546,0.8028842095590255,0.06600474138860911,0.28827942821978664,False,2026-08-07T14:09:07.093699+00:00
1201920,3537,35.52543,25,0.34,-87.82680603999998,-0.00047618083463021323,6.912703460059129,2.404887083545327,0.0003,247.54955601634742,3223.9201428715032,0.17438253199713943,0.09217221853727167,0.8070235772126183,0.18271097700901823,0.1214174652976804,0.8222204891750273,0.03399402282146519,0.3820930139518536,False,2026-08-07T14:09:27.323992+00:00
1206928,3549,-120.134136,600,0.31,-95.18093729,-0.0021770574754555127,3.819983654015232,2.424324577115476,0.0003,684.3293191476815,1158.9040215137286,0.15614948247791088,0.03745980210625029,0.802688232662897,0.16827384780343663,0.06963290337103122,0.8030965667811987,0.034384232088165476,0.32973672458840564,False,2026-08-07T14:09:34.642118+00:00
1211936,3555,-119.515384,600,0.31,-94.87828641,-0.0021770574754555127,3.819983654015232,2.424324577115476,0.0003,4729.952196689653,166.61140900145705,0.17629046747487392,0.09778200749990903,0.8068975034892107,0.18801807189612676,0.128064512549915,0.803236831902512,0.03267976949170065,0.38907464354976884,False,2026-08-07T14:09:35.700902+00:00
1216944,3574,-595.549985,600,0.31,-97.37623871,0.0002566610193753149,7.524453584221192,2.4494790863245726,0.0003,646.2092931735191,1211.7683980594427,0.17359214680965585,0.087929470508024,0.8070552167035279,0.1870047009604332,0.1269988860497857,0.8029044069737177,0.04151560021287749,0.3879399330795136,False,2026-08-07T14:09:43.450708+00:00
1221952,3581,35.910169,23,0.3,-99.82422310999999,0.0013400901058048475,2.271459534508176,2.4650987884029747,0.0003,675.8108086490865,1151.2807875258472,0.17318139977233088,0.08736999082956978,0.8074006868372254,0.187001762059481,0.12700293465157894,0.8029044378390539,0.04221361042128681,0.38794376729527585,False,2026-08-07T14:09:50.861064+00:00
1226960,3601,-722.418147,600,0.32,-99.27419221000002,0.0013400901058048475,2.271459534508176,2.4650987884029747,0.0003,5026.543172480533,153.79157673055752,0.17416355497738903,0.03126502135518042,0.8031984739407537,0.18220296078990225,0.068455942437354,0.8030695695295997,0.03805014156486084,0.32920552484769805,False,2026-08-07T14:09:51.857380+00:00
1231968,3610,35.124475,25,0.36,-87.53732029000001,-0.007295638271534699,5.879502900224179,2.455705954693258,0.0003,658.840273092952,1165.733230596914,0.17552884307489502,0.09497794689900865,0.8071361234141794,0.18425278763893407,0.12518784000073477,0.8208644578094795,0.03431052338923621,0.3859506053793554,False,2026-08-07T14:09:59.458620+00:00
1236976,3627,-738.20298,600,0.35,-96.53682154999998,-0.007295638271534699,5.879502900224179,2.455705954693258,0.0003,4336.890534215065,175.93803532283528,0.15957446511194923,0.0558372974566679,0.8030306009110392,0.18162396805363537,-0.028214574407559593,0.8028796535575549,0.08689603287238991,0.23279192320923286,False,2026-08-07T14:10:00.613357+00:00
1241984,3633,-101.551285,600,0.34,-98.23153817000001,0.0024344536825083194,8.80526084031444,2.4667774314060806,0.0003,683.2879050792362,1109.3654583452608,0.15516438080392186,0.05511535253778108,0.8031730459904807,0.18162396558861615,-0.028214574710640303,0.8028796535575549,0.08743038648733818,0.2327919226784877,False,2026-08-07T14:10:07.942642+00:00
1246992,3649,-106.806876,600,0.35,-94.40468432000002,-0.005129122963626287,6.039370945468545,2.463619344495237,0.0003,649.5966216270963,1159.1932207311686,0.17332423591393628,0.08780121979581927,0.8074134768091306,0.13350734821645585,0.08763803550656948,0.8028838644726849,0.04007403851553406,0.3486460444769035,False,2026-08-07T14:10:15.652026+00:00
1252000,3655,-276.243942,600,0.35,-97.90637626999997,-0.005129122963626287,6.039370945468545,2.463619344495237,0.0003,4693.9710299995195,159.35334820336047,0.17411275426119893,0.09096566669923978,0.807218728386877,0.13308117120698265,0.08743308845790197,0.8028800494517524,0.041411279283165306,0.3484743524263789,False,2026-08-07T14:10:16.718928+00:00
1257008,3673,35.10624,33,0.34,-103.41865292000003,0.0014933048696548212,4.519606148789171,2.446554012410343,0.0003,653.4030445083325,1137.1113223983837,0.16828892030368536,0.07780942453299038,0.8062442129497284,0.18160771741423481,0.044036953506088834,0.8029739929119107,0.036450850399279144,0.304803809932089,False,2026-08-07T14:10:24.383424+00:00
1262016,3685,-114.470986,600,0.39,-87.76420490000001,0.0005594728587311693,3.1236672140308657,2.44858891684562,0.0003,671.7746442477345,1098.558878813308,0.1647057920171321,0.07102613851671591,0.8053693656750713,0.18162122782923282,0.038961811045321815,0.8028859667333177,0.03633758846167424,0.2997426261917752,False,2026-08-07T14:10:31.838301+00:00
1267024,3698,-239.59977,600,0.34,-100.52710685000002,0.0005594728587311693,3.1236672140308657,2.44858891684562,0.0003,4306.510615649441,170.20183285661398,0.17066404327466192,0.08224487374679969,0.806776844531461,0.18036423372793145,0.11784146877747638,0.8108237962463658,0.037115887309755485,0.3783898486260519,False,2026-08-07T14:10:33.001199+00:00
1272032,3707,-102.233328,600,0.34,-93.24440100000001,0.002774836926255375,5.237215881037992,2.471656165458262,0.0003,672.9220623820408,1081.8013566431528,0.17558664786381464,0.09589951948080014,0.8069954519275334,0.17077402966788247,0.12851444562161454,0.8032117809916116,0.03318449738691149,0.3886638060997639,False,2026-08-07T14:10:40.443364+00:00
1277040,3722,-113.512809,600,0.33,-108.60144809000002,0.002774836926255375,5.237215881037992,2.471656165458262,0.0003,5037.1736177258,143.52493181015356,0.16456780635496882,0.028414121116345187,0.8020295328006473,0.15757532816001416,-0.02459054685780898,0.8028987492033908,0.05347097451432916,0.23542193963655353,False,2026-08-07T14:10:41.437576+00:00
1282048,3730,-154.752357,600,0.31,-99.73721400000001,0.004337851329546538,4.015986936155241,2.4801330795511602,0.0003,649.6747379458623,1105.0945312573126,0.1456450940312951,0.041819208852193215,0.8021141590237184,0.15381140105534122,-0.02882893327502946,0.8028987492033915,0.07112288055323181,0.23125388828657265,False,2026-08-07T14:10:49.146049+00:00
1287056,3741,-715.903259,600,0.3,-106.98739168,-0.002163719075906556,5.466266957670451,2.5057314524427055,0.0003,640.8311131204619,1112.5302523599264,0.1409250209865657,-0.06472677530602883,0.8028729613823194,0.1831514974516778,-0.08522583602249045,0.8029070412349109,0.04693919435133286,0.1763008798284695,False,2026-08-07T14:10:56.960896+00:00
1292064,3751,36.149474,22,0.29,-115.87979316,-0.002163719075906556,5.466266957670451,2.5057314524427055,0.0003,5417.61093412126,130.67309716562875,0.1484529514261622,-0.047189652915583365,0.8013117460007466,0.18699999374860896,-0.08697574078014392,0.8029070412349122,0.05541978190374973,0.17511822846581357,False,2026-08-07T14:10:57.885302+00:00
1297072,3769,30.133065,37,0.32,-104.91239223000001,-0.006135799332150782,6.075038574263454,2.5378214713186025,0.0003,660.9031303508422,1063.5870337410095,0.17345817161089486,0.08831181800594744,0.807379470583025,0.1858263210059232,0.1262057553661909,0.8028625680648512,0.040116380899558726,0.38706831998327,False,2026-08-07T14:11:05.462801+00:00
1302080,3777,-678.121954,600,0.28,-123.12983114000001,-0.006135799332150782,6.075038574263454,2.5378214713186025,0.0003,4413.033799664312,158.1497064566079,0.17686556132307135,0.09956236529369379,0.8067698529475986,0.18830376567724635,0.1283156069633071,0.8034284147280879,0.031124694933988704,0.38934575092428336,False,2026-08-07T14:11:06.597626+00:00
1307088,3788,-107.162868,600,0.25,-124.70333914999999,-0.0017620792151319619,8.53552594340872,2.533548890426755,0.0003,683.0569766681831,1014.4278203260404,0.17373386920788506,0.08948549194241119,0.8073672105220469,0.13581289741856264,0.1012241093792213,0.8029057734956023,0.03994620959634717,0.3620329724322035,False,2026-08-07T14:11:13.929372+00:00
1312096,3795,-123.743867,600,0.24,-126.19932955999998,-0.0010020183137385175,6.441741019545589,2.521892344765365,0.0003,657.4309839035612,1046.3516579573147,0.17348039531634174,0.08831851757871166,0.8074280017372099,0.1360471511299925,0.10128338493657485,0.8029057735176381,0.0398721218897581,0.3620765432891486,False,2026-08-07T14:11:21.546900+00:00
1317104,3808,36.210873,23,0.23,-124.10666567,-0.0010020183137385175,6.441741019545589,2.521892344765365,0.0003,4291.303044189131,159.13488116965127,0.1671516459153785,0.07569588954842618,0.805976410408208,0.13478486145168983,0.047482001411693044,0.8028994940043578,0.04304764377834462,0.3085141559218165,False,2026-08-07T14:11:22.713912+00:00
1322112,3816,-116.261765,600,0.22,-118.04968482,0.0004772056998262997,1.6514936491439585,2.5056045917794108,0.0003,650.6749503391645,1041.8228020713732,0.162582424637983,0.06678246153360226,0.8048409771430716,0.13835277074083435,0.030640651410011023,0.8028994940043588,0.043555435065709525,0.29144569097283707,False,2026-08-07T14:11:30.410536+00:00
1327120,3829,36.171366,23,0.22,-118.80830319,0.002015124949684832,1.263826338859508,2.49745577853173,0.0003,662.4286865011294,1015.7772658579646,0.17389320022826998,0.090296647684275,0.807301798677612,0.13703099499847804,0.12142299881265023,0.8028969032692026,0.0484466202384566,0.38211396102994577,False,2026-08-07T14:11:37.970590+00:00
1332128,3840,-134.331494,600,0.24,-118.3277463,0.002015124949684832,1.263826338859508,2.49745577853173,0.0003,4523.074041199988,147.65886959100303,0.1649199847604464,-0.200459371807904,0.7982303292688351,0.15400889845890198,-0.19304663847521963,0.814994541587639,0.02133164865665979,0.06722087411767039,True,2026-08-07T14:11:39.077807+00:00
1337136,3853,-121.679712,600,0.26,-100.59587540000001,-0.0007614786949488916,2.5830976257915608,2.4946479780599473,0.0003,645.827916694428,1026.3786728092657,0.17402437292692213,0.09024501298784873,0.8071411410530043,0.18726131210836605,0.12724903481363045,0.8029017888468999,0.03952829742480161,0.388207411188862,False,2026-08-07T14:11:46.832196+00:00
1342144,3864,35.029762,28,0.24,-104.24187501,-0.0007614786949488916,2.5830976257915608,2.4946479780599473,0.0003,4958.603171275755,132.66962030977487,0.17433144744700654,0.08987552982549975,0.8069723070257748,0.18708189440076603,0.12716789507918508,0.8029326147117505,0.03961834824581786,0.3881139110936132,False,2026-08-07T14:11:47.842162+00:00
1347152,3873,-101.308451,600,0.21,-103.39873884000002,-0.0016384259430196834,2.1951495566929227,2.4627613320946695,0.0003,673.2316460251894,969.7226858756031,0.17401548043764709,0.09084270815342277,0.8072673155805671,0.1373812061964019,0.101689228618516,0.802878800554777,0.038457458568059745,0.3623957890646452,False,2026-08-07T14:11:55.280906+00:00
1352160,3890,36.187825,23,0.24,-95.99986781999998,-0.004936253686901182,5.946010371157899,2.4476296210661532,0.0003,636.5949558703818,1017.6643625996745,0.08517579784774226,-0.268280924166444,0.7899801820273615,0.14994203571137654,0.054793037863742435,0.8028833543394611,0.3297543667104455,0.3149536780752288,False,2026-08-07T14:12:03.147762+00:00
1357168,3896,36.071262,24,0.26,-95.17032208,-0.004936253686901182,5.946010371157899,2.4476296210661532,0.0003,4465.389143732512,143.9587859665624,0.17346441251853856,0.08831496205826979,0.8074090991371257,0.1369533686487781,0.10189996073024728,0.8028834625270045,0.03921848926340829,0.36263304978062005,False,2026-08-07T14:12:04.269282+00:00
1362176,3911,-103.951063,600,0.25,-99.96697849000002,-0.0031228379761159887,4.143253947165794,2.473436705209315,0.0003,688.8817965343908,925.8830806805303,0.15273153608801915,-0.02941251356121668,0.7995457757434485,0.16863812868465258,0.06382112678922205,0.8028911139914117,0.09463996338240795,0.32393632001091516,False,2026-08-07T14:12:11.539038+00:00
1367184,3921,-195.954048,600,0.28,-98.85521761999999,-0.0031228379761159887,4.143253947165794,2.473436705209315,0.0003,5229.11936564696,121.01770025701188,0.17385425472216415,0.090098940503551,0.8071371614598373,0.18727163374549863,0.12724235907794557,0.8029132271801079,0.03971776962579808,0.38820147690522916,False,2026-08-07T14:12:12.496751+00:00
1372192,3933,-116.959789,600,0.25,-101.20728237999998,-0.0016693434765329585,4.2010635496117175,2.4983531389385463,0.0003,647.7488619489089,969.2151339503522,0.1750436708290783,0.08763944903231181,0.8070177861831364,0.18366733949276226,0.11210457858206639,0.8012600206576355,0.026571828859789197,0.37285648762010687,False,2026-08-07T14:12:20.228137+00:00
1377200,3943,-140.19959,600,0.26,-105.15091206,0.0033375485363649204,1.7112155223148875,2.468748909235001,0.0003,658.3660009906328,945.9783753457542,0.1741962763627025,0.09015641215140668,0.8071446181682562,0.14871150519620294,0.12182136860919367,0.8029047743296496,0.04086709317602811,0.3819882035371421,False,2026-08-07T14:12:27.834856+00:00
1382208,3955,-112.36164,600,0.26,-105.85203494999998,0.0033375485363649204,1.7112155223148875,2.468748909235001,0.0003,4965.539075734545,124.415897363291,0.1435735004537184,-0.07784446701361555,0.8019473608595362,0.15834275234994488,-0.02476817159274037,0.8028809428527526,0.0551007759701827,0.23523766612852642,False,2026-08-07T14:12:28.843418+00:00
1387216,3965,-88.76213,600,0.25,-106.10374195,-0.002718728801846737,1.396655091806315,2.450603819452226,0.0003,641.1745100809187,955.7210874191868,0.17261191066589424,0.08598227027609463,0.8072913056828561,0.13373702208472324,0.05762950108948335,0.8028809447109626,0.04831757202768072,0.3187134198168198,False,2026-08-07T14:12:36.654075+00:00
1392224,3977,36.068985,22,0.27,-104.23501375,-0.002718728801846737,1.396655091806315,2.450603819452226,0.0003,4417.104032788023,137.5960347522943,0.1484714609167956,0.031911386474843734,0.8017050368642537,0.1536490441274856,0.10045821611578878,0.8028917147327617,0.06875233396832407,0.3605141608950629,False,2026-08-07T14:12:37.787850+00:00
1397232,3985,-116.341626,600,0.25,-107.06648332,-0.00044949663279112426,1.8149355334753636,2.455538234114647,0.0003,689.1364860731932,874.6714361833688,0.17246388207050786,0.08568402462893396,0.8072578433774452,0.1473020172438424,0.12179201997709561,0.8028917147327613,0.0442263479043904,0.38200312208706705,False,2026-08-07T14:12:45.054920+00:00
1402240,3999,-115.150211,600,0.26,-107.14357267000001,-0.0004698308384831762,5.83192247832194,2.4751985751092436,0.0003,254.31983109881372,2350.42622282863,0.14225962752959267,-0.03364431534746788,0.8014507962721861,0.13706463385137638,-0.07286547960340115,0.8027604006128958,0.039585385541090916,0.18853477065103005,False,2026-08-07T14:13:04.746650+00:00
1407248,4011,35.957815,23,0.28,-97.26964548,-0.0004698308384831762,5.83192247832194,2.4751985751092436,0.0003,4423.02043573493,134.01520716725068,0.16133974689014605,-0.07731096231600601,0.8005893128576843,0.1322578027312378,-0.08987653504114788,0.8029648393841087,0.03176942272453865,0.17237059737352162,True,2026-08-07T14:13:05.878923+00:00
1412256,4023,35.97576,23,0.26,-97.51276016000001,-0.0017160804316517897,2.005771531839855,2.4878840105608107,0.0003,666.0631826469419,882.4147848321227,0.14370973833947304,-0.2366486609557119,0.8008179244810164,0.1443357456773528,-0.1579953846138367,0.8028525517564844,0.07868207847183846,0.10320034119887238,False,2026-08-07T14:13:13.397724+00:00
1417264,4037,-119.562418,600,0.31,-88.72999835,-0.0059255272943119055,1.7088612008374184,2.467752916365862,0.0003,643.8276998736932,905.111724944922,0.17698220102765147,0.10014711445507636,0.806684071678504,0.1883896587509795,0.1284297507791014,0.8035367661077668,0.030658492159631238,0.3894658444771658,False,2026-08-07T14:13:21.176196+00:00
1422272,4050,-97.271723,600,0.31,-83.26247565,-0.0059255272943119055,1.7088612008374184,2.467752916365862,0.0003,4226.813666293589,136.6816816665113,0.17352317316650387,-0.21578293370481683,0.8015951727440178,0.14753063339497285,-0.19950367537168676,0.8158090378443036,0.03380325926209673,0.06176803701806321,True,2026-08-07T14:13:22.361016+00:00
1427280,4057,-113.211533,600,0.3,-85.28942154,-0.00025674119606264865,1.2175859894428869,2.4553918570280073,0.0003,671.3203420337057,853.1247515381335,0.17789244463602233,0.10220256079138426,0.806979340951713,0.18801362560485915,0.12611183613343935,0.8298313892026938,0.03458768365836754,0.3871267405151253,False,2026-08-07T14:13:29.820942+00:00
1432288,4071,-98.28529,600,0.31,-84.42661899,-0.00025674119606264865,1.2175859894428869,2.4553918570280073,0.0003,5029.287187442462,112.88120539576862,0.08517579784774226,-0.268280924166444,0.7899801820273615,0.15739494034843793,0.02500066575385045,0.8029014768144531,0.3023187976105463,0.2850125713296278,False,2026-08-07T14:13:30.816712+00:00
1437296,4082,-116.113828,600,0.31,-83.26946487,-0.0060785318399211976,1.4741557625413406,2.4462987067177893,0.0003,685.0280861172319,821.4320133783566,0.2351968532294748,0.05005294256157186,0.8215187043726375,0.15739493847729236,0.025000664209396183,0.8029014769000021,0.08382932511065926,0.28501256980234063,False,2026-08-07T14:13:38.127366+00:00
1442304,4096,-637.459754,600,0.31,-80.70415030999999,-0.003718478469454567,4.100885550188832,2.455520166642964,0.0003,689.4422535980519,808.908936302502,0.1497511963655921,-0.010643979627534751,0.7994110067791337,0.159807219888838,0.08279073996385058,0.8028963655170633,0.09403891832508997,0.3427907941720948,False,2026-08-07T14:13:45.391208+00:00
1447312,4103,36.149907,24,0.31,-83.84646131999997,-0.003718478469454567,4.100885550188832,2.455520166642964,0.0003,4924.581706738389,112.23044573384733,0.17678639402495294,0.0992079727716071,0.8069501609197857,0.18373980600013365,0.12399811504542396,0.8272603425014443,0.03279336164428122,0.38473124482859805,False,2026-08-07T14:13:46.408142+00:00
1452320,4115,-104.950282,600,0.28,-86.69553479,0.0012546511432447005,1.2810077424859627,2.4663049835711717,0.0003,651.8542132054428,840.1878654842559,0.14041520557739545,-0.07255346427003195,0.8028156778199218,0.18077260424841762,-0.08414799613363713,0.802880540590991,0.04198996313176577,0.17707464062105754,False,2026-08-07T14:13:54.090848+00:00
1457328,4123,35.813071,23,0.28,-86.81065275,0.0012546511432447005,1.2810077424859627,2.4663049835711717,0.0003,4386.558411396951,123.71247550016774,0.15613402946972973,0.05684198141180075,0.8041857745313564,0.18652629106931146,0.004308968088320439,0.8028805413067573,0.06070511253389592,0.26563673452632003,False,2026-08-07T14:13:55.232518+00:00
1462336,4137,34.99035,26,0.24,-98.24386911999999,-0.0063326801700895885,3.969258581381291,2.4566752787679436,0.0003,656.3875510862542,819.1258336789311,0.17149747090347267,0.08347043105311942,0.8070782651535824,0.1372404444630914,0.09530376304098051,0.8030212496403831,0.036469589815985845,0.3560319668222488,False,2026-08-07T14:14:02.862151+00:00
1467344,4145,-124.383072,600,0.24,-99.38924562999999,-0.0021891857562877704,3.4483950708061455,2.4423641683533788,0.0003,654.576763383196,813.7410763665891,0.17697359220971076,0.09951919110929933,0.8071056141200701,0.13614669758280687,0.0996579110542573,0.802882453181453,0.04104497114644989,0.36044804482770904,False,2026-08-07T14:14:10.512900+00:00
1472352,4160,-396.325619,600,0.27,-97.48834246999999,-0.0021891857562877704,3.4483950708061455,2.4423641683533788,0.0003,4242.7533972204965,124.36452242208365,0.1777803129439215,0.1019623502794478,0.8068819237081578,0.187349184220634,0.12858293747824318,0.8309190917086523,0.03712148172962602,0.3895441915582293,False,2026-08-07T14:14:11.693271+00:00
1477360,4169,-105.019402,600,0.25,-99.08311636999997,-0.002069914221283398,1.215646200493211,2.414757575467229,0.0003,678.8959433485078,769.8381543159486,0.17483789035465838,0.09394703024090381,0.8070525400145679,0.1869815242109664,0.12383737875905004,0.8253769468505687,0.03710370148197602,0.38478453188942696,False,2026-08-07T14:14:19.069948+00:00
1482368,4180,36.018556,23,0.23,-109.08885026999998,-0.002069914221283398,1.215646200493211,2.414757575467229,0.0003,5034.12538510743,102.82461408913707,0.17798684480072327,0.10252098812045476,0.8069340290636141,0.18531558412875138,0.12391189681594651,0.8295755170114884,0.03199872452849933,0.38474566055590265,False,2026-08-07T14:14:20.064760+00:00
1487376,4191,-94.096843,600,0.21,-115.36957543999999,-0.001045152675214922,2.880419727717526,2.421800786629319,0.0003,650.5771883637133,787.9526198717732,0.1739615118537695,0.09064783178463919,0.8072616162274628,0.18681227564324338,0.12241967708200341,0.8233102338704889,0.03784376318265063,0.38335845829285287,False,2026-08-07T14:14:27.762540+00:00
1492384,4200,-1.808066,16,0.21,-106.15885227000001,-0.000449981321071391,5.193279881315538,2.4429749989882112,0.0003,663.2554867501253,765.3400690090923,0.15505673579690957,-0.060315878451708785,0.8014066787875678,0.18731686342480927,-0.08118921409012099,0.8033607527490655,0.03847376223206135,0.18088534541271792,False,2026-08-07T14:14:35.313182+00:00
1497392,4213,-129.407441,600,0.22,-104.10624573000001,-0.000449981321071391,5.193279881315538,2.4429749989882112,0.0003,5121.141678241308,98.14374051307337,0.14670802932113391,-0.04440966286417331,0.8009978666758129,0.18534358250863478,-0.08574453013086304,0.802883746050185,0.0566112512056901,0.17608880132957258,False,2026-08-07T14:14:36.291089+00:00
1502400,4219,-107.147836,600,0.21,-107.99007313,-0.0015504078444791957,4.327202008839231,2.421102811023593,0.0003,667.400389280034,745.5794272712244,0.17605959865410398,0.09662891521031378,0.8070772847625249,0.1357870467486685,0.09864589680323373,0.8028992164037688,0.0405389060894915,0.3594623017771779,False,2026-08-07T14:14:43.794828+00:00
1507408,4232,-164.518664,600,0.19,-109.2776841,-0.0037285098736902,2.591782299615443,2.4143374724313618,0.0003,664.0759554771925,741.7705699734795,0.17384229758209763,0.09005392594455322,0.8073148398936014,0.13540005380361492,0.10300162178519895,0.8028992164347215,0.04080375797444125,0.36383421330538673,False,2026-08-07T14:14:51.336133+00:00
1512416,4239,-110.360839,600,0.2,-105.97131807000001,-0.0037285098736902,2.591782299615443,2.4143374724313618,0.0003,4848.5851280882935,100.56212010703528,0.17669789223614132,0.09921703737891191,0.8067540673688629,0.18825412419678078,0.12830126600796052,0.803448238262361,0.031470102607971756,0.3893278422069401,False,2026-08-07T14:14:52.369018+00:00
1517424,4254,36.32552,22,0.2,-105.54074113,-0.00046475396247842583,2.62675075266161,2.467825658805668,0.0003,671.6603452689667,718.4821962457114,0.17450512144843888,0.09319120120769617,0.806932989929937,0.187566170349967,0.12753600911322927,0.8030436810026783,0.03694974360408651,0.3885151890302004,False,2026-08-07T14:14:59.825170+00:00
1522432,4259,-705.325548,600,0.17,-115.97355482,-0.00046475396247842583,2.62675075266161,2.467825658805668,0.0003,4399.865947944146,108.54148868402353,0.17486306475938485,0.09409106574305728,0.8070112549122928,0.14751114438736254,0.12177800099419588,0.8028821253761537,0.03913749662873707,0.3819822162845249,False,2026-08-07T14:15:00.963384+00:00
1527440,4276,36.395393,22,0.2,-110.99754163,0.0014610570717195515,6.786251335474662,2.4976797576993706,0.0003,649.9454976604675,727.0763497878188,0.17590417642847372,0.09749663523152527,0.806862247731976,0.14586268400251928,0.12177464534021364,0.8028817725090323,0.038829849665131616,0.3820363117928171,False,2026-08-07T14:15:08.668666+00:00
1532448,4281,-98.754983,600,0.18,-114.82897327999999,-0.007412198426027317,6.716324465326034,2.486511000432074,0.0003,664.4797414747994,703.63619959621,0.16485103981862093,0.06777370909365416,0.8046244409049409,0.16973625972259418,0.02057686493571745,0.8028767507629941,0.04748117408837947,0.2807457424263842,False,2026-08-07T14:15:16.205369+00:00
1537456,4294,-711.33862,600,0.18,-121.40137580000001,-0.007412198426027317,6.716324465326034,2.486511000432074,0.0003,4413.644876512936,104.79864441777191,0.15879047849784023,0.04737181927330426,0.8030514213967899,0.17982002139486475,0.005285929164976789,0.8028767507629953,0.047047787732244335,0.2660252947766772,False,2026-08-07T14:15:17.340043+00:00
1542464,4302,-113.249977,600,0.18,-121.96450856,0.00326252870290773,2.742523685586639,2.4848936473950745,0.0003,677.4202686586698,675.4093746057333,0.16051362107470624,-0.07521132757702464,0.8012743001258845,0.1329009146825987,-0.08677293948951646,0.8036847698737138,0.030032362356581424,0.17533389551978396,False,2026-08-07T14:15:24.732788+00:00
1547472,4317,-166.778292,600,0.19,-117.22076334000002,0.00326252870290773,2.742523685586639,2.4848936473950745,0.0003,5005.617909110407,90.4040236823475,0.16710022904091892,-0.205804218874208,0.8006287789629584,0.13533901557689643,-0.18118007035154793,0.8230730591026291,0.04603117511167016,0.08258780456280149,False,2026-08-07T14:15:25.733274+00:00
1552480,4327,-125.441715,600,0.21,-111.97313084000002,0.0006307386822300032,5.8042320729058705,2.4663159055635333,0.0003,664.5670713482438,673.400803762503,0.17647248920499525,0.09936637282919564,0.8066723795091435,0.18728642505876167,0.1248308946688749,0.8282835342354402,0.03510591246181779,0.3857970534933284,False,2026-08-07T14:15:33.268999+00:00
1557488,4338,-128.677635,600,0.2,-121.38367863000002,0.0012234856778377435,1.9781629316159524,2.481619750149548,0.0003,650.7780241978271,679.9737906722596,0.17643439859413376,0.09788624617414454,0.8070191255187008,0.18753243534609873,0.1252327947692079,0.8270702049869245,0.035679769164768275,0.3862154077218849,False,2026-08-07T14:15:40.964400+00:00
1562496,4347,-110.115506,600,0.2,-119.71185022,0.0012234856778377435,1.9781629316159524,2.481619750149548,0.0003,5270.76781352614,83.00574327657779,0.16116073309104806,-0.06426300300936527,0.8004879944839196,0.18733706226357805,-0.0896365998456205,0.8041962725877786,0.036643839207335056,0.17254275726718862,False,2026-08-07T14:15:41.914548+00:00
1567504,4360,-111.083362,600,0.18,-116.97669134999998,-0.0026319280648749556,7.581020989990793,2.4949869422242044,0.0003,656.9959509112381,658.2932503619514,0.08477445804271742,-0.24813451466992134,0.8038032841467525,0.14926312087747448,-0.05513408018507076,0.8028866480229413,0.20349151227345957,0.2051470830280283,False,2026-08-07T14:15:49.537122+00:00
1572512,4366,-94.156654,600,0.16,-112.66453903,-0.0026319280648749556,7.581020989990793,2.4949869422242044,0.0003,4308.535245149761,99.21887037624568,0.1610062241361794,-0.06323903270433154,0.8000753546354534,0.18783618506371907,-0.08913488182979291,0.803176782154821,0.037417384435043756,0.17311771083924504,False,2026-08-07T14:15:50.699475+00:00
1577520,4377,-117.130559,600,0.14,-114.78919432000001,-0.0019345414013514528,1.2459253894689026,2.4642762396484614,0.0003,672.0753453784721,628.6199946258777,0.1504957666319064,0.02881795547416912,0.8018105741054918,0.1432619430948994,0.08335617843615802,0.802905141754589,0.05502675753807978,0.3437639129100685,False,2026-08-07T14:15:58.151014+00:00
1582528,4386,35.54422,24,0.17,-110.04902323000002,-0.0036342241226520857,4.742979834217112,2.450099351629615,0.0003,672.5646723473766,620.7165156964677,0.17665373529065337,0.09880342754577698,0.8070914061710177,0.1426754584916673,0.11504918392402191,0.8029051417545903,0.037894230488216114,0.3754491045408802,False,2026-08-07T14:16:05.597142+00:00
1587536,4402,-474.531141,600,0.21,-102.40052024,-0.0036342241226520857,4.742979834217112,2.450099351629615,0.0003,4353.762282312658,94.73737270306474,0.1493664847634365,-0.06660270932053378,0.8015312158927684,0.1814832494025174,-0.08523255396217809,0.8037492819122898,0.037195127357234244,0.1760829071757783,False,2026-08-07T14:16:06.747410+00:00
1592544,4410,-124.561208,600,0.21,-102.04202636,0.0006010428012814372,5.513641654019011,2.4690723702311517,0.0003,650.9289745263156,625.9607667587817,0.16087449032451465,-0.06428192012391053,0.8005348911780644,0.1874645186220993,-0.08960619858220259,0.804863528895228,0.03697412323214602,0.1725930107065504,False,2026-08-07T14:16:14.441029+00:00
1597552,4420,-105.937566,600,0.17,-114.19033311000001,0.0012587844801601022,2.5193857491132805,2.4697697093710302,0.0003,674.5103686053641,596.6520586364186,0.17397922981979005,0.09107421160042604,0.8070327280878742,0.18740082391336815,0.12736882095808483,0.803002759043369,0.038906021474027545,0.3883367206453546,False,2026-08-07T14:16:21.865680+00:00
1602560,4429,36.10798,23,0.18,-115.25764754,0.0012587844801601022,2.5193857491132805,2.4697697093710302,0.0003,233.34284511162303,1703.244853339637,0.17581001155796255,0.09620999346567292,0.806946452191051,0.18782181954812838,0.12786099463815637,0.8031411161085069,0.03406684589324746,0.38885756364595586,False,2026-08-07T14:16:43.327677+00:00
1607568,4441,35.808663,23,0.19,-105.60805473000002,0.00277191063405553,3.4512548152473754,2.4602662870660423,0.0003,642.4809541852906,610.807211394508,0.17433977674363899,0.09114968624016472,0.8070496093296451,0.18738032123146883,0.12740957562017632,0.8029903427812453,0.03874678081209723,0.388375927772234,False,2026-08-07T14:16:51.122451+00:00
1612576,4449,-103.311192,600,0.2,-111.57542127999999,0.00277191063405553,3.4512548152473754,2.4602662870660423,0.0003,4213.616126788775,91.94572745649198,0.17503531058805977,0.09474310704015082,0.8068677703669732,0.18282656500392175,0.12262562495165134,0.8244500153872218,0.03387143029766966,0.38330591038949563,False,2026-08-07T14:16:52.310978+00:00
1617584,4463,-0.646918,19,0.22,-107.02205985999998,-0.0031248380335455296,4.1161988591309635,2.4742663517594337,0.0003,712.320794372723,536.8592395744384,0.17624257135243576,0.0970971580370365,0.8071399478517706,0.14265649584726,0.12158053867747233,0.8028896832478686,0.04177948234034281,0.38197448165248693,False,2026-08-07T14:16:59.341512+00:00
1622592,4469,-111.028238,600,0.22,-109.21435739999998,0.002284968733874848,4.043097512132954,2.4614756239578126,0.0003,665.2635667046219,567.3059804995601,0.17408887133122086,0.09117139205112083,0.8072327470447709,0.14209474055881552,0.12227622437639835,0.8028896832478686,0.04483299232718431,0.38269532272962337,False,2026-08-07T14:17:06.869357+00:00
1627600,4485,35.868575,23,0.25,-104.2463687,0.002284968733874848,4.043097512132954,2.4614756239578126,0.0003,4328.366688117815,86.0370728344963,0.15882244032355272,-0.07797508143140074,0.8010513897276774,0.1889086518685587,-0.08720768342049075,0.8027447997562495,0.03151648302308918,0.17519387780904583,False,2026-08-07T14:17:08.026378+00:00
1632608,4493,-104.626336,600,0.22,-107.78378873,0.001955862833347055,1.5848147009382956,2.459252477250993,0.0003,672.6480660147698,546.1875512059123,0.15346450216221888,-0.015846467359652727,0.7992476573828292,0.18001036913088447,-0.06499102708070596,0.8028839436620523,0.05597404203020115,0.19603294210869815,False,2026-08-07T14:17:15.471586+00:00
1637616,4504,-101.361797,600,0.21,-105.69366972,0.001955862833347055,1.5848147009382956,2.459252477250993,0.0003,5047.141997070481,71.79984240790907,0.17599002586488502,0.09641627472775528,0.8070629892702825,0.14945244782550512,0.12211908853582143,0.8028979359432649,0.03717829144897859,0.38226463174131164,False,2026-08-07T14:17:16.463832+00:00
1642624,4518,-157.166134,600,0.24,-96.39959268999999,-0.0010708104302466382,2.1899908147112,2.4482690069824455,0.0003,670.5558159201996,532.9548883407641,0.17740943535478437,0.10074951765279506,0.8069817402546626,0.1479745312938674,0.12203799251933883,0.8028992169852651,0.03655516017560345,0.3822272094262895,False,2026-08-07T14:17:23.932258+00:00
1647632,4525,-120.790773,600,0.22,-96.64843697,-0.003882754982987535,3.6827984056668357,2.4556540858000515,0.0003,696.8408268918498,505.6649759912643,0.14416761569484468,0.02224005820634678,0.801164522848874,0.1403135019545409,-0.015710391334259388,0.8028759612844627,0.0381840259084359,0.24508156011286236,False,2026-08-07T14:17:31.118979+00:00
1652640,4537,35.898639,24,0.21,-99.25711201000001,-0.003882754982987535,3.6827984056668357,2.4556540858000515,0.0003,4757.680650113636,73.01036482801833,0.17223672230786602,-0.07885233015156169,0.8001542115100937,0.13731266904229233,-0.07733592112813154,0.8032854380580476,0.035096916852019634,0.18406759817005475,False,2026-08-07T14:17:32.171594+00:00
1657648,4543,-116.216758,600,0.2,-100.45152172999998,0.00013755127183685546,3.0321498276665806,2.434279362484813,0.0003,657.0146309336218,521.0721099369061,0.17341569527490108,0.08805857547906941,0.8073391317001567,0.14298460862784027,0.1241485824624572,0.8029050790902414,0.047415192302988705,0.38452523577973796,False,2026-08-07T14:17:39.793951+00:00
1662656,4558,-127.643916,600,0.22,-97.75073486000001,0.00013755127183685546,3.0321498276665806,2.434279362484813,0.0003,4253.7632522329895,79.30483668147566,0.17288643037071716,0.08658129905406148,0.8073424944137009,0.14285791805308357,0.12420187060727732,0.8029050790902412,0.04833952431244829,0.38458409789226317,False,2026-08-07T14:17:40.971269+00:00
1667664,4571,-102.631011,600,0.26,-90.34947276999999,0.001612046863010619,1.8864309493394102,2.3993291292339562,0.0003,653.4294278809339,508.6027439531808,0.24094091358392902,-0.11741474390120658,0.7953372021205182,0.18358135892497826,-0.06676408056019834,0.8028954905370779,0.07689431663878168,0.19466946614837718,False,2026-08-07T14:17:48.635445+00:00
1672672,4584,-116.431126,600,0.25,-90.80828353000001,0.000597057277627755,1.3620108232367785,2.3957935655489564,0.0003,646.5621417583627,506.2591495224462,0.24392931922363698,-0.030876429713457915,0.8004870085450869,0.1835813567016928,-0.06676408166621765,0.8028954905370779,0.07025383212849065,0.1946694647811841,False,2026-08-07T14:17:56.381025+00:00
1677680,4591,-124.644692,600,0.23,-94.99299385,0.000597057277627755,1.3620108232367785,2.3957935655489564,0.0003,4411.558269431947,73.06261876520638,0.1756045042394198,0.09499152024179743,0.80730219711672,0.13599985931859396,0.09950920658171425,0.8028803243876197,0.040105988924385466,0.3603094175423965,False,2026-08-07T14:17:57.516225+00:00
1682688,4605,35.181759,32,0.26,-92.32463197999999,-0.002814493748883251,1.9358113659080118,2.3923934703692793,0.0003,673.0233348106365,471.472508585872,0.17424782502200495,0.09195228503596654,0.8070889587899034,0.13629256312230334,0.10193782712351791,0.8028798957524046,0.039471878195885726,0.36271343132865025,False,2026-08-07T14:18:04.957278+00:00
1687696,4614,-133.089479,600,0.25,-91.83752099000002,0.0009734251398185734,2.5778617111616766,2.3937368692830203,0.0003,644.8217141661135,484.3261216844613,0.17772004440489697,0.1017522800014015,0.8068973923131426,0.14473366799264367,0.1181304611523141,0.8029021901007818,0.037044668811323206,0.3784385109158693,False,2026-08-07T14:18:12.723763+00:00
1692704,4626,-97.222548,600,0.25,-93.71883627,0.0009734251398185734,2.5778617111616766,2.3937368692830203,0.0003,4287.2634807475915,71.67649046529216,0.17760634000598452,0.1014118449221557,0.8069107674250496,0.14413262031667073,0.11835117608131669,0.8028916446133749,0.03773041476228164,0.3786837548405403,False,2026-08-07T14:18:13.891880+00:00
1697712,4632,-100.803515,600,0.25,-93.83966154999999,-0.0005720190816646209,2.676978211000096,2.4244938649237158,0.0003,655.3475069474233,461.26367582909216,0.1764974451978174,0.09855405371847559,0.8068022284732947,0.18815251443364778,0.12820357709105293,0.8033586524400628,0.032043612327727025,0.3892230483093541,False,2026-08-07T14:18:21.533625+00:00
1702720,4647,-398.877633,600,0.25,-99.05411246,-0.0005720190816646209,2.676978211000096,2.4244938649237158,0.0003,4886.0032221222,60.84318541871092,0.12806424734887098,-0.15440630475271477,0.8668719612062394,0.16065110049784104,-0.08047508420647186,0.8028843172128923,0.10306380040261023,0.1795260964944419,False,2026-08-07T14:18:22.558593+00:00
1707728,4657,-171.272777,600,0.26,-92.01137761,-0.0026834942673303885,2.0052202025603036,2.4304329792037604,0.0003,681.9919481403537,428.55637929005366,0.15902987296796317,-0.06497509129025604,0.8006504231775362,0.1869325959024706,-0.08966480022603193,0.8036110862033149,0.037375248494764986,0.17245128298764087,False,2026-08-07T14:18:29.901804+00:00
1712736,4671,-122.134687,600,0.24,-96.65596498,-0.0020769412516528974,1.7766127805225551,2.429537584260106,0.0003,648.7146579777198,442.8202700020787,0.1505617270495953,0.0033041827732976595,0.8002240124373022,0.18360103156482024,0.012277321999025374,0.8034039497038736,0.03438349707975304,0.2732982780148543,False,2026-08-07T14:18:37.621681+00:00
1717744,4679,-133.720183,600,0.21,-102.09697887,-0.0020769412516528974,1.7766127805225551,2.429537584260106,0.0003,4763.68194274984,59.251646812731465,0.1453409409002755,0.04095052559952771,0.8020999757788836,0.18242007429741391,0.00486442242028723,0.8028842079299066,0.05174634282934663,0.2658116287816128,False,2026-08-07T14:18:38.672966+00:00
1722752,4691,-151.37155,600,0.23,-94.05158936000002,0.0005928182948991889,1.1211938564665616,2.4332400036975743,0.0003,653.9209177835506,423.97787325679303,0.17310869826766234,0.05477696045576607,0.8131933753386823,0.18614706127905903,0.039514205841255756,0.798041472948782,0.025150163706679503,0.3006533357776843,True,2026-08-07T14:18:46.331376+00:00
1727760,4698,-104.454536,600,0.21,-94.50335410999998,0.0005928182948991889,1.1211938564665616,2.4332400036975743,0.0003,4310.622817017429,63.155606870834056,0.17708484978456845,0.09985558357173391,0.8069562909296126,0.13997588988002754,0.11876671622430666,0.8028940650979521,0.04184743148757685,0.3792956502590575,False,2026-08-07T14:18:47.493165+00:00
1732768,4710,-117.141619,600,0.19,-97.90998524999999,0.0001284542006033007,2.4483063432213386,2.431437567807734,0.0003,650.6820453220046,410.69521115763115,0.1742815060899974,0.03341329387458724,0.803298331831082,0.15159301448208856,0.05774474974542163,0.8029928564605636,0.033269816823038034,0.31785594755530217,False,2026-08-07T14:18:55.189704+00:00
1737776,4717,-116.662572,600,0.18,-104.78264579,-0.002863613751833327,2.5708441626280547,2.4708680447191,0.0003,697.0653712259005,376.18279550860103,0.17591386610140325,0.096038595800108,0.8071557455913562,0.13301172631699235,0.09443067018636588,0.8028774618271569,0.04314490392650645,0.35545670184305905,False,2026-08-07T14:19:02.374123+00:00
1742784,4729,35.836806,24,0.19,-104.68521117999998,-0.002863613751833327,2.5708441626280547,2.4708680447191,0.0003,4235.366247890138,60.730521269118825,0.1741689300033314,0.09064121326549995,0.8071580223000363,0.13836363842198407,0.10966014199157728,0.8029034295816901,0.040765673235111856,0.37029279323201486,False,2026-08-07T14:19:03.556537+00:00
1747792,4736,35.789279,23,0.2,-102.7906963,-0.0007757618721370818,3.8918753428035417,2.5100729236379267,0.0003,686.0298887841875,367.6341280800085,0.17633476955321464,0.0986886062507858,0.8068737012485917,0.13829174180229345,0.1097241875856829,0.8029034295816899,0.03980978614568901,0.37036093660086716,False,2026-08-07T14:19:10.856511+00:00
1752800,4751,-103.580304,600,0.19,-98.64422116,-0.0007757618721370818,3.8918753428035417,2.5100729236379267,0.0003,4913.560802438596,50.309746829084695,0.1740196292923299,0.09088711239628688,0.8072525437213887,0.14565666779176645,0.1269082718957633,0.8028958054771523,0.04605391063631791,0.3871740461862102,False,2026-08-07T14:19:11.875735+00:00
1757808,4758,-114.507992,600,0.17,-103.63465134000002,0.0037337256559112574,2.135001466481481,2.532161974720657,0.0003,643.4136904409097,376.41723139903036,0.17225707069626137,0.08226028358056539,0.8075696581188441,0.14439892257774425,0.12663169518938666,0.8028957666215142,0.0525998464492197,0.38694632876117846,False,2026-08-07T14:19:19.659226+00:00
1762816,4769,-0.273181,18,0.15,-104.78281265,-0.0031835691264859634,1.9088414806697984,2.558254014700651,0.0003,641.117913756898,369.9537868316943,0.1751544188782732,0.09494867980721289,0.8069005541764163,0.18331291858343632,0.12811070074179792,0.8119009542604128,0.034514993132043856,0.388810247039822,False,2026-08-07T14:19:27.470569+00:00
1767824,4777,-158.324706,600,0.13,-109.09388799,-0.0031835691264859634,1.9088414806697984,2.558254014700651,0.0003,5023.2398890466975,46.220368751702594,0.1763444672003534,0.09800466975500166,0.8067986316356245,0.1880604244068379,0.1281214746408356,0.8032868912446892,0.032505659666724085,0.3891345095147289,False,2026-08-07T14:19:28.467534+00:00
1772832,4786,-111.205644,600,0.13,-107.50243332000002,-0.0033718681370373815,0.9737208899168763,2.5523263201117516,0.0003,711.2220360286436,319.4051765725255,0.17435488267306265,0.09265858726136555,0.8069328873661844,0.18756964312857946,0.12753132256332475,0.8029759697923403,0.03750193005731036,0.38851076071315827,False,2026-08-07T14:19:35.508948+00:00
1777840,4794,-111.778484,600,0.12,-109.66733473000002,-0.0032004093016439585,2.092878974752966,2.5442969420924784,0.0003,640.5073798202926,346.8500239018815,0.1763095614473886,0.09792211888359745,0.8068470405968028,0.18805409649971494,0.12810591742700456,0.8032773125412757,0.03258433299140439,0.38911853653131484,False,2026-08-07T14:19:43.327740+00:00
1782848,4804,-185.447061,600,0.12,-111.36271661,-0.0032004093016439585,2.092878974752966,2.5442969420924784,0.0003,4914.117171509217,44.189422519062276,0.1410336618717479,-0.04419888204199944,0.8026501757984729,0.18130151605990763,-0.08334013691677343,0.8028900950128024,0.056156882706577614,0.17793948918392133,False,2026-08-07T14:19:44.346857+00:00
1787856,4813,-138.095447,600,0.12,-107.80872685,-0.0019007865277671954,3.2082354205602313,2.54807663615793,0.0003,689.9829977360557,307.46264863928286,0.180431616861575,-0.05925817457104749,0.799603321166615,0.1871530025978129,-0.0891828569265246,0.8029198924388669,0.030849040265386398,0.17296179323151398,False,2026-08-07T14:19:51.604996+00:00
1792864,4822,-113.043124,600,0.11,-109.14041499,-0.0019007865277671954,3.2082354205602313,2.54807663615793,0.0003,4403.272147248421,47.04138038105096,0.16642831487801693,0.07299169695664709,0.805697986605765,0.18128896907396358,0.03649660981384953,0.8028940184508014,0.039504337307515285,0.29725991965843346,False,2026-08-07T14:19:52.742335+00:00
1797872,4836,-116.445399,600,0.15,-100.88161814000001,0.0013263166845717933,1.8152070151641966,2.5223890408873557,0.0003,643.7053328767603,314.00703035452113,0.1589852157450576,0.06148548864693137,0.8040042237373953,0.18186125051850818,0.034264836783828904,0.8028939580042047,0.03557400096709169,0.2950757672897699,False,2026-08-07T14:20:00.522292+00:00
1802880,4845,-102.776322,600,0.14,-102.78351611,-0.0035221090711274883,1.2272786811809056,2.5125196229666473,0.0003,258.98109384299875,761.1366415785525,0.16991098343632438,-0.061539946166083284,0.7994882669098762,0.18683449926499768,-0.08927761944566916,0.8029729283008892,0.03267914888699558,0.1728184642130028,False,2026-08-07T14:20:19.859616+00:00
1807888,4856,-130.848119,600,0.14,-100.97825993999999,-0.0035221090711274883,1.2272786811809056,2.5125196229666473,0.0003,4193.613159174058,45.81061550222647,0.1759627089661345,-0.0607284568416579,0.799581811580937,0.18667379181391258,-0.08968704474237307,0.8029334038951369,0.031057370784018674,0.17238907708529094,False,2026-08-07T14:20:21.053810+00:00
