:020000040800F2
:10000000000002203941010869EE0008A5EE000851
:10001000B9EE0008BDEE0008C1EE000800000000C7
:1000200000000000000000000000000071CB00088C
:10003000C5EE00080000000001CC0008C9EE000871
:100040008D4101088D4101088D4101088D41010854
:100050008D4101088D410108A9F000088D4101087A
:10006000B1F00008B9F00008C1F00008CDEE0008BA
:100070008D410108D9EE00088D410108E5EE000828
:10008000F1EE00088D410108B9EF0008FDEE00080F
:1000900009EF000815EF000821EF0008C9F000087B
:1000A0008D41010869F000088D4101088D4101086A
:1000B0008D4101088D4101088D41010891F0000832
:1000C0009DF000088D4101088D4101088D41010816
:1000D0008D4101088D4101088D4101088D410108C4
:1000E000F1F000088D4101088D4101088D410108A2
:1000F0007DF000082DEF00088D4101088D410108B9
:100100008D4101088D4101084DF0000849EF0008BC
:1001100055EF00088D4101088D4101088D4101080E
:100120008D4101088D4101088D4101088D41010873
:100130008D41010800000000000000008D41010811
:100140008D4101088D4101088D41010861EF0008D2
:100150008D4101088D4101088D4101088D41010843
:100160008D4101088D4101088D4101088D41010833
:100170008D4101088D4101080000000000000000D1
:080180008D4101088D410108C9
:1001C0000348044B834202D0034B03B118477047E6
:1001D000F8050020F8050020000000000548064B47
:1001E0001B1AD90F01EBA301491002D0034B03B135
:1001F00018477047F8050020F805002000000000AF
:1002000010B5064C237843B9FFF7DAFF044B13B15E
:100210000448AFF300800123237010BDF8050020CF
:10022000000000008CBC020808B5044B1BB1044957
:100230000448AFF30080BDE80840CFE700000000AD
:10024000FC0500208CBC020808B52DED028BF0EEF9
:10025000408AB0EE608A00F01BF8F4EE488AF1EEB6
:1002600010FA06D6DFED098AB4EE688AF1EE10FACC
:1002700002D0BDEC028B08BD03F0CCF988EEA80AD1
:10028000BDEC028B2123036008BD00BF000000000D
:1002900070B582B0CDED010A019820F000435A1EDE
:1002A000B2F1FF4F3BD210EE101A21F00044B4F12E
:1002B000FF4F34D29C4238DB01F0004258D011F09D
:1002C000FF4F00F0FF463ED14FEA042C6FF07D0552
:1002D0004FEA4C0CBCF1000F05F1FF35F8DC002EA5
:1002E00066D118026FF07D0E40000EF1FF3EFBD587
:1002F00015F17E0F77DA6FF07D00411B04FA01F1F2
:10030000A5EB0E05A0EB0E04A340681EA5B9CB1A01
:10031000002B75DB2CD0B3F5000F35DB41E0DDEDB4
:10032000017A60EE277A87EEA70A02B070BD1FD06F
:100330004FEA4C01013822D3A1EB030CBCF1000FB2
:10034000F5DA4900F6E7E51586B3DB15C0F31600CC
:10035000ED1AC1F31601A3F17F0E41F4000140F440
:100360000003681E002DE7D1CB1A002B30DB0BD128
:10037000274B03EB527393ED000A02B070BDCB1A0A
:1003800048BF0B461BB9F3E75B000EF1FF3EB3F528
:10039000000FF9DB1EF17E0F1BDA6FF07D04A4EB7A
:1003A0000E042341134300EE103ABEE77F3D98E769
:1003B000DB15A3F17F0EC0F316006FF07D0140F452
:1003C0000003491BA5EB0E0004FA01F10138B3E765
:1003D0000B46A3F500030EF17F0E134343EACE5301
:1003E00000EE103AA1E76FF07D04C1F31601A5EB12
:1003F0000E00A4EB0E0441F400010138A3409BE77A
:100400000029B5D0B1F5000F0B46BDDBC9E700BF31
:1004100064BD020808B52DED028BF0EE408AB0EE07
:10042000608A00F08FF820B9B0EE480ABDEC028B6C
:1004300008BDB0EE480A00F085F858B1F4EEC88A5D
:10044000F1EE10FAC8BFB0EE688AB0EE480ABDEC13
:10045000028B08BDB0EE688AB0EE480ABDEC028B94
:1004600008BD00BF10EE103AC3F3C7527F3A162AF8
:1004700019460EDC002A11DB0C481041034205D05E
:100480004FF4800313410B4423EA000300EE103ABB
:100490007047802AFAD130EE000A7047013203F02B
:1004A0000043F3D143F07E53F0E700BFFFFF7F002E
:1004B00010EE102AC2F3C7537F3B162B22F00041E7
:1004C0001BDC002B10461EDB1A4919410A4223D0BF
:1004D000DFED197A70EE277AF5EEC07AF1EE10FAB8
:1004E0001ADD002A04DA4FF4000242FA03F318443A
:1004F00020EA010300EE103A7047B1F1FF4F0BD331
:1005000030EE000A7047DFED0C7A70EE277AF5EED8
:10051000C07AF1EE10FA00DC7047002A02DB9FED92
:10052000070A704711B99FED060A7047BFEE000A2F
:10053000F2E700BFFFFF7F00CAF249710000000030
:100540000000008010EE103A33F000400ED0A0F50D
:100550000003B3F1FE4F0DD3074B421E9A4207D959
:10056000A0F1FF40B0FA80F04009704702207047C8
:100570000320704704207047FEFF7F0008B410B5C9
:10058000002A9DB0044636DB4FF40273ADF81430F8
:100590004FF000031B930291069120AB17D0013A54
:1005A0004FF6FF7104920792ADF816101F9A01934F
:1005B00002A900F01BFF421C01DA8B232360029B7F
:1005C00000221A701DB0BDE8104001B070474FF610
:1005D000FF7104920792ADF816101F9A019302A9B9
:1005E00000F004FF431C01DA8B2323601DB0BDE83B
:1005F000104001B070478B2303604FF0FF30F5E7E8
:100600000CB410B5214B00291C689CB038DB4FF0AE
:1006100000034FF402721B93ADF814200290069071
:100620001FAB18D001394FF6FF7204910791ADF856
:10063000162002A91E9A0193204600F0D7FE421C04
:1006400001DA8B232360029B00221A701CB0BDE8E4
:10065000104002B070474FF6FF7204910791ADF859
:10066000162002A91E9A0193204600F0BFFE431CEB
:1006700001DA8B2323601CB0BDE8104002B0704744
:100680008B2323604FF0FF30F5E700BF0000002010
:1006900010B4044C03460A4620685DF8044B194622
:1006A00002F0C4BD0000002000B5054B83B0014638
:1006B00001AA186802F0BAFD03B05DF804FB00BFA0
:1006C00000000020844641EA000313F003036DD1CB
:1006D000403A41D351F8043B40F8043B51F8043B05
:1006E00040F8043B51F8043B40F8043B51F8043B0C
:1006F00040F8043B51F8043B40F8043B51F8043BFC
:1007000040F8043B51F8043B40F8043B51F8043BEB
:1007100040F8043B51F8043B40F8043B51F8043BDB
:1007200040F8043B51F8043B40F8043B51F8043BCB
:1007300040F8043B51F8043B40F8043B51F8043BBB
:1007400040F8043B51F8043B40F8043B51F8043BAB
:1007500040F8043B403ABDD2303211D351F8043B4B
:1007600040F8043B51F8043B40F8043B51F8043B8B
:1007700040F8043B51F8043B40F8043B103AEDD2FA
:100780000C3205D351F8043B40F8043B043AF9D24B
:10079000043208D0D2071CBF11F8013B00F8013B1E
:1007A00001D30B8803806046704700BF082A13D32B
:1007B0008B078DD010F003038AD0C3F10403D21A43
:1007C000DB071CBF11F8013B00F8013B80D331F877
:1007D000023B20F8023B7BE7043AD9D3013A11F8F7
:1007E000013B00F8013BF9D20B7803704B78437062
:1007F0008B78837060467047032A30B412D941EA7F
:100800000004A40784460B4621D11946604653F8DC
:10081000044B5CF8045BA54219D1043A032AF4D8CE
:1008200060461946541E7AB1431E0139021901E08F
:100830009A4209D013F8010F11F801CF6045F7D0A3
:10084000A0EB0C0030BC7047002030BC7047541E39
:10085000EAE700BF00B50B4C25681446EE681A465F
:1008600085B003460D464CB107490095CDE901140A
:100870003046064902F0E2FE00F064FF04490C46EF
:10088000F3E700BF0000002030D7020840D702087D
:10089000A0C2020808B513460022FFF7DBFF00BF25
:1008A0000EB470B59DB021AC00254FF4017254F820
:1008B000046BADF814201B950290069002F0C0FB6B
:1008C0000B4B0B930B4B03904FF6FF710790ADF85A
:1008D000161018680F953246234602A91495019404
:1008E00003F06EFB1DB0BDE8704003B0704700BF61
:1008F00079170008000000200CB4F0B59DB022ACC0
:1009000000254FF401730646084654F8047BADF801
:100910001430029106911B9502F092FB034603935B
:1009200007930A4B0B934FF6FF73ADF816303A4618
:100930003046234602A90F951495019403F040FB1D
:100940001DB0BDE8F04002B0704700BF7917000845
:100950002DE9F04755EC104B84B0002D0D9E8946D3
:1009600092463DDB0027652E1F7035D03DDC452EBD
:1009700032D0462E5AD1032103AB019302AB009330
:1009800045EC104B0C9B4A4601F044FA074626F012
:100990002003462B07EB090805D13B78302B39D0D3
:1009A0000C9B1B689844204629460022002307F030
:1009B000EBFE002838D1039B984506D930215A1CFC
:1009C00003921970039B4345F9D30E9ADB1B3846FB
:1009D000136004B0BDE8F08709F101090221CBE7FB
:1009E00005F100422D271546BDE7662EC3D003ABA7
:1009F000019302AB009345EC104B0C9B4A4602213D
:100A000001F008FA672E0746C1D11AF0010F1ED176
:100A1000039BDAE7002200232046294607F0B4FEB4
:100A2000C0B10C9B1B6898444346CEE703AB0193CF
:100A300002AB009345EC104B0C9B4A46022101F09F
:100A4000E9F9472E0746A2D11AF0010FE0D007EBD3
:100A50000908A8E70C9AC9F101031360A2E700BFD7
:100A600070B50029BABF49422D232B23092982B032
:100A7000027043702CDD0DF10705194EAE46A6FB42
:100A80000123DB0803EB8302A1EB42020C46303268
:100A9000632CF4460EF8012C19460EF1FF3EEEDCF5
:100AA000ACF102033031AB420EF8011C00F102043C
:100AB0000BD2421C13F8011B02F8011FAB42F9D103
:100AC0000DF109031C44A4EB0C04201A02B070BD04
:100AD00030231944041D8370C170201A02B070BD08
:100AE000CDCCCCCC2DE9F04F8DB00C46DDF8588044
:100AF00016461F46054600F0D9FA036806931846C5
:100B000002F09EFAD8F8003094F818A0D4F800B09B
:100B10000790073323F00703B3EC027B0022C8F8E9
:100B200000300A9253EC172B904623F0004984EDD5
:100B3000127BA04B4FF0FF32404649468DED047BBF
:100B400007F054FE40B99B4B404649464FF0FF32F8
:100B500007F02EFE002871D0DDE9040102460B46A5
:100B600007F044FE002840F0108261684B1C4BF4F3
:100B700080620AF0DF0832D0B8F1470F00F022811E
:100B80000023226003930AAB029309AB00939DED0F
:100B9000040BCDF804A00DF123032846FFF7D8FE7F
:100BA0008146BAF1650F099937D9BAF1660F00F09D
:100BB00073810A9B8B4240F324810029D4BFC1F189
:100BC0000202012213442361A1654FF0000B9DF83E
:100BD0002330002B4BD02D2384F8433047E00621EF
:100BE00000232260CDF804A0616003930AAB029356
:100BF00009AB00939DED040B0DF123032846FFF78D
:100C0000A7FEB8F1470F8146CBD10999C81C80F2E5
:100C1000F180AAF1020A5FFA8AFA0139524604F118
:100C200050000991FFF71CFF0A9A1318012A834606
:100C3000236140F32C8101332361C8E7DDE904011E
:100C40000022002307F0AAFD10B12D2384F84330C1
:100C5000BAF1470F2BF004024FF0030394BFDFF803
:100C60005C91DFF85C91226023614FF0000B0097EC
:100C700033460BAA2146284603F0B0FB013023D0AF
:100C8000236858052BD423694A4631462846B8477D
:100C9000013019D02268E0680B9B920719D5984261
:100CA00017DD4FF0000804F1190904E0E0680B9B20
:100CB000C21A42450DDD01234A4631462846B8474F
:100CC000013008F10108F1D14FF0FF300DB0BDE85F
:100CD000F08F9842B8BF18460DB0BDE8F08FBAF15A
:100CE000650F33D9D4E912010022002307F04CFD2F
:100CF000002800F08E80304A012331462846B8474C
:100D00000130E1D0DDE9093A534502DB2268D10721
:100D1000C1D5DDE9062331462846B8470130D3D096
:100D2000BAF1010FB6DD0AF1FF3A4FF0000904F104
:100D30001A0801E0CA45ADD0012342463146284693
:100D4000B847013009F10109F4D1BDE7DDF8288089
:100D5000B8F1010F40F38C8001234A463146284602
:100D6000B8470130B0D0DDE9062331462846B84700
:100D70000130A9D0D4E912010022002308F1FF3A82
:100D800007F002FD002800F09180B8F1010F7ADD34
:100D90004FF0000904F11A0801E0D14573D0012396
:100DA000424631462846B847013009F10109F4D1DD
:100DB0008AE700BFFFFFEF7F70D4020870D70208F8
:100DC00074D7020809B901216160002322600393EE
:100DD0000AAB029309AB00939DED040BCDF804A080
:100DE0000DF123032846FFF7B3FD09998146C81C7E
:100DF000FFF60FAF636899423FF70BAF4FF0670AFA
:100E0000D7E623682161DB077FF5DEAE4B1C23614B
:100E1000DAE6099B002B54DD0A9BD4F858B0049302
:100E20005B45A8BF5B46002B984608DD4A46314625
:100E30002846B84701303FF447AFD4F858B028EA05
:100E4000E872934576DD4FF0000A04F11A089346E4
:100E500004E0A36DA3EB0B0252456ADD0123424679
:100E600031462846B84701300AF1010AF1D12BE793
:100E7000D9073FF571AF4A46012331462846B847A6
:100E800001303FF421AF5B4604F15002FDE62268D9
:100E9000D2077FF59CAECEE6002963680ADD2161AA
:100EA000002B3AD001330B4423618DE6534609F100
:100EB0000102E2E7002B35D12268D20732D40123A8
:100EC00081E64E4A012331462846B84701303FF4B7
:100ED000FBAEDDE9093A5AEA030325D0DDE9062332
:100EE00031462846B84701303FF4EEAE099B002B4F
:100EF00080F281804FF0000B04F11A0803E0099B97
:100F00005B425B4577DD0123424631462846B847C0
:100F100001300BF1010BF2D1D6E62268D0077FF544
:100F200053AEBFE702334EE62268D3077FF5B3AE78
:100F3000D4E79B46099B049999423CDC2268D00780
:100F400039D4CB1AA1EB0B0A9A45A8BF9A462AEAD4
:100F5000EA7A53457FF79EAEDDF810B04FF00009F6
:100F600004F11A0807E0099BABEB0303A3EB0A03A8
:100F70004B457FF78FAE0123424631462846B8479E
:100F8000013009F10109EED19EE6059B002BBCBFA3
:100F90002D2384F843302BF00403BAF1470F23606C
:100FA0004FF0030394BFDFF85890DFF858902361A7
:100FB0004FF0000B5BE6DDE9062331462846B847D3
:100FC00001303FF481AE049A099BA2EB0B0AD31ABD
:100FD0009A45A8BF9A46BAF1000FB8DD09EB0B029B
:100FE000534631462846B84701303FF46DAE099B61
:100FF000049AD31AABE753464A4646E670D4020831
:1010000078D702087CD70208036A2DE9F04184688A
:1010100080460E46002B3BD0A3891B0717D52369BA
:10102000ABB1013EA36816F8015F013BA360EDB1CF
:10103000002B07DAA7699F4222462946404610DC6A
:101040000A2D0ED023685A1C22601D70EAE7214643
:10105000404602F007FB0028E3D04FF0FF30BDE828
:10106000F08106F06FF80130DCD1F6E7002B09DAE9
:1010700022460A21404606F065F80130EDD00A20EC
:10108000BDE8F08123680A22591C21601A70F6E736
:1010900003F06AFCC0E700BF024B01461868FFF787
:1010A000B3BF00BF00000020F03070470048704719
:1010B0004001002000487047400100202DE9F04722
:1010C000074649480E46354616F801EB10F80EC0A3
:1010D0001CF0080CF7D1BEF12D0F5AD0BEF12B0F2A
:1010E00003BF96F800E06446AE1C64464BB9BEF1FF
:1010F000300F5CD00A23DFF8F4804FF0050A9946E0
:101100000AE0102B4AD04FF0FF38B8FBF3F803FB8E
:1011100008FA6FEA0A0A99460025284605E02CD00D
:1011200009FB00C0012516F801EBAEF1300CBCF153
:10113000090F06D9AEF1410CBCF1190F0BD8AEF175
:10114000370C634510DDB5F1FF3FECD04045E6D9E3
:101150004FF0FF35E7E7AEF1610CBCF1190F03D892
:10116000AEF1570C6345EEDC6B1C0BD004B1404272
:101170000AB165B91160BDE8F087D445D0DD4FF004
:10118000FF35D0E722233B602846002AF3D0711EAA
:10119000F0E796F800E00124AE1CA7E7BEF1300F9F
:1011A00011D04FF00F0A6FF070489946B4E73378CA
:1011B00003F0DF03582B0BD008234FF0070A6FF022
:1011C00060489946A8E7307800F0DF005828E8D159
:1011D0004FF0100996F801E04FF00F0A02366FF059
:1011E00070484B4698E700BF6DBD02089999991960
:1011F00064E700BF10B4044C8446134620685DF8D1
:10120000044B0A46614659E70000002010B4044C24
:101210008446134620685DF8044B0A4661464DE754
:10122000000000202DE9F0478F681D46AF420B6893
:101230000C46164636D8B1F90CC01CF4906F0ED18E
:101240003D46184631462A4600F0E4F9A368DF1B04
:101250002368A7602B4400202360BDE8F0874A691B
:10126000096902EB42025F1A02EBD2726B1C521048
:101270003B44934292BF914699461A461CF4806FB4
:10128000804611D0114600F0AFFC824600B32169C0
:101290003A46FFF717FAA38923F4906343F08003DB
:1012A000A38105E02F46CCE702F008F8824658B14A
:1012B0000AEB0703A9EB0707A760C4F810A0C4F85E
:1012C000149023602F46BCE72169404601F0EEFDF3
:1012D000A3890C2243F04003C8F800204FF0FF30F0
:1012E000A381BAE72DE9F04F936883B09246002BB3
:1012F00075D04FF0000B17688B680A6881460C4662
:101300005D4645E0B4F90C3013F4906F2CD0D4E96D
:101310000401161A01EB410202EBD272711C521049
:101320002944914292BF904688460A465B0539D5CA
:101330001146484600F058FC019000283DD0324646
:101340002169FFF7BFF9A289019B22F4906242F064
:101350008002A2819819A8EB0606A660C4F8148042
:1013600023612060A8462E463246594600F052F9C5
:10137000DAF80810A3682268A3EB08033244491B7B
:10138000A3602260CAF8081049B3D7E900B508374E
:1013900098461046002DF8D09D421E46B2D2A8466F
:1013A0002E46E1E70146484601F088FF0346002843
:1013B000D0D12169484601F079FDA3890C2243F080
:1013C0004003C9F800204FF0FF30A3810022002322
:1013D000CAF80820CAF8043003B0BDE8F08F002036
:1013E0000023CAF8043003B0BDE8F08F2DE9F047C0
:1013F0001C468B891D069CB00F468046924603D53D
:101400000B69002B00F0ED800023099343F22003C9
:10141000ADF829309AF80030794D03940126002B5D
:1014200071D0D14603E019F8013F002B72D0252B73
:10143000F9D1B9EB0A0470D199F80020002A62D0E2
:1014400000234FF0FF32CDE9052309F10109049390
:1014500007938DF853301A9304E006FA03F313430D
:101460000493A1464C46052214F8011B284602F0BD
:1014700077F9A246049A431B0028EED1D00644BF58
:1014800020238DF85330110799F8001044BF2B2307
:101490008DF853302A294ED1039B19680433002953
:1014A00003937ADB079199F801102E2959D05548FA
:1014B000032202F055F940B1524A049B801A40229F
:1014C000824013430AF1010A04931AF8011B4E48A3
:1014D0008DF82810062202F043F9002863D04B480B
:1014E000002853D003AA0092494B3A4604A940462B
:1014F000FFF7F8FA421C06D0099B034409939AF8B7
:101500000030002B8DD1BB895B0676D409981CB0C6
:10151000BDE8F087B9EB0A04F5D0234652463946B8
:101520004046FFF77FFE0130EDD0099B99F800207F
:101530002344099382E7A1F13002092A88BFCA46F1
:10154000B3D8079B00E00134217803EB830302EB5F
:101550004303A1F13002092AF5D92E290793A246A7
:10156000A5D19AF801102A2926D1039B9AF80210D6
:101570001A6805920433002A0AF102000393B8BFE7
:101580004FF0FF338246B8BF059390E7039B0733C4
:1015900023F0070308330393AEE7494242F0020207
:1015A000079104927FE703AA0092194B3A4604A9D7
:1015B000404602F0A5FF9DE7A1F130020023092A71
:1015C00005930AF1010A3FF672AF1AF8011F03EB07
:1015D000830302EB4303A1F13002092AF5D90593F5
:1015E00065E7402100F000FB3860386110B140230E
:1015F0007B6109E70C23C8F800304FF0FF3086E725
:1016000080D7020888D702088CD70208E50A0008AC
:10161000251200088842F0B514D98B18834211D9DD
:10162000032A00EB020166D802F1FF3C4AB16FEADF
:101630000C0C0A469C4413F8011D02F8011D634579
:10164000F9D1F0BD032A0FD8034602F1FF3C002A6E
:10165000F7D00CF1010C013B8C4411F8012B03F87D
:10166000012F6145F9D1F0BD41EA00039B073ED14E
:101670000F2A64D9A2F1100301F1100423F00F0323
:101680002031A446194400F1100E5CF8105C4EF8AD
:10169000105C5CF80C5C4EF80C5C5CF8085C4EF876
:1016A000085C5CF8045C4EF8045C0CF1100C8C4592
:1016B0000EF1100EE9D1E11812F00C0F034402F004
:1016C0000F0E03F1100338D02EF00305043D1A1F4E
:1016D0005E198C465CF8044B42F8044FB242F9D1D3
:1016E0000431043329442B440EF00302ADE702F128
:1016F000FF3C0346ADE741EA0304A4071F4602D0BE
:1017000002F1FF3C93E7A2F1040E2EF003068E1BBC
:101710004FEA9E0E8C46644653F8045D4CF8045D17
:10172000B442F8D1CEEB8E7301EB830107EB830754
:101730003B1F043902F0030276E7724685E7034651
:101740009646C1E708B5062002F046FB012008F0E6
:101750002FFB00BF10B50C46B1F90E1001F090FB45
:10176000002803DB636D0344636510BDA38923F484
:101770008053A38110BD00BF002070472DE9F041C8
:101780000C46B1F90C101F46CB05054616460BD486
:1017900021F48051A1813B46B4F90E10324628460F
:1017A000BDE8F04102F004BEB4F90E10022300229D
:1017B00001F014FCB4F90C10EAE700BF10B50C46B8
:1017C000B1F90E1001F00AFCB4F90C30421C0EBF46
:1017D00023F4805343F480536065A38110BD00BFA0
:1017E000B1F90E1001F0D8BB11F0FF01034600F073
:1017F000030239D08ABB026810B501EB012E0EEB53
:101800000E4E8EEA0204A2F1013323EA0203A4F190
:10181000013222EA0402134313F0803F0FD150F843
:10182000044F84EA0E0CA4F10133ACF1013223EA37
:10183000040322EA0C02134313F0803FEFD0037835
:1018400023B936E010F8013F002B32D09942F9D18C
:1018500010BD8A4228D09A0729D01A781846013339
:10186000002AF6D110467047CAB90268A2F10133C6
:1018700023EA020313F0803F08D150F8042FA2F1AD
:10188000013323EA020313F0803FF6D003785BB103
:1018900010F8013F002BFBD17047990705D018467F
:1018A00013F8012B002AF8D170471846DDE71846D7
:1018B000A1E7184610BD00BF0000000000000000B6
:1018C00002780B78012A28BF9A4240F0D8806DE94F
:1018D000044540EA0104CDE902676FF0000C4FEACD
:1018E00044721AB380EA010414F0070F6BD100F0C0
:1018F000070420F0070004F0030521F007014FEA78
:10190000C505F0E8042314F0040FF1E804670CFAAD
:1019100005F462EA040266EA04060BD063EA0403F3
:10192000624667EA0407664604E000BFF0E8042365
:10193000F1E8046782FA4CF582EA0604A4FA8CF412
:101940006CBB83FA4CF583EA0705A5FA8CF595B9CB
:1019500050E9022351E9026782FA4CF582EA060453
:10196000A4FA8CF483FA4CF583EA0705A5FA8CF502
:101970002543DBD09CB92DBAB5FA85F424F00704D1
:1019800027FA04F1DDE9026723FA04F303F0FF000C
:1019900001F0FF01FDE80445A0EB0100704724BA07
:1019A000B4FA84F424F0070426FA04F1DDE90267AE
:1019B00022FA04F202F0FF0001F0FF01FDE8044505
:1019C000A0EB0100704714F0030F3CD110F00304AA
:1019D00028D150F8082B51F8083B82FA4CF582EADE
:1019E0000305A5FA8CF55DB950F8042C51F8043CB8
:1019F00082FA4CF582EA0305A5FA8CF5002DE8D0B1
:101A00002DBAB5FA85F424F0070423FA04F122FA7A
:101A100004F202F0FF0001F0FF01FDE80445A0EB35
:101A2000010070474FEAC40420F0030050F8082B6F
:101A300021F0030151F8083B0CFA04F462EA0402B5
:101A400063EA0403C9E710F003041DD0A1EB04010D
:101A500020F00300E40750F8042B06D012D28B7854
:101A60005FFAA2F4E41A06D12BB1CB785FFAB2F494
:101A7000E41A00D133B920465DF8104B7047A2EB51
:101A80000300704701F1040150F8042BCC0721F04A
:101A9000030151F8043B48D824D222F07F4482FA53
:101AA0004CF594EA1325A5FA8CF50AD165B951F8DD
:101AB000043B84EA0204B4EB036F0ED150F8042B0C
:101AC000EBE74FEA132355E035F07F454DD1087819
:101AD000FDE80445C0F1000070474FEA126203F0D0
:101AE000FF0347E002EA1C4482FA4CF594EA1345EE
:101AF000A5FA8CF50AD165B951F8043B84EA0204D1
:101B0000B4EB034F0CD150F8042BEBE74FEA13432F
:101B100030E015EA1C4528D10B884FEA124229E033
:101B20004FEA124203EA1C4324E002F0FF0482FA67
:101B30004CF594EA1365A5FA8CF50AD165B951F80C
:101B4000043B84EA0204B4EB032F09D150F8042BC0
:101B5000EBE74FEA13630DE015F0FF0F05D10B68BB
:101B60004FEA122223F07F4304E04FF00000FDE82B
:101B70000445704712BA1BBA82FA4CF482EA030495
:101B8000A4FA8CF5B5FA85F402FA04F203FA04F328
:101B90004FEA1260FDE80445A0EB1360704700BFF8
:101BA00070B5104E336805460C46B3B12146284641
:101BB00005F09AFB431C0CD0C41C24F00304A04283
:101BC00005D0211A284605F08FFB013001D02046B0
:101BD00070BD4FF0FF34204670BD194605F084FB00
:101BE0003060E3E7140600202DE9F843CD1C25F012
:101BF000030508350C2D38BF0C25002D064618DBD3
:101C0000A94216D8DFF8DC8001F000FDD8F80420E6
:101C1000A2B1144603E0636822467BB11C462368E8
:101C20005B1BF8D40B2B1FD8A242636854D05360BF
:101C30000CE00C2333600020BDE8F88329463046D1
:101C4000FFF7AEFF431C044619D00560304601F093
:101C5000DFFC04F10B00231D20F00700C21A1CBF9B
:101C60001B1AA350BDE8F8836119A242256014BF76
:101C70005160C8F80410635163684B60E6E7D8F818
:101C800004701FB33C467F68002FFBD123683946A0
:101C9000304604EB030905F027FB814516D1236884
:101CA000ED1A29463046FFF77BFF01300ED023683E
:101CB000D8F804202B442360536883B1A34203D097
:101CC0001A465B689C42FBD10023B0E70C233360CB
:101CD000304601F09DFCAEE7C8F80430B6E7C8F81E
:101CE0000470B3E7140600202DE9F04F03690C6976
:101CF000A34283B0C0F28A80013C01F1140500F1D7
:101D0000140855F8243058F8242001339A428E469E
:101D100081464FEA840105EB840708EB840AB2FB95
:101D2000F3F63AD3CDE900150022AC4640461346FF
:101D30005CF8041B05681FFA81FB06FB0B22090CEB
:101D40004FEA124B06FB01BB92B2A9B2891A1944A1
:101D50001FFA8BF3C3EB214303EB154389B241EA2E
:101D60000341674540F8041B4FEA1B424FEA2343F7
:101D7000DED2DDE9001558F8013073B9AAF1040A82
:101D8000D04504D307E0D04504F1FF3403D25AF81C
:101D90000439002BF7D0C9F810407146484603F0CB
:101DA00083F900282EDB4146002255F8040BD1F8B8
:101DB00000C01FFA80FE1FFA8CF3A3EB0E0313443E
:101DC000020CC2EB234202EB1C429BB243EA0243E9
:101DD000AF4241F8043B4FEA2242E6D258F82420B1
:101DE00008EB84036AB9043B434504D807E09845EF
:101DF00004F1FF3403D253F80429002AF7D0C9F8BC
:101E000010400136304603B0BDE8F08F002003B02B
:101E1000BDE8F08F2DE9F04FC569A1B0CDE90A32D8
:101E20008DED040B57EC106B04460291002D00F071
:101E3000A081296849B16A684A60012393408B6098
:101E400002F046FEE36900221A60B7F100092A9AFF
:101E5000B4BF012300231360B34BBCBF29F000497A
:101E6000CDF8149033EA090300F0A2809DED047BC5
:101E7000002251EC170B00238DED007B06F084FC53
:101E8000824668B10A9A012313602B9B13B12B9AE7
:101E9000A64B1360A64B0793079821B0BDE8F08FBF
:101EA0009DED000B1EAA1FA9204603F069FA5FEA08
:101EB00019581E9D099040F091801F9B05EB030867
:101EC00008F23243202B40F33B82C3F1400309FA6E
:101ED00003F908F2124326FA03F349EA030006F075
:101EE00071F9012208F1FF38A1F1F8731292194635
:101EF0000022904B06F028F885A3D3E9002306F0D2
:101F0000DBF985A3D3E9002306F020F80646404616
:101F10000F4606F067F982A3D3E9002306F0CCF957
:101F200002460B463046394606F010F806460F4684
:101F300006F072FC002281460890002330463946A4
:101F400006F02CFC002840F02181089EA5EB080536
:101F5000162E05F1FF3B00F2F780774B03EBC6032B
:101F6000D3E90023DDE9000106F018FC002840F069
:101F7000E181002D40F36B850F90B3440E960C90D9
:101F800000230D93029BE769092B3BD8052BC4BFA7
:101F9000043B0293029BA3F10203CCBF0025012561
:101FA000032B31D8DFE813F0F802F502EB02D5017C
:101FB0000A9AC9F3130942F20F7359EA060913602A
:101FC00019D12B9B002B00F04B875C4B07930833F8
:101FD0002B9A0798136021B0BDE8F08FDDE900016E
:101FE000C1F3130343F07F53A8F2FF38CDF848A0A4
:101FF00043F440137BE72B9B002B40F0A681504B12
:10200000079349E70023029300257D602946204677
:1020100002F01EFD0790002800F0B886E369079AD9
:102020001A601F9B002BC0F2BF80089A0E2A00F393
:10203000BB80414B03EBC20393ED007BDDE90089DC
:1020400057EC176B404632463B4649468DED027BC6
:1020500006F05CFA06F0E0FB054606F0C3F83246EF
:102060003B4606F029F90B4602464946404605F034
:102070006BFF05F13003079D05F8013B4FF0FF3A78
:1020800000944FF001095446DDE902AB1DE05246D1
:102090005B463046394606F039FA06F0BDFB80460D
:1020A00006F0A0F852465B4606F006F909F1010970
:1020B0000B4602463946304605F046FF08F130032C
:1020C000A14505F8013B00F048851E4B002206F0B3
:1020D000F3F80022002306460F4606F055FB0028C1
:1020E000D5D0089F009C0137AB460999204602F0E5
:1020F000EFFC00238BF800300A9B1F602B9B002B0A
:102100003FF4CAAE0798C3F800B021B0BDE8F08F25
:1021100061436F63A787D23FB3C8608B288AC63FED
:10212000FB799F501344D33F0000F07F71D4020825
:1021300070D402080000F83F80BE020894D702085D
:10214000A0D702080000244001230F93BBF1000F29
:10215000C0F2EA8000230C93089B002B80F2E18000
:102160000C9A089BD21A5B420D9300230C920E939B
:1021700008E7102000F022FF0246E061002800F08E
:102180006386C0E90055C0E902555EE6484606F0A0
:1021900029F832463B4606F0F7FA00287FF4D5AE20
:1021A00009F1FF330893D0E64FF0FF3A0B95CDF8D5
:1021B00058A0129A002A40F0F2811E9B0D9FC3F195
:1021C00036030C9A01212046D5189B4402F0B6FD37
:1021D0000C9A0646002A40F07C830D9B002B00F0F1
:1021E000F283002F40F0D6830D9A0999204602F021
:1021F00071FE012309900D930121204602F09EFDFE
:102200000E9B0090002B40F01F83029B012B40F39C
:1022100087830120584410F01F0000F0C881C0F1EE
:102220002003042B40F3B1830C9BC0F11C0003443A
:1022300005440C938344002D05DD09992A46204668
:1022400002F0C0FE0990BBF1000F05DD00995A466F
:10225000204602F0B7FE00900F9B002B40F0D88282
:10226000BAF1000F40F3AF820D9B002B40F0FC81D0
:10227000089F0137DDF81C80DDF824B0DDF8009000
:10228000012507E0594600230A22204602F044FCBB
:102290000135834649465846FFF726FD554500F16E
:1022A000300008F8010BEDDB079BCDF824B0BAF144
:1022B000000F0AF1FF3503F10102D8BF002505EB3D
:1022C000020A8146002509990122204602F07AFE81
:1022D0000099099002F0E8FE002840F37783079AFE
:1022E00002E0924500F07D83D3460AF1FF3A1BF8E5
:1022F000013C392BF5D001338AF800300099204693
:1023000002F0E6FB002E3FF4F0AE2DB1B54203D053
:102310002946204602F0DCFB3146204602F0D8FB7D
:10232000E3E69B440E932BE6C5F101030C934FF0BB
:10233000000B11E7089B013B089300230F9305E76F
:10234000C3F1200306FA03F0C9E5B84B0793033342
:102350003EE6012314930B9B089A134403F1010AF0
:102360005646012E1693B8BF0126172E40F36385FB
:10237000012204235B0003F11400B042114602F174
:102380000102F7D97960204602F062FB079000282D
:1023900000F0FC84E369BAF10E0F186000F20E81C0
:1023A000002D00F00B81089A002A40F35983A049C0
:1023B00002F00F0301EBC303D105D3E900674FEA35
:1023C000221540F1E8839B4BDDE90001D3E90823A6
:1023D00006F09CF8CDE9100105F00F054FF0030958
:1023E00085B1DFF85082EA0740F1DD80304639469A
:1023F000F8E8022305F060FF6D1009F101090646B7
:102400000F46F0D1DDE9100132463B4606F07EF87A
:10241000CDE910010F9B53B1DDE91067864B002217
:102420003046394606F0BAF9002840F0698448463B
:1024300005F0D8FEDDE9102305F03EFF7F4B0022BA
:1024400005F084FD0646A1F15077BAF1000F00F0C7
:10245000DB82089B1D93CDF85CA0754B17991C93EC
:10246000CDE91A6703EBC103DDE9105613ED027BDA
:10247000314628468DED187B06F0CEF900F1300389
:102480005FFA83F805F0AEFE0B4602463146284659
:1024900005F05AFD079B0F4614995D1C06461095E2
:1024A000002900F0B283DDE918236549002006F019
:1024B0002DF8DDE91A2305F047FD079B324683F826
:1024C00000803B46CDE9140106F086F9002840F073
:1024D0006B84DDF85C80CDF860B0CDF85CA04FF087
:1024E0000009DDE914AB10942BE009F10109C145A5
:1024F00080F2CB81534B50465946002205F0DCFE5A
:10250000504B002282468B463046394605F0D4FEB9
:102510000F46064606F080F9044605F063FE0246C3
:102520000B463046394605F00FFD303405F8014BB7
:1025300052465B4606460F4606F030F9002840F04A
:10254000328432463B463C49002005F0FDFC5246B1
:102550005B4606F023F90028C7D01D9E109C079A01
:10256000013602E0954200F0F383AB4615F8013DD9
:10257000392BF7D00133DBB22B703746B5E5012399
:1025800014930B9B002B40F3B3810B9E1696B2461F
:10259000EBE600231493DEE600231493F1E70D9F8E
:1025A00003F233430DE66D1008F108081BE71C2306
:1025B0000C9A1A441D440C929B443CE61F9B002B32
:1025C000C0F25881089A0E2A00F35481184B1C93CC
:1025D0001C9B089A03EBC20393ED007B0B9B002B23
:1025E0008DED027B80F2DE82BAF1000F00F3DA8219
:1025F00040F02382144B0022DDE9020105F05CFE6D
:1026000002460B46DDE9000106F0D2F851460028EB
:1026100040F01482DDF81CB031230BF8013B20465A
:1026200002F056FA089F02375FE500BFA0D7020804
:1026300080BE020870BF02080000F03F00001C408E
:102640000000E03F00002440000014403146002319
:102650000A22204602F060FA169B002B064640F341
:10266000E083DDF858A008950C9B002B05DD314672
:102670001A46204602F0A6FC06460E9B002B40F0B0
:102680005582B046079D05F1FF3B0BEB0A030C9307
:10269000049BDDF824B003F001030D930099584624
:1026A000FFF722FB31468246584602F0FDFC0099B6
:1026B00007464246204602F019FDC3680AF1300978
:1026C0000146002B36D10B90584602F0EDFC0B99D9
:1026D0000990204602F0FCF9099B002B58D1029B7F
:1026E0001BB90D9B002B00F08583002FC0F24B839C
:1026F0000C9BAA469D420AF8019B00F0778259463E
:1027000000230A22204602F007FA46458346314656
:102710004FF000034FF00A02204633D002F0FCF9DC
:102720004146064600230A22204602F0F5F95546A6
:102730008046B3E72046CDF824B002F0C9F9002F57
:1027400006DB049B03F00102029B1F433A432CD19A
:1027500009990122204602F035FC0099099002F007
:10276000A3FC002840F33883B9F1390F00F0F3825D
:102770000AF13109AB46089F0BF8019B354601373A
:102780004646BBE502F0C8F955460646804685E751
:10279000002FC0F20283029A17430D9A174300F0EC
:1027A000FC82002BA4DDCDF824B0B9F1390F00F084
:1027B000D282AB46089F09F1010335460BF8013B75
:1027C000013746469AE5029B022B7FF74DADBAF1E1
:1027D000000F40F08D81009953460522204602F0FB
:1027E0009BF901460090099802F05EFC002840F336
:1027F0007F81DDF81CB0009931230BF8013B2046A6
:1028000002F066F9089F0237002E7FF485AD6CE474
:102810000099099802F048FC0028BFF621AD00237A
:102820000999089D0A22204602F076F90D9B09902D
:10283000013D002B7FF40AAF169B002B40F3E6828C
:10284000089FDDF858A015E51A460146204602F01B
:1028500041FB029B0090012B40F35B8100230E9310
:10286000009A136902EB8303186902F0FDF9C0F1C5
:102870002000CFE4149A92B90C9B002B69D10D9BD8
:10288000002B77D11D461E46B6E41F9B109C002BE3
:10289000DDE917AB03DB089A0E2A7FF799AE029A9F
:1028A000012A7FF786AC0D9B0AF1FF37BB42C0F2CD
:1028B0000081BAF1000FA3EB070780F2A482012187
:1028C00020460C9D02F03AFAA5EB0A080646CDF820
:1028D0003080BBF1000F7FF780AC0C9A5A4513464D
:1028E000A8BF5B46D21AED1A0C92ABEB030B74E453
:1028F00000217960204602F0ABF80790002800F034
:102900004582E369079A1A60002D40F0FE801F9B04
:10291000002BC0F268820122169292460B9251E679
:10292000049B002B7FF475AC059BC3F31303002BB2
:102930007FF46FAC059B23F000431B0D1B05002BA0
:102940003FF467AC012301350BF1010B0E931846E0
:1029500060E4BBF1000F00F051810C9A0D9E5A45C6
:102960001346A8BF5B46D51AABEB030B0C95002EA4
:102970003FF442AC0D9A0999204602F0ABFA0023CD
:102980000C9D09900D931E4636E43FF454ACC0F103
:102990003C030DE631463A46204602F09BFADDF84C
:1029A000249001464A460646204602F0DDF9494693
:1029B0008046204602F08CF80D9BCDF82480DB1B6E
:1029C0000D937FF411AC01230D9315E403D119F09D
:1029D000010F7FF484ACD3461AF8013D302BFAD0B6
:1029E0008CE4079A31230137137087E4484605F0D9
:1029F000F9FBDDE9102305F05FFCBB4B002205F07D
:102A0000A5FA0646A1F15077B84B0022DDE9100186
:102A100005F09AFA32463B468046894605F0DCFED0
:102A2000002840F0A38140464946324607F1004362
:102A300005F0B4FE00283FF4C1AD0021204602F0AD
:102A400047F80B9BDDF81CB05F42FFF74EBBC5F1AA
:102A500001030C93089B0F909B460E93FFF790BACF
:102A600000F03A81089BA24A5D4205F00F0302EB99
:102A7000C303D3E90023DDE9000105F01DFC2D119E
:102A8000CDE9100100F0D3819A4E4FF00209EB0717
:102A90000CD5DDE91001F6E8022305F00DFC6D1000
:102AA000CDE9100109F10109F1D1B3E46D10083647
:102AB000EDE70D9B0E9AFB1A1A440C9B0E92012116
:102AC000204603EB0A0502F039F90C9B0D97D3441D
:102AD0000646002B3FF488AB0C9A5A451346A8BF14
:102AE0005B46D21AED1A0C92ABEB030BFFF77CBBE3
:102AF0000099204601F0ECFF0B9BDDF81CB05F4213
:102B0000002E7FF409ACFFF7F0BA1695AA460B9594
:102B100049E4049B002B7FF4A1AEDDE90412C2F36B
:102B20001303002B00F04A810E9199E6716820464C
:102B300001F08EFF0546002800F08B8133690233D7
:102B40009A0006F10C010C30FDF7BCFD294601226C
:102B5000204602F037FA804694E5009C02460B4678
:102B600005F0F4F9089FDDE90223013782468B4620
:102B70003E4605F031FE48B9DDE90223504659468C
:102B800005F002FE20B118F0010F01D0079AECE425
:102B9000AB46FFF7AABA9DED007B4FF002098DED21
:102BA000107B1DE4079B01331093DDE90056DDE93E
:102BB00002232846314605F0A9FC05F02DFE80468B
:102BC00005F010FBDDE9022305F076FB02460B461B
:102BD0002846314605F0B8F9079A109D08F13003F0
:102BE000BAF1010F13707FF44BAAB7E7089FCDF835
:102BF00024B0354601374646FFF765BB0D9E002ED3
:102C00007FF4B8AE0C9DFFF7F7BADDE91A23DDE9D2
:102C1000180105F051FB079B83F80080179B012BDF
:102C2000CDE9120123D0079B179ADDF8408003EB12
:102C30000209314B00223046394605F03DFB0F4674
:102C4000064605F0E9FD054605F0CCFA30350246AA
:102C50000B463046394605F077F908F8015BC84560
:102C600006460F46E5D1109B5D1E179B1D44DDE90E
:102C70001289224B00224046494605F067F9324648
:102C80003B4605F08BFD002840F0938042464B46C2
:102C90001A49002005F058F932463B4605F09CFDE4
:102CA00080B91F9B002BFFF6E7AD089B0E2B3FF76B
:102CB000E3AD1C9B089A03EBC20797ED007B8DEDFB
:102CC000027B72E7AB46013D1BF8013C302BF9D08B
:102CD0001D9F0137FFF709BA9DED007B4FF00209F8
:102CE0008DED107BFFF796BB00001C4000001440E8
:102CF00080BE020870BF0208000024400000E03FD0
:102D0000BAF1000F3FF472AE169D002D7FF756AC5E
:102D1000089B013B304639461D930022524B05F07B
:102D2000CBFA024616460F4609F10100CDE91067BD
:102D300005F058FA32463B4605F0BEFA4B4B0022EE
:102D400005F004F917950646A1F15077FFF785BB0A
:102D50000136312310E4AA46089F079A39233546E5
:102D60000AF8013B01374646FFF7BEBADDF81CB052
:102D700031230BF8013B0021204601F0A9FE089FFA
:102D80000237FFF7B2B9CDF824B0F3E4384B394835
:102D9000002240F2AF11FDF75DFD002BCDF824B00D
:102DA0003FF7D6ACE6E4109C1D9FAB460137FFF71A
:102DB0009CB91D9E079A0136FFF7D7BB059B23F0F0
:102DC00000431B0D1B05002B3FF449AD01230135CA
:102DD0000BF1010B0E9343E57FF4CCAC19F0010F1E
:102DE0007FF4C2ACC6E4149B4BBB012316939A46F6
:102DF0000B9341E5B9F1390FCDF824B0ABD0002FDA
:102E00003FF7B6ACB6E45346FFF7DBB9029A022AA5
:102E100003DC089F9A46FFF72DBA0895DDF858A005
:102E2000D5E4029A0895022AF8DC9A461CE44FF091
:102E30000209FFF7EFBA00217960FFF7A4BA149BEB
:102E40000B939A4616932EE50B4B0A48EF21FDF79C
:102E500001FD074B07482A4640F2EF21FDF7FAFC37
:102E6000064B0793FFF718B80000244000001C40F1
:102E7000E8D70208BCD70208A4D7020894D70208F2
:102E800038B50D46084C8446114628461A4600239C
:102E90002360654606F084FF431C00D038BD2368DC
:102EA000002BFBD02B6038BD1C060020002950D021
:102EB00038B551F8043C0C1F002BB8BFE418054688
:102EC00000F0A4FB274A13682BB1A3420CD9216858
:102ED000601883422CD0636028461460BDE83840F7
:102EE00000F096BBA3420FD81A465B68002BF9D1BD
:102EF00011685018844217D02CD363605460284660
:102F0000BDE8384000F084BB11685018A04214D0CE
:102F100020D8216860188342EFD118685B680844A4
:102F2000C4E900035460EAE723680B441360E6E752
:102F300018685B6808442060CDE720680144501899
:102F400083421160DBD1D3E900040144C2E90014DB
:102F5000D5E770470C232B602846BDE8384000F0C9
:102F600057BB00BF1806002010B4034CD4F8E04053
:102F7000A4465DF8044B60475000002049B1FF2A89
:102F800002D80A70012070478A2303604FF0FF3097
:102F900070470846704700BF38B5074D0022044609
:102FA00008462A6006F0CCFE431C00D038BD2B68D2
:102FB000002BFBD0236038BD1C060020024B0146CD
:102FC0001868FEF711BE00BF00000020024B01464A
:102FD0001868FFF76BBF00BF0000002038B50D4632
:102FE000084C8446114628461A460023236065464D
:102FF00006F0CEFE431C00D038BD2368002BFBD06A
:103000002B6038BD1C0600200000000000000000FE
:1030100000000000000000000000000000000000B0
:1030200000000000000000000000000000000000A0
:103030000000000000000000000000000000000090
:1030400030B490F800F020F007016FF0000C10F0A1
:10305000070491F820F040F048804FF000046FF032
:103060000700D1E9002391F840F000F1080082FA4E
:103070004CF2A4FA8CF283FA4CF3A2FA8CF34BBB19
:10308000D1E9022382FA4CF200F10800A4FA8CF292
:1030900083FA4CF3A2FA8CF3E3B9D1E9042382FA60
:1030A0004CF200F10800A4FA8CF283FA4CF3A2FA75
:1030B0008CF37BB9D1E9062301F1200182FA4CF2AD
:1030C00000F10800A4FA8CF283FA4CF3A2FA8CF314
:1030D000002BC6D0002A04BF04301A4612BAB2FA36
:1030E00082F200EBD20030BC7047D1E9002304F03B
:1030F0000305C4F100004FEAC50514F0040F91F870
:1031000040F00CFA05F562EA05021CBF63EA05030C
:1031100062464FF00004AAE7830730B546D0841812
:10312000844604E003F8011B9D0704D09C46A44597
:103130006346F7D130BD013A0244A2EB0C02032AE8
:1031400029D9CCB204EB04240F2A04EB04442FD970
:10315000A2F1100C2CF00F0C03F11005AC44C3E9E4
:103160000044C3E9024410336345F8D112F00C0F58
:1031700002F00F0E18D02EF0030C9C44AEF10405A3
:103180001A4642F8044B6245FBD125F00304043390
:103190000EF003022344002ACCD0C9B21A4403F82B
:1031A000011B9342FBD130BD7246F4E70346C6E7EC
:1031B0009646E0E78AB330B540EA0104A4078646A4
:1031C0000B4617D1032A07D814E0043A23D01CF089
:1031D000803F20D1032A26D9DEF80040194653F853
:1031E000045BA4F1013CAC4270462CEA040C0EF1E5
:1031F000040EEAD003780C78013AA34208BF1218F3
:1032000007D00CE06BB110F8013F11F8014FA34259
:1032100005D19042F6D1002030BD10467047181BF2
:1032200030BD184630BD70461946E3E72DE9F0473A
:10323000DFF8749007460E46904601F0A7FAD9F8D9
:1032400000504DB133781C466BB1344602E014F89F
:10325000013F3BB13D2BFAD1384601F099FA0020ED
:10326000BDE8F087A41B28680028F5D02246314627
:10327000FFF7A0FF28B92868035D3D2B00EB040A87
:1032800004D055F8040F0028F0D1E5E7D9F8003054
:10329000EB1A9B103846C8F8003001F079FA0AF1B1
:1032A0000100BDE8F08700BFC801002000B583B071
:1032B00001AAFFF7BBFF03B05DF804FB2DE9F04165
:1032C000144641B30AB306460D4603F0E1FB8442BF
:1032D000074602D8B4EB500F13D821463046FEF70C
:1032E00083FC804650B1BC422246294628BF3A465C
:1032F000FDF7E8F929463046FFF7D8FD4046BDE81E
:10330000F081A8464046BDE8F081A046FFF7CEFD1B
:103310004046BDE8F081BDE8F0411146FEF764BCCF
:103320009368013B002B936011DA10B49469A342B7
:1033300009DB0A2907D01368581C10601970084669
:103340005DF8044B70475DF8044B03F0FBBE136857
:10335000581C106019700846704700BF9BB1F8B543
:10336000134406460F46541E5D1E01E0AC4208D0D1
:1033700014F8011F3A463046FFF7D2FF431CF5D13F
:10338000F8BD0020F8BD0020704700BF936810B55D
:1033900014461BB918460023636010BD04F0B0F951
:1033A0000023A3600023636010BD00BF2DE9F04F30
:1033B0009FB00F4692461C46039018B1036A002B3B
:1033C00000F00881BB891D0740F18B803B69002B11
:1033D00000F0878000230B9343F22003ADF83130D7
:1033E0009AF800307D4D05940126002B72D0D1460D
:1033F00003E019F8013F002B7DD0252BF9D1B9EB63
:103400000A0B7BD199F80030002B63D000234FF0DA
:10341000FF32CDE9072309F10109069309938DF8DD
:103420005B301C9304E006FA03F313430693A146B2
:103430004C46052214F8011B284600F091F9A246DB
:10344000069A431B0028EED1D00644BF20238DF8F6
:103450005B30110799F8001044BF2B238DF85B30C7
:103460002A2961D1059B1968043300290593C0F20C
:103470008D80099199F801102E296BD058480322AC
:1034800000F06EF940B1564A069B801A40228240F5
:1034900013430AF1010A06931AF8011B51488DF8EB
:1034A0003010062200F05CF9002875D04E48002844
:1034B00065D005AA00924D4B03983A4606A9FDF740
:1034C00011FB421C06D00B9B03440B939AF800306F
:1034D000002B8CD1BB895B060AD40B981FB0BDE8CA
:1034E000F08F0398394600F0BDF800283FF472AF22
:1034F0004FF0FF30F2E7B9EB0A0BEBD00AF1FF38DF
:103500004446039818F8011F3A46FFF709FF0234B2
:103510000130A4EB0A04DDD0A345F1D80B9A99F849
:1035200000305A440B926FE7A1F13002092A88BF9C
:10353000CA46A1D8099B00E00134217803EB83033C
:1035400002EB4303A1F13002092AF5D92E29099390
:10355000A24693D19AF801102A2926D1059B9AF800
:1035600002101A6807920433002A0AF10200059338
:10357000B8BF4FF0FF338246B8BF07937EE7059B85
:10358000073323F00703083305939CE7494242F0D1
:103590000202099106926DE705AA0092134B039867
:1035A0003A4606A900F0ACFF8BE7A1F130020023F8
:1035B000092A07930AF1010A3FF660AF1AF8011FC2
:1035C00003EB830302EB4303A1F13002092AF5D98F
:1035D000079353E701F0C8F9F4E600BF80D702086B
:1035E00088D702088CD70208E50A00085D33000876
:1035F00010B4054C8446134620685DF8044B0A4617
:103600006146FFF7D3BE00BF00000020704700BF37
:10361000704700BF014B1868704700BF00000020D2
:103620000CB400B583B004AB53F8042B0193FFF73F
:10363000BDFE03B05DF804EB02B070470EB410B5E8
:1036400083B005AB064C53F8042B01930146206868
:10365000FFF7ACFE03B0BDE8104003B0704700BFF9
:103660000000002038B53D4B1B6805460C4613B1E1
:103670001A6A002A5AD0B4F90C3019070BD52269FE
:103680009AB113F0010221D19B075ABF6369A3606D
:10369000A260002038BDDA0658D558071CD422692C
:1036A00043F00803A381002AEBD1990528D5180619
:1036B00003F0800124D4D80741D49D073CD5A260F3
:1036C0000029E6D043F04003A38144E0636900226F
:1036D0005B42A260A361DCE7616B51B104F144027B
:1036E000914204D02846FFF7E1FBB4F90C300022E8
:1036F000626322690021C4E9002123F02403CFE79B
:103700002146284603F016FEB4F90C30226913F066
:1037100001010FD0616900204942A060A161002A27
:10372000B7D103F080010029B3D0CBE7184601F0F0
:103730001BF9A0E7980700D46169A160EFE7606911
:10374000A2604042A0610029A3D0BBE7092243F058
:1037500040032A60A3814FF0FF3038BD00000020F5
:1037600001F0FF01102A2BDB10F0070F08D010F832
:10377000013B013A8B422DD010F0070F42B3F6D136
:10378000F0B441EA012141EA014122F007047FF04F
:1037900000070023F0E80256083C85EA010586EAA6
:1037A000010685FA47F5A3FA87F586FA47F6A5FAE2
:1037B00087F68EB9EED1F0BC01F0FF0102F00702EE
:1037C00032B110F8013B013A83EA010313B1F8D199
:1037D0000020704701387047002D06BF354603387A
:1037E000073815F0010F07D1013015F4807F02BFB3
:1037F000013015F4C03F0130F0BC0138704700BF04
:103800002DE9F04F0C4687B0896805934B1EB3F540
:10381000AE7F0646904640F2A38127466FF4AE7015
:1038200057F81C3B01EB000C40F25D11A16043F422
:10383000F0634FF0000ACDE902AA236043463D46FB
:10384000B046D346D146CDF804A00A46CDF810C004
:103850001E4633681878A0F12B034E2B70D8DFE892
:1038600013F0D2006F00D2002C016F004F00530004
:1038700053005300530053005300530053005300B0
:103880006F006F006F006F006F006F006F00250109
:103890006F006F006F000A0103016F006F00F400FA
:1038A0006F006F006F006F00E5006F006F006F002A
:1038B0006F006F00DF006F006F006F006F00D900B6
:1038C0006F006F006F006F006F006F006F002501C9
:1038D0006F006F006F000A0103016F006F00F400BA
:1038E0006F006F006F006F00E5006F006F006F00EA
:1038F0006F006F00DF006F006F006F006F00D90076
:103900002368D90500F11F811BEB0A0318D19A46E1
:10391000236823F4C0732360D34605F8010BA26823
:10392000013A2369A260013323617368013B002BD4
:10393000736040F3CC80336801333360002A88D150
:10394000334646469846B9F1000F03D0236823F466
:10395000807323600BF1FF3BBBF1010F40F2D98074
:103960000AF1FF33062B21D8BAF1020F40F24B8146
:10397000BAF1030F1AD0AAF1040A5FFA8AF26FEAC9
:10398000020AAA44AB4604951546D4F87C311BF8CC
:10399000011D4246304698472369D34503F1FF3362
:1039A0002361F2D12A46049D013DAD1A2368D90551
:1039B0001A4620D55B0500F13781236915F8011CF3
:1039C000013B6529236105F1FF3A0DD045290BD054
:1039D000D4F87C31424630469847236915F8021CDA
:1039E000013B2361A5F1020A4246D4F87C313046FE
:1039F00098472268554612F0100200F0B980002066
:103A000007B0BDE8F08F2368190699D523F080032D
:103A1000236082E7BAF1070F92D14FF0080A7CE7E2
:103A2000BAF1060F8CD14FF0070A76E7BBF1000F11
:103A300040F08280B9F1000F00F0BA80BAF1010FB6
:103A40000DD0BAF1040F0AD07AE7BAF1000F4BD0CB
:103A5000BAF1030F03D0BAF1050F7FF471AF0AF189
:103A6000010A5FFA8AFA58E7BAF1020F7FF468AFE9
:103A70004FF0030A51E7236803F4A062B2F5806FA8
:103A800005D059057FF55CAFB9F1000F36D09A0526
:103A900004D4019AA9EB0202CDE9025223F4F063A7
:103AA00043F4C07323604FF0000936E7BBF1010F08
:103AB0007FF446AF4FF0020B2FE723689A057FF59E
:103AC0003FAF23F420732360CDF8049025E7D4F8AA
:103AD000803131464046984700287FF431AFA268D4
:103AE000002A7FF4B6AE2BE7B9F1000F6DD1236841
:103AF00003F4E062B2F5E06F00F0C9800BF1FF3B28
:103B00003346BBF1010F46464FF0000998463FF699
:103B100027AFAF420CD2D4F87C3115F8011D4246D4
:103B2000304698472369BD4203F1FF332361F2D148
:103B3000012007B0BDE8F08FBBF1020F7FF47EAF2C
:103B40004FF0030BE9E623F080032360049B09F1A7
:103B50000109002B3FF4E3AE049B013B0493E0E634
:103B600027464FF0000C57F81C3B43F4F06360E627
:103B70002A70236803F4C063B3F5806F33D0039BCE
:103B8000002B6FD139463046002202F0C9FD05985E
:103B900022680368950757EC106B03F1040129D5DF
:103BA00001601B6883ED000BE3680133E36026E7E7
:103BB000236803F4E062B2F5E06F7FF43FAF23F4D3
:103BC000F06323604FF0010BA7E633464646984664
:103BD00023680BF1FF3B23F48073BBF1010F2360DB
:103BE0003FF6E5AE95E7019B4B45CBD0A3EB090231
:103BF00002953FE012F0040F059A116024D01B6873
:103C000083ED000BD0E7BD4292D9D4F87C3115F892
:103C1000011D4246304698472369BD4203F1FF33F8
:103C20002361F2D1012084E7BD4281D9D4F87C31EF
:103C300015F8011D4246304698472369BD4203F1FD
:103C4000FF332361F2D173E71D6832463B463046AD
:103C5000394604F0CBFD00BB3046394604F024FE63
:103C60002860A1E702990A230131304603F02EFDB6
:103C7000039BC21A029904F26F13994224BF04F500
:103C8000B77302930298084903F0EAFA7AE723F43B
:103C9000F06323604FF0010A3FE6044800F082FB26
:103CA00085ED000A80E700BF0CD80208A0C2020818
:103CB00038B5C46B0CB1002038BD80210546FDF736
:103CC00093FF0246E86330B1031F7C3243F8044F90
:103CD0009342FBD1EFE74FF0FF3038BD30B51F29DD
:103CE00083B0054608D8C36B0C465BB153F824007B
:103CF00043F8242003B030BD162303604FF0FF309B
:103D000003B030BD80210192FDF76EFF019AE86398
:103D100003460028F2D0011F00F17C05002041F885
:103D2000040FA942FBD1E1E71F2938B505461ED88B
:103D3000C26B0C466AB152F8213053B1012B06D048
:103D4000591C10D0002142F824102046984700202A
:103D500038BD284601F034FC224601462846BDE81D
:103D6000384001F017BC16230360012038BD16232C
:103D700003604FF0FF3038BD1F2929D8C26B38B51A
:103D80000C4605469AB152F8243053B1591C0CD058
:103D9000012B08D00025204642F824509847284699
:103DA00038BD012038BD032038BD022038BD802138
:103DB000FDF71AFF0246E86338B1031F00217C308B
:103DC00043F8041F8342FBD1DDE74FF0FF3038BDDD
:103DD0004FF0FF30704700BF38B5134B1F281D68E8
:103DE0001DD8EA6B044662B152F820304BB1012B6A
:103DF00005D0591C0FD0002142F820109847002010
:103E000038BD284601F0DCFB224601462846BDE8C5
:103E1000384001F0BFBB16232B60012038BD1623AC
:103E20002B604FF0FF3038BD00000020114B1F28E1
:103E300070B51E6808D8F36B04460D464BB153F8B5
:103E4000240043F8245070BD162333604FF0FF3038
:103E500070BD80213046FDF7C7FE0346F0630028A1
:103E6000F4D0021F00217C3042F8041F8242FBD1B3
:103E7000E5E700BF0000002038B50B4B1D68EC6B78
:103E80000CB1002038BD80212846FDF7ADFEE86367
:103E900038B1031F00F17C0243F8044F9342FBD179
:103EA000EFE74FF0FF3038BD0000002038B5164B6B
:103EB0001F281D6825D8EA6B04469AB152F82430B1
:103EC00053B1591C0CD0012B08D00025204642F8D4
:103ED00024509847284638BD012038BD032038BDFE
:103EE000022038BD80212846FDF77EFE0246E863A9
:103EF00038B1031F00217C3043F8041F8342FBD1FB
:103F0000DCE74FF0FF3038BD0000002038B54B1C17
:103F10001AD09389144623F020035268A381636B5F
:103F2000CDB2A3B1A36B934209DD23685A1E226070
:103F300003F8015C636801336360284638BD21469D
:103F400003F082FA0028F0D04FF0FF35F5E723693F
:103F500021682BB18B4203D211F8013CAB420ED049
:103F60002346C4E90F1204F1440003226063A263F4
:103F700003F8465F0122C4E90032284638BD013902
:103F80000132C4E90012D8E710B50C46496B69B19B
:103F900004F14403994201D0FEF788FF236C63606B
:103FA0000020606313B1E36B236010BDA289236915
:103FB000002142F020026160A2814FF0FF30F3E760
:103FC0002DE9F04FADF5277D44AD174603931378E7
:103FD0000022CDE94722874AC5F87C210DF1100B5C
:103FE000854AC5F880210DF10C0AC5F814B09BB1C3
:103FF000DFF80C9219F8032012F0080280460C46F4
:1040000007F101062ED1252B48D06268002A08DD71
:1040100022681178994212D0E8680DF5277DBDE835
:10402000F08FD5F880210193214640469047019BAF
:10403000002840F00881226811789942ECD1636829
:10404000013B63602B6901320133226037462B61EB
:104050003B78002BE0D019F8032012F0080207F19A
:104060000106D0D062680EE023681A7819F80220A1
:10407000110703F101030FD562682969013AC4E908
:10408000003201312961002A21464046ECDCD5F896
:10409000803198470028E7D03746D9E7AA602A60E0
:1040A00079782A2903D110222A60B978BE1CA1F19F
:1040B0003002092A0DD8002202EB820201EB4201F4
:1040C000A1F13002AA6016F8011FA1F13000092801
:1040D000F2D94A4801930322FFF742FB019B38B112
:1040E000464A2968801A012282400A4301362A6022
:1040F000374617F8012B782A00F28480DFE812F0A7
:10410000A900820082008200820082008200820078
:10411000820082008200820082008200820082008F
:10412000820082008200820082008200820082007F
:10413000820082008200820082008200820082006F
:1041400082008200820082008200170182008200C9
:10415000820082008200820082008200820082004F
:10416000820082008200820082008200820082003F
:10417000820082008200820082008200820082002F
:1041800082008200820082008200CA00CA00CA0047
:10419000820082008200820082008200820082000F
:1041A00082008200820082008200820082008200FF
:1041B000CD0082008200E70082008200820082003F
:1041C000820082008200F200E200CA00CA00CA0037
:1041D0008200E4008200820082008200F90009016E
:1041E0000D018200820014018200E2008200820040
:1041F000CD0000BF0D3F0008893F000888D70208A6
:104200006DBD02080323AB610A236B606368002B5A
:1042100050DD2B68580625D5AB69022B40F3898009
:10422000042B40F38D804A4B002B3FF411AF5346D3
:10423000224629464046FFF7E3FA01283FF4ECAE58
:1042400002287FF405AFE86818B1A3895B067FF503
:10425000E4AE4FF0FF30E0E6D5F8803140469847B5
:104260000028F0D12268137819F803301907D3D544
:1042700063682969013B481C002B21462861636063
:1042800002F10102E8DD2260137819F80330190702
:10429000C2D5EDE70523AB61B8E72B6843F40073A3
:1042A0002B6010236E2A6B6035D80323AB616368E3
:1042B000002BAEDCD5F880312146404698470028D7
:1042C000A7D0C0E70A23EDE700236B60EDE739468E
:1042D000584600F071FB2B6843F040032B60074603
:1042E0000123E3E72B6843F040032B600023AB611D
:1042F0008CE72B68DA063FF5ABAEDAF800202969C7
:10430000101DCAF80000DB0713684CBF1980196044
:104310009EE608236B600423C8E72B6843F4087308
:104320002B6010236B60F6E70223AB616EE73E461D
:104330006BE6534622462946404603F053FB7CE792
:10434000534622462946404603F0B4FB75E700BFBA
:104350000138000870B50F4B0F4DAB42A3EB0506BB
:1043600007D0B610002455F8043B01349847A64204
:10437000F9D827F08BFC094D094B5E1BAB424FEA85
:10438000A60606D0002455F8043B01349847A642FF
:10439000F9D870BD28B2030828B2030828B2030870
:1043A0004CB203089FED010A704700BF0000C07FB8
:1043B00038B50D46084C8446114628461A46002357
:1043C0002360654618F086FD431C00D038BD236885
:1043D000002BFBD02B6038BD1C0600202DE9F84FC8
:1043E00092461F460A698B68DDF828909A42B8BF4A
:1043F0001A46CAF8002091F843300C46064613B11D
:104400000132CAF80020226891065CD5DAF8003043
:104410000233CAF80030226812F0060F11461DD18F
:10442000E1689942D8BF114618DD4FF0000804F149
:10443000190B05E0E568DAF80030ED1A45450CDDAA
:1044400001235A4639463046C847013008F1010871
:10445000F0D14FF0FF30BDE8F88F216894F8433079
:10446000003B18BF01238A060AD5E1181A463020FE
:1044700081F84300224494F8451082F84410023336
:1044800004F1430239463046C8470130E1D0236881
:10449000A268216903F00603042B1BD08A4224DDA5
:1044A0004FF00008521A90441A34002501E04545A7
:1044B0001BDA0123224639463046C847013005F150
:1044C0000105F4D1C5E712F0060F11D0003B18BF6B
:1044D0000123D5E7DAF80000E3688A42A3EB000382
:1044E00023EAE378DEDC002BDEDC0020BDE8F88F79
:1044F000E168DAF800309942D8BF114695DCADE7A3
:104500002DE9F047174684B00A7E0C9D0C460646FE
:10451000984601F1430C002A35D0A2F15803D9B2D4
:10452000202969D8202B67D8DFE813F0E500660062
:10453000660066006600660066006600660066004B
:104540006600AB00700066006600660066007000E2
:10455000660066006600660021008200C5006600F5
:104560006600B5006600820066006600EB002B68FE
:1045700022686169181D286010061B6802D4520663
:1045800000F1DF8019600023E1462361CDF800804F
:104590003B4603AA21463046FFF720FF013020D0DA
:1045A00023694A4639463046C047013019D023684E
:1045B000E068DDF80C909B0718D5484516DD00250E
:1045C00004F1190A04E0E068A0EB0903AB420DDD39
:1045D0000123524639463046C047013005F10105F6
:1045E000F1D14FF0FF3004B0BDE8F0874845B8BFC7
:1045F000484604B0BDE8F08784F84220012004F169
:1046000042090023206184F84330BFE72A68236809
:10461000111D1806296002D4590600F19480126811
:104620001146002AC0F2938056484FF00A0E13E05C
:1046300020682B6810F0800F53F8041B02D140064D
:1046400048BF89B26F2A4F482B6000F08F804FF02F
:104650000A0E002384F843306268A260002A52DB0D
:10466000236823F00403236000294CD1002A40F082
:104670008280E146BEF1080F56D0ACEB09032361FE
:1046800084E72B681A6804332B6004F1420984F82C
:1046900042200120B5E72B686268191D2960D3F814
:1046A000009000214846FFF75BF8002861D0A0EB9E
:1046B00009006060A5E7236843F0200323607822A7
:1046C000314884F845202A6813F0800F52F8041B03
:1046D00003D113F0400F18BF89B22A60DA0744BF34
:1046E00043F02003236019B9236823F020032360DB
:1046F0004FF0100EADE7582384F845302148236869
:10470000E1E72368DBE77546E146B1FBF5F305FB1E
:10471000131A0A46AA4210F80A1009F8011D194690
:10472000F3D2BEF1080FA8D12368DD07A5D56268D2
:1047300023699A42A1DC302309F8013C09F1FF39D1
:104740009BE719801FE7B2F900100A4669E7626823
:10475000A2602D20002A84F8430002DB23F004032A
:1047600023600A2507484942AE46CDE74FF0080EC0
:104770006FE7606845E7037884F8423004F1420946
:1047800078E700BF24C1020814D80208704700BFB0
:10479000704700BF00207047024A0349034802F0F7
:1047A00081BD00BFBC0100200D6A0008040000208C
:1047B0000C4B4168994210B5044601D002F026F92D
:1047C000A168094B994202D0204602F01FF9E16826
:1047D000064B994204D02046BDE8104002F016B9BD
:1047E00010BD00BF2006002088060020F006002033
:1047F000002070472DE9F8432A4C2B49DFF8BC9084
:10480000DFF8BC80294FC4F83811002504230822A2
:10481000294604F15C00264EE360C4E90055C4E972
:104820000455A5606566A561FEF776FC214B6367BC
:104830000822294604F1C400C4E90849C4E90A87EA
:10484000C4E91A55C4E91E552567C4F8CC50C4F80C
:1048500080502663FEF760FC174BC4F8DC30294615
:1048600004F16803082204F59670C4F88830C4E99E
:104870002398C4E92576C4E93455C4E93855C4F809
:10488000D850C4F83451C4F8E850FEF745FC04F1A0
:10489000D003C4E93D98C4E93F76C4F8F030BDE8E0
:1048A000F88300BF2006002099470008BD170008C4
:1048B000E117000809000100120002005517000866
:1048C0007D170008F8B5254BD3F838310646002B84
:1048D0003CD0234FD7E90134013B04D51DE05A1CDD
:1048E00004F1680419D0B4F90C50013B002DF6D145
:1048F0001C4BE360C4E90155C4E9045565662560B5
:10490000A5610822294604F15C00FEF705FCC4E914
:104910000D55C4E912552046F8BD3D680DB12F462E
:10492000D8E74FF4D6713046FDF75EF9044680B102
:104930000423C0E900530C302946A0604FF4D07224
:104940002546FEF7E9FB3C602F46C3E7FFF752FF21
:10495000BFE70C2338603360DDE700BF200600208E
:10496000BC0100200100FFFF036A03B17047044B44
:10497000044AD3F838310262002BF7D13AE700BF7E
:1049800020060020B1470008704700BF704700BFF5
:10499000024A0349002002F085BC00BFBC01002090
:1049A00095470008024A0349002002F07BBC00BF83
:1049B000BC010020F147000870B50C785E2C8646DB
:1049C00024D00023481C9C46002263F3070263F3B3
:1049D0000F2263F3174263F31F620EF58071734673
:1049E00043F8042B8B42FBD174B18CF001010EF81B
:1049F0000410451C15F8013C2D2B0ED05D2B0AD060
:104A00001BB11C462846F2E7013870BD01234C78E3
:104A1000881C9C46D8E7284670BD90F801C0BCF1C0
:104A20005D0FEED06445ECDC661C02300EEB060236
:104A300002F8011BA2EB0E03013B9C45F8DCACEB3A
:104A40000403013B6445A8BF002302359C19D1E74C
:104A500070B5C66905460C465EB1F368A3B153F85C
:104A60002400E8B1026843F824200023C0E903339E
:104A700070BD1020FEF7A2FA0646E861E8B10023F7
:104A8000C0E90033C0E9023321220421284602F0A4
:104A90003DFCEB69F060DB68002BE0D1002070BDCD
:104AA000012101FA04F6721D9200284602F02EFC44
:104AB0000028F3D0C0E90146D7E7034B034832464C
:104AC0006B21FBF7C7FE00BFA4D7020828D8020855
:104AD00070B5C66905460C464EB13CB1EB696268DB
:104AE000DB6853F82210216043F8224070BD10208B
:104AF000FEF764FA0246E86120B1C0E90066C0E949
:104B00000266EAE7024B03488F21FBF7A3FE00BFD2
:104B1000A4D7020828D802082DE9F0410D690746FC
:104B20000E461C4601F1140E0020DEF800108BB278
:104B300002FB03434FEA134C090C02FB01CC01308A
:104B40009BB203EB0C4385424EF8043B4FEA1C44F6
:104B5000EBDC3CB1B368AB4207DD06EB8503013506
:104B60005C6135613046BDE8F081716838460131DD
:104B7000FFF76EFF804690B13269023206F10C01F8
:104B800092000C30FBF79EFD314638464646FFF753
:104B90009FFF06EB850301355C613561E2E7034B5E
:104BA00003484246BA21FBF755FE00BFE8D702088A
:104BB00028D802082DE9F8431746284A1E4608332C
:104BC0000C46092E82FB03124FEAE3730546C3EB42
:104BD00062033ADD4FF0010C00214FEA4C0C6345B3
:104BE00001F10101F9DC2846FFF732FF014670B3FD
:104BF000089B4361092F4FF00103036112DC0A3463
:104C00000927BE420BDDF61B264414F8013B0A229D
:104C1000303B2846FFF780FFB4420146F5D10846F5
:104C2000BDE8F88304F1090804EB0709444614F8C9
:104C3000013B0A22303B2846FFF76EFF4C450146F8
:104C4000F5D1B844A8F10804DBE70021CBE70A4618
:104C5000034B0448D321FBF7FDFD00BF398EE33839
:104C6000E8D7020828D80208B0F5803F034636BFCF
:104C7000030400201020B3F1807F3CBF1B020830EA
:104C8000B3F1805F06D3B3F1804F0FD29A0012D4F4
:104C9000033070471A01B2F1804F00F1040006D2D0
:104CA0009B0108D45B00F3D4202070471A46002AE9
:104CB000FBDB013070470230704700BF03685907C3
:104CC000024607D0D8071DD499072AD55B08136080
:104CD0000120704799B279B91B0CD9B2A1B110204B
:104CE000190701D104301B09990712D0D90701D443
:104CF00001305B0813607047D9B241B1180718D171
:104D00000420F0E70020704718201B0AE8E708207D
:104D1000FBE713F0040F4FEA930106D002300B4675
:104D2000E8E79B08136002207047DB0804D12020CD
:104D30007047DB080320DDE70330DBE710B50C46E6
:104D40000121FFF785FE024618B10123C0E90434B2
:104D500010BD034B034840F24511FBF77BFD00BF3C
:104D6000E8D7020828D802082DE9F04FD1F81080C2
:104D70001569A84585B00E46924605DB2A4653467E
:104D800045468A4690461E46DAF80830DAF804109E
:104D900005EB0804A342B8BF0131FFF759FE844672
:104DA000002800F08C8000F1140707EB840E774593
:104DB00005D23B46002243F8042B9E45FBD814360F
:104DC00006EB88080AF11409464509EB850567D208
:104DD000A5EB0A03153B0AF1150A23F00303AA45C4
:104DE00094BF9B464FF0000BCDF808E00394AE460D
:104DF000E24605E0090C2BD1B04507F104074CD978
:104E000056F8041B8DB2002DF4D0CC463C4600234E
:104E100001965CF8040B216886B28AB2000C05FB8F
:104E20000622090C1A4405FB001101EB124192B253
:104E300042EA0142E64544F8042B4FEA1143E8D820
:104E400007EB0B02019E536056F8041C090CD3D0EB
:104E50003B68002248461D463C469446028801FBBA
:104E600002C202EB15429BB243EA024344F8043B00
:104E700050F8043B25684FEA134CABB201FB0C33EE
:104E800003EB124386454FEA134CE7D807EB0B02BE
:104E9000B045536007F10407B2D8DDE902E4D44617
:104EA000002C02DC05E0013C03D05EF8043D002B41
:104EB000F9D06046CCF8104005B0BDE8F08F034B48
:104EC000034862464FF4B171FBF7C4FCE8D702080F
:104ED00028D802082DE9F04312F0030383B01446EA
:104EE000074634D10E46A4102CD0FA69002A37D0D8
:104EF0009568002D3FD004F001034FF000086410C6
:104F00003BB92868A0B1054604F001036410002BEA
:104F1000F7D031462A463846FFF726FF314681460C
:104F20003846FFF7D5FD74B128684E460028EAD10F
:104F30002A4629463846FFF717FF2860C0F8008048
:104F40000546E1E7B146484603B0BDE8F083013BC2
:104F5000184A52F823200023FFF7DEFD0646C2E779
:104F60001020FEF72BF80246F861E0B10023C0E9FB
:104F70000033C0E90233012138460192FFF768FD92
:104F8000019A054640B1012340F27121C0E9043184
:104F9000002390600360AEE7074B08482A4640F2C2
:104FA0004511FBF757FC064B044840F2B311FBF7E1
:104FB00051FC00BF70BE0208E8D7020828D80208DA
:104FC000A4D702082DE9F0470D4691462B694968A0
:104FD00003EB6218AB6808F101049C4207464FEAF4
:104FE000621A04DD5B009C4201F10101FADC3846E3
:104FF000FFF72EFD064600284AD0BAF1000F00F157
:1050000014000BDD0AF1050206EB820203460021C3
:1050100043F8041B9342FBD100EB8A00296905F198
:10502000140319F01F0903EB810129D0C9F1200EE7
:1050300084464FF0000A1A6802FA09F242EA0A02AC
:105040004CF8042B53F8042B994222FA0EFAF2D8AA
:105050004B1B153B23F0030305F11502914238BFAA
:105060000023043340F803A0BAF1000F00D14446F6
:10507000384634612946FFF72BFD3046BDE8F087FE
:10508000043853F8042B40F8042F9942F9D8EEE77E
:10509000034B044832464FF4EF71FBF7DBFB00BFD4
:1050A000E8D7020828D802080B6984460069C01AAC
:1050B00016D10CF1140C14310CEB830210B401EB7B
:1050C000830301E0944508D252F8044D53F8041DBF
:1050D0008C42F7D005D24FF0FF305DF8044B70479B
:1050E000704701205DF8044B704700BF2DE9F04F79
:1050F00013690E69F61A002E83B08946154614D13D
:1051000001F1140702F1140101EB830107EB8303A2
:1051100001E09F427ED253F8044D51F8042D944291
:10512000F7D080F08480012603E0FCDB00260D46EA
:1051300091466968FFF78CFC0146002800F08480E6
:105140002F69C660D9F8100005F1140B05F11002A3
:1051500001F1140A09F1140505EB80000BEB870E31
:10516000D0460023CDF804B0944655F8046B5CF8A3
:10517000042F1FFA86FB94B2A4EB0B041C44330CDF
:10518000C3EB124303EB2443A4B244EA0344A84212
:1051900048F8044B4FEA2343E7D82646A0EB09041E
:1051A000153CDDF804B024F0030409F11509484565
:1051B00038BF00240BEB0402043204EB0A059645C9
:1051C00005F10404104636D9AAEB0B0A00EB0A0CD1
:1051D00050F8045B13FA85F62B442D0C05EB26459D
:1051E0009BB243EA05468645CCF800604FEA25436A
:1051F000ECD80EF1FF339B1A23F00303234426B9A6
:1052000053F8042D013F002AFAD008460F6103B07D
:10521000BDE8F08F0021FFF71BFC014668B10122B9
:105220000023C0E90423084603B0BDE8F08F2B46F5
:105230004D4699467DE72B46E1E70A46064B07486F
:1052400040F23721FBF706FB0A46034B034840F2C6
:105250004521FBF7FFFA00BFE8D7020828D802086B
:1052600082B08DED000B164B019A1340A3F15073E1
:10527000002B06DD00221946104641EC100B02B04F
:1052800070475B42B3F1A07F4FEA235209DA4FF433
:105290000023134100221946104641EC100B02B0C6
:1052A0007047A2F114031E2BDABF4FF00042DA4020
:1052B000012200231946104641EC100B02B0704742
:1052C0000000F07FF8B5046900F1140606EB8404D1
:1052D000271F54F8045C2846FFF7C6FCC0F12003E2
:1052E0000A280B6033DDBE42A0F10B0119D254F83D
:1052F000080C21B3C1F120078D4020FA07F21543B5
:105300008840A4F1080145F07F538E4243F44013D6
:1053100019D254F80C1CF9400843024643EC102BF8
:10532000F8BD0B280AD005FA01F141F07F530020A7
:1053300043F44013024643EC102BF8BD002045F027
:105340007F5343F44013024643EC102BF8BDC0F1E9
:105350000B0C25FA0CF1BE4241F07F5338BF54F8D4
:10536000081C00F1150034BF21FA0CF1002105FAE8
:1053700000F0084343F44013024643EC102BF8BD01
:105380002DE9F0430E4683B0012159EC108B1546F0
:10539000FFF75EFB0446002844D0C9F30A57C9F35F
:1053A00013030FB143F480130193B8F1000313D139
:1053B00001A8FFF783FC019B63610121203021617B
:1053C0000FB3A7F233470744C0F1350037602860B8
:1053D000204603B0BDE8F08368460093FFF76EFCFB
:1053E000DDE9002330B1C0F1200103FA01F1C3402F
:1053F0000A430193002B0CBF012102216261A361CA
:105400002161002FDDD104EB8103A0F23240306036
:105410001869FFF729FCC0EB41102860204603B053
:10542000BDE8F083034B0448224640F20F31FBF7FE
:1054300011FA00BFE8D7020828D802082DE9F04386
:1054400083B0884669468146FFF73CFF01A9404684
:1054500055EC104BFFF736FFD8F81030D9F8102074
:10546000D21ADDE900315B1A03EB4213002B59EC31
:10547000108B0DDD05EB03573D4642464B4620465B
:10548000294603F043F841EC100B03B0BDE8F0836C
:10549000C3EB033309EB03518946EEE7172870B5D8
:1054A00006460CDD0A490B4D0020002422462B46FF
:1054B00002F002FF013EF9D141EC100B70BD064B2A
:1054C00003EBC003D3E9040141EC100B70BD00BF36
:1054D0000000F03F0000244070BE0208013949116D
:1054E00001F1010C116902F1140303EB81018B42FC
:1054F00000EB8C0C16D210B5A0F1040E53F8044B3F
:105500004EF8044F9942F9D8891A153921F0030150
:1055100004300844844504D9002340F8043B844502
:10552000FBD810BD844505D9002340F8043B8445D1
:10553000FBD87047704700BF03694A11934200F1DE
:10554000140009DA00EB830302E053F8042DAAB932
:105550008342FAD80020704700EB8203F8DD11F097
:105560001F01F5D010B450F8224024FA01F28A400D
:10557000944209D001205DF8044B70470120704728
:1055800053F8042D002AF5D18342F9D800205DF8A4
:10559000044B704770B50C46084D03460026204664
:1055A00011461C462E6004F0EBFB431C00D070BD7E
:1055B0002B68002BFBD0236070BD00BF1C060020B1
:1055C00004F0CEBB000000002DE9F04F2DED028B62
:1055D0009DB0894600210692189100220021CDE954
:1055E000041283464A461792904612F801ABBAF16C
:1055F0002D0F5FD801A151F82AF000BF3F580008D5
:10560000B5560008B5560008B5560008B55600084E
:10561000B5560008B5560008B5560008B55600083E
:10562000E7550008E7550008E7550008E75500086A
:10563000E7550008B5560008B5560008B5560008ED
:10564000B5560008B5560008B5560008B55600080E
:10565000B5560008B5560008B5560008B5560008FE
:10566000B5560008B5560008B5560008B5560008EE
:10567000B5560008B5560008B5560008E7550008AD
:10568000B5560008B5560008B5560008B5560008CE
:10569000B5560008B5560008B5560008B5560008BE
:1056A000B5560008B55600081B5B0008B556000843
:1056B000355B000800220792BAF1300F00F08380BA
:1056C00000230893BAF12F0F564640F22985002790
:1056D00040463D463C4618E0082CC8BF07EB87070C
:1056E00000F10100C8BF0AEB470A1790C8BFAAF132
:1056F000300790F800A0D8BFA3F13005BAF12F0F02
:1057000004F10104564640F3A98005EB8503BAF184
:10571000390F0AEB4303DFDDB1490122FDF74AFDF2
:10572000002867D11798431C1793417818460A46FA
:10573000002C40F0ED80302A08BF034640F0F4858D
:105740001946013317931A78302AF9D0C0F10100B5
:105750000144A2F13100082800F2D28101311291F6
:10576000303A98464FF0000A012405EB850502EB1C
:1057700045050021013317931878A0F13002092A5A
:1057800001F1010600F29884002A00F0A88712981F
:10579000012E3044129000F0A08704F1010C604605
:1057A00006E075000130061B013EB14240F3A784BC
:1057B000461E082E05EB8506F3DD1028DCBF07EB3F
:1057C00087077F00EEE798F8012002F0DF02582AF1
:1057D00018BF434600F033840133179393F800A0B9
:1057E000BAF1300FF8D09846BAF1000F0ED001236D
:1057F000089367E7BAF1650F19D0BAF1450F16D0D3
:10580000002C31D1089B002B00F0C0809FED728BE3
:10581000069A0AB1179B1360079BB3B118EE901A52
:1058200018EE102A01F1004343EC182B0DE0002C78
:105830007CD1A2461294089B002B40F0FF829FED82
:10584000668B069B0BB1C3F80090B0EE480AF0EEF1
:10585000680A1DB0BDEC028BBDE8F08F60490122E3
:10586000FDF7A8FC00284FD0284602F0ABFC092C1D
:10587000CDE9040140F3E7820023102CA1460993EF
:10588000A8BF4FF01009A2460C931293554B03EB9F
:10589000C90353E9122302F00FFD024638461646AB
:1058A0000F4602F08FFC02460B463046394602F0A6
:1058B0004DFB0F2CCDE9040100F3B280099B002BB6
:1058C00000F0C182099B40F3A782162B40F37C8431
:1058D000099AC4F125039342C0F2A280414DC4F15C
:1058E0000F0405EBC401DDE90423D1E9000102F056
:1058F000E3FC099B1C1B05EBC405D5E9002302F062
:10590000DBFC41EC180B83E7179A531C1793517873
:10591000A1F13000092800F2E8800246002800F0DA
:10592000C4860121A246A4461291EAE30021179BF6
:105930001291A2468E465A1C17925E782B2E00F0CA
:10594000D1802D2E00F0C88000220992A6F1300CE3
:10595000BCF1090F39D8302E179A40F0F08001328F
:1059600017921678302EFAD0A6F13100082840F2AE
:10597000E48000220C92002C3CD1089A0A437FF468
:1059800045AFBEF1000F40F053849946692E00F0F8
:105990002E8400F32784492E00F029844E2E7FF4B4
:1059A0004EAF114917A802F099F900283FF447AF0C
:1059B000179B1B78282B00F087850C4802F090FA83
:1059C000B0EE408AF0EE608A22E7002217930C9234
:1059D000D1E700BFAFF3008000000000000000002E
:1059E00008D8020880BE020864D80208A0C20208D3
:1059F00000230C93129A0C9BBAF1000F08BFA24629
:105A00009B1A102C28460993A146A8BF4FF01009F5
:105A100002F0D8FB092CCDE904013FF737AF4DE781
:105A2000099BA4EB09099944B9F1000F40F3AF8039
:105A300029F00F0719F00F0940F05283B7F59A7F4C
:105A400000F3EB83102FDFF890E14FEA271600F008
:105A50006185DDE904234FF0000C08957746E146A7
:105A6000754616F0010F1046194607D0D7E90023F6
:105A700002F022FC4FF0010C02460B467610012E7C
:105A800009F1010907F10807EBD1AE46089DBCF109
:105A9000000F01D0CDE90423059BA3F154730EEB55
:105AA000C9010593DDE90423D1E9000102F004FCFA
:105AB000464BCDE904010B400A4645498B4200F2B2
:105AC000AC83A1F580118B4240F2C284414B4FF070
:105AD000FF32CDE904235CE0012209929A1C17925F
:105AE0009E7833E700220992F8E701F0DF014529AB
:105AF0007FF4BAAE0021A24612914FF0010E1AE7D0
:105B000002F0DF02452A7FF481AE4FF0000ACDF8A3
:105B100048A054464FF0010E0DE70022079208F10D
:105B20000102179298F801A0BAF1000F3FF487AE76
:105B30009046C1E501220792F1E7A6F1300C501C16
:105B4000179056782F2E40F3008381460C9208E080
:105B50000130179099F801602F2EA2F1300C06DD6C
:105B600081460CEB8C02392E06EB4202F0DD0C9ADA
:105B7000801A082840F3E98244F61F620C92099AC1
:105B8000002A3FF4F8AE0C9A52420C92F3E640F031
:105B9000E482002308930095234652464146584626
:105BA000FFF708F8002800F03883129B0C9A9B1A24
:105BB000099A002AA8BF002312934FF0000822EA96
:105BC000E2731393C2468146E8E000BF0000F07F15
:105BD0000000A07CFFFFEF7F70BF0208D21A1F2ACF
:105BE000A4EB020400F3A081012393400E93002351
:105BF0001093089B25443444A6421D443346A8BF55
:105C00002346AB42A8BF2B46002B02DDE41AED1A57
:105C1000F61A129B002B00F32981002C00F342811D
:105C2000099B002B00F37681002D00F36581002E87
:105C300008DD514632465846FFF7C4F9824600282F
:105C400000F0638118993A465846FFF74FFA8046AC
:105C5000002800F05A810023C268C36051460C92AC
:105C6000FFF722FA0028C0F2F883059E00F09C831B
:105C700051464046FFF7E2FB55EC104B00224FF037
:105C800080432046294602F093FD002800F0DE8084
:105C90000C9B002B40F05581049B002B40F0FD81B4
:105CA000C6F31303002B40F09981AF4B002220462E
:105CB000294602F073FD002840F04683AB4B0022DA
:105CC0002046294602F0F8FA0A460146CDE91012AC
:105CD00002F100430A900B93A54CA64BDDE90A1292
:105CE00006EA04059D42CDE90E1200F04B81089BA7
:105CF00033B3B5F1D46F23D895A3D3E90023DDE9FD
:105D0000100102F055FDB0B1DDE9100102F0ACFD6B
:105D1000012838BF012002F055FA0C9BCDE9100193
:105D2000002B40F08A8201F1004314901593DDE9C5
:105D30001434CDE90E340F9B03F1D6635B1B0F9334
:105D4000DDE90E01B0EE480AF0EE680ACDE9040183
:105D5000FFF786FADDE9040153EC102B02F0ACFAF0
:105D600053EC182B02F0F2F8CDE904010C46089B25
:105D700023B97F4B23409D4200F039811899584642
:105D8000FEF7A6FE39465846FEF7A2FE5146584693
:105D9000FEF79EFE41465846FEF79AFED9F80410DB
:105DA0005846FEF755FE0746002800F0AE80D9F8A9
:105DB00010200232920009F10C010C30FAF782FC3B
:105DC0009DED048B1AAA19A95846B0EE480AF0EEC8
:105DD000680AFFF7D5FA189000286CD001215846C0
:105DE000FEF7ACFF8246002800F08F80199B002B45
:105DF0007EDB129A139D9E18089A1A9C9B1A2344C4
:105E00005D4A013B9342C4F13604FFF6E7AE00233E
:105E1000109301230E93ECE61633FFF601AE129BAE
:105E20000C9A9A1A554B03EBC203DDE90401D3E93E
:105E3000002302F06BFB41EC180BE9E4A6460024BA
:105E4000179B214677E59DED048BE1E4474B204607
:105E50002946002202F030FA0C9BCDE91001002BFC
:105E60006AD101F100430A900B9335E751461A4677
:105E70005846FFF72FF882461898BAF1000F1AD04B
:105E8000024651465846FEF76FFF03460C9318989A
:105E90008BB101465846FEF71BFE0C9B1893002C55
:105EA0007FF7BEAE189922465846FFF78BF8189038
:105EB00000287FF4B5AE4B46B9461F469FED268BB2
:105EC0002223CBF8003001465846FEF701FE494632
:105ED0005846FEF7FDFD51465846FEF7F9FD394696
:105EE0005846FEF7F5FD41465846FEF7F1FD8FE4B2
:105EF000139A129ED51A7FE739462A465846FFF76D
:105F000061F8074600287FF492AE4B461898B946D0
:105F10001F46D3E73946139A5846FEF7DBFF07467C
:105F200000287FF481AEF0E7154AD21A012303FA64
:105F300002F210920E935CE69DED107B8DED0A7BD4
:105F4000CAE69FED077B8DED0A7B8DED107BC3E6E6
:105F50000000C0FFFFFFDF41000000000000F07FF5
:105F6000000000000000F03F0000F03F0000E03FB4
:105F70000000F07F0000E07F02FCFFFF80BE02080F
:105F8000E2FBFFFFA6F1547305939DED047BB0EE99
:105F9000470AF0EE670AFFF763F9DDE90A2351ECDF
:105FA000100B02F089F9DDE9042301F0CFFFB44EB4
:105FB00001EA0403B342CDE9040140F28D80B14B04
:105FC00018EE902A9A4203D118EE103A01339CD071
:105FD000AC4C4FF0FF33CDE90434CFE69FED9A7B14
:105FE0008DED0A7B9FED9A7B8DED107B74E6DDE9EC
:105FF00010562846314602F00FFD02F02FF90246F6
:106000000B462846314601F09FFF0C9D049EC4F3C9
:106010001304354302460B462543CDE90C232AD110
:106020008DA3D3E9002302F0B9FB00283FF4A6AE0C
:106030009DED048B4B46B9461F46189843E70293E3
:10604000079B019318AB00938F4A19AB17A95846C9
:1060500000F07CFD10F00F0504463FF4D7AB062D91
:1060600040F01E8108F10103179300239FED7C8B04
:106070000793FFF7CDBB7CA3D3E9002302F08EFB8F
:106080000028D5D1DDE90C0179A3D3E9002302F082
:10609000A3FB00283FF472AECAE7049B012B9DD1FD
:1060A000002E9BD14B46B9461F4622239FED6C8B99
:1060B0001898CBF8003006E700F0DF00452800F024
:1060C000B080002C7FF494AC089B19439FED648B47
:1060D0003FF4B7ABFFF79CBB01F15474059446E65F
:1060E0006A4901EBC901DDE90423D1E9000102F0AD
:1060F000E3F8CDE90401002F3FF44BAD9EE40139F4
:106100008C44BCF1080F0CF101047FF72EAB102C6E
:10611000DCBF07EB870702EB47070021FFF72ABB2D
:106120005B4901224046FDF745F840B907461798FC
:106130000346013017905A783D46FFF7FCBA089B9A
:10614000002B3FF47CABFFF761BB44F61F62944524
:106150006046A8BF10460C9011E5C9F100094FEA4E
:10616000291719F00F090DD0484B03EBC903DDE9DE
:106170000401D3E9002302F0C9F9CDE90401002F9D
:106180003FF407AD1F2F00F30A81DDE9042317F068
:10619000100118BF6A2117F0010F08913D4E1046FB
:1061A00019460FD0D6E9002302F086F87F10024688
:1061B0000B4600F0D78017F0010F06F108061046D5
:1061C0001946EFD17F10F6E70998304901EBC0017D
:1061D000DDE90423D1E9000102F06EF841EC180B6F
:1061E000FFF716BB6E2E3FF4DCABFFF728BB2A4946
:1061F00017A801F073FD00283FF421AB179B274936
:10620000013B17A8179301F069FD10B9179B0133E3
:1062100017939FED198BFFF7FBBA2223CBF80030C1
:10622000F7E7002C00F046824FF0010EFFF783BB2A
:106230009FED0B8B9946FFF704BB9DED107B8DED19
:10624000147B74E5AFF30080000000000000F0BF95
:10625000000000000000F03F9535A094FFFFCF3F05
:1062600000000000000000009535A094FFFFDF3F14
:1062700035E5AF350000E03F000000000000F07F92
:10628000FFFF9F7CFFFFEF7F98BF020880BE0208E0
:1062900008D80208C0BF020858D802085CD8020813
:1062A000189A3AB135211AA8FFF718F918995846E3
:1062B000FEF70EFC013D042D00F21982DFE805F027
:1062C000032E2B2003001A9B0493199B03F23342E5
:1062D0001B9B23F4801343EA02530593E20502D586
:1062E00043F000430593C04A1A409DED048B002AF9
:1062F0007FF48EAAFDF78EF922230360FFF788BA98
:106300004FF0FF326FF00043CDE90423E3057FF542
:106310009AAD059BE4E7B44B0593F7E7DDE91A1264
:106320001B9BCDE90412D9E7A2F13103082B14D944
:1063300022F02002452A7FF402AF4FF0000ACDF888
:1063400048A00124FFF777BA9FEDA37B8DED0A7B70
:106350009FEDA37B8DED107BBEE4012103461291DE
:10636000FFF7FEB9089BCDE904017BB1C1F30A52E6
:10637000C2F16B03002B09DD1F2B40F31C81342B72
:10638000049740F365814FF05C730593DDE90401E8
:106390000022002302F0F8F900283FF4FCAB22238E
:1063A000CBF80030FFF732BA4B46B9461F460C9B7C
:1063B000DDF838C0DDF840E08C49C6F31302002B4D
:1063C00000F096808A4200F0E480BEF1000F00F0F9
:1063D000FA801EEA060F37D0B0EE480AF0EE680ADF
:1063E000FEF73EFF089B51EC100B002B00F00481E0
:1063F000C6F30A53C3F16B03002B07DD1C0504F140
:106400007F53002203F5401301F056FF02460B466E
:1064100051EC180B01F09AFD41EC180B744B51EC48
:10642000180B002201F048FF41EC180B6E4B18EEE0
:10643000902A1340002B7FF400AE2223CBF80030CB
:10644000FBE51EEA060F70D1089B002BE6D1F4E5B0
:1064500002F154730593FFF79CBB4B46DDE9040141
:10646000B9461F460C9B0343EED1C1F313020E46FF
:10647000002AE9D121F00044240D2405B4F1D66F9F
:10648000E2D9D8F814201AB9D8F81020012ADBDD97
:10649000414601225846FEF795FD51468046FEF7DB
:1064A00003FE0028D0DD089B002B00F0C180A4F57E
:1064B00080146FEA14536FEA035305934FF0FF33D0
:1064C00004939DED048BA9E74A4917A81AAA01F085
:1064D00021FC05287FF471AA1B9B43F0FF4343F482
:1064E000E00305931A9B04939DED048BFFF790B98D
:1064F000A2B9DDE90434002B42D1089B002B00F047
:106500009780394C3440B4F1D66FD0D8B4F15C7F69
:1065100084D8CAE54FF00009FFF7BEBABEF1000FFC
:106520008FD1049B1CEA030F8ED0B0EE480AF0EE28
:10653000680AFEF795FE089B51EC100B002B65D006
:10654000C6F30A53C3F16B03002B07DD1C0504F1EE
:106550007F53002203F5401301F0AEFE02460B46C6
:1065600051EC180B01F0F0FC02460B4643EC182BE3
:106570000022002302F008F900283FF44FAF94E511
:10658000BEF1000F7FF45DAF13EA0C0F3FF45CAF78
:10659000CBE7DDE90445089B2146002B60D123466B
:1065A000013364D0BEF1000F00F088801EEA060FB0
:1065B0003FF443AD10E74FF0FF3202FA03F3049AC1
:1065C0001A400492E2E6049B1CEA030F3FF43CAF3E
:1065D00002E700BFAFF30080000000000000E0BF52
:1065E000000000000000E03F0000F07FFFFF0F0010
:1065F00000005039ACBF020802460B4651EC180BA4
:1066000001F0A4FC41EC180B18985CE402460B4620
:1066100051EC180B01F098FC02460B4643EC182B8A
:106620000022002302F0B0F800283FF406AD3CE55C
:10663000394A18983240A2F580126FEA12536FEA75
:10664000035305934FF0FF3304939DED048B3AE41D
:10665000C2F14B024FF0FF3393400B40059395E698
:106660002D4A3240B2F1D46F0ED9621C15D12B4A9B
:10667000964228D0284A324002F580130593002321
:1066800004939DED048BDFE6120DC2F16B024FF017
:10669000FF3000FA02F29442E9D0BEF1000F21D09F
:1066A0001EEA060F3FF4BAAE96E61290A24601210A
:1066B000FFF760B800293FF444AEB5E514EA0C0FCB
:1066C0003FF4BBAC88E60131D4D122239FED0E8B81
:1066D0001898CBF80030FFF7F6BBA44611E5314619
:1066E000FFF748B811EA0C0F3FF498AE74E6E105E5
:1066F00005D54FF0004305939DED048BFAE59FED22
:10670000048BF7E5AFF30080000000000000F07F8D
:1067100000000000000000000000F07FFFFFEF7F9E
:10672000014BFEF751BF00BF5000002010B4054CD4
:106730008446134620685DF8044B0A466146FEF71E
:1067400043BF00BF0000002010B4054C054B844639
:106750000A4620685DF8044B6146FEF735BF00BF6E
:1067600000000020500000202DE9F041DFF8A48057
:10677000044613462DED028B0A46D8F80000214648
:10678000FEF722FF55EC104B22462B4620462946A9
:1067900002F02CF850BB2046294602F085F808EE9E
:1067A000100ADFED197AB0EEC87AB4EE677AF1EE2E
:1067B00010FA15DD25F00047144B4FF0FF3220464C
:1067C000394602F013F838B9104B4FF0FF3220462B
:1067D000394601F0EDFF18B1D8F8003022221A60D6
:1067E000B0EE480ABDEC028BBDE8F081002D0848F0
:1067F00004DAFDF7D7FDB1EE408AF1E7BDEC028B7C
:10680000BDE8F041FDF7CEBDFFFF7F7FFFFFEF7FCB
:10681000A0C20208000000202DE970432C4E2D4B31
:1068200004460A462DED028B21463068FEF7CCFE69
:1068300055EC104B22462B462046294601F0D6FF48
:10684000C0BB2046294602F02FF808EE100ADFED03
:10685000227AB0EEC87AB4EE677AF1EE10FA1ADD59
:1068600025F000491D4B4FF0FF322046494601F00C
:10687000BDFF38B9194B204649464FF0FF3201F0B1
:1068800097FF40B1336822221A60B0EE480ABDEC8F
:10689000028BBDE8708318EE103A13F0FF4FF4D16D
:1068A0000F4B2B40002BEDD1B0EE480ABDEC028B14
:1068B000BDE87083002D0B4804DAFDF773FDB1EEDF
:1068C000408AE2E7BDEC028BBDE87043FDF76ABD8C
:1068D0000000002050000020FFFF7F7FFFFFEF7FC0
:1068E0000000F07FA0C20208B1F90C302DE9F041A0
:1068F0001D070C4680463FD44A68002A58DDE56AE9
:10690000002D36D00022D8F80060C8F8002013F41B
:1069100080525AD1216A01234046A8470246501CA2
:1069200066D0B4F90C30E56A590705D56368D21A08
:10693000636B0BB1236CD21A0023216A4046A8472F
:10694000421CB4F90C3042D022692260DF044FF0BF
:106950000002626000D56065616BC8F8006041B1FB
:1069600004F14403994202D04046FCF79FFA002309
:1069700063630020BDE8F0810E69002EF9D09B070B
:106980000D6808BF4B690E6018BF0023AD1B8B60FC
:106990000BE02B463246216AA76A4046B847B0F161
:1069A000000CA5EB0C05664406DD002DF1DCE0E7EC
:1069B0000A6C002AA3DCDCE7B4F90C3043F0400396
:1069C000A3814FF0FF30BDE8F081626DACE7D8F8ED
:1069D00000101D29F2D80C4ACA40D507EED522690D
:1069E000226000226260DA04B6D50029B3D0B3E792
:1069F000D8F80030002B94D01D2B01D0162BDBD102
:106A0000C8F80060B5E700BF010040200B69B3B1D2
:106A100010B5044682B008B1036A5BB1B1F90C301D
:106A200013B9002002B010BD204602B0BDE81040EE
:106A3000FFF75ABF0191FDF797FF0199EEE700209C
:106A4000704700BFB8B138B5036904463BB10C4B81
:106A50001D680DB12B6A53B1B4F90C300BB900208D
:106A600038BD21462846BDE83840FFF73DBF2846DF
:106A7000FDF77AFFF0E7034A0349044800F012BC2F
:106A800000000020BC0100200D6A00080400002066
:106A900051F8043C181F002BBCBF0B58C01870479E
:106AA0002DE9F0410469B4EB611F05DC00230361AB
:106AB00000234361BDE8F08100F1140C4E1111F088
:106AC0001F0E0CEB84050CEB860323D05CF826101C
:106AD00004339D4221FA0EF1CEF1200830D96746E9
:106AE0001A6802FA08F20A4347F8042B53F8041B09
:106AF0009D4221FA0EF1F3D8A31B9B00053B9C0895
:106B00000CF1040223F0030342F82410134479B17A
:106B100004330DE09D4288BF00F11002C6D953F83E
:106B2000041B42F8041F9D42F9D8A31B0CEB8303FE
:106B3000A3EB0C02921063450261B9D0BDE8F0816D
:106B400041610029B2D06346E2E700BF2DE9F04F72
:106B50000F6885B0CDE90020BA780393302A8946C2
:106B600040F0F881FB1C1A78302A1C4603F101031F
:106B7000F9D0E71B023FDFF8108318F80230002B32
:106B800000F0EE80237818F803304FF0000A5546E5
:106B9000002B00F06B81264616F8013F18F80330F1
:106BA000002BF9D1B74901223046FCF703FB83469D
:106BB00000284CD03278002D00F0A281AB1B4FEAA8
:106BC000830B02F0DF02502A35464CD0C9F8006032
:106BD000BAF1000F74D12A1B013A072A514604DD8D
:106BE0005210072A01F10101FADC0198FDF730FF8C
:106BF0008246002800F09B8200F11406AC42029607
:106C000066D20027B9460DE0202F1AD03A46043745
:106C10002B7818F8033003F00F03934049EA030977
:106C2000A54258D015F8013D2E2BEDD1A542EBD34E
:106C3000944901222846FCF7BDFA0028F0D0202F05
:106C4000E4D1002246F8049B04279146E0E7002D9A
:106C500000F07181327802F0DF02AB1B502A4FEA5C
:106C6000830B3546B2D16A782B2A00F047812D2A52
:106C700040F0E5800120AA7818F802104A1E182A70
:106C800005F1020600F2E580727818F8022010394A
:106C900001365AB90CE001EB810116F8013F02EB15
:106CA0004102A2F1100118F803200AB1192AF2DDFD
:106CB00000B149428B44C9F80060BAF1000F8AD094
:106CC000002F0CBF06240024204605B0BDE8F08F3D
:106CD000029E4FF0000946F8049B029BF61AB6107C
:106CE000CAF810604846FDF7BFFF009B76011D689B
:106CF000361AAE4255DCC0F20581009B9A685A45AF
:106D0000C0F2F3805A68934580F2A580A2EB0B0B8A
:106D1000AB4571DA0BF1FF36002E40F0618137464A
:106D20007311029A06F01F0652F823200123B34084
:106D30001342A5EB0B055946504600F06081FFF762
:106D4000AFFE009BDC68D3F804B0022C00F0148185
:106D5000032C00F07081012C00F0698112247BE08B
:106D6000484901222046FCF725FA824600287FD1B7
:106D7000637818F80320651C002A7BD0302B2C4642
:106D800040F05B8114F8013F302BFBD018F8033042
:106D9000B3FA83FA01274FEA5A1A002B7FF4FBAEAD
:106DA00064E0761B31465046FEF7C6FB074678B1D5
:106DB000711E4A11029B012753F8220001F01F02A5
:106DC00007FA02F2024203D0B94200F30F81022710
:106DD00031465046FFF764FE009B9A68B3445A451B
:106DE000C0F28380009B5A685A4540F3B680A2EBFC
:106DF0000B0B5D4500F3E580009BDB68022B45D063
:106E0000032B00F00881012B43D1AB4541D1BBF1ED
:106E1000010F08D00BF1FF315046FEF78DFB002823
:106E200037D0009B5A6803990A60029A0123CAF876
:106E3000103013600E9B6224C3F800A044E718F8DA
:106E400002104A1E182A05F101064FF000007FF6D5
:106E50001BAF2E46BAE601240E9BC3F800A0039B8D
:106E60002046C3F800B005B0BDE8F08F264699E68D
:106E70002378254603F0DF03502B00F0C780C9F8C4
:106E800000501DE708D80208E8BF02080F9B002B3E
:106E9000C9D001985146FDF71BFE50240E9A0023DD
:106EA0002046136005B0BDE8F08FDAF8082097425D
:106EB00080F2C5800AEB87017A1C0120022CCAF8F7
:106EC0001020DDF80880486100F0AA80002A00F355
:106ED000DB800022CAF810200022CAF81420009B90
:106EE0009A680BF1010B5A4569DA01985146FDF792
:106EF000EFFD0E9A0023A3241360E5E60020BAE616
:106F0000AB465EE6AE1B514632460198FEF75AF894
:106F1000009B9A68ABEB060B93458246E5DC5A680A
:106F2000934598DAA2EB0B0B00F11403AB450293E7
:106F3000BFF662AFEEE6727818F80210751C2E46A6
:106F400000293FF43EAE16F8012F18F80230002B4E
:106F5000F9D133E6BC1C00270DE60124002F3FF4D5
:106F60007BAF009BDA68022A06D0032A08D0012AE8
:106F70002ED044F010046FE70F9BC3F101030F9371
:106F80000F9B002BF5D0DAF81070029A4FEA8709B0
:106F9000904602EB8706002003E0964242F8040C7C
:106FA00083D9944652F8041B4B1CF6D00131022CB5
:106FB000CCF8001034D015F01F0540F0918021244A
:106FC0004AE70BF1FF36002F3FF4A6AE0127A7E6F4
:106FD000B907CED5029B1A681743FA07D3D4C8E77E
:106FE00031465046FEF7A8FA074699E6B11E5046CC
:106FF000FEF7A2FA00283FF4EAAE0327E8E6FFF71F
:107000004FFD009B0224D3F804B0A7E74FF0000B1C
:107010004FF0010A27E60F9B002B7FF404AF38E7FF
:10702000009B1A68013AAA4267D0222414E747F06D
:1070300002070224CEE70224A2E70127ABE5DAF833
:10704000041001980131FDF703FD0646002868D0C1
:10705000DAF81020023292000AF10C010C30F9F734
:1070600031FB51460198FDF733FD3269012006EBF3
:107070008201022C0244326106F114084861B246D2
:10708000CED0974297DA21E708EB82050AF1180083
:10709000DAF8142085424FEA52023AD9444603688E
:1070A00042EAC37244F8042B50F8042B85424FEA9D
:1070B0005202F4D8A5EB0A01193908F104008C0832
:1070C00021F0030140F82420014402B10431A1EB76
:1070D000080292104145CAF810207FF400AFFBE689
:1070E000C144C5F1200559F8040CFDF7BDFDA842C7
:1070F000BFF665AFDAF81020E8E66A1105F01F0563
:1071000058F822100122AA400A4214BF2124222446
:10711000A2E6C8F800200AB14146D7E7CAF8102015
:10712000DAE6064B064832468421F9F793FB034B17
:1071300003485246E421F9F78DFB00BFE8D7020867
:1071400068D80208F8B50D461446064610B1036A21
:10715000002B37D0A389A269A2601A0719D5236929
:10716000BBB122686169D31AEDB299422F4620DD86
:107170000133A1680139A160511C21601570626959
:107180009A420DD0A389DB0701D50A2D08D03846D5
:10719000F8BD21463046FCF765FA38B92369E0E7C7
:1071A00021463046FFF732FC0028F0D04FF0FF3781
:1071B000EDE721463046FFF729FC0028F6D122688A
:1071C0000123D6E7FDF7D0FBC4E700BF10B4044CA1
:1071D00003460A4620685DF8044B1946FFF7B2BF24
:1071E0000000002010B4034CD4F8E440A4465DF83D
:1071F000044B60475000002082B049B15AB16BB1D6
:1072000013780B601278101E18BF012002B070476F
:1072100001A9002AF3D1104602B070476FF00100B7
:10722000F4E700BF0CB410B59CB01EAB0291069100
:107230006FF0004104910791084953F8042B059120
:10724000002402A901931B94FAF7D0F8029B1C704A
:107250001CB0BDE8104002B0704700BF0802FFFF3D
:107260000EB430B59CB06FF000411FAB0491079194
:107270000A4953F8042B029000240690084D086830
:10728000019302A905951B94FAF7B0F8029B1C70B4
:107290001CB0BDE8304003B0704700BF00000020C4
:1072A0000802FFFF2DE9F8430746884616464FF0CF
:1072B0000009D6E90154013D10D4A389012B08D956
:1072C000B4F90E3001332146384602D0C04749EAAE
:1072D0000009013D6B1C04F16804EED13668002EF4
:1072E000E7D14846BDE8F88338B5074D002204468B
:1072F00008462A600CF04CFF431C00D038BD2B68B8
:10730000002BFBD0236038BD1C06002070B5A1FB0C
:10731000025454B92946FAF767FC064618B12A46C2
:107320002146FBF7F9FE304670BD0C2202600026B4
:10733000F9E700BF70B5B1F90C300C46990796B06B
:1073400007D504F147030122C4E90432236016B0D3
:1073500070BDB4F90E100029054629DB6A4600F01D
:10736000D9FD002822DB4FF480612846019EFAF700
:107370003BFC88B3A389206043F0800306F4704689
:10738000A381B6F5005F4FF48063C4E90403DED146
:10739000B4F90E10284600F0ABFD0028D7D0A38921
:1073A00023F0030343F00103A381D0E7B4F90C30C9
:1073B00013F0800F14BF40264FF4806631462846F4
:1073C000FAF712FC40B1A389206043F08003C4E9BE
:1073D0000406A38116B070BDB4F90C309A05B6D47A
:1073E00023F0030304F1470243F002030121C4E93F
:1073F0000421A3812260AAE770B50C46B1F90E10F2
:10740000002996B015461E4613DB6A4600F082FD41
:1074100000280EDB019901F47041A1F50051B1FA89
:1074200081F14FF480634909002031602B6016B070
:1074300070BDA18911F0800102D000214023F3E743
:107440004FF48063F0E700BF01F144032DE9F04100
:107450000C46496B994214D0A66B77003A46FBF76D
:107460002DFF054630B300EB060801463246404684
:10747000F9F728F9C4E90D57C4F800800020BDE8E9
:10748000F0814FF48061FAF7AFFB98B194F8463081
:107490004FF48062C4E90D0280F8FF3394F8453060
:1074A00080F8FE3394F8442080F8FD2300F2FD3389
:1074B0002360E3E74FF0FF30E1E700BF70B54C1CFD
:1074C0002BD00E460546144610B1036A002B4CD053
:1074D000B4F90C3023F020025807A28106D4D90653
:1074E0001BD51B0734D442F00402A281626B63688F
:1074F000F6B2AAB1A26B9A4209DD23685A1E226035
:1075000003F8016C636801336360304670BD214647
:107510002846FFF799FF0028EFD04FF0FF36F4E739
:10752000226921682AB18A4203D211F8012C9642BD
:107530001ED02246C4E90F1304F144000323606304
:10754000A36302F8466F0123C4E90023304670BDEF
:1075500021462846FFF75AFA0028DED1B4F90C205C
:10756000A06022F00802A061BDE7FDF7FDF9AFE7DA
:1075700001390133C4E90013C7E700BF10B4044C5C
:1075800003460A4620685DF8044B1946FFF796BF8C
:1075900000000020242B2DE9F84F43D8012B41D0C7
:1075A000804649481F468E4675461EF801BB10F8B6
:1075B0000B4014F00804F7D1BBF12D0F6FD0BBF1D5
:1075C0002B0F08BF9EF800B06FF0004908BF05F10F
:1075D000020E73BBBBF1300F4BD00A273B46002590
:1075E000B9FBF7F6284607FB169A05E03AD007FBE9
:1075F00000C001251EF801BBABF1300CBCF1090F36
:1076000006D9ABF1410CBCF1190F19D8ABF1370C0D
:1076100063451EDDB5F1FF3FECD08642E6D24FF068
:10762000FF35E7E7FBF7F6FF162303600020BDE810
:10763000F88F102BD3D1BBF1300F23D01F46CEE7EC
:10764000ABF1610CBCF1190F03D8ABF1570C6345DA
:10765000E0DC6B1C2BD054B9002AE8D085BB11604C
:10766000BDE8F88FE245C2DA4FF0FF35C2E740428D
:10767000F2E79EF8003003F0DF03582B08D008270C
:107680003B46ACE79EF8000000F0DF005828D5D15B
:1076900010279EF801B03B460EF1020E9FE79EF8C0
:1076A00000B04FF0004905F1020E012491E72223BA
:1076B000C8F8003032B10EF1FF3148461160CFE713
:1076C0008146F8E74846B2E76DBD020862E700BFB1
:1076D00010B4044C8446134620685DF8044B0A46F7
:1076E000614657E70000002010B4044C844613465E
:1076F00020685DF8044B0A4661464BE70000002015
:107700009368002B00F0B6802DE9F04FB1F90CC062
:107710001CF0080F83B0174680460C4627D00B6933
:107720002BB31CF002033D682DD04FF0000ADFF8A8
:10773000B0B25646B9465E453346524628BF5B4610
:107740004046002E00F08580216AA76AB8470028CD
:1077500040F38880D9F808301B1A8244361AC9F8D9
:107760000830002BE7D1002003B0BDE8F08F2146A0
:107770004046FBF777FF002879D1B4F90CC03D688B
:107780001CF00203D1D11CF0010975D14E460097BF
:10779000002E5AD01CF4007F2068D4F808B000F006
:1077A000B180B3455A4600F2DF801CF4906F32D0AE
:1077B00023696269A0EB030A02EB420202EBD27278
:1077C0000AF1010152103144914292BF93468B4617
:1077D0000A461CF4806F00F0E58011464046FAF737
:1077E00003FA002800F0F580524621690190F8F76D
:1077F00069FFA289019B22F4906242F08002A2817B
:1078000003EB0A002361ABEB0A03C4F814B0A360D6
:107810002060B346324649460192F9F7FBFEA36861
:10782000019AA3EB0B012368A1601344B2462360C5
:107830000026009A9368A3EB0A03D1449360002BBF
:1078400091D0B4F90CC0002EA4D1D5E9009608352A
:107850009EE7D5E900A608356DE721464046FFF7CB
:10786000D5F870B3B4F90C3043F04003A3814FF066
:10787000FF3079E7002070471E46BA469946184601
:1078800000951F465EB3002831D04A46D4E9041360
:107890002068B24228BF3246884204D9A16803EB6F
:1078A000010B5A4570DC934261DC216AA56A3A46B5
:1078B0004046A847B0F1000BD4DDB9EB0B09CCD0A2
:1078C0000120DAF80830A3EB0B035F44A6EB0B06AC
:1078D000CAF80830002B3FF446AF002ED3D1009AEF
:1078E0005668134608320092002EF8D01F683246C0
:1078F0000A213846FBF734FF002867D00130A0EB9F
:107900000709C2E72369834216D36269B24213D8DA
:107910006FF00043B34228BF3346216A93FBF2F372
:10792000A76A02FB03F340464A46B847B0F1000A93
:1079300098DDA6EB0A067CE7B345DA4628BFB246D7
:1079400052464946F9F766FEA3682268A3EB0A038C
:107950005244A3602260002BEBD121464046FFF742
:1079600055F80028E5D07DE7B346324653E739465F
:107970000192F9F74FFE019AA3689B1AA36023684E
:1079800013442360934698E739465A46F9F742FE76
:1079900023685B44236021464046FFF737F8002800
:1079A0008BD05FE719464046FBF788FC034600286A
:1079B0007FF426AF21694046FBF778FAB4F90C3022
:1079C0000C22C8F8002023F080034DE7721C91467A
:1079D0005CE70C22B4F90C30C8F8002044E700BF83
:1079E00000FCFF7F2DE9F8430D461446AA6889691B
:1079F00007462AB9002914BF4FF0FF320122AA60BE
:107A00002A68D00603D41A68101D18601668DFF8BB
:107A1000A0804FF0000901B3012937D002293BD1E2
:107A200023681A7818F80220120735D42A68D1067C
:107A300009F1010903D41B7806F8013B236861684A
:107A4000AA6801390133013AC4E90031AA606AB178
:107A5000002904DDA9690029DED12368E6E7D5F80D
:107A600080312146384698470028F3D02B6813F020
:107A7000100305D1EA680132EA60AA6902B13370E5
:107A80002B694B4400202B61BDE8F88323686A69A9
:107A90001878125C002AC9D1B9F1000FE6D101298A
:107AA0000846F1D02B6813F01003E9D1E2E700BFDC
:107AB0006DBD02082DE9F04F844E0C460746154671
:107AC00096E8070087B0009303AB83E80700A2693C
:107AD000032A0CBF7E4A7F4A0192A268511EB1F56B
:107AE000AE7F40F2B2806FF4AE7102EB010940F25A
:107AF0005D12A260A0469B4658F81C2B42F45062CF
:107B00004FF0000A226046462B68DBF80000197827
:107B10000222FBF725FE50B3BAF1010F0CD0BAF1E7
:107B2000020F00F0B380A3685A1EA260A3B94FF001
:107B3000010A0BF1040BE7E7D4E900321AB9082275
:107B400043F40073626023F4A0632360A3685A1EA9
:107B5000A260002B00F08B802B685A1C2A601B78D7
:107B600006F8013B6B68013B002B6B6074DD0AF18A
:107B7000010ABAF1030FDCD16168002968D0C1F1B4
:107B80001001554B60691944FCF716FFA368002BE0
:107B900000F099804FF0000A06E02B6801332B605B
:107BA000A368013BA36003B3D5F800E062699EF8C7
:107BB00000C012F80C1022683046B9B1BCF1300F89
:107BC00022F4106156D021609EF8003000F8013B8D
:107BD00006466B68013B002B294638466B60DCDCAF
:107BE000D4F8803198470028DAD02268D3050CD524
:107BF000464507D916F8011CD4F87C312A46384688
:107C0000013E984746455CD0226812F0100212D11E
:107C100032706368019D38464146A847009D22683E
:107C20002B68970603F1040143D529601B6818608F
:107C3000E3680133E3602369A6EB08065644334446
:107C40002361002007B0BDE8F08F4FF0000951E735
:107C50000A236360062194E7D4F880312946384628
:107C60009847002883D022684FF0000ABEE74FF003
:107C7000020A5EE71205A6D501330AF1010AB9F13D
:107C8000000FA6D0A36009F1FF39A2E7236803F42F
:107C9000C062B2F5007F7FF46FAF43F4807323605E
:107CA000A368102262605A1EA260002B3FF464AFEA
:107CB00052E7D507009A11601B684CBF1880186006
:107CC000B6E70120BEE79A468FE700BFE8C002088A
:107CD000CD760008F11100089CD8020810B40468A1
:107CE000013409E014F8013BA3F1410CBCF1190F78
:107CF00098BF2033934208D111F8012B002AF1D10B
:107D0000046001205DF8044B704700205DF8044BCF
:107D1000704700BF09682DE9F04F4B1102EB830358
:107D200011F01F0B07460CBF1846181D3C680CBF0E
:107D30001D1F1D46002385B040F8043C61780134C6
:107D4000002900F0A9809E469A461E460B46014631
:107D50001046DFF8849101975A46A846AC46834600
:107D600010E0202B00F29080564508DDC44502D279
:107D7000BEF1070F60DDE34555D34FF0080E14F850
:107D8000013FB3B119F80370002FEAD00EF1010ED4
:107D9000BEF1080F06F101063BDCDCF800301B01E8
:107DA00007F00F071F43CCF8007014F8013F002BB9
:107DB000E8D15B46084693461A46002E6CD0C4456F
:107DC00002D2BEF1070F72DD62454ED2111F63462B
:107DD00053F8044B41F8044FAB42F9D9A5EB0C031F
:107DE000691C23F003030CF1010C8C4588BF0023B0
:107DF000111D0B44002419460433AB420C60FAD920
:107E000050F8043C002B4DD1AA4249D055F8043D0E
:107E1000F8E7E345B3D200234CF8043C4FF0010EE1
:107E2000ACF1040CBCE70023ACF104084CF8043CB2
:107E3000B246C4469E46A2E7CEF108008000CDE9D6
:107E4000022CDCF800306746C0F1200E84467868CA
:107E500000FA0EF21A4320FA0CF33A6047F8043F96
:107E60004745F4D3DDE9022C85E750F8043CBBF12B
:107E7000000FC7D0CBF1200B4FF0FF3121FA0BF1EF
:107E80000B4040F8043CBDE70846194629295B46EB
:107E9000019F93461A4607D0042005B0BDE8F08F35
:107EA000012313600520F8E701343C6085E7CEF13B
:107EB0000803DCF800109B00C3F1200E66460C4658
:107EC000776807FA0EF1214327FA03F4316046F888
:107ED000044F4645F4D377E7E8BF020800000000EE
:107EE0009FED010B704700BF000000000000F87F0D
:107EF00038B5074D0022044608462A6001F038FFD5
:107F0000431C00D038BD2B68002BFBD0236038BD4C
:107F10001C06002070B50C46084D0346002620467E
:107F200011461C462E6001F013FF431C00D070BDAB
:107F30002B68002BFBD0236070BD00BF1C06002007
:107F400081F0004102E000BF83F0004330B54FEA0A
:107F500041044FEA430594EA050F08BF90EA020F77
:107F60001FBF54EA000C55EA020C7FEA645C7FEA0A
:107F7000655C00F0E2804FEA5454D4EB5555B8BF2D
:107F80006D420CDD2C4480EA020281EA030382EA9E
:107F9000000083EA010180EA020281EA0303362D30
:107FA00088BF30BD11F0004F4FEA01314FF4801C03
:107FB0004CEA113102D0404261EB410113F0004F15
:107FC0004FEA03334CEA133302D0524263EB4303CC
:107FD00094EA050F00F0A780A4F10104D5F1200E6A
:107FE0000DDB02FA0EFC22FA05F2801841F10001C5
:107FF00003FA0EF2801843FA05F359410EE0A5F199
:1080000020050EF1200E012A03FA0EFC28BF4CF0C9
:10801000020C43FA05F3C01851EBE37101F000457F
:1080200007D54FF0000EDCF1000C7EEB00006EEB8C
:108030000101B1F5801F1BD3B1F5001F0CD3490816
:108040005FEA30004FEA3C0C04F101044FEA44526D
:1080500012F5800F80F09A80BCF1004F08BF5FEAF4
:10806000500C50F1000041EB045141EA050130BDD4
:108070005FEA4C0C404141EB0101013C28BFB1F5E6
:10808000801FE9D291F0000F04BF01460020B1FA31
:1080900081F308BF2033A3F10B03B3F120020CDA04
:1080A0000C3208DD02F1140CC2F10C0201FA0CF0E2
:1080B00021FA02F10CE002F11402D8BFC2F1200C47
:1080C00001FA02F120FA0CFCDCBF41EA0C019040FD
:1080D000E41AA2BF01EB0451294330BD6FEA040446
:1080E0001F3C1CDA0C340EDC04F11404C4F1200231
:1080F00020FA04F001FA02F340EA030021FA04F343
:1081000045EA030130BDC4F10C04C4F1200220FA99
:1081100002F001FA04F340EA0300294630BD21FAD7
:1081200004F0294630BD94F0000F83F4801306BF9D
:1081300081F480110134013D4EE77FEA645C18BF91
:108140007FEA655C29D094EA050F08BF90EA020F28
:1081500005D054EA000C04BF1946104630BD91EA20
:10816000030F1EBF0021002030BD5FEA545C05D123
:108170004000494128BF41F0004130BD14F5800462
:108180003CBF01F5801130BD01F0004545F0FE41D6
:1081900041F470014FF0000030BD7FEA645C1ABF0B
:1081A000194610467FEA655C1CBF0B46024650EA42
:1081B000013406BF52EA033591EA030F41F400216E
:1081C00030BD00BF90F0000F04BF0021704730B5F4
:1081D0004FF4806404F132044FF000054FF00001C9
:1081E00050E700BF90F0000F04BF0021704730B58A
:1081F0004FF4806404F1320410F0004548BF40425F
:108200004FF000013EE700BF42004FEAE2014FEAB3
:1082100031014FEA02701FBF12F07F4393F07F4F8E
:1082200081F06051704732F07F4208BF704793F091
:108230007F4F04BF41F40021704730B54FF46074A4
:1082400001F0004521F000411CE700BF50EA0102A7
:1082500008BF704730B54FF000050AE050EA010250
:1082600008BF704730B511F0004502D5404261EBC0
:1082700041014FF4806404F132045FEA915C3FF401
:10828000D8AE4FF003025FEADC0C18BF03325FEA9E
:10829000DC0C18BF033202EBDC02C2F1200300FA4F
:1082A00003FC20FA02F001FA03FE40EA0E0021FA74
:1082B00002F11444BDE600BF70B54FF0FF0C4CF462
:1082C000E06C1CEA11541DBF1CEA135594EA0C0F14
:1082D00095EA0C0F00F0DEF82C4481EA030621EA4F
:1082E0004C5123EA4C5350EA013518BF52EA03358A
:1082F00041F4801143F4801338D0A0FB02CE4FF03C
:108300000005E1FB02E506F00042E0FB03E54FF06B
:108310000006E1FB03569CF0000F18BF4EF0010E63
:10832000A4F1FF04B6F5007F64F5407404D25FEA5F
:108330004E0E6D4146EB060642EAC62141EA555112
:108340004FEAC52040EA5E504FEACE2EB4F1FD0C54
:1083500088BFBCF5E06F1ED8BEF1004F08BF5FEAD2
:10836000500E50F1000041EB045170BD06F0004684
:1083700046EA010140EA020081EA0301B4EB5C0431
:10838000C2BFD4EB0C0541EA045170BD41F4801129
:108390004FF0000E013C00F3AB8014F1360FDEBF4E
:1083A000002001F0004170BDC4F10004203C35DA2A
:1083B0000C341BDC04F11404C4F1200500FA05F3AD
:1083C00020FA04F001FA05F240EA020001F000424E
:1083D00021F0004110EBD37021FA04F642EB0601C4
:1083E0005EEA430E08BF20EAD37070BDC4F10C04EE
:1083F000C4F1200500FA04F320FA05F001FA04F2B2
:1084000040EA020001F0004110EBD37041F100019D
:108410005EEA430E08BF20EAD37070BDC4F12005A8
:1084200000FA05F24EEA020E20FA04F301FA05F210
:1084300043EA020321FA04F001F0004121FA04F2B8
:1084400020EA020000EBD3705EEA430E08BF20EA88
:10845000D37070BD94F0000F0FD101F000464000C2
:1084600041EB010111F4801F08BF013CF7D041EA44
:10847000060195F0000F18BF704703F00046520048
:1084800043EB030313F4801F08BF013DF7D043EA19
:108490000603704794EA0C0F0CEA135518BF95EACF
:1084A0000C0F0CD050EA410618BF52EA4306D1D156
:1084B00081EA030101F000414FF0000070BD50EA75
:1084C000410606BF1046194652EA430619D094EAFF
:1084D0000C0F02D150EA013613D195EA0C0F05D1E9
:1084E00052EA03361CBF104619460AD181EA03013D
:1084F00001F0004141F0FE4141F470014FF00000F5
:1085000070BD41F0FE4141F4780170BD70B54FF08F
:10851000FF0C4CF4E06C1CEA11541DBF1CEA13550F
:1085200094EA0C0F95EA0C0F00F0A7F8A4EB0504F1
:1085300081EA030E52EA03354FEA013100F08880E8
:108540004FEA03334FF0805545EA131343EA1263B1
:108550004FEA022245EA111545EA10654FEA002666
:108560000EF000419D4208BF964244F1FD0404F51F
:10857000407402D25B084FEA3202B61A65EB03057B
:108580005B084FEA32024FF480104FF4002CB6EB38
:10859000020E75EB030E22BFB61A754640EA0C00B8
:1085A0005B084FEA3202B6EB020E75EB030E22BFF8
:1085B000B61A754640EA5C005B084FEA3202B6EB39
:1085C000020E75EB030E22BFB61A754640EA9C00F8
:1085D0005B084FEA3202B6EB020E75EB030E22BFC8
:1085E000B61A754640EADC0055EA060E18D04FEA86
:1085F000051545EA16754FEA06164FEAC30343EA26
:1086000052734FEAC2025FEA1C1CC0D111F4801FF2
:108610000BD141EA00014FF000004FF0004CB6E7EB
:1086200011F4801F04BF01430020B4F1FD0C88BF8A
:10863000BCF5E06F3FF6AFAEB5EB030C04BFB6EB95
:10864000020C5FEA500C50F1000041EB045170BD88
:108650000EF0004E4EEA113114EB5C04C2BFD4EBB5
:108660000C0541EA045170BD41F480114FF0000E39
:10867000013C90E645EA060E8DE60CEA135594EAB5
:108680000C0F08BF95EA0C0F3FF43BAF94EA0C0FB8
:108690000AD150EA01347FF434AF95EA0C0F7FF42D
:1086A00025AF104619462CE795EA0C0F06D152EA81
:1086B00003353FF4FDAE1046194622E750EA410665
:1086C00018BF52EA43067FF4C5AE50EA41047FF476
:1086D0000DAF52EA43057FF4EBAE12E74FF0FF3CDB
:1086E00006E000BF4FF0010C02E000BF4FF0010CAC
:1086F0004DF804CD4FEA410C7FEA6C5C4FEA430C25
:1087000018BF7FEA6C5C1BD001B050EA410C0CBF73
:1087100052EA430C91EA030F02BF90EA020F0020D5
:10872000704710F1000F91EA030F58BF994208BF3C
:1087300090422CBFD8176FEAE37040F001007047F9
:108740004FEA410C7FEA6C5C02D150EA013C07D150
:108750004FEA430C7FEA6C5CD6D152EA033CD3D09B
:108760005DF8040B704700BF8446104662468C4695
:108770001946634600E000BF01B5FFF7B7FF0028C8
:1087800048BF10F1000F01BD4DF808EDFFF7F4FFF1
:108790000CBF012000205DF808FB00BF4DF808ED7C
:1087A000FFF7EAFF34BF012000205DF808FB00BF9F
:1087B0004DF808EDFFF7E0FF94BF012000205DF8C1
:1087C00008FB00BF4DF808EDFFF7CEFF94BF012076
:1087D00000205DF808FB00BF4DF808EDFFF7C4FF6F
:1087E00034BF012000205DF808FB00BF4FEA410CB8
:1087F0007FEA6C5C02D150EA013C0AD14FEA430C9B
:108800007FEA6C5C02D152EA033C02D14FF00000D7
:1088100070474FF0010070474FEA410212F5001215
:1088200015D211D56FF47873B3EB625212D94FEAB7
:10883000C12343F0004343EA505311F0004F23FAA1
:1088400002F018BF404270474FF00000704750EAF6
:10885000013005D111F0004008BF6FF000407047B3
:108860004FF00000704700BF4A0011D212F500120D
:1088700011D20DD56FF47873B3EB62520ED44FEA78
:10888000C12343F0004343EA505323FA02F07047F8
:108890004FF00000704750EA013002D14FF0FF3036
:1088A00070474FF0000070474FEA4102B2F1E043D9
:1088B00024BFB3F5001CDCF1FE5C0DD901F0004CC7
:1088C0004FEAC0024CEA5070B2F1004F40EB830017
:1088D00008BF20F00100704711F0804F21D113F143
:1088E0003872BCBF01F00040704741F480114FEA7C
:1088F0005252C2F11802C2F1200C10FA0CF320FA05
:1089000002F018BF40F001004FEAC1234FEAD32321
:1089100003FA0CFC40EA0C0023FA02F34FEA43038B
:10892000CCE77FEA625307D150EA01331EBF4FF014
:10893000FE4040F44000704701F0004040F0FE402F
:1089400040F40000704700BF7BB972B90029BEBF78
:1089500000204FF0004106E008BF00281CBF6FF068
:1089600000414FF0FF3001F0E9B9ADF1080C6DE9BD
:1089700004CE002909DB002B1ADB00F083F8DDF8B8
:1089800004E0DDE9022304B07047404261EB41019D
:10899000002B1BDB00F076F8DDF804E0DDE90223B4
:1089A00004B0404261EB4101524263EB4303704724
:1089B000524263EB430300F065F8DDF804E0DDE9C3
:1089C000022304B0404261EB41017047524263EB25
:1089D000430300F057F8DDF804E0DDE9022304B0BA
:1089E000524263EB4303704753B94AB9002908BFA9
:1089F00000281CBF4FF0FF314FF0FF3001F09EB94F
:108A0000ADF1080C6DE904CE00F03CF8DDF804E0AF
:108A1000DDE9022304B0704738B500220023044684
:108A20000D46FFF7BBFE28B920462946BDE8384071
:108A300000F00AB8204605F1004100F005F8404278
:108A400061EB410138BD00BFD0B50C4B002206469A
:108A50000F46FFF731FCFFF707FF0446FFF7B2FBB5
:108A6000074B0022FFF728FC02460B4630463946EA
:108A7000FFF76AFAFFF7F8FE2146D0BD0000F03D8F
:108A80000000F0412DE9F047089D0F4604468C4652
:108A9000002B48D18A42164661D9B2FA82F34BB113
:108AA000C3F1200201FA03FC20FA02F29E4042EADE
:108AB0000C0C9C404FEA164EB7B2BCFBFEF1220CE8
:108AC0000EFB11CC42EA0C4201FB07F0904209D99F
:108AD000B21801F1FF3C80F0EE80904240F2EB8052
:108AE00002393244121AA4B2B2FBFEF00EFB10227D
:108AF00044EA024400FB07F7A74209D9341900F100
:108B0000FF3280F0DA80A74240F2D7803444023846
:108B100040EA0140E41B00211DB1DC400023C5E90F
:108B20000043BDE8F0878B4206D90DB1C5E90001CD
:108B300000210846BDE8F087B3FA83F1002948D147
:108B4000BB4202D3824200F20781841A67EB030220
:108B500001209446002DE4D0C5E9004CE1E7002A4D
:108B600000F09280B2FA82F3002B40F0A8808A1ABB
:108B70004FEA164E1FFA86FC0121200CB2FBFEF7CD
:108B80000EFB172240EA02420CFB07F0904207D985
:108B9000B21807F1FF3802D2904200F2E280474655
:108BA000121AA4B2B2FBFEF00EFB102244EA0244F9
:108BB0000CFB00FCA44507D9341900F1FF3202D2A6
:108BC000A44500F2CB801046A4EB0C0440EA074019
:108BD000A2E7C1F120068B4022FA06FC4CEA030C06
:108BE00007FA01F420FA06F3F7404FEA1C49234341
:108BF00000FA01F81FFA8CFEB7FBF9F01C0C09FB18
:108C0000107744EA074400FB0EF7A74202FA01F28C
:108C10000AD91CEB040400F1FF3A80F09B80A742C4
:108C200040F2988002386444E41B9FB2B4FBF9F32D
:108C300009FB134447EA044403FB0EFEA64509D989
:108C40001CEB040403F1FF3780F08280A6457FD936
:108C5000023B644443EA0040A4EB0E04A0FB02E79D
:108C6000BC427346B94663D360D05DB1B8EB030232
:108C700064EB090404FA06F622FA01F31E43CC4021
:108C8000C5E9006400214CE76208480842EAC17166
:108C90000B0C43EA00438AB242EA0342B3FBF6F10B
:108CA000E407B4463746B6461F23B0FBF6F0D21BA6
:108CB00041EA004161E7614614E7104628E7C3F145
:108CC000200120FA01F29E4027FA01F19F403A4329
:108CD0004FEA164E1FFA86FCB1FBFEF70EFB17108B
:108CE000110C41EA004107FB0CF8884504FA03F433
:108CF0003AD9711807F1FF3001D288451FD8A1EB8E
:108D00000801B1FBFEF808FB0CF70EFB181192B23C
:108D100042EA0142BA422FD2B21808F1FF31C6D25C
:108D2000BA42C4D2A8F102013244C0E7F0459CD255
:108D3000BEEB020367EB0C070138B94695E7A6EBDB
:108D400008084144B81EB1FBFEF808FB0CF7DCE74D
:108D50003B467FE7504667E70846FBE63444023867
:108D600032E7023F32441BE7A1EB08013846B1FB72
:108D7000FEF808FB0CF7C8E7414698E703685A007D
:108D80004CBF43F0004323F000431844704700BF3A
:108D90002DE9F04759B301F1FF380546164647461D
:108DA0004FF0000A0AEB070101EBD171491005EB06
:108DB000C1094846FFF7E2FF88454FEAC104034670
:108DC00010D004F10800B342284407D8FFF7D6FFBB
:108DD0000138B04208D201F1010AE3E78A4506D022
:108DE0004F1EDFE7B042F9D84846BDE8F0874FF0A4
:108DF00000094846BDE8F087012806D0022802D0C5
:108E000028B9044870470448704704487047002058
:108E1000704700BFF5940008FD940008F99400081D
:108E200030B5224B83B004468D1E43B301A92846BA
:108E3000AFF30080F0B101992A46FFF7A9FF014680
:108E4000C0B1FFF79BFF4B68A064012B2BD0002B18
:108E500001F1040025DBFFF791FF00232365036880
:108E6000E064002B12DBFFF789FF0346002023613B
:108E700003B030BD00230920236103B030BD0C4B8B
:108E80000C49C91AC91018460191D5E7C3F303600C
:108E9000FFF7B2FF031E0CBF09200020236103B0BF
:108EA00030BD0123DAE700230520E0E700000000E1
:108EB00038A7030828B203080368DA0710B5044688
:108EC00006D49B0700F1500009D500F0A3FC2368ED
:108ED000590709D51A070ED5DB0613D510BD00F0CA
:108EE00091FC23685907F5D404F1D80000F09AFCEE
:108EF00023681A07F0D404F5AC7000F09BFC2368DB
:108F0000DB06EBD404F5EC70BDE8104000F0D6BCF5
:108F10000346006800B11844704700BF704700BFA7
:108F200070B504460E46316C2046FFF779FF0546C2
:108F300088B9326C62612369324621460120984724
:108F40000828F0D0072806D12846316CFFF7E6FF45
:108F5000301D00F04BFCFFDE2DE9F04F0D1DD0F869
:108F60000C90D0F818A0074614460FCDADF5777DCC
:108F70000DF10C0CACE80F000FCDACE80F000FCDDD
:108F8000ACE80F0095E80F0002AE4FF0000E8CE841
:108F90000F000DF5F878C6F800E021E0336C7B6136
:108FA0004FF4F47231464046F7F78CFB3B6942467A
:108FB000394658469847D8F83830B3642146CDE949
:108FC000006A05463B4601203A46C847044618BB9E
:108FD0004FF4F47241463046F7F774FB082D19D16F
:108FE000316C3846FFF71CFF093405465FFA84FBF5
:108FF0000028D3D0B36BB3643A46CDE9006A3B4650
:109000004BF010010120C84730B928460DF5777D97
:10901000BDE8F08F072D05D0092528460DF5777D91
:10902000BDE8F08F2046316CFFF778FF03A800F011
:10903000DDFB00BF806C7047F0B5CB6BFBB001F17E
:10904000040C0B640F460546BCE80F0001AC0FC4CE
:10905000BCE80F000FC4BCE80F000FC49CE80F0071
:109060004FF0FF3E84E80F006E46CDF800E006E0CA
:109070002B693246294698470828044608D1316CA6
:109080002846FFF7CDFE0028F2D009207BB0F0BDC6
:109090003046FFF711FF062CF7D139462846FFF777
:1090A0003FFF00BFC160D96B82611964002219467D
:1090B00052E700BF70B5C66843690B64AEB9036977
:1090C0000A4604460D46014602209847072805D067
:1090D00008280ED129462046FFF722FF3046296C8A
:1090E000FFF71CFF281D00F081FB0122FFF734FF72
:1090F000FFDEFFDEC26808B52AB1CA6B0A64BDE8AC
:109100000840002228E7FFF797FF092008BD00BFAD
:10911000704700BF836801460BB1012018477047B4
:10912000052915D8DFE801F00A031403030501201F
:109130007047009A436C13600020704743B90F2AB0
:1091400006D800EB820200205368009A1360704733
:109150000220704700B585B00A46002303A900919C
:109160001946FFF7DDFF039805B05DF804FB00BF6B
:10917000052915D8DFE801F00A03140303050120CF
:109180007047009B1B6843640020704743B90F2A57
:1091900006D8009B00EB82021B68536000207047DA
:1091A0000220704710B584B0002303AC03920094F2
:1091B0000A461946FFF7DCFF04B010BD2DE9F04167
:1091C000D36BADF5107D02F1040C136407460E4617
:1091D000BCE80F000DF15C0EAEE80F00BCE80F001C
:1091E000AEE80F00BCE80F00AEE80F009CE80F00EF
:1091F00016AC4FF0FF388EE80F006D46C4F80080C3
:1092000010E0FFF7CFFF31462046B847034622461D
:109210000820294683B92B699847052880460DD038
:10922000092809D0216C2846FFF7FAFD03460C21D6
:109230002A462046002BE4D04FF009082046FFF7CD
:109240003BFE40460DF5107DBDE8F0812DE9F04F65
:109250001646CA6C89B00D4652F8041B069200F0FF
:10926000030CE3B10C0C8DF81D400904E4B2059128
:1092700002EB840202218DF81C10296DBCF1020F53
:1092800008BFAA6B11F001080FD005A9304600F005
:10929000AFFB002839D1082009B0BDE8F08F0902E2
:1092A00005918DF81D300321E5E71768002FECD0FC
:1092B00000F008010191E346CDF808809A46BAF122
:1092C000020F26D01788548802F10409AA6C24F0F2
:1092D00001030F21304603EB0208FFF73BFF8045F7
:1092E00015D827F0010202EB0803834294BF002344
:1092F0000123640004F0020407F001072743012F53
:109300000BD0022F50D0002F45D00920C4E70023F6
:10931000EFE7546802F10809D8E7BBF1000F73D1F9
:10932000CBB1D9F80430D9F80020991C4FEAD27299
:10933000EBD005F158040133049400F0CC8009F11E
:109340000400FFF7E5FD04AB0146284621F008FEC6
:10935000002840F0978009F108021768002FAED16D
:1093600005A93046DDF8088000F042FB0028CCD18A
:10937000B8F1000F8FD00F213046FFF7EBFE0E2122
:1093800002463046FFF70EFF594A0F213046FFF7DD
:1093900009FF072080E7BBF1000F02D0002B40F04F
:1093A000878009F10402D8E7D9F8004024F000488A
:1093B000BBF1000F0FD12BB1019B002B3CD0B8F1BA
:1093C000000F39D0002C01DA09F1040908F101027B
:1093D00009EB8202C1E70D213046FFF7BBFE2F6A81
:1093E0008742EFD1AB6A9945ECD100240423C5E94B
:1093F0000B434B44C5F828806B63D9F80030A34277
:1094000070DB01230293E1E70D213046FFF7A2FE56
:109410002C6A84429FD1AB6A99459CD14846FFF79C
:10942000ADFC0F2102463046FFF7BCFE2A46002164
:109430003046FFF7B7FEACE705F15803CDF80CB0A6
:1094400009F10407B34600241E460BE03846049693
:10945000FFF75EFD0022014604AB284621F080FDA7
:109460000437F8B9444504F10104EFD10D21584601
:10947000FFF770FE049BC5F828900246C5E9082353
:10948000062009E704460D213046FFF763FE049EDF
:109490002862022C04BFEE6205F12C06C5E90969B9
:1094A0000620F9E65E46D9F80040DDF80CB089E701
:1094B0004846FFF763FC09F104030446AB63284602
:1094C00021F0A0FD00283FF420AF22460F213046B6
:1094D000FFF768FE5DE730460D21FFF73BFE2646AD
:1094E0002862DBE708F1010209EB820097E700BF81
:1094F000BBBB02080023A9E60123A7E60223A5E6D9
:109500002DE9F0410646C4B01446052908D8DFE825
:1095100001F016300773980B3A19102A40F2B78001
:10952000022044B0BDE8F081836B002CF8D153F8E1
:10953000042B42648363002044B0BDE8F081002B1B
:10954000EED1856B1FFA84FC012006F1040E00FAAF
:1095500003F111EA0C0F2A4604D052F8041B4EF80E
:10956000231015460133102BF1D1A004E3D4B563C9
:10957000E1E7012B4FEA1447A4B2CDD0052BCFD1A0
:1095800007EB0408B8F1200FCAD80F2F40F2BD80B6
:10959000002CD0D002685107A04600F11B81019336
:1095A00002AC204600F042F9D6F838C0019B102FDB
:1095B0004FF0FF3239464FF0020E38BF102118FB32
:1095C0000E2E04EBC10184397246604650F8045BEC
:1095D00041F8045F013A551CF8D10CF1040C012B41
:1095E0000CEB8E0200F0D5800F2FB26340F2FA80B0
:1095F000204600F017F99EE7032B91D1A7B207EBA5
:109600001443102B4FEA14448AD80368190700F159
:10961000A38022AD284600F02FF97A00B06B05EB4D
:10962000C404531E42B1011B625844F8042B013B91
:109630005A1CF9D100EBC700B063284600F0FAF8D5
:1096400079E7002B7FF46CAF102C3FF669AF03680D
:10965000D80679D422AD284600F03AF9B76B2946EE
:1096600000234FF0010C0CFA03F22242384603F1BA
:10967000010303D050F8042B0A600746042B01F1C4
:109680000401F0D1B763284600F018F953E7102F12
:109690003FF446AF0268D10708D5304622F00302F6
:1096A00040F8502B019300F0B1F8019B019322ADDB
:1096B000284600F0ABF8D6F838C0002C6BD0019BE0
:1096C0004FF0000802214FF0FF3214FB012E05EB92
:1096D000C70104397246604650F8044B41F8044F04
:1096E000013A541CF8D10CF1040C0CEB8E0CB8F1BF
:1096F000000F39D1012B4ED00F2FC6F838C03FF6DE
:109700001AAF284600F086F815E70268B8F1100F86
:1097100002F001012AD851B1304622F0010242F094
:10972000020240F8502B019300F078F8019B01935E
:1097300022AD284600F072F8019B002CE1D0D6F84B
:1097400038C04FF00008BDE723F01003336006F582
:10975000EC7000F0BDF87DE723F00803036000F52E
:10976000AC7000F089F854E702AC20E7D1B9550796
:1097700026D422AD2846019300F050F802A800F04C
:1097800055F8A8F11008D6F838C0019BC7F11004AD
:1097900098E7944622AD0CF10403B363284600F029
:1097A00031F8C8E622F0010242F0020240F8502BE4
:1097B000019300F033F83268019B12F0040FD8D007
:1097C000304622F0040240F8D82B019300F02EF826
:1097D000019BCEE722F0040240F8D82B019300F061
:1097E00025F8DDE622A800F015F801E700F13401C4
:1097F00091E838009C46A6464CF8045D90E8FF0FBF
:10980000E54600BD90EC210B704700BF80EC210BBA
:10981000704700BF90EC200B704700BF80EC200B1E
:10982000704700BFD0EC200B704700BFC0EC200B8E
:10983000704700BFF0EC0201F0EC0211F0EC0221E5
:10984000F0EC0231F0EC0241F0EC0251F0EC02617C
:10985000F0EC0271F0EC0281F0EC0291F0EC02A16C
:10986000F0EC02B1F0EC02C1F0EC02D1F0EC02E15C
:10987000F0EC02F1704700BFE0EC0201E0EC0211F5
:10988000E0EC0221E0EC0231E0EC0241E0EC0251BC
:10989000E0EC0261E0EC0271E0EC0281E0EC0291AC
:1098A000E0EC02A1E0EC02B1E0EC02C1E0EC02D19C
:1098B000E0EC02E1E0EC02F1704700BFB0FC018196
:1098C000B0FC0191B0FC01A1B0FC01B1704700BF38
:1098D000A0FC0181A0FC0191A0FC01A1A0FC01B1B0
:1098E000704700BFEC4600B52DE900502DE9FF1F81
:1098F0004FF000032DE90C0001A9FFF79DFBDDF8F7
:1099000040E012B0704700BFEC4600B52DE90050B2
:109910002DE9FF1F4FF000032DE90C0001A9FFF70F
:10992000C9FBDDF840E012B0704700BFEC4600B55F
:109930002DE900502DE9FF1F4FF000032DE90C0029
:1099400001A9FFF7D7FBDDF840E012B0704700BF78
:10995000EC4600B52DE900502DE9FF1F4FF0000344
:109960002DE90C0001ABFFF79DFBDDF840E012B0E4
:10997000704700BFEC4600B52DE900502DE9FF1FF0
:109980004FF000032DE90C0001AAFFF717FCDDF8EA
:1099900040E012B0704700BF027A03467AB9427ABB
:1099A000A2B14168013A10B44272086803220C1D4A
:1099B0001A7202025C60000E10BC1A6070470068E8
:1099C000013A1A7202021A60000E7047B020704706
:1099D00000B585B003AA0023009219460C22FFF7B8
:1099E0009FFB039805B05DF804FB00BFF0E700BFE4
:1099F0002DE9F043064685B00D4600272846FFF7BF
:109A0000CBFFB028044600F0218103065ED500F0AC
:109A1000F003A02B1DD033D8802B00F08780902B33
:109A20002AD100F00D030D2B26D00DF108080023DC
:109A300000F00F021946CDF800803046FFF770FBAA
:109A40000023CDF800800D2219463046FFF790FB29
:109A5000D4E7C34303F007034FF47F621A410107C1
:109A600002F47F6201D542F4804200231946304659
:109A7000FFF746FD0028C1D0092005B0BDE8F083FE
:109A8000B02B68D0C02B3FD1C62800F0CC80C728AF
:109A900000F0DF8000F0F803C02B00F0EC80C82855
:109AA00000F0F780C928E7D12846FFF775FF0203C9
:109AB00000F00F0002F4702201300243012105235F
:109AC0003046FFF71DFD002898D0D5E78300DBB2B4
:109AD00003F104080DF1080900231946CDF80090A0
:109AE0000D223046FFF71CFB029ACDF8009060066D
:109AF0004CBFA2EB080242440023029219460D22F9
:109B00003046FFF735FB79E700F0F803D02BB3D1EF
:109B100000F007020132052342F400220121304601
:109B2000FFF7EEFC00283FF469AFA5E72846FFF7F2
:109B300033FF24022043B0F5004F9DD004010023E1
:109B4000A2B219463046FFF7DBFC002894D1C4F3DB
:109B5000C030074352E7A0F1B103042B00F2B580F7
:109B6000DFE803F05729160C030003AA0023009234
:109B700019460D223046FFF7D3FA3FE700231A4675
:109B800005213046FFF7BCFC00283FF437AF73E7F0
:109B90002846FFF701FF020300F00F00013002F436
:109BA00070220123024319463046FFF7A9FC002822
:109BB0003FF424AF60E700230DF108090D22194698
:109BC000CDF800903046FFF7ABFA2846FFF7E4FEE9
:109BD0000206029C4FF002080CD500F07F0000FA4C
:109BE00008F0044428460294FFF7D6FE030608F165
:109BF0000708F2D400FA08F004F5017420440023A9
:109C00000290CDF800900D2219463046FFF7B0FAC9
:109C1000F4E62846FFF7C0FE431EDBB20E2B0246D9
:109C20007FF623AF28E72846FFF7B6FE020300F0D1
:109C30000F00013002F4702203230243194630461C
:109C4000FFF75EFC00283FF4D9AE15E76FB30020A4
:109C500013E72846FFF7A0FE431EDBB20E2B024699
:109C60003FF60AAF002304213046FFF749FC0028E5
:109C70003FF4C4AE00E700F00F020132032342F4C8
:109C8000202219463046FFF73BFC00283FF4B6AED1
:109C9000F2E62846FFF780FE00F0F00200F00F0326
:109CA0001032013343EA023208E702AC3B46394640
:109CB00000940E223046FFF733FA0F2200943B4601
:109CC00039463046FFF754FAC1E700F0FC03B42BE5
:109CD0003FF4D2AE00F007020132012342F4002229
:109CE00019463046FFF70CFC00283FF487AEC3E668
:109CF00010B5C26C536884B04FF0030C08321C02DC
:109D000008461B0E01A9019402928DF80CC08DF833
:109D10000D30FFF76DFE04B010BD00BF08B5FFF7B2
:109D200065FE806C08BD00BF08B5FFF75FFEC06C24
:109D3000C37900EB8300083008BD00BF704700BF47
:109D4000024B58221A604FF0FF3070471C0600206B
:109D5000024B58221A604FF0FF3070471C0600205B
:109D6000024B58221A604FF0FF3070471C0600204B
:109D7000024B58221A600020704700BF1C060020CA
:109D8000024B58221A604FF0FF3070471C0600202B
:109D9000024B58221A604FF0FF3070471C0600201B
:109DA000024B58221A604FF0FF3070471C0600200B
:109DB000FEE700BFF1EE103A43F08073E1EE103A97
:109DC000704700BF0749CA6803024FF6FF0003F45B
:109DD000E0630240134343F0BF6343F40033CB60BE
:109DE000704700BF00ED00E01B4BDB68C3F30223AC
:109DF00000B5C3F1070EBEF1040F03F1040C28BF38
:109E00004FF0040EBCF1060F1CD9A3F1030C4FF068
:109E1000FF3303FA0CF322EA03024FF0FF3303FA95
:109E20000EF321EA030303FA0CF313431B0100288A
:109E3000DBB20ADB00F1604000F5614080F80033DE
:109E40005DF804FB00229446E7E7044A00F00F00A7
:109E5000024413765DF804FB00ED00E0FCEC00E04A
:109E60004109044A00F01F000123834042F82130D9
:109E7000704700BF00E100E04309044900F01F0003
:109E800001222033824041F82320704700E100E0A6
:109E90000138B0F1807F01D30120704710B44FF03A
:109EA000E023074C58614FF0F00C84F823C00022E7
:109EB000072110469A615DF8044B1961704700BF95
:109EC00000ED00E04FF0E022042813690CBF43F0DE
:109ED000040323F004031361704700BF08B5134661
:109EE0000A460221C0E90633C0F8F411002102F04D
:109EF00003FD002008BD00BF08B513460A46002137
:109F000002F0FAFC002008BD08B513460A460321FA
:109F1000C0E94233C0F8F411002102F0F9FC00203E
:109F200008BD00BF08B513460A46002102F0F0FC48
:109F3000002008BD08B504220023C0F8F42119460A
:109F40001A4602F0D9FC002008BD00BF08B5052262
:109F50000023C0F8F42119461A4602F0D9FC00206B
:109F600008BD00BF30B5014689B000222D20FFF7A3
:109F70003BFF2D20FFF774FF0024164B02941A6C50
:109F800042F480721A641B6C03F4807301A903A865
:109F90000293029B05F008FC05F0E6FB0E4A0F4910
:109FA0004300A2FB03230E489B0C40F2E732013B27
:109FB000C0E90324054643600160846008F064FB47
:109FC00010B1012009B030BD284608F0B1F809B041
:109FD00030BD00BF0038024083DE1B43002000403C
:109FE0006007002000287BD038B590F82030044668
:109FF000002B72D02268136823F00203136004F070
:10A000000DFE054604E004F009FE401B0A285BD85B
:10A0100023685A689107F6D41A6842F001021A6060
:10A0200004F0FCFD054604E004F0F8FD401B0A289E
:10A030004AD823685A68D207F6D5227E012A1A68C0
:10A040000CBF42F0800222F080021A60627E012A78
:10A050001A680CBF42F0400222F040021A60A27E51
:10A06000012A1A680CBF42F0200222F020021A6076
:10A07000E27E012A1A680CBF22F0100242F01002A0
:10A080001A60227F012A1A680CBF42F0080222F0EF
:10A0900008021A60627F012A1A680CBF42F00402AB
:10A0A00022F004021A60D4E90220216902430A4323
:10A0B00060696168024301390A4300200121DA61C5
:10A0C000606284F8201038BD636A052243F40033CF
:10A0D000636284F82020012038BD05F069F889E723
:10A0E0000120704790F82020012A0AD090F8202003
:10A0F000022A034605D0426A42F4802201205A62B5
:10A100007047404BD3F800220120024330B4C3F81B
:10A110000022D3F8002222F47C52C3F80022D3F8A4
:10A1200000224C6A42EA0422C3F800224A69D3F8AA
:10A130001C42904024EA0004C3F81C42CD69C44389
:10A14000002D45D1D3F80C522540C3F80C52D20053
:10A15000CD688B8802F1804202F5C84243EA05438C
:10A16000C2F840328D680B8843EA0543C2F8443296
:10A170008B69244A33BBD2F804322340C2F804323C
:10A180000B69C3B91F4BD3F814221440C3F814420F
:10A190000B6A012B05D11B4AD2F81C320343C2F8CB
:10A1A0001C32184AD2F8003223F00103002030BCE0
:10A1B000C2F800327047134AD2F814320343C2F88F
:10A1C0001432E5E7D2F804320343C2F80432D7E789
:10A1D000012DCDD1D3F80C520543C3F80C52D20057
:10A1E0000D688B8802F1804202F5C84243EA0543BC
:10A1F000C2F840328D688B8943EA0543C2F8443285
:10A20000B6E700BF0064004038B590F82030012B5D
:10A21000044605D0436A43F400234362012038BD5D
:10A220000268022380F82030136823F001031360D2
:10A2300004F0F4FC054604E004F0F0FC431B0A2B98
:10A2400007D823685B6813F00103F5D163621846F1
:10A2500038BD636A052243F40033636284F820202A
:10A26000DCE700BF38B590F82030022B044605D05B
:10A27000436A43F480134362012038BD02681368C7
:10A2800043F00103136004F0C9FC054604E004F048
:10A29000C5FC431B0A2B0CD823685A68D207F6D595
:10A2A0001A68012122F002021A6084F820100020AE
:10A2B00038BD636A052243F40033636284F82020CA
:10A2C000DAE700BF30B490F82040012C0AD090F8B3
:10A2D0002040022C06D0436A43F4802343620120CD
:10A2E00030BC70470568AC68640105D4AC682401D3
:10A2F00002D4AC68E40038D5A8680124C0F301603A
:10A3000084401C60D1E902433CB31C434B6844EADF
:10A31000C30400F118031B01EC5005EB001C0B6992
:10A32000CCF884310B7D012B4FEA001005D1DCF80D
:10A33000843143F48073CCF884312B185168C3F80E
:10A340008C111268C3F88821DCF8803143F00103D6
:10A35000002030BCCCF8803170470C6843EA44538D
:10A3600000F1180424012B51D7E7436A43F400138A
:10A370004362B4E790F82030012B05D090F82030EC
:10A38000022B01D000207047036898689A689B6888
:10A390001201C0F3806048BF0130DB00F3D501300B
:10A3A000704700BF70B590F82040012C09D090F89C
:10A3B0002040022C05D0436A43F4802343620120ED
:10A3C00070BD0468002959D1E568AE075BD004EB85
:10A3D000011C4FEA011EDCF8B05105F00405956040
:10A3E000002D5DD1DCF8B0516D0D1560DCF8B05179
:10A3F000C5F34005D560DCF8B451DCF8B46105F074
:10A400000F0515617444DCF8B451C6F30726966154
:10A410002D0CD4F8B86155611E7002687244D2F8F0
:10A42000B821120A5A7002687244D2F8B821120C8C
:10A430009A7002687244D2F8B821120EDA7002687B
:10A440007244D2F8BC211A7102687244D2F8BC215D
:10A45000120A5A7102687244D2F8BC21120C9A7125
:10A4600002687244D2F8BC21120EDA7181B9026816
:10A47000D36843F02003D360002070BD0129A6D12A
:10A480002569AD07A3D1436A43F40013436296E7FD
:10A490000129F1D10268136943F020031361EBE74E
:10A4A000DCF8B051ED085560A0E700BF90F820300F
:10A4B000012B05D090F82030022B01D000207047EE
:10A4C000036819B9D86800F003007047186900F0F4
:10A4D0000300704790F82020012A034609D090F825
:10A4E0002020022A05D0426A42F4802201205A62CA
:10A4F00070471A6853690B4300205361704700BFCF
:10A5000090F82020012A034609D090F82020022A42
:10A5100005D0426A42F4802201205A6270471A68CC
:10A52000536923EA01030020536170472DE9F84F76
:10A5300003685C69D3F804809F68D3F80CB0D3F843
:10A540001090D3F818A014F0010605461FD0F907A3
:10A5500000F182800026F9050BD52B684FF480723C
:10A560009A60BA0500F1B4807B0540F1D28046F4D0
:10A570000056F9030BD52B684FF480329A60BA036A
:10A5800000F19F807B0340F1C98046F4004621071B
:10A5900002D51BF0100F59D1620702D51BF0080F2E
:10A5A0006FD1A30703D52B68DB689F0770D16006C6
:10A5B00002D519F0100F5AD1A10602D519F0080FD3
:10A5C00071D1E20603D52B681B699B0755D1A70300
:10A5D00002D518F0100F5FD1E00302D518F0080F74
:10A5E00068D121042ED518F0040F2B6828D0E2057D
:10A5F00044BF0AF001021643A70516D51AF0020F50
:10A6000013D0600546F0020604F4006266D51AF025
:10A61000040F61D18AB904225A606B6A3343284619
:10A620006B6220F099F8BDE8F88F610504F40062D0
:10A6300002D51AF0040F4FD112B11AF0700A52D19C
:10A6400004225A60002EE8D1BDE8F88F2B68102252
:10A6500046F40076DA609FE701229A60BA0734D4A4
:10A660007B0760D43E0770D54FF4805673E72B68A4
:10A67000102246F480661A619EE7284620F064F8AE
:10A68000A5E72B680822DA60284620F05BF888E707
:10A69000284620F04BF88AE72B6810225A6028469B
:10A6A00020F056F898E72B6808221A61284620F017
:10A6B0004DF886E72B6808225A60284620F04AF8B1
:10A6C0008FE7284620F02AF861E720F023F841E7D9
:10A6D000284620F021F84CE746F00406002A9AD0DC
:10A6E0001AF0700A97D0BAF1400F3ED01ED8BAF1D6
:10A6F000200F55D0BAF1300F49D0BAF1100F2FD139
:10A700009A69042122F070029A6146F008065960A5
:10A7100083E7380520D546F480462AE7380317D565
:10A7200046F4803633E74FF4006614E7BAF1500F71
:10A7300024D0BAF1600F13D19A69042122F070027B
:10A740009A6146F48076596067E71FF0E9FF01E7F8
:10A7500028461FF0E9FF1AE728461FF0E3FF08E745
:10A760009A6922F070029A616AE79A69042122F0DC
:10A7700070029A6146F0400659604EE79A690421DA
:10A7800022F070029A6146F08006596045E79A69A6
:10A79000042122F070029A6146F0200659603CE7DD
:10A7A0009A69042122F070029A6146F010065960FD
:10A7B00033E700BF406A704790F82020012A034623
:10A7C00009D090F82020022A05D0426A42F4802263
:10A7D00001205A62704700205862704784B00DF122
:10A7E000040C8CE80E00069B012B30D1836B0D9A74
:10A7F00023F480338363C36823F4840323F040038A
:10A80000C360C368012A23F44013C36039D01F4BCF
:10A8100001E0013B0DD00269002AFADA02691B4B04
:10A8200042F00102026101E0013B02D00269D1075E
:10A83000FAD4049B012B07D1836843F0060383609D
:10A84000836843F020038360002004B07047C2682F
:10A850000E4B42F04002C26001E0013B0DD00269A4
:10A86000002AFADA0269094B42F00102026101E0B2
:10A87000013B02D00269D207FAD44FF480338363DC
:10A88000D7E7C36843F48013C360C0E7400D0300FB
:10A89000034600209A6842F001029A60704700BFA8
:10A8A000034600209A6822F001029A60704700BFB8
:10A8B00008B5C368012923F0C043C36009D019B9A2
:10A8C000C36843F08043C360322004F0ADF9002038
:10A8D00008BDC36843F00053C360322004F0A4F9FC
:10A8E000002008BD84B02DE9704307AC84E80E0059
:10A8F000119C0A9D836B002C40F08D8043F4001363
:10A9000083630023C0F8003E0C9BD0F80028C0F8F9
:10A910000028012B00F5006C00F09480D0F800387E
:10A9200043F00303C0F800384FF4846303614C4BD9
:10A9300001E0013B02D002699606FAD410230361BC
:10A94000474B01E0013B02D00269D206FAD4002253
:10A950004FF0FF33CCF81020CCF81420CCF818308E
:10A96000CCF81C2071B300F5106396464FF0904967
:10A970004FF0FF081E680132002EB4BFC3F80090EC
:10A98000C3F800E09142C3F810E0C3F8088003F177
:10A990002003EFD1002200F5306396464FF0904936
:10A9A0004FF0FF081E680132002EB4BFC3F80090BC
:10A9B000C3F800E09142C3F810E0C3F8088003F147
:10A9C0002003EFD1DCF81030012D23F48073CCF894
:10A9D000103024D000226FF08043826143611DB9A2
:10A9E000836943F01003836181691E4B0D9A0B4309
:10A9F00083611AB1836943F008038361012C05D197
:10AA0000836943F0804343F004038361BDE87043EE
:10AA1000002004B0704743F40023836371E7124BB6
:10AA2000CCF83030DCF8303043F4803343F00303AB
:10AA3000CCF8303000226FF08043DCF830108261B7
:10AA40004361D1E7099B23B9D0F80038C0F800383A
:10AA50006AE7D0F8003843F00103C0F8003863E734
:10AA6000400D030000383C8000018000890141F066
:10AA70002001064A016101E0013A05D0036913F0A3
:10AA80002003F9D11846704703207047400D03009A
:10AA900000F50062D0F8080810F0060014D09368A2
:10AAA00003F00603022B0ED0936803F00603062B77
:10AAB00009D0906800F00600A0F10400B0FA80F020
:10AAC0004009400070470320704700BF10B54C7824
:10AAD00091F800C00123012C00F5006E03FA0CF37D
:10AAE0004FEA4C1219D0DEF81C4000F5306044EA01
:10AAF0000343CEF81C3083581B040CD48B68845855
:10AB0000C978C3F30A03234343EA814343F08053E4
:10AB100043F400438350002010BDDEF81C409BB27C
:10AB2000234300F51060CEF81C3083581C04F2D487
:10AB30008B688458C978C3F30A03234343EA8143EB
:10AB400043EA8C5343F0805343F400438350002086
:10AB500010BD00BF10B44A7891F800C0012A4FEA36
:10AB60004C1327D000F53062D118D45824F4004497
:10AB7000D4504FF00064D4504FF08044D450244B54
:10AB800001E0013B3FD08A68D206FAD4D0F80438FD
:10AB900043F48063C0F80438D0F81C384FF4803296
:10ABA00002FA0CF223EA0203C0F81C3800205DF818
:10ABB000044B704700F51062D118D45824F40044B7
:10ABC000D4504FF00064D4504FF08044D450104B18
:10ABD00001E0013B17D08A685400FAD44FF4846234
:10ABE0000B4B026101E0013B02D002699106FAD4ED
:10ABF0000123D0F81C2803FA0CF39BB222EA0303CA
:10AC0000C0F81C38D2E703205DF8044B704700BF42
:10AC1000400D03002DE9704F82B0CC7801944C7840
:10AC20000D784B69012C4FEA451C4DD000F5306E74
:10AC30000EEB0C048D68D4F810806FF31208C4F882
:10AC40001080D4F810806FF3DC48C4F810808BB308
:10AC5000DFF8A0812B44013BB3FBF5F308EAC348BE
:10AC60009BB203FB05F5236948EA030323612369CB
:10AC7000C5F312051D432561012A04BFCB6863613A
:10AC8000019B012B0CD1D0F8083813F4807F5EF8BB
:10AC90000C300CBF43F0005343F080534EF80C309F
:10ACA0005EF80C3043F004434EF80C30002002B044
:10ACB000BDE8708F2369C5F312051D432561236923
:10ACC00043F400232361D7E700F5106808EB0C0E6E
:10ACD000002B3FD1DEF810406FF3DC44CEF810407B
:10ACE000DEF8104044F40024CEF81040DEF81040A6
:10ACF000012A6FF31204CEF8104002D10C69CEF88D
:10AD00001440019C012C55D1D0F8084814F4807FE0
:10AD100058F80C400CBF44F0005444F0805448F8FC
:10AD20000C4058F80C4044F0044448F80C40002A09
:10AD3000BCD19BB203339A08B8D0CB6800F58050E1
:10AD400000EB053003EB820153F8042B02609942BB
:10AD5000FAD1ABE7DEF810908E686FF31209CEF8E7
:10AD60001090DEF810906FF3DC49CEF81090DFF809
:10AD70008490DEF810B006EB030A0AF1FF3ABAFB42
:10AD8000F6FA09EACA4949EA0B09CEF81090DEF84A
:10AD900010A0019EC3F3120949EA0A09012ECEF858
:10ADA000109011D0012A21D0D0F83438AC401C4387
:10ADB000C0F8344858F80C30002043F0044348F8F9
:10ADC0000C3002B0BDE8708FDEF8104024F0C044B3
:10ADD000CEF81040DEF81040012A44F00054CEF8BE
:10ADE000104091D10C69CEF814408DE70B69CEF874
:10ADF0001430DFE70000F81F4B7870B50C784D6910
:10AE0000012B4FEA441C26D000F5306000EB0C0308
:10AE10008C681E696FF312061E611E696FF3DC46B3
:10AE20001E61B5B91D6945F400251D611D69012A22
:10AE3000C4F3120408BFCA6844EA05041C6108BFD1
:10AE40005A6150F80C3043F0044340F80C300020B5
:10AE500070BD4C61E6E700F5106606EB0C039DB390
:10AE6000D3F810E06FF3120EC3F810E0D3F810E03F
:10AE70006FF3DC4EC3F810E0D1F808E0AE453CBFFC
:10AE8000C1F814E07546D3F810E04EF4002EC3F874
:10AE900010E0D3F810E0C5F3120545EA0E051D6178
:10AEA00056F80C50012A45F0044546F80C501FD0C6
:10AEB0004B69002BCBD0D0F834280123A340134397
:10AEC000C0F83438002070BD1D696FF3DC451D618A
:10AED0001D6945F400251D611D696FF312051D6193
:10AEE00056F80C50012A45F0044546F80C50DFD1C5
:10AEF0000A695A61002070BD10B49DF804406CB915
:10AF000003339B080AD000F5805000EB023201EBBE
:10AF1000830351F8040B10608B42FAD100205DF8D6
:10AF2000044B7047033210B594080DD000F5805CD7
:10AF300001EB840E0B46DCF8002043F8042B73452C
:10AF4000F9D101EB840010BD084610BD4A780B789A
:10AF5000012A4FEA43130ED000F53060C258002A90
:10AF600003DBC25822F08042C250C25842F40012A1
:10AF7000C2500020704700F51060C258002AF0DA75
:10AF8000F3E700BFCB780A78497801290CBF00F5B8
:10AF9000106000F530605201023B8158DBB221F4B1
:10AFA0000011012B815003D8835843F08053835004
:10AFB00000207047D0F8003823F4FE63C0F8003852
:10AFC000D0F80038090101F4FE611943C0F80018F7
:10AFD0000020704708B503460320D3F8042822F068
:10AFE0000202C3F8042803F01FFE002008BD00BFC2
:10AFF00008B503460320D3F8042842F00202C3F840
:10B00000042803F011FE002008BD00BF42698069DA
:10B0100010407047D0F81838D0F81C081840000CC1
:10B02000704700BFD0F81838D0F81C08184080B21C
:10B03000704700BF00EB4113D3F8082BD0F8140879
:10B0400010407047D0F81028D0F8343800EB411089
:10B05000CB40DB01D0F80809DBB21343184070473E
:10B06000406900F001007047D0F8002900F5006346
:10B070006FF30A02C0F800299A6802F00602042A57
:10B0800005D1D0F8002942F00302C0F800295A681F
:10B0900042F4807200205A60704700BF10B4002450
:10B0A000C0F8104BD0F8104B44F40024C0F8104BFB
:10B0B000D0F8104B44F01804C0F8104BD0F8104BE7
:10B0C000012944F0C044C0F8104B05D14FF0802155
:10B0D000C0F8142BC0F8001B00205DF8044B70472B
:10B0E00000B59FED0B7B89B070210122CDE90012E4
:10B0F00000230C2269468DED047BCDE902330693D3
:10B1000007F068FC09B05DF804FB00BFAFF30080F6
:10B11000000000000000000010B5184818498CB06D
:10B1200001604FF6FF71C160032100230124042256
:10B13000039103A9C0E90133CDE90434CDE9063216
:10B14000CDE90834CDE90A32036107F00DFB50B9AF
:10B150000022002309486946CDE9002300F0E0FB06
:10B1600030B90CB010BD0748EA2101F069FAEFE7E9
:10B170000448F12101F064FA0CB010BD90080020E1
:10B1800000040040F4C0020810B5194819498CB0F9
:10B1900001604FF6FF71C1600321002301240422E6
:10B1A000039103A9C0E90133CDE90434CDE90632A6
:10B1B000CDE90834CDE90A32036107F0D5FA50B978
:10B1C000002200230A486946CDE9002300F0A8FBCD
:10B1D00038B90CB010BD084840F20B1101F030FA3C
:10B1E000EEE705484FF4897101F02AFA0CB010BD62
:10B1F0005408002000080040F4C0020810B523489D
:10B20000234986B000234FF0FF32C0E90013C0E9A4
:10B210000232036107F08CFAF8B9002200231B48C0
:10B220006946CDE9002300F07BFB48BB0A200122E0
:10B23000CDE90202002108220F230491134805934F
:10B240000DEB020107F014FBA0B910480C2202A973
:10B2500007F00EFB38B906B010BD0E4840F22311BE
:10B2600001F0EEF9D9E70B484FF49C7101F0E8F9D1
:10B2700006B010BD074840F2331101F0E1F9E4E7F0
:10B2800004484FF4957101F0DBF9CFE7180800206E
:10B29000000C0040F4C002080A480B4910B5002316
:10B2A00042F60312C0E90013C0E90232036107F05D
:10B2B000EBF900B910BDBDE81040044840F285111B
:10B2C00001F0BEB9A0070020001C0040F4C0020835
:10B2D00000B51B4A0368934283B005D0194A9342D4
:10B2E00018D003B05DF804FB0022174B0092596C94
:10B2F00041F0010159645B6C03F0010300931146B6
:10B300001920009BFEF770FD192003B05DF804EBD7
:10B31000FEF7A6BD00220C4B0192196C41F0800192
:10B3200019641B6C03F08003019311462C20019BD0
:10B33000FEF75AFD2C2003B05DF804EBFEF790BD3C
:10B3400000000140001C00400038024010B50368B6
:10B35000B3F1804F82B004D0194A934210D002B0AA
:10B3600010BD03F50E33002200921A6C42F0010268
:10B370001A641B6C03F001030093009B02B010BD24
:10B380000024104B0194596C41F0020159645B6C2C
:10B3900003F002032246214601932C20019BFEF775
:10B3A00023FD2C20FEF75CFD224621462D20FEF7D2
:10B3B0001BFD2D2002B0BDE81040FEF751BD00BFBF
:10B3C000000401400038024000B5294A0368934256
:10B3D00089B005D0274A934221D009B05DF804FB1B
:10B3E000254B002200921A6C42F002021A641B6C78
:10B3F00002229FED1B7B00200021CDE904011340B8
:10B4000000F18040009300F5013002A98DED027B30
:10B41000009B069207F0A0FD09B05DF804FB164BF7
:10B42000002201921A6C42F004021A641B6C9FED18
:10B430000E7B00200021CDE9040103F0040300F19C
:10B4400080400222019300F5013002A98DED027BBC
:10B45000019B069207F080FD09B05DF804FB00BF78
:10B460003000000002000000C000000002000000E8
:10B4700000040040000800400038024000000000C6
:10B48000194B02689A4200D0704710B588B003F596
:10B490000B3300240194196C14489FED0F7B41F08D
:10B4A000080119641B6C8DED027B9FED0D7B03F091
:10B4B0000803019302A902238DED047B0693019AF0
:10B4C00007F04AFD224605213220FEF78DFC32208E
:10B4D000FEF7C6FC08B010BD0C0000000200000022
:10B4E0000000000000000000000C004000000240CE
:10B4F000D0B5324A0368934286B007D0B3F1804F8B
:10B5000021D02F4A934232D006B0D0BD4FF46042D2
:10B51000022300260027012469462A480494CDE925
:10B520000023CDE9026707F017FD4FF4E062022324
:10B53000254804946946CDE90267CDE9002307F068
:10B540000BFD06B0D0BD4FF440600221CDE90001F3
:10B5500000F1804001230026002700F5FC306946F9
:10B56000CDE90267049307F0F7FC06B0D0BD0026D2
:10B570000027032480220223694613480494CDE95E
:10B580000023CDE9026707F0E7FC032202236946A6
:10B590000C480494CDE90023CDE9026707F0DCFCF8
:10B5A0004FF4E0720223094804946946CDE902672A
:10B5B000CDE9002307F0D0FC06B0D0BD000001406B
:10B5C0000004014000040240000002400008024064
:10B5D00010B55548554C0023602296B040F6AC514A
:10B5E000C4E90003A26020460222C4E90313626199
:10B5F00007F04AF800285DD14FF480534B4802937E
:10B6000002A906F057FE002840F08580474807F061
:10B6100073F800287AD1454807F052F8002870D115
:10B620002022002341486946CDE9002300F078F943
:10B63000002861D1002000210022CDE90A017023F9
:10B640003A480C9206A9CDE90632CDE9082207F066
:10B65000EDF900284BD13548042206A907F0E6F998
:10B6600000283FD13148082206A907F0DFF9002859
:10B6700033D100232D4806930C2206A907F0AAF91E
:10B6800030BB9FED277B4FF400604FF48061CDE924
:10B690000E0100231422254814930EA98DED127B70
:10B6A000CDE9103200F062F948B92048FFF720FFD9
:10B6B00016B010BD1E48652100F0C2FF9CE7A42112
:10B6C0001B4800F0BDFF1948FFF712FF16B010BD70
:10B6D0001748982100F0B4FFD3E71548922100F0F5
:10B6E000AFFFC6E712488D2100F0AAFFBAE7104865
:10B6F000882100F0A5FFAEE70D487C2100F0A0FFF7
:10B7000098E70B48752100F09BFF89E708487021F6
:10B7100000F096FF7FE706486B2100F091FF75E788
:10B720000000000000200000000001400809002087
:10B73000F4C0020810B5284C00234FF080408AB0B6
:10B740006021C4E900034FF480522046C4E903237A
:10B75000A16006F0D1FF38BB002200231E486946D5
:10B76000CDE9002300F0DCF888BB02227020002124
:10B7700004920822CDE902010023174806930DEB3D
:10B78000020107F053F9E8B941F20104002312481D
:10B790000C2202A9CDE9034307F048F948B90E4845
:10B7A000FFF7A6FE0AB010BD0C48B72100F048FF15
:10B7B000D2E7CE21094800F043FF0748FFF798FE83
:10B7C0000AB010BD0548C72100F03AFFDCE7034886
:10B7D000BE2100F035FFC8E7CC080020F4C0020805
:10B7E00010B54148414C0023602292B040F6AC5164
:10B7F000C4E90003A26020460222C4E90313626187
:10B8000006F07AFF002841D12022002337486946FC
:10B81000CDE9002300F084F8002859D10020002150
:10B820000022CDE9060170233048089202A9CDE933
:10B830000232CDE9042207F0F9F8002842D12B4862
:10B84000042202A907F0F2F8002835D1082227487F
:10B850000DEB020107F0EAF840BB9FED217B4FF4AE
:10B8600000604FF48061CDE90A01002314221F48D3
:10B8700010930AA98DED0E7BCDE90C3200F076F81D
:10B8800050B91A48FFF734FE12B010BD184840F204
:10B890004B1100F0D5FEB7E74FF4BA71144800F031
:10B8A000CFFE1248FFF724FE12B010BD10484FF42F
:10B8B000B47100F0C5FED0E70D4840F2631100F00E
:10B8C000BFFEC3E70A484FF4AF7100F0B9FEB6E718
:10B8D00007484FF4A97100F0B3FE9FE7AFF3008073
:10B8E000000000000020000000040140DC070020F0
:10B8F000F4C0020803680422186A02FA01F120EA7F
:10B90000010018621A6A114319625A6C42F400422B
:10B910005A641A6842F0010200201A60704700BFA2
:10B9200090F83830012B1FD002460368022030B552
:10B9300082F8390058680D684C6820F07000586033
:10B94000586828435860996821F080019960996887
:10B950004FF0000C21434FF0010E996082F839E05E
:10B9600082F838C0604630BD0220704790F8383009
:10B97000012B23D010B4D1E9024323F440730246D3
:10B98000234348680C6823F48063034323F4006373
:10B990000869234323F48053034348698C6923F4E3
:10B9A0000053034323F440431068002123434364BE
:10B9B00082F8381008465DF8044B70470220704743
:10B9C000704700BF704700BF10B404681204636A78
:10B9D00029B91A43A26200205DF8044B7047A06A9F
:10B9E000013903EB104C09D0002304EB8300013331
:10B9F000D0F8040199420CEB104CF6D104EB810411
:10BA000042EA0C02C4F8042100205DF8044B7047A0
:10BA1000036800205962704710B582B000241C4BA7
:10BA20000094196B41F400111963186B00F40010B5
:10BA3000009000980194186B40F4800018631B6B11
:10BA400003F480032246052101930B20019BFEF79E
:10BA5000CBF90B20FEF704FA224605210D20FEF754
:10BA6000C3F90D20FEF7FCF9224605210F20FEF751
:10BA7000BBF90F20FEF7F4F9224605211020FEF74E
:10BA8000B3F9102002B0BDE81040FEF7E9B900BFDD
:10BA9000003802402DE9F04106681F46B36831EADC
:10BAA00003030CBF012300239A420DD07B1C0C46DC
:10BAB000154618BF80460AD1B36834EA03030CBFA9
:10BAC00001230023AB42F7D10020BDE8F08187B10C
:10BAD00003F0A4F8069BD8F80060C01AB84208D258
:10BAE000B36834EA03030CBF012300239D42EED167
:10BAF000EAE77368D8F8042023F0E003B2F5827F08
:10BB0000736016D0D8F82830B3F5005F07D0012253
:10BB1000002388F8512088F850300320D5E7336897
:10BB20004DF6FF7213403360336843F400533360C3
:10BB3000EDE7D8F80830B3F5004F02D0B3F5806FC9
:10BB4000E0D1336823F040033360DBE700283BD0CB
:10BB500038B590F8513000220446826203F0FF01AC
:10BB600063B31046D4E90131E26825680B431343FF
:10BB7000D4E904120B431343E269022184F8511003
:10BB80001343226A29681343A26921F04001296006
:10BB900002F4007C616A120C43EA0C0302F0040216
:10BBA00003430A432B606A60EB69002023F40063BF
:10BBB0000122EB61606584F8512038BD80F8501097
:10BBC00000F0E2FEA06ACDE70120704798B102685C
:10BBD000022310B580F85130136823F04003044667
:10BBE000136000F059FF0023636584F8503084F837
:10BBF0005130184610BD0120704700BF2DE9F043B9
:10BC0000044690F85000012885B063D01D460123FA
:10BC100084F850300E46914603F000F894F8513005
:10BC2000012B07465FFA83F80BD04FF00208012280
:10BC30000023404684F8512084F8503005B0BDE818
:10BC4000F083002EF3D0B9F1000FF0D0A268266384
:10BC500000230321B2F5004F84F85110C4E91033DA
:10BC60006365A363A387A4F83690A4F83490E387B0
:10BC700023685AD01A68520603D41A6842F0400268
:10BC80001A60E1686268B1F5006F29D0002A51D0CE
:10BC9000E28E92B2012A4DD0E38E9BB25BB951E0A5
:10BCA00016F8012B1A73E38E013B9BB2E386E28EFA
:10BCB00092B2002A46D023689A689207F0D435B130
:10BCC0006B1CF4D002F0AAFFC01BA842EFD34FF0C8
:10BCD0000308ACE74FF00208404605B0BDE8F0832A
:10BCE000002A50D136F8022BDA60E28E013A92B285
:10BCF000E286E28E92B25AB924E036F8022BDA607C
:10BD0000E38E013B9BB2E386E38E9BB2D3B1236803
:10BD10009A689007F1D4002DD9D0691CF4D002F0B4
:10BD20007DFFC01BA842EFD3D1E71A6842F48042DE
:10BD30001A609FE716F8012B1A73E38E013B9BB242
:10BD4000E386A9E700972B46012202212046FFF750
:10BD5000A1FE0028BBD1024600972B468021204639
:10BD6000FFF798FEA0B9A36833B922680393D3689C
:10BD7000039393680393039B636DB3F1000818BFAB
:10BD80004FF0010853E7E28E92B2012AB1D1A9E740
:10BD9000636D202213436365626548E72DE9F04334
:10BDA000164690F8502085B0012A0C9F00F098802C
:10BDB00004469946012380F850300D4602F02EFFCC
:10BDC00094F851206168012A8046D3B211D0B1F5B0
:10BDD000827F09D002200122002384F8512084F8B8
:10BDE000503005B0BDE8F083A268002AF2D1042BE0
:10BDF000F0D1002D7DD0002E7BD0B9F1000F78D08E
:10BE000094F85130A663012B04BF052384F8513008
:10BE100000236365C4E910332368A4F83E90A4F8B6
:10BE200036901A68A4F83C9050062563A4F8349024
:10BE300003D41A6842F040021A60E268B2F5006F5B
:10BE400059D0002900F08B80E28E92B2012A00F0D6
:10BE500086804FF00109E38E9BB21BB9E38F9BB242
:10BE6000002B5CD0B9F1000F1BD1E38F9BB2002BEC
:10BE70002CD02068826812F00102314626D0C368B7
:10BE800001F8013BE38F013B9BB2E3877B1C71D13F
:10BE9000E38E9BB2002B70D1E38F9BB2002B3ED080
:10BEA0000E46E38E9BB2002B61D023689A689107FF
:10BEB0005DD515F8012B1A73E38E013B9BB2E38627
:10BEC000E38F9BB24FF00009002BD2D17A1CC2D075
:10BED00002F0A4FEA0EB0800B842BCD303207AE72E
:10BEE000022005B0BDE8F083636D20221343636533
:10BEF000626501206FE7002940F08F8035F8022B42
:10BF0000DA60E38E013B9BB2E3864FF00109E38EDA
:10BF10009BB2002B3ED1E38F9BB2002B3AD1CDF8E0
:10BF200000803B46012202212046FFF7B3FD002896
:10BF3000D4D10246CDF800803B4680212046FFF751
:10BF4000A9FD0028D0D1A368002B7FF444AF23685B
:10BF50000390DA6803929B680393039B3BE715F811
:10BF6000012B1A73E38E013B9BB2E38671E74FF01E
:10BF700001097AE791460E46AAE7E38E9BB23BB9E8
:10BF8000E38F9BB20E469146002B7FF472AF62E7BF
:10BF90000E468AE7B9F1000F21D1E38F9BB2002B47
:10BFA00031D02368996811F001012CD0DA6826F8A5
:10BFB000022BE28F013A92B2781CE28736D1E28EF0
:10BFC00092B242B1E28E92B26AB9E28F92B28946DF
:10BFD000002AE7D19BE7E38F9BB2002B9FD0E38E33
:10BFE0009BB203B323689A6892071CD535F8022BDD
:10BFF000DA60E38E013B9BB2E386E38F9BB24FF0A6
:10C000000009002BCDD17B1C81D002F007FEA0EBF4
:10C010000800B842FFF47BAF60E7E28E92B2012ADB
:10C020007FF473AF6AE74FF00109B6E78946ECE7A2
:10C0300038B5044690F85000012867D0012084F8F4
:10C04000500094F8510001285FFA80FC0ED060681F
:10C05000B0F5827F04D00220002384F8503038BD30
:10C06000A0680028F7D1BCF1040FF4D100294BD00F
:10C07000002A49D0002B47D094F8510021630128B1
:10C0800004BF052084F8510000206065E386E38743
:10C0900094F85110A3860429C4E91000E06CA3872A
:10C0A00019BF1B491B4B1C4B1C49A2631C4D03644D
:10C0B000E38FC1632168C56400259BB20C3105651F
:10C0C00001F07AF92268A06C5368216B43F00103F8
:10C0D0005360E38E0C329BB2C0E90F55C0E9135593
:10C0E00001F06AF923681A68520603D41A6842F00C
:10C0F00040021A605A6842F020025A605A6842F0C0
:10C10000020200205A60A7E70120A5E7022038BDFF
:10C11000C1C100083DC100082DC1000871C100085F
:10C120004DC10008704700BF704700BF08B5806B65
:10C13000FFF7FAFF08BD00BF704700BF08B5806B6E
:10C14000FFF7FAFF08BD00BF704700BF806B0268B1
:10C1500008B5536823F003035360436D012143F096
:10C160001003436580F85110FFF7EEFF08BD00BFD4
:10C1700008B50368806B1B68DB050FD4D0E900218C
:10C180005368B1F5827F23F00303536009D0012384
:10C190000022C28780F85130436D73B9FFF7C2FFA8
:10C1A00008BD8368B3F5004F02D0B3F5806FEED1C0
:10C1B000136823F040031360E9E7FFF7C5FF08BDEC
:10C1C00030B5054683B0846B02F028FD2B681A68F1
:10C1D00012F4807213D10090642380212046FFF76F
:10C1E00059FC88B921684B68002223F00303012021
:10C1F0004B60E286E28784F85100636D6BB920469C
:10C2000009F0DAFA03B030BD636D43F020036365D3
:10C21000636D43F020036365E4E72046FFF794FF76
:10C2200003B030BD026810B55168936803F0410C4B
:10C23000BCF1010F84B004465AD0980701D5080616
:10C240005ED413F4B07F51D088064FD558060ED572
:10C2500094F85100032842D0606D40F004006065FE
:10C2600000200090D0680090906800900098980698
:10C270000CD5606D40F00100606500200290906870
:10C280000290106820F0400010600298D80508D590
:10C29000636D002043F00803636503909368039384
:10C2A000039B636D13B3536823F0E00353600120D5
:10C2B0008B0784F8510029D05368E06C23F0030306
:10C2C000536018B1134B036501F0FEF8A06C68B120
:10C2D000104B036504B0BDE8104001F0F5B8002331
:10C2E0000193D368019393680193019B04B010BD3F
:10C2F00011F0400FA1D0036C04B0BDE81040184706
:10C30000636C204604B0BDE8104018472046FFF794
:10C310001BFFEBE719C3000808B5806B0023C38738
:10C32000C386FFF711FF08BD10B5074C20684FF01A
:10C33000FF3104F005FB0028F8D1044801F094FB1C
:10C340004320FDF78DFDF1E75C0900206009002026
:10C3500008B502F0E9FE0DF0BFFE034B1868BDE81A
:10C36000084005F09BB800BF4409002030B58BB0F1
:10C37000002401216846009404F0CCFA274B284D94
:10C380001860214604F0DCFA012101A8019404F0B0
:10C39000C1FA244B02940246012102A81A6004F05B
:10C3A000B9FA214B2146186004F0CAFA012103A80A
:10C3B000039404F0AFFA1D4B04940246012104A833
:10C3C0001A6004F0A7FA1A4B2146186004F0B8FA74
:10C3D000AE46BEE80F000DF1140CACE80F00DEF81D
:10C3E0000030CCF80030214605A804F021FA114BAA
:10C3F00018600EF0DFFA0DF03FFC05F1140CBCE8FC
:10C400000F0005AD0FC5DCF800302B60214605A8F4
:10C4100004F00EFA084B18600BB030BD5C09002028
:10C42000A8BC020858090020540900205009002027
:10C430004C090020480900204409002010B5144C84
:10C44000144A2368934205D0134A934206D02A2BFC
:10C450000ED110BD114B00BF013BFCD1104B23602E
:10C46000104B83F30888104B5B6898472368EEE70E
:10C470002A232360BFF34F8F0C490D4BCA6802F487
:10C48000E0621343CB60BFF34F8F00BFFDE700BFF7
:10C49000D4D6002075FEADDEEFBEADDE00A8610093
:10C4A000EDFEFECA000002200000FF1F00ED00E0CC
:10C4B0000400FA050000000070B594B02A4A2B4B26
:10C4C00000200190116C41F080511164126C02F057
:10C4D00080520192019A02901A6842F480421A60D6
:10C4E0001B689FED1F7B03F480430293012302240A
:10C4F000029A0D934FF480010425A822072308A86F
:10C500008DED087BCDE90E41CDE91052CDE9124306
:10C5100002F09EFE00B1FEE74FF4A05205904FF4EA
:10C5200080530F26052103A8CDE90364CDE9062336
:10C5300003F07AF8044600B1FEE703F00FF90C4B64
:10C54000A3FB00308009FDF7A3FC2846FDF7BAFCE9
:10C55000224631464FF0FF30FDF746FC14B070BD67
:10C560000900000000000100003802400070004097
:10C57000D34D6210274A2849D2F8103AD2F8180A47
:10C58000B2F8162ADFF8A0C010B50344234C42EAE3
:10C5900003421B0CC1E9002304F10C0E2146C3F336
:10C5A00003301B011CF8000001F8010B714543EA40
:10C5B00012734FEA0212F2D10023237302F008FB38
:10C5C000FFF77AFF04F0CAFCFFF726FA01F0A6FE97
:10C5D00001F0F8FEFEF7FCFFFFF702F9FEF79CFD05
:10C5E000FEF7D2FD00F0A6F901F040FFFFF7A2F838
:10C5F00000F006FCFEF702FEFEF74EFE0848FEF7CE
:10C600006FFD0848FEF76CFDFFF7B0FE04F002F97D
:10C61000FEE700BF0070FF1FC8CF0020B4CF00208E
:10C6200008090020DC07002024C10208034B02682F
:10C630009A4200D0704702F0E5BA00BF00200040E7
:10C64000FEE700BF000000000368B3F1A04F00D078
:10C65000704700B59FED147B89B04FF4C0500221A4
:10C66000CDE902010A2302A9114806938DED047B4E
:10C6700006F072FC0F4B596B002241F080015963A8
:10C680000192586C40F4804058645B6C03F4804322
:10C69000052101934320019BFDF7A6FB4320FDF7F5
:10C6A000DFFB09B05DF804FB0000000003000000A0
:10C6B0000000024000380240F8B5D0F8EC5300F515
:10C6C0006F7605F5027704463146384602F0ACF93C
:10C6D00095F8083203F06003402B03D195F8093236
:10C6E000502B06D0D4F8EC033146BDE8F84000F0FA
:10C6F00087BCD5F81432B5F80E229B680121C5E934
:10C700007D12284639469847B5F80E3203B900B174
:10C71000F8BD2846BDE8F840FDF70CBCC1EBC103ED
:10C7200000EB8303D0F8EC03D3F8042200F098BCAC
:10C73000C1EBC10300EB8303D0F8EC035A6C00F0AB
:10C74000C3BC00BFD0F8EC0300F04ABD10B5C1680F
:10C7500004460039D0F8EC0318BF012100F02AFD8F
:10C76000D4F8EC03BDE8104000F004BD10B5044659
:10C77000D0F8EC0300F022FD2268D2F8003E43F02E
:10C780000103C2F8003E236A23B1034A136943F050
:10C790000603136110BD00BF00ED00E0D0F8EC030C
:10C7A00000F016BDD0F8EC0300F02ABDD0F8EC0381
:10C7B00000F024BDD0F8EC0300F024BDD0F8EC0369
:10C7C00000F022BD02780AB100207047194B10B565
:10C7D000C3F8EC034FF0A044C0F820320620022139
:10C7E000C3E900401846C3E90312C3E90521C3E9C0
:10C7F0000722C3E90B225A6201F0B4F8A0B98021E4
:10C800000C48FFF705F9402200210A48FFF7DCF841
:10C81000402201210748FFF7D7F8402203210548AD
:10C82000FFF7D2F8002010BD03484FF4AC71FFF7BA
:10C8300007FFE4E76009002038C1020808B5D0F816
:10C84000200201F0FBF818B102280CBF01200220E1
:10C8500008BD00BF944608B51A46D0F820026346CA
:10C8600001F034FC18B102280CBF0120022008BDE1
:10C8700008B5D0F8200201F06BFC18B102280CBFFB
:10C880000120022008BD00BF08B5D0F8200201F049
:10C89000EDFC18B102280CBF0120022008BD00BF2A
:10C8A00008B5D0F8200201F011FD18B102280CBF24
:10C8B0000120022008BD00BF0A06D0F8203206D4AD
:10C8C000C1EBC10103EB810393F8FA01704701F05A
:10C8D0007F01C1EBC10103EB810393F83A0070477C
:10C8E00008B5D0F8200201F0DDFB18B102280CBF1A
:10C8F0000120022008BD00BF08B5D0F8200201F0D9
:10C900008BFC18B102280CBF0120022008BD00BF1B
:10C9100008B5D0F8200201F04DFC18B102280CBF78
:10C920000120022008BD00BF08B5D0F8200201F0A8
:10C9300069FC08BD10B51148114C00234FF48272F8
:10C940004FF40061C4E90002C4E9023101224FF44E
:10C9500000701821C4E90432C4E906010A22204605
:10C96000C4E90833C4E90A32FFF7F0F800B910BD92
:10C97000BDE8104003485221FFF762BE003C004072
:10C98000100E002054C102083C4B02689A4200D0AD
:10C99000704770B586B003F5FE33002500951A6C1C
:10C9A000374E42F400421A641B6C4FF4E05103F41A
:10C9B00000430093019101230221CDE902130322D8
:10C9C0000623044601A900982E48CDE9042306F069
:10C9D000C3FA2D4AE368F560C6E9002540214FF40B
:10C9E0008062B1603261002B34D119460022C6E961
:10C9F0000531234872624FF48033C6E9072300F003
:10CA00000FFC002835D1214DE3682149A66400229E
:10CA10004FF48060C5E90012C5E90222B4632861C1
:10CA2000EBB919460022C5E9053118486A624FF48E
:10CA30008033C5E9072300F0F3FBA8B900220521E4
:10CA4000E5643320AC63FDF7CFF93320FDF708FA36
:10CA500006B070BD4FF400634FF40051C6E74FF4C9
:10CA600000634FF40051DDE70A489B21FFF7E8FD22
:10CA7000E4E708488421FFF7E3FDC4E7003C0040F9
:10CA8000B00D00200008024088600240500D0020D8
:10CA90001060024054C102080D4B02689A4200D057
:10CAA00070470C4A136C10B523F4004304464FF44E
:10CAB000E0511364084806F071FBA06C00F044FCE0
:10CAC000E06C00F041FCBDE810403320FDF7D4B924
:10CAD000003C004000380240000802400A4B1B683E
:10CAE000013308D04FF0500383F31188BFF36F8FE9
:10CAF000BFF34F8FFEE74FF0500383F31188BFF36E
:10CB00006F8FBFF34F8FFEE7CC010020064800680F
:10CB1000006880F3088862B661B6BFF34F8FBFF339
:10CB20006F8F00DF00BF000008ED00E0DFF80C00B1
:10CB3000016841F4700101607047000088ED00E079
:10CB400010B44FF08073074C40F8043C21F0010111
:10CB50006FF0020340E9034140E909325DF8044BFC
:10CB600044387047DDCA00080000000000000000E3
:10CB7000074B19680868B0E8F04F80F30988BFF3E5
:10CB80006F8F4FF0000080F311887047AFF3008083
:10CB9000041800204FF0500383F31188BFF36F8F08
:10CBA000BFF34F8F0B4A13680133012B136000D082
:10CBB00070474FF0E023D3F8043DDBB2002BF7D0F1
:10CBC0004FF0500383F31188BFF36F8FBFF34F8F84
:10CBD000FEE700BFCC010020084A136843B94FF0BC
:10CBE000500383F31188BFF36F8FBFF34F8FFEE7BE
:10CBF000013B13600BB983F311887047CC0100200F
:10CC0000EFF30980BFF36F8F154B1A681EF0100FFA
:10CC100008BF20ED108A20E9F04F106008B44FF0F3
:10CC2000500080F31188BFF34F8FBFF36F8F04F074
:10CC3000DDFE4FF0000080F3118808BC1968086819
:10CC4000B0E8F04F1EF0100F08BFB0EC108A80F370
:10CC50000988BFF36F8F7047AFF30080AFF3008098
:10CC60000418002008B54FF0500383F31188BFF378
:10CC70006F8FBFF34F8F04F0E5FC28B14FF0E02336
:10CC80004FF08052C3F8042D002383F3118808BDB0
:10CC9000064B07491B68A1FB03134FF0E0229B09D9
:10CCA000013B072153611161704700BFC0030020A1
:10CCB000D34D62104FF0E023344AD3F8001D914267
:10CCC0005BD0D3F8002D324B9A424DD030B5314B6A
:10CCD000314C1A78314883B0FF21D2B201921970D9
:10CCE0001B78DBB28DF803309DF803309DF80320EC
:10CCF00003F0500307211206237001600DD50622B0
:10CD00009DF803305B00DBB28DF803309DF80330F3
:10CD10001B06114602F1FF32F2D4019A1D4D0B029F
:10CD20004FF0E024D2B203F4E06303602A70D4F839
:10CD3000203D43F47003C4F8203DD4F8203D43F077
:10CD40007043C4F8203DFFF7A3FF154B00221A6083
:10CD5000FFF7ECFED4F8343F43F04043C4F8343FCF
:10CD6000FFF7D4FEFFF7BAFE4FF0500383F31188AC
:10CD7000BFF36F8FBFF34F8FFEE74FF0500383F386
:10CD80001188BFF36F8FBFF34F8FFEE771C20F4162
:10CD900070C20F4100E400E06C0E0020680E00201D
:10CDA000CC010020EFF305830F2B0ED91149124A55
:10CDB0005B5C12789A4208D94FF0500383F31188D4
:10CDC000BFF36F8FBFF34F8FFEE74FF0E0230B4AA7
:10CDD000D3F80C3D126803F4E063934208D94FF096
:10CDE000500383F31188BFF36F8FBFF34F8FFEE7BC
:10CDF000704700BFF0E300E06C0E0020680E0020DA
:10CE000010B50C480C4C4FF4E1310023C4E900018B
:10CE10000C222046C4E90233C4E90432C4E90633D3
:10CE200002F044FE00B910BDBDE8104003484E2199
:10CE3000FFF706BC004C0040300F002068C102081C
:10CE40003A4B02689A4200D0704770B588B000250E
:10CE500003F5F63301951A6C42F400221A641B6C38
:10CE600003F400230826019301220223CDE90223C3
:10CE70000DEB06010222032304462D480696CDE958
:10CE80000423019B06F068F802220223CDE9022365
:10CE900027480696002203230DEB0601CDE9042363
:10CEA000244E06F059F8244A4FF00063C6E90023E7
:10CEB00030464FF480624FF48073C6E90255C6E9EC
:10CEC0000425C6E90653C6E9085500F0A9F918BBC0
:10CED0001A4D1B4A2A604FF00062002366636A60A5
:10CEE00040214FF480622846C5E90213C5E90533A5
:10CEF000C5E90733B4632A616B6200F091F980B928
:10CF00002563002205213420AC63FCF76DFF34203B
:10CF1000FCF7A6FF08B070BD0A487F21FFF790FB21
:10CF2000D6E708489121FFF78BFBE9E7004C00406A
:10CF300000000240D00E002040600240700E002031
:10CF40007060024068C102080D4B02689A4200D02E
:10CF500070470C4A136C10B523F4002304460321D8
:10CF60001364094806F01AF9606B00F0EDF9206BC4
:10CF700000F0EAF9BDE810403420FCF77DBF00BFA7
:10CF8000004C0040003802400000024088B108B563
:10CF9000D0F8143213B10023C0F8143209B1C0F82C
:10CFA0001012012380F8FC310270FFF70BFC002007
:10CFB00008BD0220704700BF19B1C0F8141200204C
:10CFC00070470220704700BF08B5FFF737FC00200C
:10CFD00008BD00BF08B5D0F8143233B11B689847BC
:10CFE000003818BF0120400008BD022008BD00BF66
:10CFF00008B5D0F814325B689847002008BD00BF20
:10D0000038B5044600F50275284601F00DFD94F888
:10D010000812B4F80E22C4F8F8210123C4F8F43140
:10D0200001F01F03012B0ED0022B06D08BB929462D
:10D03000204601F01BFB002038BD2946204601F0A8
:10D0400081FC002038BD2946204601F05DFC00200F
:10D0500038BD01F080012046FFF716FC002038BDE6
:10D0600010B5044631B91346D0F8F421032A0DD087
:10D07000002010BDD0F814329B69002BF8D090F836
:10D08000FC21032AF4D19847002010BDD0E94312B7
:10D0900091420DD8D0F814321B6923B190F8FC21CD
:10D0A000032A00D198472046FCF744FF002010BD1A
:10D0B000891A8A4228BF0A46C0F80C1192B2194652
:10D0C000FCF730FFD4E700BF70B5044651B91346F2
:10D0D000D0F8F421022A16D094F80032012B0DD09A
:10D0E000002070BDD0F814325B69002BF8D090F8A6
:10D0F000FC21032AF4D19847002070BD002384F856
:10D100000032002070BDD0E90726B24221D88369E1
:10D11000B3FBF6F506FB15355DB99E4209D8D0F88C
:10D12000F821934205D22A46FCF7E6FEC4F8F851EE
:10D1300016E0D4F81432DB681BB194F8FC21032A02
:10D1400015D02046FCF702FF94F80032012BC7D11E
:10D15000D4E7921B0D46C261194692B2FCF7CCFE91
:10D160002B462A4629462046FFF7D2FBB4E7204645
:10D170009847E6E738B5002204461146402540238B
:10D18000FFF768FB2B460022C4F81051802120468F
:10D19000FFF760FBD4F818322562012284F8FC21E5
:10D1A0002BB1D4F8143221795B68204698470020CF
:10D1B00038BD00BF01740020704700BF90F8FC210B
:10D1C00080F8FD21042380F8FC310020704700BF67
:10D1D0000346002093F8FD2183F8FC21704700BF2F
:10D1E00090F8FC21032A01D00020704708B5D0F840
:10D1F0001432DB6903B19847002008BD0020704756
:10D20000002070470020704708B5D0F81422012193
:10D2100080F8FC11526801799047002008BD00BFDA
:10D2200038B5044601F0FAFC002C6BD023680222CA
:10D23000002184F8341084F835201A6822F00102A5
:10D2400005461A6005E001F0E9FC431B052B37D8C1
:10D2500023681A68D107F6D4D4E90120E1680243B3
:10D260000A43D4E90451A0692A430A43E1691D68CD
:10D2700002430A4331492940256A2A430A43616A25
:10D28000042924D01A605A6922F007021143D8B247
:10D290002B4A59611038A2FB0052120929496FF339
:10D2A0000903895CE1655F2888BF04333F228A4017
:10D2B000A36500209A600123606584F8353038BD8D
:10D2C00003232022626584F83530184638BDD4E93E
:10D2D0000B512943114319605969A26A21F00701D2
:10D2E000114341F00401002DD1D068B9012A21D0A9
:10D2F00032F00202CBD1EA01C9D540220123626596
:10D3000084F83530012038BDB0F5005F04D0022A22
:10D31000F3D9032AEFD0BAE7032AB8D801A050F80E
:10D3200022F000BFFBD20008F7D20008FBD20008B1
:10D3300035D30008B5F1C07FA9D1DEE73F8010F0FA
:10D34000ABAAAAAAC4D8020800282FD090F835307A
:10D35000022B0246D8B228D013681549D8B210382B
:10D3600030B4A1FB004109091C68124D24F00104EE
:10D370006D5C1C600021196059609960D960196169
:10D38000212159615F286FF3090388BF04333F20CF
:10D390000021A840D56593659860516582F83410E6
:10D3A00082F83510084630BC70477047012070473E
:10D3B000ABAAAAAAC4D8020870B490F83440856D0C
:10D3C000012C0AD090F835404FF0010C644580F8EC
:10D3D00034C005D0002380F83430022070BC704780
:10D3E000022680F83560046800264665266826F423
:10D3F0008026266063608368402B0EBFA260A16018
:10D40000E260C26D08BFE1603F239340AB602368D8
:10D41000026C43F016032360636943F08003636189
:10D420001AB1236843F008032360236843F0010323
:10D430000020236070BC704770B50446866D01F013
:10D44000EDFB94F83530022B06D00023802284F8BF
:10D4500034306265012070BD23681A6822F016021C
:10D460001A605A6922F080025A61226C054632B372
:10D470001A6822F008021A601A6822F001021A6083
:10D4800005E001F0CBFB431B052B0FD823681B687D
:10D4900013F00103F5D1E16D3F228A400121B26012
:10D4A00084F8343084F83510184670BD03202022EB
:10D4B0000023626584F8343084F8350070BDA26CB6
:10D4C000002AD5D1D8E700BF90F83530022B03D021
:10D4D00080234365012070470268052380F83530BA
:10D4E000136823F00103002013607047F0B583B088
:10D4F000674A876D166800230193C36D3D68082253
:10D500009A402A42044603D001680868400778D44C
:10D5100001229A402A4203D02168496908066AD448
:10D5200004229A402A4203D02168096889075CD402
:10D5300010229A402A4203D021680868000741D48B
:10D5400020229A402A4214D021680868C00610D5CB
:10D55000BA6094F83520052A63D00B6813F4802F45
:10D560000B687ED0190340F18980E36B0BB1204634
:10D570009847636D23B3636DDA071AD5226845496E
:10D58000052384F835301368A1FB061623F0010348
:10D59000B60A136002E01368DB0704D5019B013370
:10D5A000B3420193F7D90022012384F8342084F890
:10D5B0003530E36C23B1204603B0BDE8F040184796
:10D5C00003B0F0BDBA600A6812F4802F0A6822D155
:10D5D000D20503D40A6822F008020A60226C002AED
:10D5E000AED020469047E36DAAE7BA60626D42F084
:10D5F000040262659CE7BA60626D42F002026265F5
:10D600008EE7086820F004000860BA60626D42F09E
:10D61000010262657CE71103E0D5A26C002AE0D12B
:10D620008EE70A6822F016020A604A6922F0800238
:10D630004A61226C3AB30A6822F008020A603F226B
:10D6400002FA03F3216DBB600022012384F8342029
:10D6500084F835300029B3D0204603B0BDE8F0404F
:10D66000084713F4807380D10A6822F010020A6020
:10D67000012284F8343084F8352076E7636C002B7F
:10D680007FF475AF75E7A26C002AD4D1D7E700BF4D
:10D69000C0030020B5814E1B10B4154B1A461B6801
:10D6A0008342FBD35468416802EB040C604513D0FD
:10D6B0004418A34206D00360824218BF10605DF890
:10D6C000044B70470B4C2468A342F4D0D3E90034D8
:10D6D000214403604160EFE72144501883425160C8
:10D6E000EDD1044800688342E9D01046EEE700BF60
:10D6F000800F00207C0F00202DE9F8433E4E0446A9
:10D7000003F08AFF3368002B58D03C4B1D682C4235
:10D710002ED16CB304F1080160071CBF21F0070192
:10D72000083129B3DFF8E880D8F800708F421FD3A2
:10D730003348046803E0236823B120461C4662682E
:10D740008A42F8D33368A34212D0531A2668D0F81D
:10D7500000900660102B16D9601842070ED04FF0CB
:10D76000500383F31188BFF36F8FBFF34F8FFEE732
:10D7700004F0A8F800263046BDE8F88343606160F5
:10D78000FFF78AFF62681F4B1968BF1A8F4238BFC4
:10D790001F602A430023C4E9003209F10806C8F8D3
:10D7A000007004F08FF87307E5D04FF0500383F357
:10D7B0001188BFF36F8FBFF34F8FFEE7124B134AF1
:10D7C00010490E4F5D0718BF07330D4D22F00702B9
:10D7D00018BF23F007032B601846D31A0B600C49BF
:10D7E00032600B60002169604FF00045C2E9001112
:10D7F0003D60C0E900238AE77C0F0020700F002005
:10D80000800F0020740F002000000010F8FF0010AF
:10D81000780F0020D0B11A4A50F8043C1268134225
:10D820000BD050F8081C91B14FF0500383F31188CE
:10D83000BFF36F8FBFF34F8FFEE74FF0500383F3BB
:10D840001188BFF36F8FBFF34F8FFEE7704700B5AE
:10D8500023EA020383B040F8043C019003F0DCFEAD
:10D86000084A0198116850F8043C08380B441360CA
:10D87000FFF712FF03B05DF804EB04F023B800BF1C
:10D88000700F0020780F0020014B1868704700BF10
:10D89000740F00200020704708B509681CF05EFD79
:10D8A000002008BD08B50C490C480123002203F0F4
:10D8B000E1F90B490948012203F0F0F90323094972
:10D8C0000648002203F0D6F907490448032203F072
:10D8D000E5F9002008BD00BFC80F0020C8130020D4
:10D8E00048100020880F002008100020212806D1B1
:10D8F0004FF4E1300022082308608A808B710020F9
:10D90000704700BF402923D8134B012A70B5D3F8C4
:10D9100018320D46144618D0032A1BD10F4E5C3323
:10D920001B7A83B92A4601463046F2F7CBFE3146D0
:10D9300023462A46084803F09DF921460648BDE8DB
:10D94000704003F0BBB9012070BD054E4433E7E7DA
:10D9500002207047022070BDC8130020880F0020ED
:10D96000C80F0020002867D0F0B5032305468BB010
:10D970002C4680F8B933FEF767FE2868FCF790FF65
:10D9800054F810EBA446BCE80F006F460FC7BCE884
:10D990000F000FC79CE8030087E803002E1D96E8E0
:10D9A0000E007046FCF71AFF00212868FCF780FF84
:10D9B00000212B462A460127084682F83810D187D5
:10D9C00001310F29C2E9100082F8397082F83B005A
:10D9D000D06402F11C02F0D100222F68114683F8B6
:10D9E000F821DA8707EB820001320F2AC3E98011A0
:10D9F00083F8F91183F8FB11C3F80C12C0F8041175
:10DA000003F11C03EBD10FCCEC46ACE80F000FCCBC
:10DA1000ACE80F0094E803008CE80300384696E871
:10DA20000E00FCF75FFF0123286885F8B933FDF786
:10DA3000DFFA00200BB0F0BD0120704790F8B8333A
:10DA4000012B0FD010B504460123006884F8B833C9
:10DA5000FDF7C0FA2068FCF71BFF002384F8B833F9
:10DA6000184610BD022070472DE9F04FD0F8009005
:10DA700089B004464846FDF7F3FA10B109B0BDE895
:10DA8000F08F05462068FDF7C1FA0028F6D020681F
:10DA9000FDF7BCFA8607236803D55A6902F0020233
:10DAA0005A611846FDF7B2FA000300F12F814FF0DA
:10DAB00000082068FDF7AAFA4003D4F800E000F15E
:10DAC000BF807046FDF7A2FA0028C0F223822068CA
:10DAD000FDF79CFA03054DD42068FDF797FA03463D
:10DAE000DE0420686FD4FDF791FA0346990420689C
:10DAF0004BD4FDF78BFAC206236815D59A6922F03C
:10DB000010029A61D9F8205005F4F012B2F5802F76
:10DB100005F00F0600F00D82B2F5402F00F086816F
:10DB20009A6942F010029A611846FDF76FFA0707EA
:10DB300000F156812068FDF769FAC60200F14581BF
:10DB40002068FDF763FA850200F134812068FDF753
:10DB50005DFA400000F125812068FDF757FA410782
:10DB60008CD523685D686A0700F104825A682A43ED
:10DB70005A6083E7D9F80838DF0700F1F781206899
:10DB8000436903F400634361A7E7FDF76DFA20687A
:10DB9000C36823F47053C360FCF77AFF002840F099
:10DBA00033812268E0604FF400736361D36843F40B
:10DBB0001053D3602046FEF7C9FD2068436903F483
:10DBC0000053436195E7D9F8043823F0010310218D
:10DBD000C9F80438FCF74AFF616809F5006651B1DD
:10DBE00009F51063FF2201358D429A60C3F80822BF
:10DBF00003F12003F7D14FF0FF33B361F36943F032
:10DC00000113F361236B002B40F0F380736943F041
:10DC10000B037361336943F00B033361D9F80038A8
:10DC2000217C206823F4FE63C9F8003804F56F7284
:10DC3000FDF734FA2068436903F48053436152E7E7
:10DC40007046FDF7EFF9D4F800E0804600283FF475
:10DC500038AF002309F5106BC8462646824603906C
:10DC6000049599461AF0010F0AD14FEA5A0A1AF0A0
:10DC7000010F09F1010906F11C060BF1200BF4D08C
:10DC80005FFA89F529467046FDF7DCF9C1070746BA
:10DC900019D5D8F83428012101FA09F022EA000246
:10DCA000C8F834282269CBF808108A4203D1D6E993
:10DCB00010120A44726429462046FEF739FD216994
:10DCC000012900F06B813A0744BF0822CBF80820F5
:10DCD000FB0644BF1023CBF80830780644BF40232E
:10DCE000CBF80830B90744BF0223CBF808303A0616
:10DCF000D4F800E000F1C2805FEA5A0A00F0A9807F
:10DD000009F101091C360BF1200BABE72068FDF788
:10DD100081F9824600283FF4CAAE049509F53067C0
:10DD2000A3464FF0000806462546F10708D47608BA
:10DD3000F10708F1010807F120070BF11C0BF6D5DC
:10DD40005FFA88F128680391FDF774F9C207044669
:10DD500019D52A69039901239A42BB600CD13A690B
:10DD6000DBF80002C2F31202821ACBF81022DBF8B1
:10DD700004220244CBF804222846FEF7CFFC29698E
:10DD8000012900F0FC80230772D4E40644BF10236D
:10DD9000BB60760865D008F1010820370BF11C0B39
:10DDA000C3E72046FEF706FD2068436903F0804381
:10DDB0004361D2E620465FFA88F1FEF7F3FC206863
:10DDC000436903F400134361C1E620465FFA88F11A
:10DDD000FEF7ECFC2068436903F480134361B0E66E
:10DDE0002046FEF7AFFC2068436903F00803436157
:10DDF000A1E6D6F8843043F00B03C6F88430736C88
:10DE000043F00B03736409E703224023E26063617C
:10DE100001F0A4FC944B954A21680344934200F21C
:10DE2000CB80CB6843F47053CB60C3E6082204F583
:10DE30006F714846C6EBC606FDF774F804EB860121
:10DE4000C5F30A12D1F810321A442368C1F810221F
:10DE500066E6C146DDE90385B8FA88F3C3F1200818
:10DE60002FE6BAFA8AFA2C46CAF12008049D20E669
:10DE70002846FEF721FC0822BA6086E70EF51062FC
:10DE800002EB4913D6E913129869CDF81CE080B271
:10DE90000590306C8F1A874228BF0746059807F116
:10DEA000030CB0EB9C0F27D9CDE905BAF2469B468F
:10DEB0001AE0336C994228BF1946237C00930F4621
:10DEC000BBB2716C2A465046FDF716F8326D736C82
:10DED0003A443B4432657364DBF81830F91C9BB25A
:10DEE000B3EB910F04D9F16C8A42A1EB0201E0D3AC
:10DEF000DDE905BAD4F800E0002F7FF4FDAE079B02
:10DF00000120D3F8341800FA09F021EA0001C3F81F
:10DF10003418F1E6D9F8043823F00103C9F80438BD
:10DF20002046FEF73BFC2068436903F00043436151
:10DF3000CEE547F6F07215423FF4F2ADC6EBC606E9
:10DF400004EB8606C5F30A12D6F8041248461546B5
:10DF5000FCF7E8FFD6F804322B44C6F80432D6F8B2
:10DF600010321D442368C6F81052D9E52046FEF74A
:10DF7000FDFB04E62046FEF721FC2368F6E5B8F138
:10DF8000000F7FF400AFD5F80C22002A7FF4FBAE1F
:10DF9000286805F56F72FDF781F8F4E6B9F1000F16
:10DFA0007FF491AEE26C002A7FF48DAE206804F518
:10DFB0006F72FDF773F886E62D4B2E4A03449342A9
:10DFC00004D8CB6843F46053CB60F3E52A4AA0F54C
:10DFD0007403A3F51053934204D8CB6843F4505311
:10DFE000CB60E7E5254AA0F18373A3F5E7439342AD
:10DFF00004D2CB6843F44053CB60DBE5204B214A8D
:10E000000344934204D8CB6843F43053CB60D1E54A
:10E010001D4B1E4A0344934204D2CB6843F4205361
:10E02000CB60C7E51A4B1B4A0344934204D2CB682A
:10E0300043F41053CB60BDE5174AA0F1B773A3F5C5
:10E040005853934204D2CB6843F40053CB60B1E5FC
:10E05000124B134A03449342CB6834BF43F4E0535A
:10E0600043F4C053CB60A5E5405327FFFF340C00B9
:10E07000401E1BFF3F420F007F4F120020D61300AF
:10E0800060B6E5FE5FE3160000D3CEFE40771B00CE
:10E09000C05BB3FEC091210020753800E05459FEEA
:10E0A000E09C410090F8B833012B0CD010B5044629
:10E0B0000123006884F8B833FCF77CFF002384F860
:10E0C000B833184610BD0220704700BF10B5044693
:10E0D000080624D4C1EBC10C4FEA8C0C04EB0C00F5
:10E0E00080F8F811C0F800220CF5FC7100222144E0
:10E0F00080F8FB3180F8F921022B04BF00230B715B
:10E1000094F8B833012B21D0012384F8B833206868
:10E11000FCF7DCFC002384F8B833184610BD01F08E
:10E120007F0ECEEBCE0C4FEA8C0C04EB0C000CF106
:10E13000380C0264012204EB0C0180F838E080F80E
:10E140003B30A0F83EE080F83920D5E7022010BD32
:10E150000B4601F07F02090610B5044619D4C3EB43
:10E16000C30100EB8101DB0981F8F82181F8F93165
:10E1700094F8B833012B01F5FC7119D0012384F810
:10E18000B8332068FCF7E6FC002384F8B83318465F
:10E1900010BDC2EBC20100EB8101DB0981F8382020
:10E1A00081F8393094F8B833012B01F13801E5D109
:10E1B000022010BD10B501F07F04C4EBC40C4FEA7F
:10E1C0008C0C00EB0C0E0CF5FC7CCEF80C32002312
:10E1D0008EF8F8418EF8F931CEF810320369CEF896
:10E1E0000422012B00EB0C0108BFCEF808220068C6
:10E1F000DAB21CB9FCF700FE002010BDFCF70AFDE6
:10E20000002010BD01F00F01C1EBC10100EB810046
:10E21000B0F81002704700BF10B501F07F04C4EBE6
:10E22000C40C4FEA8C0C00EB0C0E0CF1380CCEF841
:10E230004C300023CEF8503001238EF838408EF851
:10E2400039300369CEF84420012B00EB0C0108BFE4
:10E25000CEF848200068DAB21CB9FCF7CDFD0020EA
:10E2600010BDFCF7D7FC002010BD00BF0A0638B572
:10E270000B46044601F07F0518D4C1EBC10100EB49
:10E28000810101F5FC710122DB098A700D704B7070
:10E2900094F8B833934216D0206884F8B823FCF77A
:10E2A00055FE4DB1002084F8B80338BDC5EBC5015B
:10E2B00000EB81013831E6E7217C206804F56F72BC
:10E2C000FCF7ECFEEEE7022038BD00BF38B501F0E8
:10E2D0007F020B460906044618D4C3EBC30100EBCA
:10E2E000810101F5FC71DB0900258D700A704B700E
:10E2F00094F8B833012B0FD00123206884F8B83389
:10E30000FCF740FE84F8B853284638BDC2EBC20182
:10E3100000EB81013831E6E7022038BD30B52548F1
:10E32000254C4FF480318FB0C4E90001234800210F
:10E3300000230122C4E90A012046A3602361A361EE
:10E340002362E360E2612363626104F0E7FB08BBE0
:10E35000062401250023184802936946CDE90045AB
:10E3600004F052FD08BB012206210023CDE905126D
:10E370004FF480154FF480340F48099205A9CDE978
:10E380000C45CDE90A330793089302F0F3FC30B94A
:10E390000FB030BD0A485E21FEF752F9D8E70848B1
:10E3A0007821FEF74DF90FB030BD05486821FEF722
:10E3B00047F9D8E700200140781100200100000F44
:10E3C00080C1020830B52648264C4FF480318FB00A
:10E3D000C4E900014FF060604FF08051002301223A
:10E3E000C4E90A012046A3602361A3612362E360BC
:10E3F000E2612363626104F091FB08BB0D240125F7
:10E400000023184802936946CDE9004504F0FCFC5E
:10E4100008BB01220A210023CDE905124FF4801523
:10E420004FF480340F48099205A9CDE90C45CDE998
:10E430000A330793089302F09DFC30B90FB030BD4A
:10E4400009489221FEF7FCF8D8E70748AC21FEF70F
:10E45000F7F80FB030BD04489C21FEF7F1F8D8E77B
:10E46000002101403011002080C1020830B526484B
:10E47000264C4FF480318FB0C4E900014FF060604A
:10E480004FF0805100230122C4E90A012046A36015
:10E490002361A3612362E360E2612363626104F0AC
:10E4A0003DFB08BB0C240125002318480293694654
:10E4B000CDE9004504F0A8FC08BB01220B21002394
:10E4C000CDE905124FF480154FF480340F480992BE
:10E4D00005A9CDE90C45CDE90A330793089302F06D
:10E4E00049FC30B90FB030BD0948C621FEF7A8F885
:10E4F000D8E70748E021FEF7A3F80FB030BD044885
:10E50000D021FEF79DF8D8E700220140E810002056
:10E5100080C102080000000070B54B4A03689342B6
:10E520008AB007D0494A934248D0494A93426DD0B5
:10E530000AB070BD0026474B01965A6C464D42F416
:10E5400080725A645B6C069603F4807301932F22E9
:10E55000032304A904464148CDE90423019B04F0A8
:10E56000FBFC702203233E48069604A9CDE9042350
:10E5700004F0F2FC3B4A6E624FF48063C5E900266A
:10E580002B614FF400624FF40053C5E90523284680
:10E590004FF48073C5E90266C5E90736FEF740FE11
:10E5A000002846D1A563002205211220AC63FBF7A9
:10E5B0001BFC1220FBF754FC0AB070BD254B27480A
:10E5C000002402945A6C42F400725A645B6C069404
:10E5D0009FED1B7B03F40073029304A9029B8DED56
:10E5E000047B04F0B9FC70220323CDE904231C480A
:10E5F00004A9069404F0B0FC224605211220FBF782
:10E60000F3FB1220FBF72CFC0AB070BD114B002469
:10E6100003945A6C42F480625A645B6C03F4806326
:10E620000F2003210393CDE90401039B0B4804A9A8
:10E63000DFE70D484FF48A71FEF702F8B2E700BF3A
:10E640002F000000030000000020014000210140D5
:10E6500000220140003802408810002000080240DB
:10E66000000002401064024080C1020830B54B78BF
:10E6700083B00D460446092B0BD8DFE803F036487B
:10E680000A570A05630A79158B8813B9CB88002BC2
:10E690007BD080212046FEF7F7F800212046FEF7C8
:10E6A000F3F8002003B030BD8978964D0129297018
:10E6B000EFD890F8FC31022B7ED0032BE9D1002952
:10E6C00000F00E814168012909D0C9B2FEF790FC23
:10E6D000297861602046FEF77DFC0228D9D02046CB
:10E6E000FBF728FC002003B030BD90F8FC31023B62
:10E6F000012BCED8D0F804320146002B0CBF0123E9
:10E70000032341F80C3F0222FBF7E8FBC9E790F82E
:10E71000FC31023B012BBCD84B88012BC1D1D0F876
:10E72000143200229B68C0F8042207E04B88012BBA
:10E73000B7D1D0F81422C0F8043293682946204695
:10E740009847CCE749880B0A013B062BA1D801A2C8
:10E7500052F823F05BE8000843E8000833E80008BB
:10E7600093E6000893E600081DE80008DFE70008CC
:10E77000CA88012A8DD190F8FC31022B28D0032BB6
:10E7800087D1011DFBF7AAFB8BE790F8FC31032B27
:10E790003FF47FAF4D8805F07F0580F8FE51294694
:10E7A000FEF79EF82046FBF7C5FB002D00F08D809C
:10E7B000022384F8FC3174E7002990D0012103235F
:10E7C000416080F8FC31FEF705FC022887D160E744
:10E7D0000146002341F8083FFBF780FB61E7037C1B
:10E7E000002B7FF456AFD0F814320DF106001B6BEE
:10E7F000984707234370BDF80630002B3FF451AF14
:10E80000EA88002A3FF44DAF9A4228BF1A460146D3
:10E810002046ADF80620FBF761FB42E7037C002BA6
:10E820007FF437AFD0F814320DF106005B6B9847D8
:10E83000E1E7C9B205295DD8DFE801F0271F1737E6
:10E840002F3F027CD0F81432002A42D19B6A0DF18E
:10E850000600984702234370CDE7D0F81032007CC1
:10E860001B680DF106019847C5E7D0F81032007C0F
:10E87000DB680DF106019847BDE7D0F81032007C47
:10E880009B680DF106019847B5E7D0F81032007C7F
:10E890005B680DF106019847ADE7D0F81032007CB7
:10E8A0005B690DF106019847A5E7D0F81032007CAE
:10E8B0001B690DF1060198479DE7D0F81032007CE6
:10E8C0009B690DF10601984795E7012384F8FC3117
:10E8D000E7E6DB6A0DF106009847022343708AE7FA
:10E8E000022380F8FC314160FEF782FB2046FBF7F3
:10E8F00021FBD6E6D0F814320DF106029B6B984747
:10E9000079E700BFC011002038B590F8FC31032B27
:10E9100004460DD10B79012B0D4609D8D0F81432DD
:10E920009B689847EB885BB92046FBF703FB07E041
:10E9300080212046FDF7A8FF00212046FDF7A4FF17
:10E94000002038BD38B50B788A8803F06003202B8F
:10E95000054623D04B78012B0C465FFA82FC3BD056
:10E96000032B21D0C3B990F8FC31022B4ED0032BDE
:10E9700042D1130651D400EB0C1404F582746146A5
:10E980002846FDF799FF003818BF012020600222B9
:10E9900021462846FBF7A2FA002038BDD0F81432F1
:10E9A0009B689847002038BD90F8FC31022B2DD091
:10E9B000032B21D14B882BB91CF07F0F02D061466D
:10E9C000FDF762FFD5F8143221469B682846984728
:10E9D0002846FBF7AFFADFE790F8FC31022B15D0A1
:10E9E000032B09D14B88002BD6D11CF07F0FEFD021
:10E9F0006146FDF755FFE5E780212846FDF744FF16
:10EA000000212846FDF740FF002038BD1CF07F0F95
:10EA1000C2D06146FDF738FFBEE70CF07F0400EB83
:10EA200004141434ABE700BF0B7803704B784370C9
:10EA30004B8843808B888380CB88C380704700BF1E
:10EA400010B580210446FDF71FFF20460021BDE8D8
:10EA50001040FDF719BF00BF08B370B503780E462C
:10EA600014460546E3B10130F4F7EAFA431CDBB281
:10EA700001335B00DAB223800323327073702C7889
:10EA800064B12846022300215A1CD2B2F454B15476
:10EA900010F8014F0233DBB2002CF5D170BD704786
:10EAA00002221346E7E700BF00F108034FF0FF31F1
:10EAB0000022C0E90131C0E903330260704700BFA2
:10EAC00000230361704700BFD0E9003210B494689E
:10EAD0000133C1E90124616091605DF8044B086174
:10EAE0000360704730B40D686B1C10D000F1080350
:10EAF0001C465B681A68AA42FAD902684B60013268
:10EB000099608C606160086130BC02607047046984
:10EB10006368F2E7034602699968406810B4546874
:10EB20008160486010689C4208BF51600138002134
:10EB300019615DF8044B1060704700BF10B582B0DA
:10EB40000024224B00945A6C42F480425A645A6C5E
:10EB500002F480420092009A01941A6C42F08052B2
:10EB60001A641B6C03F0805301930320019BFBF795
:10EB700029F9224621466FF00B00FBF735F92246B2
:10EB800021466FF00A00FBF72FF9224621466FF06D
:10EB90000900FBF729F9224621466FF00400FBF734
:10EBA00023F9224621466FF00300FBF71DF92246A8
:10EBB0000F216FF00100FBF717F922460F214FF0EC
:10EBC000FF3002B0BDE81040FBF70EB9003802403C
:10EBD00008B50B4B1A6842F400721A601A6842F4C6
:10EBE00080621A601A6842F480721A600320FBF790
:10EBF000E9F80020FBF7B6F9FFF7A0FF002008BDF9
:10EC0000003C0240034A044B11681B780B4413601C
:10EC1000704700BFC4110020E0010020014B1868BC
:10EC2000704700BFC411002038B50446FFF7F6FF57
:10EC3000631C054602D0044B1B781C44FFF7EEFF13
:10EC4000401BA042FAD338BDE00100201223014846
:10EC50000B807047E8010020042301480B807047B7
:10EC6000E401002008B50A4602480349FFF7F4FE14
:10EC7000014808BD94C10208C811002008B50A4621
:10EC800002480349FFF7E8FE014808BDB4CF002061
:10EC9000C811002008B50A4602480349FFF7DCFE08
:10ECA000014808BDA4C10208C811002008B50A46E1
:10ECB00002480349FFF7D0FE014808BDC0C1020861
:10ECC000C811002008B50A4602480349FFF7C4FEF0
:10ECD000014808BDCCC10208C81100200020EE295F
:10ECE00008B5108002D0062905D008BD13461222AF
:10ECF00004481A8008BD04490448FFF7ADFE0248E5
:10ED000008BD00BF18020020C8110020DCC10208A5
:10ED10000D4B1A6922F440721A611A69022994BFD4
:10ED200009024FF440710A431A611A6922F0F8028D
:10ED30001A611A6942EAC00040F0020018611A69BB
:10ED400042F480321A617047003C0240144B1A684A
:10ED500091050FD51A6822F400721A601A6842F4FD
:10ED600000621A601A6822F400621A601A6842F49B
:10ED700000721A600A4B1A6852050FD51A6822F4FD
:10ED800080621A601A6842F480521A601A6822F48B
:10ED900080521A601A6842F480621A60704700BF9D
:10EDA000003C02402DE9F8432D4F3B7E012B38D02B
:10EDB000012304464CF2503088463B7601F04AF974
:10EDC000064648BB4FF0FF33C8F800302368012BDC
:10EDD0002BD0D4E902532B449D421BD2DFF8849000
:10EDE00005E0D4E9022301351344AB4212D9217C5A
:10EDF0002846FFF78DFF4CF2503001F02BF9D9F87F
:10EE0000103023F0FA03C9F810300028E9D0C8F810
:10EE100000500646FFF79AFF00233B763046BDE8D8
:10EE2000F88302263046BDE8F8830E4D23692A692F
:10EE300022F440722A612A6942F004022A612A6996
:10EE40001B029BB2134343F480332B614CF25030CE
:10EE500001F000F92B6923F0040306462B61D9E782
:10EE600014160020003C0240704700BF30B4D0E9C7
:10EE700000428AB0816802940392D0E9032504918C
:10EE8000D0E9054105920123C269069507940891CE
:10EE900009928DF807309DF80730002BFBD10AB09E
:10EEA00030BC70471EF0040F0CBFEFF30880EFF387
:10EEB0000980FFF7DBBF00BFFEE700BFFEE700BF32
:10EEC000FEE700BF704700BF01F08CBD0148FEF7B0
:10EED0000DBB00BF500D00200148FEF707BB00BF6F
:10EEE000D00E00200148FEF701BB00BF700E0020CD
:10EEF0000148FEF7FBBA00BFB00D00200148FBF748
:10EF000015BB00BFEC1500200148FBF70FBB00BF8D
:10EF1000EC1500200148FBF709BB00BFEC150020F1
:10EF20000148FBF703BB00BFEC15002008B50448FF
:10EF300003F08AFABDE80840024803F085BA00BF32
:10EF4000DC070020600700200148FDF76BB900BF17
:10EF5000100E0020014800F049BF00BF300F002014
:10EF600008B54320FAF788FF024B1868BDE808404F
:10EF700001F012BD5C09002038B503681A68520719
:10EF80000D460446596801D509060DD41A685B6818
:10EF9000920708D59B0606D500212046A84723687E
:10EFA0006FF012021A6038BD0121A84723686FF084
:10EFB0000C021A60EAE700BF08B507490748FFF7E7
:10EFC000DBFF07480749FFF7D7FFBDE808400549C1
:10EFD0000548FFF7D1BF00BF9D51010878110020FF
:10EFE00030110020F1530108E810002003681A696D
:10EFF00070B5960704460D4606D56FF002021A61F9
:10F00000596B0120A84723681A69500706D56FF08D
:10F0100004021A61996B0220A84723681A69110734
:10F0200006D56FF008021A61D96B0320A847236840
:10F030001A69D20608D56FF010021A61196C042003
:10F040002B46BDE87040184770BD00BF08B50448A6
:10F050000449FFF7CBFFBDE80840014803F0F4B9CD
:10F0600018080020B5560108034803686FF0010234
:10F070001A6106F0A7B800BF08090020034803681A
:10F080006FF001021A6106F09DB800BFDC07002096
:10F09000014804F0CDBB00BFC8180020014804F0AF
:10F0A00003BB00BFC8180020012004F033B900BF23
:10F0B000042004F02FB900BF082004F02BB900BFD2
:10F0C000102004F027B900BF08B5202004F022F971
:10F0D000402004F01FF9802004F01CF94FF48070E8
:10F0E00004F018F9BDE808404FF4007004F012B9BC
:10F0F00008B54FF4806004F00DF94FF4006004F09F
:10F1000009F94FF4805004F005F94FF4005004F071
:10F1100001F94FF4804004F0FDF8BDE808404FF4D9
:10F12000004004F0F7B800BF08B5002208490948BC
:10F13000FDF72CFF08490748FDF73EFF0749054842
:10F1400001F090FDBDE808400248FDF73DBF00BF5B
:10F15000FC010020C813002078030020D00100200B
:10F1600010B50F4C0F492160002308204FF040716B
:10F17000C4E90103E1604FF470204FF44011C4E989
:10F180000401094AA2612046A383FAF72BFF00B9C4
:10F1900010BDBDE8104005484F21FDF751BA00BF32
:10F1A000EC1500200064004000010101F8C10208D4
:10F1B000254B02689A4200D0704710B588B00024F1
:10F1C00003F5EA3301941A6C42F000721A641B6C66
:10F1D0009FED1B7B4FF44070022103F00073CDE9DB
:10F1E0000201019302A90923184806938DED047BBF
:10F1F000019A03F0B1FE224606211320FAF7F4FD2E
:10F200001320FAF72DFE224606211420FAF7ECFD12
:10F210001420FAF725FE224606211520FAF7E4FD10
:10F220001520FAF71DFE224606211620FAF7DCFD0E
:10F230001620FAF715FE08B010BD00BFAFF300802E
:10F2400000000000030000000064004000040240D1
:10F25000002800F068812DE9F0410368DD0782B0E5
:10F2600004462FD59E498A6802F00C02042A00F059
:10F27000ED808A6802F00C02082A00F0E3806368DF
:10F28000B3F5803F00F0EC80B3F5A02F00F04D8186
:10F29000934D2A6822F480322A602A6822F4802260
:10F2A0002A60002B40F0E180FFF7B8FC064605E03D
:10F2B000FFF7B4FC801B642800F201812B689B03DC
:10F2C000F6D423689F0728D5854A916811F00C0F62
:10F2D00000F09A80916801F00C01082900F09080FC
:10F2E000E368002B00F00E817E4B7D4E01221A60F8
:10F2F000FFF794FC054605E0FFF790FC401B022851
:10F3000000F2DD8033689807F6D53368226923F070
:10F31000F80343EAC203336023681A075BD4580733
:10F320003AD56F4A136C13F0805340F089800193F3
:10F33000136C43F080531364136C03F080530193F8
:10F34000019B0125684E3368D90540F1A880A36868
:10F35000012B00F0B880052B00F02381604E326F46
:10F3600022F001023267326F22F004023267002B72
:10F3700040F0AE80FFF752FC41F28838074605E0C6
:10F38000FFF74CFCC01B404500F29980336F980793
:10F39000F6D4002D40F0D380A369C3B1504DAA68C4
:10F3A00002F00C02082A36D0022B4E4B4FF000021E
:10F3B0001A6600F0CA80FFF731FC044604E0FFF74C
:10F3C0002DFC001B02287AD82B689B01F7D4002063
:10F3D00002B0BDE8F08163690BB3424B404E01229D
:10F3E000C3F8802EFFF71AFC054604E0FFF716FC71
:10F3F000401B022863D8736F9B07F7D523688EE7FD
:10F40000526856023FF56CAF354A126895073AD5F7
:10F41000E268012A37D0012002B0BDE8F081314A0C
:10F420002F4EC2F8803EFFF7F9FB054604E0FFF7D8
:10F43000F5FB401B022842D8736F9F07F7D4DDE726
:10F4400000257FE74A6850027FF519AF244A126809
:10F4500091037FF537AF6268002A7FF433AFDAE7B4
:10F460001F4A136843F480331360FFF7D7FB1C4E29
:10F47000054604E0FFF7D2FB401B64281FD8336821
:10F480009A03F7D51DE7164920690A6822F0F802A9
:10F4900042EAC0020A601A077FF541AF9BE7336872
:10F4A00043F480733360FFF7B9FB07463368DA052E
:10F4B0003FF54DAFFFF7B2FBC01B0228F6D9032082
:10F4C00002B0BDE8F081064A136F43F001031367F1
:10F4D000FFF7A4FB024F064641F288380BE000BF5D
:10F4E000003802400000474200700040FFF796FBE2
:10F4F000801B4045E3D83B6F9B07F7D5002D3FF4B9
:10F500004BAF1CE02C4A2D4E1360FFF787FB0546DE
:10F5100004E0FFF783FB401B0228D0D8336899072B
:10F52000F7D42368F9E601207047244B1A6842F4A7
:10F5300080221A601A6842F480321A6095E71F4AE6
:10F54000136C23F08053136426E7FFF767FB06462E
:10F5500004E0FFF763FB801B0228B0D82B689901F9
:10F56000F7D4D4E90731626A0B4343EA8213D4E942
:10F570000A205208104943EA0063013A43EA024371
:10F5800001226B600A66FFF749FB0C4D044604E05C
:10F59000FFF744FB001B022891D82B689A01F7D58E
:10F5A00015E7064B1A6F42F004021A671A6F42F011
:10F5B00001021A678CE700BF000047420038024092
:10F5C000164908B58B6803F00C03042B1BD0082BDD
:10F5D00001D0134808BD4A684B68496813F480039A
:10F5E00002F03F0211D10E48C1F38811A1FB0001C6
:10F5F000F9F7FAF9094B5B68C3F3014301335B0088
:10F60000B0FBF3F008BD074808BD0648C1F38811F8
:10F610000023A1FB0001F9F7E7F9EBE7003802400E
:10F620000024F40000127A00002800F08680474A87
:10F63000136803F00F038B422DE9F0410D46044699
:10F6400009D2CBB21370136803F00F038B4202D0C0
:10F650000120BDE8F0812368980714D5590704D527
:10F660003B498A6842F4E0528A601A0704D5384957
:10F670008A6842F460428A603549A0688A6822F04C
:10F68000F00202438A60DF0721D56268012A56D062
:10F69000931E012B2E4B1B684CD99907D8D52C4EA5
:10F6A000B36823F003031343B360FFF7B7FA41F2E3
:10F6B0008838074604E0FFF7B1FAC01B404543D83D
:10F6C000B368626803F00C03B3EB820FF3D11F4AF7
:10F6D000136803F00F03AB4206D9EBB21370136843
:10F6E00003F00F03AB42B3D123685A0706D518497C
:10F6F000E0688A6822F4E05202438A601B0707D55B
:10F70000134A2169936823F4604343EAC103936079
:10F71000FFF756FF0E4A0F4C92680F49C2F30312CF
:10F720000346A25C0020D3400B60FAF71BFC0020CC
:10F73000BDE8F0819801B2D48AE701207047044BFC
:10F740001B689E03ABD483E7032082E7003C0240A2
:10F7500000380240D4D80208C0030020014B1868CA
:10F76000704700BFC0030020044B05499B68054A51
:10F770000868C3F38223D35CD84070470038024046
:10F78000C0030020CCD80208044B05499B68054AF9
:10F790000868C3F34233D35CD84070470038024056
:10F7A000C0030020CCD802080E4B0F2210B4026018
:10F7B0009A680D4C02F0030242609A6802F0F0026F
:10F7C00082609A6802F4E052C2609B68DB0803F42E
:10F7D000E053036123685DF8044B03F00F030B60F3
:10F7E000704700BF00380240003C024002681169C7
:10F7F0002DE9F8430446C068A368256921F4405107
:10F8000001431161D168E0692B43656921F4164118
:10F810002B4321F00C0103430B43D3605369A169CF
:10F8200023F440730B43B0F5004F53619D4B00F040
:10F830009C809A425AD003F580639A4256D0FFF7D3
:10F8400093FF6368DFF8608200EB80009B0000EBB1
:10F850008000B0FBF3F7FFF787FFA8FB073763686B
:10F8600000EB80009B0000EB8006B6FBF3F6FFF791
:10F870007BFF636800EB80009B0000EB8000B0FB27
:10F88000F3F0A8FB003040094FF0640909FB106653
:10F890003601FFF769FF3236A8FB063662687F093A
:10F8A000760900EB800303EB830392003F0106F02F
:10F8B000F006B3FBF2F5FFF757FFD4E9002300EBA6
:10F8C00080009B0000EB8000B0FBF3F0A8FB003051
:10F8D000400909FB10531B013233A8FB0383C3F318
:10F8E000431333433B449360BDE8F883FFF74CFF79
:10F8F0006368DFF8B48100EB80009B0000EB8000C0
:10F90000B0FBF3F7FFF740FFA8FB0737636800EB96
:10F9100080009B0000EB8006B6FBF3F6FFF734FF98
:10F92000636800EB80009B0000EB8000B0FBF3F00D
:10F93000A8FB003040094FF0640909FB106636014E
:10F94000FFF722FF3236A8FB063663687F09760987
:10F9500000EB80009B003F0106F0F00600EB80000A
:10F96000B0FBF3F5FFF710FFA7E79A425AD003F573
:10F9700080639A4256D0FFF7F7FE6368DFF828816C
:10F9800000EB80005B0000EB8007B7FBF3F7FFF7AD
:10F99000EBFEA8FB0737636800EB80005B0000EB21
:10F9A0008006B6FBF3F6FFF7DFFE636800EB80002E
:10F9B00000EB80005B00B0FBF3F3A8FB03235B09C3
:10F9C0004FF0640909FB1366F600FFF7CDFE3236EF
:10F9D000A8FB063662687F09360900EB800303EB5B
:10F9E000830352003F0106F4F876B3FBF2F5FFF70C
:10F9F000BBFED4E9002300EB800000EB80005B003D
:10FA0000B0FBF3F3A8FB03135B0909FB1353DB0003
:10FA10003233A8FB0383C3F342133B443344936064
:10FA2000BDE8F883FFF7B0FE6368DFF87C8000EB89
:10FA300080005B0000EB8000B0FBF3F7FFF7A4FE53
:10FA4000A8FB0737636800EB80005B0000EB8006D3
:10FA5000B6FBF3F6FFF798FE636800EB800000EB5F
:10FA600080005B00B0FBF3F3A8FB03235B094FF0BE
:10FA7000640909FB1366F600FFF786FE3236A8FB21
:10FA8000063663687F09360900EB80005B003F01A2
:10FA900006F4F87600EB8000B0FBF3F5FFF774FE98
:10FAA000A7E700BF001001401F85EB5160B338B5D8
:10FAB00090F83930044603F0FF0203B32268242390
:10FAC00084F83930D36823F400532046D360FFF71D
:10FAD0008DFE23681A6922F490421A615A6922F055
:10FAE0002A025A61DA680025202142F40052DA60C5
:10FAF000E56384F8391084F83A10284638BD80F858
:10FB00003820FDF79DF9D9E70120704780B110B585
:10FB10002423044680F83930FDF716FA0023E36306
:10FB200084F8383084F8393084F83A30184610BDFB
:10FB300001207047F8B5044690F8390020282DD1EF
:10FB400051B34AB394F83800012827D00120E28449
:10FB500084F83800A284206BDFF84CC0104F114E9F
:10FB600021621346226800254FF0210EE56304321E
:10FB700084F839E0C0E90FC7C0E91365FDF71CFC44
:10FB800023686FF040021A6084F838505A6942F0D6
:10FB9000800228465A61F8BD0120F8BD0220F8BD58
:10FBA000B1FC000885FD000881FC000890F83A309F
:10FBB000202B3CD1002938D0002A36D070B590F8DF
:10FBC0003830012B82B0044633D00123002580F861
:10FBD00038302223C563816280F83A308285406BD9
:10FBE000154E056513460A462168C663134E066422
:10FBF000134EC6640431FDF7DFFB236801951A68D4
:10FC000001925A68019284F83850019ADA6842F4F5
:10FC10008072DA605A6942F001025A615A692846D4
:10FC200042F040025A6102B070BD012070470220CC
:10FC30007047022002B070BDC1FC000875FD0008CD
:10FC400085FD00080368DA6822F4907210B5DA6066
:10FC50005A6922F001025A615A695206044609D5CE
:10FC60005A69406B22F040025A6118B100230365C3
:10FC7000FDF7E2FB00202023E08584F83A3010BD38
:10FC800008B50368806B1B6813F480730AD102689F
:10FC9000C384536923F080035361D36843F0400366
:10FCA000D36008BD1AF082FA08BD00BF704700BFDC
:10FCB00008B5806BFFF7FAFF08BD00BF704700BFB3
:10FCC00008B50368806B1B6813F4807310D1026859
:10FCD000C385D36823F48073D360536923F0010391
:10FCE00053615369202123F04003536180F83A1097
:10FCF000FFF7E4FF08BD00BF90F83A30222B29D16E
:10FD000081680269836AB1F5805F10B504680AD022
:10FD1000591C02BB626881621A70C38D013B9BB2A1
:10FD2000C38543B110BDE2B96268C2F3080223F88B
:10FD3000022B8362F1E70368DA6822F49072DA60DA
:10FD40005A69202122F001025A6180F83A10FFF727
:10FD5000B5FF10BD70476268816202F07F021A70C1
:10FD6000DBE76268D2B223F8012B8362D5E700BFDC
:10FD7000704700BF08B5806BFFF7FAFF08BD00BFF2
:10FD8000704700BF08B5806B0368596990F8392047
:10FD9000212A0BD0596990F83A20222A16D0C36B39
:10FDA00043F01003C363FFF7EBFF08BD0906F1D56D
:10FDB0000022C284DA68202122F0C002DA6080F8D2
:10FDC0003910596990F83A20222AE8D14A06E6D536
:10FDD0000022C285DA6822F49072DA605A69202122
:10FDE00022F001025A6180F83A10D8E703681A68D5
:10FDF00070B51607DD68596904460CD1910601D526
:10FE0000AE066CD4100601D5290641D4560601D59C
:10FE1000680659D470BD11F0010124D115F4907F0A
:10FE2000F0D0D00709D5EE0540F19580E06B56077C
:10FE300040F00100E0635FD5C9B9E16B0029E9D06A
:10FE4000920602D5AE0600F18A805A69E16B02F093
:10FE5000400201F0080152EA010554D12046FFF7A3
:10FE60008FFFE56370BDD00742D451073BD5E16BEE
:10FE7000960741F00201E16337D5E16B100741F0CD
:10FE80000401E163D9D5E16B41F00801E163D4E7F6
:10FE900094F83920212ABDD1A168226AB1F5805F8A
:10FEA00062D0511C216212785A60E28C013A92B2FF
:10FEB000E284002AAED1DA6822F08002DA60DA68E1
:10FEC00042F04002DA6070BDDA68202122F0400280
:10FED000DA60204684F839101AF068F970BDBDE880
:10FEE0007040FFF709BF9107C7D41107A5D5CAE72E
:10FEF000EE059BD45007BAD4960728D410079CD59A
:10FF000000299AD0BFE7DA6822F49072DA605A6961
:10FF1000202122F001025A6184F83A105A695506EC
:10FF200011D55A69606B22F040025A6158B1144BE6
:10FF30000365FDF7C9FA00283FF46CAF606BBDE8BC
:10FF40007040036D18472046FFF71AFF70BD002967
:10FF50003FF473AF91E750073FF56FAFCCE7204612
:10FF6000FFF7CAFE236870E711882069C1F3080112
:10FF7000596010B90232226297E70132226294E797
:10FF800085FF000808B5806B0023C385C384FFF795
:10FF9000F7FE08BD1B4BDA68D10605D51A49CA69B8
:10FFA00010200243CA61D860164BDA68920606D563
:10FFB0001549CA69202042F00802CA61D860114B75
:10FFC000DA68500606D51049CA69402042F004029A
:10FFD000CA61D8600B4BDA68110606D50A49CA69AE
:10FFE000802042F00202CA61D860064BDA689207AC
:10FFF00006D50549CA69022042F02002CA61D860CC
:020000040801F1
:10000000704700BF003C024014160020064B1A69DE
:10001000002A01DB002070470449054A59605A60F4
:100020001869C00F704700BF003C024023016745BC
:10003000AB89EFCD034A136943F0004300201361FD
:10004000704700BF003C0240014BD869704700BFB9
:100050001416002070B5174B174C0022DA610546C4
:10006000FEF7DCFDE368DE030BD5691C15D0064600
:10007000F5B1FEF7D3FD801BA84219D8E368D80379
:10008000F7D40D4BDA68D20744BF0122DA600A4B7D
:10009000D86810F0F20007D170BDE368DD03F0D539
:1000A000E368DD03F9D4ECE7FFF774FF012070BDCE
:1000B000032070BD14160020003C02402DE9F041E1
:1000C0002F4D95F818C0BCF1010F30D080461C466A
:1000D0004CF2503001230E4617462B76FFF7BAFF3D
:1000E00018B100232B76BDE8F081264BB8F1000F44
:1000F00020D0B8F1010F33D01A6922F440721A618E
:10010000B8F1020F1A6922D042F440721A611A69DA
:1001100042F001021A61376074604CF25030FFF710
:1001200099FF184A136923F001031361D9E70220EC
:10013000BDE8F081196921F44071196119691961EB
:100140001969FAB241F0010119613270E5E742F430
:1001500000721A611A6942F001021A613760DCE725
:10016000196921F440711961196941F480711961AB
:100170001969BAB241F0010119613280CDE700BFBF
:1001800014160020003C0240036C70B5856B0446D9
:100190002BB90668013546B31846A56370BD1646EF
:1001A00082B91A468068F0F78DFAA368216C6268FC
:1001B0000B449342A36024BF2368A3600135002051
:1001C000A56370BD1A46C068F0F77CFA226CE3683C
:1001D00051429B1A2268E360934202D263680B4447
:1001E000E360022E06D00135E9E7406801F076FDB4
:1001F0006660D2E7012D38BF01250020CDE700BFA2
:1002000070B50546FCF7C6FC95F845305CB2002C8D
:1002100014DD05F1240603E0631EDAB25CB26AB1B4
:100220006B6A304653B101F041FC0028F4D001F074
:10023000D9FC631EDAB25CB2002AF1D1FF2385F843
:100240004530FCF7C9FCFCF7A5FC95F844305CB2DE
:10025000002C14DD05F1100603E0631EDAB25CB277
:100260006AB12B69304653B101F020FC0028F4D06C
:1002700001F0B8FC631EDAB25CB2002AF1D1FF23B0
:1002800085F84430BDE87040FCF7A6BC38B5E0B155
:1002900004460D46FCF77EFCD4E90F23216803FBDE
:1002A00002F2D31A0A4462600022A2630B44FF22C6
:1002B00084F84420C4E9021384F8452075B9236901
:1002C000C3B9FCF789FC012038BD4FF0500383F31C
:1002D0001188BFF36F8FBFF34F8FFEE704F110005B
:1002E000FEF7E2FB04F12400FEF7DEFBFCF774FCF2
:1002F000012038BD04F1100001F0D8FB0028E0D047
:100300004FF0E0234FF08052C3F8042DBFF34F8F1E
:10031000BFF36F8FD5E700BF40B94FF0500383F3B1
:100320001188BFF36F8FBFF34F8FFEE770B50E4696
:10033000044669B94820FDF7DFF9054698B1006029
:10034000C5E90F4601212846FFF7A0FF284670BDEA
:1003500001FB00F04830FDF7CFF9054618B100F178
:1003600048030360ECE70025284670BDF0B585B072
:10037000019200287ED00E461D460446002969D011
:10038000022D0BD1E36B012B08D04FF0500383F308
:100390001188BFF36F8FBFF34F8FFEE701F044FC6E
:1003A000002870D0FCF7F6FBA26BE36B9A4276D381
:1003B000022D74D0002217460EE0FCF70DFC2046FB
:1003C000FFF71EFF01F07EFAFCF7E4FBA16BE36B85
:1003D00099424FF0010262D30198002876D0002A9A
:1003E00044D0FCF7F9FB01F017F9FCF7D3FB94F8C4
:1003F0004430FF2B08BF84F8447094F84520FF2A4E
:1004000008BF84F84570FCF7E7FB01A902A801F0DA
:10041000A7FB00285ED1FCF7BDFBA26BE36B9A4201
:10042000CBD1FCF7D9FB019904F1100001F024FBBA
:100430002046FFF7E5FE01F045FA0028C4D14FF051
:10044000E0234FF08052C3F8042DBFF34F8FBFF36A
:100450006F8FB9E7036C002B92D04FF0500383F3FA
:100460001188BFF36F8FBFF34F8FFEE702A801F033
:1004700061FBB6E74FF0500383F31188BFF36F8F32
:10048000BFF34F8FFEE7019B002B8BD04FF0500343
:1004900083F31188BFF36F8FBFF34F8FFEE72A46B8
:1004A00031462046FFF770FE636ACBB948B14FF082
:1004B000E0234FF08052C3F8042DBFF34F8FBFF3FA
:1004C0006F8FFCF789FB012005B0F0BDFCF784FBC2
:1004D0000020F9E72046FFF793FE01F0F3F9F7E774
:1004E00004F1240001F0E2FA0028EAD0DFE700BFBF
:1004F00070B3036C70B5044643B14FF0500383F3FF
:100500001188BFF36F8FBFF34F8FFEE703680D466F
:100510003BB3FCF747FCEFF311864FF0500383F336
:100520001188BFF36F8FBFF34F8FA36BE26B9A42BB
:1005300023D994F845200133FF2AA36353B220D076
:1005400001335BB284F84530012086F3118870BD19
:100550004FF0500383F31188BFF36F8FBFF34F8FBA
:10056000FEE74368002BD4D04FF0500383F311888B
:10057000BFF36F8FBFF34F8FFEE7002086F3118824
:1005800070BD636A002BDFD004F1240001F08EFA05
:100590000028D9D0002DD7D001232B60D4E700BF8D
:1005A0002DE9F04184B00192002800F089800E46C8
:1005B0001F460446002943D001F036FB00284BD0EB
:1005C000FCF7E8FAA56B002D40F08B80019B8BB304
:1005D00002A801F0AFFAA846FCF7FEFA01F01CF8F9
:1005E000FCF7D8FA94F84420FF2A08BF84F8448026
:1005F00094F84520FF2A08BF84F84580FCF7ECFA00
:1006000001A902A801F0ACFA002831D1FCF7C2FA26
:10061000A36B002B39D0FCF7DFFA2046FFF7F0FD83
:1006200001F050F9FCF7B6FAA56B002D59D1019BEA
:10063000002BD1D1FCF7D0FA002004B0BDE8F08146
:10064000036C002BB8D04FF0500383F31188BFF335
:100650006F8FBFF34F8FFEE7019B002BB0D04FF0A1
:10066000500383F31188BFF36F8FBFF34F8FFEE703
:100670002046FFF7C5FD01F025F9FCF78BFAA36BC7
:10068000002BD7D0FCF7A8FACCE7FCF7A5FA236833
:10069000FBB1019904F1240001F0EEF92046FFF7C7
:1006A000AFFD01F00FF90028BCD14FF0E0234FF06F
:1006B0008052C3F8042DBFF34F8FBFF36F8FB1E7A4
:1006C0004FF0500383F31188BFF36F8FBFF34F8F49
:1006D000FEE7FCF75FFA606801F0B6FAFCF77CFA17
:1006E000D7E7226CD4F80C8052B1636808EB0201A2
:1006F0009942E16024BF2168E1603046EFF7E2FFF4
:100700004FB92368013DA56313B32369CBB9FCF747
:1007100063FA012091E7636AC4F80C80002BF6D0DD
:1007200004F1240001F0C2F90028F0D04FF0E023DA
:100730004FF08052C3F8042DBFF34F8FBFF36F8F7C
:10074000E5E704F1100001F0B1F90028DFD0EDE792
:1007500001F022FB6060D8E72DE9F84310B30E46A4
:100760001746044691B1FCF71DFBEFF311894FF0DA
:10077000500383F31188BFF36F8FBFF34F8FA56BC7
:10078000CDB9284689F31188BDE8F883036C002BA6
:10079000E9D04FF0500383F31188BFF36F8FBFF39D
:1007A0004F8FFEE74FF0500383F31188BFF36F8F35
:1007B000BFF34F8FFEE794F84480226C4FFA88F81D
:1007C00052B1E168636811449942E16024BF216835
:1007D000E1603046EFF776FF013DB8F1FF3FA563DA
:1007E00009D008F101035BB284F84430012089F399
:1007F0001188BDE8F8832369002BF7D004F11000BD
:1008000001F054F90028F1D0002FEFD001233B6014
:10081000ECE700BF08B500F0C5FE002008BD00BF32
:10082000EFF305830BB100F005BF00F0FDBE00BF84
:1008300010B584460B46BCF81020DCF80010BCF95B
:1008400008C0406884B0BCF1840F14BF0CF10304ED
:100850000024009403AC019400F03EFD01280CBF7D
:100860000398002004B010BD08B5012838BF01204E
:1008700001F08CF8002008BD00B5002385B0CDE95B
:100880000233EFF30583BBB102AB0093012203AB4C
:1008900001F040FB012815D1029B4BB14FF0E02342
:1008A0004FF08052C3F8042DBFF34F8FBFF36F8F0B
:1008B000039805B05DF804FB03AB012201F0BEFA1A
:1008C0000128F5D04FF00040F3E700BF30B585B008
:1008D000002304460293EFF3058048B1822301937D
:1008E00004AB13E9070084E80700204605B030BDDB
:1008F0001346154602AA01F05BFA012804D02B1E0C
:1009000018BF01239B01EAE7029B002BB4BF86239B
:100910000823E4E7012910B502D00024204610BDC9
:10092000084603220021FFF7F7FC04460028F5D013
:1009300000231A461946FFF719FD204610BD00BFD7
:1009400010B582B00024019410B3EFF3058343B9CE
:100950000A461946FFF724FE012816D1002002B0EE
:1009600010BD01AA2146FFF7F7FE01280DD1019B1A
:10097000002BF3D04FF0E0234FF08052C3F8042D4A
:10098000BFF34F8FBFF36F8FE8E7FF2002B010BDBA
:10099000802002B010BD00BF00B583B000230193DA
:1009A000EFF30583A3B101A9FFF7A2FD012815D13B
:1009B000019B4BB14FF0E0234FF08052C3F8042D60
:1009C000BFF34F8FBFF36F8F002003B05DF804FBC0
:1009D0001A461946FFF7CAFC0128F5D0FF2003B0DC
:1009E0005DF804FB08B501F01FF9012800D108BD2E
:1009F000BDE80840FCF736B9D0F81C3283B110B519
:100A0000D0F8184294F84000FF2807D09B6894F86B
:100A1000412021469847FF2384F84030002010BD34
:100A2000002070476A230380004870470C030020B1
:100A30000A23038000487047B4030020012970B5E1
:100A4000D0F8184205460E4616D0032912D1683454
:100A500031462846FBF768FFD5F8183260604BB185
:100A6000D5F81C222146D46851F8040B3246A04721
:100A7000002070BD022070BD5034E9E708B5D0F801
:100A8000183283B101290AD0032904BF002283F858
:100A90006420064B1868FFF77FFF002008BD002286
:100AA00083F84C20F5E7022008BD00BF5009002064
:100AB00070B50B7803F06002202A0C46054625D05D
:100AC000402A03D0A2B94A780A2A3AD013F0030385
:100AD00010D0012B14D16378502B11D1A388A278A8
:100AE000052B0DD162B9E28820492846F9F7F6F9BD
:100AF000002070BD6378502B02D1A388042B2ED028
:100B000028462146FDF79CFF022070BDCA8891F857
:100B100001C07AB11B06D0F8186218D5D5F81C327E
:100B200031469B6860469847E28831462846F9F787
:100B3000D5F9DDE7D0F81C3260469B689847002065
:100B4000D7E70B490122F9F7C9F92378BEE786F800
:100B500040C086F841203146F9F7D6F9C8E7E28867
:100B600004492846F9F7BAF9C2E700BF2C02002071
:100B700034160020E402002010B581210446FBF762
:100B800077FE01212046FBF773FE82212046FBF70A
:100B90006FFE83212046FBF76BFE03212046FBF707
:100BA00067FED4F8183253B1D4F81C325B6898470A
:100BB000D4F81802F2F70AFA0023C4F81832002019
:100BC00010BD00BF70B54023044602228121FBF70F
:100BD00041FE4023022201212046FBF73BFE402339
:100BE000022283212046FBF735FE40230222032107
:100BF0002046FBF72FFE0823032282212046FBF725
:100C000029FE7420F2F7DAF9C4F81802D8B1D4F842
:100C10001C32054600261B68984785F84C602A6DF3
:100C200085F85860402385F86460012185F870607C
:100C30002046FBF76DFEAA6E402303212046FBF7FA
:100C400067FE304670BD012070BD00BF6A2303807F
:100C5000004870470C0300206A2303800048704757
:100C60000C03002019B1C0F81C12002070470220AC
:100C7000704700BF012BD0F8180209D0032B05D113
:100C800000F15C03C3E900120020704702207047A6
:100C900000F14403C3E9001200207047012AD0F894
:100CA000183207D0032A03D1683300201960704737
:100CB000022070475033002019607047D0F8182286
:100CC00010B56AB101290ED0032909D192F8643018
:100CD0005C32832103F0FF046BB10124204610BD78
:100CE0000224204610BD92F84C304432812103F09A
:100CF000FF04002BF1D10123137293881268FBF7D4
:100D0000FBFD204610BD00BF08B5D0F818321BB15E
:100D100001290AD0032901D0022008BD68331A68CE
:100D20004023FBF7F5FD002008BD5033F7E700BF77
:100D3000036882B000206FF00402013901901A604C
:100D4000032905D8DFE801F0110C07029B6C019321
:100D5000019802B070475B6C0193019802B0704734
:100D60001B6C0193019802B07047DB6B01930198F3
:100D700002B0704790F83C30012B00F0BF80012397
:100D800070B580F83C300C6803688A68092C84468A
:100D9000A0B25FD81D6904EB440E072606FA0EF6D2
:100DA00025EA06051D611D6902FA0EF22A431A6141
:100DB0009A6B0E694D6822F440129A639A6B06F1A1
:100DC000FF3E42EA0E529A63EA1C921BD2B29E6B1D
:100DD00002EB82024FF01F0E90400EFA02F226EA5A
:100DE00002029A639A6B10439863CA69444882422C
:100DF00064D0986820F470209860986802439A60E4
:100E00009A68086A22F440129A609A6802439A60CB
:100E10008A69002A4DD05A6842F480625A604A6951
:100E200042B35A6842F480525A60022DCA6828D0F0
:100E3000032D54D0012D4AD159696FF30B0159612B
:100E400059690A435A612F4A934224D000208CF8F2
:100E50003C0070BD00EB4005DE681E3D4FF0070E04
:100E6000AA400EFA05F526EA0505DD60DD682A438D
:100E7000DA609DE75A6822F480525A60022DCA68EF
:100E8000D6D199696FF30B01996199690A439A6107
:100E90001C4A9342DAD1122C29D0103C012CD5D80F
:100EA000194A5368002043F4000353608CF83C0057
:100EB00070BD5A6822F480625A60B0E79A6822F4E2
:100EC00070229A609A6822F440129A60A0E7196A28
:100ED0006FF30B011962196A0A431A62B3E7D96901
:100EE0006FF30B01D961D9690A43DA61ABE7D2F834
:100EF000043343F48003C2F80433A7E702207047A9
:100F000001000F0000200140002301401049114B57
:100F1000D1F8882042F4700210B4C1F888201A6811
:100F20000D4C002042F001021A6098601A6822F00D
:100F3000847222F480321A605C601A684FF0006498
:100F400022F480221A60D8608C605DF8044B7047F0
:100F500000ED00E0003802401030002430B58DB0C4
:100F60003D4B3E48002401941A6B42F004021A6380
:100F7000196B01F00401019101990294196B41F080
:100F800080011963196B01F08001029102990394A9
:100F9000196B012211431963196B114003910399D5
:100FA0000494196B41F002011963196B01F00201FD
:100FB000049104990594196B41F0080119631B6BA6
:100FC00003F0080305934FF4C041059B02F09EF91E
:100FD000224623484FF4805102F098F901254FF43E
:100FE000C04306A91D48CDE90635CDE9084401F006
:100FF000B3FF06A948F21022002318480894CDE94F
:10100000062301F0A9FF0C22002306A91448089426
:10101000CDE9062301F0A0FF4FF4805306A9104844
:101020000693CDE90754099401F096FF4FF400426E
:10103000002306A90B480894CDE9062301F08CFF94
:10104000042200230848089506A9CDE9062301F0EB
:1010500083FF0DB030BD00BF0038024000080240E1
:101060000004024000000240000C02402DE9F04361
:101070002B4F3E6887B00C46002E44D0DFF8B0807E
:101080004FEA0619C44608EB061E002503E00CF1E2
:10109000100CE6450CD0DCF800108842F7D1BCF803
:1010A0000410A14208BF65460CF1100CE645F2D1D0
:1010B00015B30E99AB601B4BAC80E960286001A9A9
:1010C000CDE90143039201F047FF174B5C616408CF
:1010D0001CD0B4FA84F4C4F12004144BA4B200224E
:1010E0001C5711462046F8F77FFE2046F8F7B8FE59
:1010F000012007B0BDE8F0830A2E0ED008EB0905E9
:1011000001363E60D5E70A4D0126FAE72246214620
:101110000620F8F769FE0624E7E72846E9E700BF5E
:101120003816002000001110003C0140E4D80208ED
:101130003C160020164B1A6830B4D2B1154B00246F
:1011400003EB021C06E010338A4208BF44F001049E
:101150009C450BD01D689A888542F4D18A42F2D111
:101160000022C3E9022210339C45F3D10CB130BCFC
:101170007047490808BF062006D0B1FA81F1C1F1D5
:101180002003054A9BB2D05630BCF8F775BE00BFAD
:10119000381600203C160020E4D8020810B5134889
:1011A00086B00121FFF7C6FF10480221FFF7C2FFFA
:1011B00001200221CDE9000102220323082469460F
:1011C0000A480494CDE9022301F0C6FE022202235C
:1011D000CDE9002305480494002203236946CDE9A4
:1011E000022301F0B9FE06B010BD00BF00000240AE
:1011F000F8B50E4F3B68BBB10D4C0646002505E027
:101200003B680135AB4204F110040DD9A388B34209
:10121000F6D1A368002BF3D0E06898473B6801350E
:10122000AB4204F11004F1D8F8BD00BF381600201D
:101230003C160020F8B5214B214D1E682B68044652
:10124000181D0F46FDF766FC40B92B681D49DB6A87
:1012500001229A400B6823EA02030B60631C0FD043
:101260002B6834195C6010D2174B18682968043158
:10127000FDF738FC154B1A68A24200D91C60F8BD76
:10128000A7B92B68721E5A603EB1114B18682968C5
:10129000BDE8F8400431FDF725BC0B4B1868296800
:1012A0000431FDF71FFC094B1B68F8BD296809488C
:1012B000BDE8F8400431FDF707BC00BF001700206F
:1012C00004180020FC1600204C170020E416002013
:1012D00048170020081700202DE9F0479400064623
:1012E000204689461F46FCF707FA002800F0858053
:1012F00080465420FCF700FA054600287AD0C0F852
:10130000308022464046A521F1F706FF2B6B043CB6
:10131000234423F0070809F1FF3C09F10F0105F10F
:10132000330E1CF8014F0EF8014F0CB18C45F8D16B
:10133000089C062C28BF06244FF0000A05F104097A
:10134000EC626C64484685F843A0C5F848A0FDF7F8
:10135000B7FBC4F1070405F11800FDF7B1FBC5F8B0
:101360004CA0AC6185F850A02D616D623A463146C3
:101370004046FBF7E5FB099B286003B11D60FBF7C6
:1013800009FC394A394C1368013313602368002B78
:101390003DD0374EE86A33689BB3364FDFF8F4C070
:1013A000354ADCF800300133CCF80030D2F800C008
:1013B0000123834000EB800043EA0C03494607EB1E
:1013C00080001360FDF780FBFBF706FC336873B108
:1013D0002268EB6AD26A9A4209D24FF0E0234FF0BA
:1013E0008052C3F8042DBFF34F8FBFF36F8F0120DE
:1013F000BDE8F0874046FCF70DFA4FF0FF30BDE83E
:10140000F0872368DB6A834298BF2560C5E72560C3
:101410001368012B03D0E86A164F154EBEE7154F2F
:101420003E4607F18C0830461436FDF73DFBB045CB
:10143000F9D1DFF86480114E4046FDF735FB3046A8
:10144000FDF732FB0E48FDF72FFB0E48FDF72CFB96
:101450000D48FDF729FB0D4BE86AC3F800800C4BE3
:101460001E60034E9AE700BF0417002004180020F6
:10147000F816002078170020FC16002050170020D6
:101480003417002020170020081700204C170020D8
:1014900048170020E81600206417002070B50446A5
:1014A000354DFBF777FB002C4CD0261D3046FDF761
:1014B00031FB38B9E36A314A03EB830152F821204A
:1014C000002A2ED0A36A1BB104F11800FDF722FBFD
:1014D0002B4A1368013313602B68A34229D0294A91
:1014E000206B1368013B1360FCF794F92046FCF76E
:1014F00091F9254B1A68126872B11A68234BD268A9
:10150000D26852681A60FBF767FB214B1B6813B166
:101510002B68A34218D070BD1C4B4FF0FF321A60ED
:10152000F1E71C4901229A400B6823EA02030B6091
:10153000C8E719483146FDF7C7FA184A136801335E
:101540001360E0E72C68B0E7154B1B6843B14FF020
:10155000500383F31188BFF36F8FBFF34F8FFEE704
:101560004FF0E0234FF08052C3F8042DBFF34F8FAC
:10157000BFF36F8F70BD00BF0418002078170020E4
:10158000E8160020041700204C170020E416002065
:10159000F8160020FC160020201700201C17002041
:1015A000DC16002010B5164B1649174882B00024EF
:1015B000CDE9004380222346FFF78EFE012808D0A4
:1015C0004FF0500383F31188BFF36F8FBFF34F8F3A
:1015D000FEE74FF0500383F31188BFF36F8FBFF323
:1015E0004F8F0A490A4A0B4B4FF0FF3CC1F800C02D
:1015F00010601C6002B0BDE81040FBF75BBB00BF91
:10160000E01600200CC20208E5180108E4160020CC
:10161000F816002000170020024A136801331360F7
:10162000704700BFDC160020014B1868704700BFF0
:101630000017002008B5FBF7B5FB014B186808BD83
:10164000001700202DE9F04F4D4B1B6883B0002B95
:1016500049D14C4B1D6801351D60002D51D04A4BBE
:101660000193019B1B68AB4258D8484EDFF8348188
:101670003368DFF834911C68002C74D0444F002488
:1016800023E0FDF747FADBF828200BF118000AB138
:10169000FDF740FADBF82C003B680122824000EBAA
:1016A00080001A43514608EB80003A60FDF70CFABF
:1016B000D9F80030DBF82C20DB6A9A4228BF44F0CE
:1016C000010433681B68002B4DD03368DB68D3F806
:1016D0000CB0DBF804200BF1040A95425046D0D23E
:1016E000019B1A601FE02B4A13680133002013602E
:1016F000294B1B68002B18BF40F0010003B0BDE868
:10170000F08F224B1A681268D2B14FF0500383F366
:101710001188BFF36F8FBFF34F8FFEE7DFF8848030
:10172000DFF884900024D9F80030DB6A03EB8303F0
:1017300058F82330012B94BF204644F00100D7E72E
:10174000164A186811681960154910600A68013254
:101750000A601A6812685AB90B4B01931A464FF087
:10176000FF3313607DE7019A4FF0FF331360DAE730
:101770001B68054ADB680192DB685B68136070E7F1
:10178000DC16002000170020E41600204C17002073
:10179000FC160020F4160020F01600204817002048
:1017A000EC16002078170020041800202DE9F84FCF
:1017B000FBF7F0F9394B1A68013A1A601B68002BE5
:1017C0005BD1374B1B68002B57D0DFF8ECA0DAF861
:1017D0000030002B5ED0334DDFF8E080324FDFF871
:1017E000E0900126DAF80C30DC6804F1040B04F117
:1017F0001800FDF78FF95846FDF78CF9E06A2A6862
:1018000006FA00F300EB80001343594608EB800012
:101810002B60FDF759F93B68E16ADA6ADAF80030C3
:10182000914228BFC9F80060002BDBD11F4B1A681A
:10183000126842BB1E4B4FF0FF321A601D4E3468D7
:1018400044B10125FFF7FEFE08B1C9F80050013C84
:10185000F8D13460D9F800307BB14FF0E0234FF07D
:101860008052C3F8042DBFF34F8FBFF36F8F012455
:10187000FBF7B2F92046BDE8F88F0024FBF7ACF97E
:101880002046BDE8F88F1A68094BD268D2685268C2
:101890001A60D3E7DFF82890D0E700BFDC160020FD
:1018A00004170020FC160020041800204C1700200C
:1018B000E4160020F41600203417002078170020CA
:1018C000F0160020064B1B6843B94FF0500383F31A
:1018D0001188BFF36F8FBFF34F8FFEE7FFF766BF2F
:1018E000DC16002080B5244E244F254CDFF898806C
:1018F000244DD8F800307BB333680133336033684C
:1019000043B94FF0500383F31188BFF36F8FBFF3D8
:101910004F8FFEE7D7F80090FFF748FFB9F1000FAF
:10192000E7D0FBF737F9FB68D3F80C9009F1040016
:10193000FDF7F0F82368013B2360D8F80030013B45
:10194000C8F80030FBF748F9D9F83000FBF762FF20
:101950004846FBF75FFFCCE72A68012A4FF0E023F7
:1019600007D94FF08052C3F8042DBFF34F8FBFF358
:101970006F8F08F02FFBBCE7DC160020201700203B
:1019800004170020781700201C17002010B550B94C
:101990004FF0E0234FF08052C3F8042DBFF34F8F78
:1019A000BFF36F8F10BD104C216841B14FF0500351
:1019B00083F31188BFF36F8FBFF34F8FFEE7236868
:1019C00001332360FFF736FC236843B94FF050031F
:1019D00083F31188BFF36F8FBFF34F8FFEE7FFF7DD
:1019E000E5FE0028D4D010BDDC1600201D4B1B687E
:1019F0001BB11D4B01221A6070471B4A10B51B4CCE
:101A000013602268236812681B6B9A4223D9184B13
:101A10001B68B3FA83F3DBB2C3F11F0303EB830349
:101A200014499A0001EB8303885840B94FF05003E2
:101A300083F31188BFF36F8FBFF34F8FFEE75868B2
:101A40000832406858600A44904204BF40685860B9
:101A5000C368236010BD20682168343108F0AAFAF9
:101A6000D5E700BFDC160020F01600200418002087
:101A7000FC1600207817002060B110B50A4B0C4608
:101A800019681831FDF72EF820460121BDE81040F5
:101A9000FFF7D0BB4FF0500383F31188BFF36F8F74
:101AA000BFF34F8FFEE700BF0418002038B5C368AE
:101AB000DC6854B304F118052846FDF72BF8174BE2
:101AC0001B6873B116482946FCF7FEFF154BE26A06
:101AD0001B68DB6A9A4283BF134B01201860002009
:101AE00038BD251D2846FDF715F8104AE06A29463D
:101AF0000123156883402B4313600D4B00EB8000DE
:101B000003EB8000FCF7E0FFE0E74FF0500383F3C6
:101B10001188BFF36F8FBFF34F8FFEE7DC160020F5
:101B20003417002004180020F0160020FC160020B6
:101B30007817002030B1084A084B12681B68C0E9CA
:101B4000002370474FF0500383F31188BFF36F8F6A
:101B5000BFF34F8FFEE700BFEC16002000170020F8
:101B600030B370B50D46D1B10446FBF713F82B68BE
:101B70001A4A581C11682CD0DFF864C0D4E9006000
:101B8000DCF800E0764501D0814203D2A1EB000EE3
:101B9000734516D80124FBF71FF8204670BD4FF09F
:101BA000500383F31188BFF36F8FBFF34F8FFEE7AE
:101BB0004FF0500383F31188BFF36F8FBFF34F8F44
:101BC000FEE75B1ADCF80010126803442B60C4E9DE
:101BD00000120024FBF700F8204670BD001700201B
:101BE000EC160020014B01221A607047F01600200D
:101BF00078B1006B0378A52B11D103469C4613F8EE
:101C0000012FA52AFAD0C0F101006044C0F38F0073
:101C10007047044B1868006B0378A52BEDD00020AB
:101C2000704700BF04180020054B1B6833B1054BFB
:101C30001868B0FA80F040094000704701207047F2
:101C4000F8160020DC160020D8B1F8B5204DC36A84
:101C50002A68D26A9342044612D28269002A04DBBF
:101C60002A68D26AC2F1070282611A4E626903EBE6
:101C7000830306EB83039A4204D02B68DB6AE3629A
:101C8000F8BD7047271D3846FCF744FF68B9E36A82
:101C900003EB830256F822203AB90F4A01219940FA
:101CA000136823EA0103136000E00B4A2B68D86A2B
:101CB000E062012314688340234300EB800039462F
:101CC00006EB80001360BDE8F840FCF7FDBE00BFE6
:101CD0000418002078170020FC16002020B330B52F
:101CE0002A4B1B68834283B0044608D04FF0500350
:101CF00083F31188BFF36F8FBFF34F8FFEE79B6CA9
:101D00004BB1C16A426C013B9142836400D06BB11C
:101D1000002003B030BD4FF0500383F31188BFF3B0
:101D20006F8FBFF34F8FFEE700207047011D0846FD
:101D30000191FCF7EFFE0199B8B11548154A636CA3
:101D4000D2F800C0E362C3F1070E0125C4F818E021
:101D500005FA03F403EB830344EA0C0400EB83006D
:101D60001460FCF7B1FE2846D3E7E36A084803EBAA
:101D7000830250F822200AB1064AE0E7054A01250D
:101D80009D40136823EA05031360D8E70418002078
:101D900078170020FC160020044B1A681AB1196845
:101DA0008A6C01328A641868704700BF04180020EA
:101DB0002DE9F041204C1E4680460F461546FAF7A5
:101DC000E9FE236893F85030022B09D02268D36CC7
:101DD00023EA0803D3642368012183F85010DEB995
:101DE000FAF7FAFEFAF7D6FE15B12368DB6C2B6022
:101DF000236893F85030012B1CD02268D36C23EA5F
:101E000007030125D3642368002283F85020FAF7E2
:101E1000E3FE2846BDE8F0813046FFF70BFA4FF0AD
:101E2000E0234FF08052C3F8042DBFF34F8FBFF370
:101E30006F8FD5E70025E6E704180020F8B5F8B164
:101E40001E460F4615460446FAF7A4FE0EB1E36C93
:101E5000336094F8501002226B1E84F85020CDB2EB
:101E6000032B06D8DFE803F015390402022D38D021
:101E7000E764012D13D00124FAF7AEFE2046F8BD29
:101E80004FF0500383F31188BFF36F8FBFF34F8F71
:101E9000FEE7E36C012D43EA0703E364EBD1261D63
:101EA0003046FCF737FE184AE06A05FA00F3156879
:101EB0002B431360154B00EB800003EB8000314691
:101EC000FCF702FEA36A73B14FF0500383F311884D
:101ED000BFF36F8FBFF34F8FFEE7E36C0133E36413
:101EE000C7E70024C8E70A4BE26A1B68DB6A9A422C
:101EF000C1D94FF0E0234FF08052C3F8042DBFF357
:101F00004F8FBFF36F8FB6E7FC16002078170020C5
:101F10000418002058B32DE9F0410F4615461E461F
:101F20000446FAF73FFFEFF311884FF0500383F3B5
:101F30001188BFF36F8FBFF34F8F0EB1E36C336027
:101F400094F850206B1ED5B2022284F85020032B47
:101F500006D8DFE803F015260402022D39D0E76425
:101F6000012D13D0012088F31188BDE8F0814FF0D6
:101F7000500383F31188BFF36F8FBFF34F8FFEE7DA
:101F8000E36C012D43EA0703E364EBD1A36A63B179
:101F90004FF0500383F31188BFF36F8FBFF34F8F60
:101FA000FEE7E36C0133E364DAE7164B1B6893B199
:101FB000154804F11801FCF787FD144BE26A1B6811
:101FC000DB6A9A42CED9069BC3B1069A01231360FD
:101FD000C8E70020C7E7261D3046FCF79BFDE06AF6
:101FE0000B4B0C4A854000EB800002EB80001A6826
:101FF000314615431D60FCF767FDDEE7064B012205
:102000001A60AFE7DC160020341700200418002007
:10201000FC16002078170020F0160020036A23F039
:10202000010370B40362036A446882690D6822F098
:1020300073022A438D6823F002032B430E4DA842FE
:102040000AD005F58065A84206D0496844608261DF
:1020500070BC416303627047CD6823F008032B43D3
:10206000D1E9056524F4407446EA050C23F0040325
:102070004CEA0404E9E700BF00000140036A23F4CE
:10208000807370B40362036A4468C2690D6822F009
:1020900073022A438D6823F4007343EA05230F4D2E
:1020A000A8420AD005F58065A84206D04968446078
:1020B000C26170BCC16303627047CD6823F40063E2
:1020C00043EA0523D1E9056524F4405446EA050CAA
:1020D00023F4806344EA0C14E8E700BF00000140E9
:1020E000036A23F4805330B40362036A4468C2690C
:1020F0000D6822F4E64242EA05228D6823F400537B
:1021000043EA0533094DA8420AD005F58065A84287
:1021100006D049684460C26130BC01640362704704
:102120004D6924F4804444EA8514F2E7000001403C
:10213000034600201B68DA6842F00102DA601A6880
:1021400042F001021A607047704700BF03680C2913
:102150000CD8DFE801F0070B0B0B310B0B0B2C0B32
:102160000B0B2700DA6842F00202DA60186A0122DB
:1021700002FA01F120EA01001862186A114A0143CB
:102180009342196209D002F58062934205D01A6821
:1021900042F0010200201A6070475A6C42F400427B
:1021A0005A64F4E7DA6842F01002DA60DEE7DA68CF
:1021B00042F00802DA60D9E7DA6842F00402DA6035
:1021C000D4E700BF0000014003680122186A02FA48
:1021D00001F120EA01001862186A0A4A0143934299
:1021E000196209D002F58062934205D01A6842F064
:1021F000010200201A6070475A6C42F400425A648F
:10220000F4E700BF00000140FFF7A0BF03680C29FE
:102210000CD8DFE801F0070B0B0B250B0B0B200B89
:102220000B0B1B00DA6842F00202DA60186A012226
:1022300002FA01F120EA010018621A6A11431962D8
:102240001A6842F0010200201A607047DA6842F012
:102250001002DA60EAE7DA6842F00802DA60E5E7DD
:10226000DA6842F00402DA60E0E700BF0368C1B157
:1022700004290DD11A6A22F010021A621A6A42F079
:1022800010021A621A6842F0010200201A607047B8
:102290001A6A22F001021A621A6A42F001021A62F4
:1022A000E8E71A6A22F001021A621A6A42F0010291
:1022B0001A62E7E790F83820012A70D003460268D6
:1022C00030B40220012483F8384083F83900906844
:1022D0000C6820F47F4020F07700502C906000F0D4
:1022E00093800ED8202C00F0888029D8002C7DD037
:1022F000102C1DD1916821F0700141F017019160FF
:1023000016E0B4F5805F65D036D8602C49D0702CCB
:102310000ED1D1E9015094682843CD6824F47F415F
:1023200040EA052008439060916841F07701916090
:102330000020012283F8392083F8380030BC704730
:10234000302C4CD0402CF3D14868CC68116A21F075
:102350000A010843116A21F001011162916921F01B
:10236000F00141EA041191611062916821F070015D
:1023700041F047019160DBE7B4F5005FD8D1D1E9C6
:10238000015094682843CD6824F47F4140EA052039
:1023900008439060916841F480419160C8E7022051
:1023A00070474C68CD68116A21F010011162906984
:1023B000116A20F4704021F0A00141EA041140EAC2
:1023C000053090611162916821F0700141F0670160
:1023D0009160ADE7916821F007019160A8E79168ED
:1023E00021F0700141F037019160A1E7916821F07F
:1023F000700141F0070191609AE7916821F0700146
:1024000041F02701916093E74868CC68116A21F098
:102410000A010843116A21F001011162916921F05A
:10242000F00141EA041191611062916821F070019C
:1024300041F0570191607BE7704700BF704700BFD4
:10244000704700BF704700BF03681A69910710B555
:10245000044602D5DA6892075FD41A69500702D59C
:10246000DA68510746D41A69120702D5DA681007EC
:102470002ED41A69D20602D5DA68D00618D41A69A1
:10248000D10702D5DA68D2075DD41A69100602D5E1
:10249000DA6811065FD41A69520602D5DA68500666
:1024A00061D41A69910602D5DA68920643D410BD48
:1024B0006FF01001082219612276DB6913F4407F66
:1024C000204664D0FFF7BAFF002223682276D6E7C1
:1024D0006FF00801042219612276DB699907204612
:1024E00052D1FFF7A9FF2046FFF7AAFF0022236879
:1024F0002276BEE76FF004010222196122769B6901
:1025000013F4407F20463CD1FFF796FF2046FFF7AB
:1025100097FF002223682276A5E76FF002010122CF
:10252000196102769B699B0725D0FFF787FF002280
:102530002368227691E76FF0200220461A61BDE8F9
:102540001040F9F73DBA6FF001021A612046FAF720
:102550006DF8236899E76FF080021A612046F9F759
:1025600031FA236897E76FF040021A612046FFF7BF
:1025700069FF236895E7FFF75FFF2046FFF760FFDD
:10258000D5E7FFF75BFFC4E7FFF758FFAEE7FFF7BC
:1025900053FF2046FFF754FF96E700BF30B4364D97
:1025A0008C6803680A68A8423CD0B0F1804F27D0FD
:1025B000A5F57C45A84223D005F58065A8421FD02B
:1025C00005F58065A8423ED005F57845A84217D0AC
:1025D0002A4DA8423BD005F58065A84237D005F5C5
:1025E0008065A84233D0A5F59835A8423AD005F5C4
:1025F0008065A8422BD005F58065A8422BD126E046
:102600004D6823F070032B43CD6823F440732B43B4
:1026100003601B4BC462984282620ED0012330BC1F
:10262000436170474D6823F070032B43CD6823F45A
:1026300040732B430360C46282620B69036301230E
:1026400030BC436170474D6823F070032B43C96869
:1026500023F440730B4303600123C462826230BCE5
:1026600043617047C96823F440731943054B1960EF
:10267000DC629A62D2E700BF0000014000400140E6
:102680000004014000180040C0B110B590F8393086
:10269000044603F0FF0263B12146022384F8393077
:1026A00051F8040BFFF77AFF012384F8393000203A
:1026B00010BD80F83820F8F70BFEEDE701207047D9
:1026C000C0B110B590F83930044603F0FF0263B191
:1026D0002146022384F8393051F8040BFFF75EFFDE
:1026E000012384F83930002010BD80F83820FFF72E
:1026F0002BFDEDE701207047C0B110B590F83930DF
:10270000044603F0FF0263B12146022384F8393006
:1027100051F8040BFFF742FF012384F83930002001
:1027200010BD80F83820F8F711FEEDE70120704762
:10273000C0B110B590F83930044603F0FF0263B120
:102740002146022384F8393051F8040BFFF726FFA5
:10275000012384F83930002010BD80F83820F8F7C4
:102760008FFEEDE701207047002846D070B590F845
:1027700039300C46054603F0FF02002B38D02946BD
:10278000022385F8393051F8040B836823F00703DE
:102790008360FFF703FF81688369A669A26823F459
:1027A000407323F0030342EA06221A432369E669D1
:1027B0001B0143EA0623E6683343066A26F0AA0CA7
:1027C000266A22F47C4222F0FC0243EA06331343D9
:1027D00066696268246842EA06122143816042EA1F
:1027E0000C0201218361026285F83910002070BD5E
:1027F00080F83820F8F7E8FDC1E70120704700BFF6
:1028000070B4046A194E24F0010404628469056AF4
:10281000B04224F003041DD0B0F1804F1AD0A6F5C9
:102820007C46B04216D006F58066B04212D006F55E
:102830008066B0420ED006F57846B0420AD006F562
:102840007056B04206D0A6F59436B04202D044F09D
:10285000010400E0144325F00A0201F00A0163F3C9
:1028600007141143846170BC01627047000001408D
:1028700090F83830012B79D070B502230D461646FA
:10288000012280F8382080F839300446D1E900125E
:102890000068EB683EB3042EAD682FD0082E4AD0F6
:1028A000066A26F480560662C66926F4407646EA31
:1028B000022663F30F36036AC661090323F420433B
:1028C00001F4204119430162C36923F44063C361E9
:1028D000C36943EA0523C3610020012384F839302A
:1028E00084F8380070BDFFF78BFF8369AA6823F076
:1028F0000C038361836913438361EDE7066A26F065
:1029000010060662866926F4407646EA022663F3DC
:102910000F36036A8661090123F0A00301F0A001CC
:1029200019430162836923F440638361836943EA45
:1029300005238361D0E7066A26F480760662C669BD
:1029400026F00306164363F30716036AC6610902FD
:1029500023F4206301F4206119430162C36923F069
:102960000C03C361C3692B43C361B5E70220704701
:10297000036A23F0100370B40362036A4468826937
:102980000D6822F4E64242EA05228D6823F0200316
:1029900043EA05130E4DA8420AD005F58065A8420A
:1029A00006D049684460826170BC816303627047ED
:1029B000CD6823F0800343EA0513D1E9056524F4CB
:1029C000406446EA050C23F0400344EA8C04E8E73F
:1029D0000000014090F83830012B25D0022310B5BB
:1029E000044680F839300C2A0BD8DFE802F0070AD9
:1029F0000A0A150A0A0A190A0A0A11000068FFF7EA
:102A00000DFB0020012384F8393084F8380010BD14
:102A10000068FFF765FBF4E70068FFF7A9FFF0E740
:102A20000068FFF72BFBECE70220704738B590F801
:102A30003830012B70D00D4602230121044680F866
:102A4000381080F839300C2A18D8DFE802F0071760
:102A50001717361717174E1717171E000068294645
:102A6000FFF7DCFA83692A6943F00803836183690D
:102A700023F00403836183691343836100200123EE
:102A800084F8393084F8380038BD00682946FFF7EB
:102A900027FBC3692A6943F40063C361C36923F454
:102AA0008063C361C36943EA0223C3610020012339
:102AB00084F8393084F83800E6E700682946FFF7E3
:102AC00057FF83692A6943F400638361836923F4B0
:102AD00080638361836943EA0223836100200123C9
:102AE00084F8393084F83800CEE700682946FFF7CB
:102AF000C5FAC3692A6943F00803C361C36923F0B7
:102B00000403C361C3691343C3610020012384F834
:102B1000393084F83800B7E7022038BD002800F0CB
:102B20009C80036C10B504463BB1236CDB060CD5CE
:102B3000002384F83C30012010BD436480F83C3011
:102B4000FBF7EAFC236CDB06F2D4236C464A23F441
:102B5000885323F0020343F002032364516823687F
:102B600021F44031516051686068014351605A68F6
:102B70002069A16822F480725A605A6842EA0022F1
:102B80005A605A68E06822F040725A605A680A43F4
:102B90005A609A68A16A22F400629A609A680243B5
:102BA0009A60324A91429A684FD022F07062E06A8D
:102BB0009A609A68114399609A6822F040529A602C
:102BC0009A6802439A609A68A069216A22F0020218
:102BD0009A609A6842EA40029A605A6800293ED098
:102BE00042F40062616A5A605A6822F460425A6094
:102BF0005A68013942EA41325A60DA6AE169206B67
:102C000022F47002DA62DA6A013942EA0152DA62C7
:102C10009A68616922F400729A609A6842EA4022D6
:102C20009A609A6822F480629A609A68002042EA68
:102C300081229A606064236C23F0030343F0010354
:102C40002364002384F83C3010BD22F070629A6047
:102C50009A6822F040529A60B5E70120704722F44A
:102C600000625A60C9E700BF002301400100000F65
:102C700070B5054690F83C0082B00023012801930E
:102C800066D02E681346012285F83C20B268D20730
:102C900014D4B26842F00102B2602F4A10682F4A81
:102CA000A2FB0020800C00EB40000190019A2AB1A9
:102CB000019C013C019401980028F9D1B268D40725
:102CC0003AD5286C20F4E06020F0010040F48070D8
:102CD00028647268500505D52A6C22F4405242F4EB
:102CE00080522A642A6CA86B12F480521CBF6A6C52
:102CF00022F006026A64002285F83C200A46184940
:102D0000C163184901641849C1646FF02201316040
:102D1000716841F080617160B16841F48071B160A7
:102D200006F14C01FAF748FB104B5A682B68D206A3
:102D300005D00F4A934202D0002002B070BD9A68BD
:102D400012F0405FF8D19A6842F080429A60F3E74F
:102D5000022002B070BD00BFC003002083DE1B4311
:102D6000812D0108E12D0108F12D0108002301400A
:102D7000002001400368D86C704700BF704700BF57
:102D8000836B1A6C12F0500F25D11A6C196842F43B
:102D9000007210B51A648A6812F0405F17D19A6900
:102DA000AAB9CA6A12F4700F02D08A6850050ED40C
:102DB0004A6822F020024A601A6C22F480721A6477
:102DC0001A6CD20403D41A6C42F001021A64184639
:102DD000FFF7D4FF10BD9B6BDB6C1847704700BF3B
:102DE00008B5806BFFF7FAFF08BD00BF704700BF52
:102DF000806B08B540230364436C43F004034364D1
:102E0000FFF7F4FF08BD00BF70B590F83C3082B00A
:102E10000246012B4FF00000019000F09380012347
:102E200082F83C300D6813688C68092DA8B228D848
:102E30001E6905EB450E4FF0070C0CFA0EFC26EA56
:102E40000C061E611E6904FA0EF434431C614C68C2
:102E5000062C04EB84012AD85C6B05394FF01F0C5B
:102E600088400CFA01F124EA01015963596B0843C7
:102E7000586336498B422BD0002082F83C0002B0C8
:102E800070BD00EB400CDE68ACF11E0C4FF0070E7D
:102E900004FA0CF40EFA0CFC26EA0C06DE60DE687E
:102EA0003443DC604C68062C04EB8401D4D90C2C30
:102EB00034D81C6B23391F26884006FA01F124EA16
:102EC00001011963196B0843204918638B42D3D160
:102ED000122D30D0A5F11003012BCDD81C494B6821
:102EE000102D43F400034B60C6D11A4B01F146711B
:102EF0001B6801F52E3101F28331A1FB03139B0CFA
:102F000003EB83035B000193019B002BB4D0019B77
:102F1000013B0193019B002BF9D1ADE7DC6A4139FC
:102F20001F26884006FA01F124EA0101D962D96A14
:102F30000843D8629DE7D1F8043343F48003C1F815
:102F4000043399E7022002B070BD00BF00200140A9
:102F500000230140C00300202DE9F04F00230C683E
:102F6000DFF820B285B08A4603E00133102B00F071
:102F7000A280012202FA03F131EA040201EA040705
:102F8000F3D1DAF80420DAF808505E0005FA06FCFE
:102F900022F010080325B54002F0030EB8F1020F2D
:102FA0006FEA05050EFA06FE00F08880D0F8009062
:102FB00008F1FF3809EA050949EA0E0EB8F1010FD8
:102FC000C0F800E040F29A80C168294041EA0C0153
:102FD000C160D100C9D5684D00210391696C41F4ED
:102FE00080416964696C01F480410391039923F085
:102FF000030101F1804101F59C3103F003068D6866
:10300000B6004FF00F0C0CFA06FC25EA0C0E5B4DD7
:10301000A84228D005F58065A84200F08580584D6B
:10302000A84200F08780DFF860C1604500F0898029
:10303000DFF858C1604500F08A80DFF854C1604570
:1030400000F08C80DFF84CC1604500F08E80DFF826
:1030500048C160450CBF4FF0070C4FF0080C0CFA4C
:1030600006F64EEA060EC1F808E0DBF80010FD4354
:10307000D60354BF29403943CBF80010DBF80410C5
:10308000960354BF29403943CBF80410DBF80810ED
:10309000D60254BF29403943CBF80810DBF80C1096
:1030A000920203F1010354BF29403943102BCBF89E
:1030B0000C107FF45EAF05B0BDE8F08F4FEAD30986
:1030C00000EB890903F00708D9F820700097DAF8B7
:1030D00010704FEA880807FA08F701970F2707FAD8
:1030E00008F8009F27EA0808019F47EA0807C9F87F
:1030F000207007682F4047EA0E070760876807EAD5
:10310000050EDAF80C70B74047EA0E07876046688C
:1031100012099A4026EA01010A434260C2682A4025
:1031200042EA0C02C26020E7012505FA06F64EEAE3
:10313000060E98E74FF0020C0CFA06F64EEA060E61
:1031400091E7032505FA06F64EEA060E8BE74FF0E7
:10315000040C0CFA06F64EEA060E84E74FF0050C56
:103160000CFA06F64EEA060E7DE74FF0060C0CFA56
:1031700006F64EEA060E76E70038024000000240EE
:1031800000080240003C0140000C024000100240D8
:103190000014024000180240001C02402DE9F04FCC
:1031A0000023DFF84CA14D4E83B001254FF00309F9
:1031B0004FF00F0802E00133102B6DD005FA03F237
:1031C00032EA0104F7D104685F0009FA07F74FEA11
:1031D000D30C24EA070400EB8C0C046003F0070412
:1031E000DCF820E0A40008FA04F42EEA0404CCF889
:1031F0002040846824EA07048460446824EA0204C6
:103200004460C46824EA070423F0030707F18047F9
:1032100007F59C37C46003F00304D7F808C0A40086
:10322000D24308FA04FE504501920EEA0C0C36D047
:103230002B4A904237D02B4A904237D02A4A9042AC
:1032400039D02A4A904239D0DFF8A8B058453AD050
:10325000DFF8A4B058453BD0DFF8A0B058450CBF0C
:103260004FF0070B4FF0080B0BFA04F4A445A2D162
:10327000BC68019A24EA0E04BC60346814403460CF
:10328000746814407460B4681440B460F468013326
:103290002240102BF26091D103B0BDE8F08F0024E2
:1032A000A44588D1E4E705FA04F4F9E74FF0020BEE
:1032B0000BFA04F4F4E709FA04F4F1E74FF0040B15
:1032C0000BFA04F4ECE74FF0050B0BFA04F4E7E714
:1032D0004FF0060B0BFA04F4E2E700BF003C01409C
:1032E0000004024000080240000C024000100240AE
:1032F000000002400014024000180240001C02407E
:1033000000690840003818BF0120704702B909045D
:1033100081617047044A5169014200D1704708B584
:103320005061FDF765FF08BD003C014000286AD0F0
:1033300038B590F83D30044603F0FF02002B4DD025
:103340002268324D242384F83D30136823F00103B2
:103350001360FCF709FA2E4B2268A3FB0013616887
:103360009B0CA942536024D84900B0FBF1F040F611
:10337000FC7101330842136208BF0420D4E907310D
:10338000D0610B43D4E9030113600143D4E9053054
:1033900003439160D3601168002341F001012020B4
:1033A0001160236484F83D00236384F83E3018469E
:1033B00038BD184D4FF4967C0CFB03F3A5FB03536B
:1033C0009B0901331362A3686BB901EB4101B0FBA8
:1033D000F1F0C0F30B039BB90120CFE780F83C204C
:1033E00000F02AFEACE701EB810101EB8101B0FBAB
:1033F000F1F0C0F30B03002BEED040F44040BDE7EA
:1034000040F40040BAE70120704700BFA0860100E9
:1034100083DE1B43D34D621090F83DC0BCF1280FF2
:1034200030D100292CD0002A2AD030B490F83C406A
:10343000012C82B02DD004682568ED0724D52568BD
:1034400025F400652560292580F83D50416220253E
:10345000002180F83E5001644285C362428D019193
:1034600063690193A369019380F83C10019B636831
:10347000028543F4E0636360084602B030BC7047E5
:103480000120704702207047256845F0010525603E
:10349000D5E70220F1E700BF90F83DC0BCF1280F4E
:1034A00030D100292CD0002A2AD030B490F83C40EA
:1034B000012C82B02DD004682568ED0724D525683D
:1034C00025F4006525602A2580F83D5041622025BD
:1034D000002180F83E5001644285C362428D019113
:1034E00063690193A369019380F83C10019B6368B1
:1034F000028543F4E0636360084602B030BC704765
:103500000120704702207047256845F001052560BD
:10351000D5E70220F1E700BF90F83D30202B01D025
:10352000022070472822036880F83D201A68D207DD
:1035300003D41A6842F001021A601A6842F48062E9
:103540001A605A6842F4407200205A60704700BF07
:10355000704700BF704700BF704700BF704700BF93
:10356000704700BF704700BF704700BF10B590F8AC
:103570003D200368293A012A044656D990F83D2097
:10358000602A05D05A6812055CBF202280F83D20D1
:103590000022226384F83E201A6822F400621A6036
:1035A0005A6812F400621DD05A68606B22F40062FF
:1035B0005A6090F83530012B56D0394B0365F9F736
:1035C00083FF50B12268606B1368202123F0010350
:1035D000136084F83D10036D984794F83D30282B14
:1035E00013D010BD94F83D10602924D05A695206BA
:1035F00004D5626A1B69511C61621370204617F082
:1036000043F994F83D30282BEBD1236C5B07E8D5C8
:1036100000232449E16220222363204684F83D20D0
:1036200084F83E3017F0DCF810BD00212822016339
:1036300080F83D20B0E7202184F83D1022645A69CB
:10364000510605D5626A1B69511C616213702368BB
:103650001A6822F001021A602046FFF785FF94F8ED
:103660003D30282BBDD1D0E7A06B0D4B0365F9F79A
:103670002BFF0028B1D023685A69500605D5626A2D
:103680001B69511C6162137023681A68A06B22F0D9
:10369000010220211A6084F83D10036D98479CE7D1
:1036A000A53F01080000FFFF70B503685E4A5C6932
:1036B0005968144282B004F4813508D0CE0504F470
:1036C000823243D4036C002B32D102B070BD002D86
:1036D00033D0CD05F6D504F48232016C41F00201FD
:1036E00001646FF400715961002A3AD090F83E509D
:1036F000428D90F83D10066B202D92B2C9B237D0A2
:10370000026C42F00402026490F83E20102A4BD072
:103710006FF4806214F4843F5A61D3D0026C6FF46A
:10372000006142F0080202645961036C002BCCD0A6
:1037300002B0BDE87040FFF719BF14F4823F14D106
:1037400014F4843FBED0CA05BCD5E7E7016C41F054
:10375000010101646FF480715961002DBDD1002A0F
:10376000C4D114F4843FD9D1ACE7C905BED4A9E7CC
:10377000002AC5D101F0F702212A03D02829BFD1A0
:10378000212EBDD190F83D20C16A0429D2B210D0BB
:1037900008290ED0212A04F484342AD06FF48062E0
:1037A0005A61002CBAD18DE71A6842F400721A608F
:1037B000AEE7282AEED11D4AC2625A6801906FF422
:1037C000806122F4E0625A6059611A6822F48062D2
:1037D0001A6000212023016380F83D3080F83E10FC
:1037E00016F0FEFF14F4843F01983FF46BAF0368BA
:1037F00094E70E49C16202632021002280F83D1047
:1038000080F83E205A6801906FF4806122F4E062F3
:103810005A6059611A680A401A60FFF79DFE0198C4
:10382000002C3FF44FAFE2E7000101000000FFFF72
:10383000F0B503689E695A695C6890F83E101029DB
:103840008DB03DD0CDB2402D3AD0904911400029E5
:1038500000F0BA80A70500F171818D498D4D31408E
:103860001540002900F020818B491140002900F00B
:103870008981660540F18681002D40F0868190F8AF
:103880003D10428D92B2C9B2C2B1426A541C446228
:1038900012781A61428D013A92B24285428D92B2FB
:1038A00062B929290AD15A68212422F48062282188
:1038B0005A60046380F83D10FFF74EFE0DB0F0BD76
:1038C00012F0011F35D0A50500F12381704D71491B
:1038D00035401140002D4ED06F4D1540002D46D083
:1038E000670544D5002900F08081A605E6D5C16AA8
:1038F00090F83D20212AE1D1428D92B2002A40F079
:103900004C81042900F0F781082900F0F48111F5B9
:10391000803F00F0F081596821F4E0615960112482
:103920002023046380F83E2080F83D30FFF710FE2E
:10393000C4E75A491140002940F0E480534D154036
:10394000002DC3D0A705C1D590F83E50C76AD0F866
:1039500030E090F83DC0BCF1220FEDB200F06E8176
:103960000A9159690A9199690A910A99AEE7002961
:10397000BBD10DB0F0BD4A4D15400DB365051FD547
:10398000002900F01481A20598D5C56A428D416ACC
:1039900092B2042A01F1010400F09C81428D92B29E
:1039A000032A00F09F81428D92B2022A00F0DB814F
:1039B0001B6944620B70438D013B9BB243857DE7DD
:1039C0000029E0D10DB0F0BD364D1540002D3FF47B
:1039D00044AFA5057FF541AF90F83D405A6822F409
:1039E000E0625A600B915A690B921A6842F0010228
:1039F0001A600B9A1A6822F480621A605A681105DC
:103A0000E4B20ED590F83D20222A00F0578190F8BC
:103A10003D202A2A00F05281426B1268526892B20D
:103A20004285428D92B2C2B15A69520709D5426AA3
:103A30001B69511C41621370428D0368013A92B2B6
:103A400042855A69570608D5426A1B69511C416272
:103A50001370438D013B9BB24385036C002B40F0F8
:103A60000A81A4F12802022A40F21181036B222B61
:103A700002D0222C7FF422AF00232022036380F89F
:103A80003D2080F83E30FFF769FD17E70200010096
:103A90000400100004000100800001000800010083
:103AA00040000100100001009E491140002954D03F
:103AB000610552D5002D53D190F83D10428D92B240
:103AC000C9B2002A3FF4FAAE426A1B69541C446230
:103AD0001370438D013B9BB24385438D9BB2002BFA
:103AE0007FF4ECAE2A297FF4E9AE02685368222401
:103AF000282123F480635360046380F83D10FFF7AE
:103B00002DFDDBE6A1057FF5E1AE416CC9B219617F
:103B1000DCE690F83E10402900F0B2800169B1F572
:103B2000804F7FD0016D002940F0BC80416CC911ED
:103B300001F0060141F0F0011961C7E699699B693E
:103B40001E0654BFC2688269C1F3800181F0010181
:103B5000C9B292B216F076FEB0E6002D3FF4AEAEDA
:103B6000A2057FF5ABAE428D92B2002A3FF4A6AE1D
:103B7000426A1B69511C41621370438D013B9BB229
:103B800043859BE6002D3FF499AEA4057FF596AEE4
:103B9000428D92B2002A3FF491AE426A511C4162BA
:103BA00012781A61438D013B9BB2438586E690F8FB
:103BB0003D20222A7FF482AE428D92B2032A40F247
:103BC0001381426A1B69511C41621370438D013B92
:103BD0009BB24385438D9BB2032B7FF46FAE02688B
:103BE000536823F48063536068E690F83D20048DA9
:103BF00090F83E10C56AD2B2C9B2002C6FD1212A0A
:103C000000F0DD8040297FF459AE222A7FF456AEC1
:103C1000428D92B2002A40F00F815A6822F48062ED
:103C20005A604BE690F83D102129416C16BF41F0D7
:103C3000010101F0FE01C9B2196147E6016D11B938
:103C4000402D00F0F280056D25B90169B1F5404FB6
:103C500000F00681418D89B2002967D1039159692D
:103C60000391996903910399196841F400711960EE
:103C7000002101652AE60DB0BDE8F040FFF776BCF3
:103C8000016D09BB416C01F0FE0119611EE6264978
:103C9000C1622022036380F83D2080F83E3016F098
:103CA0009FFD0BE6016D01297FF410AE416CC91137
:103CB00001F0060141F0F101196107E6826B12681B
:103CC000526892B24285ACE6416C41F00101C9B242
:103CD0001961FBE55A6822F480625A6068E6212A7D
:103CE00090D195E75A6822F480625A601A6822F4EB
:103CF00080621A605CE65A6822F4E0625A601A68D0
:103D00000021202442F400721A60016380F83D40D3
:103D100090F83E3080F83E10402B7FF407AEFFF75E
:103D20001FFCCBE5400001000000FFFF418D89B280
:103D3000012900F0AB80418D89B2022900F0C180D9
:103D4000196841F4806119605968090503D55968FB
:103D500041F480515960002109915969099199698B
:103D60000991099984E7013D012D1A6840F2868086
:103D700042F400721A601B6944620B70438D426A00
:103D80000168013B9BB243850B69511C4162137072
:103D9000438D0168013B9BB243854B68002223F4AD
:103DA000407320244B6080F83D40026390F83E3021
:103DB00080F83E20402B35D0FFF7CCFB7EE5042D6C
:103DC00099D0082D97D015F5803F94D05A6822F4E9
:103DD000E0625A6011212023016380F83E4080F8A0
:103DE0003D30FFF7B5FB69E5012A3FF667AD1A687C
:103DF000446A22F480621A605A6822F4E0625A60CF
:103E00001B69621C42622370438D013B9BB22022DE
:103E1000438580F83D20016390F83E3080F83E10E5
:103E2000402BC9D1FFF79EFB48E5019159690191EB
:103E300099690191019949E590F83E20402A7FF463
:103E4000ACAE026D002A7ED1C26C012A826C00F0F9
:103E50009680C2F307221A61036D013303652DE5D5
:103E6000029559690291996902910299196841F480
:103E700080711960016D0131016527E522F48062CE
:103E80001A601A6842F480721A6074E717F5803F6E
:103E900041D0042F2FD0082F2DD0BEF1120F2AD0E1
:103EA000C16A0229196814BF21F4806141F480615C
:103EB0001960002106915969069199690691069940
:103EC000D6E6C16A0229196839D021F480611960E7
:103ED000196841F40061196059680D0503D55968E6
:103EE00041F48051596000210891596908919969FC
:103EF00008910899BCE6196821F4806119600021D5
:103F0000079159690791996907910799196841F4CF
:103F100000711960ACE6196821F480611960596874
:103F200011F4006120D0196821F48061196000212A
:103F300004915969049199690491049998E641F4AE
:103F400080611960C8E7026D012A1ED0026D022A45
:103F50007FF4B4AC90F83D20222A1DD090F83D208B
:103F6000212A7FF4ABAC18E605915969059199694E
:103F700005910599196841F40071196078E6D2B28B
:103F80001A61036D0233036598E4826CD2B21A6140
:103F9000036D0133036591E41A6842F480721A607C
:103FA0008CE400BF806B0268116810B521F4806159
:103FB000446B1160816B0023438523650B6590F88A
:103FC0003D1060294FF0200180F83D1080F83E3010
:103FD00006D0136823F00103136016F055FC10BDE2
:103FE0000364136823F001031360FFF7BDFA10BDEB
:103FF00042000D480D4910B500230D4C41604FF4AF
:104000008041C0E90232C0E90413C0E9063304600C
:104010000362FFF78BF900B910BDBDE810400548F9
:104020004F21F8F70DBB00BFC8180020A086010083
:104030000054004014C20208374B02689A4200D074
:10404000704770B5012288B01221032304464FF453
:104050004070CDE90201CDE904233048304E0423FD
:1040600002A90693FEF778FF00232E4A0193116CF4
:1040700041F400111164126C2B49B36002F4001278
:1040800001924FF00072C6E9001201984FF480616E
:104090004FF480723046C6E90331C6E90533C6E9FC
:1040A0000833F261F9F7BCF858BB204D204A2A606A
:1040B0004FF000720023A6636A6040214FF48062D3
:1040C0002846C5E90213C5E90533C5E90733B463DA
:1040D0002A616B62F9F7A4F8C0B965630022052173
:1040E0001F20AC63F5F780FE1F20F5F7B9FE002214
:1040F00005212020F5F778FE2020F5F7B1FE08B065
:1041000070BD0C487A21F8F79BFACEE709488C215C
:10411000F8F796FAE1E700BF0054004000040240BF
:104120006818002000380240106002400818002083
:10413000A060024014C20208DFF838D0002103E07A
:104140000D4B5B58435004310C480D4B42189A42BA
:10415000F6D30C4A02E0002342F8043B0A4B9A4291
:10416000F9D3FCF7D3FEF8F769F9F0F7F3F8F8F7AD
:1041700001FA70470000022050B20308000000203E
:10418000F8050020F8050020D4D60020FEE7000046
:1041900010B50446FDF740FA094A106860B10949B4
:1041A000096803198B4296BF04464FF0FF34136031
:1041B000FDF788FB204610BD034B18681060EEE742
:1041C0001C190020C4030020C8030020F0B50446D9
:1041D00085B00022C0680D46218AFFF797F80120BC
:1041E00000F014FB6FEA45416FEA51414FF47A73D6
:1041F00000274BF6EF66ADF80C10012203A92068EA
:10420000ADF80A70ADF80E60F7F7F8FC218AE068A7
:104210000122FFF77BF8012000F0F8FA218AE0681C
:104220003A46FFF773F8012000F0F0FA4FF47A7283
:10423000009201230DF10E020DF10A012068F7F73B
:10424000ADFD012000F0E2FA218AE0680122FFF7CB
:104250005DF8012000F0DAFABDF80E00B04203D09C
:10426000C0F30A0005B0F0BD034B044A044840F215
:104270008711ECF7EFFA00BF28C20208F4D8020851
:104280003CC2020810B50189044601224068FFF7CC
:104290003DF80A20FCF7E8FA00212046FFF796FFD8
:1042A0004305F9D4BDE810400120FCF7DDBA00BF9A
:1042B00008B50021FFF78AFF10F4806F08BF0020C7
:1042C00008BD00BF70B5044682B00D461646018A8F
:1042D000C0680022FFF71AF8C6F30A06012000F0B2
:1042E00095FA35434FF47A730DF1060101222068E7
:1042F000ADF80650F7F782FC012000F087FA218A1A
:10430000E0680122FFF702F8012000F07FFA02B016
:1043100070BD00BF38B591F8223003B938BD4A7C72
:104320000B7C13438A7C1343CA7C13438A8A0C4652
:104330001A434FF480510546FFF7C4FFE27DA37D89
:104340001343227E1343627E4FF4C0511A43284622
:10435000FFF7B8FF002384F8223038BD38B591F854
:10436000233003B938BD0C4600210546FFF72EFF68
:104370000021C0F3802262F30701C0F3402262F300
:104380000F21C0F3002262F31741C0F3C0120346AD
:1043900062F31F61C0F38010002260F30702216006
:1043A000C3F3401161F30F22C3F3001161F317420D
:1043B000C3F3C00161F31F626383C3F380016260D2
:1043C000C3F3400203F0010321726272A3724FF43F
:1043D00000612846FFF7FAFEC0F3C01200F00F0399
:1043E0002273E381A0834FF480512846FFF7EEFE4D
:1043F0000022C1B261F3070261F30F2261F3174299
:1044000061F31F620F49E083114000F4F8632161FA
:10441000A3824FF4C0512846FFF7D8FE0023C2B252
:1044200062F3070362F30F230749208462F3174303
:1044300062F31F631940C4F81610002384F8233078
:1044400038BD00BF03040830030C304070B50025B0
:1044500006464D8401200C46FCF706FA29463046F4
:10446000FFF7B4FE2946C0F38022034662F307013A
:10447000C0F380102A4660F30702C3F3402060F3C4
:104480000F21C3F3401060F30F22C3F3002060F349
:104490001741C3F3001060F31742C3F3C01060F379
:1044A0001F612160C3F3C00161F31F626260C3F347
:1044B00080022272C3F3400203F001036272A3720E
:1044C0004FF400613046FFF781FEC0F3C01300F0E7
:1044D0000F002373E0814FF480513046FFF776FEE2
:1044E0002B46C2B262F3070362F30F2362F3174352
:1044F00062F31F630C4A00F4F8601A40A0824FF484
:10450000C05130462261FFF761FEC0B260F307057B
:1045100060F30F25054B60F3174560F31F652B40D3
:10452000C4F8163070BD00BF03040830030C3040DF
:10453000DFED7B7AF5EEC00AF1EE10FA60EEA77AB5
:104540006DDBDFED786AB5EEC00A60EEA60AB7EE65
:10455000007AF1EE10FA37EE607A46DBB4EEE70A45
:10456000F1EE10FA40F18280F6EE006A27EE267A2C
:1045700077EEC06A30EE270A76EE877A81ED007A10
:1045800030EE270AC0ED007A82ED000A90ED000AB5
:10459000B5EEC00AF1EE10FAC0F2BE80F7EE007A76
:1045A000B4EEE70AF1EE10FA00F2B68091ED007A6F
:1045B000B5EEC07AF1EE10FAC0F2AE80B4EEE77A52
:1045C000F1EE10FA00F2A88092ED007AB5EEC07A12
:1045D000F1EE10FAC0F2A080B4EE677AF1EE10FAB4
:1045E0008CBF4FF0FF3000207047F1EE676AB4EEE9
:1045F000E60AF1EE10FAB7D530EE270AF6EE007AA9
:1046000030EE077A27EE277A77EE200A81ED007ADE
:1046100030EEC00AC2ED000A80ED000AB8E7B5EE40
:10462000C00AF1EE10FA55DBB1EE677AB4EEC70AB4
:10463000F1EE10FA31D5F0EE006AB7EE007AA7EE8F
:10464000A67AB6EE006A70EE276A30EE670A67EE69
:10465000067A37EEE67AC2ED007A30EE070A80ED90
:10466000007A81ED000A90ED000A91E777EEC06ACA
:10467000B6EE006A36EE877A30EE670A67EE067AA3
:1046800030EE270AC0ED007A70EE200A81ED000AB4
:10469000C2ED000A90ED000A7AE7DFED236AB7EE7B
:1046A000007AA0EEE67A30EE270AB6EE006A77EEE0
:1046B000407A67EE867A30EE270AC0ED007AF0EE97
:1046C000407AE0EEA67A82ED000AC1ED007A90ED24
:1046D000000A5DE7B4EEE70AF1EE10FAABD5B7EEEB
:1046E000007ADFED116A30EE077A37EEC00AA0EEED
:1046F000E67AB6EE006A77EE677A67EE867AB0EE13
:10470000677AA0EEA67AC2ED007A30EE070A81ED54
:10471000007A80ED000A3BE74FF0FF30704700BFA2
:104720003ACD133F3ACD933F3ACD93BFB0EEC06A36
:10473000F0EEE06ADFED217A9FED214ADFED214ABC
:10474000B4EEE66AF1EE10FA4CBF76EEA77A76EE9A
:10475000277AD4BFB0EE465AB0EE665AC5EE275A55
:10476000DFED197A25EEA55AB0EE407AE5EE047A2F
:10477000B7EE000AE7EE854AF0EE407AE4EE857A7D
:10478000B4EEE66AF1EE10FA27EEA50AC8BFDFED37
:104790000F7AF5EEC00AC8BF37EEC00AF1EE10FA84
:1047A00048BFDFED0B7AB5EEC07A48BF37EEC00ADE
:1047B000F1EE10FA48BFB1EE400A704700008000E9
:1047C00016733EBD2CBEA7BE4423233EDB0FC93F5C
:1047D000DB0F4940B0EE407A9FED070A51B100EB84
:1047E0008101F0EC017AE7EE007A8842B0EE670AC8
:1047F000F7D17047704700BF0000000090FBF1F355
:1048000003FB11000028B8BF401870472DE9F8439A
:104810000F4D8046FAF702FA6F6A0446FAF7FEF97E
:104820008442F7D14FF47A79094E09FB0477FAF7FD
:10483000F5F9756A0446FAF7F1F98442F7D1ED1BF0
:1048400009FB0455454501D200BFF0E7BDE8F883F8
:1048500000200040DFED217AB5EEC00A60EE277A35
:10486000F1EE10FABDEEE77A04D517EE103A013BEF
:1048700007EE103AB8EEC77ADFED196A77EEC77A1D
:1048800067EEA67ABCEEE77A17EE103A9BB2B3F564
:10489000007F1AD207EE103AB8EE477A591C37EE6D
:1048A000C70A104AF7EE006A02EB810137EE267A5A
:1048B000D1ED006A02EB830237EE677A20EE260A1A
:1048C000D2ED007AA7EE270A704777EEE67A9FEDE1
:1048D000067AB0EE670A01210023E2E783F9223E5F
:1048E000000000448C9A0308000000009FED237A2A
:1048F000DFED236AF5EE007AE0EE077AB4EEE60A21
:10490000F1EE10FABDEEE77A04D517EE103A013B4E
:1049100007EE103AB8EEC77ADFED1A6A77EEC77A7B
:1049200067EEA67ABCEEE77A17EE103A9BB2B3F5C3
:10493000007F1AD207EE103AB8EE477A591C37EECC
:10494000C70A114AF7EE006A02EB810137EE267AB8
:10495000D1ED006A02EB830237EE677A20EE260A79
:10496000D2ED007AA7EE270A704777EEE67A9FED40
:10497000077AB0EE670A01210023E2E783F9223EBD
:10498000DB0FC9BF000000448C9A03080000000040
:1049900003881943018070472DE9F041264E0746F0
:1049A000324606F10808002413685B6AEFF31081B1
:1049B00072B6186883F8664003681D686B6C23F450
:1049C00000436B6481F3108852F8043B586A3946FF
:1049D0006430FFF7DDFF9045E6D1EFF3108172B64A
:1049E000164B174A1C7012683368D46341F20100F9
:1049F0005B6A1064EFF3108072B683F866401B6840
:104A00001B681A68536C23F40043536480F31088C6
:104A100073685B6AEFF3108072B61A6883F86640B9
:104A200013681A68536C23F40043536480F31088AE
:104A300081F31088BDE8F0811C1B00207D19002047
:104A4000CC080020EFF3108372B6044A127812B13A
:104A5000012280F8662083F3108870477D190020BA
:104A6000EFF3108C72B6026890F86630116809682E
:104A7000002280F866204A6C181E22F4004218BFFB
:104A800001204A648CF31088704700BF10B4EFF324
:104A9000108C72B6254B1B78F3B9026880F866302B
:104AA00013680A881B684C885A638A889C63DA6397
:104AB000EFF3108172B603681B68002280F866204D
:104AC0001A68536C23F40043536481F310888CF309
:104AD00010885DF8044B7047036890F866201B68E7
:104AE0000C881B68012A5C634C8889889C63D963A5
:104AF0000DD0022A13D15A6C032142F4004280F8EF
:104B000066105A648CF310885DF8044B70470223DA
:104B100080F866308CF310885DF8044B7047032AE8
:104B2000C6D18CF310885DF8044B70477D190020C6
:104B300010B5EFF3108C72B6164B1749174A186868
:104B4000002313700A68C36341F20104526A0464CB
:104B5000EFF3108E72B682F8663012681268106831
:104B6000426C22F4004242648EF310884A68526A12
:104B7000EFF3108172B6106882F8663003681A6825
:104B8000536C23F40043536481F310888CF3108832
:104B900010BD00BFCC0800201C1B00207D19002088
:104BA000036840F2D66210B500215A6304469A6346
:104BB000DA63FDF709FB00212046F6F79BFE04218E
:104BC0002046FDF701FB04212046F6F793FE08215D
:104BD0002046FDF7F9FA08212046F6F78BFE2368F8
:104BE000012220460C21BDE810401A64FDF70CBBE1
:104BF000006809682DE9F0411E46436CDDF8188015
:104C000003F4004E4B6C476803F4004C8B68446C13
:104C100024F4004444644C6C24F400444C64046860
:104C200024F0010404600C6824F001040C60446862
:104C300024F070044460446844F0100444608C68BC
:104C400024F070048C608C6822438A608A6822F0A9
:104C500007028A608A6842F006028A6005680C686A
:104C6000026822F0600202600A6822F060020A60B4
:104C7000026822F0100202600A6822F010020A6044
:104C8000026805F06005154305600A6804F06004D9
:104C9000144300220C6046624A62B8F1000F06D04D
:104CA000D8F800205662146844F0010414600468C7
:104CB0009BB2BFB244F00104046047608B60436C58
:104CC0004EEA030343644B6C4CEA03034B64BDE8B8
:104CD000F08100BFF0B54D4C4D4E216832688B68B5
:104CE0004C4D4D4F43F0010383B08B60936843F00C
:104CF000010393602A68936843F0010393600220E4
:104D0000FBF7B2FD2468316860682A68434B444E63
:104D1000444D40F080006060486840F0800048608A
:104D2000506840F080005060486840F020004860C3
:104D3000516841F020015160DA6842F00102DA6006
:104D4000DA6842F00202DA609A6842F080029A6001
:104D50003846FFF725FF3046FFF722FF324A009220
:104D60003146384640F256630022FFF741FF3A6869
:104D70003368516C286821F400415164596C21F466
:104D800000415964D16841F00101D160DA68002422
:104D900042F0010241F20106DA600821C4630664B0
:104DA0002846FDF711FA0C212846FDF70DFA1F4A97
:104DB00013685B6AEFF3108072B683F866401B6875
:104DC0001B6819684B6C23F400434B6480F3108814
:104DD00053685B6AEFF3108172B683F866401B6814
:104DE0001B681A68536C23F40043536481F31088E2
:104DF000EFF3108272B62B680D49DC631E64012349
:104E00000B7082F3108803B0F0BD00BF7811002052
:104E100030110020E810002008090020002004E0E4
:104E2000DC070020CC080020A00700201C1B00206D
:104E30007D19002030B51E481E4D1F494FF48034A7
:104E400085B000220123C5E90004A962284610218B
:104E5000AA602B61AB612A62EA62EA60E9612B63B6
:104E60006B61FDF75BFEE0B901230293002401E0D2
:104E7000102C0FD000940F48013469460194FDF7BF
:104E8000C3FF0028F4D00D484FF4B971F7F7D8FBF1
:104E9000102CEFD10A4907482246FDF7E9FE05B07C
:104EA00030BD064840F26911F7F7CAFBDCE700BFE6
:104EB00000200140781100200100000F58C20208B4
:104EC00050190020644B984211D0644B984205D091
:104ED000634B984256D04FF6FF707047012900F09F
:104EE0009F8002294FF6FF7008BF092070472029D4
:104EF00000F28E800029EED001391F29EBD801A3E2
:104F000053F821F0515001084D500108D74E0108C7
:104F100049500108D74E0108D74E0108D74E010865
:104F200045500108D74E0108D74E0108D74E010859
:104F3000D74E0108D74E0108D74E0108D74E0108B9
:104F400041500108D74E0108D74E0108D74E01083D
:104F5000D74E0108D74E0108D74E0108D74E010899
:104F6000D74E0108D74E0108D74E0108D74E010889
:104F7000D74E0108D74E0108D74E0108D74E010879
:104F80003D50010801391F29A5D801A353F821F08C
:104F90003550010839500108D74E01082550010845
:104FA000D74E0108D74E0108D74E010829500108F5
:104FB000D74E0108D74E0108D74E0108D74E010839
:104FC000D74E0108D74E0108D74E01082D500108D1
:104FD000D74E0108D74E0108D74E0108D74E010819
:104FE000D74E0108D74E0108D74E0108D74E010809
:104FF000D74E0108D74E0108D74E0108D74E0108F9
:10500000D74E0108D74E0108D74E0108315001088C
:1050100040291FD080294FF6FF7008BF0720704736
:10502000082070470C2070470D2070470E207047F5
:105030000F2070470A2070470B20704705207047EB
:1050400004207047032070470220704701207047FA
:105050000020704706207047000002400004024014
:105060000008024008B5FFF72DFF0F280BD8074BAB
:10507000DFED077A33F8103000EE103AB8EE400A50
:1050800020EE270A08BD9FED030A08BD5019002035
:105090003333533A0000C07F2DE9F041DFF8C88078
:1050A000294F2A4E2DED048B9FED298A9FED299AD9
:1050B000DFED298A294D4FF6FF7405E00134A4B2D3
:1050C000072C05F10C052DD0286807F0EBFF002810
:1050D000F4D024F00203042B2BD0032C2DD0062C6B
:1050E0002ED91F480121FFF7EDFE0F281ED837F8F3
:1050F000103007EE103AB8EE477A27EE287A95ED91
:10510000010AD5ED027A286877EEC07A013467EE9D
:10511000887AA4B2A7EE870A07F0DAFF072C05F118
:105120000C05D1D10A20FBF79FFBC3E7B0EE497A0B
:10513000E5E738F814103046D5E70A481021D2E7E1
:1051400038F814100648CEE7501900200004024039
:10515000CA269B3E0000C07F3333533AAC1A00206E
:10516000000002400008024004D902080F280BD8B2
:10517000074BDFED087A33F8103000EE103AB8EE46
:10518000400A20EE270A70479FED030A704700BFD0
:10519000501900203333533A0000C07F08B5012175
:1051A000FBF7C6FD07EE900A9FED047A044BF8EE7C
:1051B000677A67EE877AC3ED007A08BDCDCC7A3C7A
:1051C000CC03002038B503681B6813F010031AD114
:1051D000124A904218D0124B984219D1114B5B6879
:1051E0000124186903F002FA0F49104A10481569A2
:1051F00004EB44030F4C21F8135001EB43022169E7
:1052000003699380518038BD064A1C461368E8E75D
:10521000BDE838404FF40070FFF7BEBB080900201E
:10522000DC0700201C1B0020701900200000024039
:10523000000802400004024038B5644B644C1A6810
:105240005B68526A5B6A92F8661003292DED048B45
:1052500008BFD2ED238A93F8662018BFDFED5D8A80
:10526000D4ED279A032A08BFD3ED237A5A4B08BFFF
:1052700078EEA78AD4ED267A93ED009A94F8A830B8
:1052800078EEA77A69EEE77A87EE898A6BB1F5EE58
:10529000C09AF1EE10FA08DD94ED2B7AD4ED2C7A59
:1052A000B4EEE77AF1EE10FA6ED4B4EE488AF1EE7D
:1052B00010FA80F18380DFED497AB4EEE78AF1EEEF
:1052C00010FA4BDADFED437AB4EEE78AF1EE10FA2A
:1052D00048BFB0EE678AB4EE678AF1EE10FA44D1A7
:1052E0003F4B94ED096AD3ED007A94ED2D7A78EE78
:1052F000E76AB4EEE87AE6EE267AF1EE10FAC3ED4C
:10530000007A4ED4D4ED2E7AF4EEE87AF1EE10FA6B
:1053100032DCF7EE007A77EEC87AB0EE677ABEEE4E
:10532000CA7A17EE104AA4F1280525EAE575631B31
:10533000272B3ED9EFF3108272B62A4B1B7843B16C
:10534000294B1B680021D96341F201011964DD6317
:105350001C6482F31088BDEC048B38BD234B4FF0E6
:1053600001021A70C8BFB0EE678A29EE089AC9EE2A
:10537000297A78EEA78AB3E7BDEC048B4FF480401E
:10538000BDE83840FFF708BB39EE470A77EEC77A29
:10539000DFED100A80EE270AEBF73CF838EE008AC2
:1053A00083E7BDEC048B4FF40040BDE83840FFF7C5
:1053B000F3BA4FF48070FFF7EFFABBE7BDEC048B54
:1053C0004FF40050BDE83840FFF7E6BA1C1B002040
:1053D0009019002000000000CC0300203333733FFD
:1053E000801900207D190020CC0800207C190020A5
:1053F0002DE9F04FDFF80C82404587B004460F4698
:1054000002D07D4B984271D1DFF8FCA1DAE9006B44
:10541000002F68D15B464FF00109B3461E46706A03
:1054200003681B681B681D6815F0100564D1012115
:1054300001F090FF444500F08B80002F6DD00121DA
:105440002046FBF775FC0146706A01F091FF736A14
:10545000002D6CD1444500F0848037696749BA68F3
:10546000D3ED1D7ADFF8A4C1DFF8A4E1C9F100098A
:1054700009F006098944D169029151690391D16803
:10548000049130EE670A118CADF80010118B128A6E
:1054900083ED1B0AADF802102B46ADF8042002A9DB
:1054A000684605AD09F1040451F8042B6245A04695
:1054B0004CD0724501D109F10208B8F8008030F8EB
:1054C000022B5B0002EA0802002A18BF43F0010326
:1054D0008D42DBB2E8D1304687F85C3007B0BDE8DA
:1054E000F04F00F091BC4FF0000998E7042007B09E
:1054F000BDE8F04FFFF750BA022101F02BFF444501
:105500009BD1DAF804309E4241D0B9F1000F94D01B
:10551000306903F01DF9002F91D12046FDF72AFCD8
:105520000146706A01F024FF736A002D92D0444551
:1055300020D0D3ED1D7A9FED327A30EE670AE0EE8F
:10554000077AC3ED1D7A07B0BDE8F08FC846B4E70F
:10555000DAF800309E4243D0B9F1000F7FF46DAF0E
:10556000D6E7D3ED1C7A30EE670A83ED1A0A07B04E
:10557000BDE8F08FD3ED1C7A9FED217A30EE670AFB
:10558000E0EE077AC3ED1C7A07B0BDE8F08FB9F101
:10559000000F02D0306903F0DBF8DBF8240090F84C
:1055A0004220AAB9EFF3108C72B6036890F866E057
:1055B0001B68196880F866204B6C23F400434B6429
:1055C0008CF31088BEF1000F0ED1FFF735FE34E7E3
:1055D000002380F8423000F13C01FFF757FAF4E76E
:1055E000B9F1000FD9D1D5E7DBF8240010216430E0
:1055F000FFF7CEF9E9E700BFE8100020701900209E
:105600000BD7233A301100201C1B00200000024061
:1056100000040240F0B50F238BB00022CDE9022335
:105620000A20022301210024CDE90001CDE9053340
:10563000CDE907431B4F4FF6FF7504EB440307EB1F
:105640008303D3F8BC0007F02DFDC0B1062D164B27
:1056500016484FF0010119D833F815100491FDF7E1
:105660009DFD124804A9FDF777FCA6006946104885
:105670003246FDF7FDF80E483146FCF7C7FD013410
:105680000135042CADB2D8D10BB0F0BD01230748D1
:105690000493FDF783FD054804A9FDF75DFC002692
:1056A000E4E700BF9019002004D90208000002407E
:1056B000180800202DE9F041441E032C82B01DD8AB
:1056C000023880B2062898BF284B294E294F0D4634
:1056D00098BF33F81010284888BF0121FDF710FE4D
:1056E000335DB0F1000818BF4FF001084BB9234BF0
:1056F00043F82450012307F80480335502B0BDE875
:10570000F0813B5D002BF2D01C4B0028F0D153F808
:1057100024201B48AA1AA2F5244110398142E7D857
:1057200082421849DFED187A019328BF024604EB44
:10573000440001EB800191ED300A91ED317AD1F80E
:10574000BC0012498A4238BF0A4637EE407AA2F5B9
:10575000A432203A27EE277A07EE902AF8EEE77A6D
:10576000A7EE270A07F0B4FC019BC1E704D90208A1
:1057700020190020281900200000024030190020C4
:10578000409002009019002090BA4737204801004D
:1057900010B5084C0FCC86B00DF1040CACE80F002E
:1057A0002368CCF80030002101A8FBF741F806B0CF
:1057B00010BD00BFD0BC0208084A836B116808699D
:1057C00000F16A018B4206D05268106900F16A024A
:1057D000934200D0704702F0F1BF00BF1C1B0020B5
:1057E00030B5054689B06B6804930021012202237D
:1057F0000020CDE90523CDE90201FAF707FC0B4BA8
:10580000F322DA6001A902A8F9F7CCFA38B9EB68FB
:105810002B600446FAF70EFC204609B030BDFAF7BB
:1058200009FCFAF711FC09B030BD00BF003C024092
:105830002DE9F0410646C068884250D8B4688818FF
:10584000A0424CD25BB21D0145EA83051D4345EAE7
:1058500083154B0003F0060301F00308FF249C406E
:10586000904421F00307FAF7D1FB1E4BE443F322E7
:10587000EDB2E4B2DA600EE0316945EA04020023D9
:1058800001EB9701D2B21846FAF718FCA8F1040808
:1058900004460437E8B9B8F1030FEDD8B8F1000FAA
:1058A00012D0C8F104084FEA48086FF0FF023169CE
:1058B000254342FA08F200232A4301EB97011846D8
:1058C000D2B2FAF7FBFB20B9FAF7B4FB0020BDE82F
:1058D000F081FAF7AFFBBDE8F041FAF7B5BB4FF046
:1058E000FF30F4E7003C024052B2F0B5C4684FEA22
:1058F000021E06464EEA820EC81C20F0030042EA51
:105900000E0E251D4EEA821EA8424FFA8EF7A0EB1E
:1059100001015FFA8EFE34D3421E36699208B25CF2
:10592000D2B281B14FEA410C6FF0FF0141FA0CF1A4
:1059300022EA01020EEA01010A4304E0AC451ED34B
:10594000725C6046D2B2411F72454FEA9101A0F1EC
:10595000040CF3D007F003079509B7EB921FAC4690
:1059600006D009E0C1F3811CAC4500F1FF3003D142
:1059700091008442CAB2F5D383F800C0F0BD6046FE
:10598000E8E77246E6E700BF30B5184C83B0A1687F
:105990000DF1050303222046FFF7A6FF0DF10603D4
:1059A00003222060216A054604F11800FFF79CFFDE
:1059B0000F4BA06100221A709DF806209AB90122AF
:1059C00005461A7004F118000DF10703294600225C
:1059D000FFF78AFF00230749074A2D1A18460D6072
:1059E000136003B030BD2046EEE700BFD0030020B7
:1059F0008C190020841900208819002038B5094925
:105A0000094C0020E268636A087020462260A361A6
:105A1000FFF7E6FE054604F11800FFF7E1FE284314
:105A200038BD00BF8C190020D0030020014B18683E
:105A3000C000704784190020064B074A1B78C3F149
:105A4000010303EB430302EBC303D3E90203C01AD0
:105A5000C00070478C190020D003002038B5104CCE
:105A6000256800EB020CBCEBC50F15D803460846B1
:105A70000C4991F800C00C490CEB4C0C51F83C401F
:105A800001EBCC01A4EB050C496903EBCC031944F1
:105A9000EAF718FE002038BD4FF0FF3038BD00BFD8
:105AA000841900208C190020D0030020F8B5134B76
:105AB000134E1B78C3F1010303EB430306EBC3054D
:105AC000DC00D5E9023207309A1AB2EBD00F12D3BC
:105AD0003159C7085B1ABB4204D22846FFF780FE43
:105AE00040B9315901233A462846FFF7A1FE08B9CB
:105AF000044B1F60F8BD4FF0FF30F8BD8C1900203B
:105B0000D0030020881900202DE9F8433C4B1546AE
:105B10001A684319B3EBC20F6FD83A4B044693F897
:105B200000800E46FAF772FA374BF322DA60A207CA
:105B3000C8F1010820D0354B08EB480203EBC2093D
:105B40000FE0D9F80070D9F81410127801EBC701F2
:105B50002144FAF7B3FA48BB0134A30705F1FF3536
:105B60000AD00023324618460136002DE9D1FAF753
:105B700061FA0020BDE8F883032D1DD9234F08EBFF
:105B8000480307EBC30704E0043D032D04F10404BC
:105B900012D93B68796956F8042B01EBC301214403
:105BA00000230220FAF78AFA0028EDD0FAF742FA29
:105BB000BDE8F843FAF748BA002DD8D0134F08EBE8
:105BC00048033544B04607EBC30701E0A845CED0F3
:105BD0007A69396802EBC10121440023891B4144E1
:105BE000184618F8012BFAF769FA0028EED0FAF7F0
:105BF00021FABDE8F843FAF727BA4FF0FF30B9E7CA
:105C0000881900208C190020003C0240D00300209D
:105C10002DE9F0411A4E1B4D3478DFF87080C4F145
:105C2000010000EB4000C700D8F80020E95905EB5F
:105C3000C0000023FFF7FCFDE0B9D8F80020EB59C5
:105C4000C8F800001344EB510F4B1A60337804EB93
:105C50004404C3F10103337005EBC400E60083681C
:105C6000A959994208D201231A46FFF7E1FDAB5921
:105C70000133AB51BDE8F081BDE8F041FFF7B0BDA5
:105C80008C190020D00300208419002088190020DE
:105C900030B4D0E90542456A0023A5F86430137595
:105CA0000269237200219382516430BC03657047FE
:105CB000C3689FED0E7AD3ED036ADFED0D7A9FED99
:105CC0000D6AF4EEC76AF1EE10FA58BFB0EE667ACC
:105CD000B4EEE77AF1EE10FAD8BFF0EE477A67EE4D
:105CE000867AFCEEE77AC0ED237A70470000000068
:105CF000300E03490000FA4503680B40036070470B
:105D000003680B4303607047026EB0F86430126999
:105D100090F854C01340003B4FF0010118BF01231D
:105D20008B40013B0CFB03F38269C06892ED107A53
:105D3000D0ED026A82F8541007EE903AF8EEE77A56
:105D4000A7EEA67A82ED107A704700BFC043704775
:105D500030B50A4CDFED0A7A864684460FCCACE8B3
:105D60000F0094E8070040F201158CE80700CEED23
:105D7000057AAEF81950704630BD00BFE4BC020889
:105D800063141D4430B50B4C9FED0B7ADFED0B7A9D
:105D9000864684460FCCACE80F0094E80700012546
:105DA0008CE807008EED037ACEED047A8EF8185059
:105DB000704630BDE4BC0208000048430000C84300
:105DC000704700BF10B58268836CB2F804C00C49FC
:105DD00086B00022CDF80E20ADF81220094AADF8A9
:105DE0000CC00446CDE901129B08014601A80593A9
:105DF000FAF71EFD0123606484F84C3006B010BD34
:105E0000F4D60208896F010890F84C3003B9704746
:105E1000406C0121FAF730BD00B585B001A802221F
:105E20000121FAF753FD0198A0F10800B0FA80F0C3
:105E3000400905B05DF804FB0368C1F812307047F3
:105E40000368CB66704700BFC268538A062B10B444
:105E50003BD0082B39D0052B1BD1244B8365102157
:105E6000938AA0F85C10062B23D0082B21D0052B99
:105E700033D0023B9BB21E4A0266062B98BF1D4AD6
:105E80005DF8044B94BF32F813300123A0F864305E
:105E90007047023B9BB216498165062B9CBF154992
:105EA00031F81310938A88BF0121062BA0F85C10EB
:105EB000DBD1023B0F49104A5DF8044B02669BB2EE
:105EC00031F81330A0F864307047023B09490A4C9E
:105ED00084659BB231F81310C2E7044B03661023AC
:105EE0005DF8044BA0F86430704700BF0008024022
:105EF0000000024018D90208000402402DE9F84FC2
:105F00001D464FF4006383640223DDF828A0DDF80A
:105F10002C90DDF83080416080F866300D990E9B42
:105F2000DDF83CE0DDF840C0119F129E9FED2D7A18
:105F3000C161C0E90225002280F84C20026580F88A
:105F40005420C0F867204163C16303628363036424
:105F5000C0F824E0C0F828C0C0F810A0C0F8149021
:105F6000C0F81880C7620663A0F87C20CAF8100049
:105F7000C9F80000C8F8100048625862129B1A4E17
:105F8000CEF8240000F1670BCCF8000080ED227AF7
:105F90007860C0E920220660C0F86B20A0F86F206E
:105FA000C0F874B082675860FFF74EFFD5ED036A02
:105FB000DFED0E7A9FED0E6AF4EEC76AF1EE10FA8D
:105FC00058BFB0EE667AB4EEE77AF1EE10FAD8BFB9
:105FD000F0EE477A67EE867AFCEEE77AC0ED237A38
:105FE000BDE8F88F0000000064D90208300E0349B4
:105FF0000000FA4510B5044688B0B1B1B0F864208D
:10600000006E002303A9CDE903230593FCF7A4FF49
:10601000B4F85C10A06D0A4B00940222FBF726F83E
:10602000012384F8543008B010BD0B46B0F85C1062
:10603000806D84F8543008B0BDE81040FBF77AB8A2
:10604000095D0108354B1B7810B50446002B35D08F
:10605000636F1B78012B03D0636A93F866303BB300
:106060002F4B304AD3ED007A92ED287AB4EE677A5E
:10607000F1EE10FA3CD892ED297AF4EE477AF1EE7F
:1060800010FA2FD8E06B01F06BFE206C01F068FE77
:10609000606A01F0A9F8E06A03689B7A9BB9206BFB
:1060A00003689B7A53BB206DB0FA80F0400910BDA5
:1060B000202104F15000FFF723FED1E710215030DA
:1060C000FFF71EFEC4E702F09DFE0028E7D0636FD5
:1060D0001B780B2BE3D04FF4805104F15000FFF7F5
:1060E0000FFEE0E7042104F15000FFF709FEC9E7C5
:1060F000022104F15000FFF703FEBCE702F082FE2C
:106100000028D0D0636F1B780B2BCCD04FF40051FC
:1061100004F15000FFF7F4FDC5E700BF7D19002032
:10612000CC0300209019002070B50446C06B104EBF
:1061300001F002FE206C01F0FFFD206902F000FC7E
:10614000606903F001FBE06A02F002FE206B02F0DE
:10615000FFFD256D30682146B5FA85F514F0A2FAE9
:106160006D093068214614F0B9FA284670BD00BFA9
:10617000181B002008B5C3681B7C2BB1D0F88C20FD
:1061800022B1013AC0F88C20012008BD4FF4006113
:106190005030FFF7B5FD104608BD00BFF0B52DED3E
:1061A000088B9FED9F8ADFEDA08A9FEDA0AADFED0F
:1061B0009D9A012385B00446B0EE489A0D4680F8BA
:1061C0007C3000F1500794F86660002E5BD12046C9
:1061D000FFF738FF06462046FFF7A6FFE3681B7C63
:1061E0003BB1D4F88C30002B00F09A81013BC4F80D
:1061F0008C3006B118B9636F1B78012B41D1D5EDF6
:10620000027ADFED8A0AB0EE680AA7EE880AEAF79A
:106210001BF8D5ED017A606AD5ED006A036A89EE54
:10622000A77AB5EEC00AD3ED067AF1EE10FA48BFB0
:1062300030EE0A0A67EEA67A70EE680AB0EE491AE6
:1062400027EE880A38EE078A01F020FCA36FF7EEEC
:10625000007A0133B4EEE78AF1EE10FA0646A3673E
:106260004FF002024FF0010101A806F0010658BFED
:106270000026FAF72BFB019B082B40F0C681002E6D
:10628000A1D194F86660D5ED029A9FED688A9FEDE2
:10629000660A9FED65AA9FED639ADFED64AAF0EEB2
:1062A000480A39EE800AE9F7CFFFD5ED017AC9EE49
:1062B000A78A022384F87C30B5EEC00AF1EE10FA0A
:1062C00048BF30EE080A30EE4A8A002E40F08A803D
:1062D0002046FFF7B7FE06462046FFF725FFE36896
:1062E0001B7C3BB1D4F88C30002B00F01F81013BAC
:1062F000C4F88C3006B118B9636F1B78012B71D1CB
:10630000D5ED037ADFED490AE7EE898A38EE0A0A0D
:10631000E8EE899AA8EE890AE9F796FFB5EEC00A79
:10632000F1EE10FA01D530EE2A0A606AD5ED007A56
:10633000036A30EE4A8A93ED060AB0EE681A20EE40
:10634000270AF0EE480A01F0A1FB002835D0D5ED70
:10635000047AB0EEE87AF0EEE77AB4EEE77AF1EE9E
:1063600010FA1EDA6B7E53B1D5ED057AB0EEE97AFC
:10637000F0EEE77AB4EEE77AF1EE10FA11DAAB7EDE
:10638000002B40F0DA80A36F0133A36702220121C2
:1063900001A8FAF79BFA019B082B19D194F86660C3
:1063A00093E7A36F0133A3670222012101A8FAF743
:1063B0008DFA019B082B15D00AE0A36F0133A36768
:1063C0000222012101A8FAF781FA019B082B09D0CA
:1063D000606AFEF745FBFEF72FFF082104F150002D
:1063E000FFF78EFC2069837D002B00F00A812B7E55
:1063F000F3B1D5ED047AF0EEE88AF0EEE77AF4EE48
:10640000E78AF1EE10FA13DB206DB0FA80F000237A
:10641000400984F87C3005B0BDEC088BF0BD00BFAE
:10642000000000006F120339DB0F4940DB0FC94049
:106430006B7E53B1D5ED057AB0EEE97AF0EEE77AEE
:10644000B4EEE77AF1EE10FADEDAAB7E002B40F024
:106450008680D5ED048A5FED0DAA1FED0D9A1FED24
:106460000DBA68EEAAAA03233AEE89AA84F87C3012
:1064700004F1500794F86630002BC5D12046FFF791
:10648000E1FD06462046FFF74FFEE3681B7C3BB16B
:10649000D4F88C30002B00F0AE80013BC4F88C3077
:1064A00006B118B9636F1B78012BADD15FED210ADE
:1064B00038EE0A0AE9F7C8FEB5EEC00AF1EE10FAA6
:1064C00001D530EE0B0A606AD5ED007A036A30EE32
:1064D000498A93ED060AB0EE681A20EE270AF0EE1C
:1064E000480A01F0D3FA00285DD02B7E002B3CD067
:1064F000D5ED047AB0EEE87AF0EEE77AB4EEE77A1A
:10650000F1EE10FA31DBA36F0133A3670222012100
:1065100001A8FAF7DBF9019B082B3FF475AF4EE0B9
:106520004FF400613846FFF7EBFB64E64FF400617F
:1065300004F15000FFF7E4FBDEE6A36F22690133AC
:10654000967DA3670222012101A8FAF7BFF9019BFA
:10655000082B7FF43DAF002E3FF420AF42E72369C4
:106560009B7D002B7FF450AF73E76B7E79EEAA9A88
:1065700053B1D5ED057AB0EEE97AF0EEE77AB4EEF4
:10658000E77AF1EE10FABEDAAB7E1BBBA36F0133E4
:10659000A3670222012101A8FAF798F9019B082BB1
:1065A0003FF468AF0BE0A36F0133A3670222012120
:1065B00001A8FAF78BF9019B082B3FF425AF606A1D
:1065C000FEF74EFAFEF738FE082104F15000FFF7FF
:1065D00097FB19E7A36F22690133967DA367022217
:1065E000012101A8FAF772F9019B082BE7D1002ECF
:1065F0003FF440AF08E74FF400613846FFF780FBF7
:1066000050E7012101F010FDF1E6606AFEF728FA7B
:10661000FEF712FE082104F15000FFF771FB30E68F
:1066200070B5D0E905230446002102F1140084B0BE
:10663000C3E90611C3E908101C329A6204F150063E
:1066400094F86630002B36D12046FFF7FBFC054658
:106650002046FFF769FDE3681B7C33B1D4F88C302A
:10666000002B47D0013BC4F88C3005B118B9636FDB
:106670001B78012B1FD1A06901A902F065FD00BBA9
:1066800004F150054FF400712846FFF739FBA36F62
:1066900001210B44A367022201A8FAF717F9019B15
:1066A000082B08D0606AFEF7DBF9FEF7C5FD08216C
:1066B0002846FFF725FB206DB0FA80F0400904B0B2
:1066C00070BD63699DED010A93ED051AD3ED030AD0
:1066D000606A01F0DBF9A36F01210B44A367054653
:1066E000022201A8FAF7F2F8019B082B08D1002D2D
:1066F000A6D1E0E74FF400613046FFF701FBB6E7B3
:1067000004F15005CEE700BF70B504468069C36848
:106710002DED028B03F5405384B093F89C1802F0E2
:106720004DFC002867D0A369DA6892F82020002A7F
:106730005ED19A69002A5ED0E168126889791A638D
:1067400000200125986383F854501A642046FFF70F
:1067500051FC9FED448A04F1500694F86630002BFA
:1067600075D12046FFF76EFC05462046FFF7DCFC9E
:10677000E268137C33B1D4F88C30002B69D0013B34
:10678000C4F88C3005B118B9636F1B78012B21D187
:10679000A06901A902F0D8FC002837D104F1500506
:1067A0004FF400712846FFF7ABFAA36F01210B44A9
:1067B000A367022201A8FAF789F8019B082B46D0AB
:1067C000606AFEF74DF9FEF737FD08212846FFF70E
:1067D00097FAE268917901B1D1792046FFF70AFC76
:1067E000206DB0FA80F0400904B0BDEC028B70BDA2
:1067F000DA69002AA0D104F150004FF40071FFF7CC
:106800007FFA002004B0BDEC028B70BD606A236982
:10681000026AD3ED137A92ED011AD3ED090A9DEDC8
:10682000010A67EE887AB8EEC11A21EE271A01F044
:106830002DF9A36F01210B44A3670546022201A88D
:10684000FAF744F8019B082B09D1002D85D1E268A5
:10685000C0E74FF400613046FFF752FA94E704F1C5
:106860005005ADE7DB0FC940F0B5C36A1B682DEDDD
:10687000028B9B7A85B004464BB94FF400315030FF
:10688000FFF73EFA002005B0BDEC028BF0BD806939
:10689000C36840F20222D3ED0C7A1F881A800022CE
:1068A000026482640021F1EE677A03F5405301220D
:1068B000C0ED117A80F8542084F87D1093F89C186C
:1068C00002F07CFB002800F0C880A369DA6892F827
:1068D0002020002A40F0BD809A69002A00F0BD8087
:1068E00011689FED8F8A196300229A6304F15006A4
:1068F00094F86630002B37D12046FFF7A3FB0546FE
:106900002046FFF711FCE3681B7C3BB1D4F88C30C8
:10691000002B00F0F980013BC4F88C3005B118B9A8
:10692000636F1B78012B1FD1A06901A902F00CFC39
:10693000002840F0BF804FF400713046FFF7E0F9C7
:10694000A36F0133A3670222012101A8F9F7BEFF5B
:10695000019B082B08D0606AFEF782F8FEF76CFCFA
:1069600008213046FFF7CCF94FF48050FFF7EEF9DD
:1069700001463046FFF7C0F9E36A20691A68A36947
:1069800092ED007AC26883ED0C7AD2ED027A9FED27
:10699000648AF8EEE77A002567EE877A5D63FDEE9C
:1069A000E77A036817EE901A1B689847A369DA68BC
:1069B00040F20351118001221D645D649D6483F8DF
:1069C000542094F86630002B35D12046FFF73AFB6F
:1069D00005462046FFF7A8FBE3681B7C3BB1D4F8D3
:1069E0008C30002B00F09680013BC4F88C3005B150
:1069F00018B9636F1B78012B1DD1A06901A902F0A2
:106A0000A3FB88BB4FF400713046FFF779F9A36F01
:106A10000133A3670222012101A8F9F757FF019B67
:106A2000082B08D0606AFEF71BF8FEF705FC08216A
:106A30003046FFF765F9A269D2681780206DB0FA79
:106A400080F00123400984F87D3005B0BDEC028B55
:106A5000F0BDDA69002A7FF443AF4FF4007104F10E
:106A60005000FFF74DF90DE7606A2369026AD3ED24
:106A7000137A92ED011AD3ED090A9DED010A67EE32
:106A8000887AB8EEC11A21EE271A00F0FFFF00281D
:106A9000BDD0A36FA269013392F85550A3670222BB
:106AA000012101A8F9F712FF019B082BBAD1002D93
:106AB00087D0C0E7606A2369026AD3ED137A92ED4A
:106AC000011AD3ED090A9DED010A67EE887AB8EE46
:106AD000C11A21EE271A00F0D9FF00283FF430AF89
:106AE000E06A02F08FF9A36F0133A3670546022223
:106AF000012101A8F9F7EAFE019B082B7FF42BAFD7
:106B0000002D3FF4F5AE2FE74FF400613046FFF75C
:106B1000F7F805E74FF400613046FFF7F1F868E752
:106B2000DB0FC94070B5044684B0406AFDF798FF9A
:106B3000E368997901B1D9792046FFF75BFA04F14E
:106B4000500694F8663053BB2046FFF77BFA0546A3
:106B50002046FFF7E9FAE3681B7C2BB1D4F88C30B0
:106B60001BB3013BC4F88C3005B118B9636F1B78B7
:106B7000012B14D1A36F0133A3670222012101A8C5
:106B8000F9F7A4FE019B082BDBD0606AFDF768FFD4
:106B9000FEF752FB082104F15000FFF7B1F8206D19
:106BA000B0FA80F0400904B070BD4FF40061304687
:106BB000FFF7A6F8DAE700BF2DE9F04F2DED048BC3
:106BC000054685B0406A9FEDA89A9FEDA88ADFED43
:106BD000A88ADFEDA89A00F04BFA05F1710805F1DB
:106BE000680305F1500B05F1670602934FF00009A9
:106BF0000127CDF8048095F86630B3B1022B00F080
:106C00003D81032B00F0698185F8673085F8687055
:106C100002216B18012083F8679085F86690FFF7D2
:106C200095F801465846FFF767F86C6F2378013BEB
:106C30000A2B0CD8DFE813F006010B000B00B6009E
:106C40008F007D00EB00BA00F50020001A00012142
:106C50005846FFF755F8019B9E4205D0C6F80090B4
:106C6000C6F80490A6F808902770C4E72846FFF7F6
:106C7000FBFD58B96C6FEEE76B6A93F86730002B39
:106C8000E5D0286901F04CFA0028F3D0029BB3420A
:106C9000344600F0E680991B019B0929A3EB060E00
:106CA00000F0D780AEEB010C614522DA012900F03B
:106CB0003A81BCF1000F04EB01030DDD621E03EB12
:106CC0000C0A12F8010F93F8008082F8008003F894
:106CD000010B9A45F5D16444BEFBF1F301FB13E3CC
:106CE000002B00F0BE808E46C91AAEEB010C614548
:106CF000DCDBBCF1010F04EB0E0200F02781002960
:106D000004EB010840F3FC80434613F8010D12F830
:106D100001AD83F800A09C421070F6D1A8EB0104ED
:106D2000BEFBFCF10CFB11E1002900F09A80E64665
:106D3000B8E76B6A93F86720002A88D02869C26890
:106D400092F8292022B11B6ADB69002B3FF47FAF48
:106D500001F0CAF98DE76B6A93F86720002A3FF4C7
:106D600076AF1B6ADB69002B3FF471AFE9682846F8
:106D70003431FFF713FA00283FF47CAF6B6A1B6ACB
:106D8000D3ED017AEB6893ED117AAB69F8EEE77A0F
:106D900027EE297A2846C7EE276AC3ED0D6AFFF76A
:106DA0003FFC66E7686A00F09BFC62E76B6A93F859
:106DB0006720002A3FF44BAF1B6ADB69002B3FF4CE
:106DC00046AF2B69DB7D002B3FF441AF2B682A4A8D
:106DD0001B68934240F0CB80EB68D3ED037AF5EE6D
:106DE000C07AF1EE10FA48BFF0EE497AF4EEC87AB4
:106DF000F1EE10FAC8BFF0EE487A67EEA87AFCEE22
:106E0000E77AC5ED237A2846FFF77EFC31E76B6A07
:106E100093F86730002B3FF41AAF286901F0C4F9EA
:106E200027E76B6A93F86720002A3FF410AF1B6ACC
:106E3000DB69002B3FF40BAFE96828465031FFF7C0
:106E4000ADF916E72846FFF76DFE686A00F010F905
:106E50000FE795F8673095F8682085F8672085F882
:106E6000683085F87090C6E600000000300E0349D7
:106E70000000FA4583F9223EB15C0108E868027817
:106E8000002A3FD0042285F867200122417849B1C9
:106E90002969C968897829B12A44062182F86710CE
:106EA0001A460133817829B1A91807241A4681F8B6
:106EB00067400133417929B1A9180B241A4681F89A
:106EC00067400133C178F9B12A44082182F867107C
:106ED000591CEA1882F867709BE62A69D268927892
:106EE000042185F86710BAB1062285F868200222CD
:106EF000A818EA18072380F8673082F8677088E6D8
:106F000044460DE70123C1E7017949B12A4405212F
:106F100082F86710591CDCE7194601220223E7E7D3
:106F200019461346D5E721460EF1FF3ABAF1010F93
:106F300011F8013B1EDD524620460393EAF76AFB37
:106F4000039B04F80A3085F8709054E60EF1FF3E7A
:106F5000BEF1010F14F80EA010DD72462146601C30
:106F6000EAF758FB84F800A085F8709043E62846BD
:106F7000984748E704BF62782270E2E704BF2378AD
:106F800002F8013CEEE700BF08B5FFF715FE00BFB1
:106F9000038819430180704703680B4303607047FF
:106FA00084462DE9F84F964604464CF8041B1E46CD
:106FB000BEE80F00ACE80F0083469EE80700236997
:106FC000D4F808A0B4F80C90264FDFED277A8CE8AF
:106FD000070097E8030000256363A38A2563E06345
:106FE000C4E90865C4E90ABAA563A4F83090238708
:106FF0003378A4F8401084F86730C4ED1A7AC4EDF1
:107000001B7AC4ED1C7AC4ED1D7AC4ED1E7A84F897
:107010004250A4F84450A564A4F8645084F8665023
:107020004422294604F17C00ECF776F8D6ED047A88
:1070300096ED056AD6ED0D6A0C4BA4F8C05086EEAD
:10704000277A4FF07E52C4F8A820C4F8E8302046D2
:1070500067EEA67AC4ED1F7A67EE277AC4ED207A30
:10706000BDE8F88F00BD02080000000000002041CC
:1070700038B5436A0446986901F09AFF0023606AB4
:10708000C4F88430C4F88830C4F8B430C4F88C3004
:10709000FEF7C2FE054630B9606A08215030FFF79E
:1070A0007BFF284638BD0023204684F84230FDF798
:1070B000C9FC284638BD00BF036AD3ED047A93EDBE
:1070C000056AD3ED0D6A86EE277A67EEA67AC0EDE3
:1070D0001F7A67EE277AC0ED207A70470268036A4C
:1070E0009FED3A7AD2ED027A93ED0C6A384A39492B
:1070F00067EE876AF0B586EE867A89B0002305468A
:107100000492354803930822059307930193009056
:10711000042332488DF814200C2202908DF80C3094
:1071200006918DF81C2008AC5A10A4EBC20151ED59
:10713000027AB4EEE77AF1EE10FAA3EB02034ABF4B
:1071400003F1FF331346A1F10804002BECDC6B467E
:107150009C4237D054ED027AB7EE007A87EE276A68
:1071600005F1280605F1C207304666EE867A9FEDE6
:107170001C7A85ED1E6A27EE877AC5ED2B7A85EDA0
:107180002C7AFDF77FF839463046FDF75FF910227B
:1071900014F8043C85F8D52001244FF4A862394640
:1071A0003046A5F8D62085F8D93085F8E440FDF7BB
:1071B000B1F83946304685F8E54009B0BDE8F04001
:1071C000FDF7CCB89FED076A02ACC9E71F859B3F6E
:1071D000000020420000A042000020410000A04129
:1071E000E4388E3FCDCCCC3D38B5818B05468069E7
:1071F000FCF786F808B1012038BD044605F12800E7
:10720000FDF756F80821A5F8C00005F16400FFF766
:10721000BFFE686A40215030FFF7BEFE2846FDF7EA
:107220001FFCFEF709F8204638BD00BF38B5D0E98D
:1072300008256B6A92ED090A1A6A92F82020022A40
:107240002DED028B04462AD093ED2B8AB4EEC80AAA
:10725000F1EE10FAD8BFB0EE408A686B03689B6805
:107260009847A86B226A0368B4EEC08AF1EE10FA60
:10727000F0EE407A9B6892ED090AC8BFB0EE678ACB
:107280009847B4EEC80AF1EE10FA48BFB0EE408A53
:10729000B0EE480A84ED3A8ABDEC028B38BD074B4C
:1072A000DFED077A93ED008A28EE278AB4EEC80A4C
:1072B000F1EE10FAD8BFB0EE408ACEE7CC03002042
:1072C0007CD8103F036A93F82030032B10B5044696
:1072D0001BD0FFF7ABFF236A9FED1D7AD3ED066A43
:1072E000D3ED0B7A20EE260AB4EEC70AF1EE10FABF
:1072F00058BFB0EE407AF4EEC77AF1EE10FA54BF00
:10730000B0EE470AB0EE670A10BDFFF78FFF236AA1
:1073100094ED2D6A93ED067ADFED0D6AD3ED0B7ACD
:1073200027EE067A27EE000AB4EEE60AF1EE10FA2E
:1073300054BFB0EE407AB0EE667AB4EEE77AF1EE82
:1073400010FAD4BFB0EE470AB0EE670A10BD00BF16
:1073500000000000054B1B680B295B6A04D800EB9A
:1073600041005B00A0F84C30704700BFA007002030
:10737000D0ED1E7A0368DFED086A93ED027A67EEBE
:10738000A67AA1F5006167EE877A07EE101AB8EECB
:10739000C70A27EE800A70473333533A10B584B0DA
:1073A000044603AA02A901A8FDF7C2F810BB9FED8D
:1073B0001A6ADDED016A9DED027ADDED037A66EE73
:1073C000866A27EE067AFCEEE66A67EE867A16EEA5
:1073D000903ABCEEC77AFCEEE77AA38717EE103A34
:1073E000E38717EE903A0120A4F8403084F8420079
:1073F00004B010BD04F164008021FFF7C9FD606A8C
:1074000040215030FFF7C8FD2046FDF729FBFDF76E
:1074100013FF002004B010BD00C05A452DE9F0470D
:107420002DED048B002684B0CDE90266446A9FED01
:10743000578ADFF86491DFF864818DED000AB0EEC1
:10744000409AF0EE608A0546CDED010A12E0D9F8C7
:107450000020516A526A49005200A5F85A10A5F856
:107460005420A367FEF7D8FC42F21073002845D0E1
:107470009E424DD094F866302046002B48D1FEF74E
:10748000E1FD82462046FEF74FFE07462046FEF706
:1074900071FE06F0010304A90246F7EE087A01EB3B
:1074A00083032846BAF1000F01D007B11AB9626F01
:1074B0001278012A2CD198ED006A95ED1A7A13ED15
:1074C000040AC7EE866A013695ED1B6A53ED027A0F
:1074D00037EE067A66EE880A77EEC77A26EE800ADD
:1074E00043ED027AFFF75AFFA36F024601332046AD
:1074F000002AACD1A367FEF78FFC48B9606AFDF79C
:10750000AFFAFDF799FE082104F15000FFF744FDA2
:107510006A6A136D9BBB9DED027ADDED037A2B6ADF
:1075200078EEC98AF5EE046A77EEC77A68EEA68A25
:1075300088EEA77ADFED167A83ED047AB4EEE77A67
:10754000F1EE10FA0CD4DFED137AB4EEE77AF1EE37
:1075500010FA05DC012004B0BDEC048BBDE8F08717
:10756000022105F16400FFF713FD02F150004021F4
:10757000FFF712FD2846FDF773FAFDF75DFE0020C8
:1075800004B0BDEC048BBDE8F08700BF0000000034
:10759000BD3706366F12833BA0070020CC030020C6
:1075A0002DE9F8432DED068B9FED498A446ADFED06
:1075B000499ADFF828910546B0EE409AF0EE608ACD
:1075C000B0EE48AA45F6BF5894F866302046002B26
:1075D00046D1FEF737FD06462046FEF7A5FD0746D5
:1075E0002046FEF7C7FDF1EE686A0EB107B118B983
:1075F000636F1B78012B33D1D5ED1A7A95ED1B7A89
:1076000077EE877A77EE897AA7EEA98AB4EEE88AD0
:10761000F1EE10FA04DCB4EEE68AF1EE10FA2CD5A5
:10762000012105F16400FFF7B3FC686A4021503086
:10763000FFF7B2FC2846FDF713FAFDF7FDFDA36F37
:1076400001332046A367FEF7E7FB48B9606AFDF700
:1076500007FAFDF7F1FD082104F15000FFF79CFC4B
:107660006B6A1B6D7BBBC8EE097ABDEC068B2B6A7F
:107670000120C3ED057ABDE8F883D9ED007AB7EEB5
:10768000087A87EE270A284660EE0A0A28EE000AE2
:10769000FFF784FE0346104A2046002BCFD0126825
:1076A000A36F516A526A490052000133A5F85A107B
:1076B000A5F85220A367FEF7AFFB0028C6D0B8F1AB
:1076C000010881D1CCE7BDEC068B0020BDE8F88332
:1076D000000000000BD7A33AA0070020CC03002035
:1076E00010B5036A93F820202DED028B0446CAB131
:1076F000032A17D0022A1FD1D3ED047A93ED056A2D
:10770000D3ED0D6A86EE277ABDEC028B012084F85A
:10771000670067EEA67AC4ED1F7A67EE277AC4ED9C
:10772000207A10BD93ED038A93ED020AF0EE480A29
:107730002046FFF735FF18B9BDEC028B002010BDC5
:10774000F0EE480AB1EE480A2046FFF767FE00282F
:10775000F2D0236AD0E700BF0B4B93ED007AF7EE2F
:10776000086AC6EE877A10B5044667EEA00A27EECF
:10777000800AFFF713FE28B1044B1B685B6A5B00AD
:10778000A4F85A3010BD00BFCC030020A007002091
:1077900010B52DED048BB0EE409AB0EE410AB0EE7C
:1077A000608AF0EE419A0446FDF7A0F8F0EE408AB8
:1077B000B0EE690AFDF74EF8104BD3ED006AB7EE54
:1077C000086A86EE267A2046F0EE407A67EE897ADD
:1077D00028EE400AE8EE887AA8EE890A67EE870A62
:1077E00020EE070AFFF7DAFD28B1054B1B685B6A3C
:1077F0005B00A4F85A30BDEC048B10BDCC03002014
:10780000A007002010B5D0ED1A7A90ED2C7AF0EE9A
:10781000E76AB4EEE67AF1EE10FA2DED088B044635
:10782000C0ED270A08D4D0ED1B6AB0EEE66AB4EECC
:10783000C67AF1EE10FA13D54FF4806104F16400BA
:10784000FFF7A6FB606A40215030FFF7A5FB2046FA
:10785000FDF706F9FDF7F0FC0020BDEC088B10BD2C
:1078600037EEA69A9FED7E7A77EEE67AB0EE40AAE2
:10787000B0EE410A27EE878AF0EE418AF0EE609A78
:10788000F0EE61AAFDF732F8B0EE40BAB0EE680A49
:10789000FCF7E0FF68EE0BBA28EE008AB1EE499AD9
:1078A000A9EE0B8A204669EE008A94ED287AD4ED81
:1078B000297AD4ED2A6A3BEEE8BA38EE676A7BEEA5
:1078C000475AE6EE867AA6EEA57AC4ED297A84EDCB
:1078D000287AFFF7ABFC236A6BEE0B7A93ED0A7AFA
:1078E000E8EE087A70EE076A66EEA66AF4EEE67ACB
:1078F000F1EE10FA00F3A4805A4B94ED226AD3ED16
:10790000007AD4ED1F5ADFED584A9FED585AB7EE72
:10791000087AC7EE276A78EEA90A94ED217A70EE0C
:10792000EB0AF0EE468AE5EEA08A3AEE480AF0EE5F
:10793000479AE5EE809A68EEA68A69EEA69A68EE06
:10794000A86A27EEA4AAE9EEA96AF7EE005AF1EEBA
:10795000E67AC5EE276AF4EEE56AF1EE10FA64D431
:10796000D4ED205ADFED427A65EEA75AA0EE257AD3
:10797000A0EEA56AF0EE476A28EE8B7A84ED226AC3
:10798000A9EE887AC4ED216A84ED237AB0EE6A0A02
:10799000FCF7ACFFB0EE408AB0EE6A0AFCF75AFF83
:1079A000F0EE400A69EEA00A20EE680AE8EE880AC6
:1079B0002046A9EE880A6AEE207A2AEE007AC4ED03
:1079C000257A84ED247AFFF7E9FC00283FF444AFE0
:1079D000284B626A1B6852685B6A5B00A4F85C30E3
:1079E000002A7FF43AAF94ED217A234BF6EE007A29
:1079F000B4EEE77AF1EE10FA25D501221A701F498C
:107A00000B78002B3FF429AF1D4C1E4A236802EB74
:107A100083020133B3F5805F28BF002382ED009A13
:107A200032BF236023600B7017E7DFED177A69EE32
:107A3000A69A68EEA68A26EE276A67EE276A9BE773
:107A40004FF48051FAE619780029D8D0B4EEE77ADD
:107A5000F1EE10FAD3DB09491A7001240C70D3E758
:107A60003ACD133FCC030020ABAA2A3FAC5C313F98
:107A70006F120339A00700208E1900208D190020F5
:107A8000A88F0020AC8F0020A4707D3F10B5036A42
:107A9000D3ED077A93F820202DED068BB8EEE78A18
:107AA000032A68EE209A28EE019A93ED06AA04466E
:107AB000F0EE408A00F0DF80C0EE0A7A204628EE21
:107AC000278AFFF7B3FBD4ED268A226AF1EE407ACB
:107AD000F4EEE87AF1EE10FAC8BFF0EE678AB4EE81
:107AE000E80AF1EE10FAB4EEE78A48BFF0EE408AF9
:107AF000F1EE10FA58BFF0EE487A92F82030B4EE6A
:107B0000E70AF1EE10FA54BFB0EE678AB0EE408A91
:107B1000032B29D0DFED647AF0EE691AE9EE271A1B
:107B2000ABB1022B00F0B280202104F16400FFF71A
:107B30002FFA606A40215030FFF72EFA2046FCF7FA
:107B40008FFFFDF779FBBDEC068B002010BDB0EE7A
:107B5000691AF0EE480AB0EE680ABDEC068B2046C2
:107B6000BDE81040FFF74EBE92F84C3023B3F0EE64
:107B7000C87AF4EEE78A9FED4D6A92ED127A77EEBD
:107B8000E87AF1EE10FA4CBFD2ED146AD2ED156A24
:107B900067EE867AE6EEA78AF4EEC78AF1EE10FA6F
:107BA00048BFF0EE478AB4EEE80AF1EE10FA48BF9B
:107BB000F0EE408AC4ED268AD2ED106A94ED2D7A5B
:107BC0009FED3A0A9FED3A6A9FED3AAA66EE807AF7
:107BD00078EEC75AF0EE4A0AA5EEA77AC8EE077A01
:107BE00084ED2D7A67EEA67ADFED336AB0EEE77AA0
:107BF000B4EE467AF1EE10FA98BF27EE807A94ED53
:107C00002F0A88BF9FED2D7A30EE260A88BFF0EE4E
:107C1000477A30EE070AC4ED2E7A98BF39EE279ADC
:107C2000E8F712FBB5EEC00AF1EE10FA48BF30EEED
:107C30000A0ADFED217A9FED1FAA70EE677AF0EE57
:107C40004A0AC4ED2F7A39EE800AE8F7FDFAB5EE5C
:107C5000C00AF1EE10FA48BF30EE0A0A9FED167A1C
:107C6000DFED117A30EE471AF0EE480AF0EE411AD5
:107C7000E9EE271A6FE7D3ED110A90ED2D0AE8F728
:107C8000C9FB20EE0A0AC8EE807A17E7F0EE480A30
:107C9000B0EE680ABDEC068B2046B0EE611ABDE876
:107CA0001040FFF775BD00BFA69B44396F12033922
:107CB00000004844DB0FC940DB0F494000000000D2
:107CC000C3691B78EBB1D0E90532D0ED046AD2ED7F
:107CD000007A93ED007A77EEE66A37EEC77AC6EE61
:107CE000877A67EE807AF5EE407AF1EE10FAB8BF47
:107CF000DFED047AF4EEC07AF1EE10FAD8BFB0EE00
:107D0000670A704700000000704700BF704700BF5F
:107D100010B52C21044612F0FDFF204610BD00BF17
:107D200010B52C21044612F0F5FF204610BD00BF0F
:107D300003680B430360704710B504468088FDF765
:107D400015FA064BE168D3ED007AA06880EE270AA9
:107D5000FCF740FD84ED040A10BD00BF14D90208F1
:107D6000C26908B50346107870B19A6993ED047A38
:107D7000D2ED007AF1EE046A77EEA67AB4EEE77AF5
:107D8000F1EE10FA02DA08BD012008BD586A01229E
:107D900083F820204FF480215030FFF7C9FF0020E6
:107DA00008BD00BF30B40D688262D1E90141426173
:107DB000C0E90254141D0832DFF820C08180C2617E
:107DC0000021054A8461C0F810C030BC80F8201042
:107DD00041620260704700BF18DB02080000C07FEC
:107DE000836A1B8A062B10B5044613D0082B11D0CA
:107DF000052B09D0023B9BB2062B15D90D4801215A
:107E0000FDF760F8A08010BD0B481021FDF75AF86F
:107E1000A08010BD023B094A09489BB232F81310FA
:107E2000FDF750F8A08010BD044A024832F8131044
:107E3000ECE700BF00000240000802406CD90208D5
:107E4000000402400F4A10B5026101F114024261C0
:107E500001F118020023826101F11C024FF6FF7C40
:107E6000C26180F82030084A436204230446A0F827
:107E700004C0816002608162C360FFF7B1FF2046E9
:107E800010BD00BF0000C07F2CDB0208EFF31083A1
:107E900072B6826807EE901A126881611268A0F8C3
:107EA0005A10F8EEE77AC0ED0A7A516283F310882F
:107EB000704700BF038819430180704703680B4374
:107EC00003607047D2ED097A9FED2C7A77EEA77A9E
:107ED000B5EE006A67EEA76A27EE877A38B566EED8
:107EE000866A0446B7EE006A25482060B4EE467AFA
:107EF00000200025C4E90212F1EE10FA4FF6FF71DE
:107F0000C4E90455C4E906552564A56584F85C50A8
:107F100084F86C50A4F86E5020626062A062E06247
:107F20002063E0636064A064E064206560652066AF
:107F30006066A4F86810C4ED0D7AC4ED0E6A1D46A3
:107F400010D5D37863B11388013B9BB2012B9CBF42
:107F50000123E37595F82030032B04BF0123E3755B
:107F6000204638BD04F114000121FFF7A3FF4FF4B0
:107F700080715020FFF7A2FFE3E700BF6F120339C3
:107F80008CDB020838B5C3689B78044633B9A36814
:107F900019895868BDE83840F9F7CCB8EFF3108577
:107FA00072B6C36800209968FCF728FC07EE900AB7
:107FB000F8EEE77AE061C4ED0B7A85F31088E368A8
:107FC0001A79A2B12368164A1B68934222D1EFF3B3
:107FD000108272B6A3681968096800230020A361A3
:107FE000A062A4F85A304B6282F31088E368DB7811
:107FF00063B123699A69D36803F54053012193F86B
:108000007838E1751BB182F8561000E0E375012362
:10801000A375BCE7002120469847E368E7E700BF67
:108020008D7E0108FFF7AEBFC3680246987820B97D
:10803000936819895868F9F77DB819B993F8283009
:10804000002BF5D100B59068054B0189406883B0DD
:1080500000920222F9F70AF803B05DF804FB00BFB2
:108060002580010808B5C3689FED147AD3ED097A1D
:1080700077EEA77AF5EE005A67EEA76A27EE877AC1
:10808000B7EE006A66EEA56AB4EE467AF1EE10FA33
:10809000C0ED0D7AC0ED0E6A00D508BD0023024682
:1080A000A0F8583001211430FFF704FF1069BDE833
:1080B00008404FF480715030FFF700BF6F12033952
:1080C000C37D43B90269526A126A92F82020032ADA
:1080D0001CBFC268D370B0F86E301BB9837D0BB97A
:1080E000C268D370704700BFC36810B593F82910F9
:1080F0000446012200209A70A07529B923695B6AA1
:108100001B6AD96901B9DA6120460021FFF78CFFAB
:108110002069C168BDE810401831FEF73FB800BFC4
:108120002DE9F043D0F810808569D8F80C30D8F8E4
:10813000242003F1180C136A012689B00446DE617D
:10814000BCE80F000DF1040EAEE80F009CE807003C
:108150008EE80700DDED057AB0EE087A67EE877AE3
:1081600000274FF48079404601A9ADF81C908DF8A6
:108170001E70CDED067AFEF711F840B12269A369B1
:10818000526A05F108018B42126A03DDD66109B01B
:10819000BDE8F083083DAB42BABF4FF0FF33D36177
:1081A000D76109B0BDE8F0832DE9F04FC3682DED2C
:1081B000088B9A7893ED07AAD3ED08AA83B00546F9
:1081C0001AB1837D002B00F0F0812C69EA69636AA3
:1081D000AA611B6A93F82020002A40F0D681D3EDD3
:1081E000028AD3ED057A68EEA78A9FED959ADFEDB6
:1081F000959A4FF0000815E02B69586AFFF7AAF826
:10820000A36F08F1010807EE908A0133A3672046A7
:10821000B8EEE78AFDF700FE58B3B4EEE98AF1EE56
:1082200010FA30D594F86630204663BBFDF70AFF9C
:1082300006462046FDF778FF07462046FDF79AFFE1
:10824000F0EE490AB0EE680A0EB107B118B9636FD3
:108250001B78012B17D12B69586AFFF77DFA05218E
:108260000028C9D1A36F01332046A367FDF7D4FDD1
:1082700048B9606AFCF7F4FBFCF7DEFF082104F163
:108280005000FFF71BFE2C69266D002E40F07F8109
:10829000CAEE2A7AAB690193B246B346DFED696A4A
:1082A000DFED699A9FED6ABA67EEA67AB7EE007ABB
:1082B000FDEEE77AF6EE00AA17EE909AF8EEE77A6E
:1082C00087EE27AA13E02B69586AFFF743F8A26FDD
:1082D000AB6901329E19A26720464AEBE37A0BF1A3
:1082E000010BFDF799FD002853D0D9455BDD94F8CB
:1082F00066302046002B56D1FDF7A4FE07462046E7
:10830000FDF712FF80462046FDF734FF07EE90BAD6
:10831000DFED4F0AB8EEE77A1FB1B8F1000F00D0D9
:1083200018B9636F1B78012B3DD1EB68D3ED077A49
:10833000B0EE690AA7EEEA0A67EE8A7AA7EE270A84
:10834000E7F782FFB5EEC00AF1EE10FA48BF30EE53
:108350000B0A30EE698AB0EE480AFCF7C7FAF0EE75
:10836000407AB0EE480A28EEA78AFCF773FA2B6928
:1083700068EE800A586AB0EE480AFFF7EDF9052169
:108380000028A0D1A36F01332046A367FDF744FD69
:1083900048B9606AFCF764FBFCF74EFF04F150003B
:1083A0000821FFF78BFD2C69226D002A40F0EF8039
:1083B0000199AB6908318B4200F3F28001990839C9
:1083C0008B4280F20E81626A126A4FF0FF31D161F6
:1083D000526801999FED1D5A5B1A5200002B07EE5F
:1083E000902AB8BF5B42B8EEE77A07EE903AEB68A6
:1083F00093ED026AD3ED076AD3ED065AB8EEC66A6A
:1084000066EE856A87EE065AF8EEE77A86EE857A9A
:10841000C5ED0F7A77EEC77AF0EEE77AC7EE876A96
:10842000F4EEE56AF1EE10FA00F3CC809FED069AC7
:10843000DFED07AAF6EE009A4FF0000B1EE000BF3A
:10844000000000000000FA45DB0F494083F9A23E1E
:10845000DB0FC9402B69586AFEF77CFFA36F5A1CDB
:10846000AB69A2679E1920464AEBE37A0BF1010B38
:10847000FDF7D2FC002853D0D9455BDD94F8663077
:108480002046002B56D1FDF7DDFD07462046FDF7BF
:108490004BFE80462046FDF76DFE07EE90BA5FED7D
:1084A000140AB8EEE77A1FB1B8F1000F00D018B97E
:1084B000636F1B78012B3DD1EB68D3ED077AB0EEEB
:1084C000490AA7EEA90A67EEC77AA7EE8A0AE7F774
:1084D000BBFEB5EEC00AF1EE10FA48BF30EE2A0A34
:1084E00030EE498AB0EE480AFCF700FAF0EE407A26
:1084F000B0EE480A28EEA78AFCF7ACF92B6968EEC3
:10850000800A586AB0EE480AFFF726F905210028CC
:10851000A0D1A36F0133A3672046FDF77DFC48B9C6
:10852000606AFCF79DFAFCF787FE04F15000082111
:10853000FFF7C4FC2B691B6D4BBB4FEA4904224675
:1085400049F3807351463046F0F7FEF907EE904A42
:1085500009FB00F9A6EB4909B8EEE77A07EE909A15
:10856000F8EEE77AB6EE006AC7EE876AE96801229C
:1085700003461046CB6076EE867AC1ED047AEA7542
:1085800003B0BDEC088BBDE8F08F022A05D00020B7
:1085900003B0BDEC088BBDE8F08FD3ED028A24E672
:1085A000626A126A0121D16112E7A0F858302021D5
:1085B0001430FFF77FFC28694FF480715030FFF7CB
:1085C0007DFCE4E70023A5F85830022105F11400F2
:1085D000FFF770FC4FF4807104F15000FFF76EFC60
:1085E000D5E7A5F858200421F0E700BFB0F86E30B9
:1085F000022B10B5044623D001D85BB110BDA3F502
:108600008073032B0DD80369BDE81040586A0A2116
:10861000FEF7A0BE83681B681B685B6AA0F85A302F
:1086200010BD0023A0F8583008211430FFF742FC99
:1086300020694FF48071BDE810405030FFF73EBC18
:10864000C368DB8D062B2CD0082B2AD0052B39D004
:10865000023B9BB2062B38D921480121FCF702FDD1
:108660009FED207AE368FEEE007AE0EE077A1B8E3B
:10867000062BC4ED187A1ED0082B1CD0052B17D062
:10868000023B9BB2062B25D915480121FCF7EAFCD9
:108690009FED147AFEEE007AE0EE077AC4ED197AC7
:1086A00010BD023B104A11489BB232F81310D5E7B7
:1086B0000F481021EAE7023B0B4A0C489BB232F804
:1086C0001310E3E70A481021C8E7074A044832F8C4
:1086D0001310C3E7044A024832F81310D6E700BF6C
:1086E00000000240CA269B3E38DB0208000402401C
:1086F0000008024038B5B0F86E3013F4807224D010
:108700008268A3F58173B3FA83F3546A5B095B0053
:108710000022236101254FF400614FF40073C4E986
:108720000221C4E9055320210A234FF48270C4E9D1
:108730000712C4E909226060E3622046F3F746FAB3
:108740002046F3F703FA284638BD104638BD00BF6F
:1087500038B5B0F86E30DB0501D4012038BD0369AF
:1087600004460921586AFEF7F5FDA3685B6A93F891
:108770005120012AD5B210D0002204F11400A4F82F
:1087800058204FF48071FFF795FB20694FF48071FA
:108790005030FFF793FB104638BDB4F87410206FCB
:1087A0000022FAF7B3FDA2682B46506A04F1680173
:1087B00004F16A02F3F73CFCCFE700BF10B50446B2
:1087C000B0F87410006F0122FAF7A0FD23690B21A5
:1087D000586AFEF7BFFDB4F86E3040F201129342C2
:1087E00022D040F20312934212D0B3F5807F2CD0F6
:1087F000002304F11400A4F858300821FFF75AFBB5
:1088000020694FF48071BDE810405030FFF756BB2F
:10881000B4F86A309B08E168C9782364012284F8BF
:108820006C2001B1E27510BDB4F86A3083EA1322FE
:1088300082EA121282EA920282EA5202D007F2D44B
:108840005904F0D4C3F30D03E5E7B4F86A3083EAC2
:10885000132282EA121282EA9202D2439207E2D1F2
:10886000C3F30D03D7E700BF30B5C3689B8D062B5C
:1088700087B0044628D0082B26D0052B08D0023B11
:108880009BB218482067062B27D901210B4603E02D
:108890001548206710210B46A4F87430FAF77EFCC7
:1088A000B4F87420206F0125002301A9CDE901252A
:1088B000CDE90353FAF750FBB4F87410206F2A4641
:1088C000FAF724FD07B030BD023B084A084820678C
:1088D0009BB232F813301946DEE7044A32F81330FF
:1088E0001946D9E7000002400008024038DB0208C0
:1088F00000040240836810B5182104461868F9F78F
:10890000B5FC00212046FFF78FFBE3681B88A4F825
:108910006E30DB0500D410BD2046FFF7A5FF2046D2
:10892000FFF7E8FE23699A69D36803F5405393F88B
:108930007838002BEFD0012382F8563010BD00BFED
:108940002DE9F843B0F86E30056C022B2DED088B45
:10895000044600F0548110D8002B00F0728190F88A
:108960005C30013B052B00F2E781DFE813F0C40126
:10897000B201C601C801CA01C201A3F58073032B6D
:1089800000F22A8190F86C30D0ED117A002B00F0C3
:108990006A819FEDDD7A67EE877AC0ED117AE26831
:1089A000E0699168002384F86C30281AFBF726FFF1
:1089B000E268A369916801EBD172B0EB620F0646E1
:1089C000C8BF461A3344E069A3613044E061FBF755
:1089D00015FFDFEDCE7A94ED0C9A94ED0A8AB4F887
:1089E0006E30D4ED0BAAA9EE278A13F4807F08BF5E
:1089F0000546E561B0EE480AE9EE27AAE7F758FD1B
:108A0000FDEEC07AA36917EE902A9B1A07EE903A02
:108A1000B0EE6A0AB8EEE7AAE7F74AFDE768BDEEEE
:108A2000C00AD7ED027A10EE103AF8EEE79AEB1A88
:108A3000F6EE008A00EE103A69EEA88AB8EEC00A97
:108A400038EEA8BA30EE280AF0EE4B0AE7F7FCFB46
:108A50009FEDAE7AD4ED0D7AB5EEC00A67EE877A57
:108A6000F1EE10FAA7EE8A8A48BF30EE0B0AF0EE5C
:108A7000690A70EE688AB0EE6A0AA7EEA80A84ED69
:108A80000A8AE7F7E1FBD4ED0E7A9FEDA07ADFEDDD
:108A9000A06A27EE877AB7EE00AAA7EE289ACAEE58
:108AA000298A67EEA67AB5EEC00AB0EEC97AF1EE71
:108AB00010FAF4EEC77A48BF30EE290AF1EE10FA48
:108AC000C8BF9FED949AD4ED147A84ED0B0AB6EEEC
:108AD000007A37EE677A68EE896A68EE807A28EE67
:108AE000288A37EE270AF0EE4A0A84ED128AC4ED8E
:108AF000136AC4ED147A84ED0C9ACCBF4FF00109CF
:108B00004FF00009E7F7A0FBD4F81080D4ED157AF8
:108B1000D8F81830B5EEC00ADB68F1EE10FAB6EE00
:108B2000007A93ED098A48BF30EE0A0A77EEC77AD9
:108B3000F0EE480A37EE800AE7F786FBB5EEC00A8A
:108B4000FB68F1EE10FA48BF30EE080AEB1A07EEA8
:108B5000903A84ED150AB9F1000F02D13B7D002B4C
:108B600078D1B6EE007AF0EE476A84ED087AD8F84C
:108B7000243097ED046A1B6A9FED670A5B689FEDDE
:108B8000678A5B0007EE103AF8EEE77A68EE808AB3
:108B900077EEC67AB8EEC77A77EEA67A27EE287A0D
:108BA000F0EE480AA7EE870AE7F74EFBB5EEC00ADB
:108BB000F1EE10FA48BF30EE080ABDEC088BDFED8D
:108BC000567A30EE670A40F201130120A4F85830BB
:108BD00084ED090ABDE8F8830023A0F85830082185
:108BE00004F11400FFF766F920694FF480715030EA
:108BF000FFF764F9BDEC088B0020BDE8F883D0EDE9
:108C0000190A90ED180AFBF791FDDFED457AE3694B
:108C100020EE270A41F68B01FDEEC07A17EE900A8E
:108C2000C01AFBF7EBFDE168A369896840F645428D
:108C3000904206467FF7C6AEA0F5C4560B3E3344BD
:108C4000C1E68369B0F85A60C268F61A36B2916814
:108C50003344B8E6002E25DD9FED2E7AF0EE476A0C
:108C600084ED087A83E7B7EE007A37EE677A9FEDF6
:108C7000276ADFED2C6AE7EE067AF4EEE67AF1EE8B
:108C800010FAC0ED117A7FF78AAEA0F85830802133
:108C90001430FFF70FF920694FF480715030FFF75F
:108CA0000DF97CE611D19FED196AD4ED086AE9EE61
:108CB000066AB7EE007AF4EEC76AF1EE10FA33DD19
:108CC00084ED087AF7EE006A51E74FF07E53236295
:108CD000F8E70223E0690621181AFBF78FFDE26826
:108CE000A3699168032806467FF76CAE861F33445C
:108CF00069E60323EEE70023ECE70123EAE7042318
:108D0000E8E70523E6E700BFCFF77F3F6F1203399F
:108D10006F12833800000000DB0F4940DB0FC940B1
:108D200000007A440AD7A33BF5EEC06AF1EE10FAD0
:108D3000C4ED086A90D41AE7C26892F82A301BB1D1
:108D40008369916800263EE6A0F85830102147E775
:108D500038B5037F044683B190ED047AD0ED066AFE
:108D6000D0ED057A37EE267AB4EEE77AF1EE10FA16
:108D7000D8BFF0EE477AC0ED047A2268937A33B315
:108D80001289657A931E9BB2062B22D918480121BD
:108D9000FAF7B6FA031E18BF0123AB4217BF9FEDC7
:108DA000157AD4ED047A84ED047AF0EE477A94EDE6
:108DB000057A6372B4EEE77AF1EE10FA06D823680A
:108DC000DB7A002808BF83F00103237238BD2372C9
:108DD00038BD0949062A31F8131005D0082A03D0F6
:108DE000052A03D10548D3E70548D1E70048CFE776
:108DF000000002400000000090DB02080008024072
:108E000000040240007A704703681B890022026157
:108E100063B170B59A1E92B2062A86B0044606D98E
:108E2000154E012579B9217706B070BD70471348FA
:108E3000062B30F812501AD0082B18D0052B18D159
:108E40000F4E0029EFD029463046FAF7A7F92368DC
:108E500001951B7B0022C3F10203304601A9039355
:108E60000292FAF779F80123237706B070BD054E18
:108E7000D8E7014ED6E700BF0000024090DB0208B1
:108E80000008024000040240036810B50446997AC5
:108E9000FFF7BAFF23689FED057AD3ED017AF8EE6C
:108EA000677A67EE877AC4ED067A10BD6F12833A4F
:108EB00010B500230022044601604260897A0281D5
:108EC000C3600361436183610277FFF79DFF024B3B
:108ED000A361204610BD00BF6F12033949B1D0ED28
:108EE000107A30EE270A012380ED100A80F8543002
:108EF0007047D0ED0C7A30EE270A012380ED100A7E
:108F000080F85430704700BF03691B6D2BB9C368EC
:108F100003F54053012283F87928704703781943F9
:108F20000170704703680B430360704791ED0B7A43
:108F3000DFED1D7AB4EEE77AF1EE10FAD8BFF0EE6D
:108F4000477A77EEA77AF5EE006A27EEA77A10B493
:108F500027EE267A4FF0000C0022144CC1604FF42B
:108F600080710460C0E90622C0E90822C0E90A2233
:108F70005DF8044B02610275C0F830C0C0F834C01F
:108F8000C0F838C0C0F83CC0C0F840C0C0F844C009
:108F9000C0F848C0A0F8541080F85620C0ED147AEC
:108FA00080ED137A704700BF0000FA44ECDB020842
:108FB0000023036343638363C3637047012910B5D0
:108FC00002460BD910211430FFF7A8FF10694FF4A7
:108FD00000715030FFF7A6FF002010BD0B48D3688A
:108FE00050F8210003F124010369D16203F1540414
:108FF00003F15801D461116203F1480403F14C01FB
:109000005933C2E909130120946110BD1C1B0020D3
:10901000036990ED0D1AD0ED0C0A10B50446986A5C
:109020004368D3ED022A93ED012AD3ED001A00F034
:1090300093FC2269926A00210023516384F8553021
:1090400010BD00BFD0E9031212690346D068D3ED0A
:10905000107A90ED027A01F5405C0CF67C0292EDFC
:10906000006A4A6BB8EEC77A37EEC00AC6EE076AE6
:1090700010B4B0EEC00AF4EEC06AF1EE10FA0CDBE8
:1090800001F56250D0ED006AC6EE877AF0EEE00A94
:10909000F4EEE07AF1EE10FA2ADCB2F5616F15D247
:1090A00007EE902A9FED197AF8EEE77A002267EE34
:1090B000877A032001240870002083F85440C3ED10
:1090C000107A5DF8044B5A649A64704703220A7060
:1090D0000024002201204C631A645A649A6483F8C5
:1090E000540083F856008CF879485DF8044B7047BB
:1090F000B2F5616F104628BF4FF4616001EB80004C
:109100009C6B01324A638463C7E700BFB4A2913904
:10911000C368DFED0C7A93ED0B7AB4EEE77AF1EEEB
:1091200010FAD8BFF0EE477A77EEA77AF5EE006A2C
:1091300027EEA77AC0ED147A67EE267AC0ED137A8F
:10914000704700BF0000FA442DE9F04F2DED068B6B
:10915000D0F8208085B004468946B8F1000F59D078
:1091600098F8003063BB9A469846A66A16B13678DE
:1091700006B1666ADFEDCA7AD4E9035BDBF810302A
:1091800005F5405793ED120A97F8792820EE279AB3
:10919000F2B193F8582012B193F859209AB92021CE
:1091A00004F11400FFF7BAFE4FF400710BF1500008
:1091B000FFF7B8FE002005B0BDEC068BBDE8F08FD0
:1091C000D0E906A8D1E7D3ED130A2046FFF73AFF0E
:1091D00095F8203083B195ED098A94ED100AF0EEF0
:1091E000480AE7F731F8B5EEC00AF1EE10FA48BFC9
:1091F00030EE080A84ED100A6B78072B00F2C2816A
:10920000DFE813F0BB01B00181015A01C001D400B5
:10921000AD000A00C246A8E797F89438012B00F287
:109220005582A04A95F800B052F823301B6907F622
:10923000980797ED008AD3ED127A93ED137A67EED3
:10924000887A28EE078AC4ED0C7A84ED0D8ABBF18A
:10925000020F00F2D580F7EE009A05F5405797F817
:109260009138D5ED047A8BB1B1EE677AB4EEC87A55
:10927000F1EE10FAD8BFB0EE487AF4EEC77AF1EE0C
:1092800010FA54BFB0EE478AB0EE678A97F892386A
:1092900083B1002E00F0BA81D5ED056A96ED007A13
:1092A00067EEA67AB0EEC77AF4EEC77AF1EE10FA5E
:1092B00000F1F881236995ED02AA5A6AD5ED03AA57
:1092C000136A93F82010032900F0AC8194F856300B
:1092D000D4ED0F8A23B197F88838002B40F0C9816C
:1092E000BBF1010F40F26E81002E00F08F8196EDF0
:1092F000007AD4ED0E7A38EE478A29EE887AEAEEC3
:10930000077A78EEA78A2369586AFDF7DBFFE368DE
:10931000F4EEC08AF1EE10FA1B78F1EE407A40F3D9
:109320003981B4EEE70AF1EE10FA00F12D81012B3C
:10933000F0EE407A40F22B8194ED0E7ADFED5A6A1E
:1093400027EE267A84ED0E7AB9F1000F01D0C9ED2F
:10935000007A012005B0BDEC068BBDE8F08FD5ED9D
:10936000077A9FED547A94ED0F6AD4ED126A94ED6A
:109370000D8A95F800B067EE877A76EEC66AF0EE51
:10938000E77AB1EE677AF4EEC76AF1EE10FA58BFE9
:10939000B0EE667AB4EEE77AF1EE10FAD8BFF0EEEE
:1093A000477A77EE867AC4ED0F7A50E794F8543016
:1093B000002B40F0828194F85530002B40F07481EE
:1093C0002369986A90ED0D0AD0ED0B7AB4EEE70AA6
:1093D000F1EE10FA40F37C81DFED357A94ED109ACE
:1093E000E5684FF0030B012385F800B0B0EE678A03
:1093F00084ED0C9AC4ED0D7AC4ED0F7A84F85530E3
:1094000095F82030002B00F02781B8F1000F00F014
:10941000FD80E76A94ED0C0AD7ED008AF0EE680A49
:10942000E6F712FFB5EEC00AF1EE10FA48BF30EED3
:10943000280AB6EE007A84ED0C0AD7ED008AD8ED42
:10944000007A68EE878A78EEA89A78EEE77AF0EEEE
:10945000690A37EE800AE6F7F7FEB5EEC00AF1EECC
:1094600010FA48BF30EE290A30EE680A05F5405779
:10947000D5ED017A97F89038A7EE808A002B00F09E
:109480009E8007F68C03D3ED007AB0EEC00AF4EEAE
:10949000C07AF1EE10FAC0F29280C0EE279ADEE6B2
:1094A000000061451C1B0020A4707D3FFFFFF945B3
:1094B000000000006F12033994ED0D8AD4ED117A8B
:1094C00094ED0C7A94ED146AD4ED106AD4ED135A2D
:1094D00095F800B077EEC87A76EEC76A67EE867ABE
:1094E0001FED0C6AE5EEA67AD5ED0A6AA7EE868A2C
:1094F00066EEA77AA8EE067AC4ED0F7A84ED0D8A9F
:1095000084ED0C7AA3E6D5ED067A1FED167A94ED7C
:109510000D8A1FED1A6A95F800B067EE877A94ED10
:10952000117AF0EEE77A37EE487AF1EE676AB4EE38
:10953000E67AF1EE10FA58BFF0EE476A95ED0A7A36
:10954000F4EEE67A27EE067AF1EE10FA58BFF0EE66
:10955000667A38EE278A67EE277A84ED0D8AC4EDA5
:109560000F7A74E6236C94ED118A2363A36C95F84B
:1095700000B084ED0D8AE36369E694ED0D8A95F8F9
:1095800000B064E602210BE6012B3FF6D5AE1FEDDD
:10959000387AD7E6F4EEE78AF1EE10FAF4D4012B2C
:1095A00040F288805FED3D7A94ED0E7A69EEA79ADD
:1095B000F0EE687A69EEAA9AA9EE887AC2E6F7EE2A
:1095C000009A4CE605F5405393F89338002B4DD0A4
:1095D000E6B1D5ED047AD6ED006A1FED4B8A37EE81
:1095E000A67A77EEE67A2AEE477A67EE8A7AF4EE82
:1095F000C78AF1EE10FA48BFF0EE478AF4EEE87A37
:10960000F1EE10FA48BFF0EE678A7CE6202104F103
:109610001400FFF783FC20694FF400715030FFF70E
:1096200081FCC7E5D2ED2D7A93ED117AF0EEE76A71
:10963000F4EEC76AF1EE10FA09D517EE903AB0EEE3
:10964000C77A002BB8BFB1EE477AF0EE477A8AEEC0
:1096500027AACAEEA7AA39E6BAF1000FD6D0DAEDEA
:10966000007A94ED0C0A30EE670AFFE61FED708A6F
:1096700049E6FDEEC97A4FF4616117EE900AFBF7F7
:10968000BDF820EAE070B0F5616FA8BF4FF46160EB
:1096900005EB8000D0ED0E7AE56878EEA78A95F8A4
:1096A00000B01DE60121B2E7E56894ED0D8A95F85A
:1096B00000B0CCE5F0EE687A69E794ED100A204638
:1096C000FFF7A6FC002384F8543074E6082167E510
:1096D00000F004FA2369E5689B6A1FED8A7AD3EDEE
:1096E0000D7A8DED031A77EE877A95ED0A7A84ED7F
:1096F0000C0A21EE071AC4ED0D0A84ED0F1A95F835
:1097000000B08DED010AB0EE409AB0EE608ACDED6A
:10971000020AC3ED0D7A9AE5037819430170704788
:1097200010B400220024C0E900410472047780F8DC
:109730003040C2605DF8044B0261426182610262A6
:1097400042628262C2627047D0E900325B6A90ED89
:109750000A5A196AD3ED1B6A93ED1A7A91ED076ADA
:1097600091ED053AD2ED027AD2ED004AD0ED080A29
:10977000D0ED0B5A90ED090A37EE264AF8EEC63ABC
:1097800037EE667AA3EE045A10B59FED6B6AF6EEDB
:10979000006A27EE237A64EEA64A67EEA77ADFED29
:1097A000676A27EE067A84EEA76A0446D1ED044A7A
:1097B000E5EE260AE7EE435A2DED088B64EE64AA27
:1097C000A5EEA60A27EE248A30EEEA7A70EE485A11
:1097D000E7EE477AD2ED018AE5EEE57A25EEA65A64
:1097E00066EE277A27EE267A78EEA88AD3ED255AF8
:1097F000D3F890308362E7EE270AA5EE270A28EE19
:10980000A6BAF7EE007A25EEA36AB4EE67BAF1EED7
:1098100010FAC0ED080A80ED090A80ED0B6A40F1EC
:1098200082809FED477AD0ED067A9FED46AAB0EE92
:10983000409A90ED040A30EE070AF0EE609AA7EE27
:10984000A60AF0EE4A0AE6F7FFFCB5EEC00AF1EE12
:1098500010FA48BF30EE0A0A9FED39AA70EE4A7A34
:1098600079EEEA0A39EE480AC4ED047AFAF75EFFA7
:1098700094ED049A9FED338ADFED329AF0EE407A50
:109880003AEE490AF0EE480A30EE270AC4ED037AB0
:10989000E6F7DAFCB5EEC00AF1EE10FA48BF30EE9A
:1098A000080ADFED277A30EE678A39EE270AF0EEF4
:1098B000690AABEE080AE6F7C7FC23689FED227A37
:1098C0005B6AD4ED067A1B6A9FED206AD3ED016ACC
:1098D00068EEA88AF8EEE66A68EE878AB5EEC00AF6
:1098E000E8EE287A01202077B7EE007AF1EE10FA40
:1098F000F4EEC76A48BF30EE290A27EE866AF1EE19
:1099000010FA58BFB0EE667AC6EE076ABDEC088B57
:109910009FED0B7AC4ED067A30EE470AC4ED056A76
:1099200084ED040A10BD08300121FFF7F5FEBDECFF
:10993000088B0020207710BD3ACD133F6F120339FA
:10994000DB0F4940DB0FC9406F12033883F9223E19
:109950000022C0E90021704721EE014AB6EE007AEC
:1099600024EE077A11EE103AC7EE227A002B10B5DA
:10997000044670EE605AF0EEE77AB8BFF1EE677A0F
:1099800075EEE77A2DED088BF5EEC07AF1EE10FA60
:10999000F0EE418AB0EE629AB0EE40AAF0EE609A24
:1099A000B0EE428A00F18A80F0EE653AF0EE417A3C
:1099B000F0EE616AB7EE00BAF4EEE71AF1EE10FAD3
:1099C00086EE897A36EEE86A84ED058A48BFB1EE04
:1099D000488AC6EE087A78EEA64A27EE266AB6EEE0
:1099E000003AA7EEA46AB1EE495A26EE036A48BFD0
:1099F00084ED058A66EE0B4A84ED075AF4EEE34ADD
:109A0000F1EE10FAC4ED066A84ED0A7AC4ED087A24
:109A10004FDD75EEA55ADFED30AAA5EE884A35EE8A
:109A2000480A25EE045AF0EE6A0A85EE000AE6F7C7
:109A3000F1FCF1EEC06AB0EE6A6A66EE8B6A76EE11
:109A4000E85A86EE897AC5EE887AC4ED066AF4EEA5
:109A5000EA7AF1EE10FAB4EEEA7AD8BFF0EE6A7A5A
:109A6000F1EE10FAD8BFB0EE6A7AC4ED087A84ED50
:109A70000A7AF6EE006A28EE268AF0EE685A76EE4A
:109A8000276AE8EE275A012036EE877AC4ED029A5B
:109A900084ED0B7A84ED03AAB0EE697AC4ED048AF2
:109AA000BDEC088BA5EEA77A84ED096A84ED0C7AEB
:109AB00010BD75EEC65A85EEA66ADAE770EEC03ABA
:109AC000B1EE428AB1EE629AF1EE616AF1EE417A4C
:109AD000BFEE00BA70E700BF00000000B5EEC00A9C
:109AE000F1EE10FA88B03DD4D0ED087AF4EEC07AE9
:109AF000F1EE10FA15DD90ED051AD0ED040A90EDA7
:109B0000027AF6EE007A61EE277AF0EE606AE0EE15
:109B1000276AE1EE000AA0EE267AB0EE470A08B006
:109B20007047D0ED096A77EEA66AF4EEC06AF1EEEE
:109B300010FA21DCD0ED0B7AF4EEC07AF1EE10FAD7
:109B400028DD90ED071A90ED037AF6EE006A70EECC
:109B5000677A61EE266A61EE270A66EEA76AA6EECC
:109B6000A77ADAE790ED027AD0ED040A9FED0D1A9C
:109B7000B0EE470A08B07047D0ED060A90ED0C7AB7
:109B80009FED081A70EE677AA0EEA77AB0EE470A4A
:109B900008B07047C1D89FED031A90ED037AF0EE3C
:109BA000410ABAE700000000BFF34F8F0549064B9A
:109BB000CA6802F4E0621343CB60BFF34F8F00BF6B
:109BC000FDE700BF00ED00E00400FA0508B5FFF76F
:109BD000EBFF00BF024B03EB810393ED000A7047DC
:109BE000AC8F0020024B1A6888181860704700BFBD
:109BF000BC8D002008B5FBF701FFFFF7D5FF00BFC4
:109C000089B206290FD008290DD0052907D00239BD
:109C100089B206290FD90A480121FBF723BA09485E
:109C20001021FBF71FBA0239074B084889B233F8F5
:109C30001110FBF717BA044B014833F81110F0E785
:109C40000000024000080240F4DB02080004024069
:109C500008B590F83030032B00D008BD90F83130B3
:109C6000042BFAD972B6024B024A1A60FFF79CFF26
:109C7000D4D60020EFBEADDE2DE9F04FB84E96F8F9
:109C800095309BB0002B00F0248114AC04220023FB
:109C90000125B44816952146CDE914234FF0080854
:109CA000F9F75AF9AF48CDF850802146F9F754F941
:109CB00010272146AC481497F9F74EF92846AB4DCA
:109CC000F6F7D2FD68230421A6482B70F9F718FB9C
:109CD0002B784146002818BF43F00103A1482B70A0
:109CE000F9F70EFB2B78003818BF012043EA400338
:109CF00039469D482B70F9F703FB031E287818BFDF
:109D0000012340EA83002870FAF772F99848F5F7C2
:109D1000FDFE9748D6F87C3143600126F5F7C6FE74
:109D2000032700238F4816932146CDE91467F9F7DE
:109D300013F902238B4814932146F9F70DF90423F4
:109D4000884814932146F9F707F9082385481493A6
:109D50002146F9F701F91023214683481493F9F7B6
:109D6000FBF81C2011F02BFC824A8349054610F0B9
:109D700095FB824B824ADFF834B21D60814B0A9218
:109D8000814C824A824FDFF828A20B92D8460026E7
:109D90009B46802011F013FC0A9A0C903B4604F17C
:109DA0000801FEF78FF8342011F009FC7542794B59
:109DB000129005F00C0903EB0901FFF7B1FC5820E4
:109DC00011F0FDFB43F6A40305EA0301724D119166
:109DD00069180D90FFF7AAF82C2011F0F0FB6F4DD9
:109DE000139005EB090204F13C01FDF7DBFF2C2089
:109DF00011F0E5FB59460E90FEF724F8EC2011F027
:109E0000DEFB3B4604F1480204F130010F90FDF700
:109E1000C7F8382011F0D3FB614949440546FFF7E4
:109E200097FD202011F0CBFB0B991090FFF740F825
:109E3000202011F0C4FB41468146FFF739F89020FD
:109E400011F0BDFB0695139D0395129D109B019586
:109E50000F9D0C9A079305950D9B0E9D04950293FB
:109E60000092CDF820905346224631460546FCF735
:109E700045F80A990C9A0E984A630F9ACBF820007D
:109E8000BA650B98109B03610A463832454B0A921B
:109E90000246143243F8265011990B92731C424A21
:109EA0000D98C8F81090022BCAF88050505004F159
:109EB000640407F15C070BF1240B08F114080AF1A4
:109EC000840A4FF001067FF464AF00201BB0BDE8A8
:109ED000F08FF5F745F914AC18E71C21284610F06F
:109EE00019FF11F019F89021284610F013FF11F016
:109EF00013F82021484610F00DFF11F00DF81098CE
:109F0000202110F007FF11F007F83821284610F043
:109F100001FF11F001F80F98EC2110F0FBFE10F09A
:109F2000FBFF0E982C2110F0F5FE10F0F5FF1398B2
:109F30002C2110F0EFFE10F0EFFF0D98582110F0DB
:109F4000E9FE10F0E9FF1298342110F0E3FE10F062
:109F5000E3FF0C98802110F0DDFE10F0DDFF00BF64
:109F6000901900200000024000080240A4D6002002
:109F7000300F0020EC150020C0050020181B002029
:109F8000500500202C1C002054DC0208280400206E
:109F90008004002038050020741C00206804002084
:109FA000500400201C1B0020145500200004002039
:109FB000241B002010B5064C2368586AFAF750FDA0
:109FC0006368586AFAF74CFDFAF7B2FDFEE700BF86
:109FD0001C1B002070B5334C94F8403003B970BDA1
:109FE000F7F722FB6064F3F74FFC2F4BA06418686F
:109FF0002E4D2F4EF7F7FCFD2B6880006065586CE6
:10A00000F7F7F6FD6B688000E064586CF7F7F0FD39
:10A01000284A830010682365F7F7EAFD264A830083
:10A020001068A365F7F7E4FD244A83001068E36530
:10A03000F7F7DEFD224A830010682366F7F7D8FDA4
:10A040003368800060669868F7F7D2FD3368D5E919
:10A050000012DB68926C656D80001B1AA066886C2C
:10A06000E16CC4F88830174B401A216D1B68521AF6
:10A0700015495B1BC4E91B020968A06D6367134B9C
:10A08000134A1B68134D1268081AE16D591AC4E986
:10A090001E01D4E918012B68121A5B1AC4E92023A7
:10A0A00070BD00BF90190020B0CF00201C1B002005
:10A0B000181B002074D50020D4D4002048090020AB
:10A0C000440900201C80030874990308F8980308C9
:10A0D000C0D80208BCD8020838B5234DFAF7AAFE4A
:10A0E00095F89430002B35D1204C02F0CFFEFBF7D1
:10A0F00091FA23681869C3681B88DA0530D463684D
:10A100001869C3681B88DB0527D42368586AFCF7E5
:10A11000E5FF23681869FEF7EDFB63681869FEF731
:10A12000E9FB2068FBF74CFE6068FBF749FEFAF795
:10A13000D1FD40F2DC50F6F797FB2068FBF742FEBA
:10A140006068FBF73FFEFBF723FB0123002085F847
:10A15000403038BDF7F722F8C6E7FEF785FBD4E7B5
:10A16000FEF782FBCBE700BF901900201C1B0020EC
:10A170002DE9F04F85B00C461E46DDE90F89DDE97B
:10A1800011AB0E9F01901546FBF756FC47F24D535D
:10A190009842019940F2CF8147F24E500191FBF76E
:10A1A00085FC002840F0C7814AF6CC330199ADF810
:10A1B0000E30EC22FBF7A8FC002840F0BC8101998E
:10A1C000BDF80EC001F1EC0E43F6655011F8013BED
:10A1D0008CEA032C08230FFA8CF24FEA4C0C002A6D
:10A1E00003F1FF331FFA8CFCB8BF8CEA000C13F0AC
:10A1F000FF03F0D18E45E9D108222146EC20ADF8CD
:10A200000EC0FBF781FC002840F09581BDF80E30B0
:10A2100004F1080C43F6655014F8012B83EA02237D
:10A22000082219B25B00002902F1FF329BB2B8BFCD
:10A23000434012F0FF02F4D16445EDD1702229466B
:10A24000F420ADF80E30FBF75FFC002840F073817E
:10A25000BDF80E3005F1700443F6655015F8012B7A
:10A2600083EA0223082219B25B00002902F1FF32BF
:10A270009BB2B8BF434012F0FF02F4D1A542EDD12A
:10A28000182231464FF4B270ADF80E30FBF73CFCAB
:10A29000002840F05081BDF80E3006F1180443F656
:10A2A000655016F8012B83EA0223082219B25B00DD
:10A2B000002902F1FF329BB2B8BF434012F0FF0207
:10A2C000F4D1A642EDD147F2481239464FF4BE70A0
:10A2D000ADF80E30FBF718FC002840F02C8107F594
:10A2E000E244BDF80E30483443F6655017F8012BB0
:10A2F00083EA0223082219B25B00002902F1FF322F
:10A300009BB2B8BF434012F0FF02F4D1A742EDD197
:10A31000B822414647F2C420ADF80E30FBF7F4FBFB
:10A32000002840F00881BDF80E3008F1B80443F66B
:10A33000655018F8011B082283EA012319B25B005B
:10A34000002902F1FF329BB2B8BF434012F0FF0276
:10A35000F4D1A045EDD11822494647F27C30ADF842
:10A360000E30FBF7D1FB002840F0E580BDF80E3041
:10A3700009F1180443F6655019F8011B082283EA15
:10A38000012319B25B00002902F1FF329BB2B8BF72
:10A39000434012F0FF02F4D1A145EDD148225146CD
:10A3A00047F29430ADF80E30FBF7AEFB002840F0DA
:10A3B000C280BDF80E300AF1480443F665501AF821
:10A3C000011B082283EA012319B25B00002902F174
:10A3D000FF329BB2B8BF434012F0FF02F4D1A24556
:10A3E000EDD11822594647F2DC30ADF80E30FBF7BC
:10A3F0008BFB002840F09F80BDF80E300BF1180455
:10A4000043F665501BF8011B082283EA012319B2A9
:10A410005B00002902F1FF329BB2B8BF434012F04B
:10A42000FF02F4D1A345EDD11399ADF80E302822E7
:10A4300047F2F430FBF768FB00287CD1139ABDF893
:10A440000E3002F1280443F66550154615F8011B3D
:10A45000082283EA012319B25B00002902F1FF32CE
:10A460009BB2B8BF434012F0FF02F4D1A542EDD138
:10A470001499ADF80E30282247F21C40FBF744FB3C
:10A48000002858D1149ABDF80E3002F1280443F682
:10A490006550154615F8011B082283EA012319B2FD
:10A4A0005B00002902F1FF329BB2B8BF434012F0BB
:10A4B000FF02F4D1A542EDD11599ADF80E304FF45D
:10A4C000847247F24440FBF71FFBA0BB159ABDF80E
:10A4D0000E3002F5847443F66550154615F8011BDD
:10A4E000082283EA012319B25B00002902F1FF323E
:10A4F0009BB2B8BF434012F0FF02F4D1A542EDD1A8
:10A5000001220DF10F0147F24C50ADF80E30FBF770
:10A51000FBFA80B901220DF10E0147F24D50FBF715
:10A52000F3FA40B9FBF774FB003818BF0120404232
:10A5300005B0BDE8F08F4FF0FF3005B0BDE8F08FFB
:10A5400010B5134A134C1448144B154988B0CDE983
:10A550000624CDE90430134A1348144C144BCDE9BA
:10A560000221CDE90004134A13491448FFF700FE05
:10A5700028B9134B012283F8802108B010BD11487F
:10A58000E6F78AFD052008B0BDE81040F6F76CB983
:10A5900000040020241B0020280400205004002078
:10A5A0002C1C002068040020741C00208004002063
:10A5B0003805002050050020C0050020241A002086
:10A5C0009019002074C202082DE9F04F85B00D46A5
:10A5D0001646DDE90F9ADDF8388001901F46DDE967
:10A5E00011B3FBF723FA47F24D529042129B0199A7
:10A5F00040F2DB814AF6CC34EC2200201293ADF815
:10A600000E400191FBF72AFA002840F0CE81019913
:10A61000129B01F1EC0E43F6655C11F8012B84EA04
:10A620000224082220B26400002802F1FF32A4B202
:10A63000B8BF84EA0C0412F0FF02F3D18E45ECD1CE
:10A6400008222946EC201293ADF80E40FBF706FADB
:10A65000002840F0AA81129B05F1080C43F66550D2
:10A6600015F8012B84EA0224082221B26400002993
:10A6700002F1FF32A4B2B8BF444012F0FF02F4D19D
:10A68000AC45EDD170223146F4201293ADF80E4066
:10A69000FBF7E4F9002840F08881129B06F1700571
:10A6A00043F6655016F8012B84EA0224082221B2F1
:10A6B0006400002902F1FF32A4B2B8BF444012F096
:10A6C000FF02F4D1B542EDD1182239464FF4B270F1
:10A6D0001293ADF80E40FBF7C1F9002840F06581F8
:10A6E000129B07F1180543F6655017F8012B84EA11
:10A6F0000224082221B26400002902F1FF32A4B230
:10A70000B8BF444012F0FF02F4D1BD42EDD147F290
:10A71000481241464FF4BE701293ADF80E40FBF75D
:10A720009DF9002840F0418108F5E245129B48352B
:10A7300043F6655018F8012B84EA0224082221B25E
:10A740006400002902F1FF32A4B2B8BF444012F005
:10A75000FF02F4D1A845EDD1B822494647F2C42002
:10A760001293ADF80E40FBF779F9002840F01D81F7
:10A77000129B09F1B80543F6655019F8011B082230
:10A7800084EA012421B26400002902F1FF32A4B25C
:10A79000B8BF444012F0FF02F4D1A945EDD1182210
:10A7A000514647F27C301293ADF80E40FBF756F954
:10A7B000002840F0FA80129B0AF1180543F6655014
:10A7C0001AF8011B082284EA012421B2640000293E
:10A7D00002F1FF32A4B2B8BF444012F0FF02F4D13C
:10A7E000AA45EDD14822594647F294301293ADF86C
:10A7F0000E40FBF733F9002840F0D780129B0BF195
:10A80000480543F665501BF8011B082284EA012421
:10A8100021B26400002902F1FF32A4B2B8BF444063
:10A8200012F0FF02F4D1AB45EDD11822194647F2E0
:10A83000DC30ADF80E401293FBF710F9002840F021
:10A84000B480129B43F6655003F1180513F8011B01
:10A85000082284EA012421B26400002902F1FF32B7
:10A86000A4B2B8BF444012F0FF02F4D1AB42EDD124
:10A870001399ADF80E40282247F2F430FBF7EEF8BA
:10A88000002840F09280139B43F6655103F12800A5
:10A890001D4615F8012B082384EA022422B2640025
:10A8A000002A03F1FF33A4B2B8BF4C4013F0FF03FA
:10A8B000F4D18542EDD11499ADF80E40282247F22B
:10A8C0001C40FBF7CBF800286FD1149B43F6655171
:10A8D00003F128001D4615F8012B082384EA022401
:10A8E00022B26400002A03F1FF33A4B2B8BF4C4087
:10A8F00013F0FF03F4D18542EDD11599ADF80E4068
:10A900004FF4847247F24440FBF7A8F800284CD17A
:10A91000159B43F6655103F584701D4615F8012B10
:10A92000082384EA022422B26400002A03F1FF33E0
:10A93000A4B2B8BF4C4013F0FF03F4D18542EDD16F
:10A9400002220DF10E0147F24C50ADF80E40FBF71C
:10A9500085F850BB9DF80E30082284EA032343F6A5
:10A96000655019B25B00002902F1FF329BB2B8BFFB
:10A97000434012F0FF02F4D19DF80F10082283EA41
:10A98000012343F6655019B25B00002902F1FF3242
:10A990009BB2B8BF434012F0FF02F4D1003B18BF96
:10A9A0000123584205B0BDE8F08F4FF0FF3005B0ED
:10A9B000BDE8F08F2DE9F04F2DED088BADF5635D0F
:10A9C0008DB0FAF7E1FF002800F0DC81C44B119351
:10A9D000C44B0F93C44B109313AC00250DF50F63BC
:10A9E000A3F67C0060222946C4E900556561E8F7BA
:10A9F00093FB6022294635A8E8F78EFBBB4B236109
:10AA0000A361E3614FF0FF432362B94B636201230B
:10AA10002370A3704FF08043A3604FF08243E36044
:10AA20004FF4E133C4F8E830EC22B248DFF8348365
:10AA30009FEDB1BADFEDB1AA9FEDB1AADFEDB18A0A
:10AA4000DFEDB19A2146E5F73DFEB04BB04A1D71EE
:10AA50001A60B04B0D93B04B0993B04B0C93B04BB5
:10AA60000B93B04B0A93B04B0E93A94613AC38220C
:10AA700000212046E8F750FBAC4BE3620126042599
:10AA80004FF40053258684ED08AAC4ED098A267187
:10AA9000267584ED06BAC4ED07AAA360A446BCE8F7
:10AAA0000F000D9FDFF8C0A2DFF8C0B20FC7BCE8EF
:10AAB0000F000FC7BCE80F000FC79CE80300099BFD
:10AAC00087E80300C3ED008AC3ED018AC3ED029A53
:10AAD00043F6A40200212046E8F71EFB944BA36036
:10AAE00004F54053934A83F88868E260924A6261B1
:10AAF000924AE2614FF07E57B0EE008A904AA76119
:10AB0000676284ED048A84ED0B8AC3F8912840F2D1
:10AB1000031222804FF07A52226303F67C02B3EED6
:10AB2000049A84ED019A176004F562522146176079
:10AB300003F684020C98176003F68C0208F10C08E7
:10AB4000C2F800A003F698021760FF2283F89C2841
:10AB500043F6A402E5F7B6FD5C2200212046E8F7A3
:10AB6000DBFA784BA3614FF0FF43E362764B23633C
:10AB7000764B2364072367656360754FC4F808A0AC
:10AB80004FF08243A362C4F824A0C4F844A0C4F8E0
:10AB900048A0C4F850A0C4F838B0E7635C2221464E
:10ABA0000B9884ED038AC4ED0D8AE5F78BFD0A99B5
:10ABB0002422C1F800B04F600E7220460021E8F751
:10ABC000ABFA25821098A761C9F10005C4F814B04A
:10ABD0004FF07C5305F02407A44648F8083C48F899
:10ABE000043C0744BCE80F000FC7BCE80F000FC7C8
:10ABF00008ED038ADCF800303B6084220021204607
:10AC0000E8F78AFA19A8FBF7A3F820A8FBF7BAF827
:10AC10004FF06A53A3604F4B63654F4BC4F850A08D
:10AC2000A365DDF838A04D4B236664210A238422F6
:10AC3000C4E91D13C4F864B0C4F87CB02146504682
:10AC400084ED179AE5F73EFD454B05F06400184486
:10AC50005146FBF7F1F85146C4F800902046FBF747
:10AC6000EFF80D9F099A0F9938370D9702F10C07ED
:10AC700009970B9F0A9A5C370B9702F10C07524613
:10AC800084320E920C9A0A97002305F01405E360B3
:10AC90002360A3604F1902F54053119926734FF0BA
:10ACA000320A02F56252C4F804A02432A44683F8A2
:10ACB0009C980D440C92BCE80F000FC70023E36082
:10ACC000A64626733B601F46BEE80F000FC509EB82
:10ACD000060BBBF1020FB1462F607FF4C7AE47E011
:10ACE00000040020280400202C1C002015AE6F4218
:10ACF000BD3786B5241A00200AD7A33CDB0F494292
:10AD0000DB0F494100007A440118CF3AC00500200A
:10AD100090D003005005002038050020741C00204E
:10AD20008004002068040020241B00200100030090
:10AD3000ABAA2A3EABAAAA3E9A99993F0AD7233CCE
:10AD4000010101FF0AD7233D00007042C74B6B4150
:10AD50000000F042CDCCCC3EDB0F49400000204249
:10AD600054DC020850040020000020410000C842CA
:10AD7000184B93F880010DF5635D0DB0BDEC088BA9
:10AD8000BDE8F08F1449154A1548164B164C119121
:10AD9000CDE90612154A0F90CDE90430CDE9022421
:10ADA000134B144A01930092134B144A144915484B
:10ADB0001094FFF709FC00287FF40EAE054B01202C
:10ADC00083F880010DF5635D0DB0BDEC088BBDE827
:10ADD000F08F00BF9019002000040020241B0020E9
:10ADE00028040020500400202C1C002068040020AF
:10ADF00080040020741C002038050020500500202D
:10AE0000C0050020241A00202DE9F84F814A824B0A
:10AE1000DFF87482DFED817ADFF870B2DFF870A2BC
:10AE2000DFF870927E4F40F2031EB3EE047A4FF0CB
:10AE3000000C4FF080444FF07E5100254FF07A56C1
:10AE400099615962A3F800E083ED017AC3ED027ABB
:10AE5000C3F80CB01C61C3F814A0C3F81C90C3F86D
:10AE600028C0DC6283F820505D631E6343F6A400B3
:10AE700042F8281C42F8241C42F8201C42F80C1C02
:10AE8000FF2102F8101C02F8081C0344012102F8FB
:10AE90001C1C4345634922F82C5C42F8147C42F8A0
:10AEA000181C0244C7D1604B604C614E614ADFF808
:10AEB000E8A1DFF8E891DFF8E8815E6104211982FA
:10AEC00099869A611D779E63DA6383F840504FF04C
:10AED0006A5B04F58477842200212046E8F71CF998
:10AEE00004F11800C4F808B0FAF732FF04F1340096
:10AEF000FAF748FF4B4A504B2265E36564220A2368
:10AF0000C4F854A0C4F85890C4F860806666A4F8E9
:10AF1000685084F86A50E56684F87050E667C4F8B3
:10AF20008050C4E91D238434BC42D4D1434C4FF437
:10AF3000C47200212046E8F7EFF8414A414B2260F5
:10AF40001A7841484149FE2AC4E907014049A162F3
:10AF50004FF07E50606253D0002A4DD040F2036320
:10AF6000238638223B4B3C491D783C48002362F342
:10AF700007030A783A490078097884F83610394985
:10AF8000E1633949C4F88C1065F30F233749C4F8DD
:10AF9000901060F317434FF080414FF0FF4062F391
:10AFA0001F63C4F8B40001223148C4F89C104FF06C
:10AFB0008241304DA063C4F8323084F894202E4B87
:10AFC00084F89620C4F8A010602200212B48C4F811
:10AFD000B830C4F8A450C4F8AC50C4F8B050E8F786
:10AFE0009BF8274860220021E8F796F84FF4E133F8
:10AFF000C4F87C31BDE8F88F1B7CFE2BAED1214B11
:10B00000E362DA7884F830201A7984F831205A79AA
:10B01000A8E700BF18550020741C0020ABAA2A3EE8
:10B0200000010101000020412C1C0020241B0020F5
:10B030000000C8420000F0420000A041901900202A
:10B0400038DC02080078FF1FCC03002080190020A4
:10B05000C8CF00208B9A0308899A03088A9A0308AC
:10B06000889A03087C19002068D50020A4D6002007
:10B070007D19002015AE6F42BD3786B54C1A0020F1
:10B08000AC1A00201078FF1FBC8D0020ABAAAA3E8E
:10B090009A99993F0AD7233CCDCCCC3EDB0F49404F
:10B0A00000002042104B00B586460FCB85B08DE8DE
:10B0B0000F00DEF80C10DEF82420CB6EB2F864200E
:10B0C00091F870E08DF804E05B0103330093074BC7
:10B0D0008DF80720100A8DF80800694618680FF0EF
:10B0E00035FA05B05DF804FB08BD0208181B002006
:10B0F0000F4B00B586460FCB85B08DE80F00DEE91B
:10B100000321D36E92F870E08A8A8DF804E05B0127
:10B1100004330093074B8DF80720100A8DF80800C0
:10B12000694618680FF012FA05B05DF804FB00BF1D
:10B1300008BD0208181B00200E4B00B586460FCB39
:10B1400085B08DE80F00DEF80C20DEF81400D36E19
:10B15000094992F870E0027A08688DF804E05B0112
:10B160000533694600938DF807200FF0EFF905B01D
:10B170005DF804FB08BD0208181B00201A4B00B53F
:10B1800086460FCB85B08DE80F00DEF80C20DEF888
:10B190001430D06E92F870E01A695B698DF8072060
:10B1A0004001153000904FEA122C10488DF808C06D
:10B1B0004FEA124C120E8DF80B308DF809C08DF845
:10B1C0000A204FEA132C1A0C69461B0E00688DF8F2
:10B1D00004E08DF80CC08DF80D208DF80E300FF0C6
:10B1E000B5F905B05DF804FB08BD0208181B002086
:10B1F0000F4B00B586460FCB85B08DE80F00DEE91A
:10B20000031291F870E0CB6ED169CDF80B100949AB
:10B2100092690868CDF807205B010A3369460093FC
:10B220008DF804E00FF092F905B05DF804FB00BF63
:10B2300008BD0208181B00200C4B10B5C4680FCBCA
:10B2400084B08DE80F00E36E09490A4A94F8704013
:10B25000126808688DF804405B0117336946009353
:10B26000CDF807200FF072F904B010BD08BD020838
:10B27000181B0020CC03002003680B4303607047B9
:10B280001A4B00B586460FCB85B08DE80F00DEE97E
:10B290000303C16E9A6C90F870E0DB6C8DF80720A8
:10B2A000490101F1090000904FEA122C10488DF875
:10B2B00008C04FEA124C120E8DF80B308DF809C001
:10B2C0008DF80A204FEA132C1A0C69461B0E0068F1
:10B2D0008DF804E08DF80CC08DF80D208DF80E303F
:10B2E0000FF034F905B05DF804FB00BF08BD02089B
:10B2F000181B002030B58469D1F807309FED137A10
:10B3000085B023648C460FC98DE80F00DDF80B3043
:10B310001BB207EE903AF8EEE77A012567EE877ADE
:10B32000EE46C4ED117A9CE80F008DE80F00DDF8C1
:10B330000B3084F854501B1407EE903AF8EEE77A7D
:10B3400067EE877AC4ED127A05B030BD6F12833A8A
:10B350001C4B00B586460FCB85B08DE80F00DEF89C
:10B360000C00DEF82430C16ED3F89C2090F870E019
:10B37000D3F8A0308DF80720490101F114000090A6
:10B380004FEA122C10488DF808C04FEA124C120EEA
:10B390008DF80B308DF809C08DF80A204FEA132C78
:10B3A0001A0C69461B0E00688DF804E08DF80CC07D
:10B3B0008DF80D208DF80E300FF0C8F805B05DF84F
:10B3C00004FB00BF08BD0208181B00208F4B2DE9AD
:10B3D000F041D3E90061F3680468CA680546D86E95
:10B3E000D76EB0EB541F4FEA541C43D0674501D0D1
:10B3F000BDE8F081287992F870309842F8D10E4675
:10B40000336804F01F041B683046023C9847162C32
:10B41000EED801A353F824F0D9B50108C7B5010847
:10B42000B5B50108A3B5010899B501088FB50108A4
:10B43000F1B3010885B5010873B5010861B50108CC
:10B4400055B5010845B501083BB501082FB5010800
:10B4500023B5010817B5010805B50108F9B40108BD
:10B46000EFB40108DFB40108E9B50108CFB4010861
:10B47000A7B4010893F870002B79984206D067456D
:10B48000B6D192F870209A42B2D1B8E76745B7D1E9
:10B4900092F870308342B3D15D4BBDE8F04118683B
:10B4A00001210FF0FBB833685A4A5B68934240F0C1
:10B4B000A880D6E90501746A32690023A4F86430D3
:10B4C0000B750021037293825164336590E76B79A9
:10B4D000002B8DD03046BDE8F041FFF7ADBE6B7953
:10B4E000002B85D03046BDE8F041FFF747BE30461F
:10B4F000BDE8F041FFF72CBFB369D5F80720DB6842
:10B500009A6275E7B36AD5F807205B685A60D5F888
:10B510000B209A606CE7B36AD5F807205B681A6065
:10B5200066E7B0690368BDE8F0415B681847B36936
:10B53000D5F80720DB681A615AE7B369D5F8072008
:10B540009A6455E7B369D5F807205A64D5F80B20FB
:10B550009A644DE729463046BDE8F041FFF7CABE80
:10B56000B369D5F80720DB681A70D5F80B205A703C
:10B570003EE76B79002B3FF43BAF3046BDE8F0412E
:10B58000FFF736BE3046BDE8F041FFF779BED5F88B
:10B59000073086F866302BE7F368D5F80720DA66BF
:10B5A00026E76B79002B3FF423AF3046BDE8F0412E
:10B5B000FFF7C2BD6B79002B3FF41AAF3046BDE8F0
:10B5C000F041FFF795BD6B79002B3FF411AF30468A
:10B5D000BDE8F041FFF766BD06F150004FF4804131
:10B5E000BDE8F041FFF748BEBFF34F8F0A490B4B50
:10B5F000CA6802F4E0621343CB60BFF34F8F00BF11
:10B60000FDE73046BDE8F041184700BF1C1B002095
:10B61000181B0020915C010800ED00E00400FA0511
:10B62000104B00B586460FCB85B08DE80F00DEF8D5
:10B630000C20DEF85010D36EDEF87400CDF8071041
:10B64000094992F870E0027808688DF804E05B011F
:10B650000133694600938DF80B200EF077FF05B09B
:10B660005DF804FB08BD0208181B0020002070478D
:10B67000002070470020704790ED000A704700BF1F
:10B6800090ED000A704700BF80ED000A704700BFD0
:10B69000D0E90001704700BF00787047007870471C
:10B6A0000078704701707047006870470068704705
:10B6B00001607047006882B002B0704782B00160DC
:10B6C00002B07047006870470160704700787047AB
:10B6D00000787047017070470078704700787047B5
:10B6E000017070470088704701807047007870478C
:10B6F0000088704700887047006870470160704795
:10B70000007870470170704700787047017070478B
:10B71000007870470170704700787047017070477B
:10B72000007870470170704700887047018070474B
:10B730000068704700887047018070470088704734
:10B74000018070470078704701707047007870473B
:10B7500001707047007870470170704782B010B573
:10B7600002A981E80C00044610220021E7F7D4FC6E
:10B770002046BDE8104002B0704700BFA1F10801AB
:10B78000ECE700BF82B010B502A981E80C000446C6
:10B7900010220021E7F7C0FC2046BDE8104002B0AF
:10B7A000704700BFA1F10801ECE700BF82B010B5FF
:10B7B00002A981E80C00044610220021E7F7ACFC46
:10B7C0002046BDE8104002B0704700BFA1F108015B
:10B7D000ECE700BF82B010B502A981E80C00044676
:10B7E00010220021E7F798FC2046BDE8104002B087
:10B7F000704700BFA1F10801ECE700BF82B010B5AF
:10B8000002A981E80C00044610220021E7F784FC1D
:10B810002046BDE8104002B0704700BFA1F108010A
:10B82000ECE700BF82B010B502A981E80C00044625
:10B8300010220021E7F770FC2046BDE8104002B05E
:10B84000704700BFA1F10801ECE700BF82B010B55E
:10B8500002A981E80C00044610220021E7F75CFCF5
:10B860002046BDE8104002B0704700BFA1F10801BA
:10B87000ECE700BF82B010B502A981E80C000446D5
:10B8800010220021E7F748FC2046BDE8104002B036
:10B89000704700BFA1F10801ECE700BF82B010B50E
:10B8A00002A981E80C00044610220021E7F734FCCD
:10B8B0002046BDE8104002B0704700BFA1F108016A
:10B8C000ECE700BF82B010B502A981E80C00044685
:10B8D00010220021E7F720FC2046BDE8104002B00E
:10B8E000704700BFA1F10801ECE700BF82B010B5BE
:10B8F00002A981E80C00044610220021E7F70CFCA5
:10B900002046BDE8104002B0704700BFA1F1080119
:10B91000ECE700BF82B010B502A981E80C00044634
:10B9200010220021E7F7F8FB2046BDE8104002B0E6
:10B93000704700BFA1F10801ECE700BF82B010B56D
:10B9400002A981E80C00044610220021E7F7E4FB7D
:10B950002046BDE8104002B0704700BFA1F10801C9
:10B96000ECE700BF82B010B502A981E80C000446E4
:10B9700010220021E7F7D0FB2046BDE8104002B0BE
:10B98000704700BFA1F10801ECE700BF82B010B51D
:10B9900002A981E80C00044610220021E7F7BCFB55
:10B9A0002046BDE8104002B0704700BFA1F1080179
:10B9B000ECE700BF82B010B502A981E80C00044694
:10B9C00010220021E7F7A8FB2046BDE8104002B096
:10B9D000704700BFA1F10801ECE700BF00207047ED
:10B9E00082B010B502A981E80C00044610220021A3
:10B9F000E7F792FB2046BDE8104002B0704700BF59
:10BA0000A1F10801ECE700BF00207047A0F104009D
:10BA1000FAE700BF82B010B502A981E80C00044625
:10BA200010220021E7F778FB2046BDE8104002B065
:10BA3000704700BFA1F10801ECE700BF82B010B56C
:10BA400002A981E80C00044610220021E7F764FBFC
:10BA50002046BDE8104002B0704700BFA1F10801C8
:10BA6000ECE700BF82B010B502A981E80C000446E3
:10BA700010220021E7F750FB2046BDE8104002B03D
:10BA8000704700BFA1F10801ECE700BF08B50B4B00
:10BA900001221A700EF064FB0EF07EFC084B93F846
:10BAA000953033B10EF068FE4FF47A70F4F7DCFE97
:10BAB000FAE7044B18680EF005FDF5E7ACCF00205F
:10BAC00090190020181B002010B582B00C4601AA66
:10BAD0000549E4F7E5FE012806BF9DF80430237010
:10BAE000002002B010BD00BF94C2020830B40C4C5C
:10BAF0000C4D43F6655114F8012B082380EA02200F
:10BB000002B24000002A03F1FF3380B2B8BF4840C0
:10BB100013F0FF03F4D1AC42EDD130BC704700BF4D
:10BB200080EA02081A80030837B51D46D1E90003F0
:10BB30001446984710EE100AECF766FB044ACDE96C
:10BB4000000129462046E4F75BFD012003B030BD2B
:10BB50002CDD0208A0F10400E6E700BF10B5D1E932
:10BB60000003144698470023303020706370012092
:10BB700010BD00BFA0F10400F0E700BF70B51E4685
:10BB8000D1E9000315469847034A03463146284643
:10BB9000E4F736FD012070BD2FDD0208A0F104009E
:10BBA000ECE700BF08B5D1E900039847002008BDC5
:10BBB000A0F10400F6E700BF70B51E46D1E900030E
:10BBC00015469847034A034631462846E4F718FDD0
:10BBD000012070BD33DD0208A0F10400ECE700BFD6
:10BBE00070B51E46D1E9000315469847034A03463F
:10BBF00031462846E4F704FD012070BD37DD020818
:10BC0000A0F10400ECE700BF70B51E46D1E90003C7
:10BC100015469847034A034631462846E4F7F0FCA8
:10BC2000012070BD3ADD0208A0F10400ECE700BF7E
:10BC300070B51E46D1E9000315469847034A0346EE
:10BC400031462846E4F7DCFC012070BD37DD0208F0
:10BC5000A0F10400ECE700BF70B51E46D1E9000377
:10BC600015469847034A034631462846E4F7C8FC80
:10BC7000012070BD3ADD0208A0F10400ECE700BF2E
:10BC800070B51E46D1E9000315469847034A03469E
:10BC900031462846E4F7B4FC012070BD3EDD0208C1
:10BCA000A0F10400ECE700BF70B51E46D1E9000327
:10BCB00015469847034A034631462846E4F7A0FC58
:10BCC000012070BD37DD0208A0F10400ECE700BFE1
:10BCD00070B51E46D1E9000315469847034A03464E
:10BCE00031462846E4F78CFC012070BD37DD0208A0
:10BCF000A0F10400ECE700BF70B51E46D1E90003D7
:10BD000015469847034A034631462846E4F778FC2F
:10BD1000012070BD37DD0208A0F10400ECE700BF90
:10BD200070B51E46D1E9000315469847034A0346FD
:10BD300031462846E4F764FC012070BD37DD020877
:10BD4000A0F10400ECE700BF70B51E46D1E9000386
:10BD500015469847034A034631462846E4F750FC07
:10BD6000012070BD37DD0208A0F10400ECE700BF40
:10BD700070B51E46D1E9000315469847034A0346AD
:10BD800031462846E4F73CFC012070BD3ADD02084C
:10BD9000A0F10400ECE700BF70B51E46D1E9000336
:10BDA00015469847034A034631462846E4F728FCDF
:10BDB000012070BD3ADD0208A0F10400ECE700BFED
:10BDC00070B51E46D1E9000315469847034A03465D
:10BDD00031462846E4F714FC012070BD37DD020827
:10BDE000A0F10400ECE700BF70B51E46D1E90003E6
:10BDF00015469847034A034631462846E4F700FCB7
:10BE0000012070BD37DD0208A0F10400ECE700BF9F
:10BE100070B51E46D1E9000315469847034A03460C
:10BE200031462846E4F7ECFB012070BD37DD0208FF
:10BE3000A0F10400ECE700BF10B50446E4F712FBE4
:10BE4000FCEEC07A17EE903A237010BD4068704740
:10BE5000FFF7FCBF807A7047FFF7FCBF008970478F
:10BE6000FFF7FCBF90ED090A70470000FFF7FABF2B
:10BE7000C0787047FFF7FCBF808D7047FFF7FCBFAD
:10BE800090F8280070470000FFF7FABF80787047ED
:10BE9000FFF7FCBF90ED0B0A70470000FFF7FABFF9
:10BEA00090ED100A70470000FFF7FABF90ED0D0A01
:10BEB00070470000FFF7FABF90ED050A70470000D9
:10BEC000FFF7FABF90ED040A70470000FFF7FABFD2
:10BED00000787047FFF7FCBF008A7047FFF7FCBF90
:10BEE000808A7047FFF7FCBF408A7047FFF7FCBFAE
:10BEF00010B52DED028B0C46E4F7B4FAD4E900033B
:10BF0000B0EE408A9847BCEEC80A2068A36810EEDD
:10BF1000102A91B29847BDEC028B012010BD10B5DC
:10BF20002DED028B0C46E4F79DFAD4E90003B0EE48
:10BF3000408A9847FDEEC87A2068A36817EE901AE9
:10BF40009847BDEC028B012010BD10B52DED028B82
:10BF50000C46E4F787FAD4E90003B0EE408A98472C
:10BF6000FCEEC87A2068A36817EE901A9847BDECDB
:10BF7000028B012010BD10B52DED028B0C46E4F7AD
:10BF800071FAD4E90003B0EE408A9847FCEEC87A13
:10BF90002068A36817EE901A9847BDEC028B012029
:10BFA00010BD10B50C462DED028BD1E90003B0EEAB
:10BFB000408A98472068A368B0EE480A9847BDECCD
:10BFC000028B012010BD406870470000FFF7FBBFE7
:10BFD000807A7047FFF7FCBF00897047FFF7FCBF0E
:10BFE00090ED090A70470000FFF7FABFC07870476C
:10BFF000FFF7FCBF808D7047FFF7FCBF90F828006B
:10C0000070470000FFF7FABF80787047FFF7FCBF6A
:10C0100090ED0B0A70470000FFF7FABF90ED100A91
:10C0200070470000FFF7FABF90ED0D0A704700005F
:10C03000FFF7FABF90ED050A70470000FFF7FABF5F
:10C0400090ED040A70470000FFF7FABF00787047D0
:10C05000FFF7FCBF008A7047FFF7FCBF808A70477C
:10C06000FFF7FCBF408A7047FFF7FCBF38B53AB115
:10C070001D4614468847D5E9002323B1934202D8D0
:10C080000024204638BD10702B6801332B602046F9
:10C0900038BD00BF38B53AB11D4614468847D5E9CA
:10C0A000002323B1934202D80024204638BD1070EB
:10C0B0002B6801332B60204638BD00BF02680C4955
:10C0C00052688A4238B50FD10346D0E905405D6A0F
:10C0D00019690022A5F864200275002022724864C4
:10C0E0008A8201201A6538BD9047012038BD00BF03
:10C0F000915C01082DE9F04184B004AC04E90F0023
:10C100009DF80C400C9D94B19DF82930DDE900723A
:10C1100093B138469DF8288090470646029B4146D9
:10C1200038469847D5E90023D3B1934218D8002464
:10C13000204604B0BDE8F0810B9B0B991B68496851
:10C140008B4215D00B98591C016093F8008038463B
:10C15000B8F1000818BF4FF0010890470646DDE728
:10C1600016702B68204601332B6004B0BDE8F081C7
:10C17000384690470646D5E72DE9F04184B004AC37
:10C1800004E90F009DF80C40DDE90B3574B1DDE9E1
:10C19000007659681A68384669B191420BD8B047A1
:10C1A000D5E9002306469BB1934211D800242046CE
:10C1B00004B0BDE8F08112F8018B1A60B047029B11
:10C1C0000646414638469847D5E90023002BEBD177
:10C1D00016702B68204601332B6004B0BDE8F08157
:10C1E00030B5154683B0BAB11C468847D4E9001370
:10C1F0008DED010A01984FF0000C20FA0CF20CF1C1
:10C20000080C0BB199420AD20A702168BCF1200FC8
:10C2100001F101012160F0D1284603B030BD0025B5
:10C22000FAE700BF38B51546A2B11C468847D4E9E5
:10C2300000134FF0000C20FA0CF20CF1080C0BB1BB
:10C24000994209D20A702168BCF1200F01F1010165
:10C250002160F0D1284638BD0025FBE72DE9F041EB
:10C2600084B004AC04E90F009DF80C600C9C002E17
:10C2700039D09DF82A30DDE90072EBB13846BDF8BF
:10C28000288090470546029B414638469847D4E9A6
:10C290000032002A32D09A4225D91D70236801331A
:10C2A0009A4223601FD92D121D7023683046013336
:10C2B000236004B0BDE8F0810B9BD3E90010B8B156
:10C2C000884220D90B460B9D13F8018B2B609842B6
:10C2D00019D91B7848EA03280B9B023119603846AC
:10C2E00090470546CFE70026304604B0BDE8F08110
:10C2F0000B460B9813F8018B0360EAE71D70236867
:10C3000001332360CFE7384690470546BFE700BFBB
:10C310002DE9F04184B004AC04E90F009DF80C60F5
:10C320000D9CEEB19DF82C308C460746E3B1DDF84C
:10C330002880E0470546029B414638469847D4E9A5
:10C340000031002225FA02FC083209B1994220D9B5
:10C3500083F800C02368202A03F101032360F1D190
:10C36000304604B0BDE8F0810C9AD2E90025984629
:10C370000DB195420FD912F8010B0C999840083372
:10C38000202B0A6048EA0008F2D13846E04705460B
:10C39000D1E70026E4E73846E0470546CFE700BF8F
:10C3A0002DE9F0412DED028B84B004AC04E90F00BF
:10C3B0009DF80C600F9CFEB19DF83430884607460E
:10C3C00003B39DED0C8A884710EE105A029BB0EE25
:10C3D000480A38469847D4E900302946002221FA15
:10C3E00002F5083208B1984229D91D702368202A25
:10C3F00003F101032360F2D1304604B0BDEC028B9F
:10C40000BDE8F0810E9AD2E900209C4608B1904226
:10C4100010D912F8011B0E9D99400833202B2A6079
:10C420004CEA010CF2D1384608EE10CAC04710EEB3
:10C43000105ACBE73846C04710EE105ACBE700261B
:10C44000DAE700BF70B586B08DE80F009DF80C509C
:10C45000DDE90C34002D36D09DF82C20002A36D092
:10C46000009E0A98019B049030469847029B0590D5
:10C470000499304698476168BDF81400BDF816204D
:10C480002368002954D099421DD91A7023680133BA
:10C490008B42236017D212121A7022686368511CF3
:10C4A0002160002B4ED08B420DD950702268013292
:10C4B0009342226007D90012107023682846013386
:10C4C000236006B070BD0025284606B070BDD3E9D4
:10C4D0000021F1B1914230D9104610F8016B18607B
:10C4E00081422AD9507846EA002C901C814218607B
:10C4F00023D9D01C8142967818601ED9D178043295
:10C500001A6046EA0123ADF82830009EADF82AC033
:10C51000A7E71146901C11F8016B1960517818605B
:10C5200046EA012CD11C96781960D1780432E7E7ED
:10C530001A70236801332360ADE7DDE900039847F3
:10C54000059098E75070226801322260B3E700BF7F
:10C550002DE9F04184B004AC04E90F009DF80C60B3
:10C56000DDE90C7446B3D7E9002100231D4609B16B
:10C57000914225D912F8010B3A6098400833202BDC
:10C5800045EA0005F3D1DDE9008340469847029B68
:10C590000746294640469847D4E90031002247FA29
:10C5A00002F5083209B199420FD91D702368202A7B
:10C5B00003F101032360F2D1304604B0BDE8F081FD
:10C5C000DDE9000398470746E6E70026F4E700BFE9
:10C5D0002DE9F04284B004AC04E90F009DF80C6032
:10C5E0000D9CEEB19DF82C300D460746E3B1DDF809
:10C5F000289088470546029B494638469847D4E923
:10C600000031002245FA02FC083209B1994227D9CB
:10C6100083F800C02368202A03F101032360F1D1CD
:10C62000304604B0BDE8F0820C9AD2E9002C9E4658
:10C63000BCF1000F01D094450ED912F8010B0C99F2
:10C6400098400833202B0A604EEA000EF0D138469D
:10C65000F146A8470546CEE73846A8470546CEE747
:10C660000026DDE72DE9F04184B004AC04E90F00B9
:10C670009DF80C60DDE90B7446B3D7E90021002377
:10C680001D4609B1914225D912F8010B3A60984034
:10C690000833202B45EA0005F3D1DDE9008340464D
:10C6A0009847029B0746A9B240469847D4E9003113
:10C6B000002247FA02F0083209B199420FD91870E6
:10C6C0002368202A03F101032360F2D1304604B02D
:10C6D000BDE8F081DDE9000398470746E6E700265C
:10C6E000F4E700BF2DE9F04184B004AC04E90F0089
:10C6F0009DF80C60DDE90B7446B3D7E900210023F7
:10C700001D4609B1914225D912F8010B3A609840B3
:10C710000833202B45EA0005F3D1DDE900834046CC
:10C720009847029B0746E9B240469847D4E9003152
:10C73000002247FA02F0083209B199420FD9187065
:10C740002368202A03F101032360F2D1304604B0AC
:10C75000BDE8F081DDE9000398470746E6E70026DB
:10C76000F4E700BF2DE9F04184B004AC04E90F0008
:10C770009DF80C60DDE90B7446B3D7E90021002376
:10C780001D4609B1914225D912F8010B3A60984033
:10C790000833202B45EA0005F3D1DDE9008340464C
:10C7A0009847029B0746E9B240469847D4E90031D2
:10C7B000002247FA02F0083209B199420FD91870E5
:10C7C0002368202A03F101032360F2D1304604B02C
:10C7D000BDE8F081DDE9000398470746E6E700265B
:10C7E000F4E700BF2DE9F04184B004AC04E90F0088
:10C7F0009DF80C60DDE90B7446B3D7E900210023F6
:10C800001D4609B1914225D912F8010B3A609840B2
:10C810000833202B45EA0005F3D1DDE900834046CB
:10C820009847029B0746E9B240469847D4E9003151
:10C83000002247FA02F0083209B199420FD9187064
:10C840002368202A03F101032360F2D1304604B0AB
:10C85000BDE8F081DDE9000398470746E6E70026DA
:10C86000F4E700BF2DE9F04184B004AC04E90F0007
:10C870009DF80C60DDE90B7446B3D7E90021002375
:10C880001D4609B1914225D912F8010B3A60984032
:10C890000833202B45EA0005F3D1DDE9008340464B
:10C8A0009847029B0746E9B240469847D4E90031D1
:10C8B000002247FA02F0083209B199420FD91870E4
:10C8C0002368202A03F101032360F2D1304604B02B
:10C8D000BDE8F081DDE9000398470746E6E700265A
:10C8E000F4E700BF2DE9F04184B004AC04E90F0087
:10C8F0009DF80C60DDE90B7446B3D7E900210023F5
:10C900001D4609B1914225D912F8010B3A609840B1
:10C910000833202B45EA0005F3D1DDE900834046CA
:10C920009847029B0746A9B240469847D4E9003190
:10C93000002247FA02F0083209B199420FD9187063
:10C940002368202A03F101032360F2D1304604B0AA
:10C95000BDE8F081DDE9000398470746E6E70026D9
:10C96000F4E700BF2DE9F04184B004AC04E90F0006
:10C970009DF80C60DDE90B7446B3D7E90021002374
:10C980001D4609B1914225D912F8010B3A60984031
:10C990000833202B45EA0005F3D1DDE9008340464A
:10C9A0009847029B0746E9B240469847D4E90031D0
:10C9B000002247FA02F0083209B199420FD91870E3
:10C9C0002368202A03F101032360F2D1304604B02A
:10C9D000BDE8F081DDE9000398470746E6E7002659
:10C9E000F4E700BF2DE9F04284B004AC04E90F0085
:10C9F0009DF80C600C9CEEB19DF82A300D46074660
:10CA0000E3B1BDF8289088470546029B4946384661
:10CA10009847D4E90031002245FA02FC083209B1F6
:10CA2000994228D983F800C02368202A03F1010322
:10CA30002360F1D1304604B0BDE8F0820B9AD2E910
:10CA4000002C9E46BCF1000F01D094450FD912F87E
:10CA5000010B0B9998400833202B0A604EEA000E18
:10CA6000F0D138461FFA8EF9A8470546CDE738467B
:10CA7000A8470546CDE70026DCE700BF2DE9F042D8
:10CA800084B004AC04E90F009DF80C600C9CEEB17E
:10CA90009DF829300D460746E3B19DF82890884758
:10CAA0000546029B494638469847D4E900310022A2
:10CAB00045FA02FC083209B1994228D983F800C02E
:10CAC0002368202A03F101032360F1D1304604B02A
:10CAD000BDE8F0820B9AD2E9002C9E46BCF1000F13
:10CAE00001D094450FD912F8010B0B9998400833E7
:10CAF000202B0A604EEA000EF0D138465FFA8EF91C
:10CB0000A8470546CDE73846A8470546CDE70026A5
:10CB1000DCE700BF2DE9F04284B004AC04E90F006B
:10CB20009DF80C600C9CEEB19DF829300D4607462F
:10CB3000E3B19DF8289088470546029B4946384650
:10CB40009847D4E90031002245FA02FC083209B1C5
:10CB5000994228D983F800C02368202A03F10103F1
:10CB60002360F1D1304604B0BDE8F0820B9AD2E9DF
:10CB7000002C9E46BCF1000F01D094450FD912F84D
:10CB8000010B0B9998400833202B0A604EEA000EE7
:10CB9000F0D138465FFA8EF9A8470546CDE738460A
:10CBA000A8470546CDE70026DCE700BF30B52DEDF0
:10CBB000028B83B010460D4601AA0B49E3F770FEC5
:10CBC00001280CD19DED018A0446D5E90003984760
:10CBD0002868AB68B0EE480A9847204600E000207D
:10CBE00003B0BDEC028B30BD2CDD0208A0F10400C7
:10CBF000DCE700BF73B510460D4601AA0949E3F70B
:10CC00004FFE012801D0002009E0019E0446D5E92D
:10CC1000000398472868AB6831469847204602B021
:10CC200070BD00BF2FDD0208A0F10400E2E700BFE5
:10CC300073B510460D4601AA0949E3F731FE0128F4
:10CC400001D0002009E0019E0446D5E90003984781
:10CC50002868AB6831469847204602B070BD00BFD7
:10CC600033DD0208A0F10400E2E700BF73B510460F
:10CC70000D4601AA0949E3F713FE012801D000205F
:10CC800009E0019E0446D5E9000398472868AB688F
:10CC900031469847204602B070BD00BF3EDD020815
:10CCA000A0F10400E2E700BF73B510460D4601AAEB
:10CCB0000949E3F7F5FD012801D000200AE0BDF89D
:10CCC00004600446D5E9000398472868AB683146FC
:10CCD0009847204602B070BD3ADD0208A0F104007A
:10CCE000E2E700BF10B52DED028B0C46E3F7BAFB6F
:10CCF000D4E90003B0EE408A9847BCEEC80A206829
:10CD0000A36810EE102A91B29847BDEC028B012067
:10CD100010BD10B52DED028B0C46E3F7A3FBD4E953
:10CD20000003B0EE408A9847BCEEC80A2068A368AA
:10CD300010EE102A91B29847BDEC028B012010BD75
:10CD400010B52DED028B0C46E3F78CFBD4E9000304
:10CD5000B0EE408A9847BCEEC80A2068A36810EE7F
:10CD6000102A91B29847BDEC028B012010BD000043
:10CD700073B510460D4601AA0949E3F791FD012854
:10CD800001D000200AE0BDF804600446D5E90003A4
:10CD900098472868AB6831469847204602B070BD76
:10CDA0003ADD0208A0F10400E2E700BF73B51046C7
:10CDB0000D4601AA0949E3F773FD012801D00020BF
:10CDC0000AE0BDF804600446D5E9000398472868E6
:10CDD000AB6831469847204602B070BD3ADD020884
:10CDE000A0F10400E2E700BF73B510460D4601AAAA
:10CDF0000949E3F755FD012801D000200AE0BDF8FC
:10CE000004600446D5E9000398472868AB683146BA
:10CE10009847204602B070BD3ADD0208A0F1040038
:10CE2000E2E700BF00B585B00DF1100C0CE906007B
:10CE300002689DED020A1268ADF80430D9B290473D
:10CE4000012005B05DF804FB08B503681B6898472E
:10CE5000012008BDD1E900231BB1934201D8002075
:10CE6000704710700B68012003440B60704700BFCF
:10CE7000D1E900231BB1934201D800207047107004
:10CE80000B68012003440B60704700BF30B50D4DA7
:10CE90000D4887B0E4F700F90FCD01AC0FC42B6843
:10CEA00023600021094C01A8F3F7C2FC084A23784B
:10CEB00010602BB90120F3F7D7FC2378002BF9D0B1
:10CEC00007B030BD18BD02089CC20208ACCF0020DC
:10CED000B0CF00201046704710B5024C8260C0E908
:10CEE000004110BD4CE60208D1F880004A82F8F7F4
:10CEF000ABBF000008B50A4601460020FFF7F4FF6B
:10CF000008BD00BFD1F880008A82F8F79DBF0000FD
:10CF100008B50A4601460020FFF7F4FF08BD00BF30
:10CF2000086A0A82FAF75CBF08B50A460146002083
:10CF3000FFF7F6FF08BD00BF8B6D0A7093F86720FE
:10CF40000AB91A6A127883F86720704708B50A464A
:10CF500001460020FFF7F0FF08BD00BF886D81ED9E
:10CF6000040AFAF7A9B8000008B501460020FFF747
:10CF7000F5FF08BD886D81ED050AFAF79DB8000040
:10CF800008B501460020FFF7F5FF08BD886D81ED6B
:10CF90000D0AFAF791B8000008B501460020FFF726
:10CFA000F5FF08BD012381ED100A81F85430704768
:10CFB00008B501460020FFF7F5FF08BD81ED0B0A1B
:10CFC00001F54051D1F8A008FCF7A2B808B5014618
:10CFD0000020FFF7F3FF08BD0B468A70586B002155
:10CFE000FBF722B808B50A4601460020FFF7F4FF18
:10CFF00008BD00BF0B4681F82820586B0021FBF7C5
:10D0000013B8000008B50A4601460020FFF7F2FFFA
:10D0100008BD00BF486B8A85FBF726BC08B50A46E9
:10D0200001460020FFF7F6FF08BD00BF486BCA703D
:10D03000FBF746B808B50A4601460020FFF7F6FFA1
:10D0400008BD00BF486B81ED090AFBF70BB8000073
:10D0500008B501460020FFF7F5FF08BD08690A8101
:10D06000FBF712BF08B50A4601460020FFF7F6FF9E
:10D0700008BD00BF08698A72FBF706BF08B50A46FB
:10D0800001460020FFF7F6FF08BD00BF08694A60AF
:10D09000FBF7FABE08B50A4601460020FFF7F6FF87
:10D0A00008BD00BF094B82B01B88019080B2984236
:10D0B00008D1BDF8060040F2252398428CBF00201D
:10D0C000012000E0002002B0704700BFA48F0020C4
:10D0D00000B52DED028B054B89B01B88019080B205
:10D0E000984205D0002003F0A0B800BFA48F002014
:10D0F00000230793BDF8063040F21D22033BB0EE3B
:10D10000408A934203F27E80DFE813F01E027C180F
:10D110007C187C187C187C187C187C187C187C186F
:10D1200028027C187C187C187C187C187C187C18C9
:10D130007C187C187C187C187C187C187C187C184F
:10D140007C187C187C187C187C187C187C187C183F
:10D150007C187C1833023D02470251025B026502D3
:10D160006F02790283028D029702A102AB02B5021F
:10D17000BF02C902D302DD02E702F102FB0205038E
:10D180000F03190323032D03880392039C03A603B3
:10D19000B0037C18BA037C187C18C6037C187C1872
:10D1A000D203DE03EA03F703040411041E042B0474
:10D1B0003804450452045F046C0478048404910428
:10D1C000D204DF04EC04F9040605130520052D053F
:10D1D0003A054705540561056E057B0588059505EB
:10D1E000A205AF05BC05C905D605E3050406110671
:10D1F0001E062B067C1838064506530661067C1869
:10D200006E067B0688069606A406B206C006CE0603
:10D21000DC067C187C187C187C18E906F6060307E7
:10D220007C181007440751075E076B0778078507CE
:10D2300092077C189F07AC07B9077C187C18C607B3
:10D240007C18D3077C187C187C187C187C187C18F8
:10D250007C187C187C187C187C187C187C18E007DB
:10D26000ED07FB0709081708240831083F084D0897
:10D270007E088C089A08A808B608C408D208DF08F7
:10D28000ED08FB08090917092509330940094C096C
:10D2900059097C187C187C187C1866097309800968
:10D2A000AC09BC09CC09DC09EC09F909070A150A23
:10D2B000230A310A3F0A4D0A5B0A690A770A850A7E
:10D2C000930AA10AB10AE20AF20A7C18FF0A7C1842
:10D2D0000F0B1F0B7C182E0B7C183E0B4B0B7C1876
:10D2E000580B7C187C187C187C187C187C187C18CF
:10D2F0007C187C187C187C187C187C187C187C188E
:10D30000650B7C18720B7F0B8C0B990BA60BB40B67
:10D31000C20BD00BDD0BEB0B360C430C510C5F0C2E
:10D320006D0C7B0C890C970C7C18A50CB20CBF0CF7
:10D33000CC0CD90CE60CF30C010D0F0D1C0D2A0DB5
:10D340007C18380D6E0D7B0D880D960DA40D7C1884
:10D35000B10DBE0DCB0DD80DE60DF40D7C187C186B
:10D36000010E7C187C180D0E7C187C18190E250EE9
:10D37000310E3E0E4B0E580E650E720EAA0EB70EF3
:10D38000C40ED10EDE0EEA0EF60E030F100F1D0FA7
:10D390002A0F370F440F510F5E0F6B0F780F850F59
:10D3A000920F9F0FAC0FB90FDE0FEB0FF80F0510A8
:10D3B00012101F102C1039104610531060106D10F1
:10D3C0007C187A1087109510A3107C18B010BD102F
:10D3D000CA10D810E6101411221130113E117C1819
:10D3E0007C187C187C184B11581165117C1872112F
:10D3F0007F118C119911A611B311C011CD117C1898
:10D40000DA11E711F4117C187C1801127C180E1245
:10D410007C187C187C187C187C187C187C187C186C
:10D420007C187C187C187C187C181B1240124E1239
:10D430005C126A12771284129212A012AE12BC12FF
:10D44000CA12D812E612F41202130F131D132B1373
:10D45000391347137C138A139713A313B0137C1843
:10D460007C187C187C18BD13CA13D713E713F71365
:10D470000714171427143414421450145E146C1437
:10D480007A148714B814C514D214DF14EC14F914E8
:10D490000815171526157C1832157C1841155015DE
:10D4A0007C185E157C186D1579157C1885157C180F
:10D4B0007C187C187C187C187C187C187C187C18CC
:10D4C0007C187C187C187C187C187C1891157C18AA
:10D4D0009D15A915B515F41500160D161A16271663
:10D4E000331640164D1659166616731680168D168D
:10D4F0009A16A7167C18B416C016CC16D816E416C1
:10D500001C172817351742174E175B177C1868171A
:10D51000741780178C179917A6177C18B217BE17A7
:10D52000CA17D617E317F0177C187C18FC170718D2
:10D5300012187C184E1859187C1862187C187C1820
:10D540006B187C187C1874188C4B03938C4B0493C9
:10D550008C4B05938C4B079302F054BE8B4BDB6BCB
:10D5600003938B4B04938B4B05938B4B079302F0E8
:10D5700049BE8A4B0393864B0493864B0593864B97
:10D58000079302F03FBE864B0393864B0493864B72
:10D590000593864B079302F035BE854B03937C4B76
:10D5A00004937C4B05937C4B079302F02BBE814B7D
:10D5B0000393774B0493774B0593774B079302F0D4
:10D5C00021BE7D4B03936E4B04936E4B05936E4BC4
:10D5D000079302F017BE794B0393694B0493694B91
:10D5E0000593694B079302F00DBE754B0393644B93
:10D5F0000493644B0593644B079302F003BE714B95
:10D6000003935F4B04935F4B05935F4B079302F0CB
:10D61000F9BD6D4B03935E4B04935E4B05935E4BDC
:10D62000079302F0EFBD694B0393554B0493554BA1
:10D630000593554B079302F0E5BD654B0393504BA3
:10D640000493504B0593504B079302F0DBBD614BA5
:10D6500003934B4B04934B4B05934B4B079302F0B7
:10D66000D1BD5D4B0393464B0493464B0593464B0C
:10D67000079302F0C7BD594B0393594B0493594B81
:10D680000593594B079302F0BDBD584B03933C4B98
:10D6900004933C4B05933C4B079302F0B3BD544BB2
:10D6A0000393374B0493374B0593374B079302F0A3
:10D6B000A9BD504B03934A4B04934A4B05934A4BE5
:10D6C000079302F09FBD4C4B03932D4B04932D4BBE
:10D6D00005932D4B079302F095BD484B0393284BC0
:10D6E0000493284B0593284B079302F08BBD444BC2
:10D6F00003933B4B04933B4B05933B4B079302F047
:10D7000081BD404B03931E4B04931E4B05931E4B50
:10D71000079302F077BD3C4B0393194B0493194BCD
:10D720000593194B079302F06DBD384B03932C4BB7
:10D7300004932C4B05932C4B079302F063BD344BA1
:10D7400003930F4B04930F4B05930F4B079302F07A
:10D7500059BD304B03930A4B04930A4B05930A4B74
:10D76000079302F04FBD2C4B03931D4B04931D4BAD
:10D7700005931D4B079302F045BD00BFB41900206F
:10D7800081B6010889B60108948F00209019002005
:10D79000A1B60108A5B60108808F0020241A002038
:10D7A0000C1B0020ADB60108B1B601086C8F00203B
:10D7B000251A0020261A0020281A00202C1A0020E2
:10D7C000301A0020341A0020381A00203C1A002099
:10D7D000401A0020441A0020481A00204C1A002049
:10D7E000B5B60108BDB60108588F0020501A0020B8
:10D7F000541A0020581A00205C1A0020601A0020D9
:10D80000641A0020681A00206C1A0020701A002088
:10D81000741A0020781A0020C41A00208A4B03933F
:10D820008A4B04938A4B05938A4B079302F0EABC18
:10D83000894B0393854B0493854B0593854B079345
:10D8400002F0E0BC854B0393854B0493854B059315
:10D85000854B079302F0D6BC844B03937B4B049318
:10D860007B4B05937B4B079302F0CCBC804B03931F
:10D87000764B0493764B0593764B079302F0C2BC2C
:10D880007C4B1B68503303937B4B04937B4B05937A
:10D890007B4B079302F0B6BC764B1B686633039351
:10D8A000784B0493784B0593784B079302F0AABC0E
:10D8B000704B1B687D330393754B0493754B059335
:10D8C000754B079302F09EBC6A4B1B68DB680393A1
:10D8D0006F4B04936F4B05936F4B079302F092BC11
:10D8E000644B1B68DB6801330393694B0493694BFA
:10D8F0000593694B079302F085BC5E4B1B68DB68A0
:10D9000002330393624B0493624B0593624B07937C
:10D9100002F078BC574B1B68DB68033303935C4B06
:10D9200004935C4B05935C4B079302F06BBC514B2B
:10D930001B68DB6804330393554B0493554B0593E5
:10D94000554B079302F05EBC4A4B1B68DB680533FE
:10D9500003934F4B04934F4B05934F4B079302F0A8
:10D9600051BC444B1B68DB6806330393484B04935C
:10D97000484B0593484B079302F044BC3D4B1B6852
:10D98000DB6807330393424B0493424B0593424BAE
:10D99000079302F037BC374B1B68DB6808330393EF
:10D9A0002A4B04932A4B05932A4B079302F02ABC77
:10D9B000304B1B68DB680C330393244B0493244BDC
:10D9C0000593244B079302F01DBC2A4B1B68DB68B0
:10D9D000103303932E4B04932E4B05932E4B07933A
:10D9E00002F010BC234B1B68DB6803932B4B0493A2
:10D9F0002B4B05932B4B079302F004BC1D4B1B686C
:10DA0000DB680393284B0493284B0593254B07931E
:10DA100002F0F8BB174B1B68DB68183303930B4B02
:10DA200004930B4B05930B4B079302F0EBBB114B8D
:10DA30001B68DB681C330393044B0493044B05936E
:10DA4000044B079302F0DEBBC81A002081B6010820
:10DA500089B60108948F0020CC1A0020D01A00202B
:10DA6000B5B60108BDB60108588F0020D41A0020B1
:10DA7000D81A00201C1B0020C5B60108C9B6010831
:10DA8000448F0020D1B60108D5B60108308F0020A0
:10DA9000A1B60108A5B60108808F0020EDBE0108DF
:10DAA000BD6F02081C8F0020E5BE0108D96F020877
:10DAB0008E4B1B68DB68203303938D4B04938D4B97
:10DAC00005938D4B079302F09DBB884B1B68DB6869
:10DAD00024330393864B0493864B0593864B07931D
:10DAE00002F090BB814B1B68DB6828330393804BAB
:10DAF0000493804B0593804B079302F083BB7B4BD1
:10DB00001B68DB6834330393794B0493794B05939B
:10DB1000794B079302F076BB744B1B68DB68383394
:10DB20000393734B0493734B0593734B079302F06A
:10DB300069BB6E4B1B68DB683C3303936C4B0493EF
:10DB40006C4B05936C4B079302F05CBB674B1B68F7
:10DB5000DB6840330393664B0493664B0593664B37
:10DB6000079302F04FBB614B1B68DB6844330393A0
:10DB70005F4B04935F4B05935F4B079302F042BBEF
:10DB80005A4B1B68DB6848330393594B0493594B3A
:10DB90000593594B079302F035BB544B1B68DB6868
:10DBA0004C330393554B0493554B0593554B0793B7
:10DBB00002F028BB4D4B1B68DB684D3303934F4B82
:10DBC00004934F4B05934F4B079302F01BBB474BFE
:10DBD0001B68DB684E330393484B0493484B059313
:10DBE000484B079302F00EBB404B1B68DB68503379
:10DBF00003933F4B04933F4B05933F4B079302F036
:10DC000001BB3A4B1B68DB6854330393384B0493D6
:10DC1000384B0593384B079302F0F4BA334B1B682B
:10DC2000DB6858330393324B0493324B0593324BEA
:10DC3000079302F0E7BA2D4B1B68DB685C33039354
:10DC40002B4B04932B4B05932B4B079302F0DABA23
:10DC5000264B1B68DB6860330393254B0493254BED
:10DC60000593254B079302F0CDBA204B1B68DB6868
:10DC7000643303931E4B04931E4B05931E4B079373
:10DC800002F0C0BA194B1B68DB68683303931B4B67
:10DC900004931B4B05931B4B079302F0B3BA134B32
:10DCA0001B68DB6869330393144B0493144B05938F
:10DCB000144B079302F0A6BA0C4B1B68DB686A335F
:10DCC00003930E4B04930E4B05930E4B079302F0F8
:10DCD00099BA064B1B68DB686C3303930A4B0493B9
:10DCE0000A4B05930A4B079302F08CBA1C1B0020C9
:10DCF00081B6010889B60108948F0020A1B60108F9
:10DD0000A5B60108808F0020ADB60108B1B60108A4
:10DD10006C8F00208C4B1B68DB68703303938B4B3C
:10DD200004938B4B05938B4B079302F06BBA864B96
:10DD30001B68DB6874330393874B0493874B05930D
:10DD4000874B079302F05EBA7F4B1B68DB68783322
:10DD50000393814B0493814B0593814B079302F00E
:10DD600051BA794B1B68DB69203303937D4B0493D5
:10DD70007D4B05937D4B079302F044BA724B1B68B1
:10DD8000DB699B6A03937A4B04937A4B05937A4B36
:10DD9000079302F037BA6C4B1B68DB699B6A04334C
:10DDA0000393734B0493734B0593734B079302F0E8
:10DDB00029BA654B1B68DB699B6A08330393634B85
:10DDC0000493634B0593634B079302F01BBA5E4BBE
:10DDD0001B681B6A20330393624B0493624B0593C9
:10DDE000624B079302F00EBA574B1B681B6A9B6A83
:10DDF0000393624B0493624B0593624B079302F0CB
:10DE000001BA514B1B681B6A9B6A0393584B0493DE
:10DE1000584B0593584B079302F0F4B94A4B1B68D3
:10DE20001B6A9B6A04330393514B0493514B059334
:10DE3000514B079302F0E6B9434B1B681B6A9B6A80
:10DE4000083303934A4B04934A4B05934A4B079379
:10DE500002F0D8B93C4B1B681B6A9B6A0C330393D6
:10DE6000434B0493434B0593434B079302F0CAB9CA
:10DE7000354B1B681B6A9B6A143303933C4B04931A
:10DE80003C4B05933C4B079302F0BCB92E4B1B68EF
:10DE90001B6A9B6A18330393354B0493354B0593E8
:10DEA000354B079302F0AEB9274B1B681B6A9B6A80
:10DEB0001C330393254B0493254B0593254B079364
:10DEC00002F0A0B9204B1B685B6A643303932E4BAE
:10DED00004932E4B05932E4B079302F093B91A4BE4
:10DEE0001B685B6A70330393214B0493214B0593AA
:10DEF000214B079302F086B9134B1B685B6A74339E
:10DF000003931B4B04931B4B05931B4B079302F08E
:10DF100079B90D4B1B685B6A78330393144B0493F8
:10DF2000144B0593144B079302F06CB9064B1B6816
:10DF30005B6A7C3303930E4B04930E4B05930E4B9D
:10DF4000079302F05FB900BF1C1B0020A1B60108B7
:10DF5000A5B60108808F0020ADB60108B1B6010852
:10DF60006C8F0020DDB60108E1B60108088F0020A3
:10DF700081B6010889B60108948F0020DDBE010832
:10DF8000F16F02081C8F0020E5B60108E9B6010810
:10DF9000F48E00208B4B1B685B6A803303938A4BA3
:10DFA00004938A4B05938A4B079302F02BB9854B58
:10DFB0001B685B6A84330393834B0493834B059301
:10DFC000834B079302F01EB97E4B1B685B6A883354
:10DFD00003937D4B04937D4B05937D4B079302F098
:10DFE00011B9784B1B685B6A8C330393764B0493AF
:10DFF000764B0593764B079302F004B9714B1B687F
:10E000005B6A90330393704B0493704B0593704B92
:10E01000079302F0F7B86B4B1B685B6A943303936A
:10E02000694B0493694B0593694B079302F0EAB877
:10E03000644B1B685B6A98330393634B0493634B95
:10E040000593634B079302F0DDB85E4B1B685B6A78
:10E05000A03303935C4B04935C4B05935C4B079399
:10E0600002F0D0B8574B1B685B6AA4330393564B3E
:10E070000493564B0593564B079302F0C3B8514B8C
:10E080001B685B6AA83303934F4B04934F4B059374
:10E090004F4B079302F0B6B84A4B1B685B6AB43328
:10E0A0000393494B0493494B0593494B079302F063
:10E0B000A9B8444B1B685B6ABC330393424B04937F
:10E0C000424B0593424B079302F09CB83D4B1B68B3
:10E0D0005B6A1B6A03933F4B04933F4B05933F4B93
:10E0E000079302F08FB8374B1B685B6A1B6A0433D7
:10E0F00003933B4B04933B4B05933B4B079302F03D
:10E1000081B8304B1B685B6A1B6A083303932E4B44
:10E1100004932E4B05932E4B079302F073B8294BB3
:10E120001B685B6A1B6A0C330393274B0493274BD2
:10E130000593274B079302F065B8224B1B685B6A77
:10E140001B6A0393294B0493294B0593204B079398
:10E1500002F058B81B4B1B685B6A1B6A0393254B84
:10E160000493254B05931A4B079302F04BB8154BBC
:10E170001B685B6A1B6A18330393134B0493134B9E
:10E180000593134B079302F03DB80E4B1B685B6A77
:10E190001B6A1C330393124B0493124B0593124BCF
:10E1A000079302F02FB8074B1B685B6A1B6A20338A
:10E1B0000393124B0493124B0593124B079302F0F7
:10E1C00021B800BF1C1B002081B6010889B60108D8
:10E1D000948F0020D5BE010815700208808F0020A2
:10E1E000F9B60108FDB60108E08E0020CDBE010899
:10E1F00031700208C1BE01084970020801B7010868
:10E2000005B70108CC8E0020884B1B685B6A1B6A2F
:10E2100024330393864B0493864B0593864B0793D5
:10E2200001F0F0BF814B1B685B6A1B6A28330393C4
:10E230007F4B04937F4B05937F4B079301F0E2BF25
:10E240007A4B1B685B6A1B6A2C330393784B0493ED
:10E25000784B0593784B079301F0D4BF734B1B6841
:10E260005B6A1B6A38330393714B0493714B0593BC
:10E27000714B079301F0C6BF6C4B1B685B6A1B6A4E
:10E280003C3303936A4B04936A4B05936A4B0793A1
:10E2900001F0B8BF654B1B685B6A1B6A30330393A0
:10E2A000634B0493634B0593634B079301F0AABF41
:10E2B0005E4B1B685B6A1B6A0393604B0493604B65
:10E2C00005935D4B079301F09DBF584B1B685B6A3C
:10E2D0001B6A40330393564B0493564B0593564B9E
:10E2E000079301F08FBF514B1B685B6A1B6A443375
:10E2F00003934F4B04934F4B05934F4B079301F000
:10E3000081BF4A4B1B685B6A1B6A48330393484BC7
:10E310000493484B0593484B079301F073BF434B5D
:10E320001B685B6A1B6A4C330393464B0493464B52
:10E330000593464B079301F065BF3C4B1B685B6A36
:10E340001B6A503303933A4B04933A4B05933A4B71
:10E35000079301F057BF354B1B685B6A1B6A543348
:10E360000393334B0493334B0593334B079301F0E3
:10E3700049BF2E4B1B689B6914330393344B0493A2
:10E38000344B0593344B079301F03CBF274B1B687C
:10E390009B690393314B0493314B0593264B0793B1
:10E3A00001F030BF214B1B689B6944330393204B22
:10E3B0000493204B0593204B079301F023BF1B4B85
:10E3C0001B689B6948330393194B0493194B0593BE
:10E3D000194B079301F016BF144B1B689B69383328
:10E3E0000393134B0493134B0593134B079301F0C3
:10E3F00009BF0E4B1B689B6956330393114B049363
:10E40000114B0593114B079301F0FCBE074B1B68A2
:10E410009B69DB6803F562530C330393044B04934D
:10E42000044B0593044B079301F0ECBE1C1B00202A
:10E4300081B6010889B60108948F0020B5BE010895
:10E4400061700208A1B60108A5B60108808F0020FE
:10E4500009B701080DB70108B88E0020A9BE010850
:10E46000797002088A4B1B689B69DB6803F562536D
:10E4700011330393874B0493874B0593874B079383
:10E4800001F0C0BE824B1B689B69DB6803F56253D9
:10E49000133303937F4B04937F4B05937F4B079379
:10E4A00001F0B0BE7A4B1B689B69DB6803F56253D1
:10E4B00010330393774B0493774B0593774B079374
:10E4C00001F0A0BE724B1B689B69DB6803F56253C9
:10E4D000123303936F4B04936F4B05936F4B07936A
:10E4E00001F090BE6A4B1B689B69DB6803936C4B21
:10E4F00004936C4B05936C4B079301F083BE644B04
:10E500001B689B69DB6801330393684B0493684B7A
:10E510000593684B079301F075BE5D4B1B689B69C3
:10E52000DB6804330393644B0493644B0593644B9F
:10E53000079301F067BE564B1B689B69DB68083385
:10E5400003935D4B04935D4B05935D4B079301F083
:10E5500059BE4F4B1B689B69DB680C330393564BCA
:10E560000493564B0593564B079301F04BBE484B13
:10E570001B689B69DB68103303934F4B04934F4B2D
:10E5800005934F4B079301F03DBE414B1B689B69C0
:10E59000DB6814330393484B0493484B0593484B73
:10E5A000079301F02FBE3A4B1B689B69DB68183359
:10E5B0000393414B0493414B0593414B079301F067
:10E5C00021BE334B1B689B69DB681C3303933A4BBA
:10E5D00004933A4B05933A4B079301F013BE2C4B2F
:10E5E0001B689B69DB68203303932A4B04932A4BF7
:10E5F00005932A4B079301F005BE254B1B689B69C9
:10E60000DB68243303932C4B04932C4B05932C4B46
:10E61000079301F0F7BD1E4B1B689B69DB68303325
:10E620000393254B0493254B0593254B079301F04A
:10E63000E9BD174B1B689B69DB68283303931E4BAE
:10E6400004931E4B05931E4B079301F0DBBD104B4B
:10E650001B689B69DB6803F5625314330393194B02
:10E660000493194B0593194B079301F0CBBD084B4D
:10E670001B689B69DB6803F56253183303930E4BE9
:10E6800004930E4B05930E4B079301F0BBBD00BFE7
:10E690001C1B0020A1B60108A5B60108808F002030
:10E6A00011B7010815B70108A48E002019B7010899
:10E6B0001DB70108908E002081B6010889B60108B7
:10E6C000948F002021B7010825B701087C8E002017
:10E6D0008B4B1B689B69DB6803F562531C33039308
:10E6E000884B0493884B0593884B079301F08ABDB0
:10E6F000834B1B689B69DB680393854B0493854BB5
:10E700000593854B079301F07DBD7D4B1B689B698D
:10E71000DB6803F5615338330393804B0493804BDC
:10E720000593804B079301F06DBD754B1B689B698A
:10E73000DB6803F561533C3303937B4B04937B4BC2
:10E740000593754B079301F05DBD6D4B1B689B698D
:10E75000DB6803F562530393734B0493734B059388
:10E760006D4B079301F04EBD654B1B689B69DB68E1
:10E7700003F5625308330393684B0493684B059386
:10E78000684B079301F03EBD5D4B1B689B690433EA
:10E790000393654B0493654B05935F4B079301F01F
:10E7A00031BD574B1B689B69083303935B4B049344
:10E7B0005B4B05935B4B079301F024BD504B1B68EB
:10E7C0001B69143303935A4B04935A4B05935A4BCA
:10E7D000079301F017BD4A4B1B681B694033039335
:10E7E000564B0493564B0593564B079301F00ABDC5
:10E7F000434B1B681B69DB680393534B0493534BD8
:10E800000593534B079301F0FDBC3D4B1B681B69FF
:10E81000DB6803934F4B04934F4B0593414B079396
:10E8200001F0F0BC364B1B681B69DB6803934B4B54
:10E8300004934B4B05933B4B079301F0E3BC304BE8
:10E840001B681B69DB680393464B0493464B059397
:10E85000464B079301F0D6BC294B1B681B69DB684C
:10E86000043303932D4B04932D4B05932D4B0793AA
:10E8700001F0C8BC224B1B681B69DB68083303939B
:10E880002E4B04932E4B05932E4B079301F0BABCED
:10E890001B4B1B681B69DB680C330393274B0493EA
:10E8A000274B0593274B079301F0ACBC144B1B6817
:10E8B0001B69DB6803932E4B04932E4B0593194B76
:10E8C000079301F09FBC0E4B1B681B69DB6810337C
:10E8D0000393154B0493154B05930F4B079301F0CE
:10E8E00091BC074B1B681B69DB68143303930B4B0C
:10E8F00004930B4B05930B4B079301F083BC00BFB4
:10E900001C1B002021B7010825B701087C8E0020C0
:10E910009DBE010895700208948F0020A1B60108E1
:10E92000A5B60108808F002081B6010889B60108CC
:10E9300029B701082DB70108688E0020F9B6010833
:10E94000FDB60108E08E002035B7010839B701088F
:10E95000548E002091BE0108AD70020889BE0108E6
:10E96000CD7002087DBE0108E57002081C8F0020F2
:10E9700075BE0108FD700208874B1B681B69DB68C8
:10E980000393864B0493864B0593864B079301F0C4
:10E9900039BC814B1B681B69DB6818330393824BBE
:10E9A0000493824B05937F4B079301F02BBC7A4B6A
:10E9B0001B681B69DB681C3303937B4B04937B4B05
:10E9C0000593784B079301F01DBC734B1B681B69C3
:10E9D000DB6820330393744B0493744B0593714BA2
:10E9E000079301F00FBC6C4B1B681B69DB68293374
:10E9F00003936F4B04936F4B05936F4B079301F099
:10EA000001BC654B1B681B69DB682A330393684BA9
:10EA10000493684B0593684B079301F0F3BB5E4B7F
:10EA20001B681B69DB682E330393644B0493644BB0
:10EA30000593644B079301F0E5BB574B1B681B69BB
:10EA4000DB68303303935D4B04935D4B05935D4B63
:10EA5000079301F0D7BB504B1B681B69043303932A
:10EA6000594B0493594B0593594B079301F0CABB7B
:10EA7000494B1B685B6908330393564B0493564B11
:10EA80000593564B079301F0BDBB434B1B685B6975
:10EA90000C330393444B0493444B0593414B07932E
:10EAA00001F0B0BB3C4B1B685B69103303933E4BDA
:10EAB00004933E4B05933B4B079301F0A3BB364BAE
:10EAC0001B685B6914330393374B0493374B0593EF
:10EAD000344B079301F096BB2F4B1B685B695B6857
:10EAE0000393314B0493314B05932E4B079301F065
:10EAF00089BB294B1B685B695B68043303932A4B12
:10EB000004932A4B0593274B079301F07BBB224BC1
:10EB10001B685B695B6808330393234B0493234BA7
:10EB20000593204B079301F06DBB1B4B1B689B6A41
:10EB30005B6803931C4B04931C4B0593194B079381
:10EB400001F060BB144B1B689B6A5B680433039342
:10EB5000154B0493154B0593124B079301F052BBD1
:10EB60000D4B1B689B6A5B68083303930E4B049341
:10EB70000E4B05930B4B079301F044BB064B1B68F0
:10EB8000DB6A1B680393164B0493164B05930D4BDE
:10EB9000079301F037BB00BF1C1B00206DBE0108AE
:10EBA00019710208948F002081B6010889B6010806
:10EBB000A1B60108A5B60108808F00203DB7010865
:10EBC00041B701081C8F0020F9B60108FDB6010805
:10EBD000E08E002045B7010849B70108408E0020AB
:10EBE00061BE01082D710208884B1B68DB6A1B6837
:10EBF0000393874B0493874B0593874B079301F04F
:10EC000001BB824B1B68DB6A1B680393834B049335
:10EC1000834B0593834B079301F0F4BA7B4B1B683E
:10EC2000DB6A1B680B3303937F4B04937F4B059385
:10EC3000794B079301F0E6BA744B1B68DB6A1B68DB
:10EC40000C330393784B0493784B0593724B0793E3
:10EC500001F0D8BA6D4B1B68DB6A1B680393744BD9
:10EC60000493744B0593744B079301F0CBBA674B35
:10EC70001B681B6B1B680393704B0493704B0593CD
:10EC8000704B079301F0BEBA604B1B681B6B1B688F
:10EC900003935F4B04935F4B05935F4B079301F026
:10ECA000B1BA5A4B1B681B6B1B6803935B4B0493F5
:10ECB0005B4B05935B4B079301F0A4BA534B1B6866
:10ECC0001B6B1B680B330393574B0493574B0593F4
:10ECD000514B079301F096BA4C4B1B681B6B1B689A
:10ECE0000C330393504B0493504B05934A4B0793BB
:10ECF00001F088BA454B1B681B6B1B6803934C4B98
:10ED000004934C4B05934C4B079301F07BBA3F4B5C
:10ED10005B68503303934C4B04934C4B05934C4B23
:10ED2000079301F06FBA394B5B6866330393494B25
:10ED30000493494B0593494B079301F063BA334B56
:10ED40005B687D330393384B0493384B0593324B08
:10ED5000079301F057BA2D4B5B68DB680393324B86
:10ED60000493324B05932C4B079301F04BBA274B7E
:10ED70005B68DB68013303932B4B04932B4B0593A8
:10ED8000254B079301F03EBA204B5B68DB680233EA
:10ED90000393254B0493254B05931F4B079301F0D9
:10EDA00031BA1A4B5B68DB68033303931E4B049341
:10EDB0001E4B0593184B079301F024BA134B5B6865
:10EDC000DB6804330393184B0493184B0593124BE1
:10EDD000079301F017BA0D4B5B68DB6805330393AB
:10EDE000114B0493114B05930B4B079301F00ABA97
:10EDF000064B5B68DB68063303930B4B04930B4BAA
:10EE00000593054B079301F0FDB900BF1C1B0020C3
:10EE100059BE010845710208808F002081B60108A3
:10EE200089B60108948F0020A1B60108A5B6010893
:10EE300051BE01085D7102086C8F002061BE01089F
:10EE40002D7102081C8F0020C5B60108C9B6010843
:10EE5000448F0020D1B60108D5B60108308F0020BC
:10EE60008D4B5B68DB68073303938C4B04938C4BAF
:10EE700005938C4B079301F0C5B9874B5B68DB6842
:10EE800008330393884B0493884B0593884B07936F
:10EE900001F0B8B9804B5B68DB680C330393824B9D
:10EEA0000493824B0593824B079301F0ABB97A4BE5
:10EEB0005B68DB6810330393784B0493784B0593BE
:10EEC000784B079301F09EB9734B5B68DB68039343
:10EED000784B0493784B0593784B079301F092B9E4
:10EEE0006D4B5B68DB680393754B0493754B05931F
:10EEF000724B079301F086B9674B5B68DB68183388
:10EF00000393694B0493694B0593694B079301F095
:10EF100079B9614B5B68DB681C330393624B0493E4
:10EF2000624B0593624B079301F06CB95A4B5B68D7
:10EF3000DB68203303935C4B04935C4B05935C4B81
:10EF4000079301F05FB9544B5B68DB68243303938C
:10EF5000554B0493554B0593554B079301F052B90C
:10EF60004D4B5B68DB68283303934F4B04934F4B47
:10EF700005934F4B079301F045B9474B5B68DB683E
:10EF800034330393484B0493484B0593484B079302
:10EF900001F038B9404B5B68DB6838330393424B70
:10EFA0000493424B0593424B079301F02BB93A4B24
:10EFB0005B68DB683C3303933B4B04933B4B05930B
:10EFC0003B4B079301F01EB9334B5B68DB68403362
:10EFD0000393354B0493354B0593354B079301F061
:10EFE00011B92D4B5B68DB68443303932E4B0493BC
:10EFF0002E4B05932E4B079301F004B9264B5B680B
:10F00000DB6848330393284B0493284B0593284B24
:10F01000079301F0F7B8204B5B68DB684C33039330
:10F020001E4B04931E4B05931E4B079301F0EAB849
:10F03000194B5B68DB684D330393184B0493184BF3
:10F040000593184B079301F0DDB8134B5B68DB6841
:10F050004E330393114B0493114B0593114B0793BC
:10F0600001F0D0B80C4B5B68DB68503303930E4B58
:10F0700004930E4B05930E4B079301F0C3B8064B58
:10F080005B68DB6854330393074B0493074B05938A
:10F09000074B079301F0B6B81C1B0020A1B601086E
:10F0A000A5B60108808F002081B6010889B6010845
:10F0B000948F0020EDBE0108BD6F02081C8F002058
:10F0C000E5BE0108D96F02088A4B5B68DB685833DC
:10F0D0000393894B0493894B0593894B079301F064
:10F0E00091B8844B5B68DB685C330393824B049379
:10F0F000824B0593824B079301F084B87D4B5B688C
:10F10000DB68603303937C4B04937C4B05937C4B0F
:10F11000079301F077B8774B5B68DB686433039340
:10F12000754B0493754B0593754B079301F06AB8C3
:10F13000704B5B68DB6868330393724B0493724BCC
:10F140000593724B079301F05DB86A4B5B68DB680F
:10F15000693303936B4B04936B4B05936B4B079392
:10F1600001F050B8634B5B68DB686A330393654B0F
:10F170000493654B0593654B079301F043B85D4BD2
:10F180005B68DB686C330393614B0493614B0593BD
:10F19000614B079301F036B8564B5B68DB68703300
:10F1A0000393584B0493584B0593584B079301F026
:10F1B00029B8504B5B68DB6874330393544B04935A
:10F1C000544B0593544B079301F01CB8494B5B68B3
:10F1D000DB68783303934E4B04934E4B05934E4BB1
:10F1E000079301F00FB8434B5B68DB69203303934F
:10F1F0004A4B04934A4B05934A4B079301F002B8DC
:10F200003C4B5B68DB699B6A03933B4B04933B4B32
:10F2100005933B4B079300F0F5BF364B5B68DB690A
:10F220009B6A04330393344B0493344B0593344B60
:10F23000079300F0E7BF2F4B5B68DB699B6A0833DD
:10F240000393304B0493304B0593304B079300F0FE
:10F25000D9BF284B5B681B6A203303932F4B049361
:10F260002F4B05932F4B079300F0CCBF214B5B68CE
:10F270001B6A9B6A03932C4B04932C4B05932C4BDA
:10F28000079300F0BFBF1B4B5B681B6A9B6A03932D
:10F29000194B0493194B0593194B079300F0B2BF18
:10F2A000144B5B681B6A9B6A04330393124B0493F1
:10F2B000124B0593124B079300F0A4BF0D4B5B68F4
:10F2C0001B6A9B6A083303930B4B04930B4B059308
:10F2D0000B4B079300F096BF064B5B681B6A9B6A5B
:10F2E0000C330393044B0493044B0593044B079393
:10F2F00000F088BF1C1B002081B6010889B60108F8
:10F30000948F0020A1B60108A5B60108808F0020C7
:10F31000ADB60108B1B601086C8F0020DDB601085A
:10F32000E1B60108088F0020DDBE0108F16F020878
:10F330001C8F0020894B5B681B6A9B6A1433039304
:10F34000874B0493874B0593874B079300F05ABF75
:10F35000824B5B681B6A9B6A18330393804B049350
:10F36000804B0593804B079300F04CBF7B4B5B6851
:10F370001B6A9B6A1C3303937C4B04937C4B059361
:10F380007C4B079300F03EBF744B5B685B6A643351
:10F390000393794B0493794B0593794B079300F0D2
:10F3A00031BF6E4B5B685B6A703303936C4B0493A5
:10F3B0006C4B05936C4B079300F024BF674B5B6865
:10F3C0005B6A74330393664B0493664B0593664BF9
:10F3D000079300F017BF614B5B685B6A7833039358
:10F3E0005F4B04935F4B05935F4B079300F00ABF9D
:10F3F0005A4B5B685B6A7C330393594B0493594BBC
:10F400000593594B079300F0FDBE544B5B685B6A54
:10F4100080330393524B0493524B0593524B079303
:10F4200000F0F0BE4D4B5B685B6A843303934C4B3A
:10F4300004934C4B05934C4B079300F0E3BE474BB2
:10F440005B685B6A88330393454B0493454B059394
:10F45000454B079300F0D6BE404B5B685B6A8C332C
:10F4600003933F4B04933F4B05933F4B079300F0AF
:10F47000C9BE3A4B5B685B6A90330393384B049385
:10F48000384B0593384B079300F0BCBE334B5B6899
:10F490005B6A94330393324B0493324B0593324BA4
:10F4A000079300F0AFBE2D4B5B685B6A9833039304
:10F4B0002B4B04932B4B05932B4B079300F0A2BED1
:10F4C000264B5B685B6AA0330393254B0493254B63
:10F4D0000593254B079300F095BE204B5B685B6A54
:10F4E000A43303931E4B04931E4B05931E4B0793AB
:10F4F00000F088BE194B5B685B6AA8330393184B16
:10F500000493184B0593184B079300F07BBE134BE5
:10F510005B685B6AB4330393114B0493114B0593FF
:10F52000114B079300F06EBE0C4B5B685B6ABC33FB
:10F5300003930B4B04930B4B05930B4B079300F07A
:10F5400061BE064B5B685B6A1B6A03930D4B0493B9
:10F550000D4B0593074B079300F054BE1C1B002076
:10F5600081B6010889B60108948F0020A1B6010870
:10F57000A5B60108808F0020E5B60108E9B60108AC
:10F58000F48E0020D5BE0108157002088A4B5B6816
:10F590005B6A1B6A04330393884B0493884B05937F
:10F5A000884B079300F02EBE834B5B685B6A1B6A37
:10F5B00008330393844B0493844B0593844B079344
:10F5C00000F020BE7C4B5B685B6A1B6A0C330393C4
:10F5D0007D4B04937D4B05937D4B079300F012BE4A
:10F5E000754B5B685B6A1B6A03937A4B04937A4B97
:10F5F0000593774B079300F005BE6F4B5B685B6A22
:10F600001B6A0393754B0493754B0593704B0793DB
:10F6100000F0F8BD684B5B685B6A1B6A18330393A4
:10F62000694B0493694B0593694B079300F0EABD5E
:10F63000614B5B685B6A1B6A1C3303935F4B0493EB
:10F640005F4B05935F4B079300F0DCBD5A4B5B6843
:10F650005B6A1B6A20330393624B0493624B0593EE
:10F66000624B079300F0CEBD534B5B685B6A1B6A2D
:10F6700024330393544B0493544B0593544B0793F7
:10F6800000F0C0BD4C4B5B685B6A1B6A2833039378
:10F690004D4B04934D4B05934D4B079300F0B2BD7A
:10F6A000454B5B685B6A1B6A2C330393464B0493A0
:10F6B000464B0593464B079300F0A4BD3E4B5B6859
:10F6C0005B6A1B6A383303933F4B04933F4B0593AC
:10F6D0003F4B079300F096BD374B5B685B6A1B6A34
:10F6E0003C330393384B0493384B0593384B0793C3
:10F6F00000F088BD304B5B685B6A1B6A3033039354
:10F70000314B0493314B0593314B079300F07ABD95
:10F71000294B5B685B6A1B6A0393354B0493354B3B
:10F7200005932B4B079300F06DBD234B5B685B6A21
:10F730001B6A40330393244B0493244B0593244BBF
:10F74000079300F05FBD1C4B5B685B6A1B6A443328
:10F7500003931D4B04931D4B05931D4B079300F022
:10F7600051BD154B5B685B6A1B6A48330393164BAC
:10F770000493164B0593164B079300F043BD0E4BB5
:10F780005B685B6A1B6A4C3303931B4B04931B4BF4
:10F7900005931B4B079300F035BD074B5B685B6A15
:10F7A0001B6A50330393084B0493084B0593084B93
:10F7B000079300F027BD00BF1C1B0020F9B601080D
:10F7C000FDB60108E08E002081B6010889B6010867
:10F7D000948F0020CDBE010831700208C1BE01081F
:10F7E0004970020801B7010805B70108CC8E002056
:10F7F000B5BE010861700208A1B60108A5B60108EE
:10F80000808F00208B4B5B685B6A1B6A54330393C9
:10F81000894B0493894B0593894B079300F0F2BC05
:10F82000844B5B689B6914330393864B0493864B2C
:10F830000593864B079300F0E5BC7E4B5B689B69A4
:10F840000393834B0493834B05937D4B079300F005
:10F85000D9BC784B5B689B6944330393764B049324
:10F86000764B0593764B079300F0CCBC714B5B68ED
:10F870009B6948330393704B0493704B0593704B13
:10F88000079300F0BFBC6B4B5B689B6938330393F5
:10F89000694B0493694B0593694B079300F0B2BC25
:10F8A000644B5B689B69563303936B4B04936B4BC0
:10F8B00005936B4B079300F0A5BC5E4B5B689B699F
:10F8C000DB6803F562530C3303935B4B04935B4B90
:10F8D00005935B4B079300F095BC564B5B689B69A7
:10F8E000DB6803F56253113303935B4B04935B4B6B
:10F8F00005935B4B079300F085BC4E4B5B689B699F
:10F90000DB6803F5625313330393534B0493534B58
:10F910000593534B079300F075BC464B5B689B699E
:10F92000DB6803F56253103303934B4B04934B4B4B
:10F9300005934B4B079300F065BC3E4B5B689B699E
:10F94000DB6803F5625312330393434B0493434B39
:10F950000593434B079300F055BC364B5B689B699E
:10F96000DB6803933F4B04933F4B05933F4B079357
:10F9700000F048BC2F4B5B689B69DB680133039345
:10F980003B4B04933B4B05933B4B079300F03ABC36
:10F99000284B5B689B69DB6804330393264B049315
:10F9A000264B0593264B079300F02CBC214B5B683C
:10F9B0009B69DB68083303931F4B04931F4B05932C
:10F9C0001F4B079300F01EBC1A4B5B689B69DB68FA
:10F9D0000C330393184B0493184B0593184B079360
:10F9E00000F010BC134B5B689B69DB68103303931A
:10F9F000114B0493114B0593114B079300F002BC7C
:10FA00000C4B5B689B69DB68143303930A4B0493CC
:10FA10000A4B05930A4B0793F4E3064B5B689B691B
:10FA2000DB6818330393044B0493044B0593044B96
:10FA30000793E7E31C1B002081B6010889B6010883
:10FA4000948F002009B701080DB70108B88E002077
:10FA5000A9BE010879700208A1B60108A5B601087F
:10FA6000808F002011B7010815B70108A48E00206F
:10FA700019B701081DB70108908E0020844B5B6800
:10FA80009B69DB681C330393824B0493824B059381
:10FA9000824B0793B6E37E4B5B689B69DB68203340
:10FAA00003937F4B04937F4B05937F4B0793A9E30D
:10FAB000774B5B689B69DB6824330393754B049336
:10FAC000754B0593754B07939CE3714B5B689B6982
:10FAD000DB68303303936F4B04936F4B05936F4B8D
:10FAE00007938FE36A4B5B689B69DB68283303935A
:10FAF000684B0493684B0593684B079382E3644B10
:10FB00005B689B69DB6803F5625314330393674BAF
:10FB10000493674B0593674B079373E35C4B5B68F8
:10FB20009B69DB6803F5625318330393594B0493C5
:10FB3000594B0593594B079364E3554B5B689B699D
:10FB4000DB6803F562531C330393584B0493584B03
:10FB50000593584B079355E34D4B5B689B69DB68F6
:10FB60000393554B0493554B05934C4B079349E333
:10FB7000474B5B689B69DB6803F56153383303933C
:10FB8000474B0493474B0593474B07933AE3404B4E
:10FB90005B689B69DB6803F561533C3303933D4B22
:10FBA00004933D4B05933D4B07932BE3384B5B6828
:10FBB0009B69DB6803F562530393364B0493364B22
:10FBC0000593364B07931DE3314B5B689B69DB68FC
:10FBD00003F5625308330393314B0493314B059380
:10FBE000314B07930EE32A4B5B689B690433039305
:10FBF000284B0493284B0593284B079302E3244B8F
:10FC00005B689B6908330393254B0493254B05934D
:10FC1000254B0793F6E21E4B5B681B691433039375
:10FC2000274B0493274B0593274B0793EAE2184B86
:10FC30005B681B6940330393244B0493244B059367
:10FC4000244B0793DEE2124B5B681B69DB6803936E
:10FC5000214B0493214B0593214B0793D2E20C4B8C
:10FC60005B681B69DB6803931E4B04931E4B059373
:10FC70000D4B0793C6E2064B5B681B69DB68039379
:10FC80001A4B04931A4B0593074B0793BAE200BF34
:10FC90001C1B002081B6010889B60108948F002042
:10FCA000A1B60108A5B60108808F002021B7010880
:10FCB00025B701087C8E00209DBE010895700208C2
:10FCC00029B701082DB70108688E0020F9B6010890
:10FCD000FDB60108E08E002035B7010839B70108EC
:10FCE000548E002091BE0108AD70020889BE010843
:10FCF000CD7002087D4B5B681B69DB6803937C4B0E
:10FD000004937C4B05937C4B07937BE2774B5B68BA
:10FD10001B69DB6804330393784B0493784B05939A
:10FD2000784B07936EE2714B5B681B69DB680833A5
:10FD30000393754B0493754B0593754B079361E2E1
:10FD40006A4B5B681B69DB680C3303936E4B04934F
:10FD50006E4B05936E4B079354E2644B5B681B69D3
:10FD6000DB6803936B4B04936B4B0593654B0793D5
:10FD700048E25E4B5B681B69DB6810330393674B9B
:10FD80000493674B0593674B07933BE2574B5B68C4
:10FD90001B69DB6814330393584B0493584B05934A
:10FDA000584B07932EE2514B5B681B69DB6803934A
:10FDB0005D4B04935D4B05935A4B079322E24B4BEB
:10FDC0005B681B69DB6818330393544B0493544BF3
:10FDD0000593544B079315E2444B5B681B69DB6842
:10FDE0001C3303934D4B04934D4B05934D4B07939D
:10FDF00008E23E4B5B681B69DB6820330393474B8B
:10FE00000493474B0593474B0793FBE1374B5B68E4
:10FE10001B69DB6829330393384B0493384B0593F4
:10FE2000384B0793EEE1314B5B681B69DB682A3383
:10FE30000393324B0493324B0593324B0793E1E12A
:10FE40002A4B5B681B69DB682E330393384B0493A2
:10FE5000384B0593284B0793D4E1244B5B681B690F
:10FE6000DB6830330393324B0493324B0593224BC0
:10FE70000793C7E11D4B5B681B6904330393224B57
:10FE80000493224B0593224B0793BBE1174B5B680E
:10FE90005B6908330393284B0493284B0593284B45
:10FEA0000793AFE1114B5B685B690C3303931B4B0A
:10FEB00004931B4B05931B4B0793A3E10B4B5B6810
:10FEC0005B6910330393154B0493154B0593154B46
:10FED000079397E1054B5B685B69143303930F4B02
:10FEE00004930F4B05930F4B07938BE11C1B0020D2
:10FEF0007DBE0108E57002081C8F0020A1B6010834
:10FF0000A5B60108808F0020F9B60108FDB60108EA
:10FF1000E08E002075BE0108FD70020881B6010860
:10FF200089B60108948F00206DBE0108197102087E
:10FF30003DB7010841B7010845B7010849B70108B5
:10FF4000408E0020804B5B685B695B6803937F4B4E
:10FF500004937F4B05937F4B079353E17A4B5B6888
:10FF60005B695B6804330393784B0493784B059388
:10FF7000784B079346E1744B5B685B695B680833B9
:10FF80000393724B0493724B0593724B079339E1C1
:10FF90006D4B5B689B6A5B6803936C4B04936C4B83
:10FFA00005936C4B07932DE1674B5B689B6A5B681D
:10FFB00004330393654B0493654B0593654B07939B
:10FFC00020E1614B5B689B6A5B68083303935F4B7E
:10FFD00004935F4B05935F4B079313E15A4B5B68A8
:10FFE000DB6A1B6803935C4B04935C4B05935C4B8F
:10FFF000079307E1544B5B68DB6A1B680393594B1B
:020000040802F0
:100000000493594B0593594B0793FBE04E4B5B68A8
:10001000DB6A1B6803934D4B04934D4B05934D4B8B
:100020000793EFE0484B5B68DB6A1B680B33039375
:100030004F4B04934F4B05934C4B0793E2E0424BDD
:100040005B68DB6A1B680C330393494B0493494B91
:100050000593464B0793D5E03B4B5B68DB6A1B6817
:100060000393454B0493454B0593454B0793C9E0D8
:10007000354B5B681B6B1B680393374B0493374B03
:100080000593374B0793BDE02F4B5B681B6B1B68D9
:100090000393344B0493344B0593344B0793B1E0F3
:1000A000294B5B681B6B1B680393284B0493284BFD
:1000B0000593284B0793A5E0234B5B681B6B1B68DC
:1000C0000B3303932A4B04932A4B0593274B079337
:1000D00098E01D4B5B681B6B1B680C330393244B30
:1000E0000493244B0593214B07938BE0164B5B68DD
:1000F0001B6B1B680393204B0493204B0593204BF1
:1001000007937FE01F4B1B68103303931E4B049330
:100110001E4B05931E4B079374E01A4B1B685B69DB
:1001200003931C4B04931C4B0593154B079369E0F9
:10013000144B1B685B6904330393184B0493184BEF
:100140000593184B07935DE01C1B002081B6010846
:1001500089B60108948F002061BE01082D71020844
:100160001C8F002059BE010845710208808F0020B5
:10017000A1B60108A5B6010851BE01085D710208CB
:100180006C8F0020181B00204DB7010851B70108E3
:100190002C8E0020ADB60108B1B6010855B7010894
:1001A00059B70108188E0020224B1B6804330393B3
:1001B000214B0493214B0593214B079322E0214BC4
:1001C00003931D4B04931D4B05931D4B079319E09F
:1001D0001D4B03931D4B04931D4B05931D4B079320
:1001E00010E01D4B0393144B0493144B0593144BD5
:1001F000079307E0194B03930F4B04930F4B0593A1
:100200000F4B0793079800283CF46CAF144A15492C
:100210006FF001030AF080FD00283CF463AF03682F
:10022000B0EE480A1B6803A9984709B0BDEC028BE1
:100230005DF804FB181B0020ADB60108B1B601083B
:100240006C8F0020141B002094190020F9B60108BF
:10025000FDB60108E08E00209C190020A4190020A2
:100260002CDE0208E8DD02080B6872B19A4211D94F
:1002700018700B6801339A420B600BD9001218708A
:100280000B68012003440B60704718700B68013342
:100290000B60F3E70020704730B400230C681D4664
:1002A0000AB1A2420ED914F801CB0C600CFA03FC7F
:1002B0000833202B45EA0C05F2D1012305600371B8
:1002C00030BC7047002330BC0371704700B50B6829
:1002D0004FF0000C40FA0CFE0CF1080C0AB19A42E7
:1002E0000BD983F800E00B68BCF1200F03F1010388
:1002F0000B60EFD101205DF804FB00205DF804FBEA
:10030000F0B5134640F225228DB00C4600279042EE
:1003100006F24583DFE810F026022D02330239028F
:10032000520279027D02850289028D0291029502B4
:1003300099029F02B702BC02C102C602CB02D002E0
:10034000D502DA02DF02E402E902EE02F302F80269
:10035000FD02020307030C03110318031C0320030F
:1003600026032E0336033E0355036E038503EE0377
:100370000704200439045204690482049B04B40471
:10038000CD04E7040005190533054C059005AA05C1
:10039000C305DC05F6050F06280642065B06740653
:1003A0008E06A706C006C506E006E706F4060D079A
:1003B00040074D0766077F079907B307CD07E70793
:1003C00001081B08350851086D0887089E08C808F1
:1003D000E40800091C093809540970098C09A809A6
:1003E000C409E009FC09160A3A0A540A700A8C0A80
:1003F000A80AC40AE00AFC0A160B300B4A0B660B6B
:10040000800B9C0BC60BE00BE40B000C1D0C380C96
:10041000520C560C6E0C8A0CA70CC40CE10CFE0C92
:100420001B0D480D600D6E0D790D7D0D810D9D0D1F
:10043000B90DD50DD90DF50D110E2D0E490E650E08
:10044000810E9D0EB90ECA0EE60E020F1E0F220F70
:10045000260F420F460F620F6D0F780F830F8E0F1E
:10046000990FA40FAF0FBA0FC50FD00FDB0FE60F18
:10047000F10F0B103610531070108C10A810C5100F
:10048000E210FD101A113711541171118E11C211A1
:10049000DE11FB111812351250126D128A12A412BD
:1004A000BF12DB12F712FB12FF1203130D134013DE
:1004B0005A1379139613B313D013ED1307142214A0
:1004C0003F145C1479149614C614E31400151B151C
:1004D0003815551572158F15AE15CB15E715EB159B
:1004E0000816151646166416681685169B16B71656
:1004F000D116D516ED16F616FF160917131717178E
:100500001B171F17231727172B172F1739173D17DF
:1005100041174517611765177D179717D017E8170B
:10052000031820183D18571874188F18AB18C818DE
:10053000E51802191D1952196B1984198819A41983
:10054000BE19DA19F619121A2E1A4B1A681A841AD9
:10055000A11ABE1ADA1AF21A0C1B281B431B5E1BC7
:100560007A1B831B9B1BB51BD11BEC1B071C231C7D
:10057000271C2B1C601C691C731C8C1C931C9D1C51
:10058000B61CCF1CE91C031D1D1D371D511D6B1D05
:10059000851DA11DBD1DE81DFF1D161E321E4E1E10
:1005A0006A1E861EA21EBE1EDA1EF61E121F2E1FF9
:1005B000581F721F8C1FA61FC21FDE1FFA1F162096
:1005C00032204E20682082209C20B820E020FC2091
:1005D00018213221362152216F218A21A421AC21F8
:1005E000C421E021FD211A2237226C228922A42273
:1005F000BC22C722D122D922E122FD221923352390
:100600003D23592375239123AD23C923F6231224B7
:100610002E24362452246E248A2492249A24B6242A
:10062000BE24DA24E524F024FB24062511251C250C
:10063000272532253D25482553255E2572258C2505
:10064000A925C625E325FF251B2638265526702615
:100650008D26AA26C726FE261B2738275427712752
:100660008E27AB27C627E32700281A2835285128CC
:100670006D288828902895289F28BB28D528F428FD
:1006800011292E294B29682982299D29BA29D72980
:10069000082A252A422A5F2A7C2A972AB42AD12AA4
:1006A000EE2A0B2B2A2B472B632B842BA12BAE2B53
:1006B000CD2BEB2BF62B132C172C332C4D2C542C31
:1006C0006C2C752C7E2C882C922C9A2CA22CAA2C6B
:1006D000B22CBA2CC22CCA2CD42CDC2CE42CFC2C32
:1006E000182D202D382D522D6C2D842D9F2DBC2D95
:1006F000D92DF32D102E2B2E472E8C2EA92EC62E43
:10070000E12EFC2E152F2E2F372F522F6B2F862FD9
:10071000A12FBC2FD72F0A30263041305D307930E1
:1007200081309830B130CC30E63000311B3123318C
:100730003A316A3185319F31B931D431D931DF3124
:1007400002321C323F3247326132793282329A327F
:10075000A132AA32C232EE320E3326332E33333375
:1007600038333E33194620460DB0BDE8F0400AF05C
:100770000FBAB748B749C069012206F0F6B8B448C5
:10078000B449006A012206F0F0B8B34A0892B34AAD
:100790000992B34A0A9201228DF82C2000228DF88A
:1007A0001C20DDE90601CDE902438DE803000CAB16
:1007B00013E90F00FBF7F4FD06F0F2B8A44A059325
:1007C000906AFAF765FF059B5F680022D3F800C0C6
:1007D0000FB1BC4516D2C2F12006A2F1200520FAC5
:1007E00002F401FA06F6344321FA05F52C438CF89D
:1007F00000401C6808320134402A1C60E6D1012008
:1008000006F0CEB8002006F0CBB8964996480122F3
:1008100002E09449954801220DB0BDE8F040FBF795
:1008200025BC904992480122F6E78E499148012261
:10083000F2E78C4990480122EEE78A498F4801226D
:10084000EAE788498E480122E6E781488D49806BB6
:10085000012201F0D5BA7E4AD26B08928A4A0992E7
:100860008A4A0A92CDE9014301228DF82C20002208
:10087000ADF800200CABADF8182013E90F00FBF722
:1008800039FC06F08DB882498248012205F0AEB8E5
:100890007F498148012205F0A9B87D497F4801229E
:1008A00005F0A4B87A497E48012205F09FB878493E
:1008B0007C48012205F09AB875497B48012205F071
:1008C00095B873497948012205F090B87049784885
:1008D000012205F08BB86E497648012205F086B8F2
:1008E0006B497548012205F081B8694973480122B6
:1008F00005F07CB866497248012205F077B8644972
:100900007048012205F072B861496F48012205F074
:100910006DB85F496D48012205F068B85C496C48C4
:10092000012205F063B85A496A48012205F05EB811
:1009300057496948012205F059B845485449D0F84B
:100940008C00012205F052B8414AD2F88C000CE02C
:100950003F4AD2F88C0010E03D484249D0F8900060
:10096000012259E73A4AD2F890004949012204305D
:1009700005F03CB8364AD2F89000454901220830CB
:1009800005F034B8324A4249D2F8900001220C30C6
:1009900005F02CB8514A08923B4A09923B4A0A9208
:1009A000CDE9014301228DF82C200022ADF8002072
:1009B0000CABADF8182013E90F00FBF79BFB05F01B
:1009C000EFBF474A0892474A0992474A0A920122D2
:1009D0008DF82C2000228DF81C20DDE90601CDE9E0
:1009E00002438DE803000CAB13E90F00FBF790FC0A
:1009F00005F0D6BF3D4A0892234A0992234A0A923B
:100A0000CDE9014301228DF82C200022ADF8002011
:100A10000CABADF8182013E90F00FBF76BFB05F0EA
:100A2000BFBF334A0892184A0992184A0A92CDE980
:100A3000014301228DF82C200022ADF800200CABE0
:100A4000ADF8182013E90F00FBF754FB05F0A8BF21
:100A50009019002079B60108B419002081B6010868
:100A600089B6010899B60108C0190020C1190020F3
:100A7000C2190020C3190020C4190020C519002084
:100A8000C61900209DB60108A1B60108A5B6010847
:100A9000A9B60108D4190020D8190020DC190020BB
:100AA000E0190020E4190020E8190020EC190020CA
:100AB000F8190020F0190020F4190020FC1900207A
:100AC000001A0020041A0020081A00200C1A002026
:100AD000101A0020141A0020181A0020241A0020CE
:100AE0000C1B0020ADB60108B1B60108251A002084
:100AF000261A0020BB4A0892BB4A0992BB4A0A92B6
:100B000001228DF82C2000228DF81C20DDE9060141
:100B1000CDE902438DE803000CAB13E90F00FBF7AE
:100B20003FFC05F03DBFB24A0892AF4A0992AF4A76
:100B30000A9201228DF82C2000228DF81C20DDE97C
:100B40000601CDE902438DE803000CAB13E90F0069
:100B5000FBF726FC05F024BFA64A0892A24A099298
:100B6000A24A0A9201228DF82C2000228DF81C2026
:100B7000DDE90601CDE902438DE803000CAB13E982
:100B80000F00FBF70DFC05F00BBF9B4A0892964A3D
:100B90000992964A0A9201228DF82C2000228DF8A3
:100BA0001C20DDE90601CDE902438DE803000CAB12
:100BB00013E90F00FBF7F4FB05F0F2BE8F4A089231
:100BC0008F4A09928F4A0A92CDE9014301228DF89A
:100BD0002C200022ADF800200CABADF8182013E952
:100BE0000F00FBF787FA05F0DBBE874A08927E4AC2
:100BF00009927E4A0A9201228DF82C2000228DF85B
:100C00001C20DDE90601CDE902438DE803000CABB1
:100C100013E90F00FBF7C4FB05F0C2BE7B4A089244
:100C2000714A0992714A0A9201228DF82C20002201
:100C30008DF81C20DDE90601CDE902438DE80300B3
:100C40000CAB13E90F00FBF7ABFB05F0A9BE704A34
:100C50000892654A0992654A0A9201228DF82C2071
:100C600000228DF81C20DDE90601CDE902438DE864
:100C700003000CAB13E90F00FBF792FB05F090BEED
:100C8000644A0892584A0992584A0A9201228DF8F9
:100C90002C2000228DF81C20DDE90601CDE902435D
:100CA0008DE803000CAB13E90F00FBF779FB05F0AF
:100CB00077BE594A0892594A0992594A0A92012222
:100CC0008DF82C2000228DF81C20DDE90601CDE9ED
:100CD00002430090ADF804100CAB13E90F00FBF7D2
:100CE000B1FB05F05DBE4F4A08923F4A09923F4A68
:100CF0000A9201228DF82C2000228DF81C20DDE9BB
:100D00000601CDE902438DE803000CAB13E90F00A7
:100D1000FBF746FB05F044BE434A0892324A09926B
:100D2000324A0A9201228DF82C2000228DF81C20D4
:100D3000DDE90601CDE902438DE803000CAB13E9C0
:100D40000F00FBF72DFB05F02BBE384A0892334A03
:100D50000992334A0A9201228DF82C2000228DF844
:100D60001C20DDE90601CDE902430090ADF8041036
:100D70000CAB13E90F00FBF765FB05F011BE2C4A25
:100D80000892194A0992194A0A9201228DF82C20D8
:100D900000228DF81C20DDE90601CDE902438DE833
:100DA00003000CAB13E90F00FBF7FAFA05F0F8BDEE
:100DB000204A08920C4A09920C4A0A9201228DF8A4
:100DC0002C2000228DF81C20DDE90601CDE902432C
:100DD0008DE803000CAB13E90F00FBF7E1FA05F017
:100DE000DFBD00BF281A002081B6010889B60108BE
:100DF0002C1A0020301A0020341A0020381A002043
:100E0000A1B60108A5B601083C1A0020401A00202E
:100E1000441A0020481A00204C1A0020B5B60108D8
:100E2000BDB60108501A0020541A0020581A00209C
:100E30005C1A0020601A0020C04A0892C04A099239
:100E4000C04A0A9201228DF82C2000228DF81C2025
:100E5000DDE90601CDE902430090ADF804100CABCA
:100E600013E90F00FBF7EEFA05F09ABDB64A0892B7
:100E7000B64A0992B64A0A9201228DF82C20002225
:100E80008DF81C20DDE90601CDE902438DE8030061
:100E90000CAB13E90F00FBF783FA05F081BDAD4AF7
:100EA0000892AA4A0992AA4A0A9201228DF82C2095
:100EB00000228DF81C20DDE90601CDE902438DE812
:100EC00003000CAB13E90F00FBF76AFA05F068BDED
:100ED000A14A08929A4A09929A4A0A9201228DF8E6
:100EE0002C2000228DF81C20DDE90601CDE902430B
:100EF0000090ADF804100CAB13E90F00FBF7A2FA59
:100F000005F04EBD954A0892904A0992904A0A927D
:100F100001228DF82C2000228DF81C20DDE906012D
:100F2000CDE902438DE803000CAB13E90F00FBF79A
:100F300037FA05F035BD8A4A0892844A0992844AF4
:100F40000A9201228DF82C2000228DF81C20DDE968
:100F50000601CDE902438DE803000CAB13E90F0055
:100F6000FBF71EFA05F01CBD7E4A0892744A0992EE
:100F7000744A0A9201228DF82C2000228DF81C2040
:100F8000DDE90601CDE902430090ADF804100CAB99
:100F900013E90F00FBF756FA05F002BD724A0892FA
:100FA0006A4A09926A4A0A9201228DF82C2000228C
:100FB0008DF81C20DDE90601CDE902438DE8030030
:100FC0000CAB13E90F00FBF7EBF905F0E9BC674A3E
:100FD00008925E4A09925E4A0A9201228DF82C20FC
:100FE00000228DF81C20DDE90601CDE902438DE8E1
:100FF00003000CAB13E90F00FBF7D2F905F0D0BCEE
:101000005B4A08924E4A09924E4A0A9201228DF892
:101010002C2000228DF81C20DDE90601CDE90243D9
:101020000090ADF804100CAB13E90F00FBF70AFABF
:1010300005F0B6BC4F4A0892444A0992444A0A92C3
:1010400001228DF82C2000228DF81C20DDE90601FC
:10105000CDE902438DE803000CAB13E90F00FBF769
:101060009FF905F09DBC444A0892384A0992384AD3
:101070000A9201228DF82C2000228DF81C20DDE937
:101080000601CDE902438DE803000CAB13E90F0024
:10109000FBF786F905F084BC38493948012200F095
:1010A000AFBE384A126850320892374A0992374A1E
:1010B0000A9201228DF82C2000228DF81C20DDE9F7
:1010C0000601CDE902438DE803000CAB13E90F00E4
:1010D000FBF77EFA05F064BC2A4A28491068012211
:1010E000543000F08DBE274A05931268506FFAF70E
:1010F000EDFA059B5A681946FFF7E8F805F050BC71
:10110000204A126866320892214A0992214A0A92BC
:10111000CDE9014301228DF82C200022ADF80020FA
:101120000CABADF8182013E90F00FBF7F3FC05F04A
:1011300037BC144A106802F07DBD00BF641A00205D
:10114000B5B60108BDB60108681A002081B60108CD
:1011500089B601086C1A0020701A0020741A002049
:10116000781A0020C41A0020C81A0020CC1A0020C7
:10117000D01A0020D41A0020D81A00209DB60108E9
:10118000101B00201C1B0020C5B60108C9B60108B1
:10119000D1B60108D5B60108BA4A059310687C306B
:1011A000FAF79AFA059B5A681946FFF78FF805F087
:1011B000F7BBB44A12687D320892B34A0992B34A27
:1011C0000A92CDE9014301228DF82C200022ADF8CE
:1011D00000200CABADF8182013E90F00FAF78AFFD6
:1011E00005F0DEBBA74A1268D2680892A64A0992A7
:1011F000A64A0A92CDE9014301228DF82C20002253
:10120000ADF800200CABADF8182013E90F00FAF789
:1012100071FF05F0C5BB9B4A1268D2680132089283
:10122000994A0992994A0A92CDE9014301228DF81F
:101230002C200022ADF800200CABADF8182013E9EB
:101240000F00FAF757FF05F0ABBB8E4A1268D26861
:10125000023208928C4A09928C4A0A92CDE90143E3
:1012600001228DF82C200022ADF800200CABADF847
:10127000182013E90F00FAF73DFF05F091BB814AF2
:101280001268D268033208927F4A09927F4A0A9212
:10129000CDE9014301228DF82C200022ADF8002079
:1012A0000CABADF8182013E90F00FAF723FF05F097
:1012B00077BB744A1268D26804320892724A099263
:1012C000724A0A92CDE9014301228DF82C200022B6
:1012D000ADF800200CABADF8182013E90F00FAF7B9
:1012E00009FF05F05DBB674A1268D26805320892B3
:1012F000654A0992654A0A92CDE9014301228DF8B7
:101300002C200022ADF800200CABADF8182013E91A
:101310000F00FAF7EFFE05F043BB5A4A1268D26895
:1013200006320892584A0992584A0A92CDE9014376
:1013300001228DF82C200022ADF800200CABADF876
:10134000182013E90F00FAF7D5FE05F029BB4D4A26
:101350001268D268073208924B4A09924B4A0A92A5
:10136000CDE9014301228DF82C200022ADF80020A8
:101370000CABADF8182013E90F00FAF7BBFE05F02F
:101380000FBB404A1268D26808320892404A09925C
:10139000404A0A9201228DF82C2000228DF81C2050
:1013A000DDE90601CDE902438DE803000CAB13E94A
:1013B0000F00FAF7F5FF05F0F3BA324A1268D26867
:1013C0000C320892324A0992324A0A9201228DF86E
:1013D0002C2000228DF81C20DDE90601CDE9024316
:1013E0008DE803000CAB13E90F00FAF7D9FF05F005
:1013F000D7BA244A1268D26810320892224A099257
:10140000224A0A92CDE9014301228DF82C200022C4
:10141000ADF800200CABADF8182013E90F00FAF777
:1014200069FE05F0BDBA174A1268D26808921A4AD6
:1014300009921A4A0A92CDE9014301228DF82C2023
:10144000002200920CAB069213E90F00FAF706FF98
:1014500005F0A6BA0B4A1268D2680892104A09929F
:10146000104A0A92CDE9014301228DF82C20002276
:1014700000920CAB069213E90F00FAF7EFFE05F0AD
:101480008FBA00BF1C1B0020A1B60108A5B6010839
:1014900081B6010889B6010869C00108F5CE0108C6
:1014A00061C0010811CF0108B34A1268D26818322E
:1014B0000892B24A0992B24A0A9201228DF82C206F
:1014C00000228DF81C20DDE90601CDE902438DE8FC
:1014D00003000CAB13E90F00FAF762FF05F060BAE6
:1014E000A54A1268D2681C320892A44A0992A44AFA
:1014F0000A9201228DF82C2000228DF81C20DDE9B3
:101500000601CDE902438DE803000CAB13E90F009F
:10151000FAF746FF05F044BA974A1268D2682032BB
:101520000892964A0992964A0A9201228DF82C2036
:1015300000228DF81C20DDE90601CDE902438DE88B
:1015400003000CAB13E90F00FAF72AFF05F028BAE5
:10155000894A1268D26824320892884A0992884AD5
:101560000A9201228DF82C2000228DF81C20DDE942
:101570000601CDE902438DE803000CAB13E90F002F
:10158000FAF70EFF05F00CBA7B4A1268D2682832CF
:1015900008927A4A09927A4A0A9201228DF82C20FE
:1015A00000228DF81C20DDE90601CDE902438DE81B
:1015B00003000CAB13E90F00FAF7F2FE05F0F0B9E7
:1015C0006D4A1268D268343208926C4A09926C4AA9
:1015D0000A9201228DF82C2000228DF81C20DDE9D2
:1015E0000601CDE902438DE803000CAB13E90F00BF
:1015F000FAF7D6FE05F0D4B95F4A1268D2683832DD
:1016000008925E4A09925E4A0A9201228DF82C20C5
:1016100000228DF81C20DDE90601CDE902438DE8AA
:1016200003000CAB13E90F00FAF7BAFE05F0B8B9E6
:10163000514A1268D2683C320892504A0992504A84
:101640000A9201228DF82C2000228DF81C20DDE961
:101650000601CDE902438DE803000CAB13E90F004E
:10166000FAF79EFE05F09CB9434A1268D2684032F0
:101670000892424A0992424A0A9201228DF82C208D
:1016800000228DF81C20DDE90601CDE902438DE83A
:1016900003000CAB13E90F00FAF782FE05F080B9E6
:1016A000354A1268D26844320892344A0992344A60
:1016B0000A9201228DF82C2000228DF81C20DDE9F1
:1016C0000601CDE902438DE803000CAB13E90F00DE
:1016D000FAF766FE05F064B9274A1268D268483204
:1016E0000892264A0992264A0A9201228DF82C2055
:1016F00000228DF81C20DDE90601CDE902438DE8CA
:1017000003000CAB13E90F00FAF74AFE05F048B9E5
:10171000194A1268D2684C3208921A4A09921A4A37
:101720000A92CDE9014301228DF82C200022ADF868
:1017300000200CABADF8182013E90F00FAF7DAFC23
:1017400005F02EB90C4A1268D2684D3208920D4A43
:1017500009920D4A0A92CDE9014301228DF82C200D
:101760000022ADF800200CABADF8182013E90F00F3
:10177000FAF7C0FC05F014B91C1B002081B6010863
:1017800089B60108A1B60108A5B60108BE4A1268CB
:10179000D2684E320892BD4A0992BD4A0A92CDE9FA
:1017A000014301228DF82C200022ADF800200CAB63
:1017B000ADF8182013E90F00FAF79CFC05F0F0B81B
:1017C000B14A1268D26850320892B24A0992B24ABB
:1017D0000A9201228DF82C2000228DF81C20DDE9D0
:1017E0000601CDE902438DE803000CAB13E90F00BD
:1017F000FAF7D6FD05F0D4B8A34A1268D26854327D
:101800000892A44A0992A44A0A9201228DF82C2037
:1018100000228DF81C20DDE90601CDE902438DE8A8
:1018200003000CAB13E90F00FAF7BAFD05F0B8B8E6
:10183000954A1268D26858320892964A0992964A96
:101840000A9201228DF82C2000228DF81C20DDE95F
:101850000601CDE902438DE803000CAB13E90F004C
:10186000FAF79EFD05F09CB8874A1268D2685C3290
:101870000892884A0992884A0A9201228DF82C20FF
:1018800000228DF81C20DDE90601CDE902438DE838
:1018900003000CAB13E90F00FAF782FD05F080B8E6
:1018A000794A1268D268603208927A4A09927A4A72
:1018B0000A9201228DF82C2000228DF81C20DDE9EF
:1018C0000601CDE902438DE803000CAB13E90F00DC
:1018D000FAF766FD05F064B86B4A1268D2686432A4
:1018E00008926C4A09926C4A0A9201228DF82C20C7
:1018F00000228DF81C20DDE90601CDE902438DE8C8
:1019000003000CAB13E90F00FAF74AFD05F048B8E5
:101910005D4A1268D268683208925C4A09925C4A51
:101920000A92CDE9014301228DF82C200022ADF866
:1019300000200CABADF8182013E90F00FAF7DAFB22
:1019400005F02EB8504A1268D268693208924F4AA0
:1019500009924F4A0A92CDE9014301228DF82C20C9
:101960000022ADF800200CABADF8182013E90F00F1
:10197000FAF7C0FB05F014B8434A1268D2686A321D
:101980000892424A0992424A0A92CDE90143012251
:101990008DF82C200022ADF800200CABADF81820FB
:1019A00013E90F00FAF7A6FB04F0FABF364A1268F3
:1019B000D2686C320892394A0992394A0A92012255
:1019C0008DF82C2000228DF81C20DDE90601CDE9E0
:1019D00002438DE803000CAB13E90F00FAF798FC03
:1019E00004F0DEBF284A1268D26870320892274A93
:1019F0000992274A0A92CDE9014301228DF82C2051
:101A00000022ADF800200CABADF8182013E90F0050
:101A1000FAF770FB04F0C4BF1B4A1268D268743234
:101A200008921E4A09921E4A0A9201228DF82C2021
:101A300000228DF81C20DDE90601CDE902438DE886
:101A400003000CAB13E90F00FAF762FC04F0A8BF27
:101A50000D4A1268D26878320892104A0992104AE8
:101A60000A9201228DF82C2000228DF81C20DDE93D
:101A70000601CDE902438DE803000CAB13E90F002A
:101A8000FAF746FC04F08CBF1C1B0020A1B601082D
:101A9000A5B6010881B6010889B60108ADB60108EE
:101AA000B1B60108B74A1268D26920320892B64A24
:101AB0000992B64A0A92CDE9014301228DF82C2001
:101AC0000022ADF800200CABADF8182013E90F0090
:101AD000FAF7D4FF04F064BFAA4A126802F050BDBE
:101AE000A84A1268D269926A0892A94A0992A94A38
:101AF0000A9201228DF82C2000228DF81C20DDE9AD
:101B00000601CDE902438DE803000CAB13E90F0099
:101B1000FAF746FC04F044BF9A4A1268D269926A06
:101B2000043208929A4A09929A4A0A9201228DF83E
:101B30002C2000228DF81C20DDE90601CDE90243AE
:101B40008DE803000CAB13E90F00FAF729FC04F051
:101B500027BF8C4A1268D269926A083208928E4A6C
:101B600009928E4A0A92CDE9014301228DF82C2078
:101B70000022ADF800200CABADF8182013E90F00DF
:101B8000FAF7B8FA04F00CBF7E4A1268126A2032E3
:101B900008927D4A09927D4A0A92CDE901430122C9
:101BA0008DF82C200022ADF800200CABADF81820E9
:101BB00013E90F00FAF762FF04F0F2BE714A1268EF
:101BC00002F050BD6F4A1268126A926A0892744A13
:101BD0000992744A0A92CDE9014301228DF82C2022
:101BE000002200920CAB069213E90F00FAF736FBC5
:101BF00004F0D6BE634A1268126A926A0892644A76
:101C00000992644A0A9201228DF82C2000228DF854
:101C10001C20DDE90601CDE902438DE803000CAB91
:101C200013E90F00FAF7BCFB04F0BABE554A12687C
:101C3000126A926A04320892554A0992554A0A92E7
:101C400001228DF82C2000228DF81C20DDE90601F0
:101C5000CDE902438DE803000CAB13E90F00FAF75E
:101C60009FFB04F09DBE474A1268126A926A0832CE
:101C70000892474A0992474A0A9201228DF82C207D
:101C800000228DF81C20DDE90601CDE902438DE834
:101C900003000CAB13E90F00FAF782FB04F080BEDF
:101CA000384A1268126A926A0C320892384A0992CB
:101CB000384A0A9201228DF82C2000228DF81C202F
:101CC000DDE90601CDE902438DE803000CAB13E921
:101CD0000F00FAF765FB04F063BE2A4A1268126A25
:101CE000926A143208922A4A09922A4A0A920122D6
:101CF0008DF82C2000228DF81C20DDE90601CDE9AD
:101D000002438DE803000CAB13E90F00FAF748FB20
:101D100004F046BE1B4A1268126A926A1832089290
:101D20001B4A09921B4A0A9201228DF82C2000229C
:101D30008DF81C20DDE90601CDE902438DE80300A2
:101D40000CAB13E90F00FAF72BFB04F029BE0D4A88
:101D50001268126A926A1C3208920F4A09920F4A5C
:101D60000A92CDE9014301228DF82C200022ADF822
:101D700000200CABADF8182013E90F00FAF7BAF900
:101D800004F00EBE1C1B0020DDB60108E1B6010800
:101D900081B6010889B60108A1B60108A5B60108F7
:101DA00059C0010829CF0108BA4A1268526A643240
:101DB0000892B94A0992B94A0A92CDE9014301222F
:101DC0008DF82C20002200920CAB069213E90F0034
:101DD000FAF708FE04F0E4BDAE4A05931268506AB3
:101DE0006630F9F783FC059B5A681946FEF76EFAD0
:101DF00004F0D6BDA74AAA491268506A012267308A
:101E00000DB0BDE8F040FAF745B9A24A126802F0F9
:101E100056BDA04A126802F05ABD9E4A1268526A24
:101E2000703208929F4A09929F4A0A9201228DF8C5
:101E30002C2000228DF81C20DDE90601CDE90243AB
:101E40008DE803000CAB13E90F00FAF7A9FA04F0D0
:101E5000A7BD904A1268526A74320892914A099258
:101E6000914A0A9201228DF82C2000228DF81C2024
:101E7000DDE90601CDE902438DE803000CAB13E96F
:101E80000F00FAF78DFA04F08BBD824A1268526A8D
:101E900078320892834A0992834A0A9201228DF885
:101EA0002C2000228DF81C20DDE90601CDE902433B
:101EB0008DE803000CAB13E90F00FAF771FA04F098
:101EC0006FBD744A126802F05EBD724A1268526AAF
:101ED0007C320892734A0992734A0A9201228DF861
:101EE0002C2000228DF81C20DDE90601CDE90243FB
:101EF0008DE803000CAB13E90F00FAF751FA04F078
:101F00004FBD644A1268526A80320892654A09924B
:101F1000654A0A9201228DF82C2000228DF81C209F
:101F2000DDE90601CDE902438DE803000CAB13E9BE
:101F30000F00FAF735FA04F033BD564A1268526AB8
:101F400084320892574A0992574A0A9201228DF820
:101F50002C2000228DF81C20DDE90601CDE902438A
:101F60008DE803000CAB13E90F00FAF719FA04F03F
:101F700017BD484A1268526A88320892494A099243
:101F8000494A0A9201228DF82C2000228DF81C204B
:101F9000DDE90601CDE902438DE803000CAB13E94E
:101FA0000F00FAF7FDF904F0FBBC3A4A1268526AD6
:101FB0008C3208923B4A09923B4A0A9201228DF8E0
:101FC0002C2000228DF81C20DDE90601CDE902431A
:101FD0008DE803000CAB13E90F00FAF7E1F904F008
:101FE000DFBC2C4A1268526A903208922D4A09923C
:101FF0002D4A0A9201228DF82C2000228DF81C20F7
:10200000DDE90601CDE902438DE803000CAB13E9DD
:102010000F00FAF7C5F904F0C3BC1E4A1268526AF1
:10202000943208921F4A09921F4A0A9201228DF89F
:102030002C2000228DF81C20DDE90601CDE90243A9
:102040008DE803000CAB13E90F00FAF7A9F904F0CF
:10205000A7BC104A1268526A98320892114A099233
:10206000114A0A9201228DF82C2000228DF81C20A2
:10207000DDE90601CDE902438DE803000CAB13E96D
:102080000F00FAF78DF904F08BBC024A126802F0D7
:1020900073BD00BF1C1B0020E5B60108E9B60108AE
:1020A0009DB6010881B6010889B60108AE4A1268DA
:1020B000526AA0320892AD4A0992AD4A0A920122B0
:1020C0008DF82C2000228DF81C20DDE90601CDE9D9
:1020D00002438DE803000CAB13E90F00FAF760F937
:1020E00004F05EBCA04A1268526AA43208929F4A69
:1020F00009929F4A0A9201228DF82C2000228DF825
:102100001C20DDE90601CDE902438DE803000CAB9C
:1021100013E90F00FAF744F904F042BC924A12683E
:10212000526AA8320892914A0992914A0A9201226F
:102130008DF82C2000228DF81C20DDE90601CDE968
:1021400002438DE803000CAB13E90F00FAF728F9FE
:1021500004F026BC844A126802F06ABD824A126802
:1021600002F06EBD804A1268526AB43208927F4A09
:1021700009927F4A0A9201228DF82C2000228DF8C4
:102180001C20DDE90601CDE902438DE803000CAB1C
:1021900013E90F00FAF704F904F002BC724A12685E
:1021A00002F072BD704A1268526ABC3208926F4ADD
:1021B00009926F4A0A9201228DF82C2000228DF894
:1021C0001C20DDE90601CDE902438DE803000CABDC
:1021D00013E90F00FAF7E4F804F0E2BB624A126870
:1021E000506A5A68B0F8C0001946FEF76FF804F05C
:1021F000D7BB5D4A1268506A5A68B0F84C0019465D
:10220000FEF732F804F0CCBB574A1268506A5A689D
:10221000B0F84E001946FEF727F804F0C1BB524A49
:102220001268506A5A68B0F850001946FEF71CF858
:1022300004F0B6BB4C4A1268506A5A68B0F85200B3
:102240001946FEF711F804F0ABBB474A1268506A12
:102250005A68B0F854001946FEF706F804F0A0BB1F
:10226000414A1268506A5A68B0F856001946FDF79C
:10227000FBFF04F095BB3C4A1268506A5A68B0F8FC
:1022800058001946FDF7F0FF04F08ABB364A126881
:10229000506A5A68B0F85A001946FDF7E5FF04F095
:1022A0007FBB314A1268506A5A68B0F85C00194620
:1022B000FDF7DAFF04F074BB2B4A1268506A5A68C3
:1022C000B0F85E001946FDF7CFFF04F069BB264A5F
:1022D0001268506A5A68B0F860001946FDF7C4FFEA
:1022E00004F05EBB204A1268506A5A68B0F8620077
:1022F0001946FDF7B9FF04F053BB1B4A1268526A36
:10230000126A08921B4A09921B4A0A92CDE90143BC
:1023100001228DF82C200022ADF800200CABADF886
:10232000182013E90F00F9F7E5FE04F039BB0E4A57
:102330001268526A126A04320892104A0992104ACC
:102340000A9201228DF82C2000228DF81C20DDE954
:102350000601CDE902438DE803000CAB13E90F0041
:10236000FAF7F6F804F01CBB1C1B002081B601082C
:1023700089B6010851C001084DCF0108F9B601081E
:10238000FDB60108BA4A1268526A126A0832089207
:10239000B84A0992B84A0A9201228DF82C200022EC
:1023A0008DF81C20DDE90601CDE902438DE803002C
:1023B0000CAB13E90F00F9F7F3FF04F0F1BAAC4AE4
:1023C0001268526A126A0C320892AA4A0992AA4A00
:1023D0000A9201228DF82C2000228DF81C20DDE9C4
:1023E0000601CDE902438DE803000CAB13E90F00B1
:1023F000F9F7D6FF04F0D4BA9D4A1268526A126AFD
:1024000008929E4A09929E4A0A9201228DF82C2037
:1024100000228DF81C20DDE90601CDE902438DE89C
:1024200003000CAB13E90F00F9F7BAFF04F0B8BAD8
:102430008F4A1268526A126A0892924A0992924A24
:102440000A9201228DF82C2000228DF81C20DDE953
:102450000601CDE902438DE803000CAB13E90F0040
:10246000F9F79EFF04F09CBA814A1268526A126A18
:10247000183208927F4A09927F4A0A9201228DF807
:102480002C2000228DF81C20DDE90601CDE9024355
:102490008DE803000CAB13E90F00F9F781FF04F09E
:1024A0007FBA734A1268526A126A1C320892774ADB
:1024B0000992774A0A9201228DF82C2000228DF889
:1024C0001C20DDE90601CDE902438DE803000CABD9
:1024D00013E90F00FAF73CF804F062BA644A126894
:1024E000526A126A203208926A4A09926A4A0A9229
:1024F000CDE9014301228DF82C200022ADF8002007
:102500000CABADF8182013E90F00FAF76BF904F0E3
:1025100047BA574A1268526A126A24320892554AD8
:102520000992554A0A9201228DF82C2000228DF83A
:102530001C20DDE90601CDE902438DE803000CAB68
:1025400013E90F00F9F72CFF04F02ABA484A126881
:10255000526A126A28320892464A0992464A0A92F8
:1025600001228DF82C2000228DF81C20DDE90601C7
:10257000CDE902438DE803000CAB13E90F00F9F736
:102580000FFF04F00DBA3A4A1268526A126A2C32EE
:102590000892384A0992384A0A9201228DF82C2072
:1025A00000228DF81C20DDE90601CDE902438DE80B
:1025B00003000CAB13E90F00F9F7F2FE04F0F0B9D9
:1025C0002B4A1268526A126A38320892294A0992D2
:1025D000294A0A9201228DF82C2000228DF81C2015
:1025E000DDE90601CDE902438DE803000CAB13E9F8
:1025F0000F00F9F7D5FE04F0D3B91D4A1268526AEC
:10260000126A3C3208921B4A09921B4A0A92012222
:102610008DF82C2000228DF81C20DDE90601CDE983
:1026200002438DE803000CAB13E90F00F9F7B8FE85
:1026300004F0B6B90E4A1268526A126A3032089231
:102640000C4A09920C4A0A9201228DF82C20002291
:102650008DF81C20DDE90601CDE902438DE8030079
:102660000CAB13E90F00F9F79BFE04F099B900BF1A
:102670001C1B002081B6010889B6010849C0010869
:1026800069CF01083DC0010881CF0108F9B60108F2
:10269000FDB6010801B7010805B70108B34A126881
:1026A000526A126A0892B24A0992B24A0A92012206
:1026B0008DF82C2000228DF81C20DDE90601CDE9E3
:1026C00002438DE803000CAB13E90F00F9F768FE35
:1026D00004F066B9A54A1268526A126A403208923A
:1026E000A54A0992A54A0A9201228DF82C200022BF
:1026F0008DF81C20DDE90601CDE902438DE80300D9
:102700000CAB13E90F00F9F74BFE04F049B9974AF7
:102710001268526A126A44320892974A0992974A9A
:102720000A9201228DF82C2000228DF81C20DDE970
:102730000601CDE902438DE803000CAB13E90F005D
:10274000F9F72EFE04F02CB9884A1268526A126A10
:1027500048320892884A0992884A0A9201228DF8E2
:102760002C2000228DF81C20DDE90601CDE9024372
:102770008DE803000CAB13E90F00F9F711FE04F02C
:102780000FB97A4A1268526A126A4C3208927C4A2D
:1027900009927C4A0A92CDE9014301228DF82C204E
:1027A0000022ADF800200CABADF8182013E90F00A3
:1027B000F9F7A0FC04F0F4B86C4A1268526A126A85
:1027C000503208926C4A09926C4A0A9201228DF8A2
:1027D0002C2000228DF81C20DDE90601CDE9024302
:1027E0008DE803000CAB13E90F00F9F7D9FD04F0F5
:1027F000D7B85E4A1268526A126A543208925E4A28
:1028000009925E4A0A9201228DF82C2000228DF84E
:102810001C20DDE90601CDE902438DE803000CAB85
:1028200013E90F00F9F7BCFD04F0BAB84F4A12687B
:10283000926914320892544A0992544A0A92CDE994
:10284000014301228DF82C200022ADF800200CABB2
:10285000ADF8182013E90F00FAF784F804F0A0B8D7
:10286000424A126892690892494A0992494A0A9270
:1028700001228DF82C2000228DF81C20DDE90601B4
:10288000CDE902438DE803000CAB13E90F00F9F723
:1028900087FD04F085B8354A12689269443208927F
:1028A000354A0992354A0A9201228DF82C200022DD
:1028B0008DF81C20DDE90601CDE902438DE8030017
:1028C0000CAB13E90F00F9F76BFD04F069B8274A68
:1028D0001268926948320892274A0992274A0A9256
:1028E00001228DF82C2000228DF81C20DDE9060144
:1028F000CDE902438DE803000CAB13E90F00F9F7B3
:102900004FFD04F04DB8194A126802F074BD174A21
:10291000126802F08BBD154A126802F08FBD134A8F
:1029200012689269194692F85500FAF793FA04F082
:1029300037B80E4A12689269383208920E4A0992E4
:102940000E4A0A9201228DF82C2000228DF81C20BC
:10295000DDE90601CDE902438DE803000CAB13E984
:102960000F00F9F71DFD04F01BB800BF1C1B002071
:1029700031C0010899CF010881B6010889B6010864
:10298000A1B60108A5B6010809B701080DB70108ED
:1029900025C00108B1CF0108B94A126892695632C0
:1029A0000892B84A0992B84A0A92CDE90143012235
:1029B0008DF82C200022ADF800200CABADF81820CB
:1029C00013E90F00F9F796FB03F0EABFAC4A12686F
:1029D0009269D26802F562520C320892AB4A0992AF
:1029E000AB4A0A9201228DF82C2000228DF81C207F
:1029F000DDE90601CDE902438DE803000CAB13E9E4
:102A00000F00F9F7CDFC03F0CBBF9D4A1268926925
:102A1000D26802F56252113208929A4A09929A4A91
:102A20000A92CDE9014301228DF82C200022ADF855
:102A300000200CABADF8182013E90F00F9F75AFB92
:102A400003F0AEBF8E4A12689269D26802F56252F4
:102A5000133208928B4A09928B4A0A92CDE90143BC
:102A600001228DF82C200022ADF800200CABADF82F
:102A7000182013E90F00F9F73DFB03F091BF804ADE
:102A800012689269D26802F56252103208927D4A49
:102A900009927D4A0A92CDE9014301228DF82C204A
:102AA0000022ADF800200CABADF8182013E90F00A0
:102AB000F9F720FB03F074BF714A12689269D2687B
:102AC00002F56252123208926E4A09926E4A0A92D6
:102AD000CDE9014301228DF82C200022ADF8002021
:102AE0000CABADF8182013E90F00F9F703FB03F066
:102AF00057BF634A12689269D2680892654A099280
:102B0000654A0A92CDE9014301228DF82C2000226A
:102B1000ADF800200CABADF8182013E90F00F9F761
:102B200021FE03F03DBF564A12689269D268013215
:102B300008925A4A09925A4A0A92CDE9014301225F
:102B40008DF82C200022ADF800200CABADF8182039
:102B500013E90F00F9F7C6FD03F022BF484A1268D7
:102B60009269D26804320892484A0992484A0A9205
:102B700001228DF82C2000228DF81C20DDE90601B1
:102B8000CDE902438DE803000CAB13E90F00F9F720
:102B900007FC03F005BF3A4A12689269D26808320E
:102BA00008923A4A09923A4A0A9201228DF82C2058
:102BB00000228DF81C20DDE90601CDE902438DE8F5
:102BC00003000CAB13E90F00F9F7EAFB03F0E8BED2
:102BD0002B4A12689269D2680C3208922B4A0992E9
:102BE0002B4A0A9201228DF82C2000228DF81C20FD
:102BF000DDE90601CDE902438DE803000CAB13E9E2
:102C00000F00F9F7CDFB03F0CBBE1D4A12689269A5
:102C1000D268103208921D4A09921D4A0A92012276
:102C20008DF82C2000228DF81C20DDE90601CDE96D
:102C300002438DE803000CAB13E90F00F9F7B0FB7A
:102C400003F0AEBE0E4A12689269D268143208923E
:102C50000E4A09920E4A0A9201228DF82C20002277
:102C60008DF81C20DDE90601CDE902438DE8030063
:102C70000CAB13E90F00F9F793FB03F091BE00BF13
:102C80001C1B0020A1B60108A5B6010881B60108E9
:102C900089B6010811B7010815B7010819B701086D
:102CA0001DB70108B64A12689269D26818320892B4
:102CB000B44A0992B44A0A9201228DF82C200022CB
:102CC0008DF81C20DDE90601CDE902438DE8030003
:102CD0000CAB13E90F00F9F763FB03F061BEA84AE0
:102CE00012689269D2681C320892A64A0992A64AD2
:102CF0000A9201228DF82C2000228DF81C20DDE99B
:102D00000601CDE902438DE803000CAB13E90F0087
:102D1000F9F746FB03F044BE994A12689269D268FB
:102D200020320892994A0992994A0A92CDE90143C0
:102D300001228DF82C200022ADF800200CABADF85C
:102D4000182013E90F00F9F7D5F903F029BE8C4AD2
:102D500012689269D268243208928A4A09928A4A91
:102D60000A9201228DF82C2000228DF81C20DDE92A
:102D70000601CDE902438DE803000CAB13E90F0017
:102D8000F9F70EFB03F00CBE7D4A12689269D26817
:102D9000303208927B4A09927B4A0A9201228DF8CE
:102DA0002C2000228DF81C20DDE90601CDE902432C
:102DB0008DE803000CAB13E90F00F9F7F1FA03F00B
:102DC000EFBD6F4A12689269D268283208926D4A44
:102DD00009926D4A0A9201228DF82C2000228DF86A
:102DE0001C20DDE90601CDE902438DE803000CABB0
:102DF00013E90F00F9F7D4FA03F0D2BD604A126864
:102E00009269D26802F5625214320892614A0992BC
:102E1000614A0A92CDE9014301228DF82C2000225B
:102E2000ADF800200CABADF8182013E90F00F9F74E
:102E3000A3F903F0B5BD524A12689269D26802F54F
:102E40006252183208924F4A09924F4A0A9201225E
:102E50008DF82C2000228DF81C20DDE90601CDE93B
:102E600002438DE803000CAB13E90F00F9F798FA61
:102E700003F096BD424A12689269D26802F5625226
:102E80001C320892434A0992434A0A92CDE901430F
:102E900001228DF82C200022ADF800200CABADF8FB
:102EA000182013E90F00F9F767F903F079BD344AE8
:102EB00012689269D2680892384A0992384A0A928E
:102EC00001228DF82C2000228DF81C20DDE906015E
:102ED000CDE902438DE803000CAB13E90F00F9F7CD
:102EE0005FFA03F05DBD264A126802F07ABD244AFB
:102EF00012689269D26802F5615238320892234A08
:102F00000992234A0A92CDE9014301228DF82C202F
:102F10000022ADF800200CABADF8182013E90F002B
:102F2000F9F7E8F803F03CBD154A12689269D268D7
:102F300002F54052194692F87908F9F78BFF03F031
:102F40002FBD0F4A12689269D26802F561523C3275
:102F500008920C4A09920C4A0A9201228DF82C2000
:102F600000228DF81C20DDE90601CDE902438DE841
:102F700003000CAB13E90F00F9F712FA03F010BDD0
:102F80001C1B002081B6010889B60108A1B6010802
:102F9000A5B6010821B7010825B7010819C0010825
:102FA000CDCF0108B54A12689269D26802F5625223
:102FB0000892B34A0992B34A0A9201228DF82C2052
:102FC00000228DF81C20DDE90601CDE902438DE8E1
:102FD00003000CAB13E90F00F9F7E2F903F0E0BCD2
:102FE000A64A126802F085BDA44A12689269D268A6
:102FF00002F5625208320892A34A0992A34A0A9241
:10300000CDE9014301228DF82C200022ADF80020EB
:103010000CABADF8182013E90F00F9F76BF803F0CB
:10302000BFBC964B1B6898694368089301238DF8D1
:103030002430027A8DF818208DF81930DDE9081255
:10304000069B0094F9F7EEFE012003F0A9BC8B4A21
:103050001268926904320892894A0992894A0A924E
:1030600001228DF82C2000228DF81C20DDE90601BC
:10307000CDE902438DE803000CAB13E90F00F9F72B
:103080008FF903F08DBC7D4A12689269083208926C
:103090007D4A09927D4A0A92CDE9014301228DF8C9
:1030A0002C200022ADF800200CABADF8182013E95D
:1030B0000F00F9F71FF803F073BC704B1B6802F0A8
:1030C0007ABD6E4A1268126914320892704A0992E7
:1030D000704A0A92CDE9014301228DF82C2000228A
:1030E00000920CAB069213E90F00F9F7FBFB03F01B
:1030F00057BC624A126812691946D07DF9F7AAFED8
:1031000003F04EBC5D4A126812691946907DF9F7CA
:10311000A1FE03F045BC594A126810695A688069DB
:103120001946FDF7D3F803F03BBC544A1268106906
:103130005A68C0691946FDF7C9F803F031BC4F4A17
:10314000126802F07DBD4D4A126802F081BD4B4A03
:10315000126802F085BD494A126802F089BD474AEB
:10316000126802F08DBD454A126802F091BD434AD3
:10317000126802F095BD414A12681269194692F828
:103180005C00F9F775FE03F00BBC3C4A126802F0D4
:1031900099BD3A4A126802F09DBD384A126802F0A1
:1031A000A1BD364A12681269403208923A4A099221
:1031B0003A4A0A9201228DF82C2000228DF81C2018
:1031C000DDE90601CDE902438DE803000CAB13E90C
:1031D0000F00F9F7BDF903F0E3BB284A126802F0CB
:1031E000B5BD264A12681269D26808922C4A099223
:1031F0002C4A0A92CDE9014301228DF82C200022AD
:1032000000920CAB069213E90F00F9F72BFA03F0CA
:10321000C7BB1A4A12681269D2680892224A0992F8
:10322000224A0A92CDE9014301228DF82C20002286
:10323000ADF800200CABADF8182013E90F00F8F73B
:1032400059FF03F0ADBB0D4A12681269D2680892AB
:10325000174A0992174A0A92CDE9014301228DF8D3
:103260002C200022ADF800200CABADF8182013E99B
:103270000F00F8F73FFF03F093BB00BF1C1B0020BB
:1032800081B6010889B60108A1B60108A5B60108F2
:1032900029B701082DB70108F9B60108FDB60108E4
:1032A00035B7010839B701080DC00108E5CF01089D
:1032B00005C0010805D00108B34A12681269D26836
:1032C0000892B24A0992B24A0A92CDE90143012218
:1032D0008DF82C20002200920CAB069213E90F000F
:1032E000F8F7BCFF03F05CBBA74A12681269D2680A
:1032F00004320892A74A0992A74A0A92CDE90143EB
:1033000001228DF82C200022ADF800200CABADF886
:10331000182013E90F00F8F7EDFE03F041BB9A4ABD
:1033200012681269D268083208929C4A09929C4A33
:103330000A9201228DF82C2000228DF81C20DDE954
:103340000601CDE902438DE803000CAB13E90F0041
:10335000F9F7FEF803F024BB8B4A12681269D268B1
:103360000C3208928D4A09928D4A0A9201228DF8F8
:103370002C2000228DF81C20DDE90601CDE9024356
:103380008DE803000CAB13E90F00F9F7E1F803F047
:1033900007BB7D4A12681269D2680892814A099275
:1033A000814A0A92CDE9014301228DF82C200022A6
:1033B000ADF800200CABADF8182013E90F00F8F7BA
:1033C00099FE03F0EDBA704A12681269D2681032A1
:1033D0000892764A0992764A0A9201228DF82C20A8
:1033E00000228DF81C20DDE90601CDE902438DE8BD
:1033F00003000CAB13E90F00F8F7D2FF03F0D0BACB
:10340000614A12681269D26814320892614A0992BC
:10341000614A0A92CDE9014301228DF82C20002255
:10342000ADF800200CABADF8182013E90F00F8F749
:1034300061FE03F0B5BA544A12681269D268089264
:103440005C4A09925C4A0A9201228DF82C200022E3
:103450008DF81C20DDE90601CDE902438DE803006B
:103460000CAB13E90F00F8F79BFF03F099BA464A3B
:1034700012681269D268183208924C4A09924C4A72
:103480000A9201228DF82C2000228DF81C20DDE903
:103490000601CDE902438DE803000CAB13E90F00F0
:1034A000F8F77EFF03F07CBA374A12681269D268D7
:1034B0001C3208923D4A09923D4A0A9201228DF837
:1034C0002C2000228DF81C20DDE90601CDE9024305
:1034D0008DE803000CAB13E90F00F8F761FF03F070
:1034E0005FBA294A12681269D268203208922F4ABC
:1034F00009922F4A0A9201228DF82C2000228DF881
:103500001C20DDE90601CDE902438DE803000CAB88
:1035100013E90F00F8F744FF03F042BA1A4A1268A1
:103520001269D268293208921A4A09921A4A0A92F2
:10353000CDE9014301228DF82C200022ADF80020B6
:103540000CABADF8182013E90F00F8F7D3FD03F02A
:1035500027BA0D4A12681269D2682A3208920D4AB7
:1035600009920D4A0A92CDE9014301228DF82C20DF
:103570000022ADF800200CABADF8182013E90F00C5
:10358000F8F7B8FD03F00CBA1C1B0020F9BF0108C6
:103590001DD00108A1B60108A5B60108F9B60108B9
:1035A000FDB60108F1BF010835D0010881B6010858
:1035B00089B60108E9BF010851D00108BA4A12686A
:1035C0001269D2682E320892B84A0992B84A0A9211
:1035D000CDE9014301228DF82C20002200920CAB92
:1035E000069213E90F00F8F739FE03F0D9B9AE4A95
:1035F00012681269D26830320892AC4A0992AC4A19
:103600000A92CDE9014301228DF82C20002200927C
:103610000CAB069213E90F00F8F720FE03F0C0B9D7
:10362000A14B1B6802F0A8BD9F4A126812690432C0
:103630000892A04A0992A04A0A9201228DF82C20F1
:1036400000228DF81C20DDE90601CDE902438DE85A
:1036500003000CAB13E90F00F8F77AFF03F0A0B9F1
:10366000914A1268526908320892944A0992944A1F
:103670000A92CDE9014301228DF82C200022ADF8F9
:1036800000200CABADF8182013E90F00F9F7EAF8A9
:1036900003F086B9844A126852690C320892894A4A
:1036A0000992894A0A9201228DF82C2000228DF875
:1036B0001C20DDE90601CDE902438DE803000CABD7
:1036C00013E90F00F8F76CFE03F06AB9764A126846
:1036D0005269103208927B4A09927B4A0A9201226F
:1036E0008DF82C2000228DF81C20DDE90601CDE9A3
:1036F00002438DE803000CAB13E90F00F8F750FE0E
:1037000003F04EB9684A12685269143208926D4A41
:1037100009926D4A0A9201228DF82C2000228DF820
:103720001C20DDE90601CDE902438DE803000CAB66
:1037300013E90F00F8F734FE03F032B95A4A126861
:103740005269526808925F4A09925F4A0A920122BE
:103750008DF82C2000228DF81C20DDE90601CDE932
:1037600002438DE803000CAB13E90F00F8F718FED5
:1037700003F016B94C4A1268526952680432089232
:10378000504A0992504A0A9201228DF82C200022B8
:103790008DF81C20DDE90601CDE902438DE8030028
:1037A0000CAB13E90F00F8F7FBFD03F0F9B83E4A44
:1037B00012685269526808320892424A0992424A93
:1037C0000A9201228DF82C2000228DF81C20DDE9C0
:1037D0000601CDE902438DE803000CAB13E90F00AD
:1037E000F8F7DEFD03F0DCB82F4A1268926A5268DF
:1037F0000892344A0992344A0A9201228DF82C2008
:1038000000228DF81C20DDE90601CDE902438DE898
:1038100003000CAB13E90F00F8F7C2FD03F0C0B8CA
:10382000214A1268926A526804320892254A099223
:10383000254A0A9201228DF82C2000228DF81C20A6
:10384000DDE90601CDE902438DE803000CAB13E985
:103850000F00F8F7A5FD03F0A3B8134A1268926AA7
:10386000526808320892174A0992174A0A920122AE
:103870008DF82C2000228DF81C20DDE90601CDE911
:1038800002438DE803000CAB13E90F00F8F788FD45
:1038900003F086B8044A1268D26A1946107AF9F71A
:1038A000D9FA03F07DB800BF1C1B00203DB701080A
:1038B00041B70108F9B60108FDB6010845B701088E
:1038C00049B7010881B6010889B60108B54A1268EE
:1038D000D26A12680892B44A0992B44A0A92CDE9AF
:1038E000014301228DF82C20002200920CAB06929D
:1038F00013E90F00F8F7B2FC03F052B8A94A1268B6
:10390000D26A12680892AA4A0992AA4A0A92CDE992
:10391000014301228DF82C200022ADF800200CABD1
:10392000ADF8182013E90F00F8F7E4FB03F038B8FE
:103930009C4A1268D26A126808929F4A09929F4A6A
:103940000A9201228DF82C2000228DF81C20DDE93E
:103950000601CDE902438DE803000CAB13E90F002B
:10396000F8F71EFD03F01CB88E4A1268D26A12687E
:103970000B320892924A0992924A0A92CDE9014387
:1039800001228DF82C200022ADF800200CABADF800
:10399000182013E90F00F8F7ADFB03F001B8814AD6
:1039A0001268D26A12680C320892854A0992854AD6
:1039B0000A92CDE9014301228DF82C200022ADF8B6
:1039C00000200CABADF8182013E90F00F8F792FBBC
:1039D00002F0E6BF734A1268D26A126808927A4A05
:1039E00009927A4A0A9201228DF82C2000228DF841
:1039F0001C20DDE90601CDE902438DE803000CAB94
:103A000013E90F00F8F784FC02F0CABF654A126898
:103A1000126B1946107AF9F71DFA02F0C1BF614A1C
:103A20001268126B126808925F4A09925F4A0A9202
:103A3000CDE9014301228DF82C20002200920CAB2D
:103A4000069213E90F00F8F709FC02F0A9BF554AE6
:103A50001268126B12680892554A0992554A0A92E6
:103A6000CDE9014301228DF82C200022ADF8002081
:103A70000CABADF8182013E90F00F8F73BFB02F090
:103A80008FBF484A1268126B126808924A4A09921C
:103A90004A4A0A9201228DF82C2000228DF81C201F
:103AA000DDE90601CDE902438DE803000CAB13E923
:103AB0000F00F8F775FC02F073BF3A4A1268126BF8
:103AC00012680B3208923E4A09923E4A0A92CDE9A8
:103AD000014301228DF82C200022ADF800200CAB10
:103AE000ADF8182013E90F00F8F704FB02F058BFF7
:103AF0002C4A1268126B12680C320892304A0992F2
:103B0000304A0A92CDE9014301228DF82C2000228F
:103B1000ADF800200CABADF8182013E90F00F8F752
:103B2000E9FA02F03DBF1F4A1268126B1268089250
:103B3000254A0992254A0A9201228DF82C2000225A
:103B40008DF81C20DDE90601CDE902438DE8030074
:103B50000CAB13E90F00F8F7DBFB02F021BF114BB0
:103B6000186802F0AFBD0F4B186802F0B0BD0D4AE7
:103B7000526850320892164A0992164A0A92012255
:103B80008DF82C2000228DF81C20DDE90601CDE9FE
:103B900002438DE803000CAB13E90F00F8F718FDA2
:103BA00002F0FEBE1C1B0020DDBF010865D001082D
:103BB000D5BF01087DD0010881B6010889B601088A
:103BC000A1B60108A5B60108CDBF010895D001082E
:103BD000C5B60108C9B60108BB4A5268194692F831
:103BE0005400F9F737F902F0DBBEB74A5268506F5C
:103BF0005A6800781946FCF769FB02F0D1BEB24A58
:103C0000526866320892B14A0992B14A0A92CDE9E5
:103C1000014301228DF82C200022ADF800200CABCE
:103C2000ADF8182013E90F00F8F774FF02F0B8BEE2
:103C3000A54A5068A7490122783001F0D7BEA24AB0
:103C400050685A6890F87C001946FCF73FFB02F078
:103C5000A7BE9D4A52687D3208929F4A09929F4AA8
:103C60000A92CDE9014301228DF82C200022ADF803
:103C700000200CABADF8182013E90F00F8F73AFA62
:103C800002F08EBE904A5268D2680892924A099217
:103C9000924A0A92CDE9014301228DF82C2000229C
:103CA000ADF800200CABADF8182013E90F00F8F7C1
:103CB00021FA02F075BE844A5268D2680132089235
:103CC000854A0992854A0A92CDE9014301228DF87D
:103CD0002C200022ADF800200CABADF8182013E921
:103CE0000F00F8F707FA02F05BBE774A5268D26815
:103CF00002320892784A0992784A0A92CDE9014341
:103D000001228DF82C200022ADF800200CABADF87C
:103D1000182013E90F00F8F7EDF902F041BE6A4AE6
:103D20005268D268033208926B4A09926B4A0A922F
:103D3000CDE9014301228DF82C200022ADF80020AE
:103D40000CABADF8182013E90F00F8F7D3F902F027
:103D500027BE5D4A5268D268043208925E4A0992D0
:103D60005E4A0A92CDE9014301228DF82C200022FF
:103D7000ADF800200CABADF8182013E90F00F8F7F0
:103D8000B9F902F00DBE504A5268D2680532089265
:103D9000514A0992514A0A92CDE9014301228DF814
:103DA0002C200022ADF800200CABADF8182013E950
:103DB0000F00F8F79FF902F0F3BD434A5268D2684A
:103DC00006320892444A0992444A0A92CDE90143D4
:103DD00001228DF82C200022ADF800200CABADF8AC
:103DE000182013E90F00F8F785F902F0D9BD364A1B
:103DF0005268D26807320892374A0992374A0A92C3
:103E0000CDE9014301228DF82C200022ADF80020DD
:103E10000CABADF8182013E90F00F8F76BF902F0BE
:103E2000BFBD294A5268D268083208922C4A0992CA
:103E30002C4A0A9201228DF82C2000228DF81C2099
:103E4000DDE90601CDE902438DE803000CAB13E97F
:103E50000F00F8F7A5FA02F0A3BD1B4A5268D2681A
:103E60000C3208921E4A09921E4A0A9201228DF8CB
:103E70002C2000228DF81C20DDE90601CDE902434B
:103E80008DE803000CAB13E90F00F8F789FA02F094
:103E900087BD0D4A5268D268103208920E4A0992C4
:103EA0000E4A0A92CDE9014301228DF82C2000220E
:103EB000ADF800200CABADF8182013E90F00F8F7AF
:103EC00019F902F06DBD00BF1C1B0020D1B601081E
:103ED000D5B60108A9B60108A1B60108A5B6010822
:103EE00081B6010889B60108B04A5268D2680892C2
:103EF000AF4A0992AF4A0A92CDE9014301228DF8F7
:103F00002C20002200920CAB069213E90F00F8F768
:103F1000A5F902F045BDA54A5268D2680892A64AA2
:103F20000992A64A0A92CDE9014301228DF82C207C
:103F3000002200920CAB069213E90F00F8F78EF9FD
:103F400002F02EBD994A5268D268183208929C4AF3
:103F500009929C4A0A9201228DF82C2000228DF8A9
:103F60001C20DDE90601CDE902438DE803000CAB1E
:103F700013E90F00F8F714FA02F012BD8B4A5268E9
:103F8000D2681C3208928E4A09928E4A0A92012205
:103F90008DF82C2000228DF81C20DDE90601CDE9EA
:103FA00002438DE803000CAB13E90F00F8F7F8F9B2
:103FB00002F0F6BC7D4A5268D26820320892804AEC
:103FC0000992804A0A9201228DF82C2000228DF855
:103FD0001C20DDE90601CDE902438DE803000CABAE
:103FE00013E90F00F8F7DCF902F0DABC6F4A526807
:103FF000D26824320892724A0992724A0A920122C5
:104000008DF82C2000228DF81C20DDE90601CDE979
:1040100002438DE803000CAB13E90F00F8F7C0F979
:1040200002F0BEBC614A5268D26828320892644AE3
:104030000992644A0A9201228DF82C2000228DF800
:104040001C20DDE90601CDE902438DE803000CAB3D
:1040500013E90F00F8F7A4F902F0A2BC534A526822
:10406000D26834320892564A0992564A0A9201227C
:104070008DF82C2000228DF81C20DDE90601CDE909
:1040800002438DE803000CAB13E90F00F8F788F941
:1040900002F086BC454A5268D26838320892484AD3
:1040A0000992484A0A9201228DF82C2000228DF8AC
:1040B0001C20DDE90601CDE902438DE803000CABCD
:1040C00013E90F00F8F76CF902F06ABC374A52683E
:1040D000D2683C3208923A4A09923A4A0A9201223C
:1040E0008DF82C2000228DF81C20DDE90601CDE999
:1040F00002438DE803000CAB13E90F00F8F750F909
:1041000002F04EBC294A5268D268403208922C4ACA
:1041100009922C4A0A9201228DF82C2000228DF857
:104120001C20DDE90601CDE902438DE803000CAB5C
:1041300013E90F00F8F734F902F032BC1B4A526859
:10414000D268443208921E4A09921E4A0A920122FB
:104150008DF82C2000228DF81C20DDE90601CDE928
:1041600002438DE803000CAB13E90F00F8F718F9D0
:1041700002F016BC0D4A5268D26848320892104AC2
:104180000992104A0A9201228DF82C2000228DF803
:104190001C20DDE90601CDE902438DE803000CABEC
:1041A00013E90F00F8F7FCF802F0FABB1C1B002023
:1041B00069C00108F5CE010861C0010811CF0108EE
:1041C00081B6010889B60108BC4A5268D2684C32EF
:1041D0000892BB4A0992BB4A0A92CDE901430122E7
:1041E0008DF82C200022ADF800200CABADF8182083
:1041F00013E90F00F7F77EFF02F0D2BBAF4A526817
:10420000D2684D320892AE4A0992AE4A0A92CDE97E
:10421000014301228DF82C200022ADF800200CABC8
:10422000ADF8182013E90F00F7F764FF02F0B8BBF0
:10423000A24A5268D2684E320892A14A0992A14A13
:104240000A92CDE9014301228DF82C200022ADF81D
:1042500000200CABADF8182013E90F00F7F74AFF68
:1042600002F09EBB954A5268D26850320892964A34
:104270000992964A0A9201228DF82C2000228DF88C
:104280001C20DDE90601CDE902438DE803000CABFB
:1042900013E90F00F8F784F802F082BB874A5268EE
:1042A000D26854320892884A0992884A0A920122B6
:1042B0008DF82C2000228DF81C20DDE90601CDE9C7
:1042C00002438DE803000CAB13E90F00F8F768F820
:1042D00002F066BB794A5268D268583208927A4A2C
:1042E00009927A4A0A9201228DF82C2000228DF838
:1042F0001C20DDE90601CDE902438DE803000CAB8B
:1043000013E90F00F8F74CF802F04ABB6B4A526809
:10431000D2685C3208926C4A09926C4A0A92012275
:104320008DF82C2000228DF81C20DDE90601CDE956
:1043300002438DE803000CAB13E90F00F8F730F8E7
:1043400002F02EBB5D4A5268D268603208925E4A23
:1043500009925E4A0A9201228DF82C2000228DF8E3
:104360001C20DDE90601CDE902438DE803000CAB1A
:1043700013E90F00F8F714F802F012BB4F4A526825
:10438000D26864320892504A0992504A0A92012235
:104390008DF82C2000228DF81C20DDE90601CDE9E6
:1043A00002438DE803000CAB13E90F00F7F7F8FFA9
:1043B00002F0F6BA414A5268D26868320892404A1E
:1043C0000992404A0A92CDE9014301228DF82C203E
:1043D0000022ADF800200CABADF8182013E90F0057
:1043E000F7F788FE02F0DCBA344A5268D2686932C4
:1043F0000892334A0992334A0A92CDE901430122D5
:104400008DF82C200022ADF800200CABADF8182060
:1044100013E90F00F7F76EFE02F0C2BA274A52689E
:10442000D2686A320892264A0992264A0A92CDE94F
:10443000014301228DF82C200022ADF800200CABA6
:10444000ADF8182013E90F00F7F754FE02F0A8BAF0
:104450001A4A5268D2686C3208921D4A09921D4A63
:104460000A9201228DF82C2000228DF81C20DDE913
:104470000601CDE902438DE803000CAB13E90F0000
:10448000F7F746FF02F08CBA0C4A5268D2687032D5
:1044900008920B4A09920B4A0A92CDE90143012284
:1044A0008DF82C200022ADF800200CABADF81820C0
:1044B00013E90F00F7F71EFE02F072BA1C1B002072
:1044C000A1B60108A5B6010881B6010889B60108A0
:1044D000ADB60108B1B60108B94A5268D268743263
:1044E0000892B84A0992B84A0A9201228DF82C2003
:1044F00000228DF81C20DDE90601CDE902438DE89C
:1045000003000CAB13E90F00F7F702FF02F048BA03
:10451000AB4A5268D26878320892AA4A0992AA4AEB
:104520000A9201228DF82C2000228DF81C20DDE952
:104530000601CDE902438DE803000CAB13E90F003F
:10454000F7F7E6FE02F02CBA9D4A5268D269203293
:1045500008929E4A09929E4A0A92CDE9014301229D
:104560008DF82C200022ADF800200CABADF81820FF
:1045700013E90F00F8F782FA02F012BA904A526873
:10458000D06970E08E4A5268D269926A0892914A64
:104590000992914A0A9201228DF82C2000228DF86E
:1045A0001C20DDE90601CDE902438DE803000CABD8
:1045B00013E90F00F7F7F4FE02F0F2B9804A5268EF
:1045C000D269926A04320892824A0992824A0A9215
:1045D00001228DF82C2000228DF81C20DDE9060137
:1045E000CDE902438DE803000CAB13E90F00F7F7A8
:1045F000D7FE02F0D5B9724A5268D269926A08327F
:104600000892764A0992764A0A92CDE9014301223C
:104610008DF82C200022ADF800200CABADF818204E
:1046200013E90F00F7F766FD02F0BAB9644A526861
:10463000126A20320892654A0992654A0A92CDE9C7
:10464000014301228DF82C200022ADF800200CAB94
:10465000ADF8182013E90F00F8F710FA02F0A0B92E
:10466000574A5268106A5F490122103002F07DB942
:10467000534A5268126A926A08925B4A09925B4AEC
:104680000A92CDE9014301228DF82C2000220092EC
:104690000CAB069213E90F00F7F7E0FD02F080B9CA
:1046A000474A5268126A926A08924A4A09924A4AEA
:1046B0000A9201228DF82C2000228DF81C20DDE9C1
:1046C0000601CDE902438DE803000CAB13E90F00AE
:1046D000F7F766FE02F064B9394A5268126A926AC4
:1046E000043208923B4A09923B4A0A9201228DF811
:1046F0002C2000228DF81C20DDE90601CDE90243C3
:104700008DE803000CAB13E90F00F7F749FE02F048
:1047100047B92B4A5268126A926A083208922D4AA7
:1047200009922D4A0A9201228DF82C2000228DF840
:104730001C20DDE90601CDE902438DE803000CAB46
:1047400013E90F00F7F72CFE02F02AB91C4A526851
:10475000126A926A0C3208921E4A09921E4A0A9202
:1047600001228DF82C2000228DF81C20DDE90601A5
:10477000CDE902438DE803000CAB13E90F00F7F716
:104780000FFE02F00DB90E4A5268126A926A143294
:104790000892104A0992104A0A9201228DF82C20A0
:1047A00000228DF81C20DDE90601CDE902438DE8E9
:1047B00003000CAB13E90F00F7F7F2FD02F0F0B8BD
:1047C0001C1B0020ADB60108B1B60108DDB601081A
:1047D000E1B6010881B6010889B60108A1B6010851
:1047E000A5B6010879B6010859C0010829CF01080A
:1047F000BC4A5268126A926A18320892BA4A0992FE
:10480000BA4A0A9201228DF82C2000228DF81C2031
:10481000DDE90601CDE902438DE803000CAB13E9A5
:104820000F00F7F7BDFD02F0BBB8AE4A5268126A3E
:10483000926A1C320892AE4A0992AE4A0A92CDE9B7
:10484000014301228DF82C200022ADF800200CAB92
:10485000ADF8182013E90F00F7F74CFC02F0A0B8F0
:10486000A04A5268526A64320892A34A0992A34A43
:104870000A92CDE9014301228DF82C2000220092FA
:104880000CAB069213E90F00F8F7ACF802F088B809
:10489000944A5268506A5A6890F866001946FBF7C5
:1048A00015FD02F07DB88F4A5268526A194692F897
:1048B0006700F8F7CFFA02F073B88A4A5268506A74
:1048C0008F490122683002F050B8864A5268506A17
:1048D0008B4901226C3002F048B8824A5268526A11
:1048E00070320892804A0992804A0A9201228DF819
:1048F0002C2000228DF81C20DDE90601CDE90243C1
:104900008DE803000CAB13E90F00F7F749FD02F047
:1049100047B8744A5268526A74320892724A0992CD
:10492000724A0A9201228DF82C2000228DF81C2058
:10493000DDE90601CDE902438DE803000CAB13E984
:104940000F00F7F72DFD02F02BB8664A5268526A45
:1049500078320892644A0992644A0A9201228DF8D8
:104960002C2000228DF81C20DDE90601CDE9024350
:104970008DE803000CAB13E90F00F7F711FD02F00F
:104980000FB8584A5268506A5D490122E83001F078
:10499000ECBF544A5268526A7C320892524A0992D9
:1049A000524A0A9201228DF82C2000228DF81C20F8
:1049B000DDE90601CDE902438DE803000CAB13E904
:1049C0000F00F7F7EDFC01F0EBBF464A5268526A60
:1049D00080320892444A0992444A0A9201228DF890
:1049E0002C2000228DF81C20DDE90601CDE90243D0
:1049F0008DE803000CAB13E90F00F7F7D1FC01F0D1
:104A0000CFBF384A5268526A84320892364A0992B5
:104A1000364A0A9201228DF82C2000228DF81C20A3
:104A2000DDE90601CDE902438DE803000CAB13E993
:104A30000F00F7F7B5FC01F0B3BF2A4A5268526A7B
:104A400088320892284A0992284A0A9201228DF84F
:104A50002C2000228DF81C20DDE90601CDE902435F
:104A60008DE803000CAB13E90F00F7F799FC01F098
:104A700097BF1C4A5268526A8C3208921A4A0992AD
:104A80001A4A0A9201228DF82C2000228DF81C204F
:104A9000DDE90601CDE902438DE803000CAB13E923
:104AA0000F00F7F77DFC01F07BBF0E4A5268526A97
:104AB000903208920C4A09920C4A0A9201228DF80F
:104AC0002C2000228DF81C20DDE90601CDE90243EF
:104AD0008DE803000CAB13E90F00F7F761FC01F060
:104AE0005FBF00BF1C1B002081B6010889B601080A
:104AF000A1B60108A5B60108E5B60108E9B60108A6
:104B000079B60108B94A5268526A94320892B84A92
:104B10000992B84A0A9201228DF82C2000228DF8C1
:104B20001C20DDE90601CDE902438DE803000CAB52
:104B300013E90F00F7F734FC01F032BFAB4A5268BB
:104B4000526A98320892AA4A0992AA4A0A92012203
:104B50008DF82C2000228DF81C20DDE90601CDE91E
:104B600002438DE803000CAB13E90F00F7F718FCC4
:104B700001F016BF9D4A5268506A9F4901229C303D
:104B800001F0F3BE994A5268526AA0320892984ADC
:104B90000992984A0A9201228DF82C2000228DF861
:104BA0001C20DDE90601CDE902438DE803000CABD2
:104BB00013E90F00F7F7F4FB01F0F2BE8B4A5268DD
:104BC000526AA43208928A4A09928A4A0A920122B7
:104BD0008DF82C2000228DF81C20DDE90601CDE99E
:104BE00002438DE803000CAB13E90F00F7F7D8FB85
:104BF00001F0D6BE7D4A5268526AA83208927C4AB9
:104C000009927C4A0A9201228DF82C2000228DF80C
:104C10001C20DDE90601CDE902438DE803000CAB61
:104C200013E90F00F7F7BCFB01F0BABE6F4A5268F8
:104C3000506A71490122AC3001F097BE6B4A52684C
:104C4000506A6D490122B03001F08FBE674A526848
:104C5000526AB4320892664A0992664A0A9201225E
:104C60008DF82C2000228DF81C20DDE90601CDE90D
:104C700002438DE803000CAB13E90F00F7F790FB3C
:104C800001F08EBE594A5268506A5B490122B83021
:104C900001F06BBE554A5268526ABC320892544ABF
:104CA0000992544A0A9201228DF82C2000228DF894
:104CB0001C20DDE90601CDE902438DE803000CABC1
:104CC00013E90F00F7F76CFB01F06ABE474A526820
:104CD000506A5A68B0F8C0001946FBF7F7FA01F0BD
:104CE0005FBE424A5268506A5A68B0F84C00194692
:104CF000FBF7BAFA01F054BE3C4A5268506A5A684F
:104D0000B0F84E001946FBF7AFFA01F049BE374A3A
:104D10005268506A5A68B0F850001946FBF7A4FA76
:104D200001F03EBE314A5268506A5A68B0F85200EB
:104D30001946FBF799FA01F033BE2C4A5268506AC3
:104D40005A68B0F854001946FBF78EFA01F028BEF5
:104D5000264A5268506A5A68B0F856001946FBF75E
:104D600083FA01F01DBE214A5268506A5A68B0F8B1
:104D700058001946FBF778FA01F012BE1B4A526838
:104D8000506A5A68B0F85A001946FBF76DFA01F0FC
:104D900007BE164A5268506A5A68B0F85C00194655
:104DA000FBF762FA01F0FCBD104A5268506A5A687B
:104DB000B0F85E001946FBF757FA01F0F1BD0B4A57
:104DC0005268506A5A68B0F860001946FBF74CFA0E
:104DD00001F0E6BD054A5268506A5A68B0F86200B0
:104DE0001946FBF741FA01F0DBBD00BF1C1B002098
:104DF00081B6010889B6010879B60108B84A526837
:104E0000526A126A0892B74A0992B74A0A92CDE9E1
:104E1000014301228DF82C200022ADF800200CABBC
:104E2000ADF8182013E90F00F7F764F901F0B8BDE9
:104E3000AB4A5268526A126A04320892AB4A09922B
:104E4000AB4A0A9201228DF82C2000228DF81C20FA
:104E5000DDE90601CDE902438DE803000CAB13E95F
:104E60000F00F7F775FB01F09BBD9D4A5268526A2F
:104E7000126A083208929F4A09929F4A0A920122B6
:104E80008DF82C2000228DF81C20DDE90601CDE9EB
:104E900002438DE803000CAB13E90F00F7F780FA2B
:104EA00001F07EBD8E4A5268526A126A0C32089234
:104EB000904A0992904A0A9201228DF82C200022F1
:104EC0008DF81C20DDE90601CDE902438DE80300E1
:104ED0000CAB13E90F00F7F763FA01F061BD804AEC
:104EE0005268526A126A0892844A0992844A0A9263
:104EF00001228DF82C2000228DF81C20DDE906010E
:104F0000CDE902438DE803000CAB13E90F00F7F77E
:104F100047FA01F045BD724A5268526A126A089215
:104F2000784A0992784A0A9201228DF82C200022B0
:104F30008DF81C20DDE90601CDE902438DE8030070
:104F40000CAB13E90F00F7F72BFA01F029BD644A07
:104F50005268526A126A18320892664A0992664A80
:104F60000A9201228DF82C2000228DF81C20DDE908
:104F70000601CDE902438DE803000CAB13E90F00F5
:104F8000F7F70EFA01F00CBD554A5268526A126AE0
:104F90001C320892554A0992554A0A9201228DF80C
:104FA0002C2000228DF81C20DDE90601CDE902430A
:104FB0008DE803000CAB13E90F00F7F7C9FA01F015
:104FC000EFBC474A5268526A126A203208924F4A2E
:104FD00009924F4A0A92CDE9014301228DF82C2013
:104FE0000022ADF800200CABADF8182013E90F003B
:104FF000F7F7F8FB01F0D4BC394A5268526A126ADA
:10500000243208923B4A09923B4A0A9201228DF8C7
:105010002C2000228DF81C20DDE90601CDE9024399
:105020008DE803000CAB13E90F00F7F7B9F901F0B5
:10503000B7BC2B4A5268526A126A283208922D4A2B
:1050400009922D4A0A9201228DF82C2000228DF817
:105050001C20DDE90601CDE902438DE803000CAB1D
:1050600013E90F00F7F79CF901F09ABC1C4A52684B
:10507000526A126A2C3208921E4A09921E4A0A92F9
:1050800001228DF82C2000228DF81C20DDE906017C
:10509000CDE902438DE803000CAB13E90F00F7F7ED
:1050A0007FF901F07DBC0E4A5268526A126A3832AA
:1050B0000892104A0992104A0A9201228DF82C2077
:1050C00000228DF81C20DDE90601CDE902438DE8C0
:1050D00003000CAB13E90F00F7F762F901F060BCB5
:1050E0001C1B002051C001084DCF0108F9B6010872
:1050F000FDB6010881B6010889B6010849C001085A
:1051000069CF01083DC0010881CF010801B701083E
:1051100005B70108B94A5268526A126A3C320892CD
:10512000B74A0992B74A0A9201228DF82C20002230
:105130008DF81C20DDE90601CDE902438DE803006E
:105140000CAB13E90F00F7F72BF901F029BCAB4AC0
:105150005268526A126A30320892A94A0992A94AE0
:105160000A9201228DF82C2000228DF81C20DDE906
:105170000601CDE902438DE803000CAB13E90F00F3
:10518000F7F70EF901F00CBC9C4A5268526A126A99
:1051900008929D4A09929D4A0A9201228DF82C207C
:1051A00000228DF81C20DDE90601CDE902438DE8DF
:1051B00003000CAB13E90F00F7F7F2F801F0F0BBB6
:1051C0008E4A5268526A126A403208928C4A099298
:1051D0008C4A0A9201228DF82C2000228DF81C2086
:1051E000DDE90601CDE902438DE803000CAB13E9CC
:1051F0000F00F7F7D5F801F0D3BB804A5268526A26
:10520000126A443208927E4A09927E4A0A92012228
:105210008DF82C2000228DF81C20DDE90601CDE957
:1052200002438DE803000CAB13E90F00F7F7B8F861
:1052300001F0B6BB714A5268526A126A483208924B
:105240006F4A09926F4A0A9201228DF82C2000229F
:105250008DF81C20DDE90601CDE902438DE803004D
:105260000CAB13E90F00F7F79BF801F099BB634A09
:105270005268526A126A4C320892654A0992654A2B
:105280000A92CDE9014301228DF82C200022ADF8CD
:1052900000200CABADF8182013E90F00F6F72AFF39
:1052A00001F07EBB554A5268526A126A5032089227
:1052B000534A0992534A0A9201228DF82C20002267
:1052C0008DF81C20DDE90601CDE902438DE80300DD
:1052D0000CAB13E90F00F7F763F801F061BB474A25
:1052E0005268526A126A54320892454A0992454AF3
:1052F0000A9201228DF82C2000228DF81C20DDE975
:105300000601CDE902438DE803000CAB13E90F0061
:10531000F7F746F801F044BB384A526892691432F4
:1053200008923D4A09923D4A0A92CDE90143012281
:105330008DF82C200022ADF800200CABADF8182021
:1053400013E90F00F7F70EFB01F02ABB2B4A526856
:1053500092690892324A0992324A0A9201228DF8E1
:105360002C2000228DF81C20DDE90601CDE9024346
:105370008DE803000CAB13E90F00F7F711F801F00B
:105380000FBB1E4A52689269443208921C4A099225
:105390001C4A0A9201228DF82C2000228DF81C2034
:1053A000DDE90601CDE902438DE803000CAB13E90A
:1053B0000F00F6F7F5FF01F0F3BA104A5268926950
:1053C000483208920E4A09920E4A0A9201228DF83A
:1053D0002C2000228DF81C20DDE90601CDE90243D6
:1053E0008DE803000CAB13E90F00F6F7D9FF01F0CD
:1053F000D7BA024A5268906900F06DBC1C1B0020AD
:1054000081B6010889B6010831C0010899CF0108A9
:10541000A1B60108A5B6010809B701080DB7010832
:1054200025C00108B1CF0108B54A52689069B54955
:105430000122343001F099BAB14A5268906900F003
:1054400052BCAF4A52689269194692F85500F7F774
:1054500001FD01F0A5BAAA4A526892693832089251
:10546000A94A0992A94A0A9201228DF82C20002209
:105470008DF81C20DDE90601CDE902438DE803002B
:105480000CAB13E90F00F6F78BFF01F089BA9C4AC9
:1054900052689269563208929D4A09929D4A0A9230
:1054A000CDE9014301228DF82C200022ADF8002027
:1054B0000CABADF8182013E90F00F6F71BFE01F056
:1054C0006FBA8F4A52689269D26802F562520C3202
:1054D00008928D4A09928D4A0A9201228DF82C2059
:1054E00000228DF81C20DDE90601CDE902438DE89C
:1054F00003000CAB13E90F00F6F752FF01F050BAAE
:105500007F4A52689269D26802F56252113208925B
:105510007F4A09927F4A0A92CDE9014301228DF820
:105520002C200022ADF800200CABADF8182013E9B8
:105530000F00F6F7DFFD01F033BA714A5268926945
:10554000D26802F5625213320892714A0992714A86
:105550000A92CDE9014301228DF82C200022ADF8FA
:1055600000200CABADF8182013E90F00F6F7C2FDD0
:1055700001F016BA624A52689269D26802F5625224
:1055800010320892624A0992624A0A92CDE90143B6
:1055900001228DF82C200022ADF800200CABADF8D4
:1055A000182013E90F00F6F7A5FD01F0F9B9544AE8
:1055B00052689269D26802F5625212320892544AD5
:1055C0000992544A0A92CDE9014301228DF82C2018
:1055D0000022ADF800200CABADF8182013E90F0045
:1055E000F6F788FD01F0DCB9454A52689269D26845
:1055F0000892494A0992494A0A92CDE90143012297
:105600008DF82C200022ADF800200CABADF818204E
:1056100013E90F00F7F7A6F801F0C2B9384A52684B
:105620009269D268013208923D4A09923D4A0A9233
:10563000CDE9014301228DF82C200022ADF8002095
:105640000CABADF8182013E90F00F7F74BF801F099
:10565000A7B92B4A52689269D268043208922A4A42
:1056600009922A4A0A9201228DF82C2000228DF8F4
:105670001C20DDE90601CDE902438DE803000CABF7
:1056800013E90F00F6F78CFE01F08AB91C4A526844
:105690009269D268083208921B4A09921B4A0A9200
:1056A00001228DF82C2000228DF81C20DDE9060156
:1056B000CDE902438DE803000CAB13E90F00F6F7C8
:1056C0006FFE01F06DB90E4A52689269D2680C32D1
:1056D00008920D4A09920D4A0A9201228DF82C2057
:1056E00000228DF81C20DDE90601CDE902438DE89A
:1056F00003000CAB13E90F00F6F752FE01F050B9AE
:105700001C1B002079B6010881B6010889B6010882
:10571000A1B60108A5B6010811B7010815B701081F
:1057200019B701081DB70108B34A52689269D268D7
:1057300010320892B14A0992B14A0A9201228DF8B8
:105740002C2000228DF81C20DDE90601CDE9024362
:105750008DE803000CAB13E90F00F6F721FE01F012
:105760001FB9A54A52689269D26814320892A34AB6
:105770000992A34A0A9201228DF82C2000228DF86A
:105780001C20DDE90601CDE902438DE803000CABE6
:1057900013E90F00F6F704FE01F002B9964A5268C9
:1057A0009269D26818320892944A0992944A0A92ED
:1057B00001228DF82C2000228DF81C20DDE9060145
:1057C000CDE902438DE803000CAB13E90F00F6F7B7
:1057D000E7FD01F0E5B8884A52689269D2681C3248
:1057E0000892864A0992864A0A9201228DF82C2054
:1057F00000228DF81C20DDE90601CDE902438DE889
:1058000003000CAB13E90F00F6F7CAFD01F0C8B8AE
:10581000794A52689269D26820320892794A09928C
:10582000794A0A92CDE9014301228DF82C20002209
:10583000ADF800200CABADF8182013E90F00F6F717
:1058400059FC01F0ADB86C4A52689269D2682432B2
:1058500008926A4A09926A4A0A9201228DF82C201B
:1058600000228DF81C20DDE90601CDE902438DE818
:1058700003000CAB13E90F00F6F792FD01F090B8AE
:105880005D4A52689269D268303208925B4A099246
:105890005B4A0A9201228DF82C2000228DF81C20F0
:1058A000DDE90601CDE902438DE803000CAB13E905
:1058B0000F00F6F775FD01F073B84F4A5268926910
:1058C000D268283208924D4A09924D4A0A92012222
:1058D0008DF82C2000228DF81C20DDE90601CDE991
:1058E00002438DE803000CAB13E90F00F6F758FDF7
:1058F00001F056B8404A52689269D26802F5625285
:1059000014320892414A0992414A0A92CDE9014370
:1059100001228DF82C200022ADF800200CABADF850
:10592000182013E90F00F6F727FC01F039B8324AC6
:1059300052689269D26802F56252183208922F4A70
:1059400009922F4A0A9201228DF82C2000228DF80C
:105950001C20DDE90601CDE902438DE803000CAB14
:1059600013E90F00F6F71CFD01F01AB8224A52683D
:105970009269D26802F562521C320892234A099257
:10598000234A0A92CDE9014301228DF82C200022FE
:10599000ADF800200CABADF8182013E90F00F6F7B6
:1059A000EBFB00F0FDBF144A52689269D26808927E
:1059B000184A0992184A0A9201228DF82C200022D6
:1059C0008DF81C20DDE90601CDE902438DE80300D6
:1059D0000CAB13E90F00F6F7E3FC00F0E1BF064A59
:1059E000526892690D49D068012234300DB0BDE88B
:1059F000F040F6F717BC00BF1C1B002081B6010861
:105A000089B60108A1B60108A5B6010821B70108A9
:105A100025B7010819C00108CDCF0108A9B60108B2
:105A2000B34A52689269D26802F5615238320892DC
:105A3000B04A0992B04A0A92CDE9014301228DF899
:105A40002C200022ADF800200CABADF8182013E993
:105A50000F00F6F74FFB00F0A3BFA54A526892690A
:105A6000D26802F54052194692F87908F7F7F2F930
:105A700000F096BF9E4A52689269D26802F5615260
:105A80003C3208929D4A09929D4A0A9201228DF861
:105A90002C2000228DF81C20DDE90601CDE902430F
:105AA0008DE803000CAB13E90F00F6F779FC00F06A
:105AB00077BF8F4A52689269D26802F562520892A3
:105AC0008E4A09928E4A0A9201228DF82C200022D9
:105AD0008DF81C20DDE90601CDE902438DE80300C5
:105AE0000CAB13E90F00F6F75BFC00F059BF804ADE
:105AF000526892698349D06800F5625001220430EF
:105B000000F033BF7A4A52689269D26802F5625255
:105B100008320892774A0992774A0A92CDE90143FE
:105B200001228DF82C200022ADF800200CABADF83E
:105B3000182013E90F00F6F7DDFA00F031BF6C4BC7
:105B40005B68FDF770BA6A4A52689269043208923B
:105B50006A4A09926A4A0A9201228DF82C20002290
:105B60008DF81C20DDE90601CDE902438DE8030034
:105B70000CAB13E90F00F6F713FC00F011BF5C4A01
:105B800052689269083208925A4A09925A4A0A920D
:105B9000CDE9014301228DF82C200022ADF8002030
:105BA0000CABADF8182013E90F00F6F7A3FA00F0DC
:105BB000F7BE4F4B5B68986903685B6800F0E7BE0F
:105BC0004B4A52681269143208924F4A09924F4A5E
:105BD0000A92CDE9014301228DF82C200022009287
:105BE0000CAB069213E90F00F6F77CFE00F0D8BE6E
:105BF0003F4A526812691946D07DF7F72BF900F039
:105C0000CFBE3B4A526812691946907DF7F722F9D8
:105C100000F0C6BE364A526810695A688069194653
:105C2000FAF754FB00F0BCBE314A526810695A685A
:105C3000C0691946FAF74AFB00F0B2BE2C4A526816
:105C4000106930490122203000F08FBE284A526886
:105C500010692C490122243000F087BE244A526882
:105C6000106928490122483000F07FBE204A52685E
:105C7000106924490122283000F077BE1C4A52687E
:105C8000106920490122503000F06FBE184A526856
:105C900010691C4901222C3000F067BE144A52687A
:105CA000106918490122543000F05FBE104A526852
:105CB0001269194692F85C00F7F7DAF800F070BE46
:105CC0000B4A526810690F4901224C3000F04DBE5A
:105CD000074A526810690B490122303000F045BE76
:105CE000034A52681069074901223C3000F03DBE6A
:105CF0001C1B0020A1B60108A5B6010881B6010849
:105D000089B6010879B6010829B701082DB701083D
:105D1000B34A5268126940320892B24A0992B24AB2
:105D20000A9201228DF82C2000228DF81C20DDE93A
:105D30000601CDE902438DE803000CAB13E90F0027
:105D4000F6F706FC00F02CBEA54A52681069A74978
:105D50000122443000F009BEA14A52681269D2689B
:105D60000892A34A0992A34A0A92CDE9014301226B
:105D70008DF82C20002200920CAB069213E90F0044
:105D8000F6F770FC00F00CBE954A52681269D268B2
:105D90000892994A0992994A0A92CDE9014301224F
:105DA0008DF82C200022ADF800200CABADF81820A7
:105DB00013E90F00F6F79EF900F0F2BD884A526829
:105DC0001269D26808928E4A09928E4A0A92CDE9E7
:105DD000014301228DF82C200022ADF800200CABED
:105DE000ADF8182013E90F00F6F784F900F0D8BDDC
:105DF0007B4A52681269D2680892834A0992834AA0
:105E00000A92CDE9014301228DF82C200022009254
:105E10000CAB069213E90F00F6F720FA00F0C0BDB4
:105E20006F4A52681269D26804320892784A09921D
:105E3000784A0A92CDE9014301228DF82C200022F4
:105E4000ADF800200CABADF8182013E90F00F6F701
:105E500051F900F0A5BD624A52681269D268083251
:105E60000892604A0992604A0A9201228DF82C2019
:105E700000228DF81C20DDE90601CDE902438DE802
:105E800003000CAB13E90F00F6F762FB00F088BDCE
:105E9000534A52681269D2680C320892514A0992E8
:105EA000514A0A9201228DF82C2000228DF81C20E4
:105EB000DDE90601CDE902438DE803000CAB13E9EF
:105EC0000F00F6F745FB00F06BBD454A52681269BA
:105ED000D2680892504A0992504A0A92CDE9014389
:105EE00001228DF82C200022ADF800200CABADF87B
:105EF000182013E90F00F6F7FDF800F051BD384AFD
:105F000052681269D26810320892454A0992454A8D
:105F10000A9201228DF82C2000228DF81C20DDE948
:105F20000601CDE902438DE803000CAB13E90F0035
:105F3000F6F736FA00F034BD294A52681269D26881
:105F400014320892324A0992324A0A92CDE9014348
:105F500001228DF82C200022ADF800200CABADF80A
:105F6000182013E90F00F6F7C5F800F019BD1C4A18
:105F700052681269D26808922B4A09922B4A0A92F7
:105F800001228DF82C2000228DF81C20DDE906016D
:105F9000CDE902438DE803000CAB13E90F00F6F7DF
:105FA000FFF900F0FDBC0E4A52681269D26818323F
:105FB00008921B4A09921B4A0A9201228DF82C2052
:105FC00000228DF81C20DDE90601CDE902438DE8B1
:105FD00003000CAB13E90F00F6F7E2F900F0E0BCA8
:105FE0001C1B0020F9B60108FDB6010879B60108AE
:105FF00035B7010839B701080DC00108E5CF010820
:1060000005C0010805D00108F9BF01081DD001082D
:10601000A1B60108A5B60108F1BF010835D00108F5
:1060200081B6010889B60108E9BF010851D001080D
:10603000B34A52681269D2681C320892B14A099276
:10604000B14A0A9201228DF82C2000228DF81C20E2
:10605000DDE90601CDE902438DE803000CAB13E94D
:106060000F00F6F79DF900F09BBCA54A5268126933
:10607000D26820320892A34A0992A34A0A920122C6
:106080008DF82C2000228DF81C20DDE90601CDE9D9
:1060900002438DE803000CAB13E90F00F6F780F91B
:1060A00000F07EBC964A52681269D2682932089282
:1060B000964A0992964A0A92CDE9014301228DF847
:1060C0002C200022ADF800200CABADF8182013E90D
:1060D0000F00F6F70FF800F063BC894A52681269A6
:1060E000D2682A320892894A0992894A0A92CDE9ED
:1060F000014301228DF82C200022ADF800200CABCA
:10610000ADF8182013E90F00F5F7F4FF00F048BCD4
:106110007B4A52681269D2682E3208927D4A0992EF
:106120007D4A0A92CDE9014301228DF82C200022FC
:1061300000920CAB069213E90F00F6F78FF800F00F
:106140002FBC6F4A52681269D26830320892714A85
:106150000992714A0A92CDE9014301228DF82C205F
:10616000002200920CAB069213E90F00F6F776F8C6
:1061700000F016BC624B5B68186922464168F6F76E
:1061800063FEFCF761BF5E4A5268126904320892EE
:10619000624A0992624A0A9201228DF82C2000225A
:1061A0008DF81C20DDE90601CDE902438DE80300EE
:1061B0000CAB13E90F00F6F7CBF9F1E3504A526844
:1061C000526908320892574A0992574A0A92CDE911
:1061D000014301228DF82C200022ADF800200CABE9
:1061E000ADF8182013E90F00F6F73CFBD8E3444A5A
:1061F000526852690C320892424A0992424A0A9203
:1062000001228DF82C2000228DF81C20DDE90601EA
:10621000CDE902438DE803000CAB13E90F00F6F75C
:10622000BFF8BDE3364A5268526910320892354AC7
:106230000992354A0A9201228DF82C2000228DF80D
:106240001C20DDE90601CDE902438DE803000CAB1B
:1062500013E90F00F6F7A4F8A2E3294A526852693D
:1062600014320892274A0992274A0A9201228DF88D
:106270002C2000228DF81C20DDE90601CDE9024327
:106280008DE803000CAB13E90F00F6F789F887E3FC
:106290001B4A52685269526808921A4A09921A4A6D
:1062A0000A9201228DF82C2000228DF81C20DDE9B5
:1062B0000601CDE902438DE803000CAB13E90F00A2
:1062C000F6F76EF86CE30E4A52685269526804326F
:1062D00008920C4A09920C4A0A9201228DF82C204D
:1062E00000228DF81C20DDE90601CDE902438DE88E
:1062F00003000CAB13E90F00F6F752F850E300BFB0
:106300001C1B002081B6010889B60108A1B601084E
:10631000A5B601083DB7010841B70108F9B6010863
:10632000FDB6010845B7010849B70108A44A5268FB
:106330005269526808320892A24A0992A24A0A9205
:1063400001228DF82C2000228DF81C20DDE90601A9
:10635000CDE902438DE803000CAB13E90F00F6F71B
:106360001FF81DE3964A5268926A52680892954A4D
:106370000992954A0A9201228DF82C2000228DF86C
:106380001C20DDE90601CDE902438DE803000CABDA
:1063900013E90F00F6F704F802E3894A5268926A9B
:1063A000526804320892874A0992874A0A92012267
:1063B0008DF82C2000228DF81C20DDE90601CDE9A6
:1063C00002438DE803000CAB13E90F00F5F7E8FF7B
:1063D000E6E27B4A5268926A526808320892794A29
:1063E0000992794A0A9201228DF82C2000228DF818
:1063F0001C20DDE90601CDE902438DE803000CAB6A
:1064000013E90F00F5F7CCFFCAE26D4A5268D26A71
:106410001946107AF6F71EFDC2E2694A5268D26A3E
:1064200012680892694A0992694A0A92CDE90143C1
:1064300001228DF82C20002200920CAB069213E969
:106440000F00F5F70BFFABE25D4A5268D26A1268A3
:106450000892604A0992604A0A92CDE901430122FA
:106460008DF82C200022ADF800200CABADF81820E0
:1064700013E90F00F5F73EFE92E2514A5268D26AE4
:10648000126808924F4A09924F4A0A9201228DF8E7
:106490002C2000228DF81C20DDE90601CDE9024305
:1064A0008DE803000CAB13E90F00F5F779FF77E2F5
:1064B000434A5268D26A12680B320892474A0992DC
:1064C000474A0A92CDE9014301228DF82C2000228F
:1064D000ADF800200CABADF8182013E90F00F5F76C
:1064E00009FE5DE2364A5268D26A12680C3208929E
:1064F0003A4A09923A4A0A92CDE9014301228DF8BB
:106500002C200022ADF800200CABADF8182013E9C8
:106510000F00F5F7EFFD43E2294A5268D26A12688C
:106520000892304A0992304A0A9201228DF82C20B2
:1065300000228DF81C20DDE90601CDE902438DE83B
:1065400003000CAB13E90F00F5F7E2FE28E21C4A4A
:106550005268126B1946107AF6F77CFC20E2184A52
:106560005268126B12680892184A0992184A0A92E5
:10657000CDE9014301228DF82C20002200920CABC2
:10658000069213E90F00F5F769FE09E20C4A52681A
:10659000126B126808920F4A09920F4A0A92CDE9CB
:1065A000014301228DF82C200022ADF800200CAB15
:1065B000ADF8182013E90F00F5F79CFDF0E100BFDE
:1065C0001C1B002081B6010889B60108DDBF010847
:1065D00065D00108D5BF01087DD00108A1B601082A
:1065E000A5B60108CDBF010895D00108AD4A526893
:1065F000126B12680892AC4A0992AC4A0A920122C4
:106600008DF82C2000228DF81C20DDE90601CDE953
:1066100002438DE803000CAB13E90F00F5F7C0FE51
:10662000BEE1A04A5268126B12680B320892A04A6F
:106630000992A04A0A92CDE9014301228DF82C204B
:106640000022ADF800200CABADF8182013E90F00C4
:10665000F5F750FDA4E1934A5268126B12680C32B0
:106660000892934A0992934A0A92CDE90143012282
:106670008DF82C200022ADF800200CABADF81820CE
:1066800013E90F00F5F736FD8AE1864A5268126B6E
:1066900012680892884A0992884A0A9201228DF863
:1066A0002C2000228DF81C20DDE90601CDE90243F3
:1066B0008DE803000CAB13E90F00F5F729FE6FE13D
:1066C000784B586803681B6861E1764B5868F5F7AA
:1066D000F5FCFCF7B9BC7A4A059315686268214657
:1066E00008A8F9F7D9FD9DF82440059B3E4614B152
:1066F0009DF820600124103528460593F5F726F80B
:10670000059B074624B131462846F5F721F8059B3D
:106710005A6819463846F9F7D9FD41E1684A1268C6
:1067200052690892674A0992674A0A9201228DF8D3
:106730002C2000228DF81C20DDE90601CDE9024362
:106740008DE803000CAB13E90F00F5F7E1FD27E13D
:106750005B4A0593126821465569626808A8F9F7F3
:106760009BFD9DF82440059B14B19DF820700124E9
:10677000043528460593F4F7EDFF059B064624B142
:1067800039462846F4F7E8FF059B5A681946304613
:10679000F9F79CFD04E14A4B1868036841681B68DF
:1067A0009847FCF751BC464A126804320892454AA1
:1067B0000992454A0A9201228DF82C2000228DF878
:1067C0001C20DDE90601CDE902438DE803000CAB96
:1067D00013E90F00F5F79CFDE2E03C4A0892394AC4
:1067E0000992394A0A9201228DF82C2000228DF854
:1067F0001C20DDE90601CDE902438DE803000CAB66
:1068000013E90F00F5F784FDCAE0314A31495368B6
:10681000086803440B609360FCF716BC2E4A08928C
:106820002E4A09922E4A0A9201228DF82C2000222B
:106830008DF81C20DDE90601CDE902438DE8030057
:106840000CAB13E90F00F5F783FEA9E05A6819466F
:106850001F4B9868F9F73AFDA2E01D4A214BD16819
:1068600003EB81031B681361FCF7EEBB1E4A089221
:10687000144A0992144A0A9201228DF82C2000220F
:106880008DF81C20DDE90601CDE902438DE8030007
:106890000CAB13E90F00F5F73BFD81E013491448F9
:1068A000012262E01C1B002081B6010889B60108A4
:1068B000A1B60108A5B60108CDBF010895D0010811
:1068C000181B0020ADB60108B1B60108141B00204A
:1068D00090190020BC8D002094190020F9B6010801
:1068E000FDB60108AC8F00209C19002079B6010884
:1068F000A01900202B4CA38A062B04D0082B02D011
:10690000052B0AD003E0023B27489BB207E0023B7D
:106910009BB2062B254806D801E025480323254ACB
:1069200032F8131000E00121EEF79CFB84ED060A1B
:10693000FCF78ABB204A0892204A0992204A0A9210
:1069400001228DF82C2000228DF81C20DDE90601A3
:10695000CDE902438DE803000CAB13E90F00F5F716
:10696000D7FC1DE01749184801220DB0BDE8F040E2
:10697000F5F736BC0B48F3F7E3FDFCF765BB0948B8
:10698000F3F738F9FCF760BB064803685B69984782
:10699000FCF75ABB0348F3F75BF9FCF755BB002043
:1069A0000DB0F0BD9019002000040240000002402C
:1069B00000080240CCDD0208A4190020ADB6010891
:1069C000B1B6010879B60108A819002070B582B0E7
:1069D0000446D0E90003ADF80410C1F30726984738
:1069E000054626B1A3689DF80410206898472846FC
:1069F00002B070BD37B510460D4601AA0B49D9F754
:106A00004FFF012801D000200DE0019B8DF805000B
:106A1000003B18BF01238DF8043004460199284635
:106A2000FFF7D4FF204603B030BD00BF42DD0208AF
:106A3000A0F10400DEE700BF13B5B5EEC00AF1EE29
:106A400010FAACBF0123002301248DF804308DF827
:106A5000054008460199FFF7B9FF204602B010BD76
:106A600070B582B00446D0E90003ADF80410C1F35C
:106A700007269847054626B1A3689DF804102068AC
:106A80009847284602B070BD37B50D4610460DF147
:106A90000301F5F719F8044650B19DF803308DF85D
:106AA000043001238DF8053001992846FFF7D8FFFF
:106AB000204603B030BD00BFA0F10400E4E700BFF2
:106AC00037B50DF103000C460125F5F7B5F99DF832
:106AD00003308DF804308DF8055001992046FFF7FA
:106AE000BFFF284603B030BD70B582B00446D0E980
:106AF0000003ADF80410C1F307269847054626B1F8
:106B0000A3689DF8041020689847284602B070BD1D
:106B100037B50D4610460DF10301F4F7D5FF0446D5
:106B200050B19DF803308DF8043001238DF8053005
:106B300001992846FFF7D8FF204603B030BD00BFBB
:106B4000A0F10400E4E700BF37B50DF103000C46E7
:106B50000125F5F771F99DF803308DF804308DF8B3
:106B6000055001992046FFF7BFFF284603B030BD0E
:106B700070B582B00446D0E90003ADF80410C1F34B
:106B800007269847054626B1A3689DF8041020689B
:106B90009847284602B070BD37B50D4610460DF136
:106BA0000301F4F791FF044650B19DF803308DF8CE
:106BB000043001238DF8053001992846FFF7D8FFEE
:106BC000204603B030BD00BFA0F10400E4E700BFE1
:106BD00037B50DF103000C460125F5F72DF99DF8A9
:106BE00003308DF804308DF8055001992046FFF7E9
:106BF000BFFF284603B030BD70B582B00446D0E96F
:106C00000003ADF80410C1F307269847054626B1E6
:106C1000A3689DF8041020689847284602B070BD0C
:106C200037B50D4610460DF10301F4F74DFF04464C
:106C300050B19DF803308DF8043001238DF80530F4
:106C400001992846FFF7D8FF204603B030BD00BFAA
:106C5000A0F10400E4E700BF37B50DF103000C46D6
:106C60000125F5F7E9F89DF803308DF804308DF82B
:106C7000055001992046FFF7BFFF284603B030BDFD
:106C800070B582B00446D0E90003ADF80410C1F33A
:106C900007269847054626B1A3689DF8041020688A
:106CA0009847284602B070BD37B50D4610460DF125
:106CB0000301F4F709FF044650B19DF803308DF845
:106CC000043001238DF8053001992846FFF7D8FFDD
:106CD000204603B030BD00BFA0F10400E4E700BFD0
:106CE00037B50DF103000C460125F5F7A5F89DF821
:106CF00003308DF804308DF8055001992046FFF7D8
:106D0000BFFF284603B030BD70B582B00446D0E95D
:106D10000003ADF80410C1F307269847054626B1D5
:106D2000A3689DF8041020689847284602B070BDFB
:106D300037B50D4610460DF10301F4F7C5FE0446C4
:106D400050B19DF803308DF8043001238DF80530E3
:106D500001992846FFF7D8FF204603B030BD00BF99
:106D6000A0F10400E4E700BF37B50DF103000C46C5
:106D70000125F5F761F89DF803308DF804308DF8A2
:106D8000055001992046FFF7BFFF284603B030BDEC
:106D900070B582B00446D0E90003ADF80410C1F329
:106DA00007269847054626B1A3689DF80410206879
:106DB0009847284602B070BD37B50D4610460DF114
:106DC0000301F4F781FE044650B19DF803308DF8BD
:106DD000043001238DF8053001992846FFF7D8FFCC
:106DE000204603B030BD00BFA0F10400E4E700BFBF
:106DF00037B50DF103000C460125F5F71DF89DF898
:106E000003308DF804308DF8055001992046FFF7C6
:106E1000BFFF284603B030BD70B582B00446D0E94C
:106E20000003ADF80410C1F307269847054626B1C4
:106E3000A3689DF8041020689847284602B070BDEA
:106E400037B50D4610460DF10301F4F73DFE04463B
:106E500050B19DF803308DF8043001238DF80530D2
:106E600001992846FFF7D8FF204603B030BD00BF88
:106E7000A0F10400E4E700BF37B50DF103000C46B4
:106E80000125F4F7D9FF9DF803308DF804308DF813
:106E9000055001992046FFF7BFFF284603B030BDDB
:106EA00070B582B00446D0E90003ADF80410C1F318
:106EB00007269847054626B1A3689DF80410206868
:106EC0009847284602B070BD37B50D4610460DF103
:106ED0000301F4F7F9FD044650B19DF803308DF835
:106EE000043001238DF8053001992846FFF7D8FFBB
:106EF000204603B030BD00BFA0F10400E4E700BFAE
:106F000037B50DF103000C460125F4F795FF9DF808
:106F100003308DF804308DF8055001992046FFF7B5
:106F2000BFFF284603B030BD70B582B00446D0E93B
:106F30000003ADF80410C1F307269847054626B1B3
:106F4000A3689DF8041020689847284602B070BDD9
:106F500037B50D4610460DF10301F4F7B5FD0446B3
:106F600050B19DF803308DF8043001238DF80530C1
:106F700001992846FFF7D8FF204603B030BD00BF77
:106F8000A0F10400E4E700BF37B50DF103000C46A3
:106F90000125F4F751FF9DF803308DF804308DF88A
:106FA000055001992046FFF7BFFF284603B030BDCA
:106FB000D1F880004A82EEF747BF000008B50A46C4
:106FC00001460020FFF7F4FF08BD00BFD1F88000A4
:106FD0008A82EEF739BF000008B50A460146002054
:106FE000FFF7F4FF08BD00BF086A0A82F0F7F8BE99
:106FF00008B50A4601460020FFF7F6FF08BD00BFAE
:107000008B6D0A7093F867200AB91A6A127883F8B0
:107010006720704708B50A4601460020FFF7F0FFD9
:1070200008BD00BF886D81ED040AF0F745B8000087
:1070300008B501460020FFF7F5FF08BD886D81ED1A
:10704000050AF0F739B8000008B501460020FFF73F
:10705000F5FF08BD886D81ED0D0AF0F72DB8000031
:1070600008B501460020FFF7F5FF08BD012381EDBB
:10707000100A81F85430704708B501460020FFF728
:10708000F5FF08BD81ED0B0A01F54051D1F8A008CC
:10709000F2F73EB808B501460020FFF7F3FF08BD40
:1070A0000B468A70586B0021F0F7BEBF08B50A4640
:1070B00001460020FFF7F4FF08BD00BF0B4681F832
:1070C0002820586B0021F0F7AFBF000008B50A4632
:1070D00001460020FFF7F2FF08BD00BF486B8A851C
:1070E000F1F7C2BB08B50A4601460020FFF7F6FFDC
:1070F00008BD00BF486BCA70F0F7E2BF08B50A468A
:1071000001460020FFF7F6FF08BD00BF486B81ED88
:10711000090AF0F7A7BF000008B501460020FFF7F5
:10712000F5FF08BD08690A81F1F7AEBE08B50A4649
:1071300001460020FFF7F6FF08BD00BF08698A720C
:10714000F1F7A2BE08B50A4601460020FFF7F6FF98
:1071500008BD00BF08694A60F1F796BE08B50A4647
:1071600001460020FFF7F6FF08BD00BF38B501203B
:10717000F4F7BCFCA74B04461880F4F7B7FCA64B09
:10718000A6491A6840EA044012F00102086000F0C3
:107190006A82A34B1A6812F0010200F04F82A14BE1
:1071A0001A6812F0010200F034829F4B1A6812F044
:1071B000010200F019829D4B1A6812F0010200F0E2
:1071C000FE819B4B1A6812F0010200F0E381994B9B
:1071D0001A6812F0010200F0C881974B1A6812F089
:1071E000010200F0AD81954B1A6812F0010200F027
:1071F0009281934B1A6812F0010200F07781914B53
:107200001A6812F0010200F0EF808F4B1A6812F03A
:10721000010200F0D4808D4B1A6812F0010200F0D8
:10722000B9808B4B1A6812F0010200F09E80894BE6
:107230001A6812F0010200F08380874B1A6812F07E
:10724000010268D0854B1A6812F001024ED0844BBF
:107250001A6812F0010234D0824B1A6812F001024F
:107260001AD0814B1A6812F0010200D038BD7F4C51
:107270007F48804D01211960C4E900507E4904F126
:107280000800F5F729FE7D4B03F1180103F12802F0
:10729000C4E90031A26038BD794C7548754D0121B3
:1072A0001960C4E90050774904F10800F5F714FEAD
:1072B000754B03F1180103F12802C4E90031A26003
:1072C000CFE7724C6A486B4D01211960C4E9005048
:1072D0006F4904F10800F5F7FFFD6E4B03F118014B
:1072E00003F12802C4E90031A260B5E76A4C6048A6
:1072F000604D01211960C4E90050684904F108009B
:10730000F5F7EAFD664B03F1180103F12802C4E921
:107310000031A2609BE7634C5548564D012119602E
:10732000C4E90050604904F10800F5F7D5FD5F4B52
:1073300003F1180103F12802C4E90031A26081E7DA
:107340005B4C4B484B4D01211960C4E90050594931
:1073500004F10800F5F7C0FD574B03F1180103F1E4
:107360002802C4E90031A26067E7544C4048414D0F
:1073700001211960C4E90050514904F10800F5F7F2
:10738000ABFD504B03F1180103F12802C4E90031B1
:10739000A2604CE74C4C3648364D01211960C4E9D7
:1073A00000504A4904F10800F5F796FD484B03F1F7
:1073B000180103F12802C4E90031A26031E7454C0D
:1073C0002B482C4D01211960C4E90050424904F1B9
:1073D0000800F5F781FD414B03F1180103F1280284
:1073E000C4E90031A26016E73D4C2148214D01213E
:1073F0001960C4E900503B4904F10800F5F76CFD41
:10740000394B03F1180103F12802C4E90031A260ED
:10741000FBE600BFA48F00200C8E0020A08F002070
:10742000088E0020048E0020008E0020FC8D00209D
:10743000F88D0020F48D0020F08D0020EC8D0020D0
:10744000E88D0020E48D0020E08D0020DC8D002000
:10745000D88D0020D48D0020D08D0020CC8D002030
:10746000C88D0020C48D0020C08D0020108E00200B
:1074700058E6020868E60208DCDD020850EA020865
:10748000248E0020DCDD02081CEA0208388E002071
:10749000DCDD0208E8E902084C8E0020DCDD020891
:1074A000B4E90208608E0020DCDD020880E90208F1
:1074B000748E0020DCDD02084CE90208888E002072
:1074C000DCDD020818E902089C8E0020DCDD0208E1
:1074D000E4E80208B08E0020DCDD0208B0E8020813
:1074E000C48E0020DCDD02087CE80208684C694894
:1074F000694D01211960C4E90050684904F1080090
:10750000F5F7EAFC664B03F1180103F12802C4E920
:107510000031A26073E6634C5E485F4D0121196043
:10752000C4E90050604904F10800F5F7D5FC5F4B51
:1075300003F1180103F12802C4E90031A26058E602
:107540005B4C5448544D01211960C4E9005059491D
:1075500004F10800F5F7C0FC574B03F1180103F1E3
:107560002802C4E90031A2603DE6544C49484A4D26
:1075700001211960C4E90050514904F10800F5F7F0
:10758000ABFC504B03F1180103F12802C4E90031B0
:10759000A26022E64C4C3F483F4D01211960C4E9EE
:1075A00000504A4904F10800F5F796FC484B03F1F6
:1075B000180103F12802C4E90031A26007E6454C36
:1075C0003448354D01211960C4E90050424904F1A5
:1075D0000800F5F781FC414B03F1180103F1280283
:1075E000C4E90031A260ECE53D4C2A482A4D012156
:1075F0001960C4E900503B4904F10800F5F76CFC40
:10760000394B03F1180103F12802C4E90031A260EB
:10761000D1E5364C1F48204D01211960C4E90050C6
:10762000334904F10800F5F757FC324B03F1180118
:1076300003F12802C4E90031A260B6E52E4C1548DA
:10764000154D01211960C4E900502C4904F10800CE
:10765000F5F742FC2A4B03F1180103F12802C4E9B3
:107660000031A2609BE5274C0A480B4D01211960AF
:10767000C4E90050244904F10800F5F72DFC234B20
:1076800003F1180103F12802C4E90031A26080E58A
:10769000D88E002058E6020868E60208DCDD020801
:1076A00048E80208EC8E0020DCDD020814E802083D
:1076B000008F0020DCDD0208E0E70208148F0020C4
:1076C000DCDD0208ACE70208288F0020DCDD0208C0
:1076D00078E702083C8F0020DCDD020844E702085E
:1076E000508F0020DCDD020810E70208648F0020C4
:1076F000DCDD0208DCE60208788F0020DCDD020811
:10770000A8E602088C8F0020DCDD020874E602087F
:1077100082B08DE80C00049B3BB1012B0AD1064BD3
:1077200043600432054B026003E0054B4360054BA8
:107730000260836002B0704755B7010859B701086D
:10774000ADB60108B1B6010882B08DE80C00049B0B
:1077500023B1012B08D15369036005E0034B43605B
:107760001032034B0260836002B070474DB70108CE
:1077700051B7010882B08DE80C00049B052B20D87E
:10778000DFE803F003080D12141A0F4B4360026088
:107790000E4B15E00E4B436002600E4B10E00E4B9B
:1077A000436002600D4B0BE00B3200E00C320C4BDF
:1077B000436002600B4B03E00B4B43600B4B0260DA
:1077C000836002B0704700BFDDBF010865D00108CB
:1077D000D5BF01087DD0010881B6010889B601082E
:1077E000A1B60108A5B60108CDBF010895D00108D2
:1077F00082B08DE80C00049B23B1012B06D11368E5
:10780000036003E0024B43600832026002B070473D
:107810009DB6010882B08DE80C00049B012B03D0BB
:10782000022B03D043B902E0043200E00832034BDC
:107830004360034B0260836002B0704781B6010869
:1078400089B6010882B08DE80C00049B0BB953681F
:10785000036002B07047000082B08DE80C00049B0A
:10786000012B03D0022B03D043B902E0043200E025
:107870000832034B4360034B0260836002B07047E1
:1078800081B6010889B6010882B08DE80C00049B1E
:10789000042B17D8DFE803F003090B0D14000A4B83
:1078A00043600832094B026008E00C3202E01032FB
:1078B00000E01432064B4360064B0260836001E037
:1078C0005368036002B0704745B7010849B7010823
:1078D00081B6010889B6010882B08DE80C00049BCE
:1078E000112B50D8DFE803F0090E13181D1F2127B4
:1078F0002C2E303537393F414749244B43600260D5
:10790000234B3FE0234B43600260234B3AE0234B81
:1079100043600260224B35E0224B43600260224B01
:1079200030E0043222E0083200E00C321F4B4360AA
:1079300002601F4B26E01F4B436002601E4B21E09C
:1079400010320BE0143211E01C4B436002601C4B00
:1079500018E0183202E01C3200E02032194B43607C
:107960000260194B0EE0293200E02A32174B4360C7
:107970000260174B06E02E3200E03032154B4360B8
:10798000154B0260836002B0704700BF35B7010835
:1079900039B701080DC00108E5CF010805C001088D
:1079A00005D00108F9BF01081DD00108F9B601088A
:1079B000FDB60108F1BF010835D00108E9BF010893
:1079C00051D0010881B6010889B60108A1B60108A5
:1079D000A5B601083DB7010841B7010882B010B54E
:1079E00002A981E80C00044610220021DBF794FB79
:1079F0002046BDE8104002B0704700BFA1F104016D
:107A0000ECE700BF82B08DE80C00049B122B43D83A
:107A1000DFE803F00A101216181C1E202224262864
:107A20002A2E3032343B40001C4B436014321C4B36
:107A3000026028E0173200E016321A4B026027E09D
:107A4000183200E01C32184B026021E020321DE0A9
:107A500024321BE0483219E0283217E0503215E09A
:107A60002C3213E0543211E05C32104B02600FE014
:107A70004C320BE0303209E03C3207E00C4B436003
:107A800040320C4B0260836006E044320A4B0260D5
:107A9000436001E0D368036002B0704729B7010872
:107AA0002DB701089DB6010831B7010899B6010844
:107AB000F9B60108FDB6010879B6010882B08DE873
:107AC0000C00049B062B2DD8DFE803F004070B11F4
:107AD000151D2400144B02601AE002F561520432B5
:107AE0001BE002F561520532104B026010E002F516
:107AF0006152083202E002F561520C320C4B4360D5
:107B000002600C4B0DE002F5615210320A4B02602C
:107B1000436007E002F561521432084B4360084BA2
:107B20000260836002B07047A9B601089DB60108E3
:107B300081B6010889B6010879B60108A1B6010825
:107B4000A5B6010882B08DE80C00049B162B5FD807
:107B5000DFE803F00C0F13171B1F242A2C2E3032E2
:107B60004834363C3E4042464E565C0002F5625276
:107B70001EE002F56252113223E002F56252133226
:107B80001FE002F5625210321BE002F5625212321F
:107B900017E0204B436002601F4B35E01F4B4360F2
:107BA00001321F4B02602FE004321CE008321AE061
:107BB0000C3218E0103216E0143214E01C3212E0DD
:107BC0002032184B43600260174B1DE024320AE05C
:107BD000303208E0283206E002F5625214320AE040
:107BE00002F562521832114B43600260104B0BE0F9
:107BF00002F562521C320F4B436002600E4B03E0F1
:107C00000E4B43600E4B0260836001E03432026031
:107C100002B0704711B7010815B7010819B701087C
:107C20001DB70108A1B60108A5B6010881B6010873
:107C300089B6010821B7010825B7010819C0010854
:107C4000CDCF010882B08DE80C00049B0A2B32D8FE
:107C5000DFE803F0060C11131517191D22282F0059
:107C6000164B43601432164B026020E0154B436004
:107C70000260154B1BE044320FE048320DE0303219
:107C800002E0343200E03C32104B026002E0553238
:107C90000F4B026043600EE038320E4B43600260CF
:107CA0000D4B04E00D4B436056320D4B0260836078
:107CB00001E0D368036002B0704700BF09B7010854
:107CC0000DB7010825C00108B1CF010879B6010838
:107CD0009DB6010881B6010889B60108A1B6010860
:107CE000A5B6010882B08DE80C00049B152B54D872
:107CF000DFE803F00B101214161B2022282E30325E
:107D00003436383A3F4143454B4D254B4360026082
:107D1000244B41E0043210E0083239E00C3237E005
:107D2000214B43600260214B36E0214B43600260EF
:107D3000204B31E018322BE01C321F4B43600260B5
:107D40001E4B29E01E4B436020321E4B026023E095
:107D500024321DE028321BE02C3219E0383217E0C3
:107D60003C3215E0303213E0174B43600260174B92
:107D700012E040320CE044320AE0483208E0144B92
:107D800043604C32134B026006E0503200E0543244
:107D9000114B4360114B0260836002B0704700BF1B
:107DA00051C001084DCF010849C0010869CF010841
:107DB0003DC0010881CF0108F9B60108FDB60108F0
:107DC00001B7010805B7010831C0010899CF0108C2
:107DD000A1B60108A5B6010881B6010889B6010857
:107DE00082B010B502A981E80C00044610220021DF
:107DF000DBF792F92046BDE8104002B0704700BFA3
:107E0000A1F10401ECE700BF82B08DE80C00049BF7
:107E10000B2B1FD8DFE803F01B06080A0C0E10120C
:107E20001416181A023212E0043210E006320EE084
:107E300008320CE00A320AE00C3208E00E3206E0AA
:107E4000103204E0123202E0143200E01632024B2B
:107E50000260436002B07047F5B6010882B010B509
:107E600002A981E80C00044610220021DBF754F936
:107E70002046BDE8104002B0704700BFA1F10401E8
:107E8000ECE700BF82B08DE80C00049B13B9024BF5
:107E90000260436002B07047F1B6010882B08DE81D
:107EA0000C00049B102B31D8DFE803F02B090B0DDD
:107EB0000F11131517191B1D1F2123252A0004322A
:107EC0001FE008321DE00C321BE0103219E01432C2
:107ED00017E0183215E01C3213E020320CE0243297
:107EE0000FE028320DE02C320BE0303204E0343267
:107EF00002E0383205E03C32054B0260436005E0A9
:107F00004032044B4360044B0260836002B0704710
:107F100079B6010881B6010889B6010882B010B5AA
:107F200002A981E80C00044610220021DBF7F4F8D6
:107F30002046BDE8104002B0704700BFA1F1040127
:107F4000ECE700BF82B08DE80C00049B0C2B33D80B
:107F5000DFE803F0070D11151719202224292B2D16
:107F60003000164B43606432154B026010E06632FD
:107F7000144B026015E06732134B026011E0683267
:107F80000DE06C320BE07032104B4360104B02601E
:107F9000836011E07432F7E77832F5E7E8320D4B91
:107FA0000260436008E07C3202E0C03200E04C3204
:107FB000026001E0136A036002B07047E5B6010891
:107FC000E9B60108EDB601089DB6010881B60108C1
:107FD00089B6010879B6010882B08DE80C00049BCF
:107FE000072B1ED8DFE803F00412090B0D0F111741
:107FF0000D4B436002600D4B12E0043206E0083284
:1080000004E00C3202E0143200E01832084B436006
:108010000260084B04E0084B43601C32074B0260CF
:10802000836002B0704700BF59C0010829CF010822
:1080300081B6010889B60108A1B60108A5B60108F4
:1080400082B08DE80C00049B012B09D0022B0CD0D0
:108050006BB9084B43602032074B0260836006E037
:10806000064B43601032026001E0936A036002B085
:10807000704700BFDDB60108E1B6010879B6010816
:1080800082B08DE80C00049B012B03D0022B07D09B
:1080900063B900E00432064B43600260054B04E024
:1080A000054B43600832054B0260836002B07047A5
:1080B00081B6010889B60108A1B60108A5B6010874
:1080C00082B08DE80C00049B012B09D0022B0CD050
:1080D0006BB9084B43602032074B0260836006E0B7
:1080E000064B43601032026001E0936A036002B005
:1080F000704700BFDDB60108E1B6010879B6010896
:1081000082B08DE80C00049B082B1ED8DFE803F03A
:108110000E0507090B0D13151700043206E008328F
:1081200004E00C3202E0103200E01432084B4360ED
:108130000260084B08E0183202E0193200E01A32FF
:10814000054B4360054B0260836002B0704700BF7F
:1081500081B6010889B60108A1B60108A5B60108D3
:1081600082B08DE80C00049B042B10D8DFE803F0EC
:108170000A0305070900043204E0083202E00C3269
:1081800000E01032034B4360034B0260836002B097
:10819000704700BF81B6010889B6010882B08DE83A
:1081A0000C00049B132B44D8DFE803F0360A0C0EB6
:1081B00010121416181A2022272C2E3033353B3D6E
:1081C000013229E0023227E0033225E0043223E0C5
:1081D000053221E006321FE007321DE0083200E0E0
:1081E0000C32154B43600260144B21E0103213E057
:1081F000134B43600260134B1AE0134B4360026061
:10820000124B15E0183202E0343200E050320260C6
:108210000FE06C3208E070320D4B436002600D4B92
:1082200006E0743200E078320B4B43600B4B026087
:10823000836002B0704700BF81B6010889B60108AB
:1082400069C00108F5CE010861C0010811CF01081D
:10825000A1B60108A5B60108ADB60108B1B601087E
:1082600082B010B502A981E80C000446102200215A
:10827000DAF752FF2046BDE8104002B0704700BF59
:10828000A1F10401ECE700BF82B010B502A981E8BA
:108290000C00044610220021DAF73EFF2046BDE81C
:1082A000104002B0704700BFA1F10401ECE700BF2D
:1082B00082B08DE80C00049B102B42D8DFE803F05D
:1082C000090F13171D21262D2F31333537393B3D2B
:1082D0003F001D4B436050321C4B02601BE0543288
:1082E0001B4B026010E0536F03601A4B0CE01A4BFB
:1082F00043606632194B02600DE07832184B026021
:1083000002E07C32174B026043601AE0164B436078
:108310007D32164B0260836013E0D36810E0D369AE
:108320000EE0136A0CE0536A0AE0936908E01369EF
:1083300006E0536904E0936A02E0D36A00E0136B3D
:10834000036002B0704700BFC5B60108C9B6010896
:108350009DB60108CDB60108D1B60108D5B6010811
:10836000A9B60108D9B60108A1B60108A5B6010849
:1083700082B08DE80C00049B012B07D0022B07D0A4
:1083800063B9074B43600260064B06E0043200E02D
:108390000832054B4360054B0260836002B07047B2
:1083A000B5B60108BDB6010881B6010889B6010855
:1083B00082B08DE80C00049B122B3CD8DFE803F060
:1083C0001D0A10121416181A1C222426282F3133C5
:1083D00035373900194B4360E832194B02601CE015
:1083E00001320AE0023208E0043212E0083210E002
:1083F0000C320EE010320CE01432124B436002607B
:10840000114B0AE0183204E01C3202E0203200E096
:1084100024320E4B43600E4B026083600BE0283227
:1084200008E0343206E0403204E04C3202E0A03290
:1084300000E0AC32026002B0704700BFADB6010888
:10844000B1B60108A1B60108A5B6010881B60108B8
:1084500089B6010882B08DE80C00049B032B0ED86E
:10846000DFE803F002050709064B026006E004326C
:1084700002E0083200E00C32034B0260436002B0BD
:10848000704700BF99B60108A9B6010882B08DE80F
:108490000C00049B012B03D0022B03D033B902E064
:1084A000043200E00832024B0260436002B07047C1
:1084B000A9B6010882B010B502A981E80C000446F3
:1084C00010220021DAF728FE2046BDE8104002B055
:1084D000704700BFA1F10401ECE700BF82B08DE856
:1084E0000C00049B132B36D8DFE803F00A0C0E10A7
:1084F000121416181A1C1E20222426282A2C313366
:10850000043220E008321EE00C321CE010321AE087
:10851000143218E0183216E01C3214E0283212E04F
:10852000203210E024320EE02C320CE030320AE02F
:10853000343208E0383206E03C3204E0403202E0F7
:10854000443200E04832054B0260436003E0D36CE4
:1085500000E0136D036002B0704700BFA9B60108C8
:1085600082B010B502A981E80C0004461022002157
:10857000DAF7D2FD2046BDE8104002B0704700BFD8
:10858000A1F10401ECE700BF82B010B502A981E8B7
:108590000C00044610220021DAF7BEFD2046BDE89B
:1085A000104002B0704700BFA1F10401ECE700BF2A
:1085B00082B010B502A981E80C0004461022002107
:1085C000DAF7AAFD2046BDE8104002B0704700BFB0
:1085D000A1F10401ECE700BF82B010B502A981E867
:1085E0000C00044610220021DAF796FD2046BDE873
:1085F000104002B0704700BFA1F10401ECE700BFDA
:1086000082B08DE80C00049B132B4FD8DFE803F0F9
:108610000A0C11171B1D1F212325272B2E34363939
:108620003E404347D36900E0136A0360204B436038
:108630003CE0204B436024321F4B026035E0936ADC
:1086400003601E4BF3E730320AE0313208E0323289
:1086500006E0333204E0343202E0353200E03632F4
:10866000174B0260E3E7936B03600DE0D36B03608D
:10867000144B4360144B18E0403200E09432026027
:1086800014E002F5C0720260104BD0E7104B03E01B
:108690000F4B5B6801E00F4B1B68036006E00E4B5D
:1086A000436002F5C2720D4B0260836002B07047F6
:1086B00079B6010881B6010889B6010891B60108AA
:1086C00099B60108A1B60108A5B601089DB6010832
:1086D0001C1B0020181B0020ADB60108B1B6010814
:1086E00037B51D46D1E900031446984710EE100A2D
:1086F000DFF78AFD044ACDE9000129462046D7F775
:108700007FFF012003B030BD2CDD020837B51D46C8
:10871000D1E9000314469847044ACDE900012946EF
:108720002046D7F76DFF012003B030BD45DD0208BC
:1087300070B51E46D1E9000315469847034A034623
:1087400031462846D7F75CFF012070BD37DD0208AF
:1087500010B5D1E90003144698470023303020704B
:108760006370012010BD000070B51E46D1E9000302
:1087700015469847034A034631462846D7F740FF37
:10878000012070BD2FDD020870B51E46D1E900033F
:1087900015469847034A034631462846D7F730FF27
:1087A000012070BD37DD020870B51E46D1E9000317
:1087B00015469847034A034631462846D7F720FF17
:1087C000012070BD37DD020870B51E46D1E90003F7
:1087D00015469847034A034631462846D7F710FF07
:1087E000012070BD37DD020870B51E46D1E90003D7
:1087F00015469847034A034631462846D7F700FFF7
:10880000012070BD3ADD020870B51E46D1E90003B3
:1088100015469847034A034631462846D7F7F0FEE7
:10882000012070BD3ADD020870B51E46D1E9000393
:1088300015469847034A034631462846D7F7E0FED7
:10884000012070BD3EDD02082DE9F04192B00546E1
:108850009DF860409DF8640000940F46019040210F
:1088600002A8D7F7CDFE2B684028064628BF402631
:10887000D3F8008004460023324602A92846C047A8
:10888000C7B154B1002302AC194614F801CB013131
:108890008E428CEA0303F8D81C4623460A4A40213C
:1088A00002A8D7F7ADFE296802460C68002302A98A
:1088B0002846A0472B6805491C6802220023284649
:1088C000A04712B0BDE8F081B4C20208B8C20208E5
:1088D0002DE9F04190B005460F4668464021D7F794
:1088E0008FFE2B684028064628BF4026D3F800801C
:1088F00004460023324669462846C047C7B154B1F2
:1089000000236C46194614F801CB01318E428CEAE3
:108910000303F8D81C4623460A4A40216846D7F785
:108920006FFE296802460C68002369462846A04766
:108930002B6805491C68022200232846A04710B076
:10894000BDE8F081B4C20208B8C202087047000056
:108950000B1A00B54FEAA30EBEF1000F19DD137814
:1089600000EB8E0E0EE090F801C09C4524D090F8EC
:1089700002C09C4523D090F803C09C4522D004300F
:10898000704505D090F800C09C45ECD15DF804FB23
:108990000B1A022B05D0032B19D0012B15D008463A
:1089A000F4E7137802789A42F0D0013002789A42C4
:1089B00018BF08465DF804FB01305DF804FB023087
:1089C0005DF804FB03305DF804FB1378EEE71378E1
:1089D00002789A42DAD00130E4E700BF2DE9F04F87
:1089E0000D4614469C46064607460FCD8FB00FC76E
:1089F0002B683B6009AA002304EB0C0120468DF88C
:108A00002430FFF7A5FF06F1080B8046444552D2FB
:108A10003569002D4FD04FF02E0309AA414620465C
:108A20008DF82430FFF794FFAB68059607462E4675
:108A3000A0EB040A07934FF000092546079B9945D0
:108A400028D0726852F839404FEAC903524621468D
:108A500028460693DAF7AEFBC8B92046DAF7F0FAF3
:108A6000824514D13546059E2C68CDF808909BE8C8
:108A700003008DE80300294696E80C00246809A845
:108A8000A0476B68069A1344D3F804C005E009F1C7
:108A90000109D3E7059E4FF0000CCDF834C009ADB5
:108AA0000FCD34460FC401374745C4F800C03C46DB
:108AB00028BF4446AAE730460FB0BDE8F08F00005B
:108AC000014A0160026170477CD000202DE9F0412D
:108AD00090B005460F4668464021D7F791FD2B68B8
:108AE0004028064628BF4026D3F8008004460023CD
:108AF000324669462846C047C7B154B100216C468A
:108B00000B4614F801CB01318E428CEA0303F8D8EE
:108B10001C4623460A4A40216846D7F771FD29685A
:108B200002460C68002369462846A0472B68054981
:108B30001C68022200232846A04710B0BDE8F0813F
:108B4000B4C20208B8C202082DE9F04190B005464F
:108B50000F4668464021D7F753FD2B68402806464C
:108B600028BF4026D3F800800446002332466946D9
:108B70002846C047C7B154B100216C460B4614F8D3
:108B800001CB01318E428CEA0303F8D81C46234600
:108B90000A4A40216846D7F733FD296802460C6827
:108BA000002369462846A0472B6805491C68022215
:108BB00000232846A04710B0BDE8F081B4C20208E7
:108BC000B8C2020838B59C499C48FFF779FF9C4B16
:108BD0001A6812F0010200F097869A4B1A6812F098
:108BE000010200F07B86984B1A6812F0010200F037
:108BF0006486964B1A6812F0010200F04D86944B81
:108C00001A6812F0010200F03686924B1A6812F0D0
:108C1000010200F01A86904B1A6812F0010200F06F
:108C200003868E4B1A68D10740F1F2858C4B1A6887
:108C3000D20740F1E1858B4B1A68D50740F1D0850A
:108C4000894B1A6812F0010200F0B485874B1A684C
:108C500012F0010200F09885854B1A68D40740F1A4
:108C60008785844B1A68D00740F17685824B1A6855
:108C700012F0010200F05A85804B1A6812F00102CE
:108C800000F043857E4B1A6812F0010200F0278540
:108C90007C4B1A6812F0010200F010857A4B1A68BA
:108CA00012F0010200F0F484784B1A68D10740F109
:108CB000E384774B1A68D20740F14984754B1A68F0
:108CC000D50740F13884744B1A6812F0010200F0A5
:108CD0001C84724B1A68D40740F10B84704B1A68DD
:108CE000D00740F1FA836F4B1A68D10740F1EA834D
:108CF0006D4B1A68D20740F1DA836C4B1A6812F098
:108D0000010200F0BF836A4B1A6812F0010200F002
:108D1000A983684B1A68D50740F19983664B1A6896
:108D200012F0010200F08383644B1A68D40740F10B
:108D30007483634B1A6812F0010200F05E83614B8A
:108D40001A68D00740F14E835F4B1A6812F0010297
:108D500000F033835D4B1A6812F0010200F01883B3
:108D60005B4B1A68D10740F108835A4B1A68D20747
:108D700040F1F882584B1A6812F0010200F0DD82CF
:108D8000564B1A6812F0010200F0C282544B1A6866
:108D900012F0010200F0A782524B1A6812F0010291
:108DA00000F08C82504B1A68D50740F1EB814F4B95
:108DB0001A68D40740F1DB814D4B1A68D00740F1A7
:108DC000CB814C4B1A6812F0010200F0B0814A4B83
:108DD0001A6812F0010200F09A81484B1A6812F0EA
:108DE000010200F07F81464B1A68D10740F16F8184
:108DF000444B1A68D20740F15F81434B1A6812F066
:108E0000010200F04481414B1A68D50740F13481DA
:108E10003F4B1A68D40740F124813E4B1A68D007B3
:108E200040F114813C4B1A68D10740F105813B4B5E
:108E30001A68D20774E000BF90190020B0D3002058
:108E400078D000200C8E002074D0002070D000203C
:108E50006CD00020088E002068D0002064D0002054
:108E600060D000205CD00020048E0020008E002006
:108E700058D0002054D00020FC8D002050D000207D
:108E8000F88D00204CD00020F48D002048D0002028
:108E900044D0002040D00020F08D00203CD00020A5
:108EA00038D0002034D0002030D00020EC8D0020BD
:108EB0002CD0002028D0002024D0002020D000205A
:108EC0001CD0002018D00020E88D0020E48D002068
:108ED00014D0002010D00020E08D0020DC8D002078
:108EE000D88D0020D48D00200CD0002008D0002088
:108EF00004D00020D08D002000D00020CC8D002098
:108F0000FCCF0020F8CF0020C88D0020F4CF002037
:108F1000F0CF0020ECCF0020E8CF0020E4CF0020ED
:108F20007FD59E4B1A68D50770D59D4B1A68D4071C
:108F300061D59C4B1A6812F0010247D09A4B1A680F
:108F400012F001022DD0994B1A68D0071ED5984B0C
:108F50001A68D1070FD5974B1A68D20700D538BDCC
:108F600001201860142294499448F3F7B5FF934AFE
:108F7000934B136038BD012018600222914992483A
:108F8000F3F7AAFF904A914B1360E4E701201860C1
:108F900002228F498F48F3F79FFF8E4A8E4B136052
:108FA000D5E78E4C8E488F4D01211960C4E90050E1
:108FB0008D4904F10800F3F78FFF8C4B03F1180182
:108FC00003F12802C4E90031A260BCE7884C844860
:108FD000844D01211960C4E90050864904F108005C
:108FE000F3F77AFF844B03F1180103F12802C4E977
:108FF0000031A260A2E70120186011227F49804859
:10900000F3F76AFF7E4A7F4B136092E701201860F6
:1090100002227D497D48F3F75FFF7C4A7C4B136059
:1090200083E70120186006227A497B48F3F754FF52
:10903000794A7A4B136074E70122794979481A60BA
:10904000F3F74AFF774A784B1360F0E60120186087
:10905000032276497648F3F73FFF754A754B136054
:10906000E0E601201860052273497448F3F734FFE5
:10907000724A734B1360D0E60120186003227149D5
:109080007148F3F729FF704A704B1360C0E6704CCB
:109090005348544D01211960C4E900506D4904F151
:1090A0000800F3F719FF6C4B03F1180103F12802D4
:1090B000C4E90031A260A6E60120186013226749C6
:1090C0006748F3F709FF664A664B136095E601208F
:1090D0001860122264496548F3F7FEFE634A644B48
:1090E000136085E6634C3E483E4D01211960C4E99A
:1090F0000050614904F10800F3F7EEFE5F4B03F105
:10910000180103F12802C4E90031A2606BE65C4853
:10911000334C40F8044B012119605A49F3F7DCFE47
:10912000594B574903F11402C1E9003255E6574C37
:109130002B482C4D01211960C4E90050544904F119
:109140000800F3F7C9FE534B03F1180103F128029D
:10915000C4E90031A2603AE6012018600B224E49B2
:109160004E48F3F7B9FE4D4A4D4B136029E60120F6
:10917000186017224B494C48F3F7AEFE4A4A4B4B56
:10918000136019E601201860072249494948F3F79E
:10919000A3FE484A484B136009E600BFE0CF002019
:1091A000DCCF0020C48D0020C08D0020D8CF00204F
:1091B000D4CF0020D0CF0020008903087CD000202D
:1091C000DC9503083080030888D00020A4980308A9
:1091D0002080030894D00020B0980308108E00204F
:1091E00058E6020868E60208DCDD020850EA0208D8
:1091F000248E0020DCDD02081CEA0208F086030849
:10920000A0D00020C496030870800308ACD00020D2
:109210008C98030840800308B8D000209898030871
:1092200098800308C4D00020749803088080030845
:10923000D0D0002080980308B8800308DCD000203C
:109240005C980308A0800308E8D000206898030811
:10925000388E0020DCDD0208E8E90208708103088E
:10926000F4D0002024980308E080030800D10020F7
:10927000509803084C8E0020DCDD0208B4E9020897
:109280000CD100207081030830980308608E002004
:10929000DCDD020880E90208F88203081CD1002006
:1092A000009803084082030828D100200C98030886
:1092B0000882030834D1002018980308AA4CAB4850
:1092C000AB4D01211960C4E90050AA4904F108001E
:1092D000F3F702FEA84B03F1180103F12802C4E9D9
:1092E0000031A2605EE5A54CA048A14D01211960A6
:1092F000C4E90050A24904F10800F3F7EDFDA14BC9
:1093000003F1180103F12802C4E90031A26043E52A
:109310009D4C9648964D01211960C4E900509B4927
:1093200004F10800F3F7D8FD994B03F1180103F19C
:109330002802C4E90031A26028E5964C8B488C4D88
:1093400001211960C4E90050934904F10800F3F7C2
:10935000C3FD924B03F1180103F12802C4E9003167
:10936000A2600DE5012018600D228D498D48F3F7AC
:10937000B3FD8C4A8C4B1360FCE40120186016226C
:109380008A498B48F3F7A8FD894A8A4B1360ECE4BD
:10939000894C7648764D01211960C4E9005087490F
:1093A00004F10800F3F798FD854B03F1180103F170
:1093B0002802C4E90031A260D2E4824C6B486C4DB3
:1093C00001211960C4E900507F4904F10800F3F756
:1093D00083FD7E4B03F1180103F12802C4E900313B
:1093E000A260B7E4012018600C2279497948F3F7AC
:1093F00073FD784A784B1360A6E478485B4C40F8DC
:10940000044B012119607649F3F766FD754B7349EA
:1094100003F11402C1E9003291E401227249734858
:109420001A60F3F759FD714A714B136081E471487A
:109430004E4C40F8044B012119606F49F3F74CFD85
:109440006E4B6C4903F11402C1E900326CE4012057
:10945000186011226A496B48F3F73EFD694A6A4B6E
:1094600013605BE46948414C40F8044B01211960EA
:109470006749F3F731FD674B644903F11402C1E911
:10948000003246E4644C3948394D01211960C4E981
:109490000050624904F10800F3F71EFD604B03F130
:1094A000180103F12802C4E90031A2602BE4012075
:1094B000186003225B495C48F3F70EFD5A4A5B4B88
:1094C00013601AE401201860082259495948F3F73B
:1094D00003FD584A584B13600AE401201860032228
:1094E00056495748F3F7F8FC554A564B1360FFF7B7
:1094F000FABB01201860032253495448F3F7ECFCEF
:10950000524A534B1360FFF7E9BB524C1748184DB2
:1095100001211960C4E900504F4904F10800F3F734
:10952000DBFC4E4B03F1180103F12802C4E90031C2
:10953000A260FFF7CEBB01201860142248494948B9
:10954000F3F7CAFC474A484B1360FFF7BCBB012046
:109550001860092245494648F3F7BEFC444A454B8A
:109560001360FFF7ABBB00BF748E002058E6020803
:1095700068E60208DCDD02084CE90208888E00205B
:10958000DCDD020818E902089C8E0020DCDD020800
:10959000E4E80208B08E0020DCDD0208B0E8020832
:1095A000F084030840D10020649703085083030827
:1095B0004CD10020F4970308C48E0020DCDD0208A3
:1095C0007CE80208D88E0020DCDD020848E80208AA
:1095D0000084030858D10020C897030864D10020F4
:1095E00000840308D49703086084030874D1002022
:1095F0009C97030880D1002060840308A897030883
:109600006884030890D10020909703089CD1002023
:10961000F084030870970308EC8E0020DCDD02085C
:1096200014E8020898850308ACD100204C97030881
:1096300058850308B8D1002058970308C885030847
:10964000C4D1002034970308B0850308D0D100208E
:1096500040970308008F0020DCDD0208E0E70208E5
:1096600050860308DCD1002010970308E08503082A
:10967000E8D1002028970308012018600522AB4993
:10968000AB48F3F729FCAA4AAA4B1360FFF711BBBA
:10969000A94CAA48AA4D01211960C4E90050A94962
:1096A00004F10800F3F718FCA74B03F1180103F1CC
:1096B0002802C4E90031A260FFF7F6BAA3489F4C24
:1096C00040F8044B01211960A149F3F705FCA14BB7
:1096D0009E4903F11402C1E90032FFF7DFBA9E4C44
:1096E0009648974D01211960C4E900509B4904F147
:1096F0000800F3F7F1FB9A4B03F1180103F128027C
:10970000C4E90031A260FFF7C3BA96488B4C40F819
:10971000044B012119609449F3F7DEFB934B914907
:1097200003F11402C1E90032FFF7ACBA904C834850
:10973000834D01211960C4E900508E4904F10800ED
:10974000F3F7CAFB8C4B03F1180103F12802C4E9BB
:109750000031A260FFF790BA0120186013228749F8
:109760008748F3F7B9FB864A864B1360FFF77EBA4A
:1097700001201860032284498448F3F7ADFB834A33
:10978000834B1360FFF76DBA824C6C486C4D01211E
:109790001960C4E90050804904F10800F3F79CFB0C
:1097A0007E4B03F1180103F12802C4E90031A260E5
:1097B000FFF752BA7A4C6148614D01211960C4E942
:1097C0000050784904F10800F3F786FB764B03F16B
:1097D000180103F12802C4E90031A260FFF736BA8C
:1097E00001201860142271497148F3F775FB704A23
:1097F000704B1360FFF724BA0120186004226E49F1
:109800006E48F3F769FB6D4A6D4B1360FFF713BAAF
:109810000120186003226B496B48F3F75DFB6A4A2D
:109820006A4B1360FFF702BA6948444C40F8044B96
:10983000012119606749F3F74FFB674B644903F156
:109840001402C1E90032FFF7ECB9644C3B483C4DCF
:1098500001211960C4E90050614904F10800F3F7DF
:109860003BFB604B03F1180103F12802C4E900310E
:10987000A260FFF7D0B95C48304C40F8044B01219E
:1098800019605A49F3F728FB594B574903F1140261
:10989000C1E90032FFF7B9B95648284C40F8044BEB
:1098A000012119605449F3F717FB544B514903F157
:1098B0001402C1E90032FFF7A2B951481F4C40F829
:1098C000044B012119604F49F3F706FB4E4B4C49FD
:1098D00003F11402C1E90032FFF78BB94B4C174872
:1098E000174D01211960C4E90050494904F10800ED
:1098F000F3F7F2FA474B03F1180103F12802C4E928
:109900000031A260FFF76FB943480C4C40F8044B9C
:10991000012119604149F3F7DFFA414B3E4903F158
:109920001402C1E90032FFF758B900BF28860308C6
:10993000F4D100201C970308148F002058E6020879
:1099400068E60208DCDD0208ACE7020800D200206D
:10995000F0860308F0960308288F0020DCDD02085B
:1099600078E7020810D20020F0860308D09603089A
:109970003C8F0020DCDD020844E7020890870308E2
:1099800020D20020AC960308788703082CD2002050
:10999000B8960308508F0020DCDD020810E70208AB
:1099A000648F0020DCDD0208DCE602086088030822
:1099B00038D20020689603082888030844D2002083
:1099C000A09603084888030850D200209496030804
:1099D0005CD200206088030874960308788F00200A
:1099E000DCDD0208A8E602086CD20020008903082A
:1099F000489603087CD200200089030828960308B3
:109A00008CD2002000890308089603088C8F002060
:109A1000DCDD020874E602089CD2002000890308FD
:109A2000E89503082DE9F0470D46ADF54C7D00297A
:109A300057D000230146164600F1FF3E4FF0FF3796
:109A400098460AE09F4205D9BCF12A0F14BF8CEA60
:109A500008082746A54248D023461EF801CFBCF18E
:109A60003B0F03F10104EDD1B3F5807F28BF4FF424
:109A700080730DF50B791C461A464846D6F722FE30
:109A80000025BC4209F8045031D899F80020A2F111
:109A90006303142B00F2FD81DFE813F03900FB01B2
:109AA000FB015100FB016500B100FB01FB01FB0163
:109AB000FB01FB01FB01D300F70023015101AC01C5
:109AC000CA01DA011500AA4948464AAB0AAAD6F7E4
:109AD000E7FE002800F3E681A64A29463046FEF755
:109AE000F5FF0DF54C7DBDE8F0872B46BCE709EB93
:109AF000070AA1494AAA5046D6F7D2FEA842F0DD8D
:109B00004A9B9845EDD10AF8015C0125BDE79B49C8
:109B100048464AAB0AAAD6F7C3FE0128DCDD0A9BF9
:109B2000012B17D8964A4A9952F823008369DA68BC
:109B3000012414700268996413689847D1E7914929
:109B400048460AAAD6F7ACFE0028C5DD0A9B012BC1
:109B500040F2D5818C4A29463046FEF7B9FE0DF514
:109B60004C7DBDE8F08729463046884AFEF7AEFFB7
:109B700029463046864AFEF7A9FF29463046854ADF
:109B8000FEF7A4FF29463046834AFEF79FFF294689
:109B90003046824AFEF79AFF29463046804AFEF751
:109BA00095FF294630467F4AFEF790FF294630460A
:109BB000774AFEF78BFF294630467B4AFEF786FF41
:109BC00029463046794AFEF781FF29463046784AD1
:109BD000FEF77CFF294630466D4AFEF777FF29469F
:109BE0003046744AFEF772FF29463046724AFEF745
:109BF0006DFF724A29463046FEF768FF71E7704CE8
:109C0000704A94F83230019394F83130009394F80C
:109C1000303029463046FEF717FE94F83530019370
:109C200094F8341094F83330674A0091304629464E
:109C3000FEF70AFE654B664A29463046FEF784FF6A
:109C40004FE74AAC0AAF04AA62490194484600971C
:109C500005ABD6F725FE012802467FF73DAF049BF2
:109C6000012B3FF677AF4648059950F823008369EA
:109C7000DD680326022A2E7019642BD039685964D6
:109C8000B24227D022689A6424E04AAC0AAF04AA00
:109C9000514901944846009705ABD6F701FE0128CB
:109CA00002467FF719AF049B012B3FF653AF3449AF
:109CB000059D51F823008369D9680326022A0E7096
:109CC0001D6407D03D680D61B24203D0426A21682D
:109CD000126AD16202680121126883F85410904719
:109CE000FFE63E494AAA4846D6F7DAFD00287FF744
:109CF000F3AE0AAC20463A494FF480734AAAFEF705
:109D00006DFE2069FEF722FE002800F0F280354A41
:109D100035496FF0010300F0FFFF002800F0E980F3
:109D20000368214605AA1C680A23A047002800F002
:109D3000D68005AA29463046FEF7C8FED1E699F836
:109D40000130732B00F0D180652B00F01781722B4E
:109D50007FF4C7AEBFF34F8F2449254BCA6802F486
:109D6000E0621343CB60BFF34F8F00BFFDE700BF3E
:109D70000CC50208CCC2020837DD020814C3020871
:109D80001C1B002024C30208E4C202082CC30208E2
:109D9000A0C2020858C3020880C30208A4C3020874
:109DA000C8C30208E4C30208F8C3020838C40208A2
:109DB0004CC4020864C4020874C4020888C40208BF
:109DC0009019002094C40208B0C40208B4CF002047
:109DD000CCC40208BCC20208F8C20208E0C40208EF
:109DE000B0D300200CDE0208E8DD020800ED00E040
:109DF0000400FA05634948464AAB0AAAD6F750FD63
:109E000001287FF769AE0A9B012B3FF6A3AE5E4A9D
:109E100052F823008369DA6840F203541480026820
:109E20004A9C12681C64012183F85410904758E63C
:109E300056494AAA4846D6F733FD00287FF74CAE6C
:109E40004A9B012B3FF686AE4F4A52F823001CE096
:109E50004AAC05AA4E49009448460AABD6F720FD05
:109E6000012802467FF738AE059B012B3FF672AE04
:109E700045480A9950F8230083690226DD68B242FA
:109E80002E70596401D022689A6403681B68984751
:109E900027E6002A3FF425AE3E4A29463046FEF723
:109EA00015FE1EE605AC20463B490AAA4FF4807316
:109EB000FEF794FD2069FEF749FDD0B1374A3849D5
:109EC0006FF0010300F028FF98B103684AAA5F68A9
:109ED00021464FF48073B84700287FF402AE314A20
:109EE00029463046FEF7F2FDFBE52F48F0F728FB48
:109EF000F7E52E4A29463046FEF7E8FDF1E5224A0D
:109F000052F823301D69E86CDEF77EF9CDE90201D5
:109F1000A86CDEF779F9264ACDE9000140214AA86C
:109F2000D6F76EFB3368402828BF4020D3F8008066
:109F30000246054600234AA93046C047BC4215D90F
:109F400000234AAC194614F8012B01318D4283EAF3
:109F50000203F8D8174A40214AA8D6F751FB3168C6
:109F600002460C6800234AA93046A04733681249CC
:109F70001C68022200233046A047B2E50A48EFF7EA
:109F800039FEAEE51CC302081C1B00201CC50208DC
:109F900008C3020824C50208B0D300200CDE020862
:109FA000E8DD0208FCC4020890190020E8C4020899
:109FB000C4C20208B4C20208B8C20208002940D0D4
:109FC0002DE9F84F1F4DDFF88080DFF880B0DFF813
:109FD00080A0044691464618002710E00A3BDBB2F9
:109FE000172B88F800702F6007D82AFA03F3D907D7
:109FF00003D501232F6088F80030A6421FD02968BE
:10A0000014F8013BFF29E9D8A3F10A02D2B2172ABA
:10A0100098F800000AD82AFA02F2D20706D50028DA
:10A02000E7D04A465846FFF7FDFCE2E70028E4D0B7
:10A030000BF80130A64201F101012960DFD1BDE832
:10A04000F88F7047ACD20020C8050020B0D20020A5
:10A05000090080004FF0FF30704700BF2DE9F0414C
:10A060001F4D204FDFF8888000260120E6F7FCFB1B
:10A0700095F83A30222B284608D0E5F7E3FD402238
:10A0800041462846E5F792FD00233B606B6B1B6859
:10A090005C68D4F14004E8D33968A1420FD88C42FF
:10A0A000E2D9621A002341440F4800F05FFC38688F
:10A0B0000E4A211A4044FFF781FF3C60D4E7C1F10A
:10A0C000400200234144084800F050FC3868074A29
:10A0D000C0F140014044FFF771FF00213E60DEE720
:10A0E000300F0020D8D40020C8D3002090D4002006
:10A0F000DCD400206AB32DE9F843DFF860900E4607
:10A100001F46154600F10408402DD9F800004FF015
:10A110000A012C4628BF4024E6F712FCA8B92246C3
:10A1200031464046D6F7CEFA0B48A2B24146E5F793
:10A1300001FD50B92D1B264417B13A6822443A60FC
:10A14000002DE1D10020BDE8F8834FF0FF30BDE8DD
:10A15000F8830020704700BF300F0020580900200E
:10A1600030B50D4C0D490E4887B04022E5F71EFD75
:10A170000FCC0DF1040CACE80F000025094A236850
:10A18000CCF80030294601A81560E6F751FB064BD4
:10A19000186007B030BD00BF2CBD0208DCD4002021
:10A1A000300F0020D8D40020D4D40020014B1868F0
:10A1B000E6F7F2BB580900201249134B1348144A22
:10A1C00070B5144E144C086014481A60596020226F
:10A1D0003060002106F108007360D8F79DFF234628
:10A1E0000F4A43F8042B00258022294604F10C0075
:10A1F000A580A5609D70D8F78FFFC4E92355C4F8EA
:10A20000946070BD90D4002088D40020F09803089A
:10A21000749A030860D40020C8D30020809A0308F1
:10A22000649A030802B32DE9F04180460E461F46AA
:10A230001546D8F80400402D03682C4628BF40245A
:10A240001B6822463146984750B92D1B264417B14A
:10A250003A6822443A60002DEBD10020BDE8F0813D
:10A260004FF0FF30BDE8F081002070474FF0FF3025
:10A27000704700BF2DE9F8431C4C1D4F1D4DDFF802
:10A2800088801D4E20684FF0FF31E6F759FB0346EA
:10A290000028F7D13A68297A01323A6091B1D5E9BC
:10A2A00000C998F896E0154A15482B726146BEF130
:10A2B000000F16D049466046FFF780FE697A1148C4
:10A2C000E6F722FD337A002BDCD0D6E9001200231A
:10A2D0000B48337200F0FCFA717A0A48E6F714FD75
:10A2E000D0E74A4600F0F4FAE8E700BF540900203E
:10A2F00068D50020DC050020CC05002048D50020D2
:10A3000020D50020C813002090190020402A20D812
:10A31000836870B506460D4618680A211446E6F7AC
:10A320000FFB50B93279A1B22846E3F7EBFA48B9EE
:10A33000094A53680133536070BD074A936801337B
:10A340009360EFE7B3681868E6F726FB4FF0FF303D
:10A3500070BD4FF0FF30704768D5002010B40B4B34
:10A3600093F809C09445044603D0094B587A9042AB
:10A3700009D108480122C3E9004100685DF8044B97
:10A380001A72E6F709BB5DF8044B7047DC05002044
:10A39000CC0500205409002010B5094C0FCC86B024
:10A3A0000DF1040CACE80F002368CCF8003000215C
:10A3B00001A8E6F73DFA034B186006B010BD00BFD8
:10A3C00040BD020874D5002038B50D4B0D4C0E4928
:10A3D0000E4A1960216003210D4821710D490E4D6F
:10A3E00011600E49536001604460A5602022012481
:10A3F000002108309D601C71D8F78EFE38BD00BF6B
:10A400005CD5002050D500206099030848D5002075
:10A4100020D500206C99030850090020809A030879
:10A42000037819430170704738B5184B99420446B8
:10A4300027D00AD8164B99421FD0164B994215D1F6
:10A44000D0E905300822426006E0134B99420DD155
:10A45000D0E90530022545601960DFF703FFA069E8
:10A46000DFF7C0FDA069DFF7CFFE00B138BDA069FE
:10A470000221BDE83840E0F72DB8D0E905301022C0
:10A48000E1E7D0E905300422DDE700BF20A10700A5
:10A4900048E8010090D0030040420F0010B4084C7F
:10A4A00004604FF0000C4FF48064C460C0E90512F2
:10A4B0005DF8044B80F810C080F811C0704700BFF1
:10A4C000B899030830B54269036811681B680446EF
:10A4D00091B09847A069DFF785FD00220023CDE900
:10A4E0000623CDE90823CDE90A23A0690022012330
:10A4F000012506A9CDE90C230E95DFF7F3FDA06930
:10A50000DFF782FEB8B105460022CDE90322E368F9
:10A510000C4A0D499B08CDE9011201A8214605937B
:10A52000E6F786F9A060281E4FF0010318BF01204E
:10A53000637411B030BDA0690221DFF7CBFF05467F
:10A54000E2E700BF95A6020818D7020830B5054615
:10A5500089B080690C46E0F72DF9D0B922792168DD
:10A5600092000492A2790346A8698DF81C30CDE9C7
:10A570000211CDE905320193DFF7FCFE10B9019815
:10A5800009B030BDA86901ABE21D02A9DFF79AFE50
:10A59000F5E74FF0FF3009B030BD00BF30B50546DC
:10A5A00089B080690C460021DFF780FF0346A86967
:10A5B000CBB1E31D01AA0021DFF7F4FE01200399CE
:10A5C000DDE90123002918BF1A46DDE9043514BF6F
:10A5D00001210021003B18BF0123A57121712260D8
:10A5E000637109B030BD0121DFF760FF0028E6D0BC
:10A5F000A869E31D01AA0121DFF7D4FEDEE700BF51
:10A600002DE9F041214FDFF8888084B004466E4682
:10A61000A069E0F7CFF828BB97E80F0086E80F00A5
:10A62000D8F800000A21E6F78BF904E0FFF7B6FF3F
:10A6300063691B7933B30021A069DFF737FF01217C
:10A640000546A069DFF732FF0346DD42314620466A
:10A65000ECD1A0690221DFF73DFFA069E0F7AAF87D
:10A660000028D9D0B0F5003FD2D1A069E0F7A4F816
:10A67000A069DFF7C9FD0028CAD1A0690221DFF770
:10A6800029FFEAE73046F0F7A1FED4E754BD0208FF
:10A690004C09002008B5FFF7B3FF00BF1030FFF7EB
:10A6A000BFBE00BFCB685B6F03B9704770B50C4687
:10A6B0000546E6F7B5F8E268D4F88030526FC31A61
:10A6C0009342064604D36B691B7913B1C4F88060CA
:10A6D00070BD2046F0F7A4FFF8E700BFCB689B6F82
:10A6E00003B9704770B50C460546E6F799F8E2687D
:10A6F000D4F88430926FC31A9342064604D36B6930
:10A700001B7913B1C4F8846070BD2046F0F7B8FD22
:10A71000F8E700BF704700BF704700BF704700BF39
:10A72000704700BF704700BF704700BF08B50221E7
:10A73000DFF7E6FE024B1868BDE80840E6F72CB9E3
:10A740004C090020704700BF704700BF704700BF32
:10A75000704700BF704700BFE0F72EB8023A802A6A
:10A7600001D90020704708B502310248D5F7AAFF89
:10A77000002008BDA0D500200148E8F7CDBE00BFED
:10A78000C8180020428D92B2C2F18402042A38B562
:10A79000044607D894F83D302A2B04BF282384F8B8
:10A7A0003D3038BD0B490C4D8B6801338B606B79A4
:10A7B0002979A970002063F07F032880EB70294677
:10A7C0001E230648AB8000F083F8043580236562C1
:10A7D0006385DFE7A4D6002020D6002078D50020AE
:10A7E000428D92B2C2F18402042A38B504460BD8D5
:10A7F00094F83D302A2B04BF282384F83D302046AE
:10A80000BDE83840E8F788BE0B490C4D8B68013332
:10A810008B606B792979A970002063F07F03288011
:10A82000EB7029461E230648AB8000F051F8043532
:10A83000802365626385DBE7A4D6002020D6002054
:10A8400078D500200D4A536870B501330D46044693
:10A850005360FFF797FF012D07D020460849BDE858
:10A86000704004238022E8F7D7BD20460549BDE8A3
:10A87000704004238022E8F70FBE00BFA4D600205A
:10A88000A0D5002024D60020036C33F0040300D1AF
:10A890007047034AD3680133D360E8F73DBE00BF79
:10A8A000A4D6002010B50548054C064B2022C0E96F
:10A8B000004300210830D8F72FFC10BD78D50020C8
:10A8C000809A0308EC0500204FF0FF30704700BF6E
:10A8D000032A45D9F0B50D882B0485B036D44E88AF
:10A8E0000446C6F30E000B1D36B290BB4FF0010CB0
:10A8F000134413F8057C13F8063C43EA07239C45F0
:10A900002BD18F88083A06311E2F28BF1E270A44F4
:10A9100004F10A03CDE90012029302AA3B446946FE
:10A920000393F5F7EDFC002E10DADDE902326FEA51
:10A93000454560686FEA55452581D21A0368C2F122
:10A9400002021B683A4404F108019847002005B050
:10A95000F0BD054FB7F800C0CAE74FF0FF30F6E78B
:10A960004FF0FF30704700BFA48F00202DE9F84F53
:10A97000002A00F08E804FF000081E4604460D4667
:10A980008F184346A268022A38D8A11801322878C5
:10A99000A260012A087173D0022A75D004F1040C58
:10A9A00004F1070E42221CF8010B0821424050B26C
:10A9B0005200002801F1FF31D2B2B8BF82F0370255
:10A9C00011F0FF01F3D1E645EDD152B1A36001359D
:10A9D00016B1326801323260BD42D3D14046BDE883
:10A9E000F88F94F805A0D4F88C200AF1020A924559
:10A9F000C4F890A0EBD104F10C0B15E0D4F88C1046
:10AA00007F2906D801F1010C21442878C4F88CC0B4
:10AA10000873032ADBD1D4E9232A5245D7D104F1A4
:10AA20000C0BBAF1000F28D00AF10C09A144DE4644
:10AA300041F2373243F665501EF8011B4FF0080C07
:10AA400082EA012211B2520000290CF1FF3C92B2BD
:10AA5000B8BF42401CF0FF0CF4D1CE45ECD162B936
:10AA6000D4F89400D0F800C0AAF10202DCF80090FB
:10AA70005946C847002348EA0008C4E92333A5E73C
:10AA80002279AA2AA2D1A2E794F90520002A9EDA07
:10AA90009CE790464046BDE8F88F00BF7F2A74D8F7
:10AAA0002DE9F04182B0AA235FFA82FC16468DF8A8
:10AAB000043004460D468DF805C00822E82359B23B
:10AAC0005B00002902F1FF32DBB2B8BF83F037032D
:10AAD00012F0FF02F3D18CEA030C08274FFA8CF234
:10AAE0004FEA4C0C002A07F1FF335FFA8CFCB8BF29
:10AAF0008CF0370C13F0FF07F0D160688DF806C0BA
:10AB000002683B46D2F8008001A90322C047002812
:10AB100038D1606802683B46294617683246B84714
:10AB200080BB66B32E4441F2373343F6655115F8C6
:10AB3000010B082283EA00230FFA83FC5B00BCF1BF
:10AB4000000F02F1FF329BB2B8BF4B4012F0FF0280
:10AB5000F2D1B542EBD11A0ADBB260688DF8002061
:10AB600002688DF801301468002302226946A0476C
:10AB7000003818BF0120404202B0BDE8F081372301
:10AB80001322EAE74FF0FF30F6E74FF0FF3070474F
:10AB900038B5D0E9002400230D469E460CB19442FE
:10ABA0003CD912F801CB02600CFA03FC0833202BCD
:10ABB0004EEA0C0EF2D1BEF1FF3F1CD0184B1B68C1
:10ABC000734501D8012038BDD5E90004A3EB0E037D
:10ABD000241A9C42134928BF1C4622467144D5F7CB
:10ABE00071FDD5E90032D21AA24294BF9B181B19FD
:10ABF0002B600120E7E70C4B69681C682B6800227A
:10AC000024FA02F0083209B1994207D918702B686A
:10AC1000202A03F101032B60F2D1D3E7002038BDD5
:10AC20007CEA020880EA0208A08F00207FB5002499
:10AC30001023CDE90234036815469E6912686B46FD
:10AC4000CDE90044B0479DF8043003F00603062B1D
:10AC500003BF009B2B600120204604B070BD00980C
:10AC600090420CBF062001207047000010B5034B36
:10AC70000360044600F035FD204610BDC8A203085D
:10AC800010B50446FFF7F2FF2046082100F042F815
:10AC9000204610BD2DE9F0411F46DDE90834DDF8FE
:10ACA000188098450646154607D1079900F01CFD07
:10ACB00018B165710020BDE8F0813946304600F0DA
:10ACC00013FD0028F6D00123C4F800802571A3717C
:10ACD000F0E738B515461C4600F006FD20B1082304
:10ACE000E36006232560237138BD2DE9F041054658
:10ACF0000C4616461F4600F0F7FC48B9032F07D84C
:10AD000023683246294620465B69BDE8F041184772
:10AD1000BDE8F08100F023BF2DE9F043884689B0FB
:10AD200017461D46064620B90024204609B0BDE856
:10AD3000F083026852F8083C52F8049C0022CDE9E6
:10AD4000052210220792C25852F8042C4A4500EB03
:10AD50000304E9D1002D2BDA05AAD9F80030CDE99A
:10AD60000262CDE900480622DC6929463B46484696
:10AD7000A047059C002CD7D09DF81A1001F00603BF
:10AD8000062BD2D09DF819309DF818201A4002F0F9
:10AD90000602062AC9D003F00503042BC4D00029FB
:10ADA000C2D1002D0DDB2C44A642BDD1059CBCE7D1
:10ADB000DD42D1D13946484600F096FC0028CBD080
:10ADC000B3E7AB1CB0D03B6800961E6A22464346F0
:10ADD00029463846B04700F006000628E5E700009F
:10ADE00070B50D4619460368049E9D4204D90A4970
:10ADF0000A482A4600F0AFFE5C1B944228BF144666
:10AE0000A642324628BF224622B140682844D5F7E0
:10AE1000F3FC00B9A01B70BD4ADD020864DD020826
:10AE20002DE9F043374E38488DB00025C6E901556D
:10AE3000F560D5F739FC354B059308230693344B61
:10AE4000CDE9073509230993324B0A934FF00F08D8
:10AE500004230446CDF810800B93B4B90B9B089DD6
:10AE6000402BA8BF4023002D08BF06253E355D437B
:10AE7000AD00F56035B12846D8F7A0F8B0600028DD
:10AE80003CD1F4600DB0BDE8F0832378CDF80080AC
:10AE90003A2B08BF013423460F22002104A8FFF7F4
:10AEA0009FFF28BBE37B2E2B22D110344FF00309E8
:10AEB00006AFB9F101091BD03D6800952A4623462B
:10AEC00000213846FFF78CFF024610B9635D3D2B29
:10AED00001D00C37EDE70135601903A9D6F796F9D3
:10AEE000039C23783A2B00D013B9002800DBB8600C
:10AEF00020463A21D6F778FC0446AEE7C0E9005474
:10AF00007060BFE7B4D6002095DD0208A6DD020818
:10AF1000B6DD0208BFDD02081EB400F090F81EBCCA
:10AF2000DEF7F2FC0378472B17D143784E2B14D170
:10AF30008378552B11D1C378432B0ED10379432B42
:10AF40000BD143792B2B08D183792B2B05D1C079D9
:10AF500001288CBF002001207047002070470000AE
:10AF60002DE9F3411F460378C479472B02460D466D
:10AF700012D143784E2B0FD18378552B0CD1C37847
:10AF8000432B09D10379462B06D143794F2B03D1AB
:10AF90008379522B00D1F4B11046FFF7C3FF002391
:10AFA0000193D8B9154C236820469B68984700B395
:10AFB000019B1B68019302262B6801AAD3F810801D
:10AFC000214601232846C047A8B1019B3B6030467B
:10AFD00002B0BDE8F0810194094CE4E752F8201C6E
:10AFE000012C1ABF0C4602F1580151F8784C01911E
:10AFF000D9E70126E0E70646E9E700BF38A30308E2
:10B000000CA3030810B5044600F032F802462046AF
:10B01000A4F12001FFF786FF60B154F8043C01332E
:10B02000012B44F8043C03D1936844F8083C916038
:10B03000012010BD9368002BF9D000F0A9FA10B5DB
:10B0400000F016F8826801460AB900F0A1FA02F190
:10B0500020042046FFF766FF40B1D369013BD3616E
:10B0600013B9906988609361204610BD8860FBE742
:10B0700000487047C4D6002030B500231A4610F8A7
:10B08000015B05F07F04944023432C0602F1070284
:10B09000F5D40B6030BD30B500231A4610F8014BD3
:10B0A00004F07F0595402B43250602F10702F5D4F5
:10B0B0001F2A06D8640642BF4FF0FF3404FA02F29A
:10B0C00013430B6030BD50282DE9F34106468846F6
:10B0D00015461F4608D1D01C20F0030050F8044B41
:10B0E0003C6002B0BDE8F08100F00F030C2B2ED8BD
:10B0F000DFE803F025071D25292D2D2D2D182125ED
:10B10000290001A92846FFF7B7FF019C002CE7D0D2
:10B1100006F07003102B08BFA8464444330648BF0E
:10B120002468DDE701A92846FFF7B5FFEDE72846CB
:10B1300030F8024BEAE7284630F9024BE6E72846AA
:10B1400050F8044BE2E7284650F8084BDEE7D6F704
:10B15000F9FA08B50346FF2B08460DD003F070033B
:10B16000302B0FD004D8202B08D005D9D6F7EAFA17
:10B17000402B0BD0502BF9D1002008BDBDE8084072
:10B1800000F081BDBDE8084000F07ABDBDE8084090
:10B19000DEF7C4BD70B50C460146204615461E4676
:10B1A000FFF7D7FF334601462A462046BDE87040E8
:10B1B000FFF789BF73B50C461546064608B1DEF7A2
:10B1C000ADFD2246286012F8011BFF291CD02B1D63
:10B1D0003046FFF7DFFF0246104610F8013BFF2B19
:10B1E00014D010232B7501A9FFF746FF019B0344E0
:10B1F000EB6010F8013B6B7501A9FFF73DFF019B68
:10B2000003442B6102B070BD6860E5E72B75002335
:10B21000EEE71FB503AB009300230A461946DDF79E
:10B220007FFF039805B05DF804FB00002DE9F04FA7
:10B2300000F0030395B04FF00009012B0C461546B2
:10B24000CDF8249011D0022B04D0002B74D110F033
:10B25000080673D029462046DEF74AFD18B10920BA
:10B2600015B0BDE8F08F0820FAE710F008065AD0B4
:10B2700002231E430EAF002300970C2219462846D6
:10B280000E94DDF775FF062E5AD1D4F83080B8F150
:10B29000000F00F06381D4E90A7A4FF0030B002F0E
:10B2A0001ADA0EAA514628468DF84C90FFF782FF15
:10B2B000119E9DF84C002946FFF74BFFFB4306EB20
:10B2C0008303002253F82210002940F04A81C4E988
:10B2D0000A200422C4E90C2300230DAE1A461946A5
:10B2E000009628460D94DDF743FF002319460122FE
:10B2F000009628460D97DDF73BFF0F212846FFF704
:10B3000088FF00F0010040EA080000230D9000963D
:10B310000F2219462846DDF72BFFBBF1020F00F084
:10B32000228107209CE70F6A10460D21FFF771FF6D
:10B3300087429DD106239CE7D6F704FA012398E7BC
:10B340002846DEF7F1FC8246002883D03A460146C3
:10B3500028468DF84C90FFF72DFF9DF84C90119BDF
:10B360000393294683464846FFF7F3FE0F210490D6
:10B3700010902846FFF74DFF20F0010808F1FF3339
:10B380000593129F5F4517D80027B8464FF0010B71
:10B39000F20740F1D380BBF1020F3FF45BAF0D2108
:10B3A0002846099EFFF735FFC4E90A7AC4E9080672
:10B3B000C4F83080062053E79DF84D805A460AAB0A
:10B3C00041460020FFF7E6FE0BAB02464146002057
:10B3D000FFF7E0FE0CAB024641460020FFF7DAFE25
:10B3E0000DA9FFF749FE0A9A0E9B1344059A934252
:10B3F000834655D80B9A1344059A9342C1D9DDF878
:10B400003080B8F1000F01D00F9B98440D980028B0
:10B410003ED001383844B8F1000F3FF41BAF16F0AE
:10B42000080306933ED0472323704E2363705523B1
:10B43000A3704323E370462323714F236371522388
:10B44000A3710023E371002305930BA9FFF723FEEB
:10B450000CA90790FFF71FFE0B9F002F6BD0022E49
:10B460005DD0002F42DDB9F1FF0F3BD009F007039B
:10B47000042B3FF661AF01A252F823F0B7B40208E3
:10B4800039B30208E9B40208B7B40208E1B402080B
:10B49000B8F1000F3FF4DEAE00274FF0020B77E764
:10B4A000BB466EE7E379012B0CBF54F8203C04F156
:10B4B00058030993C7E7042203990DAB02FB171247
:10B4C00048460499FFF7FFFD0D9931B13CB309AB34
:10B4D00000222046FFF744FD08B34FF0030B57E767
:10B4E0000822E9E70022E7E70222E5E7039A6FF086
:10B4F0004043DB1B02EB830BBCB1069AAAB9099B44
:10B500000D93ABF1040B5BF8041F0029E5D00DABE4
:10B51000002259442046FFF723FD0028F3D00C9861
:10B5200028B3079B034418468FE7039A52F8233049
:10B53000002BF4D1D1E701230593F0E7330709D5B8
:10B54000BBF1010F01D100F023F8002FBFF6C4AE0C
:10B5500000F030F8BBF1010F7FF4A1AE204600F0FF
:10B560001DFB0132AEE62046FFF74CFDD9E6059BF8
:10B57000002B91D16EE600BF08B58047D6F7E2F800
:10B58000024B1868BFF35B8F704700BFF4050020C3
:10B5900008B5FFF7F5FFFFF7EFFF08B58047FFF7A6
:10B5A000F7FF0000024B1868BFF35B8F704700BFC6
:10B5B000F005002008B5FFF7F5FFFFF7EEFF0128C3
:10B5C00038BF012010B504462046D7F7F7FC00B17C
:10B5D00010BD00F04DFB08B9D6F7B4F88047F3E78B
:10B5E00010B5034B03600446FFF740FB204610BD37
:10B5F0007CA3030810B50446FFF7F2FF20460C2198
:10B60000FFF788FB204610BD2DE9F041DDF81880DA
:10B61000904506460F4615461C460BD0B068036899
:10B62000CDF818801E6A2A4623463946B446BDE83E
:10B63000F0416047194600F057F80028EED0062088
:10B64000BDE8F0812DE9F14F0D461946DDE90A4BC1
:10B65000DDE90CA681461746984600F045F890B102
:10B66000002D3460377109DB2C44A24514BF01243E
:10B670000624B471002001B0BDE8F08F0235F9D185
:10B680000123B371F6E7544506D15946484600F008
:10B690002BF808B17771EDE7D9F808000368CDE918
:10B6A0000CA6CDE90A4BDC693A4643462946A44636
:10B6B00001B0BDE8F04F60472DE9F04107460C4668
:10B6C00015461E46FFF705FB48B9B86803689F6931
:10B6D0002A4633462146BC46BDE8F0416047BDE8F6
:10B6E000F081704700207047814208B50ED0406855
:10B6F00003782A2B0CD049680B782A2B08BF01311C
:10B70000D6F7DEF8B0FA80F0400908BD0120FCE76A
:10B710000020FAE710B5034B03600446FFF7A6FAD2
:10B72000204610BDF4A3030810B50446FFF7F2FF4E
:10B7300020461821FFF7EEFA204610BD2DE9F74FFD
:10B74000DDF830A05245054688461646994605D094
:10B75000EF6805EBC70547B9012020E01946FFF760
:10B76000C3FF0028F4D0062019E0EC68A30719D520
:10B77000221214F0010404D018F1030F12D0336820
:10B780009A58A8680368CDF800A0D3F820B03244D6
:10B790004B464146D847032804D92043C0B203B0E2
:10B7A000BDE8F08F013F083DD5E7F0B40D1E049CC5
:10B7B000164606DB2E44B4420CBF06200120F0BC26
:10B7C0007047023505D0056804942C6AA446F0BC85
:10B7D00060470120F3E72DE9F04F91B0CDE9052353
:10B7E0001D9C1C9AA368DB0644BF8368A3601A9B58
:10B7F000934281460F4608D11B99FFF775FF20B190
:10B80000059B63714FF0000882E006994846FFF7F8
:10B810006BFF98B11A9B2360002F059B237108DBF7
:10B820001A9B1F441C9BBB4214BF01270627A7710C
:10B83000E8E70237E6D10123A371E3E7002FA9BFB0
:10B840001C9B0790DB1B07934FF0020C0123CDE9F3
:10B8500008C3059B4FF0000843F00103CDF8288092
:10B860000B93D9F80CA009EBCA0BBAF1000F09D160
:10B870000A9B002B4CD0089B012B49D00123CDE91A
:10B88000083AEEE70023CDE90D33DBF80C30A5686C
:10B890000F95DE0743BF1A980B9A0068059A4FEA86
:10B8A000232148BF41581A980144079838B188426B
:10B8B000099E2CBF00200120B04200F0B380980701
:10B8C00006D4BB1C02D1AE0700F0AE8002F0FD0230
:10B8D000DBF808000DAD036803951C9D02951B9DC8
:10B8E000CDE900153946DD69069BA84763799DF8C7
:10B8F00039209DF83A500D991343062D637101D0FC
:10B90000022D09D19DF8383021602371A571804640
:10B91000404611B0BDE8F08F2268B8F1000F13D196
:10B92000A2B99DF838202160227121B11BB1D9F84C
:10B930000830DD07EBD56379042BE8D00AF1FF3A34
:10B94000ABF1080B804690E7002A37D0914206D130
:10B9500023799DF83820134323714046EBE709B95A
:10B960000028FAD0032BA67904D9D90729D5A368D2
:10B970009B0726D57EB9032D05D9EE0741D5D9F809
:10B98000083098073DD51C9B009306981B9B3946B1
:10B99000FFF70BFF0646E5B9032E05D9F10732D5AF
:10B9A000D9F808309A072ED51C9B00930D9A1B9B43
:10B9B00006983946FFF7F9FE05460AE00029D1D17D
:10B9C000CBE7012E38BF0126012D38BF0125F6B285
:10B9D000EDB285EA0603DBB2032B16D9032D81BF36
:10B9E0000D9B23602E469DF8383086BF23710020C2
:10B9F0004046B307A67102D416F001069BD1002081
:10BA000085E70126E5E70125E3E73540EDB20023B0
:10BA1000032D236003D90223A371012077E70120BE
:10BA2000A07188E701230A93404687E72DE9F04F8C
:10BA30008BB00546049101921C46FFF74AF9002895
:10BA400063D1D4F80890D5F80C8019F0100F18BF06
:10BA5000D5F8089009F0010305EBC8074FF0000A7C
:10BA600005930DF1180BB8F1000F04D120790038BF
:10BA700018BF01204AE0FA68CDF818A002F00103CF
:10BA8000029302F002030393059B8DF81CA002F0C1
:10BA900002010B43CDE9089A03D108F1FF38083FB2
:10BAA000E1E7019B002B34D0029B121213B1019BE2
:10BAB0001B689A58019B1A44B868049903689B69EB
:10BAC0001E465B46B0470028E7D0099B082B03D1F0
:10BAD000029B0BB1BB6809939DF81C30032B05D961
:10BAE000039A1AB923F002038DF81C30E168C1B93A
:10BAF0009BE80F0084E80F002379032B05D99A07F0
:10BB000009D5AB6813F0010FC7D101200BB0BDE818
:10BB1000F08F019AD0E7DB07F7D5AB6813F0020F7F
:10BB2000F2E72368069A934204D00023236002239D
:10BB30002371EAE72BB123799DF81C20134323716D
:10BB4000ABE709980828F2D00829F0D0FFF7CCFD20
:10BB50000028F0D1EBE70FB408B5D5F7F3FDD7F720
:10BB600035BA0378472B17D143784E2B14D18378FD
:10BB7000552B11D1C378432B0ED10379432B0BD115
:10BB800043792B2B08D183792B2B05D1C079012840
:10BB90008CBF0020012070470020704710B504467C
:10BBA00048B100F03BF82046FFF7DBFF18B154F82E
:10BBB000140CFFF7E1FCFFF7EBFC38B50246FFF78A
:10BBC000D0FF044640B152F8184C0025104600F052
:10BBD00025F81DB1FFF7EEFC0125F7E72046FFF73A
:10BBE000DCFC0378472B17D143784E2B14D1837894
:10BBF000552B11D1C378432B0ED10379432B0BD195
:10BC000043792B2B08D183792B2B05D1C0790128BF
:10BC10008CBF0020012070470020704738B50446D3
:10BC2000FFF726FA056802462046A4F12001FFF737
:10BC3000D8FF28B90DB1FFF7ABFC1160284638BD1D
:10BC400054F80C3C002BB4BFC3F10103013344F89A
:10BC50000C3C53688D4203F1FF33536020461CBFF8
:10BC600044F8105C1160656ADDF752FAE6E70000FF
:10BC7000024B1868BFF35B8F704700BFD0D600201F
:10BC800008B5D5F75FFD08B5FFF7FAFFF8B500BFB7
:10BC9000F8BC08BC9E467047F8B500BFF8BC08BCAD
:04BCA0009E46704705
:10BCA80014C1020829C300080100000000000000B8
:10BCB8000002000008C1020851C30008000000008B
:10BCC8000000000000020000F4D6020899500108A4
:10BCD800FEFF00000000000080000000000020417E
:10BCE800CDCCCC3EDB0F49400000A04100002042F3
:10BCF8000000C84200000000D606D606D60600009E
:10BD08000000000000000800000000000000000023
:10BD1800A4C202088DBA010800000000000000005B
:10BD280000040000E8D602085DA002080000000038
:10BD3800000000000004000000D7020875A20208F5
:10BD480000000000000000000004000000000000E7
:10BD580000000800000000000000000000000000D3
:10BD680000000080002020202020202020202828DB
:10BD780028282820202020202020202020202020A3
:10BD880020202020208810101010101010101010E3
:10BD98001010101010040404040404040404041013
:10BDA80010101010101041414141414101010101A1
:10BDB800010101010101010101010101010101016B
:10BDC8001010101010104242424242420202020277
:10BDD800020202020202020202020202020202023B
:10BDE80010101010200000000000000000000000EB
:10BDF800000000000000000000000000000000003B
:10BE0800000000000000000000000000000000002A
:10BE1800000000000000000000000000000000001A
:10BE2800000000000000000000000000000000000A
:10BE380000000000000000000000000000000000FA
:10BE480000000000000000000000000000000000EA
:10BE580000000000000000000000000000000000DA
:10BE680000000000000000000500000019000000AC
:10BE78007D00000000000000000000000000F03F0E
:10BE880000000000000024400000000000005940AD
:10BE98000000000000408F40000000000088C34000
:10BEA80000000000006AF8400000000080842E4175
:10BEB80000000000D01263410000000084D79741C1
:10BEC8000000000065CDCD41000000205FA00242C7
:10BED800000000E876483742000000A2941A6D423C
:10BEE800000040E59C30A2420000901EC4BCD6422F
:10BEF80000003426F56B0C430080E03779C34143DA
:10BF080000A0D8855734764300C84E676DC1AB434F
:10BF1800003D9160E458E143408CB5781DAF15446D
:10BF280050EFE2D6E41A4B4492D54D06CFF0804448
:10BF3800F64AE1C7022DB544B49DD9794378EA445D
:10BF4800BC89D897B2D29C3C33A7A8D523F64939E7
:10BF58003DA7F444FD0FA5329D978CCF08BA5B2509
:10BF6800436FAC642806C80A0080E03779C34143B0
:10BF7800176E05B5B5B89346F5F93FE9034F384D47
:10BF8800321D30F94877825A3CBF737FDD4F1575F3
:10BF980035000000CEFBFFFFCB03000001000000CE
:10BFA8000000000034000000CEFBFFFFCB030000C0
:10BFB8000100000000000000BC89D897B2D29C3C68
:10BFC80033A7A8D523F649393DA7F444FD0FA53278
:10BFD8009D978CCF08BA5B25436FAC64280668111F
:10BFE8000000000000000000000000000000000049
:10BFF8000000000000000000000000000000000039
:10C008000000000000000000000000000000000028
:10C01800101112131415161718190000000000004B
:10C02800001A1B1C1D1E1F0000000000000000005D
:10C0380000000000000000000000000000000000F8
:10C04800001A1B1C1D1E1F0000000000000000003D
:10C0580000000000000000000000000000000000D8
:10C0680000000000000000000000000000000000C8
:10C0780000000000000000000000000000000000B8
:10C0880000000000000000000000000000000000A8
:10C098000000000000000000000000000000000098
:10C0A8000000000000000000000000000000000088
:10C0B8000000000000000000000000000000000078
:10C0C8000000000000000000000000000000000068
:10C0D8000000000000000000000000000000000058
:10C0E800B0D80208B4D80208B8D80208426F617202
:10C0F800642F76332F5372632F74696D2E6300009B
:10C1080064656661756C745461736B007461736BFC
:10C118005F7573625F70756D700000003031323387
:10C12800343536373839414243444546000000002B
:10C13800426F6172642F76332F5372632F75736267
:10C14800645F636F6E662E6300000000426F617269
:10C15800642F76332F5372632F7370692E63000038
:10C16800426F6172642F76332F5372632F75736138
:10C1780072742E6300000000426F6172642F763380
:10C188002F5372632F6164632E6300004F447269FA
:10C19800766520526F626F74696373004F447269E9
:10C1A800766520332E362043444320496E746572E9
:10C1B800666163650000000043444320436F6E6678
:10C1C8006967000043444320496E74657266616381
:10C1D800650000004F447269766520332E36204E84
:10C1E800617469766520496E74657266616365007D
:10C1F800426F6172642F76332F5372632F63616EBF
:10C208002E63000049444C4500000000426F6172F3
:10C21800642F76332F5372632F6932632E630000C5
:10C228007265636275666620213D203078626565B7
:10C2380066000000447269766572732F445256385E
:10C248003330312F647276383330312E630000007A
:10C258004D6F746F72436F6E74726F6C2F6C6F7763
:10C268005F6C6576656C2E6370700000736176692B
:10C278006E6720636F6E66696775726174696F6E49
:10C28800206661696C65640D0000000025686875AA
:10C29800000000006869210D000000007461736BE4
:10C2A8005F636D645F706172736500002A257500B5
:10C2B8000D0A00007020257520256620256620259A
:10C2C80066000000696E76616C696420636F6D6D4D
:10C2D800616E6420666F726D61740000696E7661CC
:10C2E8006C6964206D6F746F722025750000000002
:10C2F800712025752025662025662025660000000A
:10C308007620257520256620256600006320257582
:10C318002025660074202575202566006620257571
:10C3280000000000506C65617365207365652064CA
:10C338006F63756D656E746174696F6E20666F7278
:10C34800206D6F72652064657461696C730000000C
:10C35800417661696C61626C6520636F6D6D616EB9
:10C3680064732073796E746178207265666572658E
:10C378006E63653A00000000506F736974696F6EF0
:10C388003A2071206178697320706F732076656C2C
:10C398002D6C696D20492D6C696D0000506F7369B3
:10C3A80074696F6E3A2070206178697320706F73BA
:10C3B8002076656C2D666620492D666600000000B3
:10C3C80056656C6F636974793A2076206178697371
:10C3D8002076656C20492D6666000000546F7271E6
:10C3E80075653A2063206178697320540000000065
:10C3F80050726F70657274696573207374617274BA
:10C40800206174206F647269766520726F6F742C76
:10C4180020737563682061732061786973302E72A8
:10C4280065717565737465645F7374617465000024
:10C43800526561643A20722070726F706572747907
:10C448000000000057726974653A20772070726F97
:10C4580070657274792076616C75650053617665D4
:10C4680020636F6E6669673A207373004572617363
:10C478006520636F6E6669673A2073650000000087
:10C488005265626F6F743A2073720000486172647B
:10C49800776172652076657273696F6E3A202564DC
:10C4A8002E25642D256456004669726D7761726584
:10C4B8002076657273696F6E3A2025642E25642E86
:10C4C8002564000053657269616C206E756D626544
:10C4D800723A20257300000072202532353573002A
:10C4E800696E76616C69642070726F7065727479B8
:10C4F800000000006E6F7420696D706C656D656E6C
:10C50800746564007720253235357320253235353A
:10C51800730000007520257500000000756E6B6EB5
:10C528006F776E20636F6D6D616E64006261756414
:10C538005F7261746500000070726F746F636F6C76
:10C54800000000006572726F72000000636F6E6613
:10C55800696700006770696F5F6E756D00000000A5
:10C5680069735F6163746976655F6869676800000D
:10C5780070756C6C757000006465626F756E6365CC
:10C588005F6D7300656E6473746F705F737461744C
:10C5980065000000616363656C5F6C696D697400B8
:10C5A800646563656C5F6C696D6974006F6273655F
:10C5B800727665725F6761696E000000706C6C5F0F
:10C5C80062616E647769647468000000706D5F660C
:10C5D8006C75785F6C696E6B616765007068617314
:10C5E80065000000706C6C5F706F730076656C5F3F
:10C5F800657374696D617465000000007573655F2B
:10C60800696E64657800000066696E645F696478C5
:10C618005F6F6E5F6C6F636B696E5F6F6E6C7900D6
:10C628006162735F7370695F63735F6770696F5F7F
:10C6380070696E007A65726F5F636F756E745F6F95
:10C648006E5F66696E645F69647800007072655F2A
:10C6580063616C6962726174656400006F66667319
:10C6680065745F666C6F617400000000656E6162DE
:10C678006C655F70686173655F696E746572706F11
:10C688006C6174696F6E000063616C69625F7261EE
:10C698006E67650063616C69625F7363616E5F6496
:10C6A800697374616E63650063616C69625F73636B
:10C6B800616E5F6F6D656761000000006964785F97
:10C6C8007365617263685F756E69646972656374C6
:10C6D800696F6E616C00000069676E6F72655F69F3
:10C6E8006C6C6567616C5F68616C6C5F73746174B6
:10C6F8006500000073696E636F735F6770696F5FD1
:10C7080070696E5F73696E0073696E636F735F67DC
:10C7180070696F5F70696E5F636F730069735F72D2
:10C728006561647900000000696E6465785F666F12
:10C73800756E6400736861646F775F636F756E749C
:10C7480000000000636F756E745F696E5F637072DE
:10C7580000000000696E746572706F6C6174696FB7
:10C768006E000000706F735F657374696D61746546
:10C7780000000000706F735F657374696D617465A4
:10C788005F636F756E747300706F735F63707200B0
:10C79800706F735F6370725F636F756E74730000A0
:10C7A800706F735F63697263756C6172000000007B
:10C7B80068616C6C5F7374617465000076656C5FAA
:10C7C800657374696D6174655F636F756E7473000A
:10C7D80063616C69625F7363616E5F726573706FCA
:10C7E8006E736500706F735F616273007370695F69
:10C7F8006572726F725F72617465000063616C6963
:10C80800625F616E7469636F6767696E67000000D5
:10C8180063616C69625F706F735F74687265736877
:10C828006F6C640063616C69625F76656C5F7468E5
:10C83800726573686F6C6400636F6767696E675FC2
:10C84800726174696F000000616E7469636F676775
:10C85800696E675F656E61626C6564006761696EC9
:10C868005F7363686564756C696E675F7769647424
:10C8780068000000656E61626C655F76656C5F6C70
:10C88800696D697400000000656E61626C655F63C4
:10C89800757272656E745F6D6F64655F76656C5FE7
:10C8A8006C696D6974000000656E61626C655F6734
:10C8B80061696E5F7363686564756C696E670000B3
:10C8C800656E61626C655F6F7665727370656564CD
:10C8D8005F6572726F720000636F6E74726F6C5F67
:10C8E8006D6F646500000000696E7075745F6D6F30
:10C8F80064650000706F735F6761696E0000000017
:10C9080076656C5F6761696E0000000076656C5F34
:10C91800696E7465677261746F725F6761696E00D2
:10C9280076656C5F6C696D69745F746F6C65726154
:10C938006E63650076656C5F72616D705F726174BD
:10C9480065000000746F727175655F72616D705F6C
:10C95800726174650000000063697263756C6172CE
:10C968005F736574706F696E7473000063697263D6
:10C97800756C61725F736574706F696E745F7261F4
:10C988006E676500686F6D696E675F737065656473
:10C9980000000000696E65727469610061786973EE
:10C9A8005F746F5F6D6972726F7200006D69727289
:10C9B8006F725F726174696F000000006C6F616470
:10C9C8005F656E636F6465725F617869730000000C
:10C9D800696E7075745F66696C7465725F62616EAA
:10C9E8006477696474680000616E7469636F67676F
:10C9F800696E6700696E7075745F706F7300000010
:10CA0800696E7075745F76656C000000696E70758C
:10CA1800745F746F7271756500000000706F735FEA
:10CA2800736574706F696E740000000076656C5FE2
:10CA3800736574706F696E7400000000746F7271B2
:10CA480075655F736574706F696E74007472616A7E
:10CA58006563746F72795F646F6E650076656C5F8D
:10CA6800696E7465677261746F725F746F727175E5
:10CA780065000000616E7469636F6767696E675F60
:10CA880076616C6964000000706F6C655F70616945
:10CA98007273000063616C6962726174696F6E5FC2
:10CAA80063757272656E7400726573697374616E12
:10CAB80063655F63616C69625F6D61785F766F6CF7
:10CAC800746167650000000070686173655F696E76
:10CAD80064756374616E636500000000706861735B
:10CAE800655F726573697374616E63650000000049
:10CAF800746F727175655F636F6E7374616E7400C5
:10CB0800646972656374696F6E0000006D6F746F9D
:10CB1800725F74797065000063757272656E745F18
:10CB28006C696D0063757272656E745F6C696D5FB8
:10CB38006D617267696E0000746F727175655F6C04
:10CB4800696D0000696E7665727465725F74656DF3
:10CB5800705F6C696D69745F6C6F77657200000057
:10CB6800696E7665727465725F74656D705F6C6905
:10CB78006D69745F7570706572000000726571751B
:10CB880065737465645F63757272656E745F7261F4
:10CB98006E67650063757272656E745F636F6E743D
:10CBA800726F6C5F62616E6477696474680000001C
:10CBB8006163696D5F736C69705F76656C6F6369DB
:10CBC800747900006163696D5F6761696E5F6D69A3
:10CBD8006E5F666C757800006163696D5F6175747E
:10CBE8006F666C75785F6D696E5F49640000000060
:10CBF8006163696D5F6175746F666C75785F656E8A
:10CC080061626C65000000006163696D5F61757445
:10CC18006F666C75785F61747461636B5F67616977
:10CC28006E0000006163696D5F6175746F666C7595
:10CC3800785F64656361795F6761696E0000000011
:10CC480067656E6572616C006164635F63625F69EA
:10CC5800000000006164635F63625F64630000005A
:10CC68006D6561735F7200006D6561735F6C0000D4
:10CC7800656E635F63616C69620000006964785F78
:10CC88007365617263680000666F635F766F6C74CA
:10CC980061676500666F635F63757272656E7400C5
:10CCA8007370695F737461727400000073616D70F2
:10CCB8006C655F6E6F7700007370695F656E640006
:10CCC8006472765F6661756C74000000705F6761FE
:10CCD800696E0000695F6761696E0000765F637561
:10CCE8007272656E745F636F6E74726F6C5F696E7B
:10CCF80074656772616C5F6400000000765F63753D
:10CD08007272656E745F636F6E74726F6C5F696E5A
:10CD180074656772616C5F71000000004962757329
:10CD28000000000066696E616C5F765F616C706818
:10CD38006100000066696E616C5F765F62657461B0
:10CD48000000000049645F736574706F696E740059
:10CD580049715F736574706F696E740049715F6DB6
:10CD6800656173757265640049645F6D65617375AB
:10CD780072656400495F6D656173757265645F72A1
:10CD880065706F72745F66696C7465725F6B0000C2
:10CD98006D61785F616C6C6F7765645F63757272E3
:10CDA800656E74006F76657263757272656E745F16
:10CDB800747269705F6C6576656C00006163696D9B
:10CDC8005F726F746F725F666C7578006173796EED
:10CDD800635F70686173655F76656C006173796E17
:10CDE800635F70686173655F6F6666736574000082
:10CDF80061726D65645F73746174650069735F6304
:10CE0800616C6962726174656400000063757272B6
:10CE1800656E745F6D6561735F7068420000000045
:10CE280063757272656E745F6D6561735F70684378
:10CE38000000000044435F63616C69625F70684290
:10CE48000000000044435F63616C69625F7068437F
:10CE58000000000070686173655F63757272656ECB
:10CE6800745F7265765F6761696E00006566666506
:10CE780063746976655F63757272656E745F6C69F9
:10CE88006D00000063757272656E745F636F6E7417
:10CE9800726F6C00676174655F64726976657200B1
:10CEA80074696D696E675F6C6F670000706F6C798D
:10CEB8005F636F656666696369656E745F300000FD
:10CEC800706F6C795F636F656666696369656E74B8
:10CED8005F310000706F6C795F636F6566666963C8
:10CEE80069656E745F320000706F6C795F636F659F
:10CEF8006666696369656E745F33000074656D709A
:10CF08005F6C696D69745F6C6F7765720000000013
:10CF180074656D705F6C696D69745F75707065724A
:10CF28000000000074656D7065726174757265004B
:10CF380072616D705F74696D6500000072616D707B
:10CF48005F64697374616E636500000061636365A3
:10CF58006C00000066696E6973685F646973746168
:10CF68006E63650066696E6973685F6F6E5F76658C
:10CF78006C00000066696E6973685F6F6E5F646954
:10CF88007374616E6365000066696E6973685F6FCC
:10CF98006E5F656E635F6964780000007374617228
:10CFA8007475705F6D6F746F725F63616C696272C4
:10CFB8006174696F6E000000737461727475705FDC
:10CFC800656E636F6465725F696E6465785F7365CB
:10CFD8006172636800000000737461727475705F39
:10CFE800656E636F6465725F6F66667365745F63B1
:10CFF800616C6962726174696F6E0000737461724A
:10D008007475705F636C6F7365645F6C6F6F705F6E
:10D01800636F6E74726F6C00737461727475705F95
:10D0280073656E736F726C6573735F636F6E747222
:10D038006F6C0000737461727475705F686F6D69EE
:10D048006E670000656E61626C655F737465705F22
:10D0580064697200737465705F6469725F616C778C
:10D068006179735F6F6E00007475726E735F7065BF
:10D07800725F7374657000007761746368646F67CA
:10D088005F74696D656F757400000000656E61629C
:10D098006C655F7761746368646F6700737465704B
:10D0A8005F6770696F5F70696E0000006469725F26
:10D0B8006770696F5F70696E0000000063616C697A
:10D0C80062726174696F6E5F6C6F636B696E00008A
:10D0D80073656E736F726C6573735F72616D7000E8
:10D0E80067656E6572616C5F6C6F636B696E00007B
:10D0F80063616E5F6E6F64655F69640063616E5F34
:10D108006E6F64655F69645F657874656E64656495
:10D118000000000063616E5F68656172746265613A
:10D12800745F726174655F6D7300000063616E5FA8
:10D13800656E636F6465725F726174655F6D7300BD
:10D14800737465705F6469725F61637469766500A2
:10D1580063757272656E745F737461746500000044
:10D168007265717565737465645F73746174650065
:10D178006C6F6F705F636F756E746572000000008E
:10D188006C6F636B696E5F73746174650000000097
:10D1980069735F686F6D6564000000006665745FA1
:10D1A800746865726D6973746F7200006D6F746F67
:10D1B800725F746865726D6973746F720000000045
:10D1C8006D6F746F72000000636F6E74726F6C6CB9
:10D1D80065720000656E636F6465720073656E73D7
:10D1E8006F726C6573735F657374696D61746F7268
:10D1F80000000000747261705F7472616A00000060
:10D208006D696E5F656E6473746F70006D61785FD1
:10D21800656E6473746F7000656E64706F696E74A8
:10D22800000000006D696E006D617800656E6162D6
:10D238006C655F7561727400756172745F626175A7
:10D248006472617465000000656E61626C655F6997
:10D2580032635F696E73746561645F6F665F636193
:10D268006E000000656E61626C655F617363696979
:10D278005F70726F746F636F6C5F6F6E5F757362F0
:10D28800000000006D61785F726567656E5F6375A9
:10D298007272656E740000006272616B655F726520
:10D2A80073697374616E63650000000064635F6294
:10D2B80075735F756E646572766F6C746167655FB0
:10D2C800747269705F6C6576656C000064635F6298
:10D2D80075735F6F766572766F6C746167655F747E
:10D2E8007269705F6C6576656C000000656E6162DE
:10D2F8006C655F64635F6275735F6F766572766F86
:10D308006C746167655F72616D70000064635F6271
:10D3180075735F6F766572766F6C746167655F723F
:10D32800616D705F737461727400000064635F62A2
:10D3380075735F6F766572766F6C746167655F721F
:10D34800616D705F656E640064635F6D61785F70C6
:10D358006F7369746976655F63757272656E740060
:10D3680064635F6D61785F6E656761746976655F38
:10D3780063757272656E74006770696F315F70777C
:10D388006D5F6D617070696E670000006770696F2E
:10D39800325F70776D5F6D617070696E6700000055
:10D3A8006770696F335F70776D5F6D617070696EFC
:10D3B800670000006770696F345F70776D5F6D613B
:10D3C8007070696E670000006770696F335F616E27
:10D3D800616C6F675F6D617070696E670000000057
:10D3E8006770696F345F616E616C6F675F6D6170E4
:10D3F80070696E67000000006164647200000000DC
:10D40800616464725F6D617463685F636E74000069
:10D4180072785F636E7400006572726F725F636E1C
:10D428007400000074785F636E74000074785F6F36
:10D4380076657272756E5F636E74000075707469DC
:10D448006D6500006D696E5F686561705F7370611E
:10D45800636500006D696E5F737461636B5F737001
:10D468006163655F61786973300000006D696E5FA4
:10D47800737461636B5F73706163655F617869730F
:10D48800310000006D696E5F737461636B5F737068
:10D498006163655F636F6D6D730000006D696E5F3A
:10D4A800737461636B5F73706163655F757362004A
:10D4B8006D696E5F737461636B5F73706163655FE1
:10D4C80075617274000000006D696E5F737461634A
:10D4D8006B5F73706163655F63616E006D696E5F3A
:10D4E800737461636B5F73706163655F7573625FAB
:10D4F800697271006D696E5F737461636B5F7370DD
:10D508006163655F737461727475700073746163CD
:10D518006B5F75736167655F6178697330000000E0
:10D52800737461636B5F75736167655F6178697355
:10D5380031000000737461636B5F75736167655FC9
:10D54800636F6D6D73000000737461636B5F757357
:10D558006167655F75736200737461636B5F757390
:10D568006167655F756172740000000073746163C0
:10D578006B5F75736167655F7573625F6972710070
:10D58800737461636B5F75736167655F73746172F0
:10D5980074757000737461636B5F75736167655F41
:10D5A80063616E0069326300766275735F766F6CD3
:10D5B800746167650000000069627573000000000F
:10D5C800696275735F7265706F72745F66696C7497
:10D5D80065725F6B0000000073657269616C5F6E55
:10D5E800756D62657200000068775F7665727369B1
:10D5F8006F6E5F6D616A6F720000000068775F761A
:10D60800657273696F6E5F6D696E6F7200000000FE
:10D6180068775F76657273696F6E5F76617269614C
:10D628006E74000066775F76657273696F6E5F6D02
:10D63800616A6F720000000066775F7665727369D1
:10D648006F6E5F6D696E6F720000000066775F76BF
:10D65800657273696F6E5F7265766973696F6E0064
:10D6680066775F76657273696F6E5F756E72656CEB
:10D6780065617365640000006272616B655F726565
:10D68800736973746F725F61726D65640000000086
:10D698006272616B655F7265736973746F725F73D1
:10D6A8006174757261746564000000007379737445
:10D6B800656D5F7374617473000000007573657243
:10D6C8005F636F6E6669675F6C6F616465640000B5
:10D6D800746573745F70726F70657274790000009E
:10D6E800756172745F7365727665725F746872656E
:10D6F80061645F64656600007573625F7365727666
:10D7080065725F7468726561645F646566000000D5
:10D7180063616E5F7365727665725F746872656166
:10D72800645F6465660000002C2066756E6374692A
:10D738006F6E3A2000000000617373657274696F40
:10D748006E2022257322206661696C65643A206622
:10D75800696C6520222573222C206C696E65202552
:10D7680064257325730A0000494E4600696E6600F9
:10D778004E414E006E616E00232D302B20000000BC
:10D78800686C4C006566674546470000496E6669E7
:10D798006E697479000000004E614E005245454E96
:10D7A80054206D616C6C6F63207375636365656489
:10D7B800656400002E2E2F2E2E2F2E2E2F2E2E2F6C
:10D7C8002E2E2F2E2E2F6E65776C69622F6C696254
:10D7D800632F7374646C69622F64746F612E6300C5
:10D7E80042616C6C6F63207375636365656465641F
:10D7F8000000000043000000504F5349580000004B
:10D808002E00000065256C640000000030313233C2
:10D818003435363738396162636465660000000064
:10D828002E2E2F2E2E2F2E2E2F2E2E2F2E2E2F2E0B
:10D838002E2F6E65776C69622F6C6962632F737423
:10D84800646C69622F6D707265632E63000000005E
:10D858006E660000696E697479000000616E0000F0
:10D868002E2E2F2E2E2F2E2E2F2E2E2F2E2E2F2ECB
:10D878002E2F6E65776C69622F6C6962632F7374E3
:10D88800646C69622F6764746F612D67657468657D
:10D89800782E6300412D46612D6638393031323398
:10D8A800343536375D0000002B2D00003030000085
:10D8B8007858000000080000000800000006101654
:10D8C800000610160000000001020304000000001A
:10D8D80000000000010203040607080906070809FA
:10D8E8000A1717171717282828282828445256389F
:10D8F8003330315F7265616453706900020004005F
:10D908000800100004000080080000003333534072
:10D918000200040008001000040000800800000055
:10D928004E31304F4472697665496E746638417875
:10D938006973496E74664500C8A2030828D90208AD
:10D9480034417869730000007CA3030848D90208B1
:10D9580040D902080000000050D90208B15C010853
:10D96800915C010802000400080010000400008017
:10D97800080000004E31304F4472697665496E7474
:10D98800663238546865726D6973746F7243757264
:10D9980072656E744C696D69746572496E7466451A
:10D9A80000000000C8A203087CD902084E31304F9D
:10D9B8004472697665496E746633354F6E626F617D
:10D9C8007264546865726D6973746F7243757272AC
:10D9D800656E744C696D69746572496E746645004C
:10D9E800C8A20308B4D902084E31304F4472697690
:10D9F80065496E746633364F6666626F6172645449
:10DA08006865726D6973746F7243757272656E744E
:10DA18004C696D69746572496E7466450000000052
:10DA2800C8A20308F0D90208313443757272656ED2
:10DA3800744C696D6974657200000000C8A203081F
:10DA480030DA02083234546865726D6973746F7223
:10DA580043757272656E744C696D69746572000005
:10DA6800F4A303084CDA02080000000002000000DA
:10DA780044DA020802000000ACD9020802000000E3
:10DA880033314F6E626F617264546865726D697389
:10DA9800746F7243757272656E744C696D697465E2
:10DAA80072000000F4A3030888DA020800000000EE
:10DAB8000200000068DA020802000000E8D9020843
:10DAC8000200000033324F6666626F617264546808
:10DAD80065726D6973746F7243757272656E744C9A
:10DAE800696D697465720000F4A30308CCDA020852
:10DAF800000000000200000068DA020802000000CE
:10DB080028DA02080200000000000000ACDA02086F
:10DB18000D7D0108117D0108C17C0108000000008D
:10DB2800F0DA0208097D0108217D0108C17C01089D
:10DB38000200040008001000040000800800000033
:10DB48004E31304F4472697665496E74663131459D
:10DB58006E636F646572496E74664500C8A20308F7
:10DB680048DB020837456E636F6465720000000089
:10DB78007CA303086CDB020864DB020800000000D9
:10DB880078DB02088D7E01080200040008001000FE
:10DB980004000080080000004E31304F447269765E
:10DBA80065496E74663134436F6E74726F6C6C6560
:10DBB80072496E7466450000C8A20308A0DB02081B
:10DBC8003130436F6E74726F6C6C657200000000C8
:10DBD8007CA30308C8DB0208C0DB020800000000C1
:10DBE800D8DB0208DD8E0108098F01080200040055
:10DBF80008001000040000800800000031304F4485
:10DC080072697665496E746600000000C8A2030850
:10DC180004DC0208364F4472697665007CA3030869
:10DC28001CDC020814DC02080000000024DC0208E6
:10DC3800E59B0108D59B0108019C010841A5010845
:10DC4800F59B0108CD9B0108519C010801000200C9
:10DC580003000000900800200008024000020000B5
:10DC680000040240100000000004024020000000F0
:10DC78000008024000020000100E002008090020E1
:10DC8800AC0D0000FFFFF9441CDD02080400000091
:10DC98000F000000100E00200004024000100000D9
:10DCA8000008024000200000000C024004000000B0
:10DCB8000700080002000000540800200008024085
:10DCC8000080000000040240400000000004024000
:10DCD800800000000008024000800000100E0020B4
:10DCE800DC07002082140000FFFFF9441CDD020855
:10DCF8000400000004000000100E00200004024090
:10DD0800001000000008024000400000000C024023
:10DD18000400000034F8B543AC13E7C391C6994337
:10DD280039CEDDC1256600256C7500257564002592
:10DD3800750025687500256C6400256400256C6CE9
:10DD4800750062617369635F737472696E675F7689
:10DD58006965773A3A7375627374720025733A206D
:10DD68005F5F706F73202877686963682069732024
:10DD7800257A7529203E205F5F73697A65202877A8
:10DD88006869636820697320257A752900474C49BA
:10DD9800424358585F54554E41424C455300676CB6
:10DDA80069626378782E65685F706F6F6C006F6268
:10DDB8006A5F73697A65006F626A5F636F756E7414
:10DDC80000000000020004000800100004000080A9
:10DDD800080000003854797065496E666F000000CD
:10DDE800C8A20308DCDD02083235537472696E6715
:10DDF800436F6E7665727469626C655479706549B3
:10DE08006E666F00C8A20308F0DD02083231466C66
:10DE18006F61745365747461626C65547970654997
:10DE28006E666F00C8A2030814DE02083231466924
:10DE380062726550726F7065727479547970654951
:10DE48006E666F493850726F7065727479496645AD
:10DE580045000000F4A3030834DE020800000000B7
:10DE6800030000002CDE0208020000000CDE02089D
:10DE780002040000E8DD02080208000032314669A9
:10DE880062726550726F7065727479547970654901
:10DE98006E666F493850726F706572747949624561
:10DEA80045000000F4A3030884DE02080000000017
:10DEB800030000002CDE0208020000000CDE02084D
:10DEC80002040000E8DD0208020800003231466959
:10DED80062726550726F70657274795479706549B1
:10DEE8006E666F493850726F7065727479496D4506
:10DEF80045000000F4A30308D4DE02080000000077
:10DF0800030000002CDE0208020000000CDE0208FC
:10DF180002040000E8DD0208020800003231466908
:10DF280062726550726F7065727479547970654960
:10DF38006E666F493850726F706572747949313402
:10DF4800656E64706F696E745F7265665F7445456F
:10DF580000000000F4A3030824DF0208000000000A
:10DF6800030000002CDE0208020000000CDE02089C
:10DF780002040000E8DD02080208000032314669A8
:10DF880062726550726F7065727479547970654900
:10DF98006E666F493850726F7065727479494E3188
:10DFA800304F4472697665496E7466384178697392
:10DFB800496E7466354572726F72454545000000BA
:10DFC800F4A3030884DF0208000000000300000037
:10DFD8002CDE0208020000000CDE02080204000029
:10DFE800E8DD0208020800003231466962726550B5
:10DFF800726F706572747954797065496E666F498D
:10E008003850726F7065727479494E31304F44726E
:10E01800697665496E74663841786973496E7466C5
:10E02800394178697353746174654545450000004A
:10E03800F4A30308F0DF020800000000030000005A
:10E048002CDE0208020000000CDE020802040000B8
:10E05800E8DD020802080000323146696272655044
:10E06800726F706572747954797065496E666F491C
:10E078003850726F706572747949744545000000B4
:10E08800F4A3030860E00208000000000300000099
:10E098002CDE0208020000000CDE02080204000068
:10E0A800E8DD0208020800003231466962726550F4
:10E0B800726F706572747954797065496E666F49CC
:10E0C8003850726F7065727479494E31304F4472AE
:10E0D800697665496E74663238546865726D69731D
:10E0E800746F7243757272656E744C696D6974658C
:10E0F80072496E7466354572726F72454545000007
:10E10800F4A30308B0E002080000000003000000C8
:10E118002CDE0208020000000CDE020802040000E7
:10E12800E8DD020802080000323146696272655073
:10E13800726F706572747954797065496E666F494B
:10E148003850726F7065727479494E31304F44722D
:10E15800697665496E7466394D6F746F72496E746D
:10E1680066354572726F724545450000F4A3030891
:10E1780030E1020800000000030000002CDE020865
:10E18800020000000CDE020802040000E8DD0208BC
:10E19800020800003231466962726550726F70651C
:10E1A80072747954797065496E666F493850726F28
:10E1B8007065727479496C4545000000F4A3030842
:10E1C8009CE1020800000000030000002CDE0208A9
:10E1D800020000000CDE020802040000E8DD02086C
:10E1E800020800003231466962726550726F7065CC
:10E1F80072747954797065496E666F493850726FD8
:10E208007065727479494E31304F44726976654948
:10E218006E7466394D6F746F72496E7466394D6FDE
:10E22800746F72547970654545450000F4A303087E
:10E23800ECE1020800000000030000002CDE0208E8
:10E24800020000000CDE020802040000E8DD0208FB
:10E25800020800003231466962726550726F70655B
:10E2680072747954797065496E666F493850726F67
:10E278007065727479494E31304F447269766549D8
:10E288006E74663134436F6E74726F6C6C6572496C
:10E298006E7466354572726F724545450000000020
:10E2A800F4A303085CE20208000000000300000079
:10E2B8002CDE0208020000000CDE02080204000046
:10E2C800E8DD0208020800003231466962726550D2
:10E2D800726F706572747954797065496E666F49AA
:10E2E8003850726F7065727479494E31304F44728C
:10E2F800697665496E74663134436F6E74726F6CFB
:10E308006C6572496E74663131436F6E74726F6CEE
:10E318004D6F646545454500F4A30308D0E2020843
:10E3280000000000030000002CDE020802000000CC
:10E338000CDE020802040000E8DD02080208000002
:10E348003231466962726550726F706572747954C1
:10E35800797065496E666F493850726F706572746E
:10E3680079494E31304F4472697665496E74663129
:10E3780034436F6E74726F6C6C6572496E74663973
:10E38800496E7075744D6F64654545450000000021
:10E39800F4A3030848E3020800000000030000009B
:10E3A8002CDE0208020000000CDE02080204000055
:10E3B800E8DD0208020800003231466962726550E1
:10E3C800726F706572747954797065496E666F49B9
:10E3D8003850726F7065727479496845450000005D
:10E3E800F4A30308C0E302080000000003000000D3
:10E3F8002CDE0208020000000CDE02080204000005
:10E40800E8DD020802080000323146696272655090
:10E41800726F706572747954797065496E666F4968
:10E428003850726F7065727479494E31304F44724A
:10E43800697665496E74663131456E636F646572DD
:10E44800496E7466354572726F7245454500000025
:10E45800F4A3030810E40208000000000300000011
:10E468002CDE0208020000000CDE02080204000094
:10E47800E8DD020802080000323146696272655020
:10E48800726F706572747954797065496E666F49F8
:10E498003850726F7065727479494E31304F4472DA
:10E4A800697665496E74663131456E636F6465726D
:10E4B800496E7466344D6F6465454545000000003B
:10E4C800F4A3030880E40208000000000300000031
:10E4D8002CDE0208020000000CDE02080204000024
:10E4E800E8DD0208020800003231466962726550B0
:10E4F800726F706572747954797065496E666F4988
:10E508003850726F7065727479494E31304F447269
:10E51800697665496E7466323353656E736F726CD3
:10E52800657373457374696D61746F72496E74664F
:10E53800354572726F72454545000000F4A3030823
:10E54800F0E4020800000000030000002CDE0208CE
:10E55800020000000CDE020802040000E8DD0208E8
:10E56800020800003231466962726550726F706548
:10E5780072747954797065496E666F493850726F54
:10E588007065727479494E31304F447269766549C5
:10E598006E74663743616E496E7466354572726F84
:10E5A8007245454500000000F4A303086CE5020825
:10E5B80000000000030000002CDE0208020000003A
:10E5C8000CDE020802040000E8DD02080208000070
:10E5D8003231466962726550726F7065727479542F
:10E5E800797065496E666F493850726F70657274DC
:10E5F80079494E31304F4472697665496E74663791
:10E6080043616E496E74663850726F746F636F6CD5
:10E6180045454500F4A30308D8E5020800000000BA
:10E62800030000002CDE0208020000000CDE0208D5
:10E6380002040000E8DD02080208000000000000F3
:10E64800E8DD020800000000000000000CDE0208FF
:10E658006DB6010871B60108000000002CDE020842
:10E6680075B60108000000005CDE0208A3BF0108BF
:10E6780065BA010829BB0108ADCB0108FCFFFFFF03
:10E688005CDE020855BB0108EDCB0108F8FFFFFF6F
:10E698005CDE020885BA010800000000ACDE020852
:10E6A800396A02083DBA01085DBB0108F56902082C
:10E6B800FCFFFFFFACDE020875BB0108316A0208E7
:10E6C800F8FFFFFFACDE02085DBA01080000000099
:10E6D800FCDE020877BF010815BA01087DBB0108F6
:10E6E800F5CB0108FCFFFFFFFCDE02089DBB01081B
:10E6F80029CC0108F8FFFFFFFCDE020835BA010843
:10E70800000000005CDF0208DDB90108E1B901087A
:10E71800A5BB010809BA0108FCFFFFFF5CDF02087E
:10E72800B1BB01080DBA0108F8FFFFFF5CDF020862
:10E7380001BA010800000000C8DF02084BBF010849
:10E74800B5B90108B9BB010831CC0108FCFFFFFFCE
:10E75800C8DF0208D9BB010865CC0108F8FFFFFF34
:10E76800C8DF0208D5B901080000000038E0020837
:10E77800496B02088DB90108E1BB0108116B020859
:10E78800FCFFFFFF38E0020801BC0108416B0208EA
:10E79800F8FFFFFF38E00208ADB9010800000000EB
:10E7A80088E00208F1BE010865B9010809BC010842
:10E7B800A9CC0108FCFFFFFF88E0020829BC01087A
:10E7C800DDCC0108F8FFFFFF88E0020885B90108E1
:10E7D8000000000008E10208D16B02083DB90108F9
:10E7E80031BC0108996B0208FCFFFFFF08E1020831
:10E7F80051BC0108C96B0208F8FFFFFF08E10208D5
:10E808005DB901080000000074E1020841CD01086B
:10E8180015B9010859BC0108E9CD0108FCFFFFFF43
:10E8280074E1020879BC01081DCE0108F8FFFFFF5A
:10E8380074E1020835B9010800000000C4E10208CB
:10E848001FBF0108EDB8010881BC01086DCC0108A3
:10E85800FCFFFFFFC4E10208A1BC0108A1CC01082C
:10E86800F8FFFFFFC4E102080DB90108000000002D
:10E8780034E20208F16D0208C5B80108A9BC010814
:10E88800B96D0208FCFFFFFF34E20208C9BC0108A9
:10E89800E96D0208F8FFFFFF34E20208E5B8010855
:10E8A80000000000A8E20208596C02089DB801089F
:10E8B800D1BC0108216C0208FCFFFFFFA8E2020896
:10E8C800F1BC0108516C0208F8FFFFFFA8E202083A
:10E8D800BDB801080000000020E30208796E0208B4
:10E8E80075B80108F9BC0108416E0208FCFFFFFF7A
:10E8F80020E3020819BD0108716E0208F8FFFFFF46
:10E9080020E3020895B801080000000098E3020817
:10E91800016F02084DB8010821BD0108C96E02083F
:10E92800FCFFFFFF98E3020841BD0108F96E0208E9
:10E93800F8FFFFFF98E302086DB801080000000027
:10E94800E8E30208896F020825B8010849BD0108F3
:10E95800516F0208FCFFFFFFE8E3020869BD0108E8
:10E96800816F0208F8FFFFFFE8E3020845B80108D5
:10E978000000000058E4020813CD0108FDB70108A3
:10E9880071BD0108ADCD0108FCFFFFFF58E4020886
:10E9980091BD0108E1CD0108F8FFFFFF58E4020826
:10E9A8001DB8010800000000C8E40208E5CC010811
:10E9B800D5B7010899BD010871CD0108FCFFFFFF1B
:10E9C800C8E40208B9BD0108A5CD0108F8FFFFFF9A
:10E9D800C8E40208F5B701080000000044E5020891
:10E9E800E16C0208ADB70108C1BD0108A96C0208B5
:10E9F800FCFFFFFF44E50208E1BD0108D96C0208ED
:10EA0800F8FFFFFF44E50208CDB701080000000049
:10EA1800B0E50208C16A020885B70108E9BD010826
:10EA2800896A0208FCFFFFFFB0E5020809BE010879
:10EA3800B96A0208F8FFFFFFB0E50208A5B70108A8
:10EA4800000000001CE60208696D02085DB70108B5
:10EA580011BE0108316D0208FCFFFFFF1CE6020829
:10EA680031BE0108616D0208F8FFFFFF1CE60208CD
:10EA78007DB701089A9500005B7B226E616D652267
:10EA88003A22222C226964223A302C227479706549
:10EA9800223A226A736F6E222C2261636365737354
:10EAA800223A2272227D2C7B226E616D65223A22E7
:10EAB800766275735F766F6C74616765222C226964
:10EAC80064223A312C2274797065223A22666C6F7E
:10EAD8006174222C22616363657373223A22722265
:10EAE8007D2C7B226E616D65223A226962757322E4
:10EAF8002C226964223A322C2274797065223A22D7
:10EB0800666C6F6174222C22616363657373223AA9
:10EB18002272227D2C7B226E616D65223A22696207
:10EB280075735F7265706F72745F66696C74657215
:10EB38005F6B222C226964223A332C227479706527
:10EB4800223A22666C6F6174222C226163636573BA
:10EB580073223A227277227D2C7B226E616D6522A8
:10EB68003A2273657269616C5F6E756D62657222B7
:10EB78002C226964223A342C2274797065223A2254
:10EB880075696E743634222C22616363657373224F
:10EB98003A2272227D2C7B226E616D65223A2268B0
:10EBA800775F76657273696F6E5F6D616A6F7222E7
:10EBB8002C226964223A352C2274797065223A2213
:10EBC80075696E7438222C22616363657373223A07
:10EBD8002272227D2C7B226E616D65223A22687733
:10EBE8005F76657273696F6E5F6D696E6F72222CE6
:10EBF800226964223A362C2274797065223A227589
:10EC0800696E7438222C22616363657373223A2219
:10EC180072227D2C7B226E616D65223A2268775FB5
:10EC280076657273696F6E5F76617269616E742260
:10EC38002C226964223A372C2274797065223A2290
:10EC480075696E7438222C22616363657373223A86
:10EC58002272227D2C7B226E616D65223A226677B4
:10EC68005F76657273696F6E5F6D616A6F72222C71
:10EC7800226964223A382C2274797065223A227506
:10EC8800696E7438222C22616363657373223A2299
:10EC980072227D2C7B226E616D65223A2266775F37
:10ECA80076657273696F6E5F6D696E6F72222C2262
:10ECB8006964223A392C2274797065223A2275697E
:10ECC8006E7438222C22616363657373223A227250
:10ECD800227D2C7B226E616D65223A2266775F76F3
:10ECE800657273696F6E5F7265766973696F6E229C
:10ECF8002C226964223A31302C2274797065223AC8
:10ED08002275696E7438222C2261636365737322DD
:10ED18003A2272227D2C7B226E616D65223A226630
:10ED2800775F76657273696F6E5F756E72656C6515
:10ED380061736564222C226964223A31312C227471
:10ED4800797065223A2275696E7438222C226163C3
:10ED580063657373223A2272227D2C7B226E616D69
:10ED680065223A226272616B655F726573697374BA
:10ED78006F725F61726D6564222C226964223A3178
:10ED8800322C2274797065223A22626F6F6C222CC1
:10ED980022616363657373223A2272227D2C7B227F
:10EDA8006E616D65223A226272616B655F7265738E
:10EDB8006973746F725F73617475726174656422CC
:10EDC8002C226964223A31332C2274797065223AF4
:10EDD80022626F6F6C222C22616363657373223A1F
:10EDE800227277227D2C7B226E616D65223A227316
:10EDF800797374656D5F7374617473222C227479EE
:10EE08007065223A226F626A656374222C226D65EE
:10EE18006D62657273223A5B7B226E616D65223A80
:10EE280022757074696D65222C226964223A313426
:10EE38002C2274797065223A2275696E74333222F5
:10EE48002C22616363657373223A2272227D2C7BC4
:10EE5800226E616D65223A226D696E5F6865617028
:10EE68005F7370616365222C226964223A31352C04
:10EE78002274797065223A2275696E743332222CB5
:10EE880022616363657373223A2272227D2C7B228E
:10EE98006E616D65223A226D696E5F737461636B92
:10EEA8005F73706163655F6178697330222C2269D2
:10EEB80064223A31362C2274797065223A227569B7
:10EEC8006E743332222C22616363657373223A2293
:10EED80072227D2C7B226E616D65223A226D696EED
:10EEE8005F737461636B5F73706163655F61786999
:10EEF8007331222C226964223A31372C22747970BA
:10EF080065223A2275696E743332222C226163635A
:10EF1800657373223A2272227D2C7B226E616D65A5
:10EF2800223A226D696E5F737461636B5F737061FF
:10EF380063655F636F6D6D73222C226964223A31B9
:10EF4800382C2274797065223A2275696E743332CE
:10EF5800222C22616363657373223A2272227D2C0C
:10EF68007B226E616D65223A226D696E5F737461F2
:10EF7800636B5F73706163655F757362222C2269CE
:10EF880064223A31392C2274797065223A227569E3
:10EF98006E743332222C22616363657373223A22C2
:10EFA80072227D2C7B226E616D65223A226D696E1C
:10EFB8005F737461636B5F73706163655F756172C2
:10EFC80074222C226964223A32302C2274797065BA
:10EFD800223A2275696E743332222C22616363658A
:10EFE8007373223A2272227D2C7B226E616D652218
:10EFF8003A226D696E5F737461636B5F73706163EE
:10F00800655F63616E222C226964223A32312C22B8
:10F0180074797065223A2275696E743332222C2213
:10F02800616363657373223A2272227D2C7B226EA0
:10F03800616D65223A226D696E5F737461636B5FFF
:10F0480073706163655F7573625F697271222C22E8
:10F058006964223A32322C2274797065223A227518
:10F06800696E743332222C22616363657373223AAA
:10F078002272227D2C7B226E616D65223A226D6997
:10F088006E5F737461636B5F73706163655F7374E4
:10F098006172747570222C226964223A32332C22F0
:10F0A80074797065223A2275696E743332222C2283
:10F0B800616363657373223A2272227D2C7B226E10
:10F0C800616D65223A22737461636B5F7573616762
:10F0D800655F6178697330222C226964223A323480
:10F0E8002C2274797065223A2275696E7433322243
:10F0F8002C22616363657373223A2272227D2C7B12
:10F10800226E616D65223A22737461636B5F757359
:10F118006167655F6178697331222C226964223ADC
:10F1280032352C2274797065223A2275696E7433EF
:10F1380032222C22616363657373223A2272227D24
:10F148002C7B226E616D65223A22737461636B5F5A
:10F1580075736167655F636F6D6D73222C226964D7
:10F16800223A32362C2274797065223A2275696EF9
:10F17800743332222C22616363657373223A2272DC
:10F18800227D2C7B226E616D65223A227374616345
:10F198006B5F75736167655F757362222C226964A2
:10F1A800223A32372C2274797065223A2275696EB8
:10F1B800743332222C22616363657373223A22729C
:10F1C800227D2C7B226E616D65223A227374616305
:10F1D8006B5F75736167655F75617274222C226954
:10F1E80064223A32382C2274797065223A22756981
:10F1F8006E743332222C22616363657373223A2260
:10F2080072227D2C7B226E616D65223A22737461B5
:10F21800636B5F75736167655F7573625F69727150
:10F22800222C226964223A32392C227479706522A0
:10F238003A2275696E743332222C226163636573D6
:10F2480073223A2272227D2C7B226E616D65223AEE
:10F2580022737461636B5F75736167655F73746153
:10F2680072747570222C226964223A33302C22740D
:10F27800797065223A2275696E743332222C2261C4
:10F288006363657373223A2272227D2C7B226E613E
:10F298006D65223A22737461636B5F75736167658C
:10F2A8005F63616E222C226964223A33312C227406
:10F2B800797065223A2275696E743332222C226184
:10F2C8006363657373223A2272227D2C7B226E61FE
:10F2D8006D65223A22757362222C22747970652238
:10F2E8003A226F626A656374222C226D656D6265CD
:10F2F8007273223A5B7B226E616D65223A227278C4
:10F308005F636E74222C226964223A33322C227491
:10F31800797065223A2275696E743332222C226123
:10F328006363657373223A2272227D2C7B226E619D
:10F338006D65223A2274785F636E74222C226964A8
:10F34800223A33332C2274797065223A2275696E19
:10F35800743332222C22616363657373223A2272FA
:10F36800227D2C7B226E616D65223A2274785F6F54
:10F3780076657272756E5F636E74222C22696422E0
:10F388003A33342C2274797065223A2275696E7486
:10F398003332222C22616363657373223A2272220C
:10F3A8007D5D7D2C7B226E616D65223A2269326318
:10F3B800222C2274797065223A226F626A6563741E
:10F3C800222C226D656D62657273223A5B7B226E18
:10F3D800616D65223A2261646472222C226964227A
:10F3E8003A33352C2274797065223A2275696E7425
:10F3F80038222C22616363657373223A2272227D5C
:10F408002C7B226E616D65223A22616464725F6DA5
:10F41800617463685F636E74222C226964223A33D4
:10F42800362C2274797065223A2275696E743332EB
:10F43800222C22616363657373223A2272227D2C27
:10F448007B226E616D65223A2272785F636E742248
:10F458002C226964223A33372C2274797065223A57
:10F468002275696E743332222C226163636573736B
:10F47800223A2272227D2C7B226E616D65223A220D
:10F488006572726F725F636E74222C226964223A0D
:10F4980033382C2274797065223A2275696E743378
:10F4A80032222C22616363657373223A2272227DB1
:10F4B8005D7D5D7D2C7B226E616D65223A22636FD6
:10F4C8006E666967222C2274797065223A226F620F
:10F4D8006A656374222C226D656D62657273223AC7
:10F4E8005B7B226E616D65223A22656E61626C6596
:10F4F8005F75617274222C226964223A33392C2296
:10F5080074797065223A22626F6F6C222C226163D3
:10F5180063657373223A227277227D2C7B226E6197
:10F528006D65223A22756172745F626175647261F9
:10F538007465222C226964223A34302C2274797042
:10F5480065223A2275696E743332222C2261636314
:10F55800657373223A227277227D2C7B226E616D4D
:10F5680065223A22656E61626C655F6932635F6924
:10F578006E73746561645F6F665F63616E222C22CF
:10F588006964223A34312C2274797065223A2262F5
:10F598006F6F6C222C22616363657373223A227247
:10F5A80077227D2C7B226E616D65223A22656E6121
:10F5B800626C655F61736369695F70726F746F63B2
:10F5C8006F6C5F6F6E5F757362222C226964223ADA
:10F5D80034322C2274797065223A22626F6F6C2261
:10F5E8002C22616363657373223A227277227D2C21
:10F5F8007B226E616D65223A226D61785F72656764
:10F60800656E5F63757272656E74222C226964225E
:10F618003A34332C2274797065223A22666C6F6111
:10F6280074222C22616363657373223A22727722F3
:10F638007D2C7B226E616D65223A226272616B6558
:10F648005F726573697374616E6365222C226964E5
:10F65800223A34342C2274797065223A22666C6F0F
:10F668006174222C22616363657373223A22727774
:10F67800227D2C7B226E616D65223A2264635F6273
:10F6880075735F756E646572766F6C746167655FBC
:10F69800747269705F6C6576656C222C22696422CD
:10F6A8003A34352C2274797065223A22666C6F617F
:10F6B80074222C22616363657373223A2272772263
:10F6C8007D2C7B226E616D65223A2264635F6275D0
:10F6D800735F6F766572766F6C746167655F74725D
:10F6E80069705F6C6576656C222C226964223A34F5
:10F6F800362C2274797065223A22666C6F61742206
:10F708002C22616363657373223A227277227D2CFF
:10F718007B226E616D65223A22656E61626C655F5F
:10F7280064635F6275735F6F766572766F6C746120
:10F7380067655F72616D70222C226964223A3437E2
:10F748002C2274797065223A22626F6F6C222C2207
:10F75800616363657373223A227277227D2C7B2260
:10F768006E616D65223A2264635F6275735F6F76BE
:10F778006572766F6C746167655F72616D705F73D7
:10F7880074617274222C226964223A34382C2274EF
:10F79800797065223A22666C6F6174222C2261634B
:10F7A80063657373223A227277227D2C7B226E6105
:10F7B8006D65223A2264635F6275735F6F76657266
:10F7C800766F6C746167655F72616D705F656E649A
:10F7D800222C226964223A34392C227479706522E9
:10F7E8003A22666C6F6174222C22616363657373BD
:10F7F800223A227277227D2C7B226E616D65223A35
:10F808002264635F6D61785F706F73697469766590
:10F818005F63757272656E74222C226964223A35B0
:10F82800302C2274797065223A22666C6F617422DA
:10F838002C22616363657373223A227277227D2CCE
:10F848007B226E616D65223A2264635F6D61785F29
:10F858006E656761746976655F63757272656E74EB
:10F86800222C226964223A35312C2274797065225F
:10F878003A22666C6F6174222C226163636573732C
:10F88800223A227277227D2C7B226E616D65223AA4
:10F89800226770696F315F70776D5F6D6170706935
:10F8A8006E67222C2274797065223A226F626A652B
:10F8B8006374222C226D656D62657273223A5B7BDC
:10F8C800226E616D65223A22656E64706F696E748E
:10F8D800222C226964223A35322C227479706522EE
:10F8E8003A22656E64706F696E745F726566222C69
:10F8F80022616363657373223A227277227D2C7BBF
:10F90800226E616D65223A226D696E222C2269642D
:10F91800223A35332C2274797065223A22666C6F4C
:10F928006174222C22616363657373223A227277B1
:10F93800227D2C7B226E616D65223A226D617822D0
:10F948002C226964223A35342C2274797065223A63
:10F9580022666C6F6174222C226163636573732263
:10F968003A227277227D5D7D2C7B226E616D652245
:10F978003A226770696F325F70776D5F6D61707082
:10F98800696E67222C2274797065223A226F626A46
:10F99800656374222C226D656D62657273223A5B11
:10F9A8007B226E616D65223A22656E64706F696EA6
:10F9B80074222C226964223A35352C2274797065B8
:10F9C800223A22656E64706F696E745F7265662292
:10F9D8002C22616363657373223A227277227D2C2D
:10F9E8007B226E616D65223A226D696E222C226936
:10F9F80064223A35362C2274797065223A22666C74
:10FA08006F6174222C22616363657373223A2272D8
:10FA180077227D2C7B226E616D65223A226D61789A
:10FA2800222C226964223A35372C22747970652297
:10FA38003A22666C6F6174222C226163636573736A
:10FA4800223A227277227D5D7D2C7B226E616D6564
:10FA5800223A226770696F335F70776D5F6D6170EE
:10FA680070696E67222C2274797065223A226F625F
:10FA78006A656374222C226D656D62657273223A21
:10FA88005B7B226E616D65223A22656E64706F69D8
:10FA98006E74222C226964223A35382C22747970CB
:10FAA80065223A22656E64706F696E745F7265666E
:10FAB800222C22616363657373223A227277227D56
:10FAC8002C7B226E616D65223A226D696E222C2292
:10FAD8006964223A35392C2274797065223A226693
:10FAE8006C6F6174222C22616363657373223A22FE
:10FAF8007277227D2C7B226E616D65223A226D61C0
:10FB080078222C226964223A36302C227479706566
:10FB1800223A22666C6F6174222C226163636573DA
:10FB280073223A227277227D5D7D2C7B226E616D75
:10FB380065223A226770696F345F70776D5F6D6117
:10FB48007070696E67222C2274797065223A226F70
:10FB5800626A656374222C226D656D626572732218
:10FB68003A5B7B226E616D65223A22656E64706F26
:10FB7800696E74222C226964223A36312C227479F7
:10FB88007065223A22656E64706F696E745F726583
:10FB980066222C22616363657373223A227277228C
:10FBA8007D2C7B226E616D65223A226D696E222C56
:10FBB800226964223A36322C2274797065223A22FC
:10FBC800666C6F6174222C22616363657373223AD9
:10FBD800227277227D2C7B226E616D65223A226D1E
:10FBE8006178222C226964223A36332C2274797087
:10FBF80065223A22666C6F6174222C226163636508
:10FC08007373223A227277227D5D7D2C7B226E618E
:10FC18006D65223A226770696F335F616E616C6F40
:10FC2800675F6D617070696E67222C2274797065E8
:10FC3800223A226F626A656374222C226D656D62B6
:10FC4800657273223A5B7B226E616D65223A22658A
:10FC58006E64706F696E74222C226964223A36349D
:10FC68002C2274797065223A22656E64706F696E11
:10FC7800745F726566222C22616363657373223A2E
:10FC8800227277227D2C7B226E616D65223A226D6D
:10FC9800696E222C226964223A36352C22747970D6
:10FCA80065223A22666C6F6174222C226163636557
:10FCB8007373223A227277227D2C7B226E616D65E6
:10FCC800223A226D6178222C226964223A36362C37
:10FCD8002274797065223A22666C6F6174222C2234
:10FCE800616363657373223A227277227D5D7D2C8E
:10FCF8007B226E616D65223A226770696F345F619D
:10FD08006E616C6F675F6D617070696E67222C221F
:10FD180074797065223A226F626A656374222C22B4
:10FD28006D656D62657273223A5B7B226E616D65EB
:10FD3800223A22656E64706F696E74222C2269649F
:10FD4800223A36372C2274797065223A22656E641D
:10FD5800706F696E745F726566222C2261636365D9
:10FD68007373223A227277227D2C7B226E616D6535
:10FD7800223A226D696E222C226964223A36382C86
:10FD88002274797065223A22666C6F6174222C2283
:10FD9800616363657373223A227277227D2C7B221A
:10FDA8006E616D65223A226D6178222C2269642287
:10FDB8003A36392C2274797065223A22666C6F6162
:10FDC80074222C22616363657373223A227277224C
:10FDD8007D5D7D5D7D2C7B226E616D65223A22758D
:10FDE8007365725F636F6E6669675F6C6F61646588
:10FDF80064222C226964223A37302C227479706587
:10FE0800223A22626F6F6C222C22616363657373DE
:10FE1800223A2272227D2C7B226E616D65223A2263
:10FE28006178697330222C2274797065223A226FC6
:10FE3800626A656374222C226D656D626572732235
:10FE48003A5B7B226E616D65223A226572726F722F
:10FE5800222C226964223A37312C22747970652267
:10FE68003A22696E743332222C226163636573739C
:10FE7800223A227277227D2C7B226E616D65223AAE
:10FE880022737465705F6469725F61637469766513
:10FE9800222C226964223A37322C22747970652226
:10FEA8003A22626F6F6C222C22616363657373223E
:10FEB8003A2272227D2C7B226E616D65223A226382
:10FEC800757272656E745F7374617465222C226931
:10FED80064223A37332C2274797065223A22696E8B
:10FEE800743332222C22616363657373223A22725F
:10FEF800227D2C7B226E616D65223A2272657175B6
:10FF080065737465645F7374617465222C22696417
:10FF1800223A37342C2274797065223A22696E7439
:10FF28003332222C22616363657373223A2272771B
:10FF3800227D2C7B226E616D65223A226C6F6F7078
:10FF48005F636F756E746572222C226964223A377A
:10FF5800352C2274797065223A2275696E743332B1
:10FF6800222C22616363657373223A2272227D2CEC
:10FF78007B226E616D65223A226C6F636B696E5FDE
:10FF88007374617465222C226964223A37362C22F4
:10FF980074797065223A22696E743332222C226198
:10FFA8006363657373223A2272227D2C7B226E6111
:10FFB8006D65223A2269735F686F6D6564222C2231
:10FFC8006964223A37372C2274797065223A2262A2
:10FFD8006F6F6C222C22616363657373223A2272FD
:10FFE80077227D2C7B226E616D65223A22636F6ECB
:08FFF800666967222C2274796E
:020000040803EF
:100000007065223A226F626A656374222C226D65E4
:100010006D62657273223A5B7B226E616D65223A76
:1000200022737461727475705F6D6F746F725F6349
:10003000616C6962726174696F6E222C226964223C
:100040003A37382C2274797065223A22626F6F6CCD
:10005000222C22616363657373223A227277227DB8
:100060002C7B226E616D65223A2273746172747505
:10007000705F656E636F6465725F696E6465785FFB
:10008000736561726368222C226964223A37392CC5
:100090002274797065223A22626F6F6C222C226181
:1000A0006363657373223A227277227D2C7B226E02
:1000B000616D65223A22737461727475705F656E4A
:1000C000636F6465725F6F66667365745F63616CAE
:1000D0006962726174696F6E222C226964223A38F7
:1000E000302C2274797065223A22626F6F6C222C58
:1000F00022616363657373223A227277227D2C7BBF
:10010000226E616D65223A22737461727475705F3C
:10011000636C6F7365645F6C6F6F705F636F6E7439
:10012000726F6C222C226964223A38312C22747945
:100130007065223A22626F6F6C222C2261636365C4
:100140007373223A227277227D2C7B226E616D6559
:10015000223A22737461727475705F73656E736F87
:10016000726C6573735F636F6E74726F6C222C2296
:100170006964223A38322C2274797065223A2262FC
:100180006F6F6C222C22616363657373223A227253
:1001900077227D2C7B226E616D65223A2273746119
:1001A000727475705F686F6D696E67222C22696466
:1001B000223A38332C2274797065223A22626F6FAA
:1001C0006C222C22616363657373223A2272772258
:1001D0007D2C7B226E616D65223A22656E61626CB8
:1001E000655F737465705F646972222C2269642292
:1001F0003A38342C2274797065223A22626F6F6C1F
:10020000222C22616363657373223A227277227D06
:100210002C7B226E616D65223A22737465705F6477
:1002200069725F616C776179735F6F6E222C2269EE
:1002300064223A38352C2274797065223A22626F32
:100240006F6C222C22616363657373223A2272778A
:10025000227D2C7B226E616D65223A227475726E4E
:10026000735F7065725F73746570222C22696422FB
:100270003A38362C2274797065223A22666C6F61A6
:1002800074222C22616363657373223A227277228F
:100290007D2C7B226E616D65223A227761746368E2
:1002A000646F675F74696D656F7574222C22696471
:1002B000223A38372C2274797065223A22666C6FA4
:1002C0006174222C22616363657373223A22727710
:1002D000227D2C7B226E616D65223A22656E616201
:1002E0006C655F7761746368646F67222C22696450
:1002F000223A38382C2274797065223A22626F6F64
:100300006C222C22616363657373223A2272772216
:100310007D2C7B226E616D65223A22737465705F5D
:100320006770696F5F70696E222C226964223A38A7
:10033000392C2274797065223A2275696E743136CF
:10034000222C22616363657373223A227277227DC5
:100350002C7B226E616D65223A226469725F677040
:10036000696F5F70696E222C226964223A39302CE1
:100370002274797065223A2275696E743136222CA6
:1003800022616363657373223A227277227D2C7B2C
:10039000226E616D65223A2263616C6962726174DA
:1003A000696F6E5F6C6F636B696E222C227479705B
:1003B00065223A226F626A656374222C226D656D34
:1003C00062657273223A5B7B226E616D65223A220E
:1003D00063757272656E74222C226964223A393117
:1003E0002C2274797065223A22666C6F6174222C1B
:1003F00022616363657373223A227277227D2C7BBC
:10040000226E616D65223A2272616D705F74696D52
:1004100065222C226964223A39322C227479706563
:10042000223A22666C6F6174222C226163636573C9
:1004300073223A227277227D2C7B226E616D6522B7
:100440003A2272616D705F64697374616E636522D4
:100450002C226964223A39332C2274797065223A4D
:1004600022666C6F6174222C226163636573732250
:100470003A227277227D2C7B226E616D65223A22B0
:10048000616363656C222C226964223A39342C2220
:1004900074797065223A22666C6F6174222C226135
:1004A0006363657373223A227277227D2C7B226EFE
:1004B000616D65223A2276656C222C226964223AAB
:1004C00039352C2274797065223A22666C6F61741A
:1004D000222C22616363657373223A227277227D34
:1004E0005D7D2C7B226E616D65223A2273656E7391
:1004F0006F726C6573735F72616D70222C227479F8
:100500007065223A226F626A656374222C226D65DF
:100510006D62657273223A5B7B226E616D65223A71
:100520002263757272656E74222C226964223A39D4
:10053000362C2274797065223A22666C6F617422BF
:100540002C22616363657373223A227277227D2CB9
:100550007B226E616D65223A2272616D705F7469F3
:100560006D65222C226964223A39372C2274797005
:1005700065223A22666C6F6174222C226163636586
:100580007373223A227277227D2C7B226E616D6515
:10059000223A2272616D705F64697374616E636583
:1005A000222C226964223A39382C2274797065220F
:1005B0003A22666C6F6174222C22616363657373E7
:1005C000223A227277227D2C7B226E616D65223A5F
:1005D00022616363656C222C226964223A39392CCA
:1005E0002274797065223A22666C6F6174222C2223
:1005F000616363657373223A227277227D2C7B22BA
:100600006E616D65223A2276656C222C2269642225
:100610003A3130302C2274797065223A22666C6F40
:100620006174222C22616363657373223A227277AC
:10063000227D2C7B226E616D65223A2266696E698D
:1006400073685F64697374616E6365222C226964E8
:10065000223A3130312C2274797065223A22666C4C
:100660006F6174222C22616363657373223A227274
:1006700077227D2C7B226E616D65223A2266696E3F
:100680006973685F6F6E5F76656C222C22696422E5
:100690003A3130322C2274797065223A22626F6FBF
:1006A0006C222C22616363657373223A2272772273
:1006B0007D2C7B226E616D65223A2266696E6973BC
:1006C000685F6F6E5F64697374616E6365222C226C
:1006D0006964223A3130332C2274797065223A22CF
:1006E000626F6F6C222C22616363657373223A22FE
:1006F0007277227D2C7B226E616D65223A226669BB
:100700006E6973685F6F6E5F656E635F69647822A0
:100710002C226964223A3130342C2274797065229B
:100720003A22626F6F6C222C2261636365737322BD
:100730003A227277227D5D7D2C7B226E616D65226F
:100740003A2267656E6572616C5F6C6F636B696E90
:10075000222C2274797065223A226F626A65637472
:10076000222C226D656D62657273223A5B7B226E6C
:10077000616D65223A2263757272656E74222C2255
:100780006964223A3130352C2274797065223A221C
:10079000666C6F6174222C22616363657373223A05
:1007A000227277227D2C7B226E616D65223A227245
:1007B000616D705F74696D65222C226964223A3123
:1007C00030362C2274797065223A22666C6F61741F
:1007D000222C22616363657373223A227277227D31
:1007E0002C7B226E616D65223A2272616D705F64AE
:1007F000697374616E6365222C226964223A313018
:10080000372C2274797065223A22666C6F617422EB
:100810002C22616363657373223A227277227D2CE6
:100820007B226E616D65223A22616363656C222CC6
:10083000226964223A3130382C2274797065223A68
:1008400022666C6F6174222C22616363657373226C
:100850003A227277227D2C7B226E616D65223A22CC
:1008600076656C222C226964223A3130392C22744C
:10087000797065223A22666C6F6174222C22616362
:1008800063657373223A227277227D2C7B226E611C
:100890006D65223A2266696E6973685F6469737474
:1008A000616E6365222C226964223A3131302C2238
:1008B00074797065223A22666C6F6174222C226111
:1008C0006363657373223A227277227D2C7B226EDA
:1008D000616D65223A2266696E6973685F6F6E5F4B
:1008E00076656C222C226964223A3131312C2274D3
:1008F000797065223A22626F6F6C222C22616363E9
:10090000657373223A227277227D2C7B226E616D91
:1009100065223A2266696E6973685F6F6E5F64690B
:100920007374616E6365222C226964223A3131321C
:100930002C2274797065223A22626F6F6C222C220D
:10094000616363657373223A227277227D2C7B2266
:100950006E616D65223A2266696E6973685F6F6EBB
:100960005F656E635F696478222C226964223A3184
:1009700031332C2274797065223A22626F6F6C22B7
:100980002C22616363657373223A227277227D5D44
:100990007D2C7B226E616D65223A2263616E5F6EF3
:1009A0006F64655F6964222C226964223A313134B4
:1009B0002C2274797065223A2275696E7433322262
:1009C0002C22616363657373223A227277227D2C35
:1009D0007B226E616D65223A2263616E5F6E6F6489
:1009E000655F69645F657874656E646564222C2256
:1009F0006964223A3131352C2274797065223A22A9
:100A0000626F6F6C222C22616363657373223A22DA
:100A10007277227D2C7B226E616D65223A226361A2
:100A20006E5F6865617274626561745F726174653E
:100A30005F6D73222C226964223A3131362C227484
:100A4000797065223A2275696E743332222C2261E4
:100A50006363657373223A227277227D2C7B226E48
:100A6000616D65223A2263616E5F656E636F6465D6
:100A7000725F726174655F6D73222C226964223A21
:100A80003131372C2274797065223A2275696E747F
:100A90003332222C22616363657373223A227277A8
:100AA000227D5D7D2C7B226E616D65223A2266651A
:100AB000745F746865726D6973746F72222C22742E
:100AC000797065223A226F626A656374222C226D06
:100AD000656D62657273223A5B7B226E616D652281
:100AE0003A226572726F72222C226964223A313185
:100AF000382C2274797065223A22696E743332225E
:100B00002C22616363657373223A227277227D2CF3
:100B10007B226E616D65223A2274656D706572612B
:100B200074757265222C226964223A3131392C2283
:100B300074797065223A22666C6F6174222C22618E
:100B40006363657373223A2272227D2C7B226E616D
:100B50006D65223A22636F6E666967222C22747972
:100B60007065223A226F626A656374222C226D6579
:100B70006D62657273223A5B7B226E616D65223A0B
:100B80002274656D705F6C696D69745F6C6F7765F9
:100B900072222C226964223A3132302C227479700C
:100BA00065223A22666C6F6174222C226163636550
:100BB0007373223A227277227D2C7B226E616D65DF
:100BC000223A2274656D705F6C696D69745F75702F
:100BD000706572222C226964223A3132312C2274DF
:100BE000797065223A22666C6F6174222C226163EF
:100BF00063657373223A227277227D2C7B226E61A9
:100C00006D65223A22656E61626C6564222C2269F0
:100C100064223A3132322C2274797065223A22628F
:100C20006F6F6C222C22616363657373223A2272A8
:100C300077227D5D7D5D7D2C7B226E616D65223A24
:100C4000226D6F746F725F746865726D6973746F13
:100C500072222C2274797065223A226F626A65636F
:100C600074222C226D656D62657273223A5B7B2261
:100C70006E616D65223A226572726F72222C226952
:100C800064223A3132332C2274797065223A226917
:100C90006E743332222C22616363657373223A22AD
:100CA0007277227D2C7B226E616D65223A227465FB
:100CB0006D7065726174757265222C226964223AC6
:100CC0003132342C2274797065223A22666C6F615D
:100CD00074222C22616363657373223A2272227D2F
:100CE0002C7B226E616D65223A22636F6E666967A6
:100CF000222C2274797065223A226F626A656374CD
:100D0000222C226D656D62657273223A5B7B226EC6
:100D1000616D65223A226770696F5F70696E222C7F
:100D2000226964223A3132352C2274797065223A74
:100D30002275696E743136222C2261636365737388
:100D4000223A227277227D2C7B226E616D65223AD7
:100D500022706F6C795F636F656666696369656E43
:100D6000745F30222C226964223A3132362C22748C
:100D7000797065223A22666C6F6174222C2261635D
:100D800063657373223A227277227D2C7B226E6117
:100D90006D65223A22706F6C795F636F6566666974
:100DA0006369656E745F31222C226964223A3132A4
:100DB000372C2274797065223A22666C6F61742236
:100DC0002C22616363657373223A227277227D2C31
:100DD0007B226E616D65223A22706F6C795F636F62
:100DE000656666696369656E745F32222C22696488
:100DF000223A3132382C2274797065223A22666C9C
:100E00006F6174222C22616363657373223A2272CC
:100E100077227D2C7B226E616D65223A22706F6C89
:100E2000795F636F656666696369656E745F3322B7
:100E30002C226964223A3132392C2274797065226D
:100E40003A22666C6F6174222C226163636573734E
:100E5000223A227277227D2C7B226E616D65223AC6
:100E60002274656D705F6C696D69745F6C6F776516
:100E700072222C226964223A3133302C2274797028
:100E800065223A22666C6F6174222C22616363656D
:100E90007373223A227277227D2C7B226E616D65FC
:100EA000223A2274656D705F6C696D69745F75704C
:100EB000706572222C226964223A3133312C2274FB
:100EC000797065223A22666C6F6174222C2261630C
:100ED00063657373223A227277227D2C7B226E61C6
:100EE0006D65223A22656E61626C6564222C22690E
:100EF00064223A3133322C2274797065223A2262AC
:100F00006F6F6C222C22616363657373223A2272C5
:100F100077227D5D7D5D7D2C7B226E616D65223A41
:100F2000226D6F746F72222C2274797065223A22BE
:100F30006F626A656374222C226D656D62657273DF
:100F4000223A5B7B226E616D65223A226572726F76
:100F500072222C226964223A3133332C2274797044
:100F600065223A22696E743332222C2261636365F2
:100F70007373223A227277227D2C7B226E616D651B
:100F8000223A2261726D65645F7374617465222C0C
:100F9000226964223A3133342C2274797065223A02
:100FA00022696E743332222C22616363657373226B
:100FB0003A2272227D2C7B226E616D65223A226973
:100FC000735F63616C69627261746564222C22696B
:100FD00064223A3133352C2274797065223A2262C8
:100FE0006F6F6C222C22616363657373223A2272E5
:100FF000227D2C7B226E616D65223A2263757272AE
:10100000656E745F6D6561735F706842222C226942
:1010100064223A3133362C2274797065223A226682
:101020006C6F6174222C22616363657373223A22B0
:1010300072227D2C7B226E616D65223A226375726D
:1010400072656E745F6D6561735F706843222C22F8
:101050006964223A3133372C2274797065223A223E
:10106000666C6F6174222C22616363657373223A2C
:101070002272227D2C7B226E616D65223A224443CE
:101080005F63616C69625F706842222C226964222E
:101090003A3133382C2274797065223A22666C6FAB
:1010A0006174222C22616363657373223A22727722
:1010B000227D2C7B226E616D65223A2244435F6360
:1010C000616C69625F706843222C226964223A3144
:1010D00033392C2274797065223A22666C6F617400
:1010E000222C22616363657373223A227277227D18
:1010F0002C7B226E616D65223A2270686173655F98
:1011000063757272656E745F7265765F6761696E32
:10111000222C226964223A3134302C227479706591
:10112000223A22666C6F6174222C226163636573BC
:1011300073223A227277227D2C7B226E616D6522AA
:101140003A226566666563746976655F6375727277
:10115000656E745F6C696D222C226964223A3134A9
:10116000312C2274797065223A22666C6F61742288
:101170002C22616363657373223A2272227D2C7B79
:10118000226E616D65223A2263757272656E745FBC
:10119000636F6E74726F6C222C2274797065223AC0
:1011A000226F626A656374222C226D656D626572BE
:1011B00073223A5B7B226E616D65223A22705F6713
:1011C00061696E222C226964223A3134322C2274F5
:1011D000797065223A22666C6F6174222C226163F9
:1011E00063657373223A227277227D2C7B226E61B3
:1011F0006D65223A22695F6761696E222C226964FB
:10120000223A3134332C2274797065223A22666C8A
:101210006F6174222C22616363657373223A2272B8
:1012200077227D2C7B226E616D65223A22765F6388
:10123000757272656E745F636F6E74726F6C5F69E6
:101240006E74656772616C5F64222C226964223A55
:101250003134342C2274797065223A22666C6F61C5
:1012600074222C22616363657373223A227277229F
:101270007D2C7B226E616D65223A22765F637572EA
:1012800072656E745F636F6E74726F6C5F696E749B
:10129000656772616C5F71222C226964223A313475
:1012A000352C2274797065223A22666C6F61742243
:1012B0002C22616363657373223A227277227D2C3C
:1012C0007B226E616D65223A2249627573222C225F
:1012D0006964223A3134362C2274797065223A22BC
:1012E000666C6F6174222C22616363657373223AAA
:1012F000227277227D2C7B226E616D65223A2266F6
:10130000696E616C5F765F616C706861222C226926
:1013100064223A3134372C2274797065223A22667D
:101320006C6F6174222C22616363657373223A22AD
:101330007277227D2C7B226E616D65223A2266696E
:101340006E616C5F765F62657461222C2269642233
:101350003A3134382C2274797065223A22666C6FE7
:101360006174222C22616363657373223A2272775F
:10137000227D2C7B226E616D65223A2249645F7367
:101380006574706F696E74222C226964223A31345C
:10139000392C2274797065223A22666C6F6174224E
:1013A0002C22616363657373223A227277227D2C4B
:1013B0007B226E616D65223A2249715F736574709C
:1013C0006F696E74222C226964223A3135302C22E6
:1013D00074797065223A22666C6F6174222C2261E6
:1013E0006363657373223A2272227D2C7B226E61C5
:1013F0006D65223A2249715F6D656173757265642E
:10140000222C226964223A3135312C22747970659C
:10141000223A22666C6F6174222C226163636573C9
:1014200073223A227277227D2C7B226E616D6522B7
:101430003A2249645F6D65617375726564222C227E
:101440006964223A3135322C2274797065223A224D
:10145000666C6F6174222C22616363657373223A38
:10146000227277227D2C7B226E616D65223A2249A1
:101470005F6D656173757265645F7265706F7274BC
:101480005F66696C7465725F6B222C226964223A14
:101490003135332C2274797065223A22666C6F6183
:1014A00074222C22616363657373223A227277225D
:1014B0007D2C7B226E616D65223A226D61785F61C1
:1014C0006C6C6F7765645F63757272656E74222CE5
:1014D000226964223A3135342C2274797065223ABB
:1014E00022666C6F6174222C2261636365737322C0
:1014F0003A2272227D2C7B226E616D65223A226F28
:1015000076657263757272656E745F747269705F0E
:101510006C6576656C222C226964223A3135352C53
:101520002274797065223A22666C6F6174222C22D3
:10153000616363657373223A2272227D2C7B226E73
:10154000616D65223A226163696D5F726F746F72BB
:101550005F666C7578222C226964223A3135362C0C
:101560002274797065223A22666C6F6174222C2293
:10157000616363657373223A227277227D2C7B222A
:101580006E616D65223A226173796E635F70686186
:1015900073655F76656C222C226964223A31353797
:1015A0002C2274797065223A22666C6F6174222C49
:1015B00022616363657373223A2272227D2C7B223F
:1015C0006E616D65223A226173796E635F70686146
:1015D00073655F6F6666736574222C226964223AB4
:1015E0003135382C2274797065223A22666C6F612D
:1015F00074222C22616363657373223A227277220C
:101600007D5D7D2C7B226E616D65223A226761745F
:10161000655F647269766572222C22747970652226
:101620003A226F626A656374222C226D656D626571
:101630007273223A5B7B226E616D65223A2264727C
:10164000765F6661756C74222C226964223A3135AA
:10165000392C2274797065223A22696E74333222F1
:101660002C22616363657373223A2272227D5D7D51
:101670002C7B226E616D65223A2274696D696E67FA
:101680005F6C6F67222C2274797065223A226F6238
:101690006A656374222C226D656D62657273223AED
:1016A0005B7B226E616D65223A2267656E657261B1
:1016B0006C222C226964223A3136302C22747970E3
:1016C00065223A2275696E743136222C2261636379
:1016D000657373223A2272227D2C7B226E616D65C6
:1016E000223A226164635F63625F69222C2269642B
:1016F000223A3136312C2274797065223A2275698A
:101700006E743136222C22616363657373223A2230
:1017100072227D2C7B226E616D65223A22616463A8
:101720005F63625F6463222C226964223A3136323D
:101730002C2274797065223A2275696E74313622D2
:101740002C22616363657373223A2272227D2C7BA3
:10175000226E616D65223A226D6561735F72222C83
:10176000226964223A3136332C2274797065223A28
:101770002275696E743136222C226163636573733E
:10178000223A2272227D2C7B226E616D65223A22E2
:101790006D6561735F6C222C226964223A313634A4
:1017A0002C2274797065223A2275696E7431362262
:1017B0002C22616363657373223A2272227D2C7B33
:1017C000226E616D65223A22656E635F63616C69AA
:1017D00062222C226964223A3136352C22747970C7
:1017E00065223A2275696E743136222C2261636358
:1017F000657373223A2272227D2C7B226E616D65A5
:10180000223A226964785F736561726368222C22D0
:101810006964223A3136362C2274797065223A2274
:1018200075696E743136222C22616363657373228D
:101830003A2272227D2C7B226E616D65223A2266ED
:101840006F635F766F6C74616765222C2269642216
:101850003A3136372C2274797065223A2275696ED6
:10186000743136222C22616363657373223A2272CB
:10187000227D2C7B226E616D65223A22666F635F4A
:1018800063757272656E74222C226964223A313655
:10189000382C2274797065223A2275696E7431365B
:1018A000222C22616363657373223A2272227D2C9B
:1018B0007B226E616D65223A227370695F73746179
:1018C0007274222C226964223A3136392C227479BE
:1018D0007065223A2275696E743136222C2261635A
:1018E00063657373223A2272227D2C7B226E616DB6
:1018F00065223A2273616D706C655F6E6F77222C82
:10190000226964223A3137302C2274797065223A88
:101910002275696E743136222C226163636573739C
:10192000223A2272227D2C7B226E616D65223A2240
:101930007370695F656E64222C226964223A3137C4
:10194000312C2274797065223A2275696E743136B1
:10195000222C22616363657373223A2272227D5DB9
:101960007D2C7B226E616D65223A22636F6E666903
:1019700067222C2274797065223A226F626A65634D
:1019800074222C226D656D62657273223A5B7B2234
:101990006E616D65223A227072655F63616C696287
:1019A0007261746564222C226964223A3137322CC8
:1019B0002274797065223A22626F6F6C222C226148
:1019C0006363657373223A227277227D2C7B226EC9
:1019D000616D65223A22706F6C655F706169727328
:1019E000222C226964223A3137332C2274797065B3
:1019F000223A22696E743332222C2261636365734A
:101A000073223A227277227D2C7B226E616D6522D1
:101A10003A2263616C6962726174696F6E5F6375AB
:101A20007272656E74222C226964223A3137342C2A
:101A30002274797065223A22666C6F6174222C22BE
:101A4000616363657373223A227277227D2C7B2255
:101A50006E616D65223A22726573697374616E639B
:101A6000655F63616C69625F6D61785F766F6C74EE
:101A7000616765222C226964223A3137352C227441
:101A8000797065223A22666C6F6174222C22616340
:101A900063657373223A227277227D2C7B226E61FA
:101AA0006D65223A2270686173655F696E64756363
:101AB00074616E6365222C226964223A3137362CB8
:101AC0002274797065223A22666C6F6174222C222E
:101AD000616363657373223A227277227D2C7B22C5
:101AE0006E616D65223A2270686173655F7265731D
:101AF000697374616E6365222C226964223A3137FE
:101B0000372C2274797065223A22666C6F617422D8
:101B10002C22616363657373223A227277227D2CD3
:101B20007B226E616D65223A22746F727175655FFA
:101B3000636F6E7374616E74222C226964223A3171
:101B400037382C2274797065223A22666C6F617482
:101B5000222C22616363657373223A227277227D9D
:101B60002C7B226E616D65223A2264697265637412
:101B7000696F6E222C226964223A3137392C227423
:101B8000797065223A22696E743332222C226163A5
:101B900063657373223A227277227D2C7B226E61F9
:101BA0006D65223A226D6F746F725F747970652271
:101BB0002C226964223A3138302C227479706522E3
:101BC0003A22696E743332222C2261636365737327
:101BD000223A227277227D2C7B226E616D65223A39
:101BE0002263757272656E745F6C696D222C226956
:101BF00064223A3138312C2274797065223A226697
:101C00006C6F6174222C22616363657373223A22C4
:101C10007277227D2C7B226E616D65223A2263757C
:101C20007272656E745F6C696D5F6D617267696E0B
:101C3000222C226964223A3138322C227479706560
:101C4000223A22666C6F6174222C22616363657391
:101C500073223A227277227D2C7B226E616D65227F
:101C60003A22746F727175655F6C696D222C2269FE
:101C700064223A3138332C2274797065223A226614
:101C80006C6F6174222C22616363657373223A2244
:101C90007277227D2C7B226E616D65223A22696EFD
:101CA0007665727465725F74656D705F6C696D697D
:101CB000745F6C6F776572222C226964223A313826
:101CC000342C2274797065223A22666C6F6174221A
:101CD0002C22616363657373223A227277227D2C12
:101CE0007B226E616D65223A22696E76657274653B
:101CF000725F74656D705F6C696D69745F7570702B
:101D00006572222C226964223A3138352C2274798A
:101D10007065223A22666C6F6174222C22616363C3
:101D2000657373223A227277227D2C7B226E616D5D
:101D300065223A227265717565737465645F6375B7
:101D40007272656E745F72616E6765222C226964BF
:101D5000223A3138362C2274797065223A22666C28
:101D60006F6174222C22616363657373223A22725D
:101D700077227D2C7B226E616D65223A226375721B
:101D800072656E745F636F6E74726F6C5F62616EAA
:101D9000647769647468222C226964223A31383786
:101DA0002C2274797065223A22666C6F6174222C41
:101DB00022616363657373223A227277227D2C7BE2
:101DC000226E616D65223A226163696D5F736C6991
:101DD000705F76656C6F63697479222C2269642266
:101DE0003A3138382C2274797065223A22666C6F49
:101DF0006174222C22616363657373223A227277C5
:101E0000227D2C7B226E616D65223A226163696DB1
:101E10005F6761696E5F6D696E5F666C7578222CB5
:101E2000226964223A3138392C2274797065223A59
:101E300022666C6F6174222C226163636573732266
:101E40003A227277227D2C7B226E616D65223A22C6
:101E50006163696D5F6175746F666C75785F6D69DC
:101E60006E5F4964222C226964223A3139302C2277
:101E700074797065223A22666C6F6174222C22613B
:101E80006363657373223A227277227D2C7B226E04
:101E9000616D65223A226163696D5F6175746F6679
:101EA0006C75785F656E61626C65222C22696422B4
:101EB0003A3139312C2274797065223A22626F6F7F
:101EC0006C222C22616363657373223A227277223B
:101ED0007D2C7B226E616D65223A226163696D5FA4
:101EE0006175746F666C75785F61747461636B5F44
:101EF0006761696E222C226964223A3139322C22C0
:101F000074797065223A22666C6F6174222C2261AA
:101F10006363657373223A227277227D2C7B226E73
:101F2000616D65223A226163696D5F6175746F66E8
:101F30006C75785F64656361795F6761696E222C97
:101F4000226964223A3139332C2274797065223A3D
:101F500022666C6F6174222C226163636573732245
:101F60003A227277227D5D7D5D7D2C7B226E616DD4
:101F700065223A22636F6E74726F6C6C6572222CEC
:101F80002274797065223A226F626A656374222C2A
:101F9000226D656D62657273223A5B7B226E616DA4
:101FA00065223A226572726F72222C226964223A8B
:101FB0003139342C2274797065223A22696E743377
:101FC00032222C22616363657373223A2272772274
:101FD0007D2C7B226E616D65223A22696E7075746C
:101FE0005F706F73222C226964223A3139352C22BA
:101FF00074797065223A22666C6F6174222C2261BA
:102000006363657373223A227277227D2C7B226E82
:10201000616D65223A22696E7075745F76656C2217
:102020002C226964223A3139362C22747970652267
:102030003A22666C6F6174222C226163636573734C
:10204000223A227277227D2C7B226E616D65223AC4
:1020500022696E7075745F746F72717565222C22BF
:102060006964223A3139372C2274797065223A2218
:10207000666C6F6174222C22616363657373223A0C
:10208000227277227D2C7B226E616D65223A22704E
:102090006F735F736574706F696E74222C2269644C
:1020A000223A3139382C2274797065223A22666CD2
:1020B0006F6174222C22616363657373223A22720A
:1020C000227D2C7B226E616D65223A2276656C5FE3
:1020D000736574706F696E74222C226964223A31C0
:1020E00039392C2274797065223A22666C6F6174DA
:1020F000222C22616363657373223A2272227D2C43
:102100007B226E616D65223A22746F727175655F14
:10211000736574706F696E74222C226964223A327E
:1021200030302C2274797065223A22666C6F6174AB
:10213000222C22616363657373223A2272227D2C02
:102140007B226E616D65223A227472616A656374E6
:102150006F72795F646F6E65222C226964223A3255
:1021600030312C2274797065223A22626F6F6C22B2
:102170002C22616363657373223A2272227D2C7B69
:10218000226E616D65223A2276656C5F696E7465B8
:10219000677261746F725F746F72717565222C2241
:1021A0006964223A3230322C2274797065223A22E4
:1021B000666C6F6174222C22616363657373223ACB
:1021C000227277227D2C7B226E616D65223A22611C
:1021D0006E7469636F6767696E675F76616C696467
:1021E000222C226964223A3230332C2274797065B1
:1021F000223A22626F6F6C222C22616363657373D3
:10220000223A227277227D2C7B226E616D65223A02
:1022100022636F6E666967222C2274797065223A98
:10222000226F626A656374222C226D656D6265722D
:1022300073223A5B7B226E616D65223A2267616987
:102240006E5F7363686564756C696E675F776964F8
:102250007468222C226964223A3230342C22747938
:102260007065223A22666C6F6174222C226163636E
:10227000657373223A227277227D2C7B226E616D08
:1022800065223A22656E61626C655F76656C5F6C93
:10229000696D6974222C226964223A3230352C220D
:1022A00074797065223A22626F6F6C222C2261630E
:1022B00063657373223A227277227D2C7B226E61D2
:1022C0006D65223A22656E61626C655F637572723C
:1022D000656E745F6D6F64655F76656C5F6C696D6C
:1022E0006974222C226964223A3230362C227479A5
:1022F0007065223A22626F6F6C222C2261636365E3
:102300007373223A227277227D2C7B226E616D6577
:10231000223A22656E61626C655F6761696E5F7308
:1023200063686564756C696E67222C226964223A61
:102330003230372C2274797065223A22626F6F6CCA
:10234000222C22616363657373223A227277227DA5
:102350002C7B226E616D65223A22656E61626C652E
:102360005F6F76657273706565645F6572726F72B8
:10237000222C226964223A3230382C22747970651A
:10238000223A22626F6F6C222C2261636365737341
:10239000223A227277227D2C7B226E616D65223A71
:1023A00022636F6E74726F6C5F6D6F6465222C2296
:1023B0006964223A3230392C2274797065223A22CB
:1023C000696E743332222C22616363657373223A1F
:1023D000227277227D2C7B226E616D65223A226902
:1023E0006E7075745F6D6F6465222C226964223A89
:1023F0003231302C2274797065223A22696E74333E
:1024000032222C22616363657373223A227277222F
:102410007D2C7B226E616D65223A22706F735F673F
:1024200061696E222C226964223A3231312C227485
:10243000797065223A22666C6F6174222C22616386
:1024400063657373223A227277227D2C7B226E6140
:102450006D65223A2276656C5F6761696E222C2277
:102460006964223A3231322C2274797065223A2220
:10247000666C6F6174222C22616363657373223A08
:10248000227277227D2C7B226E616D65223A227644
:10249000656C5F696E7465677261746F725F6761A6
:1024A000696E222C226964223A3231332C227479EB
:1024B0007065223A22666C6F6174222C226163631C
:1024C000657373223A227277227D2C7B226E616DB6
:1024D00065223A2276656C5F6C696D6974222C22E4
:1024E0006964223A3231342C2274797065223A229E
:1024F000666C6F6174222C22616363657373223A88
:10250000227277227D2C7B226E616D65223A2276C3
:10251000656C5F6C696D69745F746F6C6572616E18
:102520006365222C226964223A3231352C22747977
:102530007065223A22666C6F6174222C226163639B
:10254000657373223A227277227D2C7B226E616D35
:1025500065223A2276656C5F72616D705F7261749C
:1025600065222C226964223A3231362C2274797029
:1025700065223A22666C6F6174222C226163636566
:102580007373223A227277227D2C7B226E616D65F5
:10259000223A22746F727175655F72616D705F723D
:1025A000617465222C226964223A3231372C2274FC
:1025B000797065223A22666C6F6174222C22616305
:1025C00063657373223A227277227D2C7B226E61BF
:1025D0006D65223A2263697263756C61725F73651F
:1025E00074706F696E7473222C226964223A3231DE
:1025F000382C2274797065223A22626F6F6C222C1B
:1026000022616363657373223A227277227D2C7B89
:10261000226E616D65223A2263697263756C617224
:102620005F736574706F696E745F72616E67652247
:102630002C226964223A3231392C22747970652255
:102640003A22666C6F6174222C2261636365737336
:10265000223A227277227D2C7B226E616D65223AAE
:1026600022686F6D696E675F7370656564222C22E6
:102670006964223A3232302C2274797065223A220F
:10268000666C6F6174222C22616363657373223AF6
:10269000227277227D2C7B226E616D65223A22693F
:1026A0006E6572746961222C226964223A32323179
:1026B0002C2274797065223A22666C6F6174222C28
:1026C00022616363657373223A227277227D2C7BC9
:1026D000226E616D65223A22617869735F746F5F63
:1026E0006D6972726F72222C226964223A32323220
:1026F0002C2274797065223A2275696E7438222C06
:1027000022616363657373223A227277227D2C7B88
:10271000226E616D65223A226D6972726F725F720C
:102720006174696F222C226964223A3232332C227E
:1027300074797065223A22666C6F6174222C226172
:102740006363657373223A227277227D2C7B226E3B
:10275000616D65223A226C6F61645F656E636F64C0
:1027600065725F61786973222C226964223A323281
:10277000342C2274797065223A2275696E7438227D
:102780002C22616363657373223A227277227D2C57
:102790007B226E616D65223A22696E7075745F6688
:1027A000696C7465725F62616E64776964746822D3
:1027B0002C226964223A3232352C227479706522D7
:1027C0003A22666C6F6174222C22616363657373B5
:1027D000223A227277227D2C7B226E616D65223A2D
:1027E00022616E7469636F6767696E67222C227459
:1027F000797065223A226F626A656374222C226DB9
:10280000656D62657273223A5B7B226E616D652233
:102810003A22696E646578222C226964223A323247
:10282000362C2274797065223A2275696E743332BF
:10283000222C22616363657373223A2272227D2CFB
:102840007B226E616D65223A227072655F63616CF6
:1028500069627261746564222C226964223A3232A0
:10286000372C2274797065223A22626F6F6C222CA9
:1028700022616363657373223A227277227D2C7B17
:10288000226E616D65223A2263616C69625F616EDE
:102890007469636F6767696E67222C226964223AE4
:1028A0003232382C2274797065223A22626F6F6C52
:1028B000222C22616363657373223A2272227D2C7B
:1028C0007B226E616D65223A2263616C69625F7082
:1028D0006F735F7468726573686F6C64222C226911
:1028E00064223A3232392C2274797065223A226697
:1028F0006C6F6174222C22616363657373223A22C8
:102900007277227D2C7B226E616D65223A22636193
:102910006C69625F76656C5F7468726573686F6C12
:1029200064222C226964223A3233302C227479706A
:1029300065223A22666C6F6174222C2261636365A2
:102940007373223A227277227D2C7B226E616D6531
:10295000223A22636F6767696E675F726174696F9D
:10296000222C226964223A3233312C227479706528
:10297000223A22666C6F6174222C22616363657354
:1029800073223A2272227D2C7B226E616D65223A7F
:1029900022616E7469636F6767696E675F656E61F8
:1029A000626C6564222C226964223A3233322C2212
:1029B00074797065223A22626F6F6C222C226163F7
:1029C00063657373223A227277227D5D7D5D7D2C73
:1029D0007B226E616D65223A226D6F76655F696E4E
:1029E0006372656D656E74616C222C226964223A93
:1029F0003233332C2274797065223A2266756E6305
:102A000074696F6E222C22696E70757473223A5B42
:102A10007B226E616D65223A22646973706C61631A
:102A2000656D656E74222C226964223A3233342C2F
:102A30002274797065223A22666C6F6174222C22AE
:102A4000616363657373223A227277227D2C7B2245
:102A50006E616D65223A2266726F6D5F696E707588
:102A6000745F706F73222C226964223A3233352CE2
:102A70002274797065223A22626F6F6C222C226177
:102A80006363657373223A227277227D5D2C226F15
:102A9000757470757473223A5B5D7D2C7B226E6158
:102AA0006D65223A2273746172745F616E7469633A
:102AB0006F6767696E675F63616C69627261746991
:102AC0006F6E222C226964223A3233362C227479BA
:102AD0007065223A2266756E6374696F6E222C22CD
:102AE000696E70757473223A5B5D2C226F75747019
:102AF000757473223A5B5D7D5D7D2C7B226E616D0A
:102B000065223A22656E636F646572222C227479A5
:102B10007065223A226F626A656374222C226D65A9
:102B20006D62657273223A5B7B226E616D65223A3B
:102B3000226572726F72222C226964223A32333714
:102B40002C2274797065223A22696E743332222CF9
:102B500022616363657373223A227277227D2C7B34
:102B6000226E616D65223A2269735F7265616479D4
:102B7000222C226964223A3233382C22747970650F
:102B8000223A22626F6F6C222C2261636365737339
:102B9000223A2272227D2C7B226E616D65223A22BE
:102BA000696E6465785F666F756E64222C22696455
:102BB000223A3233392C2274797065223A22626FBC
:102BC0006F6C222C22616363657373223A22722236
:102BD0007D2C7B226E616D65223A22736861646F81
:102BE000775F636F756E74222C226964223A3234E7
:102BF000302C2274797065223A22696E7433322245
:102C00002C22616363657373223A2272227D2C7BCE
:102C1000226E616D65223A22636F756E745F696E14
:102C20005F637072222C226964223A3234312C2282
:102C300074797065223A22696E743332222C2261D3
:102C40006363657373223A2272227D2C7B226E614C
:102C50006D65223A22696E746572706F6C61746979
:102C60006F6E222C226964223A3234322C2274791B
:102C70007065223A22666C6F6174222C2261636354
:102C8000657373223A2272227D2C7B226E616D6500
:102C9000223A227068617365222C226964223A32DA
:102CA00034332C2274797065223A22666C6F617419
:102CB000222C22616363657373223A2272227D2C77
:102CC0007B226E616D65223A22706F735F6573744B
:102CD000696D617465222C226964223A3234342C85
:102CE0002274797065223A22666C6F6174222C22FC
:102CF000616363657373223A2272227D2C7B226E9C
:102D0000616D65223A22706F735F657374696D61DE
:102D100074655F636F756E7473222C226964223A46
:102D20003234352C2274797065223A22666C6F61D8
:102D300074222C22616363657373223A2272227DAE
:102D40002C7B226E616D65223A22706F735F637017
:102D500072222C226964223A3234362C2274797021
:102D600065223A22666C6F6174222C22616363656E
:102D70007373223A2272227D2C7B226E616D652252
:102D80003A22706F735F6370725F636F756E7473F6
:102D9000222C226964223A3234372C2274797065ED
:102DA000223A22666C6F6174222C22616363657320
:102DB00073223A2272227D2C7B226E616D65223A4B
:102DC00022706F735F63697263756C6172222C226B
:102DD0006964223A3234382C2274797065223A229E
:102DE000666C6F6174222C22616363657373223A8F
:102DF0002272227D2C7B226E616D65223A226861EF
:102E00006C6C5F7374617465222C226964223A329F
:102E100034392C2274797065223A2275696E7438BF
:102E2000222C22616363657373223A2272227D2C05
:102E30007B226E616D65223A2276656C5F657374E4
:102E4000696D617465222C226964223A3235302C16
:102E50002274797065223A22666C6F6174222C228A
:102E6000616363657373223A2272227D2C7B226E2A
:102E7000616D65223A2276656C5F657374696D6178
:102E800074655F636F756E7473222C226964223AD5
:102E90003235312C2274797065223A22666C6F616A
:102EA00074222C22616363657373223A2272227D3D
:102EB0002C7B226E616D65223A2263616C69625FD0
:102EC0007363616E5F726573706F6E7365222C221F
:102ED0006964223A3235322C2274797065223A22A2
:102EE000666C6F6174222C22616363657373223A8E
:102EF0002272227D2C7B226E616D65223A22706FD8
:102F0000735F616273222C226964223A3235332C5A
:102F10002274797065223A22696E743332222C222F
:102F2000616363657373223A227277227D2C7B2260
:102F30006E616D65223A227370695F6572726F729D
:102F40005F72617465222C226964223A3235342C16
:102F50002274797065223A22666C6F6174222C2289
:102F6000616363657373223A2272227D2C7B226E29
:102F7000616D65223A22636F6E666967222C227446
:102F8000797065223A226F626A656374222C226D21
:102F9000656D62657273223A5B7B226E616D65229C
:102FA0003A226D6F6465222C226964223A323535EB
:102FB0002C2274797065223A22696E743332222C85
:102FC00022616363657373223A227277227D2C7BC0
:102FD000226E616D65223A227573655F696E646564
:102FE00078222C226964223A3235362C2274797088
:102FF00065223A22626F6F6C222C226163636573D3
:1030000073223A227277227D2C7B226E616D6522BB
:103010003A2266696E645F6964785F6F6E5F6C6F99
:10302000636B696E5F6F6E6C79222C226964223A41
:103030003235372C2274797065223A22626F6F6CB8
:10304000222C22616363657373223A227277227D98
:103050002C7B226E616D65223A226162735F737010
:10306000695F63735F6770696F5F70696E222C229E
:103070006964223A3235382C2274797065223A22FA
:1030800075696E743136222C226163636573732215
:103090003A227277227D2C7B226E616D65223A2264
:1030A0007A65726F5F636F756E745F6F6E5F66696E
:1030B0006E645F696478222C226964223A32353961
:1030C0002C2274797065223A22626F6F6C222C2256
:1030D000616363657373223A227277227D2C7B22AF
:1030E0006E616D65223A22637072222C226964221D
:1030F0003A3236302C2274797065223A22696E7425
:103100003332222C22616363657373223A22727711
:10311000227D2C7B226E616D65223A226F6666737A
:103120006574222C226964223A3236312C22747959
:103130007065223A22696E743332222C22616363F5
:10314000657373223A227277227D2C7B226E616D29
:1031500065223A227072655F63616C6962726174A4
:103160006564222C226964223A3236322C22747928
:103170007065223A22626F6F6C222C226163636554
:103180007373223A227277227D2C7B226E616D65E9
:10319000223A226F66667365745F666C6F61742293
:1031A0002C226964223A3236332C227479706522DB
:1031B0003A22666C6F6174222C22616363657373BB
:1031C000223A227277227D2C7B226E616D65223A33
:1031D00022656E61626C655F70686173655F696EC0
:1031E000746572706F6C6174696F6E222C226964F1
:1031F000223A3236342C2274797065223A22626F78
:103200006F6C222C22616363657373223A2272779A
:10321000227D2C7B226E616D65223A2262616E6492
:103220007769647468222C226964223A3236352C1C
:103230002274797065223A22666C6F6174222C22A6
:10324000616363657373223A227277227D2C7B223D
:103250006E616D65223A2263616C69625F72616EB4
:103260006765222C226964223A3236362C22747920
:103270007065223A22666C6F6174222C226163634E
:10328000657373223A227277227D2C7B226E616DE8
:1032900065223A2263616C69625F7363616E5F6489
:1032A000697374616E6365222C226964223A323636
:1032B000372C2274797065223A22666C6F61742211
:1032C0002C22616363657373223A227277227D2C0C
:1032D0007B226E616D65223A2263616C69625F7365
:1032E00063616E5F6F6D656761222C226964223AAB
:1032F0003236382C2274797065223A22666C6F61FE
:1033000074222C22616363657373223A22727722DE
:103310007D2C7B226E616D65223A226964785F7331
:1033200065617263685F756E69646972656374690B
:103330006F6E616C222C226964223A3236392C225B
:1033400074797065223A22626F6F6C222C2261635D
:1033500063657373223A227277227D2C7B226E6121
:103360006D65223A2269676E6F72655F696C6C6584
:1033700067616C5F68616C6C5F7374617465222C4B
:10338000226964223A3237302C2274797065223AED
:1033900022626F6F6C222C22616363657373223A21
:1033A000227277227D2C7B226E616D65223A227318
:1033B000696E636F735F6770696F5F70696E5F736B
:1033C000696E222C226964223A3237312C227479B8
:1033D0007065223A2275696E743136222C2261633F
:1033E00063657373223A227277227D2C7B226E6191
:1033F0006D65223A2273696E636F735F6770696FE0
:103400005F70696E5F636F73222C226964223A32A7
:1034100037322C2274797065223A2275696E7431C4
:1034200036222C22616363657373223A22727722FB
:103430007D5D7D2C7B226E616D65223A2273657401
:103440005F6C696E6561725F636F756E74222C22AA
:103450006964223A3237332C2274797065223A2219
:1034600066756E6374696F6E222C22696E70757456
:1034700073223A5B7B226E616D65223A22636F751F
:103480006E74222C226964223A3237342C227479E9
:103490007065223A22696E743332222C2261636392
:1034A000657373223A227277227D5D2C226F7574C8
:1034B00070757473223A5B5D7D5D7D2C7B226E613D
:1034C0006D65223A2273656E736F726C6573735FFC
:1034D000657374696D61746F72222C2274797065E2
:1034E000223A226F626A656374222C226D656D62D6
:1034F000657273223A5B7B226E616D65223A2265AA
:1035000072726F72222C226964223A3237352C2271
:1035100074797065223A22696E743332222C2261EA
:103520006363657373223A227277227D2C7B226E4D
:10353000616D65223A227068617365222C2269648C
:10354000223A3237362C2274797065223A22666C20
:103550006F6174222C22616363657373223A227255
:1035600077227D2C7B226E616D65223A22706C6C15
:103570005F706F73222C226964223A3237372C2213
:1035800074797065223A22666C6F6174222C226114
:103590006363657373223A227277227D2C7B226EDD
:1035A000616D65223A2276656C5F657374696D6141
:1035B0007465222C226964223A3237382C227479BD
:1035C0007065223A22666C6F6174222C22616363FB
:1035D000657373223A227277227D2C7B226E616D95
:1035E00065223A22636F6E666967222C22747970B5
:1035F00065223A226F626A656374222C226D656DC2
:1036000062657273223A5B7B226E616D65223A229B
:103610006F627365727665725F6761696E222C22D4
:103620006964223A3237392C2274797065223A2241
:10363000666C6F6174222C22616363657373223A36
:10364000227277227D2C7B226E616D65223A227078
:103650006C6C5F62616E647769647468222C2269A5
:1036600064223A3238302C2274797065223A22660C
:103670006C6F6174222C22616363657373223A223A
:103680007277227D2C7B226E616D65223A22706DED
:103690005F666C75785F6C696E6B616765222C2262
:1036A0006964223A3238312C2274797065223A22C8
:1036B000666C6F6174222C22616363657373223AB6
:1036C000227277227D5D7D5D7D2C7B226E616D6532
:1036D000223A22747261705F7472616A222C2274C1
:1036E000797065223A226F626A656374222C226DBA
:1036F000656D62657273223A5B7B226E616D652235
:103700003A22636F6E666967222C22747970652293
:103710003A226F626A656374222C226D656D626560
:103720007273223A5B7B226E616D65223A22766566
:103730006C5F6C696D6974222C226964223A32389C
:10374000322C2274797065223A22666C6F61742281
:103750002C22616363657373223A227277227D2C77
:103760007B226E616D65223A22616363656C5F6CDA
:10377000696D6974222C226964223A3238332C2212
:1037800074797065223A22666C6F6174222C226112
:103790006363657373223A227277227D2C7B226EDB
:1037A000616D65223A22646563656C5F6C696D6961
:1037B00074222C226964223A3238342C22747970B3
:1037C00065223A22666C6F6174222C226163636504
:1037D0007373223A227277227D5D7D5D7D2C7B2280
:1037E0006E616D65223A226D696E5F656E647374F9
:1037F0006F70222C2274797065223A226F626A659A
:103800006374222C226D656D62657273223A5B7B54
:10381000226E616D65223A22656E6473746F705F0B
:103820007374617465222C226964223A3238352C13
:103830002274797065223A22626F6F6C222C2261A9
:103840006363657373223A2272227D2C7B226E6140
:103850006D65223A22636F6E666967222C22747945
:103860007065223A226F626A656374222C226D654C
:103870006D62657273223A5B7B226E616D65223ADE
:10388000226770696F5F6E756D222C226964223A1F
:103890003238362C2274797065223A2275696E743A
:1038A0003136222C22616363657373223A22727768
:1038B000227D2C7B226E616D65223A22656E6162EB
:1038C0006C6564222C226964223A3238372C2274C7
:1038D000797065223A22626F6F6C222C22616363D9
:1038E000657373223A227277227D2C7B226E616D82
:1038F00065223A226F6666736574222C22696422FF
:103900003A3238382C2274797065223A22666C6F0C
:103910006174222C22616363657373223A22727789
:10392000227D2C7B226E616D65223A2269735F6174
:1039300063746976655F68696768222C226964220E
:103940003A3238392C2274797065223A22626F6FCC
:103950006C222C22616363657373223A2272772290
:103960007D2C7B226E616D65223A2270756C6C75C0
:1039700070222C226964223A3239302C22747970F8
:1039800065223A22626F6F6C222C22616363657339
:1039900073223A227277227D2C7B226E616D652222
:1039A0003A226465626F756E63655F6D73222C22C7
:1039B0006964223A3239312C2274797065223A22B4
:1039C00075696E743332222C2261636365737322CE
:1039D0003A227277227D5D7D5D7D2C7B226E616D4A
:1039E00065223A226D61785F656E6473746F702230
:1039F0002C2274797065223A226F626A65637422A0
:103A00002C226D656D62657273223A5B7B226E615A
:103A10006D65223A22656E6473746F705F737461B2
:103A20007465222C226964223A3239322C2274794C
:103A30007065223A22626F6F6C222C22616363658B
:103A40007373223A2272227D2C7B226E616D652275
:103A50003A22636F6E666967222C22747970652240
:103A60003A226F626A656374222C226D656D62650D
:103A70007273223A5B7B226E616D65223A22677017
:103A8000696F5F6E756D222C226964223A32393378
:103A90002C2274797065223A2275696E743136224F
:103AA0002C22616363657373223A227277227D2C24
:103AB0007B226E616D65223A22656E61626C65647F
:103AC000222C226964223A3239342C2274797065AE
:103AD000223A22626F6F6C222C22616363657373DA
:103AE000223A227277227D2C7B226E616D65223A0A
:103AF000226F6666736574222C226964223A323919
:103B0000352C2274797065223A22666C6F617422BA
:103B10002C22616363657373223A227277227D2CB3
:103B20007B226E616D65223A2269735F61637469FD
:103B300076655F68696768222C226964223A3239A7
:103B4000362C2274797065223A22626F6F6C222CB7
:103B500022616363657373223A227277227D2C7B24
:103B6000226E616D65223A2270756C6C7570222C24
:103B7000226964223A3239372C2274797065223AEC
:103B800022626F6F6C222C22616363657373223A29
:103B9000227277227D2C7B226E616D65223A22642F
:103BA00065626F756E63655F6D73222C2269642296
:103BB0003A3239382C2274797065223A2275696E4E
:103BC000743332222C22616363657373223A22724A
:103BD00077227D5D7D5D7D2C7B226E616D65223A55
:103BE000227761746368646F675F66656564222C21
:103BF000226964223A3239392C2274797065223A6A
:103C00002266756E6374696F6E222C22696E707500
:103C10007473223A5B5D2C226F7574707574732215
:103C20003A5B5D7D2C7B226E616D65223A22636C6E
:103C30006561725F6572726F7273222C22696422F1
:103C40003A3330302C2274797065223A2266756ED0
:103C50006374696F6E222C22696E70757473223AD8
:103C60005B5D2C226F757470757473223A5B5D7D99
:103C70005D7D2C7B226E616D65223A2261786973CD
:103C800031222C2274797065223A226F626A656350
:103C900074222C226D656D62657273223A5B7B2201
:103CA0006E616D65223A226572726F72222C2269F2
:103CB00064223A3330312C2274797065223A2269B9
:103CC0006E743332222C22616363657373223A224D
:103CD0007277227D2C7B226E616D65223A2273748D
:103CE00065705F6469725F616374697665222C2216
:103CF0006964223A3330322C2274797065223A2278
:103D0000626F6F6C222C22616363657373223A22A7
:103D100072227D2C7B226E616D65223A2263757260
:103D200072656E745F7374617465222C22696422FB
:103D30003A3330332C2274797065223A22696E74DA
:103D40003332222C22616363657373223A2272221A
:103D50007D2C7B226E616D65223A227265717565DC
:103D6000737465645F7374617465222C22696422C4
:103D70003A3330342C2274797065223A22696E7499
:103D80003332222C22616363657373223A22727785
:103D9000227D2C7B226E616D65223A226C6F6F70E2
:103DA0005F636F756E746572222C226964223A33E8
:103DB00030352C2274797065223A2275696E74331D
:103DC00032222C22616363657373223A2272227D50
:103DD0002C7B226E616D65223A226C6F636B696E7B
:103DE0005F7374617465222C226964223A33303621
:103DF0002C2274797065223A22696E743332222C37
:103E000022616363657373223A2272227D2C7B22C6
:103E10006E616D65223A2269735F686F6D65642219
:103E20002C226964223A3330372C2274797065224F
:103E30003A22626F6F6C222C226163636573732276
:103E40003A227277227D2C7B226E616D65223A22A6
:103E5000636F6E666967222C2274797065223A223C
:103E60006F626A656374222C226D656D6265727380
:103E7000223A5B7B226E616D65223A227374617215
:103E80007475705F6D6F746F725F63616C6962727D
:103E90006174696F6E222C226964223A3330382CA7
:103EA0002274797065223A22626F6F6C222C226133
:103EB0006363657373223A227277227D2C7B226EB4
:103EC000616D65223A22737461727475705F656EFC
:103ED000636F6465725F696E6465785F7365617254
:103EE0006368222C226964223A3330392C22747997
:103EF0007065223A22626F6F6C222C2261636365C7
:103F00007373223A227277227D2C7B226E616D655B
:103F1000223A22737461727475705F656E636F64A8
:103F200065725F6F66667365745F63616C69627208
:103F30006174696F6E222C226964223A3331302C0D
:103F40002274797065223A22626F6F6C222C226192
:103F50006363657373223A227277227D2C7B226E13
:103F6000616D65223A22737461727475705F636C5F
:103F70006F7365645F6C6F6F705F636F6E74726F89
:103F80006C222C226964223A3331312C22747970EC
:103F900065223A22626F6F6C222C22616363657323
:103FA00073223A227277227D2C7B226E616D65220C
:103FB0003A22737461727475705F73656E736F7299
:103FC0006C6573735F636F6E74726F6C222C226901
:103FD00064223A3331322C2274797065223A22629B
:103FE0006F6F6C222C22616363657373223A2272B5
:103FF00077227D2C7B226E616D65223A227374617B
:10400000727475705F686F6D696E67222C226964C7
:10401000223A3331332C2274797065223A22626F4E
:104020006F6C222C22616363657373223A2272776C
:10403000227D2C7B226E616D65223A22656E616263
:104040006C655F737465705F646972222C226964A9
:10405000223A3331342C2274797065223A22626F0D
:104060006F6C222C22616363657373223A2272772C
:10407000227D2C7B226E616D65223A2273746570FD
:104080005F6469725F616C776179735F6F6E222C18
:10409000226964223A3331352C2274797065223AD0
:1040A00022626F6F6C222C22616363657373223A04
:1040B000227277227D2C7B226E616D65223A2274FA
:1040C00075726E735F7065725F73746570222C22F7
:1040D0006964223A3331362C2274797065223A228F
:1040E000666C6F6174222C22616363657373223A7C
:1040F000227277227D2C7B226E616D65223A2277B7
:1041000061746368646F675F74696D656F7574224D
:104110002C226964223A3331372C2274797065225B
:104120003A22666C6F6174222C226163636573733B
:10413000223A227277227D2C7B226E616D65223AB3
:1041400022656E61626C655F7761746368646F6736
:10415000222C226964223A3331382C22747970651A
:10416000223A22626F6F6C222C2261636365737343
:10417000223A227277227D2C7B226E616D65223A73
:1041800022737465705F6770696F5F70696E222C4F
:10419000226964223A3331392C2274797065223ACB
:1041A0002275696E743136222C22616363657373E4
:1041B000223A227277227D2C7B226E616D65223A33
:1041C000226469725F6770696F5F70696E222C226A
:1041D0006964223A3332302C2274797065223A2293
:1041E00075696E743136222C2261636365737322A4
:1041F0003A227277227D2C7B226E616D65223A22F3
:1042000063616C6962726174696F6E5F6C6F636B1E
:10421000696E222C2274797065223A226F626A6577
:104220006374222C226D656D62657273223A5B7B2A
:10423000226E616D65223A2263757272656E742218
:104240002C226964223A3332312C2274797065222F
:104250003A22666C6F6174222C226163636573730A
:10426000223A227277227D2C7B226E616D65223A82
:104270002272616D705F74696D65222C22696422FF
:104280003A3332322C2274797065223A22666C6F8E
:104290006174222C22616363657373223A22727700
:1042A000227D2C7B226E616D65223A2272616D70D7
:1042B0005F64697374616E6365222C226964223ABB
:1042C0003332332C2274797065223A22666C6F6126
:1042D00074222C22616363657373223A22727722FF
:1042E0007D2C7B226E616D65223A22616363656C71
:1042F000222C226964223A3332342C22747970657C
:10430000223A22666C6F6174222C226163636573AA
:1043100073223A227277227D2C7B226E616D652298
:104320003A2276656C222C226964223A3332352C8B
:104330002274797065223A22666C6F6174222C2295
:10434000616363657373223A227277227D5D7D2CEF
:104350007B226E616D65223A2273656E736F726C9B
:104360006573735F72616D70222C2274797065229F
:104370003A226F626A656374222C226D656D6265F4
:104380007273223A5B7B226E616D65223A226375FD
:104390007272656E74222C226964223A3332362C92
:1043A0002274797065223A22666C6F6174222C2225
:1043B000616363657373223A227277227D2C7B22BC
:1043C0006E616D65223A2272616D705F74696D6510
:1043D000222C226964223A3332372C227479706598
:1043E000223A22666C6F6174222C226163636573CA
:1043F00073223A227277227D2C7B226E616D6522B8
:104400003A2272616D705F64697374616E636522D4
:104410002C226964223A3332382C22747970652256
:104420003A22666C6F6174222C2261636365737338
:10443000223A227277227D2C7B226E616D65223AB0
:1044400022616363656C222C226964223A3332391B
:104450002C2274797065223A22666C6F6174222C6A
:1044600022616363657373223A227277227D2C7B0B
:10447000226E616D65223A2276656C222C22696477
:10448000223A3333302C2274797065223A22666CDA
:104490006F6174222C22616363657373223A227206
:1044A00077227D2C7B226E616D65223A2266696ED1
:1044B0006973685F64697374616E6365222C226935
:1044C00064223A3333312C2274797065223A2266A1
:1044D0006C6F6174222C22616363657373223A22CC
:1044E0007277227D2C7B226E616D65223A2266698D
:1044F0006E6973685F6F6E5F76656C222C226964EB
:10450000223A3333322C2274797065223A22626F58
:104510006F6C222C22616363657373223A22727777
:10452000227D2C7B226E616D65223A2266696E695E
:1045300073685F6F6E5F64697374616E6365222C6C
:10454000226964223A3333332C2274797065223A1B
:1045500022626F6F6C222C22616363657373223A4F
:10456000227277227D2C7B226E616D65223A226653
:10457000696E6973685F6F6E5F656E635F696478AB
:10458000222C226964223A3333342C2274797065E8
:10459000223A22626F6F6C222C226163636573730F
:1045A000223A227277227D5D7D2C7B226E616D65C1
:1045B000223A2267656E6572616C5F6C6F636B692E
:1045C0006E222C2274797065223A226F626A6563CA
:1045D00074222C226D656D62657273223A5B7B22B8
:1045E0006E616D65223A2263757272656E74222C5B
:1045F000226964223A3333352C2274797065223A69
:1046000022666C6F6174222C22616363657373226E
:104610003A227277227D2C7B226E616D65223A22CE
:1046200072616D705F74696D65222C226964223A33
:104630003333362C2274797065223A22666C6F61AE
:1046400074222C22616363657373223A227277228B
:104650007D2C7B226E616D65223A2272616D705FE6
:1046600064697374616E6365222C226964223A3333
:1046700033372C2274797065223A22666C6F61742C
:10468000222C22616363657373223A227277227D42
:104690002C7B226E616D65223A22616363656C2218
:1046A0002C226964223A3333382C227479706522C3
:1046B0003A22666C6F6174222C22616363657373A6
:1046C000223A227277227D2C7B226E616D65223A1E
:1046D0002276656C222C226964223A3333392C22EB
:1046E00074797065223A22666C6F6174222C2261A3
:1046F0006363657373223A227277227D2C7B226E6C
:10470000616D65223A2266696E6973685F646973D8
:1047100074616E6365222C226964223A3334302C32
:104720002274797065223A22666C6F6174222C22A1
:10473000616363657373223A227277227D2C7B2238
:104740006E616D65223A2266696E6973685F6F6E8D
:104750005F76656C222C226964223A3334312C2234
:1047600074797065223A22626F6F6C222C22616329
:1047700063657373223A227277227D2C7B226E61ED
:104780006D65223A2266696E6973685F6F6E5F6459
:10479000697374616E6365222C226964223A333432
:1047A000322C2274797065223A22626F6F6C222C4F
:1047B00022616363657373223A227277227D2C7BB8
:1047C000226E616D65223A2266696E6973685F6F59
:1047D0006E5F656E635F696478222C226964223A99
:1047E0003334332C2274797065223A22626F6F6CF5
:1047F000222C22616363657373223A227277227DD1
:104800005D7D2C7B226E616D65223A2263616E5F55
:104810006E6F64655F6964222C226964223A3334C6
:10482000342C2274797065223A2275696E743332A1
:10483000222C22616363657373223A227277227D90
:104840002C7B226E616D65223A2263616E5F6E6F12
:1048500064655F69645F657874656E646564222C65
:10486000226964223A3334352C2274797065223AF5
:1048700022626F6F6C222C22616363657373223A2C
:10488000227277227D2C7B226E616D65223A226333
:10489000616E5F6865617274626561745F72617494
:1048A000655F6D73222C226964223A3334362C22E0
:1048B00074797065223A2275696E743332222C2223
:1048C000616363657373223A227277227D2C7B22A7
:1048D0006E616D65223A2263616E5F656E636F641F
:1048E00065725F726174655F6D73222C2269642248
:1048F0003A3334372C2274797065223A2275696E06
:10490000743332222C22616363657373223A2272FC
:1049100077227D5D7D2C7B226E616D65223A226659
:1049200065745F746865726D6973746F72222C228E
:1049300074797065223A226F626A656374222C2250
:104940006D656D62657273223A5B7B226E616D6587
:10495000223A226572726F72222C226964223A33E3
:1049600034382C2274797065223A22696E7433329D
:10497000222C22616363657373223A227277227D4F
:104980002C7B226E616D65223A2274656D706572B2
:104990006174757265222C226964223A3334392C91
:1049A0002274797065223A22666C6F6174222C221F
:1049B000616363657373223A2272227D2C7B226EBF
:1049C000616D65223A22636F6E666967222C2274DC
:1049D000797065223A226F626A656374222C226DB7
:1049E000656D62657273223A5B7B226E616D652232
:1049F0003A2274656D705F6C696D69745F6C6F7776
:104A00006572222C226964223A3335302C22747963
:104A10007065223A22666C6F6174222C2261636396
:104A2000657373223A227277227D2C7B226E616D30
:104A300065223A2274656D705F6C696D69745F758B
:104A400070706572222C226964223A3335312C222F
:104A500074797065223A22666C6F6174222C22612F
:104A60006363657373223A227277227D2C7B226EF8
:104A7000616D65223A22656E61626C6564222C224A
:104A80006964223A3335322C2274797065223A22D5
:104A9000626F6F6C222C22616363657373223A220A
:104AA0007277227D5D7D5D7D2C7B226E616D65223E
:104AB0003A226D6F746F725F746865726D6973749A
:104AC0006F72222C2274797065223A226F626A65B5
:104AD0006374222C226D656D62657273223A5B7B72
:104AE000226E616D65223A226572726F72222C22EB
:104AF0006964223A3335332C2274797065223A2264
:104B0000696E743332222C22616363657373223AB7
:104B1000227277227D2C7B226E616D65223A22748F
:104B2000656D7065726174757265222C22696422EC
:104B30003A3335342C2274797065223A22666C6FD0
:104B40006174222C22616363657373223A2272229C
:104B50007D2C7B226E616D65223A22636F6E6669E1
:104B600067222C2274797065223A226F626A65632B
:104B700074222C226D656D62657273223A5B7B2212
:104B80006E616D65223A226770696F5F70696E228F
:104B90002C226964223A3335352C227479706522CF
:104BA0003A2275696E743136222C22616363657313
:104BB00073223A227277227D2C7B226E616D6522F0
:104BC0003A22706F6C795F636F65666669636965C9
:104BD0006E745F30222C226964223A3335362C22DF
:104BE00074797065223A22666C6F6174222C22619E
:104BF0006363657373223A227277227D2C7B226E67
:104C0000616D65223A22706F6C795F636F656666CD
:104C1000696369656E745F31222C226964223A33BC
:104C200035372C2274797065223A22666C6F617474
:104C3000222C22616363657373223A227277227D8C
:104C40002C7B226E616D65223A22706F6C795F63F6
:104C50006F656666696369656E745F32222C2269CE
:104C600064223A3335382C2274797065223A2266F0
:104C70006C6F6174222C22616363657373223A2224
:104C80007277227D2C7B226E616D65223A22706FD5
:104C90006C795F636F656666696369656E745F33BF
:104CA000222C226964223A3335392C2274797065BA
:104CB000223A22666C6F6174222C226163636573F1
:104CC00073223A227277227D2C7B226E616D6522DF
:104CD0003A2274656D705F6C696D69745F6C6F7793
:104CE0006572222C226964223A3336302C22747980
:104CF0007065223A22666C6F6174222C22616363B4
:104D0000657373223A227277227D2C7B226E616D4D
:104D100065223A2274656D705F6C696D69745F75A8
:104D200070706572222C226964223A3336312C224B
:104D300074797065223A22666C6F6174222C22614C
:104D40006363657373223A227277227D2C7B226E15
:104D5000616D65223A22656E61626C6564222C2267
:104D60006964223A3336322C2274797065223A22F1
:104D7000626F6F6C222C22616363657373223A2227
:104D80007277227D5D7D5D7D2C7B226E616D65225B
:104D90003A226D6F746F72222C2274797065223AF8
:104DA000226F626A656374222C226D656D62657282
:104DB00073223A5B7B226E616D65223A22657272C4
:104DC0006F72222C226964223A3336332C22747992
:104DD0007065223A22696E743332222C2261636339
:104DE000657373223A227277227D2C7B226E616D6D
:104DF00065223A2261726D65645F73746174652225
:104E00002C226964223A3336342C2274797065225C
:104E10003A22696E743332222C22616363657373A4
:104E2000223A2272227D2C7B226E616D65223A220B
:104E300069735F63616C69627261746564222C22BC
:104E40006964223A3336352C2274797065223A220D
:104E5000626F6F6C222C22616363657373223A2246
:104E600072227D2C7B226E616D65223A22637572FF
:104E700072656E745F6D6561735F706842222C228B
:104E80006964223A3336362C2274797065223A22CC
:104E9000666C6F6174222C22616363657373223ABE
:104EA0002272227D2C7B226E616D65223A2263750F
:104EB0007272656E745F6D6561735F706843222CFA
:104EC000226964223A3336372C2274797065223A8B
:104ED00022666C6F6174222C226163636573732296
:104EE0003A2272227D2C7B226E616D65223A224429
:104EF000435F63616C69625F706842222C2269645F
:104F0000223A3336382C2274797065223A22666C44
:104F10006F6174222C22616363657373223A22727B
:104F200077227D2C7B226E616D65223A2244435F9D
:104F300063616C69625F706843222C226964223A63
:104F40003336392C2274797065223A22666C6F618F
:104F500074222C22616363657373223A2272772272
:104F60007D2C7B226E616D65223A227068617365CB
:104F70005F63757272656E745F7265765F67616993
:104F80006E222C226964223A3337302C22747970D5
:104F900065223A22666C6F6174222C22616363651C
:104FA0007373223A227277227D2C7B226E616D65AB
:104FB000223A226566666563746976655F63757219
:104FC00072656E745F6C696D222C226964223A33BB
:104FD00037312C2274797065223A22666C6F6174C5
:104FE000222C22616363657373223A2272227D2C24
:104FF0007B226E616D65223A2263757272656E74F2
:105000005F636F6E74726F6C222C227479706522EC
:105010003A226F626A656374222C226D656D626547
:105020007273223A5B7B226E616D65223A22705F59
:105030006761696E222C226964223A3337322C224E
:1050400074797065223A22666C6F6174222C226139
:105050006363657373223A227277227D2C7B226E02
:10506000616D65223A22695F6761696E222C22694F
:1050700064223A3337332C2274797065223A2266DF
:105080006C6F6174222C22616363657373223A2210
:105090007277227D2C7B226E616D65223A22765FCB
:1050A00063757272656E745F636F6E74726F6C5F3E
:1050B000696E74656772616C5F64222C2269642278
:1050C0003A3337342C2274797065223A22666C6F39
:1050D0006174222C22616363657373223A227277B2
:1050E000227D2C7B226E616D65223A22765F63758C
:1050F0007272656E745F636F6E74726F6C5F696EEF
:1051000074656772616C5F71222C226964223A3384
:1051100037352C2274797065223A22666C6F61747F
:10512000222C22616363657373223A227277227D97
:105130002C7B226E616D65223A2249627573222CA6
:10514000226964223A3337362C2274797065223A08
:1051500022666C6F6174222C226163636573732213
:105160003A227277227D2C7B226E616D65223A2273
:1051700066696E616C5F765F616C706861222C227B
:105180006964223A3337372C2274797065223A22C7
:10519000666C6F6174222C22616363657373223ABB
:1051A000227277227D2C7B226E616D65223A226607
:1051B000696E616C5F765F62657461222C2269643E
:1051C000223A3337382C2274797065223A22666C81
:1051D0006F6174222C22616363657373223A2272B9
:1051E00077227D2C7B226E616D65223A2249645FB5
:1051F000736574706F696E74222C226964223A336D
:1052000037392C2274797065223A22666C6F61748A
:10521000222C22616363657373223A227277227DA6
:105220002C7B226E616D65223A2249715F73657431
:10523000706F696E74222C226964223A3338302CE4
:105240002274797065223A22666C6F6174222C2276
:10525000616363657373223A2272227D2C7B226E16
:10526000616D65223A2249715F6D65617375726582
:1052700064222C226964223A3338312C22747970EA
:1052800065223A22666C6F6174222C226163636529
:105290007373223A227277227D2C7B226E616D65B8
:1052A000223A2249645F6D65617375726564222CD0
:1052B000226964223A3338322C2274797065223A9A
:1052C00022666C6F6174222C2261636365737322A2
:1052D0003A227277227D2C7B226E616D65223A2202
:1052E000495F6D656173757265645F7265706F7239
:1052F000745F66696C7465725F6B222C226964222C
:105300003A3338332C2274797065223A22666C6FF6
:105310006174222C22616363657373223A2272776F
:10532000227D2C7B226E616D65223A226D61785F51
:10533000616C6C6F7765645F63757272656E742201
:105340002C226964223A3338342C22747970652215
:105350003A22666C6F6174222C22616363657373F9
:10536000223A2272227D2C7B226E616D65223A22C6
:105370006F76657263757272656E745F7472697050
:105380005F6C6576656C222C226964223A3338356D
:105390002C2274797065223A22666C6F6174222C1B
:1053A00022616363657373223A2272227D2C7B2211
:1053B0006E616D65223A226163696D5F726F746F11
:1053C000725F666C7578222C226964223A33383613
:1053D0002C2274797065223A22666C6F6174222CDB
:1053E00022616363657373223A227277227D2C7B7C
:1053F000226E616D65223A226173796E635F706817
:105400006173655F76656C222C226964223A3338B9
:10541000372C2274797065223A22666C6F6174228F
:105420002C22616363657373223A2272227D2C7B86
:10543000226E616D65223A226173796E635F7068D6
:105440006173655F6F6666736574222C22696422DE
:105450003A3338382C2274797065223A22666C6FA0
:105460006174222C22616363657373223A2272771E
:10547000227D5D7D2C7B226E616D65223A22676103
:1054800074655F647269766572222C227479706526
:10549000223A226F626A656374222C226D656D6206
:1054A000657273223A5B7B226E616D65223A2264DB
:1054B00072765F6661756C74222C226964223A33BD
:1054C00038392C2274797065223A22696E7433322D
:1054D000222C22616363657373223A2272227D5DFE
:1054E0007D2C7B226E616D65223A2274696D696E36
:1054F000675F6C6F67222C2274797065223A226F85
:10550000626A656374222C226D656D626572732216
:105510003A5B7B226E616D65223A2267656E657229
:10552000616C222C226964223A3339302C2274793E
:105530007065223A2275696E743136222C226163BD
:1055400063657373223A2272227D2C7B226E616D19
:1055500065223A226164635F63625F69222C22697B
:1055600064223A3339312C2274797065223A2275DB
:10557000696E743136222C22616363657373223A3B
:105580002272227D2C7B226E616D65223A2261643B
:10559000635F63625F6463222C226964223A333959
:1055A000322C2274797065223A2275696E74313614
:1055B000222C22616363657373223A2272227D2C4E
:1055C0007B226E616D65223A226D6561735F722286
:1055D0002C226964223A3339332C22747970652283
:1055E0003A2275696E743136222C226163636573C9
:1055F00073223A2272227D2C7B226E616D65223AE3
:10560000226D6561735F6C222C226964223A333902
:10561000342C2274797065223A2275696E743136A1
:10562000222C22616363657373223A2272227D2CDD
:105630007B226E616D65223A22656E635F63616CE9
:105640006962222C226964223A3339352C2274791A
:105650007065223A2275696E743136222C2261639C
:1056600063657373223A2272227D2C7B226E616DF8
:1056700065223A226964785F736561726368222CDF
:10568000226964223A3339362C2274797065223AC1
:105690002275696E743136222C22616363657373DF
:1056A000223A2272227D2C7B226E616D65223A2283
:1056B000666F635F766F6C74616765222C22696424
:1056C000223A3339372C2274797065223A2275696F
:1056D0006E743136222C22616363657373223A2221
:1056E00072227D2C7B226E616D65223A22666F6389
:1056F0005F63757272656E74222C226964223A337C
:1057000039382C2274797065223A2275696E7431A9
:1057100036222C22616363657373223A2272227DE2
:105720002C7B226E616D65223A227370695F7374FF
:10573000617274222C226964223A3339392C227422
:10574000797065223A2275696E743136222C226195
:105750006363657373223A2272227D2C7B226E6111
:105760006D65223A2273616D706C655F6E6F772292
:105770002C226964223A3430302C227479706522EC
:105780003A2275696E743136222C22616363657327
:1057900073223A2272227D2C7B226E616D65223A41
:1057A000227370695F656E64222C226964223A3428
:1057B00030312C2274797065223A2275696E743109
:1057C00036222C22616363657373223A2272227D32
:1057D0005D7D2C7B226E616D65223A22636F6E6661
:1057E0006967222C2274797065223A226F626A6599
:1057F0006374222C226D656D62657273223A5B7B45
:10580000226E616D65223A227072655F63616C6918
:10581000627261746564222C226964223A343032E7
:105820002C2274797065223A22626F6F6C222C22CE
:10583000616363657373223A227277227D2C7B2227
:105840006E616D65223A22706F6C655F706169727E
:1058500073222C226964223A3430332C22747970FA
:1058600065223A22696E743332222C2261636365A9
:105870007373223A227277227D2C7B226E616D65D2
:10588000223A2263616C6962726174696F6E5F6350
:10589000757272656E74222C226964223A34303437
:1058A0002C2274797065223A22666C6F6174222C06
:1058B00022616363657373223A227277227D2C7BA7
:1058C000226E616D65223A22726573697374616E2E
:1058D00063655F63616C69625F6D61785F766F6C51
:1058E00074616765222C226964223A3430352C2297
:1058F00074797065223A22666C6F6174222C226181
:105900006363657373223A227277227D2C7B226E49
:10591000616D65223A2270686173655F696E6475B6
:105920006374616E6365222C226964223A343036D6
:105930002C2274797065223A22666C6F6174222C75
:1059400022616363657373223A227277227D2C7B16
:10595000226E616D65223A2270686173655F7265BF
:1059600073697374616E6365222C226964223A3410
:1059700030372C2274797065223A22666C6F61741C
:10598000222C22616363657373223A227277227D2F
:105990002C7B226E616D65223A22746F727175657F
:1059A0005F636F6E7374616E74222C226964223A95
:1059B0003430382C2274797065223A22666C6F611B
:1059C00074222C22616363657373223A22727722F8
:1059D0007D2C7B226E616D65223A2264697265635B
:1059E00074696F6E222C226964223A3430392C2279
:1059F00074797065223A22696E743332222C2261E6
:105A00006363657373223A227277227D2C7B226E48
:105A1000616D65223A226D6F746F725F7479706583
:105A2000222C226964223A3431302C227479706538
:105A3000223A22696E743332222C226163636573C9
:105A400073223A227277227D2C7B226E616D652251
:105A50003A2263757272656E745F6C696D222C22D6
:105A60006964223A3431312C2274797065223A22E9
:105A7000666C6F6174222C22616363657373223AD2
:105A8000227277227D2C7B226E616D65223A226321
:105A9000757272656E745F6C696D5F6D6172676956
:105AA0006E222C226964223A3431322C22747970AD
:105AB00065223A22666C6F6174222C2261636365F1
:105AC0007373223A227277227D2C7B226E616D6580
:105AD000223A22746F727175655F6C696D222C2297
:105AE0006964223A3431332C2274797065223A2267
:105AF000666C6F6174222C22616363657373223A52
:105B0000227277227D2C7B226E616D65223A22699A
:105B10006E7665727465725F74656D705F6C696DC9
:105B200069745F6C6F776572222C226964223A3443
:105B300031342C2274797065223A22666C6F61745C
:105B4000222C22616363657373223A227277227D6D
:105B50002C7B226E616D65223A22696E76657274C5
:105B600065725F74656D705F6C696D69745F757087
:105B7000706572222C226964223A3431352C2274E9
:105B8000797065223A22666C6F6174222C226163FF
:105B900063657373223A227277227D2C7B226E61B9
:105BA0006D65223A227265717565737465645F6311
:105BB000757272656E745F72616E6765222C226900
:105BC00064223A3431362C2274797065223A226686
:105BD0006C6F6174222C22616363657373223A22B5
:105BE0007277227D2C7B226E616D65223A2263756D
:105BF0007272656E745F636F6E74726F6C5F6261F8
:105C00006E647769647468222C226964223A3431A4
:105C1000372C2274797065223A22666C6F61742287
:105C20002C22616363657373223A227277227D2C82
:105C30007B226E616D65223A226163696D5F736CD0
:105C400069705F76656C6F63697479222C22696470
:105C5000223A3431382C2274797065223A22666CEB
:105C60006F6174222C22616363657373223A22721E
:105C700077227D2C7B226E616D65223A22616369F9
:105C80006D5F6761696E5F6D696E5F666C757822C6
:105C90002C226964223A3431392C227479706522BD
:105CA0003A22666C6F6174222C22616363657373A0
:105CB000223A227277227D2C7B226E616D65223A18
:105CC000226163696D5F6175746F666C75785F6D75
:105CD000696E5F4964222C226964223A3432302C86
:105CE0002274797065223A22666C6F6174222C22CC
:105CF000616363657373223A227277227D2C7B2263
:105D00006E616D65223A226163696D5F6175746FC2
:105D1000666C75785F656E61626C65222C226964C1
:105D2000223A3432312C2274797065223A22626F21
:105D30006F6C222C22616363657373223A2272773F
:105D4000227D2C7B226E616D65223A226163696D32
:105D50005F6175746F666C75785F61747461636B95
:105D60005F6761696E222C226964223A3432322CD8
:105D70002274797065223A22666C6F6174222C223B
:105D8000616363657373223A227277227D2C7B22D2
:105D90006E616D65223A226163696D5F6175746F32
:105DA000666C75785F64656361795F6761696E22AF
:105DB0002C226964223A3432332C227479706522A1
:105DC0003A22666C6F6174222C226163636573737F
:105DD000223A227277227D5D7D5D7D2C7B226E6171
:105DE0006D65223A22636F6E74726F6C6C657222FD
:105DF0002C2274797065223A226F626A656374227C
:105E00002C226D656D62657273223A5B7B226E6136
:105E10006D65223A226572726F72222C22696422A9
:105E20003A3432342C2274797065223A22696E74C5
:105E30003332222C22616363657373223A227277B4
:105E4000227D2C7B226E616D65223A22696E70750F
:105E5000745F706F73222C226964223A3432352CBD
:105E60002274797065223A22666C6F6174222C224A
:105E7000616363657373223A227277227D2C7B22E1
:105E80006E616D65223A22696E7075745F76656C1D
:105E9000222C226964223A3432362C2274797065BD
:105EA000223A22666C6F6174222C226163636573EF
:105EB00073223A227277227D2C7B226E616D6522DD
:105EC0003A22696E7075745F746F72717565222CF9
:105ED000226964223A3432372C2274797065223A6E
:105EE00022666C6F6174222C226163636573732276
:105EF0003A227277227D2C7B226E616D65223A22D6
:105F0000706F735F736574706F696E74222C226991
:105F100064223A3432382C2274797065223A22662F
:105F20006C6F6174222C22616363657373223A2261
:105F300072227D2C7B226E616D65223A2276656C21
:105F40005F736574706F696E74222C226964223AE3
:105F50003432392C2274797065223A22666C6F6172
:105F600074222C22616363657373223A2272227D4C
:105F70002C7B226E616D65223A22746F7271756599
:105F80005F736574706F696E74222C226964223AA3
:105F90003433302C2274797065223A22666C6F613A
:105FA00074222C22616363657373223A2272227D0C
:105FB0002C7B226E616D65223A227472616A656380
:105FC000746F72795F646F6E65222C226964223A65
:105FD0003433312C2274797065223A22626F6F6CEF
:105FE000222C22616363657373223A2272227D2C14
:105FF0007B226E616D65223A2276656C5F696E74F4
:1060000065677261746F725F746F72717565222C4F
:10601000226964223A3433322C2274797065223A30
:1060200022666C6F6174222C226163636573732234
:106030003A227277227D2C7B226E616D65223A2294
:10604000616E7469636F6767696E675F76616C69BB
:1060500064222C226964223A3433332C22747970FE
:1060600065223A22626F6F6C222C22616363657332
:1060700073223A227277227D2C7B226E616D65221B
:106080003A22636F6E666967222C227479706522EA
:106090003A226F626A656374222C226D656D6265B7
:1060A0007273223A5B7B226E616D65223A226761D0
:1060B000696E5F7363686564756C696E675F776945
:1060C000647468222C226964223A3433342C22749A
:1060D000797065223A22666C6F6174222C226163AA
:1060E00063657373223A227277227D2C7B226E6164
:1060F0006D65223A22656E61626C655F76656C5FE4
:106100006C696D6974222C226964223A3433352C0F
:106110002274797065223A22626F6F6C222C2261A0
:106120006363657373223A227277227D2C7B226E21
:10613000616D65223A22656E61626C655F6375729E
:1061400072656E745F6D6F64655F76656C5F6C69B8
:106150006D6974222C226964223A3433362C2274FD
:10616000797065223A22626F6F6C222C2261636320
:10617000657373223A227277227D2C7B226E616DC9
:1061800065223A22656E61626C655F6761696E5F68
:106190007363686564756C696E67222C226964227A
:1061A0003A3433372C2274797065223A22626F6F49
:1061B0006C222C22616363657373223A2272772208
:1061C0007D2C7B226E616D65223A22656E61626C68
:1061D000655F6F76657273706565645F6572726F17
:1061E00072222C226964223A3433382C227479705A
:1061F00065223A22626F6F6C222C226163636573A1
:1062000073223A227277227D2C7B226E616D652289
:106210003A22636F6E74726F6C5F6D6F6465222CCF
:10622000226964223A3433392C2274797065223A17
:1062300022696E743332222C226163636573732288
:106240003A227277227D2C7B226E616D65223A2282
:10625000696E7075745F6D6F6465222C22696422AB
:106260003A3434302C2274797065223A22696E7483
:106270003332222C22616363657373223A22727770
:10628000227D2C7B226E616D65223A22706F735FD6
:106290006761696E222C226964223A3434312C22DF
:1062A00074797065223A22666C6F6174222C2261C7
:1062B0006363657373223A227277227D2C7B226E90
:1062C000616D65223A2276656C5F6761696E222C8A
:1062D000226964223A3434322C2274797065223A6D
:1062E00022666C6F6174222C226163636573732272
:1062F0003A227277227D2C7B226E616D65223A22D2
:1063000076656C5F696E7465677261746F725F67E2
:1063100061696E222C226964223A3434332C22744F
:10632000797065223A22666C6F6174222C22616357
:1063300063657373223A227277227D2C7B226E6111
:106340006D65223A2276656C5F6C696D6974222CEA
:10635000226964223A3434342C2274797065223AEA
:1063600022666C6F6174222C2261636365737322F1
:106370003A227277227D2C7B226E616D65223A2251
:1063800076656C5F6C696D69745F746F6C65726162
:106390006E6365222C226964223A3434352C2274CF
:1063A000797065223A22666C6F6174222C226163D7
:1063B00063657373223A227277227D2C7B226E6191
:1063C0006D65223A2276656C5F72616D705F7261F5
:1063D0007465222C226964223A3434362C22747972
:1063E0007065223A22666C6F6174222C22616363AD
:1063F000657373223A227277227D2C7B226E616D47
:1064000065223A22746F727175655F72616D705F9B
:1064100072617465222C226964223A3434372C224A
:1064200074797065223A22666C6F6174222C226145
:106430006363657373223A227277227D2C7B226E0E
:10644000616D65223A2263697263756C61725F7374
:106450006574706F696E7473222C226964223A34F9
:1064600034382C2274797065223A22626F6F6C2264
:106470002C22616363657373223A227277227D2C2A
:106480007B226E616D65223A2263697263756C616D
:10649000725F736574706F696E745F72616E676549
:1064A000222C226964223A3434392C2274797065A2
:1064B000223A22666C6F6174222C226163636573D9
:1064C00073223A227277227D2C7B226E616D6522C7
:1064D0003A22686F6D696E675F7370656564222C20
:1064E000226964223A3435302C2274797065223A5C
:1064F00022666C6F6174222C226163636573732260
:106500003A227277227D2C7B226E616D65223A22BF
:10651000696E6572746961222C226964223A34358D
:10652000312C2274797065223A22666C6F61742274
:106530002C22616363657373223A227277227D2C69
:106540007B226E616D65223A22617869735F746F98
:106550005F6D6972726F72222C226964223A34353F
:10656000322C2274797065223A2275696E74382251
:106570002C22616363657373223A227277227D2C29
:106580007B226E616D65223A226D6972726F725F55
:10659000726174696F222C226964223A3435332C7B
:1065A0002274797065223A22666C6F6174222C2203
:1065B000616363657373223A227277227D2C7B229A
:1065C0006E616D65223A226C6F61645F656E636F08
:1065D0006465725F61786973222C226964223A349F
:1065E00035342C2274797065223A2275696E7438BC
:1065F000222C22616363657373223A227277227DB3
:106600002C7B226E616D65223A22696E7075745F13
:1066100066696C7465725F62616E647769647468E0
:10662000222C226964223A3435352C227479706523
:10663000223A22666C6F6174222C22616363657357
:1066400073223A227277227D2C7B226E616D652245
:106650003A22616E7469636F6767696E67222C22E4
:1066600074797065223A226F626A656374222C2203
:106670006D656D62657273223A5B7B226E616D653A
:10668000223A22696E646578222C226964223A34A7
:1066900035362C2274797065223A2275696E74330E
:1066A00032222C22616363657373223A2272227D47
:1066B0002C7B226E616D65223A227072655F636188
:1066C0006C69627261746564222C226964223A34B6
:1066D00035372C2274797065223A22626F6F6C22F2
:1066E0002C22616363657373223A227277227D2CB8
:1066F0007B226E616D65223A2263616C69625F6123
:106700006E7469636F6767696E67222C2269642201
:106710003A3435382C2274797065223A22626F6FD0
:106720006C222C22616363657373223A2272227D8C
:106730002C7B226E616D65223A2263616C69625F17
:10674000706F735F7468726573686F6C64222C225B
:106750006964223A3435392C2274797065223A22E0
:10676000666C6F6174222C22616363657373223AD5
:10677000227277227D2C7B226E616D65223A226324
:10678000616C69625F76656C5F7468726573686F6F
:106790006C64222C226964223A3436302C227479BB
:1067A0007065223A22666C6F6174222C22616363E9
:1067B000657373223A227277227D2C7B226E616D83
:1067C00065223A22636F6767696E675F72617469F9
:1067D0006F222C226964223A3436312C227479706B
:1067E00065223A22666C6F6174222C2261636365B4
:1067F0007373223A2272227D2C7B226E616D652298
:106800003A22616E7469636F6767696E675F656E70
:1068100061626C6564222C226964223A3436322C1F
:106820002274797065223A22626F6F6C222C226189
:106830006363657373223A227277227D5D7D5D7D8D
:106840002C7B226E616D65223A226D6F76655F69E1
:106850006E6372656D656E74616C222C22696422B0
:106860003A3436332C2274797065223A2266756E7A
:106870006374696F6E222C22696E70757473223A8C
:106880005B7B226E616D65223A22646973706C6174
:1068900063656D656E74222C226964223A34363445
:1068A0002C2274797065223A22666C6F6174222CF6
:1068B00022616363657373223A227277227D2C7B97
:1068C000226E616D65223A2266726F6D5F696E702D
:1068D00075745F706F73222C226964223A343635E6
:1068E0002C2274797065223A22626F6F6C222C22FE
:1068F000616363657373223A227277227D5D2C2275
:106900006F757470757473223A5B5D7D2C7B226E9B
:10691000616D65223A2273746172745F616E74698D
:10692000636F6767696E675F63616C6962726174E8
:10693000696F6E222C226964223A3436362C227416
:10694000797065223A2266756E6374696F6E222CC7
:1069500022696E70757473223A5B5D2C226F7574B8
:1069600070757473223A5B5D7D5D7D2C7B226E6158
:106970006D65223A22656E636F646572222C227403
:10698000797065223A226F626A656374222C226DE7
:10699000656D62657273223A5B7B226E616D652262
:1069A0003A226572726F72222C226964223A34365E
:1069B000372C2274797065223A22696E7433322240
:1069C0002C22616363657373223A227277227D2CD5
:1069D0007B226E616D65223A2269735F7265616424
:1069E00079222C226964223A3436382C2274797048
:1069F00065223A22626F6F6C222C22616363657399
:106A000073223A2272227D2C7B226E616D65223ABE
:106A100022696E6465785F666F756E64222C2269E8
:106A200064223A3436392C2274797065223A226213
:106A30006F6F6C222C22616363657373223A22723A
:106A4000227D2C7B226E616D65223A22736861641F
:106A50006F775F636F756E74222C226964223A34FB
:106A600037302C2274797065223A22696E74333281
:106A7000222C22616363657373223A2272227D2C79
:106A80007B226E616D65223A22636F756E745F6959
:106A90006E5F637072222C226964223A3437312C83
:106AA0002274797065223A22696E743332222C2264
:106AB000616363657373223A2272227D2C7B226E9E
:106AC000616D65223A22696E746572706F6C6174D3
:106AD000696F6E222C226964223A3437322C227478
:106AE000797065223A22666C6F6174222C22616390
:106AF00063657373223A2272227D2C7B226E616D54
:106B000065223A227068617365222C226964223AF8
:106B10003437332C2274797065223A22666C6F61A7
:106B200074222C22616363657373223A2272227D80
:106B30002C7B226E616D65223A22706F735F6573E4
:106B400074696D617465222C226964223A34373489
:106B50002C2274797065223A22666C6F6174222C43
:106B600022616363657373223A2272227D2C7B2239
:106B70006E616D65223A22706F735F657374696D23
:106B80006174655F636F756E7473222C2269642271
:106B90003A3437352C2274797065223A22666C6F4C
:106BA0006174222C22616363657373223A2272221C
:106BB0007D2C7B226E616D65223A22706F735F635C
:106BC0007072222C226964223A3437362C2274796E
:106BD0007065223A22666C6F6174222C22616363B5
:106BE000657373223A2272227D2C7B226E616D6561
:106BF000223A22706F735F6370725F636F756E7499
:106C000073222C226964223A3437372C227479702B
:106C100065223A22666C6F6174222C22616363657F
:106C20007373223A2272227D2C7B226E616D652263
:106C30003A22706F735F63697263756C6172222CA4
:106C4000226964223A3437382C2274797065223AEA
:106C500022666C6F6174222C2261636365737322F8
:106C60003A2272227D2C7B226E616D65223A226867
:106C7000616C6C5F7374617465222C226964223AC2
:106C80003437392C2274797065223A2275696E7412
:106C900038222C22616363657373223A2272227D4B
:106CA0002C7B226E616D65223A2276656C5F65737E
:106CB00074696D617465222C226964223A3438301B
:106CC0002C2274797065223A22666C6F6174222CD2
:106CD00022616363657373223A2272227D2C7B22C8
:106CE0006E616D65223A2276656C5F657374696DBD
:106CF0006174655F636F756E7473222C2269642200
:106D00003A3438312C2274797065223A22666C6FDD
:106D10006174222C22616363657373223A227222AA
:106D20007D2C7B226E616D65223A2263616C696203
:106D30005F7363616E5F726573706F6E7365222C33
:106D4000226964223A3438322C2274797065223AEE
:106D500022666C6F6174222C2261636365737322F7
:106D60003A2272227D2C7B226E616D65223A22705E
:106D70006F735F616273222C226964223A34383364
:106D80002C2274797065223A22696E743332222C77
:106D900022616363657373223A227277227D2C7BB2
:106DA000226E616D65223A227370695F6572726F3F
:106DB000725F72617465222C226964223A3438341D
:106DC0002C2274797065223A22666C6F6174222CD1
:106DD00022616363657373223A2272227D2C7B22C7
:106DE0006E616D65223A22636F6E666967222C229E
:106DF00074797065223A226F626A656374222C226C
:106E00006D656D62657273223A5B7B226E616D65A2
:106E1000223A226D6F6465222C226964223A34384A
:106E2000352C2274797065223A22696E74333222CD
:106E30002C22616363657373223A227277227D2C60
:106E40007B226E616D65223A227573655F696E649F
:106E50006578222C226964223A3438362C227479DF
:106E60007065223A22626F6F6C222C226163636527
:106E70007373223A227277227D2C7B226E616D65BC
:106E8000223A2266696E645F6964785F6F6E5F6C38
:106E90006F636B696E5F6F6E6C79222C226964225E
:106EA0003A3438372C2274797065223A22626F6F37
:106EB0006C222C22616363657373223A22727722FB
:106EC0007D2C7B226E616D65223A226162735F7355
:106ED00070695F63735F6770696F5F70696E222CA2
:106EE000226964223A3438382C2274797065223A47
:106EF0002275696E743136222C2261636365737367
:106F0000223A227277227D2C7B226E616D65223AB5
:106F1000227A65726F5F636F756E745F6F6E5F6606
:106F2000696E645F696478222C226964223A34387D
:106F3000392C2274797065223A22626F6F6C222C90
:106F400022616363657373223A227277227D2C7B00
:106F5000226E616D65223A22637072222C2269646E
:106F6000223A3439302C2274797065223A22696EC3
:106F7000743332222C22616363657373223A227266
:106F800077227D2C7B226E616D65223A226F6666C8
:106F9000736574222C226964223A3439312C2274AC
:106FA000797065223A22696E743332222C22616331
:106FB00063657373223A227277227D2C7B226E6185
:106FC0006D65223A227072655F63616C69627261FD
:106FD000746564222C226964223A3439322C22747A
:106FE000797065223A22626F6F6C222C2261636392
:106FF000657373223A227277227D2C7B226E616D3B
:1070000065223A226F66667365745F666C6F6174A1
:10701000222C226964223A3439332C227479706527
:10702000223A22666C6F6174222C2261636365735D
:1070300073223A227277227D2C7B226E616D65224B
:107040003A22656E61626C655F70686173655F6945
:107050006E746572706F6C6174696F6E222C226938
:1070600064223A3439342C2274797065223A2262CF
:107070006F6F6C222C22616363657373223A2272F4
:1070800077227D2C7B226E616D65223A2262616ED1
:10709000647769647468222C226964223A34393531
:1070A0002C2274797065223A22666C6F6174222CEE
:1070B00022616363657373223A227277227D2C7B8F
:1070C000226E616D65223A2263616C69625F726152
:1070D0006E6765222C226964223A3439362C227478
:1070E000797065223A22666C6F6174222C2261638A
:1070F00063657373223A227277227D2C7B226E6144
:107100006D65223A2263616C69625F7363616E5FD1
:1071100064697374616E6365222C226964223A3457
:1071200039372C2274797065223A22666C6F61744B
:10713000222C22616363657373223A227277227D67
:107140002C7B226E616D65223A2263616C69625FFD
:107150007363616E5F6F6D656761222C22696422C3
:107160003A3439382C2274797065223A22666C6F71
:107170006174222C22616363657373223A227277F1
:10718000227D2C7B226E616D65223A226964785FD4
:107190007365617263685F756E6964697265637453
:1071A000696F6E616C222C226964223A3439392C61
:1071B0002274797065223A22626F6F6C222C2261F0
:1071C0006363657373223A227277227D2C7B226E71
:1071D000616D65223A2269676E6F72655F696C6CDA
:1071E0006567616C5F68616C6C5F73746174652264
:1071F0002C226964223A3530302C22747970652251
:107200003A22626F6F6C222C226163636573732272
:107210003A227277227D2C7B226E616D65223A22A2
:1072200073696E636F735F6770696F5F70696E5FBC
:1072300073696E222C226964223A3530312C227413
:10724000797065223A2275696E743136222C22617A
:107250006363657373223A227277227D2C7B226EE0
:10726000616D65223A2273696E636F735F6770693F
:107270006F5F70696E5F636F73222C226964223ABC
:107280003530322C2274797065223A2275696E7419
:107290003136222C22616363657373223A2272773E
:1072A000227D5D7D2C7B226E616D65223A227365A5
:1072B000745F6C696E6561725F636F756E74222CAA
:1072C000226964223A3530332C2274797065223A6F
:1072D0002266756E6374696F6E222C22696E7075FA
:1072E0007473223A5B7B226E616D65223A22636F72
:1072F000756E74222C226964223A3530342C227443
:10730000797065223A22696E743332222C226163CD
:1073100063657373223A227277227D5D2C226F752A
:107320007470757473223A5B5D7D5D7D2C7B226E7B
:10733000616D65223A2273656E736F726C6573734B
:107340005F657374696D61746F72222C2274797039
:1073500065223A226F626A656374222C226D656D24
:1073600062657273223A5B7B226E616D65223A22FE
:107370006572726F72222C226964223A3530352C84
:107380002274797065223A22696E743332222C227B
:10739000616363657373223A227277227D2C7B22AC
:1073A0006E616D65223A227068617365222C2269D4
:1073B00064223A3530362C2274797065223A22667E
:1073C0006C6F6174222C22616363657373223A22AD
:1073D0007277227D2C7B226E616D65223A22706C61
:1073E0006C5F706F73222C226964223A3530372C1F
:1073F0002274797065223A22666C6F6174222C22A5
:10740000616363657373223A227277227D2C7B223B
:107410006E616D65223A2276656C5F657374696D85
:10742000617465222C226964223A3530382C22742A
:10743000797065223A22666C6F6174222C22616336
:1074400063657373223A227277227D2C7B226E61F0
:107450006D65223A22636F6E666967222C22747909
:107460007065223A226F626A656374222C226D6510
:107470006D62657273223A5B7B226E616D65223AA2
:10748000226F627365727665725F6761696E222C26
:10749000226964223A3530392C2274797065223A97
:1074A00022666C6F6174222C2261636365737322A0
:1074B0003A227277227D2C7B226E616D65223A2200
:1074C000706C6C5F62616E647769647468222C22F0
:1074D0006964223A3531302C2274797065223A225F
:1074E000666C6F6174222C22616363657373223A48
:1074F000227277227D2C7B226E616D65223A22708A
:107500006D5F666C75785F6C696E6B616765222C68
:10751000226964223A3531312C2274797065223A1D
:1075200022666C6F6174222C22616363657373221F
:107530003A227277227D5D7D5D7D2C7B226E616DAE
:1075400065223A22747261705F7472616A222C2221
:1075500074797065223A226F626A656374222C2204
:107560006D656D62657273223A5B7B226E616D653B
:10757000223A22636F6E666967222C2274797065E5
:10758000223A226F626A656374222C226D656D62F5
:10759000657273223A5B7B226E616D65223A2276B8
:1075A000656C5F6C696D6974222C226964223A35BE
:1075B00031322C2274797065223A22666C6F6174C4
:1075C000222C22616363657373223A227277227DD3
:1075D0002C7B226E616D65223A22616363656C5F6C
:1075E0006C696D6974222C226964223A3531332C1E
:1075F0002274797065223A22666C6F6174222C22A3
:10760000616363657373223A227277227D2C7B2239
:107610006E616D65223A22646563656C5F6C696DAD
:107620006974222C226964223A3531342C2274790F
:107630007065223A22666C6F6174222C226163634A
:10764000657373223A227277227D5D7D5D7D2C7B8E
:10765000226E616D65223A226D696E5F656E64739C
:10766000746F70222C2274797065223A226F626ADC
:10767000656374222C226D656D62657273223A5BBC
:107680007B226E616D65223A22656E6473746F7041
:107690005F7374617465222C226964223A35313536
:1076A0002C2274797065223A22626F6F6C222C2230
:1076B000616363657373223A2272227D2C7B226E92
:1076C000616D65223A22636F6E666967222C2274AF
:1076D000797065223A226F626A656374222C226D8A
:1076E000656D62657273223A5B7B226E616D652205
:1076F0003A226770696F5F6E756D222C2269642271
:107700003A3531362C2274797065223A2275696EC9
:10771000743136222C22616363657373223A2272BC
:1077200077227D2C7B226E616D65223A22656E6127
:10773000626C6564222C226964223A3531372C222E
:1077400074797065223A22626F6F6C222C22616319
:1077500063657373223A227277227D2C7B226E61DD
:107760006D65223A226F6666736574222C22696405
:10777000223A3531382C2274797065223A22666CAF
:107780006F6174222C22616363657373223A2272E3
:1077900077227D2C7B226E616D65223A2269735FB0
:1077A0006163746976655F68696768222C22696421
:1077B000223A3531392C2274797065223A22626F6F
:1077C0006F6C222C22616363657373223A22727795
:1077D000227D2C7B226E616D65223A2270756C6C65
:1077E0007570222C226964223A3532302C22747949
:1077F0007065223A22626F6F6C222C22616363658E
:107800007373223A227277227D2C7B226E616D6522
:10781000223A226465626F756E63655F6D73222C18
:10782000226964223A3532312C2274797065223A09
:107830002275696E743332222C226163636573731F
:10784000223A227277227D5D7D5D7D2C7B226E61E6
:107850006D65223A226D61785F656E6473746F7036
:10786000222C2274797065223A226F626A656374F1
:10787000222C226D656D62657273223A5B7B226EEB
:10788000616D65223A22656E6473746F705F737404
:10789000617465222C226964223A3532322C2274BA
:1078A000797065223A22626F6F6C222C22616363C9
:1078B000657373223A2272227D2C7B226E616D6584
:1078C000223A22636F6E666967222C227479706592
:1078D000223A226F626A656374222C226D656D62A2
:1078E000657273223A5B7B226E616D65223A226774
:1078F00070696F5F6E756D222C226964223A353291
:10790000332C2274797065223A2275696E7431368F
:10791000222C22616363657373223A227277227D7F
:107920002C7B226E616D65223A22656E61626C6508
:1079300064222C226964223A3532342C2274797004
:1079400065223A22626F6F6C222C22616363657339
:1079500073223A227277227D2C7B226E616D652222
:107960003A226F6666736574222C226964223A3566
:1079700032352C2274797065223A22666C6F6174FC
:10798000222C22616363657373223A227277227D0F
:107990002C7B226E616D65223A2269735F6163748C
:1079A0006976655F68696768222C226964223A35C6
:1079B00032362C2274797065223A22626F6F6C2203
:1079C0002C22616363657373223A227277227D2CC5
:1079D0007B226E616D65223A2270756C6C75702227
:1079E0002C226964223A3532372C22747970652250
:1079F0003A22626F6F6C222C22616363657373227B
:107A00003A227277227D2C7B226E616D65223A22AA
:107A10006465626F756E63655F6D73222C226964A5
:107A2000223A3532382C2274797065223A227569EF
:107A30006E743332222C22616363657373223A229F
:107A40007277227D5D7D5D7D2C7B226E616D65226E
:107A50003A227761746368646F675F666565642264
:107A60002C226964223A3532392C227479706522CD
:107A70003A2266756E6374696F6E222C22696E708D
:107A8000757473223A5B5D2C226F75747075747314
:107A9000223A5B5D7D2C7B226E616D65223A22630A
:107AA0006C6561725F6572726F7273222C226964F9
:107AB000223A3533302C2274797065223A22667569
:107AC0006E6374696F6E222C22696E7075747322F6
:107AD0003A5B5D2C226F757470757473223A5B5D2E
:107AE0007D5D7D2C7B226E616D65223A2263616E25
:107AF000222C2274797065223A226F626A6563745F
:107B0000222C226D656D62657273223A5B7B226E58
:107B1000616D65223A226572726F72222C2269644D
:107B2000223A3533312C2274797065223A22696EFB
:107B3000743332222C22616363657373223A22729A
:107B400077227D2C7B226E616D65223A22636F6EF7
:107B5000666967222C2274797065223A226F626A04
:107B6000656374222C226D656D62657273223A5BC7
:107B70007B226E616D65223A22626175645F72617B
:107B80007465222C226964223A3533322C227479AE
:107B90007065223A2275696E743332222C22616339
:107BA00063657373223A227277227D2C7B226E6189
:107BB0006D65223A2270726F746F636F6C222C2293
:107BC0006964223A3533332C2274797065223A2263
:107BD000696E743332222C22616363657373223AB7
:107BE000227277227D5D7D2C7B226E616D65223A4B
:107BF000227365745F626175645F72617465222CC3
:107C0000226964223A3533342C2274797065223A21
:107C10002266756E6374696F6E222C22696E7075B0
:107C20007473223A5B7B226E616D65223A22626137
:107C3000756452617465222C226964223A353335A9
:107C40002C2274797065223A2275696E743332225F
:107C50002C22616363657373223A227277227D5D01
:107C60002C226F757470757473223A5B5D7D5D7D37
:107C70002C7B226E616D65223A22746573745F708D
:107C8000726F7065727479222C226964223A3533DE
:107C9000362C2274797065223A2275696E743332FB
:107CA000222C22616363657373223A227277227DEC
:107CB0002C7B226E616D65223A22746573745F6657
:107CC000756E6374696F6E222C226964223A3533B3
:107CD000372C2274797065223A2266756E63746956
:107CE0006F6E222C22696E70757473223A5B7B2250
:107CF0006E616D65223A2264656C7461222C226982
:107D000064223A3533382C2274797065223A22691C
:107D10006E743332222C22616363657373223A22BC
:107D20007277227D5D2C226F757470757473223AA0
:107D30005B7B226E616D65223A22636E74222C2277
:107D40006964223A3533392C2274797065223A22DB
:107D5000696E743332222C22616363657373223A35
:107D60002272227D5D7D2C7B226E616D65223A221E
:107D70006765745F6F7363696C6C6F73636F706555
:107D80005F76616C222C226964223A3534302C22D1
:107D900074797065223A2266756E6374696F6E221B
:107DA0002C22696E70757473223A5B7B226E616D52
:107DB00065223A22696E646578222C226964223A2F
:107DC0003534312C2274797065223A2275696E74CB
:107DD0003332222C22616363657373223A227277F5
:107DE000227D5D2C226F757470757473223A5B7BF3
:107DF000226E616D65223A2276616C222C226964C2
:107E0000223A3534322C2274797065223A22666C1B
:107E10006F6174222C22616363657373223A22724C
:107E2000227D5D7D2C7B226E616D65223A22676525
:107E3000745F6164635F766F6C74616765222C2286
:107E40006964223A3534332C2274797065223A22DF
:107E500066756E6374696F6E222C22696E7075741C
:107E600073223A5B7B226E616D65223A22677069EC
:107E70006F222C226964223A3534342C22747970B2
:107E800065223A2275696E743332222C2261636353
:107E9000657373223A227277227D5D2C226F75748E
:107EA00070757473223A5B7B226E616D65223A2293
:107EB000766F6C74616765222C226964223A3534CE
:107EC000352C2274797065223A22666C6F617422B7
:107ED0002C22616363657373223A2272227D5D7D79
:107EE0002C7B226E616D65223A22736176655F6339
:107EF0006F6E66696775726174696F6E222C226994
:107F000064223A3534362C2274797065223A22661E
:107F1000756E6374696F6E222C22696E707574734E
:107F2000223A5B5D2C226F757470757473223A5B14
:107F30005D7D2C7B226E616D65223A2265726173D4
:107F4000655F636F6E66696775726174696F6E22D3
:107F50002C226964223A3534372C227479706522D8
:107F60003A2266756E6374696F6E222C22696E7098
:107F7000757473223A5B5D2C226F7574707574731F
:107F8000223A5B5D7D2C7B226E616D65223A227206
:107F900065626F6F74222C226964223A3534382C62
:107FA0002274797065223A2266756E6374696F6E09
:107FB000222C22696E70757473223A5B5D2C226FDD
:107FC000757470757473223A5B5D7D2C7B226E61D3
:107FD0006D65223A22656E7465725F6466755F6DC9
:107FE0006F6465222C226964223A3534392C22745C
:107FF000797065223A2266756E6374696F6E222C01
:1080000022696E70757473223A5B5D2C226F7574F1
:1080100070757473223A5B5D7D5D00000010000096
:1080200034C502086C8F002040C50208188E00205D
:108030004CC502082C8E002054C5020894D00020A4
:108040005CC502081C8F00205CC80208808F0020DD
:10805000F0CD0208948F002068C50208808F0020B0
:1080600078C50208808F002080C502086C8F002030
:108070008CC5020870D2002054C50208B8D0002078
:10808000A4C80208948F00209CC50208948F002089
:10809000A8C50208948F002054C50208D0D0002043
:1080A000B4C50208948F0020C4C50208948F002034
:1080B000D4C50208948F00204CC50208408E0020D1
:1080C000E4C50208948F0020ECC50208948F0020BC
:1080D000F4C50208948F002054C50208E8D000209F
:1080E000E8C80208548E002004C60208808F0020D1
:1080F00010C60208808F002028C602081C8F0020AE
:108100003CC60208808F002094C70208E08E002041
:10811000F0CD0208E08E002054C60208808F0020B7
:1081200064C60208948F002074C60208808F002065
:10813000C8C50208948F002090C60208948F0020C2
:108140009CC60208948F0020B0C60208948F0020BD
:10815000C4C60208808F0020E0C60208808F00207D
:10816000FCC602081C8F002010C702081C8F0020CC
:108170004CC50208688E002024C7020870D2002077
:1081800030C7020870D200203CC7020810D100207E
:108190004CC7020810D100205CC70208A0D2002002
:1081A000E4C50208A0D200206CC70208A0D20020BB
:1081B0007CC70208A0D2002090C70208A0D20020ED
:1081C00098C70208A0D20020A8C70208A0D20020A9
:1081D000B8C7020880D20020F4C50208A0D200204F
:1081E000C4C70208A0D20020D8C70208A0D200202D
:1081F000ECC70208E08E0020F4C70208A0D20020DD
:1082000054C5020800D1002008C6020860D2002030
:1082100054C60208808F002004C8020870D20020D3
:1082200018C80208948F00202CC80208948F0020E0
:1082300040C80208A0D2002050C80208808F002049
:1082400064C80208948F00207CC80208808F002038
:1082500090C80208808F0020B0C80208808F0020DC
:10826000C8C80208808F0020E0C80208A48E002041
:10827000F0C80208908E0020FCC80208948F0020ED
:1082800008C90208948F002014C90208948F0020A6
:10829000A4C80208948F002028C90208948F0020E7
:1082A0003CC90208948F00204CC90208948F00201A
:1082B00060C90208808F002074C90208948F0020D2
:1082C0008CC90208948F00209CC90208948F00205A
:1082D000A4C902087C8E0020B4C90208948F002033
:1082E000C4C902087C8E0020D8C90208948F0020DF
:1082F000F0C9020834D100204CC50208B88E002015
:10830000FCC90208948F002008CA0208948F00203C
:1083100014CA0208948F002024CA0208A0D20020A8
:1083200034CA0208A0D2002044CA0208A0D2002009
:1083300054CA020870D2002064CA0208948F002038
:108340007CCA0208808F002054C5020828D1002072
:1083500054C60208808F002090CA0208E08E0020D8
:108360009CCA0208948F0020B0CA0208948F002093
:10837000D0CA0208948F0020E4CA0208948F00201B
:10838000F8CA0208948F002008CB0208E08E002073
:1083900014CB0208CC8E002020CB0208948F002042
:1083A0002CCB0208948F002040CB0208948F002031
:1083B0004CCB0208948F002068CB0208948F0020D9
:1083C00084CB0208948F00209CCB0208948F00205D
:1083D000B8CB0208948F0020CCCB0208948F0020E9
:1083E000E0CB0208948F0020F8CB0208808F002099
:1083F00010CC0208948F00202CCC0208948F00200F
:1084000048CC020868D1002050CC020868D1002076
:108410005CCC020868D1002068CC020868D100203A
:1084200070CC020868D1002078CC020868D1002006
:1084300084CC020868D1002090CC020868D10020CA
:108440009CCC020868D10020A8CC020868D100208A
:10845000B4CC020868D10020C0CC020868D100204A
:10846000C8CC020884D10020D4CC0208948F00200C
:10847000DCCC0208948F0020E4CC0208948F00200A
:1084800004CD0208948F002024CD0208948F002090
:108490002CCD0208948F00203CCD0208948F002040
:1084A0004CCD0208948F002058CD0208A0D20020A5
:1084B00064CD0208948F002070CD0208948F0020B4
:1084C0007CCD0208948F002098CD0208A0D2002015
:1084D000ACCD0208A0D20020C4CD0208948F0020A9
:1084E000D4CD0208A0D20020E4CD0208948F002051
:1084F0004CC50208F48E0020F8CD0208A0D100205F
:1085000004CE020870D2002014CE0208A0D20020AF
:1085100028CE0208A0D200203CCE0208948F002072
:108520004CCE0208948F00205CCE0208948F00206D
:1085300074CE0208A0D200208CCE020890D1002078
:108540009CCE020874D10020A8CE020858D1002089
:1085500054C502084CD10020B8D002081C8F00205E
:10856000B4CE0208948F0020C8CE0208948F002059
:10857000DCCE0208948F0020F0CE0208948F0020F9
:1085800004CF0208948F002018CF0208948F002097
:108590005CC80208808F00204CC50208088F0020AC
:1085A0002CCF0208A0D2002054C50208B8D1002068
:1085B00004CF0208948F002018CF0208948F002067
:1085C0005CC80208808F00204CC50208088F00207C
:1085D0002CCF0208A0D2002054C50208D0D1002020
:1085E000A0CC0208948F002038CF0208948F00207E
:1085F00044CF0208948F002054CF0208948F0020AB
:10860000E0CD0208948F00205CCF0208948F0020F8
:108610006CCF0208808F00207CCF0208808F002062
:1086200090CF0208808F0020A0CC0208948F0020F9
:1086300038CF0208948F002044CF0208948F002086
:1086400054CF0208948F0020E0CD0208948F0020C0
:10865000A4CF0208808F0020C0CF0208808F0020A6
:10866000E0CF0208808F002004D00208808F002015
:1086700020D00208808F00203CD00208808F00208C
:108680004CD00208808F00205CD00208808F002030
:1086900070D00208948F002080D00208948F0020B0
:1086A00094D00208808F0020A4D002081C8F0020E4
:1086B000B4D002081C8F0020C4D00208F4D10020DE
:1086C000D8D00208E8D10020E8D00208E8D1002084
:1086D000F8D002086C8F002004D10208808F00209F
:1086E0001CD102086C8F002034D102086C8F00204E
:1086F0004CC50208448F002048D1020870D20020E7
:1087000058D1020814D2002068D10208308F00200E
:1087100078D1020860D2002088D1020804D200205B
:1087200098D10208808F002054C50208DCD10020B7
:10873000A4D10208C4D10020B4D10208ACD10020D9
:10874000C8D1020840D10020D0D102081CD100209D
:10875000DCD10208F4D00020E4D10208DCD00020F3
:10876000FCD10208C4D0002008D20208ACD00020FE
:1087700014D20208ACD0002020D20208588F00206A
:108780002CD20208948F002030D20208948F00204F
:1087900034D20208808F002040D202086C8F002063
:1087A00050D20208808F00206CD20208808F0020F7
:1087B0008CD20208948F0020A0D20208948F00204F
:1087C000B4D20208948F0020D4D20208948F0020E3
:1087D000F4D20208808F002014D30208948F002066
:1087E00034D30208948F002050D30208948F0020C5
:1087F00068D30208948F002080D302082CD2002076
:1088000094D302082CD20020A8D302082CD2002036
:10881000BCD302082CD20020D0D302082CD20020D6
:10882000E8D302082CD2002000D4020880D2002015
:1088300008D4020860D2002018D4020860D20020B8
:1088400020D4020860D2002018D4020860D2002090
:108850002CD4020860D2002034D4020860D2002058
:1088600044D4020860D200204CD4020860D2002018
:108870005CD4020860D2002074D4020860D20020C8
:108880008CD4020860D20020A4D4020860D2002058
:10889000B8D4020860D20020D0D4020860D20020F0
:1088A000E4D4020860D20020FCD4020860D2002088
:1088B00014D5020860D2002028D5020860D200201A
:1088C0003CD5020860D2002050D5020860D20020BA
:1088D00060D5020860D2002074D5020860D2002062
:1088E00088D5020860D200209CD5020860D2002002
:1088F000B4D4020850D20020ACD5020844D20020E3
:10890000B0D50208A0D20020C0D50208A0D2002015
:10891000C8D50208948F0020E0D5020890D200202C
:10892000F0D5020880D2002004D6020880D20020B0
:1089300018D6020880D200202CD6020880D200204F
:1089400040D6020880D2002054D6020880D20020EF
:1089500068D6020880D2002080D6020870D200209B
:1089600098D60208808F0020B4D6020838D20020A2
:1089700054C5020820D20020C4D6020870D20020BC
:108980006CD40208A0D0002084D40208A0D000201B
:10899000E0D4020888D00020D8D602086C8F0020CE
:1089A00031344F447269766554797065496E666FEB
:1089B00049364F4472697665450000007CA3030880
:1089C000A0890308E8DD0208323146696272655009
:1089D000726F706572747954797065496E666F490B
:1089E0003850726F7065727479494B664545000066
:1089F000F4A30308C8890308000000000200000077
:108A00000CDE020802000000E8DD0208020400009B
:108A10003231466962726550726F70657274795452
:108A2000797065496E666F493850726F70657274FF
:108A300079494B7945450000F4A30308108A0308DF
:108A400000000000020000000CDE0208020000002E
:108A5000E8DD0208020400003231466962726550A6
:108A6000726F706572747954797065496E666F497A
:108A70003850726F7065727479494B6845450000D3
:108A8000F4A30308588A0308000000000200000055
:108A90000CDE020802000000E8DD0208020400000B
:108AA0003231466962726550726F706572747954C2
:108AB000797065496E666F493850726F706572746F
:108AC00079494B6245450000F4A30308A08A0308D6
:108AD00000000000020000000CDE0208020000009E
:108AE000E8DD02080204000032354F447269766501
:108AF00053797374656D53746174735479706549F7
:108B00006E666F49313353797374656D5374617454
:108B1000735F7445000000007CA30308E88A030823
:108B2000E8DD02083231466962726550726F706525
:108B300072747954797065496E666F493850726FF6
:108B40007065727479494B6D45450000F4A30308C4
:108B5000248B030800000000020000000CDE020865
:108B600002000000E8DD02080204000032384F4431
:108B70007269766553797374656D53746174735556
:108B8000736254797065496E666F4931305553424E
:108B900053746174735F7445000000007CA3030884
:108BA0006C8B0308E8DD020832384F447269766541
:108BB00053797374656D5374617473493243547996
:108BC0007065496E666F4931304932435374617440
:108BD000735F7445000000007CA30308A88B0308A2
:108BE000E8DD020832304F4472697665436F6E6685
:108BF000696754797065496E666F493133426F61B8
:108C00007264436F6E6669675F7445007CA30308F6
:108C1000E48B0308E8DD020832324F44726976655E
:108C2000456E64706F696E7454797065496E666FD5
:108C300049313250574D4D617070696E675F7445B0
:108C4000000000007CA30308188C0308E8DD02087C
:108C500031384F447269766541786973547970652B
:108C6000496E666F49344178697345007CA30308F7
:108C7000508C0308E8DD02083231466962726550A3
:108C8000726F706572747954797065496E666F4958
:108C90003850726F7065727479494B4E31304F4461
:108CA00072697665496E74663841786973496E7485
:108CB00066394178697353746174654545450000B0
:108CC000F4A30308788C03080000000002000000F1
:108CD0000CDE020802000000E8DD020802040000C9
:108CE0003231466962726550726F70657274795480
:108CF000797065496E666F493850726F706572742D
:108D000079494B4E31304F4472697665496E7466CD
:108D10003841786973496E746631314C6F636B69A1
:108D20006E5374617465454545000000F4A3030863
:108D3000E08C030800000000020000000CDE0208C6
:108D400002000000E8DD02080204000032344F4453
:108D50007269766541786973436F6E6669675479A5
:108D60007065496E666F494E344178697338436F58
:108D70006E6669675F744545000000007CA30308C8
:108D80004C8D0308E8DD020834314F447269766582
:108D900041786973436F6E66696743616C6962729B
:108DA0006174696F6E4C6F636B696E54797065495D
:108DB0006E666F494E344178697331344C6F636B22
:108DC000696E436F6E6669675F7445450000000019
:108DD0007CA30308888D0308E8DD020833304F4484
:108DE00072697665417869734C6F636B696E436F26
:108DF0006E66696754797065496E666F494E344195
:108E000078697331344C6F636B696E436F6E66695A
:108E1000675F7445450000007CA30308DC8D0308F0
:108E2000E8DD020834354F44726976654F6E626F33
:108E3000617264546865726D6973746F72437572A0
:108E400072656E744C696D697465725479706549A8
:108E50006E666F4933314F6E626F6172645468653C
:108E6000726D6973746F7243757272656E744C695A
:108E70006D697465724500007CA30308248E0308A5
:108E8000E8DD020835314F44726976654F6E626FD6
:108E9000617264546865726D6973746F7243757240
:108EA00072656E744C696D69746572436F6E666944
:108EB0006754797065496E666F494E33314F6E6203
:108EC0006F617264546865726D6973746F72437513
:108ED0007272656E744C696D6974657238436F6E39
:108EE0006669675F744545007CA30308848E0308A8
:108EF000E8DD020834364F44726976654F66666273
:108F00006F617264546865726D6973746F724375D2
:108F10007272656E744C696D6974657254797065AE
:108F2000496E666F4933324F6666626F6172645490
:108F30006865726D6973746F7243757272656E7471
:108F40004C696D6974657245000000007CA30308DC
:108F5000F48E0308E8DD020835324F447269766505
:108F60004F6666626F617264546865726D6973748E
:108F70006F7243757272656E744C696D6974657257
:108F8000436F6E66696754797065496E666F494EC6
:108F900033324F6666626F617264546865726D69E0
:108FA00073746F7243757272656E744C696D697417
:108FB000657238436F6E6669675F744545000000EF
:108FC0007CA30308588F0308E8DD020831394F44B9
:108FD000726976654D6F746F7254797065496E660B
:108FE0006F49354D6F746F72450000007CA3030814
:108FF000CC8F0308E8DD02083231466962726550A1
:10900000726F706572747954797065496E666F49D4
:109010003850726F7065727479494B4E31304F44DD
:1090200072697665496E7466394D6F746F72496EF8
:109030007466313041726D65645374617465454581
:1090400045000000F4A30308F88F030800000000A7
:10905000020000000CDE020802000000E8DD020849
:109060000204000033334F44726976654D6F746FAC
:109070007243757272656E74436F6E74726F6C5466
:10908000797065496E666F494E354D6F746F7231F8
:109090003643757272656E74436F6E74726F6C5F77
:1090A000744545007CA3030864900308E8DD0208CA
:1090B00032394F44726976654D6F746F72476174CF
:1090C0006544726976657254797065496E666F4958
:1090D0004E354D6F746F725574305F45450000001A
:1090E0007CA30308B0900308E8DD0208323146692A
:1090F00062726550726F70657274795479706549E7
:109100006E666F493850726F7065727479494B4E54
:1091100031304F4472697665496E7466394D6F74AB
:109120006F72496E74663134476174654472697652
:109130006572496E7466384472764661756C744522
:1091400045450000F4A30308EC900308000000006C
:10915000020000000CDE020802000000E8DD020848
:109160000204000032384F44726976654D6F746FA7
:109170007254696D696E674C6F6754797065496E9A
:10918000666F494E354D6F746F7255745F4545007B
:109190007CA3030864910308E8DD020832314669C4
:1091A00062726550726F7065727479547970654936
:1091B0006E666F493850726F7065727479494B747E
:1091C00045450000F4A303089C910308000000003B
:1091D000020000000CDE020802000000E8DD0208C8
:1091E0000204000032354F44726976654D6F746F2A
:1091F00072436F6E66696754797065496E666F4930
:109200004E354D6F746F7238436F6E6669675F7469
:10921000454500007CA30308E4910308E8DD02084B
:1092200032344F4472697665436F6E74726F6C6C42
:10923000657254797065496E666F493130436F6E5F
:1092400074726F6C6C657245000000007CA30308AB
:1092500020920308E8DD020833304F4472697665D6
:10926000436F6E74726F6C6C6572436F6E66696784
:1092700054797065496E666F494E3130436F6E7434
:10928000726F6C6C657238436F6E6669675F7445A8
:10929000450000007CA3030858920308E8DD02089B
:1092A00034314F4472697665436F6E74726F6C6CC3
:1092B0006572436F6E666967416E7469636F676755
:1092C000696E6754797065496E666F494E313043F7
:1092D0006F6E74726F6C6C65723133416E7469635A
:1092E0006F6767696E675F74454500007CA303087C
:1092F000A0920308E8DD020832314F4472697665B6
:10930000456E636F64657254797065496E666F4926
:1093100037456E636F646572450000007CA30308E7
:10932000F8920308E8DD020832314669627265503E
:10933000726F706572747954797065496E666F49A1
:109340003850726F7065727479494B6C45450000F6
:10935000F4A30308289303080000000002000000A3
:109360000CDE020802000000E8DD02080204000032
:1093700032374F4472697665456E636F6465724338
:109380006F6E66696754797065496E666F494E37CE
:10939000456E636F64657238436F6E6669675F74AC
:1093A000454500007CA3030870930308E8DD02082C
:1093B00033334F447269766553656E736F726C65B3
:1093C0007373457374696D61746F72547970654914
:1093D0006E666F49313953656E736F726C65737366
:1093E000457374696D61746F724500007CA3030856
:1093F000B0930308E8DD020833394F44726976659B
:1094000053656E736F726C657373457374696D61C8
:10941000746F72436F6E66696754797065496E66E2
:109420006F494E313953656E736F726C6573734556
:109430007374696D61746F7238436F6E6669675FCC
:10944000744545007CA30308F8930308E8DD02088F
:1094500033354F447269766554726170657A6F690D
:1094600064616C5472616A6563746F727954797067
:1094700065496E666F49323154726170657A6F6901
:1094800064616C5472616A6563746F72794500003F
:109490007CA3030850940308E8DD020834314F44EC
:1094A0007269766554726170657A6F6964616C5433
:1094B00072616A6563746F7279436F6E666967542F
:1094C000797065496E666F494E32315472617065CC
:1094D0007A6F6964616C5472616A6563746F7279E2
:1094E00038436F6E6669675F744545007CA3030867
:1094F0009C940308E8DD020832314F4472697665B6
:10950000456E6473746F7054797065496E666F4907
:1095100037456E6473746F70450000007CA30308C8
:10952000F8940308E8DD020832374F447269766523
:10953000456E6473746F70436F6E666967547970BB
:1095400065496E666F494E37456E6473746F703847
:10955000436F6E6669675F74454500007CA303082E
:1095600028950308E8DD020831374F4472697665B3
:1095700043616E54797065496E666F49394F447224
:1095800069766543414E45007CA30308689503084E
:10959000E8DD020832334F447269766543616E43F9
:1095A0006F6E66696754797065496E666F494E39AA
:1095B0004F447269766543414E38436F6E66696702
:1095C0005F744545000000007CA3030894950308E0
:1095D000E8DD020800000000BC89030801860208DB
:1095E00000000000F0890308E186020871B6010856
:1095F000D9850208FCFFFFFFF0890308F9850208FE
:1096000000000000388A03080D87020871B60108BF
:10961000B1850208FCFFFFFF388A0308D1850208E4
:1096200000000000808A03083187020871B6010833
:1096300089850208FCFFFFFF808A0308A9850208CC
:1096400000000000C88A03085187020871B60108AB
:1096500061850208FCFFFFFFC88A030881850208B4
:1096600000000000188B0308DD84020800000000E1
:109670004C8B03086987020871B60108B58402089B
:10968000FCFFFFFF4C8B0308D5840208000000009C
:109690009C8B03088D84020800000000D88B03080F
:1096A00055840208000000000C8C0308B1830208F6
:1096B00000000000448C03087183020800000000D1
:1096C0006C8C0308B182020800000000C08C030803
:1096D0008987020871B6010889820208FCFFFFFF32
:1096E000C08C0308A9820208000000002C8D03082A
:1096F000A987020871B6010861820208FCFFFFFF1A
:109700002C8D030881820208000000007C8D030874
:109710009D81020800000000D08D030861810208CD
:1097200000000000188E03080181020800000000FC
:10973000788E0308C180020800000000E88E03084C
:1097400081800208000000004C8F0308418002085D
:1097500000000000C08F0308D97F0208000000004D
:10976000EC8F0308457F02080000000044900308C6
:10977000C987020871B601081D7F0208FCFFFFFFC0
:10978000449003083D7F020800000000A4900308F5
:109790009D7E020800000000E0900308857E02081C
:1097A0000000000044910308E987020871B601082F
:1097B0005D7E0208FCFFFFFF449103087D7E0208E6
:1097C0000000000090910308097E020800000000DC
:1097D000C49103080988020871B60108E17D0208F6
:1097E000FCFFFFFFC4910308017E02080000000097
:1097F00014920308E57C0208000000004C92030864
:10980000457C02080000000094920308457B020892
:1098100000000000EC920308BD7A0208000000007E
:109820001C930308057A0208000000005093030807
:109830002988020871B60108DD790208FCFFFFFFE4
:1098400050930308FD79020800000000A493030868
:10985000D978020800000000EC9303088978020818
:10986000000000004494030859780208000000003A
:10987000909403084578020800000000EC94030867
:1098800015780208000000001C950308F177020813
:10989000000000005C9503087577020800000000D6
:1098A000889503084977020800000000C89503085E
:1098B00011770208313053747265616D53696E6BB4
:1098C00000000000C8A20308B498030831315541D4
:1098D00052543453656E6465720000007CA3030823
:1098E000CC980308C498030800000000DC98030823
:1098F000F5A0020855A002080010000031305061A8
:10990000636B657453696E6B00000000C8A20308A6
:10991000FC9803083955534253656E646572000024
:109920007CA30308149903080C9903083237547276
:109930006561745061636B657453696E6B417353F9
:10994000747265616D53696E6B0000007CA303083F
:109950002C990308C498030800000000209903080C
:109960000DA30208000000004C99030825A202087C
:109970006DA20208001000004E31304F447269762B
:1099800065496E74663743616E496E7466450000C2
:10999000C8A2030878990308394F44726976654371
:1099A000414E00007CA3030898990308909903088E
:1099B00000000000A499030829A402083949324391
:1099C00053656E64657200007CA30308BC990308AC
:1099D0000C99030800000000C89903085DA702085D
:1099E000323353747265616D546F5061636B65748B
:1099F0005365676D656E7465720000007CA3030893
:109A0000E0990308C4980308323153747265616D9C
:109A100042617365645061636B657453696E6B007A
:109A20007CA30308089A03080C99030833314269A0
:109A3000646972656374696F6E616C5061636B65B4
:109A40007442617365644368616E6E656C0000000A
:109A50007CA303082C9A03080C990308000000005B
:109A6000FC9903086DA90208C9A8020800000000BB
:109A7000209A03089DAA020800000000509A0308DB
:109A8000D1A8020806000000010105000000000046
:109A9000920E493CB10AC93C2BC3163D2EFB483DF2
:109AA000752B7B3D04A9963D80B6AF3D36BDC83DC4
:109AB0002FBCE13D73B2FA3D87CF093E8340163E8D
:109AC000B5AB223EA2102F3ECF6E3B3EC2C5473EF5
:109AD0000115543E135C603E7F9A6C3ECCCF783EBD
:109AE000C07D823E938E883E229A8E3E32A0943E66
:109AF00086A09A3EE59AA03E128FA63ED47CAC3E4C
:109B0000EF63B23E2A44B83E491DBE3E15EFC33E48
:109B100053B9C93ECA7BCF3E4136D53E80E8DA3ED6
:109B20004F92E03E7533E63EBBCBEB3EEA5AF13E48
:109B3000CBE0F63E275DFC3EE4E7003F3D9C033F63
:109B4000824B063F9BF5083F6B9A0B3FDA390E3F7D
:109B5000CDD3103F2A68133FD9F6153FC07F183F79
:109B6000C6021B3FD17F1D3FCBF61F3F9967223FA7
:109B700025D2243F5636273F1594293F4AEB2B3FE9
:109B8000DE3B2E3FBB85303FC9C8323FF304353F33
:109B9000233A373F4268393F3B8F3B3FF9AE3D3F69
:109BA00067C73F3F70D8413F01E2433F03E4453F71
:109BB00065DE473F12D1493FF8BB4B3F029F4D3F07
:109BC000207A4F3F3D4D513F4918533F31DB543FC1
:109BD000E595563F5348583F6AF2593F1A945B3F08
:109BE000532D5D3F05BE5E3F2146603F97C5613FF7
:109BF0005A3C633F59AA643F880F663FD86B673F62
:109C00003CBF683FA7096A3F0C4B6B3F5E836C3FCC
:109C100093B26D3F9ED86E3F73F56F3F0809713F59
:109C20005213723F4714733FDD0B743F0BFA743FBE
:109C3000C6DE753F07BA763FC58B773FF853783F4E
:109C40009812793F9DC7793F02737A3FBE147B3FDC
:109C5000CDAC7B3F283B7C3FC9BF7C3FAC3A7D3FCE
:109C6000CCAB7D3F23137E3FB0707E3F6DC47E3F03
:109C7000580E7F3F6D4E7F3FAB847F3F0FB17F3FDC
:109C800097D37F3F43EC7F3F11FB7F3F0000803F36
:109C900011FB7F3F43EC7F3F97D37F3F0FB17F3F67
:109CA000AB847F3F6D4E7F3F580E7F3F6DC47E3F3C
:109CB000B0707E3F23137E3FCCAB7D3FAC3A7D3FFF
:109CC000C9BF7C3F283B7C3FCDAC7B3FBE147B3F74
:109CD00002737A3F9DC7793F9812793FF853783FD6
:109CE000C58B773F07BA763FC6DE753F0BFA743FE8
:109CF000DD0B743F4714733F5213723F0809713FE5
:109D000073F56F3F9ED86E3F93B26D3F5E836C3F9D
:109D10000C4B6B3FA7096A3F3CBF683FD86B673F5E
:109D2000880F663F59AA643F5A3C633F97C5613F1D
:109D30002146603F05BE5E3F532D5D3F1A945B3F59
:109D40006AF2593F5348583FE595563F31DB543F3F
:109D50004918533F3D4D513F207A4F3F029F4D3FA1
:109D6000F8BB4B3F12D1493F65DE473F03E4453F17
:109D700001E2433F70D8413F67C73F3FF9AE3D3FE7
:109D80003B8F3B3F4268393F233A373FF304353F2F
:109D9000C9C8323FBB85303FDE3B2E3F4AEB2B3FED
:109DA0001594293F5636273F25D2243F9967223FF5
:109DB000CBF61F3FD17F1D3FC6021B3FC07F183F20
:109DC000D9F6153F2A68133FCDD3103FDA390E3F3D
:109DD0006B9A0B3F9BF5083F824B063F3D9C033F30
:109DE000E4E7003F275DFC3ECBE0F63EEA5AF13E59
:109DF000BBCBEB3E7533E63E4F92E03E80E8DA3E69
:109E00004136D53ECA7BCF3E53B9C93E15EFC33E5E
:109E1000491DBE3E2A44B83EEF63B23ED47CAC3E00
:109E2000128FA63EE59AA03E86A09A3E32A0943EAE
:109E3000229A8E3E938E883EC07D823ECCCF783E65
:109E40007F9A6C3E135C603E0115543EC2C5473E8E
:109E5000CF6E3B3EA2102F3EB5AB223E8340163E56
:109E600087CF093E73B2FA3D2FBCE13D36BDC83DF8
:109E700080B6AF3D04A9963D752B7B3D2EFB483D3A
:109E80002BC3163DB10AC93C920E493C00000000AC
:109E9000920E49BCB10AC9BC2BC316BD2EFB48BDEE
:109EA000752B7BBD04A996BD80B6AFBD36BDC8BDC0
:109EB0002FBCE1BD73B2FABD87CF09BE834016BE89
:109EC000B5AB22BEA2102FBECF6E3BBEC2C547BEF1
:109ED000011554BE135C60BE7F9A6CBECCCF78BEB9
:109EE000C07D82BE938E88BE229A8EBE32A094BE62
:109EF00086A09ABEE59AA0BE128FA6BED47CACBE48
:109F0000EF63B2BE2A44B8BE491DBEBE15EFC3BE44
:109F100053B9C9BECA7BCFBE4136D5BE80E8DABED2
:109F20004F92E0BE7533E6BEBBCBEBBEEA5AF1BE44
:109F3000CBE0F6BE275DFCBEE4E700BF3D9C03BF5F
:109F4000824B06BF9BF508BF6B9A0BBFDA390EBF79
:109F5000CDD310BF2A6813BFD9F615BFC07F18BF75
:109F6000C6021BBFD17F1DBFCBF61FBF996722BFA3
:109F700025D224BF563627BF159429BF4AEB2BBFE5
:109F8000DE3B2EBFBB8530BFC9C832BFF30435BF2F
:109F9000233A37BF426839BF3B8F3BBFF9AE3DBF65
:109FA00067C73FBF70D841BF01E243BF03E445BF6D
:109FB00065DE47BF12D149BFF8BB4BBF029F4DBF03
:109FC000207A4FBF3D4D51BF491853BF31DB54BFBD
:109FD000E59556BF534858BF6AF259BF1A945BBF04
:109FE000532D5DBF05BE5EBF214660BF97C561BFF3
:109FF0005A3C63BF59AA64BF880F66BFD86B67BF5E
:10A000003CBF68BFA7096ABF0C4B6BBF5E836CBFC8
:10A0100093B26DBF9ED86EBF73F56FBF080971BF55
:10A02000521372BF471473BFDD0B74BF0BFA74BFBA
:10A03000C6DE75BF07BA76BFC58B77BFF85378BF4A
:10A04000981279BF9DC779BF02737ABFBE147BBFD8
:10A05000CDAC7BBF283B7CBFC9BF7CBFAC3A7DBFCA
:10A06000CCAB7DBF23137EBFB0707EBF6DC47EBFFF
:10A07000580E7FBF6D4E7FBFAB847FBF0FB17FBFD8
:10A0800097D37FBF43EC7FBF11FB7FBF000080BF32
:10A0900011FB7FBF43EC7FBF97D37FBF0FB17FBF63
:10A0A000AB847FBF6D4E7FBF580E7FBF6DC47EBF38
:10A0B000B0707EBF23137EBFCCAB7DBFAC3A7DBFFB
:10A0C000C9BF7CBF283B7CBFCDAC7BBFBE147BBF70
:10A0D00002737ABF9DC779BF981279BFF85378BFD2
:10A0E000C58B77BF07BA76BFC6DE75BF0BFA74BFE4
:10A0F000DD0B74BF471473BF521372BF080971BFE1
:10A1000073F56FBF9ED86EBF93B26DBF5E836CBF99
:10A110000C4B6BBFA7096ABF3CBF68BFD86B67BF5A
:10A12000880F66BF59AA64BF5A3C63BF97C561BF19
:10A13000214660BF05BE5EBF532D5DBF1A945BBF55
:10A140006AF259BF534858BFE59556BF31DB54BF3B
:10A15000491853BF3D4D51BF207A4FBF029F4DBF9D
:10A16000F8BB4BBF12D149BF65DE47BF03E445BF13
:10A1700001E243BF70D841BF67C73FBFF9AE3DBFE3
:10A180003B8F3BBF426839BF233A37BFF30435BF2B
:10A19000C9C832BFBB8530BFDE3B2EBF4AEB2BBFE9
:10A1A000159429BF563627BF25D224BF996722BFF1
:10A1B000CBF61FBFD17F1DBFC6021BBFC07F18BF1C
:10A1C000D9F615BF2A6813BFCDD310BFDA390EBF39
:10A1D0006B9A0BBF9BF508BF824B06BF3D9C03BF2C
:10A1E000E4E700BF275DFCBECBE0F6BEEA5AF1BE55
:10A1F000BBCBEBBE7533E6BE4F92E0BE80E8DABE65
:10A200004136D5BECA7BCFBE53B9C9BE15EFC3BE5A
:10A21000491DBEBE2A44B8BEEF63B2BED47CACBEFC
:10A22000128FA6BEE59AA0BE86A09ABE32A094BEAA
:10A23000229A8EBE938E88BEC07D82BECCCF78BE61
:10A240007F9A6CBE135C60BE011554BEC2C547BE8A
:10A25000CF6E3BBEA2102FBEB5AB22BE834016BE52
:10A2600087CF09BE73B2FABD2FBCE1BD36BDC8BDF4
:10A2700080B6AFBD04A996BD752B7BBD2EFB48BD36
:10A280002BC316BDB10AC9BC920E49BC00000080A8
:10A290004E31305F5F637878616269763131375F64
:10A2A0005F636C6173735F747970655F696E666F0D
:10A2B000450000007CA3030890A20308B0A3030894
:10A2C00000000000B4A203086DAC020881AC0208D3
:10A2D000E5B60208E5B60208EBAC02082DAC0208B0
:10A2E000D3AC020895AC02085FAC02084E31305F77
:10A2F0005F637878616269763131355F5F666F726E
:10A300006365645F756E77696E644500C8A2030873
:10A31000ECA203084E31305F5F6378786162697642
:10A320003131395F5F666F726569676E5F6578634B
:10A33000657074696F6E4500C8A2030814A3030812
:10A340004E31305F5F637878616269763132305FB9
:10A350005F73695F636C6173735F747970655F6964
:10A360006E666F45000000007CA3030840A303084D
:10A37000B4A203080000000068A30308E1B50208C6
:10A38000F5B50208E5B60208E5B60208EBAC02082E
:10A390002DAC0208B9B6020845B6020809B6020893
:10A3A000537439747970655F696E666F00000000E0
:10A3B000C8A20308A0A303084E31305F5F6378781A
:10A3C000616269763132315F5F766D695F636C61BE
:10A3D00073735F747970655F696E666F4500000026
:10A3E0007CA30308B8A30308B4A20308000000007C
:10A3F000E0A3030815B7020829B70208E5B602086A
:10A40000E5B60208EBAC02082DAC02082DBA020832
:08A41000D7B702083DB70208AE
:10A4180008B10181B0B0008400000000C9040181C6
:10A42800B0B0AB8300000000C9030181B0B0AA80BE
:10A4380000000000C9040181B0B0AB80000000003A
:10A44800C9040181B0B0AF810000000008B10181EA
:10A45800B0B000840000000080C90181B0A908B133
:10A4680000000000C9030181B0B0AE810000000007
:10A4780082C90181B0AD08B100000000C9020181A4
:10A48800B0B0AF830000000083C90181B0AD08B14E
:10A4980000000000C9040181B0B0AF8200000000D4
:10A4A80008B10181B0B0008400000000790DFF7F81
:10A4B800B0AF1A00FFFF017F28C8010000F60104B1
:10A4C800E204009C02040000AA0204DA0500B002BB
:10A4D800040000C20204CE0500C802040000DC0229
:10A4E80004C20500E202040000F20204B60500F806
:10A4F80002040000800304AA0500860304000096F5
:10A5080003049E05009C03040000A60304920500B2
:10A51800AC03040000B40304860500BA0304000079
:10A52800C20304FA0400C803040000F60304EE049E
:10A5380000DA048C01000000BCB20181AF83C91BA2
:10A548000000000008B10181B0B0008400000000E4
:10A5580008B10181B0B0008400000000C903018186
:10A56800B0B0AC8000000000C9020181B0B0A98081
:10A578000000000008B10181B0B0008400000000B4
:10A5880008B10181B0B000840000000008B1018169
:10A59800B0B000840000000008B10181B0B00084B0
:10A5A8000000000008B10181B0B000840000000084
:10A5B80008B10181B0B000840000000008B1018139
:10A5C800B0B000840000000008B10181B0B0008480
:10A5D8000000000008B10181B0B000840000000054
:10A5E80008B10181B0B000840000000008B1018109
:10A5F800B0B000840000000008B10181B0B0008450
:10A608000000000008B10181B0B000840000000023
:10A6180008B10181B0B000840000000008B10181D8
:10A62800B0B000840000000008B10181B0B000841F
:10A6380000000000C9080181B0008480000000000B
:10A6480008B10181B0B000840000000008B10181A8
:10A65800B0B000840000000008B10181B0B00084EF
:10A668000000000008B10181B0B0008400000000C3
:10A6780008B10181B0B000840000000008B1018178
:10A68800B0B000840000000008B10181B0B00084BF
:10A698000000000008B10181B0B000840000000093
:10A6A80008B10181B0B000840000000008B1018148
:10A6B800B0B000840000000008B10181B0B000848F
:10A6C8000000000008B10181B0B000840000000063
:10A6D80008B10181B0B000840000000008B1018118
:10A6E800B0B000840000000008B10181B0B000845F
:10A6F8000000000008B10181B0B000840000000033
:10A7080008B10181B0B000840000000008B10181E7
:10A71800B0B000840000000008B10181B0B000842E
:10A728000000000008B10181B0B000840000000002
:10A738008C5FFC7F01000000E0E6FC7FB0A902808E
:10A7480070E7FC7FB0B0A880C0E7FC7F0100000084
:10A75800C8E7FC7FB0B0AA80F8E7FC7FAF76B2808C
:10A76800CCE8FC7F01000000C8E8FC7FAB3F3A80E2
:10A778002CE9FC7F0100000034E9FC7FB0B0AA801E
:10A788006CE9FC7F88FFFF7F80E9FC7F0100000007
:10A7980024EAFC7FAC0FB280ACEAFC7FB0AF088043
:10A7A8004CEDFC7F0100000050EDFC7FAC3F0380C6
:10A7B80034F0FC7F0100000010F2FC7F008404806C
:10A7C80024F2FC7F0100000020F2FC7FB0AD048081
:10A7D80018F5FC7FB0A803803CF5FC7F3CFFFF7FA9
:10A7E80040F5FC7F40FFFF7F4CF5FC7F0100000037
:10A7F80014A0FD7FAD08B18054A0FD7F01000000CA
:10A8080098A3FD7FB0B0A880E0A3FD7F0100000001
:10A81800BCA4FD7FB0AB028014A6FD7FB0A9048064
:10A828009CA6FD7F0100000068A8FD7FAC81C9805F
:10A8380034A9FD7F010000005CA9FD7FD4FBFF7FE8
:10A848007CA9FD7FA908B180E8A9FD7F010000006F
:10A8580098ABFD7FB0AF0680B4ADFD7FB0AB0A808A
:10A868004CAEFD7FB0AC018020AFFD7FB0A8058065
:10A8780040AFFD7F0100000044B5FD7FB0A8058012
:10A8880080B5FD7F0100000088B5FD7F008404804D
:10A89800A0B5FD7F0100000054B7FD7FB0A8078078
:10A8A8009CB7FD7FB0B0A88078B8FD7FB0B0AA8013
:10A8B800BCB8FD7F01000000DCB8FD7F60FBFF7FB6
:10A8C80058BDFD7FB0AA038038BEFD7F5CFBFF7FCB
:10A8D80090BFFD7F60FBFF7F44C2FD7FB0AA03806D
:10A8E800D0C2FD7F5CFBFF7F98C6FD7F60FBFF7FCA
:10A8F80098C6FD7F0100000070C7FD7FA908B180E0
:10A90800B0C7FD7F01000000CCC7FD7FB0AB088059
:10A91800D0C8FD7FA908B1800CC9FD7F3CFBFF7F33
:10A928009CC9FD7FB0B0A88024CAFD7F010000004B
:10A9380064CAFD7FB0A80380DCCAFD7F28FBFF7FC7
:10A9480058CCFD7F2CFBFF7F90CDFD7FA880C98070
:10A9580000CEFD7FB0B0A88030CEFD7FA881C98031
:10A968009CCEFD7FA883C9801CD1FD7FA882C980A9
:10A9780048D3FD7F01000000B8D3FD7FB0B0A880A8
:10A98800D8D3FD7F0100000050D4FD7FB0B0A8806F
:10A99800F4D4FD7F01000000E4D5FD7FA908B18053
:10A9A8007CD6FD7F0100000078D6FD7F0084028000
:10A9B800ACD6FD7F0100000028D7FD7FB0B0A8808D
:10A9C80058D7FD7FB0AD0880D8D7FD7FB0FAFF7F9C
:10A9D80014DCFD7FB0B0A88014DDFD7FA908B1802C
:10A9E800D4DDFD7FB0B0A88078DEFD7FB0A90680F9
:10A9F800FCDEFD7FB0B0A88040DFFD7F8CFAFF7FD2
:10AA080048E3FD7FA908B180F4E3FD7F0100000061
:10AA1800F0E3FD7FB0AA058068E4FD7FB0B0A880B0
:10AA2800B4E4FD7F01000000E0E5FD7FB0B0A88040
:10AA38000CE6FD7F0100000008E7FD7F58FAFF7F64
:10AA4800D0ECFD7F01000000F8ECFD7FA883C980F1
:10AA5800F8EEFD7F0100000094F1FD7F44FAFF7FCE
:10AA680098F1FD7F0100000008F2FD7F40FAFF7FAA
:10AA78003CF5FD7FB0B0A88054F5FD7FB0B0AA804A
:10AA880050F6FD7FA908B180E0F6FD7FB0AF0480E5
:10AA9800A8FAFD7FB0A8078028FBFD7FB0AF04802F
:10AAA8000CFFFD7F94FAFF7F5803FE7F0100000032
:10AAB800EC05FE7F008404807807FE7FB0A8038041
:10AAC800B007FE7F01000000B007FE7F008404800D
:10AAD8001C08FE7F010000007008FE7F00840480CF
:10AAE800E408FE7FB0B0AC80300BFE7F00840480A9
:10AAF800740BFE7F010000008C0FFE7F48FAFF7F79
:10AB0800C00FFE7F010000001810FE7FB0A9028070
:10AB18003C10FE7FB0B0B0803C10FE7FB0B0A88083
:10AB28004C10FE7FB0B0B0804C10FE7FB0B0AA8051
:10AB38006410FE7FB0B0B0806410FE7F14FAFF7F0F
:10AB48006810FE7FB0B0B0806810FE7FB0B0AA80F9
:10AB58008010FE7FB0B0B0808010FE7FB0B0AA80B9
:10AB68009810FE7FB0B0B0809810FE7FB0B0AA8079
:10AB7800B010FE7FB0B0B080B010FE7FB0B0AA8039
:10AB8800C810FE7FB0B0B080C810FE7FB0B0AA80F9
:10AB9800E010FE7FB0B0B080E010FE7FB0B0AA80B9
:10ABA800F810FE7FB0B0B080F810FE7FB0B0AA8079
:10ABB8001011FE7FB0B0B0801011FE7FB0B0AA8037
:10ABC8002811FE7FB0B0B0802811FE7FB0B0AA80F7
:10ABD8004011FE7FB0B0B0804011FE7FB0B0AA80B7
:10ABE8005811FE7FB0B0B0805811FE7FB0B0AA8077
:10ABF8007011FE7FB0B0B0807011FE7FB0B0AA8037
:10AC08008811FE7FB0B0B0808811FE7FB0B0AA80F6
:10AC1800A011FE7FB0B0B080A011FE7FB0B0AA80B6
:10AC2800B811FE7FB0B0B080B811FE7FB0B0AA8076
:10AC3800D011FE7FB0B0B080D011FE7FB0B0AA8036
:10AC4800E811FE7FB0B0B080E811FE7F010000007F
:10AC58009812FE7FA880C9806613FE7F010000005D
:10AC68000414FE7FA908B1808414FE7FB0AC038071
:10AC78006815FE7FB0A90280A415FE7FA908B180DF
:10AC8800D415FE7FB0AC03801017FE7FD0F8FF7F8D
:10AC9800AC17FE7FB0AA0580B018FE7FB0AC038069
:10ACA8002819FE7F2F840380B419FE7FB0AC03807F
:10ACB8002C1DFE7F2F840380EC1EFE7FACF8FF7FE7
:10ACC800241FFE7FB0B0B080241FFE7FB0AA018091
:10ACD800501FFE7FB0B0B080501FFE7FB0AA018029
:10ACE8007C1FFE7FB0B0B0807C1FFE7FB0AA0180C1
:10ACF800A81FFE7FB0B0B080A81FFE7FB0AA018059
:10AD0800D41FFE7FB0B0B080D41FFE7FA880C9805A
:10AD18005820FE7FB0AA01808420FE7FB0B0B080AA
:10AD28008420FE7FB0AA0180B020FE7FB0B0B08042
:10AD3800B020FE7FB0AA0180DC20FE7FB0B0B080DA
:10AD4800DC20FE7F00840480F820FE7F28F8FF7F47
:10AD5800FC20FE7F010000002C21FE7FB0A90680A8
:10AD68006C21FE7F010000008421FE7F14F8FF7F24
:10AD78008C21FE7F010000009021FE7F10F8FF7FEC
:10AD88009821FE7F010000009821FE7F0CF8FF7FCC
:10AD9800A021FE7F01000000C821FE7F08F8FF7F88
:10ADA800CC21FE7F01000000D021FE7F04F8FF7F48
:10ADB800D421FE7F01000000D821FE7F00F8FF7F2C
:10ADC800DC21FE7F01000000FC21FE7FFCF7FF7FF5
:10ADD8000022FE7F010000000422FE7FF8F7FF7FBB
:10ADE8000C22FE7F010000001422FE7FF4F7FF7F93
:10ADF8001C22FE7F010000001C22FE7FF0F7FF7F6F
:10AE08002422FE7F010000002422FE7FECF7FF7F52
:10AE18002C22FE7F010000003022FE7FE8F7FF7F32
:10AE28003422FE7F010000003422FE7FE4F7FF7F1A
:10AE38003C22FE7F010000003C22FE7FE0F7FF7FFE
:10AE48004422FE7F010000004422FE7FDCF7FF7FE2
:10AE58004C22FE7F010000007022FE7FD8F7FF7FA2
:10AE68000054FE7F010000009054FE7FB0AB0C80C0
:10AE780054BBFE7FB0AA018074BBFE7FB0A90280DC
:10AE8800A8BBFE7FB0B0B080A8BBFE7FB0A8018091
:10AE9800C8BBFE7FB0AA0180E8BBFE7FB0A90280D4
:10AEA80010BCFE7FB0B0B08010BCFE7FB0A902809D
:10AEB80030BCFE7FB0AA018050BCFE7FB0A90280E2
:10AEC80078BCFE7FB0B0B08078BCFE7FB0A90280AD
:10AED80098BCFE7FB0AA0180B8BCFE7FB0A90280F2
:10AEE800E0BCFE7FB0B0B080E0BCFE7FB0A90280BD
:10AEF80000BDFE7FB0AA018020BDFE7FB0A9028000
:10AF080048BDFE7FB0B0B08048BDFE7FB0A90280CA
:10AF180068BDFE7FB0AA018088BDFE7FB0A902800F
:10AF2800B0BDFE7FB0B0B080B0BDFE7FB0A90280DA
:10AF3800D0BDFE7FB0AA0180F0BDFE7FB0A902801F
:10AF480018BEFE7FB0B0B08018BEFE7FB0A90280E8
:10AF580038BEFE7FB0AA018058BEFE7FB0A902802D
:10AF680080BEFE7FB0B0B08080BEFE7FB0A90280F8
:10AF7800A0BEFE7FB0AA0180C0BEFE7FB0A902803D
:10AF8800E8BEFE7FB0B0B080E8BEFE7FB0A9028008
:10AF980008BFFE7FB0AA018028BFFE7FB0A902804B
:10AFA80050BFFE7FB0B0B08050BFFE7FB0A9028016
:10AFB80070BFFE7FB0AA018090BFFE7FB0A902805B
:10AFC800B8BFFE7FB0B0B080B8BFFE7FB0A9028026
:10AFD800D8BFFE7F01000000DCBFFE7F64F6FF7F64
:10AFE800E4BFFE7F01000000E8BFFE7F60F6FF7F40
:10AFF800F0BFFE7F01000000F0BFFE7F5CF6FF7F20
:10B00800F8BFFE7F0100000020C0FE7F58F6FF7FDA
:10B0180024C0FE7F0100000028C0FE7F54F6FF7F99
:10B028002CC0FE7F0100000030C0FE7F50F6FF7F7D
:10B0380034C0FE7F0100000054C0FE7F4CF6FF7F45
:10B0480058C0FE7F010000005CC0FE7F48F6FF7F0D
:10B0580064C0FE7F010000006CC0FE7F44F6FF7FE5
:10B0680074C0FE7F0100000074C0FE7F40F6FF7FC1
:10B078007CC0FE7F010000007CC0FE7F3CF6FF7FA5
:10B0880084C0FE7F0100000088C0FE7F38F6FF7F85
:10B098008CC0FE7F010000008CC0FE7F34F6FF7F6D
:10B0A80094C0FE7F0100000094C0FE7F30F6FF7F51
:10B0B8009CC0FE7F010000009CC0FE7F2CF6FF7F35
:10B0C800A4C0FE7F0100000010D6FE7FB0A9028058
:10B0D80058D6FE7FB0B0AA8070D6FE7FB0B0A880E8
:10B0E80080D6FE7FB0B0AA8058D7FE7FB0AC118062
:10B0F800D8D7FE7FB0AC0F804CD8FE7F010000008F
:10B10800D4D8FE7FB0AF0E80B0D9FE7F010000001A
:10B11800B4D9FE7FB0AC0F80A4DAFE7F0100000036
:10B12800FCE8FE7FAE4BB2808CEEFE7FAF08B180AC
:10B138001CEFFE7F010000001CEFFE7FB0B0AC806A
:10B14800ACEFFE7FAD08B18010F0FE7FB0A906809D
:10B1580054F0FE7F01000000C4F0FE7FB0B0AC8068
:10B1680004F1FE7F0100000004F1FE7FAD08B1800C
:10B1780094F1FE7FB0B0AA80DCF1FE7F01000000F0
:10B1880010F2FE7FB0A8058038F2FE7F01000000B3
:10B1980090F2FE7FA908B180FCF2FE7F010000005A
:10B1A8001CF3FE7FB0A910809CF3FE7FB0A9088035
:10B1B80048F4FE7FB0AC0380D4F4FE7F38F5FF7FFF
:10B1C800D4F4FE7F01000000D4F4FE7FB0B0AA8062
:10B1D8003CF5FE7F010000004CF5FE7F24F5FF7F63
:10B1E8005CF5FE7F0100000094F5FE7FA908B180A0
:10B1F8004CF6FE7FB0B0AA8088F6FE7F0100000002
:10B20800C8F6FE7FB0AB04805CF7FE7FAF08B18064
:10B2180084F8FE7FB0AC018070F9FE7F0100000069
:10B22800B59D00082902000809AE01086D710208E1
:10B23800C58B0208B9A10208C9A30208A5A802087B
:04B2480021AE020829
:04B24C0001020008F3
:10B2500004000020000000002006002088060020D6
:10B26000F0060020000000000000000000000000C8
:10B2700000000000000000000000000000000000CE
:10B2800000000000000000000000000000000000BE
:10B2900000000000000000000000000000000000AE
:10B2A000430000000000000000000000000000005B
:10B2B000000000000000000000000000000000008E
:10B2C000430000000000000000000000000000003B
:10B2D000000000000000000000000000000000006E
:10B2E000430000000000000000000000000000001B
:10B2F000000000000000000000000000000000004E
:10B3000043000000000000000000000000000000FA
:10B31000000000000000000000000000000000002D
:10B3200043000000000000000000000000000000DA
:10B33000000000000000000000000000000000000D
:10B3400043000000000000000000000000000000BA
:10B3500000000000000000000000000000000000ED
:10B36000430000000000000000000000000000009A
:10B3700000000000000000000000000000000000CD
:10B380007D2F0008F9710008000000006CBD020864
:10B3900008D80208A0C20208A0C20208A0C202087F
:10B3A000A0C20208A0C20208A0C20208A0C20208ED
:10B3B000A0C20208A0C20208FFFFFFFFFFFFFFFFBD
:10B3C000FFFFFFFFFFFF0000010041534349490019
:10B3D000000000000000000000000000000000006D
:10B3E00000000000000000000000415343494900F4
:10B3F000000000000000000000000000000000004D
:10B40000000000000000000000000000000000003C
:10B4100003000000200600205C070020AAAAAAAAB8
:10B42000A5D8000895D80008EDD8000899D80008DC
:10B43000010000000403090412010002EF020140B0
:10B440000912320D00030102030100004DEC000857
:10B4500059EC000865EC000895EC00087DEC00084C
:10B46000ADEC0008C5EC000812034D005300460087
:10B47000540031003000300050000000B6000000E1
:10B480000001050002008400000001000000280007
:10B4900044006500760069006300650049006E00A5
:10B4A000740065007200660061006300650047007B
:10B4B00055004900440000004E0000007B0045009C
:10B4C00041003000420044003500430033002D00AD
:10B4D00035003000460033002D00340038003800BD
:10B4E00038002D0038003400420034002D003700B1
:10B4F000340045003500300045003100360034008E
:10B500003900440042007D0000003E0000000100C0
:10B5100000000C004C006100620065006C0000003F
:10B52000240000004F0044007200690076006500AE
:10B5300000000000280000000001040001000000DD
:10B5400000000000020057494E5553420000000021
:10B5500000000000000000000000000009026A0076
:10B56000030100C032080B000202020100090400BE
:10B570000001020201000524001001052401000160
:10B5800004240202052406000107058203080010B6
:10B5900009040100020A0000000705010240000042
:10B5A00007058102400000080B02010000000609A7
:10B5B000040200020001000007050302400000072A
:10B5C0000583024000000000C50B0108790B01084B
:10B5D000B10A010800000000F90901087D0A01080C
:10B5E0003D0A01080000000000000000000000000B
:10B5F0004D0C0108250A0108590C0108310A0108FF
:10B60000DDEC00080A060002000000400100000016
:10B610000024F40000F80120D8D6002000004041AA
:10B62000000000000A0000000040000000020000CE
:10B6300000000C0800000C08000000000B000000D7
:10B64000004000000002000000000E0800000E088C
:10B6500000000000320000000000000001000000B7
:10B6600000000000000000003200000000000000A8
:10B670000100000000000000000000003200000097
:10B6800000000000010000000000000000000000B9
:10B690003200000000000000010000000000000077
:10B6A000000000400000003F0000003F000000409C
:10B6B0000000003F0000003F0000C8420000F042D0
:10B6C000010000000000C8420000F042010000003C
:10B6D00000000000070000000000204100000040C2
:10B6E00000000000000000000AD7233D0000000019
:10B6F0000000000000002041000000410000807FA9
:10B700000000704200007A440000C8420000F0428D
:10B71000C74B6B41000020410000204100000000A9
:10B72000000020410000803F0000000000000000F9
:10B730000700000000002041000000400000000061
:10B74000000000000AD7233D0000000000000000B8
:10B7500000002041000000410000807F0000704296
:10B7600000007A440000C8420000F042C74B6B4121
:10B7700000002041000020410000000000002041A6
:10B780000000803F0000000000007A4400007A447E
:10B790000118CF3A00007A4400007A440118CF3AE9
:10B7A0000000000001000000002000000000000078
:10B7B00000000000010000000AD7A33CDB0F494253
:10B7C000DB0F494100007A44000000000100030043
:10B7D0000400000000000000000000000100000064
:10B7E0000020000000000000000000000100000038
:10B7F0000AD7A33CDB0F4942DB0F494100007A44E2
:10B800000000000001000300040000000000000030
:10B8100090D00300000000000100000000000000C4
:10B82000000000000003830050D50020000000004D
:10B8300000000000000181005CD50020DC990308B5
:08B8400091B50208451700084C
:040000050801413974
:00000001FF
