global_step,episode_num,episode_reward,episode_length,success_rate,avg_reward_100,policy_loss,value_loss,entropy,learning_rate,fps,eta_seconds,ee_x,ee_y,ee_z,cube_x,cube_y,cube_z,ee_to_cube_dist,cube_to_goal_dist,is_grasped,timestamp
5008,23,-124.470807,305,0.4782608695652174,-22.96335843478261,,,,,3665.5562886448256,544.2535437745408,0.15540520693744192,-0.006042356895168365,0.854135092851231,0.16595999835162273,0.12035638701357665,0.8029067489505951,0.1367932355868052,0.3804030792756192,False,2026-08-07T17:25:37.153003+00:00
10016,49,-10.125285,13,0.40816326530612246,-44.458807795918375,-0.0037352847022702916,12.288189598917961,2.7099778696894647,0.0003,1705.7454167948374,1166.635994097676,0.15536242305138437,-0.07483513102294252,0.8803900675357693,0.1757924873040185,-0.08442494039035453,0.8028786480032115,0.08073024295158689,0.17628387394250827,False,2026-08-07T17:25:40.088914+00:00
15024,83,19.870052,20,0.46987951807228917,-39.99754533734939,-0.0037352847022702916,12.288189598917961,2.7099778696894647,0.0003,4535.4498904197735,437.65801584377834,0.1050659544541624,-0.08398518584307423,0.8466511080915369,0.06592782746755953,-0.10279208415239828,0.7928786480032113,0.06911562682915692,0.18320453719850902,False,2026-08-07T17:25:41.193130+00:00
20032,105,-228.475265,600,0.44,-48.78362196999999,-0.0035928643323131838,11.563926222920418,2.7210927553474904,0.0003,1839.0019216429491,1076.6535786058955,0.15699666664486311,-0.027484208875211698,0.8508054838919712,0.16207300215405485,-0.022060618070229906,0.8028808839825627,0.04849692563347327,0.23794841207928186,False,2026-08-07T17:25:43.916338+00:00
25040,128,-7.75244,11,0.47,-50.99065045,-0.005122264092642581,8.195466609299183,2.735097569227219,0.0003,1782.6555092601434,1107.8752960069492,0.13563238564975977,-0.11693878757164049,0.8740241227313991,0.1380403793457731,-0.10536425106807552,0.843826442088959,0.03242943485624132,0.1561871946960273,True,2026-08-07T17:25:46.725619+00:00
30048,163,19.989403,22,0.47,-52.24592366000001,-0.005122264092642581,8.195466609299183,2.735097569227219,0.0003,4134.549522102489,476.46109678189214,0.16699012371422647,-0.07785918739846216,0.8005403720767741,0.09513970422786643,-0.0856881062537333,0.7928804698399301,0.07268045716068615,0.1859878874256558,False,2026-08-07T17:25:47.936882+00:00
35056,198,-30.183827,91,0.44,-52.271677059999995,-0.0030150274811603594,14.63348871767521,2.735208869725466,0.0003,1737.3641167302733,1130.991472126196,0.059205004436635046,-0.15517217117639237,0.8869036275901014,0.0665832018126518,-0.1946842748974155,0.7928804698399304,0.10225457608485741,0.11398614884823564,False,2026-08-07T17:25:50.819406+00:00
40064,225,18.56552,23,0.48,-49.31391702999999,-0.0030150274811603594,14.63348871767521,2.735208869725466,0.0003,4218.507348973252,464.6041449891112,0.17944825230148653,0.02846281679592278,0.8507252100821672,0.1664553418214029,0.10970260597370614,0.8029047009827727,0.09516049684044017,0.3697589597315805,False,2026-08-07T17:25:52.006582+00:00
45072,246,18.804921,20,0.5,-53.93686361,-0.0030690008177771235,10.551602599769831,2.7444802187383175,0.0003,1763.3002510668748,1108.6756205116978,0.21329182444188813,0.1166892184289086,0.8412145080982149,0.16645534282083665,0.10970260372299168,0.8029047009827727,0.06091067325937558,0.36975895749865745,False,2026-08-07T17:25:54.846729+00:00
50080,276,21.836766,20,0.5,-56.229104940000006,-0.004186261650465895,11.77988168299198,2.7520435780286787,0.0003,1786.9097801338871,1091.2246503311985,0.16651542970803793,0.002724330410708022,0.8576909107983175,0.1728863903026747,0.019458875648712626,0.802893500831715,0.05764885326066034,0.2797558260946061,False,2026-08-07T17:25:57.649278+00:00
55088,297,21.545205,20,0.5,-61.951632809999985,-0.004186261650465895,11.77988168299198,2.7520435780286787,0.0003,4765.614377969849,408.113591605482,0.07241335953723621,-0.1174043600245129,0.8535244585017809,0.055065269476482916,-0.12701333789562036,0.792893500831715,0.0637918624314479,0.16940115102238118,False,2026-08-07T17:25:58.700163+00:00
60096,331,16.101285,25,0.51,-62.05546233999999,-0.005992561414313968,18.564907643198968,2.7471778959035875,0.0003,1845.3817547607473,1051.2209709429512,0.20724126957803607,0.06536258712706053,0.871739097447841,0.18137127520337387,0.11826467161897461,0.8028850682544802,0.09060223225006567,0.3788679099618085,False,2026-08-07T17:26:01.413972+00:00
65104,352,-20.185552,11,0.51,-54.86810763999999,-0.005992561414313968,18.564907643198968,2.7471778959035875,0.0003,4908.070547919118,394.2274221833141,0.21683108926234995,0.11374186152255257,0.8412871203150397,0.1813712741678067,0.1182646693643864,0.8028850682544802,0.05246495858928386,0.3788679076523956,False,2026-08-07T17:26:02.434307+00:00
70112,380,-209.217619,600,0.48,-62.17732523000001,-0.0055748915343428965,10.273532066494226,2.7430401004850866,0.0003,1709.9443541061191,1128.626200826785,0.17287016762010632,0.02517121156578663,0.8456728969255912,0.18363140562876204,0.10188627973862388,0.8029033292335183,0.08848865378571884,0.36265703191176735,False,2026-08-07T17:26:05.363063+00:00
75120,415,18.29789,23,0.51,-50.261481859999996,-0.003787556305178441,9.860260842740535,2.735804585367441,0.0003,1706.6438978454764,1127.8744220924073,0.21688466190849026,0.11357779702682039,0.8410585852600669,0.18186541939944478,0.1218654202269926,0.8029033292335203,0.0524485996635439,0.38249090934380553,False,2026-08-07T17:26:08.297484+00:00
80128,446,-8.783868,13,0.51,-48.20469081000001,-0.003787556305178441,9.860260842740535,2.735804585367441,0.0003,4204.355667413327,456.6388174245913,0.1972302595319131,0.0027473857160704926,0.8450539421465345,0.27672203253238514,-0.060646586176246874,0.7928790066859311,0.11428018873523367,0.23101042504977073,False,2026-08-07T17:26:09.488644+00:00
85136,473,-84.20883,241,0.53,-44.61596362999999,-0.003260305659205187,8.90545539483428,2.7166490964591503,0.0003,1835.6140220314849,1043.1735522922236,0.17570010050646076,0.0021085613145505697,0.8019708222120813,0.27672203297037706,-0.06064658375247021,0.7928790066859311,0.11927405493521394,0.23101042736270297,False,2026-08-07T17:26:12.216870+00:00
90144,509,19.713235,21,0.53,-44.47769077,-0.004118194662441965,11.270232175290584,2.7020765237510203,0.0003,1841.0249219813127,1037.3873689578363,-0.07608379040069858,-0.261281390177047,0.8220009387923465,0.14335093889665124,-0.18751042195505654,0.8028849730942578,0.23229114558842232,0.07437694643340093,False,2026-08-07T17:26:14.937076+00:00
95152,541,-287.601683,600,0.53,-41.41717414000001,-0.004118194662441965,11.270232175290584,2.7020765237510203,0.0003,5003.755347841354,380.68368007276,0.18001764412600252,0.03450228776226792,0.8469690257459728,0.13823602790694445,0.0931663663822103,0.802878833454454,0.08444597462583127,0.3538363362133416,False,2026-08-07T17:26:15.937947+00:00
100160,580,21.675492,19,0.54,-44.31871608,-0.004461106457165442,8.778926569223405,2.6799905985593795,0.0003,1900.7359167324073,999.5286474441186,0.11315388513406874,-0.14559503385657624,0.8596906965846046,0.1173948498579813,-0.14993721713081729,0.8677969584361765,0.01012678717969425,0.11802124805107264,True,2026-08-07T17:26:18.572704+00:00
105168,619,-19.954791,10,0.55,-40.349276659999994,-0.004461106457165442,8.778926569223405,2.6799905985593795,0.0003,4347.399658211361,435.8541079656765,0.17404070357074655,0.015218395361878762,0.8548111781309293,0.13893138556576895,0.052049158021266445,0.8028964926849647,0.07269321738511954,0.3127595938352005,False,2026-08-07T17:26:19.724695+00:00
110176,633,20.119223,21,0.56,-41.13606632000001,-0.004588674216211075,10.576242639124393,2.663313236832619,0.0003,1764.0463049386572,1071.300676580435,0.1674695621109623,0.006911194733239145,0.8278597240945033,0.13816689714626895,0.07883202282346166,0.8028964926849651,0.08157459536903974,0.33953471703326665,False,2026-08-07T17:26:22.563621+00:00
115184,683,-34.312015,100,0.55,-42.169343770000005,-0.0008398556426982395,9.012944344431162,2.685816602408886,0.0003,1695.1234229476531,1111.9048763555459,0.08388799995126936,-0.2676238122493374,0.7899242300981906,0.1484917649689125,0.09625541523853944,0.8028982034797204,0.3697973264329172,0.3564412439102901,False,2026-08-07T17:26:25.517994+00:00
120192,726,18.240577,21,0.58,-37.73348196999999,-0.0008398556426982395,9.012944344431162,2.685816602408886,0.0003,4228.57589839053,444.54871927815884,0.21565228942066184,0.11483748962393606,0.8412670521938537,0.1484917659224554,0.09625541304500998,0.8028982654744709,0.07954868497251039,0.3564412416871176,False,2026-08-07T17:26:26.702332+00:00
125200,749,15.104336,26,0.56,-36.06877381000001,-0.005590187724737916,11.929010808467865,2.7114839173853396,0.0003,1874.387351191751,1000.2201512979624,-0.046160601334522176,-0.2482088090402093,0.8118684363236723,0.17591689314108444,-0.3025839495175827,0.802790527845742,0.22881756461607328,0.04546141488978025,False,2026-08-07T17:26:29.374097+00:00
130208,790,-10.525569,12,0.57,-39.306913279999996,-0.005590187724737916,11.929010808467865,2.7114839173853396,0.0003,4537.431883570839,412.0815580218745,0.16285175387450965,0.037726252946955044,0.822975328518613,0.18089616154922808,0.10478809266908878,0.8028789387951266,0.07229630609627881,0.36538610006490824,False,2026-08-07T17:26:30.477800+00:00
135216,809,-181.067225,600,0.55,-40.01079368,-0.0055894759600050746,10.37174566090107,2.715748382359743,0.0003,1902.9762272409198,979.9302657099959,0.08525709643286525,-0.24915770755361233,0.8056910076215569,0.15477803552550023,0.10615365603101269,0.8029027498202999,0.36205952610897246,0.3661908911180753,False,2026-08-07T17:26:33.109476+00:00
140224,862,18.690907,20,0.57,-39.6969859,-0.004535688347823452,16.055320021510123,2.709650035202503,0.0003,1761.7649653666165,1055.6322986097,0.21688866813478402,0.11357384098235644,0.8410577587409851,0.15477803318283678,0.10615365676295747,0.8029027498184416,0.07327069546458014,0.3661908918833526,False,2026-08-07T17:26:35.952056+00:00
145232,885,-11.869587,14,0.57,-39.30119981,-0.004535688347823452,16.055320021510123,2.709650035202503,0.0003,4312.545949752499,430.0865478561328,0.041977704725887584,-0.22783869973102824,0.8199236241832705,0.04340905538316309,-0.24969292603220067,0.8321142816208771,0.025065276792567304,0.11704564981418156,False,2026-08-07T17:26:37.113343+00:00
150240,921,-52.346159,127,0.52,-36.86903617,-0.00677867157937726,11.10485589504242,2.692704447358847,0.0003,1785.2275162206106,1036.1480445450488,0.1451550114181139,0.04077617969726867,0.8021161549815528,0.16511209910081193,0.11710881605537615,0.8028898054996766,0.07890218791185807,0.37714346435263074,False,2026-08-07T17:26:39.918568+00:00
155248,965,20.019202,20,0.48,-39.659476350000006,-0.00677867157937726,11.10485589504242,2.692704447358847,0.0003,4266.760546305919,432.35423689223705,0.09216694048538066,-0.27109891676205267,0.7517792678927642,0.13979071604860502,0.06748436947078097,0.8158528931808028,0.34786792777241377,0.32810734128559677,False,2026-08-07T17:26:41.092316+00:00
160256,991,20.596716,20,0.52,-39.31411955,-0.003383807615318801,14.829556415975095,2.6792135410010816,0.0003,1799.0051534184959,1022.6452083831398,0.17930950460250342,0.06475446195125376,0.8277138825805453,0.13838159972209016,0.08268302477946624,0.8028957670563036,0.05111228444473917,0.34336425367615103,False,2026-08-07T17:26:43.876083+00:00
165264,1020,-172.364694,600,0.59,-42.44439331,-0.003629799166810699,9.128827325999737,2.6857947632670403,0.0003,1860.6113760414692,986.0930786650783,0.13278932750140712,-0.029754898056097677,0.8468245501627603,0.1732957905733888,0.10721817973841699,0.802879345770087,0.14944423234175955,0.36745879983661806,False,2026-08-07T17:26:46.567643+00:00
170272,1045,-393.634901,600,0.63,-46.643708100000005,-0.003629799166810699,9.128827325999737,2.6857947632670403,0.0003,4961.866503704792,368.7580064142855,0.2167763911595486,0.11370567227007385,0.8410836702752581,0.17329579155234073,0.10721817746674916,0.802879345770087,0.058242772443642364,0.3674587976018593,False,2026-08-07T17:26:47.576958+00:00
175280,1069,20.83686,20,0.56,-59.87857741,-0.005557761983072851,11.47301385551691,2.686071776598692,0.0003,1853.4939699670626,984.4758221859367,0.020983601399949744,-0.20174972802380992,0.80859831821313,0.17976734426260196,-0.2878030836991196,0.8072798905039649,0.18060784941989236,0.03411391742934946,False,2026-08-07T17:26:50.278866+00:00
180288,1097,19.389761,21,0.56,-59.92304461,-0.003284032337978715,6.921497626602649,2.6767118096351625,0.0003,1866.3066718827702,975.0337537850816,0.18488265053206476,-0.060316901979973206,0.8699055288540989,0.1395682811958088,-0.08680744620671214,0.8028928336247525,0.08512251361227939,0.17439356588685961,False,2026-08-07T17:26:52.962242+00:00
185296,1136,20.231895,20,0.56,-45.91156052,-0.003284032337978715,6.921497626602649,2.6767118096351625,0.0003,4128.329048180309,439.5734881646336,0.08573970892520265,-0.14155412057769728,0.831943064149598,0.042406424022097114,-0.1259794088922727,0.7929082977092166,0.06036603528171236,0.1782968534555096,False,2026-08-07T17:26:54.175355+00:00
190304,1191,19.751301,21,0.61,-34.11238951,-0.004739459966367576,9.841945721209049,2.670043686032295,0.0003,1707.614538174622,1059.7801550310642,0.14543384244811847,0.02589419464316246,0.8134763080090557,0.17018942279931745,0.08743168644763827,0.802903640831996,0.06716757363004468,0.34758107124070103,False,2026-08-07T17:26:57.108083+00:00
195312,1206,14.633515,24,0.64,-28.193610550000002,-0.004739459966367576,9.841945721209049,2.670043686032295,0.0003,4334.762241455203,416.3291778130273,0.168034591550659,0.05684421060301807,0.8167605341919594,0.18158942282556517,0.11856167572337399,0.8029036408319958,0.06468997175268301,0.37917679979717905,False,2026-08-07T17:26:58.263403+00:00
200320,1239,19.986938,21,0.55,-43.34747310000001,-0.003177398866682779,8.950609113276006,2.656550320982933,0.0003,512.8353513086715,3509.2744589613653,0.0850003794908587,-0.26511526079206815,0.7946242317130745,0.16416609678319566,-0.07655406790341342,0.8028798377409215,0.20467215074086095,0.18349323247791027,False,2026-08-07T17:27:08.028731+00:00
205328,1266,-284.474417,600,0.52,-52.20095808000001,-0.004459681711159647,12.405019640922546,2.6499010883271694,0.0003,1738.9685731699583,1032.0324517012405,0.15354851701066125,-0.05182308696036246,0.8643696498963375,0.16156429668145195,-0.07894082812438306,0.8028824395882289,0.06767792580334483,0.18106592927547632,False,2026-08-07T17:27:10.908569+00:00
210336,1301,-74.230025,148,0.44,-63.05558589999999,-0.004459681711159647,12.405019640922546,2.6499010883271694,0.0003,4319.97401073357,414.27656637593964,0.14480292096322747,0.03922330488284689,0.802200018536584,0.13809704854261975,0.080507597388092,0.8028894702154274,0.04183105157891163,0.34121131745819233,False,2026-08-07T17:27:12.067848+00:00
215344,1335,-53.476787,118,0.48,-47.40534374,-0.00438922659814125,12.751843146979809,2.6424545995891093,0.0003,1867.8459381586456,955.4620986350428,0.1592514493410495,0.03694547179667276,0.8195080958176583,0.13838451894842696,0.08635370221012827,0.8028894701804856,0.05614962809020338,0.34702754365576394,False,2026-08-07T17:27:14.749006+00:00
220352,1370,-219.989992,600,0.42,-52.998778499999986,-0.00438922659814125,12.751843146979809,2.6424545995891093,0.0003,5079.350375515127,350.3692142559698,0.1495971461536806,-0.06145216125383689,0.8715078804315137,0.1859080001090793,-0.08074478792993238,0.8028927318138452,0.07999201321918468,0.18111779460874894,False,2026-08-07T17:27:15.734971+00:00
225360,1387,-99.89294,249,0.42,-52.23639403,-0.004517321354069281,12.062639226019382,2.6363597556948664,0.0003,1900.6249855338565,933.7139170047956,0.10932525535098218,-0.08748032602552044,0.8402253339178662,0.16181907300148604,-0.11998567593701918,0.8331737961130923,0.06214437102268779,0.1400261403074374,False,2026-08-07T17:27:18.369883+00:00
230368,1426,19.412253,22,0.43,-52.634799730000005,-0.005370279391354415,11.154175993055105,2.6385897532105447,0.0003,1824.0513084145912,970.1656920704216,0.16558533649484414,-0.01788914216738402,0.8596731980650173,0.13868595236482203,-0.03325459698743322,0.8028887504824906,0.06468498709634389,0.2277449591405394,False,2026-08-07T17:27:21.115424+00:00
235376,1462,21.571519,19,0.52,-47.71082586000001,-0.005370279391354415,11.154175993055105,2.6385897532105447,0.0003,4243.690284640401,415.8229940546968,0.1887959046073831,0.020556287265149353,0.8659064564722851,0.16397288004172417,0.06666357159380593,0.8029032264457768,0.08192356932241177,0.3266877297699556,False,2026-08-07T17:27:22.295539+00:00
240384,1482,15.39571,25,0.53,-45.51586604,-0.0047877641656668855,19.62348477244377,2.6358712695539,0.0003,1808.4199521091114,973.0129320613872,0.15402472835368397,0.03672078204661412,0.8139375657142746,0.18107629148833593,0.0912325720233474,0.8029032264457772,0.061847222715234705,0.351864362664134,False,2026-08-07T17:27:25.064789+00:00
245392,1517,18.144789,22,0.53,-49.39201910999999,-0.0047877641656668855,19.62348477244377,2.6358712695539,0.0003,4208.8602018161855,416.88436200443545,0.1711471410706863,0.05754495625623099,0.82043552114241,0.14734836309413205,0.08901154051075504,0.8028972276380061,0.04317545016408053,0.3492407755776641,False,2026-08-07T17:27:26.254665+00:00
250400,1548,16.908823,23,0.5,-60.791237519999996,-0.005351837145281024,15.826505939662457,2.619185907393694,0.0003,1739.6755884666834,1005.7047484020075,0.1443334713872087,0.027461496817322538,0.8014655654115617,0.14300518616855043,0.09358167121449196,0.8028972276380066,0.06614900952141939,0.35398986131808735,False,2026-08-07T17:27:29.133367+00:00
255408,1566,-65.91326,129,0.44,-58.23650256999999,-0.006532870073715458,20.543486641347407,2.6151619262993338,0.0003,1695.7312957181825,1028.8139426365449,-0.006373633636539741,-0.2059565584445256,0.8194975054112668,0.2982848642580551,-0.27943616943082017,0.792877391569341,0.31452294674799985,0.13964407744337845,False,2026-08-07T17:27:32.086661+00:00
260416,1610,21.089999,20,0.53,-44.593090440000005,-0.006532870073715458,20.543486641347407,2.6151619262993338,0.0003,4736.231815459655,367.2928327371518,-0.05027029706688473,-0.2291250841711552,0.807260992990597,0.29828486350389133,-0.2794361670712545,0.7928773915693411,0.35246105176734877,0.13964407636814236,False,2026-08-07T17:27:33.144056+00:00
265424,1636,-23.49294,134,0.53,-46.72505507000001,-0.0024316319471836324,16.045490072667597,2.6139286257326604,0.0003,1864.7800390319585,930.177266859018,-0.022224139954465053,-0.16436741785190492,0.7933570977872056,0.07068949547386853,-0.14681416693069457,0.7928721897015651,0.09455842322217402,0.1441783583839989,False,2026-08-07T17:27:35.829615+00:00
270432,1665,-241.51295,600,0.56,-52.17865554,-0.005068375337577891,18.153212402760982,2.6034098125994207,0.0003,1926.1122336715687,897.9580575650492,0.14513546419779946,0.04079015482133416,0.8021693221219168,0.16956372676366024,0.10672443588219845,0.8028841756104039,0.07031771075987672,0.3668491198609132,False,2026-08-07T17:27:38.429685+00:00
275440,1688,-9.187929,13,0.53,-54.91122447,-0.005068375337577891,18.153212402760982,2.6034098125994207,0.0003,4412.568419146509,390.82906737876016,0.1519596526391933,0.04620745577470137,0.8021207898239751,0.1695637248210214,0.10672443743020063,0.8028841756104039,0.06303008157962331,0.36684912135774483,False,2026-08-07T17:27:39.564616+00:00
280448,1720,19.577939,21,0.51,-58.43109987,-0.006073033468419453,21.183628557622434,2.5956527210772036,0.0003,1721.6606628284003,998.7752157704898,0.17930246750769563,0.03580884751885516,0.8450766730229429,0.17685230208711886,0.07843198465908256,0.8028771494619531,0.06002945043091227,0.33885130710375166,False,2026-08-07T17:27:42.473430+00:00
285456,1758,-9.864153,14,0.53,-56.53231787000001,-0.006073033468419453,21.183628557622434,2.5956527210772036,0.0003,4275.085009270623,401.05494891492697,0.14229281101702895,-0.052949860247618614,0.8355534136007544,0.18578789557902498,-0.08557819012669128,0.8028771492351641,0.0634363345776119,0.1763178474173144,False,2026-08-07T17:27:43.644914+00:00
290464,1795,15.942629,29,0.58,-45.27059549,-0.004010986191860866,17.68964563012123,2.588811826705933,0.0003,1770.8058779587338,965.4000030599844,0.17511526687627743,0.028835215798332224,0.844461902869914,0.16179496701461848,0.05609940095974677,0.8028898208669943,0.05146847756615579,0.31610449726901124,False,2026-08-07T17:27:46.472970+00:00
295472,1822,-236.862138,600,0.6,-47.802045529999994,-0.00485279861750314,21.260029330849648,2.578355384618044,0.0003,1840.9356943852492,925.9030639683477,0.1243340796376717,-0.045328500591576566,0.8676874562795445,0.07296667527410444,-0.09589965872804443,0.7928886607713517,0.10387931495630066,0.185751774199913,False,2026-08-07T17:27:49.193319+00:00
300480,1847,17.470296,23,0.56,-47.393181219999995,-0.00485279861750314,21.260029330849648,2.578355384618044,0.0003,5162.253293336355,329.220575478892,0.14668908834831773,-0.05689496706695339,0.8010436654083892,0.07398913935332031,-0.023914001860163972,0.7928886607713513,0.08024668685046624,0.2512657291929507,False,2026-08-07T17:27:50.163449+00:00
305488,1866,17.974352,21,0.58,-53.14861770999999,-0.004544270546466578,22.507750185579063,2.566148690879345,0.0003,1899.299457293266,892.1773728166526,0.12531848612301902,-0.06678615080694043,0.874301382814525,0.1417209552704485,-0.12005921741971468,0.8332026564819275,0.06925435673387775,0.14112953661586095,False,2026-08-07T17:27:52.800205+00:00
310496,1890,-194.848157,600,0.49,-75.25732526000002,-0.004544270546466578,22.507750185579063,2.566148690879345,0.0003,5260.6114539422015,321.1611453900322,0.12853869282020097,-0.07473810639014916,0.8814128654226724,0.09167889614462597,-0.09565566382827856,0.7929018496090547,0.09813454407343342,0.17797986982729422,False,2026-08-07T17:27:53.752196+00:00
315504,1915,-49.028491,136,0.45,-79.49441539,-0.0034424094366841016,11.445750106871127,2.561329283565283,0.0003,1839.2545736464517,915.8579916755994,0.15348984548294412,0.02956047961696097,0.8191558601812177,0.16317075184057667,0.11167872921832814,0.8028898671591419,0.08427164051145503,0.3716922536461929,False,2026-08-07T17:27:56.475049+00:00
320512,1955,-4.286791,97,0.46,-67.56581937,-0.0029297147368197328,12.990152536332607,2.565653260797262,0.0003,1993.817661963058,842.3478395443756,0.15459929754206242,0.023881669828613637,0.8240638959635004,0.16782657111341193,0.11467193082532313,0.802889867159142,0.09416035128327502,0.3747536670451258,False,2026-08-07T17:27:58.986801+00:00
325520,1987,-8.50601,11,0.53,-48.63394006000001,-0.0029297147368197328,12.990152536332607,2.565653260797262,0.0003,4560.818793155821,367.14460186684096,0.16781468786710613,0.04999503230860846,0.8207963763309423,0.1340662099199525,0.0838609240820056,0.8029065173502942,0.05104806993123676,0.3448374929998866,False,2026-08-07T17:28:00.084848+00:00
330528,2023,-39.013078,55,0.52,-39.735216879999996,-0.005220117811404634,15.124333228170872,2.5693487614393233,0.0003,2026.9821129232994,823.6244362276583,0.1646126086115376,0.022453407078247417,0.8323938680992048,0.1345800500567063,0.08540535595468776,0.8029065173502942,0.0757258627872975,0.34633947764773243,False,2026-08-07T17:28:02.555515+00:00
335536,2068,18.721146,23,0.55,-36.96105721000001,-0.005220117811404634,15.124333228170872,2.5693487614393233,0.0003,4823.867883671822,345.0475925416611,0.025072315674641438,-0.1129063383827826,0.8049976198739116,0.09577399194917448,-0.09165741468482139,0.7929056643531068,0.07480948586020203,0.18017826212044255,False,2026-08-07T17:28:03.593686+00:00
340544,2099,21.46774,20,0.5,-41.005711590000004,-0.004384155772277154,15.729315501451492,2.563884621858597,0.0003,2179.6247709093295,761.3493946977317,0.10904281040788151,-0.13161080293703592,0.8466908766648233,0.09347601294658288,-0.12548734340560394,0.7929056643532089,0.05632646805223655,0.15006363862563488,False,2026-08-07T17:28:05.891336+00:00
345552,2123,20.908406,21,0.53,-42.838700939999995,-0.004358217779372353,11.88758680075407,2.542636276781559,0.0003,2201.6912274471574,751.4441531923251,0.17700989393642488,-0.09207956138617653,0.8351785045600943,0.14864593616898936,-0.084447976787305,0.8186308497456565,0.03371320310472424,0.17591880973775734,True,2026-08-07T17:28:08.165950+00:00
350560,2159,17.439382,22,0.54,-42.53799054000001,-0.004358217779372353,11.88758680075407,2.542636276781559,0.0003,4990.29134170296,330.5298001773822,0.04115683497151394,-0.17340703749734404,0.8533070495472216,0.2255706746453467,-0.2860162257177925,0.7928945085053549,0.22436347441161117,0.07054330141158009,False,2026-08-07T17:28:09.169508+00:00
355568,2181,20.242245,21,0.54,-49.13197526000001,-0.006018156937352614,22.94730484187603,2.5283937878906726,0.0003,1733.2644182251138,948.7484902528148,0.04472116740958402,-0.19340006283384592,0.8389342678591908,0.22557067217708998,-0.2860162258789185,0.7928945085053554,0.20833616218314743,0.07054329917673478,False,2026-08-07T17:28:12.058908+00:00
360576,2211,-21.631607,71,0.57,-57.69913029,-0.004854175442596897,8.211397979408503,2.5272755101323128,0.0003,1774.4346671183341,923.9134189496026,0.1480229506415889,-0.01820985272484253,0.8430155102196792,0.18208521957672275,-0.030008401560967256,0.8028805089272331,0.05394684651017574,0.231049545068354,False,2026-08-07T17:28:14.881143+00:00
365584,2230,-54.903617,158,0.55,-59.39997797,-0.004854175442596897,8.211397979408503,2.5272755101323128,0.0003,4420.270933344108,369.7547106605749,0.04970604516454323,-0.1699254072480157,0.8668025264121374,0.04184603488714751,-0.16884332725063483,0.7928917649312823,0.0743353974991817,0.14923102378066036,False,2026-08-07T17:28:16.014114+00:00
370592,2251,-20.13389,11,0.54,-63.92876185,-0.004909476191096473,11.009075109660625,2.521446617692709,0.0003,1811.1883907762422,899.634741641462,0.08431847057971677,-0.11327029256281136,0.9026446493291147,0.07874130928106604,-0.18639981911532816,0.7928977828638482,0.13199775407517914,0.10963558475062639,False,2026-08-07T17:28:18.779145+00:00
375600,2288,23.080109,20,0.52,-67.43530133,-0.004909476191096473,11.009075109660625,2.521446617692709,0.0003,4922.80433439609,329.9745205492257,0.137300964451308,-0.04876002546789521,0.8732915897977942,0.15032523333742184,-0.03641177191338527,0.8028951827581398,0.07264822826440415,0.22379744602851792,False,2026-08-07T17:28:19.796457+00:00
380608,2329,19.351535,21,0.6,-46.68460239000001,-0.0015309783004340716,11.280384412407875,2.519454101473093,0.0003,1808.4979586129657,895.4347956477644,0.14459385370855166,0.033838016608366675,0.801884636444899,0.18160954095465245,0.06731126937776459,0.8028868083803663,0.04991617074509415,0.32802383956345976,False,2026-08-07T17:28:22.565606+00:00
385616,2350,-215.061059,600,0.61,-48.20112889999999,-0.002821897120156791,13.58299374729395,2.5229867063462734,0.0003,1793.477080118662,900.1419744339233,0.12074711123108237,-0.12006130845196858,0.8666216194903383,0.22486519198405414,-0.1513040483485667,0.7928868083803663,0.13135260144112904,0.12657923619827594,False,2026-08-07T17:28:25.357948+00:00
390624,2372,19.986748,21,0.59,-53.60126778,-0.002821897120156791,13.58299374729395,2.5229867063462734,0.0003,5139.51876657859,313.13748875974466,0.10130348442338388,-0.07334554158959393,0.8882812752706227,0.09041351916600626,-0.0858919961747102,0.7928930869582025,0.09682412579253696,0.18749900082636947,False,2026-08-07T17:28:26.332368+00:00
395632,2402,15.478501,27,0.56,-55.94158576999999,-0.003836074345599627,11.35019184499979,2.518216674774885,0.0003,1776.542034459465,903.0847392744912,0.14248717506639652,-0.0209443467039339,0.835545807264374,0.0747518445621387,-0.03930532084145177,0.7928930869582027,0.08212463040596357,0.23658695951901557,False,2026-08-07T17:28:29.151312+00:00
400640,2440,-202.255445,600,0.55,-55.23374030000001,-0.003836074345599627,11.35019184499979,2.518216674774885,0.0003,318.5220536882676,5021.190782492154,0.14560930942911476,0.04174888627589221,0.802109417671179,0.18100041365077374,0.10487306001269997,0.8028896733118369,0.07237264930101563,0.3654769039166975,False,2026-08-07T17:28:44.873942+00:00
405648,2460,-19.832195,10,0.57,-50.182536770000006,-0.004714543130830862,9.838038736581803,2.509845731407404,0.0003,1809.1364323473654,881.2779243693184,0.14484209587330488,0.03807054780775411,0.8020347719114452,0.18100041610789724,0.10487305977183839,0.8028896733118369,0.07596532487459885,0.365476903817421,False,2026-08-07T17:28:47.642110+00:00
410656,2506,21.464469,20,0.57,-46.41261893,-0.0035482784696796443,13.810826379060746,2.5078560069203375,0.0003,1846.7157046415305,860.6327416858734,0.1442536497433402,0.03156290707299851,0.8066742205173328,0.14837458679465199,0.10317284553734693,0.8028857030641324,0.07182839461899344,0.3633588666427293,False,2026-08-07T17:28:50.353956+00:00
415664,2538,-58.715547,178,0.58,-39.76202169,-0.0035482784696796443,13.810826379060746,2.5078560069203375,0.0003,4780.487403613949,331.4172523082636,0.14484173471040684,0.029556792178051607,0.8079657926834564,0.1483745855684228,0.10317284769324578,0.8028857030641324,0.07387565211449235,0.3633588688367568,False,2026-08-07T17:28:51.401542+00:00
420672,2563,-260.267411,600,0.55,-42.21618541000001,-0.004729929385939613,14.413979156315326,2.494041495770216,0.0003,1781.0896712936676,886.7200935778146,0.11561448420302833,-0.17458478067514252,0.8417868661833794,0.1262561490690902,-0.14420324457990516,0.8391537561190501,0.03229885501436015,0.12061316694900573,True,2026-08-07T17:28:54.213308+00:00
425680,2601,20.176152,21,0.54,-40.492756560000004,-0.004729929385939613,14.413979156315326,2.494041495770216,0.0003,4312.552147614616,365.05529582310027,0.1713593449025741,-0.0015776378037391237,0.8693295785697208,0.15278188619644073,0.10717471259077607,0.8028863096763726,0.12879015362031085,0.3672456544780348,False,2026-08-07T17:28:55.374571+00:00
430688,2628,8.07555,80,0.55,-44.59152562,-0.004174558518570848,7.075976651161909,2.4688091039657594,0.0003,1771.4099438784235,885.9112513301473,0.14522696632210155,0.038754086633993226,0.8031855498517056,0.15278188579658786,0.10717471502528766,0.8028863096763726,0.06883711747602533,0.36724565691993516,False,2026-08-07T17:28:58.201694+00:00
435696,2661,-207.048107,600,0.56,-46.20584753999999,-0.008081066979502793,11.22530005723238,2.458127834647894,0.0003,1749.7258951850847,894.0280327934046,0.17453089663506127,0.05755430066742118,0.8259572414607517,0.13970859956699733,0.0659614962554946,0.8029449297140863,0.04257745650785555,0.3265924646599387,False,2026-08-07T17:29:01.063861+00:00
440704,2687,-196.150426,600,0.59,-42.54264524999999,-0.008081066979502793,11.22530005723238,2.458127834647894,0.0003,4717.7383936298065,330.51769087185113,0.15403836632493884,0.03458129498097533,0.8154380392435294,0.13837947711639423,0.08464230352176695,0.8029021870375135,0.05393007489238042,0.3453198001658032,False,2026-08-07T17:29:02.125381+00:00
445712,2711,-75.539591,194,0.52,-53.75310839000001,-0.0049426898040110245,6.575363745540381,2.461286610364914,0.0003,1846.1508687952567,841.9073577742225,0.15185726929582827,-0.0004642677760688628,0.8210984825032537,0.13688687413115533,0.03229651771072804,0.8145863623893438,0.036603135186434176,0.2932089201461085,False,2026-08-07T17:29:04.838058+00:00
450720,2741,21.654362,20,0.51,-53.39050026999999,-0.0076432033485616556,11.503938838839531,2.4650106236338614,0.0003,1856.99356344707,834.2947603566959,0.13830418129424352,-0.06219898305712904,0.8471760231127579,0.09074836024453418,-0.07206281224009577,0.7929056520909187,0.07282941996687056,0.2002902297964689,False,2026-08-07T17:29:07.534886+00:00
455728,2752,-219.96234,600,0.46,-58.73548976,-0.0076432033485616556,11.503938838839531,2.4650106236338614,0.0003,5369.090617045761,287.6226367082078,0.15763687694013218,-0.03958494834380284,0.8686321341887074,0.09074836024645158,-0.07206280976707259,0.7929056520909187,0.10612909704231269,0.20029023211630367,False,2026-08-07T17:29:08.467642+00:00
460736,2802,-230.687164,600,0.49,-53.66374909,-0.006502068263944239,8.09266027584672,2.4458042755723,0.0003,1798.6086440970696,855.8081854280953,-0.01740301383981404,-0.21539168472552075,0.8168558185987858,0.184953337931198,-0.29811935764428676,0.8024384585188741,0.21908861504035698,0.045560448868745884,False,2026-08-07T17:29:11.252005+00:00
465744,2819,19.851116,21,0.49,-48.66949159999999,-0.006502068263944239,8.09266027584672,2.4458042755723,0.0003,4470.522099369319,343.1939191658276,0.1764815873811192,-0.0844996245874996,0.8347565219033821,0.14649076976883021,-0.084267270364811,0.802880038035891,0.043767720448897075,0.1762512172056499,False,2026-08-07T17:29:12.372240+00:00
470752,2860,-198.213788,600,0.52,-46.878800150000004,-0.006270334271539469,7.152933681756258,2.4471421867609022,0.0003,1758.3577517477202,869.7024245947695,0.17566453521479025,0.031182834447161432,0.8401771912040092,0.15492389429324838,0.01979208885240043,0.8028854055378261,0.04416560368899592,0.2798381314859282,False,2026-08-07T17:29:15.220378+00:00
475760,2872,-192.139825,600,0.54,-42.987417830000005,-0.0055715772134135476,9.199728499352933,2.4638015165925027,0.0003,1782.9420988528182,854.9015702645238,0.11746558855446888,-0.03915831516964231,0.8542732697709696,0.08415179432711928,-0.0967431353892372,0.7928854055378258,0.09052231924035173,0.18001598303020916,False,2026-08-07T17:29:18.029189+00:00
480768,2900,15.780395,61,0.5,-63.07564763000001,-0.0055715772134135476,9.199728499352933,2.4638015165925027,0.0003,5150.583709991165,294.96307322468624,0.18598834570384704,0.04315106323713119,0.8495897555490914,0.16119489196502224,0.1158301783441342,0.8028819207507869,0.08988098215185426,0.375832077823317,False,2026-08-07T17:29:19.001508+00:00
485776,2923,19.218736,23,0.5,-61.72124344000001,-0.0055528343553305605,12.605328607559205,2.478834815323353,0.0003,1930.600860233357,784.3278386486223,0.216728369092799,0.11374136052908475,0.8410652644363235,0.16119489069455012,0.1158301804711525,0.8028819207507869,0.06742624212253683,0.3758320799462853,False,2026-08-07T17:29:21.595531+00:00
490784,2948,21.160111,20,0.45,-65.46406335,-0.0055528343553305605,12.605328607559205,2.478834815323353,0.0003,5083.581585810456,296.88045220177014,0.14400968922821336,0.023421141319372833,0.8115857594173894,0.14316433628334746,0.06214083482977656,0.8021976541823943,0.03985054337200857,0.32258046598888407,False,2026-08-07T17:29:22.580655+00:00
495792,2976,22.349409,20,0.47,-64.76674229,-0.005511958876013523,8.313923225551843,2.481587627530098,0.0003,1850.5057780417587,812.8631738679477,0.14473590677188503,0.039402497897785056,0.8022433807681939,0.14145021237003702,0.09089579609981463,0.802904165923988,0.051602249800251875,0.35138576286133083,False,2026-08-07T17:29:25.286952+00:00
500800,2996,20.485087,21,0.46,-54.25796666,-0.006628938538779039,10.102925531566143,2.451889828592539,0.0003,1805.403111178573,830.3962648105316,0.18012316687480917,0.06006074304410542,0.830687049420137,0.16330520645031052,0.12043227847929283,0.8028850122074295,0.06856033369827534,0.3804466360721637,False,2026-08-07T17:29:28.060835+00:00
505808,3039,22.740999,20,0.45,-56.62897993000001,-0.006628938538779039,10.102925531566143,2.451889828592539,0.0003,4449.739293865631,335.7931558057523,0.14493022501517283,0.04001103193541475,0.8022033207095017,0.16330520627926082,0.12043227600753362,0.8028850122074295,0.08249655227863312,0.38044663359901176,False,2026-08-07T17:29:29.186301+00:00
510816,3080,18.638175,22,0.54,-36.54206637,-0.008005813983618281,14.40227185189724,2.422673811018467,0.0003,1729.2967712196642,861.1500494213531,0.10131346892759069,-0.1675191319893582,0.8510554090001832,0.14790660695322308,-0.03307009962306161,0.8028813575778975,0.15022716813461579,0.2272519083318576,False,2026-08-07T17:29:32.082277+00:00
515824,3101,-44.102754,121,0.53,-33.83551738,-0.008005813983618281,14.40227185189724,2.422673811018467,0.0003,4435.612666063006,334.604509396294,0.03927075729726871,-0.16310893386355002,0.8801259362051843,0.03143359666767584,-0.2303459400913405,0.7929057307730003,0.11040652303574439,0.13194196957327953,False,2026-08-07T17:29:33.211319+00:00
520832,3118,20.88195,21,0.47,-52.20117475,-0.004523303591122385,12.889012129604817,2.410300310701132,0.0003,1845.6554612360567,801.4323534736999,0.1693356097198669,0.04414027175775999,0.8267415299459794,0.13948458491065088,0.106634729794828,0.8028824031090229,0.07325229621608637,0.36720826154651653,False,2026-08-07T17:29:35.924805+00:00
525840,3143,18.927556,20,0.48,-54.13420006000001,-0.001506591979705263,4.09947719052434,2.4309531189501286,0.0003,1934.316750911902,762.1088941638081,0.14546981950441384,0.03831075610194942,0.8017889728262428,0.1394845865014978,0.10663472790480959,0.8028824031090229,0.06859434179872657,0.3672082595705716,False,2026-08-07T17:29:38.513749+00:00
530848,3177,-195.406573,600,0.46,-64.69673063,-0.001506591979705263,4.09947719052434,2.4309531189501286,0.0003,5292.225138345657,277.605725681439,0.14756426654265586,0.041363899972924875,0.804402129582387,0.14992550771559382,0.12001131774771728,0.8028944106530223,0.07869729981955845,0.380144836886081,False,2026-08-07T17:29:39.460052+00:00
535856,3218,-34.53872,87,0.53,-45.18363130999998,-0.006562285890686326,13.51410139799118,2.4290521435439585,0.0003,1870.09175498564,782.926290165502,0.18159845749060136,0.023281389169594116,0.8592708442404203,0.1499255059312308,0.1200113194508534,0.8028944106530224,0.11635358841365319,0.3801448386359076,False,2026-08-07T17:29:42.137996+00:00
540864,3243,11.518932,28,0.55,-40.22387666,-0.005701484265591717,12.128079570829868,2.398250647634268,0.0003,1864.2170056281316,782.7071610197853,0.17743603944297756,0.056258756708240154,0.8291520087574779,0.1704517003109107,0.07655695662585243,0.802825146414381,0.033969127069141014,0.3367192051140609,False,2026-08-07T17:29:44.824367+00:00
545872,3273,20.144239,20,0.6,-34.51014561,-0.005701484265591717,12.128079570829868,2.398250647634268,0.0003,4487.957857573383,324.00660749213006,0.15364017734646954,0.03586147671745901,0.8149252448502974,0.17799227023511563,0.09567024089523585,0.8029018991351967,0.06568617466952235,0.3561250370960859,False,2026-08-07T17:29:45.940248+00:00
550880,3299,18.753869,20,0.54,-45.016068830000016,-0.0062557697849115355,10.992460526525974,2.388663912564516,0.0003,1825.0589596653408,794.0127042611947,0.15539481633968258,-0.007996956869939089,0.8566143405884764,0.14761501776554561,0.08795885352390041,0.8028946157627198,0.11024450847796288,0.34817919456885266,False,2026-08-07T17:29:48.684287+00:00
555888,3316,19.604687,21,0.51,-52.390963800000016,-0.0062557697849115355,10.992460526525974,2.388663912564516,0.0003,4517.663330425521,319.6590569895297,0.16572426852006494,0.033965391834648646,0.8292885855814414,0.13922969922512649,0.0968023202456873,0.8028946157627199,0.07312375412306094,0.3574063529471528,False,2026-08-07T17:29:49.792817+00:00
560896,3351,19.695122,20,0.54,-49.739652969999995,-0.007195009404676966,6.41024963632226,2.3851592041552068,0.0003,1793.9873096665638,802.1818171431081,-0.04909259987509635,-0.20688601924172137,0.835181296987153,0.17400825326339298,-0.28443897148916714,0.8029023188717026,0.23839124040449583,0.028169034185425733,False,2026-08-07T17:29:52.584354+00:00
565904,3375,19.626779,22,0.49,-53.45545243000001,-0.006344548954803031,7.509910298138857,2.384817835688591,0.0003,1978.537156664265,724.8264179267823,0.14463570194869102,0.036358783347515126,0.8020461321209179,0.1396135249860358,0.08961188632096172,0.8028902307550636,0.05349605350162662,0.350205767257474,False,2026-08-07T17:29:55.115516+00:00
570912,3399,19.153586,22,0.52,-52.18138530000001,-0.006344548954803031,7.509910298138857,2.384817835688591,0.0003,5138.565730474926,278.11028893230065,0.08647091889735718,-0.26981071578126037,0.7579710707976444,0.15978113392589277,0.0921947406792876,0.7997623938553894,0.3717107111957585,0.3521948086847803,False,2026-08-07T17:29:56.090111+00:00
575920,3430,-209.729291,600,0.52,-49.28721446999999,-0.00654206100734882,13.12757774144411,2.384648109972477,0.0003,1864.3526851065774,763.8468897952059,0.17834255306543087,0.02701960163663955,0.8503019960664577,0.16197310557503528,0.09551688022768072,0.8028843301293793,0.08490153725604674,0.35552235551710853,False,2026-08-07T17:29:58.776300+00:00
580928,3446,-188.128789,600,0.49,-52.564082070000005,-0.00654206100734882,13.12757774144411,2.384648109972477,0.0003,5138.476480025207,276.16590355455685,0.11896787291005893,-0.031152154674871833,0.8482349599391907,0.14062969629635783,0.04681970053508666,0.8028810896955458,0.09276755005592913,0.3074305406136671,False,2026-08-07T17:29:59.750902+00:00
585936,3476,18.6695,26,0.46,-60.708191340000006,-0.007455346677306807,7.578296232968569,2.387306874245405,0.0003,1732.862474235054,816.027827380945,0.16425344547385426,0.04178500961908227,0.8220976511764049,0.13816302623538487,0.08167966226248098,0.8028810896955463,0.05139620142310277,0.34237675888850805,False,2026-08-07T17:30:02.640934+00:00
590944,3493,-199.357811,600,0.49,-56.65830287,-0.003129977418575436,5.321171864494682,2.3993249319493772,0.0003,1804.0567240490086,781.048611840501,0.08517579784774226,-0.268280924166444,0.7899801820273615,0.15756935439535258,0.08330290386863434,0.8028857843442561,0.3591915502020801,0.3433115084623471,False,2026-08-07T17:30:05.416883+00:00
595952,3530,-49.824607,129,0.46,-59.01536110999999,-0.003129977418575436,5.321171864494682,2.3993249319493772,0.0003,4350.440330520452,322.73698598965285,0.1876893493877001,0.02211841268277752,0.8697115759050762,0.15755294389827929,0.08332621756812812,0.8028857845375715,0.09550018170977059,0.34333493814816257,False,2026-08-07T17:30:06.568040+00:00
600960,3560,20.350041,21,0.48,-53.60168762,-0.004995710508228513,6.5756736330688,2.40033028498292,0.0003,442.7124422473602,3160.155140203409,0.03193840426275468,-0.19987512717386596,0.8174087888292473,0.18152017841601764,-0.2933323777361857,0.8028346866524309,0.17697844302560203,0.03967575436718247,False,2026-08-07T17:30:17.880121+00:00
605968,3590,-204.21615,600,0.48,-48.91639358999999,-0.004995710508228513,6.5756736330688,2.40033028498292,0.0003,4398.6368424579505,316.9236401932689,0.08265181951902337,-0.2673309156190959,0.7899169780934296,0.15333755667150648,0.091802483324802,0.8028799402308952,0.36625306833003357,0.3518655644199969,False,2026-08-07T17:30:19.018659+00:00
610976,3607,-25.692364,113,0.45,-52.89136591,-0.005941458017332479,8.327053601294756,2.404258934408426,0.0003,1808.746035992756,767.9486076869904,0.19003734028348385,0.04076660631618312,0.8572458724814962,0.15333755668919372,0.09180248095165386,0.8028800810109543,0.08310940920192886,0.35186556204693936,False,2026-08-07T17:30:21.787426+00:00
615984,3639,20.353371,21,0.48,-53.71937668999999,-0.007037229737034067,8.390237085521221,2.3893419981002806,0.0003,1897.6355871406442,729.3370810385329,0.08518904502536005,-0.2684569033112338,0.7899893630531627,0.16412498875708417,0.07666240818522886,0.802893023359761,0.35426646303300907,0.3366876781489393,False,2026-08-07T17:30:24.426495+00:00
620992,3666,19.828074,22,0.52,-52.08484960999999,-0.007037229737034067,8.390237085521221,2.3893419981002806,0.0003,4863.14467856244,283.56302169641367,0.167311212977316,0.017917299439585976,0.8441815489590407,0.15856629594392543,0.08678535398835058,0.8028930234161755,0.08077143587157737,0.3467883176350467,False,2026-08-07T17:30:25.456283+00:00
626000,3682,-187.30542,600,0.48,-62.18590565999999,-0.007093716041708831,9.827188232541085,2.371434484422207,0.0003,1960.7202461173583,700.762897063368,0.14923943864597772,-0.018494920254894978,0.8624369985079389,0.17318643835492703,0.030768689573329344,0.8028839657325194,0.08091307534087505,0.2910675402594378,False,2026-08-07T17:30:28.010455+00:00
631008,3703,19.176434,20,0.48,-62.097338609999994,-0.0021677557277143935,8.823662737756967,2.3661924719810488,0.0003,1862.6392801875738,734.9742994049487,0.15323811995286413,-0.08316797396612206,0.838614305255324,0.1519980668346672,-0.08128632776008354,0.8098921032451581,0.02881047053578653,0.17889272645878798,True,2026-08-07T17:30:30.699106+00:00
636016,3726,-22.193314,64,0.45,-65.48249632999999,-0.0021677557277143935,8.823662737756967,2.3661924719810488,0.0003,4422.066006338026,308.44948900469575,0.1539439326624777,-0.04964746402760706,0.8580265439672448,0.1827499431131461,-0.08124817076167772,0.8028941284323396,0.06977086889877611,0.1801937190017946,False,2026-08-07T17:30:31.831616+00:00
641024,3758,-29.551704,82,0.42,-65.91885059,-0.0047579927748302,9.070249544084072,2.358704277873039,0.0003,1858.1260488799091,731.369112886179,0.1446562032681419,0.011795141919187384,0.8045650791110284,0.13654379977889028,0.07127033998147148,0.8028837949887055,0.06004945454556867,0.3320997312258059,False,2026-08-07T17:30:34.526801+00:00
646032,3779,-200.425695,600,0.39,-65.50429638,-0.0047579927748302,9.070249544084072,2.358704277873039,0.0003,4442.766233911818,304.75787577232995,0.17163747819996764,0.031112565021605948,0.8394842926493483,0.1371603743259523,0.08028686552041955,0.8028837949887074,0.07033049800828829,0.3410524876710954,False,2026-08-07T17:30:35.654027+00:00
651040,3802,-90.644314,197,0.39,-65.82498084,-0.005223054173984565,8.716293551027775,2.3442409329116343,0.0003,1801.3951463957474,748.8418089162808,0.043802195586795656,-0.16882048552339463,0.829394449946505,-0.04573148986623343,-0.14568401940212564,0.6843823913808756,0.17198858690280616,0.2353584273881726,False,2026-08-07T17:30:38.434098+00:00
656048,3815,-37.597067,114,0.36,-69.9541484,-0.005299271483818302,5.383596403151751,2.318620715290308,0.0003,1935.0409320738092,694.5341453628419,0.14606713558060594,0.02322466545241661,0.816654324201494,0.165893684174362,0.07848581820817328,0.8029009104076692,0.06029961379660581,0.3385371244652552,False,2026-08-07T17:30:41.022155+00:00
661056,3848,-194.054408,600,0.31,-70.25403791,-0.005299271483818302,5.383596403151751,2.318620715290308,0.0003,4935.576778316905,271.28420043677187,0.1893880506558813,0.03280538218339431,0.8616667805478437,0.1752349528650494,0.09108767314256193,0.8029009104076692,0.08396763132218141,0.3514180672951502,False,2026-08-07T17:30:42.036839+00:00
666064,3870,-56.530951,157,0.28,-73.67740753,-0.006388050758687314,7.283545788377523,2.294750249385834,0.0003,1918.782436785683,695.1991921682327,0.19107323974517276,0.03383070233536278,0.8646014583235546,0.15336519910041482,0.10625917129963981,0.8028864501655304,0.10235488106446587,0.3663192612245172,False,2026-08-07T17:30:44.646820+00:00
671072,3904,19.549122,20,0.34,-59.75513551,-0.006388050758687314,7.283545788377523,2.294750249385834,0.0003,4953.362256810348,268.28807002210766,0.1567028607004002,0.022571112580489685,0.8272423539561178,0.15336519700282117,0.10625917259128152,0.8028864501655304,0.08722408748037655,0.36631926255393876,False,2026-08-07T17:30:45.657859+00:00
676080,3936,21.223665,20,0.4,-52.70582075,-0.005922456803091336,7.7938146740198135,2.270285025984049,0.0003,1818.0903750004761,728.1926235375694,0.04619663698238688,-0.17937031130613096,0.8462066421844319,0.086386914633206,-0.21807004069915206,0.7928971265023391,0.07716755752906972,0.08471722271291515,False,2026-08-07T17:30:48.412394+00:00
681088,3954,-165.962204,385,0.43,-50.573921999999996,-0.0025943667627871037,7.9905549213290215,2.264058178663254,0.0003,1769.7507598190066,745.2529643975889,0.056877654794818426,-0.19830623406509076,0.8274800925755501,0.06569949949417418,-0.23659153249526393,0.7928971298241533,0.05234090496400948,0.09716244514507413,False,2026-08-07T17:30:51.242168+00:00
686096,3987,21.734124,19,0.47,-53.752147240000006,-0.0025943667627871037,7.9905549213290215,2.264058178663254,0.0003,4336.91829279019,302.9579787528553,0.17447601987818018,-0.07802761187893306,0.7996075726811915,0.08673634162809873,-0.06739732991174208,0.7928995712848024,0.08863549693471436,0.20606637805125072,False,2026-08-07T17:30:52.396912+00:00
691104,4002,-113.344327,273,0.49,-51.65407108,-0.0064588772089337,7.7591498896479605,2.2715356409549714,0.0003,1831.8840031263578,714.5081226574346,0.1637016007647618,-0.08470820927987964,0.8597549112594958,0.09622206460821808,-0.06502684494316903,0.7928995712848025,0.09700763055135642,0.2051393580853108,False,2026-08-07T17:30:55.130702+00:00
696112,4025,-75.808265,198,0.46,-59.50448031999999,-0.0064588772089337,7.7591498896479605,2.2715356409549714,0.0003,5145.428431520727,253.40708113097534,0.08517579784774226,-0.268280924166444,0.7899801820273615,0.13851946969240483,0.09179435737306409,0.8028902597570555,0.36423402615435835,0.3524495468316318,False,2026-08-07T17:30:56.104003+00:00
701120,4041,21.898132,20,0.44,-67.58561459,-0.004098476390936412,5.140503078699112,2.2456888988614083,0.0003,2048.5762403643866,634.0403517366599,0.14510451557392748,0.041112572623993156,0.8020640748597765,0.13851946996067005,0.0917943549807755,0.8028902598743624,0.05111446439382165,0.35244954442744064,False,2026-08-07T17:30:58.548647+00:00
706128,4069,22.070083,20,0.42,-67.19089163000001,-0.007594485496520064,7.824975868314505,2.2167216777801513,0.0003,1978.6920380465192,653.9026665702796,0.08525709643286525,-0.24915770755361233,0.8056910076215569,0.1788820466635406,0.02088301573829228,0.8028886945150352,0.2858242055887822,0.28151696257320247,False,2026-08-07T17:31:01.079586+00:00
711136,4111,-192.651715,600,0.49,-55.052279199999994,-0.007594485496520064,7.824975868314505,2.2167216777801513,0.0003,4618.197951026828,279.08374947709393,0.08730122402404397,-0.08862799140373588,0.883452953483734,0.07046104168407208,-0.11871225741784318,0.7928886945133531,0.09690479764028863,0.16727059293331653,False,2026-08-07T17:31:02.164000+00:00
716144,4138,18.49562,23,0.58,-41.20789654000001,-0.004898141983721871,11.107910530269146,2.1968309812247755,0.0003,2030.8122023101387,632.1884409299673,0.09001933891076132,-0.1267481365079007,0.8265612224021076,0.08273577797928712,-0.16805308928162307,0.7928936722852681,0.05378339255152871,0.12009993503378423,False,2026-08-07T17:31:04.630011+00:00
721152,4171,21.538729,21,0.6,-38.60169128,-0.006335012998897582,8.323864693194627,2.1967774242162705,0.0003,1986.0967509822658,643.9001520784518,0.14611750141797974,0.04269611714832401,0.8021191214854436,0.1398493721946122,0.08726009904147675,0.8028784346561363,0.04500904889714141,0.34784425277305864,False,2026-08-07T17:31:07.151534+00:00
726160,4195,-182.661194,600,0.55,-42.48192482,-0.006335012998897582,8.323864693194627,2.1967774242162705,0.0003,4739.007916743563,268.7988757096921,0.14488797377102164,0.03856356933548728,0.8029971157999661,0.14068956108033098,0.09148037382630146,0.8028784346561363,0.053083226652628275,0.3520104348401435,False,2026-08-07T17:31:08.208300+00:00
731168,4231,-191.626491,600,0.5,-49.09051258,-0.0072304245317354795,9.25727091357112,2.197090694308281,0.0003,2073.5608972716855,611.9096871808695,0.001983802663139328,-0.2616483695483292,0.7973050187008192,0.15296196636745749,-0.3371721837042002,0.8023478274797898,0.16888955663557087,0.07749245031025682,False,2026-08-07T17:31:10.623476+00:00
736176,4261,-50.347919,125,0.52,-44.19998574999999,-0.0072304245317354795,9.25727091357112,2.197090694308281,0.0003,5066.087897097399,249.4674442431416,0.14487210033788414,0.03926544849381875,0.8022218689770989,0.16603385899887024,0.09375463832654547,0.8028807797708578,0.05845789939509357,0.35380609320920864,False,2026-08-07T17:31:11.612015+00:00
741184,4286,-197.324692,600,0.53,-44.30714637,-0.00431335540197324,8.360981972515583,2.1939829997718334,0.0003,1922.2119087217504,654.8788894129257,0.08525709643286525,-0.24915770755361233,0.8056910076215569,0.1532933944656895,0.0953975996619033,0.8029033627784149,0.3512194022888843,0.3554608732381601,False,2026-08-07T17:31:14.217358+00:00
746192,4297,-89.581856,188,0.5,-50.245965649999995,-0.0037988260184647514,6.499406055361033,2.164149186760187,0.0003,1927.7160378339431,650.4111473849787,0.14921762316087164,0.026424006883886506,0.8166884767970398,0.15571565257300132,0.09678215321612674,0.8029033627768428,0.07198973892229131,0.356807876155237,False,2026-08-07T17:31:16.815224+00:00
751200,4332,-20.557401,11,0.44,-56.0685096,-0.0037988260184647514,6.499406055361033,2.164149186760187,0.0003,4473.618402660862,279.14763567165824,0.14112405226263852,-0.10503546714386061,0.8751614014243208,0.14928534823219675,0.07624605650461175,0.8028842104602327,0.19532943941422046,0.3364167271070329,False,2026-08-07T17:31:17.934682+00:00
756208,4360,-62.612078,170,0.41,-56.947968319999994,-0.004749001844902523,9.777414620667695,2.133525738120079,0.0003,1763.782048532594,705.1846349353607,0.16025930975430336,0.027285208921366655,0.8279080140528982,0.14130222069997772,0.09111860912438566,0.8028842104602324,0.07113553931149134,0.3516161040455847,False,2026-08-07T17:31:20.774035+00:00
761216,4376,-92.771823,287,0.42,-57.65464340000001,-0.004749001844902523,9.777414620667695,2.133525738120079,0.0003,4451.372542005507,278.292591399659,0.13463652824246547,-0.028363391764431443,0.8596479682691059,0.13979980987919408,-0.05526337549719868,0.802890150867194,0.0630215712142446,0.20573072958048289,False,2026-08-07T17:31:21.899093+00:00
766224,4409,-9.440269,11,0.44,-51.97385582999999,-0.004663956792501267,4.280617889761925,2.1466180860996245,0.0003,1719.6414310215011,717.461197284083,0.18559263919670654,-0.03849365981145606,0.8315837101563227,0.13924072514323776,-0.04901495184322738,0.8029016761061095,0.055514471984299374,0.21200386326266385,False,2026-08-07T17:31:24.811317+00:00
771232,4434,-67.436652,186,0.42,-54.181397079999996,-0.00552753683004994,6.927263792604208,2.168389584124088,0.0003,1774.0486139117181,692.6349088543901,0.17474881574365303,0.058033071349159186,0.8259620549281166,0.1441934612234024,0.10739980470929118,0.8028905251708767,0.062473990890992204,0.3677396676570551,False,2026-08-07T17:31:27.634235+00:00
776240,4461,-202.222034,600,0.36,-59.57331710000001,-0.00552753683004994,6.927263792604208,2.168389584124088,0.0003,5038.14741511933,242.8988076703617,0.14742603731721632,0.04442628542991377,0.8024137477244371,0.14419345994317884,0.10739980682423746,0.8028905251708767,0.06305823713055984,0.3677396698250746,False,2026-08-07T17:31:28.628251+00:00
781248,4492,19.35144,24,0.37,-48.545582239999995,-0.004601505491154967,4.555069963261485,2.1965743750333786,0.0003,1861.2477654472827,654.8037411382023,0.13406603174519396,-0.038754440096285724,0.8692844363702286,0.16470950355399486,0.02824095694748302,0.8028842095590252,0.09917860510275513,0.28827942813479746,False,2026-08-07T17:31:31.318922+00:00
786256,4528,-54.523235,133,0.41,-45.731140749999994,-0.004601505491154967,4.555069963261485,2.1965743750333786,0.0003,4980.170534850164,243.71534900391066,0.14667313221435951,0.0434845990330454,0.8021216814176693,0.1521039255493674,0.08808254994891321,0.8028776721785181,0.04493375417403057,0.3481720976337242,False,2026-08-07T17:31:32.324520+00:00
791264,4549,-202.378362,600,0.41,-49.872255679999995,-0.005970334733137861,6.270420619845391,2.2089936174452305,0.0003,1823.422526519397,662.8940810045113,0.16353995552739314,0.05404048918044466,0.8135030233951255,0.13706727726772178,0.10631377722043488,0.8028776721785185,0.059549957390649014,0.3670309158005875,False,2026-08-07T17:31:35.071002+00:00
796272,4579,21.500631,21,0.52,-43.419569550000006,-0.003676737638306804,3.64915718883276,2.2133434042334557,0.0003,1779.0037505890468,676.6303891160618,0.1581758351584521,0.047751446480934795,0.8117227468625114,0.15114862170334842,0.10665213343046448,0.8028827090105058,0.059973485152148516,0.36675895878200654,False,2026-08-07T17:31:37.886054+00:00
801280,4609,22.00817,21,0.54,-42.75212066,-0.003676737638306804,3.64915718883276,2.2133434042334557,0.0003,356.604220240227,3361.4857367433297,0.16046361462846745,0.04679472982247307,0.8140649390834443,0.15114862155376252,0.10665213587592012,0.8028827090105058,0.06160130213585725,0.36675896123036,False,2026-08-07T17:31:51.929637+00:00
806288,4632,-182.078502,600,0.52,-50.60028808,-0.0070149182851309885,6.2716689795255665,2.2008688494563104,0.0003,1796.3882531590837,664.5066832856248,0.19788148385941268,0.04304149118809003,0.8681745584974295,0.16957960547804068,0.06890626417448527,0.8029064515907478,0.07569615961681125,0.3290457406719181,False,2026-08-07T17:31:54.717461+00:00
811296,4648,-190.304275,600,0.48,-54.934582809999995,-0.00716372709357529,6.38291530162096,2.182497476041317,0.0003,1915.7608536975877,620.4866320896454,0.11996995216252429,-0.039757277339743456,0.8545569836665876,0.07434842870636778,-0.0780440618122665,0.7929064515907477,0.08572041398021966,0.20110732236009327,False,2026-08-07T17:31:57.331575+00:00
816304,4679,20.291859,20,0.44,-58.86317128999999,-0.00716372709357529,6.38291530162096,2.182497476041317,0.0003,5057.579741051872,234.04396185631188,0.12303300044981963,-0.11483111114514545,0.8577471919016106,0.04057590726494548,-0.16939825401477523,0.7929054133578888,0.11824213099469527,0.14990260271643752,False,2026-08-07T17:31:58.321761+00:00
821312,4698,22.126141,20,0.39,-62.31119438,-0.007059408292116131,5.507422643154859,2.1745719216763972,0.0003,1879.9604473117556,626.9748928417413,0.17663768062739174,0.038779029534924014,0.8391849871044053,0.14685241313995176,0.029648828752591866,0.8029062606457015,0.047819125034754675,0.28994706937299924,False,2026-08-07T17:32:00.985646+00:00
826320,4730,21.488225,20,0.39,-62.907167230000006,-0.007059408292116131,5.507422643154859,2.1745719216763972,0.0003,5215.044906082352,225.05654718929205,0.15800308134593488,-0.12227553819616956,0.852391306712698,0.15659399458271303,-0.12305554267172003,0.8627505785012078,0.010483722834774924,0.13698680690431353,True,2026-08-07T17:32:01.945954+00:00
831328,4771,-9.316672,14,0.44,-53.89848292999999,-0.004907312195427949,9.924018529057502,2.1752278603613378,0.0003,1719.6319985827106,679.6058697228234,0.15863413767150047,-0.039088136637866505,0.8432582882520943,0.13545504004003447,-0.04908480125783183,0.8028994595832974,0.04760292976330757,0.21233858839100495,False,2026-08-07T17:32:04.858209+00:00
836336,4786,-176.064497,600,0.46,-49.769354050000004,-0.0073290368090965785,8.197544950246812,2.173982797563076,0.0003,1988.7417479581504,585.1257465655049,0.19044982167565067,0.045442988252707886,0.8545902144101626,0.137030994921332,0.12142299875529346,0.8028969032692027,0.10629549127078255,0.38211396097733,False,2026-08-07T17:32:07.376377+00:00
841344,4802,21.426367,20,0.45,-59.68106995,-0.0073290368090965785,8.197544950246812,2.173982797563076,0.0003,4489.415859069817,258.08613778988774,0.14615947216114786,0.0427064085996144,0.8019370592314466,0.13703099692386594,0.12142300020784577,0.8028969032692027,0.07924993473279057,0.3821139623068827,False,2026-08-07T17:32:08.491909+00:00
846352,4828,23.384943,20,0.43,-62.82241158000001,-0.00706309083616361,4.373504277318716,2.185547109693289,0.0003,1793.5887206766788,643.2065426709172,0.038636856582171114,-0.09718728605118956,0.7980623409180896,0.09114194211372735,-0.1634628754165095,0.7928815161462002,0.08471173884246248,0.11857844896404086,False,2026-08-07T17:32:11.284062+00:00
851360,4847,21.660156,20,0.4,-70.43167539,-0.00706309083616361,4.373504277318716,2.185547109693289,0.0003,5271.654094382979,217.88986519883616,0.10961775135107013,-0.09264590228321803,0.8902322192431066,0.06800121142050947,-0.12672695172444615,0.7928819361539812,0.11122289307665145,0.16194283712703045,False,2026-08-07T17:32:12.234038+00:00
856368,4868,-59.597478,163,0.35,-75.75117897999999,-0.005868134841148276,14.59058706611395,2.189215603470802,0.0003,1939.1573361417857,589.7571995243097,0.18213979268173017,0.03786453564941493,0.8475468478709798,0.1526466391658696,0.09044404254197717,0.8028833553034297,0.07502851603028492,0.3505211817689768,False,2026-08-07T17:32:14.816619+00:00
861376,4895,-10.238013,125,0.37,-71.38190386000001,-0.006365099643153372,7.783944572508335,2.178910084068775,0.0003,1899.483576691841,599.4387179609305,0.17696706661758874,0.03995124517711913,0.8395630924783041,0.15443066569149438,0.0950147924026251,0.8028833553034297,0.06989482612450691,0.3550584744930318,False,2026-08-07T17:32:17.453113+00:00
866384,4915,20.21928,24,0.34,-69.96910758000001,-0.006365099643153372,7.783944572508335,2.178910084068775,0.0003,5064.425492209541,223.83901229148475,0.1862287767164712,-0.0725237792821577,0.847341759636819,0.16502967975833643,-0.08215453112373661,0.8028934460821614,0.050177740789394194,0.17791657730040053,False,2026-08-07T17:32:18.441975+00:00
871392,4949,-108.371341,265,0.32,-67.62580018,-0.007735906796733616,17.081994557380675,2.1712457828223704,0.0003,1707.5970468959524,660.9334456577849,0.09864160923962659,-0.1516477429002197,0.8395614679512001,0.07762449772921236,-0.17021397251349407,0.7928985556718914,0.05444126413558446,0.12184930900982632,False,2026-08-07T17:32:21.374754+00:00
876400,4957,-76.298882,212,0.33,-69.98074228,-0.007735906796733616,17.081994557380675,2.1712457828223704,0.0003,4606.159805658243,243.93422013273636,0.06114017288413541,-0.1894502138851486,0.7981527564018916,0.09034966392211664,-0.21884431919890812,0.7928985556718026,0.04177097579906843,0.08090092322071155,False,2026-08-07T17:32:22.462002+00:00
881408,4993,22.152469,21,0.39,-73.40520146,-0.004031439952086657,9.304944019019604,2.175547517836094,0.0003,1865.0961288715148,599.7503199348815,0.12480437326476841,-0.03634340208559455,0.8593824114174797,0.13970373503880112,-0.0823456843319908,0.8029067535856873,0.07434850960634186,0.17880993889279156,False,2026-08-07T17:32:25.147106+00:00
886416,5039,-44.003275,109,0.46,-56.313365940000004,-0.007239376152574551,10.664153522253036,2.1914779327809812,0.0003,1784.126960419872,624.1618588275421,0.14491968780608888,-0.029758744421632066,0.8647786144113925,0.15739494029742884,0.025000665711748055,0.8029014769000021,0.08356437679706544,0.28501257128799345,False,2026-08-07T17:32:27.954082+00:00
891424,5066,-20.537775,11,0.53,-37.41678506,-0.007239376152574551,10.664153522253036,2.1914779327809812,0.0003,5087.115036446428,217.91840602338505,0.15827987990095377,0.02605609260296602,0.8262781178883302,0.16795878570638717,0.08893702197925837,0.8028963655170634,0.06778199496007739,0.34902777479403213,False,2026-08-07T17:32:28.938542+00:00
896432,5086,-192.09895,600,0.51,-37.63583623,-0.005090241557627451,8.364229826629161,2.2111578702926638,0.0003,1926.718229579244,572.7708302427785,0.14905070946036003,0.04270127203699871,0.804703997409434,0.18107516271084798,0.10481861148487952,0.8028963655170636,0.06990992060597875,0.36542684872494546,False,2026-08-07T17:32:31.537780+00:00
901440,5109,-119.054885,295,0.5,-45.11074417,-0.003650919867504854,7.6504522986710075,2.2240454718470573,0.0003,1933.7390778882116,568.1014634092776,0.16371616132588934,0.03334289107590002,0.8268877637099343,0.13796842798710476,0.07784922907040598,0.8028824530689408,0.056745174532615204,0.3385668202125351,False,2026-08-07T17:32:34.127571+00:00
906448,5141,-186.091038,600,0.48,-51.00155452,-0.003650919867504854,7.6504522986710075,2.2240454718470573,0.0003,5005.763442828212,218.45858528667364,0.15155743017355516,0.0501656876231102,0.8027614564295553,0.13837962597528966,0.08849945381719203,0.8028820091572636,0.04053574579393492,0.34916945726086857,False,2026-08-07T17:32:35.128031+00:00
911456,5153,-19.303461,10,0.44,-58.75708515000001,-0.005142334903212031,6.364101007580757,2.2158996030688285,0.0003,1784.6264245100174,609.9562267205966,0.16045001863432873,0.06394542786445667,0.804524092298506,0.1746149257874208,0.10420868828721559,0.8029037394757531,0.04271299893237218,0.364501803397001,False,2026-08-07T17:32:37.934213+00:00
916464,5178,21.728702,20,0.41,-67.27760377999999,-0.005142334903212031,6.364101007580757,2.2158996030688285,0.0003,4327.120148899375,250.4058040254794,0.1846062979975687,0.04038779717547203,0.8493138635754107,0.17461469305613214,0.10420824966136719,0.802904408560642,0.07954068040680805,0.36450135579243287,False,2026-08-07T17:32:39.091566+00:00
921472,5200,19.101456,23,0.37,-67.6827386,-0.0068437931317021135,6.623036966472864,2.2028498500585556,0.0003,1711.6371710376209,630.1148504190171,0.19007054429453699,0.03158106716551859,0.8639788943481902,0.15531502537868205,0.021700450268281525,0.8028992164347207,0.070966891853832,0.28173940560126653,False,2026-08-07T17:32:42.017426+00:00
926480,5220,22.727151,22,0.37,-71.50882270999999,-0.007590778142912313,11.996624612808228,2.1961815916001797,0.0003,1788.0124030844104,600.3985196904252,0.11936856745209222,-0.12923387035346107,0.8396584639887993,0.09105449003282177,-0.16466606837369713,0.7928992164347207,0.06514257339461854,0.1176522072209564,False,2026-08-07T17:32:44.818295+00:00
931488,5244,20.934594,21,0.4,-70.16770315,-0.007590778142912313,11.996624612808228,2.1961815916001797,0.0003,5117.454840113297,208.7975435805397,0.15106238582334805,-0.07761933295439771,0.8171756835128181,0.14856304095565986,-0.06565727534164742,0.798785305933648,0.02208038800843041,0.19467896306435928,True,2026-08-07T17:32:45.796909+00:00
936496,5269,-51.488607,130,0.37,-69.65504861,-0.0058224023625371045,6.935961265861988,2.196610149741173,0.0003,1929.1582564512228,551.2787747939174,0.16415275827902037,-0.009792576038884955,0.8697745928527486,0.17814110344060294,0.11392850241992394,0.802881772509032,0.14134082378742194,0.3743683006826963,False,2026-08-07T17:32:48.392856+00:00
941504,5290,-61.985061,170,0.39,-66.51881755000001,-0.0058224023625371045,6.935961265861988,2.196610149741173,0.0003,4974.952295101613,212.76505526338525,0.14574061421624984,0.04207582676589072,0.8020523415049947,0.1782310903018161,0.11394133306749944,0.802881772509034,0.07887312589243423,0.3743854874723265,False,2026-08-07T17:32:49.399506+00:00
946512,5319,-170.632609,600,0.39,-64.94107069,-0.00785674449580256,8.43252186253667,2.184183746576309,0.0003,1874.128968702737,562.1214001772884,0.1813544692508549,0.031715327252221225,0.844997827469588,0.17111687223004854,-0.013692950343509131,0.8028767507563156,0.06277662917405415,0.2465577976026398,False,2026-08-07T17:32:52.071679+00:00
951520,5338,23.702608,21,0.4,-61.522300429999994,-0.009129584640322718,7.443801715970039,2.1758195661008357,0.0003,1789.182831605826,586.0105415045643,0.16120455792973287,0.034290264388221,0.823747989233349,0.14643285669163716,0.09585898677444378,0.8028841053622721,0.06666492619005225,0.35611751690373705,False,2026-08-07T17:32:54.870721+00:00
956528,5369,-32.038192,90,0.45,-61.746099580000006,-0.009129584640322718,7.443801715970039,2.1758195661008357,0.0003,4269.626937357955,244.39418602827635,0.14535387111365716,0.029807979031647502,0.8100215188029454,0.14660312213934132,0.09606290545869162,0.8028841053622736,0.06664997055214116,0.35631484529850643,False,2026-08-07T17:32:56.043672+00:00
961536,5387,20.491679,20,0.5,-55.09120224000001,-0.005626108953583753,8.67721397280693,2.178961880505085,0.0003,1843.5514048417517,563.2953858908754,0.08836865146035677,-0.0714085042731071,0.8290194946385464,0.1766188096492721,-0.11999437285024246,0.8331947115380034,0.10082712671657741,0.14098851182899858,False,2026-08-07T17:32:58.760152+00:00
966544,5410,22.768553,20,0.48,-66.50312128,-0.005626108953583753,8.67721397280693,2.178961880505085,0.0003,4398.166205075472,234.97429424276748,0.11830081612022425,-0.04671683870434657,0.8486859906495846,0.17340346606372808,-0.12000015154759357,0.8331946044860713,0.09298778961425325,0.14064000309022423,False,2026-08-07T17:32:59.898814+00:00
971552,5425,-73.82674,223,0.49,-68.92752823000001,-0.0023496486697695217,9.22384045869112,2.1701565854251386,0.0003,1882.1221725481917,546.4299900402276,0.15239592637077803,0.05203341849702579,0.8023097988721624,0.13483482048560103,0.1168182356852596,0.8028979654096228,0.06712533737642636,0.3776576081650465,False,2026-08-07T17:33:02.559639+00:00
976560,5443,-198.185107,600,0.43,-78.59534334,-0.004297730297548696,7.936865903437138,2.1694612644612787,0.0003,1898.0520959914872,539.2054318010616,0.16950712836965112,0.06611773390534703,0.8133109573182886,0.13483482294207294,0.11681823591006997,0.8028979654096228,0.062298796679262775,0.3776576082256704,False,2026-08-07T17:33:05.198130+00:00
981568,5477,23.195424,22,0.46,-72.88304829000002,-0.004297730297548696,7.936865903437138,2.1694612644612787,0.0003,5086.82059993999,200.20993073984457,0.09216694048538066,-0.27109891676205267,0.7517792678927642,0.17456628328532142,0.01385421716879517,0.8265555146237148,0.30590754699098527,0.2742413332630256,False,2026-08-07T17:33:06.182645+00:00
986576,5496,22.94587,20,0.45,-73.90013012,-0.004569076641928405,11.62164539694786,2.1859872058033942,0.0003,1850.5364274228,547.6379632317601,0.12836055882874936,-0.0818265483735641,0.8343305168923106,0.17574079429784215,-0.1200016672848748,0.8331503965285328,0.06085736685950513,0.14088046624050432,False,2026-08-07T17:33:08.888885+00:00
991584,5516,-244.508135,600,0.43,-72.33675853000001,-0.001833028154214844,10.2539603382349,2.189230667054653,0.0003,1790.7403435702845,563.1279842556476,0.14400583090397046,0.013265424882153853,0.816806757993605,0.16094873246146746,0.10963637611367998,0.8028906290164666,0.0988336015743865,0.369637593650507,False,2026-08-07T17:33:11.685488+00:00
996592,5536,-89.754241,249,0.46,-66.86233295,-0.001833028154214844,10.2539603382349,2.189230667054653,0.0003,4545.885783861157,220.7288189162842,0.14929583434841082,0.04605769462253598,0.8026804101111598,0.16066961729386103,0.10979967695825764,0.8028906290164681,0.06474911151950902,0.3698002832148077,False,2026-08-07T17:33:12.787150+00:00
1001600,5566,-20.137312,11,0.45,-66.36166997000001,-0.006746681136428378,17.07955624461174,2.1754156701266765,0.0003,401.6239514100412,2485.9075174544946,0.16000158066545497,0.05552090239413045,0.808313410462274,0.1693861105980235,0.1088881055003544,0.8028851823349985,0.054457262417771046,0.36900749782599124,False,2026-08-07T17:33:25.256530+00:00
1006608,5581,-9.453245,13,0.43,-66.95239880999999,-0.006746681136428378,17.07955624461174,2.1754156701266765,0.0003,4511.723767066574,220.18014649994458,0.18715117527842398,0.05260640111175771,0.8449101365840633,0.1693861130562197,0.10888810568658645,0.8028851823349985,0.07245222208630374,0.36900749807468997,False,2026-08-07T17:33:26.366522+00:00
1011616,5613,-81.027485,223,0.42,-60.84224788999999,-0.005851135129341855,8.98419589549303,2.1389947257936,0.0003,1767.84825494091,559.0887098129565,0.14780810392506194,0.03633083944787423,0.8082049574207066,0.15395897319871313,0.10388074043039913,0.8028979359357417,0.06803665771194485,0.36393088253264433,False,2026-08-07T17:33:29.199367+00:00
1016624,5630,22.74118,22,0.43,-57.80696401,-0.003113611300068442,7.268762409687042,2.138428770005703,0.0003,1894.568082129348,519.0502306440006,0.17925326411767153,0.04246573721184635,0.8411830109889227,0.15224939286562839,0.10486884629909013,0.8028979359357417,0.0780327114624314,0.36495115688346624,False,2026-08-07T17:33:31.842689+00:00
1021632,5653,-208.377526,600,0.39,-65.02505329,-0.003113611300068442,7.268762409687042,2.138428770005703,0.0003,5105.243332947697,191.63983696642012,0.0754919134913579,-0.09270156306546092,0.867517481028054,0.08530988168365719,-0.11578492557409943,0.7924699512180226,0.07912879282990347,0.1624087481196051,False,2026-08-07T17:33:32.823652+00:00
1026640,5667,-189.226293,521,0.37,-69.29389315999998,-0.006267595128156245,8.612771441787482,2.1562965899705886,0.0003,1931.1890880710123,504.02107489756503,0.15363913622109604,0.053178715602975705,0.8033102480574392,0.14461284034906519,0.1214907464552943,0.8029050790902398,0.06890697887898983,0.38180093545346505,False,2026-08-07T17:33:35.416863+00:00
1031648,5684,-232.115051,600,0.36,-76.99738308,-0.006267595128156245,8.612771441787482,2.1562965899705886,0.0003,5547.118633182136,174.56846770996484,0.15575261515334252,0.05290573660084805,0.8053648856536131,0.1446128425506546,0.12149074756434483,0.8029050790902398,0.06952732492216125,0.3818009364728872,False,2026-08-07T17:33:36.319679+00:00
1036656,5706,17.584582,25,0.39,-74.9571563,-0.005895109200355364,6.590023119002581,2.1521672032773496,0.0003,1802.020265771525,534.5911021636317,0.16801557624043142,-0.045366278533671776,0.8107036966183758,0.14665367881346225,-0.05257857871737512,0.7983906032588132,0.02568969061124531,0.20785035553522246,True,2026-08-07T17:33:39.098785+00:00
1041664,5728,-497.265602,600,0.39,-82.18254745999998,-0.004903615673538297,6.278883326053619,2.155033127963543,0.0003,1799.3437264589195,532.6030740585571,0.1528346700305741,-0.0640767457402952,0.8313398266879096,0.1349631238695245,-0.08192746317886174,0.8028916446133731,0.03804391329245782,0.17982400711887284,False,2026-08-07T17:33:41.882019+00:00
1046672,5754,-13.755768,147,0.35,-81.93499132,-0.004903615673538297,6.278883326053619,2.155033127963543,0.0003,4385.012648122823,217.405986367704,-0.061599698053827256,-0.21591115300355046,0.8336803618243296,0.14935028717721005,-0.3324479658107718,0.8028843159854778,0.24295909418572678,0.07322652615908155,False,2026-08-07T17:33:43.024106+00:00
1051680,5773,19.719602,23,0.37,-72.53485276,-0.007426257502083899,12.570538710057736,2.150052224844694,0.0003,1771.357809214688,535.3633213271729,0.18714353635110742,0.049275112543012374,0.8482151832148543,0.14539919117937908,0.10238675893427536,0.8029009895798958,0.08134379804873558,0.3626807779151039,False,2026-08-07T17:33:45.851299+00:00
1056688,5795,-201.480803,600,0.39,-69.85592417,-0.007426257502083899,12.570538710057736,2.150052224844694,0.0003,4712.832237677575,200.1581962664668,0.13664839529663259,-0.10301705489061246,0.8675171220093928,0.16902057804926965,0.04202064342633385,0.8028789956755734,0.16205548286063773,0.3021553241033486,False,2026-08-07T17:33:46.913938+00:00
1061696,5814,-9.012738,13,0.32,-78.38870659,-0.00663204071825021,5.145888994634151,2.1467844992876053,0.0003,1918.342765220336,489.1221824438808,0.15467261963674173,0.014415639465793923,0.8325486255138851,0.18079618895609179,0.004330757288653269,0.8028974098545689,0.04078406934803065,0.265147564054227,False,2026-08-07T17:33:49.524543+00:00
1066704,5834,-101.942004,261,0.32,-80.32639983000001,-0.004819243277597707,7.638795612752437,2.1574327856302262,0.0003,1842.530347213767,506.5295132920384,0.12075328995431168,-0.08727207618151671,0.8388329921120966,0.0788294605473095,-0.13137913028271692,0.7928974098545689,0.07624380244302953,0.15209202675311778,False,2026-08-07T17:33:52.242535+00:00
1071712,5852,19.683659,21,0.4,-74.57850088,-0.004819243277597707,7.638795612752437,2.1574327856302262,0.0003,5348.10677741872,173.57319863535727,0.14574174735627093,0.01911506185723408,0.8179972720040314,0.182028344890473,0.01266365410446062,0.8016784022029358,0.040306864603772065,0.27355203572302395,False,2026-08-07T17:33:53.178944+00:00
1076720,5872,-17.119381,58,0.4,-85.22258843000002,-0.0070703479679650625,6.475153264030814,2.1712983466684816,0.0003,1855.003974224853,497.7240010419974,0.17025272041866743,-0.05474696389478905,0.7982274218155063,0.13364803391664665,-0.0828943728210975,0.8029144763271976,0.04641280193191979,0.17905538052482703,False,2026-08-07T17:33:55.878661+00:00
1081728,5892,-20.727174,11,0.39,-80.79345615,-0.0070303756918292494,8.400988385826349,2.18088760599494,0.0003,1744.8579357568926,526.2732175394369,0.1709558899888718,0.061234692391821,0.8183800015536465,0.17314052845552114,0.1168163383351905,0.8029078275977821,0.05773629861642134,0.37704539027076184,False,2026-08-07T17:33:58.748806+00:00
1086736,5915,22.636115,21,0.4,-81.91866628999999,-0.0070303756918292494,8.400988385826349,2.18088760599494,0.0003,4483.823058146472,203.67975902633546,0.17387815675711282,0.05420120271292421,0.8263443437043194,0.1731405287224935,0.11681633588613767,0.8029078275977821,0.06686156806887418,0.37704538783250113,False,2026-08-07T17:33:59.865715+00:00
1091744,5944,22.277311,21,0.39,-68.41390469999999,-0.005114157326170243,10.6807576328516,2.173691323399544,0.0003,1837.6089937103343,494.25966193500795,0.15754845275739054,-0.0277052281416312,0.8753441304417564,0.13642872779466222,-0.07281579061291886,0.8029069845954452,0.08790987275236496,0.18866248465777385,False,2026-08-07T17:34:02.591004+00:00
1096752,5959,-81.466303,224,0.36,-69.24257146,-0.005114157326170243,10.6807576328516,2.173691323399544,0.0003,4917.152980151674,183.69328830036494,0.08521919989617292,-0.12191476950298684,0.8211089203693348,0.046602677512270145,-0.16269518540439523,0.7928952076828973,0.06285134609275404,0.14942282185419745,False,2026-08-07T17:34:03.609471+00:00
1101760,5983,19.679897,24,0.36,-71.84981850999999,-0.007555158479954116,10.154904428124429,2.16324010938406,0.0003,2046.628116078918,438.8877456256757,0.09803762221075014,-0.05632470839059645,0.8382545536302024,0.09512190046441306,-0.08538907333307816,0.7929045500952163,0.0539431326809546,0.18627437695730104,False,2026-08-07T17:34:06.056424+00:00
1106768,5996,-145.785832,442,0.37,-69.51882626,-0.0060777786733524405,8.49052529707551,2.1587410286068915,0.0003,2191.7767532247594,407.5378565293151,0.11983262229771824,-0.07847712159378138,0.8379374397480084,0.085428634377531,-0.1120701259833841,0.7928775772658394,0.065897765786438,0.1656627181878041,False,2026-08-07T17:34:08.341324+00:00
1111776,6017,-25.545547,87,0.34,-77.98427102,-0.0060777786733524405,8.49052529707551,2.1587410286068915,0.0003,5053.367371649615,175.76873689870865,0.0693628832243345,-0.09068938682747209,0.8636314187083111,0.08558062213023318,-0.16707753584720073,0.792877577353564,0.10537680215461505,0.11904968772219189,False,2026-08-07T17:34:09.332351+00:00
1116784,6036,-20.091333,10,0.34,-79.84388263999999,-0.004637929704040289,10.0522720977664,2.1407464265823366,0.0003,2033.0297622694436,434.43338429737395,0.13655453692790367,-0.01478694835175142,0.8441467779750271,0.17929666502338096,-0.02149932365488233,0.8028838333720058,0.059787758727454246,0.2392800323848673,False,2026-08-07T17:34:11.795665+00:00
1121792,6048,-72.75511,186,0.32,-87.31927768999999,-0.004637929704040289,10.0522720977664,2.1407464265823366,0.0003,4651.761247788179,188.79042866130985,0.16306431266823684,-0.0029527053258345363,0.8606072541245544,0.16998888797533462,-0.03522570871683103,0.8028838333720053,0.06649428392301669,0.22499613308862593,False,2026-08-07T17:34:12.872254+00:00
1126800,6070,-185.808942,600,0.32,-88.02735351999999,-0.003916161428787745,6.873325533419847,2.133838076144457,0.0003,2032.521823962462,429.61408320707255,0.1744301505893223,0.05650052888594528,0.8260897048232748,0.15107563624458784,0.11492147729056315,0.8028836031230756,0.0670594043285013,0.37502767684822563,False,2026-08-07T17:34:15.336190+00:00
1131808,6083,-192.020445,559,0.31,-91.00995583999999,-0.006132764951325953,6.302681215107441,2.121246276050806,0.0003,2045.264242432622,424.48891541142814,0.15057136665067913,0.048700955670532654,0.8028838481335722,0.15107563829371634,0.11492147865259034,0.8028836031230756,0.06622244297794541,0.37502767816110494,False,2026-08-07T17:34:17.784776+00:00
1136816,6108,-20.600364,11,0.34,-83.47215437999999,-0.006132764951325953,6.302681215107441,2.121246276050806,0.0003,4938.391853715971,174.7905037852522,0.02887813304974035,-0.10986058264426424,0.8019129112083484,0.16879456071956936,-0.11691943863132671,0.8349542780801673,0.1439380634317786,0.143350588906446,False,2026-08-07T17:34:18.798867+00:00
1141824,6130,-88.54782,237,0.37,-79.24997991,-0.004742775946215261,13.294181591272354,2.1034987814724446,0.0003,2170.236714799154,395.42967555012564,0.08419487218719932,-0.025214371190064006,0.8158332811477641,0.1756429639734851,-0.12000174385656402,0.8331975393173893,0.13284922645673292,0.14086949295386444,False,2026-08-07T17:34:21.106462+00:00
1146832,6151,21.584665,21,0.42,-74.92666349999999,-0.004742775946215261,13.294181591272354,2.1034987814724446,0.0003,5061.292976140564,168.56720289102378,0.14435793093297297,0.03805260826323366,0.8020340515982654,0.15877599475709211,0.1019961402539424,0.8028838574315518,0.0655543897678672,0.3619982095916865,False,2026-08-07T17:34:22.095922+00:00
1151840,6167,-35.153311,104,0.41,-74.58229627,-0.0029233544679300393,6.696778924018145,2.1005420640110968,0.0003,1909.0726967399007,444.27852404384186,0.16656708350489163,0.03410428042068656,0.8309404728151498,0.16158900934436152,0.10578402805643264,0.802883857431552,0.07713586137624394,0.36578747946298756,False,2026-08-07T17:34:24.719183+00:00
1156848,6188,-201.476866,600,0.41,-70.66131356999999,-0.008130410392186604,7.144611144810915,2.08595322445035,0.0003,1814.0839113393272,464.78114641207856,0.13046374299449814,-0.023778790998494587,0.8494219464821966,0.08674995271349868,-0.03892361688981004,0.7929077600449076,0.07303502228847557,0.23289554868343484,False,2026-08-07T17:34:27.479807+00:00
1161856,6202,19.879691,21,0.38,-76.31917222999999,-0.008130410392186604,7.144611144810915,2.08595322445035,0.0003,4353.148728151436,192.5374142582805,0.203690915899537,-0.0605930903895702,0.8347626220418414,0.086749952191568,-0.038923619283744285,0.7929077600449076,0.12608165784021527,0.2328955465751469,False,2026-08-07T17:34:28.630242+00:00
1166864,6226,-121.648232,428,0.38,-79.71319740999999,-0.003864588051510509,8.625920429080725,2.0744382604956626,0.0003,1734.3633870209308,480.3699191500204,0.15170395853151383,0.05030812453821061,0.8030588327696582,0.15953460497703542,0.11443832223475495,0.8029051473515709,0.06460669392222723,0.3744386114578805,False,2026-08-07T17:34:31.517758+00:00
1171872,6240,21.337617,19,0.36,-85.44673512999998,-0.001365995334344916,10.171049751341343,2.0926846019923686,0.0003,1725.9896164898353,479.7989466959676,0.15829866775799722,0.06025349359508264,0.8038748878391518,0.15953460740027253,0.11443832273630089,0.8029051473515709,0.05420759773754612,0.3744386119564142,False,2026-08-07T17:34:34.419279+00:00
1176880,6259,-212.946347,600,0.37,-88.11109597000001,-0.001365995334344916,10.171049751341343,2.0926846019923686,0.0003,5345.360312907962,153.98774859242548,0.1617995276101028,0.03135233151856952,0.826734101959816,0.1584019844992867,0.06872218488027258,0.8028848957500888,0.04446160001955771,0.32872606906967483,False,2026-08-07T17:34:35.356166+00:00
1181888,6276,-194.033504,600,0.41,-86.29035017999999,-0.006580000340181869,10.094070471078158,2.109438678622246,0.0003,1939.9422989966456,421.7197596150846,0.14234038182666875,0.03494049561926478,0.8016820454107569,0.1461085172842671,0.09503914337486169,0.8028848957500887,0.06022867386732796,0.3553108028478688,False,2026-08-07T17:34:37.937684+00:00
1186896,6295,-11.032279,13,0.37,-90.20516683999999,-0.006580000340181869,10.094070471078158,2.109438678622246,0.0003,5360.416059703672,151.68673307141555,0.09219133543584382,-0.19961919326989214,0.842850353926029,0.15263130281296605,-0.06197110003882064,0.8028894247753703,0.1555534091085159,0.19816594792766234,False,2026-08-07T17:34:38.871947+00:00
1191904,6319,-196.217432,600,0.34,-84.80283927999999,-0.007675794763781596,7.16151916012168,2.085971423983574,0.0003,1895.2193661950546,426.3865251769654,0.16440492584646632,0.04447996351631165,0.8198809315483648,0.1640285776547209,0.10314222055247357,0.8029045454215107,0.06107044886412909,0.3631645657077539,False,2026-08-07T17:34:41.514389+00:00
1196912,6348,21.259406,22,0.39,-68.49356902,-0.008340434324054513,11.587956629693508,2.0586676016449927,0.0003,1759.611560904376,456.40072948102375,0.14409779529945713,0.03500311853175469,0.8049376250193988,0.16402857796446335,0.10314221812433128,0.8029045454215107,0.07102328071539733,0.36316456328319696,False,2026-08-07T17:34:44.360466+00:00
1201920,6373,23.022761,22,0.38,-65.70299346,-0.008340434324054513,11.587956629693508,2.0586676016449927,0.0003,309.13420920313047,2581.661868019226,0.16711778851552836,-0.006667623824139674,0.8702540753349179,0.17571842933803145,0.05691354092957114,0.8029033890443541,0.09301962415429428,0.31730310658008637,False,2026-08-07T17:35:00.560555+00:00
1206928,6400,-89.861832,252,0.45,-55.372876219999995,-0.00539743528352119,9.813699485361576,2.037037717550993,0.0003,1981.720911850668,400.19358692610984,0.025911913507311035,-0.1077032214583202,0.8028313501580945,-0.0065319356798351534,-0.1394297518552315,0.7085505024160906,0.10463295050821865,0.2055968636408732,False,2026-08-07T17:35:03.087654+00:00
1211936,6419,-194.967057,600,0.48,-56.95919929999998,-0.00539743528352119,9.813699485361576,2.037037717550993,0.0003,5397.487904710586,146.0057000428343,0.18622418399501714,0.04022640607855291,0.851983231410782,0.13848205165212013,0.08764744282288255,0.8028977170698788,0.0832913779731418,0.3483127425208435,False,2026-08-07T17:35:04.015501+00:00
1216944,6447,23.245379,20,0.45,-62.63279632999999,-0.0032796310930280014,7.329347358644009,2.032499910891056,0.0003,1898.5581884104213,412.4477220556606,0.10647523032141559,-0.14801489705230358,0.8766186224901344,0.11013885053573148,-0.15286729144238423,0.8837675690893075,0.00938484319898093,0.11816747212659313,False,2026-08-07T17:35:06.653297+00:00
1221952,6461,20.420459,24,0.42,-63.046029870000005,-0.006964449601946398,8.495729034394026,2.012874123081565,0.0003,1910.3283353937159,407.28496017395116,0.07760745535155955,-0.06982594369497358,0.8768362996556671,0.054675155644244106,-0.12673362997459373,0.7928944968812753,0.10397404185940208,0.16986243910386048,False,2026-08-07T17:35:09.274818+00:00
1226960,6485,-20.134608,11,0.42,-64.04349747,-0.006964449601946398,8.495729034394026,2.012874123081565,0.0003,4518.636147283138,171.07816934204712,0.07213779799062219,-0.1663088480086138,0.8370604711059575,0.08680556475859115,-0.12803031548311225,0.8045929052971014,0.052292755366473265,0.15090865774300585,False,2026-08-07T17:35:10.383129+00:00
1231968,6500,-20.547713,11,0.37,-72.32193084000001,-0.006933661121001933,5.000350494682789,1.9966452665627004,0.0003,1847.9941906060467,415.6030380961994,0.09053921101187168,-0.0982446240108727,0.8339944924444702,0.08845181999433104,-0.165560140747444,0.7928959581644447,0.07889756342713096,0.11848218886299408,False,2026-08-07T17:35:13.093092+00:00
1236976,6527,23.468638,19,0.39,-71.068078,-0.006933661121001933,5.000350494682789,1.9966452665627004,0.0003,4516.6598536052625,168.93545777881488,0.1473271841424431,0.03773584729276366,0.8060137464312123,0.15382879671304767,0.10222168951897982,0.8028952077166918,0.06488774997914976,0.36227425537566577,False,2026-08-07T17:35:14.201883+00:00
1241984,6550,20.105047,22,0.38,-72.26620914000002,-0.007767301968124229,5.639922393113375,2.0065779842436315,0.0003,1838.3325443832555,412.33888956380724,0.14547969143975767,0.04078494057268316,0.8019933560725312,0.15362423254289456,0.10367435631321899,0.8028952077166918,0.06342101779658474,0.36373024049493224,False,2026-08-07T17:35:16.926087+00:00
1246992,6572,-200.850237,600,0.43,-65.63909672999999,-0.008913114155438962,11.361134140193462,2.0086186580359935,0.0003,1883.363537457955,399.8208444750728,0.1611347762206615,-0.004888868303593238,0.8593278623467885,0.1692283527697326,0.018275054991714907,0.802905045974079,0.061527290946498614,0.2784280315009331,False,2026-08-07T17:35:19.585150+00:00
1252000,6594,-53.032229,148,0.43,-66.03784411000001,-0.008913114155438962,11.361134140193462,2.0086186580359935,0.0003,5213.605521711159,143.47077025392184,0.08466410540157995,-0.016483362109218906,0.8036803013054521,0.13879575968846192,-0.08548514946681428,0.802897756375193,0.08770458956602664,0.17579833009391643,False,2026-08-07T17:35:20.545724+00:00
1257008,6610,-208.619069,600,0.44,-60.81317019000001,-0.007580040126049426,10.947787371277808,1.9788424540311098,0.0003,1918.2499149781318,387.3280505311375,0.15228311874902556,-0.017990373440919825,0.8658877016510063,0.06482080497318404,-0.013733889469280823,0.7928977563751931,0.11399695653038626,0.2640190833289917,False,2026-08-07T17:35:23.156437+00:00
1262016,6638,-280.337021,600,0.43,-69.03168328000001,-0.008295761277258862,11.907423631846905,1.9546945832669735,0.0003,1879.6418225221723,392.6194826893913,0.10252612379117103,-0.05446220439239255,0.875725968679883,0.1485502160572896,-0.11996987718285944,0.8331875604015851,0.09065863688691897,0.14049744783631557,False,2026-08-07T17:35:25.820767+00:00
1267024,6658,-165.932228,600,0.41,-70.66366536,-0.008295761277258862,11.907423631846905,1.9546945832669735,0.0003,4394.903067047718,166.77864990828516,0.06751213967288908,-0.07360291741945793,0.8037591458518314,0.16901191640794286,-0.11998248074785359,0.8331855412015083,0.1154087575319738,0.14030723550433508,False,2026-08-07T17:35:26.960270+00:00
1272032,6671,-80.8064,232,0.33,-79.10464777,-0.0038966498817899265,5.60827247723937,1.9534611590206623,0.0003,1751.545464013644,415.61467570009324,0.08478310695528851,-0.2687201743785482,0.7910248791364677,0.15216378385513762,0.10646365467629791,0.8028943450919908,0.3813711386901311,0.36654742732991313,False,2026-08-07T17:35:29.819459+00:00
1277040,6694,-78.082237,180,0.34,-80.46195595,-0.0038966498817899265,5.60827247723937,1.9534611590206623,0.0003,4298.592946280569,168.18526644295397,0.14481624804914336,0.039660434896390276,0.8022263027286888,0.15018858118948966,0.10814451996441701,0.8028943451105756,0.06869773032349455,0.3682752388077513,False,2026-08-07T17:35:30.984500+00:00
1282048,6708,-203.546131,600,0.34,-82.22893534999999,-0.005721991072641685,10.685888168215751,1.9438948027789593,0.0003,1895.6101805412266,378.7445369147645,0.1527124274759853,-0.03457234129619318,0.798462801184164,0.13795362150338839,0.003007576400561805,0.8026810966503054,0.04059392299927798,0.26392996807659647,False,2026-08-07T17:35:33.626397+00:00
1287056,6732,-207.521547,600,0.36,-78.56841896,-0.006819200091558742,10.536149393022061,1.9196881584823131,0.0003,1879.8467124456868,379.25645494384884,0.09371238233191889,-0.05647284345616829,0.8393131035863661,0.0645742652149398,-0.08612655275570899,0.7928984662078888,0.062311242222571665,0.19833821244500996,False,2026-08-07T17:35:36.290434+00:00
1292064,6753,21.731126,22,0.38,-76.38384604,-0.006819200091558742,10.536149393022061,1.9196881584823131,0.0003,5073.142949334444,139.54584112258763,0.18848211973122872,0.022945909519511528,0.8699959272397473,0.17216481893572114,0.11960190408112939,0.8028819672875759,0.11879780810439325,0.379796772500449,False,2026-08-07T17:35:37.277606+00:00
1297072,6775,-40.28634,119,0.45,-70.96271165,-0.0067851394953322595,10.953703002631665,1.9068722397089004,0.0003,1865.6164450065205,376.78055523226436,0.15223872341770797,0.05107565271415274,0.8031441501572053,0.17216482127391664,0.11960190326718911,0.8028819672875759,0.07136501335030947,0.37979677176181836,False,2026-08-07T17:35:39.961962+00:00
1302080,6797,-54.119316,203,0.45,-69.61697059000001,-0.0067851394953322595,10.953703002631665,1.9068722397089004,0.0003,4823.129085351517,144.70274123901757,0.09681484260793716,-0.1456680812815013,0.8587960647616767,0.0626082480566403,-0.12110977157474252,0.8494544163063787,0.043133143663687035,0.1696338671923066,False,2026-08-07T17:35:41.000301+00:00
1307088,6820,-223.106269,600,0.47,-65.92912940000001,-0.005144819284032565,13.481540124118329,1.9025137212127448,0.0003,1754.6257829587805,394.9058578357148,0.14548492610294178,0.03749074472039714,0.8042524328847791,0.17957429141423958,0.06804884945709992,0.8029040647864375,0.04580066253838514,0.3286323181223913,False,2026-08-07T17:35:43.854468+00:00
1312096,6840,23.512551,21,0.44,-70.64968261,-0.005228658427949995,9.215404660254716,1.9092710223048925,0.0003,1795.8930863875805,383.0428466004685,0.1597663556194547,0.017746745521222712,0.8356993592762345,0.17987990472663884,0.06817414294644027,0.8029040647864363,0.06342719140432229,0.328775727070249,False,2026-08-07T17:35:46.643048+00:00
1317104,6859,-8.642551,12,0.4,-74.86064793,-0.005228658427949995,9.215404660254716,1.9092710223048925,0.0003,4451.537630883326,153.40676786876716,0.1568107215010636,0.029093115463096186,0.8227929362003583,0.13390247105069455,0.09091621637787202,0.8028910906531844,0.06886920357895068,0.35188531076789964,False,2026-08-07T17:35:47.768060+00:00
1322112,6879,-202.739322,600,0.42,-73.82008089000001,-0.004542660085280659,6.8288989692926405,1.9008324936032295,0.0003,1841.718868858069,368.073548825785,0.14430146380791573,0.028383980189807673,0.8093555133713661,0.1339024723835833,0.09091621685363455,0.8028910906531844,0.06371976464099297,0.35188531114349847,False,2026-08-07T17:35:50.487253+00:00
1327120,6899,-71.463498,212,0.36,-79.21298312,-0.0054606513105682096,11.191016520559788,1.8962671015411616,0.0003,1894.507420977088,355.1741167912468,0.0907015034353258,-0.08164065601405529,0.8398038429579207,0.06536492368355688,-0.15884249359906613,0.7929008304380596,0.0938187539005842,0.13852306223396157,False,2026-08-07T17:35:53.130689+00:00
1332128,6917,19.985868,20,0.35,-80.29193425000001,-0.0054606513105682096,11.191016520559788,1.8962671015411616,0.0003,5340.740701791945,125.0523171394397,0.13679594838004064,-0.03355829977954646,0.860358343808315,0.14284100016413384,0.013069110723712661,0.8028969352629995,0.07424602031976837,0.27360769453143396,False,2026-08-07T17:35:54.068384+00:00
1337136,6934,-81.476498,233,0.33,-85.05303348,-0.0028764283706550486,9.6413718521595,1.8725756295025349,0.0003,1915.461594242018,346.05966624055804,0.09398750891407177,-0.13198316830937307,0.8508270003274017,0.012057123602832924,-0.16103083942559523,0.7847638898374754,0.10918191151527107,0.1779943522178998,False,2026-08-07T17:35:56.682900+00:00
1342144,6946,22.591856,20,0.3,-89.90378933000004,-0.0028764283706550486,9.6413718521595,1.8725756295025349,0.0003,5191.5232604380635,126.71733651145959,0.04338619710212882,-0.16544634035789935,0.8757217754231718,0.052672892773601786,-0.2625013661041134,0.7928901684977828,0.12793356027616432,0.1073562516948761,False,2026-08-07T17:35:57.647555+00:00
1347152,6965,-216.295739,600,0.3,-93.35065518999998,-0.007292599697393598,8.940016154944896,1.8333856288343668,0.0003,1758.5464747735498,371.24296080037806,0.08216025259787817,-0.26856019500085776,0.7669245500790869,0.17411624309505636,-0.037995041452668694,0.8026984012901449,0.250790674965175,0.22245329833185443,False,2026-08-07T17:36:00.495374+00:00
1352160,6986,-191.711692,600,0.35,-84.82153538,-0.004999447127920576,13.882372553646565,1.8060375966131688,0.0003,1803.2476570096894,359.26290960738453,0.14602330486316437,0.04263005911245428,0.802113805787071,0.1510779189279206,0.1202290107252759,0.8029054596882002,0.07776742975469768,0.3803336747223137,False,2026-08-07T17:36:03.272572+00:00
1357168,7008,21.53015,23,0.37,-87.8113967,-0.004999447127920576,13.882372553646565,1.8060375966131688,0.0003,4589.672984391234,140.0605233065998,0.14738352803580046,0.03226478336527016,0.8103693621543668,0.15107791646900987,0.12022901094304192,0.8029054596882002,0.08835758982268531,0.3803336749977024,False,2026-08-07T17:36:04.363720+00:00
1362176,7026,-184.131532,600,0.39,-79.9845061,-0.004935711225698469,8.602227818965911,1.7858119565993547,0.0003,1806.1044680484442,353.1490073158337,0.14584981424574917,0.009721357665923696,0.7990451927388016,0.18127709714202406,-0.008238924212480613,0.8029037481275676,0.03990679827112926,0.25265857227586835,False,2026-08-07T17:36:07.136533+00:00
1367184,7042,-38.431927,116,0.38,-81.52392302999999,-0.004935711225698469,8.602227818965911,1.7858119565993547,0.0003,5486.869288373468,115.33280031673443,0.16090096491071407,-0.07800063076971106,0.8178679480750937,0.16090038618175598,-0.07465415115680625,0.7995376440353007,0.018633275941867148,0.18534803581014916,True,2026-08-07T17:36:08.049265+00:00
1372192,7059,-19.519114,10,0.4,-75.76154391,-0.0061360593041172255,6.225493557751179,1.7637450754642487,0.0003,1894.3739801147804,331.4065789490843,0.14960942043756253,-0.06613958380626431,0.8018733073675117,0.16521885072579515,-0.11997865421227075,0.8331589350084385,0.06419571880579604,0.1401185700722962,False,2026-08-07T17:36:10.692886+00:00
1377200,7077,-208.422696,600,0.33,-83.12316892999999,-0.007065658873762004,8.594544039666653,1.7663970544934273,0.0003,1938.5909029325455,321.2642745088084,0.1101512552492851,-0.10599930199841145,0.8402013936873653,0.17480271360811545,-0.12012349540305205,0.8332098860975985,0.06654460974138353,0.14065758731196795,False,2026-08-07T17:36:13.276200+00:00
1382208,7098,20.233075,23,0.32,-83.84601919999999,-0.007065658873762004,8.594544039666653,1.7663970544934273,0.0003,5250.315675704859,117.66759146669041,0.14849358086615946,0.04613105891551729,0.8022904461275844,0.14901171858733273,0.09296442179036019,0.8029049536783961,0.0468402600803499,0.3531354207357388,False,2026-08-07T17:36:14.230058+00:00
1387216,7107,20.694339,20,0.31,-85.40699056999998,-0.004196121642598883,6.893393658846617,1.7848437704145907,0.0003,1964.513045377238,311.9266636798176,0.14548375268704936,0.02689889327234022,0.804668439074467,0.14901172038962557,0.09296442010883364,0.8029049536783961,0.06618315701925988,0.3531354189989458,False,2026-08-07T17:36:16.779279+00:00
1392224,7138,-29.468398,74,0.34,-79.96504761,-0.004196121642598883,6.893393658846617,1.7848437704145907,0.0003,4420.100714389276,137.50274920692078,0.1372701327670207,-0.029862618538841458,0.8651864122520863,0.1592101171835557,-0.00034842823830340676,0.8028790912593325,0.07235089905860341,0.259652773205262,False,2026-08-07T17:36:17.912290+00:00
1397232,7157,-37.909342,111,0.33,-76.83807661,-0.007678545717499219,11.141719356179237,1.793511974066496,0.0003,1819.76107388481,331.2346926474343,0.06609846118460379,-0.0895694339634932,0.8056373258217797,0.14048118846952812,-0.08662645314917347,0.8028790912593325,0.07449200703644894,0.17446882458249618,False,2026-08-07T17:36:20.664303+00:00
1402240,7170,-185.538424,600,0.35,-79.24001327,-0.00896276906132698,8.697767443954945,1.8088042851537467,0.0003,384.2489975902066,1555.6579294905496,0.03252867377102624,-0.1627830949346895,0.799116997421461,0.031048021408484488,-0.1199899005657544,0.7934466646053906,0.04319262078134604,0.19034558236600613,False,2026-08-07T17:36:33.697511+00:00
1407248,7188,-97.957336,200,0.35,-84.9964992,-0.00896276906132698,8.697767443954945,1.8088042851537467,0.0003,5299.036775008312,111.86032955943585,0.10756887784095753,-0.1429553381123712,0.8659574764717323,0.07768738349750148,-0.12822361424101575,0.8539984050548489,0.03539698831219934,0.1553717563754366,True,2026-08-07T17:36:34.642609+00:00
1412256,7201,-10.909616,15,0.33,-89.96897675,-0.007354106409184169,11.447844018787146,1.8096643809229136,0.0003,1942.7314246446238,302.53487051485445,0.15636293033205964,0.0381350467231113,0.8154116689158677,0.13581868847466794,0.11787956255424653,0.8028920829518982,0.08329461994238527,0.3786524786968572,False,2026-08-07T17:36:37.220404+00:00
1417264,7221,-194.747737,600,0.3,-91.96487525,-0.006229907652596012,8.744497730582953,1.795698230341077,0.0003,2034.7549474980838,286.39124368097833,0.08507608722209618,-0.22784454096142653,0.8207499922925019,0.152152939326742,0.03367275288977138,0.802880049390286,0.2705733429790355,0.29377757258011805,False,2026-08-07T17:36:39.681635+00:00
1422272,7243,-152.232542,365,0.28,-95.88810086,-0.006229907652596012,8.744497730582953,1.795698230341077,0.0003,5195.234111679948,111.20345831983768,0.1603866670684272,-0.0038167687400506717,0.8591924044516206,0.08648916345843664,-0.054597923822820554,0.7928800493902288,0.11152082848112715,0.21816016131946794,False,2026-08-07T17:36:40.645610+00:00
1427280,7258,-2.080931,107,0.26,-105.72900043999998,-0.008174554648576304,8.74953161329031,1.7728517819195986,0.0003,1819.0446617398632,314.84658515872286,0.13275493535248994,-0.015852654852521485,0.8414106595941511,0.16784214061152974,-0.03987067553894491,0.8029037574143187,0.05736513580625979,0.220268968892696,False,2026-08-07T17:36:43.398695+00:00
1432288,7273,-286.025183,600,0.27,-99.00666969,-0.008174554648576304,8.74953161329031,1.7728517819195986,0.0003,4596.19177856784,123.51790946741075,0.03954091446948284,-0.18558013731080586,0.8497616515639953,0.1449260589503665,-0.3820154024587307,0.8378730539544337,0.22323570687529884,0.1229430036070937,False,2026-08-07T17:36:44.488294+00:00
1437296,7287,23.503189,21,0.26,-97.20383129,-0.00388138461712515,7.797051716595888,1.7663447678089141,0.0003,1772.112343003467,317.5329161391091,-0.005503974214348159,-0.20248636224266667,0.8147676297249361,0.144954875617392,-0.3808135751078693,0.8378415445522042,0.23445866562449222,0.12174676873754357,False,2026-08-07T17:36:47.314316+00:00
1442304,7306,-186.552062,600,0.31,-91.4852139,-0.004593419218872441,10.223442667722702,1.7619891427457333,0.0003,1712.2736967487212,325.7049390287064,0.14463832072108476,0.022991686699964594,0.814146671650101,0.17076906948041137,0.09382622738553263,0.802900762127253,0.07633360115869371,0.3539900733683821,False,2026-08-07T17:36:50.239063+00:00
1447312,7318,-52.858459,144,0.3,-97.32208854999999,-0.004593419218872441,10.223442667722702,1.7619891427457333,0.0003,5100.489220777676,108.35980159482254,0.14480011845134078,0.02012277246745979,0.8168260844841062,0.17076906865102226,0.0938262250645151,0.802900762127253,0.07937568835570619,0.3539900710232073,False,2026-08-07T17:36:51.220939+00:00
1452320,7336,20.737469,20,0.31,-99.90476193999999,-0.006269792125385721,10.490551713854074,1.74960334636271,0.0003,1895.8829053433833,288.8786002850761,0.1473213914491438,0.04429005328392015,0.8023983385560703,0.17732879497718818,0.06893859851740208,0.8028784813144578,0.03883588013281438,0.3293947308776418,False,2026-08-07T17:36:53.862447+00:00
1457328,7352,-185.162897,600,0.34,-99.92483191999997,-0.006269792125385721,10.490551713854074,1.74960334636271,0.0003,5107.645448716187,106.24699882729747,0.14454780680373702,0.020174479302146657,0.816331794052146,0.17741838419939537,0.06909723887358259,0.8028784813144586,0.06045579282439783,0.32955787464773717,False,2026-08-07T17:36:54.842945+00:00
1462336,7366,-6.0849,108,0.35,-100.67088310000001,-0.004254470216983464,9.061146108806133,1.7451160449534655,0.0003,1850.605229198914,290.5341406782595,0.08400550939279805,-0.013715872516496266,0.8018427653968895,0.09200377024287096,0.023873182102857212,0.7928902346753592,0.039459561707176766,0.2919031873385185,False,2026-08-07T17:36:57.549082+00:00
1467344,7390,-6.787821,110,0.38,-87.31093192999998,-0.005758830796548864,15.22753044217825,1.7523759230971336,0.0003,1775.5304981467516,299.9982261954786,0.16377019741484258,0.0073577216923790805,0.8496035926079284,0.09200377079981112,0.0238731845141456,0.7928902346753591,0.09294937046207234,0.29190318955374017,False,2026-08-07T17:37:00.369652+00:00
1472352,7414,-20.676801,11,0.38,-79.70521803,-0.005758830796548864,15.22753044217825,1.7523759230971336,0.0003,4289.805276002704,123.00045481124243,0.14910523718277613,0.04683856258547837,0.8025564450281814,0.17019190018522837,0.12278725360201968,0.8028890776062063,0.07882234244259056,0.38292291175844073,False,2026-08-07T17:37:01.537071+00:00
1477360,7424,-179.256811,600,0.38,-83.26823266,-0.0038546049763681367,11.237245225906372,1.762622967734933,0.0003,1772.393907306785,294.87801658840607,0.14856392356945433,0.045940222266474436,0.802580607292701,0.1701919013004765,0.12278725138232066,0.8028890776062063,0.07983314135495123,0.3829229095692116,False,2026-08-07T17:37:04.362625+00:00
1482368,7437,-191.490901,600,0.31,-101.83552688,-0.0038546049763681367,11.237245225906372,1.762622967734933,0.0003,4479.988233700781,115.54316060611616,0.14490446528954215,0.03720654298848845,0.8021249341745431,0.13680309946206076,0.12023778980466093,0.8029073196958594,0.08342920473804602,0.3809447111984895,False,2026-08-07T17:37:05.480490+00:00
1487376,7450,-25.016755,76,0.28,-100.79016319000002,-0.0016767111053923145,4.760091565921902,1.7797679260373116,0.0003,1870.693995356278,274.02878358112736,0.14441280297196488,0.030283040042572054,0.8016550233241487,0.13680309802505697,0.12023779179756051,0.8029073196958594,0.09028473414084573,0.3809447132751944,False,2026-08-07T17:37:08.157598+00:00
1492384,7470,-195.670336,600,0.31,-95.87620029999998,-0.006403360095282551,4.492908625677228,1.7875443518161773,0.0003,2013.7610607387683,252.07359994029085,0.16432166256592193,0.01853471187936328,0.8401081736441691,0.18148823657318258,0.0866159853352048,0.8029046804129082,0.07945974431826663,0.3472814213299064,False,2026-08-07T17:37:10.644455+00:00
1497392,7490,23.498585,20,0.31,-95.74255969000002,-0.006403360095282551,4.492908625677228,1.7875443518161773,0.0003,5235.70286338715,95.99628036852462,0.1311282628344143,-0.03656542733909141,0.8668376485656948,0.18551753006250032,-0.07508742907158375,0.8029036239148997,0.09235635611659206,0.18666494911430795,False,2026-08-07T17:37:11.600971+00:00
1502400,7508,-182.796586,600,0.33,-96.38022545,-0.006518820986093488,13.299527201056481,1.7834370907396078,0.0003,1910.0238233367438,260.52031075230803,0.14554519279275607,0.04051604979819577,0.802073052780527,0.170912771363477,0.08035488938050148,0.802906541764145,0.04723708168052086,0.3405297920946785,False,2026-08-07T17:37:14.222943+00:00
1507408,7526,3.170764,86,0.33,-95.14865739999999,-0.004205044516129419,10.86073520332575,1.7604714434593915,0.0003,1816.6165933781294,271.1590336648801,0.14781589328569025,0.04493259055598364,0.8023991865700367,0.14144407521620167,0.1222439305881596,0.8028786807388312,0.07757495264413188,0.3826940616420221,False,2026-08-07T17:37:16.979695+00:00
1512416,7541,-176.850226,600,0.37,-83.49331823,-0.004205044516129419,10.86073520332575,1.7604714434593915,0.0003,4476.448048985232,108.92207273812339,0.15075297133049786,0.049268292860358845,0.8025178007588476,0.14144407369459092,0.12224393255155117,0.8028786807388312,0.07356785845662812,0.3826940636768835,False,2026-08-07T17:37:18.098449+00:00
1517424,7573,-194.403123,600,0.42,-69.56271593999999,-0.009181936488312203,15.159400878846645,1.7404235120862723,0.0003,1832.26719097556,263.3764346034382,0.18188429781013943,0.043985209811684835,0.842949147134444,0.1350526444989383,0.11899126593576935,0.8028891478188863,0.09707685487443612,0.37981146665430393,False,2026-08-07T17:37:20.831671+00:00
1522432,7583,-178.789186,600,0.4,-76.05474047,-0.009181936488312203,15.159400878846645,1.7404235120862723,0.0003,4558.846003357105,104.75633518840559,0.14805307912773702,0.045255596915881297,0.802505471804176,0.135052642181353,0.11899126506717402,0.8028891478188863,0.07487394290271306,0.37981146593981147,False,2026-08-07T17:37:21.930202+00:00
1527440,7605,-347.913504,600,0.39,-79.11555204999999,-0.00475761710840743,8.20061690211296,1.7331630818545818,0.0003,1812.6285032556866,260.70427511827637,0.17012005028328606,-0.0020305356851506653,0.8684850663735241,0.1730523642863042,0.042379675297587516,0.8028947323819366,0.07926510719144712,0.3026612499916976,False,2026-08-07T17:37:24.693038+00:00
1532448,7615,-218.651019,600,0.39,-79.7147706,-0.004931431270961184,7.552745123207569,1.7355449587106704,0.0003,1996.0662697354949,234.2367120215687,0.16393734524491047,0.0014318719187193171,0.8557642246548727,0.07205441739603104,0.03402125028299928,0.7928947323819368,0.11600479762022488,0.3068923608002155,False,2026-08-07T17:37:27.201967+00:00
1537456,7642,21.768339,20,0.39,-74.58213088,-0.004931431270961184,7.552745123207569,1.7355449587106704,0.0003,5099.137126611818,90.71024930591402,0.15781139107125797,-0.02870996229781999,0.8542808891672147,0.15612007293575514,-0.009651567514808723,0.8028908228341236,0.05483631904550206,0.2503784964445155,False,2026-08-07T17:37:28.184100+00:00
1542464,7649,23.03262,21,0.38,-76.37325041999999,-0.005544662503962172,6.288832319155335,1.7294641640037298,0.0003,1941.634195934738,235.64479908623252,0.14451099067783477,0.029221511763452356,0.8099208909958044,0.1386712185551576,0.08407960949982235,0.8028846199425062,0.055614952450158614,0.3447400391475758,False,2026-08-07T17:37:30.763369+00:00
1547472,7669,21.410403,22,0.31,-92.84666209999999,-0.005544662503962172,6.288832319155335,1.7294641640037298,0.0003,5059.793377126105,89.43606314948573,0.1545522083167305,0.027311832905792064,0.8211808970857349,0.1386712186776238,0.08407961195350057,0.8028846199425062,0.06172147379339466,0.34474004158897653,False,2026-08-07T17:37:31.753145+00:00
1552480,7684,-276.599085,600,0.31,-91.10725112000004,-0.0026715408661402763,3.9511513628065584,1.7092005353420974,0.0003,1735.259879298047,257.89796983091213,0.14735539560351446,-0.173182169538683,0.809535694769373,0.13017051872133684,-0.1253369822196931,0.8379313995989186,0.0582305589515635,0.13792725006703124,False,2026-08-07T17:37:34.639170+00:00
1557488,7703,21.062172,20,0.33,-89.21289328,-0.005303320207167417,11.236192594468594,1.687488529831171,0.0003,1798.4118407598219,246.05709880837998,0.1791019354339451,-0.041444033335236725,0.8165189862170852,0.17219292714221865,-0.06112496435007071,0.7987984553657321,0.02736952054456845,0.1992484561472337,False,2026-08-07T17:37:37.423849+00:00
1562496,7725,6.496254,80,0.36,-81.29188917,-0.005303320207167417,11.236192594468594,1.687488529831171,0.0003,4470.466915150391,97.8653926544677,0.14586366168864842,0.02046540418660783,0.8153481668351337,0.1782270063025647,0.0636957304012348,0.8029028619516845,0.055417802129497803,0.3242084971723329,False,2026-08-07T17:37:38.544074+00:00
1567504,7741,-214.938386,600,0.33,-83.61392408,-0.0060009458709828324,15.879384492337703,1.6712891604751348,0.0003,1840.092735089082,235.04032799687246,0.07837763175449915,-0.14319308031295774,0.8846432860209542,0.08959964353367207,-0.16378905917677727,0.7980243888315066,0.08973829307517994,0.11921726101817516,False,2026-08-07T17:37:41.265682+00:00
1572512,7759,-73.828019,209,0.35,-84.52468941000001,-0.0060009458709828324,15.879384492337703,1.6712891604751348,0.0003,5226.535336155478,81.79185110311539,0.12648649700425305,-0.1541181794166429,0.8643394450570532,0.15303665917883308,0.06469916231557286,0.8028931826876089,0.22882653542241205,0.32477381994832416,False,2026-08-07T17:37:42.223875+00:00
1577520,7776,20.80532,22,0.37,-80.47158863999998,-0.006061529491853434,12.583320136368275,1.6649031274020671,0.0003,1948.0806518298352,216.86987117456553,0.15179568566333468,0.02534775473089224,0.8202975064008737,0.1383437520451294,0.0767450750399978,0.8028931826876121,0.05590661442925513,0.33744071870356224,False,2026-08-07T17:37:44.794602+00:00
1582528,7792,22.094357,22,0.41,-76.56764251,-0.006443725603458006,11.076410064846277,1.652189239859581,0.0003,1994.872557678727,209.2725163785794,0.17981286549027267,-0.0704683147158788,0.8143856576678645,0.16454098338081266,-0.08147471694169656,0.7998330319160583,0.023793910762921377,0.1785830261282191,True,2026-08-07T17:37:47.305042+00:00
1587536,7814,22.494565,21,0.39,-84.25062353999999,-0.006443725603458006,11.076410064846277,1.652189239859581,0.0003,4829.045816113898,85.41314696656248,0.13522454789116917,-0.049561350230392626,0.8571198710062643,0.20000294852860806,-0.0980877520982339,0.8379501852624175,0.0831776996490142,0.16678073003673247,False,2026-08-07T17:37:48.342104+00:00
1592544,7834,-25.287708,78,0.41,-82.62203205,-0.004597986197040882,16.361573949456215,1.6298277277499438,0.0003,1908.044865647048,213.54634125011796,0.1618758059432949,-0.0446704987158444,0.8680487247928954,0.20219816341447566,-0.09434488613608993,0.8379551078738858,0.07070405261990599,0.17094531799619375,False,2026-08-07T17:37:50.966780+00:00
1597552,7856,19.813597,25,0.45,-73.59243379,-0.008025257113331463,9.984026493132115,1.6052095074206592,0.0003,1763.4288921751636,228.21901228100347,0.08216025259787817,-0.26856019500085776,0.7669245500790869,0.1442326772242618,0.10377388105979049,0.8027814748735966,0.3791719519566997,0.3641154281389583,False,2026-08-07T17:37:53.806697+00:00
1602560,7878,-20.564298,11,0.43,-75.11282916,-0.008025257113331463,9.984026493132115,1.6052095074206592,0.0003,355.769702559629,1117.1271672111732,0.14480994139838105,0.03828615202551042,0.8019718542607108,0.14423267840174284,0.10377388038001321,0.8028773632036891,0.06549653230550645,0.36411542740883013,False,2026-08-07T17:38:07.883239+00:00
1607568,7894,21.192569,20,0.43,-72.55497162,-0.006282062914397102,13.549119439721107,1.59951605014503,0.0003,1869.5133632573081,209.91131045795478,0.08487248468149325,-0.2679009150223266,0.7899328126116614,0.18202860729890538,0.0954200666482642,0.8028967380346401,0.3763103921585264,0.35610206867664496,False,2026-08-07T17:38:10.561994+00:00
1612576,7911,23.560008,20,0.41,-74.22593441999999,-0.006282062914397102,13.549119439721107,1.59951605014503,0.0003,5240.061426623808,73.93501114921449,0.15201152037159976,0.027937031927176687,0.8180008478736188,0.1820286087518367,0.09542006473201013,0.8028967495858095,0.07538646494201057,0.3561020668539398,False,2026-08-07T17:38:11.517722+00:00
1617584,7932,20.787326,22,0.4,-69.85082985000001,-0.00426581984211225,11.462500734627247,1.6048470549285412,0.0003,1951.972305788272,195.91261559705765,0.1468665505129328,-0.13413509903856158,0.8709710829001344,0.14416183149977735,-0.13562318953140845,0.8822859298273216,0.01172841333005891,0.1253811730834474,True,2026-08-07T17:38:14.083329+00:00
1622592,7947,-36.900702,118,0.39,-73.70031577,-0.007516700887936168,17.34927981644869,1.62212243527174,0.0003,1815.810665345076,207.84545834148273,0.1454495694121959,0.009722763089644716,0.8267728584279757,0.13841960608880394,0.10422668134661373,0.8028851961816363,0.09772937817178261,0.3648654393144548,False,2026-08-07T17:38:16.841318+00:00
1627600,7968,-184.820591,600,0.37,-81.29278485,-0.007516700887936168,17.34927981644869,1.62212243527174,0.0003,4408.179022850467,84.47932764744986,0.1422799798280862,0.009865961878182167,0.8227267085708643,0.13841960832147934,0.10422668029015407,0.8028851961816363,0.09650146766388767,0.36486543812779043,False,2026-08-07T17:38:17.977404+00:00
1632608,7986,-178.352357,600,0.38,-77.55674923999999,-0.0046782130550127475,8.542378041893244,1.614713766798377,0.0003,1746.7051529739908,210.3342967612294,0.07885546197954299,-0.05435357733469802,0.8521416543056776,0.06008497358412004,-0.14282463497749556,0.7928985762405414,0.10811661099789308,0.1539905148762194,False,2026-08-07T17:38:20.844506+00:00
1637616,8016,-20.560356,11,0.4,-68.14942989000001,-0.0046782130550127475,8.542378041893244,1.614713766798377,0.0003,4457.828609459519,81.29159547117192,0.17130444442679496,0.020393003728934884,0.8471091643240685,0.14787956137319008,0.08059152643487116,0.8028795540716664,0.07828694466596316,0.34080711980787876,False,2026-08-07T17:38:21.967943+00:00
1642624,8043,-181.238935,600,0.43,-61.475103120000014,-0.006337417368195019,15.340115959942342,1.5922327563166618,0.0003,1864.2578728560222,191.69880154643195,0.10073116670001861,-0.14802144238650813,0.8688413046845965,0.10498701879854082,-0.1531739249050929,0.8756443432866958,0.009536335114207697,0.12015922112287027,False,2026-08-07T17:38:24.654258+00:00
1647632,8063,-236.051434,600,0.43,-58.99251738000002,-0.008677420660387725,22.361475226283073,1.570979119837284,0.0003,1839.077436223945,191.60041500128114,0.15773666546550888,0.03697952687938131,0.8178089143336459,0.1506252807923628,0.09708082858134429,0.8028877536896123,0.06233281072761673,0.3572038682609154,False,2026-08-07T17:38:27.377353+00:00
1652640,8084,-197.173208,600,0.43,-58.901100420000006,-0.008677420660387725,22.361475226283073,1.570979119837284,0.0003,5026.821048197961,69.10132600095706,0.14514958317082363,0.027736040468055754,0.8118047295939347,0.1489788801114516,0.10151057007317983,0.8028877536896132,0.07441006109925648,0.36167852764331093,False,2026-08-07T17:38:28.373619+00:00
1657648,8099,8.250116,68,0.42,-61.462660230000004,-0.005110104035702534,11.952052195370197,1.5768969610333443,0.0003,1890.286591989587,181.1111613713895,0.17224410538534257,0.03299863285860387,0.8379747542472389,0.1836963817525026,0.08925484817692961,0.8028893079605127,0.06728227803121997,0.3500578059167522,False,2026-08-07T17:38:31.022957+00:00
1662656,8124,-36.86073,102,0.4,-68.22075805,-0.005110104035702534,11.952052195370197,1.5768969610333443,0.0003,4678.853047335881,72.09972114684864,0.1451710363775802,0.03662411244856466,0.8030157809214696,0.18555855161257018,0.09222504677281143,0.8028893127093647,0.06872140335291782,0.35315113355989897,False,2026-08-07T17:38:32.093303+00:00
1667664,8156,22.680164,22,0.47,-57.08577886999999,-0.005023906624410301,13.146602994203567,1.5800498332828283,0.0003,1694.18373436132,196.16290326697379,0.15144372269871267,0.04993398524617832,0.8030191089747504,0.1397577652831953,0.0996269730828155,0.802899067688657,0.05104869293879935,0.36019620741345726,False,2026-08-07T17:38:35.049293+00:00
1672672,8170,-172.931095,600,0.41,-62.86859245000001,-0.004489077848847956,15.464656834304332,1.566058224439621,0.0003,1767.785022617553,185.1627860922402,0.16422539699724595,0.03458082978647631,0.8265546360381761,0.13975776743696272,0.0996269742877151,0.802899067688657,0.07341152310580439,0.3601962084954157,False,2026-08-07T17:38:37.882211+00:00
1677680,8207,22.425943,23,0.48,-48.059343549999994,-0.004489077848847956,15.464656834304332,1.566058224439621,0.0003,4366.315740985372,73.81967295092136,0.16156680631272358,0.06630478944106996,0.8045078916176234,0.18570882545861625,0.09176709938461208,0.8031593038209776,0.035113886215383715,0.3527053103029853,False,2026-08-07T17:38:39.029172+00:00
1682688,8229,19.983841,22,0.49,-46.76201636999999,-0.006758453050861135,20.42552133500576,1.5520923677831888,0.0003,1800.0912881717838,176.27550451747908,0.14602894589347024,0.030781819910349603,0.8089227628390451,0.18536568591844965,0.09168759603913239,0.8028867833593674,0.07275524537736998,0.3526011673688807,False,2026-08-07T17:38:41.811252+00:00
1687696,8250,23.299981,20,0.5,-53.84579715999999,-0.00502814696810674,17.01040073335171,1.5612589586526155,0.0003,1907.6414580377582,163.71210569162338,0.183109615042097,0.043860884012087445,0.8448971357830319,0.17175750310529214,0.09855031920679709,0.8029077435585885,0.06987784932809712,0.3587430421381954,False,2026-08-07T17:38:44.436485+00:00
1692704,8266,23.356934,20,0.49,-58.96221645,-0.00502814696810674,17.01040073335171,1.5612589586526155,0.0003,5431.423493868111,56.57743321744779,0.15048811381263177,0.04893154052064823,0.8024653430513975,0.17175750171908782,0.0985503171586994,0.8029077435585885,0.05398708711516926,0.3587430400457663,False,2026-08-07T17:38:45.358545+00:00
1697712,8296,21.736303,21,0.49,-58.65788872000001,-0.005390217596141156,16.103897398710252,1.549063353613019,0.0003,1837.2757955931427,164.53055155086824,0.1513952538380825,0.05021454599354978,0.8025951151586757,0.13992774142032008,0.11199412687764318,0.8029000128353646,0.06283560629021592,0.37253526812363635,False,2026-08-07T17:38:48.084323+00:00
1702720,8312,-210.081379,600,0.42,-67.67014461,-0.005390217596141156,16.103897398710252,1.549063353613019,0.0003,4939.948136490248,60.1787694498373,0.1464433370089295,0.043162299338946684,0.8022500348414496,0.1399277394977082,0.1119941284441502,0.8029000128353646,0.0691425786349392,0.3725352697914585,False,2026-08-07T17:38:49.098086+00:00
1707728,8339,-167.653896,600,0.39,-71.46102361,-0.006182700110366568,14.478761211037636,1.517332798242569,0.0003,1754.8729346166988,166.54881059171294,0.13048425108263617,-0.03661451106803373,0.868749422202046,0.13496842455954638,-0.07379941689990716,0.8028981129981815,0.0757576395973323,0.1878755889301367,False,2026-08-07T17:38:51.951882+00:00
1712736,8354,-77.818363,216,0.36,-69.17693659999999,-0.009269713889807463,9.47254956662655,1.518282238394022,0.0003,2026.2785774446138,141.76925285479513,0.08435721835834643,-0.24752348059078122,0.7967851602854609,0.14963283568905802,-0.06522355150384679,0.8028795385503328,0.19372999718536663,0.1950521545244366,False,2026-08-07T17:38:54.423378+00:00
1717744,8365,-24.690057,69,0.33,-74.56698096999999,-0.009269713889807463,9.47254956662655,1.518282238394022,0.0003,4465.9445416911085,63.201859621194224,0.03302218507098641,-0.1895855613659492,0.8175961418276978,0.06390939024732058,-0.21994540676911184,0.792879538549045,0.049866322645079904,0.10410463832862416,False,2026-08-07T17:38:55.544755+00:00
1722752,8381,24.392069,19,0.29,-82.54268958,0.0057378182173124515,2.882944392040372,1.527126679569483,0.0003,1814.0762344591735,152.83150439521376,0.164991861659124,-0.026492518505061836,0.8737880129736018,0.17168834615066547,-0.05820513433781149,0.8029051839466103,0.07794169845705654,0.2021330879479124,False,2026-08-07T17:38:58.305386+00:00
1727760,8409,-59.037234,149,0.31,-85.94407449999999,0.0057378182173124515,2.882944392040372,1.527126679569483,0.0003,4999.699955275397,54.451267563116055,0.0846297922721781,-0.1626841404599656,0.816789938606181,0.08221409250742831,-0.22067026517267066,0.7929036945665661,0.06275969183218506,0.08716349835814854,False,2026-08-07T17:38:59.307063+00:00
1732768,8425,-128.217268,359,0.34,-83.73700903000001,-0.007436766184400767,14.416273356974125,1.5331361249089241,0.0003,1924.000238518394,138.89395367527922,0.1050656104628453,-0.07877847329672019,0.8397220824979379,0.09171990510366357,-0.11480535402719531,0.7929036945665077,0.060564060590418335,0.16044829877010475,False,2026-08-07T17:39:01.909969+00:00
1737776,8441,-191.445513,600,0.31,-86.04720877000001,-0.006575052920379676,12.338546320796013,1.5223455775529147,0.0003,1961.3093929626546,133.69843684065455,0.15172176435656395,0.05050646899591316,0.8029514576056471,0.1473617720955246,0.11002826731107815,0.8029059934974105,0.05968128747080309,0.37024403224603664,False,2026-08-07T17:39:04.463359+00:00
1742784,8465,11.587994,103,0.36,-78.47496491999999,-0.006575052920379676,12.338546320796013,1.5223455775529147,0.0003,5075.359195948039,50.67936870465263,0.1510364315545576,0.04959946635694233,0.8026179655739298,0.1473617706132673,0.11002826930419858,0.8029059934974105,0.06054111263229703,0.37024403428859215,False,2026-08-07T17:39:05.450105+00:00
1747792,8488,21.600548,20,0.44,-63.56033575000001,-0.008923202773439698,15.495936267077923,1.512247147783637,0.0003,1734.9389727364041,145.36995477265063,0.08377340222807908,-0.20543505583465269,0.817997110760041,0.18318685475159943,-0.2896315689001463,0.8028893510239545,0.1311500353003284,0.03762525891945311,False,2026-08-07T17:39:08.336662+00:00
1752800,8508,21.362855,20,0.41,-70.17708026,-0.008923202773439698,15.495936267077923,1.512247147783637,0.0003,4389.061597090379,56.32183429913018,0.08153518038841241,-0.12353273036044131,0.8254730224293713,0.07031531322928983,-0.1979474916134739,0.7928934584284829,0.08200530532777853,0.10905896037566234,False,2026-08-07T17:39:09.477668+00:00
1757808,8527,-22.09071,57,0.4,-69.55997316999999,-0.010208840316045098,14.789968214929104,1.4983215618878603,0.0003,1753.5146078393889,138.118039574486,0.03717083325104335,-0.16205012405495284,0.7993723444478874,0.20577225268319166,-0.24555668648651444,0.8378940707845417,0.19205131606846013,0.047996962622053295,False,2026-08-07T17:39:12.333660+00:00
1762816,8541,-19.695528,10,0.4,-71.08286739,-0.007841557523352093,10.681862754374743,1.4878875572234391,0.0003,1833.6017687712842,129.35415096100147,-0.03627042921122932,-0.14788136429039334,0.8266018366937934,0.20607169608675396,-0.24555626355680032,0.8378919864133793,0.26152927010439353,0.04828273710914528,False,2026-08-07T17:39:15.064879+00:00
1767824,8560,-197.080006,600,0.4,-75.31530679000001,-0.007841557523352093,10.681862754374743,1.4878875572234391,0.0003,5229.96565041445,44.3934082017539,0.12377257028504474,-0.06882359553274173,0.8666598931511601,0.1837565192101229,-0.13207215839174372,0.8378547423338047,0.09180518256605179,0.1301149678689122,False,2026-08-07T17:39:16.022447+00:00
1772832,8577,-169.697229,600,0.4,-76.11355726,-0.011099346884293482,12.608603689074517,1.504359620809555,0.0003,1959.9715995942906,115.90372026157074,0.061989981363444926,-0.050992581317463044,0.7959793982239427,0.18376640216594686,-0.13075849500419645,0.8378177119610524,0.15146795748973527,0.1314085556023421,False,2026-08-07T17:39:18.577586+00:00
1777840,8602,24.232029,19,0.39,-75.71388300000001,-0.00703229500213638,11.887866009771823,1.5232674017548562,0.0003,1852.1330653033087,119.94818523669015,0.05342165341328663,-0.1208544728594357,0.8012318394019216,0.09161072520174657,-0.1487307185291889,0.7929069550408095,0.04800826987437132,0.13060607147625877,False,2026-08-07T17:39:21.281489+00:00
1782848,8616,20.583318,23,0.39,-75.51194310999999,-0.00703229500213638,11.887866009771823,1.5232674017548562,0.0003,5258.572765571379,41.29485502639137,0.09604528015652093,-0.055751303580885134,0.8709530599038936,0.14463949893106195,-0.08476764390146012,0.802885642949724,0.0885241173619944,0.1759043024400891,False,2026-08-07T17:39:22.233850+00:00
1787856,8634,-161.666616,600,0.35,-83.14777582,-0.004984321126539726,10.003298388421536,1.5285775575786829,0.0003,1787.7328539962348,118.66649959795772,-0.013688069526607047,-0.2368796716707144,0.7888951042614714,0.050688159843996466,-0.23090031881496534,0.7928881946284996,0.0647765107058829,0.1131188306311656,False,2026-08-07T17:39:25.035164+00:00
1792864,8649,16.904989,63,0.38,-73.62089382,-0.004984321126539726,10.003298388421536,1.5285775575786829,0.0003,4432.943848803067,46.72651110975125,0.06649058728035581,-0.17146739912811648,0.8456605710717429,0.07662968260790277,-0.24360221904919002,0.7928885048147896,0.08995067801931823,0.0849676234937154,False,2026-08-07T17:39:26.164890+00:00
1797872,8668,21.60604,20,0.32,-83.34273185999999,-0.005466972349677235,9.180331985652447,1.5125556733459233,0.0003,1690.2809817226594,119.58248491561451,0.14555036060558132,0.038939253605664595,0.8018990530995173,0.1685111076687248,0.10533462413386291,0.8028853096881675,0.0702603290294961,0.36543375123923555,False,2026-08-07T17:39:29.127712+00:00
1802880,8686,23.563255,20,0.31,-83.69175238000001,-0.005268208202323876,7.536181715875864,1.4990891326218843,0.0003,540.975383840055,364.3788717349117,0.1456836222334203,0.042096824853904896,0.802064529914924,0.1684235858838892,0.10933237155371694,0.8028853096881675,0.07098167627129849,0.36942841996337544,False,2026-08-07T17:39:38.385053+00:00
1807888,8713,-20.086011,11,0.38,-75.42437770000001,-0.005268208202323876,7.536181715875864,1.4990891326218843,0.0003,4302.829293713713,44.64783213237604,0.13650686710500026,-0.02217221595942572,0.834616721566277,0.17099358832898162,-0.0200586579121927,0.8028803129178266,0.046914823907812625,0.2401930611554907,False,2026-08-07T17:39:39.548946+00:00
1812896,8730,-38.445852,115,0.37,-75.26863213,-0.005721979845839087,13.703259599208831,1.4784567441791296,0.0003,1763.0177210141148,106.12712383422607,0.07090735628987895,-0.17326802430963173,0.8045976595135848,0.09466486747733269,-0.20160888164138846,0.7928528999306456,0.03880158385661622,0.0876253516108431,False,2026-08-07T17:39:42.389524+00:00
1817904,8752,-172.399945,600,0.4,-73.21284580000001,-0.005721979845839087,13.703259599208831,1.4784567441791296,0.0003,4633.876402456861,39.29668903198486,0.17938257291677528,-0.047452896924611576,0.8134522691574473,0.1680796749993784,-0.05823621776309751,0.7989962540147783,0.02128407581836468,0.20192549361246043,True,2026-08-07T17:39:43.470266+00:00
1822912,8766,7.953757,89,0.41,-67.45219977000001,-0.00459542017269996,10.539768777042628,1.479230035096407,0.0003,1936.4420068787929,91.45019544656284,0.19404547447233422,0.030655915223728777,0.8710931633060062,0.16169937138375637,0.09185031382478036,0.8028896101519125,0.0971738106076147,0.3518544176242447,False,2026-08-07T17:39:46.056457+00:00
1827920,8781,-36.37467,103,0.4,-70.97822275,-0.004995634497026913,8.607475479692221,1.4983906712383033,0.0003,1967.480019868621,87.46213342054203,0.1449190632903473,0.035956277752874966,0.8050783842120326,0.154177155577188,0.09986246294209537,0.8028896101519125,0.06461039784830959,0.3599095688529596,False,2026-08-07T17:39:48.601837+00:00
1832928,8801,21.514893,65,0.34,-80.84608027,-0.004995634497026913,8.607475479692221,1.4983906712383033,0.0003,5137.820395839469,32.51806936172632,0.14505678596333188,0.02341339151465574,0.814505173354121,0.1334554550769232,0.08419869078267558,0.8028825618103191,0.0629645025751557,0.34522072881227917,False,2026-08-07T17:39:49.576579+00:00
1837936,8819,24.093959,19,0.33,-88.52262076000001,-0.004246808098105248,11.497726346552373,1.4975891392678022,0.0003,1926.089979856132,84.14144806054453,0.1516429098136404,0.03247679245457942,0.8142104652537987,0.13411231433035975,0.09582462343166095,0.8028822080909463,0.0666978176393128,0.35676509766177167,False,2026-08-07T17:39:52.176670+00:00
1842944,8847,15.297606,61,0.41,-77.95005730000001,-0.004246808098105248,11.497726346552373,1.4975891392678022,0.0003,4800.6035488001735,32.71588632626274,0.10379850516913172,-0.16921868141457105,0.8548672228214295,0.1410285533174627,-0.05162000611530675,0.8028986781696587,0.13385161392561515,0.20924181618551574,False,2026-08-07T17:39:53.219877+00:00
1847952,8862,-188.797932,600,0.4,-76.68992479,-0.0064300242942408655,15.907896506786347,1.48468996360898,0.0003,1792.1562136962739,84.84081847218279,0.08543600064369532,-0.12115706634461502,0.8856768722381265,0.05612504507363402,-0.20611763082308832,0.7928799572315837,0.12918474007274414,0.11701844285868603,False,2026-08-07T17:39:56.014283+00:00
1852960,8896,-20.452812,11,0.44,-61.92083358000001,-0.008072694711154326,17.486831249296664,1.4735640350729227,0.0003,1810.9952266801026,81.1929252124823,0.14692451384051994,0.04467406879841204,0.8016715176291681,0.13644098730210694,0.10096047673438746,0.8028984149832987,0.05726752416626913,0.3617284794477977,False,2026-08-07T17:39:58.779592+00:00
1857968,8915,-24.460927,75,0.49,-52.6911296,-0.008072694711154326,17.486831249296664,1.4735640350729227,0.0003,4393.6307811180595,32.32679464337163,0.14396971142845877,0.010584112155183885,0.8241484062872869,0.1364409897465386,0.10096047643535729,0.8028984149832987,0.09314575138505239,0.361728478990199,False,2026-08-07T17:39:59.919430+00:00
1862976,8938,-21.306939,161,0.46,-62.961556820000006,-0.00497037528839428,11.46348362416029,1.4562973760068416,0.0003,1853.6415063852671,73.92152124776626,0.1452900328087785,0.0355316341188841,0.8060052155955882,0.16158472429442397,0.1039855299163962,0.8028914548495532,0.07043541954480402,0.36398897969527744,False,2026-08-07T17:40:02.621143+00:00
1867984,8962,-30.509643,176,0.49,-57.85997564,-0.007229285540233832,25.723598715662956,1.4418341156095267,0.0003,1942.5684679667386,67.9595093696643,0.1646871285961942,0.02162271885764948,0.837100655584391,0.1620328178200715,0.10409767139887842,0.8028914548495535,0.089327669718238,0.3641033461345491,False,2026-08-07T17:40:05.199166+00:00
1872992,8970,-214.522276,600,0.47,-62.529418379999996,-0.007229285540233832,25.723598715662956,1.4418341156095267,0.0003,5290.447013357419,24.007045090769807,0.15830265423364231,0.03300384728126925,0.8209806073621602,0.16671583133941123,0.1038017291933713,0.8028931565205177,0.07355458864137446,0.363863711511146,False,2026-08-07T17:40:06.145785+00:00
1878000,8990,-27.679637,76,0.44,-70.32465156,6.120429316069931e-06,4.9756028488278385,1.440488601848483,0.0003,1985.8552801156889,61.43448680353622,0.1513067219410573,0.049739079104310496,0.8029977075114066,0.16671583148296693,0.10380172673461548,0.8028931565205177,0.056215847023617704,0.3638637090554586,False,2026-08-07T17:40:08.667633+00:00
1883008,9013,21.54718,23,0.4,-73.06790305000001,6.120429316069931e-06,4.9756028488278385,1.440488601848483,0.0003,4420.452328626268,26.466069827826256,0.15684723458176547,0.05883159293077045,0.803272870916383,0.15239617725106253,0.09852761104702804,0.8027569887065793,0.039948115100738445,0.35860823471231984,False,2026-08-07T17:40:09.800540+00:00
1888016,9031,-54.093387,156,0.39,-69.399647,-0.00956661282107234,17.772678744792938,1.4354230765253306,0.0003,1780.1065917778774,62.90859239398481,0.14549921158811463,0.0403821104730437,0.8019535082071696,0.15241047127482632,0.09909185489598774,0.8029030625195285,0.05912276426264839,0.35917204957918336,False,2026-08-07T17:40:12.613855+00:00
1893024,9039,-47.468791,132,0.35,-78.16958234999998,-0.00846626544080209,9.390354000031948,1.4147781629115344,0.0003,1759.6229110887182,60.794843784917276,0.09495393278745498,-0.10092403198508909,0.8556447352571912,0.14393313483725476,-0.1190722608721654,0.8341248314990404,0.05649271371542436,0.14184065641359972,False,2026-08-07T17:40:15.459914+00:00
1898032,9068,-9.074268,13,0.36,-81.40630556,-0.00846626544080209,9.390354000031948,1.4147781629115344,0.0003,4361.57945552814,23.3786867898874,0.13258287312925418,-0.08055698990094343,0.8348706411310811,0.16431788336631256,-0.11760785039489376,0.837928680238659,0.048879737532763465,0.14245760206436175,False,2026-08-07T17:40:16.608136+00:00
1903040,9085,-35.308479,100,0.37,-75.32220833000001,-0.008570065478852484,23.433397620916367,1.4057407032698392,0.0003,1850.9830779946253,52.38297483791558,0.14529499819083574,-0.061247910709985434,0.835566103939021,0.1833099822179425,-0.06302399925877136,0.802520614729063,0.05040136762271199,0.1983504477913002,False,2026-08-07T17:40:19.313713+00:00
1908048,9115,22.802954,22,0.42,-70.25136567,-0.008570065478852484,23.433397620916367,1.4057407032698392,0.0003,5120.819570067215,17.956500662020602,0.15589984559502512,0.030755138939907417,0.8201900247500089,0.13838471103360075,0.09302174001095986,0.8028786388146173,0.06695964180497434,0.3536828659088064,False,2026-08-07T17:40:20.291681+00:00
1913056,9129,14.613151,70,0.43,-66.73400168,-0.008095776614936767,18.37183959633112,1.3866670086979866,0.0003,1885.4616772408033,46.112843898919444,0.16333238987091478,0.024581063433641727,0.8331114271731356,0.13834158581509973,0.09568943777729369,0.8028786388146185,0.0812093755737844,0.3563482328444073,False,2026-08-07T17:40:22.947796+00:00
1918064,9150,-202.818365,600,0.43,-64.07696829000001,-0.007339425128884613,10.137125492095947,1.3751508221030235,0.0003,1924.1227279081172,42.58356227052098,0.11068490069983598,-0.12134328848669408,0.8400612889522445,0.04919897822358704,-0.15429678528943117,0.7928991428979246,0.08420641088855586,0.15313404594291158,False,2026-08-07T17:40:25.550541+00:00
1923072,9171,-184.755973,600,0.42,-65.79627225,-0.007339425128884613,10.137125492095947,1.3751508221030235,0.0003,4646.901847515791,16.554685793745634,0.11468640467042758,-0.16641585375293658,0.8699118960233542,0.1183609296920314,-0.13404354023424556,0.866222321444764,0.03278843968928374,0.1326606269125624,True,2026-08-07T17:40:26.628254+00:00
1928080,9186,1.916632,74,0.41,-68.18303273000001,-0.004875136051850859,13.170650409162045,1.3783888787031173,0.0003,2016.4050051977083,35.66743774916798,0.14486830159167888,0.022522405285776842,0.8153339661803338,0.13840189033536682,0.08927972388490635,0.8028784133991715,0.06821652920052267,0.3499468586202796,False,2026-08-07T17:40:29.111882+00:00
1933088,9199,-184.459046,600,0.42,-72.85250923000001,-0.004875136051850859,13.170650409162045,1.3783888787031173,0.0003,4485.266880868275,14.918175835959827,0.14717970094218905,0.014508199656688306,0.8246331462961289,0.13837153069802663,0.08964980737611053,0.8028784133991722,0.07872174716765129,0.350318110411805,False,2026-08-07T17:40:30.228434+00:00
1938096,9220,14.058823,69,0.38,-83.96013433000002,-0.007874749579059426,7.0154213339090346,1.357978067547083,0.0003,1753.0710292122108,35.3117466254737,0.11929414567412855,-0.15778650370944508,0.839355256034142,0.08148386340589524,-0.157082254524797,0.7928977686194344,0.05990335173431674,0.12944823691098611,False,2026-08-07T17:40:33.085130+00:00
1943104,9240,-185.024092,600,0.39,-79.89751814,-0.008344053585460642,13.818358235061169,1.3319666247814894,0.0003,1813.6039962866364,31.371787951777154,0.1560415877569855,0.05278781753510188,0.8061101185861987,0.1862320879089078,0.09179705127650194,0.8029062098561118,0.04943128207587916,0.3527737061104504,False,2026-08-07T17:40:35.846479+00:00
1948112,9254,-47.506984,144,0.38,-80.3796849,-0.008344053585460642,13.818358235061169,1.3319666247814894,0.0003,5174.284312428609,10.02805351753966,0.14452817754613287,0.017443534980913927,0.8164371182226773,0.18623208935249227,0.09179705327959566,0.8029062098561188,0.08631771211384835,0.35277370821534276,False,2026-08-07T17:40:36.814349+00:00
1953120,9269,21.245344,23,0.36,-88.75104755999999,-0.0005460772044898476,7.371629879251122,1.3043031241744756,0.0003,1936.644647296355,24.206815672377807,0.144500172070285,0.016621521941606474,0.8107206410014792,0.17616067890742118,0.08629559718476085,0.8029073171714416,0.076927969448349,0.34667247968695025,False,2026-08-07T17:40:39.400281+00:00
1958128,9291,20.839495,22,0.38,-82.81505215000001,-0.005100610401132144,13.458252802491188,1.2864728286862372,0.0003,1902.5815083681587,22.007992727687945,0.14504008435679122,0.019130509328634745,0.8175422677382504,0.1761606798898936,0.08629559944409686,0.8029073171714416,0.07545742226345951,0.3466724819896295,False,2026-08-07T17:40:42.032472+00:00
1963136,9305,-202.886753,600,0.39,-77.27818629,-0.005100610401132144,13.458252802491188,1.2864728286862372,0.0003,5168.154349747363,7.1329139002595845,0.14560550150113236,0.02151819843042833,0.8164770699637462,0.13414512500999518,0.07793243378776765,0.8028906888675321,0.05914808476665536,0.3389200560109607,False,2026-08-07T17:40:43.001488+00:00
1968144,9328,4.496475,78,0.42,-77.65215095,-0.005675342728500255,10.290588150918484,1.2696701359003781,0.0003,1761.3259170916097,18.086374413091153,0.14489248141153407,0.021225810036790742,0.8083457753012057,0.13542249434055534,0.08396258002981713,0.8028906889234848,0.0636815588037133,0.34483954275170997,False,2026-08-07T17:40:45.844814+00:00
1973152,9350,-9.32922,163,0.42,-73.57743074,-0.005675342728500255,10.290588150918484,1.2696701359003781,0.0003,4346.379550465313,6.177095140511997,0.16506418881801116,0.043266575971762006,0.822160893079524,0.15887555903469391,0.10175020224049183,0.8028857118065899,0.0618883372958096,0.3617519498061084,False,2026-08-07T17:40:46.997038+00:00
1978160,9359,-207.162579,600,0.43,-72.54929884,-0.0050281137984711675,12.618210302293301,1.257423534989357,0.0003,1753.7970286667357,12.452980386563384,0.1458380684023363,0.04125267638491696,0.8021269750871662,0.15943316472295282,0.1025588685257064,0.8028857118065892,0.06280009172110847,0.36255931162896887,False,2026-08-07T17:40:49.852544+00:00
1983168,9381,11.170991,73,0.39,-78.17269858,-0.005129778802802321,10.656776577234268,1.2325575903058053,0.0003,1775.8397233605751,9.478332857735241,0.16693115706305234,0.008597275217878316,0.8522523633859399,0.13410707014481513,0.0674243032891196,0.8028911499318311,0.08351388691333134,0.3284465225890676,False,2026-08-07T17:40:52.672632+00:00
1988176,9394,20.497492,21,0.41,-73.77317020999999,-0.005129778802802321,10.656776577234268,1.2325575903058053,0.0003,5527.345707737204,2.1391822811894525,0.1464202101276224,0.04224330698463996,0.8018611658765258,0.1355405315664049,0.08834514513743238,0.8028911499318311,0.04737940221041066,0.3492028146176272,False,2026-08-07T17:40:53.578667+00:00
1993184,9420,-180.91646,600,0.41,-76.27271799,0.0009732376696774736,7.918924298882485,1.209296702221036,0.0003,1882.7396127907166,3.6202563294968284,0.14510613669056463,0.04047601012264432,0.8023016772436888,0.16125889986555658,0.06798126351154955,0.802900545561148,0.03190312469707184,0.32798367953833313,False,2026-08-07T17:40:56.238613+00:00
1998192,9438,-169.326123,600,0.41,-72.88308390999998,0.0009732376696774736,7.918924298882485,1.209296702221036,0.0003,5238.4749425715045,0.3451386175978298,0.1648481765685752,0.024948897571279424,0.8357571726500963,0.13447460134292136,0.08986289473161665,0.8029043031924761,0.07883966090059089,0.35079280364139326,False,2026-08-07T17:40:57.194626+00:00
2003200,9458,-19.750591,10,0.42,-73.15910178000001,-0.007136307154723909,18.608433759212495,1.197443987429142,0.0003,372.5423850282938,-8.589626653506734,0.16524735285578718,0.03355550109166734,0.8294833095870255,0.17866834371077478,0.09050458546479169,0.802895592576133,0.06426684917061208,0.35100138388437885,False,2026-08-07T17:41:10.637387+00:00
