global_step,episode_num,episode_reward,episode_length,success_rate,avg_reward_100,policy_loss,value_loss,entropy,learning_rate,fps,eta_seconds,ee_x,ee_y,ee_z,cube_x,cube_y,cube_z,ee_to_cube_dist,cube_to_goal_dist,is_grasped,timestamp
5008,14,33.020683,28,1.0,30.358957428571433,,,,,3645.4453670206813,547.2560412091569,0.17434343701335642,0.09133193997354859,0.8069972149536655,0.18746124114614793,0.12745170821806265,0.8029703428884947,0.03863845418663823,0.3884236681336265,False,2026-08-07T14:21:43.163698+00:00
10016,24,-296.055106,600,0.5833333333333334,-90.73599925,-0.004640476334679988,4.5279955573379995,2.5108926178887487,0.0003,648.5501946276645,3068.357725406988,0.12260814687519345,-0.06411074961482333,0.8750685966019851,0.1757924873072111,-0.08442494038976707,0.8028786480032113,0.0919381808212625,0.1762838739433794,False,2026-08-07T14:21:50.885510+00:00
15024,46,-3.830952,33,0.5869565217391305,-72.04786652173912,-0.004640476334679988,4.5279955573379995,2.5108926178887487,0.0003,4672.871133104389,424.787233257446,0.1761882053185072,-0.06051558595979954,0.7996084999771552,0.18680504988811075,-0.08950747727057581,0.8029120682640106,0.03105093740641177,0.17258682164680864,False,2026-08-07T14:21:51.957286+00:00
20032,56,-252.915201,600,0.5178571428571429,-96.1716628392857,-0.005179329834572854,5.248039244487882,2.5230545407161116,0.0003,655.6538160118616,3019.837529572435,0.15965825057974262,0.033178587544688415,0.8031771437930958,0.18388255755442284,-0.02996968934995023,0.8028804721649815,0.0676358628038441,0.2312667731713718,False,2026-08-07T14:21:59.595438+00:00
25040,91,35.461881,23,0.6153846153846154,-71.96592797802197,-0.003703869321179809,3.703214559610933,2.504207243025303,0.0003,645.502548212539,3059.569641465958,0.17096572793835876,-0.06145207866094736,0.7995476485414263,0.18625222093402694,-0.0896291071587078,0.8028879136317006,0.03223009733065541,0.17238161221983056,False,2026-08-07T14:22:07.353709+00:00
30048,102,-288.341058,600,0.57,-87.32240026,-0.003703869321179809,3.703214559610933,2.504207243025303,0.0003,4835.872035981247,407.36230928829303,0.15592478217411804,0.0566455020061315,0.8031829151389107,0.18743999280132237,0.07660747964590509,0.806926078434134,0.037492670265300926,0.3377240716302364,False,2026-08-07T14:22:08.389328+00:00
35056,121,35.222411,23,0.56,-90.52377718,-0.0037831129557162058,1.5198320745723322,2.50455269459635,0.0003,640.6635680884488,3067.0450106329813,0.17689366505898557,0.09931688699095481,0.8069622491262245,0.1876822635125707,0.1255363343001634,0.8278798002628582,0.035233467319393245,0.3865288770309235,False,2026-08-07T14:22:16.206204+00:00
40064,141,-293.038626,600,0.58,-85.19678311,-0.0037831129557162058,1.5198320745723322,2.50455269459635,0.0003,4211.025335828331,465.4296385548747,0.14288632654409286,-0.02896651358153562,0.8349215262836874,0.1635762976346172,-0.017407486833040088,0.8028967213242878,0.03984060912921331,0.24261887261594675,False,2026-08-07T14:22:17.395470+00:00
45072,155,33.392125,28,0.59,-84.39892156999998,-0.005089441436211928,5.859054886107333,2.4694835977628826,0.0003,655.1461503149775,2983.9570896663604,0.17410195426284866,0.08659994280408258,0.8075597828783151,0.13776431527662492,0.05860440739977588,0.802896721324288,0.04610767997550476,0.3193793889556427,False,2026-08-07T14:22:25.039553+00:00
50080,167,34.187346,26,0.57,-89.17075884,0.0009136356064118444,2.0488186556613073,2.4677428381517528,0.0003,640.6993487552877,3043.4243515124335,0.14629815729120754,-0.3438428606934544,0.8102848740011702,0.1348433191386236,-0.321135864331828,0.817073577374272,0.026323136104134125,0.06610939796701237,True,2026-08-07T14:22:32.856012+00:00
55088,184,-265.716074,600,0.51,-111.71350865000001,0.0009136356064118444,2.0488186556613073,2.4677428381517528,0.0003,4104.0974460314565,473.8951805056855,0.16759081655360358,-0.06205790484594984,0.7995010272976069,0.18684477464921637,-0.0893229329280972,0.8028476975570175,0.033545444705550126,0.17277529670133407,False,2026-08-07T14:22:34.076266+00:00
60096,196,-254.302489,600,0.47,-121.36543684,-0.002868842609677813,2.553470676345751,2.4825072145089506,0.0003,640.2154076275613,3030.0801525359716,0.16569419311111103,-0.2002575968003228,0.7983545467396873,0.15511869088257832,-0.19302661933921833,0.8136163895845584,0.01992616695328642,0.0671510304897385,True,2026-08-07T14:22:41.898626+00:00
65104,218,35.369116,23,0.49,-111.02514046,-0.002868842609677813,2.553470676345751,2.4825072145089506,0.0003,4571.992781479109,423.206267481033,0.16465989842362447,0.066151225378668,0.8040851392401451,0.18614827913765616,0.007406522372555616,0.8029063980812499,0.06256260918237978,0.26868193223446357,False,2026-08-07T14:22:42.994002+00:00
70112,230,-248.375626,600,0.46,-122.83835351000002,-0.003115305702885962,3.549922209465876,2.4923104418441655,0.0003,636.7610935712337,3030.7881864709216,0.16583435467870697,-0.20599407940124267,0.8005378747136704,0.13370142330584556,-0.1787514463120437,0.8282990022960732,0.05045162575073458,0.08539872723011181,False,2026-08-07T14:22:50.858858+00:00
75120,249,-243.745219,600,0.47,-118.99635536999999,-0.0009998780533351237,4.550349888694472,2.4855486338958146,0.0003,644.3203411348936,2987.4580656720427,0.1770113358354802,0.09961563100403005,0.8069784996114701,0.1446262038950174,0.12672376957576229,0.8029047009827729,0.042429279782864524,0.38702923347153617,False,2026-08-07T14:22:58.631369+00:00
80128,259,-302.420653,600,0.46,-119.74169752999998,-0.0009998780533351237,4.550349888694472,2.4855486338958146,0.0003,4837.543727624568,396.869177437438,0.15602895934554548,-0.22480347583797186,0.8013922597763582,0.14528329778160165,-0.16164900639346466,0.801107700202465,0.06406276006710222,0.09944596154483987,False,2026-08-07T14:22:59.666573+00:00
85136,281,31.947134,28,0.49,-107.38466677000001,-0.003839866381167667,0.6043101075221784,2.443353402800858,0.0003,636.2689921910488,3009.51959548743,0.1745006358524538,0.09308190990132185,0.8068594016950006,0.18759809467507085,0.12756887162615677,0.8030221556208591,0.037089330191497016,0.38855023495458935,False,2026-08-07T14:23:07.537468+00:00
90144,296,-251.576347,600,0.5,-103.43371450000001,-0.008068439765338553,2.6324736093520187,2.4139500919729473,0.0003,636.2517622793732,3001.729996248556,0.14233040655221435,-0.24597333462998902,0.8017211267257541,0.14348389418758617,-0.1685303747922264,0.8027623980176478,0.07745854896692547,0.09294877130364565,False,2026-08-07T14:23:15.408545+00:00
95152,319,31.019722,31,0.51,-103.37054676,-0.008068439765338553,2.6324736093520187,2.4139500919729473,0.0003,4810.286770853681,395.9946861259473,0.1770020586618293,0.09990709854428302,0.8069950581343319,0.18509621194660306,0.12276560479809143,0.8276339926551899,0.03184324486777493,0.3835874451419357,False,2026-08-07T14:23:16.449649+00:00
100160,338,-245.352128,600,0.55,-91.390255,-0.0024646891291922658,0.992657832778059,2.3863898038864138,0.0003,636.4562686554049,2985.028341403023,0.08525709643286525,-0.24915770755361233,0.8056910076215569,0.18363140553431057,0.10188627930917254,0.8029033292351118,0.3645780527602999,0.36265703147707407,False,2026-08-07T14:23:24.318226+00:00
105168,368,35.130107,26,0.62,-73.57905492,-0.0024646891291922658,0.992657832778059,2.3863898038864138,0.0003,4131.574684364941,458.62223117267746,0.17687249023155405,0.09978877589124269,0.8067109354383406,0.1883364217583645,0.12837969349974726,0.8035248198843631,0.03096794517030461,0.3894120428556692,False,2026-08-07T14:23:25.530364+00:00
110176,380,35.178353,24,0.6,-78.49856515999998,-0.006790664596337592,2.7561312944162637,2.3524986419826748,0.0003,667.2053344219494,2832.4473778934907,0.16566347287643318,-0.23704170091990973,0.8021187255403757,0.16446565922855041,-0.23605112679588905,0.8095147448476061,0.007557585343425437,0.024361663327698325,True,2026-08-07T14:23:33.036302+00:00
115184,391,-289.925112,600,0.57,-87.00996701000003,-0.0023991594527615233,2.852958147355821,2.33921874538064,0.0003,648.7607410986512,2905.255945062485,0.14265360159440693,-0.07787882589842231,0.8020210206302494,0.18085405005413488,-0.08218247467748158,0.8028850073842677,0.03845181567168121,0.17903620783373636,False,2026-08-07T14:23:40.755635+00:00
120192,403,-238.271886,600,0.56,-93.45291189,-0.0023991594527615233,2.852958147355821,2.33921874538064,0.0003,4289.630064267641,438.2214717438427,0.17427948024323864,0.003600502664419407,0.8019644588548003,0.1782032744565258,-0.055520639679491016,0.8028849748069624,0.05925835791426665,0.20528801230959431,False,2026-08-07T14:23:41.923118+00:00
125200,428,31.022947,26,0.55,-97.56620284,-0.004146881365886657,2.9524475012440234,2.3445710331201552,0.0003,632.6218558345885,2963.539723942455,0.1749522998109113,0.09271764380387036,0.8071189978058761,0.13680470284271182,0.10284048508295807,0.8028788372035336,0.039694962299307475,0.3635811318336682,False,2026-08-07T14:23:49.839352+00:00
130208,442,35.323933,23,0.53,-100.37911925999998,-0.004146881365886657,2.9524475012440234,2.3445710331201552,0.0003,4854.724963529023,385.1489042215073,0.16386209316072686,-0.13581740950463617,0.8358208123556039,0.1667097389197485,-0.13701962500236797,0.8464430494263082,0.011062835480025242,0.12316327874382603,True,2026-08-07T14:23:50.870942+00:00
135216,464,-362.426627,600,0.5,-109.36969186000002,-0.0041450662109127736,3.382857569446787,2.3546919237822292,0.0003,622.8330847050587,2994.034912071289,0.17183342530696555,-0.025436706499730028,0.8001433489024649,0.18297295477962264,-0.058771185231096854,0.8028827297392691,0.03525309626874204,0.20253590433452565,False,2026-08-07T14:23:58.911605+00:00
140224,486,35.242713,23,0.55,-98.98197799000002,0.0024635654488520233,2.966866995813325,2.3673869650810957,0.0003,682.8426083435431,2723.5793098961585,0.1483245222621429,0.012684350732017912,0.7997296576590325,0.1818793756528566,-0.06697839867771813,0.8028825497398338,0.08649868529673657,0.1942576784994013,False,2026-08-07T14:24:06.245653+00:00
145232,509,35.762684,23,0.6,-79.09585892999999,0.0024635654488520233,2.966866995813325,2.3673869650810957,0.0003,4652.076502412737,398.69679680419046,0.17572498183189822,0.0968578621224049,0.8069215866824782,0.18323906366070938,0.12263755178066994,0.8258742645274003,0.032867275854562866,0.3833426014840137,False,2026-08-07T14:24:07.322169+00:00
150240,521,32.317611,30,0.58,-82.54681652,-0.004436768382947776,2.638961567101069,2.3478003738448026,0.0003,628.0305823648202,2945.334275020197,0.1754997449537698,-0.1749759422048349,0.8242760269737008,0.17708198027417563,-0.1760414602638245,0.8343742909892332,0.01027685425947886,0.08567864637538508,True,2026-08-07T14:24:15.296298+00:00
155248,544,35.072193,24,0.58,-82.64717571999999,-0.004436768382947776,2.638961567101069,2.3478003738448026,0.0003,4094.5396582197227,450.53953655002215,0.17444187770151484,0.09285157029776807,0.8069114299932009,0.18755738112778464,0.12753997178723153,0.8172059230249735,0.038487377343746375,0.3885185182040493,False,2026-08-07T14:24:16.519418+00:00
160256,559,-293.369637,600,0.57,-83.92540158,-0.002495371679106029,3.9366258076392113,2.331915830075741,0.0003,669.5462877176672,2747.7472935758838,0.16716446260789136,-0.20024232968730463,0.7985938644683988,0.15313239222183023,-0.19108593537276003,0.8145318309685003,0.023124820698140758,0.06925541379590615,True,2026-08-07T14:24:23.999108+00:00
165264,576,-309.173062,600,0.53,-90.67725744,-0.003608750992134446,0.8551703497651033,2.3355352368205784,0.0003,630.395862048806,2910.4505763046277,0.17820023209481353,0.10329515094379943,0.8068511968435399,0.14400058123660164,0.1185770097991673,0.8028982654744715,0.03766665627989221,0.3789149426312525,False,2026-08-07T14:24:31.943302+00:00
170272,584,-183.705502,600,0.51,-97.52597495000002,-0.003608750992134446,0.8551703497651033,2.3355352368205784,0.0003,4171.82131520049,438.59213081183145,0.17606657356756172,0.09816909619052129,0.8067560344282096,0.14390847239328153,0.11862706187635319,0.8028982669616971,0.03830867004952795,0.37896884996769536,False,2026-08-07T14:24:33.143737+00:00
175280,600,35.453619,23,0.48,-107.49415304999998,-0.003967454429948702,3.3010439367499202,2.3112712183967234,0.0003,646.2463521130227,2823.5671954413956,0.17786247406360547,0.10214331212625308,0.8069340747634605,0.18890995490662454,0.12770140709277544,0.8323764583205275,0.03771707746312758,0.3887777855721968,False,2026-08-07T14:24:40.893106+00:00
180288,610,34.707155,24,0.45,-118.31189187000001,-0.0019007743841939373,0.9549644392449409,2.2519907580688594,0.0003,645.4084957948736,2819.4732667082035,0.17812053642856912,0.10297417413270796,0.8069258201334875,0.18758096338639765,0.12586969727105865,0.8297874767918934,0.03370993923414867,0.38685414927770945,False,2026-08-07T14:24:48.652529+00:00
185296,626,-305.826686,600,0.44,-121.31890220000001,-0.0019007743841939373,0.9549644392449409,2.2519907580688594,0.0003,4139.843727513515,438.3508459363883,0.17616325341358136,0.09691496359830727,0.807124242321249,0.14595893114500005,0.12174356653209045,0.8029027498184421,0.03932660176393376,0.3820017044506889,False,2026-08-07T14:24:49.862258+00:00
190304,634,-240.535094,600,0.41,-128.99955878,-0.0017846879323769826,1.7319245567545294,2.1967199269682167,0.0003,652.4464521963761,2773.7080857868013,0.1757644286833299,0.09565361862712188,0.807096280492851,0.14506478938025588,0.12174366217286971,0.8029027498190335,0.04050609738138337,0.3820357105368688,False,2026-08-07T14:24:57.537978+00:00
195312,655,-253.248474,600,0.4,-135.12149062,-0.0017846879323769826,1.7319245567545294,2.1967199269682167,0.0003,4690.441856144513,384.75863369585227,0.14415053147587406,0.020332262918707565,0.8008593040683265,0.1686262179358169,-0.044027532796470606,0.8029021020687839,0.06888697667814699,0.21614466966792356,False,2026-08-07T14:24:58.605670+00:00
200320,669,35.167066,23,0.41,-128.74092984,-0.008122541817283491,1.7972703359206208,2.1484451981261374,0.0003,249.84586963598994,7203.160903248163,0.16663496053686983,0.017158893657696624,0.8018140804391858,0.1686262199063735,-0.04402753128949766,0.8029021020687839,0.06122848604009206,0.21614467125233974,False,2026-08-07T14:25:18.650036+00:00
205328,691,35.103058,25,0.46,-112.45446711000002,-0.0002248897981189657,2.1919295899337157,2.130113482661545,0.0003,660.6408892770422,2716.5620976987357,0.16049149125129683,-0.0028304861876900364,0.801280567101144,0.18188460203672796,-0.06730473537828426,0.8028922454338361,0.06794991909352532,0.19393401149344336,False,2026-08-07T14:25:26.230550+00:00
210336,701,34.652484,26,0.46,-117.87745545,-0.0002248897981189657,2.1919295899337157,2.130113482661545,0.0003,5065.224189814173,353.32374894657073,0.14453540070565354,0.007175230908657512,0.7997366653448673,0.18188459962469666,-0.06730473482489455,0.8028922454338361,0.08337976757741195,0.19393401177111116,False,2026-08-07T14:25:27.219256+00:00
215344,717,-266.702004,600,0.45,-119.24723106000002,-0.0032747695602665773,3.5754320833832027,2.153695619292557,0.0003,629.7230578044146,2834.033116434329,0.17568039798659862,0.09694140718639062,0.8068290001437827,0.18795312933688496,0.1279293511474468,0.8031891165080789,0.033527919091576854,0.388935160304907,False,2026-08-07T14:25:35.171955+00:00
220352,731,-249.851134,600,0.48,-112.17250267000003,-0.0032747695602665773,3.5754320833832027,2.153695619292557,0.0003,4656.492493552316,382.18637793665874,0.17615500287443311,0.09739915667108831,0.8068795139294879,0.18797541837585732,0.12802539008977085,0.8032247541472469,0.03303098038369165,0.38903255312071655,False,2026-08-07T14:25:36.247443+00:00
225360,764,35.548911,23,0.57,-89.57954472,-0.0013362008590775075,1.2307811259292065,2.1905741434544326,0.0003,655.9793809906312,2705.3289347601394,0.17754149209156705,0.10120719462373085,0.8069255974925568,0.13819119460538573,0.1149402826031063,0.8029057141782191,0.041871267947855666,0.37557401335986673,False,2026-08-07T14:25:43.881830+00:00
230368,778,-302.427387,600,0.58,-91.81955210000002,-0.004908997819438809,4.682909258687869,2.2444810803979633,0.0003,635.8550002666918,2783.0747564425487,0.1721465281965402,-0.1574300719600821,0.8339549795252014,0.17337560071195793,-0.1580177466173685,0.8445648403052344,0.010696968099543656,0.10285565953998342,True,2026-08-07T14:25:51.757841+00:00
235376,796,-252.287693,600,0.57,-86.08228007000001,-0.004908997819438809,4.682909258687869,2.2444810803979633,0.0003,4201.373683712589,420.01119939435404,0.1549055600909003,-0.01988140453973101,0.7992647547066098,0.17948321221774607,-0.07186112901038437,0.8028920098515033,0.05761171512808347,0.18914499817750657,False,2026-08-07T14:25:52.949834+00:00
240384,808,-283.143727,600,0.54,-93.73215282999999,-0.0029808100935042603,1.9105483968625776,2.281178388185799,0.0003,672.518849094925,2616.4560329693195,0.08265181951902337,-0.2673309156190959,0.7899169780934296,0.14414710537584016,0.11723418744582381,0.802876784755104,0.3896664538636241,0.3775671416395707,False,2026-08-07T14:26:00.396468+00:00
245392,833,35.728449,23,0.59,-83.87018989,-0.0029808100935042603,1.9105483968625776,2.281178388185799,0.0003,4808.879358110174,364.8683756311861,0.17580684417854503,0.09596136387155775,0.8070188639259006,0.14063413254451562,0.11690753099733162,0.8028769831385953,0.041146284612437196,0.3774047214129785,False,2026-08-07T14:26:01.437883+00:00
250400,844,35.396744,23,0.57,-89.56745301999999,-0.005652819196257042,5.4841216339264065,2.292591650784016,0.0003,635.6975305878984,2752.2523146848707,0.13364657045245412,-0.030886027928827425,0.8361989781674158,0.1806844609121916,-0.07129307648300924,0.8028873791750714,0.07039144365041133,0.18983716682060808,False,2026-08-07T14:26:09.315833+00:00
255408,868,-309.110057,600,0.54,-100.38345211000002,-0.0020268649110221303,4.991407259483822,2.289799349941313,0.0003,648.8428854683772,2688.7741841241573,0.14345784962603633,-0.002071536836016257,0.7998151469252248,0.18068446216282696,-0.07129307862550119,0.8028873791750714,0.07865672977994155,0.18983716482713994,False,2026-08-07T14:26:17.034193+00:00
260416,881,-250.659784,600,0.54,-92.58545741999998,-0.0020268649110221303,4.991407259483822,2.289799349941313,0.0003,5041.193262656879,345.07385639946295,0.14392045909243667,-0.21614079917182052,0.7995555413206199,0.1796844948466998,-0.161282634267651,0.8028767084456616,0.06557068446461213,0.10066080485722388,False,2026-08-07T14:26:18.027617+00:00
265424,898,-289.776838,600,0.53,-103.23834087999998,0.00016008974926080556,2.343379064020701,2.2855425544083117,0.0003,640.3305365676521,2708.8759647444035,0.1722148379965674,0.08519456323224982,0.8071996061229638,0.18279575253403094,0.043522648161686474,0.8028829573385786,0.04321038896868536,0.3043774700609027,False,2026-08-07T14:26:25.848571+00:00
270432,910,26.665897,45,0.53,-102.10724172999998,-0.002072794320702087,1.4709225841565057,2.2921801863238214,0.0003,661.1304107139698,2616.0769070238352,0.14532388069307928,-0.2244173585239692,0.7999592057100081,0.14570517142945208,-0.16174629529263618,0.8078192379256527,0.06316318275389832,0.09928812926318636,False,2026-08-07T14:26:33.423473+00:00
275440,931,-248.785777,600,0.51,-101.09538120999997,-0.002072794320702087,1.4709225841565057,2.2921801863238214,0.0003,5247.521877379551,328.6427460996487,0.17786313222564415,0.10223338823840113,0.8068611412238582,0.18757944456423267,0.12559008375987246,0.8293965046689035,0.03387896923969217,0.3865751394702161,False,2026-08-07T14:26:34.377828+00:00
280448,943,35.570795,22,0.51,-102.95350949,-0.00366071123353322,5.264130170666613,2.303189020417631,0.0003,651.2155996539718,2640.5264261385882,0.14556232010419018,-0.23656805965324923,0.80058803974849,0.1443784875780678,-0.15815104824723644,0.8028774391893319,0.07845935563781015,0.10303999526147768,False,2026-08-07T14:26:42.068064+00:00
285456,971,35.308823,24,0.53,-102.38035267,-0.00366071123353322,5.264130170666613,2.303189020417631,0.0003,4549.864854438415,376.83404998885936,0.1755124913779029,0.09513816527764876,0.8069983426426868,0.18771355832689832,0.12775646276853392,0.8030745402267824,0.03504590691217464,0.38874556683504935,False,2026-08-07T14:26:43.168775+00:00
290464,982,35.560306,23,0.54,-101.45879555000002,-0.0020961360140063336,2.392998339724727,2.290086119621992,0.0003,664.315256179043,2573.3806112368648,0.1770609844992473,0.10040421160143445,0.8066646948707688,0.1884269551689268,0.12846497399785786,0.8035566477619235,0.030434382404828694,0.38950369421012243,False,2026-08-07T14:26:50.707353+00:00
295472,1003,-180.451099,600,0.55,-92.51370031,-0.0024084884022158803,1.504659946425818,2.2931703735142945,0.0003,654.4234438353234,2604.6255158745826,0.16146471138166993,0.0655731966136393,0.8045814655297092,0.17740285323022645,0.0027884405654194917,0.8028824395882287,0.06479843089742997,0.26336405182818295,False,2026-08-07T14:26:58.359885+00:00
300480,1018,35.748627,24,0.59,-84.22740358000001,-0.0024084884022158803,1.504659946425818,2.2931703735142945,0.0003,4542.44111326068,374.14243963198925,0.1681184016648446,0.07743297417104067,0.8062115548144828,0.17740285137608067,0.0027884389136600984,0.8028824395882287,0.07529336397333088,0.2633640500575134,False,2026-08-07T14:26:59.462376+00:00
305488,1035,-181.327975,600,0.54,-95.04569264000003,-0.005113043613164336,1.227078390668612,2.297570565715432,0.0003,658.188399706356,2574.5090626878095,0.17759971209464798,0.1013786789756626,0.806920363332485,0.13757225331988354,0.10637154905045174,0.8028894701804854,0.04053855334310819,0.3670573739550468,False,2026-08-07T14:27:07.071142+00:00
310496,1040,-176.219144,600,0.53,-92.59966339,-0.005113043613164336,1.227078390668612,2.297570565715432,0.0003,5264.913948726612,320.8986920685814,0.17491134798348548,0.09432663647146154,0.8069653949787439,0.13750676689609015,0.10639638646054851,0.8028894701804853,0.03951448739492462,0.3670861718272897,False,2026-08-07T14:27:08.022350+00:00
315504,1061,-165.718287,600,0.45,-107.76494238,-0.0013454539523081622,1.0258797777234576,2.3012930212542413,0.0003,643.7731597224819,2616.5986800787928,0.0749771843799996,-0.035485308062499527,0.7957113415167097,0.17994134555071287,-0.06693746339430608,0.8028927318138441,0.1098102252610718,0.1940896707787353,False,2026-08-07T14:27:15.801484+00:00
320512,1065,-243.484025,600,0.44,-112.14978780999999,-0.004016258556293906,3.073355802590959,2.296086800843477,0.0003,644.2657372505614,2606.8249526465665,0.0719932776404946,-0.013994118142194457,0.7952602733683037,0.17994134331986153,-0.06693746230454095,0.8028927318138441,0.12047421714596233,0.19408967163352908,False,2026-08-07T14:27:23.574674+00:00
325520,1094,35.368286,23,0.44,-99.48560711000002,-0.004016258556293906,3.073355802590959,2.296086800843477,0.0003,4995.107031649438,335.224048131571,0.17729623132979283,0.10045079130626819,0.8069664286759367,0.18236164021643697,0.12270370137958514,0.8312186752612609,0.0333019794960509,0.38335644771257477,False,2026-08-07T14:27:24.577257+00:00
330528,1100,-281.368224,600,0.43,-102.69646974999999,-0.004880030996719143,4.424409572826699,2.2986548751592637,0.0003,658.0780789564325,2536.8904593318416,0.17624637480456687,0.0982240698766326,0.8069451070115162,0.184238994970141,0.12263059287811161,0.8268315395514444,0.03248123367881799,0.38339757365353494,False,2026-08-07T14:27:32.187300+00:00
335536,1121,35.456639,23,0.4,-112.99735627,-0.004880030996719143,4.424409572826699,2.2986548751592637,0.0003,4227.226225332799,393.74850345724303,0.1491073207210162,0.034984027969544446,0.8018031563484193,0.13868595146033297,-0.03325459799997086,0.8028887504824906,0.06903834822834952,0.22774495821709448,False,2026-08-07T14:27:33.371998+00:00
340544,1129,25.084922,47,0.42,-107.40896092000001,-0.0015997573309505242,2.648206278611906,2.302344241924584,0.0003,648.6152409188707,2558.4597698461516,0.1440441775898524,0.020400106445748953,0.8010530390836221,0.13868594980857088,-0.03325459984937568,0.8028887504824906,0.05395283077756087,0.22774495653039062,False,2026-08-07T14:27:41.093065+00:00
345552,1148,26.408064,52,0.46,-97.09749262999999,-0.0027126740420499117,3.0933466573711486,2.3171833511441946,0.0003,659.5824247922479,2508.3263862300605,0.17614867009219837,0.09739061507251118,0.8068722628807184,0.18797454918503007,0.1280202701246399,0.8032329727605806,0.03303440051687334,0.38902738390723113,False,2026-08-07T14:27:48.685746+00:00
350560,1158,35.640534,23,0.46,-99.65569432999999,-0.0027126740420499117,3.0933466573711486,2.3171833511441946,0.0003,4322.359065871655,381.60642715307847,0.17679871826087584,0.09954633202144747,0.8067309119138356,0.1883042775109084,0.1283454434328546,0.8034855392925778,0.031181711870797903,0.38937554566314897,False,2026-08-07T14:27:49.844374+00:00
355568,1177,-272.823996,600,0.45,-107.63629851,-0.003020087983168196,4.116683859180194,2.301699451357126,0.0003,643.3145910215101,2556.1863868015644,0.17678064478289443,0.09890455069820027,0.8070095359732851,0.14588187577646075,0.12034196108585253,0.8028972276380074,0.03783130410236953,0.38060390013007417,False,2026-08-07T14:27:57.629063+00:00
360576,1184,-263.197511,600,0.44,-111.60121592,-0.004562633873138111,1.3871059215045534,2.264205307327211,0.0003,668.5189641656009,2452.3223541552265,0.17689342541295933,0.09925113836255038,0.8069963519990109,0.1455998226804674,0.12050673189812837,0.8028972276380075,0.038051184594644384,0.3807791198669225,False,2026-08-07T14:28:05.120247+00:00
365584,1210,35.375222,23,0.45,-107.77726969,-0.004562633873138111,1.3871059215045534,2.264205307327211,0.0003,4259.021913051377,383.753836765076,0.17703602887481207,0.09968455095437016,0.806980475222588,0.15261083870951364,0.05067078964063361,0.802877391569341,0.054916063298423634,0.3107586511112951,False,2026-08-07T14:28:06.296106+00:00
370592,1220,-150.798043,600,0.47,-103.17492767000002,-0.0032071182293293534,3.605250858224463,2.258589040860534,0.0003,631.463612387754,2580.3672104536918,0.17711975573978428,0.0999431421519432,0.8069667407120937,0.1526108392754804,0.05067079206068214,0.802877391569341,0.05518309746816821,0.310758653517202,False,2026-08-07T14:28:14.226888+00:00
375600,1238,-171.155715,600,0.46,-105.90631902000004,-0.0032071182293293534,3.605250858224463,2.258589040860534,0.0003,4692.99885071647,346.1326225877951,0.17339274233874832,0.08805200589831289,0.8073996101122558,0.15429440074407302,0.012722701673810115,0.8028851700317765,0.07784363105517902,0.2727823782269142,False,2026-08-07T14:28:15.294009+00:00
380608,1251,-173.454113,600,0.47,-102.82270668999999,-0.004366610940633109,0.8667543658870273,2.2470127671957014,0.0003,652.5705232531443,2481.558609063633,0.1424544129976183,-0.1928820066944757,0.8014073050573918,0.13673757523734814,-0.15325002714645897,0.802831404920525,0.04006749427268746,0.10925519260003064,False,2026-08-07T14:28:22.968277+00:00
385616,1271,35.821874,23,0.5,-90.73079484,-0.0018546006998803933,5.693445153732318,2.2278976649045945,0.0003,632.1928820420146,2553.62571433177,0.17571992677958448,0.09741480420586504,0.8066357583625592,0.18805260910148006,0.12802328370777694,0.8032503694065485,0.03317280405777051,0.3890360106426735,False,2026-08-07T14:28:30.889910+00:00
390624,1290,-171.754083,600,0.55,-74.73606002,-0.0018546006998803933,5.693445153732318,2.2278976649045945,0.0003,4625.098492339935,347.9657790348553,0.17661665193644618,0.09892974877640609,0.8067853090662737,0.18820701578516413,0.12825474272651646,0.8033830353284261,0.031715410621761225,0.38927802530985234,False,2026-08-07T14:28:31.972702+00:00
395632,1305,32.417813,28,0.53,-83.85938115,0.0010631319713866106,0.5679276700422633,2.1979769030585885,0.0003,666.7558982769953,2406.2299323424745,0.1452035642043713,0.02177464835316443,0.8007362173863503,0.15483780835505534,-0.04254475418317394,0.8028945767684537,0.06507274942868814,0.21751651007644313,False,2026-08-07T14:28:39.483696+00:00
400640,1321,35.459806,23,0.52,-84.94343036000001,0.0010631319713866106,0.5679276700422633,2.1979769030585885,0.0003,239.31793493177474,6682.99264932212,0.15308101713439465,0.025883069017994836,0.801089384422118,0.15483780595895816,-0.04254475358157002,0.8028945767684537,0.06847416981679222,0.2175165107347428,False,2026-08-07T14:29:00.409842+00:00
405648,1338,-300.552383,600,0.53,-82.53838442,-0.00610427089886798,0.7008598855347372,2.168945114314556,0.0003,648.9311251566983,2456.889395796834,0.17585023862378477,0.09602538441535427,0.807045041841416,0.14381180214759404,0.1263616848164203,0.8028854589186365,0.044317656345457916,0.3867006713776064,False,2026-08-07T14:29:08.127142+00:00
410656,1356,35.183991,23,0.54,-81.93858798,-0.004932863955036737,3.363312883011531,2.1568144662305713,0.0003,652.671562198727,2435.1359735144592,0.17840153866329056,0.10390375637186501,0.8068644112737444,0.14375718552232938,0.12640810994923135,0.8028851126734914,0.041503155926275334,0.3867493457740986,False,2026-08-07T14:29:15.800218+00:00
415664,1369,-253.274094,600,0.52,-88.28352355999999,-0.004932863955036737,3.363312883011531,2.1568144662305713,0.0003,4844.266646125788,327.0538382248376,0.17743159363651,0.10089767950422904,0.8069170547405724,0.18665327060344503,0.12600009545394955,0.8287056025478832,0.03449509281255451,0.3869192041296459,False,2026-08-07T14:29:16.834019+00:00
420672,1385,34.478462,28,0.5,-96.11669245000003,-0.007221998846944189,4.538900984462816,2.145733157172799,0.0003,645.8647730304554,2445.2920579483716,0.1765880500665039,0.0984454766905711,0.8069435738400198,0.18687858421934747,0.12454596688748959,0.8272887976450385,0.03465629543598936,0.38548418766412557,False,2026-08-07T14:29:24.587966+00:00
425680,1401,35.254226,24,0.52,-92.41534123000001,-0.007221998846944189,4.538900984462816,2.145733157172799,0.0003,4568.567071894919,344.5982022864369,0.17708409240845566,0.10049981114755549,0.8066308139946852,0.1878989892628329,0.12790088981002323,0.8218094763670183,0.033138691845799303,0.3889028849433949,False,2026-08-07T14:29:25.684155+00:00
430688,1413,35.62385,22,0.47,-102.50393156,-0.003953205707512097,2.380527739948593,2.143777137249708,0.0003,655.1933561227314,2395.189122928217,0.1767511280467939,0.09893846016269472,0.8069427821839525,0.18705070837451448,0.12465874606751341,0.8276782306371712,0.034605971804139095,0.38560872882987857,False,2026-08-07T14:29:33.327707+00:00
435696,1428,-156.096736,600,0.46,-108.12552672999999,-0.005514337911517941,2.111355891311541,2.1304170802235602,0.0003,694.2429281089785,2253.251616492439,0.14465579334778425,0.03572219283100139,0.8020072483545267,0.16253821680738945,-0.0284277833498895,0.8028916154164872,0.06660167128456904,0.2315861266760318,False,2026-08-07T14:29:40.541313+00:00
440704,1441,30.727758,34,0.44,-113.80939357,-0.005514337911517941,2.111355891311541,2.1304170802235602,0.0003,4509.773846968382,345.75924490054194,0.12809048204281348,-0.15435673550121334,0.86688277480558,0.16855765717389182,0.026555536579210427,0.802877506270314,0.1961211790007957,0.28668329048011343,False,2026-08-07T14:29:41.651791+00:00
445712,1456,-290.695696,600,0.42,-116.23247172,-0.001325720758541138,1.1804641355585772,2.115784022398293,0.0003,668.4346979801251,2325.2652872400927,0.17873584527238034,0.10429284160360833,0.8074770888955137,0.1829728923904634,0.12311568876627123,0.8013501097682602,0.0202433203011666,0.38380383630656717,True,2026-08-07T14:29:49.143922+00:00
450720,1469,35.148534,24,0.44,-113.48141296999997,0.002824372553368448,0.5440936233906541,2.1276971507817506,0.0003,652.2165762467819,2375.407274858639,0.14393572178572359,-0.07011256223518514,0.8779523914267898,0.15344111084501336,0.03590150402877436,0.8028866694934207,0.13024667856174127,0.2959741865660554,False,2026-08-07T14:29:56.822358+00:00
455728,1483,-164.416146,600,0.41,-120.60616402999999,0.002824372553368448,0.5440936233906541,2.1276971507817506,0.0003,4521.736209668323,341.52191290992516,0.17790133404344888,0.10352075393087358,0.8071305833582433,0.18885763877351075,0.1227711928896854,0.8026629693762617,0.022596008234573497,0.38385745977090924,True,2026-08-07T14:29:57.929893+00:00
460736,1497,-153.103726,600,0.43,-116.63153247,-0.0054051916806201914,6.845513113436755,2.149087099917233,0.0003,669.5513671741022,2298.94833386211,0.13876151975748502,-0.021157028427002803,0.8496318672617201,0.16681420944361694,0.08065731012055845,0.8029017628308427,0.11548513147857839,0.34072545603302934,False,2026-08-07T14:30:05.409534+00:00
465744,1516,33.583656,25,0.46,-114.91256479999997,-0.0054051916806201914,6.845513113436755,2.149087099917233,0.0003,5231.339818959673,293.2816550053728,0.17795407397937882,0.10254149568395318,0.8068397154180896,0.18566928301346883,0.12387454838133047,0.8296305553069958,0.032156585183606444,0.384731829961333,False,2026-08-07T14:30:06.366846+00:00
470752,1530,-302.421815,600,0.45,-119.02647572,-0.0021736911476182286,5.0436758736148475,2.1669567175209523,0.0003,646.3425979649435,2366.00218647966,0.16462092859708308,-0.1969996090507779,0.7932753521515795,0.1600758713394346,-0.19217703248263268,0.8054937815463057,0.013899813203954756,0.06782300995474923,True,2026-08-07T14:30:14.115059+00:00
475760,1547,-154.922469,600,0.46,-113.06496540999999,0.0009905924784106902,8.404029955575243,2.176109739020467,0.0003,646.8727618258654,2356.321196300915,0.17484696856757587,0.09409814559896294,0.8069789202132356,0.18359116630478203,0.12170063287883116,0.8240855591922183,0.03363027498043835,0.38242896891804645,False,2026-08-07T14:30:21.856923+00:00
480768,1560,32.123379,28,0.46,-116.69329762999998,0.0009905924784106902,8.404029955575243,2.176109739020467,0.0003,5215.233949029182,291.3065865976742,0.16548910066615832,-0.2057276631604441,0.8004976570679401,0.13430613261274804,-0.1785478788002222,0.828313377058285,0.04984809377568459,0.0854085643788548,False,2026-08-07T14:30:22.817190+00:00
485776,1576,35.380766,23,0.44,-116.78045646000001,-0.000570157854235731,0.8041846524458378,2.180893116630614,0.0003,652.9509152377905,2319.0472126814507,0.14666944475092136,0.04290847375449497,0.8021720299480861,0.16904626685493251,-0.020901543478221908,0.8028883568052606,0.0676236171088215,0.23926952763590115,False,2026-08-07T14:30:30.486975+00:00
490784,1589,34.896504,24,0.47,-106.31775488999997,-0.000570157854235731,0.8041846524458378,2.180893116630614,0.0003,4372.722972067132,345.14329163792036,0.08517007828258855,-0.2686328112814988,0.7900366843656719,0.1637276999408876,0.12091801063374552,0.8028959318312698,0.3976009343812365,0.38093625001044407,False,2026-08-07T14:30:31.632262+00:00
495792,1607,-10.48474,54,0.46,-97.98815188999998,-0.00269370941350644,1.6676417625800242,2.1421721963211895,0.0003,661.8879742266369,2272.6020997096175,0.17560716010444638,0.09525388652386448,0.8070497530138072,0.14433706055269455,0.12168896513403228,0.8028959341056978,0.0411568550623537,0.3820102011428732,False,2026-08-07T14:30:39.198494+00:00
500800,1621,-169.737883,600,0.42,-106.18124324000001,-0.003432163469187799,1.2763074665039311,2.121781807951629,0.0003,647.9677232086656,2313.6954917694434,0.1435423461441047,-0.24140734377820622,0.8012002137467843,0.14518917835758666,-0.15728036532814754,0.8028852876004506,0.08415996692827481,0.10378190490081696,False,2026-08-07T14:30:46.927279+00:00
505808,1641,35.442797,23,0.47,-94.71074712000001,-0.003432163469187799,1.2763074665039311,2.121781807951629,0.0003,4269.0793804094965,350.0033301926269,0.17774742343861943,0.10189378407257538,0.8068625894638274,0.253277089326201,0.06749665844225364,0.7928917682352156,0.08416101547937543,0.3405211838990494,False,2026-08-07T14:30:48.100366+00:00
510816,1655,-159.360322,600,0.46,-89.17177509999999,-0.0028095495497836966,1.3304362170980313,2.1019321743398907,0.0003,649.0961428343902,2294.242565511515,0.17702899242588876,0.09966286798718114,0.8069815498434427,0.2532770868527325,0.06749665821224961,0.7928917682352156,0.08394616668304344,0.34052118300029915,False,2026-08-07T14:30:55.815708+00:00
515824,1670,-161.69161,600,0.46,-91.08689488,-0.0028095495497836966,1.3304362170980313,2.1019321743398907,0.0003,5060.283392211166,293.2989884093166,0.17745335559741315,0.10094727950553416,0.8069295994624929,0.18390661233956912,0.04178196285112011,0.8028977828638488,0.059652617398420725,0.3027274008341982,False,2026-08-07T14:30:56.805383+00:00
520832,1681,35.608996,23,0.45,-96.95213073000001,-0.006767176147695864,3.6573071847087704,2.1059050617739556,0.0003,651.6672891791658,2269.8208496288753,0.177909998544313,0.1023551422890958,0.8068760434092234,0.1839066102128713,0.0417819615835377,0.8028977828638488,0.060999148594538345,0.30272739940262755,False,2026-08-07T14:31:04.490283+00:00
525840,1700,35.246673,23,0.46,-94.12625675000001,-0.004368376304773847,3.4846723073744217,2.1155919555574654,0.0003,638.3528455575115,2309.3184439595134,0.17699019719391695,0.0995439901832293,0.806986822631266,0.1629677285479421,0.04015339983858539,0.8029032173501811,0.06116001700869911,0.3001680709992254,False,2026-08-07T14:31:12.335472+00:00
530848,1710,-251.287064,600,0.44,-98.31740945000001,-0.004368376304773847,3.4846723073744217,2.1155919555574654,0.0003,4994.153361929446,294.17438623318657,0.17576653196276973,0.09620227723630781,0.807087854723306,0.16296772750915067,0.040153402094161475,0.8029032173501811,0.05764370728957708,0.30016807324442074,False,2026-08-07T14:31:13.338247+00:00
535856,1730,35.359947,24,0.44,-96.74160916999999,-0.0033793576367315836,6.988803299330175,2.100427845492959,0.0003,644.9174371056515,2270.281303868888,0.17574404884638836,0.09589654116272779,0.8069801305440983,0.18362115273377996,0.12487594528985692,0.825648913324,0.03536068550946633,0.38560011944919503,False,2026-08-07T14:31:21.103583+00:00
540864,1743,-153.242649,600,0.42,-103.42406965999999,8.186892955563962e-06,2.8912002603872677,2.0926299480721355,0.0003,618.1823799016126,2360.364914044024,0.1778206835784339,0.10209543972219551,0.8068690034568445,0.1850395560383165,0.1272533210752333,0.8293191010871166,0.03448243027070925,0.388061997689021,False,2026-08-07T14:31:29.204760+00:00
545872,1759,-149.261305,600,0.43,-106.85572884000001,8.186892955563962e-06,2.8912002603872677,2.0926299480721355,0.0003,4768.627476050814,304.9363799757851,0.14383468192507753,0.016527772815079014,0.8007695111595912,0.15041773967646205,-0.036622980236359313,0.8028951827581394,0.053599045504914726,0.22358245161772866,False,2026-08-07T14:31:30.254996+00:00
550880,1767,-143.689661,600,0.4,-111.35864934999998,-0.0016511505880771437,1.4111065323231742,2.0756244961172343,0.0003,676.013865363747,2143.624671396737,0.14415169128748215,0.018732089369654044,0.8006278660844676,0.15041773966467875,-0.036622977760006004,0.8028951827581394,0.05575470871678238,0.22358245409231167,False,2026-08-07T14:31:37.663122+00:00
555888,1784,32.322285,27,0.42,-107.83912236,-0.0016511505880771437,1.4111065323231742,2.0756244961172343,0.0003,4144.857047238376,348.41056845668027,0.17781827060606825,0.10209363987631027,0.806872276006646,0.18511519291761752,0.12754970871719468,0.8293644455726531,0.03474412479598021,0.38836265222350047,False,2026-08-07T14:31:38.871374+00:00
560896,1794,-253.269919,600,0.39,-117.10657882000004,-0.001176254237179819,2.923527021717746,2.056256134994328,0.0003,646.469889336627,2226.0959462114033,0.17747787587360825,0.10104781900260629,0.8069083361461482,0.187276116560251,0.12569557537785778,0.828786453289762,0.034382690770747106,0.38665884627235053,False,2026-08-07T14:31:46.618059+00:00
565904,1813,35.676213,23,0.42,-112.89308370999998,-0.00062388548758463,0.7846756048325915,2.045101872831583,0.0003,663.908837121567,2160.079697413947,0.15258053310081288,0.05184973640891211,0.8027929442525197,0.13835641569531298,-0.0014602649441426486,0.8028826290197634,0.05517508317697057,0.259444096761339,False,2026-08-07T14:31:54.161264+00:00
570912,1825,-184.162757,600,0.41,-115.86806766999999,-0.00062388548758463,0.7846756048325915,2.045101872831583,0.0003,4870.512630246043,293.4163420756404,0.15187838405742765,0.050574260464073144,0.8030744367103435,0.13835641488241263,-0.001460262597461834,0.8028826290197634,0.05376311031554664,0.2594440991676543,False,2026-08-07T14:31:55.189493+00:00
575920,1842,-238.192468,600,0.38,-118.53195893999998,-0.0006063641932996689,2.67690825778991,2.044848881289363,0.0003,643.5528634446939,2212.8407484312024,0.1770549181182215,0.10038304629655093,0.8066668396919978,0.18842286287717297,0.12846081604959017,0.8035804536737816,0.030448597685290832,0.38949924870280317,False,2026-08-07T14:32:02.971294+00:00
580928,1856,-242.89949,600,0.39,-115.74493139000002,-0.0006063641932996689,2.67690825778991,2.044848881289363,0.0003,4646.99334335219,305.3742269784117,0.08144122019255315,-0.2670418120058298,0.7898209766492037,0.16442661239034845,-0.05757973740499934,0.8028826317273332,0.2256801782339021,0.2024686583308227,False,2026-08-07T14:32:04.048996+00:00
585936,1869,35.547348,23,0.43,-106.9575043,0.0009578689321642741,0.8014835375535767,2.0345681184902786,0.0003,683.099848713676,2070.069262440593,0.14453128494460019,-0.00873143680239215,0.79972893563255,0.16442661424354094,-0.057579735922162194,0.8028829907351117,0.05283870284552614,0.2024686598538221,False,2026-08-07T14:32:11.380283+00:00
590944,1881,-153.332856,600,0.43,-105.68280214000002,-0.004571148892864585,4.787428797304164,2.0366528533399104,0.0003,650.263987730935,2166.8984083169566,0.13482082587108365,-0.010241946686010615,0.8366985632429307,0.1579838087414824,0.0735746823352593,0.8028798790243814,0.09330302502179405,0.33358077540868586,False,2026-08-07T14:32:19.081756+00:00
595952,1899,35.928399,22,0.43,-101.15123849000001,-0.004571148892864585,4.787428797304164,2.0366528533399104,0.0003,4466.8990095236795,314.32275433281364,0.17707310557999006,0.10015126151842649,0.8067840877479882,0.1860109259809484,0.12586440619592576,0.8283533905051492,0.03473161764381084,0.38674010425519717,False,2026-08-07T14:32:20.202895+00:00
600960,1919,35.079792,23,0.46,-95.31238478000002,-0.004044956049256143,3.0613763731205834,2.0482297407463195,0.0003,260.44655659936194,5371.697050892887,0.08513354049646073,-0.26810540842656866,0.7899612442272578,0.14076387315496267,0.05553291348331098,0.80288953618489,0.32863906957828404,0.3161187246388056,False,2026-08-07T14:32:39.431410+00:00
605968,1938,34.996375,25,0.49,-97.51836229999998,-0.004044956049256143,3.0613763731205834,2.0482297407463195,0.0003,4378.861469199233,318.3548988260019,0.17611087131440298,0.09822790322265038,0.8067459800247433,0.18688053422628081,0.12451844006835508,0.8276315838228314,0.03526168477088902,0.3854568638290042,False,2026-08-07T14:32:40.575082+00:00
610976,1959,31.980298,30,0.54,-87.05834279999999,0.001117695911307237,2.4108578546205535,2.048611926101148,0.0003,629.1095279550814,2207.920780527706,0.16153186566079997,-0.21947751610205096,0.8013747640562011,0.14322101584329602,-0.15908974461253653,0.8012602868673154,0.06310295770830217,0.10229571814936354,False,2026-08-07T14:32:48.535544+00:00
615984,1978,34.712968,27,0.56,-83.61880338000003,-0.0007721998917986639,4.181425315013621,2.0604590410366654,0.0003,669.5857088825067,2066.973625093984,0.17639782450617253,0.0977848494577899,0.8069998111223705,0.18488555188777758,0.12560200599532292,0.8271615077034089,0.035388270980141426,0.3864041895740473,False,2026-08-07T14:32:56.014800+00:00
620992,1996,35.583662,23,0.6,-79.27201735,-0.0007721998917986639,4.181425315013621,2.0604590410366654,0.0003,4948.957808546576,278.64614194498273,0.0850928982708719,-0.25815781737737303,0.799573645906597,0.1694648779115725,-0.010316214754006226,0.8029028483405793,0.2618304308674912,0.24986311558260957,False,2026-08-07T14:32:57.026736+00:00
626000,2018,32.209407,30,0.6,-81.03316326999999,-0.0016388741139962803,1.6542995057068766,2.067389778792858,0.0003,641.049256182548,2143.3610393406866,0.14483160260398137,0.03848048940588149,0.8020469975065119,0.16944207839666595,-0.010363498428561832,0.8029028483389364,0.05470048580187312,0.24981500307482624,False,2026-08-07T14:33:04.838927+00:00
631008,2035,35.532902,23,0.6,-78.41339207,-0.002312104894735967,2.004724876291584,2.0782361229881645,0.0003,664.8923530908063,2058.967881997934,0.14346083653183223,-0.21259290436467707,0.799835558604931,0.14427881047955116,-0.15787147676946212,0.8028849504343143,0.05481243025050621,0.10333146208773196,False,2026-08-07T14:33:12.370968+00:00
636016,2051,-298.300664,600,0.6,-72.18395272000001,-0.002312104894735967,2.004724876291584,2.0782361229881645,0.0003,5213.7634009750855,261.61217820987156,0.1433181442030347,-0.0013669325477302203,0.7998240182707446,0.17282323583181577,-0.06040773182900423,0.802900993597059,0.06607445942989772,0.2000037721915291,False,2026-08-07T14:33:13.331511+00:00
641024,2063,-156.744253,600,0.53,-87.98044716000003,-0.0029512474375223974,1.5956707647303119,2.0728628732264043,0.0003,637.1479131591553,2132.9050475294216,0.1458562684295166,-0.2248204651432662,0.8000195261240446,0.043287056476467294,-0.0851262699401938,0.7928887278160506,0.17345247100751532,0.21024445926339488,False,2026-08-07T14:33:21.191533+00:00
646032,2071,30.412178,32,0.51,-92.25392843,-0.0029512474375223974,1.5956707647303119,2.0728628732264043,0.0003,4434.844736013134,305.3022327941066,0.1420290787000058,-0.16311085660594657,0.801965232758139,0.04328674121357362,-0.08512602855981935,0.792889053706921,0.12615093992451373,0.2102448350466866,False,2026-08-07T14:33:22.320771+00:00
651040,2085,-264.170618,600,0.47,-100.89465661000003,-0.0026297055970644577,1.9493209098291118,2.058740202151239,0.0003,674.8432695955414,1998.9233956626429,0.17488286596637645,0.08231951727081384,0.8112652570196502,0.18497643150090745,0.0820709976298302,0.7965200766838998,0.017870707046606427,0.34298161692718576,True,2026-08-07T14:33:29.741766+00:00
656048,2096,-156.34663,600,0.43,-106.38776546,-0.0022637576363194966,1.7610465299687348,2.046819750778377,0.0003,643.8995593817519,2087.2075161697767,0.17613385893952646,0.09699151169376723,0.8070900836549864,0.1861824600485075,0.1240120247558273,0.8266435092822114,0.03483416374974137,0.3849035676260507,False,2026-08-07T14:33:37.519365+00:00
661056,2115,33.881321,26,0.44,-107.46472823999999,-0.0022637576363194966,1.7610465299687348,2.046819750778377,0.0003,4278.900285170735,312.9177851235143,0.14520179045822537,-0.20981510461713707,0.799861298297406,0.15705052212915946,-0.16954495302840006,0.802905782493447,0.042087366693695595,0.09050312117460331,False,2026-08-07T14:33:38.689770+00:00
666064,2125,-155.53234,600,0.35,-138.4656976,9.709856385597959e-05,2.481601933017373,2.0294303266331553,0.0003,640.7985628103004,2081.67757766163,0.1458987733347617,0.04220751793684656,0.8019887216036294,0.17558320798270605,-0.01160800824464449,0.8029039279563941,0.0614663657720787,0.24888032855013847,False,2026-08-07T14:33:46.505018+00:00
671072,2137,35.384589,23,0.36,-137.64730964,9.709856385597959e-05,2.481601933017373,2.0294303266331553,0.0003,4982.274369236337,266.73119573775955,0.08368615408424687,-0.2697065299651685,0.7587401474236066,0.14201962423472797,0.05698884589747617,0.8018871182756195,0.3346555295278059,0.31749838162748845,False,2026-08-07T14:33:47.510183+00:00
676080,2151,-156.29575,600,0.31,-151.94892959,-0.016716414032998728,1.5097573363804258,1.9971142148599028,0.0003,633.5095230122989,2089.8186245170264,0.17819302175398227,0.10321017320246625,0.8069116196975871,0.1360911322710944,0.10025918550242519,0.8029059507535592,0.04239484414553552,0.36105167870396215,False,2026-08-07T14:33:55.415344+00:00
681088,2159,-284.773906,600,0.31,-156.06610123000002,-0.0014336309803184121,1.7639213404909242,1.9682526082731784,0.0003,651.2148324542248,2025.3101346439446,0.1402672533396521,-0.02684470460873785,0.8607761967843303,0.1712704334050351,0.014938700367204955,0.8029002616307932,0.07782463604442125,0.2751696052051263,False,2026-08-07T14:34:03.105594+00:00
686096,2173,-154.720789,600,0.34,-146.80732676000002,-0.0014336309803184121,1.7639213404909242,1.9682526082731784,0.0003,4861.724173990087,270.25473946656666,0.16975828370261792,0.08053452570484504,0.8065980566067003,0.18655313932021517,0.009897922591763664,0.8029002616307933,0.0726998663152468,0.27120095469431593,False,2026-08-07T14:34:04.135680+00:00
691104,2189,-148.383747,600,0.37,-137.97697179,-0.002422393208689755,2.618381614855025,1.9501649684272706,0.0003,659.8474327565074,1983.6342994199392,0.14447698084595562,0.010420154357324908,0.7999814544849556,0.160504429881185,-0.0527746625992192,0.8028800380358914,0.06525998620402662,0.2072259513438712,False,2026-08-07T14:34:11.725315+00:00
696112,2202,-156.523615,600,0.38,-131.82860331,-0.002422393208689755,2.618381614855025,1.9501649684272706,0.0003,4318.400232561629,301.93773846352065,0.14473860019815257,-0.012869767677867475,0.7999284351362986,0.16050443025103245,-0.052774660143705215,0.8028800380358914,0.04300783416591968,0.2072259538002782,False,2026-08-07T14:34:12.885002+00:00
701120,2215,35.744619,23,0.34,-141.39012658000001,-0.0040398368873866275,0.7331891786074266,1.9305516742169857,0.0003,656.0899623120522,1979.7285046440345,0.15141095541645933,0.049792877889210004,0.8030298648141663,0.17389947236220685,-0.013960069108129412,0.8028993598842774,0.0676031706120465,0.2464322278542809,False,2026-08-07T14:34:20.518105+00:00
706128,2239,35.498557,24,0.43,-110.23475316,-0.0022626845580816734,2.506705504702404,1.9185139376670122,0.0003,636.3775196809768,2033.1830713451861,0.1454500970229466,0.04155328728045714,0.8021478545310036,0.17389947136388506,-0.013960066832972344,0.8028993598842776,0.06238320403449847,0.24643223006950793,False,2026-08-07T14:34:28.387645+00:00
711136,2249,-248.092818,600,0.44,-110.74521406,-0.0022626845580816734,2.506705504702404,1.9185139376670122,0.0003,4389.324822050653,293.63604933613783,0.1775082254878745,0.10234305974409275,0.8068755074522607,0.18874249810825913,0.12606016587967497,0.801796800954163,0.026730193872275147,0.3871286386674918,True,2026-08-07T14:34:29.528612+00:00
716144,2268,-153.474169,600,0.48,-99.67209912999996,0.020909423959528793,2.4885168176959267,1.916215101070702,0.0003,635.0221223630841,2021.7500379710152,0.17756234450013023,0.10130220512735805,0.8068982497055662,0.18712661418849205,0.12578387932172946,0.828897502961904,0.034275279282123386,0.3867364150708516,False,2026-08-07T14:34:37.414934+00:00
721152,2281,-157.694519,600,0.48,-97.42562953000002,0.0003888298855599714,0.8006509708531666,1.867350606713444,0.0003,669.4766130385025,1910.220573943263,0.17827559029713735,0.10350349206252997,0.8068431847538261,0.14615574530883021,0.1218859951531393,0.8028967246920174,0.037217944717146755,0.38213685595877495,False,2026-08-07T14:34:44.895410+00:00
726160,2292,-149.22304,600,0.44,-107.14198338,0.0003888298855599714,0.8006509708531666,1.867350606713444,0.0003,4451.083901733638,286.18647235650985,0.17744936295396846,0.10172170946953367,0.8068772854496715,0.1447374646497661,0.12163476857136547,0.8028819207507871,0.038504040729962545,0.3819398402469122,False,2026-08-07T14:34:46.020531+00:00
731168,2303,-171.073715,600,0.45,-102.80024616,-0.006850873302028049,2.1487775344634428,1.8639686808921396,0.0003,647.441331466317,1959.7636702098787,0.17759905724156014,0.1013897984846252,0.8069115046713362,0.14660753700232657,0.12172122361567093,0.8029041660302277,0.037281361798929276,0.38195608467962533,False,2026-08-07T14:34:53.755591+00:00
736176,2320,-254.893807,600,0.44,-108.40779029000001,-0.006850873302028049,2.1487775344634428,1.8639686808921396,0.0003,5074.98764345759,249.02996594075577,0.1756474048829056,0.09570864318146792,0.8069585236148877,0.14475502755390804,0.12165670875701676,0.8029041659239862,0.040547242821626195,0.38196106152868564,False,2026-08-07T14:34:54.742396+00:00
741184,2332,35.920023,22,0.4,-114.16920984000001,0.0010487287945579737,0.6276563357037958,1.9160503306426109,0.0003,657.108067537894,1915.6909832451672,0.17729607849067922,0.10048300725603077,0.8069389099617119,0.14613793444341494,0.12693713761844658,0.802886365073403,0.0410740072767866,0.38718536301086043,False,2026-08-07T14:35:02.363673+00:00
746192,2349,35.341398,23,0.37,-118.30938539999997,-0.000860404156264849,2.0291640047274995,1.9302404517307878,0.0003,655.5646798794289,1912.5618546603207,0.17641038969484288,0.09906894919022272,0.8067557992367037,0.14406811308526654,0.12679073206941485,0.8028850122074304,0.04277269098989926,0.38711870974606444,False,2026-08-07T14:35:10.002889+00:00
751200,2358,-149.345889,600,0.37,-119.86857822,-0.000860404156264849,2.0291640047274995,1.9302404517307878,0.0003,5165.0865562654335,241.77716799056566,0.14301846428207846,-0.01259074543714054,0.8006192658570934,0.14560737330293155,-0.07475346628020832,0.8028813575779001,0.0622577173648759,0.18580480606927013,False,2026-08-07T14:35:10.972476+00:00
756208,2375,-263.303828,600,0.34,-130.06662665,-0.0030097758244664874,4.288716953317635,1.9142417267896235,0.0003,657.1258493998026,1892.7759441148742,0.1430671742634605,-0.010274159134166249,0.8003091750591016,0.14560737307295082,-0.0747534687541934,0.8028813575779002,0.06458057062288221,0.18580480362053295,False,2026-08-07T14:35:18.593554+00:00
761216,2381,-147.370755,600,0.33,-128.9910241,-0.0030097758244664874,4.288716953317635,1.9142417267896235,0.0003,4695.878804056349,263.8023789987777,0.14596962752723622,0.033706612765186425,0.8015568993249066,0.16174569686467463,-0.016747954593480708,0.8028844881747631,0.05288014961442721,0.24325830931747977,False,2026-08-07T14:35:19.660014+00:00
766224,2405,35.469214,23,0.39,-116.88443931,0.0001811725174775347,0.501159156189533,1.9157167173922063,0.0003,652.078388329946,1892.0670000425164,0.14721503381149995,0.03876587535298306,0.8015047504758362,0.1617456982582488,-0.016747956648747734,0.8028844881747631,0.05740060477815753,0.24325830727226638,False,2026-08-07T14:35:27.340066+00:00
771232,2414,-155.730234,600,0.4,-111.7977058,-0.0033300831688393372,2.4364989465568216,1.9426574420183897,0.0003,663.8395544829095,1851.0014832682502,0.17753188790735272,0.10167081259144042,0.8068714313486385,0.1384928430336858,0.10815631049594714,0.8028831266773649,0.039774555709252646,0.3687839838696387,False,2026-08-07T14:35:34.884059+00:00
776240,2436,35.649493,23,0.43,-114.27173316999998,-0.0033300831688393372,2.4364989465568216,1.9426574420183897,0.0003,4381.4408688008725,279.3053784461829,0.17664367053071162,0.09855872305798223,0.8069703812199718,0.13830968298324034,0.10814813588625212,0.8028824031450595,0.03972609978869853,0.36878655047169207,False,2026-08-07T14:35:36.027062+00:00
781248,2444,-253.331502,600,0.43,-115.42362364000005,-2.3719742966932244e-05,1.4877798149129375,1.9960843962617218,0.0003,665.405777038504,1831.5921533237251,0.14284321545807147,-0.035662789595651584,0.8012236698950312,0.16550564363195394,-0.08204766020489436,0.8029014841717189,0.0516522693878946,0.17803748860943533,False,2026-08-07T14:35:43.553296+00:00
786256,2465,27.610721,28,0.44,-110.28534793000003,-2.3719742966932244e-05,1.4877798149129375,1.9960843962617218,0.0003,5079.010168865307,238.97254772993702,0.14323350468686108,-0.03689461446152962,0.8012506963371478,0.16550564132936438,-0.08204765927309306,0.8029014841717189,0.050374305224510654,0.17803748946958559,False,2026-08-07T14:35:44.539315+00:00
791264,2473,-154.782147,600,0.44,-111.51192319,-0.0030730068509001287,3.93984260330908,2.0123954017646613,0.0003,668.4506730976877,1808.2650652419265,0.17744119407114967,0.10087359603085413,0.8069714939303463,0.1478372430275143,0.12180144425264186,0.8028923753477643,0.03648298174490277,0.38199512495655613,False,2026-08-07T14:35:52.031270+00:00
796272,2487,-198.560523,600,0.44,-114.10987765,0.0026649430128600216,1.5850623477716,2.0076602097600698,0.0003,632.636908090155,1902.7154195506735,0.17745803752260741,0.10096042335928676,0.8069291396105377,0.14480606394111373,0.12172466922577264,0.8028944106530242,0.038904811051218784,0.38202693463745074,False,2026-08-07T14:35:59.947346+00:00
801280,2494,-239.492954,600,0.4,-124.9962082,0.0026649430128600216,1.5850623477716,2.0076602097600698,0.0003,238.50947550901864,5025.879988380895,0.17476971969780078,0.09321540102827038,0.8070015410153181,0.1595096684213912,0.03698238967729153,0.8028962658535292,0.05841124904255999,0.2969827944570049,False,2026-08-07T14:36:20.944417+00:00
806288,2512,34.383675,25,0.39,-133.94230376000002,-0.0004882822322542779,4.495195734302979,2.023069083504379,0.0003,683.783506803109,1745.7455292844925,0.17762697156944102,0.10148379720392495,0.8068998379937833,0.1595096659779268,0.03698238922927587,0.8028962658535292,0.06711703943478627,0.29698279401302413,False,2026-08-07T14:36:28.268369+00:00
811296,2522,35.46391,25,0.39,-133.30071475,7.738693857390899e-05,1.5182278045569546,2.0263070315122604,0.0003,685.0349893956111,1735.245671244856,0.1778039078971846,0.10212151994745816,0.8069810216786161,0.18224633037944588,0.12560285625244802,0.830272286477386,0.03337051525082219,0.3862440445694892,False,2026-08-07T14:36:35.578954+00:00
816304,2538,-155.209506,600,0.37,-128.47270286999998,7.738693857390899e-05,1.5182278045569546,2.0263070315122604,0.0003,4867.537505628179,243.18169066624137,0.17738621236573104,0.10079927900784035,0.80690786399504,0.18770200333186432,0.12681239536254552,0.8292170634206077,0.03578824031368599,0.38780308172409983,False,2026-08-07T14:36:36.607810+00:00
821312,2553,-282.289545,600,0.37,-133.30034933,-0.0019746696434594924,2.141619273333345,2.042807053215802,0.0003,701.8634460921999,1679.3694080559972,0.1489842868603322,0.04616859880680344,0.8021352526819234,0.14761501784366424,0.08795885355655245,0.8028946157627198,0.041819575822542754,0.3481791945987052,False,2026-08-07T14:36:43.743102+00:00
826320,2567,35.497993,24,0.37,-132.36395145999998,-0.0019746696434594924,2.141619273333345,2.042807053215802,0.0003,4912.26003431671,238.9287195304712,0.17625871832594783,0.09817913547509703,0.8068251490570881,0.1456142344839972,0.12165382621030335,0.8028946471236421,0.03880198887302012,0.3819248529625244,False,2026-08-07T14:36:44.762602+00:00
831328,2584,36.12915,21,0.42,-121.95033936,-0.0012177153468655888,1.7759952111169697,2.0776119261980055,0.0003,646.982386340413,1806.3428381883298,0.08216025259787817,-0.26856019500085776,0.7669245500790869,0.1445634212524444,0.07599866606149716,0.8026886729219598,0.35198584726866156,0.3363530757381817,False,2026-08-07T14:36:52.503152+00:00
836336,2597,35.429911,23,0.43,-118.82168404,-0.0032026979250076694,0.681151639309246,2.0723652912303807,0.0003,669.4344951664324,1738.2791122986484,0.1774905812109736,0.10106255593952257,0.8069226781278217,0.13930341961570195,0.11029620768151219,0.8028902307550645,0.039494053565186184,0.3708741428880063,False,2026-08-07T14:36:59.984087+00:00
841344,2613,35.384927,23,0.45,-105.10950402,-0.0032026979250076694,0.681151639309246,2.0723652912303807,0.0003,4984.523100412215,232.45072330072665,0.14349881919449844,-0.18648579313442604,0.8009631690782851,0.14938306448733538,-0.15364070943825608,0.8058469493235838,0.03372351071817779,0.10688787587223142,False,2026-08-07T14:37:00.988802+00:00
846352,2631,-748.542731,600,0.47,-107.78210156000003,-0.0032901047539780847,1.9653033912414686,2.072465497255325,0.0003,636.8205336042987,1811.5747516345673,0.17743064919985474,0.10094397093470758,0.8068772063619917,0.185510396235538,0.1235280692010763,0.8281825891444804,0.03208181949600113,0.38437554576377475,False,2026-08-07T14:37:08.852867+00:00
851360,2639,-251.852269,600,0.45,-114.74624838000001,-0.0032901047539780847,1.9653033912414686,2.072465497255325,0.0003,4247.073549631039,270.45446389780255,0.08507608722209618,-0.22784454096142653,0.8207499922925019,0.14062969624147303,0.046819700564176475,0.8028810896955454,0.2807952042466753,0.30743054064615727,False,2026-08-07T14:37:10.032030+00:00
856368,2652,35.114494,24,0.42,-115.41734369000001,-0.0005069402192020789,1.091444807604421,2.065451193973422,0.0003,663.0068826530585,1724.917236792013,0.17693480845083595,0.10025979532663247,0.8069043756334273,0.1439497669029853,0.12672833706741538,0.8028810896955468,0.04248274352645962,0.3870612570038455,False,2026-08-07T14:37:17.585499+00:00
861376,2662,-153.248265,600,0.42,-116.06155842,0.0014228736148652389,1.886764697136823,2.0608971985056996,0.0003,645.5378001379028,1763.8378414970616,0.09219133543584382,-0.19961919326989214,0.842850353926029,0.17911947382056193,0.030409444178472245,0.8028801683002628,0.2491330789524787,0.29103814105237885,False,2026-08-07T14:37:25.343374+00:00
866384,2679,26.79528,42,0.43,-110.48650955,0.0014228736148652389,1.886764697136823,2.0608971985056996,0.0003,4215.169425330259,268.93723255529187,0.17822701989616746,0.10337859029632922,0.8068534236780911,0.1819078685089129,0.052689087842701994,0.8028801683002647,0.05097804491939307,0.31345561146437434,False,2026-08-07T14:37:26.531464+00:00
871392,2689,-150.628755,600,0.4,-119.25642916999999,-0.007812476050457917,2.1959796155802906,2.0579504925757646,0.0003,653.3942843989253,1727.3000804380106,0.12180986693060773,-0.023067690698005794,0.8401186471945103,0.14715763535553594,-0.07985743580466306,0.8028839707290591,0.0724845200362789,0.18059975017848853,False,2026-08-07T14:37:34.196050+00:00
876400,2708,-234.373991,600,0.41,-120.8453696,-0.007812476050457917,2.1959796155802906,2.0579504925757646,0.0003,5033.688673509711,223.21602961125845,0.14267700019703336,-0.026182658506849085,0.8012738335054239,0.14710596349992433,-0.08005609202752292,0.8028839707290601,0.0540791558469967,0.18040528316452537,False,2026-08-07T14:37:35.190947+00:00
881408,2720,25.783455,29,0.39,-129.3067784,0.0002144358633813681,4.3014017244568095,2.0502845015376807,0.0003,646.0261087120456,1731.4965833657848,0.1756386660940711,0.09568263426642122,0.8069259701972897,0.18407937520946593,0.12421382574981137,0.8037182703815932,0.02992597192975031,0.3849676352731287,True,2026-08-07T14:37:42.942956+00:00
886416,2733,-153.778343,600,0.38,-127.44871226000001,-0.0011116547502751928,2.318370124953799,2.0760570293292404,0.0003,674.2924555079306,1651.4851840677352,0.17830027306165425,0.10362130144931399,0.8068411265697792,0.18834412744464554,0.1266954021008016,0.830674159019125,0.03465986969786936,0.38773279918843456,False,2026-08-07T14:37:50.370006+00:00
891424,2744,-653.685845,600,0.4,-131.49949379,-0.0011116547502751928,2.318370124953799,2.0760570293292404,0.0003,4980.505895257285,222.58301130727457,0.176656580474811,0.09851632326202693,0.8068514247355992,0.18576058499367917,0.1287050034140939,0.8037459758554936,0.03168411463731194,0.38955768176018213,False,2026-08-07T14:37:51.375533+00:00
896432,2758,35.570912,22,0.41,-126.99457971000004,0.0005384465024690144,2.1831230498617513,2.1170300424098967,0.0003,646.06964461528,1708.1254462236034,0.17684905959880703,0.09966538999396383,0.8067704898189468,0.18798217022337,0.12796063871188967,0.820138765519455,0.03321562956490268,0.388968455070777,False,2026-08-07T14:37:59.127013+00:00
901440,2768,-278.549907,600,0.37,-139.67565528000003,-0.003790796270914143,2.3971100184717216,2.13212715908885,0.0003,638.3020609076274,1721.0660395454674,0.17777695108631453,0.10190672770280045,0.8068880292358356,0.1455027256020128,0.12714157067180637,0.8028994367617861,0.0411622618451171,0.3874129149979435,False,2026-08-07T14:38:06.972828+00:00
906448,2778,-240.7262,600,0.36,-149.74283891,-0.003790796270914143,2.3971100184717216,2.13212715908885,0.0003,5319.875046569319,205.55971529917977,0.178155194151975,0.10302263617323815,0.8069527842018978,0.1439696052971139,0.1267762039711882,0.8028938488948331,0.04182536819099564,0.3871082607135793,False,2026-08-07T14:38:07.914208+00:00
911456,2794,-144.337699,600,0.37,-148.77319994,-0.000759564478721586,3.394899699348025,2.128253962099552,0.0003,661.183685903576,1646.3564107943646,0.1781351059635512,0.10308510927214709,0.806856580058383,0.18690412779083748,0.03689501602572609,0.8028837940497576,0.06688652492428994,0.29811152717246925,False,2026-08-07T14:38:15.488501+00:00
916464,2807,35.521093,23,0.35,-158.1613705,-0.000759564478721586,3.394899699348025,2.128253962099552,0.0003,4519.446013628217,239.74973851499468,0.17651989272864144,0.09838678741930712,0.8069179430405116,0.1869041267000976,0.036895013793165614,0.8028837940497576,0.06249275875605251,0.29811152485058157,False,2026-08-07T14:38:16.596620+00:00
921472,2821,-281.482538,600,0.35,-157.14730951,-0.0009897443971567555,1.6259248707676306,2.0970519920811057,0.0003,668.486135907635,1613.3887332392196,0.17556136218770377,0.09531477743552749,0.8072318762940068,0.13323236603888627,0.0229591201738234,0.8028906340986736,0.083940046679391,0.28422239517219683,False,2026-08-07T14:38:24.088157+00:00
926480,2834,35.482061,23,0.37,-146.18811923,-0.006560081451607402,2.429065270908177,2.0649104310199617,0.0003,661.124605069544,1623.7786217124317,0.17705043520869707,0.09971844719577096,0.8069867444543505,0.13323236647892278,0.022959117728214313,0.8028906340986736,0.08848048331446894,0.2842223926960156,False,2026-08-07T14:38:31.663129+00:00
931488,2849,-253.894733,600,0.38,-141.28400487,-0.006560081451607402,2.429065270908177,2.0649104310199617,0.0003,4428.017187518116,241.30710310067616,0.1769946003370234,0.10068109645126141,0.8068359673585431,0.1441943092320227,0.12668883529568573,0.8028986664165099,0.04204478463591771,0.3870117248908448,False,2026-08-07T14:38:32.794109+00:00
936496,2858,-282.057441,600,0.36,-145.3273269,-0.0019983307178335964,1.0222489616717212,2.0165141182020307,0.0003,663.3237467891439,1603.2955327590053,0.17418338500828082,0.09153563681589952,0.8072103701917286,0.1439640038599093,0.1266578310116815,0.8028986664165096,0.046533539641445826,0.38699022139436945,False,2026-08-07T14:38:40.343972+00:00
941504,2874,-13.475571,60,0.38,-131.4092797,-0.0019983307178335964,1.0222489616717212,2.0165141182020307,0.0003,5075.088190247602,208.56701604398293,0.1739241879034828,0.09021657422778949,0.807267225093226,0.18331613658794835,0.05301342209131866,0.8029777609434608,0.0386093606742348,0.31388062162979397,False,2026-08-07T14:38:41.330764+00:00
946512,2881,34.231184,25,0.38,-130.26726921,-0.006104699513525702,1.5838762906845658,1.9858483701013028,0.0003,671.847290819384,1568.0468082488915,0.17817380396426882,0.10320997150835061,0.806853691147167,0.1831626679432388,0.052486076834090865,0.8028972885723463,0.051121965690494604,0.31334335384911244,False,2026-08-07T14:38:48.784827+00:00
951520,2895,-1.463819,20,0.34,-134.97246065000002,-0.0029159891313611298,1.9290309778763912,1.9756594271399082,0.0003,645.6060534120397,1624.0244255126856,0.14267979983916063,-0.040769772581262395,0.8015061744838445,0.2569889769102339,-0.10842393888135599,0.7928815970379339,0.13310919395949786,0.17995044858609494,False,2026-08-07T14:38:56.541880+00:00
956528,2904,-165.813689,600,0.33,-136.06060518,-0.0029159891313611298,1.9290309778763912,1.9756594271399082,0.0003,5143.3709717545335,202.8770636476267,0.14237601112709536,-0.03716839250993279,0.801822797668213,0.2569889774385984,-0.10842394130894858,0.7928815970379339,0.13525320828017925,0.17995044682605824,False,2026-08-07T14:38:57.515574+00:00
961536,2919,-241.302128,600,0.31,-137.86285680999998,-0.002359794499716372,2.637209362303838,1.981899327225983,0.0003,659.1869873529124,1575.370903740295,0.17494147266757573,0.09421437872977623,0.8069431401094732,0.1870088972494797,0.12370918720569399,0.8252721834658032,0.03676302889356691,0.38465857702212664,False,2026-08-07T14:39:05.112802+00:00
966544,2929,-160.210657,600,0.3,-140.79293603999997,-0.002359794499716372,2.637209362303838,1.981899327225983,0.0003,4318.526305704526,239.30756161768977,0.17719721473738714,0.10023375893350606,0.8069287526051776,0.187701401206749,0.126456309194847,0.8287352732962288,0.03568591347073686,0.3874478630026502,False,2026-08-07T14:39:06.272460+00:00
971552,2942,-661.821243,600,0.29,-148.86561281,0.0001959966670256108,2.8052391815115696,1.992209983151406,0.0003,643.2104995588949,1598.9291230558206,0.14303277252090107,-0.012443605915997833,0.8004004142745978,0.17338087017267936,-0.06829405538325294,0.8028865768291975,0.06361179718436023,0.1921723624457414,False,2026-08-07T14:39:14.058400+00:00
976560,2952,-257.623388,600,0.3,-147.8367739,-0.0025305309274699537,2.0987157767172904,2.016307281702757,0.0003,694.8585292895809,1472.8753506794524,0.14317474191843288,-0.008195014375868327,0.8000668299524629,0.17338086981444473,-0.06829405784478917,0.8028865768291975,0.06732203324914005,0.1921723599652358,False,2026-08-07T14:39:21.265627+00:00
981568,2965,-164.117907,600,0.3,-145.11468582,-0.0025305309274699537,2.0987157767172904,2.016307281702757,0.0003,4419.007161059355,230.4662479333603,0.17455184604046314,0.09297438871998391,0.8070787872153469,0.13620730415231208,0.10043713712024831,0.8028943601265484,0.03928747811147072,0.3612215693880161,False,2026-08-07T14:39:22.399098+00:00
986576,2974,-153.006468,600,0.29,-148.62639642000002,-0.0013954040041426197,1.0678821750334464,2.0415347503498196,0.0003,630.3423063790656,1607.735970986156,0.1764855232231134,0.09870654223296407,0.806923145004175,0.13572666717822365,0.09878288419343674,0.8028837971801546,0.040958595007963734,0.3596030487585412,False,2026-08-07T14:39:30.343799+00:00
991584,2991,-283.475405,600,0.32,-148.38166418999998,-0.0009392532330821269,5.193172582529951,2.047620556503534,0.0003,658.9050436657539,1530.4420715764688,0.16607821593109431,0.0737406016530989,0.8057293240039078,0.18623636421878245,0.028974189173565406,0.8029065881128739,0.049176726879558465,0.29016276262804674,False,2026-08-07T14:39:37.944292+00:00
996592,3002,-252.3083,600,0.32,-145.33334938,-0.0009392532330821269,5.193172582529951,2.047620556503534,0.0003,4739.59176069851,211.70768510495512,0.17351979719480864,0.08853188356556414,0.8074047983910118,0.18623636238898536,0.02897419085197349,0.8029065881128739,0.061066060028550896,0.2901627641341304,False,2026-08-07T14:39:39.000921+00:00
1001600,3015,-206.243737,600,0.32,-140.50496997000005,0.0008265772823506268,1.6206205066933763,2.0558100428432224,0.0003,258.05103072808697,3869.0021783018265,0.14334032378690792,-0.0004766542644628827,0.7998348977414932,0.16709548189515394,-0.048724524908405446,0.8029041535797349,0.053866361393943823,0.21139458895275312,False,2026-08-07T14:39:58.407939+00:00
1006608,3025,-154.637317,600,0.3,-141.45397036,0.0008265772823506268,1.6206205066933763,2.0558100428432224,0.0003,4793.9705579815045,207.21695888309054,0.08144122019255315,-0.2670418120058298,0.7898209766492037,0.16285677271039778,0.0770720191010751,0.8028991448989131,0.353855704257576,0.3370841248282013,False,2026-08-07T14:39:59.452586+00:00
1011616,3038,-147.245241,600,0.3,-139.07286825,-0.0012415633293130668,2.0695002070860937,2.0646257780492308,0.0003,657.8457222108849,1502.4556163080965,0.17503917306988845,0.09445109596924897,0.8068736540669356,0.1836136978057562,0.12194791921230505,0.8240511861240477,0.033536030929121476,0.38267717427966763,False,2026-08-07T14:40:07.065331+00:00
1016624,3048,24.810971,48,0.29,-136.58156047,-0.004364308922595228,1.1600459655513986,2.0585348388180136,0.0003,635.7406667895671,1546.819405097931,0.15235248655602962,0.023448299188650525,0.8130299825649971,0.15336520047484878,0.10625917045345852,0.8028864501655304,0.08343594692131805,0.3663192603535808,False,2026-08-07T14:40:14.942739+00:00
1021632,3064,34.990298,23,0.3,-133.51680943,-0.004364308922595228,1.1600459655513986,2.0585348388180136,0.0003,4386.004265507148,223.0659025332417,0.17644380402387455,0.09791599748188294,0.8070051974362821,0.1462040089103771,0.12074707685955328,0.8028864501655317,0.03811387507373268,0.3809969368738278,False,2026-08-07T14:40:16.084554+00:00
1026640,3070,-151.936849,600,0.3,-133.54727705,-0.004086139474384254,1.2024621544172986,2.0486877338960765,0.0003,677.3859050440224,1436.9357153021108,0.1739231732545809,-0.32459321720934914,0.8091066820821673,0.1696114327505814,-0.3179232735716544,0.8166489562961137,0.010952860568007554,0.058715289838130444,True,2026-08-07T14:40:23.477678+00:00
1031648,3089,-302.887807,600,0.31,-125.76123990999999,-0.004086139474384254,1.2024621544172986,2.0486877338960765,0.0003,4482.083663700458,216.04951461359335,0.14262847721843902,-0.03534340180107249,0.801526844116191,0.16298877070452347,-0.08048093328905737,0.8028971298241532,0.04953600693020951,0.17954394465726795,False,2026-08-07T14:40:24.595022+00:00
1036656,3099,31.377551,32,0.32,-122.66554176000001,-0.004412872930697631,1.5824177433620208,2.049981956742704,0.0003,627.562264666852,1535.0572433022264,0.14330605975032076,-0.010265197082510056,0.7999560778782846,0.16298876906663815,-0.0804809314198803,0.8028971298241532,0.07298156055549306,0.17954394649892103,False,2026-08-07T14:40:32.575102+00:00
1041664,3123,35.020537,24,0.39,-112.54665879000002,-0.004874781966282171,4.675286453985609,2.0215281641110776,0.0003,654.1313200173782,1465.0513905595285,0.16739639377971768,0.0761212869289101,0.8059889494624899,0.15260891861222237,0.0168283948691054,0.8028819870718107,0.061187986451116665,0.2769270450676245,False,2026-08-07T14:40:40.231060+00:00
1046672,3130,-299.133172,600,0.4,-112.94578053000001,-0.004874781966282171,4.675286453985609,2.0215281641110776,0.0003,5501.559297458212,173.28323634363974,0.17261907334163756,0.08276430096141997,0.8074361465263735,0.15260891619293923,0.0168283954422797,0.8028819870718107,0.06905570500749508,0.27692704570516435,False,2026-08-07T14:40:41.141350+00:00
1051680,3148,-165.59371,600,0.4,-111.29183287000002,0.0001720300249871798,0.5805063420615625,1.9828274430707098,0.0003,641.6391260835812,1477.9647335229208,0.14372341007224693,0.008380819539727353,0.8000174417228387,0.18083584856461513,-0.05376597202911844,0.802905692124528,0.07244238250868226,0.20728387992919745,False,2026-08-07T14:40:48.946368+00:00
1056688,3152,-279.331718,600,0.4,-110.17240456999998,0.0001720300249871798,0.5805063420615625,1.9828274430707098,0.0003,4658.592046067224,202.48864692849472,0.14340615588487116,0.0018875765443163589,0.7998583709906679,0.18083584662823232,-0.05376597047287276,0.802905692124528,0.06713855234387324,0.20728388128291889,False,2026-08-07T14:40:50.021361+00:00
1061696,3168,-11.565356,49,0.38,-110.16353377999998,-0.0033668080304778414,0.6297912159876432,1.9539873963221908,0.0003,687.2681171806147,1365.266300798605,0.17819507431974235,0.10324445731773349,0.806968038672816,0.1366167570919108,0.10250085724295674,0.8028902509391024,0.041784420031521656,0.3632542464318583,False,2026-08-07T14:40:57.308186+00:00
1066704,3172,-149.59422,600,0.36,-115.21926690000001,-0.0026143662951653825,1.2993894907995127,1.9555210012942552,0.0003,688.421239284936,1355.7048312010475,0.17695997641459865,0.09934503727647737,0.8071535308684842,0.13633049367371455,0.10115737647524749,0.8028902829691886,0.04089272213749098,0.36193217059583654,False,2026-08-07T14:41:04.582803+00:00
1071712,3189,35.578443,24,0.34,-121.12746702999999,-0.0026143662951653825,1.2993894907995127,1.9555210012942552,0.0003,4441.144927968288,209.01997459125215,0.17585175695454702,0.0973541623631771,0.8068572947901209,0.18627144389591468,0.028997841417476942,0.8028886945133539,0.06925970168391161,0.29018949172624664,False,2026-08-07T14:41:05.710449+00:00
1076720,3196,-155.563458,600,0.32,-127.64081172999998,-0.002743117595309741,3.052047687501181,1.9462158118374646,0.0003,690.1610079304985,1337.7747936941946,0.17181217215556743,0.08435395097216039,0.8071174367907656,0.1862714414096526,0.028997841431281823,0.8028886945133539,0.057369430815658685,0.2901894915149084,False,2026-08-07T14:41:12.966719+00:00
1081728,3217,32.551519,31,0.3,-131.95907555,0.0008586192976508755,2.137982620263938,1.9215667314827443,0.0003,653.7961089044597,1404.523501277351,0.14606165424833084,0.04207271976446821,0.8018589528102367,0.14171876251239893,-0.01762264411340613,0.8029020815915865,0.0598622192605347,0.24306580650238457,False,2026-08-07T14:41:20.626604+00:00
1086736,3228,-144.389718,600,0.31,-126.70616907,0.0008586192976508755,2.137982620263938,1.9215667314827443,0.0003,4523.988778910727,201.87141140962183,0.14519399432634003,0.040745330033556446,0.8021648063006072,0.14171876273972406,-0.0176226465858972,0.8029020815915865,0.05847599083456721,0.2430658040197991,False,2026-08-07T14:41:21.733603+00:00
1091744,3244,-159.22931,600,0.31,-125.26608955,-0.0022303636636934244,4.019653526949696,1.9244455353356897,0.0003,698.3526161865294,1300.569338394811,0.17803642041430934,0.1027645965556344,0.8068643575233476,0.14748909918094463,0.06072950361835423,0.8029045650683537,0.05211302935990942,0.32097342122141537,False,2026-08-07T14:41:28.904750+00:00
1096752,3255,-292.567413,600,0.32,-128.39839616999998,-0.0022303636636934244,4.019653526949696,1.9244455353356897,0.0003,5301.013316966413,170.39157345805305,0.08525709643286525,-0.24915770755361233,0.8056910076215569,0.14827450902443845,0.11280726465692516,0.8028814358575926,0.3674203710882245,0.37299161347086157,False,2026-08-07T14:41:29.849477+00:00
1101760,3270,35.492576,23,0.37,-122.51480948999999,-0.0024824093816278037,1.7071124654263259,1.917437012679875,0.0003,648.5129711088109,1385.0763824572578,0.17548149780344668,0.09598544225853083,0.8069345209176236,0.14498112823016043,0.12188211728248241,0.8028814358562891,0.04021613879921364,0.38217733842993695,False,2026-08-07T14:41:37.571767+00:00
1106768,3285,32.099091,29,0.41,-113.75967367999998,0.003972127804809133,3.226296902814647,1.9285749406553805,0.0003,650.6951875739561,1372.7349103814877,0.14460306209512866,-0.23478105765725,0.8002870387641527,0.14458629029867662,-0.15777950375690833,0.8028788211122443,0.0770451615619064,0.10337607217794934,False,2026-08-07T14:41:45.268147+00:00
1111776,3299,35.544811,23,0.41,-116.39373412,0.003972127804809133,3.226296902814647,1.9285749406553805,0.0003,5025.658024383865,176.73785118096936,0.14425327276372785,-0.007458664684162428,0.799329681758697,0.15785506802963037,-0.05850377852929459,0.8028810368625919,0.05294548710694795,0.20150763757269619,False,2026-08-07T14:41:46.264637+00:00
1116784,3310,35.165972,24,0.41,-114.29571912999998,-0.0037538273903919618,1.5828299801039976,1.9698128529824317,0.0003,651.0518435038708,1356.5985701640193,0.09216694048538066,-0.27109891676205267,0.7517792678927642,0.1774156407453839,0.041044897592305424,0.816664040191995,0.3300168714051312,0.3015482298222524,False,2026-08-07T14:41:53.956810+00:00
1121792,3327,35.206324,24,0.39,-125.03081002999997,-0.0037538273903919618,1.5828299801039976,1.9698128529824317,0.0003,4356.124274673141,201.6030637844683,0.17521865241791215,0.09489995480931901,0.8070989333261339,0.18327710676336398,0.12180485123555564,0.8243619564222598,0.03296701540269651,0.38251374893757456,False,2026-08-07T14:41:55.106453+00:00
1126800,3338,-252.892524,600,0.4,-126.51884426000001,-0.0015893384552327916,0.6650464530161116,1.945916931796819,0.0003,650.616059891776,1342.112581950788,0.14752938878766694,-0.029779387697514995,0.8693881463612338,0.15204757415209355,0.08817527312996162,0.8028973819041898,0.13547965813359023,0.34826607916360425,False,2026-08-07T14:42:02.803772+00:00
1131808,3351,35.753399,23,0.4,-123.55256470000002,-0.003754856778323301,0.8506429150991608,1.9121800005435943,0.0003,659.851847905332,1315.737771677133,0.17534999266403256,0.09525888948770989,0.806977834643622,0.18667954707694484,0.12375888347636292,0.8261759477716752,0.03618253733814045,0.3846851685199933,False,2026-08-07T14:42:10.393352+00:00
1136816,3360,-148.584549,600,0.4,-120.39276297,-0.003754856778323301,0.8506429150991608,1.9121800005435943,0.0003,4528.556306970567,190.60909073192855,0.1634436702762737,0.00781700828057785,0.8482763394588082,0.1479628600109249,0.09771917285638985,0.8029039296220726,0.10188577062711368,0.35792163858612447,False,2026-08-07T14:42:11.499228+00:00
1141824,3370,-158.235304,600,0.35,-132.14641107,-0.004932083240419161,0.5157987252110615,1.9170187472365796,0.0003,652.8547813991655,1314.4975336793893,0.17774509865755184,0.10183661522842989,0.8068953375457112,0.1460143728190978,0.12161927640921187,0.8029039296396948,0.03760483988399583,0.3818754638553434,False,2026-08-07T14:42:19.170156+00:00
1146832,3385,35.050434,24,0.36,-128.83966289,-0.004932083240419161,0.5157987252110615,1.9170187472365796,0.0003,4944.042122477647,172.5648728033986,0.16026888536504758,-0.12284933030337883,0.8454026174712992,0.16325917896039854,-0.12418319735950797,0.8541936873789848,0.009381042971420584,0.13585590206900203,True,2026-08-07T14:42:20.183091+00:00
1151840,3398,35.660524,23,0.36,-120.82755208999998,-0.0027587454991589767,1.3821532169822603,1.904035520926118,0.0003,666.0007559501908,1273.5120680004643,0.14426001330382668,0.009460382314079935,0.7999797777975438,0.1392407233485021,-0.049014952113643144,0.8029016761061091,0.05876304534156884,0.2120038631692869,False,2026-08-07T14:42:27.702611+00:00
1156848,3411,-248.69056,600,0.35,-128.50800006999998,-0.002320763337411336,0.7263325648673344,1.87995084291324,0.0003,641.3630996002372,1314.6250548644568,0.14358688449014265,0.009759092649816475,0.8003974624616357,0.13924072089162026,-0.04901495248407678,0.8029016761061091,0.058987698763413456,0.2120038630412097,False,2026-08-07T14:42:35.510971+00:00
1161856,3422,-151.803039,600,0.33,-125.90346794999999,-0.002320763337411336,0.7263325648673344,1.87995084291324,0.0003,4944.037467692047,169.5262233502568,0.17708102760470937,0.10096532925327943,0.8067001571362129,0.1875346370033478,0.12532942081114656,0.8290192382540922,0.03465585504421886,0.3863119449066516,False,2026-08-07T14:42:36.523905+00:00
1166864,3434,-251.6489,600,0.31,-132.08613140000003,-0.0034650231627892936,1.472386183188064,1.8745289428159595,0.0003,650.4401171586982,1280.880403932291,0.0799209235938497,-0.2669330438979847,0.7847298767587427,0.17589668462154542,-0.012440084298333607,0.8028487066717279,0.27259182890917827,0.24806978140066366,False,2026-08-07T14:42:44.223310+00:00
1171872,3448,-308.066523,600,0.33,-127.49960153,-0.0012784137077687773,0.48243356759194284,1.8438315647654235,0.0003,639.1401671258135,1295.6907460910443,0.14484450845047095,0.03486041443629716,0.80167393581299,0.18455781562524992,-0.0288739430220082,0.8029042699788032,0.07510478553022412,0.23242706495259474,False,2026-08-07T14:42:52.058839+00:00
1176880,3459,-165.798343,600,0.34,-125.45698281000001,-0.0012784137077687773,0.48243356759194284,1.8438315647654235,0.0003,4994.806521070733,164.7951720507381,0.1502919498331135,0.015881621503159634,0.8263152523865023,0.1651860641384281,-0.06456230479920443,0.8029076264632912,0.08509392969678238,0.19550649085553903,False,2026-08-07T14:42:53.061482+00:00
1181888,3475,35.744753,23,0.38,-113.76412303999997,-0.0049692964515998025,0.7205214068060741,1.8191034796647727,0.0003,666.403926848556,1227.6518295275898,0.1432590516882009,-0.007498965670384952,0.7999327049431038,0.16518606180222362,-0.06456230396119943,0.8029076264632912,0.06120350077800829,0.19550649163127828,False,2026-08-07T14:43:00.576447+00:00
1186896,3487,-163.67531,600,0.36,-118.13090206000003,-0.0049692964515998025,0.7205214068060741,1.8191034796647727,0.0003,4318.070879016737,188.30260613627328,0.1527126125559316,0.005083748794290979,0.8388872573919688,0.16470950355397468,0.028240956962275,0.8028842095590255,0.04445673331471257,0.2882794281495872,False,2026-08-07T14:43:01.736224+00:00
1191904,3496,-301.295682,600,0.33,-131.1256435,-0.0037195357468590372,2.731924327102024,1.7980630532838404,0.0003,642.8256696013241,1257.0997678129054,0.17808112018630895,0.10293325246760096,0.8068437748394223,0.1874374141832653,0.1265729931878048,0.8299048605807093,0.0343247906656827,0.38754546927972544,False,2026-08-07T14:43:09.526830+00:00
1196912,3505,-479.535057,600,0.29,-146.0810285,0.004451573779078899,1.7160233043367044,1.7976940573193132,0.0003,654.7296241802934,1226.5948726628155,0.1755935071352855,0.09492241914711716,0.8070290003436722,0.17016425211042838,0.12827419182965172,0.8036162277665891,0.03396269376617945,0.38840720907564724,False,2026-08-07T14:43:17.175786+00:00
1201920,3514,-298.797739,600,0.28,-149.01953696,0.004451573779078899,1.7160233043367044,1.7976940573193132,0.0003,238.54936100285636,3345.554968769939,0.17803075974668783,0.10283076195460715,0.8068484339295043,0.14400825541052328,0.1265637106380641,0.8028907735922791,0.0416706938970397,0.38689435027832086,False,2026-08-07T14:43:38.169351+00:00
1206928,3527,-256.130904,600,0.3,-152.57923794,-0.0051704562480153985,0.5152500483905896,1.8034442929551004,0.0003,639.1749220356942,1240.774587141439,0.17713232075494922,0.10061991087367568,0.8066550847685086,0.18841976394041887,0.12845381623678492,0.8035857895950589,0.03019193988947196,0.3894920414223518,False,2026-08-07T14:43:46.004448+00:00
1211936,3540,36.003673,22,0.3,-153.65971654,-0.0051704562480153985,0.5152500483905896,1.8034442929551004,0.0003,4386.815839178919,179.6437390787533,0.17829042464358996,0.10352935293410559,0.8068803521850244,0.18348209403135982,0.1275129031991227,0.8298184397521093,0.033590474476877595,0.38822372272429495,False,2026-08-07T14:43:47.146048+00:00
1216944,3550,-278.558806,600,0.26,-162.8943969,-0.001520734466976137,2.0152197440853343,1.8164490446448327,0.0003,669.0082807357097,1170.4728066129044,0.1455556540619744,0.04108457550713998,0.8018535158002189,0.18332456341487893,-0.013164381642286421,0.8029014938657058,0.06611004555688918,0.2479351886048641,False,2026-08-07T14:43:54.631763+00:00
1221952,3561,-139.789805,600,0.27,-162.87222507,-0.00465547078565578,2.7599669054732656,1.828215222619474,0.0003,675.2641238441266,1152.212849056378,0.1448422268976087,0.03972469718562567,0.8022249955560155,0.1833245645425993,-0.013164379429360905,0.8029014938657058,0.06541102648462256,0.24793519091406607,False,2026-08-07T14:44:02.048118+00:00
1226960,3572,-150.042869,600,0.24,-171.79501783,-0.00465547078565578,2.7599669054732656,1.828215222619474,0.0003,4291.2960305499155,180.14138257922454,0.14986851214957023,0.04225710448414131,0.8023386516982456,0.17523019013728863,-0.01717568299045326,0.8028796535575551,0.06462014871821962,0.24330147476489086,False,2026-08-07T14:44:03.215135+00:00
1231968,3581,34.602282,24,0.23,-173.04737073999996,0.0010379619612649548,0.5943642498808913,1.7911732872016728,0.0003,650.8920825370999,1179.968262951214,0.14594241795014387,0.038959331020413046,0.8025839541761289,0.17523018898351964,-0.017175685191077945,0.8028796535575551,0.06331667249067956,0.2433014724963583,False,2026-08-07T14:44:10.909187+00:00
1236976,3596,-147.729542,600,0.24,-163.56090104999998,0.0010379619612649548,0.5943642498808913,1.7911732872016728,0.0003,5212.624813941842,146.37999611236037,0.17700058768151258,0.09957590534009453,0.8067762347100433,0.1855981011937158,0.12895907052107025,0.8037608788679856,0.030763289900452007,0.38980048912916804,False,2026-08-07T14:44:11.869939+00:00
1241984,3608,-318.326175,600,0.3,-145.54746428,-0.0013414291996014071,3.568133776844479,1.7907846746966243,0.0003,640.1110876629714,1184.19445407124,0.17698483635052845,0.09953384024343048,0.8067832910231343,0.1856112236385911,0.12887863055138696,0.8037946016956687,0.03073212553270098,0.389721084977177,False,2026-08-07T14:44:19.693578+00:00
1246992,3622,-153.95559,600,0.31,-141.2956578,-0.0021271035377139922,1.037325275002513,1.7582506379112601,0.0003,659.1752581538325,1142.348701176933,0.1441376685452041,0.022914752441627356,0.8012031634978517,0.1758907398390647,-0.03328754338005073,0.8028859048568985,0.06457388954292481,0.22726868151878124,False,2026-08-07T14:44:27.290947+00:00
1252000,3634,26.542581,40,0.29,-137.62039067,-0.0021271035377139922,1.037325275002513,1.7582506379112601,0.0003,5154.487942393617,145.11625759136945,0.14503865701036797,0.028600843239049975,0.8011356223536878,0.17589074213628433,-0.03328754432133621,0.8028859048568985,0.0691743244295338,0.22726868074042228,False,2026-08-07T14:44:28.262536+00:00
1257008,3645,-148.586534,600,0.27,-135.0347201,0.002077984905190533,2.7240420616057235,1.7313640455715358,0.0003,667.4639058216056,1113.156821694237,0.1770729489748935,0.10070926972452555,0.8067669169513226,0.18366241914507844,0.12698561550816953,0.8286377557628202,0.03481667783094603,0.3877083655146407,False,2026-08-07T14:44:35.765559+00:00
1262016,3659,-294.30593,600,0.28,-129.27760888999998,0.0015929741246509365,2.9842056643683463,1.7282772311009467,0.0003,652.7802398325681,1130.524416899148,0.1779121284991634,0.1023838618116582,0.8068603894898897,0.18463994711847415,0.12772498524004933,0.8294125139014036,0.034583730213204274,0.38850713143184085,False,2026-08-07T14:44:43.437358+00:00
1267024,3672,-251.949964,600,0.33,-117.76571057999999,0.0015929741246509365,2.9842056643683463,1.7282772311009467,0.0003,5254.855046569283,139.4854840912377,0.1437396401444239,0.012901549522748818,0.8004961452711239,0.13846954528548897,-0.03681678556004134,0.8028987492033909,0.050054562717919325,0.224219329425378,False,2026-08-07T14:44:44.390400+00:00
1272032,3686,32.162812,28,0.35,-118.53223323,-0.0012645487888221397,1.7330180097022094,1.7693276293575764,0.0003,652.9442172194877,1114.9007538499925,0.1449275661391057,0.022281362282112475,0.8007973537163007,0.13846954427758704,-0.036816787829940266,0.8028987492033909,0.05948708478336904,0.22421932726275112,False,2026-08-07T14:44:52.060260+00:00
1277040,3697,-147.087955,600,0.32,-127.75214379000003,-0.0012645487888221397,1.7330180097022094,1.7693276293575764,0.0003,4423.503860048879,163.43605044169928,0.15326105391768685,0.052725246969956584,0.803078573778435,0.1790676534340412,0.0009581220946866129,0.8029070412349109,0.057843281544728974,0.2616538111602162,False,2026-08-07T14:44:53.192396+00:00
1282048,3709,-298.951255,600,0.31,-129.49390957,0.002128898499358911,2.4244960570998955,1.8103726733475924,0.0003,651.1719125268261,1102.5536977079348,0.1546646263415867,0.05481786706644618,0.8033248867259756,0.17906765588189466,0.0009581216727165563,0.8029070412349109,0.05913167188129324,0.26165381091775197,False,2026-08-07T14:45:00.883150+00:00
1287056,3722,35.625751,22,0.31,-134.5454628,0.006088490424008342,5.0373250422708225,1.837393015436828,0.0003,676.6918866363893,1053.5725550720106,0.16475073487391792,0.06862846587948623,0.8049617539966845,0.170596460256058,0.016109924407713014,0.8028857931398886,0.052883639408088295,0.2763131834104034,False,2026-08-07T14:45:08.283855+00:00
1292064,3733,-292.451064,600,0.3,-144.4756257,0.006088490424008342,5.0373250422708225,1.837393015436828,0.0003,4313.889531548786,164.10619577127525,0.16255954338844783,0.06753562482250255,0.8049259782445969,0.17649947906729918,0.005461598517514551,0.8028857931398892,0.06365272110212043,0.26597385792022177,False,2026-08-07T14:45:09.444763+00:00
1297072,3741,-289.931954,600,0.31,-146.87500486000002,-0.0023402472437737743,0.9600171124213375,1.8234452724456787,0.0003,643.1770768766428,1092.8996465693647,0.17634908613557645,0.09765527332463421,0.8069984245278103,0.18642961939488156,0.12418437888340045,0.8268956103614516,0.034659898970403454,0.3850924067797007,False,2026-08-07T14:45:17.231107+00:00
1302080,3754,35.633184,23,0.3,-153.31501190999998,-0.0023402472437737743,0.9600171124213375,1.8234452724456787,0.0003,5163.164371170349,135.17291913017297,0.178379808766024,0.10385340349556313,0.8068788133655194,0.18764813933926916,0.12641515471647272,0.8304310080515852,0.033906348141601955,0.3874030090273941,False,2026-08-07T14:45:18.201055+00:00
1307088,3765,-183.396371,600,0.29,-160.23689410999998,-0.0014644372575276065,2.0590038612135686,1.8014759219251573,0.0003,648.684246704075,1068.1807112175816,0.17722436588132512,0.10029215396781914,0.8069285047745204,0.18284858482639876,0.1264746269843621,0.8280919633201207,0.034132765923895886,0.3871494480575569,False,2026-08-07T14:45:25.921301+00:00
1312096,3776,-160.077829,600,0.29,-158.99307563,-0.0019384736518986757,1.405559108313173,1.7687197711318732,0.0003,677.3618984588935,1015.5634699340064,0.1779983151269661,0.10263083201239112,0.8068742532725423,0.1850792201761027,0.12784183491715875,0.8296347943746816,0.034695476867183474,0.3886518444527828,False,2026-08-07T14:45:33.314697+00:00
1317104,3785,-156.315196,600,0.24,-171.54467463999998,-0.0019384736518986757,1.405559108313173,1.7687197711318732,0.0003,4752.221224446579,143.70038088442038,0.17790085267115288,0.10220840677570875,0.8069754029344816,0.1370309948308915,0.12142299868974196,0.8028969032692027,0.045345120816088734,0.3821139609173334,False,2026-08-07T14:45:34.368519+00:00
1322112,3796,-262.802531,600,0.25,-171.21181688000001,0.0012465097704989602,1.9317672214878256,1.7446164438501,0.0003,668.2213300264581,1014.4662696911504,0.17808863726248758,0.10286926822291112,0.8069916281804521,0.1370309968431935,0.12142300014949226,0.8028969032692027,0.04524088391380404,0.382113962253484,False,2026-08-07T14:45:41.863050+00:00
1327120,3807,-159.454669,600,0.23,-175.62964701,-0.0019209039102861425,1.5487530581536704,1.718594551458955,0.0003,640.3143156946595,1050.858903990005,0.17847649332309745,0.10273589686739075,0.8064874413827667,0.18134143482621806,0.12884143763900913,0.8315410309753771,0.03629586064925156,0.3894266560799519,False,2026-08-07T14:45:49.684192+00:00
1332128,3818,-277.913015,600,0.23,-169.38290863999995,-0.0019209039102861425,1.5487530581536704,1.718594551458955,0.0003,5005.725269231044,133.42162505506326,0.17710449131800848,0.10014547493956166,0.806806153808889,0.18464920677100513,0.12677526114734317,0.8282098152591247,0.03498835475147616,0.38755991282643676,False,2026-08-07T14:45:50.684658+00:00
1337136,3832,-336.970739,600,0.25,-165.37595376000002,-0.00042749167660076636,0.5761755272920709,1.692728919442743,0.0003,663.6527396976137,998.8115174541838,0.17663435537582536,0.09891467043954781,0.8068014093312234,0.18405616499035157,0.12608754362080174,0.8276008098898753,0.03501518754023792,0.3868362578833421,False,2026-08-07T14:45:58.230767+00:00
1342144,3842,33.636382,28,0.25,-160.99614433,-0.00042749167660076636,0.5761755272920709,1.692728919442743,0.0003,4277.1847024552035,153.80584327405253,0.17798960309688389,0.10263566577859785,0.8068513960621652,0.1848497080687742,0.12784115991887648,0.8295343103138512,0.03459613524702311,0.38863642819262684,False,2026-08-07T14:45:59.401637+00:00
1347152,3854,-153.628395,600,0.25,-163.74076353,-0.008611298561299918,1.280547161126742,1.6734279452823102,0.0003,699.3549819751506,933.5001777726621,0.17676667713867428,0.09990660359463709,0.8067372971294516,0.18831393340571062,0.12830796207168177,0.803412674264764,0.03083876469365483,0.38933886555694086,False,2026-08-07T14:46:06.562524+00:00
1352160,3862,35.215711,23,0.24,-161.96550115,-0.002831861556478543,1.1584584374562836,1.6465194223448634,0.0003,665.8369520859658,972.9709322536335,0.17697262559543203,0.10009470817780614,0.8067003942423384,0.18837759879907354,0.12841586441149144,0.8035197291594545,0.03069654597113607,0.3894511161110304,False,2026-08-07T14:46:14.083876+00:00
1357168,3874,35.770834,23,0.22,-166.31781053999998,-0.002831861556478543,1.1584584374562836,1.6465194223448634,0.0003,4382.965823212172,146.6659850723827,0.1776376015082112,0.1022211008975915,0.8068820356292772,0.18785811281397544,0.12563894620789373,0.8297530920388992,0.034291975032368915,0.3866438558698314,False,2026-08-07T14:46:15.226486+00:00
1362176,3886,-243.705496,600,0.24,-159.65517799,0.0034388797874271406,1.3360994155402295,1.6346110872924329,0.0003,645.2838422297195,988.4394405352803,0.08513354049646073,-0.26810540842656866,0.7899612442272578,0.16619171286405857,0.04441951898317897,0.8029047516641037,0.32312504072697756,0.30448248035993963,False,2026-08-07T14:46:22.987413+00:00
1367184,3893,-281.983801,600,0.22,-164.67282419,0.0034388797874271406,1.3360994155402295,1.6346110872924329,0.0003,4890.520580043254,129.39644965043846,0.17758251272558467,0.10135490672946335,0.8068995798130598,0.14366283609526762,0.12278830327045805,0.8029047743296496,0.040322368740428494,0.38313677459247664,False,2026-08-07T14:46:24.011438+00:00
1372192,3905,35.63365,23,0.23,-160.21374408,0.0011622796846495476,0.9808040303585586,1.6284818845801055,0.0003,661.9345921443248,948.4441626871737,0.21447930382187286,-0.17061849589672806,0.8389214701525427,0.232291385695789,-0.17302178114531838,0.8640271061740986,0.030876188247839623,0.11309843058570804,False,2026-08-07T14:46:31.577139+00:00
1377200,3914,-278.912553,600,0.22,-167.22134832,-0.0009191128210659372,1.1820925055944826,1.61832216354087,0.0003,667.5754018103195,932.9283228697487,0.14173452450736052,-0.16770607166976206,0.8024201653147927,0.25952737855258234,-0.19623855734771292,0.7928899501219004,0.12157336963621694,0.11819991814992903,False,2026-08-07T14:46:39.078912+00:00
1382208,3924,-236.027698,600,0.2,-171.86462414000005,-0.0009191128210659372,1.1820925055944826,1.61832216354087,0.0003,4721.550747330833,130.8451466606067,0.17444805366158359,0.03390688692105767,0.803256583632343,0.1812590605606717,-0.005521246287864036,0.8113468893001975,0.04082181462305687,0.2553651968197786,False,2026-08-07T14:46:40.139585+00:00
1387216,3936,-297.842845,600,0.22,-163.58258401,-0.0010397456913779023,0.9871635340503417,1.6174097398296,0.0003,670.7187589617113,913.6228736894199,0.1458504964113103,0.04179498036915154,0.801848508394184,0.1866633961847867,-0.012799454052291234,0.802880944710961,0.06817118880044007,0.2486343632987045,False,2026-08-07T14:46:47.606207+00:00
1392224,3947,30.55294,33,0.22,-163.80468423,-0.0010397456913779023,0.9871635340503417,1.6174097398296,0.0003,5092.23184227592,119.35356025116894,0.1443477470562073,0.0127923064808463,0.8180029310837368,0.15364904422927295,0.10045821609098408,0.8028917147327617,0.08944369567767482,0.36051416086846894,False,2026-08-07T14:46:48.589660+00:00
1397232,3960,35.020888,24,0.25,-153.39779367,-0.004636508079966006,0.661471158702625,1.6176104728132485,0.0003,635.741455686299,948.1338594622506,0.17685222519377025,0.0998935010539265,0.8068023745947932,0.1440329862149952,0.12677856301132803,0.8028917147327621,0.04260519057762527,0.3871079982825444,False,2026-08-07T14:46:56.467079+00:00
1402240,3969,-297.106149,600,0.25,-152.89391797,-0.002148165329708718,0.9403992370906054,1.6000417795032262,0.0003,261.3136488779321,2287.5192419789473,0.1444650469249838,0.029136386526135566,0.8015292833849282,0.15338281760170505,-0.03510701250307974,0.8028932628196036,0.06487373422709523,0.22499031740984374,False,2026-08-07T14:47:15.631791+00:00
1407248,3979,-244.257979,600,0.2,-167.30147708,-0.002148165329708718,0.9403992370906054,1.6000417795032262,0.0003,4411.931692911318,134.3520347226542,0.14485849762173494,0.032545202208492205,0.8017019154138878,0.15338281986117894,-0.0351070114730202,0.8028932628196036,0.06819754683485323,0.2249903183730044,False,2026-08-07T14:47:16.766894+00:00
1412256,3993,-250.698576,600,0.25,-152.60063112,-0.0002256303920148639,0.2854416288115317,1.6043893651105463,0.0003,652.3564030440789,900.9553631380344,0.1542292202260621,-0.11832310757884623,0.8544180766746224,0.2014937922955925,-0.074239683421304,0.8378596612955655,0.06671933136831482,0.19033819904182958,False,2026-08-07T14:47:24.443685+00:00
1417264,4001,-148.938733,600,0.24,-158.76933318000002,-0.003895458055922063,1.830932387150824,1.5970262357033789,0.0003,667.9857713969665,872.3778633507677,0.14450550322647446,-0.006145542189068728,0.7994138985969874,0.20035428803483893,-0.07424122543146688,0.8378269282873992,0.09608157831143538,0.19009153293085373,False,2026-08-07T14:47:31.940844+00:00
1422272,4016,-146.139786,600,0.27,-145.26015812999998,-0.003895458055922063,1.830932387150824,1.5970262357033789,0.0003,5129.971709423607,112.61816491867405,0.14599573155213463,-0.3550959125954057,0.8116886552283958,0.1826436567908581,-0.2510451692486895,0.802886530810509,0.110666639099483,0.024350034633379668,False,2026-08-07T14:47:32.917078+00:00
1427280,4030,-147.963231,600,0.31,-134.52423999,0.0011119668459286913,1.221875480771996,1.589529805071652,0.0003,660.5260892258309,867.0664328660448,0.14640983784340916,0.04320256121058276,0.8021155205244226,0.18532180007769505,-0.0006145508833902487,0.8028849333936191,0.05860607573743163,0.26061850427895583,False,2026-08-07T14:47:40.498905+00:00
1432288,4043,-242.854479,600,0.31,-132.07064727,0.0011119668459286913,1.221875480771996,1.589529805071652,0.0003,4322.595670299376,131.33590168998646,0.14480470626182512,-0.21865065474345927,0.7997023645677925,0.144046391937899,-0.15808345010799157,0.8028957036028758,0.060656069211262584,0.10315764999305373,False,2026-08-07T14:47:41.657470+00:00
1437296,4053,-194.744723,600,0.29,-139.00381104000002,0.0014409095405426343,0.4469753423938528,1.571701729670167,0.0003,663.3882077186973,848.2273176592379,0.14365627049515917,0.016934679596233262,0.800858942865059,0.18227817302522978,-0.024887537239367097,0.802903657834125,0.056964287368411554,0.23616559262244802,False,2026-08-07T14:47:49.206600+00:00
1442304,4065,35.568208,23,0.29,-140.74546906,0.00181105115225364,2.7089802337577567,1.5783682179637253,0.0003,639.2015693780778,872.4884711134548,0.0860644807338558,-0.19536368728825523,0.8343540119641862,0.15739494032801263,0.025000665736977373,0.8029014768999995,0.23374718075755882,0.2850125713129421,False,2026-08-07T14:47:57.041373+00:00
1447312,4073,-379.553947,600,0.29,-142.45975841,0.00181105115225364,2.7089802337577567,1.5783682179637253,0.0003,4254.644682624482,129.9022694555715,0.17792635228018905,0.10240776974253682,0.8068740682897011,0.1448555538684451,0.12165315403842566,0.8029014769000022,0.03846874064271095,0.3819535105691658,False,2026-08-07T14:47:58.218437+00:00
1452320,4081,-163.865747,600,0.28,-147.34672049999998,0.00040728739404585215,2.048604792053811,1.5996196128427982,0.0003,656.8430366160317,833.8065100325564,0.1472964025867286,0.04444354000620596,0.8020338503402804,0.15980721989682456,0.08279073988477716,0.8028963655170633,0.04034565925504091,0.34279079409301694,False,2026-08-07T14:48:05.842795+00:00
1457328,4091,35.328413,24,0.25,-155.93331849999998,0.00040728739404585215,2.048604792053811,1.5996196128427982,0.0003,4735.873019079605,114.58753176314382,0.17730814828139366,0.10054506110237886,0.806918596064393,0.18554141903557886,0.12619350670175492,0.8285461472157951,0.03454533945096487,0.3870371929220103,False,2026-08-07T14:48:06.900247+00:00
1462336,4100,-145.791691,600,0.25,-150.50377859,-0.0019094125611445634,0.627245025918819,1.6351011562161148,0.0003,668.5375604745062,804.2390312645763,0.14351074163311553,-0.010955209856296114,0.7998678167557308,0.15885849745975902,-0.07757595690669451,0.802880541306757,0.06843211275189297,0.1824276144846431,False,2026-08-07T14:48:14.391229+00:00
1467344,4108,-284.210103,600,0.23,-157.44421691,-0.0009062088771315757,2.959651523962384,1.6719842745922506,0.0003,654.7547881716013,813.5198239442259,0.1503390882859746,-0.019726534423564035,0.799516904429811,0.1588584993001264,-0.0775759585731643,0.802880541306757,0.05857004602617583,0.18242761280669023,False,2026-08-07T14:48:22.039893+00:00
1472352,4120,-148.817918,600,0.19,-167.23710321000001,-0.0009062088771315757,2.959651523962384,1.6719842745922506,0.0003,5102.813724030219,103.40334343681702,0.1779324956410164,0.1024786683956743,0.8068415692859705,0.183118759504023,0.12656148706173664,0.8293353957566938,0.03335943220521268,0.38725219214406786,False,2026-08-07T14:48:23.021311+00:00
1477360,4132,32.079005,30,0.2,-169.73545125,-0.0009884738090477185,3.6780370576074346,1.6926046693697572,0.0003,658.5727696033108,793.5949133074703,0.17771392250128465,0.10176803231111105,0.806878344633078,0.184538291122527,0.12721168052855833,0.8290438236941501,0.034427600899549084,0.3879884189882015,False,2026-08-07T14:48:30.625638+00:00
1482368,4145,-151.76689,600,0.19,-177.63690844999996,-0.0009884738090477185,3.6780370576074346,1.6926046693697572,0.0003,4393.164889607614,117.8266723437812,0.17742472643600324,0.1013484402695172,0.8069316815032335,0.1863334611157916,0.12400197186849261,0.8291762413018687,0.03297527085765486,0.3849038393848878,False,2026-08-07T14:48:31.765594+00:00
1487376,4152,-294.536986,600,0.18,-182.56695196999996,0.006031508653541096,2.53119190390571,1.7326702369377016,0.0003,667.6066978083985,767.8532909912803,0.17600432544102715,0.09783774993737558,0.806791593645751,0.1868867281748598,0.12456291657013702,0.8275787587696801,0.035563569206418066,0.38550166400792485,False,2026-08-07T14:48:39.267014+00:00
1492384,4164,31.846612,32,0.17,-184.95917702999998,0.002908951669087401,1.8254547997377812,1.7657680728472769,0.0003,680.265001935696,746.2033157013476,0.1777312313810263,0.10184390841472221,0.8068544252662608,0.18588632861894588,0.12350636706784715,0.828977923323733,0.032019008294406084,0.3843790259508788,False,2026-08-07T14:48:46.628850+00:00
1497392,4173,34.750119,25,0.18,-177.66755728000007,0.002908951669087401,1.8254547997377812,1.7657680728472769,0.0003,4378.450726397097,114.79128838194825,0.1776112266220989,0.1014543322939602,0.8068905114206035,0.18757638935970158,0.12538638640446095,0.8289404974115309,0.034033065752807706,0.3863717433715959,False,2026-08-07T14:48:47.772639+00:00
1502400,4186,-151.536964,600,0.21,-170.04205974,-0.0019225564628868597,1.3533686496783048,1.7709534423425795,0.0003,654.8985436829031,759.8123477289853,0.153247744176104,-0.004213883102971227,0.8000363870569621,0.16978436520888932,-0.058431953561863266,0.8028837460463475,0.05675532091955584,0.20180537938178897,False,2026-08-07T14:48:55.419629+00:00
1507408,4195,-161.154478,600,0.19,-173.75013622000003,0.0007137477441574447,0.6908273833571001,1.7385612414218485,0.0003,667.4792194642288,737.9885180476375,0.14777910402043756,-0.0036081514543782073,0.7992375034382869,0.1697843673241023,-0.05843195226517766,0.8028837460463475,0.059187632437551214,0.20180538077950394,False,2026-08-07T14:49:02.922483+00:00
1512416,4207,-278.923982,600,0.22,-165.15705447,0.0007137477441574447,0.6908273833571001,1.7385612414218485,0.0003,4371.980301701996,111.52474767788532,0.1782380823158505,0.10341636270369249,0.8068482376084308,0.18022108150661278,0.060226991633256184,0.8028992164347304,0.043414845703753674,0.3208647975515273,False,2026-08-07T14:49:04.067962+00:00
1517424,4218,-158.718638,600,0.22,-165.15845123,-0.0046127640907798195,1.1875747983518523,1.73709322437644,0.0003,643.3696840868487,750.0757526132626,0.17766698867067438,0.10197531446844132,0.8068781164135213,0.1806462543443128,0.05808468683078765,0.8028992164347217,0.04417119947910153,0.31875403654650447,False,2026-08-07T14:49:11.851974+00:00
1522432,4229,-241.591452,600,0.19,-169.70917785999998,-0.0046127640907798195,1.1875747983518523,1.73709322437644,0.0003,5228.063846616791,91.34700990865787,0.17698967917836797,0.0995376556980878,0.80704713405698,0.1817922550577925,0.03023261492186735,0.802903395011788,0.06959471233754659,0.29104960598648616,False,2026-08-07T14:49:12.809888+00:00
1527440,4237,35.365588,23,0.17,-170.80530056999996,0.00043012404421460815,0.39260471215238796,1.7408635490573943,0.0003,683.7352963904698,691.1446615301383,0.17435361308869501,0.09211104130962051,0.8072058517727765,0.181792256255976,0.030232612744873797,0.802903395011788,0.06247226959213804,0.2910496039053172,False,2026-08-07T14:49:20.134359+00:00
1532448,4252,34.510016,25,0.21,-156.0542269,-0.002227875310200034,0.5952408036333509,1.7161042438820004,0.0003,633.7862874780446,737.7123949154497,0.1776483641668463,0.10156916166180255,0.8068839155995946,0.18448506111417146,0.12727920088111286,0.8289471512267,0.034562015394725094,0.38805244188495724,False,2026-08-07T14:49:28.036072+00:00
1537456,4261,-156.11042,600,0.22,-151.69695777,-0.002227875310200034,0.5952408036333509,1.7161042438820004,0.0003,5002.388523577825,92.46462921060312,0.17619975776273683,0.09772623990558135,0.8068272922198896,0.18421915673178244,0.12534481726056498,0.8271726974709271,0.035228285365127995,0.38610516150703933,False,2026-08-07T14:49:29.037197+00:00
1542464,4272,-300.987648,600,0.22,-154.08770169,-0.0014196009749866789,1.4483038136415416,1.7023944346234203,0.0003,654.2504491122969,699.3285226182054,0.14496364861873057,0.04013941120450115,0.8022020259199297,0.1713812341296201,-0.013755065206858383,0.8028767507629941,0.06002465048206111,0.2465078100214916,False,2026-08-07T14:49:36.691760+00:00
1547472,4280,-165.163054,600,0.21,-151.8002582,-0.0014196009749866789,1.4483038136415416,1.7023944346234203,0.0003,4543.156357130405,99.60652119968645,0.1448124325115798,0.03938429288124019,0.8022490783790412,0.1713812358163923,-0.01375506703083843,0.8028767507629941,0.059414534026085083,0.24650780827733473,False,2026-08-07T14:49:37.794083+00:00
1552480,4289,-320.108625,600,0.18,-161.50987507000002,-0.0023769460429321045,3.675181569973938,1.6971916570328176,0.0003,652.0741575653931,686.302309036255,0.14312352514702473,-0.015788770340629605,0.8003115224488381,0.1509979296489292,-0.0787579214895169,0.8028977766939251,0.0635122740396788,0.181465501661902,False,2026-08-07T14:49:45.474197+00:00
1557488,4298,-155.754424,600,0.16,-174.34331404,0.0008627928931673523,2.457970171305351,1.7208587287925183,0.0003,656.8555662128078,673.6823477821227,0.14449494006457816,-0.2360334015925088,0.8003600364362972,0.14143633257539645,-0.16545096855281913,0.8028776135544905,0.07069351546019766,0.09635418566855976,False,2026-08-07T14:49:53.098390+00:00
1562496,4310,-145.761656,600,0.18,-170.84724018,0.0008627928931673523,2.457970171305351,1.7208587287925183,0.0003,4185.685232803381,104.5238654285955,0.17759264490486681,0.10187463486683704,0.8068415431626514,0.18692171857016038,0.03631517189338761,0.8029018918132065,0.06633698556291764,0.29753564496540374,False,2026-08-07T14:49:54.294857+00:00
1567504,4317,-158.539387,600,0.16,-183.32300965000002,0.011607953872226063,0.859704116373905,1.764170366898179,0.0003,645.0114454810345,670.5245356963466,0.08647091889735718,-0.26981071578126037,0.7579710707976444,0.16903990614648334,-0.05266522044331279,0.7976075625832137,0.2356710743429844,0.207531758333411,False,2026-08-07T14:50:02.059055+00:00
1572512,4328,-169.000808,600,0.16,-184.34582783000002,0.011607953872226063,0.859704116373905,1.764170366898179,0.0003,5242.0897089196815,81.54915763318729,0.1434633234412973,-0.0019458431882116388,0.7996560168608682,0.1690400575888402,-0.05266521266190574,0.8028912141104029,0.056895432775457264,0.20753177270418696,False,2026-08-07T14:50:03.014413+00:00
1577520,4337,-236.411162,600,0.16,-187.71293827999997,0.006847204447694821,3.251288872893201,1.7893553977832197,0.0003,652.3771097165829,647.6008948007712,0.13195905846597303,-0.035341836899947354,0.8688838082368728,0.14926312089414426,-0.055134080255766625,0.8028866480216461,0.07104075330434162,0.20514708295655687,False,2026-08-07T14:50:10.690951+00:00
1582528,4350,-164.175835,600,0.15,-186.56668436999993,0.002179700735359802,0.5581796243903228,1.8308436709456146,0.0003,669.9641276865132,623.1258999516789,0.1434631917427605,0.0022981591706602955,0.799864460615422,0.14926312146362405,-0.055134082671035034,0.8028866480216461,0.05780341862250255,0.20514708051479358,False,2026-08-07T14:50:18.165971+00:00
1587536,4358,-258.356093,600,0.14,-190.90179979,0.002179700735359802,0.5581796243903228,1.8308436709456146,0.0003,4868.920779775588,84.71363956326493,0.16398043714222177,0.06884909147006932,0.8053920821816036,0.15153773662587303,0.10455725461847146,0.8030504802167008,0.037886367090742376,0.36465545628218715,False,2026-08-07T14:50:19.194547+00:00
1592544,4368,34.778259,23,0.13,-196.24508174000002,-0.001642312180774752,0.7388473468716257,1.8285966834053398,0.0003,644.1220288155961,632.5757880835488,0.17798778497221257,0.10268942687771306,0.8068484637096405,0.14534398595895578,0.12161683686608804,0.8029051417545898,0.03793961321530738,0.38189816565054324,False,2026-08-07T14:50:26.969460+00:00
1597552,4377,-144.020581,600,0.12,-201.11002107999997,-0.000450798916790518,1.121050324657699,1.8280691597610712,0.0003,627.1088923188435,641.7513846947362,0.14348715223777245,0.0045380304459024905,0.8000098692008345,0.17521934534636746,-0.045621514834327866,0.8028989745944188,0.059424397280711916,0.21491803873732962,False,2026-08-07T14:50:34.955312+00:00
1602560,4386,-266.842608,600,0.13,-199.02069856999998,-0.000450798916790518,1.121050324657699,1.8280691597610712,0.0003,248.34940373121518,1600.3259682883852,0.14340704468707374,0.0020058338115930396,0.7997887148464187,0.17521934757736793,-0.0456215159277263,0.802898974594419,0.0573590513700784,0.21491803780466368,False,2026-08-07T14:50:55.120458+00:00
1607568,4395,-149.273724,600,0.14,-183.85331851999996,-0.00037938163659418934,0.925351999112172,1.8246022494509817,0.0003,670.1618468465623,585.5779493365425,0.17568527821570445,0.09580923925771956,0.8069447382112982,0.18778054792213641,0.1278197859238583,0.8031434069566281,0.034429939971543776,0.3888135095349458,False,2026-08-07T14:51:02.593287+00:00
1612576,4406,-247.936276,600,0.15,-182.87849336,-0.00037938163659418934,0.925351999112172,1.8246022494509817,0.0003,4619.838342960803,83.86094301120161,0.17721625202272612,0.10026757855942732,0.8069305448701765,0.18303584712042295,0.12580978697866035,0.8278852320188409,0.03354654991994078,0.3864968848271287,False,2026-08-07T14:51:03.677299+00:00
1617584,4416,-301.133226,600,0.15,-181.85287611,-0.0051213229206041435,0.9668250218965113,1.8329001131467522,0.0003,643.2581087519144,594.4985299011388,0.17691079575131305,0.09979002397508072,0.806818604939728,0.18828901817309415,0.12831280524250527,0.8034800922699487,0.030889458777310173,0.3893418848062734,False,2026-08-07T14:51:11.462666+00:00
1622592,4427,-250.193263,600,0.18,-172.53154682000002,-0.017189050471642986,3.835877004812937,1.822948335763067,0.0003,662.2936970957145,569.8499044381772,0.17544445794640925,0.09502987502518592,0.8069432674065116,0.18770564793555575,0.12774244411535754,0.8031213113469485,0.03514336786010169,0.38873101998178655,False,2026-08-07T14:51:19.024265+00:00
1627600,4440,-160.052439,600,0.2,-168.02771889999997,-0.017189050471642986,3.835877004812937,1.822948335763067,0.0003,4714.496116754795,78.99041398645589,0.17761125532819777,0.10142696846073687,0.8069100448578852,0.1421899331166057,0.12277775758696123,0.8028896832478688,0.04155345438113684,0.3831918712416711,False,2026-08-07T14:51:20.086533+00:00
1632608,4450,-147.878382,600,0.19,-172.27049307000001,0.002831502613662451,0.44310553035466,1.8053644888103009,0.0003,651.0476260494871,564.3089465348484,0.17786195814770553,0.10220274577033384,0.8068809345391927,0.142189930666049,0.12277775799717563,0.8028896832478688,0.041373358090167664,0.38319187176533964,False,2026-08-07T14:51:27.778749+00:00
1637616,4460,-148.363084,600,0.2,-166.51383509,0.002831502613662451,0.44310553035466,1.8053644888103009,0.0003,4292.620261300199,84.4202323851113,0.1429870317477529,-0.015683640079188516,0.8006490182183378,0.1543850628211108,-0.07491628030825484,0.8028839436620216,0.06036071298944425,0.1851688710730164,False,2026-08-07T14:51:28.945394+00:00
1642624,4469,34.879604,24,0.2,-167.84429100999998,-0.004595148924272508,2.3603114269208163,1.8204433171078562,0.0003,665.2168579320662,537.232326178505,0.1434779553341128,-0.002599848055201127,0.7996091969647998,0.1543850651902564,-0.07491628105969626,0.8028839436620216,0.0732076190969122,0.18516887025008014,False,2026-08-07T14:51:36.473766+00:00
1647632,4482,14.231787,47,0.23,-157.85479959,-0.003805091659887694,1.7568644965591376,1.8640725278295576,0.0003,648.3004644259305,543.525755934822,0.17761522703690577,0.10144969164055304,0.8068995853119787,0.14551707575496828,0.12010089855849736,0.8028979359357427,0.03733861316311105,0.38037671876662543,False,2026-08-07T14:51:44.198582+00:00
1652640,4495,-897.536607,600,0.26,-159.55266079999998,-0.003805091659887694,1.7568644965591376,1.8640725278295576,0.0003,4283.551207781781,81.09159506928806,0.17625255588619732,0.09873908838763293,0.8067513784915445,0.1455062597294052,0.12010379830097925,0.8028979359357428,0.03763820634107678,0.3803800283793341,False,2026-08-07T14:51:45.367705+00:00
1657648,4505,-184.002486,600,0.24,-165.20105107,-0.006863085890654474,1.138824772904627,1.8484465477056802,0.0003,688.7152167915683,497.0878988195913,0.1782772378033291,0.10354135295963435,0.8068463690127924,0.16660227454709536,0.05067461411446086,0.802886843210219,0.05428512400040575,0.31074476002720364,False,2026-08-07T14:51:52.639217+00:00
1662656,4514,-294.970558,600,0.24,-158.93755843000002,-0.006863085890654474,1.138824772904627,1.8484465477056802,0.0003,5251.78065661402,64.23421350911784,0.1776840286463895,0.10244857583206939,0.8068693450398959,0.16660227667705277,0.05067461538887179,0.802886843210219,0.053096219521798986,0.3107447613465813,False,2026-08-07T14:51:53.592802+00:00
1667664,4524,-310.35327,600,0.2,-176.23255090000004,0.0025742899160832167,5.1024529177346265,1.8168276820331812,0.0003,649.1479575244573,511.95724510537167,0.1780252691477221,0.10269491533937783,0.806900181322878,0.14215994910756777,0.12453157295048153,0.8029050790902404,0.04217963535945391,0.3849451883211636,False,2026-08-07T14:52:01.307532+00:00
1672672,4532,-144.311726,600,0.22,-174.22946270999998,0.004338796449155779,3.2043497614213265,1.79305289266631,0.0003,641.9322024201721,509.91054626318595,0.17686303566141928,0.09920756536191178,0.8069640537806164,0.1421599466476411,0.12453157329983942,0.8029050790902404,0.04315188339662068,0.3849451887841499,False,2026-08-07T14:52:09.108977+00:00
1677680,4546,-540.582699,600,0.19,-191.32590777999997,0.004338796449155779,3.2043497614213265,1.79305289266631,0.0003,4955.174625821358,65.04715259082782,0.14439021394505672,0.02732675993296397,0.8014472189671615,0.15129418245034323,-0.033238377095960066,0.8028954905370781,0.0609745692481264,0.2269286779613408,False,2026-08-07T14:52:10.119645+00:00
1682688,4551,-762.42495,600,0.18,-198.48573993999997,0.007370002608149661,5.017187800642569,1.8025580349378287,0.0003,656.9514437195711,483.00677779688243,0.1443439626068949,0.028602399898795934,0.8015466780898838,0.15129418469365358,-0.0332383781635918,0.8028954905370781,0.06224473241515679,0.22692867680843343,False,2026-08-07T14:52:17.742731+00:00
1687696,4569,-156.313856,600,0.19,-193.86282412999998,0.004459070679149591,4.464469595614355,1.7998744308017194,0.0003,681.3689518866668,458.3478585797758,0.1459332309613181,0.031750621499662866,0.8012442786824532,0.1426744795916987,-0.02285180607859324,0.8028798957524037,0.054724033121903694,0.23778023369826942,False,2026-08-07T14:52:25.092636+00:00
1692704,4574,-149.245892,600,0.18,-193.92954190999993,0.004459070679149591,4.464469595614355,1.7998744308017194,0.0003,5409.786162122514,56.803723990345915,0.14453073613837678,0.0321372668706607,0.8017276744771875,0.14267447882290848,-0.022851803715532498,0.8028798957524037,0.05503245577858241,0.23778023611106575,False,2026-08-07T14:52:26.018370+00:00
1697712,4587,-165.751408,600,0.15,-200.29574554,0.0015521481098403455,2.201928372355178,1.7855520238168539,0.0003,654.6809139855493,461.73333228815096,0.14412369844608586,-0.009744893834537808,0.7996239261367033,0.1829098368875771,-0.06002471398464116,0.8028916446133733,0.06358539795874547,0.20128332182061176,False,2026-08-07T14:52:33.667897+00:00
1702720,4595,-155.836323,600,0.14,-194.55235397999996,0.0015521481098403455,2.201928372355178,1.7855520238168539,0.0003,4564.292395292179,65.13167305114551,0.08144122019255315,-0.2670418120058298,0.7898209766492037,0.18139107259737988,-0.05594103871396359,0.8076347168847928,0.23424525357272794,0.20517708855523437,False,2026-08-07T14:52:34.765116+00:00
1707728,4607,-259.51561,600,0.13,-198.37861265,0.01584926901923609,3.228142775408924,1.7579616656526924,0.0003,654.7286854151247,446.4017027368942,0.1430185430509152,-0.012141785168562486,0.8004184573054365,0.18664979046694147,-0.05598154756444823,0.8029001645899618,0.061901287458761986,0.2057516470556904,False,2026-08-07T14:52:42.414095+00:00
1712736,4612,-153.388179,600,0.13,-201.21844217,0.0026523506185185397,3.5495988856302576,1.7602762735448778,0.0003,661.6995670947123,434.1305545374227,0.14471850836138817,0.015660014681239114,0.8121770031686775,0.1606511004254666,-0.08047508417701366,0.8028843172128929,0.09788850154455939,0.1795260965236374,False,2026-08-07T14:52:49.982473+00:00
1717744,4626,-188.8282,600,0.13,-196.61273422000002,0.0026523506185185397,3.5495988856302576,1.7602762735448778,0.0003,4287.44462510864,65.8331534702557,0.14290545311998487,-0.016403085624057512,0.8007078422987872,0.16065109812421627,-0.08047508324036926,0.8028843172128929,0.06651966504886049,0.17952609745192954,False,2026-08-07T14:52:51.150535+00:00
1722752,4630,-142.143875,600,0.13,-192.00047057000003,0.006529051128745777,1.4549220417044126,1.797608767915517,0.0003,683.3710223994595,405.7064038602689,0.14569245950492135,0.04210661131542922,0.8022310444366969,0.18031158436875266,-0.0024383529589586668,0.8028838682456833,0.05641953409475849,0.25836130222241666,False,2026-08-07T14:52:58.478914+00:00
1727760,4644,-142.201741,600,0.12,-187.50461877,0.006529051128745777,1.4549220417044126,1.797608767915517,0.0003,5184.557609104253,52.50978396342585,0.1575377803162821,0.05925147246063183,0.8038543891507967,0.18031158670167208,-0.002438352106623499,0.8028838682456833,0.06576642474124035,0.2583613032555208,False,2026-08-07T14:52:59.444863+00:00
1732768,4651,-277.861112,600,0.14,-174.79027426000002,-0.00219641679104825,3.2136930822860448,1.8047812507487833,0.0003,664.9460258211508,401.88525026522507,0.14454747333116277,0.03192567051743157,0.8017502148351907,0.1511991571630146,-0.02643035972368695,0.8028940650979522,0.0587450385711413,0.23373538819239076,False,2026-08-07T14:53:06.976300+00:00
1737776,4666,8.829093,51,0.14,-177.17457254999994,0.0018044488482701127,2.490923389798263,1.783400139119476,0.0003,632.7225290352493,414.4375898860895,0.14460350791596965,0.028178657645048587,0.8017879086769832,0.15119915933026706,-0.02643035850880383,0.8028940650979522,0.05501700505205902,0.2337353893248088,False,2026-08-07T14:53:14.891312+00:00
1742784,4672,-248.060048,600,0.13,-181.62778028,0.0018044488482701127,2.490923389798263,1.783400139119476,0.0003,5238.177093898075,49.10410537658789,0.14460304485388925,0.03469843280895682,0.8018620998947008,0.16363645308272445,-0.014446863681852032,0.8028774618271557,0.0527120646136051,0.24558006137856922,False,2026-08-07T14:53:15.847359+00:00
1747792,4682,-141.35247,600,0.13,-182.71335267999996,0.004869742466689786,2.654888999945251,1.7774620549753308,0.0003,660.4836569628897,381.85350589858837,0.14488469594274966,0.03950495927097154,0.802237851975985,0.16363645531004178,-0.014446864781851866,0.8028774618271557,0.057121247349452696,0.2455800603116712,False,2026-08-07T14:53:23.429689+00:00
1752800,4689,-160.492476,600,0.12,-187.38867418,0.004869742466689786,2.654888999945251,1.7774620549753308,0.0003,4345.486674577679,56.886608684405736,0.17709657543778407,0.09997605922726777,0.8068927265285893,0.14111281737544912,0.11359210880145326,0.8029034295816893,0.038679996644594976,0.3740692307931916,False,2026-08-07T14:53:24.582148+00:00
1757808,4698,-158.208632,600,0.1,-196.40361401,0.0010258350361254998,2.988852428784594,1.7743049296550453,0.0003,676.0410619545586,358.25042830945586,0.17751695067388049,0.10114601223130643,0.8069162315253267,0.1410321805786062,0.11367042432059196,0.8029034295816898,0.03878275295187435,0.37415152570253385,False,2026-08-07T14:53:31.989985+00:00
1762816,4705,-149.460422,600,0.09,-201.42846002000005,0.0014180151440086775,0.864832195249619,1.7808029182255267,0.0003,663.9612598232254,357.22566112237996,0.1766736897265363,0.10012233284344678,0.8067072310969763,0.14638729558919672,0.1217558301699892,0.8028964065778719,0.03741385117754122,0.38199845495780943,False,2026-08-07T14:53:39.532594+00:00
1767824,4715,-277.10939,600,0.1,-199.9633318,0.0014180151440086775,0.864832195249619,1.7808029182255267,0.0003,4622.031074989741,50.23246192703613,0.17704086447326334,0.09970260828754722,0.8069771966096537,0.1460710895791234,0.12175153316306711,0.8028957666215135,0.03823532549760902,0.3820055596687895,False,2026-08-07T14:53:40.616099+00:00
1772832,4725,-358.942192,600,0.11,-195.49994039999999,0.0033277293270657536,1.2262533023022115,1.7839270170778037,0.0003,632.1315633110395,359.3682283639146,0.1766721750160452,0.09898708446946716,0.8067951326945824,0.18538419793217692,0.1255169314164123,0.8277020640103764,0.034883117684101385,0.3863517334157913,False,2026-08-07T14:53:48.538504+00:00
1777840,4736,-244.641745,600,0.12,-195.21390310000007,0.00010268602090945933,1.5633701256534551,1.749206935428083,0.0003,660.5028889234294,336.34977791256034,0.17821244990828883,0.10335502459813536,0.8068352621915462,0.18744250581728078,0.12661806598463132,0.830129222755258,0.03419022704482528,0.38759078945613273,False,2026-08-07T14:53:56.120600+00:00
1782848,4746,-141.320088,600,0.1,-200.53115393999997,0.00010268602090945933,1.5633701256534551,1.749206935428083,0.0003,4832.604384229914,44.93477693076331,0.17431136060892366,0.09169595406022815,0.8071548032571547,0.18668830483858656,0.03652406103835253,0.8028930748921872,0.05670351714610163,0.29772266354752697,False,2026-08-07T14:53:57.156895+00:00
1787856,4755,-131.150416,600,0.09,-199.37525415,0.0006760936099453829,1.2458015086012892,1.7148494170047344,0.0003,666.5183682672761,318.2868021349557,0.17794067345098255,0.10233553878394142,0.8068302130533637,0.18668830402056832,0.036524063384758484,0.8028930748921872,0.06650693491433358,0.29772266581115814,False,2026-08-07T14:54:04.670568+00:00
1792864,4763,-151.586982,600,0.07,-199.59651847,0.0006760936099453829,1.2458015086012892,1.7148494170047344,0.0003,4463.5824456137625,46.40577440292309,0.1432271547500219,-0.009071571743276469,0.8000168710586089,0.14055102901486444,-0.07795336007829258,0.8028931825283413,0.06899373580877649,0.18308260862016482,False,2026-08-07T14:54:05.792541+00:00
1797872,4772,-248.780641,600,0.07,-198.39647993,-0.0030552699841791763,0.7698923634830862,1.7051097431220115,0.0003,673.934560143353,299.9222950623058,0.14295139819626376,-0.014661111103884475,0.8005839238909755,0.140551031458535,-0.0779533605246777,0.8028931825283413,0.06337983332791074,0.18308260791671302,False,2026-08-07T14:54:13.223527+00:00
1802880,4784,-169.861367,600,0.09,-193.93466304999998,-0.0009344762249384076,1.8952773293596692,1.677803811430931,0.0003,264.1306097533802,746.297448008967,0.1450447177347378,0.04004632923496601,0.8021698237892532,0.13363567004697513,-0.00951218183236122,0.8028940184508009,0.05085997292822571,0.2518714452736872,False,2026-08-07T14:54:32.183861+00:00
1807888,4792,-250.703868,600,0.1,-188.37240742000003,-0.0009344762249384076,1.8952773293596692,1.677803811430931,0.0003,4578.663011596477,41.95809988929822,0.1450423776995627,0.04043745575059762,0.8021851097859815,0.13363566994403556,-0.009512179350067382,0.8028940184508009,0.051240429155156815,0.25187144775312,False,2026-08-07T14:54:33.277619+00:00
1812896,4803,-347.624928,600,0.1,-185.18797073,-0.0019365291362191783,2.608015658473596,1.690241104643792,0.0003,684.1587163123868,273.4804008761153,0.14572602845771745,-0.3164031296323001,0.8070198801326129,0.2997982402211131,-0.25047997939867706,0.7928855412630249,0.1681781427821993,0.14012201383497763,False,2026-08-07T14:54:40.597563+00:00
1817904,4808,-253.123562,600,0.1,-185.08094573000002,-0.0019365291362191783,2.608015658473596,1.690241104643792,0.0003,5075.115166893502,35.88017099353071,0.1459834383326094,-0.3550881640356113,0.8117015981746769,0.29979823781311177,-0.25047997878411615,0.7928855412630249,0.18696499393881413,0.14012201147429418,False,2026-08-07T14:54:41.584333+00:00
1822912,4822,-307.782374,600,0.12,-178.91134242,-0.01249778055207571,5.292194585734978,1.7073842307552696,0.0003,637.6645849417826,277.71340008817924,0.14311026797497098,-0.008820450149009534,0.8002126522072235,0.1663822795662412,-0.059924150661977524,0.8029008000774622,0.05621744274329461,0.20017761858108096,False,2026-08-07T14:54:49.437996+00:00
1827920,4827,-177.93469,600,0.1,-180.53571931999994,-0.0048974951881973535,2.491251095477492,1.6651179280132056,0.0003,664.6335406847628,258.90959373297403,0.14356650612493893,-0.00511576917544988,0.7996260288799169,0.16638228176517955,-0.05992414950443249,0.8029008000774622,0.05945790358521294,0.20017761980814647,False,2026-08-07T14:54:56.972973+00:00
1832928,4838,-297.438899,600,0.09,-184.05223474000002,-0.0048974951881973535,2.491251095477492,1.6651179280132056,0.0003,5289.623669225554,31.584855643324197,0.14202144123260554,-0.16310620596309452,0.8019663838035354,0.03581853298246374,-0.06254836925751367,0.792902456912434,0.14653699537789608,0.23325561779621648,False,2026-08-07T14:54:57.919733+00:00
1837936,4844,-244.161066,600,0.08,-189.36946115000003,-0.006499909676495008,2.155465795751661,1.651628091838211,0.0003,677.0815690056655,239.35668524842671,0.14370280338480107,-0.19113849043396067,0.801058234783804,0.035818533509056456,-0.06254836712222371,0.7929024569122449,0.1680504454401726,0.23325561932339697,False,2026-08-07T14:55:05.316186+00:00
1842944,4856,35.159654,24,0.09,-195.66801546000002,-0.006499909676495008,2.155465795751661,1.651628091838211,0.0003,4290.4221351908145,36.60618816777921,0.17651803405193223,0.0986202404887692,0.8068015479550017,0.18817002959984044,0.12821083991781113,0.8033445115840673,0.03198943068090541,0.3892315593542593,False,2026-08-07T14:55:06.483433+00:00
1847952,4864,-253.223381,600,0.1,-196.54518326999997,0.00019038555801671465,1.9474108141614124,1.634612289816141,0.0003,670.3134107617839,226.83120695318277,0.14393572178572359,-0.07011256223518514,0.8779523914267898,0.17929997453390803,0.1033572223486825,0.802902206721382,0.1922886547883851,0.36386942719876786,False,2026-08-07T14:55:13.954568+00:00
1852960,4878,-302.640171,600,0.13,-190.34371960999994,0.00769344588588865,0.329717005477869,1.5984478011727332,0.0003,647.9591681979745,226.92787943556664,0.1772494622343862,0.10038460191611884,0.8069251857044248,0.1878006479156791,0.12588632265762947,0.8287327599308398,0.03517435960610674,0.3868864562617302,False,2026-08-07T14:55:21.683453+00:00
1857968,4886,-146.421465,600,0.12,-193.00299338000002,0.00769344588588865,0.329717005477869,1.5984478011727332,0.0003,4499.119334942344,31.56884479522705,0.14376137376844328,-0.016638325552424345,0.8001847457216147,0.16384360002451037,-0.07577158543671887,0.802879479704918,0.06250839805325487,0.18426850515931528,False,2026-08-07T14:55:22.796557+00:00
1862976,4897,-253.414056,600,0.13,-191.89356698,-0.0033711568747094136,0.6036622687592171,1.5753128707408905,0.0003,654.3467906078064,209.4057798812184,0.1433853109032274,-0.01961424011801098,0.8003948192233445,0.16384359878144986,-0.07577158328527153,0.802879479704918,0.05981941384051153,0.1842685072843659,False,2026-08-07T14:55:30.449995+00:00
1867984,4905,-151.034699,600,0.14,-185.28212526000004,0.00023721657162241173,0.616784124285914,1.5677727627567948,0.0003,687.2960694428007,192.08024877405015,0.14869954016280934,0.024369319878921547,0.801221075557564,0.18351804199550573,-0.010434138762223402,0.8028890230863401,0.04925840894931665,0.2506715328765026,False,2026-08-07T14:55:37.736519+00:00
1872992,4917,-144.884572,600,0.13,-184.07542097999993,0.00023721657162241173,0.616784124285914,1.5677727627567948,0.0003,4434.723951710344,28.63943762520251,0.1475306430567959,0.04477083122719276,0.8021311242305799,0.18351803953591916,-0.010434138420073081,0.8028890230863401,0.06590338223321107,0.250671532986385,False,2026-08-07T14:55:38.865789+00:00
1878000,4924,-143.070244,600,0.13,-183.83926415,-0.0007733014470431953,0.6470104188745609,1.587766268569976,0.0003,650.2901987357822,187.60854805620332,0.14859843374042683,0.04608041603453156,0.8025276750674881,0.1583169602882546,-0.010256728641509337,0.8028970072582515,0.05717044721512269,0.24974894236314998,False,2026-08-07T14:55:46.566971+00:00
1883008,4935,35.164176,23,0.14,-181.11814815000002,-0.0007733014470431953,0.6470104188745609,1.587766268569976,0.0003,5139.058549339803,22.76525921562609,0.15013001922644537,0.04779176034491041,0.8030800542808355,0.15831695883239638,-0.010256726629226554,0.8028970072582515,0.05862325755457909,0.249748944385198,False,2026-08-07T14:55:47.541466+00:00
1888016,4945,-251.393689,600,0.17,-167.98756658,-0.0022216666060558055,1.0447970878798514,1.580452829413116,0.0003,650.7718344097804,172.07874416010068,0.14751673434357673,0.044582445025373924,0.8020888148960233,0.13824250142458505,0.08214091489392104,0.8032876768186891,0.03870513305766935,0.3428320206583809,False,2026-08-07T14:55:55.236953+00:00
1893024,4956,-140.098526,600,0.16,-166.41981199000003,-0.0012391702170134523,0.801740026846528,1.5833202509209514,0.0003,628.3787031918982,170.24128834508096,0.17791069330301892,0.10235735334799438,0.8068759822525075,0.13557792557967757,0.09797135587498947,0.8028782186541776,0.0427467228070142,0.3588034689714832,False,2026-08-07T14:56:03.206664+00:00
1898032,4963,-144.230543,600,0.16,-168.15593965000005,-0.0012391702170134523,0.801740026846528,1.5833202509209514,0.0003,5042.32596523412,20.222413366975875,0.17802369413957847,0.10272479741220153,0.806863341712789,0.1380382732609521,0.10817390131180483,0.8029031465978191,0.040548856475839015,0.36882833276270305,False,2026-08-07T14:56:04.199854+00:00
1903040,4974,-147.298912,600,0.16,-170.37962199999998,-0.019163077438861364,2.2774014609167352,1.5678589010611177,0.0003,693.4205707129834,139.82856017712967,0.1777167261278268,0.1017508653536239,0.8068967766719569,0.13790661696972628,0.1082662976640602,0.8029031465977915,0.04053695512172854,0.3689284260787133,False,2026-08-07T14:56:11.422027+00:00
1908048,4982,-181.624631,600,0.13,-180.47953508999998,-0.019163077438861364,2.2774014609167352,1.5678589010611177,0.0003,4218.34638435476,21.798115095772303,0.17840269996768338,0.10391719937442376,0.8068643244205299,0.14412083621093194,0.05963952440491823,0.8028800350724529,0.056139409018539234,0.32003370666922315,False,2026-08-07T14:56:12.609223+00:00
1913056,4994,-234.288354,600,0.14,-182.35305780000002,0.012751927007775521,1.2010337588610127,1.566510504577309,0.0003,640.8892231556163,135.66151038069313,0.1779625381746925,0.10252416808867489,0.8068709183422067,0.14411944489999418,0.05964028330342287,0.8028800350724532,0.05477508271054912,0.32003453366875384,False,2026-08-07T14:56:20.423369+00:00
1918064,5001,-144.591979,600,0.14,-182.15965426,-0.02977681195479818,1.0988280350051354,1.5145212101750076,0.0003,655.8389798460038,124.93310479843578,0.17709587779880756,0.10031310034278894,0.8066946971347564,0.1385326286020851,0.05164974300607877,0.8028959800594886,0.06220672622238523,0.3123882365750845,False,2026-08-07T14:56:28.059387+00:00
1923072,5012,-148.23386,600,0.13,-187.74104605999997,-0.02977681195479818,1.0988280350051354,1.5145212101750076,0.0003,4311.750115208816,17.841479200905503,0.1777245325049904,0.10179088911496187,0.8068812271590957,0.13853262795600815,0.05164974060693559,0.8028959800594886,0.06376536952237796,0.3123882342260115,False,2026-08-07T14:56:29.220867+00:00
1928080,5024,-243.014725,600,0.15,-188.80010417000003,-0.01051290546238306,1.614900191599736,1.4835832658223809,0.0003,641.8642725738708,112.04861070020512,0.1776159110093415,0.1014399757572334,0.8069101674601762,0.1848933974732204,0.05457715393161389,0.8028862486720368,0.04759493461604125,0.31556055997775456,False,2026-08-07T14:56:37.023141+00:00
1933088,5032,-149.021859,600,0.15,-188.15353503000003,-0.01051290546238306,1.614900191599736,1.4835832658223809,0.0003,4926.291040631614,13.582632339038787,0.17813480719966412,0.10307557533842122,0.8069218080836946,0.18490134967067967,0.05456997665575999,0.8028862486720362,0.0491412753226905,0.3155540325025602,False,2026-08-07T14:56:38.039745+00:00
1938096,5043,33.673922,28,0.13,-196.00494408999998,0.005882042334633297,2.6092847779626025,1.4766087040305138,0.0003,668.2533881885606,92.63551984046595,0.14357209978699212,0.0004342067222839974,0.7996472730453805,0.14978203124937173,-0.04814872876888506,0.802881266712517,0.04908486105456167,0.21209754361526267,False,2026-08-07T14:56:45.533898+00:00
1943104,5051,-299.681608,600,0.13,-196.15705885999995,0.005015993645429262,2.8871275780955328,1.4743716259486974,0.0003,637.5679064174435,89.2391217112922,0.14342210082869122,0.0012341279079748134,0.7998394786501132,0.14978203130038686,-0.04814872628239023,0.8028812667125171,0.049883539150788414,0.21209754609641265,False,2026-08-07T14:56:53.388749+00:00
1948112,5063,27.923927,26,0.14,-192.31146249000005,0.005015993645429262,2.8871275780955328,1.4743716259486974,0.0003,4677.7954448833825,11.092404661848905,0.18207794163534657,-0.0782458169753357,0.8137429544639752,0.18265335778868588,-0.07886537029010111,0.7963697934755297,0.017393725098143957,0.1825456893471999,False,2026-08-07T14:56:54.459331+00:00
1953120,5070,-175.05788,600,0.13,-193.33686177000007,-0.010677799608311033,3.9680617032572627,1.4941382136195898,0.0003,650.6982111732959,72.04568753227258,0.18212795869586312,-0.07826711893330081,0.8109766787681065,0.18440288927371806,-0.07867056324602653,0.7961715171043795,0.014984354785462823,0.18296411024684214,True,2026-08-07T14:57:02.155681+00:00
1958128,5083,-379.061145,600,0.14,-196.67360814999995,0.0007876136347476859,5.298751158872619,1.535504830442369,0.0003,661.7677365726998,63.27295467267022,0.14505068030524332,0.040456886922009994,0.8021858186895949,0.16646879357241806,-0.014138298385862719,0.8028987218961556,0.058650473704041056,0.24594678613651702,False,2026-08-07T14:57:09.723298+00:00
1963136,5091,-139.8095,600,0.13,-202.27231211999998,0.0007876136347476859,5.298751158872619,1.535504830442369,0.0003,4810.320920207352,7.663521958616215,0.14625983667850279,0.04305282235663134,0.8020959508864376,0.16646879441252274,-0.014138296047277893,0.8028987218961556,0.060661935662154845,0.2459467884963889,False,2026-08-07T14:57:10.764386+00:00
1968144,5100,-191.357232,600,0.12,-213.83925326,0.005172587268680218,4.49125631689094,1.5547593316994608,0.0003,663.8681931904274,47.98542892513945,0.17605182175306555,0.0967885612989722,0.8069816146914803,0.1871539704575985,0.12418890638131552,0.8264854974893185,0.03541804710427817,0.3851473145409213,False,2026-08-07T14:57:18.308054+00:00
1973152,5108,-166.458262,600,0.12,-212.45275639000002,0.005172587268680218,4.49125631689094,1.5547593316994608,0.0003,4368.793144565255,6.145404259617718,0.17770083643872878,0.10174274781000597,0.8068771467367528,0.18789786404680456,0.12687041098609214,0.8298238072364423,0.0355236267407863,0.3878749872251649,False,2026-08-07T14:57:19.454367+00:00
1978160,5121,-146.96595,600,0.12,-206.73552682000002,0.0027591812660830327,2.1490947985788806,1.5694499239325523,0.0003,642.8636203251425,33.97299101939216,0.14993914216778123,0.04774998642097382,0.8024255519943962,0.18183379843062125,-0.005687833058504309,0.8028960455527387,0.0622341627487223,0.2552477091148678,False,2026-08-07T14:57:27.244517+00:00
1983168,5129,-145.543771,600,0.12,-211.59613827,-0.015900543640964316,1.581558447453426,1.5457536060363055,0.0003,663.8428483330366,25.355398558960935,0.15021887519119345,-0.1021479111802244,0.8806943193533562,0.1474095243558096,-0.023001167652339494,0.8028828421169896,0.11102578733290146,0.2373330289089604,False,2026-08-07T14:57:34.788467+00:00
1988176,5143,-249.383272,600,0.13,-207.23679484000002,-0.015900543640964316,1.581558447453426,1.5457536060363055,0.0003,4218.650533088523,2.802792008311604,0.14484139269113888,0.037279398649865306,0.8018458959677691,0.14740952290351678,-0.02300116563803058,0.8028828421169896,0.06034415448882567,0.2373330309974768,False,2026-08-07T14:57:35.975579+00:00
1993184,5151,-142.980661,600,0.14,-204.01158382999998,-0.0015771851918543688,1.4680141650838778,1.5369667559862137,0.0003,673.7663337878233,10.116266809713345,0.17449050842956235,0.021617577232349458,0.8027657344230744,0.17898405220432703,-0.017843484410377735,0.802875149159694,0.0397162346303301,0.2428995106635738,False,2026-08-07T14:57:43.408428+00:00
1998192,5165,-159.208287,600,0.15,-205.95254037000004,-0.0015771851918543688,1.4680141650838778,1.5369667559862137,0.0003,5111.060712762325,0.35374261853032224,0.14468594970763338,0.03327264749884276,0.8018336203292721,0.17897321841515346,-0.017821542704286306,0.8028894240577179,0.06154143148683021,0.24292053884997236,False,2026-08-07T14:57:44.388263+00:00
2003200,5170,-154.377422,600,0.15,-205.32507218000003,-5.351800755306613e-05,0.8404129139671568,1.5349624501541257,0.0003,182.15935620385306,-17.567036174737606,0.14490019648572916,0.035652761134461905,0.8018636963654326,0.1421817070893206,-0.058781569435903014,0.802892932836296,0.09447905748145617,0.20200581269094484,False,2026-08-07T14:58:11.880675+00:00
