Continuing from checkpoint: C:/GitHub/HumanoidRobot/simulation/training/pick_place/runs/pp_v24/checkpoints/final.zip
Logging to C:\GitHub\HumanoidRobot\simulation\training\pick_place\runs\pp_v25\logs\pp_v25_1
---------------------------------
| rollout/           |          |
|    ep_len_mean     | 72.1     |
|    ep_rew_mean     | 4.19     |
| time/              |          |
|    fps             | 3830     |
|    iterations      | 1        |
|    time_elapsed    | 2        |
|    total_timesteps | 8192     |
---------------------------------
-----------------------------------------
| rollout/                |             |
|    ep_len_mean          | 118         |
|    ep_rew_mean          | -10.7       |
| time/                   |             |
|    fps                  | 2818        |
|    iterations           | 2           |
|    time_elapsed         | 5           |
|    total_timesteps      | 16384       |
| train/                  |             |
|    approx_kl            | 0.016049974 |
|    clip_fraction        | 0.179       |
|    clip_range           | 0.2         |
|    entropy_loss         | -0.767      |
|    explained_variance   | 0.895       |
|    learning_rate        | 0.0003      |
|    loss                 | 11.2        |
|    n_updates            | 7360        |
|    policy_gradient_loss | -0.00847    |
|    std                  | 0.332       |
|    value_loss           | 26.6        |
-----------------------------------------
-----------------------------------------
| rollout/                |             |
|    ep_len_mean          | 116         |
|    ep_rew_mean          | -11.9       |
| time/                   |             |
|    fps                  | 2683        |
|    iterations           | 3           |
|    time_elapsed         | 9           |
|    total_timesteps      | 24576       |
| train/                  |             |
|    approx_kl            | 0.023825185 |
|    clip_fraction        | 0.226       |
|    clip_range           | 0.2         |
|    entropy_loss         | -0.741      |
|    explained_variance   | 0.941       |
|    learning_rate        | 0.0003      |
|    loss                 | 7.83        |
|    n_updates            | 7370        |
|    policy_gradient_loss | -0.0114     |
|    std                  | 0.329       |
|    value_loss           | 10.3        |
-----------------------------------------
-----------------------------------------
| rollout/                |             |
|    ep_len_mean          | 123         |
|    ep_rew_mean          | -12.4       |
| time/                   |             |
|    fps                  | 2553        |
|    iterations           | 4           |
|    time_elapsed         | 12          |
|    total_timesteps      | 32768       |
| train/                  |             |
|    approx_kl            | 0.047550544 |
|    clip_fraction        | 0.381       |
|    clip_range           | 0.2         |
|    entropy_loss         | -0.741      |
|    explained_variance   | 0.956       |
|    learning_rate        | 0.0003      |
|    loss                 | 3.54        |
|    n_updates            | 7380        |
|    policy_gradient_loss | 0.00507     |
|    std                  | 0.331       |
|    value_loss           | 7.23        |
-----------------------------------------
----------------------------------------
| rollout/                |            |
|    ep_len_mean          | 132        |
|    ep_rew_mean          | -15.5      |
| time/                   |            |
|    fps                  | 2482       |
|    iterations           | 5          |
|    time_elapsed         | 16         |
|    total_timesteps      | 40960      |
| train/                  |            |
|    approx_kl            | 0.03417974 |
|    clip_fraction        | 0.261      |
|    clip_range           | 0.2        |
|    entropy_loss         | -0.761     |
|    explained_variance   | 0.938      |
|    learning_rate        | 0.0003     |
|    loss                 | 5.27       |
|    n_updates            | 7390       |
|    policy_gradient_loss | -0.00772   |
|    std                  | 0.331      |
|    value_loss           | 12.6       |
----------------------------------------
-----------------------------------------
| rollout/                |             |
|    ep_len_mean          | 142         |
|    ep_rew_mean          | -19.3       |
| time/                   |             |
|    fps                  | 2446        |
|    iterations           | 6           |
|    time_elapsed         | 20          |
|    total_timesteps      | 49152       |
| train/                  |             |
|    approx_kl            | 0.041617118 |
|    clip_fraction        | 0.329       |
|    clip_range           | 0.2         |
|    entropy_loss         | -0.759      |
|    explained_variance   | 0.958       |
|    learning_rate        | 0.0003      |
|    loss                 | 1.62        |
|    n_updates            | 7400        |
|    policy_gradient_loss | 0.000519    |
|    std                  | 0.331       |
|    value_loss           | 7.05        |
-----------------------------------------
---------------------------------------
| rollout/                |           |
|    ep_len_mean          | 160       |
|    ep_rew_mean          | -24.7     |
| time/                   |           |
|    fps                  | 2424      |
|    iterations           | 7         |
|    time_elapsed         | 23        |
|    total_timesteps      | 57344     |
| train/                  |           |
|    approx_kl            | 0.0648058 |
|    clip_fraction        | 0.33      |
|    clip_range           | 0.2       |
|    entropy_loss         | -0.76     |
|    explained_variance   | 0.928     |
|    learning_rate        | 0.0003    |
|    loss                 | 2.45      |
|    n_updates            | 7410      |
|    policy_gradient_loss | -0.00185  |
|    std                  | 0.332     |
|    value_loss           | 5.22      |
---------------------------------------
----------------------------------------
| rollout/                |            |
|    ep_len_mean          | 118        |
|    ep_rew_mean          | -12.4      |
| time/                   |            |
|    fps                  | 2419       |
|    iterations           | 8          |
|    time_elapsed         | 27         |
|    total_timesteps      | 65536      |
| train/                  |            |
|    approx_kl            | 0.02320978 |
|    clip_fraction        | 0.212      |
|    clip_range           | 0.2        |
|    entropy_loss         | -0.756     |
|    explained_variance   | 0.944      |
|    learning_rate        | 0.0003     |
|    loss                 | 4.07       |
|    n_updates            | 7420       |
|    policy_gradient_loss | -0.00794   |
|    std                  | 0.332      |
|    value_loss           | 11.9       |
----------------------------------------
-----------------------------------------
| rollout/                |             |
|    ep_len_mean          | 120         |
|    ep_rew_mean          | -12.5       |
| time/                   |             |
|    fps                  | 2394        |
|    iterations           | 9           |
|    time_elapsed         | 30          |
|    total_timesteps      | 73728       |
| train/                  |             |
|    approx_kl            | 0.022252616 |
|    clip_fraction        | 0.211       |
|    clip_range           | 0.2         |
|    entropy_loss         | -0.76       |
|    explained_variance   | 0.951       |
|    learning_rate        | 0.0003      |
|    loss                 | 4.64        |
|    n_updates            | 7430        |
|    policy_gradient_loss | -0.00987    |
|    std                  | 0.332       |
|    value_loss           | 9           |
-----------------------------------------
----------------------------------------
| rollout/                |            |
|    ep_len_mean          | 90.5       |
|    ep_rew_mean          | -0.111     |
| time/                   |            |
|    fps                  | 2369       |
|    iterations           | 10         |
|    time_elapsed         | 34         |
|    total_timesteps      | 81920      |
| train/                  |            |
|    approx_kl            | 0.03429865 |
|    clip_fraction        | 0.237      |
|    clip_range           | 0.2        |
|    entropy_loss         | -0.745     |
|    explained_variance   | 0.954      |
|    learning_rate        | 0.0003     |
|    loss                 | 4.08       |
|    n_updates            | 7440       |
|    policy_gradient_loss | -0.00512   |
|    std                  | 0.329      |
|    value_loss           | 10.1       |
----------------------------------------
----------------------------------------
| rollout/                |            |
|    ep_len_mean          | 115        |
|    ep_rew_mean          | -7.32      |
| time/                   |            |
|    fps                  | 2374       |
|    iterations           | 11         |
|    time_elapsed         | 37         |
|    total_timesteps      | 90112      |
| train/                  |            |
|    approx_kl            | 0.01764603 |
|    clip_fraction        | 0.246      |
|    clip_range           | 0.2        |
|    entropy_loss         | -0.728     |
|    explained_variance   | 0.937      |
|    learning_rate        | 0.0003     |
|    loss                 | 4.33       |
|    n_updates            | 7450       |
|    policy_gradient_loss | -0.00718   |
|    std                  | 0.328      |
|    value_loss           | 10.1       |
----------------------------------------
-----------------------------------------
| rollout/                |             |
|    ep_len_mean          | 128         |
|    ep_rew_mean          | -14         |
| time/                   |             |
|    fps                  | 2377        |
|    iterations           | 12          |
|    time_elapsed         | 41          |
|    total_timesteps      | 98304       |
| train/                  |             |
|    approx_kl            | 0.027108204 |
|    clip_fraction        | 0.266       |
|    clip_range           | 0.2         |
|    entropy_loss         | -0.733      |
|    explained_variance   | 0.961       |
|    learning_rate        | 0.0003      |
|    loss                 | 3.88        |
|    n_updates            | 7460        |
|    policy_gradient_loss | -0.00632    |
|    std                  | 0.33        |
|    value_loss           | 8.28        |
-----------------------------------------
-----------------------------------------
| rollout/                |             |
|    ep_len_mean          | 113         |
|    ep_rew_mean          | -8.68       |
| time/                   |             |
|    fps                  | 2367        |
|    iterations           | 13          |
|    time_elapsed         | 44          |
|    total_timesteps      | 106496      |
| train/                  |             |
|    approx_kl            | 0.025922323 |
|    clip_fraction        | 0.252       |
|    clip_range           | 0.2         |
|    entropy_loss         | -0.753      |
|    explained_variance   | 0.952       |
|    learning_rate        | 0.0003      |
|    loss                 | 2.8         |
|    n_updates            | 7470        |
|    policy_gradient_loss | -0.00469    |
|    std                  | 0.331       |
|    value_loss           | 9.88        |
-----------------------------------------
----------------------------------------
| rollout/                |            |
|    ep_len_mean          | 122        |
|    ep_rew_mean          | -11        |
| time/                   |            |
|    fps                  | 2356       |
|    iterations           | 14         |
|    time_elapsed         | 48         |
|    total_timesteps      | 114688     |
| train/                  |            |
|    approx_kl            | 0.02408251 |
|    clip_fraction        | 0.239      |
|    clip_range           | 0.2        |
|    entropy_loss         | -0.772     |
|    explained_variance   | 0.953      |
|    learning_rate        | 0.0003     |
|    loss                 | 6.67       |
|    n_updates            | 7480       |
|    policy_gradient_loss | -0.00906   |
|    std                  | 0.333      |
|    value_loss           | 10.7       |
----------------------------------------
-----------------------------------------
| rollout/                |             |
|    ep_len_mean          | 117         |
|    ep_rew_mean          | -8.4        |
| time/                   |             |
|    fps                  | 2349        |
|    iterations           | 15          |
|    time_elapsed         | 52          |
|    total_timesteps      | 122880      |
| train/                  |             |
|    approx_kl            | 0.028272811 |
|    clip_fraction        | 0.267       |
|    clip_range           | 0.2         |
|    entropy_loss         | -0.766      |
|    explained_variance   | 0.926       |
|    learning_rate        | 0.0003      |
|    loss                 | 6.26        |
|    n_updates            | 7490        |
|    policy_gradient_loss | -0.00676    |
|    std                  | 0.33        |
|    value_loss           | 16.2        |
-----------------------------------------
-----------------------------------------
| rollout/                |             |
|    ep_len_mean          | 120         |
|    ep_rew_mean          | -11.4       |
| time/                   |             |
|    fps                  | 2352        |
|    iterations           | 16          |
|    time_elapsed         | 55          |
|    total_timesteps      | 131072      |
| train/                  |             |
|    approx_kl            | 0.024597403 |
|    clip_fraction        | 0.262       |
|    clip_range           | 0.2         |
|    entropy_loss         | -0.757      |
|    explained_variance   | 0.918       |
|    learning_rate        | 0.0003      |
|    loss                 | 4.93        |
|    n_updates            | 7500        |
|    policy_gradient_loss | -0.00903    |
|    std                  | 0.331       |
|    value_loss           | 14.3        |
-----------------------------------------
----------------------------------------
| rollout/                |            |
|    ep_len_mean          | 114        |
|    ep_rew_mean          | -11.5      |
| time/                   |            |
|    fps                  | 2358       |
|    iterations           | 17         |
|    time_elapsed         | 59         |
|    total_timesteps      | 139264     |
| train/                  |            |
|    approx_kl            | 0.02422902 |
|    clip_fraction        | 0.268      |
|    clip_range           | 0.2        |
|    entropy_loss         | -0.749     |
|    explained_variance   | 0.944      |
|    learning_rate        | 0.0003     |
|    loss                 | 4.16       |
|    n_updates            | 7510       |
|    policy_gradient_loss | -0.00444   |
|    std                  | 0.329      |
|    value_loss           | 13.5       |
----------------------------------------
----------------------------------------
| rollout/                |            |
|    ep_len_mean          | 144        |
|    ep_rew_mean          | -21.4      |
| time/                   |            |
|    fps                  | 2352       |
|    iterations           | 18         |
|    time_elapsed         | 62         |
|    total_timesteps      | 147456     |
| train/                  |            |
|    approx_kl            | 0.02926208 |
|    clip_fraction        | 0.286      |
|    clip_range           | 0.2        |
|    entropy_loss         | -0.73      |
|    explained_variance   | 0.941      |
|    learning_rate        | 0.0003     |
|    loss                 | 1.98       |
|    n_updates            | 7520       |
|    policy_gradient_loss | -0.00521   |
|    std                  | 0.327      |
|    value_loss           | 7.77       |
----------------------------------------
-----------------------------------------
| rollout/                |             |
|    ep_len_mean          | 166         |
|    ep_rew_mean          | -24.8       |
| time/                   |             |
|    fps                  | 2347        |
|    iterations           | 19          |
|    time_elapsed         | 66          |
|    total_timesteps      | 155648      |
| train/                  |             |
|    approx_kl            | 0.034351684 |
|    clip_fraction        | 0.379       |
|    clip_range           | 0.2         |
|    entropy_loss         | -0.73       |
|    explained_variance   | 0.96        |
|    learning_rate        | 0.0003      |
|    loss                 | 1.78        |
|    n_updates            | 7530        |
|    policy_gradient_loss | -0.000616   |
|    std                  | 0.328       |
|    value_loss           | 5.66        |
-----------------------------------------
----------------------------------------
| rollout/                |            |
|    ep_len_mean          | 110        |
|    ep_rew_mean          | -10.5      |
| time/                   |            |
|    fps                  | 2347       |
|    iterations           | 20         |
|    time_elapsed         | 69         |
|    total_timesteps      | 163840     |
| train/                  |            |
|    approx_kl            | 0.03595241 |
|    clip_fraction        | 0.253      |
|    clip_range           | 0.2        |
|    entropy_loss         | -0.75      |
|    explained_variance   | 0.937      |
|    learning_rate        | 0.0003     |
|    loss                 | 4.32       |
|    n_updates            | 7540       |
|    policy_gradient_loss | -0.00667   |
|    std                  | 0.33       |
|    value_loss           | 11.3       |
----------------------------------------
----------------------------------------
| rollout/                |            |
|    ep_len_mean          | 115        |
|    ep_rew_mean          | -10.1      |
| time/                   |            |
|    fps                  | 2352       |
|    iterations           | 21         |
|    time_elapsed         | 73         |
|    total_timesteps      | 172032     |
| train/                  |            |
|    approx_kl            | 0.02288907 |
|    clip_fraction        | 0.238      |
|    clip_range           | 0.2        |
|    entropy_loss         | -0.768     |
|    explained_variance   | 0.94       |
|    learning_rate        | 0.0003     |
|    loss                 | 4          |
|    n_updates            | 7550       |
|    policy_gradient_loss | -0.00873   |
|    std                  | 0.329      |
|    value_loss           | 13.1       |
----------------------------------------
-----------------------------------------
| rollout/                |             |
|    ep_len_mean          | 147         |
|    ep_rew_mean          | -20.3       |
| time/                   |             |
|    fps                  | 2354        |
|    iterations           | 22          |
|    time_elapsed         | 76          |
|    total_timesteps      | 180224      |
| train/                  |             |
|    approx_kl            | 0.029305644 |
|    clip_fraction        | 0.231       |
|    clip_range           | 0.2         |
|    entropy_loss         | -0.763      |
|    explained_variance   | 0.934       |
|    learning_rate        | 0.0003      |
|    loss                 | 6.15        |
|    n_updates            | 7560        |
|    policy_gradient_loss | -0.00884    |
|    std                  | 0.329       |
|    value_loss           | 16.7        |
-----------------------------------------
-----------------------------------------
| rollout/                |             |
|    ep_len_mean          | 158         |
|    ep_rew_mean          | -24.3       |
| time/                   |             |
|    fps                  | 2348        |
|    iterations           | 23          |
|    time_elapsed         | 80          |
|    total_timesteps      | 188416      |
| train/                  |             |
|    approx_kl            | 0.027827714 |
|    clip_fraction        | 0.283       |
|    clip_range           | 0.2         |
|    entropy_loss         | -0.754      |
|    explained_variance   | 0.958       |
|    learning_rate        | 0.0003      |
|    loss                 | 4.3         |
|    n_updates            | 7570        |
|    policy_gradient_loss | -0.00166    |
|    std                  | 0.328       |
|    value_loss           | 9.74        |
-----------------------------------------
-----------------------------------------
| rollout/                |             |
|    ep_len_mean          | 126         |
|    ep_rew_mean          | -12.9       |
| time/                   |             |
|    fps                  | 2342        |
|    iterations           | 24          |
|    time_elapsed         | 83          |
|    total_timesteps      | 196608      |
| train/                  |             |
|    approx_kl            | 0.027255867 |
|    clip_fraction        | 0.269       |
|    clip_range           | 0.2         |
|    entropy_loss         | -0.741      |
|    explained_variance   | 0.944       |
|    learning_rate        | 0.0003      |
|    loss                 | 3.51        |
|    n_updates            | 7580        |
|    policy_gradient_loss | -0.00264    |
|    std                  | 0.327       |
|    value_loss           | 13          |
-----------------------------------------
[PeriodicArtifactCallback] step 200000: saving checkpoint, evaluating, rendering...
[PeriodicArtifactCallback] step 200000: success_rate=0.40 pick_success_rate=0.60 mean_reward=-148.31 -> C:\GitHub\HumanoidRobot\simulation\training\pick_place\runs\pp_v25\dashboard.html
-----------------------------------------
| rollout/                |             |
|    ep_len_mean          | 124         |
|    ep_rew_mean          | -13         |
| time/                   |             |
|    fps                  | 2125        |
|    iterations           | 25          |
|    time_elapsed         | 96          |
|    total_timesteps      | 204800      |
| train/                  |             |
|    approx_kl            | 0.019710325 |
|    clip_fraction        | 0.216       |
|    clip_range           | 0.2         |
|    entropy_loss         | -0.73       |
|    explained_variance   | 0.936       |
|    learning_rate        | 0.0003      |
|    loss                 | 7.34        |
|    n_updates            | 7590        |
|    policy_gradient_loss | -0.00705    |
|    std                  | 0.327       |
|    value_loss           | 15.3        |
-----------------------------------------
-----------------------------------------
| rollout/                |             |
|    ep_len_mean          | 130         |
|    ep_rew_mean          | -15         |
| time/                   |             |
|    fps                  | 2138        |
|    iterations           | 26          |
|    time_elapsed         | 99          |
|    total_timesteps      | 212992      |
| train/                  |             |
|    approx_kl            | 0.019169545 |
|    clip_fraction        | 0.224       |
|    clip_range           | 0.2         |
|    entropy_loss         | -0.729      |
|    explained_variance   | 0.949       |
|    learning_rate        | 0.0003      |
|    loss                 | 8.29        |
|    n_updates            | 7600        |
|    policy_gradient_loss | -0.00825    |
|    std                  | 0.327       |
|    value_loss           | 14.1        |
-----------------------------------------
---------------------------------------
| rollout/                |           |
|    ep_len_mean          | 121       |
|    ep_rew_mean          | -11.9     |
| time/                   |           |
|    fps                  | 2146      |
|    iterations           | 27        |
|    time_elapsed         | 103       |
|    total_timesteps      | 221184    |
| train/                  |           |
|    approx_kl            | 0.0328916 |
|    clip_fraction        | 0.246     |
|    clip_range           | 0.2       |
|    entropy_loss         | -0.723    |
|    explained_variance   | 0.953     |
|    learning_rate        | 0.0003    |
|    loss                 | 6.4       |
|    n_updates            | 7610      |
|    policy_gradient_loss | -0.00654  |
|    std                  | 0.325     |
|    value_loss           | 12.2      |
---------------------------------------
-----------------------------------------
| rollout/                |             |
|    ep_len_mean          | 126         |
|    ep_rew_mean          | -16.6       |
| time/                   |             |
|    fps                  | 2150        |
|    iterations           | 28          |
|    time_elapsed         | 106         |
|    total_timesteps      | 229376      |
| train/                  |             |
|    approx_kl            | 0.027396843 |
|    clip_fraction        | 0.31        |
|    clip_range           | 0.2         |
|    entropy_loss         | -0.722      |
|    explained_variance   | 0.953       |
|    learning_rate        | 0.0003      |
|    loss                 | 2.53        |
|    n_updates            | 7620        |
|    policy_gradient_loss | -0.00423    |
|    std                  | 0.326       |
|    value_loss           | 12.4        |
-----------------------------------------
-----------------------------------------
| rollout/                |             |
|    ep_len_mean          | 150         |
|    ep_rew_mean          | -21.1       |
| time/                   |             |
|    fps                  | 2153        |
|    iterations           | 29          |
|    time_elapsed         | 110         |
|    total_timesteps      | 237568      |
| train/                  |             |
|    approx_kl            | 0.019816237 |
|    clip_fraction        | 0.223       |
|    clip_range           | 0.2         |
|    entropy_loss         | -0.713      |
|    explained_variance   | 0.948       |
|    learning_rate        | 0.0003      |
|    loss                 | 8.73        |
|    n_updates            | 7630        |
|    policy_gradient_loss | -0.00633    |
|    std                  | 0.324       |
|    value_loss           | 14.5        |
-----------------------------------------
----------------------------------------
| rollout/                |            |
|    ep_len_mean          | 143        |
|    ep_rew_mean          | -19.4      |
| time/                   |            |
|    fps                  | 2157       |
|    iterations           | 30         |
|    time_elapsed         | 113        |
|    total_timesteps      | 245760     |
| train/                  |            |
|    approx_kl            | 0.04891359 |
|    clip_fraction        | 0.369      |
|    clip_range           | 0.2        |
|    entropy_loss         | -0.697     |
|    explained_variance   | 0.958      |
|    learning_rate        | 0.0003     |
|    loss                 | 2.83       |
|    n_updates            | 7640       |
|    policy_gradient_loss | 0.00183    |
|    std                  | 0.323      |
|    value_loss           | 6.9        |
----------------------------------------
-----------------------------------------
| rollout/                |             |
|    ep_len_mean          | 80.2        |
|    ep_rew_mean          | 0.395       |
| time/                   |             |
|    fps                  | 2164        |
|    iterations           | 31          |
|    time_elapsed         | 117         |
|    total_timesteps      | 253952      |
| train/                  |             |
|    approx_kl            | 0.037285484 |
|    clip_fraction        | 0.281       |
|    clip_range           | 0.2         |
|    entropy_loss         | -0.697      |
|    explained_variance   | 0.958       |
|    learning_rate        | 0.0003      |
|    loss                 | 4.79        |
|    n_updates            | 7650        |
|    policy_gradient_loss | -0.00418    |
|    std                  | 0.324       |
|    value_loss           | 8.77        |
-----------------------------------------
--------------------------------------
| rollout/                |          |
|    ep_len_mean          | 101      |
|    ep_rew_mean          | -6.08    |
| time/                   |          |
|    fps                  | 2169     |
|    iterations           | 32       |
|    time_elapsed         | 120      |
|    total_timesteps      | 262144   |
| train/                  |          |
|    approx_kl            | 0.033952 |
|    clip_fraction        | 0.337    |
|    clip_range           | 0.2      |
|    entropy_loss         | -0.689   |
|    explained_variance   | 0.968    |
|    learning_rate        | 0.0003   |
|    loss                 | 3.56     |
|    n_updates            | 7660     |
|    policy_gradient_loss | -0.00286 |
|    std                  | 0.322    |
|    value_loss           | 6.1      |
--------------------------------------
-----------------------------------------
| rollout/                |             |
|    ep_len_mean          | 93          |
|    ep_rew_mean          | -4.74       |
| time/                   |             |
|    fps                  | 2173        |
|    iterations           | 33          |
|    time_elapsed         | 124         |
|    total_timesteps      | 270336      |
| train/                  |             |
|    approx_kl            | 0.017950077 |
|    clip_fraction        | 0.206       |
|    clip_range           | 0.2         |
|    entropy_loss         | -0.673      |
|    explained_variance   | 0.938       |
|    learning_rate        | 0.0003      |
|    loss                 | 6.04        |
|    n_updates            | 7670        |
|    policy_gradient_loss | -0.00834    |
|    std                  | 0.321       |
|    value_loss           | 18.8        |
-----------------------------------------
-----------------------------------------
| rollout/                |             |
|    ep_len_mean          | 138         |
|    ep_rew_mean          | -18.2       |
| time/                   |             |
|    fps                  | 2176        |
|    iterations           | 34          |
|    time_elapsed         | 127         |
|    total_timesteps      | 278528      |
| train/                  |             |
|    approx_kl            | 0.037662428 |
|    clip_fraction        | 0.29        |
|    clip_range           | 0.2         |
|    entropy_loss         | -0.687      |
|    explained_variance   | 0.94        |
|    learning_rate        | 0.0003      |
|    loss                 | 1.29        |
|    n_updates            | 7680        |
|    policy_gradient_loss | 0.00129     |
|    std                  | 0.323       |
|    value_loss           | 4.71        |
-----------------------------------------
-----------------------------------------
| rollout/                |             |
|    ep_len_mean          | 137         |
|    ep_rew_mean          | -16.4       |
| time/                   |             |
|    fps                  | 2179        |
|    iterations           | 35          |
|    time_elapsed         | 131         |
|    total_timesteps      | 286720      |
| train/                  |             |
|    approx_kl            | 0.017671414 |
|    clip_fraction        | 0.213       |
|    clip_range           | 0.2         |
|    entropy_loss         | -0.692      |
|    explained_variance   | 0.925       |
|    learning_rate        | 0.0003      |
|    loss                 | 4.22        |
|    n_updates            | 7690        |
|    policy_gradient_loss | -0.00904    |
|    std                  | 0.32        |
|    value_loss           | 12.7        |
-----------------------------------------
-----------------------------------------
| rollout/                |             |
|    ep_len_mean          | 138         |
|    ep_rew_mean          | -19.3       |
| time/                   |             |
|    fps                  | 2188        |
|    iterations           | 36          |
|    time_elapsed         | 134         |
|    total_timesteps      | 294912      |
| train/                  |             |
|    approx_kl            | 0.025946472 |
|    clip_fraction        | 0.275       |
|    clip_range           | 0.2         |
|    entropy_loss         | -0.679      |
|    explained_variance   | 0.958       |
|    learning_rate        | 0.0003      |
|    loss                 | 4.53        |
|    n_updates            | 7700        |
|    policy_gradient_loss | -0.00466    |
|    std                  | 0.32        |
|    value_loss           | 8.55        |
-----------------------------------------
-----------------------------------------
| rollout/                |             |
|    ep_len_mean          | 151         |
|    ep_rew_mean          | -23.2       |
| time/                   |             |
|    fps                  | 2194        |
|    iterations           | 37          |
|    time_elapsed         | 138         |
|    total_timesteps      | 303104      |
| train/                  |             |
|    approx_kl            | 0.028342765 |
|    clip_fraction        | 0.259       |
|    clip_range           | 0.2         |
|    entropy_loss         | -0.681      |
|    explained_variance   | 0.923       |
|    learning_rate        | 0.0003      |
|    loss                 | 2.31        |
|    n_updates            | 7710        |
|    policy_gradient_loss | -0.00241    |
|    std                  | 0.321       |
|    value_loss           | 9.06        |
-----------------------------------------
-----------------------------------------
| rollout/                |             |
|    ep_len_mean          | 142         |
|    ep_rew_mean          | -19.5       |
| time/                   |             |
|    fps                  | 2198        |
|    iterations           | 38          |
|    time_elapsed         | 141         |
|    total_timesteps      | 311296      |
| train/                  |             |
|    approx_kl            | 0.018810065 |
|    clip_fraction        | 0.221       |
|    clip_range           | 0.2         |
|    entropy_loss         | -0.686      |
|    explained_variance   | 0.96        |
|    learning_rate        | 0.0003      |
|    loss                 | 6.02        |
|    n_updates            | 7720        |
|    policy_gradient_loss | -0.00866    |
|    std                  | 0.32        |
|    value_loss           | 8.48        |
-----------------------------------------
-----------------------------------------
| rollout/                |             |
|    ep_len_mean          | 127         |
|    ep_rew_mean          | -15.6       |
| time/                   |             |
|    fps                  | 2200        |
|    iterations           | 39          |
|    time_elapsed         | 145         |
|    total_timesteps      | 319488      |
| train/                  |             |
|    approx_kl            | 0.025741346 |
|    clip_fraction        | 0.27        |
|    clip_range           | 0.2         |
|    entropy_loss         | -0.701      |
|    explained_variance   | 0.952       |
|    learning_rate        | 0.0003      |
|    loss                 | 3.35        |
|    n_updates            | 7730        |
|    policy_gradient_loss | -0.0034     |
|    std                  | 0.322       |
|    value_loss           | 9.47        |
-----------------------------------------
-----------------------------------------
| rollout/                |             |
|    ep_len_mean          | 129         |
|    ep_rew_mean          | -14.6       |
| time/                   |             |
|    fps                  | 2205        |
|    iterations           | 40          |
|    time_elapsed         | 148         |
|    total_timesteps      | 327680      |
| train/                  |             |
|    approx_kl            | 0.020199709 |
|    clip_fraction        | 0.21        |
|    clip_range           | 0.2         |
|    entropy_loss         | -0.703      |
|    explained_variance   | 0.927       |
|    learning_rate        | 0.0003      |
|    loss                 | 3.93        |
|    n_updates            | 7740        |
|    policy_gradient_loss | -0.00884    |
|    std                  | 0.32        |
|    value_loss           | 12.9        |
-----------------------------------------
----------------------------------------
| rollout/                |            |
|    ep_len_mean          | 136        |
|    ep_rew_mean          | -16        |
| time/                   |            |
|    fps                  | 2213       |
|    iterations           | 41         |
|    time_elapsed         | 151        |
|    total_timesteps      | 335872     |
| train/                  |            |
|    approx_kl            | 0.02205878 |
|    clip_fraction        | 0.2        |
|    clip_range           | 0.2        |
|    entropy_loss         | -0.695     |
|    explained_variance   | 0.946      |
|    learning_rate        | 0.0003     |
|    loss                 | 3.03       |
|    n_updates            | 7750       |
|    policy_gradient_loss | -0.0101    |
|    std                  | 0.32       |
|    value_loss           | 9.33       |
----------------------------------------
-----------------------------------------
| rollout/                |             |
|    ep_len_mean          | 127         |
|    ep_rew_mean          | -15.1       |
| time/                   |             |
|    fps                  | 2219        |
|    iterations           | 42          |
|    time_elapsed         | 155         |
|    total_timesteps      | 344064      |
| train/                  |             |
|    approx_kl            | 0.024765443 |
|    clip_fraction        | 0.277       |
|    clip_range           | 0.2         |
|    entropy_loss         | -0.716      |
|    explained_variance   | 0.941       |
|    learning_rate        | 0.0003      |
|    loss                 | 2.29        |
|    n_updates            | 7760        |
|    policy_gradient_loss | -0.00347    |
|    std                  | 0.322       |
|    value_loss           | 7.83        |
-----------------------------------------
-----------------------------------------
| rollout/                |             |
|    ep_len_mean          | 154         |
|    ep_rew_mean          | -24.7       |
| time/                   |             |
|    fps                  | 2222        |
|    iterations           | 43          |
|    time_elapsed         | 158         |
|    total_timesteps      | 352256      |
| train/                  |             |
|    approx_kl            | 0.016441159 |
|    clip_fraction        | 0.243       |
|    clip_range           | 0.2         |
|    entropy_loss         | -0.718      |
|    explained_variance   | 0.926       |
|    learning_rate        | 0.0003      |
|    loss                 | 6.06        |
|    n_updates            | 7770        |
|    policy_gradient_loss | -0.00915    |
|    std                  | 0.322       |
|    value_loss           | 14.3        |
-----------------------------------------
-----------------------------------------
| rollout/                |             |
|    ep_len_mean          | 167         |
|    ep_rew_mean          | -29.6       |
| time/                   |             |
|    fps                  | 2226        |
|    iterations           | 44          |
|    time_elapsed         | 161         |
|    total_timesteps      | 360448      |
| train/                  |             |
|    approx_kl            | 0.024569884 |
|    clip_fraction        | 0.26        |
|    clip_range           | 0.2         |
|    entropy_loss         | -0.707      |
|    explained_variance   | 0.926       |
|    learning_rate        | 0.0003      |
|    loss                 | 3.17        |
|    n_updates            | 7780        |
|    policy_gradient_loss | -0.00191    |
|    std                  | 0.32        |
|    value_loss           | 7.24        |
-----------------------------------------
-----------------------------------------
| rollout/                |             |
|    ep_len_mean          | 140         |
|    ep_rew_mean          | -20.3       |
| time/                   |             |
|    fps                  | 2228        |
|    iterations           | 45          |
|    time_elapsed         | 165         |
|    total_timesteps      | 368640      |
| train/                  |             |
|    approx_kl            | 0.023169018 |
|    clip_fraction        | 0.263       |
|    clip_range           | 0.2         |
|    entropy_loss         | -0.706      |
|    explained_variance   | 0.95        |
|    learning_rate        | 0.0003      |
|    loss                 | 6.14        |
|    n_updates            | 7790        |
|    policy_gradient_loss | -0.00839    |
|    std                  | 0.32        |
|    value_loss           | 7.17        |
-----------------------------------------
-----------------------------------------
| rollout/                |             |
|    ep_len_mean          | 113         |
|    ep_rew_mean          | -9.92       |
| time/                   |             |
|    fps                  | 2232        |
|    iterations           | 46          |
|    time_elapsed         | 168         |
|    total_timesteps      | 376832      |
| train/                  |             |
|    approx_kl            | 0.024671972 |
|    clip_fraction        | 0.203       |
|    clip_range           | 0.2         |
|    entropy_loss         | -0.71       |
|    explained_variance   | 0.932       |
|    learning_rate        | 0.0003      |
|    loss                 | 2.48        |
|    n_updates            | 7800        |
|    policy_gradient_loss | -0.00989    |
|    std                  | 0.32        |
|    value_loss           | 12.8        |
-----------------------------------------
-----------------------------------------
| rollout/                |             |
|    ep_len_mean          | 152         |
|    ep_rew_mean          | -22.3       |
| time/                   |             |
|    fps                  | 2238        |
|    iterations           | 47          |
|    time_elapsed         | 171         |
|    total_timesteps      | 385024      |
| train/                  |             |
|    approx_kl            | 0.018705297 |
|    clip_fraction        | 0.221       |
|    clip_range           | 0.2         |
|    entropy_loss         | -0.723      |
|    explained_variance   | 0.921       |
|    learning_rate        | 0.0003      |
|    loss                 | 6.77        |
|    n_updates            | 7810        |
|    policy_gradient_loss | -0.00717    |
|    std                  | 0.322       |
|    value_loss           | 16.8        |
-----------------------------------------
----------------------------------------
| rollout/                |            |
|    ep_len_mean          | 152        |
|    ep_rew_mean          | -24.8      |
| time/                   |            |
|    fps                  | 2240       |
|    iterations           | 48         |
|    time_elapsed         | 175        |
|    total_timesteps      | 393216     |
| train/                  |            |
|    approx_kl            | 0.01942353 |
|    clip_fraction        | 0.211      |
|    clip_range           | 0.2        |
|    entropy_loss         | -0.72      |
|    explained_variance   | 0.901      |
|    learning_rate        | 0.0003     |
|    loss                 | 6.49       |
|    n_updates            | 7820       |
|    policy_gradient_loss | -0.0102    |
|    std                  | 0.321      |
|    value_loss           | 13.9       |
----------------------------------------
[PeriodicArtifactCallback] step 400000: running periodic self-monitoring analysis...
[PeriodicArtifactCallback] analysis written to C:\GitHub\HumanoidRobot\simulation\training\pick_place\runs\pp_v25\analysis_400000.md (stalled=False)
[PeriodicArtifactCallback] step 400000: saving checkpoint, evaluating, rendering...
[PeriodicArtifactCallback] step 400000: success_rate=0.50 pick_success_rate=0.70 mean_reward=-123.82 -> C:\GitHub\HumanoidRobot\simulation\training\pick_place\runs\pp_v25\dashboard.html
----------------------------------------
| rollout/                |            |
|    ep_len_mean          | 137        |
|    ep_rew_mean          | -19.7      |
| time/                   |            |
|    fps                  | 2136       |
|    iterations           | 49         |
|    time_elapsed         | 187        |
|    total_timesteps      | 401408     |
| train/                  |            |
|    approx_kl            | 0.02174249 |
|    clip_fraction        | 0.214      |
|    clip_range           | 0.2        |
|    entropy_loss         | -0.702     |
|    explained_variance   | 0.888      |
|    learning_rate        | 0.0003     |
|    loss                 | 8.72       |
|    n_updates            | 7830       |
|    policy_gradient_loss | -0.00604   |
|    std                  | 0.32       |
|    value_loss           | 18.4       |
----------------------------------------
-----------------------------------------
| rollout/                |             |
|    ep_len_mean          | 149         |
|    ep_rew_mean          | -22.4       |
| time/                   |             |
|    fps                  | 2139        |
|    iterations           | 50          |
|    time_elapsed         | 191         |
|    total_timesteps      | 409600      |
| train/                  |             |
|    approx_kl            | 0.023476308 |
|    clip_fraction        | 0.266       |
|    clip_range           | 0.2         |
|    entropy_loss         | -0.694      |
|    explained_variance   | 0.937       |
|    learning_rate        | 0.0003      |
|    loss                 | 2.95        |
|    n_updates            | 7840        |
|    policy_gradient_loss | -0.00818    |
|    std                  | 0.32        |
|    value_loss           | 10.8        |
-----------------------------------------
-----------------------------------------
| rollout/                |             |
|    ep_len_mean          | 128         |
|    ep_rew_mean          | -16.4       |
| time/                   |             |
|    fps                  | 2142        |
|    iterations           | 51          |
|    time_elapsed         | 195         |
|    total_timesteps      | 417792      |
| train/                  |             |
|    approx_kl            | 0.023525953 |
|    clip_fraction        | 0.226       |
|    clip_range           | 0.2         |
|    entropy_loss         | -0.715      |
|    explained_variance   | 0.933       |
|    learning_rate        | 0.0003      |
|    loss                 | 5.4         |
|    n_updates            | 7850        |
|    policy_gradient_loss | -0.00833    |
|    std                  | 0.322       |
|    value_loss           | 9.36        |
-----------------------------------------
-----------------------------------------
| rollout/                |             |
|    ep_len_mean          | 144         |
|    ep_rew_mean          | -22.5       |
| time/                   |             |
|    fps                  | 2147        |
|    iterations           | 52          |
|    time_elapsed         | 198         |
|    total_timesteps      | 425984      |
| train/                  |             |
|    approx_kl            | 0.026327167 |
|    clip_fraction        | 0.254       |
|    clip_range           | 0.2         |
|    entropy_loss         | -0.732      |
|    explained_variance   | 0.936       |
|    learning_rate        | 0.0003      |
|    loss                 | 3.5         |
|    n_updates            | 7860        |
|    policy_gradient_loss | -0.00512    |
|    std                  | 0.324       |
|    value_loss           | 12.1        |
-----------------------------------------
----------------------------------------
| rollout/                |            |
|    ep_len_mean          | 161        |
|    ep_rew_mean          | -28.3      |
| time/                   |            |
|    fps                  | 2154       |
|    iterations           | 53         |
|    time_elapsed         | 201        |
|    total_timesteps      | 434176     |
| train/                  |            |
|    approx_kl            | 0.02436204 |
|    clip_fraction        | 0.218      |
|    clip_range           | 0.2        |
|    entropy_loss         | -0.745     |
|    explained_variance   | 0.913      |
|    learning_rate        | 0.0003     |
|    loss                 | 7.68       |
|    n_updates            | 7870       |
|    policy_gradient_loss | -0.00832   |
|    std                  | 0.326      |
|    value_loss           | 16.8       |
----------------------------------------
-----------------------------------------
| rollout/                |             |
|    ep_len_mean          | 146         |
|    ep_rew_mean          | -22.8       |
| time/                   |             |
|    fps                  | 2156        |
|    iterations           | 54          |
|    time_elapsed         | 205         |
|    total_timesteps      | 442368      |
| train/                  |             |
|    approx_kl            | 0.027926814 |
|    clip_fraction        | 0.297       |
|    clip_range           | 0.2         |
|    entropy_loss         | -0.778      |
|    explained_variance   | 0.909       |
|    learning_rate        | 0.0003      |
|    loss                 | 6.89        |
|    n_updates            | 7880        |
|    policy_gradient_loss | -0.00338    |
|    std                  | 0.329       |
|    value_loss           | 9.69        |
-----------------------------------------
-----------------------------------------
| rollout/                |             |
|    ep_len_mean          | 135         |
|    ep_rew_mean          | -18.5       |
| time/                   |             |
|    fps                  | 2159        |
|    iterations           | 55          |
|    time_elapsed         | 208         |
|    total_timesteps      | 450560      |
| train/                  |             |
|    approx_kl            | 0.021137092 |
|    clip_fraction        | 0.195       |
|    clip_range           | 0.2         |
|    entropy_loss         | -0.809      |
|    explained_variance   | 0.915       |
|    learning_rate        | 0.0003      |
|    loss                 | 10          |
|    n_updates            | 7890        |
|    policy_gradient_loss | -0.00774    |
|    std                  | 0.331       |
|    value_loss           | 21          |
-----------------------------------------
-----------------------------------------
| rollout/                |             |
|    ep_len_mean          | 167         |
|    ep_rew_mean          | -28.4       |
| time/                   |             |
|    fps                  | 2162        |
|    iterations           | 56          |
|    time_elapsed         | 212         |
|    total_timesteps      | 458752      |
| train/                  |             |
|    approx_kl            | 0.026468277 |
|    clip_fraction        | 0.283       |
|    clip_range           | 0.2         |
|    entropy_loss         | -0.815      |
|    explained_variance   | 0.941       |
|    learning_rate        | 0.0003      |
|    loss                 | 10.7        |
|    n_updates            | 7900        |
|    policy_gradient_loss | -0.00779    |
|    std                  | 0.331       |
|    value_loss           | 11.6        |
-----------------------------------------
----------------------------------------
| rollout/                |            |
|    ep_len_mean          | 163        |
|    ep_rew_mean          | -26        |
| time/                   |            |
|    fps                  | 2168       |
|    iterations           | 57         |
|    time_elapsed         | 215        |
|    total_timesteps      | 466944     |
| train/                  |            |
|    approx_kl            | 0.02971879 |
|    clip_fraction        | 0.29       |
|    clip_range           | 0.2        |
|    entropy_loss         | -0.812     |
|    explained_variance   | 0.922      |
|    learning_rate        | 0.0003     |
|    loss                 | 4.7        |
|    n_updates            | 7910       |
|    policy_gradient_loss | -0.00519   |
|    std                  | 0.332      |
|    value_loss           | 14.4       |
----------------------------------------
-----------------------------------------
| rollout/                |             |
|    ep_len_mean          | 179         |
|    ep_rew_mean          | -32.5       |
| time/                   |             |
|    fps                  | 2173        |
|    iterations           | 58          |
|    time_elapsed         | 218         |
|    total_timesteps      | 475136      |
| train/                  |             |
|    approx_kl            | 0.032886088 |
|    clip_fraction        | 0.313       |
|    clip_range           | 0.2         |
|    entropy_loss         | -0.826      |
|    explained_variance   | 0.941       |
|    learning_rate        | 0.0003      |
|    loss                 | 5.37        |
|    n_updates            | 7920        |
|    policy_gradient_loss | -0.00607    |
|    std                  | 0.333       |
|    value_loss           | 9.05        |
-----------------------------------------
-----------------------------------------
| rollout/                |             |
|    ep_len_mean          | 178         |
|    ep_rew_mean          | -33.2       |
| time/                   |             |
|    fps                  | 2177        |
|    iterations           | 59          |
|    time_elapsed         | 221         |
|    total_timesteps      | 483328      |
| train/                  |             |
|    approx_kl            | 0.035955004 |
|    clip_fraction        | 0.322       |
|    clip_range           | 0.2         |
|    entropy_loss         | -0.837      |
|    explained_variance   | 0.942       |
|    learning_rate        | 0.0003      |
|    loss                 | 3.28        |
|    n_updates            | 7930        |
|    policy_gradient_loss | -0.00403    |
|    std                  | 0.332       |
|    value_loss           | 7.33        |
-----------------------------------------
-----------------------------------------
| rollout/                |             |
|    ep_len_mean          | 168         |
|    ep_rew_mean          | -27.1       |
| time/                   |             |
|    fps                  | 2179        |
|    iterations           | 60          |
|    time_elapsed         | 225         |
|    total_timesteps      | 491520      |
| train/                  |             |
|    approx_kl            | 0.032969836 |
|    clip_fraction        | 0.281       |
|    clip_range           | 0.2         |
|    entropy_loss         | -0.851      |
|    explained_variance   | 0.934       |
|    learning_rate        | 0.0003      |
|    loss                 | 6.19        |
|    n_updates            | 7940        |
|    policy_gradient_loss | 0.00273     |
|    std                  | 0.334       |
|    value_loss           | 5.37        |
-----------------------------------------
-----------------------------------------
| rollout/                |             |
|    ep_len_mean          | 160         |
|    ep_rew_mean          | -25.9       |
| time/                   |             |
|    fps                  | 2183        |
|    iterations           | 61          |
|    time_elapsed         | 228         |
|    total_timesteps      | 499712      |
| train/                  |             |
|    approx_kl            | 0.017763793 |
|    clip_fraction        | 0.212       |
|    clip_range           | 0.2         |
|    entropy_loss         | -0.845      |
|    explained_variance   | 0.925       |
|    learning_rate        | 0.0003      |
|    loss                 | 4.58        |
|    n_updates            | 7950        |
|    policy_gradient_loss | -0.00871    |
|    std                  | 0.332       |
|    value_loss           | 14.2        |
-----------------------------------------
-----------------------------------------
| rollout/                |             |
|    ep_len_mean          | 161         |
|    ep_rew_mean          | -28.2       |
| time/                   |             |
|    fps                  | 2188        |
|    iterations           | 62          |
|    time_elapsed         | 232         |
|    total_timesteps      | 507904      |
| train/                  |             |
|    approx_kl            | 0.020894324 |
|    clip_fraction        | 0.195       |
|    clip_range           | 0.2         |
|    entropy_loss         | -0.837      |
|    explained_variance   | 0.916       |
|    learning_rate        | 0.0003      |
|    loss                 | 4.3         |
|    n_updates            | 7960        |
|    policy_gradient_loss | -0.00833    |
|    std                  | 0.332       |
|    value_loss           | 11.9        |
-----------------------------------------
-----------------------------------------
| rollout/                |             |
|    ep_len_mean          | 142         |
|    ep_rew_mean          | -19.3       |
| time/                   |             |
|    fps                  | 2192        |
|    iterations           | 63          |
|    time_elapsed         | 235         |
|    total_timesteps      | 516096      |
| train/                  |             |
|    approx_kl            | 0.025108166 |
|    clip_fraction        | 0.259       |
|    clip_range           | 0.2         |
|    entropy_loss         | -0.833      |
|    explained_variance   | 0.938       |
|    learning_rate        | 0.0003      |
|    loss                 | 5.02        |
|    n_updates            | 7970        |
|    policy_gradient_loss | -0.00766    |
|    std                  | 0.33        |
|    value_loss           | 11.2        |
-----------------------------------------
-----------------------------------------
| rollout/                |             |
|    ep_len_mean          | 153         |
|    ep_rew_mean          | -22.6       |
| time/                   |             |
|    fps                  | 2195        |
|    iterations           | 64          |
|    time_elapsed         | 238         |
|    total_timesteps      | 524288      |
| train/                  |             |
|    approx_kl            | 0.029193655 |
|    clip_fraction        | 0.29        |
|    clip_range           | 0.2         |
|    entropy_loss         | -0.807      |
|    explained_variance   | 0.951       |
|    learning_rate        | 0.0003      |
|    loss                 | 1.22        |
|    n_updates            | 7980        |
|    policy_gradient_loss | -0.00528    |
|    std                  | 0.329       |
|    value_loss           | 6.32        |
-----------------------------------------
-----------------------------------------
| rollout/                |             |
|    ep_len_mean          | 172         |
|    ep_rew_mean          | -27.2       |
| time/                   |             |
|    fps                  | 2197        |
|    iterations           | 65          |
|    time_elapsed         | 242         |
|    total_timesteps      | 532480      |
| train/                  |             |
|    approx_kl            | 0.022935826 |
|    clip_fraction        | 0.236       |
|    clip_range           | 0.2         |
|    entropy_loss         | -0.817      |
|    explained_variance   | 0.949       |
|    learning_rate        | 0.0003      |
|    loss                 | 3.25        |
|    n_updates            | 7990        |
|    policy_gradient_loss | -0.00722    |
|    std                  | 0.33        |
|    value_loss           | 7.68        |
-----------------------------------------
-----------------------------------------
| rollout/                |             |
|    ep_len_mean          | 161         |
|    ep_rew_mean          | -23.7       |
| time/                   |             |
|    fps                  | 2200        |
|    iterations           | 66          |
|    time_elapsed         | 245         |
|    total_timesteps      | 540672      |
| train/                  |             |
|    approx_kl            | 0.020800289 |
|    clip_fraction        | 0.232       |
|    clip_range           | 0.2         |
|    entropy_loss         | -0.817      |
|    explained_variance   | 0.932       |
|    learning_rate        | 0.0003      |
|    loss                 | 7.05        |
|    n_updates            | 8000        |
|    policy_gradient_loss | -0.007      |
|    std                  | 0.33        |
|    value_loss           | 13          |
-----------------------------------------
-----------------------------------------
| rollout/                |             |
|    ep_len_mean          | 164         |
|    ep_rew_mean          | -25.1       |
| time/                   |             |
|    fps                  | 2204        |
|    iterations           | 67          |
|    time_elapsed         | 249         |
|    total_timesteps      | 548864      |
| train/                  |             |
|    approx_kl            | 0.038116638 |
|    clip_fraction        | 0.3         |
|    clip_range           | 0.2         |
|    entropy_loss         | -0.811      |
|    explained_variance   | 0.948       |
|    learning_rate        | 0.0003      |
|    loss                 | 1.55        |
|    n_updates            | 8010        |
|    policy_gradient_loss | -0.0039     |
|    std                  | 0.329       |
|    value_loss           | 5           |
-----------------------------------------
-----------------------------------------
| rollout/                |             |
|    ep_len_mean          | 145         |
|    ep_rew_mean          | -19.9       |
| time/                   |             |
|    fps                  | 2207        |
|    iterations           | 68          |
|    time_elapsed         | 252         |
|    total_timesteps      | 557056      |
| train/                  |             |
|    approx_kl            | 0.024685364 |
|    clip_fraction        | 0.245       |
|    clip_range           | 0.2         |
|    entropy_loss         | -0.795      |
|    explained_variance   | 0.947       |
|    learning_rate        | 0.0003      |
|    loss                 | 2.78        |
|    n_updates            | 8020        |
|    policy_gradient_loss | -0.00692    |
|    std                  | 0.327       |
|    value_loss           | 9.62        |
-----------------------------------------
-----------------------------------------
| rollout/                |             |
|    ep_len_mean          | 156         |
|    ep_rew_mean          | -22.1       |
| time/                   |             |
|    fps                  | 2208        |
|    iterations           | 69          |
|    time_elapsed         | 255         |
|    total_timesteps      | 565248      |
| train/                  |             |
|    approx_kl            | 0.018027302 |
|    clip_fraction        | 0.236       |
|    clip_range           | 0.2         |
|    entropy_loss         | -0.793      |
|    explained_variance   | 0.936       |
|    learning_rate        | 0.0003      |
|    loss                 | 4.57        |
|    n_updates            | 8030        |
|    policy_gradient_loss | -0.00759    |
|    std                  | 0.327       |
|    value_loss           | 11.8        |
-----------------------------------------
-----------------------------------------
| rollout/                |             |
|    ep_len_mean          | 149         |
|    ep_rew_mean          | -22.2       |
| time/                   |             |
|    fps                  | 2209        |
|    iterations           | 70          |
|    time_elapsed         | 259         |
|    total_timesteps      | 573440      |
| train/                  |             |
|    approx_kl            | 0.041447684 |
|    clip_fraction        | 0.335       |
|    clip_range           | 0.2         |
|    entropy_loss         | -0.791      |
|    explained_variance   | 0.96        |
|    learning_rate        | 0.0003      |
|    loss                 | 1.48        |
|    n_updates            | 8040        |
|    policy_gradient_loss | 0.00236     |
|    std                  | 0.327       |
|    value_loss           | 5.31        |
-----------------------------------------
-----------------------------------------
| rollout/                |             |
|    ep_len_mean          | 118         |
|    ep_rew_mean          | -12.7       |
| time/                   |             |
|    fps                  | 2211        |
|    iterations           | 71          |
|    time_elapsed         | 263         |
|    total_timesteps      | 581632      |
| train/                  |             |
|    approx_kl            | 0.015319872 |
|    clip_fraction        | 0.2         |
|    clip_range           | 0.2         |
|    entropy_loss         | -0.79       |
|    explained_variance   | 0.925       |
|    learning_rate        | 0.0003      |
|    loss                 | 9.97        |
|    n_updates            | 8050        |
|    policy_gradient_loss | -0.0083     |
|    std                  | 0.327       |
|    value_loss           | 14.7        |
-----------------------------------------
-----------------------------------------
| rollout/                |             |
|    ep_len_mean          | 168         |
|    ep_rew_mean          | -28.7       |
| time/                   |             |
|    fps                  | 2216        |
|    iterations           | 72          |
|    time_elapsed         | 266         |
|    total_timesteps      | 589824      |
| train/                  |             |
|    approx_kl            | 0.017367745 |
|    clip_fraction        | 0.193       |
|    clip_range           | 0.2         |
|    entropy_loss         | -0.783      |
|    explained_variance   | 0.926       |
|    learning_rate        | 0.0003      |
|    loss                 | 8.58        |
|    n_updates            | 8060        |
|    policy_gradient_loss | -0.00918    |
|    std                  | 0.326       |
|    value_loss           | 16.1        |
-----------------------------------------
-----------------------------------------
| rollout/                |             |
|    ep_len_mean          | 178         |
|    ep_rew_mean          | -34         |
| time/                   |             |
|    fps                  | 2220        |
|    iterations           | 73          |
|    time_elapsed         | 269         |
|    total_timesteps      | 598016      |
| train/                  |             |
|    approx_kl            | 0.025175937 |
|    clip_fraction        | 0.209       |
|    clip_range           | 0.2         |
|    entropy_loss         | -0.775      |
|    explained_variance   | 0.861       |
|    learning_rate        | 0.0003      |
|    loss                 | 8.41        |
|    n_updates            | 8070        |
|    policy_gradient_loss | -0.00887    |
|    std                  | 0.326       |
|    value_loss           | 13.4        |
-----------------------------------------
[PeriodicArtifactCallback] step 600000: saving checkpoint, evaluating, rendering...
[PeriodicArtifactCallback] step 600000: success_rate=0.40 pick_success_rate=0.60 mean_reward=-124.44 -> C:\GitHub\HumanoidRobot\simulation\training\pick_place\runs\pp_v25\dashboard.html
-----------------------------------------
| rollout/                |             |
|    ep_len_mean          | 143         |
|    ep_rew_mean          | -19.9       |
| time/                   |             |
|    fps                  | 2173        |
|    iterations           | 74          |
|    time_elapsed         | 278         |
|    total_timesteps      | 606208      |
| train/                  |             |
|    approx_kl            | 0.019312782 |
|    clip_fraction        | 0.218       |
|    clip_range           | 0.2         |
|    entropy_loss         | -0.773      |
|    explained_variance   | 0.917       |
|    learning_rate        | 0.0003      |
|    loss                 | 11.2        |
|    n_updates            | 8080        |
|    policy_gradient_loss | -0.00824    |
|    std                  | 0.327       |
|    value_loss           | 15.1        |
-----------------------------------------
-----------------------------------------
| rollout/                |             |
|    ep_len_mean          | 181         |
|    ep_rew_mean          | -32.3       |
| time/                   |             |
|    fps                  | 2178        |
|    iterations           | 75          |
|    time_elapsed         | 282         |
|    total_timesteps      | 614400      |
| train/                  |             |
|    approx_kl            | 0.023043633 |
|    clip_fraction        | 0.263       |
|    clip_range           | 0.2         |
|    entropy_loss         | -0.763      |
|    explained_variance   | 0.917       |
|    learning_rate        | 0.0003      |
|    loss                 | 9.16        |
|    n_updates            | 8090        |
|    policy_gradient_loss | -0.00784    |
|    std                  | 0.325       |
|    value_loss           | 15.1        |
-----------------------------------------
-----------------------------------------
| rollout/                |             |
|    ep_len_mean          | 195         |
|    ep_rew_mean          | -38.1       |
| time/                   |             |
|    fps                  | 2181        |
|    iterations           | 76          |
|    time_elapsed         | 285         |
|    total_timesteps      | 622592      |
| train/                  |             |
|    approx_kl            | 0.034794144 |
|    clip_fraction        | 0.279       |
|    clip_range           | 0.2         |
|    entropy_loss         | -0.752      |
|    explained_variance   | 0.926       |
|    learning_rate        | 0.0003      |
|    loss                 | 3.23        |
|    n_updates            | 8100        |
|    policy_gradient_loss | -0.00779    |
|    std                  | 0.324       |
|    value_loss           | 9.56        |
-----------------------------------------
-----------------------------------------
| rollout/                |             |
|    ep_len_mean          | 170         |
|    ep_rew_mean          | -26.8       |
| time/                   |             |
|    fps                  | 2181        |
|    iterations           | 77          |
|    time_elapsed         | 289         |
|    total_timesteps      | 630784      |
| train/                  |             |
|    approx_kl            | 0.039067578 |
|    clip_fraction        | 0.342       |
|    clip_range           | 0.2         |
|    entropy_loss         | -0.743      |
|    explained_variance   | 0.953       |
|    learning_rate        | 0.0003      |
|    loss                 | 1.83        |
|    n_updates            | 8110        |
|    policy_gradient_loss | -0.00228    |
|    std                  | 0.324       |
|    value_loss           | 5.09        |
-----------------------------------------
-----------------------------------------
| rollout/                |             |
|    ep_len_mean          | 127         |
|    ep_rew_mean          | -15.8       |
| time/                   |             |
|    fps                  | 2182        |
|    iterations           | 78          |
|    time_elapsed         | 292         |
|    total_timesteps      | 638976      |
| train/                  |             |
|    approx_kl            | 0.019473627 |
|    clip_fraction        | 0.229       |
|    clip_range           | 0.2         |
|    entropy_loss         | -0.726      |
|    explained_variance   | 0.94        |
|    learning_rate        | 0.0003      |
|    loss                 | 6.32        |
|    n_updates            | 8120        |
|    policy_gradient_loss | -0.00787    |
|    std                  | 0.322       |
|    value_loss           | 13          |
-----------------------------------------
-----------------------------------------
| rollout/                |             |
|    ep_len_mean          | 115         |
|    ep_rew_mean          | -12.1       |
| time/                   |             |
|    fps                  | 2187        |
|    iterations           | 79          |
|    time_elapsed         | 295         |
|    total_timesteps      | 647168      |
| train/                  |             |
|    approx_kl            | 0.018008756 |
|    clip_fraction        | 0.199       |
|    clip_range           | 0.2         |
|    entropy_loss         | -0.713      |
|    explained_variance   | 0.926       |
|    learning_rate        | 0.0003      |
|    loss                 | 8.04        |
|    n_updates            | 8130        |
|    policy_gradient_loss | -0.00883    |
|    std                  | 0.322       |
|    value_loss           | 19          |
-----------------------------------------
-----------------------------------------
| rollout/                |             |
|    ep_len_mean          | 148         |
|    ep_rew_mean          | -22.2       |
| time/                   |             |
|    fps                  | 2191        |
|    iterations           | 80          |
|    time_elapsed         | 299         |
|    total_timesteps      | 655360      |
| train/                  |             |
|    approx_kl            | 0.027154211 |
|    clip_fraction        | 0.224       |
|    clip_range           | 0.2         |
|    entropy_loss         | -0.695      |
|    explained_variance   | 0.934       |
|    learning_rate        | 0.0003      |
|    loss                 | 5.29        |
|    n_updates            | 8140        |
|    policy_gradient_loss | -0.00793    |
|    std                  | 0.32        |
|    value_loss           | 9.94        |
-----------------------------------------
-----------------------------------------
| rollout/                |             |
|    ep_len_mean          | 181         |
|    ep_rew_mean          | -31.7       |
| time/                   |             |
|    fps                  | 2191        |
|    iterations           | 81          |
|    time_elapsed         | 302         |
|    total_timesteps      | 663552      |
| train/                  |             |
|    approx_kl            | 0.032671906 |
|    clip_fraction        | 0.244       |
|    clip_range           | 0.2         |
|    entropy_loss         | -0.674      |
|    explained_variance   | 0.938       |
|    learning_rate        | 0.0003      |
|    loss                 | 5.6         |
|    n_updates            | 8150        |
|    policy_gradient_loss | -0.00461    |
|    std                  | 0.318       |
|    value_loss           | 7.93        |
-----------------------------------------
----------------------------------------
| rollout/                |            |
|    ep_len_mean          | 181        |
|    ep_rew_mean          | -32.1      |
| time/                   |            |
|    fps                  | 2191       |
|    iterations           | 82         |
|    time_elapsed         | 306        |
|    total_timesteps      | 671744     |
| train/                  |            |
|    approx_kl            | 0.03725148 |
|    clip_fraction        | 0.379      |
|    clip_range           | 0.2        |
|    entropy_loss         | -0.686     |
|    explained_variance   | 0.965      |
|    learning_rate        | 0.0003     |
|    loss                 | 0.998      |
|    n_updates            | 8160       |
|    policy_gradient_loss | 0.00198    |
|    std                  | 0.319      |
|    value_loss           | 2.43       |
----------------------------------------
-----------------------------------------
| rollout/                |             |
|    ep_len_mean          | 137         |
|    ep_rew_mean          | -20.1       |
| time/                   |             |
|    fps                  | 2192        |
|    iterations           | 83          |
|    time_elapsed         | 310         |
|    total_timesteps      | 679936      |
| train/                  |             |
|    approx_kl            | 0.015942166 |
|    clip_fraction        | 0.167       |
|    clip_range           | 0.2         |
|    entropy_loss         | -0.682      |
|    explained_variance   | 0.924       |
|    learning_rate        | 0.0003      |
|    loss                 | 4.49        |
|    n_updates            | 8170        |
|    policy_gradient_loss | -0.00986    |
|    std                  | 0.318       |
|    value_loss           | 15.6        |
-----------------------------------------
-----------------------------------------
| rollout/                |             |
|    ep_len_mean          | 164         |
|    ep_rew_mean          | -29.1       |
| time/                   |             |
|    fps                  | 2196        |
|    iterations           | 84          |
|    time_elapsed         | 313         |
|    total_timesteps      | 688128      |
| train/                  |             |
|    approx_kl            | 0.024189748 |
|    clip_fraction        | 0.215       |
|    clip_range           | 0.2         |
|    entropy_loss         | -0.658      |
|    explained_variance   | 0.936       |
|    learning_rate        | 0.0003      |
|    loss                 | 2.33        |
|    n_updates            | 8180        |
|    policy_gradient_loss | -0.00951    |
|    std                  | 0.316       |
|    value_loss           | 9.75        |
-----------------------------------------
----------------------------------------
| rollout/                |            |
|    ep_len_mean          | 201        |
|    ep_rew_mean          | -39.2      |
| time/                   |            |
|    fps                  | 2200       |
|    iterations           | 85         |
|    time_elapsed         | 316        |
|    total_timesteps      | 696320     |
| train/                  |            |
|    approx_kl            | 0.07030307 |
|    clip_fraction        | 0.328      |
|    clip_range           | 0.2        |
|    entropy_loss         | -0.646     |
|    explained_variance   | 0.953      |
|    learning_rate        | 0.0003     |
|    loss                 | 0.574      |
|    n_updates            | 8190       |
|    policy_gradient_loss | -0.00478   |
|    std                  | 0.316      |
|    value_loss           | 4.1        |
----------------------------------------
---------------------------------------
| rollout/                |           |
|    ep_len_mean          | 199       |
|    ep_rew_mean          | -37.6     |
| time/                   |           |
|    fps                  | 2201      |
|    iterations           | 86        |
|    time_elapsed         | 319       |
|    total_timesteps      | 704512    |
| train/                  |           |
|    approx_kl            | 0.0329217 |
|    clip_fraction        | 0.323     |
|    clip_range           | 0.2       |
|    entropy_loss         | -0.664    |
|    explained_variance   | 0.964     |
|    learning_rate        | 0.0003    |
|    loss                 | 0.445     |
|    n_updates            | 8200      |
|    policy_gradient_loss | -0.00143  |
|    std                  | 0.317     |
|    value_loss           | 2.49      |
---------------------------------------
-----------------------------------------
| rollout/                |             |
|    ep_len_mean          | 166         |
|    ep_rew_mean          | -27.4       |
| time/                   |             |
|    fps                  | 2202        |
|    iterations           | 87          |
|    time_elapsed         | 323         |
|    total_timesteps      | 712704      |
| train/                  |             |
|    approx_kl            | 0.016587652 |
|    clip_fraction        | 0.228       |
|    clip_range           | 0.2         |
|    entropy_loss         | -0.669      |
|    explained_variance   | 0.95        |
|    learning_rate        | 0.0003      |
|    loss                 | 4.87        |
|    n_updates            | 8210        |
|    policy_gradient_loss | -0.00788    |
|    std                  | 0.318       |
|    value_loss           | 10.1        |
-----------------------------------------
----------------------------------------
| rollout/                |            |
|    ep_len_mean          | 137        |
|    ep_rew_mean          | -19.9      |
| time/                   |            |
|    fps                  | 2205       |
|    iterations           | 88         |
|    time_elapsed         | 326        |
|    total_timesteps      | 720896     |
| train/                  |            |
|    approx_kl            | 0.01827323 |
|    clip_fraction        | 0.209      |
|    clip_range           | 0.2        |
|    entropy_loss         | -0.668     |
|    explained_variance   | 0.939      |
|    learning_rate        | 0.0003     |
|    loss                 | 2.93       |
|    n_updates            | 8220       |
|    policy_gradient_loss | -0.00639   |
|    std                  | 0.318      |
|    value_loss           | 9.8        |
----------------------------------------
-----------------------------------------
| rollout/                |             |
|    ep_len_mean          | 113         |
|    ep_rew_mean          | -9.17       |
| time/                   |             |
|    fps                  | 2207        |
|    iterations           | 89          |
|    time_elapsed         | 330         |
|    total_timesteps      | 729088      |
| train/                  |             |
|    approx_kl            | 0.020191781 |
|    clip_fraction        | 0.176       |
|    clip_range           | 0.2         |
|    entropy_loss         | -0.678      |
|    explained_variance   | 0.936       |
|    learning_rate        | 0.0003      |
|    loss                 | 3.15        |
|    n_updates            | 8230        |
|    policy_gradient_loss | -0.0094     |
|    std                  | 0.32        |
|    value_loss           | 11.8        |
-----------------------------------------
-----------------------------------------
| rollout/                |             |
|    ep_len_mean          | 132         |
|    ep_rew_mean          | -15.3       |
| time/                   |             |
|    fps                  | 2209        |
|    iterations           | 90          |
|    time_elapsed         | 333         |
|    total_timesteps      | 737280      |
| train/                  |             |
|    approx_kl            | 0.021708116 |
|    clip_fraction        | 0.237       |
|    clip_range           | 0.2         |
|    entropy_loss         | -0.671      |
|    explained_variance   | 0.963       |
|    learning_rate        | 0.0003      |
|    loss                 | 5.29        |
|    n_updates            | 8240        |
|    policy_gradient_loss | -0.0052     |
|    std                  | 0.317       |
|    value_loss           | 8.27        |
-----------------------------------------
-----------------------------------------
| rollout/                |             |
|    ep_len_mean          | 164         |
|    ep_rew_mean          | -25.4       |
| time/                   |             |
|    fps                  | 2211        |
|    iterations           | 91          |
|    time_elapsed         | 337         |
|    total_timesteps      | 745472      |
| train/                  |             |
|    approx_kl            | 0.019075342 |
|    clip_fraction        | 0.199       |
|    clip_range           | 0.2         |
|    entropy_loss         | -0.656      |
|    explained_variance   | 0.943       |
|    learning_rate        | 0.0003      |
|    loss                 | 4.21        |
|    n_updates            | 8250        |
|    policy_gradient_loss | -0.00998    |
|    std                  | 0.317       |
|    value_loss           | 11.6        |
-----------------------------------------
-----------------------------------------
| rollout/                |             |
|    ep_len_mean          | 127         |
|    ep_rew_mean          | -14.8       |
| time/                   |             |
|    fps                  | 2211        |
|    iterations           | 92          |
|    time_elapsed         | 340         |
|    total_timesteps      | 753664      |
| train/                  |             |
|    approx_kl            | 0.018043391 |
|    clip_fraction        | 0.203       |
|    clip_range           | 0.2         |
|    entropy_loss         | -0.651      |
|    explained_variance   | 0.924       |
|    learning_rate        | 0.0003      |
|    loss                 | 9.85        |
|    n_updates            | 8260        |
|    policy_gradient_loss | -0.0104     |
|    std                  | 0.316       |
|    value_loss           | 18.4        |
-----------------------------------------
-----------------------------------------
| rollout/                |             |
|    ep_len_mean          | 123         |
|    ep_rew_mean          | -13.5       |
| time/                   |             |
|    fps                  | 2214        |
|    iterations           | 93          |
|    time_elapsed         | 344         |
|    total_timesteps      | 761856      |
| train/                  |             |
|    approx_kl            | 0.032924756 |
|    clip_fraction        | 0.271       |
|    clip_range           | 0.2         |
|    entropy_loss         | -0.653      |
|    explained_variance   | 0.962       |
|    learning_rate        | 0.0003      |
|    loss                 | 2.79        |
|    n_updates            | 8270        |
|    policy_gradient_loss | -0.00575    |
|    std                  | 0.317       |
|    value_loss           | 9.52        |
-----------------------------------------
----------------------------------------
| rollout/                |            |
|    ep_len_mean          | 158        |
|    ep_rew_mean          | -23.3      |
| time/                   |            |
|    fps                  | 2217       |
|    iterations           | 94         |
|    time_elapsed         | 347        |
|    total_timesteps      | 770048     |
| train/                  |            |
|    approx_kl            | 0.02439312 |
|    clip_fraction        | 0.242      |
|    clip_range           | 0.2        |
|    entropy_loss         | -0.679     |
|    explained_variance   | 0.932      |
|    learning_rate        | 0.0003     |
|    loss                 | 5.1        |
|    n_updates            | 8280       |
|    policy_gradient_loss | -0.00718   |
|    std                  | 0.319      |
|    value_loss           | 9.09       |
----------------------------------------
-----------------------------------------
| rollout/                |             |
|    ep_len_mean          | 181         |
|    ep_rew_mean          | -29.3       |
| time/                   |             |
|    fps                  | 2220        |
|    iterations           | 95          |
|    time_elapsed         | 350         |
|    total_timesteps      | 778240      |
| train/                  |             |
|    approx_kl            | 0.020718616 |
|    clip_fraction        | 0.264       |
|    clip_range           | 0.2         |
|    entropy_loss         | -0.703      |
|    explained_variance   | 0.95        |
|    learning_rate        | 0.0003      |
|    loss                 | 2.77        |
|    n_updates            | 8290        |
|    policy_gradient_loss | -0.00616    |
|    std                  | 0.321       |
|    value_loss           | 6.85        |
-----------------------------------------
-----------------------------------------
| rollout/                |             |
|    ep_len_mean          | 215         |
|    ep_rew_mean          | -41.1       |
| time/                   |             |
|    fps                  | 2221        |
|    iterations           | 96          |
|    time_elapsed         | 354         |
|    total_timesteps      | 786432      |
| train/                  |             |
|    approx_kl            | 0.031657122 |
|    clip_fraction        | 0.309       |
|    clip_range           | 0.2         |
|    entropy_loss         | -0.703      |
|    explained_variance   | 0.951       |
|    learning_rate        | 0.0003      |
|    loss                 | 1.49        |
|    n_updates            | 8300        |
|    policy_gradient_loss | -0.00159    |
|    std                  | 0.318       |
|    value_loss           | 7.67        |
-----------------------------------------
-----------------------------------------
| rollout/                |             |
|    ep_len_mean          | 200         |
|    ep_rew_mean          | -38.4       |
| time/                   |             |
|    fps                  | 2221        |
|    iterations           | 97          |
|    time_elapsed         | 357         |
|    total_timesteps      | 794624      |
| train/                  |             |
|    approx_kl            | 0.030252047 |
|    clip_fraction        | 0.285       |
|    clip_range           | 0.2         |
|    entropy_loss         | -0.688      |
|    explained_variance   | 0.918       |
|    learning_rate        | 0.0003      |
|    loss                 | 1.77        |
|    n_updates            | 8310        |
|    policy_gradient_loss | -0.00442    |
|    std                  | 0.317       |
|    value_loss           | 5.11        |
-----------------------------------------
[PeriodicArtifactCallback] step 800000: running periodic self-monitoring analysis...
[PeriodicArtifactCallback] analysis written to C:\GitHub\HumanoidRobot\simulation\training\pick_place\runs\pp_v25\analysis_800000.md (stalled=False)
[PeriodicArtifactCallback] step 800000: saving checkpoint, evaluating, rendering...
[PeriodicArtifactCallback] step 800000: success_rate=0.40 pick_success_rate=0.60 mean_reward=-126.17 -> C:\GitHub\HumanoidRobot\simulation\training\pick_place\runs\pp_v25\dashboard.html
-----------------------------------------
| rollout/                |             |
|    ep_len_mean          | 193         |
|    ep_rew_mean          | -37.5       |
| time/                   |             |
|    fps                  | 2175        |
|    iterations           | 98          |
|    time_elapsed         | 369         |
|    total_timesteps      | 802816      |
| train/                  |             |
|    approx_kl            | 0.021422088 |
|    clip_fraction        | 0.316       |
|    clip_range           | 0.2         |
|    entropy_loss         | -0.693      |
|    explained_variance   | 0.953       |
|    learning_rate        | 0.0003      |
|    loss                 | 1.5         |
|    n_updates            | 8320        |
|    policy_gradient_loss | -0.000894   |
|    std                  | 0.319       |
|    value_loss           | 2.99        |
-----------------------------------------
-----------------------------------------
| rollout/                |             |
|    ep_len_mean          | 166         |
|    ep_rew_mean          | -28.6       |
| time/                   |             |
|    fps                  | 2178        |
|    iterations           | 99          |
|    time_elapsed         | 372         |
|    total_timesteps      | 811008      |
| train/                  |             |
|    approx_kl            | 0.016702259 |
|    clip_fraction        | 0.174       |
|    clip_range           | 0.2         |
|    entropy_loss         | -0.684      |
|    explained_variance   | 0.918       |
|    learning_rate        | 0.0003      |
|    loss                 | 5.11        |
|    n_updates            | 8330        |
|    policy_gradient_loss | -0.0129     |
|    std                  | 0.316       |
|    value_loss           | 13.7        |
-----------------------------------------
----------------------------------------
| rollout/                |            |
|    ep_len_mean          | 145        |
|    ep_rew_mean          | -19.7      |
| time/                   |            |
|    fps                  | 2181       |
|    iterations           | 100        |
|    time_elapsed         | 375        |
|    total_timesteps      | 819200     |
| train/                  |            |
|    approx_kl            | 0.03217883 |
|    clip_fraction        | 0.253      |
|    clip_range           | 0.2        |
|    entropy_loss         | -0.679     |
|    explained_variance   | 0.934      |
|    learning_rate        | 0.0003     |
|    loss                 | 5.56       |
|    n_updates            | 8340       |
|    policy_gradient_loss | -0.0079    |
|    std                  | 0.317      |
|    value_loss           | 8.07       |
----------------------------------------
-----------------------------------------
| rollout/                |             |
|    ep_len_mean          | 136         |
|    ep_rew_mean          | -17.1       |
| time/                   |             |
|    fps                  | 2183        |
|    iterations           | 101         |
|    time_elapsed         | 378         |
|    total_timesteps      | 827392      |
| train/                  |             |
|    approx_kl            | 0.025258679 |
|    clip_fraction        | 0.226       |
|    clip_range           | 0.2         |
|    entropy_loss         | -0.677      |
|    explained_variance   | 0.925       |
|    learning_rate        | 0.0003      |
|    loss                 | 8.76        |
|    n_updates            | 8350        |
|    policy_gradient_loss | -0.00751    |
|    std                  | 0.316       |
|    value_loss           | 15.8        |
-----------------------------------------
----------------------------------------
| rollout/                |            |
|    ep_len_mean          | 151        |
|    ep_rew_mean          | -24.6      |
| time/                   |            |
|    fps                  | 2184       |
|    iterations           | 102        |
|    time_elapsed         | 382        |
|    total_timesteps      | 835584     |
| train/                  |            |
|    approx_kl            | 0.02305696 |
|    clip_fraction        | 0.238      |
|    clip_range           | 0.2        |
|    entropy_loss         | -0.652     |
|    explained_variance   | 0.939      |
|    learning_rate        | 0.0003     |
|    loss                 | 3.65       |
|    n_updates            | 8360       |
|    policy_gradient_loss | -0.00852   |
|    std                  | 0.314      |
|    value_loss           | 11.3       |
----------------------------------------
-----------------------------------------
| rollout/                |             |
|    ep_len_mean          | 187         |
|    ep_rew_mean          | -36.1       |
| time/                   |             |
|    fps                  | 2185        |
|    iterations           | 103         |
|    time_elapsed         | 386         |
|    total_timesteps      | 843776      |
| train/                  |             |
|    approx_kl            | 0.018192114 |
|    clip_fraction        | 0.215       |
|    clip_range           | 0.2         |
|    entropy_loss         | -0.654      |
|    explained_variance   | 0.912       |
|    learning_rate        | 0.0003      |
|    loss                 | 6.94        |
|    n_updates            | 8370        |
|    policy_gradient_loss | -0.0103     |
|    std                  | 0.315       |
|    value_loss           | 13.7        |
-----------------------------------------
-----------------------------------------
| rollout/                |             |
|    ep_len_mean          | 183         |
|    ep_rew_mean          | -35.4       |
| time/                   |             |
|    fps                  | 2188        |
|    iterations           | 104         |
|    time_elapsed         | 389         |
|    total_timesteps      | 851968      |
| train/                  |             |
|    approx_kl            | 0.033035442 |
|    clip_fraction        | 0.297       |
|    clip_range           | 0.2         |
|    entropy_loss         | -0.66       |
|    explained_variance   | 0.951       |
|    learning_rate        | 0.0003      |
|    loss                 | 5.07        |
|    n_updates            | 8380        |
|    policy_gradient_loss | -0.00568    |
|    std                  | 0.315       |
|    value_loss           | 7.14        |
-----------------------------------------
-----------------------------------------
| rollout/                |             |
|    ep_len_mean          | 170         |
|    ep_rew_mean          | -29.5       |
| time/                   |             |
|    fps                  | 2190        |
|    iterations           | 105         |
|    time_elapsed         | 392         |
|    total_timesteps      | 860160      |
| train/                  |             |
|    approx_kl            | 0.021904374 |
|    clip_fraction        | 0.219       |
|    clip_range           | 0.2         |
|    entropy_loss         | -0.644      |
|    explained_variance   | 0.917       |
|    learning_rate        | 0.0003      |
|    loss                 | 6.31        |
|    n_updates            | 8390        |
|    policy_gradient_loss | -0.00997    |
|    std                  | 0.314       |
|    value_loss           | 12.1        |
-----------------------------------------
-----------------------------------------
| rollout/                |             |
|    ep_len_mean          | 140         |
|    ep_rew_mean          | -19         |
| time/                   |             |
|    fps                  | 2191        |
|    iterations           | 106         |
|    time_elapsed         | 396         |
|    total_timesteps      | 868352      |
| train/                  |             |
|    approx_kl            | 0.022101894 |
|    clip_fraction        | 0.231       |
|    clip_range           | 0.2         |
|    entropy_loss         | -0.629      |
|    explained_variance   | 0.94        |
|    learning_rate        | 0.0003      |
|    loss                 | 6.37        |
|    n_updates            | 8400        |
|    policy_gradient_loss | -0.00837    |
|    std                  | 0.314       |
|    value_loss           | 9.51        |
-----------------------------------------
-----------------------------------------
| rollout/                |             |
|    ep_len_mean          | 122         |
|    ep_rew_mean          | -15         |
| time/                   |             |
|    fps                  | 2192        |
|    iterations           | 107         |
|    time_elapsed         | 399         |
|    total_timesteps      | 876544      |
| train/                  |             |
|    approx_kl            | 0.021810772 |
|    clip_fraction        | 0.235       |
|    clip_range           | 0.2         |
|    entropy_loss         | -0.612      |
|    explained_variance   | 0.923       |
|    learning_rate        | 0.0003      |
|    loss                 | 9.82        |
|    n_updates            | 8410        |
|    policy_gradient_loss | -0.00738    |
|    std                  | 0.313       |
|    value_loss           | 17.6        |
-----------------------------------------
----------------------------------------
| rollout/                |            |
|    ep_len_mean          | 132        |
|    ep_rew_mean          | -16.2      |
| time/                   |            |
|    fps                  | 2193       |
|    iterations           | 108        |
|    time_elapsed         | 403        |
|    total_timesteps      | 884736     |
| train/                  |            |
|    approx_kl            | 0.03266416 |
|    clip_fraction        | 0.285      |
|    clip_range           | 0.2        |
|    entropy_loss         | -0.598     |
|    explained_variance   | 0.938      |
|    learning_rate        | 0.0003     |
|    loss                 | 8.63       |
|    n_updates            | 8420       |
|    policy_gradient_loss | -0.00493   |
|    std                  | 0.312      |
|    value_loss           | 12.9       |
----------------------------------------
-----------------------------------------
| rollout/                |             |
|    ep_len_mean          | 167         |
|    ep_rew_mean          | -25.6       |
| time/                   |             |
|    fps                  | 2195        |
|    iterations           | 109         |
|    time_elapsed         | 406         |
|    total_timesteps      | 892928      |
| train/                  |             |
|    approx_kl            | 0.041827306 |
|    clip_fraction        | 0.252       |
|    clip_range           | 0.2         |
|    entropy_loss         | -0.595      |
|    explained_variance   | 0.923       |
|    learning_rate        | 0.0003      |
|    loss                 | 6.22        |
|    n_updates            | 8430        |
|    policy_gradient_loss | -0.00498    |
|    std                  | 0.311       |
|    value_loss           | 13.3        |
-----------------------------------------
----------------------------------------
| rollout/                |            |
|    ep_len_mean          | 158        |
|    ep_rew_mean          | -24.8      |
| time/                   |            |
|    fps                  | 2197       |
|    iterations           | 110        |
|    time_elapsed         | 410        |
|    total_timesteps      | 901120     |
| train/                  |            |
|    approx_kl            | 0.02654504 |
|    clip_fraction        | 0.278      |
|    clip_range           | 0.2        |
|    entropy_loss         | -0.6       |
|    explained_variance   | 0.957      |
|    learning_rate        | 0.0003     |
|    loss                 | 1.74       |
|    n_updates            | 8440       |
|    policy_gradient_loss | -0.00628   |
|    std                  | 0.313      |
|    value_loss           | 6.74       |
----------------------------------------
-----------------------------------------
| rollout/                |             |
|    ep_len_mean          | 143         |
|    ep_rew_mean          | -21.9       |
| time/                   |             |
|    fps                  | 2199        |
|    iterations           | 111         |
|    time_elapsed         | 413         |
|    total_timesteps      | 909312      |
| train/                  |             |
|    approx_kl            | 0.030781023 |
|    clip_fraction        | 0.303       |
|    clip_range           | 0.2         |
|    entropy_loss         | -0.597      |
|    explained_variance   | 0.952       |
|    learning_rate        | 0.0003      |
|    loss                 | 4.25        |
|    n_updates            | 8450        |
|    policy_gradient_loss | -0.00559    |
|    std                  | 0.311       |
|    value_loss           | 8.44        |
-----------------------------------------
-----------------------------------------
| rollout/                |             |
|    ep_len_mean          | 143         |
|    ep_rew_mean          | -19.2       |
| time/                   |             |
|    fps                  | 2200        |
|    iterations           | 112         |
|    time_elapsed         | 416         |
|    total_timesteps      | 917504      |
| train/                  |             |
|    approx_kl            | 0.030704966 |
|    clip_fraction        | 0.235       |
|    clip_range           | 0.2         |
|    entropy_loss         | -0.583      |
|    explained_variance   | 0.949       |
|    learning_rate        | 0.0003      |
|    loss                 | 3.6         |
|    n_updates            | 8460        |
|    policy_gradient_loss | -0.00455    |
|    std                  | 0.311       |
|    value_loss           | 10.3        |
-----------------------------------------
-----------------------------------------
| rollout/                |             |
|    ep_len_mean          | 133         |
|    ep_rew_mean          | -15.4       |
| time/                   |             |
|    fps                  | 2200        |
|    iterations           | 113         |
|    time_elapsed         | 420         |
|    total_timesteps      | 925696      |
| train/                  |             |
|    approx_kl            | 0.019858658 |
|    clip_fraction        | 0.214       |
|    clip_range           | 0.2         |
|    entropy_loss         | -0.576      |
|    explained_variance   | 0.936       |
|    learning_rate        | 0.0003      |
|    loss                 | 6.88        |
|    n_updates            | 8470        |
|    policy_gradient_loss | -0.00901    |
|    std                  | 0.31        |
|    value_loss           | 14.9        |
-----------------------------------------
-----------------------------------------
| rollout/                |             |
|    ep_len_mean          | 155         |
|    ep_rew_mean          | -21.4       |
| time/                   |             |
|    fps                  | 2202        |
|    iterations           | 114         |
|    time_elapsed         | 423         |
|    total_timesteps      | 933888      |
| train/                  |             |
|    approx_kl            | 0.031612426 |
|    clip_fraction        | 0.262       |
|    clip_range           | 0.2         |
|    entropy_loss         | -0.56       |
|    explained_variance   | 0.956       |
|    learning_rate        | 0.0003      |
|    loss                 | 3.38        |
|    n_updates            | 8480        |
|    policy_gradient_loss | -0.0094     |
|    std                  | 0.31        |
|    value_loss           | 8.26        |
-----------------------------------------
-----------------------------------------
| rollout/                |             |
|    ep_len_mean          | 168         |
|    ep_rew_mean          | -25.6       |
| time/                   |             |
|    fps                  | 2205        |
|    iterations           | 115         |
|    time_elapsed         | 427         |
|    total_timesteps      | 942080      |
| train/                  |             |
|    approx_kl            | 0.034790207 |
|    clip_fraction        | 0.32        |
|    clip_range           | 0.2         |
|    entropy_loss         | -0.542      |
|    explained_variance   | 0.946       |
|    learning_rate        | 0.0003      |
|    loss                 | 2.08        |
|    n_updates            | 8490        |
|    policy_gradient_loss | -0.00176    |
|    std                  | 0.306       |
|    value_loss           | 6.22        |
-----------------------------------------
-----------------------------------------
| rollout/                |             |
|    ep_len_mean          | 138         |
|    ep_rew_mean          | -19.3       |
| time/                   |             |
|    fps                  | 2207        |
|    iterations           | 116         |
|    time_elapsed         | 430         |
|    total_timesteps      | 950272      |
| train/                  |             |
|    approx_kl            | 0.026276479 |
|    clip_fraction        | 0.266       |
|    clip_range           | 0.2         |
|    entropy_loss         | -0.518      |
|    explained_variance   | 0.944       |
|    learning_rate        | 0.0003      |
|    loss                 | 3.1         |
|    n_updates            | 8500        |
|    policy_gradient_loss | -0.00983    |
|    std                  | 0.305       |
|    value_loss           | 13.1        |
-----------------------------------------
-----------------------------------------
| rollout/                |             |
|    ep_len_mean          | 144         |
|    ep_rew_mean          | -25         |
| time/                   |             |
|    fps                  | 2208        |
|    iterations           | 117         |
|    time_elapsed         | 434         |
|    total_timesteps      | 958464      |
| train/                  |             |
|    approx_kl            | 0.018332917 |
|    clip_fraction        | 0.224       |
|    clip_range           | 0.2         |
|    entropy_loss         | -0.509      |
|    explained_variance   | 0.924       |
|    learning_rate        | 0.0003      |
|    loss                 | 3.61        |
|    n_updates            | 8510        |
|    policy_gradient_loss | -0.00945    |
|    std                  | 0.304       |
|    value_loss           | 16.1        |
-----------------------------------------
-----------------------------------------
| rollout/                |             |
|    ep_len_mean          | 141         |
|    ep_rew_mean          | -23.9       |
| time/                   |             |
|    fps                  | 2208        |
|    iterations           | 118         |
|    time_elapsed         | 437         |
|    total_timesteps      | 966656      |
| train/                  |             |
|    approx_kl            | 0.024212947 |
|    clip_fraction        | 0.231       |
|    clip_range           | 0.2         |
|    entropy_loss         | -0.508      |
|    explained_variance   | 0.92        |
|    learning_rate        | 0.0003      |
|    loss                 | 7.23        |
|    n_updates            | 8520        |
|    policy_gradient_loss | -0.0102     |
|    std                  | 0.305       |
|    value_loss           | 22.8        |
-----------------------------------------
-----------------------------------------
| rollout/                |             |
|    ep_len_mean          | 150         |
|    ep_rew_mean          | -26.1       |
| time/                   |             |
|    fps                  | 2210        |
|    iterations           | 119         |
|    time_elapsed         | 441         |
|    total_timesteps      | 974848      |
| train/                  |             |
|    approx_kl            | 0.022325177 |
|    clip_fraction        | 0.247       |
|    clip_range           | 0.2         |
|    entropy_loss         | -0.503      |
|    explained_variance   | 0.929       |
|    learning_rate        | 0.0003      |
|    loss                 | 8.01        |
|    n_updates            | 8530        |
|    policy_gradient_loss | -0.00895    |
|    std                  | 0.303       |
|    value_loss           | 13.4        |
-----------------------------------------
-----------------------------------------
| rollout/                |             |
|    ep_len_mean          | 165         |
|    ep_rew_mean          | -30.4       |
| time/                   |             |
|    fps                  | 2212        |
|    iterations           | 120         |
|    time_elapsed         | 444         |
|    total_timesteps      | 983040      |
| train/                  |             |
|    approx_kl            | 0.026659925 |
|    clip_fraction        | 0.25        |
|    clip_range           | 0.2         |
|    entropy_loss         | -0.489      |
|    explained_variance   | 0.913       |
|    learning_rate        | 0.0003      |
|    loss                 | 5.92        |
|    n_updates            | 8540        |
|    policy_gradient_loss | -0.00793    |
|    std                  | 0.302       |
|    value_loss           | 14.3        |
-----------------------------------------
----------------------------------------
| rollout/                |            |
|    ep_len_mean          | 153        |
|    ep_rew_mean          | -23.6      |
| time/                   |            |
|    fps                  | 2214       |
|    iterations           | 121        |
|    time_elapsed         | 447        |
|    total_timesteps      | 991232     |
| train/                  |            |
|    approx_kl            | 0.03222795 |
|    clip_fraction        | 0.3        |
|    clip_range           | 0.2        |
|    entropy_loss         | -0.511     |
|    explained_variance   | 0.923      |
|    learning_rate        | 0.0003     |
|    loss                 | 4.78       |
|    n_updates            | 8550       |
|    policy_gradient_loss | -0.00392   |
|    std                  | 0.305      |
|    value_loss           | 13         |
----------------------------------------
-----------------------------------------
| rollout/                |             |
|    ep_len_mean          | 128         |
|    ep_rew_mean          | -16.3       |
| time/                   |             |
|    fps                  | 2215        |
|    iterations           | 122         |
|    time_elapsed         | 451         |
|    total_timesteps      | 999424      |
| train/                  |             |
|    approx_kl            | 0.019830089 |
|    clip_fraction        | 0.231       |
|    clip_range           | 0.2         |
|    entropy_loss         | -0.531      |
|    explained_variance   | 0.924       |
|    learning_rate        | 0.0003      |
|    loss                 | 8.5         |
|    n_updates            | 8560        |
|    policy_gradient_loss | -0.00886    |
|    std                  | 0.306       |
|    value_loss           | 19.8        |
-----------------------------------------
[PeriodicArtifactCallback] step 1000000: saving checkpoint, evaluating, rendering...
[PeriodicArtifactCallback] step 1000000: success_rate=0.50 pick_success_rate=0.50 mean_reward=-115.58 -> C:\GitHub\HumanoidRobot\simulation\training\pick_place\runs\pp_v25\dashboard.html
-----------------------------------------
| rollout/                |             |
|    ep_len_mean          | 130         |
|    ep_rew_mean          | -14.8       |
| time/                   |             |
|    fps                  | 2188        |
|    iterations           | 123         |
|    time_elapsed         | 460         |
|    total_timesteps      | 1007616     |
| train/                  |             |
|    approx_kl            | 0.029589131 |
|    clip_fraction        | 0.269       |
|    clip_range           | 0.2         |
|    entropy_loss         | -0.535      |
|    explained_variance   | 0.942       |
|    learning_rate        | 0.0003      |
|    loss                 | 9           |
|    n_updates            | 8570        |
|    policy_gradient_loss | -0.00733    |
|    std                  | 0.306       |
|    value_loss           | 11.8        |
-----------------------------------------
-----------------------------------------
| rollout/                |             |
|    ep_len_mean          | 158         |
|    ep_rew_mean          | -25.7       |
| time/                   |             |
|    fps                  | 2188        |
|    iterations           | 124         |
|    time_elapsed         | 464         |
|    total_timesteps      | 1015808     |
| train/                  |             |
|    approx_kl            | 0.036428887 |
|    clip_fraction        | 0.271       |
|    clip_range           | 0.2         |
|    entropy_loss         | -0.527      |
|    explained_variance   | 0.946       |
|    learning_rate        | 0.0003      |
|    loss                 | 4.36        |
|    n_updates            | 8580        |
|    policy_gradient_loss | -0.00703    |
|    std                  | 0.305       |
|    value_loss           | 11.3        |
-----------------------------------------
-----------------------------------------
| rollout/                |             |
|    ep_len_mean          | 162         |
|    ep_rew_mean          | -26.7       |
| time/                   |             |
|    fps                  | 2189        |
|    iterations           | 125         |
|    time_elapsed         | 467         |
|    total_timesteps      | 1024000     |
| train/                  |             |
|    approx_kl            | 0.022794979 |
|    clip_fraction        | 0.268       |
|    clip_range           | 0.2         |
|    entropy_loss         | -0.531      |
|    explained_variance   | 0.946       |
|    learning_rate        | 0.0003      |
|    loss                 | 4.53        |
|    n_updates            | 8590        |
|    policy_gradient_loss | -0.00593    |
|    std                  | 0.306       |
|    value_loss           | 10.4        |
-----------------------------------------
-----------------------------------------
| rollout/                |             |
|    ep_len_mean          | 168         |
|    ep_rew_mean          | -28.8       |
| time/                   |             |
|    fps                  | 2190        |
|    iterations           | 126         |
|    time_elapsed         | 471         |
|    total_timesteps      | 1032192     |
| train/                  |             |
|    approx_kl            | 0.032569565 |
|    clip_fraction        | 0.286       |
|    clip_range           | 0.2         |
|    entropy_loss         | -0.523      |
|    explained_variance   | 0.952       |
|    learning_rate        | 0.0003      |
|    loss                 | 6.75        |
|    n_updates            | 8600        |
|    policy_gradient_loss | -0.00258    |
|    std                  | 0.304       |
|    value_loss           | 10.6        |
-----------------------------------------
-----------------------------------------
| rollout/                |             |
|    ep_len_mean          | 162         |
|    ep_rew_mean          | -29.1       |
| time/                   |             |
|    fps                  | 2193        |
|    iterations           | 127         |
|    time_elapsed         | 474         |
|    total_timesteps      | 1040384     |
| train/                  |             |
|    approx_kl            | 0.034353532 |
|    clip_fraction        | 0.271       |
|    clip_range           | 0.2         |
|    entropy_loss         | -0.517      |
|    explained_variance   | 0.935       |
|    learning_rate        | 0.0003      |
|    loss                 | 2.14        |
|    n_updates            | 8610        |
|    policy_gradient_loss | -0.00702    |
|    std                  | 0.305       |
|    value_loss           | 8.81        |
-----------------------------------------
-----------------------------------------
| rollout/                |             |
|    ep_len_mean          | 188         |
|    ep_rew_mean          | -37         |
| time/                   |             |
|    fps                  | 2195        |
|    iterations           | 128         |
|    time_elapsed         | 477         |
|    total_timesteps      | 1048576     |
| train/                  |             |
|    approx_kl            | 0.022072315 |
|    clip_fraction        | 0.218       |
|    clip_range           | 0.2         |
|    entropy_loss         | -0.521      |
|    explained_variance   | 0.924       |
|    learning_rate        | 0.0003      |
|    loss                 | 3.64        |
|    n_updates            | 8620        |
|    policy_gradient_loss | -0.00852    |
|    std                  | 0.305       |
|    value_loss           | 9.97        |
-----------------------------------------
-----------------------------------------
| rollout/                |             |
|    ep_len_mean          | 190         |
|    ep_rew_mean          | -34.8       |
| time/                   |             |
|    fps                  | 2197        |
|    iterations           | 129         |
|    time_elapsed         | 480         |
|    total_timesteps      | 1056768     |
| train/                  |             |
|    approx_kl            | 0.023135237 |
|    clip_fraction        | 0.24        |
|    clip_range           | 0.2         |
|    entropy_loss         | -0.513      |
|    explained_variance   | 0.938       |
|    learning_rate        | 0.0003      |
|    loss                 | 5.39        |
|    n_updates            | 8630        |
|    policy_gradient_loss | -0.00767    |
|    std                  | 0.304       |
|    value_loss           | 12.2        |
-----------------------------------------
-----------------------------------------
| rollout/                |             |
|    ep_len_mean          | 184         |
|    ep_rew_mean          | -31.9       |
| time/                   |             |
|    fps                  | 2197        |
|    iterations           | 130         |
|    time_elapsed         | 484         |
|    total_timesteps      | 1064960     |
| train/                  |             |
|    approx_kl            | 0.030543502 |
|    clip_fraction        | 0.286       |
|    clip_range           | 0.2         |
|    entropy_loss         | -0.496      |
|    explained_variance   | 0.916       |
|    learning_rate        | 0.0003      |
|    loss                 | 3.23        |
|    n_updates            | 8640        |
|    policy_gradient_loss | -0.00612    |
|    std                  | 0.304       |
|    value_loss           | 8.56        |
-----------------------------------------
-----------------------------------------
| rollout/                |             |
|    ep_len_mean          | 145         |
|    ep_rew_mean          | -21.6       |
| time/                   |             |
|    fps                  | 2198        |
|    iterations           | 131         |
|    time_elapsed         | 488         |
|    total_timesteps      | 1073152     |
| train/                  |             |
|    approx_kl            | 0.028498327 |
|    clip_fraction        | 0.266       |
|    clip_range           | 0.2         |
|    entropy_loss         | -0.491      |
|    explained_variance   | 0.931       |
|    learning_rate        | 0.0003      |
|    loss                 | 5.4         |
|    n_updates            | 8650        |
|    policy_gradient_loss | -0.0085     |
|    std                  | 0.303       |
|    value_loss           | 9.42        |
-----------------------------------------
----------------------------------------
| rollout/                |            |
|    ep_len_mean          | 166        |
|    ep_rew_mean          | -28.5      |
| time/                   |            |
|    fps                  | 2201       |
|    iterations           | 132        |
|    time_elapsed         | 491        |
|    total_timesteps      | 1081344    |
| train/                  |            |
|    approx_kl            | 0.02353955 |
|    clip_fraction        | 0.197      |
|    clip_range           | 0.2        |
|    entropy_loss         | -0.469     |
|    explained_variance   | 0.917      |
|    learning_rate        | 0.0003     |
|    loss                 | 6.16       |
|    n_updates            | 8660       |
|    policy_gradient_loss | -0.00932   |
|    std                  | 0.301      |
|    value_loss           | 16.7       |
----------------------------------------
----------------------------------------
| rollout/                |            |
|    ep_len_mean          | 168        |
|    ep_rew_mean          | -27.8      |
| time/                   |            |
|    fps                  | 2203       |
|    iterations           | 133        |
|    time_elapsed         | 494        |
|    total_timesteps      | 1089536    |
| train/                  |            |
|    approx_kl            | 0.04649567 |
|    clip_fraction        | 0.369      |
|    clip_range           | 0.2        |
|    entropy_loss         | -0.452     |
|    explained_variance   | 0.96       |
|    learning_rate        | 0.0003     |
|    loss                 | 1.3        |
|    n_updates            | 8670       |
|    policy_gradient_loss | 0.000805   |
|    std                  | 0.302      |
|    value_loss           | 6.29       |
----------------------------------------
----------------------------------------
| rollout/                |            |
|    ep_len_mean          | 179        |
|    ep_rew_mean          | -34.5      |
| time/                   |            |
|    fps                  | 2204       |
|    iterations           | 134        |
|    time_elapsed         | 497        |
|    total_timesteps      | 1097728    |
| train/                  |            |
|    approx_kl            | 0.03957791 |
|    clip_fraction        | 0.264      |
|    clip_range           | 0.2        |
|    entropy_loss         | -0.468     |
|    explained_variance   | 0.92       |
|    learning_rate        | 0.0003     |
|    loss                 | 1.52       |
|    n_updates            | 8680       |
|    policy_gradient_loss | -0.00729   |
|    std                  | 0.302      |
|    value_loss           | 7.71       |
----------------------------------------
-----------------------------------------
| rollout/                |             |
|    ep_len_mean          | 168         |
|    ep_rew_mean          | -31.9       |
| time/                   |             |
|    fps                  | 2205        |
|    iterations           | 135         |
|    time_elapsed         | 501         |
|    total_timesteps      | 1105920     |
| train/                  |             |
|    approx_kl            | 0.023620848 |
|    clip_fraction        | 0.238       |
|    clip_range           | 0.2         |
|    entropy_loss         | -0.465      |
|    explained_variance   | 0.93        |
|    learning_rate        | 0.0003      |
|    loss                 | 4.5         |
|    n_updates            | 8690        |
|    policy_gradient_loss | -0.0111     |
|    std                  | 0.302       |
|    value_loss           | 12.9        |
-----------------------------------------
-----------------------------------------
| rollout/                |             |
|    ep_len_mean          | 164         |
|    ep_rew_mean          | -27.5       |
| time/                   |             |
|    fps                  | 2205        |
|    iterations           | 136         |
|    time_elapsed         | 505         |
|    total_timesteps      | 1114112     |
| train/                  |             |
|    approx_kl            | 0.025822002 |
|    clip_fraction        | 0.24        |
|    clip_range           | 0.2         |
|    entropy_loss         | -0.45       |
|    explained_variance   | 0.903       |
|    learning_rate        | 0.0003      |
|    loss                 | 7.1         |
|    n_updates            | 8700        |
|    policy_gradient_loss | -0.00675    |
|    std                  | 0.302       |
|    value_loss           | 11.5        |
-----------------------------------------
-----------------------------------------
| rollout/                |             |
|    ep_len_mean          | 152         |
|    ep_rew_mean          | -20.9       |
| time/                   |             |
|    fps                  | 2207        |
|    iterations           | 137         |
|    time_elapsed         | 508         |
|    total_timesteps      | 1122304     |
| train/                  |             |
|    approx_kl            | 0.022596642 |
|    clip_fraction        | 0.231       |
|    clip_range           | 0.2         |
|    entropy_loss         | -0.44       |
|    explained_variance   | 0.937       |
|    learning_rate        | 0.0003      |
|    loss                 | 3.13        |
|    n_updates            | 8710        |
|    policy_gradient_loss | -0.007      |
|    std                  | 0.301       |
|    value_loss           | 10.2        |
-----------------------------------------
--------------------------------------
| rollout/                |          |
|    ep_len_mean          | 143      |
|    ep_rew_mean          | -18.1    |
| time/                   |          |
|    fps                  | 2209     |
|    iterations           | 138      |
|    time_elapsed         | 511      |
|    total_timesteps      | 1130496  |
| train/                  |          |
|    approx_kl            | 0.025243 |
|    clip_fraction        | 0.237    |
|    clip_range           | 0.2      |
|    entropy_loss         | -0.434   |
|    explained_variance   | 0.951    |
|    learning_rate        | 0.0003   |
|    loss                 | 3.71     |
|    n_updates            | 8720     |
|    policy_gradient_loss | -0.00708 |
|    std                  | 0.301    |
|    value_loss           | 9.8      |
--------------------------------------
-----------------------------------------
| rollout/                |             |
|    ep_len_mean          | 151         |
|    ep_rew_mean          | -21.8       |
| time/                   |             |
|    fps                  | 2209        |
|    iterations           | 139         |
|    time_elapsed         | 515         |
|    total_timesteps      | 1138688     |
| train/                  |             |
|    approx_kl            | 0.022361763 |
|    clip_fraction        | 0.213       |
|    clip_range           | 0.2         |
|    entropy_loss         | -0.425      |
|    explained_variance   | 0.941       |
|    learning_rate        | 0.0003      |
|    loss                 | 4.74        |
|    n_updates            | 8730        |
|    policy_gradient_loss | -0.00747    |
|    std                  | 0.301       |
|    value_loss           | 10.6        |
-----------------------------------------
-----------------------------------------
| rollout/                |             |
|    ep_len_mean          | 142         |
|    ep_rew_mean          | -18         |
| time/                   |             |
|    fps                  | 2210        |
|    iterations           | 140         |
|    time_elapsed         | 518         |
|    total_timesteps      | 1146880     |
| train/                  |             |
|    approx_kl            | 0.022433525 |
|    clip_fraction        | 0.227       |
|    clip_range           | 0.2         |
|    entropy_loss         | -0.427      |
|    explained_variance   | 0.939       |
|    learning_rate        | 0.0003      |
|    loss                 | 7.8         |
|    n_updates            | 8740        |
|    policy_gradient_loss | -0.00658    |
|    std                  | 0.301       |
|    value_loss           | 12.8        |
-----------------------------------------
-----------------------------------------
| rollout/                |             |
|    ep_len_mean          | 138         |
|    ep_rew_mean          | -16.4       |
| time/                   |             |
|    fps                  | 2211        |
|    iterations           | 141         |
|    time_elapsed         | 522         |
|    total_timesteps      | 1155072     |
| train/                  |             |
|    approx_kl            | 0.029201385 |
|    clip_fraction        | 0.293       |
|    clip_range           | 0.2         |
|    entropy_loss         | -0.444      |
|    explained_variance   | 0.958       |
|    learning_rate        | 0.0003      |
|    loss                 | 4.65        |
|    n_updates            | 8750        |
|    policy_gradient_loss | -0.00446    |
|    std                  | 0.302       |
|    value_loss           | 9.66        |
-----------------------------------------
----------------------------------------
| rollout/                |            |
|    ep_len_mean          | 148        |
|    ep_rew_mean          | -20.2      |
| time/                   |            |
|    fps                  | 2213       |
|    iterations           | 142        |
|    time_elapsed         | 525        |
|    total_timesteps      | 1163264    |
| train/                  |            |
|    approx_kl            | 0.03026335 |
|    clip_fraction        | 0.28       |
|    clip_range           | 0.2        |
|    entropy_loss         | -0.458     |
|    explained_variance   | 0.946      |
|    learning_rate        | 0.0003     |
|    loss                 | 3.42       |
|    n_updates            | 8760       |
|    policy_gradient_loss | -0.00741   |
|    std                  | 0.303      |
|    value_loss           | 10.4       |
----------------------------------------
----------------------------------------
| rollout/                |            |
|    ep_len_mean          | 147        |
|    ep_rew_mean          | -19.6      |
| time/                   |            |
|    fps                  | 2215       |
|    iterations           | 143        |
|    time_elapsed         | 528        |
|    total_timesteps      | 1171456    |
| train/                  |            |
|    approx_kl            | 0.03193534 |
|    clip_fraction        | 0.325      |
|    clip_range           | 0.2        |
|    entropy_loss         | -0.467     |
|    explained_variance   | 0.94       |
|    learning_rate        | 0.0003     |
|    loss                 | 1.84       |
|    n_updates            | 8770       |
|    policy_gradient_loss | -0.00743   |
|    std                  | 0.303      |
|    value_loss           | 10.5       |
----------------------------------------
-----------------------------------------
| rollout/                |             |
|    ep_len_mean          | 152         |
|    ep_rew_mean          | -20.7       |
| time/                   |             |
|    fps                  | 2216        |
|    iterations           | 144         |
|    time_elapsed         | 532         |
|    total_timesteps      | 1179648     |
| train/                  |             |
|    approx_kl            | 0.027157517 |
|    clip_fraction        | 0.28        |
|    clip_range           | 0.2         |
|    entropy_loss         | -0.453      |
|    explained_variance   | 0.96        |
|    learning_rate        | 0.0003      |
|    loss                 | 2.25        |
|    n_updates            | 8780        |
|    policy_gradient_loss | -0.00653    |
|    std                  | 0.301       |
|    value_loss           | 10.4        |
-----------------------------------------
----------------------------------------
| rollout/                |            |
|    ep_len_mean          | 174        |
|    ep_rew_mean          | -27.6      |
| time/                   |            |
|    fps                  | 2216       |
|    iterations           | 145        |
|    time_elapsed         | 535        |
|    total_timesteps      | 1187840    |
| train/                  |            |
|    approx_kl            | 0.03226694 |
|    clip_fraction        | 0.286      |
|    clip_range           | 0.2        |
|    entropy_loss         | -0.432     |
|    explained_variance   | 0.953      |
|    learning_rate        | 0.0003     |
|    loss                 | 4.71       |
|    n_updates            | 8790       |
|    policy_gradient_loss | -0.00104   |
|    std                  | 0.301      |
|    value_loss           | 5.17       |
----------------------------------------
----------------------------------------
| rollout/                |            |
|    ep_len_mean          | 176        |
|    ep_rew_mean          | -29.6      |
| time/                   |            |
|    fps                  | 2216       |
|    iterations           | 146        |
|    time_elapsed         | 539        |
|    total_timesteps      | 1196032    |
| train/                  |            |
|    approx_kl            | 0.03800351 |
|    clip_fraction        | 0.338      |
|    clip_range           | 0.2        |
|    entropy_loss         | -0.443     |
|    explained_variance   | 0.962      |
|    learning_rate        | 0.0003     |
|    loss                 | 3.33       |
|    n_updates            | 8800       |
|    policy_gradient_loss | -0.00302   |
|    std                  | 0.304      |
|    value_loss           | 6.02       |
----------------------------------------
[PeriodicArtifactCallback] step 1200000: running periodic self-monitoring analysis...
[PeriodicArtifactCallback] analysis written to C:\GitHub\HumanoidRobot\simulation\training\pick_place\runs\pp_v25\analysis_1200000.md (stalled=False)
[PeriodicArtifactCallback] step 1200000: saving checkpoint, evaluating, rendering...
[PeriodicArtifactCallback] step 1200000: success_rate=0.40 pick_success_rate=0.60 mean_reward=-142.67 -> C:\GitHub\HumanoidRobot\simulation\training\pick_place\runs\pp_v25\dashboard.html
-----------------------------------------
| rollout/                |             |
|    ep_len_mean          | 168         |
|    ep_rew_mean          | -25.7       |
| time/                   |             |
|    fps                  | 2185        |
|    iterations           | 147         |
|    time_elapsed         | 550         |
|    total_timesteps      | 1204224     |
| train/                  |             |
|    approx_kl            | 0.028691683 |
|    clip_fraction        | 0.242       |
|    clip_range           | 0.2         |
|    entropy_loss         | -0.459      |
|    explained_variance   | 0.948       |
|    learning_rate        | 0.0003      |
|    loss                 | 8.59        |
|    n_updates            | 8810        |
|    policy_gradient_loss | -0.00696    |
|    std                  | 0.304       |
|    value_loss           | 9.15        |
-----------------------------------------
-----------------------------------------
| rollout/                |             |
|    ep_len_mean          | 198         |
|    ep_rew_mean          | -35.1       |
| time/                   |             |
|    fps                  | 2187        |
|    iterations           | 148         |
|    time_elapsed         | 554         |
|    total_timesteps      | 1212416     |
| train/                  |             |
|    approx_kl            | 0.053500623 |
|    clip_fraction        | 0.335       |
|    clip_range           | 0.2         |
|    entropy_loss         | -0.476      |
|    explained_variance   | 0.939       |
|    learning_rate        | 0.0003      |
|    loss                 | 0.867       |
|    n_updates            | 8820        |
|    policy_gradient_loss | -0.000796   |
|    std                  | 0.307       |
|    value_loss           | 7.44        |
-----------------------------------------
-----------------------------------------
| rollout/                |             |
|    ep_len_mean          | 168         |
|    ep_rew_mean          | -26         |
| time/                   |             |
|    fps                  | 2189        |
|    iterations           | 149         |
|    time_elapsed         | 557         |
|    total_timesteps      | 1220608     |
| train/                  |             |
|    approx_kl            | 0.022031367 |
|    clip_fraction        | 0.241       |
|    clip_range           | 0.2         |
|    entropy_loss         | -0.491      |
|    explained_variance   | 0.929       |
|    learning_rate        | 0.0003      |
|    loss                 | 4.8         |
|    n_updates            | 8830        |
|    policy_gradient_loss | -0.00798    |
|    std                  | 0.306       |
|    value_loss           | 13.5        |
-----------------------------------------
-----------------------------------------
| rollout/                |             |
|    ep_len_mean          | 128         |
|    ep_rew_mean          | -12.4       |
| time/                   |             |
|    fps                  | 2189        |
|    iterations           | 150         |
|    time_elapsed         | 561         |
|    total_timesteps      | 1228800     |
| train/                  |             |
|    approx_kl            | 0.022374835 |
|    clip_fraction        | 0.236       |
|    clip_range           | 0.2         |
|    entropy_loss         | -0.465      |
|    explained_variance   | 0.938       |
|    learning_rate        | 0.0003      |
|    loss                 | 7.29        |
|    n_updates            | 8840        |
|    policy_gradient_loss | -0.00846    |
|    std                  | 0.303       |
|    value_loss           | 12          |
-----------------------------------------
-----------------------------------------
| rollout/                |             |
|    ep_len_mean          | 114         |
|    ep_rew_mean          | -5.95       |
| time/                   |             |
|    fps                  | 2190        |
|    iterations           | 151         |
|    time_elapsed         | 564         |
|    total_timesteps      | 1236992     |
| train/                  |             |
|    approx_kl            | 0.029135816 |
|    clip_fraction        | 0.265       |
|    clip_range           | 0.2         |
|    entropy_loss         | -0.441      |
|    explained_variance   | 0.955       |
|    learning_rate        | 0.0003      |
|    loss                 | 4.63        |
|    n_updates            | 8850        |
|    policy_gradient_loss | -0.00726    |
|    std                  | 0.301       |
|    value_loss           | 13.1        |
-----------------------------------------
-----------------------------------------
| rollout/                |             |
|    ep_len_mean          | 120         |
|    ep_rew_mean          | -6.85       |
| time/                   |             |
|    fps                  | 2191        |
|    iterations           | 152         |
|    time_elapsed         | 568         |
|    total_timesteps      | 1245184     |
| train/                  |             |
|    approx_kl            | 0.028153243 |
|    clip_fraction        | 0.302       |
|    clip_range           | 0.2         |
|    entropy_loss         | -0.433      |
|    explained_variance   | 0.954       |
|    learning_rate        | 0.0003      |
|    loss                 | 3.66        |
|    n_updates            | 8860        |
|    policy_gradient_loss | -0.0042     |
|    std                  | 0.3         |
|    value_loss           | 10.8        |
-----------------------------------------
-----------------------------------------
| rollout/                |             |
|    ep_len_mean          | 133         |
|    ep_rew_mean          | -12.2       |
| time/                   |             |
|    fps                  | 2192        |
|    iterations           | 153         |
|    time_elapsed         | 571         |
|    total_timesteps      | 1253376     |
| train/                  |             |
|    approx_kl            | 0.021302022 |
|    clip_fraction        | 0.24        |
|    clip_range           | 0.2         |
|    entropy_loss         | -0.429      |
|    explained_variance   | 0.939       |
|    learning_rate        | 0.0003      |
|    loss                 | 9.3         |
|    n_updates            | 8870        |
|    policy_gradient_loss | -0.00697    |
|    std                  | 0.301       |
|    value_loss           | 19.3        |
-----------------------------------------
-----------------------------------------
| rollout/                |             |
|    ep_len_mean          | 173         |
|    ep_rew_mean          | -26.6       |
| time/                   |             |
|    fps                  | 2194        |
|    iterations           | 154         |
|    time_elapsed         | 574         |
|    total_timesteps      | 1261568     |
| train/                  |             |
|    approx_kl            | 0.042592414 |
|    clip_fraction        | 0.225       |
|    clip_range           | 0.2         |
|    entropy_loss         | -0.433      |
|    explained_variance   | 0.934       |
|    learning_rate        | 0.0003      |
|    loss                 | 3.55        |
|    n_updates            | 8880        |
|    policy_gradient_loss | -0.00746    |
|    std                  | 0.301       |
|    value_loss           | 13.6        |
-----------------------------------------
-----------------------------------------
| rollout/                |             |
|    ep_len_mean          | 183         |
|    ep_rew_mean          | -29.7       |
| time/                   |             |
|    fps                  | 2195        |
|    iterations           | 155         |
|    time_elapsed         | 578         |
|    total_timesteps      | 1269760     |
| train/                  |             |
|    approx_kl            | 0.035885982 |
|    clip_fraction        | 0.318       |
|    clip_range           | 0.2         |
|    entropy_loss         | -0.449      |
|    explained_variance   | 0.958       |
|    learning_rate        | 0.0003      |
|    loss                 | 5.91        |
|    n_updates            | 8890        |
|    policy_gradient_loss | -0.00575    |
|    std                  | 0.303       |
|    value_loss           | 7.64        |
-----------------------------------------
----------------------------------------
| rollout/                |            |
|    ep_len_mean          | 176        |
|    ep_rew_mean          | -26.6      |
| time/                   |            |
|    fps                  | 2196       |
|    iterations           | 156        |
|    time_elapsed         | 581        |
|    total_timesteps      | 1277952    |
| train/                  |            |
|    approx_kl            | 0.04447319 |
|    clip_fraction        | 0.332      |
|    clip_range           | 0.2        |
|    entropy_loss         | -0.458     |
|    explained_variance   | 0.966      |
|    learning_rate        | 0.0003     |
|    loss                 | 2.91       |
|    n_updates            | 8900       |
|    policy_gradient_loss | 0.000718   |
|    std                  | 0.303      |
|    value_loss           | 6.82       |
----------------------------------------
-----------------------------------------
| rollout/                |             |
|    ep_len_mean          | 152         |
|    ep_rew_mean          | -17.3       |
| time/                   |             |
|    fps                  | 2197        |
|    iterations           | 157         |
|    time_elapsed         | 585         |
|    total_timesteps      | 1286144     |
| train/                  |             |
|    approx_kl            | 0.017393949 |
|    clip_fraction        | 0.166       |
|    clip_range           | 0.2         |
|    entropy_loss         | -0.45       |
|    explained_variance   | 0.933       |
|    learning_rate        | 0.0003      |
|    loss                 | 3.96        |
|    n_updates            | 8910        |
|    policy_gradient_loss | -0.0121     |
|    std                  | 0.302       |
|    value_loss           | 11.3        |
-----------------------------------------
----------------------------------------
| rollout/                |            |
|    ep_len_mean          | 136        |
|    ep_rew_mean          | -14.2      |
| time/                   |            |
|    fps                  | 2198       |
|    iterations           | 158        |
|    time_elapsed         | 588        |
|    total_timesteps      | 1294336    |
| train/                  |            |
|    approx_kl            | 0.02705875 |
|    clip_fraction        | 0.272      |
|    clip_range           | 0.2        |
|    entropy_loss         | -0.422     |
|    explained_variance   | 0.968      |
|    learning_rate        | 0.0003     |
|    loss                 | 2.07       |
|    n_updates            | 8920       |
|    policy_gradient_loss | -0.00352   |
|    std                  | 0.3        |
|    value_loss           | 6.84       |
----------------------------------------
-----------------------------------------
| rollout/                |             |
|    ep_len_mean          | 159         |
|    ep_rew_mean          | -23         |
| time/                   |             |
|    fps                  | 2200        |
|    iterations           | 159         |
|    time_elapsed         | 591         |
|    total_timesteps      | 1302528     |
| train/                  |             |
|    approx_kl            | 0.017680936 |
|    clip_fraction        | 0.195       |
|    clip_range           | 0.2         |
|    entropy_loss         | -0.423      |
|    explained_variance   | 0.941       |
|    learning_rate        | 0.0003      |
|    loss                 | 4.35        |
|    n_updates            | 8930        |
|    policy_gradient_loss | -0.00858    |
|    std                  | 0.302       |
|    value_loss           | 12.8        |
-----------------------------------------
----------------------------------------
| rollout/                |            |
|    ep_len_mean          | 156        |
|    ep_rew_mean          | -20.7      |
| time/                   |            |
|    fps                  | 2201       |
|    iterations           | 160        |
|    time_elapsed         | 595        |
|    total_timesteps      | 1310720    |
| train/                  |            |
|    approx_kl            | 0.03017516 |
|    clip_fraction        | 0.305      |
|    clip_range           | 0.2        |
|    entropy_loss         | -0.429     |
|    explained_variance   | 0.948      |
|    learning_rate        | 0.0003     |
|    loss                 | 5.27       |
|    n_updates            | 8940       |
|    policy_gradient_loss | -0.00319   |
|    std                  | 0.301      |
|    value_loss           | 11.2       |
----------------------------------------
-----------------------------------------
| rollout/                |             |
|    ep_len_mean          | 147         |
|    ep_rew_mean          | -17.1       |
| time/                   |             |
|    fps                  | 2201        |
|    iterations           | 161         |
|    time_elapsed         | 599         |
|    total_timesteps      | 1318912     |
| train/                  |             |
|    approx_kl            | 0.027724212 |
|    clip_fraction        | 0.277       |
|    clip_range           | 0.2         |
|    entropy_loss         | -0.417      |
|    explained_variance   | 0.951       |
|    learning_rate        | 0.0003      |
|    loss                 | 2.84        |
|    n_updates            | 8950        |
|    policy_gradient_loss | -0.00368    |
|    std                  | 0.301       |
|    value_loss           | 11.3        |
-----------------------------------------
-----------------------------------------
| rollout/                |             |
|    ep_len_mean          | 124         |
|    ep_rew_mean          | -9.37       |
| time/                   |             |
|    fps                  | 2202        |
|    iterations           | 162         |
|    time_elapsed         | 602         |
|    total_timesteps      | 1327104     |
| train/                  |             |
|    approx_kl            | 0.025429728 |
|    clip_fraction        | 0.221       |
|    clip_range           | 0.2         |
|    entropy_loss         | -0.407      |
|    explained_variance   | 0.944       |
|    learning_rate        | 0.0003      |
|    loss                 | 7.02        |
|    n_updates            | 8960        |
|    policy_gradient_loss | -0.00979    |
|    std                  | 0.3         |
|    value_loss           | 16          |
-----------------------------------------
-----------------------------------------
| rollout/                |             |
|    ep_len_mean          | 140         |
|    ep_rew_mean          | -15.4       |
| time/                   |             |
|    fps                  | 2204        |
|    iterations           | 163         |
|    time_elapsed         | 605         |
|    total_timesteps      | 1335296     |
| train/                  |             |
|    approx_kl            | 0.032421313 |
|    clip_fraction        | 0.29        |
|    clip_range           | 0.2         |
|    entropy_loss         | -0.4        |
|    explained_variance   | 0.952       |
|    learning_rate        | 0.0003      |
|    loss                 | 6.45        |
|    n_updates            | 8970        |
|    policy_gradient_loss | -0.00287    |
|    std                  | 0.3         |
|    value_loss           | 11.1        |
-----------------------------------------
----------------------------------------
| rollout/                |            |
|    ep_len_mean          | 174        |
|    ep_rew_mean          | -28.3      |
| time/                   |            |
|    fps                  | 2205       |
|    iterations           | 164        |
|    time_elapsed         | 609        |
|    total_timesteps      | 1343488    |
| train/                  |            |
|    approx_kl            | 0.03929832 |
|    clip_fraction        | 0.31       |
|    clip_range           | 0.2        |
|    entropy_loss         | -0.392     |
|    explained_variance   | 0.945      |
|    learning_rate        | 0.0003     |
|    loss                 | 4.67       |
|    n_updates            | 8980       |
|    policy_gradient_loss | -0.00346   |
|    std                  | 0.299      |
|    value_loss           | 7.39       |
----------------------------------------
---------------------------------------
| rollout/                |           |
|    ep_len_mean          | 169       |
|    ep_rew_mean          | -28.3     |
| time/                   |           |
|    fps                  | 2207      |
|    iterations           | 165       |
|    time_elapsed         | 612       |
|    total_timesteps      | 1351680   |
| train/                  |           |
|    approx_kl            | 0.0306714 |
|    clip_fraction        | 0.258     |
|    clip_range           | 0.2       |
|    entropy_loss         | -0.404    |
|    explained_variance   | 0.922     |
|    learning_rate        | 0.0003    |
|    loss                 | 6.46      |
|    n_updates            | 8990      |
|    policy_gradient_loss | -0.00702  |
|    std                  | 0.303     |
|    value_loss           | 11.9      |
---------------------------------------
-----------------------------------------
| rollout/                |             |
|    ep_len_mean          | 165         |
|    ep_rew_mean          | -29.1       |
| time/                   |             |
|    fps                  | 2207        |
|    iterations           | 166         |
|    time_elapsed         | 615         |
|    total_timesteps      | 1359872     |
| train/                  |             |
|    approx_kl            | 0.039405685 |
|    clip_fraction        | 0.318       |
|    clip_range           | 0.2         |
|    entropy_loss         | -0.419      |
|    explained_variance   | 0.956       |
|    learning_rate        | 0.0003      |
|    loss                 | 1.75        |
|    n_updates            | 9000        |
|    policy_gradient_loss | -0.00186    |
|    std                  | 0.303       |
|    value_loss           | 6.35        |
-----------------------------------------
-----------------------------------------
| rollout/                |             |
|    ep_len_mean          | 180         |
|    ep_rew_mean          | -34.7       |
| time/                   |             |
|    fps                  | 2208        |
|    iterations           | 167         |
|    time_elapsed         | 619         |
|    total_timesteps      | 1368064     |
| train/                  |             |
|    approx_kl            | 0.018716704 |
|    clip_fraction        | 0.232       |
|    clip_range           | 0.2         |
|    entropy_loss         | -0.415      |
|    explained_variance   | 0.95        |
|    learning_rate        | 0.0003      |
|    loss                 | 8.08        |
|    n_updates            | 9010        |
|    policy_gradient_loss | -0.00977    |
|    std                  | 0.302       |
|    value_loss           | 14          |
-----------------------------------------
----------------------------------------
| rollout/                |            |
|    ep_len_mean          | 210        |
|    ep_rew_mean          | -45.2      |
| time/                   |            |
|    fps                  | 2210       |
|    iterations           | 168        |
|    time_elapsed         | 622        |
|    total_timesteps      | 1376256    |
| train/                  |            |
|    approx_kl            | 0.03838094 |
|    clip_fraction        | 0.293      |
|    clip_range           | 0.2        |
|    entropy_loss         | -0.401     |
|    explained_variance   | 0.921      |
|    learning_rate        | 0.0003     |
|    loss                 | 3.73       |
|    n_updates            | 9020       |
|    policy_gradient_loss | -0.00229   |
|    std                  | 0.302      |
|    value_loss           | 8.31       |
----------------------------------------
-----------------------------------------
| rollout/                |             |
|    ep_len_mean          | 192         |
|    ep_rew_mean          | -33.4       |
| time/                   |             |
|    fps                  | 2212        |
|    iterations           | 169         |
|    time_elapsed         | 625         |
|    total_timesteps      | 1384448     |
| train/                  |             |
|    approx_kl            | 0.027538909 |
|    clip_fraction        | 0.273       |
|    clip_range           | 0.2         |
|    entropy_loss         | -0.407      |
|    explained_variance   | 0.934       |
|    learning_rate        | 0.0003      |
|    loss                 | 2.87        |
|    n_updates            | 9030        |
|    policy_gradient_loss | -0.00809    |
|    std                  | 0.301       |
|    value_loss           | 10.4        |
-----------------------------------------
-----------------------------------------
| rollout/                |             |
|    ep_len_mean          | 141         |
|    ep_rew_mean          | -15.3       |
| time/                   |             |
|    fps                  | 2212        |
|    iterations           | 170         |
|    time_elapsed         | 629         |
|    total_timesteps      | 1392640     |
| train/                  |             |
|    approx_kl            | 0.022613846 |
|    clip_fraction        | 0.195       |
|    clip_range           | 0.2         |
|    entropy_loss         | -0.397      |
|    explained_variance   | 0.939       |
|    learning_rate        | 0.0003      |
|    loss                 | 3.52        |
|    n_updates            | 9040        |
|    policy_gradient_loss | -0.00671    |
|    std                  | 0.299       |
|    value_loss           | 12.1        |
-----------------------------------------
[PeriodicArtifactCallback] step 1400000: saving checkpoint, evaluating, rendering...
[PeriodicArtifactCallback] step 1400000: success_rate=0.60 pick_success_rate=0.60 mean_reward=-106.32 -> C:\GitHub\HumanoidRobot\simulation\training\pick_place\runs\pp_v25\dashboard.html
-----------------------------------------
| rollout/                |             |
|    ep_len_mean          | 134         |
|    ep_rew_mean          | -12         |
| time/                   |             |
|    fps                  | 2196        |
|    iterations           | 171         |
|    time_elapsed         | 637         |
|    total_timesteps      | 1400832     |
| train/                  |             |
|    approx_kl            | 0.027209014 |
|    clip_fraction        | 0.249       |
|    clip_range           | 0.2         |
|    entropy_loss         | -0.389      |
|    explained_variance   | 0.941       |
|    learning_rate        | 0.0003      |
|    loss                 | 2.74        |
|    n_updates            | 9050        |
|    policy_gradient_loss | -0.00735    |
|    std                  | 0.298       |
|    value_loss           | 10.4        |
-----------------------------------------
----------------------------------------
| rollout/                |            |
|    ep_len_mean          | 158        |
|    ep_rew_mean          | -19.9      |
| time/                   |            |
|    fps                  | 2198       |
|    iterations           | 172        |
|    time_elapsed         | 640        |
|    total_timesteps      | 1409024    |
| train/                  |            |
|    approx_kl            | 0.02282112 |
|    clip_fraction        | 0.231      |
|    clip_range           | 0.2        |
|    entropy_loss         | -0.387     |
|    explained_variance   | 0.937      |
|    learning_rate        | 0.0003     |
|    loss                 | 7.14       |
|    n_updates            | 9060       |
|    policy_gradient_loss | -0.00525   |
|    std                  | 0.3        |
|    value_loss           | 16.3       |
----------------------------------------
-----------------------------------------
| rollout/                |             |
|    ep_len_mean          | 171         |
|    ep_rew_mean          | -24.7       |
| time/                   |             |
|    fps                  | 2199        |
|    iterations           | 173         |
|    time_elapsed         | 644         |
|    total_timesteps      | 1417216     |
| train/                  |             |
|    approx_kl            | 0.027698541 |
|    clip_fraction        | 0.289       |
|    clip_range           | 0.2         |
|    entropy_loss         | -0.403      |
|    explained_variance   | 0.953       |
|    learning_rate        | 0.0003      |
|    loss                 | 3.76        |
|    n_updates            | 9070        |
|    policy_gradient_loss | -0.00523    |
|    std                  | 0.302       |
|    value_loss           | 8.72        |
-----------------------------------------
-----------------------------------------
| rollout/                |             |
|    ep_len_mean          | 173         |
|    ep_rew_mean          | -27         |
| time/                   |             |
|    fps                  | 2199        |
|    iterations           | 174         |
|    time_elapsed         | 647         |
|    total_timesteps      | 1425408     |
| train/                  |             |
|    approx_kl            | 0.037703425 |
|    clip_fraction        | 0.333       |
|    clip_range           | 0.2         |
|    entropy_loss         | -0.425      |
|    explained_variance   | 0.95        |
|    learning_rate        | 0.0003      |
|    loss                 | 2.54        |
|    n_updates            | 9080        |
|    policy_gradient_loss | -0.000693   |
|    std                  | 0.305       |
|    value_loss           | 5.83        |
-----------------------------------------
-----------------------------------------
| rollout/                |             |
|    ep_len_mean          | 196         |
|    ep_rew_mean          | -35.8       |
| time/                   |             |
|    fps                  | 2200        |
|    iterations           | 175         |
|    time_elapsed         | 651         |
|    total_timesteps      | 1433600     |
| train/                  |             |
|    approx_kl            | 0.028998911 |
|    clip_fraction        | 0.275       |
|    clip_range           | 0.2         |
|    entropy_loss         | -0.44       |
|    explained_variance   | 0.94        |
|    learning_rate        | 0.0003      |
|    loss                 | 2.03        |
|    n_updates            | 9090        |
|    policy_gradient_loss | -0.00322    |
|    std                  | 0.303       |
|    value_loss           | 8.6         |
-----------------------------------------
-----------------------------------------
| rollout/                |             |
|    ep_len_mean          | 221         |
|    ep_rew_mean          | -46         |
| time/                   |             |
|    fps                  | 2202        |
|    iterations           | 176         |
|    time_elapsed         | 654         |
|    total_timesteps      | 1441792     |
| train/                  |             |
|    approx_kl            | 0.037468303 |
|    clip_fraction        | 0.297       |
|    clip_range           | 0.2         |
|    entropy_loss         | -0.442      |
|    explained_variance   | 0.92        |
|    learning_rate        | 0.0003      |
|    loss                 | 1.67        |
|    n_updates            | 9100        |
|    policy_gradient_loss | -0.00347    |
|    std                  | 0.302       |
|    value_loss           | 5.61        |
-----------------------------------------
----------------------------------------
| rollout/                |            |
|    ep_len_mean          | 190        |
|    ep_rew_mean          | -39.1      |
| time/                   |            |
|    fps                  | 2203       |
|    iterations           | 177        |
|    time_elapsed         | 658        |
|    total_timesteps      | 1449984    |
| train/                  |            |
|    approx_kl            | 0.01880337 |
|    clip_fraction        | 0.212      |
|    clip_range           | 0.2        |
|    entropy_loss         | -0.452     |
|    explained_variance   | 0.887      |
|    learning_rate        | 0.0003     |
|    loss                 | 2.61       |
|    n_updates            | 9110       |
|    policy_gradient_loss | -0.00961   |
|    std                  | 0.304      |
|    value_loss           | 8.26       |
----------------------------------------
---------------------------------------
| rollout/                |           |
|    ep_len_mean          | 134       |
|    ep_rew_mean          | -23.6     |
| time/                   |           |
|    fps                  | 2203      |
|    iterations           | 178       |
|    time_elapsed         | 661       |
|    total_timesteps      | 1458176   |
| train/                  |           |
|    approx_kl            | 0.0233021 |
|    clip_fraction        | 0.241     |
|    clip_range           | 0.2       |
|    entropy_loss         | -0.446    |
|    explained_variance   | 0.926     |
|    learning_rate        | 0.0003    |
|    loss                 | 5.38      |
|    n_updates            | 9120      |
|    policy_gradient_loss | -0.00695  |
|    std                  | 0.302     |
|    value_loss           | 17.1      |
---------------------------------------
-----------------------------------------
| rollout/                |             |
|    ep_len_mean          | 169         |
|    ep_rew_mean          | -31.9       |
| time/                   |             |
|    fps                  | 2203        |
|    iterations           | 179         |
|    time_elapsed         | 665         |
|    total_timesteps      | 1466368     |
| train/                  |             |
|    approx_kl            | 0.017368129 |
|    clip_fraction        | 0.19        |
|    clip_range           | 0.2         |
|    entropy_loss         | -0.439      |
|    explained_variance   | 0.917       |
|    learning_rate        | 0.0003      |
|    loss                 | 5.65        |
|    n_updates            | 9130        |
|    policy_gradient_loss | -0.00985    |
|    std                  | 0.303       |
|    value_loss           | 12.1        |
-----------------------------------------
-----------------------------------------
| rollout/                |             |
|    ep_len_mean          | 144         |
|    ep_rew_mean          | -16.4       |
| time/                   |             |
|    fps                  | 2204        |
|    iterations           | 180         |
|    time_elapsed         | 668         |
|    total_timesteps      | 1474560     |
| train/                  |             |
|    approx_kl            | 0.031280555 |
|    clip_fraction        | 0.272       |
|    clip_range           | 0.2         |
|    entropy_loss         | -0.431      |
|    explained_variance   | 0.943       |
|    learning_rate        | 0.0003      |
|    loss                 | 2.99        |
|    n_updates            | 9140        |
|    policy_gradient_loss | -0.00514    |
|    std                  | 0.301       |
|    value_loss           | 10.3        |
-----------------------------------------
----------------------------------------
| rollout/                |            |
|    ep_len_mean          | 163        |
|    ep_rew_mean          | -23.8      |
| time/                   |            |
|    fps                  | 2206       |
|    iterations           | 181        |
|    time_elapsed         | 671        |
|    total_timesteps      | 1482752    |
| train/                  |            |
|    approx_kl            | 0.02563498 |
|    clip_fraction        | 0.233      |
|    clip_range           | 0.2        |
|    entropy_loss         | -0.426     |
|    explained_variance   | 0.934      |
|    learning_rate        | 0.0003     |
|    loss                 | 5.35       |
|    n_updates            | 9150       |
|    policy_gradient_loss | -0.00706   |
|    std                  | 0.302      |
|    value_loss           | 12.7       |
----------------------------------------
----------------------------------------
| rollout/                |            |
|    ep_len_mean          | 185        |
|    ep_rew_mean          | -29.7      |
| time/                   |            |
|    fps                  | 2208       |
|    iterations           | 182        |
|    time_elapsed         | 675        |
|    total_timesteps      | 1490944    |
| train/                  |            |
|    approx_kl            | 0.02381296 |
|    clip_fraction        | 0.231      |
|    clip_range           | 0.2        |
|    entropy_loss         | -0.437     |
|    explained_variance   | 0.936      |
|    learning_rate        | 0.0003     |
|    loss                 | 4.34       |
|    n_updates            | 9160       |
|    policy_gradient_loss | -0.00686   |
|    std                  | 0.303      |
|    value_loss           | 7.55       |
----------------------------------------
-----------------------------------------
| rollout/                |             |
|    ep_len_mean          | 191         |
|    ep_rew_mean          | -33         |
| time/                   |             |
|    fps                  | 2208        |
|    iterations           | 183         |
|    time_elapsed         | 678         |
|    total_timesteps      | 1499136     |
| train/                  |             |
|    approx_kl            | 0.027113182 |
|    clip_fraction        | 0.248       |
|    clip_range           | 0.2         |
|    entropy_loss         | -0.443      |
|    explained_variance   | 0.948       |
|    learning_rate        | 0.0003      |
|    loss                 | 4.06        |
|    n_updates            | 9170        |
|    policy_gradient_loss | -0.00853    |
|    std                  | 0.303       |
|    value_loss           | 9.51        |
-----------------------------------------
-----------------------------------------
| rollout/                |             |
|    ep_len_mean          | 212         |
|    ep_rew_mean          | -40.7       |
| time/                   |             |
|    fps                  | 2209        |
|    iterations           | 184         |
|    time_elapsed         | 682         |
|    total_timesteps      | 1507328     |
| train/                  |             |
|    approx_kl            | 0.029094346 |
|    clip_fraction        | 0.266       |
|    clip_range           | 0.2         |
|    entropy_loss         | -0.451      |
|    explained_variance   | 0.941       |
|    learning_rate        | 0.0003      |
|    loss                 | 4.61        |
|    n_updates            | 9180        |
|    policy_gradient_loss | -0.00503    |
|    std                  | 0.304       |
|    value_loss           | 8.82        |
-----------------------------------------
-----------------------------------------
| rollout/                |             |
|    ep_len_mean          | 226         |
|    ep_rew_mean          | -45.7       |
| time/                   |             |
|    fps                  | 2210        |
|    iterations           | 185         |
|    time_elapsed         | 685         |
|    total_timesteps      | 1515520     |
| train/                  |             |
|    approx_kl            | 0.034700584 |
|    clip_fraction        | 0.243       |
|    clip_range           | 0.2         |
|    entropy_loss         | -0.454      |
|    explained_variance   | 0.919       |
|    learning_rate        | 0.0003      |
|    loss                 | 1.49        |
|    n_updates            | 9190        |
|    policy_gradient_loss | -0.00852    |
|    std                  | 0.303       |
|    value_loss           | 8.16        |
-----------------------------------------
-----------------------------------------
| rollout/                |             |
|    ep_len_mean          | 222         |
|    ep_rew_mean          | -43.5       |
| time/                   |             |
|    fps                  | 2211        |
|    iterations           | 186         |
|    time_elapsed         | 688         |
|    total_timesteps      | 1523712     |
| train/                  |             |
|    approx_kl            | 0.025453173 |
|    clip_fraction        | 0.282       |
|    clip_range           | 0.2         |
|    entropy_loss         | -0.437      |
|    explained_variance   | 0.943       |
|    learning_rate        | 0.0003      |
|    loss                 | 3.52        |
|    n_updates            | 9200        |
|    policy_gradient_loss | -0.00262    |
|    std                  | 0.302       |
|    value_loss           | 8.5         |
-----------------------------------------
-----------------------------------------
| rollout/                |             |
|    ep_len_mean          | 220         |
|    ep_rew_mean          | -42.3       |
| time/                   |             |
|    fps                  | 2213        |
|    iterations           | 187         |
|    time_elapsed         | 692         |
|    total_timesteps      | 1531904     |
| train/                  |             |
|    approx_kl            | 0.023906335 |
|    clip_fraction        | 0.255       |
|    clip_range           | 0.2         |
|    entropy_loss         | -0.44       |
|    explained_variance   | 0.953       |
|    learning_rate        | 0.0003      |
|    loss                 | 3.01        |
|    n_updates            | 9210        |
|    policy_gradient_loss | -0.00661    |
|    std                  | 0.304       |
|    value_loss           | 8.29        |
-----------------------------------------
-----------------------------------------
| rollout/                |             |
|    ep_len_mean          | 212         |
|    ep_rew_mean          | -40.3       |
| time/                   |             |
|    fps                  | 2213        |
|    iterations           | 188         |
|    time_elapsed         | 695         |
|    total_timesteps      | 1540096     |
| train/                  |             |
|    approx_kl            | 0.029200645 |
|    clip_fraction        | 0.269       |
|    clip_range           | 0.2         |
|    entropy_loss         | -0.451      |
|    explained_variance   | 0.933       |
|    learning_rate        | 0.0003      |
|    loss                 | 2.6         |
|    n_updates            | 9220        |
|    policy_gradient_loss | -0.00402    |
|    std                  | 0.304       |
|    value_loss           | 5.69        |
-----------------------------------------
-----------------------------------------
| rollout/                |             |
|    ep_len_mean          | 206         |
|    ep_rew_mean          | -36.6       |
| time/                   |             |
|    fps                  | 2214        |
|    iterations           | 189         |
|    time_elapsed         | 699         |
|    total_timesteps      | 1548288     |
| train/                  |             |
|    approx_kl            | 0.026389636 |
|    clip_fraction        | 0.28        |
|    clip_range           | 0.2         |
|    entropy_loss         | -0.453      |
|    explained_variance   | 0.943       |
|    learning_rate        | 0.0003      |
|    loss                 | 3.3         |
|    n_updates            | 9230        |
|    policy_gradient_loss | -0.00518    |
|    std                  | 0.304       |
|    value_loss           | 8.41        |
-----------------------------------------
-----------------------------------------
| rollout/                |             |
|    ep_len_mean          | 186         |
|    ep_rew_mean          | -28.3       |
| time/                   |             |
|    fps                  | 2214        |
|    iterations           | 190         |
|    time_elapsed         | 702         |
|    total_timesteps      | 1556480     |
| train/                  |             |
|    approx_kl            | 0.018991029 |
|    clip_fraction        | 0.215       |
|    clip_range           | 0.2         |
|    entropy_loss         | -0.438      |
|    explained_variance   | 0.909       |
|    learning_rate        | 0.0003      |
|    loss                 | 9.6         |
|    n_updates            | 9240        |
|    policy_gradient_loss | -0.00797    |
|    std                  | 0.304       |
|    value_loss           | 16.6        |
-----------------------------------------
-----------------------------------------
| rollout/                |             |
|    ep_len_mean          | 171         |
|    ep_rew_mean          | -24.7       |
| time/                   |             |
|    fps                  | 2216        |
|    iterations           | 191         |
|    time_elapsed         | 706         |
|    total_timesteps      | 1564672     |
| train/                  |             |
|    approx_kl            | 0.030693159 |
|    clip_fraction        | 0.219       |
|    clip_range           | 0.2         |
|    entropy_loss         | -0.434      |
|    explained_variance   | 0.915       |
|    learning_rate        | 0.0003      |
|    loss                 | 6.28        |
|    n_updates            | 9250        |
|    policy_gradient_loss | -0.00802    |
|    std                  | 0.304       |
|    value_loss           | 15.2        |
-----------------------------------------
-----------------------------------------
| rollout/                |             |
|    ep_len_mean          | 180         |
|    ep_rew_mean          | -26.5       |
| time/                   |             |
|    fps                  | 2217        |
|    iterations           | 192         |
|    time_elapsed         | 709         |
|    total_timesteps      | 1572864     |
| train/                  |             |
|    approx_kl            | 0.029549405 |
|    clip_fraction        | 0.235       |
|    clip_range           | 0.2         |
|    entropy_loss         | -0.444      |
|    explained_variance   | 0.941       |
|    learning_rate        | 0.0003      |
|    loss                 | 4.79        |
|    n_updates            | 9260        |
|    policy_gradient_loss | -0.00316    |
|    std                  | 0.304       |
|    value_loss           | 9.48        |
-----------------------------------------
-----------------------------------------
| rollout/                |             |
|    ep_len_mean          | 186         |
|    ep_rew_mean          | -27.7       |
| time/                   |             |
|    fps                  | 2217        |
|    iterations           | 193         |
|    time_elapsed         | 712         |
|    total_timesteps      | 1581056     |
| train/                  |             |
|    approx_kl            | 0.030292157 |
|    clip_fraction        | 0.288       |
|    clip_range           | 0.2         |
|    entropy_loss         | -0.451      |
|    explained_variance   | 0.945       |
|    learning_rate        | 0.0003      |
|    loss                 | 5.43        |
|    n_updates            | 9270        |
|    policy_gradient_loss | -0.00671    |
|    std                  | 0.304       |
|    value_loss           | 11.6        |
-----------------------------------------
-----------------------------------------
| rollout/                |             |
|    ep_len_mean          | 194         |
|    ep_rew_mean          | -31         |
| time/                   |             |
|    fps                  | 2218        |
|    iterations           | 194         |
|    time_elapsed         | 716         |
|    total_timesteps      | 1589248     |
| train/                  |             |
|    approx_kl            | 0.018537033 |
|    clip_fraction        | 0.225       |
|    clip_range           | 0.2         |
|    entropy_loss         | -0.438      |
|    explained_variance   | 0.933       |
|    learning_rate        | 0.0003      |
|    loss                 | 8.42        |
|    n_updates            | 9280        |
|    policy_gradient_loss | -0.00887    |
|    std                  | 0.303       |
|    value_loss           | 17.5        |
-----------------------------------------
-----------------------------------------
| rollout/                |             |
|    ep_len_mean          | 204         |
|    ep_rew_mean          | -35.4       |
| time/                   |             |
|    fps                  | 2218        |
|    iterations           | 195         |
|    time_elapsed         | 719         |
|    total_timesteps      | 1597440     |
| train/                  |             |
|    approx_kl            | 0.032547325 |
|    clip_fraction        | 0.263       |
|    clip_range           | 0.2         |
|    entropy_loss         | -0.445      |
|    explained_variance   | 0.924       |
|    learning_rate        | 0.0003      |
|    loss                 | 4.53        |
|    n_updates            | 9290        |
|    policy_gradient_loss | -0.00382    |
|    std                  | 0.304       |
|    value_loss           | 9.84        |
-----------------------------------------
[PeriodicArtifactCallback] step 1600000: running periodic self-monitoring analysis...
[PeriodicArtifactCallback] analysis written to C:\GitHub\HumanoidRobot\simulation\training\pick_place\runs\pp_v25\analysis_1600000.md (stalled=False)
[PeriodicArtifactCallback] step 1600000: saving checkpoint, evaluating, rendering...
[PeriodicArtifactCallback] step 1600000: success_rate=0.30 pick_success_rate=0.30 mean_reward=-138.77 -> C:\GitHub\HumanoidRobot\simulation\training\pick_place\runs\pp_v25\dashboard.html
-----------------------------------------
| rollout/                |             |
|    ep_len_mean          | 210         |
|    ep_rew_mean          | -39.9       |
| time/                   |             |
|    fps                  | 2180        |
|    iterations           | 196         |
|    time_elapsed         | 736         |
|    total_timesteps      | 1605632     |
| train/                  |             |
|    approx_kl            | 0.064533465 |
|    clip_fraction        | 0.454       |
|    clip_range           | 0.2         |
|    entropy_loss         | -0.463      |
|    explained_variance   | 0.952       |
|    learning_rate        | 0.0003      |
|    loss                 | 1.29        |
|    n_updates            | 9300        |
|    policy_gradient_loss | 0.013       |
|    std                  | 0.304       |
|    value_loss           | 4.75        |
-----------------------------------------
-----------------------------------------
| rollout/                |             |
|    ep_len_mean          | 182         |
|    ep_rew_mean          | -33.1       |
| time/                   |             |
|    fps                  | 2181        |
|    iterations           | 197         |
|    time_elapsed         | 739         |
|    total_timesteps      | 1613824     |
| train/                  |             |
|    approx_kl            | 0.026115667 |
|    clip_fraction        | 0.298       |
|    clip_range           | 0.2         |
|    entropy_loss         | -0.466      |
|    explained_variance   | 0.929       |
|    learning_rate        | 0.0003      |
|    loss                 | 11          |
|    n_updates            | 9310        |
|    policy_gradient_loss | 0.002       |
|    std                  | 0.303       |
|    value_loss           | 15.4        |
-----------------------------------------
-----------------------------------------
| rollout/                |             |
|    ep_len_mean          | 188         |
|    ep_rew_mean          | -33.1       |
| time/                   |             |
|    fps                  | 2181        |
|    iterations           | 198         |
|    time_elapsed         | 743         |
|    total_timesteps      | 1622016     |
| train/                  |             |
|    approx_kl            | 0.020244967 |
|    clip_fraction        | 0.189       |
|    clip_range           | 0.2         |
|    entropy_loss         | -0.456      |
|    explained_variance   | 0.911       |
|    learning_rate        | 0.0003      |
|    loss                 | 3.52        |
|    n_updates            | 9320        |
|    policy_gradient_loss | -0.00626    |
|    std                  | 0.304       |
|    value_loss           | 17.3        |
-----------------------------------------
-----------------------------------------
| rollout/                |             |
|    ep_len_mean          | 168         |
|    ep_rew_mean          | -23         |
| time/                   |             |
|    fps                  | 2182        |
|    iterations           | 199         |
|    time_elapsed         | 746         |
|    total_timesteps      | 1630208     |
| train/                  |             |
|    approx_kl            | 0.023807745 |
|    clip_fraction        | 0.221       |
|    clip_range           | 0.2         |
|    entropy_loss         | -0.449      |
|    explained_variance   | 0.912       |
|    learning_rate        | 0.0003      |
|    loss                 | 7.75        |
|    n_updates            | 9330        |
|    policy_gradient_loss | -0.00728    |
|    std                  | 0.303       |
|    value_loss           | 15.6        |
-----------------------------------------
----------------------------------------
| rollout/                |            |
|    ep_len_mean          | 169        |
|    ep_rew_mean          | -21.8      |
| time/                   |            |
|    fps                  | 2183       |
|    iterations           | 200        |
|    time_elapsed         | 750        |
|    total_timesteps      | 1638400    |
| train/                  |            |
|    approx_kl            | 0.03608031 |
|    clip_fraction        | 0.275      |
|    clip_range           | 0.2        |
|    entropy_loss         | -0.455     |
|    explained_variance   | 0.937      |
|    learning_rate        | 0.0003     |
|    loss                 | 3.34       |
|    n_updates            | 9340       |
|    policy_gradient_loss | -0.00414   |
|    std                  | 0.304      |
|    value_loss           | 11.6       |
----------------------------------------
-----------------------------------------
| rollout/                |             |
|    ep_len_mean          | 174         |
|    ep_rew_mean          | -27.2       |
| time/                   |             |
|    fps                  | 2184        |
|    iterations           | 201         |
|    time_elapsed         | 753         |
|    total_timesteps      | 1646592     |
| train/                  |             |
|    approx_kl            | 0.028252263 |
|    clip_fraction        | 0.263       |
|    clip_range           | 0.2         |
|    entropy_loss         | -0.459      |
|    explained_variance   | 0.961       |
|    learning_rate        | 0.0003      |
|    loss                 | 3.48        |
|    n_updates            | 9350        |
|    policy_gradient_loss | -0.00496    |
|    std                  | 0.304       |
|    value_loss           | 8.97        |
-----------------------------------------
----------------------------------------
| rollout/                |            |
|    ep_len_mean          | 180        |
|    ep_rew_mean          | -31.1      |
| time/                   |            |
|    fps                  | 2185       |
|    iterations           | 202        |
|    time_elapsed         | 757        |
|    total_timesteps      | 1654784    |
| train/                  |            |
|    approx_kl            | 0.02917745 |
|    clip_fraction        | 0.25       |
|    clip_range           | 0.2        |
|    entropy_loss         | -0.466     |
|    explained_variance   | 0.957      |
|    learning_rate        | 0.0003     |
|    loss                 | 3.21       |
|    n_updates            | 9360       |
|    policy_gradient_loss | -0.00445   |
|    std                  | 0.305      |
|    value_loss           | 8.49       |
----------------------------------------
----------------------------------------
| rollout/                |            |
|    ep_len_mean          | 221        |
|    ep_rew_mean          | -44.2      |
| time/                   |            |
|    fps                  | 2185       |
|    iterations           | 203        |
|    time_elapsed         | 760        |
|    total_timesteps      | 1662976    |
| train/                  |            |
|    approx_kl            | 0.03262709 |
|    clip_fraction        | 0.287      |
|    clip_range           | 0.2        |
|    entropy_loss         | -0.471     |
|    explained_variance   | 0.939      |
|    learning_rate        | 0.0003     |
|    loss                 | 6.09       |
|    n_updates            | 9370       |
|    policy_gradient_loss | -0.00286   |
|    std                  | 0.305      |
|    value_loss           | 7.51       |
----------------------------------------
----------------------------------------
| rollout/                |            |
|    ep_len_mean          | 224        |
|    ep_rew_mean          | -43.2      |
| time/                   |            |
|    fps                  | 2187       |
|    iterations           | 204        |
|    time_elapsed         | 764        |
|    total_timesteps      | 1671168    |
| train/                  |            |
|    approx_kl            | 0.02612085 |
|    clip_fraction        | 0.252      |
|    clip_range           | 0.2        |
|    entropy_loss         | -0.479     |
|    explained_variance   | 0.955      |
|    learning_rate        | 0.0003     |
|    loss                 | 1.67       |
|    n_updates            | 9380       |
|    policy_gradient_loss | -0.00204   |
|    std                  | 0.306      |
|    value_loss           | 6.36       |
----------------------------------------
-----------------------------------------
| rollout/                |             |
|    ep_len_mean          | 170         |
|    ep_rew_mean          | -27.2       |
| time/                   |             |
|    fps                  | 2188        |
|    iterations           | 205         |
|    time_elapsed         | 767         |
|    total_timesteps      | 1679360     |
| train/                  |             |
|    approx_kl            | 0.021063495 |
|    clip_fraction        | 0.213       |
|    clip_range           | 0.2         |
|    entropy_loss         | -0.489      |
|    explained_variance   | 0.922       |
|    learning_rate        | 0.0003      |
|    loss                 | 3.21        |
|    n_updates            | 9390        |
|    policy_gradient_loss | -0.00662    |
|    std                  | 0.306       |
|    value_loss           | 15.8        |
-----------------------------------------
-----------------------------------------
| rollout/                |             |
|    ep_len_mean          | 188         |
|    ep_rew_mean          | -33.2       |
| time/                   |             |
|    fps                  | 2190        |
|    iterations           | 206         |
|    time_elapsed         | 770         |
|    total_timesteps      | 1687552     |
| train/                  |             |
|    approx_kl            | 0.021200232 |
|    clip_fraction        | 0.198       |
|    clip_range           | 0.2         |
|    entropy_loss         | -0.478      |
|    explained_variance   | 0.927       |
|    learning_rate        | 0.0003      |
|    loss                 | 6.97        |
|    n_updates            | 9400        |
|    policy_gradient_loss | -0.0125     |
|    std                  | 0.304       |
|    value_loss           | 13.6        |
-----------------------------------------
-----------------------------------------
| rollout/                |             |
|    ep_len_mean          | 237         |
|    ep_rew_mean          | -52.3       |
| time/                   |             |
|    fps                  | 2190        |
|    iterations           | 207         |
|    time_elapsed         | 773         |
|    total_timesteps      | 1695744     |
| train/                  |             |
|    approx_kl            | 0.027867425 |
|    clip_fraction        | 0.277       |
|    clip_range           | 0.2         |
|    entropy_loss         | -0.481      |
|    explained_variance   | 0.887       |
|    learning_rate        | 0.0003      |
|    loss                 | 4.46        |
|    n_updates            | 9410        |
|    policy_gradient_loss | -0.00316    |
|    std                  | 0.305       |
|    value_loss           | 9.1         |
-----------------------------------------
-----------------------------------------
| rollout/                |             |
|    ep_len_mean          | 214         |
|    ep_rew_mean          | -44.6       |
| time/                   |             |
|    fps                  | 2191        |
|    iterations           | 208         |
|    time_elapsed         | 777         |
|    total_timesteps      | 1703936     |
| train/                  |             |
|    approx_kl            | 0.026682867 |
|    clip_fraction        | 0.257       |
|    clip_range           | 0.2         |
|    entropy_loss         | -0.492      |
|    explained_variance   | 0.916       |
|    learning_rate        | 0.0003      |
|    loss                 | 2.25        |
|    n_updates            | 9420        |
|    policy_gradient_loss | -0.00737    |
|    std                  | 0.305       |
|    value_loss           | 6.74        |
-----------------------------------------
-----------------------------------------
| rollout/                |             |
|    ep_len_mean          | 174         |
|    ep_rew_mean          | -29.7       |
| time/                   |             |
|    fps                  | 2192        |
|    iterations           | 209         |
|    time_elapsed         | 780         |
|    total_timesteps      | 1712128     |
| train/                  |             |
|    approx_kl            | 0.018766193 |
|    clip_fraction        | 0.197       |
|    clip_range           | 0.2         |
|    entropy_loss         | -0.482      |
|    explained_variance   | 0.929       |
|    learning_rate        | 0.0003      |
|    loss                 | 8.39        |
|    n_updates            | 9430        |
|    policy_gradient_loss | -0.00922    |
|    std                  | 0.303       |
|    value_loss           | 17          |
-----------------------------------------
-----------------------------------------
| rollout/                |             |
|    ep_len_mean          | 181         |
|    ep_rew_mean          | -31         |
| time/                   |             |
|    fps                  | 2193        |
|    iterations           | 210         |
|    time_elapsed         | 784         |
|    total_timesteps      | 1720320     |
| train/                  |             |
|    approx_kl            | 0.034509167 |
|    clip_fraction        | 0.291       |
|    clip_range           | 0.2         |
|    entropy_loss         | -0.467      |
|    explained_variance   | 0.949       |
|    learning_rate        | 0.0003      |
|    loss                 | 1.78        |
|    n_updates            | 9440        |
|    policy_gradient_loss | -0.00169    |
|    std                  | 0.303       |
|    value_loss           | 5.52        |
-----------------------------------------
----------------------------------------
| rollout/                |            |
|    ep_len_mean          | 203        |
|    ep_rew_mean          | -38.5      |
| time/                   |            |
|    fps                  | 2195       |
|    iterations           | 211        |
|    time_elapsed         | 787        |
|    total_timesteps      | 1728512    |
| train/                  |            |
|    approx_kl            | 0.01891814 |
|    clip_fraction        | 0.208      |
|    clip_range           | 0.2        |
|    entropy_loss         | -0.469     |
|    explained_variance   | 0.929      |
|    learning_rate        | 0.0003     |
|    loss                 | 9.14       |
|    n_updates            | 9450       |
|    policy_gradient_loss | -0.00845   |
|    std                  | 0.304      |
|    value_loss           | 11.6       |
----------------------------------------
-----------------------------------------
| rollout/                |             |
|    ep_len_mean          | 214         |
|    ep_rew_mean          | -42.2       |
| time/                   |             |
|    fps                  | 2195        |
|    iterations           | 212         |
|    time_elapsed         | 790         |
|    total_timesteps      | 1736704     |
| train/                  |             |
|    approx_kl            | 0.023603745 |
|    clip_fraction        | 0.218       |
|    clip_range           | 0.2         |
|    entropy_loss         | -0.478      |
|    explained_variance   | 0.939       |
|    learning_rate        | 0.0003      |
|    loss                 | 4.14        |
|    n_updates            | 9460        |
|    policy_gradient_loss | -0.0107     |
|    std                  | 0.305       |
|    value_loss           | 11.2        |
-----------------------------------------
-----------------------------------------
| rollout/                |             |
|    ep_len_mean          | 206         |
|    ep_rew_mean          | -37.6       |
| time/                   |             |
|    fps                  | 2195        |
|    iterations           | 213         |
|    time_elapsed         | 794         |
|    total_timesteps      | 1744896     |
| train/                  |             |
|    approx_kl            | 0.032252185 |
|    clip_fraction        | 0.272       |
|    clip_range           | 0.2         |
|    entropy_loss         | -0.491      |
|    explained_variance   | 0.942       |
|    learning_rate        | 0.0003      |
|    loss                 | 2.11        |
|    n_updates            | 9470        |
|    policy_gradient_loss | -0.00466    |
|    std                  | 0.305       |
|    value_loss           | 6.65        |
-----------------------------------------
-----------------------------------------
| rollout/                |             |
|    ep_len_mean          | 203         |
|    ep_rew_mean          | -38.7       |
| time/                   |             |
|    fps                  | 2197        |
|    iterations           | 214         |
|    time_elapsed         | 797         |
|    total_timesteps      | 1753088     |
| train/                  |             |
|    approx_kl            | 0.025909752 |
|    clip_fraction        | 0.246       |
|    clip_range           | 0.2         |
|    entropy_loss         | -0.494      |
|    explained_variance   | 0.929       |
|    learning_rate        | 0.0003      |
|    loss                 | 6.47        |
|    n_updates            | 9480        |
|    policy_gradient_loss | -0.00714    |
|    std                  | 0.305       |
|    value_loss           | 14.3        |
-----------------------------------------
-----------------------------------------
| rollout/                |             |
|    ep_len_mean          | 185         |
|    ep_rew_mean          | -35.7       |
| time/                   |             |
|    fps                  | 2198        |
|    iterations           | 215         |
|    time_elapsed         | 801         |
|    total_timesteps      | 1761280     |
| train/                  |             |
|    approx_kl            | 0.025931854 |
|    clip_fraction        | 0.208       |
|    clip_range           | 0.2         |
|    entropy_loss         | -0.488      |
|    explained_variance   | 0.916       |
|    learning_rate        | 0.0003      |
|    loss                 | 2.57        |
|    n_updates            | 9490        |
|    policy_gradient_loss | -0.00738    |
|    std                  | 0.304       |
|    value_loss           | 13.1        |
-----------------------------------------
-----------------------------------------
| rollout/                |             |
|    ep_len_mean          | 197         |
|    ep_rew_mean          | -40.3       |
| time/                   |             |
|    fps                  | 2199        |
|    iterations           | 216         |
|    time_elapsed         | 804         |
|    total_timesteps      | 1769472     |
| train/                  |             |
|    approx_kl            | 0.020023432 |
|    clip_fraction        | 0.203       |
|    clip_range           | 0.2         |
|    entropy_loss         | -0.483      |
|    explained_variance   | 0.928       |
|    learning_rate        | 0.0003      |
|    loss                 | 6.32        |
|    n_updates            | 9500        |
|    policy_gradient_loss | -0.00825    |
|    std                  | 0.304       |
|    value_loss           | 15.6        |
-----------------------------------------
-----------------------------------------
| rollout/                |             |
|    ep_len_mean          | 172         |
|    ep_rew_mean          | -26.4       |
| time/                   |             |
|    fps                  | 2200        |
|    iterations           | 217         |
|    time_elapsed         | 808         |
|    total_timesteps      | 1777664     |
| train/                  |             |
|    approx_kl            | 0.032984316 |
|    clip_fraction        | 0.297       |
|    clip_range           | 0.2         |
|    entropy_loss         | -0.492      |
|    explained_variance   | 0.93        |
|    learning_rate        | 0.0003      |
|    loss                 | 5.58        |
|    n_updates            | 9510        |
|    policy_gradient_loss | -0.00437    |
|    std                  | 0.305       |
|    value_loss           | 12.8        |
-----------------------------------------
-----------------------------------------
| rollout/                |             |
|    ep_len_mean          | 153         |
|    ep_rew_mean          | -22.3       |
| time/                   |             |
|    fps                  | 2200        |
|    iterations           | 218         |
|    time_elapsed         | 811         |
|    total_timesteps      | 1785856     |
| train/                  |             |
|    approx_kl            | 0.016274571 |
|    clip_fraction        | 0.19        |
|    clip_range           | 0.2         |
|    entropy_loss         | -0.484      |
|    explained_variance   | 0.905       |
|    learning_rate        | 0.0003      |
|    loss                 | 10.4        |
|    n_updates            | 9520        |
|    policy_gradient_loss | -0.00719    |
|    std                  | 0.302       |
|    value_loss           | 27.4        |
-----------------------------------------
-----------------------------------------
| rollout/                |             |
|    ep_len_mean          | 175         |
|    ep_rew_mean          | -31.8       |
| time/                   |             |
|    fps                  | 2201        |
|    iterations           | 219         |
|    time_elapsed         | 814         |
|    total_timesteps      | 1794048     |
| train/                  |             |
|    approx_kl            | 0.026618041 |
|    clip_fraction        | 0.255       |
|    clip_range           | 0.2         |
|    entropy_loss         | -0.476      |
|    explained_variance   | 0.929       |
|    learning_rate        | 0.0003      |
|    loss                 | 4.14        |
|    n_updates            | 9530        |
|    policy_gradient_loss | -0.00818    |
|    std                  | 0.303       |
|    value_loss           | 15.6        |
-----------------------------------------
[PeriodicArtifactCallback] step 1800000: saving checkpoint, evaluating, rendering...
[PeriodicArtifactCallback] step 1800000: success_rate=0.20 pick_success_rate=0.50 mean_reward=-98.73 -> C:\GitHub\HumanoidRobot\simulation\training\pick_place\runs\pp_v25\dashboard.html
----------------------------------------
| rollout/                |            |
|    ep_len_mean          | 202        |
|    ep_rew_mean          | -38.6      |
| time/                   |            |
|    fps                  | 2188       |
|    iterations           | 220        |
|    time_elapsed         | 823        |
|    total_timesteps      | 1802240    |
| train/                  |            |
|    approx_kl            | 0.02783233 |
|    clip_fraction        | 0.302      |
|    clip_range           | 0.2        |
|    entropy_loss         | -0.484     |
|    explained_variance   | 0.918      |
|    learning_rate        | 0.0003     |
|    loss                 | 2.43       |
|    n_updates            | 9540       |
|    policy_gradient_loss | -0.00262   |
|    std                  | 0.304      |
|    value_loss           | 8.99       |
----------------------------------------
-----------------------------------------
| rollout/                |             |
|    ep_len_mean          | 212         |
|    ep_rew_mean          | -45.4       |
| time/                   |             |
|    fps                  | 2188        |
|    iterations           | 221         |
|    time_elapsed         | 827         |
|    total_timesteps      | 1810432     |
| train/                  |             |
|    approx_kl            | 0.024337739 |
|    clip_fraction        | 0.245       |
|    clip_range           | 0.2         |
|    entropy_loss         | -0.487      |
|    explained_variance   | 0.905       |
|    learning_rate        | 0.0003      |
|    loss                 | 13          |
|    n_updates            | 9550        |
|    policy_gradient_loss | -0.00822    |
|    std                  | 0.304       |
|    value_loss           | 18.8        |
-----------------------------------------
-----------------------------------------
| rollout/                |             |
|    ep_len_mean          | 193         |
|    ep_rew_mean          | -42.2       |
| time/                   |             |
|    fps                  | 2190        |
|    iterations           | 222         |
|    time_elapsed         | 830         |
|    total_timesteps      | 1818624     |
| train/                  |             |
|    approx_kl            | 0.019444808 |
|    clip_fraction        | 0.228       |
|    clip_range           | 0.2         |
|    entropy_loss         | -0.473      |
|    explained_variance   | 0.926       |
|    learning_rate        | 0.0003      |
|    loss                 | 16.7        |
|    n_updates            | 9560        |
|    policy_gradient_loss | -0.00575    |
|    std                  | 0.302       |
|    value_loss           | 16.7        |
-----------------------------------------
-----------------------------------------
| rollout/                |             |
|    ep_len_mean          | 182         |
|    ep_rew_mean          | -36.7       |
| time/                   |             |
|    fps                  | 2192        |
|    iterations           | 223         |
|    time_elapsed         | 833         |
|    total_timesteps      | 1826816     |
| train/                  |             |
|    approx_kl            | 0.020846266 |
|    clip_fraction        | 0.225       |
|    clip_range           | 0.2         |
|    entropy_loss         | -0.459      |
|    explained_variance   | 0.909       |
|    learning_rate        | 0.0003      |
|    loss                 | 6.27        |
|    n_updates            | 9570        |
|    policy_gradient_loss | -0.00593    |
|    std                  | 0.302       |
|    value_loss           | 18.7        |
-----------------------------------------
-----------------------------------------
| rollout/                |             |
|    ep_len_mean          | 174         |
|    ep_rew_mean          | -31         |
| time/                   |             |
|    fps                  | 2192        |
|    iterations           | 224         |
|    time_elapsed         | 836         |
|    total_timesteps      | 1835008     |
| train/                  |             |
|    approx_kl            | 0.022545457 |
|    clip_fraction        | 0.211       |
|    clip_range           | 0.2         |
|    entropy_loss         | -0.452      |
|    explained_variance   | 0.913       |
|    learning_rate        | 0.0003      |
|    loss                 | 12.3        |
|    n_updates            | 9580        |
|    policy_gradient_loss | -0.00914    |
|    std                  | 0.301       |
|    value_loss           | 21.9        |
-----------------------------------------
-----------------------------------------
| rollout/                |             |
|    ep_len_mean          | 184         |
|    ep_rew_mean          | -33.7       |
| time/                   |             |
|    fps                  | 2192        |
|    iterations           | 225         |
|    time_elapsed         | 840         |
|    total_timesteps      | 1843200     |
| train/                  |             |
|    approx_kl            | 0.034917425 |
|    clip_fraction        | 0.36        |
|    clip_range           | 0.2         |
|    entropy_loss         | -0.455      |
|    explained_variance   | 0.955       |
|    learning_rate        | 0.0003      |
|    loss                 | 3.17        |
|    n_updates            | 9590        |
|    policy_gradient_loss | 0.000899    |
|    std                  | 0.301       |
|    value_loss           | 7.05        |
-----------------------------------------
-----------------------------------------
| rollout/                |             |
|    ep_len_mean          | 220         |
|    ep_rew_mean          | -46.9       |
| time/                   |             |
|    fps                  | 2193        |
|    iterations           | 226         |
|    time_elapsed         | 843         |
|    total_timesteps      | 1851392     |
| train/                  |             |
|    approx_kl            | 0.017910942 |
|    clip_fraction        | 0.205       |
|    clip_range           | 0.2         |
|    entropy_loss         | -0.449      |
|    explained_variance   | 0.917       |
|    learning_rate        | 0.0003      |
|    loss                 | 4.43        |
|    n_updates            | 9600        |
|    policy_gradient_loss | -0.0114     |
|    std                  | 0.302       |
|    value_loss           | 16.1        |
-----------------------------------------
---------------------------------------
| rollout/                |           |
|    ep_len_mean          | 186       |
|    ep_rew_mean          | -35.9     |
| time/                   |           |
|    fps                  | 2195      |
|    iterations           | 227       |
|    time_elapsed         | 847       |
|    total_timesteps      | 1859584   |
| train/                  |           |
|    approx_kl            | 0.0288261 |
|    clip_fraction        | 0.252     |
|    clip_range           | 0.2       |
|    entropy_loss         | -0.444    |
|    explained_variance   | 0.945     |
|    learning_rate        | 0.0003    |
|    loss                 | 2.39      |
|    n_updates            | 9610      |
|    policy_gradient_loss | -0.00567  |
|    std                  | 0.301     |
|    value_loss           | 11.1      |
---------------------------------------
-----------------------------------------
| rollout/                |             |
|    ep_len_mean          | 164         |
|    ep_rew_mean          | -24         |
| time/                   |             |
|    fps                  | 2195        |
|    iterations           | 228         |
|    time_elapsed         | 850         |
|    total_timesteps      | 1867776     |
| train/                  |             |
|    approx_kl            | 0.028385514 |
|    clip_fraction        | 0.23        |
|    clip_range           | 0.2         |
|    entropy_loss         | -0.446      |
|    explained_variance   | 0.94        |
|    learning_rate        | 0.0003      |
|    loss                 | 7           |
|    n_updates            | 9620        |
|    policy_gradient_loss | -0.007      |
|    std                  | 0.302       |
|    value_loss           | 13.2        |
-----------------------------------------
-----------------------------------------
| rollout/                |             |
|    ep_len_mean          | 191         |
|    ep_rew_mean          | -36.8       |
| time/                   |             |
|    fps                  | 2196        |
|    iterations           | 229         |
|    time_elapsed         | 854         |
|    total_timesteps      | 1875968     |
| train/                  |             |
|    approx_kl            | 0.024570245 |
|    clip_fraction        | 0.241       |
|    clip_range           | 0.2         |
|    entropy_loss         | -0.449      |
|    explained_variance   | 0.933       |
|    learning_rate        | 0.0003      |
|    loss                 | 9.38        |
|    n_updates            | 9630        |
|    policy_gradient_loss | -0.00733    |
|    std                  | 0.301       |
|    value_loss           | 18.1        |
-----------------------------------------
-----------------------------------------
| rollout/                |             |
|    ep_len_mean          | 182         |
|    ep_rew_mean          | -34.8       |
| time/                   |             |
|    fps                  | 2196        |
|    iterations           | 230         |
|    time_elapsed         | 857         |
|    total_timesteps      | 1884160     |
| train/                  |             |
|    approx_kl            | 0.048114523 |
|    clip_fraction        | 0.273       |
|    clip_range           | 0.2         |
|    entropy_loss         | -0.442      |
|    explained_variance   | 0.935       |
|    learning_rate        | 0.0003      |
|    loss                 | 2.96        |
|    n_updates            | 9640        |
|    policy_gradient_loss | -0.00893    |
|    std                  | 0.3         |
|    value_loss           | 6.71        |
-----------------------------------------
-----------------------------------------
| rollout/                |             |
|    ep_len_mean          | 185         |
|    ep_rew_mean          | -37.6       |
| time/                   |             |
|    fps                  | 2197        |
|    iterations           | 231         |
|    time_elapsed         | 861         |
|    total_timesteps      | 1892352     |
| train/                  |             |
|    approx_kl            | 0.021744933 |
|    clip_fraction        | 0.236       |
|    clip_range           | 0.2         |
|    entropy_loss         | -0.447      |
|    explained_variance   | 0.933       |
|    learning_rate        | 0.0003      |
|    loss                 | 2.82        |
|    n_updates            | 9650        |
|    policy_gradient_loss | -0.00905    |
|    std                  | 0.302       |
|    value_loss           | 12.8        |
-----------------------------------------
-----------------------------------------
| rollout/                |             |
|    ep_len_mean          | 190         |
|    ep_rew_mean          | -36.2       |
| time/                   |             |
|    fps                  | 2198        |
|    iterations           | 232         |
|    time_elapsed         | 864         |
|    total_timesteps      | 1900544     |
| train/                  |             |
|    approx_kl            | 0.024999194 |
|    clip_fraction        | 0.242       |
|    clip_range           | 0.2         |
|    entropy_loss         | -0.461      |
|    explained_variance   | 0.923       |
|    learning_rate        | 0.0003      |
|    loss                 | 9.11        |
|    n_updates            | 9660        |
|    policy_gradient_loss | -0.00543    |
|    std                  | 0.303       |
|    value_loss           | 13.4        |
-----------------------------------------
-----------------------------------------
| rollout/                |             |
|    ep_len_mean          | 173         |
|    ep_rew_mean          | -28.7       |
| time/                   |             |
|    fps                  | 2199        |
|    iterations           | 233         |
|    time_elapsed         | 867         |
|    total_timesteps      | 1908736     |
| train/                  |             |
|    approx_kl            | 0.030046199 |
|    clip_fraction        | 0.248       |
|    clip_range           | 0.2         |
|    entropy_loss         | -0.453      |
|    explained_variance   | 0.921       |
|    learning_rate        | 0.0003      |
|    loss                 | 12          |
|    n_updates            | 9670        |
|    policy_gradient_loss | -0.00305    |
|    std                  | 0.302       |
|    value_loss           | 20.1        |
-----------------------------------------
----------------------------------------
| rollout/                |            |
|    ep_len_mean          | 201        |
|    ep_rew_mean          | -36        |
| time/                   |            |
|    fps                  | 2200       |
|    iterations           | 234        |
|    time_elapsed         | 871        |
|    total_timesteps      | 1916928    |
| train/                  |            |
|    approx_kl            | 0.03265837 |
|    clip_fraction        | 0.3        |
|    clip_range           | 0.2        |
|    entropy_loss         | -0.455     |
|    explained_variance   | 0.917      |
|    learning_rate        | 0.0003     |
|    loss                 | 3.27       |
|    n_updates            | 9680       |
|    policy_gradient_loss | -0.0039    |
|    std                  | 0.302      |
|    value_loss           | 10.4       |
----------------------------------------
----------------------------------------
| rollout/                |            |
|    ep_len_mean          | 220        |
|    ep_rew_mean          | -42.8      |
| time/                   |            |
|    fps                  | 2200       |
|    iterations           | 235        |
|    time_elapsed         | 874        |
|    total_timesteps      | 1925120    |
| train/                  |            |
|    approx_kl            | 0.02777663 |
|    clip_fraction        | 0.279      |
|    clip_range           | 0.2        |
|    entropy_loss         | -0.463     |
|    explained_variance   | 0.94       |
|    learning_rate        | 0.0003     |
|    loss                 | 4.84       |
|    n_updates            | 9690       |
|    policy_gradient_loss | -0.00648   |
|    std                  | 0.302      |
|    value_loss           | 11         |
----------------------------------------
-----------------------------------------
| rollout/                |             |
|    ep_len_mean          | 189         |
|    ep_rew_mean          | -32.8       |
| time/                   |             |
|    fps                  | 2201        |
|    iterations           | 236         |
|    time_elapsed         | 878         |
|    total_timesteps      | 1933312     |
| train/                  |             |
|    approx_kl            | 0.030822184 |
|    clip_fraction        | 0.264       |
|    clip_range           | 0.2         |
|    entropy_loss         | -0.455      |
|    explained_variance   | 0.922       |
|    learning_rate        | 0.0003      |
|    loss                 | 5.1         |
|    n_updates            | 9700        |
|    policy_gradient_loss | -0.00964    |
|    std                  | 0.302       |
|    value_loss           | 15.1        |
-----------------------------------------
--------------------------------------
| rollout/                |          |
|    ep_len_mean          | 183      |
|    ep_rew_mean          | -31.9    |
| time/                   |          |
|    fps                  | 2202     |
|    iterations           | 237      |
|    time_elapsed         | 881      |
|    total_timesteps      | 1941504  |
| train/                  |          |
|    approx_kl            | 0.038521 |
|    clip_fraction        | 0.305    |
|    clip_range           | 0.2      |
|    entropy_loss         | -0.453   |
|    explained_variance   | 0.944    |
|    learning_rate        | 0.0003   |
|    loss                 | 4.13     |
|    n_updates            | 9710     |
|    policy_gradient_loss | -0.00281 |
|    std                  | 0.302    |
|    value_loss           | 11.2     |
--------------------------------------
-----------------------------------------
| rollout/                |             |
|    ep_len_mean          | 188         |
|    ep_rew_mean          | -35.4       |
| time/                   |             |
|    fps                  | 2203        |
|    iterations           | 238         |
|    time_elapsed         | 884         |
|    total_timesteps      | 1949696     |
| train/                  |             |
|    approx_kl            | 0.021728413 |
|    clip_fraction        | 0.216       |
|    clip_range           | 0.2         |
|    entropy_loss         | -0.445      |
|    explained_variance   | 0.911       |
|    learning_rate        | 0.0003      |
|    loss                 | 9.54        |
|    n_updates            | 9720        |
|    policy_gradient_loss | -0.00868    |
|    std                  | 0.302       |
|    value_loss           | 21          |
-----------------------------------------
----------------------------------------
| rollout/                |            |
|    ep_len_mean          | 182        |
|    ep_rew_mean          | -35.3      |
| time/                   |            |
|    fps                  | 2203       |
|    iterations           | 239        |
|    time_elapsed         | 888        |
|    total_timesteps      | 1957888    |
| train/                  |            |
|    approx_kl            | 0.04014257 |
|    clip_fraction        | 0.333      |
|    clip_range           | 0.2        |
|    entropy_loss         | -0.44      |
|    explained_variance   | 0.946      |
|    learning_rate        | 0.0003     |
|    loss                 | 6.02       |
|    n_updates            | 9730       |
|    policy_gradient_loss | -0.00296   |
|    std                  | 0.301      |
|    value_loss           | 11.7       |
----------------------------------------
-----------------------------------------
| rollout/                |             |
|    ep_len_mean          | 187         |
|    ep_rew_mean          | -36         |
| time/                   |             |
|    fps                  | 2203        |
|    iterations           | 240         |
|    time_elapsed         | 892         |
|    total_timesteps      | 1966080     |
| train/                  |             |
|    approx_kl            | 0.029063424 |
|    clip_fraction        | 0.292       |
|    clip_range           | 0.2         |
|    entropy_loss         | -0.438      |
|    explained_variance   | 0.924       |
|    learning_rate        | 0.0003      |
|    loss                 | 6.28        |
|    n_updates            | 9740        |
|    policy_gradient_loss | -0.00777    |
|    std                  | 0.3         |
|    value_loss           | 15.6        |
-----------------------------------------
-----------------------------------------
| rollout/                |             |
|    ep_len_mean          | 200         |
|    ep_rew_mean          | -38.7       |
| time/                   |             |
|    fps                  | 2205        |
|    iterations           | 241         |
|    time_elapsed         | 895         |
|    total_timesteps      | 1974272     |
| train/                  |             |
|    approx_kl            | 0.029883182 |
|    clip_fraction        | 0.289       |
|    clip_range           | 0.2         |
|    entropy_loss         | -0.426      |
|    explained_variance   | 0.94        |
|    learning_rate        | 0.0003      |
|    loss                 | 6.93        |
|    n_updates            | 9750        |
|    policy_gradient_loss | -0.00651    |
|    std                  | 0.297       |
|    value_loss           | 11.4        |
-----------------------------------------
-----------------------------------------
| rollout/                |             |
|    ep_len_mean          | 230         |
|    ep_rew_mean          | -47.8       |
| time/                   |             |
|    fps                  | 2206        |
|    iterations           | 242         |
|    time_elapsed         | 898         |
|    total_timesteps      | 1982464     |
| train/                  |             |
|    approx_kl            | 0.081957966 |
|    clip_fraction        | 0.334       |
|    clip_range           | 0.2         |
|    entropy_loss         | -0.403      |
|    explained_variance   | 0.927       |
|    learning_rate        | 0.0003      |
|    loss                 | 2.96        |
|    n_updates            | 9760        |
|    policy_gradient_loss | -0.00137    |
|    std                  | 0.297       |
|    value_loss           | 8.65        |
-----------------------------------------
-----------------------------------------
| rollout/                |             |
|    ep_len_mean          | 209         |
|    ep_rew_mean          | -39.7       |
| time/                   |             |
|    fps                  | 2207        |
|    iterations           | 243         |
|    time_elapsed         | 901         |
|    total_timesteps      | 1990656     |
| train/                  |             |
|    approx_kl            | 0.030035403 |
|    clip_fraction        | 0.291       |
|    clip_range           | 0.2         |
|    entropy_loss         | -0.401      |
|    explained_variance   | 0.95        |
|    learning_rate        | 0.0003      |
|    loss                 | 5.76        |
|    n_updates            | 9770        |
|    policy_gradient_loss | -0.00851    |
|    std                  | 0.297       |
|    value_loss           | 10.3        |
-----------------------------------------
-----------------------------------------
| rollout/                |             |
|    ep_len_mean          | 201         |
|    ep_rew_mean          | -36.3       |
| time/                   |             |
|    fps                  | 2208        |
|    iterations           | 244         |
|    time_elapsed         | 905         |
|    total_timesteps      | 1998848     |
| train/                  |             |
|    approx_kl            | 0.029046977 |
|    clip_fraction        | 0.262       |
|    clip_range           | 0.2         |
|    entropy_loss         | -0.406      |
|    explained_variance   | 0.949       |
|    learning_rate        | 0.0003      |
|    loss                 | 2.78        |
|    n_updates            | 9780        |
|    policy_gradient_loss | -0.00471    |
|    std                  | 0.298       |
|    value_loss           | 8.26        |
-----------------------------------------
[PeriodicArtifactCallback] step 2000000: running periodic self-monitoring analysis...
[PeriodicArtifactCallback] analysis written to C:\GitHub\HumanoidRobot\simulation\training\pick_place\runs\pp_v25\analysis_2000000.md (stalled=False)
[PeriodicArtifactCallback] step 2000000: saving checkpoint, evaluating, rendering...
[PeriodicArtifactCallback] step 2000000: success_rate=0.50 pick_success_rate=0.50 mean_reward=-124.83 -> C:\GitHub\HumanoidRobot\simulation\training\pick_place\runs\pp_v25\dashboard.html
-----------------------------------------
| rollout/                |             |
|    ep_len_mean          | 227         |
|    ep_rew_mean          | -44.4       |
| time/                   |             |
|    fps                  | 2189        |
|    iterations           | 245         |
|    time_elapsed         | 916         |
|    total_timesteps      | 2007040     |
| train/                  |             |
|    approx_kl            | 0.050339606 |
|    clip_fraction        | 0.375       |
|    clip_range           | 0.2         |
|    entropy_loss         | -0.418      |
|    explained_variance   | 0.963       |
|    learning_rate        | 0.0003      |
|    loss                 | 2.8         |
|    n_updates            | 9790        |
|    policy_gradient_loss | 0.00196     |
|    std                  | 0.298       |
|    value_loss           | 5.01        |
-----------------------------------------
[PeriodicArtifactCallback] step 2007040: saving checkpoint, evaluating, rendering...
[PeriodicArtifactCallback] step 2007040: success_rate=0.40 pick_success_rate=0.50 mean_reward=-143.22 -> C:\GitHub\HumanoidRobot\simulation\training\pick_place\runs\pp_v25\dashboard.html
Training complete. Final checkpoint: C:\GitHub\HumanoidRobot\simulation\training\pick_place\runs\pp_v25\checkpoints\final.zip
Dashboard: C:\GitHub\HumanoidRobot\simulation\training\pick_place\runs\pp_v25\dashboard.html
