Continuing from checkpoint: C:/GitHub/HumanoidRobot/simulation/training/pick_place/runs/pp_v15/checkpoints/final.zip
Logging to C:\GitHub\HumanoidRobot\simulation\training\pick_place\runs\pp_v16\logs\pp_v16_1
---------------------------------
| rollout/           |          |
|    ep_len_mean     | 27.1     |
|    ep_rew_mean     | 16.6     |
| time/              |          |
|    fps             | 3878     |
|    iterations      | 1        |
|    time_elapsed    | 2        |
|    total_timesteps | 8192     |
---------------------------------
-----------------------------------------
| rollout/                |             |
|    ep_len_mean          | 123         |
|    ep_rew_mean          | -35.2       |
| time/                   |             |
|    fps                  | 1546        |
|    iterations           | 2           |
|    time_elapsed         | 10          |
|    total_timesteps      | 16384       |
| train/                  |             |
|    approx_kl            | 0.014829146 |
|    clip_fraction        | 0.136       |
|    clip_range           | 0.2         |
|    entropy_loss         | -1.55       |
|    explained_variance   | 0.811       |
|    learning_rate        | 0.0003      |
|    loss                 | 27.7        |
|    n_updates            | 17320       |
|    policy_gradient_loss | -0.0105     |
|    std                  | 0.399       |
|    value_loss           | 33.6        |
-----------------------------------------
-----------------------------------------
| rollout/                |             |
|    ep_len_mean          | 124         |
|    ep_rew_mean          | -28.2       |
| time/                   |             |
|    fps                  | 1273        |
|    iterations           | 3           |
|    time_elapsed         | 19          |
|    total_timesteps      | 24576       |
| train/                  |             |
|    approx_kl            | 0.025060326 |
|    clip_fraction        | 0.196       |
|    clip_range           | 0.2         |
|    entropy_loss         | -1.56       |
|    explained_variance   | 0.911       |
|    learning_rate        | 0.0003      |
|    loss                 | 11.3        |
|    n_updates            | 17330       |
|    policy_gradient_loss | -0.00993    |
|    std                  | 0.4         |
|    value_loss           | 21.1        |
-----------------------------------------
-----------------------------------------
| rollout/                |             |
|    ep_len_mean          | 127         |
|    ep_rew_mean          | -31.4       |
| time/                   |             |
|    fps                  | 1188        |
|    iterations           | 4           |
|    time_elapsed         | 27          |
|    total_timesteps      | 32768       |
| train/                  |             |
|    approx_kl            | 0.029975353 |
|    clip_fraction        | 0.221       |
|    clip_range           | 0.2         |
|    entropy_loss         | -1.58       |
|    explained_variance   | 0.941       |
|    learning_rate        | 0.0003      |
|    loss                 | 7.55        |
|    n_updates            | 17340       |
|    policy_gradient_loss | -0.00602    |
|    std                  | 0.402       |
|    value_loss           | 19.9        |
-----------------------------------------
---------------------------------------
| rollout/                |           |
|    ep_len_mean          | 139       |
|    ep_rew_mean          | -46.8     |
| time/                   |           |
|    fps                  | 1127      |
|    iterations           | 5         |
|    time_elapsed         | 36        |
|    total_timesteps      | 40960     |
| train/                  |           |
|    approx_kl            | 0.0817454 |
|    clip_fraction        | 0.271     |
|    clip_range           | 0.2       |
|    entropy_loss         | -1.6      |
|    explained_variance   | 0.937     |
|    learning_rate        | 0.0003    |
|    loss                 | 5.91      |
|    n_updates            | 17350     |
|    policy_gradient_loss | 0.00195   |
|    std                  | 0.404     |
|    value_loss           | 15.6      |
---------------------------------------
----------------------------------------
| rollout/                |            |
|    ep_len_mean          | 122        |
|    ep_rew_mean          | -34.2      |
| time/                   |            |
|    fps                  | 1101       |
|    iterations           | 6          |
|    time_elapsed         | 44         |
|    total_timesteps      | 49152      |
| train/                  |            |
|    approx_kl            | 0.03179558 |
|    clip_fraction        | 0.25       |
|    clip_range           | 0.2        |
|    entropy_loss         | -1.62      |
|    explained_variance   | 0.929      |
|    learning_rate        | 0.0003     |
|    loss                 | 2.05       |
|    n_updates            | 17360      |
|    policy_gradient_loss | -0.0034    |
|    std                  | 0.405      |
|    value_loss           | 20         |
----------------------------------------
----------------------------------------
| rollout/                |            |
|    ep_len_mean          | 126        |
|    ep_rew_mean          | -29        |
| time/                   |            |
|    fps                  | 1075       |
|    iterations           | 7          |
|    time_elapsed         | 53         |
|    total_timesteps      | 57344      |
| train/                  |            |
|    approx_kl            | 0.03972562 |
|    clip_fraction        | 0.3        |
|    clip_range           | 0.2        |
|    entropy_loss         | -1.61      |
|    explained_variance   | 0.956      |
|    learning_rate        | 0.0003     |
|    loss                 | 2.62       |
|    n_updates            | 17370      |
|    policy_gradient_loss | -0.00265   |
|    std                  | 0.402      |
|    value_loss           | 13         |
----------------------------------------
-----------------------------------------
| rollout/                |             |
|    ep_len_mean          | 136         |
|    ep_rew_mean          | -32.5       |
| time/                   |             |
|    fps                  | 1066        |
|    iterations           | 8           |
|    time_elapsed         | 61          |
|    total_timesteps      | 65536       |
| train/                  |             |
|    approx_kl            | 0.048625186 |
|    clip_fraction        | 0.304       |
|    clip_range           | 0.2         |
|    entropy_loss         | -1.6        |
|    explained_variance   | 0.96        |
|    learning_rate        | 0.0003      |
|    loss                 | 1.61        |
|    n_updates            | 17380       |
|    policy_gradient_loss | -0.00261    |
|    std                  | 0.401       |
|    value_loss           | 16.2        |
-----------------------------------------
-----------------------------------------
| rollout/                |             |
|    ep_len_mean          | 169         |
|    ep_rew_mean          | -45.6       |
| time/                   |             |
|    fps                  | 1050        |
|    iterations           | 9           |
|    time_elapsed         | 70          |
|    total_timesteps      | 73728       |
| train/                  |             |
|    approx_kl            | 0.052416023 |
|    clip_fraction        | 0.329       |
|    clip_range           | 0.2         |
|    entropy_loss         | -1.6        |
|    explained_variance   | 0.949       |
|    learning_rate        | 0.0003      |
|    loss                 | 1.84        |
|    n_updates            | 17390       |
|    policy_gradient_loss | -0.00096    |
|    std                  | 0.4         |
|    value_loss           | 10.7        |
-----------------------------------------
---------------------------------------
| rollout/                |           |
|    ep_len_mean          | 160       |
|    ep_rew_mean          | -54.1     |
| time/                   |           |
|    fps                  | 1042      |
|    iterations           | 10        |
|    time_elapsed         | 78        |
|    total_timesteps      | 81920     |
| train/                  |           |
|    approx_kl            | 0.5258818 |
|    clip_fraction        | 0.272     |
|    clip_range           | 0.2       |
|    entropy_loss         | -1.59     |
|    explained_variance   | 0.866     |
|    learning_rate        | 0.0003    |
|    loss                 | 2.42      |
|    n_updates            | 17400     |
|    policy_gradient_loss | -0.0147   |
|    std                  | 0.399     |
|    value_loss           | 6.83      |
---------------------------------------
-----------------------------------------
| rollout/                |             |
|    ep_len_mean          | 138         |
|    ep_rew_mean          | -37.9       |
| time/                   |             |
|    fps                  | 1034        |
|    iterations           | 11          |
|    time_elapsed         | 87          |
|    total_timesteps      | 90112       |
| train/                  |             |
|    approx_kl            | 0.042388007 |
|    clip_fraction        | 0.307       |
|    clip_range           | 0.2         |
|    entropy_loss         | -1.58       |
|    explained_variance   | 0.965       |
|    learning_rate        | 0.0003      |
|    loss                 | 1.15        |
|    n_updates            | 17410       |
|    policy_gradient_loss | 0.00815     |
|    std                  | 0.401       |
|    value_loss           | 8.62        |
-----------------------------------------
---------------------------------------
| rollout/                |           |
|    ep_len_mean          | 108       |
|    ep_rew_mean          | -32.1     |
| time/                   |           |
|    fps                  | 1032      |
|    iterations           | 12        |
|    time_elapsed         | 95        |
|    total_timesteps      | 98304     |
| train/                  |           |
|    approx_kl            | 0.1658307 |
|    clip_fraction        | 0.243     |
|    clip_range           | 0.2       |
|    entropy_loss         | -1.59     |
|    explained_variance   | 0.932     |
|    learning_rate        | 0.0003    |
|    loss                 | 15.8      |
|    n_updates            | 17420     |
|    policy_gradient_loss | 0.00313   |
|    std                  | 0.4       |
|    value_loss           | 15.2      |
---------------------------------------
-----------------------------------------
| rollout/                |             |
|    ep_len_mean          | 84.5        |
|    ep_rew_mean          | -8.2        |
| time/                   |             |
|    fps                  | 1023        |
|    iterations           | 13          |
|    time_elapsed         | 104         |
|    total_timesteps      | 106496      |
| train/                  |             |
|    approx_kl            | 0.049401157 |
|    clip_fraction        | 0.274       |
|    clip_range           | 0.2         |
|    entropy_loss         | -1.6        |
|    explained_variance   | 0.971       |
|    learning_rate        | 0.0003      |
|    loss                 | 1.34        |
|    n_updates            | 17430       |
|    policy_gradient_loss | -1.33e-05   |
|    std                  | 0.402       |
|    value_loss           | 9.19        |
-----------------------------------------
----------------------------------------
| rollout/                |            |
|    ep_len_mean          | 84.9       |
|    ep_rew_mean          | -5.7       |
| time/                   |            |
|    fps                  | 1020       |
|    iterations           | 14         |
|    time_elapsed         | 112        |
|    total_timesteps      | 114688     |
| train/                  |            |
|    approx_kl            | 0.04556551 |
|    clip_fraction        | 0.323      |
|    clip_range           | 0.2        |
|    entropy_loss         | -1.63      |
|    explained_variance   | 0.971      |
|    learning_rate        | 0.0003     |
|    loss                 | 12.2       |
|    n_updates            | 17440      |
|    policy_gradient_loss | -0.000278  |
|    std                  | 0.404      |
|    value_loss           | 13.1       |
----------------------------------------
-----------------------------------------
| rollout/                |             |
|    ep_len_mean          | 102         |
|    ep_rew_mean          | -23.2       |
| time/                   |             |
|    fps                  | 1016        |
|    iterations           | 15          |
|    time_elapsed         | 120         |
|    total_timesteps      | 122880      |
| train/                  |             |
|    approx_kl            | 0.038654912 |
|    clip_fraction        | 0.289       |
|    clip_range           | 0.2         |
|    entropy_loss         | -1.63       |
|    explained_variance   | 0.969       |
|    learning_rate        | 0.0003      |
|    loss                 | 1.27        |
|    n_updates            | 17450       |
|    policy_gradient_loss | -0.00784    |
|    std                  | 0.4         |
|    value_loss           | 6.88        |
-----------------------------------------
----------------------------------------
| rollout/                |            |
|    ep_len_mean          | 125        |
|    ep_rew_mean          | -31.2      |
| time/                   |            |
|    fps                  | 1014       |
|    iterations           | 16         |
|    time_elapsed         | 129        |
|    total_timesteps      | 131072     |
| train/                  |            |
|    approx_kl            | 0.06925335 |
|    clip_fraction        | 0.276      |
|    clip_range           | 0.2        |
|    entropy_loss         | -1.64      |
|    explained_variance   | 0.907      |
|    learning_rate        | 0.0003     |
|    loss                 | 4.95       |
|    n_updates            | 17460      |
|    policy_gradient_loss | 0.00122    |
|    std                  | 0.404      |
|    value_loss           | 9.75       |
----------------------------------------
-----------------------------------------
| rollout/                |             |
|    ep_len_mean          | 108         |
|    ep_rew_mean          | -17.6       |
| time/                   |             |
|    fps                  | 1009        |
|    iterations           | 17          |
|    time_elapsed         | 137         |
|    total_timesteps      | 139264      |
| train/                  |             |
|    approx_kl            | 0.053516835 |
|    clip_fraction        | 0.309       |
|    clip_range           | 0.2         |
|    entropy_loss         | -1.65       |
|    explained_variance   | 0.957       |
|    learning_rate        | 0.0003      |
|    loss                 | 22          |
|    n_updates            | 17470       |
|    policy_gradient_loss | -0.00528    |
|    std                  | 0.4         |
|    value_loss           | 12.9        |
-----------------------------------------
-----------------------------------------
| rollout/                |             |
|    ep_len_mean          | 108         |
|    ep_rew_mean          | -18.4       |
| time/                   |             |
|    fps                  | 1008        |
|    iterations           | 18          |
|    time_elapsed         | 146         |
|    total_timesteps      | 147456      |
| train/                  |             |
|    approx_kl            | 0.060259983 |
|    clip_fraction        | 0.317       |
|    clip_range           | 0.2         |
|    entropy_loss         | -1.65       |
|    explained_variance   | 0.969       |
|    learning_rate        | 0.0003      |
|    loss                 | 0.602       |
|    n_updates            | 17480       |
|    policy_gradient_loss | 0.00188     |
|    std                  | 0.403       |
|    value_loss           | 9.28        |
-----------------------------------------
-----------------------------------------
| rollout/                |             |
|    ep_len_mean          | 137         |
|    ep_rew_mean          | -32.5       |
| time/                   |             |
|    fps                  | 1004        |
|    iterations           | 19          |
|    time_elapsed         | 154         |
|    total_timesteps      | 155648      |
| train/                  |             |
|    approx_kl            | 0.035953052 |
|    clip_fraction        | 0.293       |
|    clip_range           | 0.2         |
|    entropy_loss         | -1.66       |
|    explained_variance   | 0.97        |
|    learning_rate        | 0.0003      |
|    loss                 | 0.347       |
|    n_updates            | 17490       |
|    policy_gradient_loss | -0.00345    |
|    std                  | 0.403       |
|    value_loss           | 6.79        |
-----------------------------------------
----------------------------------------
| rollout/                |            |
|    ep_len_mean          | 89.8       |
|    ep_rew_mean          | -14.9      |
| time/                   |            |
|    fps                  | 1003       |
|    iterations           | 20         |
|    time_elapsed         | 163        |
|    total_timesteps      | 163840     |
| train/                  |            |
|    approx_kl            | 0.07867774 |
|    clip_fraction        | 0.268      |
|    clip_range           | 0.2        |
|    entropy_loss         | -1.67      |
|    explained_variance   | 0.948      |
|    learning_rate        | 0.0003     |
|    loss                 | 0.857      |
|    n_updates            | 17500      |
|    policy_gradient_loss | -0.0056    |
|    std                  | 0.404      |
|    value_loss           | 5.32       |
----------------------------------------
----------------------------------------
| rollout/                |            |
|    ep_len_mean          | 119        |
|    ep_rew_mean          | -26.8      |
| time/                   |            |
|    fps                  | 1002       |
|    iterations           | 21         |
|    time_elapsed         | 171        |
|    total_timesteps      | 172032     |
| train/                  |            |
|    approx_kl            | 0.07287678 |
|    clip_fraction        | 0.311      |
|    clip_range           | 0.2        |
|    entropy_loss         | -1.67      |
|    explained_variance   | 0.989      |
|    learning_rate        | 0.0003     |
|    loss                 | 3.16       |
|    n_updates            | 17510      |
|    policy_gradient_loss | 0.000977   |
|    std                  | 0.402      |
|    value_loss           | 2.36       |
----------------------------------------
----------------------------------------
| rollout/                |            |
|    ep_len_mean          | 137        |
|    ep_rew_mean          | -28        |
| time/                   |            |
|    fps                  | 999        |
|    iterations           | 22         |
|    time_elapsed         | 180        |
|    total_timesteps      | 180224     |
| train/                  |            |
|    approx_kl            | 0.11166185 |
|    clip_fraction        | 0.286      |
|    clip_range           | 0.2        |
|    entropy_loss         | -1.68      |
|    explained_variance   | 0.971      |
|    learning_rate        | 0.0003     |
|    loss                 | 0.557      |
|    n_updates            | 17520      |
|    policy_gradient_loss | -0.00498   |
|    std                  | 0.402      |
|    value_loss           | 7.62       |
----------------------------------------
----------------------------------------
| rollout/                |            |
|    ep_len_mean          | 131        |
|    ep_rew_mean          | -29.2      |
| time/                   |            |
|    fps                  | 998        |
|    iterations           | 23         |
|    time_elapsed         | 188        |
|    total_timesteps      | 188416     |
| train/                  |            |
|    approx_kl            | 0.41062295 |
|    clip_fraction        | 0.289      |
|    clip_range           | 0.2        |
|    entropy_loss         | -1.66      |
|    explained_variance   | 0.981      |
|    learning_rate        | 0.0003     |
|    loss                 | 1.35       |
|    n_updates            | 17530      |
|    policy_gradient_loss | -0.00103   |
|    std                  | 0.398      |
|    value_loss           | 2.85       |
----------------------------------------
----------------------------------------
| rollout/                |            |
|    ep_len_mean          | 126        |
|    ep_rew_mean          | -20.4      |
| time/                   |            |
|    fps                  | 996        |
|    iterations           | 24         |
|    time_elapsed         | 197        |
|    total_timesteps      | 196608     |
| train/                  |            |
|    approx_kl            | 0.03453713 |
|    clip_fraction        | 0.296      |
|    clip_range           | 0.2        |
|    entropy_loss         | -1.61      |
|    explained_variance   | 0.984      |
|    learning_rate        | 0.0003     |
|    loss                 | 0.686      |
|    n_updates            | 17540      |
|    policy_gradient_loss | 0.00394    |
|    std                  | 0.398      |
|    value_loss           | 2.25       |
----------------------------------------
[PeriodicArtifactCallback] step 200000: saving checkpoint, evaluating, rendering...
[PeriodicArtifactCallback] step 200000: success_rate=0.00 pick_success_rate=0.20 mean_reward=-257.48 -> C:\GitHub\HumanoidRobot\simulation\training\pick_place\runs\pp_v16\dashboard.html
-----------------------------------------
| rollout/                |             |
|    ep_len_mean          | 132         |
|    ep_rew_mean          | -27.1       |
| time/                   |             |
|    fps                  | 937         |
|    iterations           | 25          |
|    time_elapsed         | 218         |
|    total_timesteps      | 204800      |
| train/                  |             |
|    approx_kl            | 0.038150825 |
|    clip_fraction        | 0.264       |
|    clip_range           | 0.2         |
|    entropy_loss         | -1.63       |
|    explained_variance   | 0.98        |
|    learning_rate        | 0.0003      |
|    loss                 | 0.286       |
|    n_updates            | 17550       |
|    policy_gradient_loss | -0.00677    |
|    std                  | 0.397       |
|    value_loss           | 3.57        |
-----------------------------------------
---------------------------------------
| rollout/                |           |
|    ep_len_mean          | 124       |
|    ep_rew_mean          | -26.6     |
| time/                   |           |
|    fps                  | 938       |
|    iterations           | 26        |
|    time_elapsed         | 226       |
|    total_timesteps      | 212992    |
| train/                  |           |
|    approx_kl            | 0.1857707 |
|    clip_fraction        | 0.315     |
|    clip_range           | 0.2       |
|    entropy_loss         | -1.61     |
|    explained_variance   | 0.978     |
|    learning_rate        | 0.0003    |
|    loss                 | 15        |
|    n_updates            | 17560     |
|    policy_gradient_loss | -0.00395  |
|    std                  | 0.395     |
|    value_loss           | 3.27      |
---------------------------------------
-----------------------------------------
| rollout/                |             |
|    ep_len_mean          | 96.5        |
|    ep_rew_mean          | -16.1       |
| time/                   |             |
|    fps                  | 939         |
|    iterations           | 27          |
|    time_elapsed         | 235         |
|    total_timesteps      | 221184      |
| train/                  |             |
|    approx_kl            | 0.040656064 |
|    clip_fraction        | 0.297       |
|    clip_range           | 0.2         |
|    entropy_loss         | -1.6        |
|    explained_variance   | 0.984       |
|    learning_rate        | 0.0003      |
|    loss                 | 0.545       |
|    n_updates            | 17570       |
|    policy_gradient_loss | 0.00399     |
|    std                  | 0.398       |
|    value_loss           | 3.12        |
-----------------------------------------
----------------------------------------
| rollout/                |            |
|    ep_len_mean          | 107        |
|    ep_rew_mean          | -21.6      |
| time/                   |            |
|    fps                  | 940        |
|    iterations           | 28         |
|    time_elapsed         | 243        |
|    total_timesteps      | 229376     |
| train/                  |            |
|    approx_kl            | 0.03225806 |
|    clip_fraction        | 0.231      |
|    clip_range           | 0.2        |
|    entropy_loss         | -1.62      |
|    explained_variance   | 0.97       |
|    learning_rate        | 0.0003     |
|    loss                 | 0.311      |
|    n_updates            | 17580      |
|    policy_gradient_loss | 0.00066    |
|    std                  | 0.396      |
|    value_loss           | 4.35       |
----------------------------------------
----------------------------------------
| rollout/                |            |
|    ep_len_mean          | 119        |
|    ep_rew_mean          | -22.4      |
| time/                   |            |
|    fps                  | 941        |
|    iterations           | 29         |
|    time_elapsed         | 252        |
|    total_timesteps      | 237568     |
| train/                  |            |
|    approx_kl            | 0.51217103 |
|    clip_fraction        | 0.291      |
|    clip_range           | 0.2        |
|    entropy_loss         | -1.64      |
|    explained_variance   | 0.984      |
|    learning_rate        | 0.0003     |
|    loss                 | 0.296      |
|    n_updates            | 17590      |
|    policy_gradient_loss | 0.00956    |
|    std                  | 0.4        |
|    value_loss           | 2.38       |
----------------------------------------
----------------------------------------
| rollout/                |            |
|    ep_len_mean          | 89.6       |
|    ep_rew_mean          | -6.84      |
| time/                   |            |
|    fps                  | 942        |
|    iterations           | 30         |
|    time_elapsed         | 260        |
|    total_timesteps      | 245760     |
| train/                  |            |
|    approx_kl            | 0.04358216 |
|    clip_fraction        | 0.298      |
|    clip_range           | 0.2        |
|    entropy_loss         | -1.69      |
|    explained_variance   | 0.992      |
|    learning_rate        | 0.0003     |
|    loss                 | 0.285      |
|    n_updates            | 17600      |
|    policy_gradient_loss | 0.00429    |
|    std                  | 0.405      |
|    value_loss           | 1.25       |
----------------------------------------
-----------------------------------------
| rollout/                |             |
|    ep_len_mean          | 101         |
|    ep_rew_mean          | -14.5       |
| time/                   |             |
|    fps                  | 943         |
|    iterations           | 31          |
|    time_elapsed         | 269         |
|    total_timesteps      | 253952      |
| train/                  |             |
|    approx_kl            | 0.033277713 |
|    clip_fraction        | 0.23        |
|    clip_range           | 0.2         |
|    entropy_loss         | -1.7        |
|    explained_variance   | 0.987       |
|    learning_rate        | 0.0003      |
|    loss                 | 3.42        |
|    n_updates            | 17610       |
|    policy_gradient_loss | -0.00104    |
|    std                  | 0.404       |
|    value_loss           | 3.71        |
-----------------------------------------
-----------------------------------------
| rollout/                |             |
|    ep_len_mean          | 147         |
|    ep_rew_mean          | -32.8       |
| time/                   |             |
|    fps                  | 944         |
|    iterations           | 32          |
|    time_elapsed         | 277         |
|    total_timesteps      | 262144      |
| train/                  |             |
|    approx_kl            | 0.033045635 |
|    clip_fraction        | 0.268       |
|    clip_range           | 0.2         |
|    entropy_loss         | -1.7        |
|    explained_variance   | 0.981       |
|    learning_rate        | 0.0003      |
|    loss                 | 2.44        |
|    n_updates            | 17620       |
|    policy_gradient_loss | -0.000199   |
|    std                  | 0.404       |
|    value_loss           | 5.8         |
-----------------------------------------
-----------------------------------------
| rollout/                |             |
|    ep_len_mean          | 148         |
|    ep_rew_mean          | -28.9       |
| time/                   |             |
|    fps                  | 944         |
|    iterations           | 33          |
|    time_elapsed         | 286         |
|    total_timesteps      | 270336      |
| train/                  |             |
|    approx_kl            | 0.043263346 |
|    clip_fraction        | 0.286       |
|    clip_range           | 0.2         |
|    entropy_loss         | -1.69       |
|    explained_variance   | 0.98        |
|    learning_rate        | 0.0003      |
|    loss                 | 1.5         |
|    n_updates            | 17630       |
|    policy_gradient_loss | 0.00586     |
|    std                  | 0.402       |
|    value_loss           | 5.45        |
-----------------------------------------
---------------------------------------
| rollout/                |           |
|    ep_len_mean          | 148       |
|    ep_rew_mean          | -29       |
| time/                   |           |
|    fps                  | 945       |
|    iterations           | 34        |
|    time_elapsed         | 294       |
|    total_timesteps      | 278528    |
| train/                  |           |
|    approx_kl            | 0.0299366 |
|    clip_fraction        | 0.255     |
|    clip_range           | 0.2       |
|    entropy_loss         | -1.68     |
|    explained_variance   | 0.978     |
|    learning_rate        | 0.0003    |
|    loss                 | 16        |
|    n_updates            | 17640     |
|    policy_gradient_loss | -0.00105  |
|    std                  | 0.4       |
|    value_loss           | 5.86      |
---------------------------------------
-----------------------------------------
| rollout/                |             |
|    ep_len_mean          | 131         |
|    ep_rew_mean          | -26.4       |
| time/                   |             |
|    fps                  | 946         |
|    iterations           | 35          |
|    time_elapsed         | 302         |
|    total_timesteps      | 286720      |
| train/                  |             |
|    approx_kl            | 0.039195582 |
|    clip_fraction        | 0.207       |
|    clip_range           | 0.2         |
|    entropy_loss         | -1.68       |
|    explained_variance   | 0.937       |
|    learning_rate        | 0.0003      |
|    loss                 | 2.97        |
|    n_updates            | 17650       |
|    policy_gradient_loss | -0.0028     |
|    std                  | 0.399       |
|    value_loss           | 7.05        |
-----------------------------------------
-----------------------------------------
| rollout/                |             |
|    ep_len_mean          | 107         |
|    ep_rew_mean          | -12.9       |
| time/                   |             |
|    fps                  | 947         |
|    iterations           | 36          |
|    time_elapsed         | 311         |
|    total_timesteps      | 294912      |
| train/                  |             |
|    approx_kl            | 0.044793375 |
|    clip_fraction        | 0.293       |
|    clip_range           | 0.2         |
|    entropy_loss         | -1.68       |
|    explained_variance   | 0.986       |
|    learning_rate        | 0.0003      |
|    loss                 | 0.858       |
|    n_updates            | 17660       |
|    policy_gradient_loss | 0.00141     |
|    std                  | 0.399       |
|    value_loss           | 3.55        |
-----------------------------------------
-----------------------------------------
| rollout/                |             |
|    ep_len_mean          | 119         |
|    ep_rew_mean          | -21.2       |
| time/                   |             |
|    fps                  | 947         |
|    iterations           | 37          |
|    time_elapsed         | 319         |
|    total_timesteps      | 303104      |
| train/                  |             |
|    approx_kl            | 0.021387322 |
|    clip_fraction        | 0.212       |
|    clip_range           | 0.2         |
|    entropy_loss         | -1.69       |
|    explained_variance   | 0.947       |
|    learning_rate        | 0.0003      |
|    loss                 | 0.324       |
|    n_updates            | 17670       |
|    policy_gradient_loss | 0.0171      |
|    std                  | 0.398       |
|    value_loss           | 5.15        |
-----------------------------------------
----------------------------------------
| rollout/                |            |
|    ep_len_mean          | 131        |
|    ep_rew_mean          | -28.7      |
| time/                   |            |
|    fps                  | 948        |
|    iterations           | 38         |
|    time_elapsed         | 328        |
|    total_timesteps      | 311296     |
| train/                  |            |
|    approx_kl            | 0.62136143 |
|    clip_fraction        | 0.264      |
|    clip_range           | 0.2        |
|    entropy_loss         | -1.71      |
|    explained_variance   | 0.974      |
|    learning_rate        | 0.0003     |
|    loss                 | 0.507      |
|    n_updates            | 17680      |
|    policy_gradient_loss | 0.00539    |
|    std                  | 0.401      |
|    value_loss           | 4.38       |
----------------------------------------
----------------------------------------
| rollout/                |            |
|    ep_len_mean          | 132        |
|    ep_rew_mean          | -22.6      |
| time/                   |            |
|    fps                  | 948        |
|    iterations           | 39         |
|    time_elapsed         | 336        |
|    total_timesteps      | 319488     |
| train/                  |            |
|    approx_kl            | 0.03541394 |
|    clip_fraction        | 0.297      |
|    clip_range           | 0.2        |
|    entropy_loss         | -1.73      |
|    explained_variance   | 0.989      |
|    learning_rate        | 0.0003     |
|    loss                 | 0.209      |
|    n_updates            | 17690      |
|    policy_gradient_loss | 0.0131     |
|    std                  | 0.404      |
|    value_loss           | 2.45       |
----------------------------------------
-----------------------------------------
| rollout/                |             |
|    ep_len_mean          | 92.1        |
|    ep_rew_mean          | 1.74        |
| time/                   |             |
|    fps                  | 949         |
|    iterations           | 40          |
|    time_elapsed         | 345         |
|    total_timesteps      | 327680      |
| train/                  |             |
|    approx_kl            | 0.035899945 |
|    clip_fraction        | 0.291       |
|    clip_range           | 0.2         |
|    entropy_loss         | -1.74       |
|    explained_variance   | 0.994       |
|    learning_rate        | 0.0003      |
|    loss                 | 0.494       |
|    n_updates            | 17700       |
|    policy_gradient_loss | 0.00217     |
|    std                  | 0.402       |
|    value_loss           | 2.49        |
-----------------------------------------
----------------------------------------
| rollout/                |            |
|    ep_len_mean          | 109        |
|    ep_rew_mean          | -5.32      |
| time/                   |            |
|    fps                  | 949        |
|    iterations           | 41         |
|    time_elapsed         | 353        |
|    total_timesteps      | 335872     |
| train/                  |            |
|    approx_kl            | 0.03019061 |
|    clip_fraction        | 0.266      |
|    clip_range           | 0.2        |
|    entropy_loss         | -1.72      |
|    explained_variance   | 0.984      |
|    learning_rate        | 0.0003     |
|    loss                 | 0.102      |
|    n_updates            | 17710      |
|    policy_gradient_loss | 0.000143   |
|    std                  | 0.401      |
|    value_loss           | 2.53       |
----------------------------------------
-----------------------------------------
| rollout/                |             |
|    ep_len_mean          | 109         |
|    ep_rew_mean          | -5.74       |
| time/                   |             |
|    fps                  | 950         |
|    iterations           | 42          |
|    time_elapsed         | 361         |
|    total_timesteps      | 344064      |
| train/                  |             |
|    approx_kl            | 0.037153333 |
|    clip_fraction        | 0.271       |
|    clip_range           | 0.2         |
|    entropy_loss         | -1.7        |
|    explained_variance   | 0.988       |
|    learning_rate        | 0.0003      |
|    loss                 | 0.372       |
|    n_updates            | 17720       |
|    policy_gradient_loss | 0.0019      |
|    std                  | 0.4         |
|    value_loss           | 3.51        |
-----------------------------------------
-----------------------------------------
| rollout/                |             |
|    ep_len_mean          | 108         |
|    ep_rew_mean          | -10.6       |
| time/                   |             |
|    fps                  | 950         |
|    iterations           | 43          |
|    time_elapsed         | 370         |
|    total_timesteps      | 352256      |
| train/                  |             |
|    approx_kl            | 0.028594524 |
|    clip_fraction        | 0.263       |
|    clip_range           | 0.2         |
|    entropy_loss         | -1.71       |
|    explained_variance   | 0.995       |
|    learning_rate        | 0.0003      |
|    loss                 | 1.03        |
|    n_updates            | 17730       |
|    policy_gradient_loss | 0.00112     |
|    std                  | 0.402       |
|    value_loss           | 2.37        |
-----------------------------------------
----------------------------------------
| rollout/                |            |
|    ep_len_mean          | 132        |
|    ep_rew_mean          | -25.1      |
| time/                   |            |
|    fps                  | 951        |
|    iterations           | 44         |
|    time_elapsed         | 378        |
|    total_timesteps      | 360448     |
| train/                  |            |
|    approx_kl            | 0.21153721 |
|    clip_fraction        | 0.21       |
|    clip_range           | 0.2        |
|    entropy_loss         | -1.71      |
|    explained_variance   | 0.982      |
|    learning_rate        | 0.0003     |
|    loss                 | 1.39       |
|    n_updates            | 17740      |
|    policy_gradient_loss | -0.0104    |
|    std                  | 0.401      |
|    value_loss           | 4.32       |
----------------------------------------
---------------------------------------
| rollout/                |           |
|    ep_len_mean          | 149       |
|    ep_rew_mean          | -25.6     |
| time/                   |           |
|    fps                  | 951       |
|    iterations           | 45        |
|    time_elapsed         | 387       |
|    total_timesteps      | 368640    |
| train/                  |           |
|    approx_kl            | 0.8585729 |
|    clip_fraction        | 0.263     |
|    clip_range           | 0.2       |
|    entropy_loss         | -1.73     |
|    explained_variance   | 0.972     |
|    learning_rate        | 0.0003    |
|    loss                 | 0.314     |
|    n_updates            | 17750     |
|    policy_gradient_loss | -0.00564  |
|    std                  | 0.403     |
|    value_loss           | 4.43      |
---------------------------------------
----------------------------------------
| rollout/                |            |
|    ep_len_mean          | 126        |
|    ep_rew_mean          | -13.7      |
| time/                   |            |
|    fps                  | 951        |
|    iterations           | 46         |
|    time_elapsed         | 395        |
|    total_timesteps      | 376832     |
| train/                  |            |
|    approx_kl            | 0.55570513 |
|    clip_fraction        | 0.283      |
|    clip_range           | 0.2        |
|    entropy_loss         | -1.74      |
|    explained_variance   | 0.884      |
|    learning_rate        | 0.0003     |
|    loss                 | 0.222      |
|    n_updates            | 17760      |
|    policy_gradient_loss | -0.00443   |
|    std                  | 0.403      |
|    value_loss           | 4.76       |
----------------------------------------
-----------------------------------------
| rollout/                |             |
|    ep_len_mean          | 103         |
|    ep_rew_mean          | -4.08       |
| time/                   |             |
|    fps                  | 952         |
|    iterations           | 47          |
|    time_elapsed         | 404         |
|    total_timesteps      | 385024      |
| train/                  |             |
|    approx_kl            | 0.060224287 |
|    clip_fraction        | 0.298       |
|    clip_range           | 0.2         |
|    entropy_loss         | -1.73       |
|    explained_variance   | 0.986       |
|    learning_rate        | 0.0003      |
|    loss                 | 0.297       |
|    n_updates            | 17770       |
|    policy_gradient_loss | 0.00831     |
|    std                  | 0.404       |
|    value_loss           | 2.18        |
-----------------------------------------
--------------------------------------
| rollout/                |          |
|    ep_len_mean          | 121      |
|    ep_rew_mean          | -14.1    |
| time/                   |          |
|    fps                  | 952      |
|    iterations           | 48       |
|    time_elapsed         | 413      |
|    total_timesteps      | 393216   |
| train/                  |          |
|    approx_kl            | 1.663171 |
|    clip_fraction        | 0.342    |
|    clip_range           | 0.2      |
|    entropy_loss         | -1.73    |
|    explained_variance   | 0.975    |
|    learning_rate        | 0.0003   |
|    loss                 | 0.958    |
|    n_updates            | 17780    |
|    policy_gradient_loss | 0.0131   |
|    std                  | 0.402    |
|    value_loss           | 3.72     |
--------------------------------------
[PeriodicArtifactCallback] step 400000: running periodic self-monitoring analysis...
[PeriodicArtifactCallback] analysis written to C:\GitHub\HumanoidRobot\simulation\training\pick_place\runs\pp_v16\analysis_400000.md (stalled=False)
[PeriodicArtifactCallback] step 400000: saving checkpoint, evaluating, rendering...
[PeriodicArtifactCallback] step 400000: success_rate=0.00 pick_success_rate=0.40 mean_reward=-248.15 -> C:\GitHub\HumanoidRobot\simulation\training\pick_place\runs\pp_v16\dashboard.html
--------------------------------------
| rollout/                |          |
|    ep_len_mean          | 138      |
|    ep_rew_mean          | -22.1    |
| time/                   |          |
|    fps                  | 909      |
|    iterations           | 49       |
|    time_elapsed         | 441      |
|    total_timesteps      | 401408   |
| train/                  |          |
|    approx_kl            | 2.441915 |
|    clip_fraction        | 0.334    |
|    clip_range           | 0.2      |
|    entropy_loss         | -1.67    |
|    explained_variance   | 0.965    |
|    learning_rate        | 0.0003   |
|    loss                 | 0.407    |
|    n_updates            | 17790    |
|    policy_gradient_loss | -0.0402  |
|    std                  | 0.397    |
|    value_loss           | 1.77     |
--------------------------------------
---------------------------------------
| rollout/                |           |
|    ep_len_mean          | 115       |
|    ep_rew_mean          | -7.72     |
| time/                   |           |
|    fps                  | 911       |
|    iterations           | 50        |
|    time_elapsed         | 449       |
|    total_timesteps      | 409600    |
| train/                  |           |
|    approx_kl            | 0.3466797 |
|    clip_fraction        | 0.371     |
|    clip_range           | 0.2       |
|    entropy_loss         | -1.68     |
|    explained_variance   | 0.988     |
|    learning_rate        | 0.0003    |
|    loss                 | 0.499     |
|    n_updates            | 17800     |
|    policy_gradient_loss | 0.0415    |
|    std                  | 0.399     |
|    value_loss           | 4.09      |
---------------------------------------
-----------------------------------------
| rollout/                |             |
|    ep_len_mean          | 143         |
|    ep_rew_mean          | -21.2       |
| time/                   |             |
|    fps                  | 912         |
|    iterations           | 51          |
|    time_elapsed         | 458         |
|    total_timesteps      | 417792      |
| train/                  |             |
|    approx_kl            | 0.022537611 |
|    clip_fraction        | 0.247       |
|    clip_range           | 0.2         |
|    entropy_loss         | -1.71       |
|    explained_variance   | 0.992       |
|    learning_rate        | 0.0003      |
|    loss                 | 0.582       |
|    n_updates            | 17810       |
|    policy_gradient_loss | 0.0136      |
|    std                  | 0.403       |
|    value_loss           | 3.04        |
-----------------------------------------
---------------------------------------
| rollout/                |           |
|    ep_len_mean          | 132       |
|    ep_rew_mean          | -17       |
| time/                   |           |
|    fps                  | 913       |
|    iterations           | 52        |
|    time_elapsed         | 466       |
|    total_timesteps      | 425984    |
| train/                  |           |
|    approx_kl            | 0.0349139 |
|    clip_fraction        | 0.301     |
|    clip_range           | 0.2       |
|    entropy_loss         | -1.71     |
|    explained_variance   | 0.994     |
|    learning_rate        | 0.0003    |
|    loss                 | 0.207     |
|    n_updates            | 17820     |
|    policy_gradient_loss | 0.00255   |
|    std                  | 0.402     |
|    value_loss           | 1.21      |
---------------------------------------
-----------------------------------------
| rollout/                |             |
|    ep_len_mean          | 133         |
|    ep_rew_mean          | -19.2       |
| time/                   |             |
|    fps                  | 914         |
|    iterations           | 53          |
|    time_elapsed         | 474         |
|    total_timesteps      | 434176      |
| train/                  |             |
|    approx_kl            | 0.032007135 |
|    clip_fraction        | 0.266       |
|    clip_range           | 0.2         |
|    entropy_loss         | -1.67       |
|    explained_variance   | 0.992       |
|    learning_rate        | 0.0003      |
|    loss                 | 0.203       |
|    n_updates            | 17830       |
|    policy_gradient_loss | -0.000116   |
|    std                  | 0.397       |
|    value_loss           | 2.84        |
-----------------------------------------
-----------------------------------------
| rollout/                |             |
|    ep_len_mean          | 133         |
|    ep_rew_mean          | -20.9       |
| time/                   |             |
|    fps                  | 916         |
|    iterations           | 54          |
|    time_elapsed         | 482         |
|    total_timesteps      | 442368      |
| train/                  |             |
|    approx_kl            | 0.028141337 |
|    clip_fraction        | 0.184       |
|    clip_range           | 0.2         |
|    entropy_loss         | -1.64       |
|    explained_variance   | 0.985       |
|    learning_rate        | 0.0003      |
|    loss                 | 1.56        |
|    n_updates            | 17840       |
|    policy_gradient_loss | -0.00125    |
|    std                  | 0.394       |
|    value_loss           | 4.24        |
-----------------------------------------
----------------------------------------
| rollout/                |            |
|    ep_len_mean          | 167        |
|    ep_rew_mean          | -34.6      |
| time/                   |            |
|    fps                  | 917        |
|    iterations           | 55         |
|    time_elapsed         | 491        |
|    total_timesteps      | 450560     |
| train/                  |            |
|    approx_kl            | 0.02450152 |
|    clip_fraction        | 0.22       |
|    clip_range           | 0.2        |
|    entropy_loss         | -1.66      |
|    explained_variance   | 0.98       |
|    learning_rate        | 0.0003     |
|    loss                 | 0.628      |
|    n_updates            | 17850      |
|    policy_gradient_loss | 0.0112     |
|    std                  | 0.398      |
|    value_loss           | 2.67       |
----------------------------------------
-----------------------------------------
| rollout/                |             |
|    ep_len_mean          | 196         |
|    ep_rew_mean          | -44         |
| time/                   |             |
|    fps                  | 918         |
|    iterations           | 56          |
|    time_elapsed         | 499         |
|    total_timesteps      | 458752      |
| train/                  |             |
|    approx_kl            | 0.031486645 |
|    clip_fraction        | 0.286       |
|    clip_range           | 0.2         |
|    entropy_loss         | -1.69       |
|    explained_variance   | 0.991       |
|    learning_rate        | 0.0003      |
|    loss                 | 0.484       |
|    n_updates            | 17860       |
|    policy_gradient_loss | 0.00147     |
|    std                  | 0.399       |
|    value_loss           | 1.94        |
-----------------------------------------
-----------------------------------------
| rollout/                |             |
|    ep_len_mean          | 121         |
|    ep_rew_mean          | -10.6       |
| time/                   |             |
|    fps                  | 919         |
|    iterations           | 57          |
|    time_elapsed         | 507         |
|    total_timesteps      | 466944      |
| train/                  |             |
|    approx_kl            | 0.029630627 |
|    clip_fraction        | 0.26        |
|    clip_range           | 0.2         |
|    entropy_loss         | -1.68       |
|    explained_variance   | 0.988       |
|    learning_rate        | 0.0003      |
|    loss                 | 0.315       |
|    n_updates            | 17870       |
|    policy_gradient_loss | 0.00105     |
|    std                  | 0.398       |
|    value_loss           | 2.65        |
-----------------------------------------
-----------------------------------------
| rollout/                |             |
|    ep_len_mean          | 144         |
|    ep_rew_mean          | -20         |
| time/                   |             |
|    fps                  | 920         |
|    iterations           | 58          |
|    time_elapsed         | 516         |
|    total_timesteps      | 475136      |
| train/                  |             |
|    approx_kl            | 0.017409425 |
|    clip_fraction        | 0.185       |
|    clip_range           | 0.2         |
|    entropy_loss         | -1.67       |
|    explained_variance   | 0.987       |
|    learning_rate        | 0.0003      |
|    loss                 | 0.437       |
|    n_updates            | 17880       |
|    policy_gradient_loss | 0.00326     |
|    std                  | 0.398       |
|    value_loss           | 2.45        |
-----------------------------------------
-----------------------------------------
| rollout/                |             |
|    ep_len_mean          | 167         |
|    ep_rew_mean          | -29         |
| time/                   |             |
|    fps                  | 921         |
|    iterations           | 59          |
|    time_elapsed         | 524         |
|    total_timesteps      | 483328      |
| train/                  |             |
|    approx_kl            | 0.029037852 |
|    clip_fraction        | 0.257       |
|    clip_range           | 0.2         |
|    entropy_loss         | -1.68       |
|    explained_variance   | 0.991       |
|    learning_rate        | 0.0003      |
|    loss                 | 0.287       |
|    n_updates            | 17890       |
|    policy_gradient_loss | 0.00352     |
|    std                  | 0.4         |
|    value_loss           | 1.44        |
-----------------------------------------
-----------------------------------------
| rollout/                |             |
|    ep_len_mean          | 98.4        |
|    ep_rew_mean          | -1.75       |
| time/                   |             |
|    fps                  | 922         |
|    iterations           | 60          |
|    time_elapsed         | 532         |
|    total_timesteps      | 491520      |
| train/                  |             |
|    approx_kl            | 0.031613197 |
|    clip_fraction        | 0.271       |
|    clip_range           | 0.2         |
|    entropy_loss         | -1.71       |
|    explained_variance   | 0.992       |
|    learning_rate        | 0.0003      |
|    loss                 | 0.359       |
|    n_updates            | 17900       |
|    policy_gradient_loss | 9.67e-05    |
|    std                  | 0.405       |
|    value_loss           | 1.5         |
-----------------------------------------
-----------------------------------------
| rollout/                |             |
|    ep_len_mean          | 104         |
|    ep_rew_mean          | -3.04       |
| time/                   |             |
|    fps                  | 923         |
|    iterations           | 61          |
|    time_elapsed         | 541         |
|    total_timesteps      | 499712      |
| train/                  |             |
|    approx_kl            | 0.022102103 |
|    clip_fraction        | 0.199       |
|    clip_range           | 0.2         |
|    entropy_loss         | -1.73       |
|    explained_variance   | 0.987       |
|    learning_rate        | 0.0003      |
|    loss                 | 1.41        |
|    n_updates            | 17910       |
|    policy_gradient_loss | -0.00222    |
|    std                  | 0.405       |
|    value_loss           | 3.46        |
-----------------------------------------
-----------------------------------------
| rollout/                |             |
|    ep_len_mean          | 156         |
|    ep_rew_mean          | -25.8       |
| time/                   |             |
|    fps                  | 923         |
|    iterations           | 62          |
|    time_elapsed         | 549         |
|    total_timesteps      | 507904      |
| train/                  |             |
|    approx_kl            | 0.020081237 |
|    clip_fraction        | 0.165       |
|    clip_range           | 0.2         |
|    entropy_loss         | -1.72       |
|    explained_variance   | 0.979       |
|    learning_rate        | 0.0003      |
|    loss                 | 1.47        |
|    n_updates            | 17920       |
|    policy_gradient_loss | -0.000593   |
|    std                  | 0.405       |
|    value_loss           | 4.18        |
-----------------------------------------
---------------------------------------
| rollout/                |           |
|    ep_len_mean          | 173       |
|    ep_rew_mean          | -34       |
| time/                   |           |
|    fps                  | 924       |
|    iterations           | 63        |
|    time_elapsed         | 558       |
|    total_timesteps      | 516096    |
| train/                  |           |
|    approx_kl            | 2.8295438 |
|    clip_fraction        | 0.243     |
|    clip_range           | 0.2       |
|    entropy_loss         | -1.72     |
|    explained_variance   | 0.979     |
|    learning_rate        | 0.0003    |
|    loss                 | 0.297     |
|    n_updates            | 17930     |
|    policy_gradient_loss | 0.00661   |
|    std                  | 0.408     |
|    value_loss           | 2.88      |
---------------------------------------
--------------------------------------
| rollout/                |          |
|    ep_len_mean          | 184      |
|    ep_rew_mean          | -40.3    |
| time/                   |          |
|    fps                  | 925      |
|    iterations           | 64       |
|    time_elapsed         | 566      |
|    total_timesteps      | 524288   |
| train/                  |          |
|    approx_kl            | 2.216821 |
|    clip_fraction        | 0.322    |
|    clip_range           | 0.2      |
|    entropy_loss         | -1.7     |
|    explained_variance   | 0.972    |
|    learning_rate        | 0.0003   |
|    loss                 | 0.141    |
|    n_updates            | 17940    |
|    policy_gradient_loss | -0.00488 |
|    std                  | 0.404    |
|    value_loss           | 1.96     |
--------------------------------------
----------------------------------------
| rollout/                |            |
|    ep_len_mean          | 184        |
|    ep_rew_mean          | -40.5      |
| time/                   |            |
|    fps                  | 925        |
|    iterations           | 65         |
|    time_elapsed         | 575        |
|    total_timesteps      | 532480     |
| train/                  |            |
|    approx_kl            | 0.03903429 |
|    clip_fraction        | 0.31       |
|    clip_range           | 0.2        |
|    entropy_loss         | -1.68      |
|    explained_variance   | 0.973      |
|    learning_rate        | 0.0003     |
|    loss                 | 0.598      |
|    n_updates            | 17950      |
|    policy_gradient_loss | 0.0183     |
|    std                  | 0.401      |
|    value_loss           | 5.62       |
----------------------------------------
----------------------------------------
| rollout/                |            |
|    ep_len_mean          | 172        |
|    ep_rew_mean          | -36.8      |
| time/                   |            |
|    fps                  | 926        |
|    iterations           | 66         |
|    time_elapsed         | 583        |
|    total_timesteps      | 540672     |
| train/                  |            |
|    approx_kl            | 0.08035538 |
|    clip_fraction        | 0.27       |
|    clip_range           | 0.2        |
|    entropy_loss         | -1.69      |
|    explained_variance   | 0.991      |
|    learning_rate        | 0.0003     |
|    loss                 | 0.4        |
|    n_updates            | 17960      |
|    policy_gradient_loss | 0.00835    |
|    std                  | 0.403      |
|    value_loss           | 1.2        |
----------------------------------------
-----------------------------------------
| rollout/                |             |
|    ep_len_mean          | 173         |
|    ep_rew_mean          | -35         |
| time/                   |             |
|    fps                  | 926         |
|    iterations           | 67          |
|    time_elapsed         | 592         |
|    total_timesteps      | 548864      |
| train/                  |             |
|    approx_kl            | 0.032751434 |
|    clip_fraction        | 0.245       |
|    clip_range           | 0.2         |
|    entropy_loss         | -1.68       |
|    explained_variance   | 0.985       |
|    learning_rate        | 0.0003      |
|    loss                 | 0.47        |
|    n_updates            | 17970       |
|    policy_gradient_loss | -0.00359    |
|    std                  | 0.403       |
|    value_loss           | 1.78        |
-----------------------------------------
-----------------------------------------
| rollout/                |             |
|    ep_len_mean          | 127         |
|    ep_rew_mean          | -18.6       |
| time/                   |             |
|    fps                  | 927         |
|    iterations           | 68          |
|    time_elapsed         | 600         |
|    total_timesteps      | 557056      |
| train/                  |             |
|    approx_kl            | 0.044762507 |
|    clip_fraction        | 0.215       |
|    clip_range           | 0.2         |
|    entropy_loss         | -1.7        |
|    explained_variance   | 0.983       |
|    learning_rate        | 0.0003      |
|    loss                 | 0.948       |
|    n_updates            | 17980       |
|    policy_gradient_loss | -0.00354    |
|    std                  | 0.405       |
|    value_loss           | 3.66        |
-----------------------------------------
----------------------------------------
| rollout/                |            |
|    ep_len_mean          | 162        |
|    ep_rew_mean          | -35        |
| time/                   |            |
|    fps                  | 927        |
|    iterations           | 69         |
|    time_elapsed         | 609        |
|    total_timesteps      | 565248     |
| train/                  |            |
|    approx_kl            | 0.03564322 |
|    clip_fraction        | 0.252      |
|    clip_range           | 0.2        |
|    entropy_loss         | -1.73      |
|    explained_variance   | 0.989      |
|    learning_rate        | 0.0003     |
|    loss                 | 6.4        |
|    n_updates            | 17990      |
|    policy_gradient_loss | -0.00196   |
|    std                  | 0.406      |
|    value_loss           | 4.24       |
----------------------------------------
-----------------------------------------
| rollout/                |             |
|    ep_len_mean          | 162         |
|    ep_rew_mean          | -36.2       |
| time/                   |             |
|    fps                  | 928         |
|    iterations           | 70          |
|    time_elapsed         | 617         |
|    total_timesteps      | 573440      |
| train/                  |             |
|    approx_kl            | 0.028005306 |
|    clip_fraction        | 0.264       |
|    clip_range           | 0.2         |
|    entropy_loss         | -1.73       |
|    explained_variance   | 0.993       |
|    learning_rate        | 0.0003      |
|    loss                 | 0.262       |
|    n_updates            | 18000       |
|    policy_gradient_loss | -0.00059    |
|    std                  | 0.404       |
|    value_loss           | 1.23        |
-----------------------------------------
--------------------------------------
| rollout/                |          |
|    ep_len_mean          | 178      |
|    ep_rew_mean          | -41.6    |
| time/                   |          |
|    fps                  | 928      |
|    iterations           | 71       |
|    time_elapsed         | 626      |
|    total_timesteps      | 581632   |
| train/                  |          |
|    approx_kl            | 2.161831 |
|    clip_fraction        | 0.242    |
|    clip_range           | 0.2      |
|    entropy_loss         | -1.69    |
|    explained_variance   | 0.961    |
|    learning_rate        | 0.0003   |
|    loss                 | 1.26     |
|    n_updates            | 18010    |
|    policy_gradient_loss | -0.0346  |
|    std                  | 0.4      |
|    value_loss           | 1.27     |
--------------------------------------
-----------------------------------------
| rollout/                |             |
|    ep_len_mean          | 189         |
|    ep_rew_mean          | -43         |
| time/                   |             |
|    fps                  | 930         |
|    iterations           | 72          |
|    time_elapsed         | 634         |
|    total_timesteps      | 589824      |
| train/                  |             |
|    approx_kl            | 0.025442734 |
|    clip_fraction        | 0.221       |
|    clip_range           | 0.2         |
|    entropy_loss         | -1.72       |
|    explained_variance   | 0.981       |
|    learning_rate        | 0.0003      |
|    loss                 | 0.567       |
|    n_updates            | 18020       |
|    policy_gradient_loss | 0.0165      |
|    std                  | 0.408       |
|    value_loss           | 2.64        |
-----------------------------------------
----------------------------------------
| rollout/                |            |
|    ep_len_mean          | 190        |
|    ep_rew_mean          | -42.6      |
| time/                   |            |
|    fps                  | 930        |
|    iterations           | 73         |
|    time_elapsed         | 642        |
|    total_timesteps      | 598016     |
| train/                  |            |
|    approx_kl            | 0.02443844 |
|    clip_fraction        | 0.201      |
|    clip_range           | 0.2        |
|    entropy_loss         | -1.75      |
|    explained_variance   | 0.98       |
|    learning_rate        | 0.0003     |
|    loss                 | 1.42       |
|    n_updates            | 18030      |
|    policy_gradient_loss | 0.00722    |
|    std                  | 0.41       |
|    value_loss           | 3.51       |
----------------------------------------
[PeriodicArtifactCallback] step 600000: saving checkpoint, evaluating, rendering...
[PeriodicArtifactCallback] step 600000: success_rate=0.00 pick_success_rate=0.30 mean_reward=-199.95 -> C:\GitHub\HumanoidRobot\simulation\training\pick_place\runs\pp_v16\dashboard.html
----------------------------------------
| rollout/                |            |
|    ep_len_mean          | 173        |
|    ep_rew_mean          | -36.9      |
| time/                   |            |
|    fps                  | 915        |
|    iterations           | 74         |
|    time_elapsed         | 662        |
|    total_timesteps      | 606208     |
| train/                  |            |
|    approx_kl            | 0.18202275 |
|    clip_fraction        | 0.21       |
|    clip_range           | 0.2        |
|    entropy_loss         | -1.77      |
|    explained_variance   | 0.982      |
|    learning_rate        | 0.0003     |
|    loss                 | 4.66       |
|    n_updates            | 18040      |
|    policy_gradient_loss | 0.0156     |
|    std                  | 0.412      |
|    value_loss           | 2.08       |
----------------------------------------
-----------------------------------------
| rollout/                |             |
|    ep_len_mean          | 156         |
|    ep_rew_mean          | -30.9       |
| time/                   |             |
|    fps                  | 915         |
|    iterations           | 75          |
|    time_elapsed         | 670         |
|    total_timesteps      | 614400      |
| train/                  |             |
|    approx_kl            | 0.022435503 |
|    clip_fraction        | 0.165       |
|    clip_range           | 0.2         |
|    entropy_loss         | -1.78       |
|    explained_variance   | 0.945       |
|    learning_rate        | 0.0003      |
|    loss                 | 0.372       |
|    n_updates            | 18050       |
|    policy_gradient_loss | 0.00765     |
|    std                  | 0.413       |
|    value_loss           | 4.71        |
-----------------------------------------
-----------------------------------------
| rollout/                |             |
|    ep_len_mean          | 155         |
|    ep_rew_mean          | -27.9       |
| time/                   |             |
|    fps                  | 916         |
|    iterations           | 76          |
|    time_elapsed         | 679         |
|    total_timesteps      | 622592      |
| train/                  |             |
|    approx_kl            | 0.034153648 |
|    clip_fraction        | 0.252       |
|    clip_range           | 0.2         |
|    entropy_loss         | -1.78       |
|    explained_variance   | 0.989       |
|    learning_rate        | 0.0003      |
|    loss                 | 0.747       |
|    n_updates            | 18060       |
|    policy_gradient_loss | 0.00959     |
|    std                  | 0.412       |
|    value_loss           | 1.94        |
-----------------------------------------
-----------------------------------------
| rollout/                |             |
|    ep_len_mean          | 195         |
|    ep_rew_mean          | -40.8       |
| time/                   |             |
|    fps                  | 917         |
|    iterations           | 77          |
|    time_elapsed         | 687         |
|    total_timesteps      | 630784      |
| train/                  |             |
|    approx_kl            | 0.034314558 |
|    clip_fraction        | 0.286       |
|    clip_range           | 0.2         |
|    entropy_loss         | -1.8        |
|    explained_variance   | 0.988       |
|    learning_rate        | 0.0003      |
|    loss                 | 3.32        |
|    n_updates            | 18070       |
|    policy_gradient_loss | -0.000308   |
|    std                  | 0.413       |
|    value_loss           | 2.51        |
-----------------------------------------
-----------------------------------------
| rollout/                |             |
|    ep_len_mean          | 213         |
|    ep_rew_mean          | -47.7       |
| time/                   |             |
|    fps                  | 918         |
|    iterations           | 78          |
|    time_elapsed         | 695         |
|    total_timesteps      | 638976      |
| train/                  |             |
|    approx_kl            | 0.038601153 |
|    clip_fraction        | 0.282       |
|    clip_range           | 0.2         |
|    entropy_loss         | -1.8        |
|    explained_variance   | 0.992       |
|    learning_rate        | 0.0003      |
|    loss                 | 0.318       |
|    n_updates            | 18080       |
|    policy_gradient_loss | -0.000291   |
|    std                  | 0.413       |
|    value_loss           | 1.17        |
-----------------------------------------
-----------------------------------------
| rollout/                |             |
|    ep_len_mean          | 178         |
|    ep_rew_mean          | -35.9       |
| time/                   |             |
|    fps                  | 918         |
|    iterations           | 79          |
|    time_elapsed         | 704         |
|    total_timesteps      | 647168      |
| train/                  |             |
|    approx_kl            | 0.031904794 |
|    clip_fraction        | 0.262       |
|    clip_range           | 0.2         |
|    entropy_loss         | -1.76       |
|    explained_variance   | 0.983       |
|    learning_rate        | 0.0003      |
|    loss                 | 0.332       |
|    n_updates            | 18090       |
|    policy_gradient_loss | 0.000849    |
|    std                  | 0.409       |
|    value_loss           | 2.36        |
-----------------------------------------
-----------------------------------------
| rollout/                |             |
|    ep_len_mean          | 126         |
|    ep_rew_mean          | -18.6       |
| time/                   |             |
|    fps                  | 919         |
|    iterations           | 80          |
|    time_elapsed         | 712         |
|    total_timesteps      | 655360      |
| train/                  |             |
|    approx_kl            | 0.034141395 |
|    clip_fraction        | 0.246       |
|    clip_range           | 0.2         |
|    entropy_loss         | -1.72       |
|    explained_variance   | 0.989       |
|    learning_rate        | 0.0003      |
|    loss                 | 0.112       |
|    n_updates            | 18100       |
|    policy_gradient_loss | 0.000688    |
|    std                  | 0.408       |
|    value_loss           | 3.56        |
-----------------------------------------
-----------------------------------------
| rollout/                |             |
|    ep_len_mean          | 161         |
|    ep_rew_mean          | -36.3       |
| time/                   |             |
|    fps                  | 920         |
|    iterations           | 81          |
|    time_elapsed         | 721         |
|    total_timesteps      | 663552      |
| train/                  |             |
|    approx_kl            | 0.029173091 |
|    clip_fraction        | 0.258       |
|    clip_range           | 0.2         |
|    entropy_loss         | -1.78       |
|    explained_variance   | 0.985       |
|    learning_rate        | 0.0003      |
|    loss                 | 0.243       |
|    n_updates            | 18110       |
|    policy_gradient_loss | 0.00574     |
|    std                  | 0.416       |
|    value_loss           | 2.44        |
-----------------------------------------
-----------------------------------------
| rollout/                |             |
|    ep_len_mean          | 189         |
|    ep_rew_mean          | -45.4       |
| time/                   |             |
|    fps                  | 921         |
|    iterations           | 82          |
|    time_elapsed         | 729         |
|    total_timesteps      | 671744      |
| train/                  |             |
|    approx_kl            | 0.026359655 |
|    clip_fraction        | 0.246       |
|    clip_range           | 0.2         |
|    entropy_loss         | -1.82       |
|    explained_variance   | 0.958       |
|    learning_rate        | 0.0003      |
|    loss                 | 0.115       |
|    n_updates            | 18120       |
|    policy_gradient_loss | 0.00516     |
|    std                  | 0.419       |
|    value_loss           | 3.33        |
-----------------------------------------
-----------------------------------------
| rollout/                |             |
|    ep_len_mean          | 160         |
|    ep_rew_mean          | -30.2       |
| time/                   |             |
|    fps                  | 921         |
|    iterations           | 83          |
|    time_elapsed         | 737         |
|    total_timesteps      | 679936      |
| train/                  |             |
|    approx_kl            | 0.029065557 |
|    clip_fraction        | 0.259       |
|    clip_range           | 0.2         |
|    entropy_loss         | -1.83       |
|    explained_variance   | 0.983       |
|    learning_rate        | 0.0003      |
|    loss                 | 0.355       |
|    n_updates            | 18130       |
|    policy_gradient_loss | -0.000334   |
|    std                  | 0.419       |
|    value_loss           | 2.51        |
-----------------------------------------
-----------------------------------------
| rollout/                |             |
|    ep_len_mean          | 172         |
|    ep_rew_mean          | -38.8       |
| time/                   |             |
|    fps                  | 922         |
|    iterations           | 84          |
|    time_elapsed         | 746         |
|    total_timesteps      | 688128      |
| train/                  |             |
|    approx_kl            | 0.018396165 |
|    clip_fraction        | 0.177       |
|    clip_range           | 0.2         |
|    entropy_loss         | -1.87       |
|    explained_variance   | 0.979       |
|    learning_rate        | 0.0003      |
|    loss                 | 0.599       |
|    n_updates            | 18140       |
|    policy_gradient_loss | 0.0207      |
|    std                  | 0.425       |
|    value_loss           | 3.2         |
-----------------------------------------
-----------------------------------------
| rollout/                |             |
|    ep_len_mean          | 178         |
|    ep_rew_mean          | -44.5       |
| time/                   |             |
|    fps                  | 922         |
|    iterations           | 85          |
|    time_elapsed         | 754         |
|    total_timesteps      | 696320      |
| train/                  |             |
|    approx_kl            | 0.102240406 |
|    clip_fraction        | 0.258       |
|    clip_range           | 0.2         |
|    entropy_loss         | -1.9        |
|    explained_variance   | 0.991       |
|    learning_rate        | 0.0003      |
|    loss                 | 0.159       |
|    n_updates            | 18150       |
|    policy_gradient_loss | 0.0064      |
|    std                  | 0.425       |
|    value_loss           | 0.825       |
-----------------------------------------
-----------------------------------------
| rollout/                |             |
|    ep_len_mean          | 149         |
|    ep_rew_mean          | -24.3       |
| time/                   |             |
|    fps                  | 923         |
|    iterations           | 86          |
|    time_elapsed         | 763         |
|    total_timesteps      | 704512      |
| train/                  |             |
|    approx_kl            | 0.023372741 |
|    clip_fraction        | 0.185       |
|    clip_range           | 0.2         |
|    entropy_loss         | -1.89       |
|    explained_variance   | 0.984       |
|    learning_rate        | 0.0003      |
|    loss                 | 0.716       |
|    n_updates            | 18160       |
|    policy_gradient_loss | 0.00159     |
|    std                  | 0.427       |
|    value_loss           | 3.38        |
-----------------------------------------
-----------------------------------------
| rollout/                |             |
|    ep_len_mean          | 143         |
|    ep_rew_mean          | -17.2       |
| time/                   |             |
|    fps                  | 923         |
|    iterations           | 87          |
|    time_elapsed         | 771         |
|    total_timesteps      | 712704      |
| train/                  |             |
|    approx_kl            | 0.040519677 |
|    clip_fraction        | 0.271       |
|    clip_range           | 0.2         |
|    entropy_loss         | -1.86       |
|    explained_variance   | 0.988       |
|    learning_rate        | 0.0003      |
|    loss                 | 2.03        |
|    n_updates            | 18170       |
|    policy_gradient_loss | 0.00336     |
|    std                  | 0.423       |
|    value_loss           | 2.61        |
-----------------------------------------
----------------------------------------
| rollout/                |            |
|    ep_len_mean          | 173        |
|    ep_rew_mean          | -33.2      |
| time/                   |            |
|    fps                  | 924        |
|    iterations           | 88         |
|    time_elapsed         | 779        |
|    total_timesteps      | 720896     |
| train/                  |            |
|    approx_kl            | 0.12589681 |
|    clip_fraction        | 0.256      |
|    clip_range           | 0.2        |
|    entropy_loss         | -1.86      |
|    explained_variance   | 0.949      |
|    learning_rate        | 0.0003     |
|    loss                 | 0.265      |
|    n_updates            | 18180      |
|    policy_gradient_loss | -0.00141   |
|    std                  | 0.422      |
|    value_loss           | 2.36       |
----------------------------------------
----------------------------------------
| rollout/                |            |
|    ep_len_mean          | 196        |
|    ep_rew_mean          | -42        |
| time/                   |            |
|    fps                  | 925        |
|    iterations           | 89         |
|    time_elapsed         | 788        |
|    total_timesteps      | 729088     |
| train/                  |            |
|    approx_kl            | 0.07866743 |
|    clip_fraction        | 0.297      |
|    clip_range           | 0.2        |
|    entropy_loss         | -1.87      |
|    explained_variance   | 0.985      |
|    learning_rate        | 0.0003     |
|    loss                 | 0.114      |
|    n_updates            | 18190      |
|    policy_gradient_loss | -0.00304   |
|    std                  | 0.421      |
|    value_loss           | 1.06       |
----------------------------------------
-----------------------------------------
| rollout/                |             |
|    ep_len_mean          | 166         |
|    ep_rew_mean          | -34.2       |
| time/                   |             |
|    fps                  | 925         |
|    iterations           | 90          |
|    time_elapsed         | 796         |
|    total_timesteps      | 737280      |
| train/                  |             |
|    approx_kl            | 0.017832749 |
|    clip_fraction        | 0.163       |
|    clip_range           | 0.2         |
|    entropy_loss         | -1.85       |
|    explained_variance   | 0.971       |
|    learning_rate        | 0.0003      |
|    loss                 | 0.521       |
|    n_updates            | 18200       |
|    policy_gradient_loss | 0.0027      |
|    std                  | 0.424       |
|    value_loss           | 2.53        |
-----------------------------------------
-----------------------------------------
| rollout/                |             |
|    ep_len_mean          | 178         |
|    ep_rew_mean          | -41.9       |
| time/                   |             |
|    fps                  | 926         |
|    iterations           | 91          |
|    time_elapsed         | 804         |
|    total_timesteps      | 745472      |
| train/                  |             |
|    approx_kl            | 0.020282552 |
|    clip_fraction        | 0.144       |
|    clip_range           | 0.2         |
|    entropy_loss         | -1.9        |
|    explained_variance   | 0.961       |
|    learning_rate        | 0.0003      |
|    loss                 | 1.85        |
|    n_updates            | 18210       |
|    policy_gradient_loss | 0.0019      |
|    std                  | 0.431       |
|    value_loss           | 3.11        |
-----------------------------------------
-----------------------------------------
| rollout/                |             |
|    ep_len_mean          | 196         |
|    ep_rew_mean          | -43.4       |
| time/                   |             |
|    fps                  | 927         |
|    iterations           | 92          |
|    time_elapsed         | 812         |
|    total_timesteps      | 753664      |
| train/                  |             |
|    approx_kl            | 0.025964314 |
|    clip_fraction        | 0.268       |
|    clip_range           | 0.2         |
|    entropy_loss         | -1.96       |
|    explained_variance   | 0.983       |
|    learning_rate        | 0.0003      |
|    loss                 | 0.155       |
|    n_updates            | 18220       |
|    policy_gradient_loss | 0.00639     |
|    std                  | 0.435       |
|    value_loss           | 0.594       |
-----------------------------------------
-----------------------------------------
| rollout/                |             |
|    ep_len_mean          | 190         |
|    ep_rew_mean          | -35.9       |
| time/                   |             |
|    fps                  | 928         |
|    iterations           | 93          |
|    time_elapsed         | 820         |
|    total_timesteps      | 761856      |
| train/                  |             |
|    approx_kl            | 0.030235123 |
|    clip_fraction        | 0.243       |
|    clip_range           | 0.2         |
|    entropy_loss         | -2.01       |
|    explained_variance   | 0.981       |
|    learning_rate        | 0.0003      |
|    loss                 | 15.9        |
|    n_updates            | 18230       |
|    policy_gradient_loss | 0.0018      |
|    std                  | 0.441       |
|    value_loss           | 3.68        |
-----------------------------------------
-----------------------------------------
| rollout/                |             |
|    ep_len_mean          | 207         |
|    ep_rew_mean          | -49.2       |
| time/                   |             |
|    fps                  | 928         |
|    iterations           | 94          |
|    time_elapsed         | 829         |
|    total_timesteps      | 770048      |
| train/                  |             |
|    approx_kl            | 0.026754845 |
|    clip_fraction        | 0.262       |
|    clip_range           | 0.2         |
|    entropy_loss         | -2.02       |
|    explained_variance   | 0.985       |
|    learning_rate        | 0.0003      |
|    loss                 | 0.561       |
|    n_updates            | 18240       |
|    policy_gradient_loss | 0.00239     |
|    std                  | 0.441       |
|    value_loss           | 1.35        |
-----------------------------------------
-----------------------------------------
| rollout/                |             |
|    ep_len_mean          | 213         |
|    ep_rew_mean          | -57.1       |
| time/                   |             |
|    fps                  | 929         |
|    iterations           | 95          |
|    time_elapsed         | 837         |
|    total_timesteps      | 778240      |
| train/                  |             |
|    approx_kl            | 0.016954824 |
|    clip_fraction        | 0.148       |
|    clip_range           | 0.2         |
|    entropy_loss         | -2.03       |
|    explained_variance   | 0.943       |
|    learning_rate        | 0.0003      |
|    loss                 | 0.338       |
|    n_updates            | 18250       |
|    policy_gradient_loss | -0.00243    |
|    std                  | 0.442       |
|    value_loss           | 2.06        |
-----------------------------------------
-----------------------------------------
| rollout/                |             |
|    ep_len_mean          | 207         |
|    ep_rew_mean          | -56.5       |
| time/                   |             |
|    fps                  | 930         |
|    iterations           | 96          |
|    time_elapsed         | 845         |
|    total_timesteps      | 786432      |
| train/                  |             |
|    approx_kl            | 0.014892386 |
|    clip_fraction        | 0.138       |
|    clip_range           | 0.2         |
|    entropy_loss         | -2.05       |
|    explained_variance   | 0.967       |
|    learning_rate        | 0.0003      |
|    loss                 | 0.0657      |
|    n_updates            | 18260       |
|    policy_gradient_loss | 0.000608    |
|    std                  | 0.444       |
|    value_loss           | 2.04        |
-----------------------------------------
----------------------------------------
| rollout/                |            |
|    ep_len_mean          | 207        |
|    ep_rew_mean          | -56.3      |
| time/                   |            |
|    fps                  | 931        |
|    iterations           | 97         |
|    time_elapsed         | 853        |
|    total_timesteps      | 794624     |
| train/                  |            |
|    approx_kl            | 0.02330684 |
|    clip_fraction        | 0.218      |
|    clip_range           | 0.2        |
|    entropy_loss         | -2.06      |
|    explained_variance   | 0.981      |
|    learning_rate        | 0.0003     |
|    loss                 | 0.443      |
|    n_updates            | 18270      |
|    policy_gradient_loss | 0.000293   |
|    std                  | 0.444      |
|    value_loss           | 1.55       |
----------------------------------------
[PeriodicArtifactCallback] step 800000: running periodic self-monitoring analysis...
[PeriodicArtifactCallback] analysis written to C:\GitHub\HumanoidRobot\simulation\training\pick_place\runs\pp_v16\analysis_800000.md (stalled=False)
[PeriodicArtifactCallback] step 800000: saving checkpoint, evaluating, rendering...
[PeriodicArtifactCallback] step 800000: success_rate=0.00 pick_success_rate=0.40 mean_reward=-235.28 -> C:\GitHub\HumanoidRobot\simulation\training\pick_place\runs\pp_v16\dashboard.html
----------------------------------------
| rollout/                |            |
|    ep_len_mean          | 219        |
|    ep_rew_mean          | -60.2      |
| time/                   |            |
|    fps                  | 910        |
|    iterations           | 98         |
|    time_elapsed         | 881        |
|    total_timesteps      | 802816     |
| train/                  |            |
|    approx_kl            | 0.02322619 |
|    clip_fraction        | 0.232      |
|    clip_range           | 0.2        |
|    entropy_loss         | -2.05      |
|    explained_variance   | 0.979      |
|    learning_rate        | 0.0003     |
|    loss                 | 0.547      |
|    n_updates            | 18280      |
|    policy_gradient_loss | -0.00083   |
|    std                  | 0.44       |
|    value_loss           | 2.63       |
----------------------------------------
-----------------------------------------
| rollout/                |             |
|    ep_len_mean          | 207         |
|    ep_rew_mean          | -49.8       |
| time/                   |             |
|    fps                  | 911         |
|    iterations           | 99          |
|    time_elapsed         | 890         |
|    total_timesteps      | 811008      |
| train/                  |             |
|    approx_kl            | 0.033960387 |
|    clip_fraction        | 0.297       |
|    clip_range           | 0.2         |
|    entropy_loss         | -2.01       |
|    explained_variance   | 0.996       |
|    learning_rate        | 0.0003      |
|    loss                 | 0.298       |
|    n_updates            | 18290       |
|    policy_gradient_loss | 0.00287     |
|    std                  | 0.436       |
|    value_loss           | 0.445       |
-----------------------------------------
----------------------------------------
| rollout/                |            |
|    ep_len_mean          | 207        |
|    ep_rew_mean          | -47.7      |
| time/                   |            |
|    fps                  | 911        |
|    iterations           | 100        |
|    time_elapsed         | 898        |
|    total_timesteps      | 819200     |
| train/                  |            |
|    approx_kl            | 0.03095591 |
|    clip_fraction        | 0.238      |
|    clip_range           | 0.2        |
|    entropy_loss         | -2         |
|    explained_variance   | 0.988      |
|    learning_rate        | 0.0003     |
|    loss                 | 0.239      |
|    n_updates            | 18300      |
|    policy_gradient_loss | -0.000971  |
|    std                  | 0.437      |
|    value_loss           | 1.53       |
----------------------------------------
-----------------------------------------
| rollout/                |             |
|    ep_len_mean          | 207         |
|    ep_rew_mean          | -48.4       |
| time/                   |             |
|    fps                  | 912         |
|    iterations           | 101         |
|    time_elapsed         | 906         |
|    total_timesteps      | 827392      |
| train/                  |             |
|    approx_kl            | 0.019634183 |
|    clip_fraction        | 0.215       |
|    clip_range           | 0.2         |
|    entropy_loss         | -2.04       |
|    explained_variance   | 0.978       |
|    learning_rate        | 0.0003      |
|    loss                 | 0.159       |
|    n_updates            | 18310       |
|    policy_gradient_loss | 0.00423     |
|    std                  | 0.442       |
|    value_loss           | 1.11        |
-----------------------------------------
-----------------------------------------
| rollout/                |             |
|    ep_len_mean          | 178         |
|    ep_rew_mean          | -39.4       |
| time/                   |             |
|    fps                  | 913         |
|    iterations           | 102         |
|    time_elapsed         | 914         |
|    total_timesteps      | 835584      |
| train/                  |             |
|    approx_kl            | 0.025767865 |
|    clip_fraction        | 0.252       |
|    clip_range           | 0.2         |
|    entropy_loss         | -2.07       |
|    explained_variance   | 0.992       |
|    learning_rate        | 0.0003      |
|    loss                 | 0.843       |
|    n_updates            | 18320       |
|    policy_gradient_loss | 0.000893    |
|    std                  | 0.44        |
|    value_loss           | 1.61        |
-----------------------------------------
-----------------------------------------
| rollout/                |             |
|    ep_len_mean          | 184         |
|    ep_rew_mean          | -36.1       |
| time/                   |             |
|    fps                  | 914         |
|    iterations           | 103         |
|    time_elapsed         | 923         |
|    total_timesteps      | 843776      |
| train/                  |             |
|    approx_kl            | 0.024979265 |
|    clip_fraction        | 0.23        |
|    clip_range           | 0.2         |
|    entropy_loss         | -2.03       |
|    explained_variance   | 0.995       |
|    learning_rate        | 0.0003      |
|    loss                 | 1.6         |
|    n_updates            | 18330       |
|    policy_gradient_loss | -0.00452    |
|    std                  | 0.438       |
|    value_loss           | 1.46        |
-----------------------------------------
-----------------------------------------
| rollout/                |             |
|    ep_len_mean          | 184         |
|    ep_rew_mean          | -37.4       |
| time/                   |             |
|    fps                  | 914         |
|    iterations           | 104         |
|    time_elapsed         | 931         |
|    total_timesteps      | 851968      |
| train/                  |             |
|    approx_kl            | 0.015228243 |
|    clip_fraction        | 0.167       |
|    clip_range           | 0.2         |
|    entropy_loss         | -2.04       |
|    explained_variance   | 0.984       |
|    learning_rate        | 0.0003      |
|    loss                 | 0.246       |
|    n_updates            | 18340       |
|    policy_gradient_loss | 0.000821    |
|    std                  | 0.44        |
|    value_loss           | 1.37        |
-----------------------------------------
-----------------------------------------
| rollout/                |             |
|    ep_len_mean          | 213         |
|    ep_rew_mean          | -48.9       |
| time/                   |             |
|    fps                  | 915         |
|    iterations           | 105         |
|    time_elapsed         | 939         |
|    total_timesteps      | 860160      |
| train/                  |             |
|    approx_kl            | 0.021257952 |
|    clip_fraction        | 0.223       |
|    clip_range           | 0.2         |
|    entropy_loss         | -2.06       |
|    explained_variance   | 0.991       |
|    learning_rate        | 0.0003      |
|    loss                 | 0.5         |
|    n_updates            | 18350       |
|    policy_gradient_loss | 0.00174     |
|    std                  | 0.441       |
|    value_loss           | 1.29        |
-----------------------------------------
-----------------------------------------
| rollout/                |             |
|    ep_len_mean          | 228         |
|    ep_rew_mean          | -54         |
| time/                   |             |
|    fps                  | 915         |
|    iterations           | 106         |
|    time_elapsed         | 948         |
|    total_timesteps      | 868352      |
| train/                  |             |
|    approx_kl            | 0.024489488 |
|    clip_fraction        | 0.261       |
|    clip_range           | 0.2         |
|    entropy_loss         | -2.05       |
|    explained_variance   | 0.989       |
|    learning_rate        | 0.0003      |
|    loss                 | 0.729       |
|    n_updates            | 18360       |
|    policy_gradient_loss | -0.000993   |
|    std                  | 0.44        |
|    value_loss           | 1.31        |
-----------------------------------------
-----------------------------------------
| rollout/                |             |
|    ep_len_mean          | 181         |
|    ep_rew_mean          | -34.8       |
| time/                   |             |
|    fps                  | 916         |
|    iterations           | 107         |
|    time_elapsed         | 956         |
|    total_timesteps      | 876544      |
| train/                  |             |
|    approx_kl            | 0.019316055 |
|    clip_fraction        | 0.161       |
|    clip_range           | 0.2         |
|    entropy_loss         | -2.04       |
|    explained_variance   | 0.968       |
|    learning_rate        | 0.0003      |
|    loss                 | 1.26        |
|    n_updates            | 18370       |
|    policy_gradient_loss | 0.000439    |
|    std                  | 0.44        |
|    value_loss           | 2.78        |
-----------------------------------------
-----------------------------------------
| rollout/                |             |
|    ep_len_mean          | 149         |
|    ep_rew_mean          | -24.9       |
| time/                   |             |
|    fps                  | 916         |
|    iterations           | 108         |
|    time_elapsed         | 965         |
|    total_timesteps      | 884736      |
| train/                  |             |
|    approx_kl            | 0.034208514 |
|    clip_fraction        | 0.209       |
|    clip_range           | 0.2         |
|    entropy_loss         | -2.06       |
|    explained_variance   | 0.935       |
|    learning_rate        | 0.0003      |
|    loss                 | 0.909       |
|    n_updates            | 18380       |
|    policy_gradient_loss | -0.00159    |
|    std                  | 0.443       |
|    value_loss           | 6.42        |
-----------------------------------------
----------------------------------------
| rollout/                |            |
|    ep_len_mean          | 190        |
|    ep_rew_mean          | -40        |
| time/                   |            |
|    fps                  | 917        |
|    iterations           | 109        |
|    time_elapsed         | 973        |
|    total_timesteps      | 892928     |
| train/                  |            |
|    approx_kl            | 0.02228875 |
|    clip_fraction        | 0.192      |
|    clip_range           | 0.2        |
|    entropy_loss         | -2.08      |
|    explained_variance   | 0.967      |
|    learning_rate        | 0.0003     |
|    loss                 | 0.217      |
|    n_updates            | 18390      |
|    policy_gradient_loss | 0.00606    |
|    std                  | 0.446      |
|    value_loss           | 2.2        |
----------------------------------------
-----------------------------------------
| rollout/                |             |
|    ep_len_mean          | 231         |
|    ep_rew_mean          | -59.1       |
| time/                   |             |
|    fps                  | 917         |
|    iterations           | 110         |
|    time_elapsed         | 981         |
|    total_timesteps      | 901120      |
| train/                  |             |
|    approx_kl            | 0.028388064 |
|    clip_fraction        | 0.287       |
|    clip_range           | 0.2         |
|    entropy_loss         | -2.11       |
|    explained_variance   | 0.953       |
|    learning_rate        | 0.0003      |
|    loss                 | 0.464       |
|    n_updates            | 18400       |
|    policy_gradient_loss | 0.00528     |
|    std                  | 0.449       |
|    value_loss           | 4.51        |
-----------------------------------------
----------------------------------------
| rollout/                |            |
|    ep_len_mean          | 207        |
|    ep_rew_mean          | -47.8      |
| time/                   |            |
|    fps                  | 918        |
|    iterations           | 111        |
|    time_elapsed         | 990        |
|    total_timesteps      | 909312     |
| train/                  |            |
|    approx_kl            | 0.01807066 |
|    clip_fraction        | 0.177      |
|    clip_range           | 0.2        |
|    entropy_loss         | -2.12      |
|    explained_variance   | 0.973      |
|    learning_rate        | 0.0003     |
|    loss                 | 0.364      |
|    n_updates            | 18410      |
|    policy_gradient_loss | 0.000575   |
|    std                  | 0.449      |
|    value_loss           | 3.48       |
----------------------------------------
----------------------------------------
| rollout/                |            |
|    ep_len_mean          | 202        |
|    ep_rew_mean          | -59.8      |
| time/                   |            |
|    fps                  | 918        |
|    iterations           | 112        |
|    time_elapsed         | 998        |
|    total_timesteps      | 917504     |
| train/                  |            |
|    approx_kl            | 0.01199224 |
|    clip_fraction        | 0.117      |
|    clip_range           | 0.2        |
|    entropy_loss         | -2.12      |
|    explained_variance   | 0.949      |
|    learning_rate        | 0.0003     |
|    loss                 | 10.3       |
|    n_updates            | 18420      |
|    policy_gradient_loss | 0.000172   |
|    std                  | 0.451      |
|    value_loss           | 8.03       |
----------------------------------------
----------------------------------------
| rollout/                |            |
|    ep_len_mean          | 198        |
|    ep_rew_mean          | -59.5      |
| time/                   |            |
|    fps                  | 919        |
|    iterations           | 113        |
|    time_elapsed         | 1006       |
|    total_timesteps      | 925696     |
| train/                  |            |
|    approx_kl            | 0.01552449 |
|    clip_fraction        | 0.15       |
|    clip_range           | 0.2        |
|    entropy_loss         | -2.14      |
|    explained_variance   | 0.944      |
|    learning_rate        | 0.0003     |
|    loss                 | 0.955      |
|    n_updates            | 18430      |
|    policy_gradient_loss | 0.00122    |
|    std                  | 0.454      |
|    value_loss           | 3.74       |
----------------------------------------
-----------------------------------------
| rollout/                |             |
|    ep_len_mean          | 221         |
|    ep_rew_mean          | -68.3       |
| time/                   |             |
|    fps                  | 920         |
|    iterations           | 114         |
|    time_elapsed         | 1015        |
|    total_timesteps      | 933888      |
| train/                  |             |
|    approx_kl            | 0.030318841 |
|    clip_fraction        | 0.281       |
|    clip_range           | 0.2         |
|    entropy_loss         | -2.13       |
|    explained_variance   | 0.98        |
|    learning_rate        | 0.0003      |
|    loss                 | 6.25        |
|    n_updates            | 18440       |
|    policy_gradient_loss | 0.00521     |
|    std                  | 0.451       |
|    value_loss           | 3.79        |
-----------------------------------------
-----------------------------------------
| rollout/                |             |
|    ep_len_mean          | 218         |
|    ep_rew_mean          | -54.6       |
| time/                   |             |
|    fps                  | 920         |
|    iterations           | 115         |
|    time_elapsed         | 1023        |
|    total_timesteps      | 942080      |
| train/                  |             |
|    approx_kl            | 0.023061542 |
|    clip_fraction        | 0.235       |
|    clip_range           | 0.2         |
|    entropy_loss         | -2.16       |
|    explained_variance   | 0.987       |
|    learning_rate        | 0.0003      |
|    loss                 | 0.907       |
|    n_updates            | 18450       |
|    policy_gradient_loss | 0.000668    |
|    std                  | 0.454       |
|    value_loss           | 0.871       |
-----------------------------------------
-----------------------------------------
| rollout/                |             |
|    ep_len_mean          | 172         |
|    ep_rew_mean          | -29.1       |
| time/                   |             |
|    fps                  | 921         |
|    iterations           | 116         |
|    time_elapsed         | 1031        |
|    total_timesteps      | 950272      |
| train/                  |             |
|    approx_kl            | 0.029555654 |
|    clip_fraction        | 0.295       |
|    clip_range           | 0.2         |
|    entropy_loss         | -2.16       |
|    explained_variance   | 0.995       |
|    learning_rate        | 0.0003      |
|    loss                 | 0.132       |
|    n_updates            | 18460       |
|    policy_gradient_loss | -0.000175   |
|    std                  | 0.455       |
|    value_loss           | 0.757       |
-----------------------------------------
-----------------------------------------
| rollout/                |             |
|    ep_len_mean          | 166         |
|    ep_rew_mean          | -29.7       |
| time/                   |             |
|    fps                  | 921         |
|    iterations           | 117         |
|    time_elapsed         | 1039        |
|    total_timesteps      | 958464      |
| train/                  |             |
|    approx_kl            | 0.030694962 |
|    clip_fraction        | 0.256       |
|    clip_range           | 0.2         |
|    entropy_loss         | -2.13       |
|    explained_variance   | 0.996       |
|    learning_rate        | 0.0003      |
|    loss                 | 0.233       |
|    n_updates            | 18470       |
|    policy_gradient_loss | -0.0043     |
|    std                  | 0.45        |
|    value_loss           | 1.17        |
-----------------------------------------
-----------------------------------------
| rollout/                |             |
|    ep_len_mean          | 172         |
|    ep_rew_mean          | -33.8       |
| time/                   |             |
|    fps                  | 922         |
|    iterations           | 118         |
|    time_elapsed         | 1047        |
|    total_timesteps      | 966656      |
| train/                  |             |
|    approx_kl            | 0.020802094 |
|    clip_fraction        | 0.216       |
|    clip_range           | 0.2         |
|    entropy_loss         | -2.1        |
|    explained_variance   | 0.983       |
|    learning_rate        | 0.0003      |
|    loss                 | 0.0402      |
|    n_updates            | 18480       |
|    policy_gradient_loss | -0.0021     |
|    std                  | 0.45        |
|    value_loss           | 2.22        |
-----------------------------------------
----------------------------------------
| rollout/                |            |
|    ep_len_mean          | 207        |
|    ep_rew_mean          | -51.9      |
| time/                   |            |
|    fps                  | 922        |
|    iterations           | 119        |
|    time_elapsed         | 1056       |
|    total_timesteps      | 974848     |
| train/                  |            |
|    approx_kl            | 0.02358853 |
|    clip_fraction        | 0.245      |
|    clip_range           | 0.2        |
|    entropy_loss         | -2.1       |
|    explained_variance   | 0.998      |
|    learning_rate        | 0.0003     |
|    loss                 | 0.0518     |
|    n_updates            | 18490      |
|    policy_gradient_loss | -0.00201   |
|    std                  | 0.45       |
|    value_loss           | 0.324      |
----------------------------------------
-----------------------------------------
| rollout/                |             |
|    ep_len_mean          | 230         |
|    ep_rew_mean          | -58.9       |
| time/                   |             |
|    fps                  | 923         |
|    iterations           | 120         |
|    time_elapsed         | 1064        |
|    total_timesteps      | 983040      |
| train/                  |             |
|    approx_kl            | 0.019930638 |
|    clip_fraction        | 0.225       |
|    clip_range           | 0.2         |
|    entropy_loss         | -2.08       |
|    explained_variance   | 0.992       |
|    learning_rate        | 0.0003      |
|    loss                 | 0.117       |
|    n_updates            | 18500       |
|    policy_gradient_loss | -0.00302    |
|    std                  | 0.449       |
|    value_loss           | 1.36        |
-----------------------------------------
-----------------------------------------
| rollout/                |             |
|    ep_len_mean          | 253         |
|    ep_rew_mean          | -69.3       |
| time/                   |             |
|    fps                  | 923         |
|    iterations           | 121         |
|    time_elapsed         | 1073        |
|    total_timesteps      | 991232      |
| train/                  |             |
|    approx_kl            | 0.019497674 |
|    clip_fraction        | 0.223       |
|    clip_range           | 0.2         |
|    entropy_loss         | -2.07       |
|    explained_variance   | 0.995       |
|    learning_rate        | 0.0003      |
|    loss                 | 0.169       |
|    n_updates            | 18510       |
|    policy_gradient_loss | -0.0028     |
|    std                  | 0.448       |
|    value_loss           | 0.492       |
-----------------------------------------
-----------------------------------------
| rollout/                |             |
|    ep_len_mean          | 242         |
|    ep_rew_mean          | -62.6       |
| time/                   |             |
|    fps                  | 924         |
|    iterations           | 122         |
|    time_elapsed         | 1081        |
|    total_timesteps      | 999424      |
| train/                  |             |
|    approx_kl            | 0.014712043 |
|    clip_fraction        | 0.127       |
|    clip_range           | 0.2         |
|    entropy_loss         | -2.09       |
|    explained_variance   | 0.963       |
|    learning_rate        | 0.0003      |
|    loss                 | 0.825       |
|    n_updates            | 18520       |
|    policy_gradient_loss | 0.000331    |
|    std                  | 0.453       |
|    value_loss           | 2.06        |
-----------------------------------------
[PeriodicArtifactCallback] step 1000000: saving checkpoint, evaluating, rendering...
[PeriodicArtifactCallback] step 1000000: success_rate=0.00 pick_success_rate=0.30 mean_reward=-232.87 -> C:\GitHub\HumanoidRobot\simulation\training\pick_place\runs\pp_v16\dashboard.html
----------------------------------------
| rollout/                |            |
|    ep_len_mean          | 207        |
|    ep_rew_mean          | -48.8      |
| time/                   |            |
|    fps                  | 914        |
|    iterations           | 123        |
|    time_elapsed         | 1101       |
|    total_timesteps      | 1007616    |
| train/                  |            |
|    approx_kl            | 0.01714512 |
|    clip_fraction        | 0.163      |
|    clip_range           | 0.2        |
|    entropy_loss         | -2.11      |
|    explained_variance   | 0.979      |
|    learning_rate        | 0.0003     |
|    loss                 | 0.535      |
|    n_updates            | 18530      |
|    policy_gradient_loss | 0.00257    |
|    std                  | 0.453      |
|    value_loss           | 2.04       |
----------------------------------------
-----------------------------------------
| rollout/                |             |
|    ep_len_mean          | 167         |
|    ep_rew_mean          | -27.4       |
| time/                   |             |
|    fps                  | 915         |
|    iterations           | 124         |
|    time_elapsed         | 1109        |
|    total_timesteps      | 1015808     |
| train/                  |             |
|    approx_kl            | 0.022602499 |
|    clip_fraction        | 0.189       |
|    clip_range           | 0.2         |
|    entropy_loss         | -2.12       |
|    explained_variance   | 0.97        |
|    learning_rate        | 0.0003      |
|    loss                 | 0.173       |
|    n_updates            | 18540       |
|    policy_gradient_loss | -0.00117    |
|    std                  | 0.454       |
|    value_loss           | 4.25        |
-----------------------------------------
----------------------------------------
| rollout/                |            |
|    ep_len_mean          | 190        |
|    ep_rew_mean          | -35.3      |
| time/                   |            |
|    fps                  | 915        |
|    iterations           | 125        |
|    time_elapsed         | 1118       |
|    total_timesteps      | 1024000    |
| train/                  |            |
|    approx_kl            | 0.03282711 |
|    clip_fraction        | 0.294      |
|    clip_range           | 0.2        |
|    entropy_loss         | -2.13      |
|    explained_variance   | 0.99       |
|    learning_rate        | 0.0003     |
|    loss                 | 1.46       |
|    n_updates            | 18550      |
|    policy_gradient_loss | 0.00588    |
|    std                  | 0.453      |
|    value_loss           | 2.16       |
----------------------------------------
----------------------------------------
| rollout/                |            |
|    ep_len_mean          | 207        |
|    ep_rew_mean          | -48.3      |
| time/                   |            |
|    fps                  | 916        |
|    iterations           | 126        |
|    time_elapsed         | 1126       |
|    total_timesteps      | 1032192    |
| train/                  |            |
|    approx_kl            | 0.02394168 |
|    clip_fraction        | 0.238      |
|    clip_range           | 0.2        |
|    entropy_loss         | -2.13      |
|    explained_variance   | 0.992      |
|    learning_rate        | 0.0003     |
|    loss                 | 0.348      |
|    n_updates            | 18560      |
|    policy_gradient_loss | -0.00183   |
|    std                  | 0.453      |
|    value_loss           | 1.13       |
----------------------------------------
-----------------------------------------
| rollout/                |             |
|    ep_len_mean          | 218         |
|    ep_rew_mean          | -51.3       |
| time/                   |             |
|    fps                  | 916         |
|    iterations           | 127         |
|    time_elapsed         | 1134        |
|    total_timesteps      | 1040384     |
| train/                  |             |
|    approx_kl            | 0.026580501 |
|    clip_fraction        | 0.243       |
|    clip_range           | 0.2         |
|    entropy_loss         | -2.13       |
|    explained_variance   | 0.99        |
|    learning_rate        | 0.0003      |
|    loss                 | 0.196       |
|    n_updates            | 18570       |
|    policy_gradient_loss | -0.0023     |
|    std                  | 0.453       |
|    value_loss           | 1.83        |
-----------------------------------------
-----------------------------------------
| rollout/                |             |
|    ep_len_mean          | 213         |
|    ep_rew_mean          | -51.4       |
| time/                   |             |
|    fps                  | 917         |
|    iterations           | 128         |
|    time_elapsed         | 1143        |
|    total_timesteps      | 1048576     |
| train/                  |             |
|    approx_kl            | 0.026292779 |
|    clip_fraction        | 0.245       |
|    clip_range           | 0.2         |
|    entropy_loss         | -2.12       |
|    explained_variance   | 0.99        |
|    learning_rate        | 0.0003      |
|    loss                 | 0.162       |
|    n_updates            | 18580       |
|    policy_gradient_loss | -0.00277    |
|    std                  | 0.454       |
|    value_loss           | 0.996       |
-----------------------------------------
----------------------------------------
| rollout/                |            |
|    ep_len_mean          | 246        |
|    ep_rew_mean          | -67.2      |
| time/                   |            |
|    fps                  | 917        |
|    iterations           | 129        |
|    time_elapsed         | 1151       |
|    total_timesteps      | 1056768    |
| train/                  |            |
|    approx_kl            | 0.02112411 |
|    clip_fraction        | 0.163      |
|    clip_range           | 0.2        |
|    entropy_loss         | -2.13      |
|    explained_variance   | 0.978      |
|    learning_rate        | 0.0003     |
|    loss                 | 0.805      |
|    n_updates            | 18590      |
|    policy_gradient_loss | -0.00109   |
|    std                  | 0.454      |
|    value_loss           | 2.77       |
----------------------------------------
-----------------------------------------
| rollout/                |             |
|    ep_len_mean          | 240         |
|    ep_rew_mean          | -63.3       |
| time/                   |             |
|    fps                  | 918         |
|    iterations           | 130         |
|    time_elapsed         | 1160        |
|    total_timesteps      | 1064960     |
| train/                  |             |
|    approx_kl            | 0.018785993 |
|    clip_fraction        | 0.206       |
|    clip_range           | 0.2         |
|    entropy_loss         | -2.12       |
|    explained_variance   | 0.981       |
|    learning_rate        | 0.0003      |
|    loss                 | 0.425       |
|    n_updates            | 18600       |
|    policy_gradient_loss | 0.00374     |
|    std                  | 0.452       |
|    value_loss           | 1.77        |
-----------------------------------------
-----------------------------------------
| rollout/                |             |
|    ep_len_mean          | 211         |
|    ep_rew_mean          | -52.6       |
| time/                   |             |
|    fps                  | 918         |
|    iterations           | 131         |
|    time_elapsed         | 1168        |
|    total_timesteps      | 1073152     |
| train/                  |             |
|    approx_kl            | 0.012880176 |
|    clip_fraction        | 0.151       |
|    clip_range           | 0.2         |
|    entropy_loss         | -2.12       |
|    explained_variance   | 0.976       |
|    learning_rate        | 0.0003      |
|    loss                 | 0.281       |
|    n_updates            | 18610       |
|    policy_gradient_loss | 0.000894    |
|    std                  | 0.454       |
|    value_loss           | 2.27        |
-----------------------------------------
-----------------------------------------
| rollout/                |             |
|    ep_len_mean          | 184         |
|    ep_rew_mean          | -36.1       |
| time/                   |             |
|    fps                  | 918         |
|    iterations           | 132         |
|    time_elapsed         | 1176        |
|    total_timesteps      | 1081344     |
| train/                  |             |
|    approx_kl            | 0.030771801 |
|    clip_fraction        | 0.258       |
|    clip_range           | 0.2         |
|    entropy_loss         | -2.14       |
|    explained_variance   | 0.994       |
|    learning_rate        | 0.0003      |
|    loss                 | 0.635       |
|    n_updates            | 18620       |
|    policy_gradient_loss | 0.00302     |
|    std                  | 0.456       |
|    value_loss           | 0.652       |
-----------------------------------------
-----------------------------------------
| rollout/                |             |
|    ep_len_mean          | 201         |
|    ep_rew_mean          | -44.6       |
| time/                   |             |
|    fps                  | 919         |
|    iterations           | 133         |
|    time_elapsed         | 1185        |
|    total_timesteps      | 1089536     |
| train/                  |             |
|    approx_kl            | 0.026622577 |
|    clip_fraction        | 0.255       |
|    clip_range           | 0.2         |
|    entropy_loss         | -2.13       |
|    explained_variance   | 0.994       |
|    learning_rate        | 0.0003      |
|    loss                 | 0.45        |
|    n_updates            | 18630       |
|    policy_gradient_loss | 0.000342    |
|    std                  | 0.453       |
|    value_loss           | 1.17        |
-----------------------------------------
-----------------------------------------
| rollout/                |             |
|    ep_len_mean          | 224         |
|    ep_rew_mean          | -53.9       |
| time/                   |             |
|    fps                  | 919         |
|    iterations           | 134         |
|    time_elapsed         | 1193        |
|    total_timesteps      | 1097728     |
| train/                  |             |
|    approx_kl            | 0.025484763 |
|    clip_fraction        | 0.24        |
|    clip_range           | 0.2         |
|    entropy_loss         | -2.1        |
|    explained_variance   | 0.994       |
|    learning_rate        | 0.0003      |
|    loss                 | 0.236       |
|    n_updates            | 18640       |
|    policy_gradient_loss | -0.0042     |
|    std                  | 0.451       |
|    value_loss           | 1.45        |
-----------------------------------------
-----------------------------------------
| rollout/                |             |
|    ep_len_mean          | 230         |
|    ep_rew_mean          | -54.3       |
| time/                   |             |
|    fps                  | 920         |
|    iterations           | 135         |
|    time_elapsed         | 1201        |
|    total_timesteps      | 1105920     |
| train/                  |             |
|    approx_kl            | 0.027128642 |
|    clip_fraction        | 0.258       |
|    clip_range           | 0.2         |
|    entropy_loss         | -2.1        |
|    explained_variance   | 0.983       |
|    learning_rate        | 0.0003      |
|    loss                 | 0.199       |
|    n_updates            | 18650       |
|    policy_gradient_loss | -0.00573    |
|    std                  | 0.448       |
|    value_loss           | 1.12        |
-----------------------------------------
-----------------------------------------
| rollout/                |             |
|    ep_len_mean          | 166         |
|    ep_rew_mean          | -32         |
| time/                   |             |
|    fps                  | 920         |
|    iterations           | 136         |
|    time_elapsed         | 1210        |
|    total_timesteps      | 1114112     |
| train/                  |             |
|    approx_kl            | 0.017808411 |
|    clip_fraction        | 0.149       |
|    clip_range           | 0.2         |
|    entropy_loss         | -2.1        |
|    explained_variance   | 0.972       |
|    learning_rate        | 0.0003      |
|    loss                 | 3.63        |
|    n_updates            | 18660       |
|    policy_gradient_loss | 0.000768    |
|    std                  | 0.449       |
|    value_loss           | 3.54        |
-----------------------------------------
-----------------------------------------
| rollout/                |             |
|    ep_len_mean          | 155         |
|    ep_rew_mean          | -27.2       |
| time/                   |             |
|    fps                  | 920         |
|    iterations           | 137         |
|    time_elapsed         | 1218        |
|    total_timesteps      | 1122304     |
| train/                  |             |
|    approx_kl            | 0.025398862 |
|    clip_fraction        | 0.218       |
|    clip_range           | 0.2         |
|    entropy_loss         | -2.09       |
|    explained_variance   | 0.989       |
|    learning_rate        | 0.0003      |
|    loss                 | 1.46        |
|    n_updates            | 18670       |
|    policy_gradient_loss | 0.000256    |
|    std                  | 0.446       |
|    value_loss           | 2.86        |
-----------------------------------------
-----------------------------------------
| rollout/                |             |
|    ep_len_mean          | 196         |
|    ep_rew_mean          | -43.3       |
| time/                   |             |
|    fps                  | 921         |
|    iterations           | 138         |
|    time_elapsed         | 1226        |
|    total_timesteps      | 1130496     |
| train/                  |             |
|    approx_kl            | 0.031293236 |
|    clip_fraction        | 0.284       |
|    clip_range           | 0.2         |
|    entropy_loss         | -2.09       |
|    explained_variance   | 0.994       |
|    learning_rate        | 0.0003      |
|    loss                 | 0.16        |
|    n_updates            | 18680       |
|    policy_gradient_loss | 0.00156     |
|    std                  | 0.448       |
|    value_loss           | 1.18        |
-----------------------------------------
-----------------------------------------
| rollout/                |             |
|    ep_len_mean          | 224         |
|    ep_rew_mean          | -56.8       |
| time/                   |             |
|    fps                  | 922         |
|    iterations           | 139         |
|    time_elapsed         | 1234        |
|    total_timesteps      | 1138688     |
| train/                  |             |
|    approx_kl            | 0.015929166 |
|    clip_fraction        | 0.154       |
|    clip_range           | 0.2         |
|    entropy_loss         | -2.11       |
|    explained_variance   | 0.966       |
|    learning_rate        | 0.0003      |
|    loss                 | 0.277       |
|    n_updates            | 18690       |
|    policy_gradient_loss | 0.000708    |
|    std                  | 0.449       |
|    value_loss           | 1.02        |
-----------------------------------------
-----------------------------------------
| rollout/                |             |
|    ep_len_mean          | 213         |
|    ep_rew_mean          | -56.3       |
| time/                   |             |
|    fps                  | 922         |
|    iterations           | 140         |
|    time_elapsed         | 1243        |
|    total_timesteps      | 1146880     |
| train/                  |             |
|    approx_kl            | 0.017286718 |
|    clip_fraction        | 0.214       |
|    clip_range           | 0.2         |
|    entropy_loss         | -2.12       |
|    explained_variance   | 0.989       |
|    learning_rate        | 0.0003      |
|    loss                 | 0.125       |
|    n_updates            | 18700       |
|    policy_gradient_loss | 7.5e-05     |
|    std                  | 0.451       |
|    value_loss           | 2.2         |
-----------------------------------------
-----------------------------------------
| rollout/                |             |
|    ep_len_mean          | 201         |
|    ep_rew_mean          | -54.3       |
| time/                   |             |
|    fps                  | 922         |
|    iterations           | 141         |
|    time_elapsed         | 1251        |
|    total_timesteps      | 1155072     |
| train/                  |             |
|    approx_kl            | 0.022543946 |
|    clip_fraction        | 0.233       |
|    clip_range           | 0.2         |
|    entropy_loss         | -2.11       |
|    explained_variance   | 0.992       |
|    learning_rate        | 0.0003      |
|    loss                 | 0.389       |
|    n_updates            | 18710       |
|    policy_gradient_loss | -0.00169    |
|    std                  | 0.448       |
|    value_loss           | 2.37        |
-----------------------------------------
-----------------------------------------
| rollout/                |             |
|    ep_len_mean          | 201         |
|    ep_rew_mean          | -53.5       |
| time/                   |             |
|    fps                  | 923         |
|    iterations           | 142         |
|    time_elapsed         | 1260        |
|    total_timesteps      | 1163264     |
| train/                  |             |
|    approx_kl            | 0.028363854 |
|    clip_fraction        | 0.226       |
|    clip_range           | 0.2         |
|    entropy_loss         | -2.09       |
|    explained_variance   | 0.986       |
|    learning_rate        | 0.0003      |
|    loss                 | 0.168       |
|    n_updates            | 18720       |
|    policy_gradient_loss | -0.00371    |
|    std                  | 0.446       |
|    value_loss           | 2.36        |
-----------------------------------------
-----------------------------------------
| rollout/                |             |
|    ep_len_mean          | 230         |
|    ep_rew_mean          | -62         |
| time/                   |             |
|    fps                  | 923         |
|    iterations           | 143         |
|    time_elapsed         | 1268        |
|    total_timesteps      | 1171456     |
| train/                  |             |
|    approx_kl            | 0.025326159 |
|    clip_fraction        | 0.246       |
|    clip_range           | 0.2         |
|    entropy_loss         | -2.08       |
|    explained_variance   | 0.992       |
|    learning_rate        | 0.0003      |
|    loss                 | 0.231       |
|    n_updates            | 18730       |
|    policy_gradient_loss | -0.0021     |
|    std                  | 0.446       |
|    value_loss           | 1.92        |
-----------------------------------------
-----------------------------------------
| rollout/                |             |
|    ep_len_mean          | 207         |
|    ep_rew_mean          | -47.9       |
| time/                   |             |
|    fps                  | 923         |
|    iterations           | 144         |
|    time_elapsed         | 1276        |
|    total_timesteps      | 1179648     |
| train/                  |             |
|    approx_kl            | 0.014777466 |
|    clip_fraction        | 0.131       |
|    clip_range           | 0.2         |
|    entropy_loss         | -2.11       |
|    explained_variance   | 0.948       |
|    learning_rate        | 0.0003      |
|    loss                 | 0.0771      |
|    n_updates            | 18740       |
|    policy_gradient_loss | -8.44e-05   |
|    std                  | 0.453       |
|    value_loss           | 1.69        |
-----------------------------------------
----------------------------------------
| rollout/                |            |
|    ep_len_mean          | 244        |
|    ep_rew_mean          | -65.8      |
| time/                   |            |
|    fps                  | 924        |
|    iterations           | 145        |
|    time_elapsed         | 1284       |
|    total_timesteps      | 1187840    |
| train/                  |            |
|    approx_kl            | 0.02413259 |
|    clip_fraction        | 0.178      |
|    clip_range           | 0.2        |
|    entropy_loss         | -2.12      |
|    explained_variance   | 0.98       |
|    learning_rate        | 0.0003     |
|    loss                 | 0.0735     |
|    n_updates            | 18750      |
|    policy_gradient_loss | -0.00187   |
|    std                  | 0.452      |
|    value_loss           | 3.91       |
----------------------------------------
-----------------------------------------
| rollout/                |             |
|    ep_len_mean          | 244         |
|    ep_rew_mean          | -65.2       |
| time/                   |             |
|    fps                  | 924         |
|    iterations           | 146         |
|    time_elapsed         | 1293        |
|    total_timesteps      | 1196032     |
| train/                  |             |
|    approx_kl            | 0.020012967 |
|    clip_fraction        | 0.205       |
|    clip_range           | 0.2         |
|    entropy_loss         | -2.1        |
|    explained_variance   | 0.967       |
|    learning_rate        | 0.0003      |
|    loss                 | 1.04        |
|    n_updates            | 18760       |
|    policy_gradient_loss | 0.00205     |
|    std                  | 0.45        |
|    value_loss           | 3.91        |
-----------------------------------------
[PeriodicArtifactCallback] step 1200000: running periodic self-monitoring analysis...
[PeriodicArtifactCallback] analysis written to C:\GitHub\HumanoidRobot\simulation\training\pick_place\runs\pp_v16\analysis_1200000.md (stalled=False)
[PeriodicArtifactCallback] step 1200000: saving checkpoint, evaluating, rendering...
[PeriodicArtifactCallback] step 1200000: success_rate=0.00 pick_success_rate=0.30 mean_reward=-219.98 -> C:\GitHub\HumanoidRobot\simulation\training\pick_place\runs\pp_v16\dashboard.html
-----------------------------------------
| rollout/                |             |
|    ep_len_mean          | 248         |
|    ep_rew_mean          | -61.7       |
| time/                   |             |
|    fps                  | 911         |
|    iterations           | 147         |
|    time_elapsed         | 1320        |
|    total_timesteps      | 1204224     |
| train/                  |             |
|    approx_kl            | 0.023218121 |
|    clip_fraction        | 0.251       |
|    clip_range           | 0.2         |
|    entropy_loss         | -2.09       |
|    explained_variance   | 0.994       |
|    learning_rate        | 0.0003      |
|    loss                 | 0.484       |
|    n_updates            | 18770       |
|    policy_gradient_loss | 0.00116     |
|    std                  | 0.447       |
|    value_loss           | 0.756       |
-----------------------------------------
-----------------------------------------
| rollout/                |             |
|    ep_len_mean          | 190         |
|    ep_rew_mean          | -40.5       |
| time/                   |             |
|    fps                  | 912         |
|    iterations           | 148         |
|    time_elapsed         | 1329        |
|    total_timesteps      | 1212416     |
| train/                  |             |
|    approx_kl            | 0.026942894 |
|    clip_fraction        | 0.254       |
|    clip_range           | 0.2         |
|    entropy_loss         | -2.06       |
|    explained_variance   | 0.994       |
|    learning_rate        | 0.0003      |
|    loss                 | 0.0637      |
|    n_updates            | 18780       |
|    policy_gradient_loss | -0.00293    |
|    std                  | 0.446       |
|    value_loss           | 0.848       |
-----------------------------------------
-----------------------------------------
| rollout/                |             |
|    ep_len_mean          | 230         |
|    ep_rew_mean          | -53.6       |
| time/                   |             |
|    fps                  | 912         |
|    iterations           | 149         |
|    time_elapsed         | 1337        |
|    total_timesteps      | 1220608     |
| train/                  |             |
|    approx_kl            | 0.026144821 |
|    clip_fraction        | 0.231       |
|    clip_range           | 0.2         |
|    entropy_loss         | -2.08       |
|    explained_variance   | 0.987       |
|    learning_rate        | 0.0003      |
|    loss                 | 0.168       |
|    n_updates            | 18790       |
|    policy_gradient_loss | 0.00347     |
|    std                  | 0.449       |
|    value_loss           | 1.42        |
-----------------------------------------
-----------------------------------------
| rollout/                |             |
|    ep_len_mean          | 230         |
|    ep_rew_mean          | -56.5       |
| time/                   |             |
|    fps                  | 912         |
|    iterations           | 150         |
|    time_elapsed         | 1346        |
|    total_timesteps      | 1228800     |
| train/                  |             |
|    approx_kl            | 0.014077766 |
|    clip_fraction        | 0.13        |
|    clip_range           | 0.2         |
|    entropy_loss         | -2.08       |
|    explained_variance   | 0.964       |
|    learning_rate        | 0.0003      |
|    loss                 | 0.219       |
|    n_updates            | 18800       |
|    policy_gradient_loss | -0.000243   |
|    std                  | 0.449       |
|    value_loss           | 1.56        |
-----------------------------------------
----------------------------------------
| rollout/                |            |
|    ep_len_mean          | 282        |
|    ep_rew_mean          | -80.1      |
| time/                   |            |
|    fps                  | 914        |
|    iterations           | 151        |
|    time_elapsed         | 1353       |
|    total_timesteps      | 1236992    |
| train/                  |            |
|    approx_kl            | 0.02784575 |
|    clip_fraction        | 0.24       |
|    clip_range           | 0.2        |
|    entropy_loss         | -2.08      |
|    explained_variance   | 0.988      |
|    learning_rate        | 0.0003     |
|    loss                 | 1.74       |
|    n_updates            | 18810      |
|    policy_gradient_loss | 0.00377    |
|    std                  | 0.447      |
|    value_loss           | 1.64       |
----------------------------------------
-----------------------------------------
| rollout/                |             |
|    ep_len_mean          | 265         |
|    ep_rew_mean          | -74.4       |
| time/                   |             |
|    fps                  | 914         |
|    iterations           | 152         |
|    time_elapsed         | 1361        |
|    total_timesteps      | 1245184     |
| train/                  |             |
|    approx_kl            | 0.029264417 |
|    clip_fraction        | 0.27        |
|    clip_range           | 0.2         |
|    entropy_loss         | -2.09       |
|    explained_variance   | 0.986       |
|    learning_rate        | 0.0003      |
|    loss                 | 0.1         |
|    n_updates            | 18820       |
|    policy_gradient_loss | -0.00277    |
|    std                  | 0.449       |
|    value_loss           | 1.26        |
-----------------------------------------
-----------------------------------------
| rollout/                |             |
|    ep_len_mean          | 247         |
|    ep_rew_mean          | -65         |
| time/                   |             |
|    fps                  | 914         |
|    iterations           | 153         |
|    time_elapsed         | 1370        |
|    total_timesteps      | 1253376     |
| train/                  |             |
|    approx_kl            | 0.028391294 |
|    clip_fraction        | 0.258       |
|    clip_range           | 0.2         |
|    entropy_loss         | -2.1        |
|    explained_variance   | 0.996       |
|    learning_rate        | 0.0003      |
|    loss                 | 0.132       |
|    n_updates            | 18830       |
|    policy_gradient_loss | -0.00335    |
|    std                  | 0.449       |
|    value_loss           | 0.564       |
-----------------------------------------
-----------------------------------------
| rollout/                |             |
|    ep_len_mean          | 218         |
|    ep_rew_mean          | -50.9       |
| time/                   |             |
|    fps                  | 915         |
|    iterations           | 154         |
|    time_elapsed         | 1378        |
|    total_timesteps      | 1261568     |
| train/                  |             |
|    approx_kl            | 0.058557127 |
|    clip_fraction        | 0.236       |
|    clip_range           | 0.2         |
|    entropy_loss         | -2.11       |
|    explained_variance   | 0.983       |
|    learning_rate        | 0.0003      |
|    loss                 | 0.717       |
|    n_updates            | 18840       |
|    policy_gradient_loss | -0.00715    |
|    std                  | 0.449       |
|    value_loss           | 2.14        |
-----------------------------------------
-----------------------------------------
| rollout/                |             |
|    ep_len_mean          | 219         |
|    ep_rew_mean          | -45.3       |
| time/                   |             |
|    fps                  | 915         |
|    iterations           | 155         |
|    time_elapsed         | 1386        |
|    total_timesteps      | 1269760     |
| train/                  |             |
|    approx_kl            | 0.025228404 |
|    clip_fraction        | 0.278       |
|    clip_range           | 0.2         |
|    entropy_loss         | -2.09       |
|    explained_variance   | 0.996       |
|    learning_rate        | 0.0003      |
|    loss                 | 0.00229     |
|    n_updates            | 18850       |
|    policy_gradient_loss | -0.00193    |
|    std                  | 0.443       |
|    value_loss           | 0.252       |
-----------------------------------------
-----------------------------------------
| rollout/                |             |
|    ep_len_mean          | 236         |
|    ep_rew_mean          | -52.9       |
| time/                   |             |
|    fps                  | 916         |
|    iterations           | 156         |
|    time_elapsed         | 1394        |
|    total_timesteps      | 1277952     |
| train/                  |             |
|    approx_kl            | 0.016508166 |
|    clip_fraction        | 0.15        |
|    clip_range           | 0.2         |
|    entropy_loss         | -2.06       |
|    explained_variance   | 0.984       |
|    learning_rate        | 0.0003      |
|    loss                 | 0.0818      |
|    n_updates            | 18860       |
|    policy_gradient_loss | -0.00453    |
|    std                  | 0.444       |
|    value_loss           | 1.59        |
-----------------------------------------
-----------------------------------------
| rollout/                |             |
|    ep_len_mean          | 230         |
|    ep_rew_mean          | -49.5       |
| time/                   |             |
|    fps                  | 917         |
|    iterations           | 157         |
|    time_elapsed         | 1401        |
|    total_timesteps      | 1286144     |
| train/                  |             |
|    approx_kl            | 0.021214858 |
|    clip_fraction        | 0.214       |
|    clip_range           | 0.2         |
|    entropy_loss         | -2.06       |
|    explained_variance   | 0.988       |
|    learning_rate        | 0.0003      |
|    loss                 | 0.273       |
|    n_updates            | 18870       |
|    policy_gradient_loss | -0.00209    |
|    std                  | 0.445       |
|    value_loss           | 0.902       |
-----------------------------------------
-----------------------------------------
| rollout/                |             |
|    ep_len_mean          | 218         |
|    ep_rew_mean          | -54.3       |
| time/                   |             |
|    fps                  | 918         |
|    iterations           | 158         |
|    time_elapsed         | 1409        |
|    total_timesteps      | 1294336     |
| train/                  |             |
|    approx_kl            | 0.024542447 |
|    clip_fraction        | 0.205       |
|    clip_range           | 0.2         |
|    entropy_loss         | -2.03       |
|    explained_variance   | 0.991       |
|    learning_rate        | 0.0003      |
|    loss                 | 0.259       |
|    n_updates            | 18880       |
|    policy_gradient_loss | -0.000635   |
|    std                  | 0.441       |
|    value_loss           | 1.21        |
-----------------------------------------
----------------------------------------
| rollout/                |            |
|    ep_len_mean          | 233        |
|    ep_rew_mean          | -61.3      |
| time/                   |            |
|    fps                  | 918        |
|    iterations           | 159        |
|    time_elapsed         | 1417       |
|    total_timesteps      | 1302528    |
| train/                  |            |
|    approx_kl            | 0.02562103 |
|    clip_fraction        | 0.203      |
|    clip_range           | 0.2        |
|    entropy_loss         | -2.03      |
|    explained_variance   | 0.99       |
|    learning_rate        | 0.0003     |
|    loss                 | 0.285      |
|    n_updates            | 18890      |
|    policy_gradient_loss | -0.00268   |
|    std                  | 0.444      |
|    value_loss           | 1.8        |
----------------------------------------
-----------------------------------------
| rollout/                |             |
|    ep_len_mean          | 238         |
|    ep_rew_mean          | -62.8       |
| time/                   |             |
|    fps                  | 919         |
|    iterations           | 160         |
|    time_elapsed         | 1426        |
|    total_timesteps      | 1310720     |
| train/                  |             |
|    approx_kl            | 0.016677115 |
|    clip_fraction        | 0.156       |
|    clip_range           | 0.2         |
|    entropy_loss         | -2.05       |
|    explained_variance   | 0.955       |
|    learning_rate        | 0.0003      |
|    loss                 | 0.369       |
|    n_updates            | 18900       |
|    policy_gradient_loss | -0.00159    |
|    std                  | 0.446       |
|    value_loss           | 2.54        |
-----------------------------------------
-----------------------------------------
| rollout/                |             |
|    ep_len_mean          | 244         |
|    ep_rew_mean          | -66.6       |
| time/                   |             |
|    fps                  | 919         |
|    iterations           | 161         |
|    time_elapsed         | 1434        |
|    total_timesteps      | 1318912     |
| train/                  |             |
|    approx_kl            | 0.017033206 |
|    clip_fraction        | 0.19        |
|    clip_range           | 0.2         |
|    entropy_loss         | -2.07       |
|    explained_variance   | 0.948       |
|    learning_rate        | 0.0003      |
|    loss                 | 0.116       |
|    n_updates            | 18910       |
|    policy_gradient_loss | 0.00561     |
|    std                  | 0.449       |
|    value_loss           | 1.17        |
-----------------------------------------
-----------------------------------------
| rollout/                |             |
|    ep_len_mean          | 241         |
|    ep_rew_mean          | -63.9       |
| time/                   |             |
|    fps                  | 920         |
|    iterations           | 162         |
|    time_elapsed         | 1442        |
|    total_timesteps      | 1327104     |
| train/                  |             |
|    approx_kl            | 0.027826447 |
|    clip_fraction        | 0.259       |
|    clip_range           | 0.2         |
|    entropy_loss         | -2.09       |
|    explained_variance   | 0.99        |
|    learning_rate        | 0.0003      |
|    loss                 | 0.283       |
|    n_updates            | 18920       |
|    policy_gradient_loss | -0.00169    |
|    std                  | 0.446       |
|    value_loss           | 1.54        |
-----------------------------------------
-----------------------------------------
| rollout/                |             |
|    ep_len_mean          | 253         |
|    ep_rew_mean          | -66.6       |
| time/                   |             |
|    fps                  | 920         |
|    iterations           | 163         |
|    time_elapsed         | 1450        |
|    total_timesteps      | 1335296     |
| train/                  |             |
|    approx_kl            | 0.030522134 |
|    clip_fraction        | 0.244       |
|    clip_range           | 0.2         |
|    entropy_loss         | -2.08       |
|    explained_variance   | 0.991       |
|    learning_rate        | 0.0003      |
|    loss                 | 0.104       |
|    n_updates            | 18930       |
|    policy_gradient_loss | -0.00343    |
|    std                  | 0.448       |
|    value_loss           | 1.56        |
-----------------------------------------
----------------------------------------
| rollout/                |            |
|    ep_len_mean          | 235        |
|    ep_rew_mean          | -62        |
| time/                   |            |
|    fps                  | 920        |
|    iterations           | 164        |
|    time_elapsed         | 1459       |
|    total_timesteps      | 1343488    |
| train/                  |            |
|    approx_kl            | 0.02401812 |
|    clip_fraction        | 0.24       |
|    clip_range           | 0.2        |
|    entropy_loss         | -2.09      |
|    explained_variance   | 0.991      |
|    learning_rate        | 0.0003     |
|    loss                 | 0.219      |
|    n_updates            | 18940      |
|    policy_gradient_loss | -0.00221   |
|    std                  | 0.448      |
|    value_loss           | 1.58       |
----------------------------------------
-----------------------------------------
| rollout/                |             |
|    ep_len_mean          | 253         |
|    ep_rew_mean          | -72.6       |
| time/                   |             |
|    fps                  | 920         |
|    iterations           | 165         |
|    time_elapsed         | 1467        |
|    total_timesteps      | 1351680     |
| train/                  |             |
|    approx_kl            | 0.013806136 |
|    clip_fraction        | 0.104       |
|    clip_range           | 0.2         |
|    entropy_loss         | -2.1        |
|    explained_variance   | 0.972       |
|    learning_rate        | 0.0003      |
|    loss                 | 0.526       |
|    n_updates            | 18950       |
|    policy_gradient_loss | 0.000674    |
|    std                  | 0.449       |
|    value_loss           | 2.2         |
-----------------------------------------
----------------------------------------
| rollout/                |            |
|    ep_len_mean          | 276        |
|    ep_rew_mean          | -82.3      |
| time/                   |            |
|    fps                  | 921        |
|    iterations           | 166        |
|    time_elapsed         | 1475       |
|    total_timesteps      | 1359872    |
| train/                  |            |
|    approx_kl            | 0.01843457 |
|    clip_fraction        | 0.225      |
|    clip_range           | 0.2        |
|    entropy_loss         | -2.12      |
|    explained_variance   | 0.986      |
|    learning_rate        | 0.0003     |
|    loss                 | 0.219      |
|    n_updates            | 18960      |
|    policy_gradient_loss | 0.00191    |
|    std                  | 0.45       |
|    value_loss           | 0.824      |
----------------------------------------
----------------------------------------
| rollout/                |            |
|    ep_len_mean          | 242        |
|    ep_rew_mean          | -64.2      |
| time/                   |            |
|    fps                  | 921        |
|    iterations           | 167        |
|    time_elapsed         | 1483       |
|    total_timesteps      | 1368064    |
| train/                  |            |
|    approx_kl            | 0.02548423 |
|    clip_fraction        | 0.239      |
|    clip_range           | 0.2        |
|    entropy_loss         | -2.13      |
|    explained_variance   | 0.994      |
|    learning_rate        | 0.0003     |
|    loss                 | 0.258      |
|    n_updates            | 18970      |
|    policy_gradient_loss | -0.0015    |
|    std                  | 0.45       |
|    value_loss           | 0.78       |
----------------------------------------
-----------------------------------------
| rollout/                |             |
|    ep_len_mean          | 178         |
|    ep_rew_mean          | -35.9       |
| time/                   |             |
|    fps                  | 922         |
|    iterations           | 168         |
|    time_elapsed         | 1492        |
|    total_timesteps      | 1376256     |
| train/                  |             |
|    approx_kl            | 0.028405614 |
|    clip_fraction        | 0.236       |
|    clip_range           | 0.2         |
|    entropy_loss         | -2.11       |
|    explained_variance   | 0.993       |
|    learning_rate        | 0.0003      |
|    loss                 | 0.616       |
|    n_updates            | 18980       |
|    policy_gradient_loss | -0.0037     |
|    std                  | 0.448       |
|    value_loss           | 1.78        |
-----------------------------------------
-----------------------------------------
| rollout/                |             |
|    ep_len_mean          | 230         |
|    ep_rew_mean          | -57         |
| time/                   |             |
|    fps                  | 922         |
|    iterations           | 169         |
|    time_elapsed         | 1500        |
|    total_timesteps      | 1384448     |
| train/                  |             |
|    approx_kl            | 0.013112806 |
|    clip_fraction        | 0.144       |
|    clip_range           | 0.2         |
|    entropy_loss         | -2.1        |
|    explained_variance   | 0.978       |
|    learning_rate        | 0.0003      |
|    loss                 | 0.402       |
|    n_updates            | 18990       |
|    policy_gradient_loss | -1.44e-05   |
|    std                  | 0.449       |
|    value_loss           | 2.97        |
-----------------------------------------
----------------------------------------
| rollout/                |            |
|    ep_len_mean          | 230        |
|    ep_rew_mean          | -63        |
| time/                   |            |
|    fps                  | 922        |
|    iterations           | 170        |
|    time_elapsed         | 1508       |
|    total_timesteps      | 1392640    |
| train/                  |            |
|    approx_kl            | 0.01938499 |
|    clip_fraction        | 0.213      |
|    clip_range           | 0.2        |
|    entropy_loss         | -2.11      |
|    explained_variance   | 0.99       |
|    learning_rate        | 0.0003     |
|    loss                 | 0.124      |
|    n_updates            | 19000      |
|    policy_gradient_loss | 0.00125    |
|    std                  | 0.448      |
|    value_loss           | 1.04       |
----------------------------------------
[PeriodicArtifactCallback] step 1400000: saving checkpoint, evaluating, rendering...
[PeriodicArtifactCallback] step 1400000: success_rate=0.00 pick_success_rate=0.40 mean_reward=-259.11 -> C:\GitHub\HumanoidRobot\simulation\training\pick_place\runs\pp_v16\dashboard.html
-----------------------------------------
| rollout/                |             |
|    ep_len_mean          | 242         |
|    ep_rew_mean          | -70.1       |
| time/                   |             |
|    fps                  | 916         |
|    iterations           | 171         |
|    time_elapsed         | 1528        |
|    total_timesteps      | 1400832     |
| train/                  |             |
|    approx_kl            | 0.022491496 |
|    clip_fraction        | 0.225       |
|    clip_range           | 0.2         |
|    entropy_loss         | -2.07       |
|    explained_variance   | 0.991       |
|    learning_rate        | 0.0003      |
|    loss                 | 0.0816      |
|    n_updates            | 19010       |
|    policy_gradient_loss | -0.00451    |
|    std                  | 0.443       |
|    value_loss           | 1.5         |
-----------------------------------------
-----------------------------------------
| rollout/                |             |
|    ep_len_mean          | 236         |
|    ep_rew_mean          | -63.4       |
| time/                   |             |
|    fps                  | 917         |
|    iterations           | 172         |
|    time_elapsed         | 1536        |
|    total_timesteps      | 1409024     |
| train/                  |             |
|    approx_kl            | 0.026348034 |
|    clip_fraction        | 0.233       |
|    clip_range           | 0.2         |
|    entropy_loss         | -2.04       |
|    explained_variance   | 0.99        |
|    learning_rate        | 0.0003      |
|    loss                 | 0.149       |
|    n_updates            | 19020       |
|    policy_gradient_loss | -0.0022     |
|    std                  | 0.441       |
|    value_loss           | 1.55        |
-----------------------------------------
-----------------------------------------
| rollout/                |             |
|    ep_len_mean          | 224         |
|    ep_rew_mean          | -57.5       |
| time/                   |             |
|    fps                  | 917         |
|    iterations           | 173         |
|    time_elapsed         | 1544        |
|    total_timesteps      | 1417216     |
| train/                  |             |
|    approx_kl            | 0.024234418 |
|    clip_fraction        | 0.217       |
|    clip_range           | 0.2         |
|    entropy_loss         | -2.03       |
|    explained_variance   | 0.997       |
|    learning_rate        | 0.0003      |
|    loss                 | 0.105       |
|    n_updates            | 19030       |
|    policy_gradient_loss | -0.00429    |
|    std                  | 0.439       |
|    value_loss           | 0.375       |
-----------------------------------------
-----------------------------------------
| rollout/                |             |
|    ep_len_mean          | 265         |
|    ep_rew_mean          | -75.4       |
| time/                   |             |
|    fps                  | 917         |
|    iterations           | 174         |
|    time_elapsed         | 1553        |
|    total_timesteps      | 1425408     |
| train/                  |             |
|    approx_kl            | 0.020087168 |
|    clip_fraction        | 0.175       |
|    clip_range           | 0.2         |
|    entropy_loss         | -2.03       |
|    explained_variance   | 0.987       |
|    learning_rate        | 0.0003      |
|    loss                 | 1.31        |
|    n_updates            | 19040       |
|    policy_gradient_loss | -0.00106    |
|    std                  | 0.439       |
|    value_loss           | 2.38        |
-----------------------------------------
----------------------------------------
| rollout/                |            |
|    ep_len_mean          | 241        |
|    ep_rew_mean          | -73.1      |
| time/                   |            |
|    fps                  | 917        |
|    iterations           | 175        |
|    time_elapsed         | 1561       |
|    total_timesteps      | 1433600    |
| train/                  |            |
|    approx_kl            | 0.02122059 |
|    clip_fraction        | 0.158      |
|    clip_range           | 0.2        |
|    entropy_loss         | -2.05      |
|    explained_variance   | 0.975      |
|    learning_rate        | 0.0003     |
|    loss                 | 0.342      |
|    n_updates            | 19050      |
|    policy_gradient_loss | -0.00167   |
|    std                  | 0.443      |
|    value_loss           | 1.63       |
----------------------------------------
