Using cpu device
Logging to C:\Users\laib28\OneDrive - Barker College\Documents\GitHub\HumanoidRobot\simulation\training\pick_place\runs\pp_v1\logs\pp_v1_1
---------------------------------
| rollout/           |          |
|    ep_len_mean     | 300      |
|    ep_rew_mean     | -413     |
| time/              |          |
|    fps             | 494      |
|    iterations      | 1        |
|    time_elapsed    | 1        |
|    total_timesteps | 512      |
---------------------------------
-----------------------------------------
| rollout/                |             |
|    ep_len_mean          | 300         |
|    ep_rew_mean          | -421        |
| time/                   |             |
|    fps                  | 441         |
|    iterations           | 2           |
|    time_elapsed         | 2           |
|    total_timesteps      | 1024        |
| train/                  |             |
|    approx_kl            | 0.012623407 |
|    clip_fraction        | 0.101       |
|    clip_range           | 0.2         |
|    entropy_loss         | -5.67       |
|    explained_variance   | 0.000956    |
|    learning_rate        | 0.0003      |
|    loss                 | 182         |
|    n_updates            | 10          |
|    policy_gradient_loss | -0.0225     |
|    std                  | 0.997       |
|    value_loss           | 447         |
-----------------------------------------
------------------------------------------
| rollout/                |              |
|    ep_len_mean          | 300          |
|    ep_rew_mean          | -411         |
| time/                   |              |
|    fps                  | 391          |
|    iterations           | 3            |
|    time_elapsed         | 3            |
|    total_timesteps      | 1536         |
| train/                  |              |
|    approx_kl            | 0.0066097616 |
|    clip_fraction        | 0.025        |
|    clip_range           | 0.2          |
|    entropy_loss         | -5.66        |
|    explained_variance   | -0.00725     |
|    learning_rate        | 0.0003       |
|    loss                 | 156          |
|    n_updates            | 20           |
|    policy_gradient_loss | -0.0093      |
|    std                  | 0.995        |
|    value_loss           | 386          |
------------------------------------------
-----------------------------------------
| rollout/                |             |
|    ep_len_mean          | 300         |
|    ep_rew_mean          | -411        |
| time/                   |             |
|    fps                  | 401         |
|    iterations           | 4           |
|    time_elapsed         | 5           |
|    total_timesteps      | 2048        |
| train/                  |             |
|    approx_kl            | 0.010248551 |
|    clip_fraction        | 0.0551      |
|    clip_range           | 0.2         |
|    entropy_loss         | -5.66       |
|    explained_variance   | 0.0391      |
|    learning_rate        | 0.0003      |
|    loss                 | 136         |
|    n_updates            | 30          |
|    policy_gradient_loss | -0.0119     |
|    std                  | 0.995       |
|    value_loss           | 314         |
-----------------------------------------
----------------------------------------
| rollout/                |            |
|    ep_len_mean          | 300        |
|    ep_rew_mean          | -409       |
| time/                   |            |
|    fps                  | 380        |
|    iterations           | 5          |
|    time_elapsed         | 6          |
|    total_timesteps      | 2560       |
| train/                  |            |
|    approx_kl            | 0.00986433 |
|    clip_fraction        | 0.0635     |
|    clip_range           | 0.2        |
|    entropy_loss         | -5.65      |
|    explained_variance   | 0.0266     |
|    learning_rate        | 0.0003     |
|    loss                 | 184        |
|    n_updates            | 40         |
|    policy_gradient_loss | -0.0115    |
|    std                  | 0.993      |
|    value_loss           | 414        |
----------------------------------------
-----------------------------------------
| rollout/                |             |
|    ep_len_mean          | 300         |
|    ep_rew_mean          | -394        |
| time/                   |             |
|    fps                  | 372         |
|    iterations           | 6           |
|    time_elapsed         | 8           |
|    total_timesteps      | 3072        |
| train/                  |             |
|    approx_kl            | 0.009975042 |
|    clip_fraction        | 0.0852      |
|    clip_range           | 0.2         |
|    entropy_loss         | -5.64       |
|    explained_variance   | -0.0225     |
|    learning_rate        | 0.0003      |
|    loss                 | 119         |
|    n_updates            | 50          |
|    policy_gradient_loss | -0.0116     |
|    std                  | 0.99        |
|    value_loss           | 262         |
-----------------------------------------
-----------------------------------------
| rollout/                |             |
|    ep_len_mean          | 300         |
|    ep_rew_mean          | -386        |
| time/                   |             |
|    fps                  | 368         |
|    iterations           | 7           |
|    time_elapsed         | 9           |
|    total_timesteps      | 3584        |
| train/                  |             |
|    approx_kl            | 0.010495054 |
|    clip_fraction        | 0.103       |
|    clip_range           | 0.2         |
|    entropy_loss         | -5.64       |
|    explained_variance   | -0.00399    |
|    learning_rate        | 0.0003      |
|    loss                 | 92.3        |
|    n_updates            | 60          |
|    policy_gradient_loss | -0.0141     |
|    std                  | 0.995       |
|    value_loss           | 203         |
-----------------------------------------
-----------------------------------------
| rollout/                |             |
|    ep_len_mean          | 300         |
|    ep_rew_mean          | -377        |
| time/                   |             |
|    fps                  | 364         |
|    iterations           | 8           |
|    time_elapsed         | 11          |
|    total_timesteps      | 4096        |
| train/                  |             |
|    approx_kl            | 0.010150388 |
|    clip_fraction        | 0.124       |
|    clip_range           | 0.2         |
|    entropy_loss         | -5.66       |
|    explained_variance   | -0.0117     |
|    learning_rate        | 0.0003      |
|    loss                 | 78.9        |
|    n_updates            | 70          |
|    policy_gradient_loss | -0.0176     |
|    std                  | 0.998       |
|    value_loss           | 188         |
-----------------------------------------
-----------------------------------------
| rollout/                |             |
|    ep_len_mean          | 300         |
|    ep_rew_mean          | -366        |
| time/                   |             |
|    fps                  | 365         |
|    iterations           | 9           |
|    time_elapsed         | 12          |
|    total_timesteps      | 4608        |
| train/                  |             |
|    approx_kl            | 0.010792919 |
|    clip_fraction        | 0.0992      |
|    clip_range           | 0.2         |
|    entropy_loss         | -5.67       |
|    explained_variance   | -0.00132    |
|    learning_rate        | 0.0003      |
|    loss                 | 72.9        |
|    n_updates            | 80          |
|    policy_gradient_loss | -0.0118     |
|    std                  | 1           |
|    value_loss           | 165         |
-----------------------------------------
------------------------------------------
| rollout/                |              |
|    ep_len_mean          | 300          |
|    ep_rew_mean          | -360         |
| time/                   |              |
|    fps                  | 367          |
|    iterations           | 10           |
|    time_elapsed         | 13           |
|    total_timesteps      | 5120         |
| train/                  |              |
|    approx_kl            | 0.0077134445 |
|    clip_fraction        | 0.0723       |
|    clip_range           | 0.2          |
|    entropy_loss         | -5.67        |
|    explained_variance   | -0.011       |
|    learning_rate        | 0.0003       |
|    loss                 | 68           |
|    n_updates            | 90           |
|    policy_gradient_loss | -0.0119      |
|    std                  | 0.999        |
|    value_loss           | 137          |
------------------------------------------
-----------------------------------------
| rollout/                |             |
|    ep_len_mean          | 300         |
|    ep_rew_mean          | -355        |
| time/                   |             |
|    fps                  | 367         |
|    iterations           | 11          |
|    time_elapsed         | 15          |
|    total_timesteps      | 5632        |
| train/                  |             |
|    approx_kl            | 0.014668154 |
|    clip_fraction        | 0.189       |
|    clip_range           | 0.2         |
|    entropy_loss         | -5.66       |
|    explained_variance   | 0.0092      |
|    learning_rate        | 0.0003      |
|    loss                 | 63.9        |
|    n_updates            | 100         |
|    policy_gradient_loss | -0.0215     |
|    std                  | 0.995       |
|    value_loss           | 140         |
-----------------------------------------
-----------------------------------------
| rollout/                |             |
|    ep_len_mean          | 300         |
|    ep_rew_mean          | -346        |
| time/                   |             |
|    fps                  | 364         |
|    iterations           | 12          |
|    time_elapsed         | 16          |
|    total_timesteps      | 6144        |
| train/                  |             |
|    approx_kl            | 0.008371599 |
|    clip_fraction        | 0.106       |
|    clip_range           | 0.2         |
|    entropy_loss         | -5.64       |
|    explained_variance   | -0.00495    |
|    learning_rate        | 0.0003      |
|    loss                 | 34.1        |
|    n_updates            | 110         |
|    policy_gradient_loss | -0.0127     |
|    std                  | 0.988       |
|    value_loss           | 86.4        |
-----------------------------------------
------------------------------------------
| rollout/                |              |
|    ep_len_mean          | 300          |
|    ep_rew_mean          | -333         |
| time/                   |              |
|    fps                  | 360          |
|    iterations           | 13           |
|    time_elapsed         | 18           |
|    total_timesteps      | 6656         |
| train/                  |              |
|    approx_kl            | 0.0069361813 |
|    clip_fraction        | 0.0998       |
|    clip_range           | 0.2          |
|    entropy_loss         | -5.61        |
|    explained_variance   | -0.00868     |
|    learning_rate        | 0.0003       |
|    loss                 | 41.2         |
|    n_updates            | 120          |
|    policy_gradient_loss | -0.0154      |
|    std                  | 0.982        |
|    value_loss           | 96.5         |
------------------------------------------
-----------------------------------------
| rollout/                |             |
|    ep_len_mean          | 300         |
|    ep_rew_mean          | -328        |
| time/                   |             |
|    fps                  | 359         |
|    iterations           | 14          |
|    time_elapsed         | 19          |
|    total_timesteps      | 7168        |
| train/                  |             |
|    approx_kl            | 0.012245521 |
|    clip_fraction        | 0.141       |
|    clip_range           | 0.2         |
|    entropy_loss         | -5.6        |
|    explained_variance   | -0.012      |
|    learning_rate        | 0.0003      |
|    loss                 | 14.6        |
|    n_updates            | 130         |
|    policy_gradient_loss | -0.0207     |
|    std                  | 0.983       |
|    value_loss           | 40.9        |
-----------------------------------------
----------------------------------------
| rollout/                |            |
|    ep_len_mean          | 300        |
|    ep_rew_mean          | -318       |
| time/                   |            |
|    fps                  | 356        |
|    iterations           | 15         |
|    time_elapsed         | 21         |
|    total_timesteps      | 7680       |
| train/                  |            |
|    approx_kl            | 0.01140311 |
|    clip_fraction        | 0.194      |
|    clip_range           | 0.2        |
|    entropy_loss         | -5.61      |
|    explained_variance   | -0.00399   |
|    learning_rate        | 0.0003     |
|    loss                 | 9.5        |
|    n_updates            | 140        |
|    policy_gradient_loss | -0.0237    |
|    std                  | 0.983      |
|    value_loss           | 27.8       |
----------------------------------------
------------------------------------------
| rollout/                |              |
|    ep_len_mean          | 300          |
|    ep_rew_mean          | -312         |
| time/                   |              |
|    fps                  | 351          |
|    iterations           | 16           |
|    time_elapsed         | 23           |
|    total_timesteps      | 8192         |
| train/                  |              |
|    approx_kl            | 0.0064353114 |
|    clip_fraction        | 0.0443       |
|    clip_range           | 0.2          |
|    entropy_loss         | -5.6         |
|    explained_variance   | -0.00317     |
|    learning_rate        | 0.0003       |
|    loss                 | 19.1         |
|    n_updates            | 150          |
|    policy_gradient_loss | -0.00912     |
|    std                  | 0.98         |
|    value_loss           | 49.5         |
------------------------------------------
-----------------------------------------
| rollout/                |             |
|    ep_len_mean          | 300         |
|    ep_rew_mean          | -308        |
| time/                   |             |
|    fps                  | 352         |
|    iterations           | 17          |
|    time_elapsed         | 24          |
|    total_timesteps      | 8704        |
| train/                  |             |
|    approx_kl            | 0.007708396 |
|    clip_fraction        | 0.0803      |
|    clip_range           | 0.2         |
|    entropy_loss         | -5.58       |
|    explained_variance   | -0.00447    |
|    learning_rate        | 0.0003      |
|    loss                 | 18          |
|    n_updates            | 160         |
|    policy_gradient_loss | -0.0147     |
|    std                  | 0.974       |
|    value_loss           | 47.9        |
-----------------------------------------
------------------------------------------
| rollout/                |              |
|    ep_len_mean          | 300          |
|    ep_rew_mean          | -307         |
| time/                   |              |
|    fps                  | 349          |
|    iterations           | 18           |
|    time_elapsed         | 26           |
|    total_timesteps      | 9216         |
| train/                  |              |
|    approx_kl            | 0.0022448604 |
|    clip_fraction        | 0.0105       |
|    clip_range           | 0.2          |
|    entropy_loss         | -5.56        |
|    explained_variance   | 0.00167      |
|    learning_rate        | 0.0003       |
|    loss                 | 22.5         |
|    n_updates            | 170          |
|    policy_gradient_loss | -0.0072      |
|    std                  | 0.971        |
|    value_loss           | 55           |
------------------------------------------
-----------------------------------------
| rollout/                |             |
|    ep_len_mean          | 300         |
|    ep_rew_mean          | -303        |
| time/                   |             |
|    fps                  | 346         |
|    iterations           | 19          |
|    time_elapsed         | 28          |
|    total_timesteps      | 9728        |
| train/                  |             |
|    approx_kl            | 0.012009411 |
|    clip_fraction        | 0.133       |
|    clip_range           | 0.2         |
|    entropy_loss         | -5.55       |
|    explained_variance   | -0.00516    |
|    learning_rate        | 0.0003      |
|    loss                 | 26.7        |
|    n_updates            | 180         |
|    policy_gradient_loss | -0.017      |
|    std                  | 0.97        |
|    value_loss           | 68.2        |
-----------------------------------------
-----------------------------------------
| rollout/                |             |
|    ep_len_mean          | 300         |
|    ep_rew_mean          | -298        |
| time/                   |             |
|    fps                  | 344         |
|    iterations           | 20          |
|    time_elapsed         | 29          |
|    total_timesteps      | 10240       |
| train/                  |             |
|    approx_kl            | 0.011778216 |
|    clip_fraction        | 0.112       |
|    clip_range           | 0.2         |
|    entropy_loss         | -5.54       |
|    explained_variance   | -0.00229    |
|    learning_rate        | 0.0003      |
|    loss                 | 15.6        |
|    n_updates            | 190         |
|    policy_gradient_loss | -0.0123     |
|    std                  | 0.966       |
|    value_loss           | 42.1        |
-----------------------------------------
-----------------------------------------
| rollout/                |             |
|    ep_len_mean          | 300         |
|    ep_rew_mean          | -294        |
| time/                   |             |
|    fps                  | 343         |
|    iterations           | 21          |
|    time_elapsed         | 31          |
|    total_timesteps      | 10752       |
| train/                  |             |
|    approx_kl            | 0.011411967 |
|    clip_fraction        | 0.0988      |
|    clip_range           | 0.2         |
|    entropy_loss         | -5.54       |
|    explained_variance   | -0.00327    |
|    learning_rate        | 0.0003      |
|    loss                 | 9.4         |
|    n_updates            | 200         |
|    policy_gradient_loss | -0.0157     |
|    std                  | 0.97        |
|    value_loss           | 24.2        |
-----------------------------------------
-----------------------------------------
| rollout/                |             |
|    ep_len_mean          | 300         |
|    ep_rew_mean          | -290        |
| time/                   |             |
|    fps                  | 343         |
|    iterations           | 22          |
|    time_elapsed         | 32          |
|    total_timesteps      | 11264       |
| train/                  |             |
|    approx_kl            | 0.008613939 |
|    clip_fraction        | 0.105       |
|    clip_range           | 0.2         |
|    entropy_loss         | -5.53       |
|    explained_variance   | -2.77e-05   |
|    learning_rate        | 0.0003      |
|    loss                 | 4.6         |
|    n_updates            | 210         |
|    policy_gradient_loss | -0.00892    |
|    std                  | 0.963       |
|    value_loss           | 11.6        |
-----------------------------------------
-----------------------------------------
| rollout/                |             |
|    ep_len_mean          | 300         |
|    ep_rew_mean          | -287        |
| time/                   |             |
|    fps                  | 344         |
|    iterations           | 23          |
|    time_elapsed         | 34          |
|    total_timesteps      | 11776       |
| train/                  |             |
|    approx_kl            | 0.006472313 |
|    clip_fraction        | 0.214       |
|    clip_range           | 0.2         |
|    entropy_loss         | -5.52       |
|    explained_variance   | -0.000768   |
|    learning_rate        | 0.0003      |
|    loss                 | 13.8        |
|    n_updates            | 220         |
|    policy_gradient_loss | -0.00306    |
|    std                  | 0.962       |
|    value_loss           | 33.9        |
-----------------------------------------
------------------------------------------
| rollout/                |              |
|    ep_len_mean          | 300          |
|    ep_rew_mean          | -284         |
| time/                   |              |
|    fps                  | 344          |
|    iterations           | 24           |
|    time_elapsed         | 35           |
|    total_timesteps      | 12288        |
| train/                  |              |
|    approx_kl            | 0.0072199116 |
|    clip_fraction        | 0.074        |
|    clip_range           | 0.2          |
|    entropy_loss         | -5.52        |
|    explained_variance   | -0.00387     |
|    learning_rate        | 0.0003       |
|    loss                 | 10.6         |
|    n_updates            | 230          |
|    policy_gradient_loss | -0.0121      |
|    std                  | 0.963        |
|    value_loss           | 28.6         |
------------------------------------------
----------------------------------------
| rollout/                |            |
|    ep_len_mean          | 300        |
|    ep_rew_mean          | -280       |
| time/                   |            |
|    fps                  | 344        |
|    iterations           | 25         |
|    time_elapsed         | 37         |
|    total_timesteps      | 12800      |
| train/                  |            |
|    approx_kl            | 0.00975096 |
|    clip_fraction        | 0.0904     |
|    clip_range           | 0.2        |
|    entropy_loss         | -5.52      |
|    explained_variance   | 0.000676   |
|    learning_rate        | 0.0003     |
|    loss                 | 6.69       |
|    n_updates            | 240        |
|    policy_gradient_loss | -0.0145    |
|    std                  | 0.965      |
|    value_loss           | 14.9       |
----------------------------------------
-----------------------------------------
| rollout/                |             |
|    ep_len_mean          | 300         |
|    ep_rew_mean          | -278        |
| time/                   |             |
|    fps                  | 342         |
|    iterations           | 26          |
|    time_elapsed         | 38          |
|    total_timesteps      | 13312       |
| train/                  |             |
|    approx_kl            | 0.014973888 |
|    clip_fraction        | 0.147       |
|    clip_range           | 0.2         |
|    entropy_loss         | -5.52       |
|    explained_variance   | 0.000556    |
|    learning_rate        | 0.0003      |
|    loss                 | 3.03        |
|    n_updates            | 250         |
|    policy_gradient_loss | -0.0136     |
|    std                  | 0.96        |
|    value_loss           | 6.34        |
-----------------------------------------
------------------------------------------
| rollout/                |              |
|    ep_len_mean          | 300          |
|    ep_rew_mean          | -274         |
| time/                   |              |
|    fps                  | 342          |
|    iterations           | 27           |
|    time_elapsed         | 40           |
|    total_timesteps      | 13824        |
| train/                  |              |
|    approx_kl            | 0.0054175337 |
|    clip_fraction        | 0.0699       |
|    clip_range           | 0.2          |
|    entropy_loss         | -5.51        |
|    explained_variance   | 0.000502     |
|    learning_rate        | 0.0003       |
|    loss                 | 14.9         |
|    n_updates            | 260          |
|    policy_gradient_loss | -0.00869     |
|    std                  | 0.959        |
|    value_loss           | 37.9         |
------------------------------------------
-----------------------------------------
| rollout/                |             |
|    ep_len_mean          | 300         |
|    ep_rew_mean          | -271        |
| time/                   |             |
|    fps                  | 341         |
|    iterations           | 28          |
|    time_elapsed         | 41          |
|    total_timesteps      | 14336       |
| train/                  |             |
|    approx_kl            | 0.009653624 |
|    clip_fraction        | 0.13        |
|    clip_range           | 0.2         |
|    entropy_loss         | -5.48       |
|    explained_variance   | 0.000426    |
|    learning_rate        | 0.0003      |
|    loss                 | 5.09        |
|    n_updates            | 270         |
|    policy_gradient_loss | -0.0112     |
|    std                  | 0.945       |
|    value_loss           | 13.1        |
-----------------------------------------
------------------------------------------
| rollout/                |              |
|    ep_len_mean          | 300          |
|    ep_rew_mean          | -271         |
| time/                   |              |
|    fps                  | 341          |
|    iterations           | 29           |
|    time_elapsed         | 43           |
|    total_timesteps      | 14848        |
| train/                  |              |
|    approx_kl            | 0.0073536173 |
|    clip_fraction        | 0.0662       |
|    clip_range           | 0.2          |
|    entropy_loss         | -5.43        |
|    explained_variance   | 0.00294      |
|    learning_rate        | 0.0003       |
|    loss                 | 7.65         |
|    n_updates            | 280          |
|    policy_gradient_loss | -0.00915     |
|    std                  | 0.941        |
|    value_loss           | 18.6         |
------------------------------------------
-----------------------------------------
| rollout/                |             |
|    ep_len_mean          | 300         |
|    ep_rew_mean          | -270        |
| time/                   |             |
|    fps                  | 339         |
|    iterations           | 30          |
|    time_elapsed         | 45          |
|    total_timesteps      | 15360       |
| train/                  |             |
|    approx_kl            | 0.005088238 |
|    clip_fraction        | 0.00859     |
|    clip_range           | 0.2         |
|    entropy_loss         | -5.43       |
|    explained_variance   | 0.0754      |
|    learning_rate        | 0.0003      |
|    loss                 | 5.72        |
|    n_updates            | 290         |
|    policy_gradient_loss | -0.00554    |
|    std                  | 0.942       |
|    value_loss           | 17.8        |
-----------------------------------------
------------------------------------------
| rollout/                |              |
|    ep_len_mean          | 300          |
|    ep_rew_mean          | -268         |
| time/                   |              |
|    fps                  | 341          |
|    iterations           | 31           |
|    time_elapsed         | 46           |
|    total_timesteps      | 15872        |
| train/                  |              |
|    approx_kl            | 0.0061141616 |
|    clip_fraction        | 0.0295       |
|    clip_range           | 0.2          |
|    entropy_loss         | -5.43        |
|    explained_variance   | -0.00544     |
|    learning_rate        | 0.0003       |
|    loss                 | 6.99         |
|    n_updates            | 300          |
|    policy_gradient_loss | -0.00821     |
|    std                  | 0.942        |
|    value_loss           | 20           |
------------------------------------------
-----------------------------------------
| rollout/                |             |
|    ep_len_mean          | 300         |
|    ep_rew_mean          | -264        |
| time/                   |             |
|    fps                  | 339         |
|    iterations           | 32          |
|    time_elapsed         | 48          |
|    total_timesteps      | 16384       |
| train/                  |             |
|    approx_kl            | 0.015699252 |
|    clip_fraction        | 0.183       |
|    clip_range           | 0.2         |
|    entropy_loss         | -5.42       |
|    explained_variance   | 0.0458      |
|    learning_rate        | 0.0003      |
|    loss                 | 1.97        |
|    n_updates            | 310         |
|    policy_gradient_loss | -0.0261     |
|    std                  | 0.935       |
|    value_loss           | 3.69        |
-----------------------------------------
------------------------------------------
| rollout/                |              |
|    ep_len_mean          | 300          |
|    ep_rew_mean          | -259         |
| time/                   |              |
|    fps                  | 340          |
|    iterations           | 33           |
|    time_elapsed         | 49           |
|    total_timesteps      | 16896        |
| train/                  |              |
|    approx_kl            | 0.0103591485 |
|    clip_fraction        | 0.0775       |
|    clip_range           | 0.2          |
|    entropy_loss         | -5.39        |
|    explained_variance   | 0.389        |
|    learning_rate        | 0.0003       |
|    loss                 | 3.13         |
|    n_updates            | 320          |
|    policy_gradient_loss | -0.013       |
|    std                  | 0.931        |
|    value_loss           | 7.74         |
------------------------------------------
-----------------------------------------
| rollout/                |             |
|    ep_len_mean          | 300         |
|    ep_rew_mean          | -256        |
| time/                   |             |
|    fps                  | 341         |
|    iterations           | 34          |
|    time_elapsed         | 50          |
|    total_timesteps      | 17408       |
| train/                  |             |
|    approx_kl            | 0.014786584 |
|    clip_fraction        | 0.134       |
|    clip_range           | 0.2         |
|    entropy_loss         | -5.38       |
|    explained_variance   | 0.634       |
|    learning_rate        | 0.0003      |
|    loss                 | 1.51        |
|    n_updates            | 330         |
|    policy_gradient_loss | -0.0205     |
|    std                  | 0.927       |
|    value_loss           | 4.05        |
-----------------------------------------
------------------------------------------
| rollout/                |              |
|    ep_len_mean          | 300          |
|    ep_rew_mean          | -256         |
| time/                   |              |
|    fps                  | 341          |
|    iterations           | 35           |
|    time_elapsed         | 52           |
|    total_timesteps      | 17920        |
| train/                  |              |
|    approx_kl            | 0.0071581947 |
|    clip_fraction        | 0.0688       |
|    clip_range           | 0.2          |
|    entropy_loss         | -5.37        |
|    explained_variance   | 0.737        |
|    learning_rate        | 0.0003       |
|    loss                 | 1.48         |
|    n_updates            | 340          |
|    policy_gradient_loss | -0.00988     |
|    std                  | 0.928        |
|    value_loss           | 7.45         |
------------------------------------------
------------------------------------------
| rollout/                |              |
|    ep_len_mean          | 300          |
|    ep_rew_mean          | -254         |
| time/                   |              |
|    fps                  | 341          |
|    iterations           | 36           |
|    time_elapsed         | 54           |
|    total_timesteps      | 18432        |
| train/                  |              |
|    approx_kl            | 0.0035466296 |
|    clip_fraction        | 0.00449      |
|    clip_range           | 0.2          |
|    entropy_loss         | -5.37        |
|    explained_variance   | 0.867        |
|    learning_rate        | 0.0003       |
|    loss                 | 3.1          |
|    n_updates            | 350          |
|    policy_gradient_loss | -0.00273     |
|    std                  | 0.927        |
|    value_loss           | 9.08         |
------------------------------------------
------------------------------------------
| rollout/                |              |
|    ep_len_mean          | 300          |
|    ep_rew_mean          | -254         |
| time/                   |              |
|    fps                  | 341          |
|    iterations           | 37           |
|    time_elapsed         | 55           |
|    total_timesteps      | 18944        |
| train/                  |              |
|    approx_kl            | 0.0035393017 |
|    clip_fraction        | 0.00684      |
|    clip_range           | 0.2          |
|    entropy_loss         | -5.36        |
|    explained_variance   | 0.909        |
|    learning_rate        | 0.0003       |
|    loss                 | 2.48         |
|    n_updates            | 360          |
|    policy_gradient_loss | -0.00509     |
|    std                  | 0.925        |
|    value_loss           | 9.26         |
------------------------------------------
------------------------------------------
| rollout/                |              |
|    ep_len_mean          | 300          |
|    ep_rew_mean          | -253         |
| time/                   |              |
|    fps                  | 341          |
|    iterations           | 38           |
|    time_elapsed         | 56           |
|    total_timesteps      | 19456        |
| train/                  |              |
|    approx_kl            | 0.0055454243 |
|    clip_fraction        | 0.0383       |
|    clip_range           | 0.2          |
|    entropy_loss         | -5.35        |
|    explained_variance   | 0.693        |
|    learning_rate        | 0.0003       |
|    loss                 | 4.5          |
|    n_updates            | 370          |
|    policy_gradient_loss | -0.00733     |
|    std                  | 0.925        |
|    value_loss           | 15.2         |
------------------------------------------
----------------------------------------
| rollout/                |            |
|    ep_len_mean          | 300        |
|    ep_rew_mean          | -251       |
| time/                   |            |
|    fps                  | 342        |
|    iterations           | 39         |
|    time_elapsed         | 58         |
|    total_timesteps      | 19968      |
| train/                  |            |
|    approx_kl            | 0.01153172 |
|    clip_fraction        | 0.091      |
|    clip_range           | 0.2        |
|    entropy_loss         | -5.35      |
|    explained_variance   | 0.804      |
|    learning_rate        | 0.0003     |
|    loss                 | 1.33       |
|    n_updates            | 380        |
|    policy_gradient_loss | -0.0117    |
|    std                  | 0.922      |
|    value_loss           | 6.23       |
----------------------------------------
-----------------------------------------
| rollout/                |             |
|    ep_len_mean          | 300         |
|    ep_rew_mean          | -249        |
| time/                   |             |
|    fps                  | 341         |
|    iterations           | 40          |
|    time_elapsed         | 59          |
|    total_timesteps      | 20480       |
| train/                  |             |
|    approx_kl            | 0.007439321 |
|    clip_fraction        | 0.0543      |
|    clip_range           | 0.2         |
|    entropy_loss         | -5.33       |
|    explained_variance   | 0.908       |
|    learning_rate        | 0.0003      |
|    loss                 | 8.97        |
|    n_updates            | 390         |
|    policy_gradient_loss | -0.0109     |
|    std                  | 0.912       |
|    value_loss           | 8.74        |
-----------------------------------------
-----------------------------------------
| rollout/                |             |
|    ep_len_mean          | 300         |
|    ep_rew_mean          | -250        |
| time/                   |             |
|    fps                  | 341         |
|    iterations           | 41          |
|    time_elapsed         | 61          |
|    total_timesteps      | 20992       |
| train/                  |             |
|    approx_kl            | 0.005273475 |
|    clip_fraction        | 0.0332      |
|    clip_range           | 0.2         |
|    entropy_loss         | -5.29       |
|    explained_variance   | 0.963       |
|    learning_rate        | 0.0003      |
|    loss                 | 1.25        |
|    n_updates            | 400         |
|    policy_gradient_loss | -0.0108     |
|    std                  | 0.907       |
|    value_loss           | 5.09        |
-----------------------------------------
-----------------------------------------
| rollout/                |             |
|    ep_len_mean          | 300         |
|    ep_rew_mean          | -250        |
| time/                   |             |
|    fps                  | 341         |
|    iterations           | 42          |
|    time_elapsed         | 62          |
|    total_timesteps      | 21504       |
| train/                  |             |
|    approx_kl            | 0.004865733 |
|    clip_fraction        | 0.0139      |
|    clip_range           | 0.2         |
|    entropy_loss         | -5.28       |
|    explained_variance   | 0.000804    |
|    learning_rate        | 0.0003      |
|    loss                 | 2.14        |
|    n_updates            | 410         |
|    policy_gradient_loss | -0.00272    |
|    std                  | 0.908       |
|    value_loss           | 8.39        |
-----------------------------------------
------------------------------------------
| rollout/                |              |
|    ep_len_mean          | 300          |
|    ep_rew_mean          | -249         |
| time/                   |              |
|    fps                  | 342          |
|    iterations           | 43           |
|    time_elapsed         | 64           |
|    total_timesteps      | 22016        |
| train/                  |              |
|    approx_kl            | 0.0068469094 |
|    clip_fraction        | 0.076        |
|    clip_range           | 0.2          |
|    entropy_loss         | -5.28        |
|    explained_variance   | 0.898        |
|    learning_rate        | 0.0003       |
|    loss                 | 5.87         |
|    n_updates            | 420          |
|    policy_gradient_loss | -0.0122      |
|    std                  | 0.907        |
|    value_loss           | 10.4         |
------------------------------------------
-----------------------------------------
| rollout/                |             |
|    ep_len_mean          | 300         |
|    ep_rew_mean          | -248        |
| time/                   |             |
|    fps                  | 342         |
|    iterations           | 44          |
|    time_elapsed         | 65          |
|    total_timesteps      | 22528       |
| train/                  |             |
|    approx_kl            | 0.009432286 |
|    clip_fraction        | 0.0857      |
|    clip_range           | 0.2         |
|    entropy_loss         | -5.29       |
|    explained_variance   | 0.933       |
|    learning_rate        | 0.0003      |
|    loss                 | 4.62        |
|    n_updates            | 430         |
|    policy_gradient_loss | -0.0106     |
|    std                  | 0.912       |
|    value_loss           | 14.4        |
-----------------------------------------
-----------------------------------------
| rollout/                |             |
|    ep_len_mean          | 300         |
|    ep_rew_mean          | -248        |
| time/                   |             |
|    fps                  | 344         |
|    iterations           | 45          |
|    time_elapsed         | 66          |
|    total_timesteps      | 23040       |
| train/                  |             |
|    approx_kl            | 0.008036936 |
|    clip_fraction        | 0.0621      |
|    clip_range           | 0.2         |
|    entropy_loss         | -5.31       |
|    explained_variance   | 0.925       |
|    learning_rate        | 0.0003      |
|    loss                 | 7.79        |
|    n_updates            | 440         |
|    policy_gradient_loss | -0.0116     |
|    std                  | 0.915       |
|    value_loss           | 21.1        |
-----------------------------------------
-----------------------------------------
| rollout/                |             |
|    ep_len_mean          | 300         |
|    ep_rew_mean          | -247        |
| time/                   |             |
|    fps                  | 344         |
|    iterations           | 46          |
|    time_elapsed         | 68          |
|    total_timesteps      | 23552       |
| train/                  |             |
|    approx_kl            | 0.011944782 |
|    clip_fraction        | 0.121       |
|    clip_range           | 0.2         |
|    entropy_loss         | -5.32       |
|    explained_variance   | 0.364       |
|    learning_rate        | 0.0003      |
|    loss                 | 0.248       |
|    n_updates            | 450         |
|    policy_gradient_loss | -0.0147     |
|    std                  | 0.918       |
|    value_loss           | 2.88        |
-----------------------------------------
-----------------------------------------
| rollout/                |             |
|    ep_len_mean          | 300         |
|    ep_rew_mean          | -247        |
| time/                   |             |
|    fps                  | 344         |
|    iterations           | 47          |
|    time_elapsed         | 69          |
|    total_timesteps      | 24064       |
| train/                  |             |
|    approx_kl            | 0.008109264 |
|    clip_fraction        | 0.0926      |
|    clip_range           | 0.2         |
|    entropy_loss         | -5.32       |
|    explained_variance   | 0.963       |
|    learning_rate        | 0.0003      |
|    loss                 | 6.95        |
|    n_updates            | 460         |
|    policy_gradient_loss | -0.0129     |
|    std                  | 0.914       |
|    value_loss           | 9.27        |
-----------------------------------------
-----------------------------------------
| rollout/                |             |
|    ep_len_mean          | 300         |
|    ep_rew_mean          | -247        |
| time/                   |             |
|    fps                  | 343         |
|    iterations           | 48          |
|    time_elapsed         | 71          |
|    total_timesteps      | 24576       |
| train/                  |             |
|    approx_kl            | 0.008373003 |
|    clip_fraction        | 0.0705      |
|    clip_range           | 0.2         |
|    entropy_loss         | -5.31       |
|    explained_variance   | 0.119       |
|    learning_rate        | 0.0003      |
|    loss                 | 0.473       |
|    n_updates            | 470         |
|    policy_gradient_loss | -0.0117     |
|    std                  | 0.914       |
|    value_loss           | 2.69        |
-----------------------------------------
------------------------------------------
| rollout/                |              |
|    ep_len_mean          | 300          |
|    ep_rew_mean          | -245         |
| time/                   |              |
|    fps                  | 344          |
|    iterations           | 49           |
|    time_elapsed         | 72           |
|    total_timesteps      | 25088        |
| train/                  |              |
|    approx_kl            | 0.0071818293 |
|    clip_fraction        | 0.117        |
|    clip_range           | 0.2          |
|    entropy_loss         | -5.3         |
|    explained_variance   | 0.949        |
|    learning_rate        | 0.0003       |
|    loss                 | 13.5         |
|    n_updates            | 480          |
|    policy_gradient_loss | -0.017       |
|    std                  | 0.91         |
|    value_loss           | 15.8         |
------------------------------------------
-----------------------------------------
| rollout/                |             |
|    ep_len_mean          | 300         |
|    ep_rew_mean          | -244        |
| time/                   |             |
|    fps                  | 344         |
|    iterations           | 50          |
|    time_elapsed         | 74          |
|    total_timesteps      | 25600       |
| train/                  |             |
|    approx_kl            | 0.008896381 |
|    clip_fraction        | 0.11        |
|    clip_range           | 0.2         |
|    entropy_loss         | -5.29       |
|    explained_variance   | 0.942       |
|    learning_rate        | 0.0003      |
|    loss                 | 2.25        |
|    n_updates            | 490         |
|    policy_gradient_loss | -0.0126     |
|    std                  | 0.908       |
|    value_loss           | 20.4        |
-----------------------------------------
------------------------------------------
| rollout/                |              |
|    ep_len_mean          | 300          |
|    ep_rew_mean          | -241         |
| time/                   |              |
|    fps                  | 343          |
|    iterations           | 51           |
|    time_elapsed         | 75           |
|    total_timesteps      | 26112        |
| train/                  |              |
|    approx_kl            | 0.0068023894 |
|    clip_fraction        | 0.0406       |
|    clip_range           | 0.2          |
|    entropy_loss         | -5.28        |
|    explained_variance   | 0.892        |
|    learning_rate        | 0.0003       |
|    loss                 | 13.2         |
|    n_updates            | 500          |
|    policy_gradient_loss | -0.0045      |
|    std                  | 0.906        |
|    value_loss           | 34.2         |
------------------------------------------
-----------------------------------------
| rollout/                |             |
|    ep_len_mean          | 300         |
|    ep_rew_mean          | -241        |
| time/                   |             |
|    fps                  | 344         |
|    iterations           | 52          |
|    time_elapsed         | 77          |
|    total_timesteps      | 26624       |
| train/                  |             |
|    approx_kl            | 0.010612168 |
|    clip_fraction        | 0.0609      |
|    clip_range           | 0.2         |
|    entropy_loss         | -5.27       |
|    explained_variance   | 0.787       |
|    learning_rate        | 0.0003      |
|    loss                 | 1.39        |
|    n_updates            | 510         |
|    policy_gradient_loss | -0.0146     |
|    std                  | 0.905       |
|    value_loss           | 7.25        |
-----------------------------------------
-----------------------------------------
| rollout/                |             |
|    ep_len_mean          | 300         |
|    ep_rew_mean          | -239        |
| time/                   |             |
|    fps                  | 344         |
|    iterations           | 53          |
|    time_elapsed         | 78          |
|    total_timesteps      | 27136       |
| train/                  |             |
|    approx_kl            | 0.009191946 |
|    clip_fraction        | 0.0785      |
|    clip_range           | 0.2         |
|    entropy_loss         | -5.27       |
|    explained_variance   | 0.939       |
|    learning_rate        | 0.0003      |
|    loss                 | 6.72        |
|    n_updates            | 520         |
|    policy_gradient_loss | -0.0131     |
|    std                  | 0.902       |
|    value_loss           | 10.5        |
-----------------------------------------
------------------------------------------
| rollout/                |              |
|    ep_len_mean          | 300          |
|    ep_rew_mean          | -238         |
| time/                   |              |
|    fps                  | 342          |
|    iterations           | 54           |
|    time_elapsed         | 80           |
|    total_timesteps      | 27648        |
| train/                  |              |
|    approx_kl            | 0.0072495635 |
|    clip_fraction        | 0.0607       |
|    clip_range           | 0.2          |
|    entropy_loss         | -5.25        |
|    explained_variance   | 0.935        |
|    learning_rate        | 0.0003       |
|    loss                 | 1.76         |
|    n_updates            | 530          |
|    policy_gradient_loss | -0.0117      |
|    std                  | 0.901        |
|    value_loss           | 14.1         |
------------------------------------------
-----------------------------------------
| rollout/                |             |
|    ep_len_mean          | 300         |
|    ep_rew_mean          | -237        |
| time/                   |             |
|    fps                  | 341         |
|    iterations           | 55          |
|    time_elapsed         | 82          |
|    total_timesteps      | 28160       |
| train/                  |             |
|    approx_kl            | 0.008225165 |
|    clip_fraction        | 0.0451      |
|    clip_range           | 0.2         |
|    entropy_loss         | -5.25       |
|    explained_variance   | 0.946       |
|    learning_rate        | 0.0003      |
|    loss                 | 4.24        |
|    n_updates            | 540         |
|    policy_gradient_loss | -0.00815    |
|    std                  | 0.899       |
|    value_loss           | 15          |
-----------------------------------------
-----------------------------------------
| rollout/                |             |
|    ep_len_mean          | 300         |
|    ep_rew_mean          | -236        |
| time/                   |             |
|    fps                  | 341         |
|    iterations           | 56          |
|    time_elapsed         | 83          |
|    total_timesteps      | 28672       |
| train/                  |             |
|    approx_kl            | 0.005111534 |
|    clip_fraction        | 0.0301      |
|    clip_range           | 0.2         |
|    entropy_loss         | -5.25       |
|    explained_variance   | 0.915       |
|    learning_rate        | 0.0003      |
|    loss                 | 2.81        |
|    n_updates            | 550         |
|    policy_gradient_loss | -0.0106     |
|    std                  | 0.9         |
|    value_loss           | 9.18        |
-----------------------------------------
-----------------------------------------
| rollout/                |             |
|    ep_len_mean          | 300         |
|    ep_rew_mean          | -234        |
| time/                   |             |
|    fps                  | 339         |
|    iterations           | 57          |
|    time_elapsed         | 85          |
|    total_timesteps      | 29184       |
| train/                  |             |
|    approx_kl            | 0.009230696 |
|    clip_fraction        | 0.0572      |
|    clip_range           | 0.2         |
|    entropy_loss         | -5.25       |
|    explained_variance   | 0.955       |
|    learning_rate        | 0.0003      |
|    loss                 | 3.66        |
|    n_updates            | 560         |
|    policy_gradient_loss | -0.00967    |
|    std                  | 0.9         |
|    value_loss           | 10.7        |
-----------------------------------------
-----------------------------------------
| rollout/                |             |
|    ep_len_mean          | 300         |
|    ep_rew_mean          | -233        |
| time/                   |             |
|    fps                  | 333         |
|    iterations           | 58          |
|    time_elapsed         | 89          |
|    total_timesteps      | 29696       |
| train/                  |             |
|    approx_kl            | 0.005905508 |
|    clip_fraction        | 0.0461      |
|    clip_range           | 0.2         |
|    entropy_loss         | -5.25       |
|    explained_variance   | 0.691       |
|    learning_rate        | 0.0003      |
|    loss                 | 1.95        |
|    n_updates            | 570         |
|    policy_gradient_loss | -0.0128     |
|    std                  | 0.898       |
|    value_loss           | 7.55        |
-----------------------------------------
------------------------------------------
| rollout/                |              |
|    ep_len_mean          | 300          |
|    ep_rew_mean          | -231         |
| time/                   |              |
|    fps                  | 327          |
|    iterations           | 59           |
|    time_elapsed         | 92           |
|    total_timesteps      | 30208        |
| train/                  |              |
|    approx_kl            | 0.0076282625 |
|    clip_fraction        | 0.118        |
|    clip_range           | 0.2          |
|    entropy_loss         | -5.23        |
|    explained_variance   | 0.163        |
|    learning_rate        | 0.0003       |
|    loss                 | 0.79         |
|    n_updates            | 580          |
|    policy_gradient_loss | -0.00525     |
|    std                  | 0.894        |
|    value_loss           | 4.18         |
------------------------------------------
-----------------------------------------
| rollout/                |             |
|    ep_len_mean          | 300         |
|    ep_rew_mean          | -226        |
| time/                   |             |
|    fps                  | 322         |
|    iterations           | 60          |
|    time_elapsed         | 95          |
|    total_timesteps      | 30720       |
| train/                  |             |
|    approx_kl            | 0.012780268 |
|    clip_fraction        | 0.127       |
|    clip_range           | 0.2         |
|    entropy_loss         | -5.22       |
|    explained_variance   | 0.628       |
|    learning_rate        | 0.0003      |
|    loss                 | 0.343       |
|    n_updates            | 590         |
|    policy_gradient_loss | -0.0101     |
|    std                  | 0.891       |
|    value_loss           | 2.31        |
-----------------------------------------
-----------------------------------------
| rollout/                |             |
|    ep_len_mean          | 300         |
|    ep_rew_mean          | -222        |
| time/                   |             |
|    fps                  | 316         |
|    iterations           | 61          |
|    time_elapsed         | 98          |
|    total_timesteps      | 31232       |
| train/                  |             |
|    approx_kl            | 0.007045418 |
|    clip_fraction        | 0.0486      |
|    clip_range           | 0.2         |
|    entropy_loss         | -5.2        |
|    explained_variance   | 0.545       |
|    learning_rate        | 0.0003      |
|    loss                 | 1.99        |
|    n_updates            | 600         |
|    policy_gradient_loss | -0.00284    |
|    std                  | 0.887       |
|    value_loss           | 12.7        |
-----------------------------------------
-----------------------------------------
| rollout/                |             |
|    ep_len_mean          | 300         |
|    ep_rew_mean          | -220        |
| time/                   |             |
|    fps                  | 312         |
|    iterations           | 62          |
|    time_elapsed         | 101         |
|    total_timesteps      | 31744       |
| train/                  |             |
|    approx_kl            | 0.013462469 |
|    clip_fraction        | 0.0826      |
|    clip_range           | 0.2         |
|    entropy_loss         | -5.18       |
|    explained_variance   | 0.903       |
|    learning_rate        | 0.0003      |
|    loss                 | 1.97        |
|    n_updates            | 610         |
|    policy_gradient_loss | -0.0113     |
|    std                  | 0.881       |
|    value_loss           | 6.85        |
-----------------------------------------
-----------------------------------------
| rollout/                |             |
|    ep_len_mean          | 300         |
|    ep_rew_mean          | -214        |
| time/                   |             |
|    fps                  | 307         |
|    iterations           | 63          |
|    time_elapsed         | 104         |
|    total_timesteps      | 32256       |
| train/                  |             |
|    approx_kl            | 0.011177528 |
|    clip_fraction        | 0.0947      |
|    clip_range           | 0.2         |
|    entropy_loss         | -5.16       |
|    explained_variance   | 0.917       |
|    learning_rate        | 0.0003      |
|    loss                 | 1.66        |
|    n_updates            | 620         |
|    policy_gradient_loss | -0.0135     |
|    std                  | 0.883       |
|    value_loss           | 5.49        |
-----------------------------------------
-----------------------------------------
| rollout/                |             |
|    ep_len_mean          | 300         |
|    ep_rew_mean          | -209        |
| time/                   |             |
|    fps                  | 303         |
|    iterations           | 64          |
|    time_elapsed         | 107         |
|    total_timesteps      | 32768       |
| train/                  |             |
|    approx_kl            | 0.011684394 |
|    clip_fraction        | 0.124       |
|    clip_range           | 0.2         |
|    entropy_loss         | -5.17       |
|    explained_variance   | 0.835       |
|    learning_rate        | 0.0003      |
|    loss                 | 0.657       |
|    n_updates            | 630         |
|    policy_gradient_loss | -0.0185     |
|    std                  | 0.88        |
|    value_loss           | 2.6         |
-----------------------------------------
------------------------------------------
| rollout/                |              |
|    ep_len_mean          | 300          |
|    ep_rew_mean          | -206         |
| time/                   |              |
|    fps                  | 300          |
|    iterations           | 65           |
|    time_elapsed         | 110          |
|    total_timesteps      | 33280        |
| train/                  |              |
|    approx_kl            | 0.0071535143 |
|    clip_fraction        | 0.0789       |
|    clip_range           | 0.2          |
|    entropy_loss         | -5.15        |
|    explained_variance   | 0.876        |
|    learning_rate        | 0.0003       |
|    loss                 | 0.203        |
|    n_updates            | 640          |
|    policy_gradient_loss | -0.013       |
|    std                  | 0.876        |
|    value_loss           | 1.42         |
------------------------------------------
------------------------------------------
| rollout/                |              |
|    ep_len_mean          | 300          |
|    ep_rew_mean          | -202         |
| time/                   |              |
|    fps                  | 298          |
|    iterations           | 66           |
|    time_elapsed         | 113          |
|    total_timesteps      | 33792        |
| train/                  |              |
|    approx_kl            | 0.0152617805 |
|    clip_fraction        | 0.149        |
|    clip_range           | 0.2          |
|    entropy_loss         | -5.12        |
|    explained_variance   | 0.806        |
|    learning_rate        | 0.0003       |
|    loss                 | 0.161        |
|    n_updates            | 650          |
|    policy_gradient_loss | -0.0142      |
|    std                  | 0.863        |
|    value_loss           | 0.859        |
------------------------------------------
-----------------------------------------
| rollout/                |             |
|    ep_len_mean          | 300         |
|    ep_rew_mean          | -198        |
| time/                   |             |
|    fps                  | 295         |
|    iterations           | 67          |
|    time_elapsed         | 116         |
|    total_timesteps      | 34304       |
| train/                  |             |
|    approx_kl            | 0.012801077 |
|    clip_fraction        | 0.135       |
|    clip_range           | 0.2         |
|    entropy_loss         | -5.06       |
|    explained_variance   | 0.939       |
|    learning_rate        | 0.0003      |
|    loss                 | 0.268       |
|    n_updates            | 660         |
|    policy_gradient_loss | -0.0203     |
|    std                  | 0.854       |
|    value_loss           | 0.599       |
-----------------------------------------
----------------------------------------
| rollout/                |            |
|    ep_len_mean          | 300        |
|    ep_rew_mean          | -194       |
| time/                   |            |
|    fps                  | 291        |
|    iterations           | 68         |
|    time_elapsed         | 119        |
|    total_timesteps      | 34816      |
| train/                  |            |
|    approx_kl            | 0.01336704 |
|    clip_fraction        | 0.135      |
|    clip_range           | 0.2        |
|    entropy_loss         | -5.03      |
|    explained_variance   | 0.866      |
|    learning_rate        | 0.0003     |
|    loss                 | 0.663      |
|    n_updates            | 670        |
|    policy_gradient_loss | -0.0181    |
|    std                  | 0.852      |
|    value_loss           | 1.26       |
----------------------------------------
------------------------------------------
| rollout/                |              |
|    ep_len_mean          | 300          |
|    ep_rew_mean          | -192         |
| time/                   |              |
|    fps                  | 290          |
|    iterations           | 69           |
|    time_elapsed         | 121          |
|    total_timesteps      | 35328        |
| train/                  |              |
|    approx_kl            | 0.0049989345 |
|    clip_fraction        | 0.0781       |
|    clip_range           | 0.2          |
|    entropy_loss         | -5.03        |
|    explained_variance   | 0.942        |
|    learning_rate        | 0.0003       |
|    loss                 | 0.305        |
|    n_updates            | 680          |
|    policy_gradient_loss | -0.0114      |
|    std                  | 0.855        |
|    value_loss           | 0.586        |
------------------------------------------
-----------------------------------------
| rollout/                |             |
|    ep_len_mean          | 300         |
|    ep_rew_mean          | -189        |
| time/                   |             |
|    fps                  | 288         |
|    iterations           | 70          |
|    time_elapsed         | 124         |
|    total_timesteps      | 35840       |
| train/                  |             |
|    approx_kl            | 0.012776425 |
|    clip_fraction        | 0.195       |
|    clip_range           | 0.2         |
|    entropy_loss         | -5.01       |
|    explained_variance   | 0.961       |
|    learning_rate        | 0.0003      |
|    loss                 | 0.0245      |
|    n_updates            | 690         |
|    policy_gradient_loss | -0.0241     |
|    std                  | 0.842       |
|    value_loss           | 0.154       |
-----------------------------------------
-----------------------------------------
| rollout/                |             |
|    ep_len_mean          | 300         |
|    ep_rew_mean          | -185        |
| time/                   |             |
|    fps                  | 285         |
|    iterations           | 71          |
|    time_elapsed         | 127         |
|    total_timesteps      | 36352       |
| train/                  |             |
|    approx_kl            | 0.012675912 |
|    clip_fraction        | 0.0951      |
|    clip_range           | 0.2         |
|    entropy_loss         | -4.96       |
|    explained_variance   | 0.949       |
|    learning_rate        | 0.0003      |
|    loss                 | 0.0675      |
|    n_updates            | 700         |
|    policy_gradient_loss | -0.0154     |
|    std                  | 0.834       |
|    value_loss           | 0.334       |
-----------------------------------------
-----------------------------------------
| rollout/                |             |
|    ep_len_mean          | 300         |
|    ep_rew_mean          | -184        |
| time/                   |             |
|    fps                  | 284         |
|    iterations           | 72          |
|    time_elapsed         | 129         |
|    total_timesteps      | 36864       |
| train/                  |             |
|    approx_kl            | 0.011247225 |
|    clip_fraction        | 0.0867      |
|    clip_range           | 0.2         |
|    entropy_loss         | -4.94       |
|    explained_variance   | 0.748       |
|    learning_rate        | 0.0003      |
|    loss                 | 0.642       |
|    n_updates            | 710         |
|    policy_gradient_loss | -0.00798    |
|    std                  | 0.833       |
|    value_loss           | 2.6         |
-----------------------------------------
-----------------------------------------
| rollout/                |             |
|    ep_len_mean          | 300         |
|    ep_rew_mean          | -182        |
| time/                   |             |
|    fps                  | 285         |
|    iterations           | 73          |
|    time_elapsed         | 130         |
|    total_timesteps      | 37376       |
| train/                  |             |
|    approx_kl            | 0.011540966 |
|    clip_fraction        | 0.121       |
|    clip_range           | 0.2         |
|    entropy_loss         | -4.93       |
|    explained_variance   | 0.97        |
|    learning_rate        | 0.0003      |
|    loss                 | 0.0923      |
|    n_updates            | 720         |
|    policy_gradient_loss | -0.0208     |
|    std                  | 0.828       |
|    value_loss           | 0.185       |
-----------------------------------------
-----------------------------------------
| rollout/                |             |
|    ep_len_mean          | 300         |
|    ep_rew_mean          | -180        |
| time/                   |             |
|    fps                  | 286         |
|    iterations           | 74          |
|    time_elapsed         | 132         |
|    total_timesteps      | 37888       |
| train/                  |             |
|    approx_kl            | 0.014102127 |
|    clip_fraction        | 0.143       |
|    clip_range           | 0.2         |
|    entropy_loss         | -4.9        |
|    explained_variance   | 0.933       |
|    learning_rate        | 0.0003      |
|    loss                 | 0.333       |
|    n_updates            | 730         |
|    policy_gradient_loss | -0.0206     |
|    std                  | 0.824       |
|    value_loss           | 0.765       |
-----------------------------------------
-----------------------------------------
| rollout/                |             |
|    ep_len_mean          | 300         |
|    ep_rew_mean          | -175        |
| time/                   |             |
|    fps                  | 287         |
|    iterations           | 75          |
|    time_elapsed         | 133         |
|    total_timesteps      | 38400       |
| train/                  |             |
|    approx_kl            | 0.011482511 |
|    clip_fraction        | 0.104       |
|    clip_range           | 0.2         |
|    entropy_loss         | -4.88       |
|    explained_variance   | 0.959       |
|    learning_rate        | 0.0003      |
|    loss                 | 0.122       |
|    n_updates            | 740         |
|    policy_gradient_loss | -0.0199     |
|    std                  | 0.821       |
|    value_loss           | 0.48        |
-----------------------------------------
-----------------------------------------
| rollout/                |             |
|    ep_len_mean          | 300         |
|    ep_rew_mean          | -174        |
| time/                   |             |
|    fps                  | 287         |
|    iterations           | 76          |
|    time_elapsed         | 135         |
|    total_timesteps      | 38912       |
| train/                  |             |
|    approx_kl            | 0.006930959 |
|    clip_fraction        | 0.0605      |
|    clip_range           | 0.2         |
|    entropy_loss         | -4.87       |
|    explained_variance   | 0.161       |
|    learning_rate        | 0.0003      |
|    loss                 | 28          |
|    n_updates            | 750         |
|    policy_gradient_loss | -0.000809   |
|    std                  | 0.821       |
|    value_loss           | 61          |
-----------------------------------------
-----------------------------------------
| rollout/                |             |
|    ep_len_mean          | 300         |
|    ep_rew_mean          | -170        |
| time/                   |             |
|    fps                  | 288         |
|    iterations           | 77          |
|    time_elapsed         | 136         |
|    total_timesteps      | 39424       |
| train/                  |             |
|    approx_kl            | 0.016070861 |
|    clip_fraction        | 0.174       |
|    clip_range           | 0.2         |
|    entropy_loss         | -4.87       |
|    explained_variance   | 0.932       |
|    learning_rate        | 0.0003      |
|    loss                 | 0.118       |
|    n_updates            | 760         |
|    policy_gradient_loss | -0.0169     |
|    std                  | 0.818       |
|    value_loss           | 0.357       |
-----------------------------------------
-----------------------------------------
| rollout/                |             |
|    ep_len_mean          | 300         |
|    ep_rew_mean          | -167        |
| time/                   |             |
|    fps                  | 289         |
|    iterations           | 78          |
|    time_elapsed         | 138         |
|    total_timesteps      | 39936       |
| train/                  |             |
|    approx_kl            | 0.009542754 |
|    clip_fraction        | 0.0891      |
|    clip_range           | 0.2         |
|    entropy_loss         | -4.85       |
|    explained_variance   | 0.767       |
|    learning_rate        | 0.0003      |
|    loss                 | 1.67        |
|    n_updates            | 770         |
|    policy_gradient_loss | -0.00994    |
|    std                  | 0.816       |
|    value_loss           | 2.56        |
-----------------------------------------
-----------------------------------------
| rollout/                |             |
|    ep_len_mean          | 300         |
|    ep_rew_mean          | -166        |
| time/                   |             |
|    fps                  | 290         |
|    iterations           | 79          |
|    time_elapsed         | 139         |
|    total_timesteps      | 40448       |
| train/                  |             |
|    approx_kl            | 0.003986191 |
|    clip_fraction        | 0.0375      |
|    clip_range           | 0.2         |
|    entropy_loss         | -4.84       |
|    explained_variance   | 0.755       |
|    learning_rate        | 0.0003      |
|    loss                 | 0.0709      |
|    n_updates            | 780         |
|    policy_gradient_loss | -0.00765    |
|    std                  | 0.812       |
|    value_loss           | 0.866       |
-----------------------------------------
-----------------------------------------
| rollout/                |             |
|    ep_len_mean          | 300         |
|    ep_rew_mean          | -164        |
| time/                   |             |
|    fps                  | 290         |
|    iterations           | 80          |
|    time_elapsed         | 140         |
|    total_timesteps      | 40960       |
| train/                  |             |
|    approx_kl            | 0.008998282 |
|    clip_fraction        | 0.0963      |
|    clip_range           | 0.2         |
|    entropy_loss         | -4.83       |
|    explained_variance   | 0.96        |
|    learning_rate        | 0.0003      |
|    loss                 | 0.047       |
|    n_updates            | 790         |
|    policy_gradient_loss | -0.0141     |
|    std                  | 0.813       |
|    value_loss           | 0.151       |
-----------------------------------------
-----------------------------------------
| rollout/                |             |
|    ep_len_mean          | 300         |
|    ep_rew_mean          | -161        |
| time/                   |             |
|    fps                  | 290         |
|    iterations           | 81          |
|    time_elapsed         | 142         |
|    total_timesteps      | 41472       |
| train/                  |             |
|    approx_kl            | 0.007535354 |
|    clip_fraction        | 0.0965      |
|    clip_range           | 0.2         |
|    entropy_loss         | -4.82       |
|    explained_variance   | 0.982       |
|    learning_rate        | 0.0003      |
|    loss                 | 0.0272      |
|    n_updates            | 800         |
|    policy_gradient_loss | -0.0156     |
|    std                  | 0.809       |
|    value_loss           | 0.144       |
-----------------------------------------
-----------------------------------------
| rollout/                |             |
|    ep_len_mean          | 300         |
|    ep_rew_mean          | -160        |
| time/                   |             |
|    fps                  | 292         |
|    iterations           | 82          |
|    time_elapsed         | 143         |
|    total_timesteps      | 41984       |
| train/                  |             |
|    approx_kl            | 0.006466397 |
|    clip_fraction        | 0.0748      |
|    clip_range           | 0.2         |
|    entropy_loss         | -4.8        |
|    explained_variance   | 0.958       |
|    learning_rate        | 0.0003      |
|    loss                 | 0.0669      |
|    n_updates            | 810         |
|    policy_gradient_loss | -0.0106     |
|    std                  | 0.807       |
|    value_loss           | 0.242       |
-----------------------------------------
------------------------------------------
| rollout/                |              |
|    ep_len_mean          | 300          |
|    ep_rew_mean          | -157         |
| time/                   |              |
|    fps                  | 292          |
|    iterations           | 83           |
|    time_elapsed         | 145          |
|    total_timesteps      | 42496        |
| train/                  |              |
|    approx_kl            | 0.0062452727 |
|    clip_fraction        | 0.0732       |
|    clip_range           | 0.2          |
|    entropy_loss         | -4.79        |
|    explained_variance   | 0.943        |
|    learning_rate        | 0.0003       |
|    loss                 | 0.0861       |
|    n_updates            | 820          |
|    policy_gradient_loss | -0.00709     |
|    std                  | 0.804        |
|    value_loss           | 0.275        |
------------------------------------------
-----------------------------------------
| rollout/                |             |
|    ep_len_mean          | 300         |
|    ep_rew_mean          | -156        |
| time/                   |             |
|    fps                  | 293         |
|    iterations           | 84          |
|    time_elapsed         | 146         |
|    total_timesteps      | 43008       |
| train/                  |             |
|    approx_kl            | 0.011772098 |
|    clip_fraction        | 0.107       |
|    clip_range           | 0.2         |
|    entropy_loss         | -4.76       |
|    explained_variance   | 0.973       |
|    learning_rate        | 0.0003      |
|    loss                 | 0.0507      |
|    n_updates            | 830         |
|    policy_gradient_loss | -0.0206     |
|    std                  | 0.797       |
|    value_loss           | 0.156       |
-----------------------------------------
------------------------------------------
| rollout/                |              |
|    ep_len_mean          | 300          |
|    ep_rew_mean          | -153         |
| time/                   |              |
|    fps                  | 294          |
|    iterations           | 85           |
|    time_elapsed         | 147          |
|    total_timesteps      | 43520        |
| train/                  |              |
|    approx_kl            | 0.0038905547 |
|    clip_fraction        | 0.0551       |
|    clip_range           | 0.2          |
|    entropy_loss         | -4.73        |
|    explained_variance   | 0.93         |
|    learning_rate        | 0.0003       |
|    loss                 | 0.136        |
|    n_updates            | 840          |
|    policy_gradient_loss | -0.0122      |
|    std                  | 0.789        |
|    value_loss           | 0.297        |
------------------------------------------
-----------------------------------------
| rollout/                |             |
|    ep_len_mean          | 300         |
|    ep_rew_mean          | -152        |
| time/                   |             |
|    fps                  | 295         |
|    iterations           | 86          |
|    time_elapsed         | 148         |
|    total_timesteps      | 44032       |
| train/                  |             |
|    approx_kl            | 0.009726327 |
|    clip_fraction        | 0.122       |
|    clip_range           | 0.2         |
|    entropy_loss         | -4.69       |
|    explained_variance   | 0.952       |
|    learning_rate        | 0.0003      |
|    loss                 | 0.0609      |
|    n_updates            | 850         |
|    policy_gradient_loss | -0.016      |
|    std                  | 0.784       |
|    value_loss           | 0.228       |
-----------------------------------------
-----------------------------------------
| rollout/                |             |
|    ep_len_mean          | 300         |
|    ep_rew_mean          | -148        |
| time/                   |             |
|    fps                  | 296         |
|    iterations           | 87          |
|    time_elapsed         | 150         |
|    total_timesteps      | 44544       |
| train/                  |             |
|    approx_kl            | 0.009911324 |
|    clip_fraction        | 0.0857      |
|    clip_range           | 0.2         |
|    entropy_loss         | -4.68       |
|    explained_variance   | 0.241       |
|    learning_rate        | 0.0003      |
|    loss                 | 14.6        |
|    n_updates            | 860         |
|    policy_gradient_loss | -0.01       |
|    std                  | 0.784       |
|    value_loss           | 20.9        |
-----------------------------------------
-----------------------------------------
| rollout/                |             |
|    ep_len_mean          | 300         |
|    ep_rew_mean          | -145        |
| time/                   |             |
|    fps                  | 297         |
|    iterations           | 88          |
|    time_elapsed         | 151         |
|    total_timesteps      | 45056       |
| train/                  |             |
|    approx_kl            | 0.009126959 |
|    clip_fraction        | 0.0607      |
|    clip_range           | 0.2         |
|    entropy_loss         | -4.67       |
|    explained_variance   | 0.945       |
|    learning_rate        | 0.0003      |
|    loss                 | 0.233       |
|    n_updates            | 870         |
|    policy_gradient_loss | -0.0186     |
|    std                  | 0.779       |
|    value_loss           | 0.533       |
-----------------------------------------
------------------------------------------
| rollout/                |              |
|    ep_len_mean          | 300          |
|    ep_rew_mean          | -144         |
| time/                   |              |
|    fps                  | 296          |
|    iterations           | 89           |
|    time_elapsed         | 153          |
|    total_timesteps      | 45568        |
| train/                  |              |
|    approx_kl            | 0.0082363915 |
|    clip_fraction        | 0.0752       |
|    clip_range           | 0.2          |
|    entropy_loss         | -4.65        |
|    explained_variance   | 0.902        |
|    learning_rate        | 0.0003       |
|    loss                 | 0.0412       |
|    n_updates            | 880          |
|    policy_gradient_loss | -0.017       |
|    std                  | 0.777        |
|    value_loss           | 0.236        |
------------------------------------------
-----------------------------------------
| rollout/                |             |
|    ep_len_mean          | 300         |
|    ep_rew_mean          | -142        |
| time/                   |             |
|    fps                  | 294         |
|    iterations           | 90          |
|    time_elapsed         | 156         |
|    total_timesteps      | 46080       |
| train/                  |             |
|    approx_kl            | 0.011823863 |
|    clip_fraction        | 0.127       |
|    clip_range           | 0.2         |
|    entropy_loss         | -4.65       |
|    explained_variance   | 0.826       |
|    learning_rate        | 0.0003      |
|    loss                 | 0.206       |
|    n_updates            | 890         |
|    policy_gradient_loss | -0.0163     |
|    std                  | 0.779       |
|    value_loss           | 0.527       |
-----------------------------------------
-----------------------------------------
| rollout/                |             |
|    ep_len_mean          | 300         |
|    ep_rew_mean          | -141        |
| time/                   |             |
|    fps                  | 291         |
|    iterations           | 91          |
|    time_elapsed         | 159         |
|    total_timesteps      | 46592       |
| train/                  |             |
|    approx_kl            | 0.011505002 |
|    clip_fraction        | 0.11        |
|    clip_range           | 0.2         |
|    entropy_loss         | -4.64       |
|    explained_variance   | 0.942       |
|    learning_rate        | 0.0003      |
|    loss                 | 0.0733      |
|    n_updates            | 900         |
|    policy_gradient_loss | -0.0212     |
|    std                  | 0.776       |
|    value_loss           | 0.332       |
-----------------------------------------
-----------------------------------------
| rollout/                |             |
|    ep_len_mean          | 300         |
|    ep_rew_mean          | -141        |
| time/                   |             |
|    fps                  | 289         |
|    iterations           | 92          |
|    time_elapsed         | 162         |
|    total_timesteps      | 47104       |
| train/                  |             |
|    approx_kl            | 0.013747796 |
|    clip_fraction        | 0.124       |
|    clip_range           | 0.2         |
|    entropy_loss         | -4.63       |
|    explained_variance   | 0.933       |
|    learning_rate        | 0.0003      |
|    loss                 | 0.115       |
|    n_updates            | 910         |
|    policy_gradient_loss | -0.0184     |
|    std                  | 0.776       |
|    value_loss           | 0.402       |
-----------------------------------------
-----------------------------------------
| rollout/                |             |
|    ep_len_mean          | 300         |
|    ep_rew_mean          | -139        |
| time/                   |             |
|    fps                  | 286         |
|    iterations           | 93          |
|    time_elapsed         | 165         |
|    total_timesteps      | 47616       |
| train/                  |             |
|    approx_kl            | 0.012166223 |
|    clip_fraction        | 0.15        |
|    clip_range           | 0.2         |
|    entropy_loss         | -4.64       |
|    explained_variance   | 0.966       |
|    learning_rate        | 0.0003      |
|    loss                 | 0.121       |
|    n_updates            | 920         |
|    policy_gradient_loss | -0.0221     |
|    std                  | 0.776       |
|    value_loss           | 0.248       |
-----------------------------------------
-----------------------------------------
| rollout/                |             |
|    ep_len_mean          | 300         |
|    ep_rew_mean          | -137        |
| time/                   |             |
|    fps                  | 284         |
|    iterations           | 94          |
|    time_elapsed         | 169         |
|    total_timesteps      | 48128       |
| train/                  |             |
|    approx_kl            | 0.008878952 |
|    clip_fraction        | 0.0879      |
|    clip_range           | 0.2         |
|    entropy_loss         | -4.63       |
|    explained_variance   | 0.948       |
|    learning_rate        | 0.0003      |
|    loss                 | 0.0725      |
|    n_updates            | 930         |
|    policy_gradient_loss | -0.0211     |
|    std                  | 0.773       |
|    value_loss           | 0.184       |
-----------------------------------------
-----------------------------------------
| rollout/                |             |
|    ep_len_mean          | 300         |
|    ep_rew_mean          | -134        |
| time/                   |             |
|    fps                  | 282         |
|    iterations           | 95          |
|    time_elapsed         | 172         |
|    total_timesteps      | 48640       |
| train/                  |             |
|    approx_kl            | 0.009903699 |
|    clip_fraction        | 0.147       |
|    clip_range           | 0.2         |
|    entropy_loss         | -4.6        |
|    explained_variance   | 0.942       |
|    learning_rate        | 0.0003      |
|    loss                 | 0.0741      |
|    n_updates            | 940         |
|    policy_gradient_loss | -0.0176     |
|    std                  | 0.766       |
|    value_loss           | 0.282       |
-----------------------------------------
-----------------------------------------
| rollout/                |             |
|    ep_len_mean          | 300         |
|    ep_rew_mean          | -132        |
| time/                   |             |
|    fps                  | 280         |
|    iterations           | 96          |
|    time_elapsed         | 175         |
|    total_timesteps      | 49152       |
| train/                  |             |
|    approx_kl            | 0.016308706 |
|    clip_fraction        | 0.228       |
|    clip_range           | 0.2         |
|    entropy_loss         | -4.56       |
|    explained_variance   | 0.94        |
|    learning_rate        | 0.0003      |
|    loss                 | 0.0372      |
|    n_updates            | 950         |
|    policy_gradient_loss | -0.0266     |
|    std                  | 0.754       |
|    value_loss           | 0.278       |
-----------------------------------------
------------------------------------------
| rollout/                |              |
|    ep_len_mean          | 300          |
|    ep_rew_mean          | -130         |
| time/                   |              |
|    fps                  | 277          |
|    iterations           | 97           |
|    time_elapsed         | 178          |
|    total_timesteps      | 49664        |
| train/                  |              |
|    approx_kl            | 0.0077680214 |
|    clip_fraction        | 0.1          |
|    clip_range           | 0.2          |
|    entropy_loss         | -4.51        |
|    explained_variance   | 0.904        |
|    learning_rate        | 0.0003       |
|    loss                 | 0.032        |
|    n_updates            | 960          |
|    policy_gradient_loss | -0.0148      |
|    std                  | 0.751        |
|    value_loss           | 0.253        |
------------------------------------------
-----------------------------------------
| rollout/                |             |
|    ep_len_mean          | 300         |
|    ep_rew_mean          | -128        |
| time/                   |             |
|    fps                  | 276         |
|    iterations           | 98          |
|    time_elapsed         | 181         |
|    total_timesteps      | 50176       |
| train/                  |             |
|    approx_kl            | 0.006836713 |
|    clip_fraction        | 0.0646      |
|    clip_range           | 0.2         |
|    entropy_loss         | -4.51       |
|    explained_variance   | 0.963       |
|    learning_rate        | 0.0003      |
|    loss                 | 0.0757      |
|    n_updates            | 970         |
|    policy_gradient_loss | -0.00838    |
|    std                  | 0.751       |
|    value_loss           | 0.147       |
-----------------------------------------
-----------------------------------------
| rollout/                |             |
|    ep_len_mean          | 300         |
|    ep_rew_mean          | -127        |
| time/                   |             |
|    fps                  | 274         |
|    iterations           | 99          |
|    time_elapsed         | 184         |
|    total_timesteps      | 50688       |
| train/                  |             |
|    approx_kl            | 0.012019177 |
|    clip_fraction        | 0.108       |
|    clip_range           | 0.2         |
|    entropy_loss         | -4.51       |
|    explained_variance   | 0.955       |
|    learning_rate        | 0.0003      |
|    loss                 | 0.0844      |
|    n_updates            | 980         |
|    policy_gradient_loss | -0.0199     |
|    std                  | 0.749       |
|    value_loss           | 0.244       |
-----------------------------------------
-----------------------------------------
| rollout/                |             |
|    ep_len_mean          | 300         |
|    ep_rew_mean          | -123        |
| time/                   |             |
|    fps                  | 272         |
|    iterations           | 100         |
|    time_elapsed         | 188         |
|    total_timesteps      | 51200       |
| train/                  |             |
|    approx_kl            | 0.009865968 |
|    clip_fraction        | 0.155       |
|    clip_range           | 0.2         |
|    entropy_loss         | -4.49       |
|    explained_variance   | 0.976       |
|    learning_rate        | 0.0003      |
|    loss                 | -0.00471    |
|    n_updates            | 990         |
|    policy_gradient_loss | -0.0194     |
|    std                  | 0.745       |
|    value_loss           | 0.0786      |
-----------------------------------------
-----------------------------------------
| rollout/                |             |
|    ep_len_mean          | 300         |
|    ep_rew_mean          | -121        |
| time/                   |             |
|    fps                  | 269         |
|    iterations           | 101         |
|    time_elapsed         | 191         |
|    total_timesteps      | 51712       |
| train/                  |             |
|    approx_kl            | 0.009598935 |
|    clip_fraction        | 0.0801      |
|    clip_range           | 0.2         |
|    entropy_loss         | -4.47       |
|    explained_variance   | 0.913       |
|    learning_rate        | 0.0003      |
|    loss                 | 0.153       |
|    n_updates            | 1000        |
|    policy_gradient_loss | -0.0109     |
|    std                  | 0.743       |
|    value_loss           | 0.573       |
-----------------------------------------
------------------------------------------
| rollout/                |              |
|    ep_len_mean          | 300          |
|    ep_rew_mean          | -119         |
| time/                   |              |
|    fps                  | 268          |
|    iterations           | 102          |
|    time_elapsed         | 194          |
|    total_timesteps      | 52224        |
| train/                  |              |
|    approx_kl            | 0.0060981107 |
|    clip_fraction        | 0.0799       |
|    clip_range           | 0.2          |
|    entropy_loss         | -4.46        |
|    explained_variance   | 0.867        |
|    learning_rate        | 0.0003       |
|    loss                 | 0.398        |
|    n_updates            | 1010         |
|    policy_gradient_loss | -0.00983     |
|    std                  | 0.741        |
|    value_loss           | 0.823        |
------------------------------------------
-----------------------------------------
| rollout/                |             |
|    ep_len_mean          | 300         |
|    ep_rew_mean          | -117        |
| time/                   |             |
|    fps                  | 266         |
|    iterations           | 103         |
|    time_elapsed         | 197         |
|    total_timesteps      | 52736       |
| train/                  |             |
|    approx_kl            | 0.015341759 |
|    clip_fraction        | 0.123       |
|    clip_range           | 0.2         |
|    entropy_loss         | -4.46       |
|    explained_variance   | 0.974       |
|    learning_rate        | 0.0003      |
|    loss                 | 0.109       |
|    n_updates            | 1020        |
|    policy_gradient_loss | -0.0227     |
|    std                  | 0.742       |
|    value_loss           | 0.145       |
-----------------------------------------
-----------------------------------------
| rollout/                |             |
|    ep_len_mean          | 300         |
|    ep_rew_mean          | -113        |
| time/                   |             |
|    fps                  | 266         |
|    iterations           | 104         |
|    time_elapsed         | 199         |
|    total_timesteps      | 53248       |
| train/                  |             |
|    approx_kl            | 0.006076441 |
|    clip_fraction        | 0.0432      |
|    clip_range           | 0.2         |
|    entropy_loss         | -4.44       |
|    explained_variance   | 0.834       |
|    learning_rate        | 0.0003      |
|    loss                 | 0.29        |
|    n_updates            | 1030        |
|    policy_gradient_loss | -0.00712    |
|    std                  | 0.735       |
|    value_loss           | 0.573       |
-----------------------------------------
-----------------------------------------
| rollout/                |             |
|    ep_len_mean          | 300         |
|    ep_rew_mean          | -111        |
| time/                   |             |
|    fps                  | 265         |
|    iterations           | 105         |
|    time_elapsed         | 202         |
|    total_timesteps      | 53760       |
| train/                  |             |
|    approx_kl            | 0.009734665 |
|    clip_fraction        | 0.077       |
|    clip_range           | 0.2         |
|    entropy_loss         | -4.41       |
|    explained_variance   | 0.947       |
|    learning_rate        | 0.0003      |
|    loss                 | 0.129       |
|    n_updates            | 1040        |
|    policy_gradient_loss | -0.0186     |
|    std                  | 0.733       |
|    value_loss           | 0.27        |
-----------------------------------------
----------------------------------------
| rollout/                |            |
|    ep_len_mean          | 300        |
|    ep_rew_mean          | -109       |
| time/                   |            |
|    fps                  | 264        |
|    iterations           | 106        |
|    time_elapsed         | 205        |
|    total_timesteps      | 54272      |
| train/                  |            |
|    approx_kl            | 0.00752294 |
|    clip_fraction        | 0.073      |
|    clip_range           | 0.2        |
|    entropy_loss         | -4.4       |
|    explained_variance   | 0.928      |
|    learning_rate        | 0.0003     |
|    loss                 | 0.169      |
|    n_updates            | 1050       |
|    policy_gradient_loss | -0.0174    |
|    std                  | 0.729      |
|    value_loss           | 0.438      |
----------------------------------------
------------------------------------------
| rollout/                |              |
|    ep_len_mean          | 300          |
|    ep_rew_mean          | -106         |
| time/                   |              |
|    fps                  | 263          |
|    iterations           | 107          |
|    time_elapsed         | 208          |
|    total_timesteps      | 54784        |
| train/                  |              |
|    approx_kl            | 0.0067152726 |
|    clip_fraction        | 0.0973       |
|    clip_range           | 0.2          |
|    entropy_loss         | -4.37        |
|    explained_variance   | 0.588        |
|    learning_rate        | 0.0003       |
|    loss                 | 0.634        |
|    n_updates            | 1060         |
|    policy_gradient_loss | -0.00648     |
|    std                  | 0.724        |
|    value_loss           | 1.89         |
------------------------------------------
-----------------------------------------
| rollout/                |             |
|    ep_len_mean          | 300         |
|    ep_rew_mean          | -104        |
| time/                   |             |
|    fps                  | 262         |
|    iterations           | 108         |
|    time_elapsed         | 210         |
|    total_timesteps      | 55296       |
| train/                  |             |
|    approx_kl            | 0.008519381 |
|    clip_fraction        | 0.159       |
|    clip_range           | 0.2         |
|    entropy_loss         | -4.34       |
|    explained_variance   | 0.988       |
|    learning_rate        | 0.0003      |
|    loss                 | -0.0152     |
|    n_updates            | 1070        |
|    policy_gradient_loss | -0.0226     |
|    std                  | 0.717       |
|    value_loss           | 0.0554      |
-----------------------------------------
----------------------------------------
| rollout/                |            |
|    ep_len_mean          | 300        |
|    ep_rew_mean          | -103       |
| time/                   |            |
|    fps                  | 262        |
|    iterations           | 109        |
|    time_elapsed         | 212        |
|    total_timesteps      | 55808      |
| train/                  |            |
|    approx_kl            | 0.00826505 |
|    clip_fraction        | 0.0906     |
|    clip_range           | 0.2        |
|    entropy_loss         | -4.31      |
|    explained_variance   | 0.953      |
|    learning_rate        | 0.0003     |
|    loss                 | 0.0262     |
|    n_updates            | 1080       |
|    policy_gradient_loss | -0.016     |
|    std                  | 0.711      |
|    value_loss           | 0.121      |
----------------------------------------
----------------------------------------
| rollout/                |            |
|    ep_len_mean          | 300        |
|    ep_rew_mean          | -102       |
| time/                   |            |
|    fps                  | 262        |
|    iterations           | 110        |
|    time_elapsed         | 214        |
|    total_timesteps      | 56320      |
| train/                  |            |
|    approx_kl            | 0.01108047 |
|    clip_fraction        | 0.0795     |
|    clip_range           | 0.2        |
|    entropy_loss         | -4.28      |
|    explained_variance   | 0.952      |
|    learning_rate        | 0.0003     |
|    loss                 | 0.0449     |
|    n_updates            | 1090       |
|    policy_gradient_loss | -0.0179    |
|    std                  | 0.709      |
|    value_loss           | 0.207      |
----------------------------------------
-----------------------------------------
| rollout/                |             |
|    ep_len_mean          | 300         |
|    ep_rew_mean          | -101        |
| time/                   |             |
|    fps                  | 261         |
|    iterations           | 111         |
|    time_elapsed         | 217         |
|    total_timesteps      | 56832       |
| train/                  |             |
|    approx_kl            | 0.010482147 |
|    clip_fraction        | 0.146       |
|    clip_range           | 0.2         |
|    entropy_loss         | -4.28       |
|    explained_variance   | 0.953       |
|    learning_rate        | 0.0003      |
|    loss                 | 0.0319      |
|    n_updates            | 1100        |
|    policy_gradient_loss | -0.0184     |
|    std                  | 0.709       |
|    value_loss           | 0.182       |
-----------------------------------------
------------------------------------------
| rollout/                |              |
|    ep_len_mean          | 300          |
|    ep_rew_mean          | -99          |
| time/                   |              |
|    fps                  | 261          |
|    iterations           | 112          |
|    time_elapsed         | 219          |
|    total_timesteps      | 57344        |
| train/                  |              |
|    approx_kl            | 0.0068203555 |
|    clip_fraction        | 0.113        |
|    clip_range           | 0.2          |
|    entropy_loss         | -4.27        |
|    explained_variance   | 0.972        |
|    learning_rate        | 0.0003       |
|    loss                 | 0.123        |
|    n_updates            | 1110         |
|    policy_gradient_loss | -0.0158      |
|    std                  | 0.707        |
|    value_loss           | 0.148        |
------------------------------------------
-----------------------------------------
| rollout/                |             |
|    ep_len_mean          | 300         |
|    ep_rew_mean          | -97.2       |
| time/                   |             |
|    fps                  | 261         |
|    iterations           | 113         |
|    time_elapsed         | 221         |
|    total_timesteps      | 57856       |
| train/                  |             |
|    approx_kl            | 0.010800865 |
|    clip_fraction        | 0.129       |
|    clip_range           | 0.2         |
|    entropy_loss         | -4.26       |
|    explained_variance   | 0.95        |
|    learning_rate        | 0.0003      |
|    loss                 | 0.0746      |
|    n_updates            | 1120        |
|    policy_gradient_loss | -0.0166     |
|    std                  | 0.704       |
|    value_loss           | 0.256       |
-----------------------------------------
------------------------------------------
| rollout/                |              |
|    ep_len_mean          | 300          |
|    ep_rew_mean          | -95.5        |
| time/                   |              |
|    fps                  | 260          |
|    iterations           | 114          |
|    time_elapsed         | 223          |
|    total_timesteps      | 58368        |
| train/                  |              |
|    approx_kl            | 0.0034521264 |
|    clip_fraction        | 0.0826       |
|    clip_range           | 0.2          |
|    entropy_loss         | -4.24        |
|    explained_variance   | 0.93         |
|    learning_rate        | 0.0003       |
|    loss                 | 0.0442       |
|    n_updates            | 1130         |
|    policy_gradient_loss | -0.0108      |
|    std                  | 0.701        |
|    value_loss           | 0.15         |
------------------------------------------
------------------------------------------
| rollout/                |              |
|    ep_len_mean          | 300          |
|    ep_rew_mean          | -93.3        |
| time/                   |              |
|    fps                  | 260          |
|    iterations           | 115          |
|    time_elapsed         | 226          |
|    total_timesteps      | 58880        |
| train/                  |              |
|    approx_kl            | 0.0061200657 |
|    clip_fraction        | 0.106        |
|    clip_range           | 0.2          |
|    entropy_loss         | -4.23        |
|    explained_variance   | 0.8          |
|    learning_rate        | 0.0003       |
|    loss                 | 0.435        |
|    n_updates            | 1140         |
|    policy_gradient_loss | -0.00775     |
|    std                  | 0.701        |
|    value_loss           | 1.39         |
------------------------------------------
-----------------------------------------
| rollout/                |             |
|    ep_len_mean          | 300         |
|    ep_rew_mean          | -92.9       |
| time/                   |             |
|    fps                  | 260         |
|    iterations           | 116         |
|    time_elapsed         | 227         |
|    total_timesteps      | 59392       |
| train/                  |             |
|    approx_kl            | 0.014855918 |
|    clip_fraction        | 0.126       |
|    clip_range           | 0.2         |
|    entropy_loss         | -4.21       |
|    explained_variance   | 0.985       |
|    learning_rate        | 0.0003      |
|    loss                 | -0.00622    |
|    n_updates            | 1150        |
|    policy_gradient_loss | -0.0224     |
|    std                  | 0.694       |
|    value_loss           | 0.0868      |
-----------------------------------------
-----------------------------------------
| rollout/                |             |
|    ep_len_mean          | 300         |
|    ep_rew_mean          | -92         |
| time/                   |             |
|    fps                  | 261         |
|    iterations           | 117         |
|    time_elapsed         | 229         |
|    total_timesteps      | 59904       |
| train/                  |             |
|    approx_kl            | 0.010140762 |
|    clip_fraction        | 0.104       |
|    clip_range           | 0.2         |
|    entropy_loss         | -4.19       |
|    explained_variance   | 0.899       |
|    learning_rate        | 0.0003      |
|    loss                 | 0.0108      |
|    n_updates            | 1160        |
|    policy_gradient_loss | -0.0236     |
|    std                  | 0.697       |
|    value_loss           | 0.179       |
-----------------------------------------
-----------------------------------------
| rollout/                |             |
|    ep_len_mean          | 300         |
|    ep_rew_mean          | -91.2       |
| time/                   |             |
|    fps                  | 261         |
|    iterations           | 118         |
|    time_elapsed         | 230         |
|    total_timesteps      | 60416       |
| train/                  |             |
|    approx_kl            | 0.013319597 |
|    clip_fraction        | 0.113       |
|    clip_range           | 0.2         |
|    entropy_loss         | -4.2        |
|    explained_variance   | 0.974       |
|    learning_rate        | 0.0003      |
|    loss                 | 0.0673      |
|    n_updates            | 1170        |
|    policy_gradient_loss | -0.0217     |
|    std                  | 0.694       |
|    value_loss           | 0.127       |
-----------------------------------------
-----------------------------------------
| rollout/                |             |
|    ep_len_mean          | 300         |
|    ep_rew_mean          | -87.8       |
| time/                   |             |
|    fps                  | 262         |
|    iterations           | 119         |
|    time_elapsed         | 232         |
|    total_timesteps      | 60928       |
| train/                  |             |
|    approx_kl            | 0.011600627 |
|    clip_fraction        | 0.114       |
|    clip_range           | 0.2         |
|    entropy_loss         | -4.18       |
|    explained_variance   | 0.981       |
|    learning_rate        | 0.0003      |
|    loss                 | 0.0187      |
|    n_updates            | 1180        |
|    policy_gradient_loss | -0.0258     |
|    std                  | 0.692       |
|    value_loss           | 0.103       |
-----------------------------------------
-----------------------------------------
| rollout/                |             |
|    ep_len_mean          | 300         |
|    ep_rew_mean          | -87.2       |
| time/                   |             |
|    fps                  | 262         |
|    iterations           | 120         |
|    time_elapsed         | 234         |
|    total_timesteps      | 61440       |
| train/                  |             |
|    approx_kl            | 0.013131605 |
|    clip_fraction        | 0.192       |
|    clip_range           | 0.2         |
|    entropy_loss         | -4.16       |
|    explained_variance   | 0.957       |
|    learning_rate        | 0.0003      |
|    loss                 | -0.00253    |
|    n_updates            | 1190        |
|    policy_gradient_loss | -0.0231     |
|    std                  | 0.686       |
|    value_loss           | 0.121       |
-----------------------------------------
-----------------------------------------
| rollout/                |             |
|    ep_len_mean          | 300         |
|    ep_rew_mean          | -85.3       |
| time/                   |             |
|    fps                  | 262         |
|    iterations           | 121         |
|    time_elapsed         | 235         |
|    total_timesteps      | 61952       |
| train/                  |             |
|    approx_kl            | 0.015981542 |
|    clip_fraction        | 0.191       |
|    clip_range           | 0.2         |
|    entropy_loss         | -4.14       |
|    explained_variance   | 0.877       |
|    learning_rate        | 0.0003      |
|    loss                 | 0.173       |
|    n_updates            | 1200        |
|    policy_gradient_loss | -0.0202     |
|    std                  | 0.685       |
|    value_loss           | 0.379       |
-----------------------------------------
-----------------------------------------
| rollout/                |             |
|    ep_len_mean          | 300         |
|    ep_rew_mean          | -84.7       |
| time/                   |             |
|    fps                  | 262         |
|    iterations           | 122         |
|    time_elapsed         | 238         |
|    total_timesteps      | 62464       |
| train/                  |             |
|    approx_kl            | 0.010239802 |
|    clip_fraction        | 0.129       |
|    clip_range           | 0.2         |
|    entropy_loss         | -4.14       |
|    explained_variance   | 0.92        |
|    learning_rate        | 0.0003      |
|    loss                 | 0.076       |
|    n_updates            | 1210        |
|    policy_gradient_loss | -0.015      |
|    std                  | 0.685       |
|    value_loss           | 0.225       |
-----------------------------------------
-----------------------------------------
| rollout/                |             |
|    ep_len_mean          | 300         |
|    ep_rew_mean          | -84.5       |
| time/                   |             |
|    fps                  | 260         |
|    iterations           | 123         |
|    time_elapsed         | 241         |
|    total_timesteps      | 62976       |
| train/                  |             |
|    approx_kl            | 0.011200888 |
|    clip_fraction        | 0.162       |
|    clip_range           | 0.2         |
|    entropy_loss         | -4.14       |
|    explained_variance   | 0.96        |
|    learning_rate        | 0.0003      |
|    loss                 | 0.0409      |
|    n_updates            | 1220        |
|    policy_gradient_loss | -0.0213     |
|    std                  | 0.686       |
|    value_loss           | 0.185       |
-----------------------------------------
-----------------------------------------
| rollout/                |             |
|    ep_len_mean          | 300         |
|    ep_rew_mean          | -84.2       |
| time/                   |             |
|    fps                  | 260         |
|    iterations           | 124         |
|    time_elapsed         | 243         |
|    total_timesteps      | 63488       |
| train/                  |             |
|    approx_kl            | 0.007496685 |
|    clip_fraction        | 0.123       |
|    clip_range           | 0.2         |
|    entropy_loss         | -4.14       |
|    explained_variance   | 0.977       |
|    learning_rate        | 0.0003      |
|    loss                 | -0.0217     |
|    n_updates            | 1230        |
|    policy_gradient_loss | -0.0107     |
|    std                  | 0.684       |
|    value_loss           | 0.0418      |
-----------------------------------------
-----------------------------------------
| rollout/                |             |
|    ep_len_mean          | 300         |
|    ep_rew_mean          | -83.6       |
| time/                   |             |
|    fps                  | 259         |
|    iterations           | 125         |
|    time_elapsed         | 246         |
|    total_timesteps      | 64000       |
| train/                  |             |
|    approx_kl            | 0.009438731 |
|    clip_fraction        | 0.0939      |
|    clip_range           | 0.2         |
|    entropy_loss         | -4.13       |
|    explained_variance   | 0.976       |
|    learning_rate        | 0.0003      |
|    loss                 | 0.0145      |
|    n_updates            | 1240        |
|    policy_gradient_loss | -0.0164     |
|    std                  | 0.682       |
|    value_loss           | 0.113       |
-----------------------------------------
-----------------------------------------
| rollout/                |             |
|    ep_len_mean          | 300         |
|    ep_rew_mean          | -82.7       |
| time/                   |             |
|    fps                  | 258         |
|    iterations           | 126         |
|    time_elapsed         | 249         |
|    total_timesteps      | 64512       |
| train/                  |             |
|    approx_kl            | 0.008494375 |
|    clip_fraction        | 0.0631      |
|    clip_range           | 0.2         |
|    entropy_loss         | -4.11       |
|    explained_variance   | 0.984       |
|    learning_rate        | 0.0003      |
|    loss                 | 0.00567     |
|    n_updates            | 1250        |
|    policy_gradient_loss | -0.0133     |
|    std                  | 0.679       |
|    value_loss           | 0.0829      |
-----------------------------------------
-----------------------------------------
| rollout/                |             |
|    ep_len_mean          | 300         |
|    ep_rew_mean          | -82.4       |
| time/                   |             |
|    fps                  | 257         |
|    iterations           | 127         |
|    time_elapsed         | 252         |
|    total_timesteps      | 65024       |
| train/                  |             |
|    approx_kl            | 0.013603804 |
|    clip_fraction        | 0.118       |
|    clip_range           | 0.2         |
|    entropy_loss         | -4.1        |
|    explained_variance   | 0.668       |
|    learning_rate        | 0.0003      |
|    loss                 | 1.18        |
|    n_updates            | 1260        |
|    policy_gradient_loss | -0.00876    |
|    std                  | 0.678       |
|    value_loss           | 2.61        |
-----------------------------------------
-----------------------------------------
| rollout/                |             |
|    ep_len_mean          | 300         |
|    ep_rew_mean          | -82.1       |
| time/                   |             |
|    fps                  | 256         |
|    iterations           | 128         |
|    time_elapsed         | 255         |
|    total_timesteps      | 65536       |
| train/                  |             |
|    approx_kl            | 0.015074227 |
|    clip_fraction        | 0.191       |
|    clip_range           | 0.2         |
|    entropy_loss         | -4.1        |
|    explained_variance   | 0.901       |
|    learning_rate        | 0.0003      |
|    loss                 | 0.107       |
|    n_updates            | 1270        |
|    policy_gradient_loss | -0.0175     |
|    std                  | 0.677       |
|    value_loss           | 0.291       |
-----------------------------------------
-----------------------------------------
| rollout/                |             |
|    ep_len_mean          | 300         |
|    ep_rew_mean          | -81.7       |
| time/                   |             |
|    fps                  | 254         |
|    iterations           | 129         |
|    time_elapsed         | 259         |
|    total_timesteps      | 66048       |
| train/                  |             |
|    approx_kl            | 0.013090914 |
|    clip_fraction        | 0.168       |
|    clip_range           | 0.2         |
|    entropy_loss         | -4.1        |
|    explained_variance   | 0.965       |
|    learning_rate        | 0.0003      |
|    loss                 | 0.0558      |
|    n_updates            | 1280        |
|    policy_gradient_loss | -0.0199     |
|    std                  | 0.676       |
|    value_loss           | 0.163       |
-----------------------------------------
------------------------------------------
| rollout/                |              |
|    ep_len_mean          | 300          |
|    ep_rew_mean          | -81.6        |
| time/                   |              |
|    fps                  | 253          |
|    iterations           | 130          |
|    time_elapsed         | 262          |
|    total_timesteps      | 66560        |
| train/                  |              |
|    approx_kl            | 0.0151972035 |
|    clip_fraction        | 0.226        |
|    clip_range           | 0.2          |
|    entropy_loss         | -4.09        |
|    explained_variance   | 0.936        |
|    learning_rate        | 0.0003       |
|    loss                 | 0.096        |
|    n_updates            | 1290         |
|    policy_gradient_loss | -0.0198      |
|    std                  | 0.673        |
|    value_loss           | 0.283        |
------------------------------------------
-----------------------------------------
| rollout/                |             |
|    ep_len_mean          | 300         |
|    ep_rew_mean          | -81.3       |
| time/                   |             |
|    fps                  | 252         |
|    iterations           | 131         |
|    time_elapsed         | 265         |
|    total_timesteps      | 67072       |
| train/                  |             |
|    approx_kl            | 0.006280273 |
|    clip_fraction        | 0.0717      |
|    clip_range           | 0.2         |
|    entropy_loss         | -4.06       |
|    explained_variance   | 0.926       |
|    learning_rate        | 0.0003      |
|    loss                 | 0.0512      |
|    n_updates            | 1300        |
|    policy_gradient_loss | -0.00587    |
|    std                  | 0.668       |
|    value_loss           | 0.166       |
-----------------------------------------
-----------------------------------------
| rollout/                |             |
|    ep_len_mean          | 300         |
|    ep_rew_mean          | -80.9       |
| time/                   |             |
|    fps                  | 251         |
|    iterations           | 132         |
|    time_elapsed         | 268         |
|    total_timesteps      | 67584       |
| train/                  |             |
|    approx_kl            | 0.011374686 |
|    clip_fraction        | 0.153       |
|    clip_range           | 0.2         |
|    entropy_loss         | -4.03       |
|    explained_variance   | 0.97        |
|    learning_rate        | 0.0003      |
|    loss                 | 0.0226      |
|    n_updates            | 1310        |
|    policy_gradient_loss | -0.0155     |
|    std                  | 0.663       |
|    value_loss           | 0.153       |
-----------------------------------------
-----------------------------------------
| rollout/                |             |
|    ep_len_mean          | 300         |
|    ep_rew_mean          | -80.7       |
| time/                   |             |
|    fps                  | 250         |
|    iterations           | 133         |
|    time_elapsed         | 271         |
|    total_timesteps      | 68096       |
| train/                  |             |
|    approx_kl            | 0.008133335 |
|    clip_fraction        | 0.0701      |
|    clip_range           | 0.2         |
|    entropy_loss         | -4.01       |
|    explained_variance   | 0.977       |
|    learning_rate        | 0.0003      |
|    loss                 | 0.0515      |
|    n_updates            | 1320        |
|    policy_gradient_loss | -0.0082     |
|    std                  | 0.66        |
|    value_loss           | 0.132       |
-----------------------------------------
-----------------------------------------
| rollout/                |             |
|    ep_len_mean          | 300         |
|    ep_rew_mean          | -81.6       |
| time/                   |             |
|    fps                  | 249         |
|    iterations           | 134         |
|    time_elapsed         | 274         |
|    total_timesteps      | 68608       |
| train/                  |             |
|    approx_kl            | 0.008655146 |
|    clip_fraction        | 0.0998      |
|    clip_range           | 0.2         |
|    entropy_loss         | -3.98       |
|    explained_variance   | 0.945       |
|    learning_rate        | 0.0003      |
|    loss                 | 0.051       |
|    n_updates            | 1330        |
|    policy_gradient_loss | -0.0124     |
|    std                  | 0.655       |
|    value_loss           | 0.151       |
-----------------------------------------
-----------------------------------------
| rollout/                |             |
|    ep_len_mean          | 300         |
|    ep_rew_mean          | -81.5       |
| time/                   |             |
|    fps                  | 248         |
|    iterations           | 135         |
|    time_elapsed         | 277         |
|    total_timesteps      | 69120       |
| train/                  |             |
|    approx_kl            | 0.010026621 |
|    clip_fraction        | 0.11        |
|    clip_range           | 0.2         |
|    entropy_loss         | -3.95       |
|    explained_variance   | 0.985       |
|    learning_rate        | 0.0003      |
|    loss                 | 0.00965     |
|    n_updates            | 1340        |
|    policy_gradient_loss | -0.0161     |
|    std                  | 0.65        |
|    value_loss           | 0.0657      |
-----------------------------------------
------------------------------------------
| rollout/                |              |
|    ep_len_mean          | 300          |
|    ep_rew_mean          | -81.6        |
| time/                   |              |
|    fps                  | 247          |
|    iterations           | 136          |
|    time_elapsed         | 281          |
|    total_timesteps      | 69632        |
| train/                  |              |
|    approx_kl            | 0.0060322825 |
|    clip_fraction        | 0.0547       |
|    clip_range           | 0.2          |
|    entropy_loss         | -3.93        |
|    explained_variance   | 0.973        |
|    learning_rate        | 0.0003       |
|    loss                 | 0.0325       |
|    n_updates            | 1350         |
|    policy_gradient_loss | -0.00593     |
|    std                  | 0.647        |
|    value_loss           | 0.0973       |
------------------------------------------
-----------------------------------------
| rollout/                |             |
|    ep_len_mean          | 300         |
|    ep_rew_mean          | -81.1       |
| time/                   |             |
|    fps                  | 246         |
|    iterations           | 137         |
|    time_elapsed         | 284         |
|    total_timesteps      | 70144       |
| train/                  |             |
|    approx_kl            | 0.018122006 |
|    clip_fraction        | 0.113       |
|    clip_range           | 0.2         |
|    entropy_loss         | -3.91       |
|    explained_variance   | 0.943       |
|    learning_rate        | 0.0003      |
|    loss                 | 0.0326      |
|    n_updates            | 1360        |
|    policy_gradient_loss | -0.0245     |
|    std                  | 0.644       |
|    value_loss           | 0.281       |
-----------------------------------------
-----------------------------------------
| rollout/                |             |
|    ep_len_mean          | 300         |
|    ep_rew_mean          | -80.8       |
| time/                   |             |
|    fps                  | 245         |
|    iterations           | 138         |
|    time_elapsed         | 288         |
|    total_timesteps      | 70656       |
| train/                  |             |
|    approx_kl            | 0.006115336 |
|    clip_fraction        | 0.0697      |
|    clip_range           | 0.2         |
|    entropy_loss         | -3.9        |
|    explained_variance   | 0.861       |
|    learning_rate        | 0.0003      |
|    loss                 | 0.173       |
|    n_updates            | 1370        |
|    policy_gradient_loss | -0.00726    |
|    std                  | 0.642       |
|    value_loss           | 0.624       |
-----------------------------------------
-----------------------------------------
| rollout/                |             |
|    ep_len_mean          | 300         |
|    ep_rew_mean          | -80.7       |
| time/                   |             |
|    fps                  | 245         |
|    iterations           | 139         |
|    time_elapsed         | 290         |
|    total_timesteps      | 71168       |
| train/                  |             |
|    approx_kl            | 0.008783011 |
|    clip_fraction        | 0.101       |
|    clip_range           | 0.2         |
|    entropy_loss         | -3.88       |
|    explained_variance   | 0.952       |
|    learning_rate        | 0.0003      |
|    loss                 | 0.033       |
|    n_updates            | 1380        |
|    policy_gradient_loss | -0.0131     |
|    std                  | 0.639       |
|    value_loss           | 0.212       |
-----------------------------------------
-----------------------------------------
| rollout/                |             |
|    ep_len_mean          | 300         |
|    ep_rew_mean          | -80.5       |
| time/                   |             |
|    fps                  | 245         |
|    iterations           | 140         |
|    time_elapsed         | 291         |
|    total_timesteps      | 71680       |
| train/                  |             |
|    approx_kl            | 0.009937231 |
|    clip_fraction        | 0.112       |
|    clip_range           | 0.2         |
|    entropy_loss         | -3.85       |
|    explained_variance   | 0.986       |
|    learning_rate        | 0.0003      |
|    loss                 | 0.0167      |
|    n_updates            | 1390        |
|    policy_gradient_loss | -0.0132     |
|    std                  | 0.635       |
|    value_loss           | 0.0731      |
-----------------------------------------
-----------------------------------------
| rollout/                |             |
|    ep_len_mean          | 300         |
|    ep_rew_mean          | -80.1       |
| time/                   |             |
|    fps                  | 246         |
|    iterations           | 141         |
|    time_elapsed         | 293         |
|    total_timesteps      | 72192       |
| train/                  |             |
|    approx_kl            | 0.006357911 |
|    clip_fraction        | 0.0822      |
|    clip_range           | 0.2         |
|    entropy_loss         | -3.83       |
|    explained_variance   | 0.967       |
|    learning_rate        | 0.0003      |
|    loss                 | 0.0103      |
|    n_updates            | 1400        |
|    policy_gradient_loss | -0.00614    |
|    std                  | 0.63        |
|    value_loss           | 0.0887      |
-----------------------------------------
------------------------------------------
| rollout/                |              |
|    ep_len_mean          | 300          |
|    ep_rew_mean          | -79.9        |
| time/                   |              |
|    fps                  | 246          |
|    iterations           | 142          |
|    time_elapsed         | 294          |
|    total_timesteps      | 72704        |
| train/                  |              |
|    approx_kl            | 0.0061631273 |
|    clip_fraction        | 0.0871       |
|    clip_range           | 0.2          |
|    entropy_loss         | -3.81        |
|    explained_variance   | 0.961        |
|    learning_rate        | 0.0003       |
|    loss                 | 0.0529       |
|    n_updates            | 1410         |
|    policy_gradient_loss | -0.0187      |
|    std                  | 0.629        |
|    value_loss           | 0.189        |
------------------------------------------
-----------------------------------------
| rollout/                |             |
|    ep_len_mean          | 300         |
|    ep_rew_mean          | -79.6       |
| time/                   |             |
|    fps                  | 247         |
|    iterations           | 143         |
|    time_elapsed         | 296         |
|    total_timesteps      | 73216       |
| train/                  |             |
|    approx_kl            | 0.009455368 |
|    clip_fraction        | 0.0785      |
|    clip_range           | 0.2         |
|    entropy_loss         | -3.8        |
|    explained_variance   | 0.923       |
|    learning_rate        | 0.0003      |
|    loss                 | 0.14        |
|    n_updates            | 1420        |
|    policy_gradient_loss | -0.00555    |
|    std                  | 0.627       |
|    value_loss           | 0.405       |
-----------------------------------------
-----------------------------------------
| rollout/                |             |
|    ep_len_mean          | 300         |
|    ep_rew_mean          | -79.6       |
| time/                   |             |
|    fps                  | 247         |
|    iterations           | 144         |
|    time_elapsed         | 297         |
|    total_timesteps      | 73728       |
| train/                  |             |
|    approx_kl            | 0.012378693 |
|    clip_fraction        | 0.09        |
|    clip_range           | 0.2         |
|    entropy_loss         | -3.79       |
|    explained_variance   | 0.975       |
|    learning_rate        | 0.0003      |
|    loss                 | 0.0398      |
|    n_updates            | 1430        |
|    policy_gradient_loss | -0.0112     |
|    std                  | 0.628       |
|    value_loss           | 0.137       |
-----------------------------------------
-----------------------------------------
| rollout/                |             |
|    ep_len_mean          | 300         |
|    ep_rew_mean          | -80.2       |
| time/                   |             |
|    fps                  | 248         |
|    iterations           | 145         |
|    time_elapsed         | 298         |
|    total_timesteps      | 74240       |
| train/                  |             |
|    approx_kl            | 0.009567762 |
|    clip_fraction        | 0.134       |
|    clip_range           | 0.2         |
|    entropy_loss         | -3.79       |
|    explained_variance   | 0.968       |
|    learning_rate        | 0.0003      |
|    loss                 | 0.0198      |
|    n_updates            | 1440        |
|    policy_gradient_loss | -0.00816    |
|    std                  | 0.626       |
|    value_loss           | 0.11        |
-----------------------------------------
-----------------------------------------
| rollout/                |             |
|    ep_len_mean          | 300         |
|    ep_rew_mean          | -79.9       |
| time/                   |             |
|    fps                  | 249         |
|    iterations           | 146         |
|    time_elapsed         | 300         |
|    total_timesteps      | 74752       |
| train/                  |             |
|    approx_kl            | 0.008910527 |
|    clip_fraction        | 0.187       |
|    clip_range           | 0.2         |
|    entropy_loss         | -3.79       |
|    explained_variance   | 0.971       |
|    learning_rate        | 0.0003      |
|    loss                 | 0.00939     |
|    n_updates            | 1450        |
|    policy_gradient_loss | -0.0187     |
|    std                  | 0.627       |
|    value_loss           | 0.113       |
-----------------------------------------
-----------------------------------------
| rollout/                |             |
|    ep_len_mean          | 300         |
|    ep_rew_mean          | -79.9       |
| time/                   |             |
|    fps                  | 248         |
|    iterations           | 147         |
|    time_elapsed         | 302         |
|    total_timesteps      | 75264       |
| train/                  |             |
|    approx_kl            | 0.009965099 |
|    clip_fraction        | 0.0941      |
|    clip_range           | 0.2         |
|    entropy_loss         | -3.79       |
|    explained_variance   | 0.961       |
|    learning_rate        | 0.0003      |
|    loss                 | -0.00255    |
|    n_updates            | 1460        |
|    policy_gradient_loss | -0.0089     |
|    std                  | 0.625       |
|    value_loss           | 0.112       |
-----------------------------------------
---------------------------------------
| rollout/                |           |
|    ep_len_mean          | 300       |
|    ep_rew_mean          | -79.7     |
| time/                   |           |
|    fps                  | 249       |
|    iterations           | 148       |
|    time_elapsed         | 303       |
|    total_timesteps      | 75776     |
| train/                  |           |
|    approx_kl            | 0.0093935 |
|    clip_fraction        | 0.0879    |
|    clip_range           | 0.2       |
|    entropy_loss         | -3.77     |
|    explained_variance   | 0.96      |
|    learning_rate        | 0.0003    |
|    loss                 | 0.0279    |
|    n_updates            | 1470      |
|    policy_gradient_loss | -0.00703  |
|    std                  | 0.621     |
|    value_loss           | 0.177     |
---------------------------------------
-----------------------------------------
| rollout/                |             |
|    ep_len_mean          | 300         |
|    ep_rew_mean          | -79.6       |
| time/                   |             |
|    fps                  | 249         |
|    iterations           | 149         |
|    time_elapsed         | 305         |
|    total_timesteps      | 76288       |
| train/                  |             |
|    approx_kl            | 0.010741994 |
|    clip_fraction        | 0.0619      |
|    clip_range           | 0.2         |
|    entropy_loss         | -3.75       |
|    explained_variance   | 0.945       |
|    learning_rate        | 0.0003      |
|    loss                 | 0.0903      |
|    n_updates            | 1480        |
|    policy_gradient_loss | -0.0145     |
|    std                  | 0.618       |
|    value_loss           | 0.282       |
-----------------------------------------
-----------------------------------------
| rollout/                |             |
|    ep_len_mean          | 300         |
|    ep_rew_mean          | -79.4       |
| time/                   |             |
|    fps                  | 250         |
|    iterations           | 150         |
|    time_elapsed         | 306         |
|    total_timesteps      | 76800       |
| train/                  |             |
|    approx_kl            | 0.009256767 |
|    clip_fraction        | 0.0869      |
|    clip_range           | 0.2         |
|    entropy_loss         | -3.71       |
|    explained_variance   | 0.972       |
|    learning_rate        | 0.0003      |
|    loss                 | 0.00752     |
|    n_updates            | 1490        |
|    policy_gradient_loss | -0.0148     |
|    std                  | 0.612       |
|    value_loss           | 0.0817      |
-----------------------------------------
-----------------------------------------
| rollout/                |             |
|    ep_len_mean          | 300         |
|    ep_rew_mean          | -79.2       |
| time/                   |             |
|    fps                  | 250         |
|    iterations           | 151         |
|    time_elapsed         | 308         |
|    total_timesteps      | 77312       |
| train/                  |             |
|    approx_kl            | 0.005765373 |
|    clip_fraction        | 0.115       |
|    clip_range           | 0.2         |
|    entropy_loss         | -3.68       |
|    explained_variance   | 0.85        |
|    learning_rate        | 0.0003      |
|    loss                 | 0.161       |
|    n_updates            | 1500        |
|    policy_gradient_loss | -0.0126     |
|    std                  | 0.61        |
|    value_loss           | 0.29        |
-----------------------------------------
------------------------------------------
| rollout/                |              |
|    ep_len_mean          | 300          |
|    ep_rew_mean          | -78.9        |
| time/                   |              |
|    fps                  | 251          |
|    iterations           | 152          |
|    time_elapsed         | 309          |
|    total_timesteps      | 77824        |
| train/                  |              |
|    approx_kl            | 0.0077755675 |
|    clip_fraction        | 0.0754       |
|    clip_range           | 0.2          |
|    entropy_loss         | -3.68        |
|    explained_variance   | 0.926        |
|    learning_rate        | 0.0003       |
|    loss                 | 0.0574       |
|    n_updates            | 1510         |
|    policy_gradient_loss | -0.0114      |
|    std                  | 0.609        |
|    value_loss           | 0.193        |
------------------------------------------
-----------------------------------------
| rollout/                |             |
|    ep_len_mean          | 300         |
|    ep_rew_mean          | -78.4       |
| time/                   |             |
|    fps                  | 251         |
|    iterations           | 153         |
|    time_elapsed         | 311         |
|    total_timesteps      | 78336       |
| train/                  |             |
|    approx_kl            | 0.008272212 |
|    clip_fraction        | 0.0926      |
|    clip_range           | 0.2         |
|    entropy_loss         | -3.67       |
|    explained_variance   | 0.968       |
|    learning_rate        | 0.0003      |
|    loss                 | 0.0787      |
|    n_updates            | 1520        |
|    policy_gradient_loss | -0.00708    |
|    std                  | 0.607       |
|    value_loss           | 0.133       |
-----------------------------------------
------------------------------------------
| rollout/                |              |
|    ep_len_mean          | 300          |
|    ep_rew_mean          | -78.3        |
| time/                   |              |
|    fps                  | 252          |
|    iterations           | 154          |
|    time_elapsed         | 312          |
|    total_timesteps      | 78848        |
| train/                  |              |
|    approx_kl            | 0.0050012283 |
|    clip_fraction        | 0.0564       |
|    clip_range           | 0.2          |
|    entropy_loss         | -3.66        |
|    explained_variance   | 0.976        |
|    learning_rate        | 0.0003       |
|    loss                 | 0.0206       |
|    n_updates            | 1530         |
|    policy_gradient_loss | -0.00989     |
|    std                  | 0.606        |
|    value_loss           | 0.119        |
------------------------------------------
------------------------------------------
| rollout/                |              |
|    ep_len_mean          | 300          |
|    ep_rew_mean          | -78.1        |
| time/                   |              |
|    fps                  | 252          |
|    iterations           | 155          |
|    time_elapsed         | 313          |
|    total_timesteps      | 79360        |
| train/                  |              |
|    approx_kl            | 0.0086300615 |
|    clip_fraction        | 0.0859       |
|    clip_range           | 0.2          |
|    entropy_loss         | -3.64        |
|    explained_variance   | 0.954        |
|    learning_rate        | 0.0003       |
|    loss                 | 0.0291       |
|    n_updates            | 1540         |
|    policy_gradient_loss | -0.0127      |
|    std                  | 0.604        |
|    value_loss           | 0.126        |
------------------------------------------
-----------------------------------------
| rollout/                |             |
|    ep_len_mean          | 300         |
|    ep_rew_mean          | -78         |
| time/                   |             |
|    fps                  | 253         |
|    iterations           | 156         |
|    time_elapsed         | 315         |
|    total_timesteps      | 79872       |
| train/                  |             |
|    approx_kl            | 0.008372005 |
|    clip_fraction        | 0.0953      |
|    clip_range           | 0.2         |
|    entropy_loss         | -3.63       |
|    explained_variance   | 0.945       |
|    learning_rate        | 0.0003      |
|    loss                 | 0.0441      |
|    n_updates            | 1550        |
|    policy_gradient_loss | -0.0138     |
|    std                  | 0.6         |
|    value_loss           | 0.181       |
-----------------------------------------
-----------------------------------------
| rollout/                |             |
|    ep_len_mean          | 300         |
|    ep_rew_mean          | -77.8       |
| time/                   |             |
|    fps                  | 253         |
|    iterations           | 157         |
|    time_elapsed         | 317         |
|    total_timesteps      | 80384       |
| train/                  |             |
|    approx_kl            | 0.013112487 |
|    clip_fraction        | 0.107       |
|    clip_range           | 0.2         |
|    entropy_loss         | -3.61       |
|    explained_variance   | 0.914       |
|    learning_rate        | 0.0003      |
|    loss                 | 0.14        |
|    n_updates            | 1560        |
|    policy_gradient_loss | -0.00879    |
|    std                  | 0.599       |
|    value_loss           | 0.294       |
-----------------------------------------
-----------------------------------------
| rollout/                |             |
|    ep_len_mean          | 300         |
|    ep_rew_mean          | -77.4       |
| time/                   |             |
|    fps                  | 253         |
|    iterations           | 158         |
|    time_elapsed         | 318         |
|    total_timesteps      | 80896       |
| train/                  |             |
|    approx_kl            | 0.011085623 |
|    clip_fraction        | 0.108       |
|    clip_range           | 0.2         |
|    entropy_loss         | -3.59       |
|    explained_variance   | 0.944       |
|    learning_rate        | 0.0003      |
|    loss                 | 0.0531      |
|    n_updates            | 1570        |
|    policy_gradient_loss | -0.00559    |
|    std                  | 0.594       |
|    value_loss           | 0.14        |
-----------------------------------------
-----------------------------------------
| rollout/                |             |
|    ep_len_mean          | 300         |
|    ep_rew_mean          | -77         |
| time/                   |             |
|    fps                  | 254         |
|    iterations           | 159         |
|    time_elapsed         | 320         |
|    total_timesteps      | 81408       |
| train/                  |             |
|    approx_kl            | 0.011064713 |
|    clip_fraction        | 0.14        |
|    clip_range           | 0.2         |
|    entropy_loss         | -3.56       |
|    explained_variance   | 0.924       |
|    learning_rate        | 0.0003      |
|    loss                 | 0.135       |
|    n_updates            | 1580        |
|    policy_gradient_loss | -0.00747    |
|    std                  | 0.591       |
|    value_loss           | 0.308       |
-----------------------------------------
-----------------------------------------
| rollout/                |             |
|    ep_len_mean          | 300         |
|    ep_rew_mean          | -76.5       |
| time/                   |             |
|    fps                  | 254         |
|    iterations           | 160         |
|    time_elapsed         | 321         |
|    total_timesteps      | 81920       |
| train/                  |             |
|    approx_kl            | 0.010074671 |
|    clip_fraction        | 0.0881      |
|    clip_range           | 0.2         |
|    entropy_loss         | -3.55       |
|    explained_variance   | 0.861       |
|    learning_rate        | 0.0003      |
|    loss                 | 0.159       |
|    n_updates            | 1590        |
|    policy_gradient_loss | -0.00862    |
|    std                  | 0.591       |
|    value_loss           | 0.521       |
-----------------------------------------
-----------------------------------------
| rollout/                |             |
|    ep_len_mean          | 300         |
|    ep_rew_mean          | -76.5       |
| time/                   |             |
|    fps                  | 255         |
|    iterations           | 161         |
|    time_elapsed         | 322         |
|    total_timesteps      | 82432       |
| train/                  |             |
|    approx_kl            | 0.009474719 |
|    clip_fraction        | 0.112       |
|    clip_range           | 0.2         |
|    entropy_loss         | -3.55       |
|    explained_variance   | 0.796       |
|    learning_rate        | 0.0003      |
|    loss                 | 0.212       |
|    n_updates            | 1600        |
|    policy_gradient_loss | -0.0113     |
|    std                  | 0.592       |
|    value_loss           | 1.14        |
-----------------------------------------
-----------------------------------------
| rollout/                |             |
|    ep_len_mean          | 300         |
|    ep_rew_mean          | -76.1       |
| time/                   |             |
|    fps                  | 255         |
|    iterations           | 162         |
|    time_elapsed         | 324         |
|    total_timesteps      | 82944       |
| train/                  |             |
|    approx_kl            | 0.008923108 |
|    clip_fraction        | 0.11        |
|    clip_range           | 0.2         |
|    entropy_loss         | -3.56       |
|    explained_variance   | 0.943       |
|    learning_rate        | 0.0003      |
|    loss                 | 0.0207      |
|    n_updates            | 1610        |
|    policy_gradient_loss | -0.00882    |
|    std                  | 0.592       |
|    value_loss           | 0.0851      |
-----------------------------------------
-----------------------------------------
| rollout/                |             |
|    ep_len_mean          | 300         |
|    ep_rew_mean          | -76         |
| time/                   |             |
|    fps                  | 256         |
|    iterations           | 163         |
|    time_elapsed         | 325         |
|    total_timesteps      | 83456       |
| train/                  |             |
|    approx_kl            | 0.015484611 |
|    clip_fraction        | 0.166       |
|    clip_range           | 0.2         |
|    entropy_loss         | -3.56       |
|    explained_variance   | 0.99        |
|    learning_rate        | 0.0003      |
|    loss                 | 0.0436      |
|    n_updates            | 1620        |
|    policy_gradient_loss | -0.0176     |
|    std                  | 0.593       |
|    value_loss           | 0.0237      |
-----------------------------------------
-----------------------------------------
| rollout/                |             |
|    ep_len_mean          | 300         |
|    ep_rew_mean          | -75.8       |
| time/                   |             |
|    fps                  | 256         |
|    iterations           | 164         |
|    time_elapsed         | 327         |
|    total_timesteps      | 83968       |
| train/                  |             |
|    approx_kl            | 0.007011451 |
|    clip_fraction        | 0.0854      |
|    clip_range           | 0.2         |
|    entropy_loss         | -3.57       |
|    explained_variance   | 0.953       |
|    learning_rate        | 0.0003      |
|    loss                 | 0.094       |
|    n_updates            | 1630        |
|    policy_gradient_loss | -0.00782    |
|    std                  | 0.593       |
|    value_loss           | 0.243       |
-----------------------------------------
-----------------------------------------
| rollout/                |             |
|    ep_len_mean          | 300         |
|    ep_rew_mean          | -75.6       |
| time/                   |             |
|    fps                  | 256         |
|    iterations           | 165         |
|    time_elapsed         | 328         |
|    total_timesteps      | 84480       |
| train/                  |             |
|    approx_kl            | 0.010035059 |
|    clip_fraction        | 0.106       |
|    clip_range           | 0.2         |
|    entropy_loss         | -3.56       |
|    explained_variance   | 0.963       |
|    learning_rate        | 0.0003      |
|    loss                 | 0.0104      |
|    n_updates            | 1640        |
|    policy_gradient_loss | -0.0103     |
|    std                  | 0.591       |
|    value_loss           | 0.09        |
-----------------------------------------
-----------------------------------------
| rollout/                |             |
|    ep_len_mean          | 300         |
|    ep_rew_mean          | -75.4       |
| time/                   |             |
|    fps                  | 257         |
|    iterations           | 166         |
|    time_elapsed         | 330         |
|    total_timesteps      | 84992       |
| train/                  |             |
|    approx_kl            | 0.012002358 |
|    clip_fraction        | 0.155       |
|    clip_range           | 0.2         |
|    entropy_loss         | -3.54       |
|    explained_variance   | 0.962       |
|    learning_rate        | 0.0003      |
|    loss                 | 0.0526      |
|    n_updates            | 1650        |
|    policy_gradient_loss | -0.0147     |
|    std                  | 0.588       |
|    value_loss           | 0.154       |
-----------------------------------------
-----------------------------------------
| rollout/                |             |
|    ep_len_mean          | 300         |
|    ep_rew_mean          | -75.4       |
| time/                   |             |
|    fps                  | 257         |
|    iterations           | 167         |
|    time_elapsed         | 331         |
|    total_timesteps      | 85504       |
| train/                  |             |
|    approx_kl            | 0.010357758 |
|    clip_fraction        | 0.112       |
|    clip_range           | 0.2         |
|    entropy_loss         | -3.5        |
|    explained_variance   | 0.985       |
|    learning_rate        | 0.0003      |
|    loss                 | 0.0308      |
|    n_updates            | 1660        |
|    policy_gradient_loss | -0.015      |
|    std                  | 0.582       |
|    value_loss           | 0.0723      |
-----------------------------------------
-----------------------------------------
| rollout/                |             |
|    ep_len_mean          | 300         |
|    ep_rew_mean          | -75.3       |
| time/                   |             |
|    fps                  | 258         |
|    iterations           | 168         |
|    time_elapsed         | 333         |
|    total_timesteps      | 86016       |
| train/                  |             |
|    approx_kl            | 0.015660334 |
|    clip_fraction        | 0.131       |
|    clip_range           | 0.2         |
|    entropy_loss         | -3.47       |
|    explained_variance   | 0.965       |
|    learning_rate        | 0.0003      |
|    loss                 | -0.0138     |
|    n_updates            | 1670        |
|    policy_gradient_loss | -0.0101     |
|    std                  | 0.578       |
|    value_loss           | 0.077       |
-----------------------------------------
-----------------------------------------
| rollout/                |             |
|    ep_len_mean          | 300         |
|    ep_rew_mean          | -74.9       |
| time/                   |             |
|    fps                  | 258         |
|    iterations           | 169         |
|    time_elapsed         | 335         |
|    total_timesteps      | 86528       |
| train/                  |             |
|    approx_kl            | 0.007526083 |
|    clip_fraction        | 0.0844      |
|    clip_range           | 0.2         |
|    entropy_loss         | -3.45       |
|    explained_variance   | 0.972       |
|    learning_rate        | 0.0003      |
|    loss                 | 0.0292      |
|    n_updates            | 1680        |
|    policy_gradient_loss | -0.00919    |
|    std                  | 0.577       |
|    value_loss           | 0.148       |
-----------------------------------------
----------------------------------------
| rollout/                |            |
|    ep_len_mean          | 300        |
|    ep_rew_mean          | -74.7      |
| time/                   |            |
|    fps                  | 258        |
|    iterations           | 170        |
|    time_elapsed         | 336        |
|    total_timesteps      | 87040      |
| train/                  |            |
|    approx_kl            | 0.00958975 |
|    clip_fraction        | 0.113      |
|    clip_range           | 0.2        |
|    entropy_loss         | -3.44      |
|    explained_variance   | 0.987      |
|    learning_rate        | 0.0003     |
|    loss                 | -0.00899   |
|    n_updates            | 1690       |
|    policy_gradient_loss | -0.0126    |
|    std                  | 0.575      |
|    value_loss           | 0.0649     |
----------------------------------------
-----------------------------------------
| rollout/                |             |
|    ep_len_mean          | 300         |
|    ep_rew_mean          | -74.6       |
| time/                   |             |
|    fps                  | 258         |
|    iterations           | 171         |
|    time_elapsed         | 338         |
|    total_timesteps      | 87552       |
| train/                  |             |
|    approx_kl            | 0.009979727 |
|    clip_fraction        | 0.174       |
|    clip_range           | 0.2         |
|    entropy_loss         | -3.42       |
|    explained_variance   | 0.959       |
|    learning_rate        | 0.0003      |
|    loss                 | 0.0692      |
|    n_updates            | 1700        |
|    policy_gradient_loss | -0.0205     |
|    std                  | 0.572       |
|    value_loss           | 0.214       |
-----------------------------------------
-----------------------------------------
| rollout/                |             |
|    ep_len_mean          | 300         |
|    ep_rew_mean          | -74.5       |
| time/                   |             |
|    fps                  | 258         |
|    iterations           | 172         |
|    time_elapsed         | 340         |
|    total_timesteps      | 88064       |
| train/                  |             |
|    approx_kl            | 0.010928871 |
|    clip_fraction        | 0.11        |
|    clip_range           | 0.2         |
|    entropy_loss         | -3.39       |
|    explained_variance   | 0.983       |
|    learning_rate        | 0.0003      |
|    loss                 | -0.0123     |
|    n_updates            | 1710        |
|    policy_gradient_loss | -0.00773    |
|    std                  | 0.567       |
|    value_loss           | 0.0362      |
-----------------------------------------
-----------------------------------------
| rollout/                |             |
|    ep_len_mean          | 300         |
|    ep_rew_mean          | -74.7       |
| time/                   |             |
|    fps                  | 259         |
|    iterations           | 173         |
|    time_elapsed         | 341         |
|    total_timesteps      | 88576       |
| train/                  |             |
|    approx_kl            | 0.010484194 |
|    clip_fraction        | 0.128       |
|    clip_range           | 0.2         |
|    entropy_loss         | -3.36       |
|    explained_variance   | 0.987       |
|    learning_rate        | 0.0003      |
|    loss                 | 0.0334      |
|    n_updates            | 1720        |
|    policy_gradient_loss | -0.0134     |
|    std                  | 0.564       |
|    value_loss           | 0.0633      |
-----------------------------------------
-----------------------------------------
| rollout/                |             |
|    ep_len_mean          | 300         |
|    ep_rew_mean          | -74.7       |
| time/                   |             |
|    fps                  | 259         |
|    iterations           | 174         |
|    time_elapsed         | 343         |
|    total_timesteps      | 89088       |
| train/                  |             |
|    approx_kl            | 0.013168612 |
|    clip_fraction        | 0.0961      |
|    clip_range           | 0.2         |
|    entropy_loss         | -3.34       |
|    explained_variance   | 0.993       |
|    learning_rate        | 0.0003      |
|    loss                 | 0.032       |
|    n_updates            | 1730        |
|    policy_gradient_loss | -0.0177     |
|    std                  | 0.56        |
|    value_loss           | 0.0355      |
-----------------------------------------
----------------------------------------
| rollout/                |            |
|    ep_len_mean          | 300        |
|    ep_rew_mean          | -74.5      |
| time/                   |            |
|    fps                  | 259        |
|    iterations           | 175        |
|    time_elapsed         | 345        |
|    total_timesteps      | 89600      |
| train/                  |            |
|    approx_kl            | 0.01776116 |
|    clip_fraction        | 0.148      |
|    clip_range           | 0.2        |
|    entropy_loss         | -3.31      |
|    explained_variance   | 0.986      |
|    learning_rate        | 0.0003     |
|    loss                 | 0.0489     |
|    n_updates            | 1740       |
|    policy_gradient_loss | -0.00839   |
|    std                  | 0.557      |
|    value_loss           | 0.0295     |
----------------------------------------
-----------------------------------------
| rollout/                |             |
|    ep_len_mean          | 300         |
|    ep_rew_mean          | -74.4       |
| time/                   |             |
|    fps                  | 259         |
|    iterations           | 176         |
|    time_elapsed         | 346         |
|    total_timesteps      | 90112       |
| train/                  |             |
|    approx_kl            | 0.012843279 |
|    clip_fraction        | 0.196       |
|    clip_range           | 0.2         |
|    entropy_loss         | -3.29       |
|    explained_variance   | 0.994       |
|    learning_rate        | 0.0003      |
|    loss                 | 0.000231    |
|    n_updates            | 1750        |
|    policy_gradient_loss | -0.0204     |
|    std                  | 0.553       |
|    value_loss           | 0.0272      |
-----------------------------------------
-----------------------------------------
| rollout/                |             |
|    ep_len_mean          | 300         |
|    ep_rew_mean          | -74.3       |
| time/                   |             |
|    fps                  | 260         |
|    iterations           | 177         |
|    time_elapsed         | 348         |
|    total_timesteps      | 90624       |
| train/                  |             |
|    approx_kl            | 0.010688495 |
|    clip_fraction        | 0.0936      |
|    clip_range           | 0.2         |
|    entropy_loss         | -3.26       |
|    explained_variance   | 0.987       |
|    learning_rate        | 0.0003      |
|    loss                 | 0.00394     |
|    n_updates            | 1760        |
|    policy_gradient_loss | -0.0101     |
|    std                  | 0.552       |
|    value_loss           | 0.0393      |
-----------------------------------------
-----------------------------------------
| rollout/                |             |
|    ep_len_mean          | 300         |
|    ep_rew_mean          | -74.2       |
| time/                   |             |
|    fps                  | 260         |
|    iterations           | 178         |
|    time_elapsed         | 349         |
|    total_timesteps      | 91136       |
| train/                  |             |
|    approx_kl            | 0.009870088 |
|    clip_fraction        | 0.0961      |
|    clip_range           | 0.2         |
|    entropy_loss         | -3.25       |
|    explained_variance   | 0.965       |
|    learning_rate        | 0.0003      |
|    loss                 | 0.065       |
|    n_updates            | 1770        |
|    policy_gradient_loss | -0.0115     |
|    std                  | 0.551       |
|    value_loss           | 0.149       |
-----------------------------------------
-----------------------------------------
| rollout/                |             |
|    ep_len_mean          | 300         |
|    ep_rew_mean          | -74         |
| time/                   |             |
|    fps                  | 261         |
|    iterations           | 179         |
|    time_elapsed         | 351         |
|    total_timesteps      | 91648       |
| train/                  |             |
|    approx_kl            | 0.007847177 |
|    clip_fraction        | 0.102       |
|    clip_range           | 0.2         |
|    entropy_loss         | -3.24       |
|    explained_variance   | 0.974       |
|    learning_rate        | 0.0003      |
|    loss                 | 0.0112      |
|    n_updates            | 1780        |
|    policy_gradient_loss | -0.0119     |
|    std                  | 0.548       |
|    value_loss           | 0.0604      |
-----------------------------------------
------------------------------------------
| rollout/                |              |
|    ep_len_mean          | 300          |
|    ep_rew_mean          | -73.9        |
| time/                   |              |
|    fps                  | 261          |
|    iterations           | 180          |
|    time_elapsed         | 352          |
|    total_timesteps      | 92160        |
| train/                  |              |
|    approx_kl            | 0.0067969467 |
|    clip_fraction        | 0.142        |
|    clip_range           | 0.2          |
|    entropy_loss         | -3.22        |
|    explained_variance   | 0.976        |
|    learning_rate        | 0.0003       |
|    loss                 | 0.031        |
|    n_updates            | 1790         |
|    policy_gradient_loss | -0.00972     |
|    std                  | 0.548        |
|    value_loss           | 0.0906       |
------------------------------------------
-----------------------------------------
| rollout/                |             |
|    ep_len_mean          | 300         |
|    ep_rew_mean          | -73.8       |
| time/                   |             |
|    fps                  | 261         |
|    iterations           | 181         |
|    time_elapsed         | 353         |
|    total_timesteps      | 92672       |
| train/                  |             |
|    approx_kl            | 0.009878021 |
|    clip_fraction        | 0.0859      |
|    clip_range           | 0.2         |
|    entropy_loss         | -3.21       |
|    explained_variance   | 0.981       |
|    learning_rate        | 0.0003      |
|    loss                 | 0.0151      |
|    n_updates            | 1800        |
|    policy_gradient_loss | -0.0127     |
|    std                  | 0.545       |
|    value_loss           | 0.0895      |
-----------------------------------------
------------------------------------------
| rollout/                |              |
|    ep_len_mean          | 300          |
|    ep_rew_mean          | -73.6        |
| time/                   |              |
|    fps                  | 262          |
|    iterations           | 182          |
|    time_elapsed         | 355          |
|    total_timesteps      | 93184        |
| train/                  |              |
|    approx_kl            | 0.0086760875 |
|    clip_fraction        | 0.124        |
|    clip_range           | 0.2          |
|    entropy_loss         | -3.19        |
|    explained_variance   | 0.963        |
|    learning_rate        | 0.0003       |
|    loss                 | 0.0144       |
|    n_updates            | 1810         |
|    policy_gradient_loss | -0.012       |
|    std                  | 0.543        |
|    value_loss           | 0.0808       |
------------------------------------------
-----------------------------------------
| rollout/                |             |
|    ep_len_mean          | 300         |
|    ep_rew_mean          | -73.5       |
| time/                   |             |
|    fps                  | 262         |
|    iterations           | 183         |
|    time_elapsed         | 356         |
|    total_timesteps      | 93696       |
| train/                  |             |
|    approx_kl            | 0.007000731 |
|    clip_fraction        | 0.0512      |
|    clip_range           | 0.2         |
|    entropy_loss         | -3.18       |
|    explained_variance   | 0.971       |
|    learning_rate        | 0.0003      |
|    loss                 | 0.0212      |
|    n_updates            | 1820        |
|    policy_gradient_loss | -0.0117     |
|    std                  | 0.544       |
|    value_loss           | 0.1         |
-----------------------------------------
------------------------------------------
| rollout/                |              |
|    ep_len_mean          | 300          |
|    ep_rew_mean          | -73.5        |
| time/                   |              |
|    fps                  | 262          |
|    iterations           | 184          |
|    time_elapsed         | 358          |
|    total_timesteps      | 94208        |
| train/                  |              |
|    approx_kl            | 0.0072833686 |
|    clip_fraction        | 0.128        |
|    clip_range           | 0.2          |
|    entropy_loss         | -3.18        |
|    explained_variance   | 0.981        |
|    learning_rate        | 0.0003       |
|    loss                 | 0.0266       |
|    n_updates            | 1830         |
|    policy_gradient_loss | -0.0153      |
|    std                  | 0.543        |
|    value_loss           | 0.0714       |
------------------------------------------
----------------------------------------
| rollout/                |            |
|    ep_len_mean          | 300        |
|    ep_rew_mean          | -73.3      |
| time/                   |            |
|    fps                  | 263        |
|    iterations           | 185        |
|    time_elapsed         | 359        |
|    total_timesteps      | 94720      |
| train/                  |            |
|    approx_kl            | 0.01001538 |
|    clip_fraction        | 0.0863     |
|    clip_range           | 0.2        |
|    entropy_loss         | -3.17      |
|    explained_variance   | 0.985      |
|    learning_rate        | 0.0003     |
|    loss                 | -0.021     |
|    n_updates            | 1840       |
|    policy_gradient_loss | -0.0111    |
|    std                  | 0.541      |
|    value_loss           | 0.0641     |
----------------------------------------
-----------------------------------------
| rollout/                |             |
|    ep_len_mean          | 300         |
|    ep_rew_mean          | -73.1       |
| time/                   |             |
|    fps                  | 263         |
|    iterations           | 186         |
|    time_elapsed         | 361         |
|    total_timesteps      | 95232       |
| train/                  |             |
|    approx_kl            | 0.010236174 |
|    clip_fraction        | 0.0828      |
|    clip_range           | 0.2         |
|    entropy_loss         | -3.16       |
|    explained_variance   | 0.971       |
|    learning_rate        | 0.0003      |
|    loss                 | -0.0302     |
|    n_updates            | 1850        |
|    policy_gradient_loss | -0.0182     |
|    std                  | 0.54        |
|    value_loss           | 0.0427      |
-----------------------------------------
-----------------------------------------
| rollout/                |             |
|    ep_len_mean          | 300         |
|    ep_rew_mean          | -72.8       |
| time/                   |             |
|    fps                  | 263         |
|    iterations           | 187         |
|    time_elapsed         | 362         |
|    total_timesteps      | 95744       |
| train/                  |             |
|    approx_kl            | 0.021537414 |
|    clip_fraction        | 0.202       |
|    clip_range           | 0.2         |
|    entropy_loss         | -3.15       |
|    explained_variance   | 0.988       |
|    learning_rate        | 0.0003      |
|    loss                 | -0.0304     |
|    n_updates            | 1860        |
|    policy_gradient_loss | -0.0324     |
|    std                  | 0.538       |
|    value_loss           | 0.04        |
-----------------------------------------
-----------------------------------------
| rollout/                |             |
|    ep_len_mean          | 300         |
|    ep_rew_mean          | -72.7       |
| time/                   |             |
|    fps                  | 264         |
|    iterations           | 188         |
|    time_elapsed         | 364         |
|    total_timesteps      | 96256       |
| train/                  |             |
|    approx_kl            | 0.012968535 |
|    clip_fraction        | 0.15        |
|    clip_range           | 0.2         |
|    entropy_loss         | -3.14       |
|    explained_variance   | 0.97        |
|    learning_rate        | 0.0003      |
|    loss                 | 0.0569      |
|    n_updates            | 1870        |
|    policy_gradient_loss | -0.0158     |
|    std                  | 0.54        |
|    value_loss           | 0.158       |
-----------------------------------------
-----------------------------------------
| rollout/                |             |
|    ep_len_mean          | 300         |
|    ep_rew_mean          | -72.8       |
| time/                   |             |
|    fps                  | 264         |
|    iterations           | 189         |
|    time_elapsed         | 365         |
|    total_timesteps      | 96768       |
| train/                  |             |
|    approx_kl            | 0.008413594 |
|    clip_fraction        | 0.141       |
|    clip_range           | 0.2         |
|    entropy_loss         | -3.15       |
|    explained_variance   | 0.936       |
|    learning_rate        | 0.0003      |
|    loss                 | 0.0697      |
|    n_updates            | 1880        |
|    policy_gradient_loss | -0.0149     |
|    std                  | 0.539       |
|    value_loss           | 0.221       |
-----------------------------------------
-----------------------------------------
| rollout/                |             |
|    ep_len_mean          | 300         |
|    ep_rew_mean          | -72.4       |
| time/                   |             |
|    fps                  | 264         |
|    iterations           | 190         |
|    time_elapsed         | 367         |
|    total_timesteps      | 97280       |
| train/                  |             |
|    approx_kl            | 0.006928164 |
|    clip_fraction        | 0.091       |
|    clip_range           | 0.2         |
|    entropy_loss         | -3.15       |
|    explained_variance   | 0.929       |
|    learning_rate        | 0.0003      |
|    loss                 | 0.143       |
|    n_updates            | 1890        |
|    policy_gradient_loss | -0.0116     |
|    std                  | 0.542       |
|    value_loss           | 0.352       |
-----------------------------------------
-----------------------------------------
| rollout/                |             |
|    ep_len_mean          | 300         |
|    ep_rew_mean          | -72.2       |
| time/                   |             |
|    fps                  | 265         |
|    iterations           | 191         |
|    time_elapsed         | 368         |
|    total_timesteps      | 97792       |
| train/                  |             |
|    approx_kl            | 0.010800048 |
|    clip_fraction        | 0.12        |
|    clip_range           | 0.2         |
|    entropy_loss         | -3.17       |
|    explained_variance   | 0.99        |
|    learning_rate        | 0.0003      |
|    loss                 | 0.0236      |
|    n_updates            | 1900        |
|    policy_gradient_loss | -0.0163     |
|    std                  | 0.541       |
|    value_loss           | 0.0624      |
-----------------------------------------
-----------------------------------------
| rollout/                |             |
|    ep_len_mean          | 300         |
|    ep_rew_mean          | -72.1       |
| time/                   |             |
|    fps                  | 265         |
|    iterations           | 192         |
|    time_elapsed         | 370         |
|    total_timesteps      | 98304       |
| train/                  |             |
|    approx_kl            | 0.009604596 |
|    clip_fraction        | 0.0691      |
|    clip_range           | 0.2         |
|    entropy_loss         | -3.15       |
|    explained_variance   | 0.98        |
|    learning_rate        | 0.0003      |
|    loss                 | -0.00209    |
|    n_updates            | 1910        |
|    policy_gradient_loss | -0.0076     |
|    std                  | 0.539       |
|    value_loss           | 0.062       |
-----------------------------------------
-----------------------------------------
| rollout/                |             |
|    ep_len_mean          | 300         |
|    ep_rew_mean          | -72.1       |
| time/                   |             |
|    fps                  | 266         |
|    iterations           | 193         |
|    time_elapsed         | 371         |
|    total_timesteps      | 98816       |
| train/                  |             |
|    approx_kl            | 0.008125025 |
|    clip_fraction        | 0.188       |
|    clip_range           | 0.2         |
|    entropy_loss         | -3.14       |
|    explained_variance   | 0.983       |
|    learning_rate        | 0.0003      |
|    loss                 | 0.0196      |
|    n_updates            | 1920        |
|    policy_gradient_loss | -0.0201     |
|    std                  | 0.538       |
|    value_loss           | 0.0783      |
-----------------------------------------
-----------------------------------------
| rollout/                |             |
|    ep_len_mean          | 300         |
|    ep_rew_mean          | -71.8       |
| time/                   |             |
|    fps                  | 266         |
|    iterations           | 194         |
|    time_elapsed         | 372         |
|    total_timesteps      | 99328       |
| train/                  |             |
|    approx_kl            | 0.010341706 |
|    clip_fraction        | 0.163       |
|    clip_range           | 0.2         |
|    entropy_loss         | -3.12       |
|    explained_variance   | 0.949       |
|    learning_rate        | 0.0003      |
|    loss                 | 0.121       |
|    n_updates            | 1930        |
|    policy_gradient_loss | -0.0158     |
|    std                  | 0.536       |
|    value_loss           | 0.262       |
-----------------------------------------
-----------------------------------------
| rollout/                |             |
|    ep_len_mean          | 300         |
|    ep_rew_mean          | -71.6       |
| time/                   |             |
|    fps                  | 266         |
|    iterations           | 195         |
|    time_elapsed         | 374         |
|    total_timesteps      | 99840       |
| train/                  |             |
|    approx_kl            | 0.012330203 |
|    clip_fraction        | 0.0918      |
|    clip_range           | 0.2         |
|    entropy_loss         | -3.11       |
|    explained_variance   | 0.99        |
|    learning_rate        | 0.0003      |
|    loss                 | -0.000267   |
|    n_updates            | 1940        |
|    policy_gradient_loss | -0.0164     |
|    std                  | 0.536       |
|    value_loss           | 0.066       |
-----------------------------------------
-----------------------------------------
| rollout/                |             |
|    ep_len_mean          | 300         |
|    ep_rew_mean          | -71.6       |
| time/                   |             |
|    fps                  | 267         |
|    iterations           | 196         |
|    time_elapsed         | 375         |
|    total_timesteps      | 100352      |
| train/                  |             |
|    approx_kl            | 0.010767198 |
|    clip_fraction        | 0.128       |
|    clip_range           | 0.2         |
|    entropy_loss         | -3.1        |
|    explained_variance   | 0.969       |
|    learning_rate        | 0.0003      |
|    loss                 | -0.0129     |
|    n_updates            | 1950        |
|    policy_gradient_loss | -0.0114     |
|    std                  | 0.532       |
|    value_loss           | 0.0793      |
-----------------------------------------
-----------------------------------------
| rollout/                |             |
|    ep_len_mean          | 300         |
|    ep_rew_mean          | -71.6       |
| time/                   |             |
|    fps                  | 267         |
|    iterations           | 197         |
|    time_elapsed         | 377         |
|    total_timesteps      | 100864      |
| train/                  |             |
|    approx_kl            | 0.007714426 |
|    clip_fraction        | 0.102       |
|    clip_range           | 0.2         |
|    entropy_loss         | -3.06       |
|    explained_variance   | 0.988       |
|    learning_rate        | 0.0003      |
|    loss                 | 0.0117      |
|    n_updates            | 1960        |
|    policy_gradient_loss | -0.0125     |
|    std                  | 0.528       |
|    value_loss           | 0.0615      |
-----------------------------------------
------------------------------------------
| rollout/                |              |
|    ep_len_mean          | 300          |
|    ep_rew_mean          | -71.4        |
| time/                   |              |
|    fps                  | 267          |
|    iterations           | 198          |
|    time_elapsed         | 378          |
|    total_timesteps      | 101376       |
| train/                  |              |
|    approx_kl            | 0.0039748247 |
|    clip_fraction        | 0.0799       |
|    clip_range           | 0.2          |
|    entropy_loss         | -3.03        |
|    explained_variance   | 0.977        |
|    learning_rate        | 0.0003       |
|    loss                 | -0.00656     |
|    n_updates            | 1970         |
|    policy_gradient_loss | -0.00941     |
|    std                  | 0.524        |
|    value_loss           | 0.0631       |
------------------------------------------
-----------------------------------------
| rollout/                |             |
|    ep_len_mean          | 300         |
|    ep_rew_mean          | -71.4       |
| time/                   |             |
|    fps                  | 268         |
|    iterations           | 199         |
|    time_elapsed         | 380         |
|    total_timesteps      | 101888      |
| train/                  |             |
|    approx_kl            | 0.006819634 |
|    clip_fraction        | 0.103       |
|    clip_range           | 0.2         |
|    entropy_loss         | -3          |
|    explained_variance   | 0.988       |
|    learning_rate        | 0.0003      |
|    loss                 | -0.00305    |
|    n_updates            | 1980        |
|    policy_gradient_loss | -0.0135     |
|    std                  | 0.522       |
|    value_loss           | 0.0272      |
-----------------------------------------
-----------------------------------------
| rollout/                |             |
|    ep_len_mean          | 300         |
|    ep_rew_mean          | -71.3       |
| time/                   |             |
|    fps                  | 268         |
|    iterations           | 200         |
|    time_elapsed         | 381         |
|    total_timesteps      | 102400      |
| train/                  |             |
|    approx_kl            | 0.011526084 |
|    clip_fraction        | 0.151       |
|    clip_range           | 0.2         |
|    entropy_loss         | -2.99       |
|    explained_variance   | 0.965       |
|    learning_rate        | 0.0003      |
|    loss                 | 0.0313      |
|    n_updates            | 1990        |
|    policy_gradient_loss | -0.0171     |
|    std                  | 0.519       |
|    value_loss           | 0.103       |
-----------------------------------------
-----------------------------------------
| rollout/                |             |
|    ep_len_mean          | 300         |
|    ep_rew_mean          | -71         |
| time/                   |             |
|    fps                  | 268         |
|    iterations           | 201         |
|    time_elapsed         | 382         |
|    total_timesteps      | 102912      |
| train/                  |             |
|    approx_kl            | 0.011364907 |
|    clip_fraction        | 0.118       |
|    clip_range           | 0.2         |
|    entropy_loss         | -2.96       |
|    explained_variance   | 0.987       |
|    learning_rate        | 0.0003      |
|    loss                 | 0.000437    |
|    n_updates            | 2000        |
|    policy_gradient_loss | -0.0189     |
|    std                  | 0.515       |
|    value_loss           | 0.0364      |
-----------------------------------------
-----------------------------------------
| rollout/                |             |
|    ep_len_mean          | 300         |
|    ep_rew_mean          | -70.8       |
| time/                   |             |
|    fps                  | 269         |
|    iterations           | 202         |
|    time_elapsed         | 384         |
|    total_timesteps      | 103424      |
| train/                  |             |
|    approx_kl            | 0.005940323 |
|    clip_fraction        | 0.107       |
|    clip_range           | 0.2         |
|    entropy_loss         | -2.92       |
|    explained_variance   | 0.981       |
|    learning_rate        | 0.0003      |
|    loss                 | 0.0215      |
|    n_updates            | 2010        |
|    policy_gradient_loss | -0.0084     |
|    std                  | 0.51        |
|    value_loss           | 0.0486      |
-----------------------------------------
-----------------------------------------
| rollout/                |             |
|    ep_len_mean          | 300         |
|    ep_rew_mean          | -70.5       |
| time/                   |             |
|    fps                  | 269         |
|    iterations           | 203         |
|    time_elapsed         | 385         |
|    total_timesteps      | 103936      |
| train/                  |             |
|    approx_kl            | 0.011730291 |
|    clip_fraction        | 0.111       |
|    clip_range           | 0.2         |
|    entropy_loss         | -2.9        |
|    explained_variance   | 0.984       |
|    learning_rate        | 0.0003      |
|    loss                 | 0.019       |
|    n_updates            | 2020        |
|    policy_gradient_loss | -0.0131     |
|    std                  | 0.51        |
|    value_loss           | 0.04        |
-----------------------------------------
-----------------------------------------
| rollout/                |             |
|    ep_len_mean          | 300         |
|    ep_rew_mean          | -70.5       |
| time/                   |             |
|    fps                  | 269         |
|    iterations           | 204         |
|    time_elapsed         | 387         |
|    total_timesteps      | 104448      |
| train/                  |             |
|    approx_kl            | 0.010448046 |
|    clip_fraction        | 0.15        |
|    clip_range           | 0.2         |
|    entropy_loss         | -2.9        |
|    explained_variance   | 0.961       |
|    learning_rate        | 0.0003      |
|    loss                 | 0.0693      |
|    n_updates            | 2030        |
|    policy_gradient_loss | -0.0145     |
|    std                  | 0.508       |
|    value_loss           | 0.154       |
-----------------------------------------
-----------------------------------------
| rollout/                |             |
|    ep_len_mean          | 300         |
|    ep_rew_mean          | -70.4       |
| time/                   |             |
|    fps                  | 269         |
|    iterations           | 205         |
|    time_elapsed         | 389         |
|    total_timesteps      | 104960      |
| train/                  |             |
|    approx_kl            | 0.012504123 |
|    clip_fraction        | 0.148       |
|    clip_range           | 0.2         |
|    entropy_loss         | -2.89       |
|    explained_variance   | 0.969       |
|    learning_rate        | 0.0003      |
|    loss                 | 0.00933     |
|    n_updates            | 2040        |
|    policy_gradient_loss | -0.0217     |
|    std                  | 0.507       |
|    value_loss           | 0.14        |
-----------------------------------------
-----------------------------------------
| rollout/                |             |
|    ep_len_mean          | 300         |
|    ep_rew_mean          | -69.8       |
| time/                   |             |
|    fps                  | 269         |
|    iterations           | 206         |
|    time_elapsed         | 390         |
|    total_timesteps      | 105472      |
| train/                  |             |
|    approx_kl            | 0.013529932 |
|    clip_fraction        | 0.105       |
|    clip_range           | 0.2         |
|    entropy_loss         | -2.87       |
|    explained_variance   | 0.966       |
|    learning_rate        | 0.0003      |
|    loss                 | 0.0124      |
|    n_updates            | 2050        |
|    policy_gradient_loss | -0.0111     |
|    std                  | 0.505       |
|    value_loss           | 0.0447      |
-----------------------------------------
------------------------------------------
| rollout/                |              |
|    ep_len_mean          | 300          |
|    ep_rew_mean          | -69.6        |
| time/                   |              |
|    fps                  | 269          |
|    iterations           | 207          |
|    time_elapsed         | 393          |
|    total_timesteps      | 105984       |
| train/                  |              |
|    approx_kl            | 0.0064683952 |
|    clip_fraction        | 0.175        |
|    clip_range           | 0.2          |
|    entropy_loss         | -2.86        |
|    explained_variance   | 0.913        |
|    learning_rate        | 0.0003       |
|    loss                 | 0.421        |
|    n_updates            | 2060         |
|    policy_gradient_loss | -0.00741     |
|    std                  | 0.504        |
|    value_loss           | 0.488        |
------------------------------------------
-----------------------------------------
| rollout/                |             |
|    ep_len_mean          | 300         |
|    ep_rew_mean          | -69.5       |
| time/                   |             |
|    fps                  | 269         |
|    iterations           | 208         |
|    time_elapsed         | 395         |
|    total_timesteps      | 106496      |
| train/                  |             |
|    approx_kl            | 0.011475598 |
|    clip_fraction        | 0.129       |
|    clip_range           | 0.2         |
|    entropy_loss         | -2.86       |
|    explained_variance   | 0.97        |
|    learning_rate        | 0.0003      |
|    loss                 | 0.0235      |
|    n_updates            | 2070        |
|    policy_gradient_loss | -0.0096     |
|    std                  | 0.504       |
|    value_loss           | 0.143       |
-----------------------------------------
-----------------------------------------
| rollout/                |             |
|    ep_len_mean          | 300         |
|    ep_rew_mean          | -69.3       |
| time/                   |             |
|    fps                  | 269         |
|    iterations           | 209         |
|    time_elapsed         | 396         |
|    total_timesteps      | 107008      |
| train/                  |             |
|    approx_kl            | 0.013122988 |
|    clip_fraction        | 0.0965      |
|    clip_range           | 0.2         |
|    entropy_loss         | -2.84       |
|    explained_variance   | 0.992       |
|    learning_rate        | 0.0003      |
|    loss                 | -0.0299     |
|    n_updates            | 2080        |
|    policy_gradient_loss | -0.0233     |
|    std                  | 0.502       |
|    value_loss           | 0.0166      |
-----------------------------------------
-----------------------------------------
| rollout/                |             |
|    ep_len_mean          | 300         |
|    ep_rew_mean          | -69         |
| time/                   |             |
|    fps                  | 270         |
|    iterations           | 210         |
|    time_elapsed         | 397         |
|    total_timesteps      | 107520      |
| train/                  |             |
|    approx_kl            | 0.017487954 |
|    clip_fraction        | 0.172       |
|    clip_range           | 0.2         |
|    entropy_loss         | -2.82       |
|    explained_variance   | 0.979       |
|    learning_rate        | 0.0003      |
|    loss                 | 0.0358      |
|    n_updates            | 2090        |
|    policy_gradient_loss | -0.0135     |
|    std                  | 0.501       |
|    value_loss           | 0.105       |
-----------------------------------------
-----------------------------------------
| rollout/                |             |
|    ep_len_mean          | 300         |
|    ep_rew_mean          | -68.8       |
| time/                   |             |
|    fps                  | 270         |
|    iterations           | 211         |
|    time_elapsed         | 399         |
|    total_timesteps      | 108032      |
| train/                  |             |
|    approx_kl            | 0.010671788 |
|    clip_fraction        | 0.121       |
|    clip_range           | 0.2         |
|    entropy_loss         | -2.82       |
|    explained_variance   | 0.978       |
|    learning_rate        | 0.0003      |
|    loss                 | 0.00611     |
|    n_updates            | 2100        |
|    policy_gradient_loss | -0.0149     |
|    std                  | 0.503       |
|    value_loss           | 0.0817      |
-----------------------------------------
----------------------------------------
| rollout/                |            |
|    ep_len_mean          | 300        |
|    ep_rew_mean          | -68.8      |
| time/                   |            |
|    fps                  | 270        |
|    iterations           | 212        |
|    time_elapsed         | 400        |
|    total_timesteps      | 108544     |
| train/                  |            |
|    approx_kl            | 0.00880328 |
|    clip_fraction        | 0.11       |
|    clip_range           | 0.2        |
|    entropy_loss         | -2.83      |
|    explained_variance   | 0.955      |
|    learning_rate        | 0.0003     |
|    loss                 | 0.0151     |
|    n_updates            | 2110       |
|    policy_gradient_loss | -0.0134    |
|    std                  | 0.504      |
|    value_loss           | 0.186      |
----------------------------------------
------------------------------------------
| rollout/                |              |
|    ep_len_mean          | 300          |
|    ep_rew_mean          | -68.8        |
| time/                   |              |
|    fps                  | 271          |
|    iterations           | 213          |
|    time_elapsed         | 402          |
|    total_timesteps      | 109056       |
| train/                  |              |
|    approx_kl            | 0.0049019977 |
|    clip_fraction        | 0.0646       |
|    clip_range           | 0.2          |
|    entropy_loss         | -2.83        |
|    explained_variance   | 0.976        |
|    learning_rate        | 0.0003       |
|    loss                 | 0.0143       |
|    n_updates            | 2120         |
|    policy_gradient_loss | -0.00696     |
|    std                  | 0.502        |
|    value_loss           | 0.0701       |
------------------------------------------
-----------------------------------------
| rollout/                |             |
|    ep_len_mean          | 300         |
|    ep_rew_mean          | -68.6       |
| time/                   |             |
|    fps                  | 271         |
|    iterations           | 214         |
|    time_elapsed         | 403         |
|    total_timesteps      | 109568      |
| train/                  |             |
|    approx_kl            | 0.008879802 |
|    clip_fraction        | 0.101       |
|    clip_range           | 0.2         |
|    entropy_loss         | -2.82       |
|    explained_variance   | 0.964       |
|    learning_rate        | 0.0003      |
|    loss                 | 0.0547      |
|    n_updates            | 2130        |
|    policy_gradient_loss | -0.00962    |
|    std                  | 0.5         |
|    value_loss           | 0.179       |
-----------------------------------------
-----------------------------------------
| rollout/                |             |
|    ep_len_mean          | 300         |
|    ep_rew_mean          | -68.6       |
| time/                   |             |
|    fps                  | 271         |
|    iterations           | 215         |
|    time_elapsed         | 405         |
|    total_timesteps      | 110080      |
| train/                  |             |
|    approx_kl            | 0.009019016 |
|    clip_fraction        | 0.114       |
|    clip_range           | 0.2         |
|    entropy_loss         | -2.79       |
|    explained_variance   | 0.983       |
|    learning_rate        | 0.0003      |
|    loss                 | -0.0152     |
|    n_updates            | 2140        |
|    policy_gradient_loss | -0.0181     |
|    std                  | 0.496       |
|    value_loss           | 0.0563      |
-----------------------------------------
------------------------------------------
| rollout/                |              |
|    ep_len_mean          | 300          |
|    ep_rew_mean          | -68.4        |
| time/                   |              |
|    fps                  | 272          |
|    iterations           | 216          |
|    time_elapsed         | 406          |
|    total_timesteps      | 110592       |
| train/                  |              |
|    approx_kl            | 0.0048540565 |
|    clip_fraction        | 0.091        |
|    clip_range           | 0.2          |
|    entropy_loss         | -2.77        |
|    explained_variance   | 0.971        |
|    learning_rate        | 0.0003       |
|    loss                 | -0.0117      |
|    n_updates            | 2150         |
|    policy_gradient_loss | -0.0107      |
|    std                  | 0.494        |
|    value_loss           | 0.045        |
------------------------------------------
-----------------------------------------
| rollout/                |             |
|    ep_len_mean          | 300         |
|    ep_rew_mean          | -68.4       |
| time/                   |             |
|    fps                  | 271         |
|    iterations           | 217         |
|    time_elapsed         | 408         |
|    total_timesteps      | 111104      |
| train/                  |             |
|    approx_kl            | 0.014353212 |
|    clip_fraction        | 0.157       |
|    clip_range           | 0.2         |
|    entropy_loss         | -2.76       |
|    explained_variance   | 0.985       |
|    learning_rate        | 0.0003      |
|    loss                 | 0.0283      |
|    n_updates            | 2160        |
|    policy_gradient_loss | -0.0181     |
|    std                  | 0.496       |
|    value_loss           | 0.0917      |
-----------------------------------------
-----------------------------------------
| rollout/                |             |
|    ep_len_mean          | 300         |
|    ep_rew_mean          | -68.2       |
| time/                   |             |
|    fps                  | 272         |
|    iterations           | 218         |
|    time_elapsed         | 410         |
|    total_timesteps      | 111616      |
| train/                  |             |
|    approx_kl            | 0.012339326 |
|    clip_fraction        | 0.148       |
|    clip_range           | 0.2         |
|    entropy_loss         | -2.77       |
|    explained_variance   | 0.981       |
|    learning_rate        | 0.0003      |
|    loss                 | 0.0316      |
|    n_updates            | 2170        |
|    policy_gradient_loss | -0.0126     |
|    std                  | 0.495       |
|    value_loss           | 0.085       |
-----------------------------------------
-----------------------------------------
| rollout/                |             |
|    ep_len_mean          | 300         |
|    ep_rew_mean          | -68.3       |
| time/                   |             |
|    fps                  | 272         |
|    iterations           | 219         |
|    time_elapsed         | 411         |
|    total_timesteps      | 112128      |
| train/                  |             |
|    approx_kl            | 0.010352894 |
|    clip_fraction        | 0.118       |
|    clip_range           | 0.2         |
|    entropy_loss         | -2.75       |
|    explained_variance   | 0.98        |
|    learning_rate        | 0.0003      |
|    loss                 | -0.00814    |
|    n_updates            | 2180        |
|    policy_gradient_loss | -0.0103     |
|    std                  | 0.493       |
|    value_loss           | 0.0461      |
-----------------------------------------
-----------------------------------------
| rollout/                |             |
|    ep_len_mean          | 300         |
|    ep_rew_mean          | -68.4       |
| time/                   |             |
|    fps                  | 272         |
|    iterations           | 220         |
|    time_elapsed         | 412         |
|    total_timesteps      | 112640      |
| train/                  |             |
|    approx_kl            | 0.015665203 |
|    clip_fraction        | 0.153       |
|    clip_range           | 0.2         |
|    entropy_loss         | -2.74       |
|    explained_variance   | 0.982       |
|    learning_rate        | 0.0003      |
|    loss                 | -0.0251     |
|    n_updates            | 2190        |
|    policy_gradient_loss | -0.0226     |
|    std                  | 0.494       |
|    value_loss           | 0.0336      |
-----------------------------------------
------------------------------------------
| rollout/                |              |
|    ep_len_mean          | 300          |
|    ep_rew_mean          | -68.4        |
| time/                   |              |
|    fps                  | 273          |
|    iterations           | 221          |
|    time_elapsed         | 414          |
|    total_timesteps      | 113152       |
| train/                  |              |
|    approx_kl            | 0.0062496075 |
|    clip_fraction        | 0.0713       |
|    clip_range           | 0.2          |
|    entropy_loss         | -2.75        |
|    explained_variance   | 0.977        |
|    learning_rate        | 0.0003       |
|    loss                 | 0.0251       |
|    n_updates            | 2200         |
|    policy_gradient_loss | -0.00829     |
|    std                  | 0.494        |
|    value_loss           | 0.116        |
------------------------------------------
-----------------------------------------
| rollout/                |             |
|    ep_len_mean          | 300         |
|    ep_rew_mean          | -68.2       |
| time/                   |             |
|    fps                  | 273         |
|    iterations           | 222         |
|    time_elapsed         | 415         |
|    total_timesteps      | 113664      |
| train/                  |             |
|    approx_kl            | 0.013741994 |
|    clip_fraction        | 0.186       |
|    clip_range           | 0.2         |
|    entropy_loss         | -2.74       |
|    explained_variance   | 0.99        |
|    learning_rate        | 0.0003      |
|    loss                 | -0.0184     |
|    n_updates            | 2210        |
|    policy_gradient_loss | -0.0211     |
|    std                  | 0.491       |
|    value_loss           | 0.0432      |
-----------------------------------------
-----------------------------------------
| rollout/                |             |
|    ep_len_mean          | 300         |
|    ep_rew_mean          | -68.1       |
| time/                   |             |
|    fps                  | 273         |
|    iterations           | 223         |
|    time_elapsed         | 417         |
|    total_timesteps      | 114176      |
| train/                  |             |
|    approx_kl            | 0.008404657 |
|    clip_fraction        | 0.0854      |
|    clip_range           | 0.2         |
|    entropy_loss         | -2.72       |
|    explained_variance   | 0.967       |
|    learning_rate        | 0.0003      |
|    loss                 | -0.00415    |
|    n_updates            | 2220        |
|    policy_gradient_loss | -0.0049     |
|    std                  | 0.489       |
|    value_loss           | 0.0828      |
-----------------------------------------
-----------------------------------------
| rollout/                |             |
|    ep_len_mean          | 300         |
|    ep_rew_mean          | -67.9       |
| time/                   |             |
|    fps                  | 274         |
|    iterations           | 224         |
|    time_elapsed         | 418         |
|    total_timesteps      | 114688      |
| train/                  |             |
|    approx_kl            | 0.013745294 |
|    clip_fraction        | 0.159       |
|    clip_range           | 0.2         |
|    entropy_loss         | -2.7        |
|    explained_variance   | 0.973       |
|    learning_rate        | 0.0003      |
|    loss                 | 0.00422     |
|    n_updates            | 2230        |
|    policy_gradient_loss | -0.0159     |
|    std                  | 0.486       |
|    value_loss           | 0.105       |
-----------------------------------------
-----------------------------------------
| rollout/                |             |
|    ep_len_mean          | 300         |
|    ep_rew_mean          | -67.7       |
| time/                   |             |
|    fps                  | 274         |
|    iterations           | 225         |
|    time_elapsed         | 419         |
|    total_timesteps      | 115200      |
| train/                  |             |
|    approx_kl            | 0.011483567 |
|    clip_fraction        | 0.159       |
|    clip_range           | 0.2         |
|    entropy_loss         | -2.67       |
|    explained_variance   | 0.989       |
|    learning_rate        | 0.0003      |
|    loss                 | 0.0144      |
|    n_updates            | 2240        |
|    policy_gradient_loss | -0.0182     |
|    std                  | 0.483       |
|    value_loss           | 0.0622      |
-----------------------------------------
-----------------------------------------
| rollout/                |             |
|    ep_len_mean          | 300         |
|    ep_rew_mean          | -67.5       |
| time/                   |             |
|    fps                  | 274         |
|    iterations           | 226         |
|    time_elapsed         | 421         |
|    total_timesteps      | 115712      |
| train/                  |             |
|    approx_kl            | 0.008229712 |
|    clip_fraction        | 0.0795      |
|    clip_range           | 0.2         |
|    entropy_loss         | -2.65       |
|    explained_variance   | 0.989       |
|    learning_rate        | 0.0003      |
|    loss                 | -0.0104     |
|    n_updates            | 2250        |
|    policy_gradient_loss | -0.0106     |
|    std                  | 0.483       |
|    value_loss           | 0.0379      |
-----------------------------------------
-----------------------------------------
| rollout/                |             |
|    ep_len_mean          | 300         |
|    ep_rew_mean          | -67.6       |
| time/                   |             |
|    fps                  | 274         |
|    iterations           | 227         |
|    time_elapsed         | 422         |
|    total_timesteps      | 116224      |
| train/                  |             |
|    approx_kl            | 0.014677995 |
|    clip_fraction        | 0.116       |
|    clip_range           | 0.2         |
|    entropy_loss         | -2.66       |
|    explained_variance   | 0.982       |
|    learning_rate        | 0.0003      |
|    loss                 | 0.0204      |
|    n_updates            | 2260        |
|    policy_gradient_loss | -0.0162     |
|    std                  | 0.484       |
|    value_loss           | 0.128       |
-----------------------------------------
-----------------------------------------
| rollout/                |             |
|    ep_len_mean          | 300         |
|    ep_rew_mean          | -67.6       |
| time/                   |             |
|    fps                  | 275         |
|    iterations           | 228         |
|    time_elapsed         | 424         |
|    total_timesteps      | 116736      |
| train/                  |             |
|    approx_kl            | 0.013215083 |
|    clip_fraction        | 0.134       |
|    clip_range           | 0.2         |
|    entropy_loss         | -2.64       |
|    explained_variance   | 0.994       |
|    learning_rate        | 0.0003      |
|    loss                 | -0.0243     |
|    n_updates            | 2270        |
|    policy_gradient_loss | -0.0154     |
|    std                  | 0.481       |
|    value_loss           | 0.0247      |
-----------------------------------------
------------------------------------------
| rollout/                |              |
|    ep_len_mean          | 300          |
|    ep_rew_mean          | -67.5        |
| time/                   |              |
|    fps                  | 275          |
|    iterations           | 229          |
|    time_elapsed         | 425          |
|    total_timesteps      | 117248       |
| train/                  |              |
|    approx_kl            | 0.0071145245 |
|    clip_fraction        | 0.125        |
|    clip_range           | 0.2          |
|    entropy_loss         | -2.62        |
|    explained_variance   | 0.99         |
|    learning_rate        | 0.0003       |
|    loss                 | -0.0129      |
|    n_updates            | 2280         |
|    policy_gradient_loss | -0.0168      |
|    std                  | 0.48         |
|    value_loss           | 0.0517       |
------------------------------------------
-----------------------------------------
| rollout/                |             |
|    ep_len_mean          | 300         |
|    ep_rew_mean          | -67.3       |
| time/                   |             |
|    fps                  | 275         |
|    iterations           | 230         |
|    time_elapsed         | 427         |
|    total_timesteps      | 117760      |
| train/                  |             |
|    approx_kl            | 0.004807432 |
|    clip_fraction        | 0.0986      |
|    clip_range           | 0.2         |
|    entropy_loss         | -2.61       |
|    explained_variance   | 0.98        |
|    learning_rate        | 0.0003      |
|    loss                 | -0.00897    |
|    n_updates            | 2290        |
|    policy_gradient_loss | -0.00564    |
|    std                  | 0.479       |
|    value_loss           | 0.041       |
-----------------------------------------
-----------------------------------------
| rollout/                |             |
|    ep_len_mean          | 300         |
|    ep_rew_mean          | -67.2       |
| time/                   |             |
|    fps                  | 276         |
|    iterations           | 231         |
|    time_elapsed         | 428         |
|    total_timesteps      | 118272      |
| train/                  |             |
|    approx_kl            | 0.009220837 |
|    clip_fraction        | 0.115       |
|    clip_range           | 0.2         |
|    entropy_loss         | -2.6        |
|    explained_variance   | 0.981       |
|    learning_rate        | 0.0003      |
|    loss                 | 0.0273      |
|    n_updates            | 2300        |
|    policy_gradient_loss | -0.0129     |
|    std                  | 0.477       |
|    value_loss           | 0.097       |
-----------------------------------------
------------------------------------------
| rollout/                |              |
|    ep_len_mean          | 300          |
|    ep_rew_mean          | -67          |
| time/                   |              |
|    fps                  | 276          |
|    iterations           | 232          |
|    time_elapsed         | 429          |
|    total_timesteps      | 118784       |
| train/                  |              |
|    approx_kl            | 0.0068936627 |
|    clip_fraction        | 0.1          |
|    clip_range           | 0.2          |
|    entropy_loss         | -2.59        |
|    explained_variance   | 0.986        |
|    learning_rate        | 0.0003       |
|    loss                 | 0.000473     |
|    n_updates            | 2310         |
|    policy_gradient_loss | -0.00767     |
|    std                  | 0.476        |
|    value_loss           | 0.0578       |
------------------------------------------
------------------------------------------
| rollout/                |              |
|    ep_len_mean          | 300          |
|    ep_rew_mean          | -66.8        |
| time/                   |              |
|    fps                  | 276          |
|    iterations           | 233          |
|    time_elapsed         | 431          |
|    total_timesteps      | 119296       |
| train/                  |              |
|    approx_kl            | 0.0063607357 |
|    clip_fraction        | 0.11         |
|    clip_range           | 0.2          |
|    entropy_loss         | -2.58        |
|    explained_variance   | 0.986        |
|    learning_rate        | 0.0003       |
|    loss                 | 0.00983      |
|    n_updates            | 2320         |
|    policy_gradient_loss | -0.0118      |
|    std                  | 0.474        |
|    value_loss           | 0.0527       |
------------------------------------------
-----------------------------------------
| rollout/                |             |
|    ep_len_mean          | 300         |
|    ep_rew_mean          | -66.6       |
| time/                   |             |
|    fps                  | 276         |
|    iterations           | 234         |
|    time_elapsed         | 433         |
|    total_timesteps      | 119808      |
| train/                  |             |
|    approx_kl            | 0.007980928 |
|    clip_fraction        | 0.0963      |
|    clip_range           | 0.2         |
|    entropy_loss         | -2.56       |
|    explained_variance   | 0.985       |
|    learning_rate        | 0.0003      |
|    loss                 | 0.0167      |
|    n_updates            | 2330        |
|    policy_gradient_loss | -0.017      |
|    std                  | 0.47        |
|    value_loss           | 0.0522      |
-----------------------------------------
-----------------------------------------
| rollout/                |             |
|    ep_len_mean          | 300         |
|    ep_rew_mean          | -66.4       |
| time/                   |             |
|    fps                  | 276         |
|    iterations           | 235         |
|    time_elapsed         | 434         |
|    total_timesteps      | 120320      |
| train/                  |             |
|    approx_kl            | 0.009074762 |
|    clip_fraction        | 0.0932      |
|    clip_range           | 0.2         |
|    entropy_loss         | -2.53       |
|    explained_variance   | 0.978       |
|    learning_rate        | 0.0003      |
|    loss                 | -0.00258    |
|    n_updates            | 2340        |
|    policy_gradient_loss | -0.0185     |
|    std                  | 0.469       |
|    value_loss           | 0.0527      |
-----------------------------------------
-----------------------------------------
| rollout/                |             |
|    ep_len_mean          | 300         |
|    ep_rew_mean          | -66.2       |
| time/                   |             |
|    fps                  | 277         |
|    iterations           | 236         |
|    time_elapsed         | 435         |
|    total_timesteps      | 120832      |
| train/                  |             |
|    approx_kl            | 0.016046435 |
|    clip_fraction        | 0.108       |
|    clip_range           | 0.2         |
|    entropy_loss         | -2.52       |
|    explained_variance   | 0.989       |
|    learning_rate        | 0.0003      |
|    loss                 | -0.0149     |
|    n_updates            | 2350        |
|    policy_gradient_loss | -0.0165     |
|    std                  | 0.468       |
|    value_loss           | 0.0267      |
-----------------------------------------
-----------------------------------------
| rollout/                |             |
|    ep_len_mean          | 300         |
|    ep_rew_mean          | -66.1       |
| time/                   |             |
|    fps                  | 277         |
|    iterations           | 237         |
|    time_elapsed         | 437         |
|    total_timesteps      | 121344      |
| train/                  |             |
|    approx_kl            | 0.015435205 |
|    clip_fraction        | 0.176       |
|    clip_range           | 0.2         |
|    entropy_loss         | -2.51       |
|    explained_variance   | 0.965       |
|    learning_rate        | 0.0003      |
|    loss                 | -0.0144     |
|    n_updates            | 2360        |
|    policy_gradient_loss | -0.0149     |
|    std                  | 0.466       |
|    value_loss           | 0.142       |
-----------------------------------------
-----------------------------------------
| rollout/                |             |
|    ep_len_mean          | 300         |
|    ep_rew_mean          | -66         |
| time/                   |             |
|    fps                  | 277         |
|    iterations           | 238         |
|    time_elapsed         | 439         |
|    total_timesteps      | 121856      |
| train/                  |             |
|    approx_kl            | 0.011145836 |
|    clip_fraction        | 0.136       |
|    clip_range           | 0.2         |
|    entropy_loss         | -2.48       |
|    explained_variance   | 0.98        |
|    learning_rate        | 0.0003      |
|    loss                 | 0.00916     |
|    n_updates            | 2370        |
|    policy_gradient_loss | -0.0125     |
|    std                  | 0.464       |
|    value_loss           | 0.0629      |
-----------------------------------------
-----------------------------------------
| rollout/                |             |
|    ep_len_mean          | 300         |
|    ep_rew_mean          | -65.9       |
| time/                   |             |
|    fps                  | 277         |
|    iterations           | 239         |
|    time_elapsed         | 440         |
|    total_timesteps      | 122368      |
| train/                  |             |
|    approx_kl            | 0.008467085 |
|    clip_fraction        | 0.0664      |
|    clip_range           | 0.2         |
|    entropy_loss         | -2.46       |
|    explained_variance   | 0.982       |
|    learning_rate        | 0.0003      |
|    loss                 | 0.0158      |
|    n_updates            | 2380        |
|    policy_gradient_loss | -0.0135     |
|    std                  | 0.463       |
|    value_loss           | 0.121       |
-----------------------------------------
------------------------------------------
| rollout/                |              |
|    ep_len_mean          | 300          |
|    ep_rew_mean          | -65.7        |
| time/                   |              |
|    fps                  | 277          |
|    iterations           | 240          |
|    time_elapsed         | 442          |
|    total_timesteps      | 122880       |
| train/                  |              |
|    approx_kl            | 0.0056230677 |
|    clip_fraction        | 0.0678       |
|    clip_range           | 0.2          |
|    entropy_loss         | -2.45        |
|    explained_variance   | 0.956        |
|    learning_rate        | 0.0003       |
|    loss                 | -0.0027      |
|    n_updates            | 2390         |
|    policy_gradient_loss | -0.0144      |
|    std                  | 0.461        |
|    value_loss           | 0.0398       |
------------------------------------------
-----------------------------------------
| rollout/                |             |
|    ep_len_mean          | 300         |
|    ep_rew_mean          | -65.5       |
| time/                   |             |
|    fps                  | 278         |
|    iterations           | 241         |
|    time_elapsed         | 443         |
|    total_timesteps      | 123392      |
| train/                  |             |
|    approx_kl            | 0.011775224 |
|    clip_fraction        | 0.107       |
|    clip_range           | 0.2         |
|    entropy_loss         | -2.43       |
|    explained_variance   | 0.978       |
|    learning_rate        | 0.0003      |
|    loss                 | -0.00417    |
|    n_updates            | 2400        |
|    policy_gradient_loss | -0.017      |
|    std                  | 0.459       |
|    value_loss           | 0.0748      |
-----------------------------------------
------------------------------------------
| rollout/                |              |
|    ep_len_mean          | 300          |
|    ep_rew_mean          | -65.4        |
| time/                   |              |
|    fps                  | 278          |
|    iterations           | 242          |
|    time_elapsed         | 444          |
|    total_timesteps      | 123904       |
| train/                  |              |
|    approx_kl            | 0.0141458055 |
|    clip_fraction        | 0.153        |
|    clip_range           | 0.2          |
|    entropy_loss         | -2.4         |
|    explained_variance   | 0.993        |
|    learning_rate        | 0.0003       |
|    loss                 | -0.0446      |
|    n_updates            | 2410         |
|    policy_gradient_loss | -0.0202      |
|    std                  | 0.457        |
|    value_loss           | 0.0247       |
------------------------------------------
-----------------------------------------
| rollout/                |             |
|    ep_len_mean          | 300         |
|    ep_rew_mean          | -65.4       |
| time/                   |             |
|    fps                  | 278         |
|    iterations           | 243         |
|    time_elapsed         | 446         |
|    total_timesteps      | 124416      |
| train/                  |             |
|    approx_kl            | 0.011491033 |
|    clip_fraction        | 0.0715      |
|    clip_range           | 0.2         |
|    entropy_loss         | -2.38       |
|    explained_variance   | 0.972       |
|    learning_rate        | 0.0003      |
|    loss                 | 0.0408      |
|    n_updates            | 2420        |
|    policy_gradient_loss | -0.00403    |
|    std                  | 0.453       |
|    value_loss           | 0.0841      |
-----------------------------------------
-----------------------------------------
| rollout/                |             |
|    ep_len_mean          | 300         |
|    ep_rew_mean          | -65.3       |
| time/                   |             |
|    fps                  | 279         |
|    iterations           | 244         |
|    time_elapsed         | 447         |
|    total_timesteps      | 124928      |
| train/                  |             |
|    approx_kl            | 0.013591278 |
|    clip_fraction        | 0.0984      |
|    clip_range           | 0.2         |
|    entropy_loss         | -2.36       |
|    explained_variance   | 0.943       |
|    learning_rate        | 0.0003      |
|    loss                 | 0.0102      |
|    n_updates            | 2430        |
|    policy_gradient_loss | -0.0166     |
|    std                  | 0.455       |
|    value_loss           | 0.0737      |
-----------------------------------------
-----------------------------------------
| rollout/                |             |
|    ep_len_mean          | 300         |
|    ep_rew_mean          | -65.1       |
| time/                   |             |
|    fps                  | 279         |
|    iterations           | 245         |
|    time_elapsed         | 449         |
|    total_timesteps      | 125440      |
| train/                  |             |
|    approx_kl            | 0.009096611 |
|    clip_fraction        | 0.135       |
|    clip_range           | 0.2         |
|    entropy_loss         | -2.37       |
|    explained_variance   | 0.981       |
|    learning_rate        | 0.0003      |
|    loss                 | -0.00704    |
|    n_updates            | 2440        |
|    policy_gradient_loss | -0.0151     |
|    std                  | 0.455       |
|    value_loss           | 0.061       |
-----------------------------------------
-----------------------------------------
| rollout/                |             |
|    ep_len_mean          | 300         |
|    ep_rew_mean          | -65.2       |
| time/                   |             |
|    fps                  | 279         |
|    iterations           | 246         |
|    time_elapsed         | 450         |
|    total_timesteps      | 125952      |
| train/                  |             |
|    approx_kl            | 0.024370328 |
|    clip_fraction        | 0.187       |
|    clip_range           | 0.2         |
|    entropy_loss         | -2.35       |
|    explained_variance   | 0.987       |
|    learning_rate        | 0.0003      |
|    loss                 | -0.0259     |
|    n_updates            | 2450        |
|    policy_gradient_loss | -0.0191     |
|    std                  | 0.452       |
|    value_loss           | 0.0425      |
-----------------------------------------
-----------------------------------------
| rollout/                |             |
|    ep_len_mean          | 300         |
|    ep_rew_mean          | -64.8       |
| time/                   |             |
|    fps                  | 279         |
|    iterations           | 247         |
|    time_elapsed         | 451         |
|    total_timesteps      | 126464      |
| train/                  |             |
|    approx_kl            | 0.020807322 |
|    clip_fraction        | 0.183       |
|    clip_range           | 0.2         |
|    entropy_loss         | -2.32       |
|    explained_variance   | 0.968       |
|    learning_rate        | 0.0003      |
|    loss                 | -0.00499    |
|    n_updates            | 2460        |
|    policy_gradient_loss | -0.0151     |
|    std                  | 0.448       |
|    value_loss           | 0.0472      |
-----------------------------------------
-----------------------------------------
| rollout/                |             |
|    ep_len_mean          | 300         |
|    ep_rew_mean          | -64.7       |
| time/                   |             |
|    fps                  | 280         |
|    iterations           | 248         |
|    time_elapsed         | 453         |
|    total_timesteps      | 126976      |
| train/                  |             |
|    approx_kl            | 0.012956417 |
|    clip_fraction        | 0.171       |
|    clip_range           | 0.2         |
|    entropy_loss         | -2.29       |
|    explained_variance   | 0.942       |
|    learning_rate        | 0.0003      |
|    loss                 | 0.117       |
|    n_updates            | 2470        |
|    policy_gradient_loss | -0.0136     |
|    std                  | 0.445       |
|    value_loss           | 0.272       |
-----------------------------------------
------------------------------------------
| rollout/                |              |
|    ep_len_mean          | 300          |
|    ep_rew_mean          | -64.7        |
| time/                   |              |
|    fps                  | 280          |
|    iterations           | 249          |
|    time_elapsed         | 454          |
|    total_timesteps      | 127488       |
| train/                  |              |
|    approx_kl            | 0.0118807955 |
|    clip_fraction        | 0.129        |
|    clip_range           | 0.2          |
|    entropy_loss         | -2.27        |
|    explained_variance   | 0.987        |
|    learning_rate        | 0.0003       |
|    loss                 | 0.0319       |
|    n_updates            | 2480         |
|    policy_gradient_loss | -0.0136      |
|    std                  | 0.444        |
|    value_loss           | 0.073        |
------------------------------------------
-----------------------------------------
| rollout/                |             |
|    ep_len_mean          | 300         |
|    ep_rew_mean          | -64.6       |
| time/                   |             |
|    fps                  | 280         |
|    iterations           | 250         |
|    time_elapsed         | 456         |
|    total_timesteps      | 128000      |
| train/                  |             |
|    approx_kl            | 0.013001204 |
|    clip_fraction        | 0.147       |
|    clip_range           | 0.2         |
|    entropy_loss         | -2.26       |
|    explained_variance   | 0.98        |
|    learning_rate        | 0.0003      |
|    loss                 | -0.0264     |
|    n_updates            | 2490        |
|    policy_gradient_loss | -0.0184     |
|    std                  | 0.442       |
|    value_loss           | 0.038       |
-----------------------------------------
-----------------------------------------
| rollout/                |             |
|    ep_len_mean          | 300         |
|    ep_rew_mean          | -64.5       |
| time/                   |             |
|    fps                  | 280         |
|    iterations           | 251         |
|    time_elapsed         | 457         |
|    total_timesteps      | 128512      |
| train/                  |             |
|    approx_kl            | 0.016316837 |
|    clip_fraction        | 0.214       |
|    clip_range           | 0.2         |
|    entropy_loss         | -2.23       |
|    explained_variance   | 0.983       |
|    learning_rate        | 0.0003      |
|    loss                 | -0.0421     |
|    n_updates            | 2500        |
|    policy_gradient_loss | -0.0233     |
|    std                  | 0.439       |
|    value_loss           | 0.059       |
-----------------------------------------
-----------------------------------------
| rollout/                |             |
|    ep_len_mean          | 300         |
|    ep_rew_mean          | -64.2       |
| time/                   |             |
|    fps                  | 280         |
|    iterations           | 252         |
|    time_elapsed         | 459         |
|    total_timesteps      | 129024      |
| train/                  |             |
|    approx_kl            | 0.014656404 |
|    clip_fraction        | 0.191       |
|    clip_range           | 0.2         |
|    entropy_loss         | -2.21       |
|    explained_variance   | 0.981       |
|    learning_rate        | 0.0003      |
|    loss                 | -0.00314    |
|    n_updates            | 2510        |
|    policy_gradient_loss | -0.0217     |
|    std                  | 0.44        |
|    value_loss           | 0.0695      |
-----------------------------------------
-----------------------------------------
| rollout/                |             |
|    ep_len_mean          | 300         |
|    ep_rew_mean          | -64.1       |
| time/                   |             |
|    fps                  | 281         |
|    iterations           | 253         |
|    time_elapsed         | 460         |
|    total_timesteps      | 129536      |
| train/                  |             |
|    approx_kl            | 0.015519744 |
|    clip_fraction        | 0.226       |
|    clip_range           | 0.2         |
|    entropy_loss         | -2.21       |
|    explained_variance   | 0.986       |
|    learning_rate        | 0.0003      |
|    loss                 | -0.0339     |
|    n_updates            | 2520        |
|    policy_gradient_loss | -0.0258     |
|    std                  | 0.438       |
|    value_loss           | 0.0358      |
-----------------------------------------
-----------------------------------------
| rollout/                |             |
|    ep_len_mean          | 300         |
|    ep_rew_mean          | -64.1       |
| time/                   |             |
|    fps                  | 281         |
|    iterations           | 254         |
|    time_elapsed         | 462         |
|    total_timesteps      | 130048      |
| train/                  |             |
|    approx_kl            | 0.013979536 |
|    clip_fraction        | 0.115       |
|    clip_range           | 0.2         |
|    entropy_loss         | -2.19       |
|    explained_variance   | 0.98        |
|    learning_rate        | 0.0003      |
|    loss                 | 0.011       |
|    n_updates            | 2530        |
|    policy_gradient_loss | -0.00268    |
|    std                  | 0.436       |
|    value_loss           | 0.0485      |
-----------------------------------------
----------------------------------------
| rollout/                |            |
|    ep_len_mean          | 300        |
|    ep_rew_mean          | -63.8      |
| time/                   |            |
|    fps                  | 281        |
|    iterations           | 255        |
|    time_elapsed         | 463        |
|    total_timesteps      | 130560     |
| train/                  |            |
|    approx_kl            | 0.01424381 |
|    clip_fraction        | 0.207      |
|    clip_range           | 0.2        |
|    entropy_loss         | -2.17      |
|    explained_variance   | 0.962      |
|    learning_rate        | 0.0003     |
|    loss                 | 0.0561     |
|    n_updates            | 2540       |
|    policy_gradient_loss | -0.0233    |
|    std                  | 0.436      |
|    value_loss           | 0.205      |
----------------------------------------
-----------------------------------------
| rollout/                |             |
|    ep_len_mean          | 300         |
|    ep_rew_mean          | -63.7       |
| time/                   |             |
|    fps                  | 280         |
|    iterations           | 256         |
|    time_elapsed         | 467         |
|    total_timesteps      | 131072      |
| train/                  |             |
|    approx_kl            | 0.012612224 |
|    clip_fraction        | 0.13        |
|    clip_range           | 0.2         |
|    entropy_loss         | -2.17       |
|    explained_variance   | 0.992       |
|    learning_rate        | 0.0003      |
|    loss                 | -0.008      |
|    n_updates            | 2550        |
|    policy_gradient_loss | -0.0144     |
|    std                  | 0.436       |
|    value_loss           | 0.0471      |
-----------------------------------------
----------------------------------------
| rollout/                |            |
|    ep_len_mean          | 300        |
|    ep_rew_mean          | -63.5      |
| time/                   |            |
|    fps                  | 280        |
|    iterations           | 257        |
|    time_elapsed         | 468        |
|    total_timesteps      | 131584     |
| train/                  |            |
|    approx_kl            | 0.02051653 |
|    clip_fraction        | 0.136      |
|    clip_range           | 0.2        |
|    entropy_loss         | -2.16      |
|    explained_variance   | 0.914      |
|    learning_rate        | 0.0003     |
|    loss                 | 0.03       |
|    n_updates            | 2560       |
|    policy_gradient_loss | -0.00665   |
|    std                  | 0.435      |
|    value_loss           | 0.192      |
----------------------------------------
-----------------------------------------
| rollout/                |             |
|    ep_len_mean          | 300         |
|    ep_rew_mean          | -63.3       |
| time/                   |             |
|    fps                  | 280         |
|    iterations           | 258         |
|    time_elapsed         | 470         |
|    total_timesteps      | 132096      |
| train/                  |             |
|    approx_kl            | 0.007854625 |
|    clip_fraction        | 0.132       |
|    clip_range           | 0.2         |
|    entropy_loss         | -2.15       |
|    explained_variance   | 0.984       |
|    learning_rate        | 0.0003      |
|    loss                 | 0.00678     |
|    n_updates            | 2570        |
|    policy_gradient_loss | -0.0145     |
|    std                  | 0.433       |
|    value_loss           | 0.0758      |
-----------------------------------------
-----------------------------------------
| rollout/                |             |
|    ep_len_mean          | 300         |
|    ep_rew_mean          | -63.2       |
| time/                   |             |
|    fps                  | 280         |
|    iterations           | 259         |
|    time_elapsed         | 472         |
|    total_timesteps      | 132608      |
| train/                  |             |
|    approx_kl            | 0.026174806 |
|    clip_fraction        | 0.18        |
|    clip_range           | 0.2         |
|    entropy_loss         | -2.13       |
|    explained_variance   | 0.994       |
|    learning_rate        | 0.0003      |
|    loss                 | -0.0202     |
|    n_updates            | 2580        |
|    policy_gradient_loss | -0.0241     |
|    std                  | 0.431       |
|    value_loss           | 0.027       |
-----------------------------------------
-----------------------------------------
| rollout/                |             |
|    ep_len_mean          | 300         |
|    ep_rew_mean          | -63.1       |
| time/                   |             |
|    fps                  | 280         |
|    iterations           | 260         |
|    time_elapsed         | 474         |
|    total_timesteps      | 133120      |
| train/                  |             |
|    approx_kl            | 0.012170114 |
|    clip_fraction        | 0.154       |
|    clip_range           | 0.2         |
|    entropy_loss         | -2.1        |
|    explained_variance   | 0.993       |
|    learning_rate        | 0.0003      |
|    loss                 | -0.0208     |
|    n_updates            | 2590        |
|    policy_gradient_loss | -0.0185     |
|    std                  | 0.428       |
|    value_loss           | 0.0369      |
-----------------------------------------
-----------------------------------------
| rollout/                |             |
|    ep_len_mean          | 300         |
|    ep_rew_mean          | -63.1       |
| time/                   |             |
|    fps                  | 279         |
|    iterations           | 261         |
|    time_elapsed         | 477         |
|    total_timesteps      | 133632      |
| train/                  |             |
|    approx_kl            | 0.010612808 |
|    clip_fraction        | 0.0957      |
|    clip_range           | 0.2         |
|    entropy_loss         | -2.08       |
|    explained_variance   | 0.984       |
|    learning_rate        | 0.0003      |
|    loss                 | 0.00448     |
|    n_updates            | 2600        |
|    policy_gradient_loss | -0.012      |
|    std                  | 0.426       |
|    value_loss           | 0.0621      |
-----------------------------------------
----------------------------------------
| rollout/                |            |
|    ep_len_mean          | 300        |
|    ep_rew_mean          | -62.7      |
| time/                   |            |
|    fps                  | 278        |
|    iterations           | 262        |
|    time_elapsed         | 481        |
|    total_timesteps      | 134144     |
| train/                  |            |
|    approx_kl            | 0.01779813 |
|    clip_fraction        | 0.196      |
|    clip_range           | 0.2        |
|    entropy_loss         | -2.07      |
|    explained_variance   | 0.98       |
|    learning_rate        | 0.0003     |
|    loss                 | 0.0208     |
|    n_updates            | 2610       |
|    policy_gradient_loss | -0.0134    |
|    std                  | 0.425      |
|    value_loss           | 0.0845     |
----------------------------------------
-----------------------------------------
| rollout/                |             |
|    ep_len_mean          | 300         |
|    ep_rew_mean          | -62.5       |
| time/                   |             |
|    fps                  | 277         |
|    iterations           | 263         |
|    time_elapsed         | 484         |
|    total_timesteps      | 134656      |
| train/                  |             |
|    approx_kl            | 0.014334743 |
|    clip_fraction        | 0.22        |
|    clip_range           | 0.2         |
|    entropy_loss         | -2.06       |
|    explained_variance   | 0.995       |
|    learning_rate        | 0.0003      |
|    loss                 | -0.00254    |
|    n_updates            | 2620        |
|    policy_gradient_loss | -0.0192     |
|    std                  | 0.424       |
|    value_loss           | 0.0347      |
-----------------------------------------
-----------------------------------------
| rollout/                |             |
|    ep_len_mean          | 300         |
|    ep_rew_mean          | -62.4       |
| time/                   |             |
|    fps                  | 276         |
|    iterations           | 264         |
|    time_elapsed         | 488         |
|    total_timesteps      | 135168      |
| train/                  |             |
|    approx_kl            | 0.012843303 |
|    clip_fraction        | 0.141       |
|    clip_range           | 0.2         |
|    entropy_loss         | -2.05       |
|    explained_variance   | 0.988       |
|    learning_rate        | 0.0003      |
|    loss                 | -0.0105     |
|    n_updates            | 2630        |
|    policy_gradient_loss | -0.0144     |
|    std                  | 0.423       |
|    value_loss           | 0.0316      |
-----------------------------------------
-----------------------------------------
| rollout/                |             |
|    ep_len_mean          | 300         |
|    ep_rew_mean          | -62.7       |
| time/                   |             |
|    fps                  | 276         |
|    iterations           | 265         |
|    time_elapsed         | 491         |
|    total_timesteps      | 135680      |
| train/                  |             |
|    approx_kl            | 0.007702803 |
|    clip_fraction        | 0.128       |
|    clip_range           | 0.2         |
|    entropy_loss         | -2.05       |
|    explained_variance   | 0.973       |
|    learning_rate        | 0.0003      |
|    loss                 | 0.0507      |
|    n_updates            | 2640        |
|    policy_gradient_loss | -0.0092     |
|    std                  | 0.423       |
|    value_loss           | 0.141       |
-----------------------------------------
-----------------------------------------
| rollout/                |             |
|    ep_len_mean          | 300         |
|    ep_rew_mean          | -62.5       |
| time/                   |             |
|    fps                  | 275         |
|    iterations           | 266         |
|    time_elapsed         | 493         |
|    total_timesteps      | 136192      |
| train/                  |             |
|    approx_kl            | 0.016517403 |
|    clip_fraction        | 0.163       |
|    clip_range           | 0.2         |
|    entropy_loss         | -2.03       |
|    explained_variance   | 0.983       |
|    learning_rate        | 0.0003      |
|    loss                 | 0.00271     |
|    n_updates            | 2650        |
|    policy_gradient_loss | -0.0117     |
|    std                  | 0.421       |
|    value_loss           | 0.0833      |
-----------------------------------------
-----------------------------------------
| rollout/                |             |
|    ep_len_mean          | 300         |
|    ep_rew_mean          | -62.2       |
| time/                   |             |
|    fps                  | 275         |
|    iterations           | 267         |
|    time_elapsed         | 496         |
|    total_timesteps      | 136704      |
| train/                  |             |
|    approx_kl            | 0.012439474 |
|    clip_fraction        | 0.116       |
|    clip_range           | 0.2         |
|    entropy_loss         | -2          |
|    explained_variance   | 0.981       |
|    learning_rate        | 0.0003      |
|    loss                 | 0.0131      |
|    n_updates            | 2660        |
|    policy_gradient_loss | -0.00903    |
|    std                  | 0.417       |
|    value_loss           | 0.0471      |
-----------------------------------------
-----------------------------------------
| rollout/                |             |
|    ep_len_mean          | 300         |
|    ep_rew_mean          | -62.1       |
| time/                   |             |
|    fps                  | 275         |
|    iterations           | 268         |
|    time_elapsed         | 498         |
|    total_timesteps      | 137216      |
| train/                  |             |
|    approx_kl            | 0.012416208 |
|    clip_fraction        | 0.116       |
|    clip_range           | 0.2         |
|    entropy_loss         | -1.98       |
|    explained_variance   | 0.987       |
|    learning_rate        | 0.0003      |
|    loss                 | 0.00535     |
|    n_updates            | 2670        |
|    policy_gradient_loss | -0.0157     |
|    std                  | 0.417       |
|    value_loss           | 0.0688      |
-----------------------------------------
------------------------------------------
| rollout/                |              |
|    ep_len_mean          | 300          |
|    ep_rew_mean          | -61.9        |
| time/                   |              |
|    fps                  | 274          |
|    iterations           | 269          |
|    time_elapsed         | 501          |
|    total_timesteps      | 137728       |
| train/                  |              |
|    approx_kl            | 0.0083622495 |
|    clip_fraction        | 0.13         |
|    clip_range           | 0.2          |
|    entropy_loss         | -1.98        |
|    explained_variance   | 0.98         |
|    learning_rate        | 0.0003       |
|    loss                 | 0.0193       |
|    n_updates            | 2680         |
|    policy_gradient_loss | -0.0173      |
|    std                  | 0.418        |
|    value_loss           | 0.102        |
------------------------------------------
-----------------------------------------
| rollout/                |             |
|    ep_len_mean          | 300         |
|    ep_rew_mean          | -62         |
| time/                   |             |
|    fps                  | 274         |
|    iterations           | 270         |
|    time_elapsed         | 503         |
|    total_timesteps      | 138240      |
| train/                  |             |
|    approx_kl            | 0.021280471 |
|    clip_fraction        | 0.169       |
|    clip_range           | 0.2         |
|    entropy_loss         | -1.98       |
|    explained_variance   | 0.994       |
|    learning_rate        | 0.0003      |
|    loss                 | -0.0148     |
|    n_updates            | 2690        |
|    policy_gradient_loss | -0.025      |
|    std                  | 0.418       |
|    value_loss           | 0.0349      |
-----------------------------------------
-----------------------------------------
| rollout/                |             |
|    ep_len_mean          | 300         |
|    ep_rew_mean          | -61.8       |
| time/                   |             |
|    fps                  | 273         |
|    iterations           | 271         |
|    time_elapsed         | 506         |
|    total_timesteps      | 138752      |
| train/                  |             |
|    approx_kl            | 0.011975585 |
|    clip_fraction        | 0.133       |
|    clip_range           | 0.2         |
|    entropy_loss         | -1.97       |
|    explained_variance   | 0.982       |
|    learning_rate        | 0.0003      |
|    loss                 | 0.00418     |
|    n_updates            | 2700        |
|    policy_gradient_loss | -0.0118     |
|    std                  | 0.416       |
|    value_loss           | 0.0485      |
-----------------------------------------
-----------------------------------------
| rollout/                |             |
|    ep_len_mean          | 300         |
|    ep_rew_mean          | -61.9       |
| time/                   |             |
|    fps                  | 273         |
|    iterations           | 272         |
|    time_elapsed         | 509         |
|    total_timesteps      | 139264      |
| train/                  |             |
|    approx_kl            | 0.012868591 |
|    clip_fraction        | 0.198       |
|    clip_range           | 0.2         |
|    entropy_loss         | -1.95       |
|    explained_variance   | 0.983       |
|    learning_rate        | 0.0003      |
|    loss                 | 0.0227      |
|    n_updates            | 2710        |
|    policy_gradient_loss | -0.0177     |
|    std                  | 0.415       |
|    value_loss           | 0.0826      |
-----------------------------------------
----------------------------------------
| rollout/                |            |
|    ep_len_mean          | 300        |
|    ep_rew_mean          | -61.7      |
| time/                   |            |
|    fps                  | 273        |
|    iterations           | 273        |
|    time_elapsed         | 511        |
|    total_timesteps      | 139776     |
| train/                  |            |
|    approx_kl            | 0.00930954 |
|    clip_fraction        | 0.0924     |
|    clip_range           | 0.2        |
|    entropy_loss         | -1.94      |
|    explained_variance   | 0.962      |
|    learning_rate        | 0.0003     |
|    loss                 | 0.0366     |
|    n_updates            | 2720       |
|    policy_gradient_loss | -0.0159    |
|    std                  | 0.414      |
|    value_loss           | 0.137      |
----------------------------------------
-----------------------------------------
| rollout/                |             |
|    ep_len_mean          | 300         |
|    ep_rew_mean          | -61.4       |
| time/                   |             |
|    fps                  | 272         |
|    iterations           | 274         |
|    time_elapsed         | 513         |
|    total_timesteps      | 140288      |
| train/                  |             |
|    approx_kl            | 0.014659858 |
|    clip_fraction        | 0.15        |
|    clip_range           | 0.2         |
|    entropy_loss         | -1.92       |
|    explained_variance   | 0.989       |
|    learning_rate        | 0.0003      |
|    loss                 | -0.022      |
|    n_updates            | 2730        |
|    policy_gradient_loss | -0.0114     |
|    std                  | 0.411       |
|    value_loss           | 0.029       |
-----------------------------------------
-----------------------------------------
| rollout/                |             |
|    ep_len_mean          | 300         |
|    ep_rew_mean          | -61.3       |
| time/                   |             |
|    fps                  | 272         |
|    iterations           | 275         |
|    time_elapsed         | 516         |
|    total_timesteps      | 140800      |
| train/                  |             |
|    approx_kl            | 0.011585161 |
|    clip_fraction        | 0.123       |
|    clip_range           | 0.2         |
|    entropy_loss         | -1.89       |
|    explained_variance   | 0.989       |
|    learning_rate        | 0.0003      |
|    loss                 | 0.000907    |
|    n_updates            | 2740        |
|    policy_gradient_loss | -0.016      |
|    std                  | 0.409       |
|    value_loss           | 0.0403      |
-----------------------------------------
------------------------------------------
| rollout/                |              |
|    ep_len_mean          | 300          |
|    ep_rew_mean          | -61.3        |
| time/                   |              |
|    fps                  | 272          |
|    iterations           | 276          |
|    time_elapsed         | 518          |
|    total_timesteps      | 141312       |
| train/                  |              |
|    approx_kl            | 0.0155051295 |
|    clip_fraction        | 0.145        |
|    clip_range           | 0.2          |
|    entropy_loss         | -1.88        |
|    explained_variance   | 0.992        |
|    learning_rate        | 0.0003       |
|    loss                 | -0.0216      |
|    n_updates            | 2750         |
|    policy_gradient_loss | -0.0175      |
|    std                  | 0.407        |
|    value_loss           | 0.0236       |
------------------------------------------
------------------------------------------
| rollout/                |              |
|    ep_len_mean          | 300          |
|    ep_rew_mean          | -61.1        |
| time/                   |              |
|    fps                  | 272          |
|    iterations           | 277          |
|    time_elapsed         | 521          |
|    total_timesteps      | 141824       |
| train/                  |              |
|    approx_kl            | 0.0074449596 |
|    clip_fraction        | 0.0951       |
|    clip_range           | 0.2          |
|    entropy_loss         | -1.86        |
|    explained_variance   | 0.987        |
|    learning_rate        | 0.0003       |
|    loss                 | 0.0036       |
|    n_updates            | 2760         |
|    policy_gradient_loss | -0.00687     |
|    std                  | 0.406        |
|    value_loss           | 0.0629       |
------------------------------------------
-----------------------------------------
| rollout/                |             |
|    ep_len_mean          | 300         |
|    ep_rew_mean          | -61         |
| time/                   |             |
|    fps                  | 271         |
|    iterations           | 278         |
|    time_elapsed         | 523         |
|    total_timesteps      | 142336      |
| train/                  |             |
|    approx_kl            | 0.013137184 |
|    clip_fraction        | 0.11        |
|    clip_range           | 0.2         |
|    entropy_loss         | -1.85       |
|    explained_variance   | 0.975       |
|    learning_rate        | 0.0003      |
|    loss                 | 0.0313      |
|    n_updates            | 2770        |
|    policy_gradient_loss | -0.0084     |
|    std                  | 0.405       |
|    value_loss           | 0.0919      |
-----------------------------------------
-----------------------------------------
| rollout/                |             |
|    ep_len_mean          | 300         |
|    ep_rew_mean          | -60.5       |
| time/                   |             |
|    fps                  | 271         |
|    iterations           | 279         |
|    time_elapsed         | 526         |
|    total_timesteps      | 142848      |
| train/                  |             |
|    approx_kl            | 0.008637952 |
|    clip_fraction        | 0.166       |
|    clip_range           | 0.2         |
|    entropy_loss         | -1.83       |
|    explained_variance   | 0.99        |
|    learning_rate        | 0.0003      |
|    loss                 | 0.00261     |
|    n_updates            | 2780        |
|    policy_gradient_loss | -0.0157     |
|    std                  | 0.403       |
|    value_loss           | 0.0559      |
-----------------------------------------
-----------------------------------------
| rollout/                |             |
|    ep_len_mean          | 300         |
|    ep_rew_mean          | -60.3       |
| time/                   |             |
|    fps                  | 270         |
|    iterations           | 280         |
|    time_elapsed         | 529         |
|    total_timesteps      | 143360      |
| train/                  |             |
|    approx_kl            | 0.012587352 |
|    clip_fraction        | 0.159       |
|    clip_range           | 0.2         |
|    entropy_loss         | -1.82       |
|    explained_variance   | 0.991       |
|    learning_rate        | 0.0003      |
|    loss                 | 0.0145      |
|    n_updates            | 2790        |
|    policy_gradient_loss | -0.0197     |
|    std                  | 0.403       |
|    value_loss           | 0.032       |
-----------------------------------------
-----------------------------------------
| rollout/                |             |
|    ep_len_mean          | 300         |
|    ep_rew_mean          | -60.2       |
| time/                   |             |
|    fps                  | 270         |
|    iterations           | 281         |
|    time_elapsed         | 532         |
|    total_timesteps      | 143872      |
| train/                  |             |
|    approx_kl            | 0.011393013 |
|    clip_fraction        | 0.111       |
|    clip_range           | 0.2         |
|    entropy_loss         | -1.81       |
|    explained_variance   | 0.977       |
|    learning_rate        | 0.0003      |
|    loss                 | -0.0155     |
|    n_updates            | 2800        |
|    policy_gradient_loss | -0.0126     |
|    std                  | 0.402       |
|    value_loss           | 0.0332      |
-----------------------------------------
-----------------------------------------
| rollout/                |             |
|    ep_len_mean          | 300         |
|    ep_rew_mean          | -60.3       |
| time/                   |             |
|    fps                  | 269         |
|    iterations           | 282         |
|    time_elapsed         | 535         |
|    total_timesteps      | 144384      |
| train/                  |             |
|    approx_kl            | 0.021687794 |
|    clip_fraction        | 0.137       |
|    clip_range           | 0.2         |
|    entropy_loss         | -1.8        |
|    explained_variance   | 0.981       |
|    learning_rate        | 0.0003      |
|    loss                 | -0.028      |
|    n_updates            | 2810        |
|    policy_gradient_loss | -0.0196     |
|    std                  | 0.403       |
|    value_loss           | 0.0485      |
-----------------------------------------
-----------------------------------------
| rollout/                |             |
|    ep_len_mean          | 300         |
|    ep_rew_mean          | -60.2       |
| time/                   |             |
|    fps                  | 269         |
|    iterations           | 283         |
|    time_elapsed         | 538         |
|    total_timesteps      | 144896      |
| train/                  |             |
|    approx_kl            | 0.009946695 |
|    clip_fraction        | 0.201       |
|    clip_range           | 0.2         |
|    entropy_loss         | -1.8        |
|    explained_variance   | 0.973       |
|    learning_rate        | 0.0003      |
|    loss                 | 0.0149      |
|    n_updates            | 2820        |
|    policy_gradient_loss | -0.0119     |
|    std                  | 0.401       |
|    value_loss           | 0.111       |
-----------------------------------------
-----------------------------------------
| rollout/                |             |
|    ep_len_mean          | 300         |
|    ep_rew_mean          | -60.1       |
| time/                   |             |
|    fps                  | 268         |
|    iterations           | 284         |
|    time_elapsed         | 541         |
|    total_timesteps      | 145408      |
| train/                  |             |
|    approx_kl            | 0.022134801 |
|    clip_fraction        | 0.215       |
|    clip_range           | 0.2         |
|    entropy_loss         | -1.79       |
|    explained_variance   | 0.983       |
|    learning_rate        | 0.0003      |
|    loss                 | -0.0231     |
|    n_updates            | 2830        |
|    policy_gradient_loss | -0.0312     |
|    std                  | 0.399       |
|    value_loss           | 0.0304      |
-----------------------------------------
-----------------------------------------
| rollout/                |             |
|    ep_len_mean          | 300         |
|    ep_rew_mean          | -60.1       |
| time/                   |             |
|    fps                  | 268         |
|    iterations           | 285         |
|    time_elapsed         | 543         |
|    total_timesteps      | 145920      |
| train/                  |             |
|    approx_kl            | 0.014482156 |
|    clip_fraction        | 0.138       |
|    clip_range           | 0.2         |
|    entropy_loss         | -1.77       |
|    explained_variance   | 0.984       |
|    learning_rate        | 0.0003      |
|    loss                 | 0.0123      |
|    n_updates            | 2840        |
|    policy_gradient_loss | -0.0117     |
|    std                  | 0.397       |
|    value_loss           | 0.0378      |
-----------------------------------------
-----------------------------------------
| rollout/                |             |
|    ep_len_mean          | 300         |
|    ep_rew_mean          | -60.1       |
| time/                   |             |
|    fps                  | 267         |
|    iterations           | 286         |
|    time_elapsed         | 546         |
|    total_timesteps      | 146432      |
| train/                  |             |
|    approx_kl            | 0.016260717 |
|    clip_fraction        | 0.113       |
|    clip_range           | 0.2         |
|    entropy_loss         | -1.75       |
|    explained_variance   | 0.989       |
|    learning_rate        | 0.0003      |
|    loss                 | -0.0267     |
|    n_updates            | 2850        |
|    policy_gradient_loss | -0.0208     |
|    std                  | 0.396       |
|    value_loss           | 0.0265      |
-----------------------------------------
----------------------------------------
| rollout/                |            |
|    ep_len_mean          | 300        |
|    ep_rew_mean          | -60.1      |
| time/                   |            |
|    fps                  | 268        |
|    iterations           | 287        |
|    time_elapsed         | 548        |
|    total_timesteps      | 146944     |
| train/                  |            |
|    approx_kl            | 0.00693651 |
|    clip_fraction        | 0.135      |
|    clip_range           | 0.2        |
|    entropy_loss         | -1.73      |
|    explained_variance   | 0.987      |
|    learning_rate        | 0.0003     |
|    loss                 | -0.011     |
|    n_updates            | 2860       |
|    policy_gradient_loss | -0.024     |
|    std                  | 0.395      |
|    value_loss           | 0.0351     |
----------------------------------------
-----------------------------------------
| rollout/                |             |
|    ep_len_mean          | 300         |
|    ep_rew_mean          | -60.1       |
| time/                   |             |
|    fps                  | 268         |
|    iterations           | 288         |
|    time_elapsed         | 549         |
|    total_timesteps      | 147456      |
| train/                  |             |
|    approx_kl            | 0.007378366 |
|    clip_fraction        | 0.0803      |
|    clip_range           | 0.2         |
|    entropy_loss         | -1.73       |
|    explained_variance   | 0.985       |
|    learning_rate        | 0.0003      |
|    loss                 | 0.0123      |
|    n_updates            | 2870        |
|    policy_gradient_loss | -0.0107     |
|    std                  | 0.396       |
|    value_loss           | 0.0374      |
-----------------------------------------
----------------------------------------
| rollout/                |            |
|    ep_len_mean          | 300        |
|    ep_rew_mean          | -60.1      |
| time/                   |            |
|    fps                  | 268        |
|    iterations           | 289        |
|    time_elapsed         | 551        |
|    total_timesteps      | 147968     |
| train/                  |            |
|    approx_kl            | 0.01820685 |
|    clip_fraction        | 0.126      |
|    clip_range           | 0.2        |
|    entropy_loss         | -1.72      |
|    explained_variance   | 0.983      |
|    learning_rate        | 0.0003     |
|    loss                 | 0.00715    |
|    n_updates            | 2880       |
|    policy_gradient_loss | -0.0283    |
|    std                  | 0.394      |
|    value_loss           | 0.0458     |
----------------------------------------
-----------------------------------------
| rollout/                |             |
|    ep_len_mean          | 300         |
|    ep_rew_mean          | -60.2       |
| time/                   |             |
|    fps                  | 268         |
|    iterations           | 290         |
|    time_elapsed         | 552         |
|    total_timesteps      | 148480      |
| train/                  |             |
|    approx_kl            | 0.010497097 |
|    clip_fraction        | 0.147       |
|    clip_range           | 0.2         |
|    entropy_loss         | -1.71       |
|    explained_variance   | 0.977       |
|    learning_rate        | 0.0003      |
|    loss                 | 0.0439      |
|    n_updates            | 2890        |
|    policy_gradient_loss | -0.0128     |
|    std                  | 0.395       |
|    value_loss           | 0.116       |
-----------------------------------------
------------------------------------------
| rollout/                |              |
|    ep_len_mean          | 300          |
|    ep_rew_mean          | -60          |
| time/                   |              |
|    fps                  | 268          |
|    iterations           | 291          |
|    time_elapsed         | 554          |
|    total_timesteps      | 148992       |
| train/                  |              |
|    approx_kl            | 0.0057563437 |
|    clip_fraction        | 0.0904       |
|    clip_range           | 0.2          |
|    entropy_loss         | -1.72        |
|    explained_variance   | 0.98         |
|    learning_rate        | 0.0003       |
|    loss                 | -0.0305      |
|    n_updates            | 2900         |
|    policy_gradient_loss | -0.00626     |
|    std                  | 0.396        |
|    value_loss           | 0.0747       |
------------------------------------------
-----------------------------------------
| rollout/                |             |
|    ep_len_mean          | 300         |
|    ep_rew_mean          | -60         |
| time/                   |             |
|    fps                  | 268         |
|    iterations           | 292         |
|    time_elapsed         | 555         |
|    total_timesteps      | 149504      |
| train/                  |             |
|    approx_kl            | 0.011819669 |
|    clip_fraction        | 0.13        |
|    clip_range           | 0.2         |
|    entropy_loss         | -1.72       |
|    explained_variance   | 0.986       |
|    learning_rate        | 0.0003      |
|    loss                 | 0.00848     |
|    n_updates            | 2910        |
|    policy_gradient_loss | -0.0113     |
|    std                  | 0.395       |
|    value_loss           | 0.0641      |
-----------------------------------------
-----------------------------------------
| rollout/                |             |
|    ep_len_mean          | 300         |
|    ep_rew_mean          | -59.8       |
| time/                   |             |
|    fps                  | 268         |
|    iterations           | 293         |
|    time_elapsed         | 557         |
|    total_timesteps      | 150016      |
| train/                  |             |
|    approx_kl            | 0.010104258 |
|    clip_fraction        | 0.122       |
|    clip_range           | 0.2         |
|    entropy_loss         | -1.7        |
|    explained_variance   | 0.988       |
|    learning_rate        | 0.0003      |
|    loss                 | 0.00669     |
|    n_updates            | 2920        |
|    policy_gradient_loss | -0.012      |
|    std                  | 0.392       |
|    value_loss           | 0.0616      |
-----------------------------------------
-----------------------------------------
| rollout/                |             |
|    ep_len_mean          | 300         |
|    ep_rew_mean          | -59.9       |
| time/                   |             |
|    fps                  | 267         |
|    iterations           | 294         |
|    time_elapsed         | 562         |
|    total_timesteps      | 150528      |
| train/                  |             |
|    approx_kl            | 0.009251138 |
|    clip_fraction        | 0.143       |
|    clip_range           | 0.2         |
|    entropy_loss         | -1.68       |
|    explained_variance   | 0.981       |
|    learning_rate        | 0.0003      |
|    loss                 | -0.0156     |
|    n_updates            | 2930        |
|    policy_gradient_loss | -0.013      |
|    std                  | 0.391       |
|    value_loss           | 0.0341      |
-----------------------------------------
-----------------------------------------
| rollout/                |             |
|    ep_len_mean          | 300         |
|    ep_rew_mean          | -59.8       |
| time/                   |             |
|    fps                  | 266         |
|    iterations           | 295         |
|    time_elapsed         | 567         |
|    total_timesteps      | 151040      |
| train/                  |             |
|    approx_kl            | 0.013584806 |
|    clip_fraction        | 0.138       |
|    clip_range           | 0.2         |
|    entropy_loss         | -1.66       |
|    explained_variance   | 0.988       |
|    learning_rate        | 0.0003      |
|    loss                 | 0.00421     |
|    n_updates            | 2940        |
|    policy_gradient_loss | -0.0159     |
|    std                  | 0.39        |
|    value_loss           | 0.0336      |
-----------------------------------------
-----------------------------------------
| rollout/                |             |
|    ep_len_mean          | 300         |
|    ep_rew_mean          | -59.7       |
| time/                   |             |
|    fps                  | 266         |
|    iterations           | 296         |
|    time_elapsed         | 569         |
|    total_timesteps      | 151552      |
| train/                  |             |
|    approx_kl            | 0.015252486 |
|    clip_fraction        | 0.12        |
|    clip_range           | 0.2         |
|    entropy_loss         | -1.66       |
|    explained_variance   | 0.983       |
|    learning_rate        | 0.0003      |
|    loss                 | 0.0121      |
|    n_updates            | 2950        |
|    policy_gradient_loss | -0.0208     |
|    std                  | 0.389       |
|    value_loss           | 0.0817      |
-----------------------------------------
-----------------------------------------
| rollout/                |             |
|    ep_len_mean          | 300         |
|    ep_rew_mean          | -59.7       |
| time/                   |             |
|    fps                  | 265         |
|    iterations           | 297         |
|    time_elapsed         | 572         |
|    total_timesteps      | 152064      |
| train/                  |             |
|    approx_kl            | 0.007813102 |
|    clip_fraction        | 0.156       |
|    clip_range           | 0.2         |
|    entropy_loss         | -1.64       |
|    explained_variance   | 0.987       |
|    learning_rate        | 0.0003      |
|    loss                 | -0.00777    |
|    n_updates            | 2960        |
|    policy_gradient_loss | -0.0155     |
|    std                  | 0.387       |
|    value_loss           | 0.0519      |
-----------------------------------------
------------------------------------------
| rollout/                |              |
|    ep_len_mean          | 300          |
|    ep_rew_mean          | -59.7        |
| time/                   |              |
|    fps                  | 265          |
|    iterations           | 298          |
|    time_elapsed         | 574          |
|    total_timesteps      | 152576       |
| train/                  |              |
|    approx_kl            | 0.0072173784 |
|    clip_fraction        | 0.121        |
|    clip_range           | 0.2          |
|    entropy_loss         | -1.61        |
|    explained_variance   | 0.897        |
|    learning_rate        | 0.0003       |
|    loss                 | 0.0425       |
|    n_updates            | 2970         |
|    policy_gradient_loss | -0.012       |
|    std                  | 0.386        |
|    value_loss           | 0.168        |
------------------------------------------
-----------------------------------------
| rollout/                |             |
|    ep_len_mean          | 300         |
|    ep_rew_mean          | -59.8       |
| time/                   |             |
|    fps                  | 264         |
|    iterations           | 299         |
|    time_elapsed         | 577         |
|    total_timesteps      | 153088      |
| train/                  |             |
|    approx_kl            | 0.014071083 |
|    clip_fraction        | 0.234       |
|    clip_range           | 0.2         |
|    entropy_loss         | -1.59       |
|    explained_variance   | 0.987       |
|    learning_rate        | 0.0003      |
|    loss                 | 0.00398     |
|    n_updates            | 2980        |
|    policy_gradient_loss | -0.0244     |
|    std                  | 0.384       |
|    value_loss           | 0.0678      |
-----------------------------------------
-----------------------------------------
| rollout/                |             |
|    ep_len_mean          | 300         |
|    ep_rew_mean          | -59.9       |
| time/                   |             |
|    fps                  | 264         |
|    iterations           | 300         |
|    time_elapsed         | 580         |
|    total_timesteps      | 153600      |
| train/                  |             |
|    approx_kl            | 0.019155815 |
|    clip_fraction        | 0.209       |
|    clip_range           | 0.2         |
|    entropy_loss         | -1.57       |
|    explained_variance   | 0.989       |
|    learning_rate        | 0.0003      |
|    loss                 | 0.0146      |
|    n_updates            | 2990        |
|    policy_gradient_loss | -0.0197     |
|    std                  | 0.382       |
|    value_loss           | 0.0497      |
-----------------------------------------
-----------------------------------------
| rollout/                |             |
|    ep_len_mean          | 300         |
|    ep_rew_mean          | -59.8       |
| time/                   |             |
|    fps                  | 264         |
|    iterations           | 301         |
|    time_elapsed         | 583         |
|    total_timesteps      | 154112      |
| train/                  |             |
|    approx_kl            | 0.008158525 |
|    clip_fraction        | 0.111       |
|    clip_range           | 0.2         |
|    entropy_loss         | -1.56       |
|    explained_variance   | 0.987       |
|    learning_rate        | 0.0003      |
|    loss                 | -0.0149     |
|    n_updates            | 3000        |
|    policy_gradient_loss | -0.00767    |
|    std                  | 0.381       |
|    value_loss           | 0.0519      |
-----------------------------------------
-----------------------------------------
| rollout/                |             |
|    ep_len_mean          | 300         |
|    ep_rew_mean          | -59.8       |
| time/                   |             |
|    fps                  | 263         |
|    iterations           | 302         |
|    time_elapsed         | 585         |
|    total_timesteps      | 154624      |
| train/                  |             |
|    approx_kl            | 0.012019375 |
|    clip_fraction        | 0.14        |
|    clip_range           | 0.2         |
|    entropy_loss         | -1.55       |
|    explained_variance   | 0.97        |
|    learning_rate        | 0.0003      |
|    loss                 | 0.0491      |
|    n_updates            | 3010        |
|    policy_gradient_loss | -0.00926    |
|    std                  | 0.381       |
|    value_loss           | 0.132       |
-----------------------------------------
------------------------------------------
| rollout/                |              |
|    ep_len_mean          | 300          |
|    ep_rew_mean          | -59.7        |
| time/                   |              |
|    fps                  | 263          |
|    iterations           | 303          |
|    time_elapsed         | 588          |
|    total_timesteps      | 155136       |
| train/                  |              |
|    approx_kl            | 0.0056359535 |
|    clip_fraction        | 0.137        |
|    clip_range           | 0.2          |
|    entropy_loss         | -1.55        |
|    explained_variance   | 0.975        |
|    learning_rate        | 0.0003       |
|    loss                 | 0.0423       |
|    n_updates            | 3020         |
|    policy_gradient_loss | -0.0134      |
|    std                  | 0.381        |
|    value_loss           | 0.15         |
------------------------------------------
-----------------------------------------
| rollout/                |             |
|    ep_len_mean          | 300         |
|    ep_rew_mean          | -59.7       |
| time/                   |             |
|    fps                  | 263         |
|    iterations           | 304         |
|    time_elapsed         | 590         |
|    total_timesteps      | 155648      |
| train/                  |             |
|    approx_kl            | 0.012578612 |
|    clip_fraction        | 0.138       |
|    clip_range           | 0.2         |
|    entropy_loss         | -1.55       |
|    explained_variance   | 0.992       |
|    learning_rate        | 0.0003      |
|    loss                 | -0.0116     |
|    n_updates            | 3030        |
|    policy_gradient_loss | -0.013      |
|    std                  | 0.38        |
|    value_loss           | 0.0406      |
-----------------------------------------
-----------------------------------------
| rollout/                |             |
|    ep_len_mean          | 300         |
|    ep_rew_mean          | -59.6       |
| time/                   |             |
|    fps                  | 263         |
|    iterations           | 305         |
|    time_elapsed         | 592         |
|    total_timesteps      | 156160      |
| train/                  |             |
|    approx_kl            | 0.019611567 |
|    clip_fraction        | 0.248       |
|    clip_range           | 0.2         |
|    entropy_loss         | -1.54       |
|    explained_variance   | 0.95        |
|    learning_rate        | 0.0003      |
|    loss                 | 0.0164      |
|    n_updates            | 3040        |
|    policy_gradient_loss | -0.0175     |
|    std                  | 0.379       |
|    value_loss           | 0.0653      |
-----------------------------------------
-----------------------------------------
| rollout/                |             |
|    ep_len_mean          | 300         |
|    ep_rew_mean          | -59.6       |
| time/                   |             |
|    fps                  | 262         |
|    iterations           | 306         |
|    time_elapsed         | 595         |
|    total_timesteps      | 156672      |
| train/                  |             |
|    approx_kl            | 0.010144948 |
|    clip_fraction        | 0.176       |
|    clip_range           | 0.2         |
|    entropy_loss         | -1.53       |
|    explained_variance   | 0.984       |
|    learning_rate        | 0.0003      |
|    loss                 | -0.00249    |
|    n_updates            | 3050        |
|    policy_gradient_loss | -0.0182     |
|    std                  | 0.379       |
|    value_loss           | 0.104       |
-----------------------------------------
-----------------------------------------
| rollout/                |             |
|    ep_len_mean          | 300         |
|    ep_rew_mean          | -59.6       |
| time/                   |             |
|    fps                  | 262         |
|    iterations           | 307         |
|    time_elapsed         | 598         |
|    total_timesteps      | 157184      |
| train/                  |             |
|    approx_kl            | 0.017720295 |
|    clip_fraction        | 0.198       |
|    clip_range           | 0.2         |
|    entropy_loss         | -1.53       |
|    explained_variance   | 0.988       |
|    learning_rate        | 0.0003      |
|    loss                 | 0.0368      |
|    n_updates            | 3060        |
|    policy_gradient_loss | -0.0155     |
|    std                  | 0.377       |
|    value_loss           | 0.0574      |
-----------------------------------------
-----------------------------------------
| rollout/                |             |
|    ep_len_mean          | 300         |
|    ep_rew_mean          | -59.7       |
| time/                   |             |
|    fps                  | 262         |
|    iterations           | 308         |
|    time_elapsed         | 600         |
|    total_timesteps      | 157696      |
| train/                  |             |
|    approx_kl            | 0.010451952 |
|    clip_fraction        | 0.0828      |
|    clip_range           | 0.2         |
|    entropy_loss         | -1.52       |
|    explained_variance   | 0.992       |
|    learning_rate        | 0.0003      |
|    loss                 | 0.00297     |
|    n_updates            | 3070        |
|    policy_gradient_loss | -0.0106     |
|    std                  | 0.377       |
|    value_loss           | 0.0294      |
-----------------------------------------
-----------------------------------------
| rollout/                |             |
|    ep_len_mean          | 300         |
|    ep_rew_mean          | -59.6       |
| time/                   |             |
|    fps                  | 262         |
|    iterations           | 309         |
|    time_elapsed         | 603         |
|    total_timesteps      | 158208      |
| train/                  |             |
|    approx_kl            | 0.015381895 |
|    clip_fraction        | 0.177       |
|    clip_range           | 0.2         |
|    entropy_loss         | -1.51       |
|    explained_variance   | 0.982       |
|    learning_rate        | 0.0003      |
|    loss                 | 0.0493      |
|    n_updates            | 3080        |
|    policy_gradient_loss | -0.0142     |
|    std                  | 0.376       |
|    value_loss           | 0.0956      |
-----------------------------------------
-----------------------------------------
| rollout/                |             |
|    ep_len_mean          | 300         |
|    ep_rew_mean          | -59.6       |
| time/                   |             |
|    fps                  | 262         |
|    iterations           | 310         |
|    time_elapsed         | 605         |
|    total_timesteps      | 158720      |
| train/                  |             |
|    approx_kl            | 0.010283219 |
|    clip_fraction        | 0.0982      |
|    clip_range           | 0.2         |
|    entropy_loss         | -1.5        |
|    explained_variance   | 0.986       |
|    learning_rate        | 0.0003      |
|    loss                 | -0.00822    |
|    n_updates            | 3090        |
|    policy_gradient_loss | -0.0166     |
|    std                  | 0.376       |
|    value_loss           | 0.0872      |
-----------------------------------------
-----------------------------------------
| rollout/                |             |
|    ep_len_mean          | 300         |
|    ep_rew_mean          | -59.7       |
| time/                   |             |
|    fps                  | 261         |
|    iterations           | 311         |
|    time_elapsed         | 608         |
|    total_timesteps      | 159232      |
| train/                  |             |
|    approx_kl            | 0.022662468 |
|    clip_fraction        | 0.176       |
|    clip_range           | 0.2         |
|    entropy_loss         | -1.49       |
|    explained_variance   | 0.998       |
|    learning_rate        | 0.0003      |
|    loss                 | -0.0548     |
|    n_updates            | 3100        |
|    policy_gradient_loss | -0.0219     |
|    std                  | 0.375       |
|    value_loss           | 0.0206      |
-----------------------------------------
-----------------------------------------
| rollout/                |             |
|    ep_len_mean          | 300         |
|    ep_rew_mean          | -59.8       |
| time/                   |             |
|    fps                  | 261         |
|    iterations           | 312         |
|    time_elapsed         | 611         |
|    total_timesteps      | 159744      |
| train/                  |             |
|    approx_kl            | 0.011989564 |
|    clip_fraction        | 0.132       |
|    clip_range           | 0.2         |
|    entropy_loss         | -1.47       |
|    explained_variance   | 0.986       |
|    learning_rate        | 0.0003      |
|    loss                 | 0.0188      |
|    n_updates            | 3110        |
|    policy_gradient_loss | -0.0184     |
|    std                  | 0.372       |
|    value_loss           | 0.0587      |
-----------------------------------------
-----------------------------------------
| rollout/                |             |
|    ep_len_mean          | 300         |
|    ep_rew_mean          | -59.6       |
| time/                   |             |
|    fps                  | 261         |
|    iterations           | 313         |
|    time_elapsed         | 613         |
|    total_timesteps      | 160256      |
| train/                  |             |
|    approx_kl            | 0.010542064 |
|    clip_fraction        | 0.185       |
|    clip_range           | 0.2         |
|    entropy_loss         | -1.45       |
|    explained_variance   | 0.988       |
|    learning_rate        | 0.0003      |
|    loss                 | -0.0212     |
|    n_updates            | 3120        |
|    policy_gradient_loss | -0.02       |
|    std                  | 0.372       |
|    value_loss           | 0.0459      |
-----------------------------------------
-----------------------------------------
| rollout/                |             |
|    ep_len_mean          | 300         |
|    ep_rew_mean          | -59.7       |
| time/                   |             |
|    fps                  | 261         |
|    iterations           | 314         |
|    time_elapsed         | 615         |
|    total_timesteps      | 160768      |
| train/                  |             |
|    approx_kl            | 0.007889451 |
|    clip_fraction        | 0.0926      |
|    clip_range           | 0.2         |
|    entropy_loss         | -1.44       |
|    explained_variance   | 0.992       |
|    learning_rate        | 0.0003      |
|    loss                 | 0.0249      |
|    n_updates            | 3130        |
|    policy_gradient_loss | -0.0114     |
|    std                  | 0.37        |
|    value_loss           | 0.0432      |
-----------------------------------------
---------------------------------------
| rollout/                |           |
|    ep_len_mean          | 300       |
|    ep_rew_mean          | -59.7     |
| time/                   |           |
|    fps                  | 261       |
|    iterations           | 315       |
|    time_elapsed         | 617       |
|    total_timesteps      | 161280    |
| train/                  |           |
|    approx_kl            | 0.0258074 |
|    clip_fraction        | 0.253     |
|    clip_range           | 0.2       |
|    entropy_loss         | -1.42     |
|    explained_variance   | 0.974     |
|    learning_rate        | 0.0003    |
|    loss                 | -0.0267   |
|    n_updates            | 3140      |
|    policy_gradient_loss | -0.0272   |
|    std                  | 0.369     |
|    value_loss           | 0.0316    |
---------------------------------------
-----------------------------------------
| rollout/                |             |
|    ep_len_mean          | 300         |
|    ep_rew_mean          | -59.7       |
| time/                   |             |
|    fps                  | 261         |
|    iterations           | 316         |
|    time_elapsed         | 619         |
|    total_timesteps      | 161792      |
| train/                  |             |
|    approx_kl            | 0.026815519 |
|    clip_fraction        | 0.17        |
|    clip_range           | 0.2         |
|    entropy_loss         | -1.41       |
|    explained_variance   | 0.981       |
|    learning_rate        | 0.0003      |
|    loss                 | 0.0181      |
|    n_updates            | 3150        |
|    policy_gradient_loss | -0.0132     |
|    std                  | 0.369       |
|    value_loss           | 0.0908      |
-----------------------------------------
-----------------------------------------
| rollout/                |             |
|    ep_len_mean          | 300         |
|    ep_rew_mean          | -59.6       |
| time/                   |             |
|    fps                  | 261         |
|    iterations           | 317         |
|    time_elapsed         | 621         |
|    total_timesteps      | 162304      |
| train/                  |             |
|    approx_kl            | 0.010695919 |
|    clip_fraction        | 0.155       |
|    clip_range           | 0.2         |
|    entropy_loss         | -1.4        |
|    explained_variance   | 0.99        |
|    learning_rate        | 0.0003      |
|    loss                 | 0.022       |
|    n_updates            | 3160        |
|    policy_gradient_loss | -0.0119     |
|    std                  | 0.367       |
|    value_loss           | 0.0382      |
-----------------------------------------
-----------------------------------------
| rollout/                |             |
|    ep_len_mean          | 300         |
|    ep_rew_mean          | -59.6       |
| time/                   |             |
|    fps                  | 261         |
|    iterations           | 318         |
|    time_elapsed         | 622         |
|    total_timesteps      | 162816      |
| train/                  |             |
|    approx_kl            | 0.012943866 |
|    clip_fraction        | 0.13        |
|    clip_range           | 0.2         |
|    entropy_loss         | -1.37       |
|    explained_variance   | 0.987       |
|    learning_rate        | 0.0003      |
|    loss                 | -0.0104     |
|    n_updates            | 3170        |
|    policy_gradient_loss | -0.0144     |
|    std                  | 0.365       |
|    value_loss           | 0.0302      |
-----------------------------------------
-----------------------------------------
| rollout/                |             |
|    ep_len_mean          | 300         |
|    ep_rew_mean          | -59.6       |
| time/                   |             |
|    fps                  | 261         |
|    iterations           | 319         |
|    time_elapsed         | 624         |
|    total_timesteps      | 163328      |
| train/                  |             |
|    approx_kl            | 0.011455359 |
|    clip_fraction        | 0.196       |
|    clip_range           | 0.2         |
|    entropy_loss         | -1.36       |
|    explained_variance   | 0.888       |
|    learning_rate        | 0.0003      |
|    loss                 | 0.107       |
|    n_updates            | 3180        |
|    policy_gradient_loss | -0.00802    |
|    std                  | 0.365       |
|    value_loss           | 0.306       |
-----------------------------------------
----------------------------------------
| rollout/                |            |
|    ep_len_mean          | 300        |
|    ep_rew_mean          | -59.7      |
| time/                   |            |
|    fps                  | 261        |
|    iterations           | 320        |
|    time_elapsed         | 625        |
|    total_timesteps      | 163840     |
| train/                  |            |
|    approx_kl            | 0.01266606 |
|    clip_fraction        | 0.178      |
|    clip_range           | 0.2        |
|    entropy_loss         | -1.35      |
|    explained_variance   | 0.929      |
|    learning_rate        | 0.0003     |
|    loss                 | 0.0689     |
|    n_updates            | 3190       |
|    policy_gradient_loss | -0.0176    |
|    std                  | 0.363      |
|    value_loss           | 0.274      |
----------------------------------------
-----------------------------------------
| rollout/                |             |
|    ep_len_mean          | 300         |
|    ep_rew_mean          | -59.8       |
| time/                   |             |
|    fps                  | 261         |
|    iterations           | 321         |
|    time_elapsed         | 627         |
|    total_timesteps      | 164352      |
| train/                  |             |
|    approx_kl            | 0.016473334 |
|    clip_fraction        | 0.15        |
|    clip_range           | 0.2         |
|    entropy_loss         | -1.33       |
|    explained_variance   | 0.959       |
|    learning_rate        | 0.0003      |
|    loss                 | 0.0498      |
|    n_updates            | 3200        |
|    policy_gradient_loss | -0.0117     |
|    std                  | 0.363       |
|    value_loss           | 0.167       |
-----------------------------------------
------------------------------------------
| rollout/                |              |
|    ep_len_mean          | 300          |
|    ep_rew_mean          | -59.9        |
| time/                   |              |
|    fps                  | 262          |
|    iterations           | 322          |
|    time_elapsed         | 629          |
|    total_timesteps      | 164864       |
| train/                  |              |
|    approx_kl            | 0.0102586355 |
|    clip_fraction        | 0.132        |
|    clip_range           | 0.2          |
|    entropy_loss         | -1.32        |
|    explained_variance   | 0.947        |
|    learning_rate        | 0.0003       |
|    loss                 | -0.0235      |
|    n_updates            | 3210         |
|    policy_gradient_loss | -0.0167      |
|    std                  | 0.361        |
|    value_loss           | 0.0458       |
------------------------------------------
----------------------------------------
| rollout/                |            |
|    ep_len_mean          | 300        |
|    ep_rew_mean          | -59.7      |
| time/                   |            |
|    fps                  | 262        |
|    iterations           | 323        |
|    time_elapsed         | 630        |
|    total_timesteps      | 165376     |
| train/                  |            |
|    approx_kl            | 0.01861531 |
|    clip_fraction        | 0.181      |
|    clip_range           | 0.2        |
|    entropy_loss         | -1.32      |
|    explained_variance   | 0.977      |
|    learning_rate        | 0.0003     |
|    loss                 | 0.0591     |
|    n_updates            | 3220       |
|    policy_gradient_loss | -0.0235    |
|    std                  | 0.363      |
|    value_loss           | 0.112      |
----------------------------------------
-----------------------------------------
| rollout/                |             |
|    ep_len_mean          | 300         |
|    ep_rew_mean          | -59.5       |
| time/                   |             |
|    fps                  | 262         |
|    iterations           | 324         |
|    time_elapsed         | 632         |
|    total_timesteps      | 165888      |
| train/                  |             |
|    approx_kl            | 0.012480006 |
|    clip_fraction        | 0.185       |
|    clip_range           | 0.2         |
|    entropy_loss         | -1.32       |
|    explained_variance   | 0.993       |
|    learning_rate        | 0.0003      |
|    loss                 | -0.0223     |
|    n_updates            | 3230        |
|    policy_gradient_loss | -0.0242     |
|    std                  | 0.362       |
|    value_loss           | 0.0425      |
-----------------------------------------
-----------------------------------------
| rollout/                |             |
|    ep_len_mean          | 300         |
|    ep_rew_mean          | -59.6       |
| time/                   |             |
|    fps                  | 262         |
|    iterations           | 325         |
|    time_elapsed         | 634         |
|    total_timesteps      | 166400      |
| train/                  |             |
|    approx_kl            | 0.026070574 |
|    clip_fraction        | 0.168       |
|    clip_range           | 0.2         |
|    entropy_loss         | -1.3        |
|    explained_variance   | 0.989       |
|    learning_rate        | 0.0003      |
|    loss                 | 0.0244      |
|    n_updates            | 3240        |
|    policy_gradient_loss | -0.0172     |
|    std                  | 0.36        |
|    value_loss           | 0.0361      |
-----------------------------------------
-----------------------------------------
| rollout/                |             |
|    ep_len_mean          | 300         |
|    ep_rew_mean          | -59.6       |
| time/                   |             |
|    fps                  | 262         |
|    iterations           | 326         |
|    time_elapsed         | 635         |
|    total_timesteps      | 166912      |
| train/                  |             |
|    approx_kl            | 0.014095444 |
|    clip_fraction        | 0.203       |
|    clip_range           | 0.2         |
|    entropy_loss         | -1.29       |
|    explained_variance   | 0.989       |
|    learning_rate        | 0.0003      |
|    loss                 | 0.00608     |
|    n_updates            | 3250        |
|    policy_gradient_loss | -0.0137     |
|    std                  | 0.359       |
|    value_loss           | 0.083       |
-----------------------------------------
------------------------------------------
| rollout/                |              |
|    ep_len_mean          | 300          |
|    ep_rew_mean          | -59.7        |
| time/                   |              |
|    fps                  | 262          |
|    iterations           | 327          |
|    time_elapsed         | 637          |
|    total_timesteps      | 167424       |
| train/                  |              |
|    approx_kl            | 0.0093640415 |
|    clip_fraction        | 0.146        |
|    clip_range           | 0.2          |
|    entropy_loss         | -1.27        |
|    explained_variance   | 0.985        |
|    learning_rate        | 0.0003       |
|    loss                 | 0.0298       |
|    n_updates            | 3260         |
|    policy_gradient_loss | -0.0139      |
|    std                  | 0.357        |
|    value_loss           | 0.0802       |
------------------------------------------
-----------------------------------------
| rollout/                |             |
|    ep_len_mean          | 300         |
|    ep_rew_mean          | -59.8       |
| time/                   |             |
|    fps                  | 262         |
|    iterations           | 328         |
|    time_elapsed         | 639         |
|    total_timesteps      | 167936      |
| train/                  |             |
|    approx_kl            | 0.017059129 |
|    clip_fraction        | 0.143       |
|    clip_range           | 0.2         |
|    entropy_loss         | -1.26       |
|    explained_variance   | 0.994       |
|    learning_rate        | 0.0003      |
|    loss                 | -0.00439    |
|    n_updates            | 3270        |
|    policy_gradient_loss | -0.0207     |
|    std                  | 0.357       |
|    value_loss           | 0.0412      |
-----------------------------------------
-----------------------------------------
| rollout/                |             |
|    ep_len_mean          | 300         |
|    ep_rew_mean          | -59.8       |
| time/                   |             |
|    fps                  | 262         |
|    iterations           | 329         |
|    time_elapsed         | 640         |
|    total_timesteps      | 168448      |
| train/                  |             |
|    approx_kl            | 0.018848637 |
|    clip_fraction        | 0.156       |
|    clip_range           | 0.2         |
|    entropy_loss         | -1.26       |
|    explained_variance   | 0.976       |
|    learning_rate        | 0.0003      |
|    loss                 | 0.0145      |
|    n_updates            | 3280        |
|    policy_gradient_loss | -0.0199     |
|    std                  | 0.356       |
|    value_loss           | 0.029       |
-----------------------------------------
-----------------------------------------
| rollout/                |             |
|    ep_len_mean          | 300         |
|    ep_rew_mean          | -59.8       |
| time/                   |             |
|    fps                  | 263         |
|    iterations           | 330         |
|    time_elapsed         | 642         |
|    total_timesteps      | 168960      |
| train/                  |             |
|    approx_kl            | 0.014841186 |
|    clip_fraction        | 0.16        |
|    clip_range           | 0.2         |
|    entropy_loss         | -1.25       |
|    explained_variance   | 0.976       |
|    learning_rate        | 0.0003      |
|    loss                 | 0.0201      |
|    n_updates            | 3290        |
|    policy_gradient_loss | -0.0187     |
|    std                  | 0.356       |
|    value_loss           | 0.129       |
-----------------------------------------
------------------------------------------
| rollout/                |              |
|    ep_len_mean          | 300          |
|    ep_rew_mean          | -59.6        |
| time/                   |              |
|    fps                  | 263          |
|    iterations           | 331          |
|    time_elapsed         | 643          |
|    total_timesteps      | 169472       |
| train/                  |              |
|    approx_kl            | 0.0077797733 |
|    clip_fraction        | 0.119        |
|    clip_range           | 0.2          |
|    entropy_loss         | -1.25        |
|    explained_variance   | 0.992        |
|    learning_rate        | 0.0003       |
|    loss                 | 0.000978     |
|    n_updates            | 3300         |
|    policy_gradient_loss | -0.0129      |
|    std                  | 0.356        |
|    value_loss           | 0.0458       |
------------------------------------------
-----------------------------------------
| rollout/                |             |
|    ep_len_mean          | 300         |
|    ep_rew_mean          | -59.9       |
| time/                   |             |
|    fps                  | 263         |
|    iterations           | 332         |
|    time_elapsed         | 645         |
|    total_timesteps      | 169984      |
| train/                  |             |
|    approx_kl            | 0.011727959 |
|    clip_fraction        | 0.121       |
|    clip_range           | 0.2         |
|    entropy_loss         | -1.25       |
|    explained_variance   | 0.962       |
|    learning_rate        | 0.0003      |
|    loss                 | 0.00561     |
|    n_updates            | 3310        |
|    policy_gradient_loss | -0.011      |
|    std                  | 0.356       |
|    value_loss           | 0.0893      |
-----------------------------------------
-----------------------------------------
| rollout/                |             |
|    ep_len_mean          | 300         |
|    ep_rew_mean          | -59.8       |
| time/                   |             |
|    fps                  | 263         |
|    iterations           | 333         |
|    time_elapsed         | 647         |
|    total_timesteps      | 170496      |
| train/                  |             |
|    approx_kl            | 0.012891578 |
|    clip_fraction        | 0.0639      |
|    clip_range           | 0.2         |
|    entropy_loss         | -1.25       |
|    explained_variance   | 0.856       |
|    learning_rate        | 0.0003      |
|    loss                 | 0.0854      |
|    n_updates            | 3320        |
|    policy_gradient_loss | -0.0063     |
|    std                  | 0.356       |
|    value_loss           | 0.439       |
-----------------------------------------
-----------------------------------------
| rollout/                |             |
|    ep_len_mean          | 300         |
|    ep_rew_mean          | -59.9       |
| time/                   |             |
|    fps                  | 263         |
|    iterations           | 334         |
|    time_elapsed         | 649         |
|    total_timesteps      | 171008      |
| train/                  |             |
|    approx_kl            | 0.020781428 |
|    clip_fraction        | 0.171       |
|    clip_range           | 0.2         |
|    entropy_loss         | -1.24       |
|    explained_variance   | 0.976       |
|    learning_rate        | 0.0003      |
|    loss                 | -0.0241     |
|    n_updates            | 3330        |
|    policy_gradient_loss | -0.0156     |
|    std                  | 0.356       |
|    value_loss           | 0.067       |
-----------------------------------------
-----------------------------------------
| rollout/                |             |
|    ep_len_mean          | 300         |
|    ep_rew_mean          | -59.8       |
| time/                   |             |
|    fps                  | 263         |
|    iterations           | 335         |
|    time_elapsed         | 650         |
|    total_timesteps      | 171520      |
| train/                  |             |
|    approx_kl            | 0.019975903 |
|    clip_fraction        | 0.195       |
|    clip_range           | 0.2         |
|    entropy_loss         | -1.24       |
|    explained_variance   | 0.99        |
|    learning_rate        | 0.0003      |
|    loss                 | -0.0238     |
|    n_updates            | 3340        |
|    policy_gradient_loss | -0.0143     |
|    std                  | 0.355       |
|    value_loss           | 0.0149      |
-----------------------------------------
-----------------------------------------
| rollout/                |             |
|    ep_len_mean          | 300         |
|    ep_rew_mean          | -59.8       |
| time/                   |             |
|    fps                  | 263         |
|    iterations           | 336         |
|    time_elapsed         | 652         |
|    total_timesteps      | 172032      |
| train/                  |             |
|    approx_kl            | 0.013051045 |
|    clip_fraction        | 0.101       |
|    clip_range           | 0.2         |
|    entropy_loss         | -1.23       |
|    explained_variance   | 0.976       |
|    learning_rate        | 0.0003      |
|    loss                 | 0.0386      |
|    n_updates            | 3350        |
|    policy_gradient_loss | -0.0154     |
|    std                  | 0.354       |
|    value_loss           | 0.0848      |
-----------------------------------------
-----------------------------------------
| rollout/                |             |
|    ep_len_mean          | 300         |
|    ep_rew_mean          | -60         |
| time/                   |             |
|    fps                  | 263         |
|    iterations           | 337         |
|    time_elapsed         | 654         |
|    total_timesteps      | 172544      |
| train/                  |             |
|    approx_kl            | 0.011351991 |
|    clip_fraction        | 0.141       |
|    clip_range           | 0.2         |
|    entropy_loss         | -1.22       |
|    explained_variance   | 0.987       |
|    learning_rate        | 0.0003      |
|    loss                 | 0.00441     |
|    n_updates            | 3360        |
|    policy_gradient_loss | -0.0145     |
|    std                  | 0.353       |
|    value_loss           | 0.0783      |
-----------------------------------------
-----------------------------------------
| rollout/                |             |
|    ep_len_mean          | 300         |
|    ep_rew_mean          | -60         |
| time/                   |             |
|    fps                  | 263         |
|    iterations           | 338         |
|    time_elapsed         | 656         |
|    total_timesteps      | 173056      |
| train/                  |             |
|    approx_kl            | 0.021168316 |
|    clip_fraction        | 0.233       |
|    clip_range           | 0.2         |
|    entropy_loss         | -1.2        |
|    explained_variance   | 0.981       |
|    learning_rate        | 0.0003      |
|    loss                 | -0.0135     |
|    n_updates            | 3370        |
|    policy_gradient_loss | -0.027      |
|    std                  | 0.351       |
|    value_loss           | 0.0845      |
-----------------------------------------
-----------------------------------------
| rollout/                |             |
|    ep_len_mean          | 300         |
|    ep_rew_mean          | -60.1       |
| time/                   |             |
|    fps                  | 263         |
|    iterations           | 339         |
|    time_elapsed         | 657         |
|    total_timesteps      | 173568      |
| train/                  |             |
|    approx_kl            | 0.013757185 |
|    clip_fraction        | 0.122       |
|    clip_range           | 0.2         |
|    entropy_loss         | -1.2        |
|    explained_variance   | 0.979       |
|    learning_rate        | 0.0003      |
|    loss                 | -0.0239     |
|    n_updates            | 3380        |
|    policy_gradient_loss | -0.0162     |
|    std                  | 0.353       |
|    value_loss           | 0.0275      |
-----------------------------------------
-----------------------------------------
| rollout/                |             |
|    ep_len_mean          | 300         |
|    ep_rew_mean          | -60         |
| time/                   |             |
|    fps                  | 263         |
|    iterations           | 340         |
|    time_elapsed         | 659         |
|    total_timesteps      | 174080      |
| train/                  |             |
|    approx_kl            | 0.019591477 |
|    clip_fraction        | 0.238       |
|    clip_range           | 0.2         |
|    entropy_loss         | -1.21       |
|    explained_variance   | 0.979       |
|    learning_rate        | 0.0003      |
|    loss                 | -0.0417     |
|    n_updates            | 3390        |
|    policy_gradient_loss | -0.0204     |
|    std                  | 0.353       |
|    value_loss           | 0.0609      |
-----------------------------------------
-----------------------------------------
| rollout/                |             |
|    ep_len_mean          | 300         |
|    ep_rew_mean          | -60.1       |
| time/                   |             |
|    fps                  | 263         |
|    iterations           | 341         |
|    time_elapsed         | 662         |
|    total_timesteps      | 174592      |
| train/                  |             |
|    approx_kl            | 0.010473985 |
|    clip_fraction        | 0.167       |
|    clip_range           | 0.2         |
|    entropy_loss         | -1.19       |
|    explained_variance   | 0.99        |
|    learning_rate        | 0.0003      |
|    loss                 | 0.0154      |
|    n_updates            | 3400        |
|    policy_gradient_loss | -0.0154     |
|    std                  | 0.351       |
|    value_loss           | 0.0847      |
-----------------------------------------
-----------------------------------------
| rollout/                |             |
|    ep_len_mean          | 300         |
|    ep_rew_mean          | -60.1       |
| time/                   |             |
|    fps                  | 263         |
|    iterations           | 342         |
|    time_elapsed         | 665         |
|    total_timesteps      | 175104      |
| train/                  |             |
|    approx_kl            | 0.014391027 |
|    clip_fraction        | 0.199       |
|    clip_range           | 0.2         |
|    entropy_loss         | -1.16       |
|    explained_variance   | 0.991       |
|    learning_rate        | 0.0003      |
|    loss                 | -0.00436    |
|    n_updates            | 3410        |
|    policy_gradient_loss | -0.0222     |
|    std                  | 0.349       |
|    value_loss           | 0.0233      |
-----------------------------------------
----------------------------------------
| rollout/                |            |
|    ep_len_mean          | 300        |
|    ep_rew_mean          | -60.2      |
| time/                   |            |
|    fps                  | 262        |
|    iterations           | 343        |
|    time_elapsed         | 668        |
|    total_timesteps      | 175616     |
| train/                  |            |
|    approx_kl            | 0.02674824 |
|    clip_fraction        | 0.202      |
|    clip_range           | 0.2        |
|    entropy_loss         | -1.14      |
|    explained_variance   | 0.985      |
|    learning_rate        | 0.0003     |
|    loss                 | 0.0316     |
|    n_updates            | 3420       |
|    policy_gradient_loss | -0.0233    |
|    std                  | 0.349      |
|    value_loss           | 0.0341     |
----------------------------------------
-----------------------------------------
| rollout/                |             |
|    ep_len_mean          | 300         |
|    ep_rew_mean          | -59.9       |
| time/                   |             |
|    fps                  | 262         |
|    iterations           | 344         |
|    time_elapsed         | 671         |
|    total_timesteps      | 176128      |
| train/                  |             |
|    approx_kl            | 0.013389789 |
|    clip_fraction        | 0.223       |
|    clip_range           | 0.2         |
|    entropy_loss         | -1.14       |
|    explained_variance   | 0.99        |
|    learning_rate        | 0.0003      |
|    loss                 | -0.00559    |
|    n_updates            | 3430        |
|    policy_gradient_loss | -0.0225     |
|    std                  | 0.348       |
|    value_loss           | 0.0649      |
-----------------------------------------
-----------------------------------------
| rollout/                |             |
|    ep_len_mean          | 300         |
|    ep_rew_mean          | -59.8       |
| time/                   |             |
|    fps                  | 261         |
|    iterations           | 345         |
|    time_elapsed         | 674         |
|    total_timesteps      | 176640      |
| train/                  |             |
|    approx_kl            | 0.018252496 |
|    clip_fraction        | 0.16        |
|    clip_range           | 0.2         |
|    entropy_loss         | -1.13       |
|    explained_variance   | 0.988       |
|    learning_rate        | 0.0003      |
|    loss                 | -0.0161     |
|    n_updates            | 3440        |
|    policy_gradient_loss | -0.0211     |
|    std                  | 0.348       |
|    value_loss           | 0.0583      |
-----------------------------------------
------------------------------------------
| rollout/                |              |
|    ep_len_mean          | 300          |
|    ep_rew_mean          | -59.8        |
| time/                   |              |
|    fps                  | 262          |
|    iterations           | 346          |
|    time_elapsed         | 675          |
|    total_timesteps      | 177152       |
| train/                  |              |
|    approx_kl            | 0.0078778695 |
|    clip_fraction        | 0.119        |
|    clip_range           | 0.2          |
|    entropy_loss         | -1.12        |
|    explained_variance   | 0.985        |
|    learning_rate        | 0.0003       |
|    loss                 | -0.00859     |
|    n_updates            | 3450         |
|    policy_gradient_loss | -0.012       |
|    std                  | 0.346        |
|    value_loss           | 0.0166       |
------------------------------------------
-----------------------------------------
| rollout/                |             |
|    ep_len_mean          | 300         |
|    ep_rew_mean          | -59.7       |
| time/                   |             |
|    fps                  | 262         |
|    iterations           | 347         |
|    time_elapsed         | 677         |
|    total_timesteps      | 177664      |
| train/                  |             |
|    approx_kl            | 0.028360844 |
|    clip_fraction        | 0.305       |
|    clip_range           | 0.2         |
|    entropy_loss         | -1.1        |
|    explained_variance   | 0.986       |
|    learning_rate        | 0.0003      |
|    loss                 | -0.0324     |
|    n_updates            | 3460        |
|    policy_gradient_loss | -0.0304     |
|    std                  | 0.345       |
|    value_loss           | 0.0546      |
-----------------------------------------
-----------------------------------------
| rollout/                |             |
|    ep_len_mean          | 300         |
|    ep_rew_mean          | -59.5       |
| time/                   |             |
|    fps                  | 262         |
|    iterations           | 348         |
|    time_elapsed         | 679         |
|    total_timesteps      | 178176      |
| train/                  |             |
|    approx_kl            | 0.021369096 |
|    clip_fraction        | 0.181       |
|    clip_range           | 0.2         |
|    entropy_loss         | -1.1        |
|    explained_variance   | 0.994       |
|    learning_rate        | 0.0003      |
|    loss                 | 0.0171      |
|    n_updates            | 3470        |
|    policy_gradient_loss | -0.017      |
|    std                  | 0.345       |
|    value_loss           | 0.037       |
-----------------------------------------
-----------------------------------------
| rollout/                |             |
|    ep_len_mean          | 300         |
|    ep_rew_mean          | -59.3       |
| time/                   |             |
|    fps                  | 262         |
|    iterations           | 349         |
|    time_elapsed         | 681         |
|    total_timesteps      | 178688      |
| train/                  |             |
|    approx_kl            | 0.016883215 |
|    clip_fraction        | 0.149       |
|    clip_range           | 0.2         |
|    entropy_loss         | -1.09       |
|    explained_variance   | 0.986       |
|    learning_rate        | 0.0003      |
|    loss                 | -0.0315     |
|    n_updates            | 3480        |
|    policy_gradient_loss | -0.0136     |
|    std                  | 0.344       |
|    value_loss           | 0.0192      |
-----------------------------------------
-----------------------------------------
| rollout/                |             |
|    ep_len_mean          | 300         |
|    ep_rew_mean          | -59.3       |
| time/                   |             |
|    fps                  | 262         |
|    iterations           | 350         |
|    time_elapsed         | 682         |
|    total_timesteps      | 179200      |
| train/                  |             |
|    approx_kl            | 0.011897131 |
|    clip_fraction        | 0.139       |
|    clip_range           | 0.2         |
|    entropy_loss         | -1.09       |
|    explained_variance   | 0.995       |
|    learning_rate        | 0.0003      |
|    loss                 | 0.00199     |
|    n_updates            | 3490        |
|    policy_gradient_loss | -0.0165     |
|    std                  | 0.345       |
|    value_loss           | 0.0296      |
-----------------------------------------
----------------------------------------
| rollout/                |            |
|    ep_len_mean          | 300        |
|    ep_rew_mean          | -59.5      |
| time/                   |            |
|    fps                  | 262        |
|    iterations           | 351        |
|    time_elapsed         | 684        |
|    total_timesteps      | 179712     |
| train/                  |            |
|    approx_kl            | 0.02062516 |
|    clip_fraction        | 0.23       |
|    clip_range           | 0.2        |
|    entropy_loss         | -1.11      |
|    explained_variance   | 0.981      |
|    learning_rate        | 0.0003     |
|    loss                 | 0.0587     |
|    n_updates            | 3500       |
|    policy_gradient_loss | -0.0141    |
|    std                  | 0.345      |
|    value_loss           | 0.0935     |
----------------------------------------
-----------------------------------------
| rollout/                |             |
|    ep_len_mean          | 300         |
|    ep_rew_mean          | -59.5       |
| time/                   |             |
|    fps                  | 262         |
|    iterations           | 352         |
|    time_elapsed         | 685         |
|    total_timesteps      | 180224      |
| train/                  |             |
|    approx_kl            | 0.006804043 |
|    clip_fraction        | 0.0793      |
|    clip_range           | 0.2         |
|    entropy_loss         | -1.11       |
|    explained_variance   | 0.948       |
|    learning_rate        | 0.0003      |
|    loss                 | 0.0525      |
|    n_updates            | 3510        |
|    policy_gradient_loss | -0.00997    |
|    std                  | 0.344       |
|    value_loss           | 0.161       |
-----------------------------------------
-----------------------------------------
| rollout/                |             |
|    ep_len_mean          | 300         |
|    ep_rew_mean          | -59.5       |
| time/                   |             |
|    fps                  | 262         |
|    iterations           | 353         |
|    time_elapsed         | 688         |
|    total_timesteps      | 180736      |
| train/                  |             |
|    approx_kl            | 0.010778792 |
|    clip_fraction        | 0.0975      |
|    clip_range           | 0.2         |
|    entropy_loss         | -1.1        |
|    explained_variance   | 0.987       |
|    learning_rate        | 0.0003      |
|    loss                 | -0.0149     |
|    n_updates            | 3520        |
|    policy_gradient_loss | -0.0184     |
|    std                  | 0.344       |
|    value_loss           | 0.0405      |
-----------------------------------------
-----------------------------------------
| rollout/                |             |
|    ep_len_mean          | 300         |
|    ep_rew_mean          | -59.6       |
| time/                   |             |
|    fps                  | 262         |
|    iterations           | 354         |
|    time_elapsed         | 690         |
|    total_timesteps      | 181248      |
| train/                  |             |
|    approx_kl            | 0.014956923 |
|    clip_fraction        | 0.146       |
|    clip_range           | 0.2         |
|    entropy_loss         | -1.11       |
|    explained_variance   | 0.948       |
|    learning_rate        | 0.0003      |
|    loss                 | 0.0109      |
|    n_updates            | 3530        |
|    policy_gradient_loss | -0.015      |
|    std                  | 0.345       |
|    value_loss           | 0.181       |
-----------------------------------------
-----------------------------------------
| rollout/                |             |
|    ep_len_mean          | 300         |
|    ep_rew_mean          | -59.5       |
| time/                   |             |
|    fps                  | 262         |
|    iterations           | 355         |
|    time_elapsed         | 692         |
|    total_timesteps      | 181760      |
| train/                  |             |
|    approx_kl            | 0.011886155 |
|    clip_fraction        | 0.118       |
|    clip_range           | 0.2         |
|    entropy_loss         | -1.11       |
|    explained_variance   | 0.953       |
|    learning_rate        | 0.0003      |
|    loss                 | 0.0575      |
|    n_updates            | 3540        |
|    policy_gradient_loss | -0.0143     |
|    std                  | 0.346       |
|    value_loss           | 0.194       |
-----------------------------------------
-----------------------------------------
| rollout/                |             |
|    ep_len_mean          | 300         |
|    ep_rew_mean          | -59.5       |
| time/                   |             |
|    fps                  | 262         |
|    iterations           | 356         |
|    time_elapsed         | 694         |
|    total_timesteps      | 182272      |
| train/                  |             |
|    approx_kl            | 0.014862949 |
|    clip_fraction        | 0.128       |
|    clip_range           | 0.2         |
|    entropy_loss         | -1.11       |
|    explained_variance   | 0.961       |
|    learning_rate        | 0.0003      |
|    loss                 | 0.00461     |
|    n_updates            | 3550        |
|    policy_gradient_loss | -0.00881    |
|    std                  | 0.344       |
|    value_loss           | 0.0819      |
-----------------------------------------
-----------------------------------------
| rollout/                |             |
|    ep_len_mean          | 300         |
|    ep_rew_mean          | -59.6       |
| time/                   |             |
|    fps                  | 262         |
|    iterations           | 357         |
|    time_elapsed         | 697         |
|    total_timesteps      | 182784      |
| train/                  |             |
|    approx_kl            | 0.018411346 |
|    clip_fraction        | 0.137       |
|    clip_range           | 0.2         |
|    entropy_loss         | -1.09       |
|    explained_variance   | 0.993       |
|    learning_rate        | 0.0003      |
|    loss                 | 0.0192      |
|    n_updates            | 3560        |
|    policy_gradient_loss | -0.0142     |
|    std                  | 0.343       |
|    value_loss           | 0.0549      |
-----------------------------------------
-----------------------------------------
| rollout/                |             |
|    ep_len_mean          | 300         |
|    ep_rew_mean          | -59.7       |
| time/                   |             |
|    fps                  | 261         |
|    iterations           | 358         |
|    time_elapsed         | 699         |
|    total_timesteps      | 183296      |
| train/                  |             |
|    approx_kl            | 0.020817997 |
|    clip_fraction        | 0.177       |
|    clip_range           | 0.2         |
|    entropy_loss         | -1.08       |
|    explained_variance   | 0.945       |
|    learning_rate        | 0.0003      |
|    loss                 | 0.18        |
|    n_updates            | 3570        |
|    policy_gradient_loss | -0.0246     |
|    std                  | 0.342       |
|    value_loss           | 0.414       |
-----------------------------------------
-----------------------------------------
| rollout/                |             |
|    ep_len_mean          | 300         |
|    ep_rew_mean          | -60         |
| time/                   |             |
|    fps                  | 261         |
|    iterations           | 359         |
|    time_elapsed         | 702         |
|    total_timesteps      | 183808      |
| train/                  |             |
|    approx_kl            | 0.012680189 |
|    clip_fraction        | 0.164       |
|    clip_range           | 0.2         |
|    entropy_loss         | -1.06       |
|    explained_variance   | 0.929       |
|    learning_rate        | 0.0003      |
|    loss                 | -0.000952   |
|    n_updates            | 3580        |
|    policy_gradient_loss | -0.0211     |
|    std                  | 0.34        |
|    value_loss           | 0.174       |
-----------------------------------------
-----------------------------------------
| rollout/                |             |
|    ep_len_mean          | 300         |
|    ep_rew_mean          | -60         |
| time/                   |             |
|    fps                  | 261         |
|    iterations           | 360         |
|    time_elapsed         | 704         |
|    total_timesteps      | 184320      |
| train/                  |             |
|    approx_kl            | 0.017736526 |
|    clip_fraction        | 0.182       |
|    clip_range           | 0.2         |
|    entropy_loss         | -1.04       |
|    explained_variance   | 0.916       |
|    learning_rate        | 0.0003      |
|    loss                 | 0.213       |
|    n_updates            | 3590        |
|    policy_gradient_loss | -0.0225     |
|    std                  | 0.339       |
|    value_loss           | 0.499       |
-----------------------------------------
-----------------------------------------
| rollout/                |             |
|    ep_len_mean          | 300         |
|    ep_rew_mean          | -59.9       |
| time/                   |             |
|    fps                  | 261         |
|    iterations           | 361         |
|    time_elapsed         | 707         |
|    total_timesteps      | 184832      |
| train/                  |             |
|    approx_kl            | 0.012551617 |
|    clip_fraction        | 0.164       |
|    clip_range           | 0.2         |
|    entropy_loss         | -1.03       |
|    explained_variance   | 0.94        |
|    learning_rate        | 0.0003      |
|    loss                 | 0.0861      |
|    n_updates            | 3600        |
|    policy_gradient_loss | -0.0066     |
|    std                  | 0.338       |
|    value_loss           | 0.277       |
-----------------------------------------
-----------------------------------------
| rollout/                |             |
|    ep_len_mean          | 300         |
|    ep_rew_mean          | -60         |
| time/                   |             |
|    fps                  | 261         |
|    iterations           | 362         |
|    time_elapsed         | 709         |
|    total_timesteps      | 185344      |
| train/                  |             |
|    approx_kl            | 0.014868455 |
|    clip_fraction        | 0.18        |
|    clip_range           | 0.2         |
|    entropy_loss         | -1.02       |
|    explained_variance   | 0.988       |
|    learning_rate        | 0.0003      |
|    loss                 | -0.00641    |
|    n_updates            | 3610        |
|    policy_gradient_loss | -0.024      |
|    std                  | 0.337       |
|    value_loss           | 0.049       |
-----------------------------------------
-----------------------------------------
| rollout/                |             |
|    ep_len_mean          | 300         |
|    ep_rew_mean          | -59.8       |
| time/                   |             |
|    fps                  | 260         |
|    iterations           | 363         |
|    time_elapsed         | 712         |
|    total_timesteps      | 185856      |
| train/                  |             |
|    approx_kl            | 0.014818447 |
|    clip_fraction        | 0.122       |
|    clip_range           | 0.2         |
|    entropy_loss         | -1.01       |
|    explained_variance   | 0.983       |
|    learning_rate        | 0.0003      |
|    loss                 | -0.00113    |
|    n_updates            | 3620        |
|    policy_gradient_loss | -0.0138     |
|    std                  | 0.337       |
|    value_loss           | 0.0314      |
-----------------------------------------
-----------------------------------------
| rollout/                |             |
|    ep_len_mean          | 300         |
|    ep_rew_mean          | -59.9       |
| time/                   |             |
|    fps                  | 260         |
|    iterations           | 364         |
|    time_elapsed         | 715         |
|    total_timesteps      | 186368      |
| train/                  |             |
|    approx_kl            | 0.019313728 |
|    clip_fraction        | 0.193       |
|    clip_range           | 0.2         |
|    entropy_loss         | -0.999      |
|    explained_variance   | 0.991       |
|    learning_rate        | 0.0003      |
|    loss                 | -0.00164    |
|    n_updates            | 3630        |
|    policy_gradient_loss | -0.0147     |
|    std                  | 0.336       |
|    value_loss           | 0.0553      |
-----------------------------------------
-----------------------------------------
| rollout/                |             |
|    ep_len_mean          | 300         |
|    ep_rew_mean          | -59.9       |
| time/                   |             |
|    fps                  | 260         |
|    iterations           | 365         |
|    time_elapsed         | 717         |
|    total_timesteps      | 186880      |
| train/                  |             |
|    approx_kl            | 0.013408518 |
|    clip_fraction        | 0.121       |
|    clip_range           | 0.2         |
|    entropy_loss         | -0.991      |
|    explained_variance   | 0.981       |
|    learning_rate        | 0.0003      |
|    loss                 | 0.00991     |
|    n_updates            | 3640        |
|    policy_gradient_loss | -0.0134     |
|    std                  | 0.336       |
|    value_loss           | 0.0798      |
-----------------------------------------
-----------------------------------------
| rollout/                |             |
|    ep_len_mean          | 300         |
|    ep_rew_mean          | -59.9       |
| time/                   |             |
|    fps                  | 260         |
|    iterations           | 366         |
|    time_elapsed         | 720         |
|    total_timesteps      | 187392      |
| train/                  |             |
|    approx_kl            | 0.011296537 |
|    clip_fraction        | 0.159       |
|    clip_range           | 0.2         |
|    entropy_loss         | -0.973      |
|    explained_variance   | 0.985       |
|    learning_rate        | 0.0003      |
|    loss                 | -0.0289     |
|    n_updates            | 3650        |
|    policy_gradient_loss | -0.0137     |
|    std                  | 0.334       |
|    value_loss           | 0.0221      |
-----------------------------------------
-----------------------------------------
| rollout/                |             |
|    ep_len_mean          | 300         |
|    ep_rew_mean          | -59.9       |
| time/                   |             |
|    fps                  | 259         |
|    iterations           | 367         |
|    time_elapsed         | 722         |
|    total_timesteps      | 187904      |
| train/                  |             |
|    approx_kl            | 0.017055612 |
|    clip_fraction        | 0.14        |
|    clip_range           | 0.2         |
|    entropy_loss         | -0.954      |
|    explained_variance   | 0.986       |
|    learning_rate        | 0.0003      |
|    loss                 | -0.00506    |
|    n_updates            | 3660        |
|    policy_gradient_loss | -0.0229     |
|    std                  | 0.333       |
|    value_loss           | 0.0283      |
-----------------------------------------
-----------------------------------------
| rollout/                |             |
|    ep_len_mean          | 300         |
|    ep_rew_mean          | -59.8       |
| time/                   |             |
|    fps                  | 259         |
|    iterations           | 368         |
|    time_elapsed         | 726         |
|    total_timesteps      | 188416      |
| train/                  |             |
|    approx_kl            | 0.012037513 |
|    clip_fraction        | 0.111       |
|    clip_range           | 0.2         |
|    entropy_loss         | -0.953      |
|    explained_variance   | 0.988       |
|    learning_rate        | 0.0003      |
|    loss                 | -0.00528    |
|    n_updates            | 3670        |
|    policy_gradient_loss | -0.00992    |
|    std                  | 0.333       |
|    value_loss           | 0.0613      |
-----------------------------------------
------------------------------------------
| rollout/                |              |
|    ep_len_mean          | 300          |
|    ep_rew_mean          | -59.8        |
| time/                   |              |
|    fps                  | 258          |
|    iterations           | 369          |
|    time_elapsed         | 729          |
|    total_timesteps      | 188928       |
| train/                  |              |
|    approx_kl            | 0.0126272235 |
|    clip_fraction        | 0.143        |
|    clip_range           | 0.2          |
|    entropy_loss         | -0.953       |
|    explained_variance   | 0.998        |
|    learning_rate        | 0.0003       |
|    loss                 | 0.00992      |
|    n_updates            | 3680         |
|    policy_gradient_loss | -0.0165      |
|    std                  | 0.332        |
|    value_loss           | 0.0152       |
------------------------------------------
-----------------------------------------
| rollout/                |             |
|    ep_len_mean          | 300         |
|    ep_rew_mean          | -59.6       |
| time/                   |             |
|    fps                  | 258         |
|    iterations           | 370         |
|    time_elapsed         | 732         |
|    total_timesteps      | 189440      |
| train/                  |             |
|    approx_kl            | 0.015541972 |
|    clip_fraction        | 0.138       |
|    clip_range           | 0.2         |
|    entropy_loss         | -0.936      |
|    explained_variance   | 0.981       |
|    learning_rate        | 0.0003      |
|    loss                 | 0.0233      |
|    n_updates            | 3690        |
|    policy_gradient_loss | -0.00867    |
|    std                  | 0.331       |
|    value_loss           | 0.0732      |
-----------------------------------------
-----------------------------------------
| rollout/                |             |
|    ep_len_mean          | 300         |
|    ep_rew_mean          | -59.5       |
| time/                   |             |
|    fps                  | 258         |
|    iterations           | 371         |
|    time_elapsed         | 735         |
|    total_timesteps      | 189952      |
| train/                  |             |
|    approx_kl            | 0.012628629 |
|    clip_fraction        | 0.132       |
|    clip_range           | 0.2         |
|    entropy_loss         | -0.929      |
|    explained_variance   | 0.987       |
|    learning_rate        | 0.0003      |
|    loss                 | 0.0142      |
|    n_updates            | 3700        |
|    policy_gradient_loss | -0.0152     |
|    std                  | 0.332       |
|    value_loss           | 0.0354      |
-----------------------------------------
-----------------------------------------
| rollout/                |             |
|    ep_len_mean          | 300         |
|    ep_rew_mean          | -59.5       |
| time/                   |             |
|    fps                  | 258         |
|    iterations           | 372         |
|    time_elapsed         | 737         |
|    total_timesteps      | 190464      |
| train/                  |             |
|    approx_kl            | 0.008808813 |
|    clip_fraction        | 0.131       |
|    clip_range           | 0.2         |
|    entropy_loss         | -0.916      |
|    explained_variance   | 0.987       |
|    learning_rate        | 0.0003      |
|    loss                 | 0.00897     |
|    n_updates            | 3710        |
|    policy_gradient_loss | -0.0139     |
|    std                  | 0.33        |
|    value_loss           | 0.0788      |
-----------------------------------------
----------------------------------------
| rollout/                |            |
|    ep_len_mean          | 300        |
|    ep_rew_mean          | -59.3      |
| time/                   |            |
|    fps                  | 257        |
|    iterations           | 373        |
|    time_elapsed         | 740        |
|    total_timesteps      | 190976     |
| train/                  |            |
|    approx_kl            | 0.01034544 |
|    clip_fraction        | 0.142      |
|    clip_range           | 0.2        |
|    entropy_loss         | -0.893     |
|    explained_variance   | 0.971      |
|    learning_rate        | 0.0003     |
|    loss                 | 0.0253     |
|    n_updates            | 3720       |
|    policy_gradient_loss | -0.00871   |
|    std                  | 0.328      |
|    value_loss           | 0.0564     |
----------------------------------------
-----------------------------------------
| rollout/                |             |
|    ep_len_mean          | 300         |
|    ep_rew_mean          | -59.5       |
| time/                   |             |
|    fps                  | 257         |
|    iterations           | 374         |
|    time_elapsed         | 742         |
|    total_timesteps      | 191488      |
| train/                  |             |
|    approx_kl            | 0.019014366 |
|    clip_fraction        | 0.24        |
|    clip_range           | 0.2         |
|    entropy_loss         | -0.885      |
|    explained_variance   | 0.988       |
|    learning_rate        | 0.0003      |
|    loss                 | 0.00155     |
|    n_updates            | 3730        |
|    policy_gradient_loss | -0.0192     |
|    std                  | 0.329       |
|    value_loss           | 0.0695      |
-----------------------------------------
-----------------------------------------
| rollout/                |             |
|    ep_len_mean          | 300         |
|    ep_rew_mean          | -59.5       |
| time/                   |             |
|    fps                  | 257         |
|    iterations           | 375         |
|    time_elapsed         | 745         |
|    total_timesteps      | 192000      |
| train/                  |             |
|    approx_kl            | 0.021626636 |
|    clip_fraction        | 0.177       |
|    clip_range           | 0.2         |
|    entropy_loss         | -0.88       |
|    explained_variance   | 0.978       |
|    learning_rate        | 0.0003      |
|    loss                 | 0.0201      |
|    n_updates            | 3740        |
|    policy_gradient_loss | -0.019      |
|    std                  | 0.327       |
|    value_loss           | 0.0823      |
-----------------------------------------
----------------------------------------
| rollout/                |            |
|    ep_len_mean          | 300        |
|    ep_rew_mean          | -59.6      |
| time/                   |            |
|    fps                  | 257        |
|    iterations           | 376        |
|    time_elapsed         | 747        |
|    total_timesteps      | 192512     |
| train/                  |            |
|    approx_kl            | 0.01250519 |
|    clip_fraction        | 0.184      |
|    clip_range           | 0.2        |
|    entropy_loss         | -0.869     |
|    explained_variance   | 0.988      |
|    learning_rate        | 0.0003     |
|    loss                 | -0.0455    |
|    n_updates            | 3750       |
|    policy_gradient_loss | -0.0153    |
|    std                  | 0.328      |
|    value_loss           | 0.0245     |
----------------------------------------
-----------------------------------------
| rollout/                |             |
|    ep_len_mean          | 300         |
|    ep_rew_mean          | -59.5       |
| time/                   |             |
|    fps                  | 257         |
|    iterations           | 377         |
|    time_elapsed         | 750         |
|    total_timesteps      | 193024      |
| train/                  |             |
|    approx_kl            | 0.012491681 |
|    clip_fraction        | 0.153       |
|    clip_range           | 0.2         |
|    entropy_loss         | -0.872      |
|    explained_variance   | 0.989       |
|    learning_rate        | 0.0003      |
|    loss                 | 0.0141      |
|    n_updates            | 3760        |
|    policy_gradient_loss | -0.0114     |
|    std                  | 0.328       |
|    value_loss           | 0.0429      |
-----------------------------------------
-----------------------------------------
| rollout/                |             |
|    ep_len_mean          | 300         |
|    ep_rew_mean          | -59.4       |
| time/                   |             |
|    fps                  | 257         |
|    iterations           | 378         |
|    time_elapsed         | 752         |
|    total_timesteps      | 193536      |
| train/                  |             |
|    approx_kl            | 0.026114892 |
|    clip_fraction        | 0.224       |
|    clip_range           | 0.2         |
|    entropy_loss         | -0.862      |
|    explained_variance   | 0.994       |
|    learning_rate        | 0.0003      |
|    loss                 | -0.0236     |
|    n_updates            | 3770        |
|    policy_gradient_loss | -0.019      |
|    std                  | 0.327       |
|    value_loss           | 0.0199      |
-----------------------------------------
-----------------------------------------
| rollout/                |             |
|    ep_len_mean          | 300         |
|    ep_rew_mean          | -59.4       |
| time/                   |             |
|    fps                  | 256         |
|    iterations           | 379         |
|    time_elapsed         | 755         |
|    total_timesteps      | 194048      |
| train/                  |             |
|    approx_kl            | 0.017265908 |
|    clip_fraction        | 0.155       |
|    clip_range           | 0.2         |
|    entropy_loss         | -0.846      |
|    explained_variance   | 0.989       |
|    learning_rate        | 0.0003      |
|    loss                 | -0.0262     |
|    n_updates            | 3780        |
|    policy_gradient_loss | -0.0309     |
|    std                  | 0.325       |
|    value_loss           | 0.0332      |
-----------------------------------------
------------------------------------------
| rollout/                |              |
|    ep_len_mean          | 300          |
|    ep_rew_mean          | -59.3        |
| time/                   |              |
|    fps                  | 256          |
|    iterations           | 380          |
|    time_elapsed         | 757          |
|    total_timesteps      | 194560       |
| train/                  |              |
|    approx_kl            | 0.0106704915 |
|    clip_fraction        | 0.162        |
|    clip_range           | 0.2          |
|    entropy_loss         | -0.813       |
|    explained_variance   | 0.986        |
|    learning_rate        | 0.0003       |
|    loss                 | -0.00188     |
|    n_updates            | 3790         |
|    policy_gradient_loss | -0.0154      |
|    std                  | 0.321        |
|    value_loss           | 0.0492       |
------------------------------------------
-----------------------------------------
| rollout/                |             |
|    ep_len_mean          | 300         |
|    ep_rew_mean          | -59.3       |
| time/                   |             |
|    fps                  | 256         |
|    iterations           | 381         |
|    time_elapsed         | 759         |
|    total_timesteps      | 195072      |
| train/                  |             |
|    approx_kl            | 0.023278775 |
|    clip_fraction        | 0.194       |
|    clip_range           | 0.2         |
|    entropy_loss         | -0.773      |
|    explained_variance   | 0.99        |
|    learning_rate        | 0.0003      |
|    loss                 | 0.0442      |
|    n_updates            | 3800        |
|    policy_gradient_loss | -0.0154     |
|    std                  | 0.319       |
|    value_loss           | 0.0539      |
-----------------------------------------
-----------------------------------------
| rollout/                |             |
|    ep_len_mean          | 300         |
|    ep_rew_mean          | -59.3       |
| time/                   |             |
|    fps                  | 256         |
|    iterations           | 382         |
|    time_elapsed         | 762         |
|    total_timesteps      | 195584      |
| train/                  |             |
|    approx_kl            | 0.015896523 |
|    clip_fraction        | 0.228       |
|    clip_range           | 0.2         |
|    entropy_loss         | -0.75       |
|    explained_variance   | 0.968       |
|    learning_rate        | 0.0003      |
|    loss                 | -0.0284     |
|    n_updates            | 3810        |
|    policy_gradient_loss | -0.0281     |
|    std                  | 0.317       |
|    value_loss           | 0.1         |
-----------------------------------------
-----------------------------------------
| rollout/                |             |
|    ep_len_mean          | 300         |
|    ep_rew_mean          | -59.3       |
| time/                   |             |
|    fps                  | 256         |
|    iterations           | 383         |
|    time_elapsed         | 764         |
|    total_timesteps      | 196096      |
| train/                  |             |
|    approx_kl            | 0.017019738 |
|    clip_fraction        | 0.183       |
|    clip_range           | 0.2         |
|    entropy_loss         | -0.739      |
|    explained_variance   | 0.953       |
|    learning_rate        | 0.0003      |
|    loss                 | 0.0392      |
|    n_updates            | 3820        |
|    policy_gradient_loss | -0.0111     |
|    std                  | 0.318       |
|    value_loss           | 0.124       |
-----------------------------------------
----------------------------------------
| rollout/                |            |
|    ep_len_mean          | 300        |
|    ep_rew_mean          | -59.1      |
| time/                   |            |
|    fps                  | 256        |
|    iterations           | 384        |
|    time_elapsed         | 766        |
|    total_timesteps      | 196608     |
| train/                  |            |
|    approx_kl            | 0.01418271 |
|    clip_fraction        | 0.196      |
|    clip_range           | 0.2        |
|    entropy_loss         | -0.75      |
|    explained_variance   | 0.98       |
|    learning_rate        | 0.0003     |
|    loss                 | 0.0162     |
|    n_updates            | 3830       |
|    policy_gradient_loss | -0.0184    |
|    std                  | 0.318      |
|    value_loss           | 0.0837     |
----------------------------------------
-----------------------------------------
| rollout/                |             |
|    ep_len_mean          | 300         |
|    ep_rew_mean          | -58.9       |
| time/                   |             |
|    fps                  | 256         |
|    iterations           | 385         |
|    time_elapsed         | 768         |
|    total_timesteps      | 197120      |
| train/                  |             |
|    approx_kl            | 0.029805247 |
|    clip_fraction        | 0.282       |
|    clip_range           | 0.2         |
|    entropy_loss         | -0.747      |
|    explained_variance   | 0.978       |
|    learning_rate        | 0.0003      |
|    loss                 | -0.0219     |
|    n_updates            | 3840        |
|    policy_gradient_loss | -0.0304     |
|    std                  | 0.317       |
|    value_loss           | 0.0267      |
-----------------------------------------
-----------------------------------------
| rollout/                |             |
|    ep_len_mean          | 300         |
|    ep_rew_mean          | -58.9       |
| time/                   |             |
|    fps                  | 256         |
|    iterations           | 386         |
|    time_elapsed         | 770         |
|    total_timesteps      | 197632      |
| train/                  |             |
|    approx_kl            | 0.021852173 |
|    clip_fraction        | 0.169       |
|    clip_range           | 0.2         |
|    entropy_loss         | -0.738      |
|    explained_variance   | 0.992       |
|    learning_rate        | 0.0003      |
|    loss                 | 0.0282      |
|    n_updates            | 3850        |
|    policy_gradient_loss | -0.0284     |
|    std                  | 0.316       |
|    value_loss           | 0.0283      |
-----------------------------------------
-----------------------------------------
| rollout/                |             |
|    ep_len_mean          | 300         |
|    ep_rew_mean          | -58.8       |
| time/                   |             |
|    fps                  | 256         |
|    iterations           | 387         |
|    time_elapsed         | 773         |
|    total_timesteps      | 198144      |
| train/                  |             |
|    approx_kl            | 0.015123158 |
|    clip_fraction        | 0.162       |
|    clip_range           | 0.2         |
|    entropy_loss         | -0.721      |
|    explained_variance   | 0.982       |
|    learning_rate        | 0.0003      |
|    loss                 | 0.000732    |
|    n_updates            | 3860        |
|    policy_gradient_loss | -0.0111     |
|    std                  | 0.316       |
|    value_loss           | 0.109       |
-----------------------------------------
-----------------------------------------
| rollout/                |             |
|    ep_len_mean          | 300         |
|    ep_rew_mean          | -58.7       |
| time/                   |             |
|    fps                  | 256         |
|    iterations           | 388         |
|    time_elapsed         | 775         |
|    total_timesteps      | 198656      |
| train/                  |             |
|    approx_kl            | 0.012236431 |
|    clip_fraction        | 0.187       |
|    clip_range           | 0.2         |
|    entropy_loss         | -0.714      |
|    explained_variance   | 0.988       |
|    learning_rate        | 0.0003      |
|    loss                 | 0.00877     |
|    n_updates            | 3870        |
|    policy_gradient_loss | -0.0168     |
|    std                  | 0.315       |
|    value_loss           | 0.053       |
-----------------------------------------
----------------------------------------
| rollout/                |            |
|    ep_len_mean          | 300        |
|    ep_rew_mean          | -58.7      |
| time/                   |            |
|    fps                  | 256        |
|    iterations           | 389        |
|    time_elapsed         | 777        |
|    total_timesteps      | 199168     |
| train/                  |            |
|    approx_kl            | 0.01972413 |
|    clip_fraction        | 0.215      |
|    clip_range           | 0.2        |
|    entropy_loss         | -0.701     |
|    explained_variance   | 0.951      |
|    learning_rate        | 0.0003     |
|    loss                 | 0.00602    |
|    n_updates            | 3880       |
|    policy_gradient_loss | -0.0227    |
|    std                  | 0.315      |
|    value_loss           | 0.201      |
----------------------------------------
-----------------------------------------
| rollout/                |             |
|    ep_len_mean          | 300         |
|    ep_rew_mean          | -58.8       |
| time/                   |             |
|    fps                  | 256         |
|    iterations           | 390         |
|    time_elapsed         | 779         |
|    total_timesteps      | 199680      |
| train/                  |             |
|    approx_kl            | 0.014913459 |
|    clip_fraction        | 0.213       |
|    clip_range           | 0.2         |
|    entropy_loss         | -0.696      |
|    explained_variance   | 0.965       |
|    learning_rate        | 0.0003      |
|    loss                 | 0.00104     |
|    n_updates            | 3890        |
|    policy_gradient_loss | -0.0244     |
|    std                  | 0.314       |
|    value_loss           | 0.149       |
-----------------------------------------
[PeriodicArtifactCallback] step 200000: saving checkpoint, evaluating, rendering...
[PeriodicArtifactCallback] step 200000: success_rate=0.00 pick_success_rate=0.00 mean_reward=-56.25 -> C:\Users\laib28\OneDrive - Barker College\Documents\GitHub\HumanoidRobot\simulation\training\pick_place\runs\pp_v1\dashboard.html
-----------------------------------------
| rollout/                |             |
|    ep_len_mean          | 300         |
|    ep_rew_mean          | -58.9       |
| time/                   |             |
|    fps                  | 251         |
|    iterations           | 391         |
|    time_elapsed         | 794         |
|    total_timesteps      | 200192      |
| train/                  |             |
|    approx_kl            | 0.022078594 |
|    clip_fraction        | 0.293       |
|    clip_range           | 0.2         |
|    entropy_loss         | -0.686      |
|    explained_variance   | 0.984       |
|    learning_rate        | 0.0003      |
|    loss                 | -0.00251    |
|    n_updates            | 3900        |
|    policy_gradient_loss | -0.0205     |
|    std                  | 0.314       |
|    value_loss           | 0.0694      |
-----------------------------------------
-----------------------------------------
| rollout/                |             |
|    ep_len_mean          | 300         |
|    ep_rew_mean          | -59         |
| time/                   |             |
|    fps                  | 252         |
|    iterations           | 392         |
|    time_elapsed         | 796         |
|    total_timesteps      | 200704      |
| train/                  |             |
|    approx_kl            | 0.021559723 |
|    clip_fraction        | 0.207       |
|    clip_range           | 0.2         |
|    entropy_loss         | -0.676      |
|    explained_variance   | 0.961       |
|    learning_rate        | 0.0003      |
|    loss                 | 0.0145      |
|    n_updates            | 3910        |
|    policy_gradient_loss | -0.0286     |
|    std                  | 0.312       |
|    value_loss           | 0.0713      |
-----------------------------------------
-----------------------------------------
| rollout/                |             |
|    ep_len_mean          | 300         |
|    ep_rew_mean          | -59         |
| time/                   |             |
|    fps                  | 252         |
|    iterations           | 393         |
|    time_elapsed         | 797         |
|    total_timesteps      | 201216      |
| train/                  |             |
|    approx_kl            | 0.008423179 |
|    clip_fraction        | 0.111       |
|    clip_range           | 0.2         |
|    entropy_loss         | -0.661      |
|    explained_variance   | 0.983       |
|    learning_rate        | 0.0003      |
|    loss                 | 0.0293      |
|    n_updates            | 3920        |
|    policy_gradient_loss | -0.00692    |
|    std                  | 0.311       |
|    value_loss           | 0.0679      |
-----------------------------------------
-----------------------------------------
| rollout/                |             |
|    ep_len_mean          | 300         |
|    ep_rew_mean          | -59         |
| time/                   |             |
|    fps                  | 252         |
|    iterations           | 394         |
|    time_elapsed         | 799         |
|    total_timesteps      | 201728      |
| train/                  |             |
|    approx_kl            | 0.018313352 |
|    clip_fraction        | 0.171       |
|    clip_range           | 0.2         |
|    entropy_loss         | -0.66       |
|    explained_variance   | 0.978       |
|    learning_rate        | 0.0003      |
|    loss                 | -0.0175     |
|    n_updates            | 3930        |
|    policy_gradient_loss | -0.0217     |
|    std                  | 0.311       |
|    value_loss           | 0.0459      |
-----------------------------------------
---------------------------------------
| rollout/                |           |
|    ep_len_mean          | 300       |
|    ep_rew_mean          | -58.9     |
| time/                   |           |
|    fps                  | 252       |
|    iterations           | 395       |
|    time_elapsed         | 800       |
|    total_timesteps      | 202240    |
| train/                  |           |
|    approx_kl            | 0.0220567 |
|    clip_fraction        | 0.192     |
|    clip_range           | 0.2       |
|    entropy_loss         | -0.658    |
|    explained_variance   | 0.989     |
|    learning_rate        | 0.0003    |
|    loss                 | 0.0171    |
|    n_updates            | 3940      |
|    policy_gradient_loss | -0.0175   |
|    std                  | 0.31      |
|    value_loss           | 0.0677    |
---------------------------------------
-----------------------------------------
| rollout/                |             |
|    ep_len_mean          | 300         |
|    ep_rew_mean          | -59.1       |
| time/                   |             |
|    fps                  | 252         |
|    iterations           | 396         |
|    time_elapsed         | 804         |
|    total_timesteps      | 202752      |
| train/                  |             |
|    approx_kl            | 0.014916918 |
|    clip_fraction        | 0.221       |
|    clip_range           | 0.2         |
|    entropy_loss         | -0.649      |
|    explained_variance   | 0.964       |
|    learning_rate        | 0.0003      |
|    loss                 | 0.0356      |
|    n_updates            | 3950        |
|    policy_gradient_loss | -0.0316     |
|    std                  | 0.31        |
|    value_loss           | 0.233       |
-----------------------------------------
-----------------------------------------
| rollout/                |             |
|    ep_len_mean          | 300         |
|    ep_rew_mean          | -59         |
| time/                   |             |
|    fps                  | 251         |
|    iterations           | 397         |
|    time_elapsed         | 807         |
|    total_timesteps      | 203264      |
| train/                  |             |
|    approx_kl            | 0.010655698 |
|    clip_fraction        | 0.12        |
|    clip_range           | 0.2         |
|    entropy_loss         | -0.645      |
|    explained_variance   | 0.967       |
|    learning_rate        | 0.0003      |
|    loss                 | 0.0588      |
|    n_updates            | 3960        |
|    policy_gradient_loss | -0.0122     |
|    std                  | 0.31        |
|    value_loss           | 0.129       |
-----------------------------------------
-----------------------------------------
| rollout/                |             |
|    ep_len_mean          | 300         |
|    ep_rew_mean          | -59.4       |
| time/                   |             |
|    fps                  | 251         |
|    iterations           | 398         |
|    time_elapsed         | 810         |
|    total_timesteps      | 203776      |
| train/                  |             |
|    approx_kl            | 0.010247066 |
|    clip_fraction        | 0.121       |
|    clip_range           | 0.2         |
|    entropy_loss         | -0.636      |
|    explained_variance   | 0.984       |
|    learning_rate        | 0.0003      |
|    loss                 | 0.0405      |
|    n_updates            | 3970        |
|    policy_gradient_loss | -0.0115     |
|    std                  | 0.309       |
|    value_loss           | 0.11        |
-----------------------------------------
-----------------------------------------
| rollout/                |             |
|    ep_len_mean          | 300         |
|    ep_rew_mean          | -59.4       |
| time/                   |             |
|    fps                  | 251         |
|    iterations           | 399         |
|    time_elapsed         | 813         |
|    total_timesteps      | 204288      |
| train/                  |             |
|    approx_kl            | 0.011920439 |
|    clip_fraction        | 0.155       |
|    clip_range           | 0.2         |
|    entropy_loss         | -0.624      |
|    explained_variance   | 0.751       |
|    learning_rate        | 0.0003      |
|    loss                 | 0.708       |
|    n_updates            | 3980        |
|    policy_gradient_loss | -0.0182     |
|    std                  | 0.308       |
|    value_loss           | 1.24        |
-----------------------------------------
----------------------------------------
| rollout/                |            |
|    ep_len_mean          | 300        |
|    ep_rew_mean          | -59.4      |
| time/                   |            |
|    fps                  | 251        |
|    iterations           | 400        |
|    time_elapsed         | 815        |
|    total_timesteps      | 204800     |
| train/                  |            |
|    approx_kl            | 0.01154473 |
|    clip_fraction        | 0.103      |
|    clip_range           | 0.2        |
|    entropy_loss         | -0.614     |
|    explained_variance   | 0.958      |
|    learning_rate        | 0.0003     |
|    loss                 | 0.0576     |
|    n_updates            | 3990       |
|    policy_gradient_loss | -0.0111    |
|    std                  | 0.306      |
|    value_loss           | 0.0703     |
----------------------------------------
-----------------------------------------
| rollout/                |             |
|    ep_len_mean          | 300         |
|    ep_rew_mean          | -59.4       |
| time/                   |             |
|    fps                  | 250         |
|    iterations           | 401         |
|    time_elapsed         | 819         |
|    total_timesteps      | 205312      |
| train/                  |             |
|    approx_kl            | 0.014186129 |
|    clip_fraction        | 0.219       |
|    clip_range           | 0.2         |
|    entropy_loss         | -0.598      |
|    explained_variance   | 0.98        |
|    learning_rate        | 0.0003      |
|    loss                 | -0.0199     |
|    n_updates            | 4000        |
|    policy_gradient_loss | -0.0194     |
|    std                  | 0.304       |
|    value_loss           | 0.0885      |
-----------------------------------------
-----------------------------------------
| rollout/                |             |
|    ep_len_mean          | 300         |
|    ep_rew_mean          | -59.5       |
| time/                   |             |
|    fps                  | 249         |
|    iterations           | 402         |
|    time_elapsed         | 823         |
|    total_timesteps      | 205824      |
| train/                  |             |
|    approx_kl            | 0.015680207 |
|    clip_fraction        | 0.166       |
|    clip_range           | 0.2         |
|    entropy_loss         | -0.591      |
|    explained_variance   | 0.989       |
|    learning_rate        | 0.0003      |
|    loss                 | 0.022       |
|    n_updates            | 4010        |
|    policy_gradient_loss | -0.0125     |
|    std                  | 0.305       |
|    value_loss           | 0.0859      |
-----------------------------------------
-----------------------------------------
| rollout/                |             |
|    ep_len_mean          | 300         |
|    ep_rew_mean          | -59.8       |
| time/                   |             |
|    fps                  | 249         |
|    iterations           | 403         |
|    time_elapsed         | 826         |
|    total_timesteps      | 206336      |
| train/                  |             |
|    approx_kl            | 0.018381763 |
|    clip_fraction        | 0.165       |
|    clip_range           | 0.2         |
|    entropy_loss         | -0.596      |
|    explained_variance   | 0.939       |
|    learning_rate        | 0.0003      |
|    loss                 | 0.0631      |
|    n_updates            | 4020        |
|    policy_gradient_loss | -0.0253     |
|    std                  | 0.305       |
|    value_loss           | 0.272       |
-----------------------------------------
-----------------------------------------
| rollout/                |             |
|    ep_len_mean          | 300         |
|    ep_rew_mean          | -59.6       |
| time/                   |             |
|    fps                  | 248         |
|    iterations           | 404         |
|    time_elapsed         | 830         |
|    total_timesteps      | 206848      |
| train/                  |             |
|    approx_kl            | 0.007560517 |
|    clip_fraction        | 0.126       |
|    clip_range           | 0.2         |
|    entropy_loss         | -0.587      |
|    explained_variance   | 0.959       |
|    learning_rate        | 0.0003      |
|    loss                 | 0.0627      |
|    n_updates            | 4030        |
|    policy_gradient_loss | -0.015      |
|    std                  | 0.304       |
|    value_loss           | 0.205       |
-----------------------------------------
-----------------------------------------
| rollout/                |             |
|    ep_len_mean          | 300         |
|    ep_rew_mean          | -59.7       |
| time/                   |             |
|    fps                  | 248         |
|    iterations           | 405         |
|    time_elapsed         | 833         |
|    total_timesteps      | 207360      |
| train/                  |             |
|    approx_kl            | 0.015135915 |
|    clip_fraction        | 0.186       |
|    clip_range           | 0.2         |
|    entropy_loss         | -0.581      |
|    explained_variance   | 0.988       |
|    learning_rate        | 0.0003      |
|    loss                 | 0.00959     |
|    n_updates            | 4040        |
|    policy_gradient_loss | -0.0199     |
|    std                  | 0.305       |
|    value_loss           | 0.119       |
-----------------------------------------
----------------------------------------
| rollout/                |            |
|    ep_len_mean          | 300        |
|    ep_rew_mean          | -59.6      |
| time/                   |            |
|    fps                  | 248        |
|    iterations           | 406        |
|    time_elapsed         | 836        |
|    total_timesteps      | 207872     |
| train/                  |            |
|    approx_kl            | 0.01914379 |
|    clip_fraction        | 0.234      |
|    clip_range           | 0.2        |
|    entropy_loss         | -0.586     |
|    explained_variance   | 0.976      |
|    learning_rate        | 0.0003     |
|    loss                 | 0.043      |
|    n_updates            | 4050       |
|    policy_gradient_loss | -0.0177    |
|    std                  | 0.305      |
|    value_loss           | 0.0732     |
----------------------------------------
-----------------------------------------
| rollout/                |             |
|    ep_len_mean          | 300         |
|    ep_rew_mean          | -59.7       |
| time/                   |             |
|    fps                  | 248         |
|    iterations           | 407         |
|    time_elapsed         | 839         |
|    total_timesteps      | 208384      |
| train/                  |             |
|    approx_kl            | 0.013143743 |
|    clip_fraction        | 0.133       |
|    clip_range           | 0.2         |
|    entropy_loss         | -0.572      |
|    explained_variance   | 0.98        |
|    learning_rate        | 0.0003      |
|    loss                 | 0.0016      |
|    n_updates            | 4060        |
|    policy_gradient_loss | -0.0135     |
|    std                  | 0.304       |
|    value_loss           | 0.0307      |
-----------------------------------------
-----------------------------------------
| rollout/                |             |
|    ep_len_mean          | 300         |
|    ep_rew_mean          | -59.8       |
| time/                   |             |
|    fps                  | 247         |
|    iterations           | 408         |
|    time_elapsed         | 842         |
|    total_timesteps      | 208896      |
| train/                  |             |
|    approx_kl            | 0.010217192 |
|    clip_fraction        | 0.149       |
|    clip_range           | 0.2         |
|    entropy_loss         | -0.548      |
|    explained_variance   | 0.979       |
|    learning_rate        | 0.0003      |
|    loss                 | 0.00535     |
|    n_updates            | 4070        |
|    policy_gradient_loss | -0.0167     |
|    std                  | 0.303       |
|    value_loss           | 0.0615      |
-----------------------------------------
-----------------------------------------
| rollout/                |             |
|    ep_len_mean          | 300         |
|    ep_rew_mean          | -59.8       |
| time/                   |             |
|    fps                  | 247         |
|    iterations           | 409         |
|    time_elapsed         | 845         |
|    total_timesteps      | 209408      |
| train/                  |             |
|    approx_kl            | 0.013557734 |
|    clip_fraction        | 0.206       |
|    clip_range           | 0.2         |
|    entropy_loss         | -0.528      |
|    explained_variance   | 0.983       |
|    learning_rate        | 0.0003      |
|    loss                 | 0.0211      |
|    n_updates            | 4080        |
|    policy_gradient_loss | -0.0167     |
|    std                  | 0.301       |
|    value_loss           | 0.111       |
-----------------------------------------
------------------------------------------
| rollout/                |              |
|    ep_len_mean          | 300          |
|    ep_rew_mean          | -59.7        |
| time/                   |              |
|    fps                  | 247          |
|    iterations           | 410          |
|    time_elapsed         | 848          |
|    total_timesteps      | 209920       |
| train/                  |              |
|    approx_kl            | 0.0143307205 |
|    clip_fraction        | 0.167        |
|    clip_range           | 0.2          |
|    entropy_loss         | -0.508       |
|    explained_variance   | 0.993        |
|    learning_rate        | 0.0003       |
|    loss                 | -0.0143      |
|    n_updates            | 4090         |
|    policy_gradient_loss | -0.0203      |
|    std                  | 0.299        |
|    value_loss           | 0.0445       |
------------------------------------------
-----------------------------------------
| rollout/                |             |
|    ep_len_mean          | 300         |
|    ep_rew_mean          | -59.7       |
| time/                   |             |
|    fps                  | 247         |
|    iterations           | 411         |
|    time_elapsed         | 850         |
|    total_timesteps      | 210432      |
| train/                  |             |
|    approx_kl            | 0.018765908 |
|    clip_fraction        | 0.212       |
|    clip_range           | 0.2         |
|    entropy_loss         | -0.497      |
|    explained_variance   | 0.996       |
|    learning_rate        | 0.0003      |
|    loss                 | -0.0213     |
|    n_updates            | 4100        |
|    policy_gradient_loss | -0.0192     |
|    std                  | 0.298       |
|    value_loss           | 0.0224      |
-----------------------------------------
-----------------------------------------
| rollout/                |             |
|    ep_len_mean          | 300         |
|    ep_rew_mean          | -59.7       |
| time/                   |             |
|    fps                  | 247         |
|    iterations           | 412         |
|    time_elapsed         | 853         |
|    total_timesteps      | 210944      |
| train/                  |             |
|    approx_kl            | 0.012627222 |
|    clip_fraction        | 0.19        |
|    clip_range           | 0.2         |
|    entropy_loss         | -0.484      |
|    explained_variance   | 0.988       |
|    learning_rate        | 0.0003      |
|    loss                 | 0.00208     |
|    n_updates            | 4110        |
|    policy_gradient_loss | -0.0161     |
|    std                  | 0.297       |
|    value_loss           | 0.0892      |
-----------------------------------------
-----------------------------------------
| rollout/                |             |
|    ep_len_mean          | 300         |
|    ep_rew_mean          | -59.8       |
| time/                   |             |
|    fps                  | 246         |
|    iterations           | 413         |
|    time_elapsed         | 856         |
|    total_timesteps      | 211456      |
| train/                  |             |
|    approx_kl            | 0.012478751 |
|    clip_fraction        | 0.193       |
|    clip_range           | 0.2         |
|    entropy_loss         | -0.472      |
|    explained_variance   | 0.981       |
|    learning_rate        | 0.0003      |
|    loss                 | -0.00321    |
|    n_updates            | 4120        |
|    policy_gradient_loss | -0.0173     |
|    std                  | 0.296       |
|    value_loss           | 0.0891      |
-----------------------------------------
-----------------------------------------
| rollout/                |             |
|    ep_len_mean          | 300         |
|    ep_rew_mean          | -59.9       |
| time/                   |             |
|    fps                  | 246         |
|    iterations           | 414         |
|    time_elapsed         | 860         |
|    total_timesteps      | 211968      |
| train/                  |             |
|    approx_kl            | 0.010040511 |
|    clip_fraction        | 0.241       |
|    clip_range           | 0.2         |
|    entropy_loss         | -0.45       |
|    explained_variance   | 0.993       |
|    learning_rate        | 0.0003      |
|    loss                 | -0.0549     |
|    n_updates            | 4130        |
|    policy_gradient_loss | -0.0257     |
|    std                  | 0.295       |
|    value_loss           | 0.0123      |
-----------------------------------------
-----------------------------------------
| rollout/                |             |
|    ep_len_mean          | 300         |
|    ep_rew_mean          | -59.8       |
| time/                   |             |
|    fps                  | 246         |
|    iterations           | 415         |
|    time_elapsed         | 863         |
|    total_timesteps      | 212480      |
| train/                  |             |
|    approx_kl            | 0.014396482 |
|    clip_fraction        | 0.166       |
|    clip_range           | 0.2         |
|    entropy_loss         | -0.43       |
|    explained_variance   | 0.979       |
|    learning_rate        | 0.0003      |
|    loss                 | -0.006      |
|    n_updates            | 4140        |
|    policy_gradient_loss | -0.0162     |
|    std                  | 0.294       |
|    value_loss           | 0.0827      |
-----------------------------------------
-----------------------------------------
| rollout/                |             |
|    ep_len_mean          | 300         |
|    ep_rew_mean          | -59.6       |
| time/                   |             |
|    fps                  | 245         |
|    iterations           | 416         |
|    time_elapsed         | 865         |
|    total_timesteps      | 212992      |
| train/                  |             |
|    approx_kl            | 0.024548013 |
|    clip_fraction        | 0.159       |
|    clip_range           | 0.2         |
|    entropy_loss         | -0.422      |
|    explained_variance   | 0.989       |
|    learning_rate        | 0.0003      |
|    loss                 | 0.0693      |
|    n_updates            | 4150        |
|    policy_gradient_loss | -0.0146     |
|    std                  | 0.294       |
|    value_loss           | 0.102       |
-----------------------------------------
-----------------------------------------
| rollout/                |             |
|    ep_len_mean          | 300         |
|    ep_rew_mean          | -59.1       |
| time/                   |             |
|    fps                  | 245         |
|    iterations           | 417         |
|    time_elapsed         | 868         |
|    total_timesteps      | 213504      |
| train/                  |             |
|    approx_kl            | 0.019276384 |
|    clip_fraction        | 0.107       |
|    clip_range           | 0.2         |
|    entropy_loss         | -0.403      |
|    explained_variance   | 0.971       |
|    learning_rate        | 0.0003      |
|    loss                 | 0.0272      |
|    n_updates            | 4160        |
|    policy_gradient_loss | -0.00795    |
|    std                  | 0.292       |
|    value_loss           | 0.0661      |
-----------------------------------------
----------------------------------------
| rollout/                |            |
|    ep_len_mean          | 300        |
|    ep_rew_mean          | -59.1      |
| time/                   |            |
|    fps                  | 245        |
|    iterations           | 418        |
|    time_elapsed         | 871        |
|    total_timesteps      | 214016     |
| train/                  |            |
|    approx_kl            | 0.02696671 |
|    clip_fraction        | 0.243      |
|    clip_range           | 0.2        |
|    entropy_loss         | -0.382     |
|    explained_variance   | 0.97       |
|    learning_rate        | 0.0003     |
|    loss                 | 0.000324   |
|    n_updates            | 4170       |
|    policy_gradient_loss | -0.0213    |
|    std                  | 0.292      |
|    value_loss           | 0.0991     |
----------------------------------------
------------------------------------------
| rollout/                |              |
|    ep_len_mean          | 300          |
|    ep_rew_mean          | -59.1        |
| time/                   |              |
|    fps                  | 245          |
|    iterations           | 419          |
|    time_elapsed         | 873          |
|    total_timesteps      | 214528       |
| train/                  |              |
|    approx_kl            | 0.0075882445 |
|    clip_fraction        | 0.145        |
|    clip_range           | 0.2          |
|    entropy_loss         | -0.38        |
|    explained_variance   | 0.952        |
|    learning_rate        | 0.0003       |
|    loss                 | 0.0433       |
|    n_updates            | 4180         |
|    policy_gradient_loss | -0.0154      |
|    std                  | 0.292        |
|    value_loss           | 0.201        |
------------------------------------------
-----------------------------------------
| rollout/                |             |
|    ep_len_mean          | 300         |
|    ep_rew_mean          | -59.1       |
| time/                   |             |
|    fps                  | 245         |
|    iterations           | 420         |
|    time_elapsed         | 875         |
|    total_timesteps      | 215040      |
| train/                  |             |
|    approx_kl            | 0.026560012 |
|    clip_fraction        | 0.192       |
|    clip_range           | 0.2         |
|    entropy_loss         | -0.369      |
|    explained_variance   | 0.985       |
|    learning_rate        | 0.0003      |
|    loss                 | -0.0149     |
|    n_updates            | 4190        |
|    policy_gradient_loss | -0.0159     |
|    std                  | 0.292       |
|    value_loss           | 0.0469      |
-----------------------------------------
---------------------------------------
| rollout/                |           |
|    ep_len_mean          | 300       |
|    ep_rew_mean          | -59.1     |
| time/                   |           |
|    fps                  | 245       |
|    iterations           | 421       |
|    time_elapsed         | 876       |
|    total_timesteps      | 215552    |
| train/                  |           |
|    approx_kl            | 0.0130355 |
|    clip_fraction        | 0.213     |
|    clip_range           | 0.2       |
|    entropy_loss         | -0.357    |
|    explained_variance   | 0.99      |
|    learning_rate        | 0.0003    |
|    loss                 | -0.00776  |
|    n_updates            | 4200      |
|    policy_gradient_loss | -0.0168   |
|    std                  | 0.292     |
|    value_loss           | 0.0284    |
---------------------------------------
-----------------------------------------
| rollout/                |             |
|    ep_len_mean          | 300         |
|    ep_rew_mean          | -59         |
| time/                   |             |
|    fps                  | 245         |
|    iterations           | 422         |
|    time_elapsed         | 879         |
|    total_timesteps      | 216064      |
| train/                  |             |
|    approx_kl            | 0.011527445 |
|    clip_fraction        | 0.246       |
|    clip_range           | 0.2         |
|    entropy_loss         | -0.335      |
|    explained_variance   | 0.949       |
|    learning_rate        | 0.0003      |
|    loss                 | -0.000597   |
|    n_updates            | 4210        |
|    policy_gradient_loss | -0.0185     |
|    std                  | 0.29        |
|    value_loss           | 0.27        |
-----------------------------------------
----------------------------------------
| rollout/                |            |
|    ep_len_mean          | 300        |
|    ep_rew_mean          | -58.9      |
| time/                   |            |
|    fps                  | 245        |
|    iterations           | 423        |
|    time_elapsed         | 881        |
|    total_timesteps      | 216576     |
| train/                  |            |
|    approx_kl            | 0.02906681 |
|    clip_fraction        | 0.233      |
|    clip_range           | 0.2        |
|    entropy_loss         | -0.326     |
|    explained_variance   | 0.986      |
|    learning_rate        | 0.0003     |
|    loss                 | 0.00964    |
|    n_updates            | 4220       |
|    policy_gradient_loss | -0.0191    |
|    std                  | 0.291      |
|    value_loss           | 0.068      |
----------------------------------------
-----------------------------------------
| rollout/                |             |
|    ep_len_mean          | 300         |
|    ep_rew_mean          | -59.1       |
| time/                   |             |
|    fps                  | 245         |
|    iterations           | 424         |
|    time_elapsed         | 885         |
|    total_timesteps      | 217088      |
| train/                  |             |
|    approx_kl            | 0.014633354 |
|    clip_fraction        | 0.181       |
|    clip_range           | 0.2         |
|    entropy_loss         | -0.347      |
|    explained_variance   | 0.98        |
|    learning_rate        | 0.0003      |
|    loss                 | 0.0186      |
|    n_updates            | 4230        |
|    policy_gradient_loss | -0.0129     |
|    std                  | 0.293       |
|    value_loss           | 0.0822      |
-----------------------------------------
-----------------------------------------
| rollout/                |             |
|    ep_len_mean          | 300         |
|    ep_rew_mean          | -58.8       |
| time/                   |             |
|    fps                  | 245         |
|    iterations           | 425         |
|    time_elapsed         | 888         |
|    total_timesteps      | 217600      |
| train/                  |             |
|    approx_kl            | 0.011653428 |
|    clip_fraction        | 0.136       |
|    clip_range           | 0.2         |
|    entropy_loss         | -0.352      |
|    explained_variance   | 0.988       |
|    learning_rate        | 0.0003      |
|    loss                 | 0.00231     |
|    n_updates            | 4240        |
|    policy_gradient_loss | -0.018      |
|    std                  | 0.293       |
|    value_loss           | 0.0571      |
-----------------------------------------
-----------------------------------------
| rollout/                |             |
|    ep_len_mean          | 300         |
|    ep_rew_mean          | -58.8       |
| time/                   |             |
|    fps                  | 245         |
|    iterations           | 426         |
|    time_elapsed         | 889         |
|    total_timesteps      | 218112      |
| train/                  |             |
|    approx_kl            | 0.017654594 |
|    clip_fraction        | 0.18        |
|    clip_range           | 0.2         |
|    entropy_loss         | -0.341      |
|    explained_variance   | 0.978       |
|    learning_rate        | 0.0003      |
|    loss                 | 0.0129      |
|    n_updates            | 4250        |
|    policy_gradient_loss | -0.0184     |
|    std                  | 0.292       |
|    value_loss           | 0.0679      |
-----------------------------------------
-----------------------------------------
| rollout/                |             |
|    ep_len_mean          | 300         |
|    ep_rew_mean          | -58.7       |
| time/                   |             |
|    fps                  | 245         |
|    iterations           | 427         |
|    time_elapsed         | 890         |
|    total_timesteps      | 218624      |
| train/                  |             |
|    approx_kl            | 0.025792936 |
|    clip_fraction        | 0.188       |
|    clip_range           | 0.2         |
|    entropy_loss         | -0.33       |
|    explained_variance   | 0.986       |
|    learning_rate        | 0.0003      |
|    loss                 | -0.00861    |
|    n_updates            | 4260        |
|    policy_gradient_loss | -0.0192     |
|    std                  | 0.291       |
|    value_loss           | 0.0341      |
-----------------------------------------
-----------------------------------------
| rollout/                |             |
|    ep_len_mean          | 300         |
|    ep_rew_mean          | -58.8       |
| time/                   |             |
|    fps                  | 245         |
|    iterations           | 428         |
|    time_elapsed         | 892         |
|    total_timesteps      | 219136      |
| train/                  |             |
|    approx_kl            | 0.014750225 |
|    clip_fraction        | 0.131       |
|    clip_range           | 0.2         |
|    entropy_loss         | -0.323      |
|    explained_variance   | 0.92        |
|    learning_rate        | 0.0003      |
|    loss                 | 0.0401      |
|    n_updates            | 4270        |
|    policy_gradient_loss | -0.0198     |
|    std                  | 0.291       |
|    value_loss           | 0.328       |
-----------------------------------------
-----------------------------------------
| rollout/                |             |
|    ep_len_mean          | 300         |
|    ep_rew_mean          | -59         |
| time/                   |             |
|    fps                  | 245         |
|    iterations           | 429         |
|    time_elapsed         | 895         |
|    total_timesteps      | 219648      |
| train/                  |             |
|    approx_kl            | 0.022892293 |
|    clip_fraction        | 0.137       |
|    clip_range           | 0.2         |
|    entropy_loss         | -0.323      |
|    explained_variance   | 0.96        |
|    learning_rate        | 0.0003      |
|    loss                 | -0.0127     |
|    n_updates            | 4280        |
|    policy_gradient_loss | -0.0212     |
|    std                  | 0.292       |
|    value_loss           | 0.126       |
-----------------------------------------
-----------------------------------------
| rollout/                |             |
|    ep_len_mean          | 300         |
|    ep_rew_mean          | -59         |
| time/                   |             |
|    fps                  | 245         |
|    iterations           | 430         |
|    time_elapsed         | 898         |
|    total_timesteps      | 220160      |
| train/                  |             |
|    approx_kl            | 0.019199401 |
|    clip_fraction        | 0.217       |
|    clip_range           | 0.2         |
|    entropy_loss         | -0.334      |
|    explained_variance   | 0.972       |
|    learning_rate        | 0.0003      |
|    loss                 | 0.00761     |
|    n_updates            | 4290        |
|    policy_gradient_loss | -0.0152     |
|    std                  | 0.293       |
|    value_loss           | 0.0933      |
-----------------------------------------
-----------------------------------------
| rollout/                |             |
|    ep_len_mean          | 300         |
|    ep_rew_mean          | -59.2       |
| time/                   |             |
|    fps                  | 244         |
|    iterations           | 431         |
|    time_elapsed         | 900         |
|    total_timesteps      | 220672      |
| train/                  |             |
|    approx_kl            | 0.020340066 |
|    clip_fraction        | 0.192       |
|    clip_range           | 0.2         |
|    entropy_loss         | -0.345      |
|    explained_variance   | 0.987       |
|    learning_rate        | 0.0003      |
|    loss                 | -0.0278     |
|    n_updates            | 4300        |
|    policy_gradient_loss | -0.0206     |
|    std                  | 0.293       |
|    value_loss           | 0.042       |
-----------------------------------------
-----------------------------------------
| rollout/                |             |
|    ep_len_mean          | 300         |
|    ep_rew_mean          | -59.1       |
| time/                   |             |
|    fps                  | 244         |
|    iterations           | 432         |
|    time_elapsed         | 904         |
|    total_timesteps      | 221184      |
| train/                  |             |
|    approx_kl            | 0.017481346 |
|    clip_fraction        | 0.147       |
|    clip_range           | 0.2         |
|    entropy_loss         | -0.336      |
|    explained_variance   | 0.988       |
|    learning_rate        | 0.0003      |
|    loss                 | 0.00422     |
|    n_updates            | 4310        |
|    policy_gradient_loss | -0.0159     |
|    std                  | 0.292       |
|    value_loss           | 0.035       |
-----------------------------------------
-----------------------------------------
| rollout/                |             |
|    ep_len_mean          | 300         |
|    ep_rew_mean          | -59         |
| time/                   |             |
|    fps                  | 244         |
|    iterations           | 433         |
|    time_elapsed         | 907         |
|    total_timesteps      | 221696      |
| train/                  |             |
|    approx_kl            | 0.016101455 |
|    clip_fraction        | 0.195       |
|    clip_range           | 0.2         |
|    entropy_loss         | -0.324      |
|    explained_variance   | 0.979       |
|    learning_rate        | 0.0003      |
|    loss                 | 0.0456      |
|    n_updates            | 4320        |
|    policy_gradient_loss | -0.0156     |
|    std                  | 0.291       |
|    value_loss           | 0.102       |
-----------------------------------------
-----------------------------------------
| rollout/                |             |
|    ep_len_mean          | 300         |
|    ep_rew_mean          | -59         |
| time/                   |             |
|    fps                  | 244         |
|    iterations           | 434         |
|    time_elapsed         | 910         |
|    total_timesteps      | 222208      |
| train/                  |             |
|    approx_kl            | 0.021302726 |
|    clip_fraction        | 0.261       |
|    clip_range           | 0.2         |
|    entropy_loss         | -0.315      |
|    explained_variance   | 0.982       |
|    learning_rate        | 0.0003      |
|    loss                 | -0.00711    |
|    n_updates            | 4330        |
|    policy_gradient_loss | -0.0184     |
|    std                  | 0.29        |
|    value_loss           | 0.0323      |
-----------------------------------------
-----------------------------------------
| rollout/                |             |
|    ep_len_mean          | 300         |
|    ep_rew_mean          | -58.8       |
| time/                   |             |
|    fps                  | 244         |
|    iterations           | 435         |
|    time_elapsed         | 912         |
|    total_timesteps      | 222720      |
| train/                  |             |
|    approx_kl            | 0.028759662 |
|    clip_fraction        | 0.255       |
|    clip_range           | 0.2         |
|    entropy_loss         | -0.298      |
|    explained_variance   | 0.982       |
|    learning_rate        | 0.0003      |
|    loss                 | 0.0132      |
|    n_updates            | 4340        |
|    policy_gradient_loss | -0.0226     |
|    std                  | 0.289       |
|    value_loss           | 0.102       |
-----------------------------------------
-----------------------------------------
| rollout/                |             |
|    ep_len_mean          | 300         |
|    ep_rew_mean          | -58.9       |
| time/                   |             |
|    fps                  | 243         |
|    iterations           | 436         |
|    time_elapsed         | 915         |
|    total_timesteps      | 223232      |
| train/                  |             |
|    approx_kl            | 0.018182196 |
|    clip_fraction        | 0.199       |
|    clip_range           | 0.2         |
|    entropy_loss         | -0.295      |
|    explained_variance   | 0.991       |
|    learning_rate        | 0.0003      |
|    loss                 | 0.00192     |
|    n_updates            | 4350        |
|    policy_gradient_loss | -0.0182     |
|    std                  | 0.289       |
|    value_loss           | 0.0602      |
-----------------------------------------
-----------------------------------------
| rollout/                |             |
|    ep_len_mean          | 300         |
|    ep_rew_mean          | -59         |
| time/                   |             |
|    fps                  | 243         |
|    iterations           | 437         |
|    time_elapsed         | 918         |
|    total_timesteps      | 223744      |
| train/                  |             |
|    approx_kl            | 0.038085885 |
|    clip_fraction        | 0.25        |
|    clip_range           | 0.2         |
|    entropy_loss         | -0.289      |
|    explained_variance   | 0.993       |
|    learning_rate        | 0.0003      |
|    loss                 | -0.0277     |
|    n_updates            | 4360        |
|    policy_gradient_loss | -0.0284     |
|    std                  | 0.288       |
|    value_loss           | 0.0305      |
-----------------------------------------
-----------------------------------------
| rollout/                |             |
|    ep_len_mean          | 300         |
|    ep_rew_mean          | -58.9       |
| time/                   |             |
|    fps                  | 243         |
|    iterations           | 438         |
|    time_elapsed         | 921         |
|    total_timesteps      | 224256      |
| train/                  |             |
|    approx_kl            | 0.042494364 |
|    clip_fraction        | 0.217       |
|    clip_range           | 0.2         |
|    entropy_loss         | -0.276      |
|    explained_variance   | 0.995       |
|    learning_rate        | 0.0003      |
|    loss                 | -0.0314     |
|    n_updates            | 4370        |
|    policy_gradient_loss | -0.0216     |
|    std                  | 0.288       |
|    value_loss           | 0.0198      |
-----------------------------------------
-----------------------------------------
| rollout/                |             |
|    ep_len_mean          | 300         |
|    ep_rew_mean          | -58.7       |
| time/                   |             |
|    fps                  | 242         |
|    iterations           | 439         |
|    time_elapsed         | 925         |
|    total_timesteps      | 224768      |
| train/                  |             |
|    approx_kl            | 0.024306752 |
|    clip_fraction        | 0.194       |
|    clip_range           | 0.2         |
|    entropy_loss         | -0.272      |
|    explained_variance   | 0.99        |
|    learning_rate        | 0.0003      |
|    loss                 | -0.00118    |
|    n_updates            | 4380        |
|    policy_gradient_loss | -0.0187     |
|    std                  | 0.288       |
|    value_loss           | 0.0536      |
-----------------------------------------
-----------------------------------------
| rollout/                |             |
|    ep_len_mean          | 300         |
|    ep_rew_mean          | -58.9       |
| time/                   |             |
|    fps                  | 242         |
|    iterations           | 440         |
|    time_elapsed         | 928         |
|    total_timesteps      | 225280      |
| train/                  |             |
|    approx_kl            | 0.018314674 |
|    clip_fraction        | 0.187       |
|    clip_range           | 0.2         |
|    entropy_loss         | -0.267      |
|    explained_variance   | 0.99        |
|    learning_rate        | 0.0003      |
|    loss                 | 0.0568      |
|    n_updates            | 4390        |
|    policy_gradient_loss | -0.0159     |
|    std                  | 0.288       |
|    value_loss           | 0.0715      |
-----------------------------------------
-----------------------------------------
| rollout/                |             |
|    ep_len_mean          | 300         |
|    ep_rew_mean          | -58.9       |
| time/                   |             |
|    fps                  | 242         |
|    iterations           | 441         |
|    time_elapsed         | 930         |
|    total_timesteps      | 225792      |
| train/                  |             |
|    approx_kl            | 0.032151967 |
|    clip_fraction        | 0.269       |
|    clip_range           | 0.2         |
|    entropy_loss         | -0.251      |
|    explained_variance   | 0.993       |
|    learning_rate        | 0.0003      |
|    loss                 | -0.0326     |
|    n_updates            | 4400        |
|    policy_gradient_loss | -0.0119     |
|    std                  | 0.286       |
|    value_loss           | 0.0121      |
-----------------------------------------
-----------------------------------------
| rollout/                |             |
|    ep_len_mean          | 300         |
|    ep_rew_mean          | -59         |
| time/                   |             |
|    fps                  | 242         |
|    iterations           | 442         |
|    time_elapsed         | 933         |
|    total_timesteps      | 226304      |
| train/                  |             |
|    approx_kl            | 0.020558225 |
|    clip_fraction        | 0.171       |
|    clip_range           | 0.2         |
|    entropy_loss         | -0.214      |
|    explained_variance   | 0.992       |
|    learning_rate        | 0.0003      |
|    loss                 | -0.0172     |
|    n_updates            | 4410        |
|    policy_gradient_loss | -0.0253     |
|    std                  | 0.283       |
|    value_loss           | 0.0477      |
-----------------------------------------
-----------------------------------------
| rollout/                |             |
|    ep_len_mean          | 300         |
|    ep_rew_mean          | -59.1       |
| time/                   |             |
|    fps                  | 241         |
|    iterations           | 443         |
|    time_elapsed         | 937         |
|    total_timesteps      | 226816      |
| train/                  |             |
|    approx_kl            | 0.034399822 |
|    clip_fraction        | 0.225       |
|    clip_range           | 0.2         |
|    entropy_loss         | -0.191      |
|    explained_variance   | 0.986       |
|    learning_rate        | 0.0003      |
|    loss                 | -0.0331     |
|    n_updates            | 4420        |
|    policy_gradient_loss | -0.0263     |
|    std                  | 0.284       |
|    value_loss           | 0.0478      |
-----------------------------------------
-----------------------------------------
| rollout/                |             |
|    ep_len_mean          | 300         |
|    ep_rew_mean          | -59.1       |
| time/                   |             |
|    fps                  | 241         |
|    iterations           | 444         |
|    time_elapsed         | 941         |
|    total_timesteps      | 227328      |
| train/                  |             |
|    approx_kl            | 0.028295795 |
|    clip_fraction        | 0.203       |
|    clip_range           | 0.2         |
|    entropy_loss         | -0.18       |
|    explained_variance   | 0.992       |
|    learning_rate        | 0.0003      |
|    loss                 | -0.0376     |
|    n_updates            | 4430        |
|    policy_gradient_loss | -0.0173     |
|    std                  | 0.282       |
|    value_loss           | 0.025       |
-----------------------------------------
-----------------------------------------
| rollout/                |             |
|    ep_len_mean          | 300         |
|    ep_rew_mean          | -58.9       |
| time/                   |             |
|    fps                  | 241         |
|    iterations           | 445         |
|    time_elapsed         | 944         |
|    total_timesteps      | 227840      |
| train/                  |             |
|    approx_kl            | 0.009329796 |
|    clip_fraction        | 0.151       |
|    clip_range           | 0.2         |
|    entropy_loss         | -0.157      |
|    explained_variance   | 0.986       |
|    learning_rate        | 0.0003      |
|    loss                 | -0.0098     |
|    n_updates            | 4440        |
|    policy_gradient_loss | -0.0111     |
|    std                  | 0.282       |
|    value_loss           | 0.0354      |
-----------------------------------------
-----------------------------------------
| rollout/                |             |
|    ep_len_mean          | 300         |
|    ep_rew_mean          | -59         |
| time/                   |             |
|    fps                  | 241         |
|    iterations           | 446         |
|    time_elapsed         | 947         |
|    total_timesteps      | 228352      |
| train/                  |             |
|    approx_kl            | 0.010657098 |
|    clip_fraction        | 0.137       |
|    clip_range           | 0.2         |
|    entropy_loss         | -0.149      |
|    explained_variance   | 0.989       |
|    learning_rate        | 0.0003      |
|    loss                 | -0.0274     |
|    n_updates            | 4450        |
|    policy_gradient_loss | -0.0121     |
|    std                  | 0.281       |
|    value_loss           | 0.0335      |
-----------------------------------------
-----------------------------------------
| rollout/                |             |
|    ep_len_mean          | 300         |
|    ep_rew_mean          | -59.1       |
| time/                   |             |
|    fps                  | 240         |
|    iterations           | 447         |
|    time_elapsed         | 949         |
|    total_timesteps      | 228864      |
| train/                  |             |
|    approx_kl            | 0.014917973 |
|    clip_fraction        | 0.18        |
|    clip_range           | 0.2         |
|    entropy_loss         | -0.128      |
|    explained_variance   | 0.995       |
|    learning_rate        | 0.0003      |
|    loss                 | -0.00251    |
|    n_updates            | 4460        |
|    policy_gradient_loss | -0.0124     |
|    std                  | 0.28        |
|    value_loss           | 0.0324      |
-----------------------------------------
-----------------------------------------
| rollout/                |             |
|    ep_len_mean          | 300         |
|    ep_rew_mean          | -58.8       |
| time/                   |             |
|    fps                  | 240         |
|    iterations           | 448         |
|    time_elapsed         | 952         |
|    total_timesteps      | 229376      |
| train/                  |             |
|    approx_kl            | 0.020240415 |
|    clip_fraction        | 0.208       |
|    clip_range           | 0.2         |
|    entropy_loss         | -0.109      |
|    explained_variance   | 0.997       |
|    learning_rate        | 0.0003      |
|    loss                 | -0.0296     |
|    n_updates            | 4470        |
|    policy_gradient_loss | -0.0247     |
|    std                  | 0.278       |
|    value_loss           | 0.0127      |
-----------------------------------------
-----------------------------------------
| rollout/                |             |
|    ep_len_mean          | 300         |
|    ep_rew_mean          | -59         |
| time/                   |             |
|    fps                  | 240         |
|    iterations           | 449         |
|    time_elapsed         | 955         |
|    total_timesteps      | 229888      |
| train/                  |             |
|    approx_kl            | 0.013366614 |
|    clip_fraction        | 0.157       |
|    clip_range           | 0.2         |
|    entropy_loss         | -0.0767     |
|    explained_variance   | 0.986       |
|    learning_rate        | 0.0003      |
|    loss                 | -0.0117     |
|    n_updates            | 4480        |
|    policy_gradient_loss | -0.0114     |
|    std                  | 0.276       |
|    value_loss           | 0.0808      |
-----------------------------------------
-----------------------------------------
| rollout/                |             |
|    ep_len_mean          | 300         |
|    ep_rew_mean          | -58.7       |
| time/                   |             |
|    fps                  | 240         |
|    iterations           | 450         |
|    time_elapsed         | 958         |
|    total_timesteps      | 230400      |
| train/                  |             |
|    approx_kl            | 0.022211554 |
|    clip_fraction        | 0.185       |
|    clip_range           | 0.2         |
|    entropy_loss         | -0.0488     |
|    explained_variance   | 0.969       |
|    learning_rate        | 0.0003      |
|    loss                 | 0.0225      |
|    n_updates            | 4490        |
|    policy_gradient_loss | -0.0116     |
|    std                  | 0.274       |
|    value_loss           | 0.125       |
-----------------------------------------
-----------------------------------------
| rollout/                |             |
|    ep_len_mean          | 300         |
|    ep_rew_mean          | -58.7       |
| time/                   |             |
|    fps                  | 240         |
|    iterations           | 451         |
|    time_elapsed         | 960         |
|    total_timesteps      | 230912      |
| train/                  |             |
|    approx_kl            | 0.015294537 |
|    clip_fraction        | 0.185       |
|    clip_range           | 0.2         |
|    entropy_loss         | -0.0193     |
|    explained_variance   | 0.978       |
|    learning_rate        | 0.0003      |
|    loss                 | 0.00454     |
|    n_updates            | 4500        |
|    policy_gradient_loss | -0.0134     |
|    std                  | 0.271       |
|    value_loss           | 0.0876      |
-----------------------------------------
-----------------------------------------
| rollout/                |             |
|    ep_len_mean          | 300         |
|    ep_rew_mean          | -58.8       |
| time/                   |             |
|    fps                  | 240         |
|    iterations           | 452         |
|    time_elapsed         | 963         |
|    total_timesteps      | 231424      |
| train/                  |             |
|    approx_kl            | 0.041149534 |
|    clip_fraction        | 0.262       |
|    clip_range           | 0.2         |
|    entropy_loss         | 0.00955     |
|    explained_variance   | 0.994       |
|    learning_rate        | 0.0003      |
|    loss                 | -0.000657   |
|    n_updates            | 4510        |
|    policy_gradient_loss | -0.0238     |
|    std                  | 0.27        |
|    value_loss           | 0.0271      |
-----------------------------------------
-----------------------------------------
| rollout/                |             |
|    ep_len_mean          | 300         |
|    ep_rew_mean          | -58.6       |
| time/                   |             |
|    fps                  | 240         |
|    iterations           | 453         |
|    time_elapsed         | 965         |
|    total_timesteps      | 231936      |
| train/                  |             |
|    approx_kl            | 0.025435785 |
|    clip_fraction        | 0.189       |
|    clip_range           | 0.2         |
|    entropy_loss         | 0.0219      |
|    explained_variance   | 0.992       |
|    learning_rate        | 0.0003      |
|    loss                 | -0.0212     |
|    n_updates            | 4520        |
|    policy_gradient_loss | -0.0179     |
|    std                  | 0.269       |
|    value_loss           | 0.0409      |
-----------------------------------------
-----------------------------------------
| rollout/                |             |
|    ep_len_mean          | 300         |
|    ep_rew_mean          | -58.7       |
| time/                   |             |
|    fps                  | 239         |
|    iterations           | 454         |
|    time_elapsed         | 969         |
|    total_timesteps      | 232448      |
| train/                  |             |
|    approx_kl            | 0.011895715 |
|    clip_fraction        | 0.169       |
|    clip_range           | 0.2         |
|    entropy_loss         | 0.0358      |
|    explained_variance   | 0.989       |
|    learning_rate        | 0.0003      |
|    loss                 | 0.0565      |
|    n_updates            | 4530        |
|    policy_gradient_loss | -0.00924    |
|    std                  | 0.269       |
|    value_loss           | 0.0895      |
-----------------------------------------
-----------------------------------------
| rollout/                |             |
|    ep_len_mean          | 300         |
|    ep_rew_mean          | -58.4       |
| time/                   |             |
|    fps                  | 239         |
|    iterations           | 455         |
|    time_elapsed         | 972         |
|    total_timesteps      | 232960      |
| train/                  |             |
|    approx_kl            | 0.009291796 |
|    clip_fraction        | 0.187       |
|    clip_range           | 0.2         |
|    entropy_loss         | 0.034       |
|    explained_variance   | 0.983       |
|    learning_rate        | 0.0003      |
|    loss                 | 0.00995     |
|    n_updates            | 4540        |
|    policy_gradient_loss | -0.0136     |
|    std                  | 0.269       |
|    value_loss           | 0.0582      |
-----------------------------------------
-----------------------------------------
| rollout/                |             |
|    ep_len_mean          | 300         |
|    ep_rew_mean          | -58.3       |
| time/                   |             |
|    fps                  | 239         |
|    iterations           | 456         |
|    time_elapsed         | 974         |
|    total_timesteps      | 233472      |
| train/                  |             |
|    approx_kl            | 0.032330927 |
|    clip_fraction        | 0.227       |
|    clip_range           | 0.2         |
|    entropy_loss         | 0.0273      |
|    explained_variance   | 0.995       |
|    learning_rate        | 0.0003      |
|    loss                 | 0.0478      |
|    n_updates            | 4550        |
|    policy_gradient_loss | -0.0216     |
|    std                  | 0.269       |
|    value_loss           | 0.0177      |
-----------------------------------------
-----------------------------------------
| rollout/                |             |
|    ep_len_mean          | 300         |
|    ep_rew_mean          | -58         |
| time/                   |             |
|    fps                  | 239         |
|    iterations           | 457         |
|    time_elapsed         | 977         |
|    total_timesteps      | 233984      |
| train/                  |             |
|    approx_kl            | 0.012592806 |
|    clip_fraction        | 0.184       |
|    clip_range           | 0.2         |
|    entropy_loss         | 0.0209      |
|    explained_variance   | 0.988       |
|    learning_rate        | 0.0003      |
|    loss                 | -0.00347    |
|    n_updates            | 4560        |
|    policy_gradient_loss | -0.0229     |
|    std                  | 0.27        |
|    value_loss           | 0.0641      |
-----------------------------------------
------------------------------------------
| rollout/                |              |
|    ep_len_mean          | 300          |
|    ep_rew_mean          | -57.8        |
| time/                   |              |
|    fps                  | 239          |
|    iterations           | 458          |
|    time_elapsed         | 980          |
|    total_timesteps      | 234496       |
| train/                  |              |
|    approx_kl            | 0.0113429185 |
|    clip_fraction        | 0.158        |
|    clip_range           | 0.2          |
|    entropy_loss         | 0.0181       |
|    explained_variance   | 0.974        |
|    learning_rate        | 0.0003       |
|    loss                 | -0.0312      |
|    n_updates            | 4570         |
|    policy_gradient_loss | -0.0168      |
|    std                  | 0.27         |
|    value_loss           | 0.0797       |
------------------------------------------
-----------------------------------------
| rollout/                |             |
|    ep_len_mean          | 300         |
|    ep_rew_mean          | -57.7       |
| time/                   |             |
|    fps                  | 238         |
|    iterations           | 459         |
|    time_elapsed         | 983         |
|    total_timesteps      | 235008      |
| train/                  |             |
|    approx_kl            | 0.018266775 |
|    clip_fraction        | 0.205       |
|    clip_range           | 0.2         |
|    entropy_loss         | 0.0263      |
|    explained_variance   | 0.992       |
|    learning_rate        | 0.0003      |
|    loss                 | -0.0102     |
|    n_updates            | 4580        |
|    policy_gradient_loss | -0.0137     |
|    std                  | 0.27        |
|    value_loss           | 0.0383      |
-----------------------------------------
-----------------------------------------
| rollout/                |             |
|    ep_len_mean          | 300         |
|    ep_rew_mean          | -57.3       |
| time/                   |             |
|    fps                  | 238         |
|    iterations           | 460         |
|    time_elapsed         | 986         |
|    total_timesteps      | 235520      |
| train/                  |             |
|    approx_kl            | 0.018510938 |
|    clip_fraction        | 0.194       |
|    clip_range           | 0.2         |
|    entropy_loss         | 0.0421      |
|    explained_variance   | 0.996       |
|    learning_rate        | 0.0003      |
|    loss                 | -0.0474     |
|    n_updates            | 4590        |
|    policy_gradient_loss | -0.022      |
|    std                  | 0.268       |
|    value_loss           | 0.0113      |
-----------------------------------------
-----------------------------------------
| rollout/                |             |
|    ep_len_mean          | 300         |
|    ep_rew_mean          | -57.4       |
| time/                   |             |
|    fps                  | 238         |
|    iterations           | 461         |
|    time_elapsed         | 989         |
|    total_timesteps      | 236032      |
| train/                  |             |
|    approx_kl            | 0.014623441 |
|    clip_fraction        | 0.181       |
|    clip_range           | 0.2         |
|    entropy_loss         | 0.0712      |
|    explained_variance   | 0.994       |
|    learning_rate        | 0.0003      |
|    loss                 | -0.0102     |
|    n_updates            | 4600        |
|    policy_gradient_loss | -0.0156     |
|    std                  | 0.267       |
|    value_loss           | 0.0282      |
-----------------------------------------
-----------------------------------------
| rollout/                |             |
|    ep_len_mean          | 300         |
|    ep_rew_mean          | -57         |
| time/                   |             |
|    fps                  | 238         |
|    iterations           | 462         |
|    time_elapsed         | 991         |
|    total_timesteps      | 236544      |
| train/                  |             |
|    approx_kl            | 0.020420019 |
|    clip_fraction        | 0.167       |
|    clip_range           | 0.2         |
|    entropy_loss         | 0.0808      |
|    explained_variance   | 0.977       |
|    learning_rate        | 0.0003      |
|    loss                 | 0.0477      |
|    n_updates            | 4610        |
|    policy_gradient_loss | -0.00317    |
|    std                  | 0.267       |
|    value_loss           | 0.1         |
-----------------------------------------
-----------------------------------------
| rollout/                |             |
|    ep_len_mean          | 300         |
|    ep_rew_mean          | -56.9       |
| time/                   |             |
|    fps                  | 238         |
|    iterations           | 463         |
|    time_elapsed         | 994         |
|    total_timesteps      | 237056      |
| train/                  |             |
|    approx_kl            | 0.013142606 |
|    clip_fraction        | 0.169       |
|    clip_range           | 0.2         |
|    entropy_loss         | 0.0969      |
|    explained_variance   | 0.989       |
|    learning_rate        | 0.0003      |
|    loss                 | -0.0115     |
|    n_updates            | 4620        |
|    policy_gradient_loss | -0.00514    |
|    std                  | 0.266       |
|    value_loss           | 0.0475      |
-----------------------------------------
-----------------------------------------
| rollout/                |             |
|    ep_len_mean          | 300         |
|    ep_rew_mean          | -56.9       |
| time/                   |             |
|    fps                  | 238         |
|    iterations           | 464         |
|    time_elapsed         | 997         |
|    total_timesteps      | 237568      |
| train/                  |             |
|    approx_kl            | 0.016018277 |
|    clip_fraction        | 0.172       |
|    clip_range           | 0.2         |
|    entropy_loss         | 0.114       |
|    explained_variance   | 0.988       |
|    learning_rate        | 0.0003      |
|    loss                 | 0.0128      |
|    n_updates            | 4630        |
|    policy_gradient_loss | -0.0052     |
|    std                  | 0.266       |
|    value_loss           | 0.0576      |
-----------------------------------------
----------------------------------------
| rollout/                |            |
|    ep_len_mean          | 300        |
|    ep_rew_mean          | -56.9      |
| time/                   |            |
|    fps                  | 238        |
|    iterations           | 465        |
|    time_elapsed         | 1000       |
|    total_timesteps      | 238080     |
| train/                  |            |
|    approx_kl            | 0.01800131 |
|    clip_fraction        | 0.191      |
|    clip_range           | 0.2        |
|    entropy_loss         | 0.114      |
|    explained_variance   | 0.99       |
|    learning_rate        | 0.0003     |
|    loss                 | -0.0227    |
|    n_updates            | 4640       |
|    policy_gradient_loss | -0.0231    |
|    std                  | 0.265      |
|    value_loss           | 0.0137     |
----------------------------------------
-----------------------------------------
| rollout/                |             |
|    ep_len_mean          | 300         |
|    ep_rew_mean          | -56.7       |
| time/                   |             |
|    fps                  | 237         |
|    iterations           | 466         |
|    time_elapsed         | 1002        |
|    total_timesteps      | 238592      |
| train/                  |             |
|    approx_kl            | 0.024038639 |
|    clip_fraction        | 0.205       |
|    clip_range           | 0.2         |
|    entropy_loss         | 0.119       |
|    explained_variance   | 0.992       |
|    learning_rate        | 0.0003      |
|    loss                 | 0.0385      |
|    n_updates            | 4650        |
|    policy_gradient_loss | -0.0167     |
|    std                  | 0.266       |
|    value_loss           | 0.0331      |
-----------------------------------------
-----------------------------------------
| rollout/                |             |
|    ep_len_mean          | 300         |
|    ep_rew_mean          | -56.8       |
| time/                   |             |
|    fps                  | 238         |
|    iterations           | 467         |
|    time_elapsed         | 1004        |
|    total_timesteps      | 239104      |
| train/                  |             |
|    approx_kl            | 0.017846964 |
|    clip_fraction        | 0.221       |
|    clip_range           | 0.2         |
|    entropy_loss         | 0.118       |
|    explained_variance   | 0.994       |
|    learning_rate        | 0.0003      |
|    loss                 | -0.0055     |
|    n_updates            | 4660        |
|    policy_gradient_loss | -0.0187     |
|    std                  | 0.266       |
|    value_loss           | 0.0297      |
-----------------------------------------
-----------------------------------------
| rollout/                |             |
|    ep_len_mean          | 300         |
|    ep_rew_mean          | -56.8       |
| time/                   |             |
|    fps                  | 238         |
|    iterations           | 468         |
|    time_elapsed         | 1005        |
|    total_timesteps      | 239616      |
| train/                  |             |
|    approx_kl            | 0.017451283 |
|    clip_fraction        | 0.191       |
|    clip_range           | 0.2         |
|    entropy_loss         | 0.113       |
|    explained_variance   | 0.993       |
|    learning_rate        | 0.0003      |
|    loss                 | -0.0271     |
|    n_updates            | 4670        |
|    policy_gradient_loss | -0.0183     |
|    std                  | 0.267       |
|    value_loss           | 0.0164      |
-----------------------------------------
-----------------------------------------
| rollout/                |             |
|    ep_len_mean          | 300         |
|    ep_rew_mean          | -56.9       |
| time/                   |             |
|    fps                  | 238         |
|    iterations           | 469         |
|    time_elapsed         | 1007        |
|    total_timesteps      | 240128      |
| train/                  |             |
|    approx_kl            | 0.007132323 |
|    clip_fraction        | 0.166       |
|    clip_range           | 0.2         |
|    entropy_loss         | 0.125       |
|    explained_variance   | 0.982       |
|    learning_rate        | 0.0003      |
|    loss                 | 0.00537     |
|    n_updates            | 4680        |
|    policy_gradient_loss | -0.0141     |
|    std                  | 0.266       |
|    value_loss           | 0.0739      |
-----------------------------------------
-----------------------------------------
| rollout/                |             |
|    ep_len_mean          | 300         |
|    ep_rew_mean          | -56.7       |
| time/                   |             |
|    fps                  | 238         |
|    iterations           | 470         |
|    time_elapsed         | 1008        |
|    total_timesteps      | 240640      |
| train/                  |             |
|    approx_kl            | 0.030633107 |
|    clip_fraction        | 0.261       |
|    clip_range           | 0.2         |
|    entropy_loss         | 0.134       |
|    explained_variance   | 0.979       |
|    learning_rate        | 0.0003      |
|    loss                 | -0.0104     |
|    n_updates            | 4690        |
|    policy_gradient_loss | -0.0237     |
|    std                  | 0.266       |
|    value_loss           | 0.0577      |
-----------------------------------------
-----------------------------------------
| rollout/                |             |
|    ep_len_mean          | 300         |
|    ep_rew_mean          | -56.5       |
| time/                   |             |
|    fps                  | 238         |
|    iterations           | 471         |
|    time_elapsed         | 1010        |
|    total_timesteps      | 241152      |
| train/                  |             |
|    approx_kl            | 0.012574945 |
|    clip_fraction        | 0.112       |
|    clip_range           | 0.2         |
|    entropy_loss         | 0.137       |
|    explained_variance   | 0.991       |
|    learning_rate        | 0.0003      |
|    loss                 | 0.00455     |
|    n_updates            | 4700        |
|    policy_gradient_loss | -0.0145     |
|    std                  | 0.266       |
|    value_loss           | 0.0335      |
-----------------------------------------
-----------------------------------------
| rollout/                |             |
|    ep_len_mean          | 300         |
|    ep_rew_mean          | -56.3       |
| time/                   |             |
|    fps                  | 238         |
|    iterations           | 472         |
|    time_elapsed         | 1012        |
|    total_timesteps      | 241664      |
| train/                  |             |
|    approx_kl            | 0.021933988 |
|    clip_fraction        | 0.264       |
|    clip_range           | 0.2         |
|    entropy_loss         | 0.147       |
|    explained_variance   | 0.996       |
|    learning_rate        | 0.0003      |
|    loss                 | 0.0224      |
|    n_updates            | 4710        |
|    policy_gradient_loss | -0.0107     |
|    std                  | 0.266       |
|    value_loss           | 0.0238      |
-----------------------------------------
-----------------------------------------
| rollout/                |             |
|    ep_len_mean          | 300         |
|    ep_rew_mean          | -56.4       |
| time/                   |             |
|    fps                  | 238         |
|    iterations           | 473         |
|    time_elapsed         | 1013        |
|    total_timesteps      | 242176      |
| train/                  |             |
|    approx_kl            | 0.014744422 |
|    clip_fraction        | 0.197       |
|    clip_range           | 0.2         |
|    entropy_loss         | 0.16        |
|    explained_variance   | 0.986       |
|    learning_rate        | 0.0003      |
|    loss                 | -0.0184     |
|    n_updates            | 4720        |
|    policy_gradient_loss | -0.0138     |
|    std                  | 0.266       |
|    value_loss           | 0.0791      |
-----------------------------------------
-----------------------------------------
| rollout/                |             |
|    ep_len_mean          | 300         |
|    ep_rew_mean          | -56.4       |
| time/                   |             |
|    fps                  | 238         |
|    iterations           | 474         |
|    time_elapsed         | 1015        |
|    total_timesteps      | 242688      |
| train/                  |             |
|    approx_kl            | 0.016328612 |
|    clip_fraction        | 0.182       |
|    clip_range           | 0.2         |
|    entropy_loss         | 0.167       |
|    explained_variance   | 0.987       |
|    learning_rate        | 0.0003      |
|    loss                 | 0.00805     |
|    n_updates            | 4730        |
|    policy_gradient_loss | -0.0159     |
|    std                  | 0.266       |
|    value_loss           | 0.103       |
-----------------------------------------
-----------------------------------------
| rollout/                |             |
|    ep_len_mean          | 300         |
|    ep_rew_mean          | -56.4       |
| time/                   |             |
|    fps                  | 239         |
|    iterations           | 475         |
|    time_elapsed         | 1017        |
|    total_timesteps      | 243200      |
| train/                  |             |
|    approx_kl            | 0.025912512 |
|    clip_fraction        | 0.246       |
|    clip_range           | 0.2         |
|    entropy_loss         | 0.171       |
|    explained_variance   | 0.988       |
|    learning_rate        | 0.0003      |
|    loss                 | -0.000753   |
|    n_updates            | 4740        |
|    policy_gradient_loss | -0.0199     |
|    std                  | 0.266       |
|    value_loss           | 0.0515      |
-----------------------------------------
-----------------------------------------
| rollout/                |             |
|    ep_len_mean          | 300         |
|    ep_rew_mean          | -56.2       |
| time/                   |             |
|    fps                  | 239         |
|    iterations           | 476         |
|    time_elapsed         | 1018        |
|    total_timesteps      | 243712      |
| train/                  |             |
|    approx_kl            | 0.024158193 |
|    clip_fraction        | 0.177       |
|    clip_range           | 0.2         |
|    entropy_loss         | 0.187       |
|    explained_variance   | 0.994       |
|    learning_rate        | 0.0003      |
|    loss                 | -0.0217     |
|    n_updates            | 4750        |
|    policy_gradient_loss | -0.0153     |
|    std                  | 0.263       |
|    value_loss           | 0.0256      |
-----------------------------------------
-----------------------------------------
| rollout/                |             |
|    ep_len_mean          | 300         |
|    ep_rew_mean          | -56         |
| time/                   |             |
|    fps                  | 239         |
|    iterations           | 477         |
|    time_elapsed         | 1019        |
|    total_timesteps      | 244224      |
| train/                  |             |
|    approx_kl            | 0.009045422 |
|    clip_fraction        | 0.147       |
|    clip_range           | 0.2         |
|    entropy_loss         | 0.209       |
|    explained_variance   | 0.991       |
|    learning_rate        | 0.0003      |
|    loss                 | 0.00808     |
|    n_updates            | 4760        |
|    policy_gradient_loss | -0.00766    |
|    std                  | 0.263       |
|    value_loss           | 0.0601      |
-----------------------------------------
-----------------------------------------
| rollout/                |             |
|    ep_len_mean          | 300         |
|    ep_rew_mean          | -56         |
| time/                   |             |
|    fps                  | 239         |
|    iterations           | 478         |
|    time_elapsed         | 1021        |
|    total_timesteps      | 244736      |
| train/                  |             |
|    approx_kl            | 0.014226155 |
|    clip_fraction        | 0.245       |
|    clip_range           | 0.2         |
|    entropy_loss         | 0.214       |
|    explained_variance   | 0.989       |
|    learning_rate        | 0.0003      |
|    loss                 | -0.00961    |
|    n_updates            | 4770        |
|    policy_gradient_loss | -0.0146     |
|    std                  | 0.264       |
|    value_loss           | 0.0591      |
-----------------------------------------
-----------------------------------------
| rollout/                |             |
|    ep_len_mean          | 300         |
|    ep_rew_mean          | -56.1       |
| time/                   |             |
|    fps                  | 239         |
|    iterations           | 479         |
|    time_elapsed         | 1023        |
|    total_timesteps      | 245248      |
| train/                  |             |
|    approx_kl            | 0.008434768 |
|    clip_fraction        | 0.135       |
|    clip_range           | 0.2         |
|    entropy_loss         | 0.211       |
|    explained_variance   | 0.989       |
|    learning_rate        | 0.0003      |
|    loss                 | -0.00637    |
|    n_updates            | 4780        |
|    policy_gradient_loss | -0.00694    |
|    std                  | 0.264       |
|    value_loss           | 0.0318      |
-----------------------------------------
----------------------------------------
| rollout/                |            |
|    ep_len_mean          | 300        |
|    ep_rew_mean          | -56        |
| time/                   |            |
|    fps                  | 239        |
|    iterations           | 480        |
|    time_elapsed         | 1024       |
|    total_timesteps      | 245760     |
| train/                  |            |
|    approx_kl            | 0.01840822 |
|    clip_fraction        | 0.198      |
|    clip_range           | 0.2        |
|    entropy_loss         | 0.207      |
|    explained_variance   | 0.993      |
|    learning_rate        | 0.0003     |
|    loss                 | -0.00673   |
|    n_updates            | 4790       |
|    policy_gradient_loss | -0.0126    |
|    std                  | 0.265      |
|    value_loss           | 0.0253     |
----------------------------------------
-----------------------------------------
| rollout/                |             |
|    ep_len_mean          | 300         |
|    ep_rew_mean          | -55.9       |
| time/                   |             |
|    fps                  | 239         |
|    iterations           | 481         |
|    time_elapsed         | 1026        |
|    total_timesteps      | 246272      |
| train/                  |             |
|    approx_kl            | 0.011982903 |
|    clip_fraction        | 0.207       |
|    clip_range           | 0.2         |
|    entropy_loss         | 0.206       |
|    explained_variance   | 0.99        |
|    learning_rate        | 0.0003      |
|    loss                 | -0.00886    |
|    n_updates            | 4800        |
|    policy_gradient_loss | -0.0165     |
|    std                  | 0.265       |
|    value_loss           | 0.0376      |
-----------------------------------------
-----------------------------------------
| rollout/                |             |
|    ep_len_mean          | 300         |
|    ep_rew_mean          | -56         |
| time/                   |             |
|    fps                  | 240         |
|    iterations           | 482         |
|    time_elapsed         | 1028        |
|    total_timesteps      | 246784      |
| train/                  |             |
|    approx_kl            | 0.018402923 |
|    clip_fraction        | 0.181       |
|    clip_range           | 0.2         |
|    entropy_loss         | 0.2         |
|    explained_variance   | 0.989       |
|    learning_rate        | 0.0003      |
|    loss                 | -0.0147     |
|    n_updates            | 4810        |
|    policy_gradient_loss | -0.0106     |
|    std                  | 0.266       |
|    value_loss           | 0.0327      |
-----------------------------------------
-----------------------------------------
| rollout/                |             |
|    ep_len_mean          | 300         |
|    ep_rew_mean          | -55.9       |
| time/                   |             |
|    fps                  | 240         |
|    iterations           | 483         |
|    time_elapsed         | 1029        |
|    total_timesteps      | 247296      |
| train/                  |             |
|    approx_kl            | 0.036458552 |
|    clip_fraction        | 0.212       |
|    clip_range           | 0.2         |
|    entropy_loss         | 0.191       |
|    explained_variance   | 0.987       |
|    learning_rate        | 0.0003      |
|    loss                 | -0.0108     |
|    n_updates            | 4820        |
|    policy_gradient_loss | -0.0202     |
|    std                  | 0.267       |
|    value_loss           | 0.0478      |
-----------------------------------------
-----------------------------------------
| rollout/                |             |
|    ep_len_mean          | 300         |
|    ep_rew_mean          | -56         |
| time/                   |             |
|    fps                  | 240         |
|    iterations           | 484         |
|    time_elapsed         | 1031        |
|    total_timesteps      | 247808      |
| train/                  |             |
|    approx_kl            | 0.016597288 |
|    clip_fraction        | 0.169       |
|    clip_range           | 0.2         |
|    entropy_loss         | 0.184       |
|    explained_variance   | 0.996       |
|    learning_rate        | 0.0003      |
|    loss                 | -0.00141    |
|    n_updates            | 4830        |
|    policy_gradient_loss | -0.0193     |
|    std                  | 0.267       |
|    value_loss           | 0.0361      |
-----------------------------------------
-----------------------------------------
| rollout/                |             |
|    ep_len_mean          | 300         |
|    ep_rew_mean          | -56         |
| time/                   |             |
|    fps                  | 240         |
|    iterations           | 485         |
|    time_elapsed         | 1033        |
|    total_timesteps      | 248320      |
| train/                  |             |
|    approx_kl            | 0.014281731 |
|    clip_fraction        | 0.128       |
|    clip_range           | 0.2         |
|    entropy_loss         | 0.198       |
|    explained_variance   | 0.993       |
|    learning_rate        | 0.0003      |
|    loss                 | -0.00888    |
|    n_updates            | 4840        |
|    policy_gradient_loss | -0.0151     |
|    std                  | 0.266       |
|    value_loss           | 0.0287      |
-----------------------------------------
-----------------------------------------
| rollout/                |             |
|    ep_len_mean          | 300         |
|    ep_rew_mean          | -56         |
| time/                   |             |
|    fps                  | 240         |
|    iterations           | 486         |
|    time_elapsed         | 1034        |
|    total_timesteps      | 248832      |
| train/                  |             |
|    approx_kl            | 0.024407167 |
|    clip_fraction        | 0.162       |
|    clip_range           | 0.2         |
|    entropy_loss         | 0.212       |
|    explained_variance   | 0.99        |
|    learning_rate        | 0.0003      |
|    loss                 | 0.00771     |
|    n_updates            | 4850        |
|    policy_gradient_loss | -0.0192     |
|    std                  | 0.266       |
|    value_loss           | 0.0469      |
-----------------------------------------
-----------------------------------------
| rollout/                |             |
|    ep_len_mean          | 300         |
|    ep_rew_mean          | -56         |
| time/                   |             |
|    fps                  | 240         |
|    iterations           | 487         |
|    time_elapsed         | 1037        |
|    total_timesteps      | 249344      |
| train/                  |             |
|    approx_kl            | 0.016013112 |
|    clip_fraction        | 0.2         |
|    clip_range           | 0.2         |
|    entropy_loss         | 0.21        |
|    explained_variance   | 0.986       |
|    learning_rate        | 0.0003      |
|    loss                 | 0.0424      |
|    n_updates            | 4860        |
|    policy_gradient_loss | -0.00512    |
|    std                  | 0.266       |
|    value_loss           | 0.05        |
-----------------------------------------
-----------------------------------------
| rollout/                |             |
|    ep_len_mean          | 300         |
|    ep_rew_mean          | -56         |
| time/                   |             |
|    fps                  | 240         |
|    iterations           | 488         |
|    time_elapsed         | 1038        |
|    total_timesteps      | 249856      |
| train/                  |             |
|    approx_kl            | 0.018722393 |
|    clip_fraction        | 0.196       |
|    clip_range           | 0.2         |
|    entropy_loss         | 0.231       |
|    explained_variance   | 0.993       |
|    learning_rate        | 0.0003      |
|    loss                 | 0.00147     |
|    n_updates            | 4870        |
|    policy_gradient_loss | -0.0133     |
|    std                  | 0.265       |
|    value_loss           | 0.0287      |
-----------------------------------------
-----------------------------------------
| rollout/                |             |
|    ep_len_mean          | 300         |
|    ep_rew_mean          | -56.1       |
| time/                   |             |
|    fps                  | 240         |
|    iterations           | 489         |
|    time_elapsed         | 1040        |
|    total_timesteps      | 250368      |
| train/                  |             |
|    approx_kl            | 0.020882487 |
|    clip_fraction        | 0.201       |
|    clip_range           | 0.2         |
|    entropy_loss         | 0.248       |
|    explained_variance   | 0.994       |
|    learning_rate        | 0.0003      |
|    loss                 | -0.047      |
|    n_updates            | 4880        |
|    policy_gradient_loss | -0.018      |
|    std                  | 0.265       |
|    value_loss           | 0.0156      |
-----------------------------------------
-----------------------------------------
| rollout/                |             |
|    ep_len_mean          | 300         |
|    ep_rew_mean          | -55.8       |
| time/                   |             |
|    fps                  | 240         |
|    iterations           | 490         |
|    time_elapsed         | 1042        |
|    total_timesteps      | 250880      |
| train/                  |             |
|    approx_kl            | 0.022549871 |
|    clip_fraction        | 0.19        |
|    clip_range           | 0.2         |
|    entropy_loss         | 0.244       |
|    explained_variance   | 0.994       |
|    learning_rate        | 0.0003      |
|    loss                 | -0.0106     |
|    n_updates            | 4890        |
|    policy_gradient_loss | -0.0225     |
|    std                  | 0.267       |
|    value_loss           | 0.0414      |
-----------------------------------------
-----------------------------------------
| rollout/                |             |
|    ep_len_mean          | 300         |
|    ep_rew_mean          | -55.8       |
| time/                   |             |
|    fps                  | 240         |
|    iterations           | 491         |
|    time_elapsed         | 1043        |
|    total_timesteps      | 251392      |
| train/                  |             |
|    approx_kl            | 0.023260424 |
|    clip_fraction        | 0.204       |
|    clip_range           | 0.2         |
|    entropy_loss         | 0.247       |
|    explained_variance   | 0.992       |
|    learning_rate        | 0.0003      |
|    loss                 | -0.0395     |
|    n_updates            | 4900        |
|    policy_gradient_loss | -0.0272     |
|    std                  | 0.267       |
|    value_loss           | 0.0232      |
-----------------------------------------
---------------------------------------
| rollout/                |           |
|    ep_len_mean          | 300       |
|    ep_rew_mean          | -55.8     |
| time/                   |           |
|    fps                  | 240       |
|    iterations           | 492       |
|    time_elapsed         | 1045      |
|    total_timesteps      | 251904    |
| train/                  |           |
|    approx_kl            | 0.0328573 |
|    clip_fraction        | 0.218     |
|    clip_range           | 0.2       |
|    entropy_loss         | 0.259     |
|    explained_variance   | 0.986     |
|    learning_rate        | 0.0003    |
|    loss                 | 0.0115    |
|    n_updates            | 4910      |
|    policy_gradient_loss | -0.00771  |
|    std                  | 0.266     |
|    value_loss           | 0.0448    |
---------------------------------------
-----------------------------------------
| rollout/                |             |
|    ep_len_mean          | 300         |
|    ep_rew_mean          | -55.7       |
| time/                   |             |
|    fps                  | 241         |
|    iterations           | 493         |
|    time_elapsed         | 1047        |
|    total_timesteps      | 252416      |
| train/                  |             |
|    approx_kl            | 0.010263966 |
|    clip_fraction        | 0.206       |
|    clip_range           | 0.2         |
|    entropy_loss         | 0.272       |
|    explained_variance   | 0.993       |
|    learning_rate        | 0.0003      |
|    loss                 | -0.0007     |
|    n_updates            | 4920        |
|    policy_gradient_loss | -0.00308    |
|    std                  | 0.266       |
|    value_loss           | 0.0316      |
-----------------------------------------
-----------------------------------------
| rollout/                |             |
|    ep_len_mean          | 300         |
|    ep_rew_mean          | -55.6       |
| time/                   |             |
|    fps                  | 241         |
|    iterations           | 494         |
|    time_elapsed         | 1048        |
|    total_timesteps      | 252928      |
| train/                  |             |
|    approx_kl            | 0.025331873 |
|    clip_fraction        | 0.226       |
|    clip_range           | 0.2         |
|    entropy_loss         | 0.288       |
|    explained_variance   | 0.995       |
|    learning_rate        | 0.0003      |
|    loss                 | -0.043      |
|    n_updates            | 4930        |
|    policy_gradient_loss | -0.0165     |
|    std                  | 0.264       |
|    value_loss           | 0.0279      |
-----------------------------------------
-----------------------------------------
| rollout/                |             |
|    ep_len_mean          | 300         |
|    ep_rew_mean          | -55.5       |
| time/                   |             |
|    fps                  | 241         |
|    iterations           | 495         |
|    time_elapsed         | 1050        |
|    total_timesteps      | 253440      |
| train/                  |             |
|    approx_kl            | 0.027499188 |
|    clip_fraction        | 0.164       |
|    clip_range           | 0.2         |
|    entropy_loss         | 0.31        |
|    explained_variance   | 0.997       |
|    learning_rate        | 0.0003      |
|    loss                 | -0.023      |
|    n_updates            | 4940        |
|    policy_gradient_loss | -0.0076     |
|    std                  | 0.263       |
|    value_loss           | 0.0142      |
-----------------------------------------
-----------------------------------------
| rollout/                |             |
|    ep_len_mean          | 300         |
|    ep_rew_mean          | -55.5       |
| time/                   |             |
|    fps                  | 241         |
|    iterations           | 496         |
|    time_elapsed         | 1052        |
|    total_timesteps      | 253952      |
| train/                  |             |
|    approx_kl            | 0.012517955 |
|    clip_fraction        | 0.155       |
|    clip_range           | 0.2         |
|    entropy_loss         | 0.315       |
|    explained_variance   | 0.994       |
|    learning_rate        | 0.0003      |
|    loss                 | 0.0105      |
|    n_updates            | 4950        |
|    policy_gradient_loss | -0.00634    |
|    std                  | 0.264       |
|    value_loss           | 0.0427      |
-----------------------------------------
------------------------------------------
| rollout/                |              |
|    ep_len_mean          | 300          |
|    ep_rew_mean          | -55.3        |
| time/                   |              |
|    fps                  | 241          |
|    iterations           | 497          |
|    time_elapsed         | 1053         |
|    total_timesteps      | 254464       |
| train/                  |              |
|    approx_kl            | 0.0102301985 |
|    clip_fraction        | 0.152        |
|    clip_range           | 0.2          |
|    entropy_loss         | 0.319        |
|    explained_variance   | 0.992        |
|    learning_rate        | 0.0003       |
|    loss                 | 0.0021       |
|    n_updates            | 4960         |
|    policy_gradient_loss | -0.0129      |
|    std                  | 0.264        |
|    value_loss           | 0.0392       |
------------------------------------------
-----------------------------------------
| rollout/                |             |
|    ep_len_mean          | 300         |
|    ep_rew_mean          | -55.3       |
| time/                   |             |
|    fps                  | 241         |
|    iterations           | 498         |
|    time_elapsed         | 1055        |
|    total_timesteps      | 254976      |
| train/                  |             |
|    approx_kl            | 0.030684115 |
|    clip_fraction        | 0.179       |
|    clip_range           | 0.2         |
|    entropy_loss         | 0.334       |
|    explained_variance   | 0.992       |
|    learning_rate        | 0.0003      |
|    loss                 | -0.0023     |
|    n_updates            | 4970        |
|    policy_gradient_loss | -0.00968    |
|    std                  | 0.263       |
|    value_loss           | 0.0399      |
-----------------------------------------
-----------------------------------------
| rollout/                |             |
|    ep_len_mean          | 300         |
|    ep_rew_mean          | -55.1       |
| time/                   |             |
|    fps                  | 241         |
|    iterations           | 499         |
|    time_elapsed         | 1057        |
|    total_timesteps      | 255488      |
| train/                  |             |
|    approx_kl            | 0.023106782 |
|    clip_fraction        | 0.17        |
|    clip_range           | 0.2         |
|    entropy_loss         | 0.36        |
|    explained_variance   | 0.992       |
|    learning_rate        | 0.0003      |
|    loss                 | -0.0182     |
|    n_updates            | 4980        |
|    policy_gradient_loss | -0.0137     |
|    std                  | 0.262       |
|    value_loss           | 0.0265      |
-----------------------------------------
-----------------------------------------
| rollout/                |             |
|    ep_len_mean          | 300         |
|    ep_rew_mean          | -55.1       |
| time/                   |             |
|    fps                  | 241         |
|    iterations           | 500         |
|    time_elapsed         | 1058        |
|    total_timesteps      | 256000      |
| train/                  |             |
|    approx_kl            | 0.026785238 |
|    clip_fraction        | 0.196       |
|    clip_range           | 0.2         |
|    entropy_loss         | 0.376       |
|    explained_variance   | 0.995       |
|    learning_rate        | 0.0003      |
|    loss                 | -0.0367     |
|    n_updates            | 4990        |
|    policy_gradient_loss | -0.0187     |
|    std                  | 0.262       |
|    value_loss           | 0.0162      |
-----------------------------------------
-----------------------------------------
| rollout/                |             |
|    ep_len_mean          | 300         |
|    ep_rew_mean          | -55         |
| time/                   |             |
|    fps                  | 241         |
|    iterations           | 501         |
|    time_elapsed         | 1060        |
|    total_timesteps      | 256512      |
| train/                  |             |
|    approx_kl            | 0.028775489 |
|    clip_fraction        | 0.225       |
|    clip_range           | 0.2         |
|    entropy_loss         | 0.379       |
|    explained_variance   | 0.99        |
|    learning_rate        | 0.0003      |
|    loss                 | -0.0254     |
|    n_updates            | 5000        |
|    policy_gradient_loss | -0.0219     |
|    std                  | 0.262       |
|    value_loss           | 0.0335      |
-----------------------------------------
-----------------------------------------
| rollout/                |             |
|    ep_len_mean          | 300         |
|    ep_rew_mean          | -55         |
| time/                   |             |
|    fps                  | 241         |
|    iterations           | 502         |
|    time_elapsed         | 1062        |
|    total_timesteps      | 257024      |
| train/                  |             |
|    approx_kl            | 0.012502942 |
|    clip_fraction        | 0.193       |
|    clip_range           | 0.2         |
|    entropy_loss         | 0.394       |
|    explained_variance   | 0.997       |
|    learning_rate        | 0.0003      |
|    loss                 | -0.042      |
|    n_updates            | 5010        |
|    policy_gradient_loss | -0.0186     |
|    std                  | 0.261       |
|    value_loss           | 0.0192      |
-----------------------------------------
-----------------------------------------
| rollout/                |             |
|    ep_len_mean          | 300         |
|    ep_rew_mean          | -55         |
| time/                   |             |
|    fps                  | 242         |
|    iterations           | 503         |
|    time_elapsed         | 1063        |
|    total_timesteps      | 257536      |
| train/                  |             |
|    approx_kl            | 0.022290597 |
|    clip_fraction        | 0.175       |
|    clip_range           | 0.2         |
|    entropy_loss         | 0.414       |
|    explained_variance   | 0.992       |
|    learning_rate        | 0.0003      |
|    loss                 | -0.00746    |
|    n_updates            | 5020        |
|    policy_gradient_loss | -0.0169     |
|    std                  | 0.26        |
|    value_loss           | 0.0357      |
-----------------------------------------
-----------------------------------------
| rollout/                |             |
|    ep_len_mean          | 300         |
|    ep_rew_mean          | -54.9       |
| time/                   |             |
|    fps                  | 242         |
|    iterations           | 504         |
|    time_elapsed         | 1065        |
|    total_timesteps      | 258048      |
| train/                  |             |
|    approx_kl            | 0.031404305 |
|    clip_fraction        | 0.299       |
|    clip_range           | 0.2         |
|    entropy_loss         | 0.415       |
|    explained_variance   | 0.994       |
|    learning_rate        | 0.0003      |
|    loss                 | -0.00591    |
|    n_updates            | 5030        |
|    policy_gradient_loss | -0.0236     |
|    std                  | 0.26        |
|    value_loss           | 0.0309      |
-----------------------------------------
-----------------------------------------
| rollout/                |             |
|    ep_len_mean          | 300         |
|    ep_rew_mean          | -54.9       |
| time/                   |             |
|    fps                  | 242         |
|    iterations           | 505         |
|    time_elapsed         | 1067        |
|    total_timesteps      | 258560      |
| train/                  |             |
|    approx_kl            | 0.032758575 |
|    clip_fraction        | 0.226       |
|    clip_range           | 0.2         |
|    entropy_loss         | 0.418       |
|    explained_variance   | 0.991       |
|    learning_rate        | 0.0003      |
|    loss                 | -0.0227     |
|    n_updates            | 5040        |
|    policy_gradient_loss | -0.0189     |
|    std                  | 0.26        |
|    value_loss           | 0.0524      |
-----------------------------------------
-----------------------------------------
| rollout/                |             |
|    ep_len_mean          | 300         |
|    ep_rew_mean          | -54.8       |
| time/                   |             |
|    fps                  | 242         |
|    iterations           | 506         |
|    time_elapsed         | 1069        |
|    total_timesteps      | 259072      |
| train/                  |             |
|    approx_kl            | 0.029456858 |
|    clip_fraction        | 0.192       |
|    clip_range           | 0.2         |
|    entropy_loss         | 0.425       |
|    explained_variance   | 0.992       |
|    learning_rate        | 0.0003      |
|    loss                 | 0.00319     |
|    n_updates            | 5050        |
|    policy_gradient_loss | -0.0079     |
|    std                  | 0.26        |
|    value_loss           | 0.0307      |
-----------------------------------------
----------------------------------------
| rollout/                |            |
|    ep_len_mean          | 300        |
|    ep_rew_mean          | -54.5      |
| time/                   |            |
|    fps                  | 242        |
|    iterations           | 507        |
|    time_elapsed         | 1070       |
|    total_timesteps      | 259584     |
| train/                  |            |
|    approx_kl            | 0.05543581 |
|    clip_fraction        | 0.269      |
|    clip_range           | 0.2        |
|    entropy_loss         | 0.43       |
|    explained_variance   | 0.994      |
|    learning_rate        | 0.0003     |
|    loss                 | -0.0302    |
|    n_updates            | 5060       |
|    policy_gradient_loss | -0.0275    |
|    std                  | 0.26       |
|    value_loss           | 0.0236     |
----------------------------------------
-----------------------------------------
| rollout/                |             |
|    ep_len_mean          | 300         |
|    ep_rew_mean          | -54.3       |
| time/                   |             |
|    fps                  | 242         |
|    iterations           | 508         |
|    time_elapsed         | 1072        |
|    total_timesteps      | 260096      |
| train/                  |             |
|    approx_kl            | 0.013392577 |
|    clip_fraction        | 0.194       |
|    clip_range           | 0.2         |
|    entropy_loss         | 0.446       |
|    explained_variance   | 0.992       |
|    learning_rate        | 0.0003      |
|    loss                 | -0.0439     |
|    n_updates            | 5070        |
|    policy_gradient_loss | -0.0173     |
|    std                  | 0.259       |
|    value_loss           | 0.0221      |
-----------------------------------------
----------------------------------------
| rollout/                |            |
|    ep_len_mean          | 300        |
|    ep_rew_mean          | -54.3      |
| time/                   |            |
|    fps                  | 242        |
|    iterations           | 509        |
|    time_elapsed         | 1073       |
|    total_timesteps      | 260608     |
| train/                  |            |
|    approx_kl            | 0.01271597 |
|    clip_fraction        | 0.153      |
|    clip_range           | 0.2        |
|    entropy_loss         | 0.464      |
|    explained_variance   | 0.996      |
|    learning_rate        | 0.0003     |
|    loss                 | 0.00178    |
|    n_updates            | 5080       |
|    policy_gradient_loss | -0.00862   |
|    std                  | 0.259      |
|    value_loss           | 0.0157     |
----------------------------------------
-----------------------------------------
| rollout/                |             |
|    ep_len_mean          | 300         |
|    ep_rew_mean          | -54.2       |
| time/                   |             |
|    fps                  | 242         |
|    iterations           | 510         |
|    time_elapsed         | 1074        |
|    total_timesteps      | 261120      |
| train/                  |             |
|    approx_kl            | 0.017547429 |
|    clip_fraction        | 0.179       |
|    clip_range           | 0.2         |
|    entropy_loss         | 0.471       |
|    explained_variance   | 0.997       |
|    learning_rate        | 0.0003      |
|    loss                 | -0.036      |
|    n_updates            | 5090        |
|    policy_gradient_loss | -0.0198     |
|    std                  | 0.258       |
|    value_loss           | 0.0166      |
-----------------------------------------
-----------------------------------------
| rollout/                |             |
|    ep_len_mean          | 300         |
|    ep_rew_mean          | -54.1       |
| time/                   |             |
|    fps                  | 243         |
|    iterations           | 511         |
|    time_elapsed         | 1076        |
|    total_timesteps      | 261632      |
| train/                  |             |
|    approx_kl            | 0.025283907 |
|    clip_fraction        | 0.286       |
|    clip_range           | 0.2         |
|    entropy_loss         | 0.484       |
|    explained_variance   | 0.995       |
|    learning_rate        | 0.0003      |
|    loss                 | 0.00909     |
|    n_updates            | 5100        |
|    policy_gradient_loss | -0.0024     |
|    std                  | 0.258       |
|    value_loss           | 0.0295      |
-----------------------------------------
----------------------------------------
| rollout/                |            |
|    ep_len_mean          | 300        |
|    ep_rew_mean          | -54.3      |
| time/                   |            |
|    fps                  | 243        |
|    iterations           | 512        |
|    time_elapsed         | 1077       |
|    total_timesteps      | 262144     |
| train/                  |            |
|    approx_kl            | 0.06475849 |
|    clip_fraction        | 0.261      |
|    clip_range           | 0.2        |
|    entropy_loss         | 0.483      |
|    explained_variance   | 0.997      |
|    learning_rate        | 0.0003     |
|    loss                 | -0.0391    |
|    n_updates            | 5110       |
|    policy_gradient_loss | -0.0216    |
|    std                  | 0.258      |
|    value_loss           | 0.0208     |
----------------------------------------
-----------------------------------------
| rollout/                |             |
|    ep_len_mean          | 300         |
|    ep_rew_mean          | -54.1       |
| time/                   |             |
|    fps                  | 243         |
|    iterations           | 513         |
|    time_elapsed         | 1079        |
|    total_timesteps      | 262656      |
| train/                  |             |
|    approx_kl            | 0.010775638 |
|    clip_fraction        | 0.158       |
|    clip_range           | 0.2         |
|    entropy_loss         | 0.494       |
|    explained_variance   | 0.996       |
|    learning_rate        | 0.0003      |
|    loss                 | -0.021      |
|    n_updates            | 5120        |
|    policy_gradient_loss | -0.00937    |
|    std                  | 0.258       |
|    value_loss           | 0.0143      |
-----------------------------------------
-----------------------------------------
| rollout/                |             |
|    ep_len_mean          | 300         |
|    ep_rew_mean          | -54.2       |
| time/                   |             |
|    fps                  | 243         |
|    iterations           | 514         |
|    time_elapsed         | 1080        |
|    total_timesteps      | 263168      |
| train/                  |             |
|    approx_kl            | 0.013261246 |
|    clip_fraction        | 0.16        |
|    clip_range           | 0.2         |
|    entropy_loss         | 0.515       |
|    explained_variance   | 0.997       |
|    learning_rate        | 0.0003      |
|    loss                 | -0.0149     |
|    n_updates            | 5130        |
|    policy_gradient_loss | -0.013      |
|    std                  | 0.257       |
|    value_loss           | 0.0184      |
-----------------------------------------
----------------------------------------
| rollout/                |            |
|    ep_len_mean          | 300        |
|    ep_rew_mean          | -54        |
| time/                   |            |
|    fps                  | 243        |
|    iterations           | 515        |
|    time_elapsed         | 1082       |
|    total_timesteps      | 263680     |
| train/                  |            |
|    approx_kl            | 0.05170047 |
|    clip_fraction        | 0.246      |
|    clip_range           | 0.2        |
|    entropy_loss         | 0.525      |
|    explained_variance   | 0.993      |
|    learning_rate        | 0.0003     |
|    loss                 | -0.025     |
|    n_updates            | 5140       |
|    policy_gradient_loss | -0.0302    |
|    std                  | 0.257      |
|    value_loss           | 0.0247     |
----------------------------------------
----------------------------------------
| rollout/                |            |
|    ep_len_mean          | 300        |
|    ep_rew_mean          | -54        |
| time/                   |            |
|    fps                  | 243        |
|    iterations           | 516        |
|    time_elapsed         | 1083       |
|    total_timesteps      | 264192     |
| train/                  |            |
|    approx_kl            | 0.02212856 |
|    clip_fraction        | 0.18       |
|    clip_range           | 0.2        |
|    entropy_loss         | 0.529      |
|    explained_variance   | 0.985      |
|    learning_rate        | 0.0003     |
|    loss                 | -0.0182    |
|    n_updates            | 5150       |
|    policy_gradient_loss | -0.00952   |
|    std                  | 0.258      |
|    value_loss           | 0.033      |
----------------------------------------
-----------------------------------------
| rollout/                |             |
|    ep_len_mean          | 300         |
|    ep_rew_mean          | -53.9       |
| time/                   |             |
|    fps                  | 243         |
|    iterations           | 517         |
|    time_elapsed         | 1085        |
|    total_timesteps      | 264704      |
| train/                  |             |
|    approx_kl            | 0.019760294 |
|    clip_fraction        | 0.242       |
|    clip_range           | 0.2         |
|    entropy_loss         | 0.524       |
|    explained_variance   | 0.979       |
|    learning_rate        | 0.0003      |
|    loss                 | -0.0204     |
|    n_updates            | 5160        |
|    policy_gradient_loss | -0.00836    |
|    std                  | 0.257       |
|    value_loss           | 0.0403      |
-----------------------------------------
----------------------------------------
| rollout/                |            |
|    ep_len_mean          | 300        |
|    ep_rew_mean          | -53.9      |
| time/                   |            |
|    fps                  | 244        |
|    iterations           | 518        |
|    time_elapsed         | 1086       |
|    total_timesteps      | 265216     |
| train/                  |            |
|    approx_kl            | 0.06261676 |
|    clip_fraction        | 0.237      |
|    clip_range           | 0.2        |
|    entropy_loss         | 0.523      |
|    explained_variance   | 0.985      |
|    learning_rate        | 0.0003     |
|    loss                 | -0.000819  |
|    n_updates            | 5170       |
|    policy_gradient_loss | -0.0161    |
|    std                  | 0.258      |
|    value_loss           | 0.0644     |
----------------------------------------
-----------------------------------------
| rollout/                |             |
|    ep_len_mean          | 300         |
|    ep_rew_mean          | -53.9       |
| time/                   |             |
|    fps                  | 244         |
|    iterations           | 519         |
|    time_elapsed         | 1088        |
|    total_timesteps      | 265728      |
| train/                  |             |
|    approx_kl            | 0.022189813 |
|    clip_fraction        | 0.251       |
|    clip_range           | 0.2         |
|    entropy_loss         | 0.528       |
|    explained_variance   | 0.997       |
|    learning_rate        | 0.0003      |
|    loss                 | -0.0135     |
|    n_updates            | 5180        |
|    policy_gradient_loss | -0.012      |
|    std                  | 0.257       |
|    value_loss           | 0.0195      |
-----------------------------------------
-----------------------------------------
| rollout/                |             |
|    ep_len_mean          | 300         |
|    ep_rew_mean          | -53.9       |
| time/                   |             |
|    fps                  | 244         |
|    iterations           | 520         |
|    time_elapsed         | 1089        |
|    total_timesteps      | 266240      |
| train/                  |             |
|    approx_kl            | 0.020340845 |
|    clip_fraction        | 0.179       |
|    clip_range           | 0.2         |
|    entropy_loss         | 0.543       |
|    explained_variance   | 0.984       |
|    learning_rate        | 0.0003      |
|    loss                 | -0.0107     |
|    n_updates            | 5190        |
|    policy_gradient_loss | -0.0105     |
|    std                  | 0.257       |
|    value_loss           | 0.034       |
-----------------------------------------
-----------------------------------------
| rollout/                |             |
|    ep_len_mean          | 300         |
|    ep_rew_mean          | -54         |
| time/                   |             |
|    fps                  | 244         |
|    iterations           | 521         |
|    time_elapsed         | 1091        |
|    total_timesteps      | 266752      |
| train/                  |             |
|    approx_kl            | 0.020056542 |
|    clip_fraction        | 0.241       |
|    clip_range           | 0.2         |
|    entropy_loss         | 0.546       |
|    explained_variance   | 0.993       |
|    learning_rate        | 0.0003      |
|    loss                 | -0.0188     |
|    n_updates            | 5200        |
|    policy_gradient_loss | -0.00484    |
|    std                  | 0.257       |
|    value_loss           | 0.0345      |
-----------------------------------------
-----------------------------------------
| rollout/                |             |
|    ep_len_mean          | 300         |
|    ep_rew_mean          | -53.9       |
| time/                   |             |
|    fps                  | 244         |
|    iterations           | 522         |
|    time_elapsed         | 1092        |
|    total_timesteps      | 267264      |
| train/                  |             |
|    approx_kl            | 0.018196957 |
|    clip_fraction        | 0.199       |
|    clip_range           | 0.2         |
|    entropy_loss         | 0.537       |
|    explained_variance   | 0.98        |
|    learning_rate        | 0.0003      |
|    loss                 | -0.000448   |
|    n_updates            | 5210        |
|    policy_gradient_loss | -0.0083     |
|    std                  | 0.259       |
|    value_loss           | 0.0525      |
-----------------------------------------
----------------------------------------
| rollout/                |            |
|    ep_len_mean          | 300        |
|    ep_rew_mean          | -53.9      |
| time/                   |            |
|    fps                  | 244        |
|    iterations           | 523        |
|    time_elapsed         | 1096       |
|    total_timesteps      | 267776     |
| train/                  |            |
|    approx_kl            | 0.02951624 |
|    clip_fraction        | 0.282      |
|    clip_range           | 0.2        |
|    entropy_loss         | 0.539      |
|    explained_variance   | 0.995      |
|    learning_rate        | 0.0003     |
|    loss                 | -0.02      |
|    n_updates            | 5220       |
|    policy_gradient_loss | -0.0151    |
|    std                  | 0.256      |
|    value_loss           | 0.01       |
----------------------------------------
----------------------------------------
| rollout/                |            |
|    ep_len_mean          | 300        |
|    ep_rew_mean          | -54.2      |
| time/                   |            |
|    fps                  | 244        |
|    iterations           | 524        |
|    time_elapsed         | 1099       |
|    total_timesteps      | 268288     |
| train/                  |            |
|    approx_kl            | 0.02603893 |
|    clip_fraction        | 0.236      |
|    clip_range           | 0.2        |
|    entropy_loss         | 0.56       |
|    explained_variance   | 0.993      |
|    learning_rate        | 0.0003     |
|    loss                 | 0.0465     |
|    n_updates            | 5230       |
|    policy_gradient_loss | -0.00538   |
|    std                  | 0.256      |
|    value_loss           | 0.0343     |
----------------------------------------
-----------------------------------------
| rollout/                |             |
|    ep_len_mean          | 300         |
|    ep_rew_mean          | -54.3       |
| time/                   |             |
|    fps                  | 243         |
|    iterations           | 525         |
|    time_elapsed         | 1102        |
|    total_timesteps      | 268800      |
| train/                  |             |
|    approx_kl            | 0.013302829 |
|    clip_fraction        | 0.181       |
|    clip_range           | 0.2         |
|    entropy_loss         | 0.569       |
|    explained_variance   | 0.981       |
|    learning_rate        | 0.0003      |
|    loss                 | -0.000232   |
|    n_updates            | 5240        |
|    policy_gradient_loss | -0.0124     |
|    std                  | 0.256       |
|    value_loss           | 0.0845      |
-----------------------------------------
-----------------------------------------
| rollout/                |             |
|    ep_len_mean          | 300         |
|    ep_rew_mean          | -54.2       |
| time/                   |             |
|    fps                  | 243         |
|    iterations           | 526         |
|    time_elapsed         | 1106        |
|    total_timesteps      | 269312      |
| train/                  |             |
|    approx_kl            | 0.027201036 |
|    clip_fraction        | 0.217       |
|    clip_range           | 0.2         |
|    entropy_loss         | 0.583       |
|    explained_variance   | 0.999       |
|    learning_rate        | 0.0003      |
|    loss                 | 0.00898     |
|    n_updates            | 5250        |
|    policy_gradient_loss | -0.0148     |
|    std                  | 0.254       |
|    value_loss           | 0.00876     |
-----------------------------------------
----------------------------------------
| rollout/                |            |
|    ep_len_mean          | 300        |
|    ep_rew_mean          | -54.1      |
| time/                   |            |
|    fps                  | 243        |
|    iterations           | 527        |
|    time_elapsed         | 1109       |
|    total_timesteps      | 269824     |
| train/                  |            |
|    approx_kl            | 0.03781508 |
|    clip_fraction        | 0.244      |
|    clip_range           | 0.2        |
|    entropy_loss         | 0.599      |
|    explained_variance   | 0.997      |
|    learning_rate        | 0.0003     |
|    loss                 | -0.024     |
|    n_updates            | 5260       |
|    policy_gradient_loss | -0.0242    |
|    std                  | 0.254      |
|    value_loss           | 0.0187     |
----------------------------------------
-----------------------------------------
| rollout/                |             |
|    ep_len_mean          | 300         |
|    ep_rew_mean          | -53.9       |
| time/                   |             |
|    fps                  | 242         |
|    iterations           | 528         |
|    time_elapsed         | 1113        |
|    total_timesteps      | 270336      |
| train/                  |             |
|    approx_kl            | 0.014032104 |
|    clip_fraction        | 0.201       |
|    clip_range           | 0.2         |
|    entropy_loss         | 0.614       |
|    explained_variance   | 0.983       |
|    learning_rate        | 0.0003      |
|    loss                 | -0.0273     |
|    n_updates            | 5270        |
|    policy_gradient_loss | -0.0126     |
|    std                  | 0.253       |
|    value_loss           | 0.0686      |
-----------------------------------------
-----------------------------------------
| rollout/                |             |
|    ep_len_mean          | 300         |
|    ep_rew_mean          | -53.9       |
| time/                   |             |
|    fps                  | 242         |
|    iterations           | 529         |
|    time_elapsed         | 1116        |
|    total_timesteps      | 270848      |
| train/                  |             |
|    approx_kl            | 0.026097609 |
|    clip_fraction        | 0.186       |
|    clip_range           | 0.2         |
|    entropy_loss         | 0.636       |
|    explained_variance   | 0.997       |
|    learning_rate        | 0.0003      |
|    loss                 | -0.0291     |
|    n_updates            | 5280        |
|    policy_gradient_loss | -0.0204     |
|    std                  | 0.252       |
|    value_loss           | 0.0133      |
-----------------------------------------
-----------------------------------------
| rollout/                |             |
|    ep_len_mean          | 300         |
|    ep_rew_mean          | -53.9       |
| time/                   |             |
|    fps                  | 242         |
|    iterations           | 530         |
|    time_elapsed         | 1117        |
|    total_timesteps      | 271360      |
| train/                  |             |
|    approx_kl            | 0.018163834 |
|    clip_fraction        | 0.289       |
|    clip_range           | 0.2         |
|    entropy_loss         | 0.665       |
|    explained_variance   | 0.978       |
|    learning_rate        | 0.0003      |
|    loss                 | 0.00537     |
|    n_updates            | 5290        |
|    policy_gradient_loss | -0.00733    |
|    std                  | 0.25        |
|    value_loss           | 0.0484      |
-----------------------------------------
-----------------------------------------
| rollout/                |             |
|    ep_len_mean          | 300         |
|    ep_rew_mean          | -53.9       |
| time/                   |             |
|    fps                  | 242         |
|    iterations           | 531         |
|    time_elapsed         | 1119        |
|    total_timesteps      | 271872      |
| train/                  |             |
|    approx_kl            | 0.022701118 |
|    clip_fraction        | 0.187       |
|    clip_range           | 0.2         |
|    entropy_loss         | 0.684       |
|    explained_variance   | 0.973       |
|    learning_rate        | 0.0003      |
|    loss                 | -0.0126     |
|    n_updates            | 5300        |
|    policy_gradient_loss | -0.0265     |
|    std                  | 0.25        |
|    value_loss           | 0.0545      |
-----------------------------------------
---------------------------------------
| rollout/                |           |
|    ep_len_mean          | 300       |
|    ep_rew_mean          | -53.9     |
| time/                   |           |
|    fps                  | 243       |
|    iterations           | 532       |
|    time_elapsed         | 1120      |
|    total_timesteps      | 272384    |
| train/                  |           |
|    approx_kl            | 0.0312046 |
|    clip_fraction        | 0.192     |
|    clip_range           | 0.2       |
|    entropy_loss         | 0.69      |
|    explained_variance   | 0.977     |
|    learning_rate        | 0.0003    |
|    loss                 | 0.00806   |
|    n_updates            | 5310      |
|    policy_gradient_loss | -0.012    |
|    std                  | 0.25      |
|    value_loss           | 0.0815    |
---------------------------------------
-----------------------------------------
| rollout/                |             |
|    ep_len_mean          | 300         |
|    ep_rew_mean          | -53.8       |
| time/                   |             |
|    fps                  | 243         |
|    iterations           | 533         |
|    time_elapsed         | 1122        |
|    total_timesteps      | 272896      |
| train/                  |             |
|    approx_kl            | 0.022580348 |
|    clip_fraction        | 0.223       |
|    clip_range           | 0.2         |
|    entropy_loss         | 0.694       |
|    explained_variance   | 0.994       |
|    learning_rate        | 0.0003      |
|    loss                 | -0.0138     |
|    n_updates            | 5320        |
|    policy_gradient_loss | -0.0143     |
|    std                  | 0.249       |
|    value_loss           | 0.0292      |
-----------------------------------------
-----------------------------------------
| rollout/                |             |
|    ep_len_mean          | 300         |
|    ep_rew_mean          | -53.9       |
| time/                   |             |
|    fps                  | 243         |
|    iterations           | 534         |
|    time_elapsed         | 1124        |
|    total_timesteps      | 273408      |
| train/                  |             |
|    approx_kl            | 0.030171009 |
|    clip_fraction        | 0.188       |
|    clip_range           | 0.2         |
|    entropy_loss         | 0.695       |
|    explained_variance   | 0.996       |
|    learning_rate        | 0.0003      |
|    loss                 | -0.00564    |
|    n_updates            | 5330        |
|    policy_gradient_loss | -0.0158     |
|    std                  | 0.25        |
|    value_loss           | 0.0293      |
-----------------------------------------
-----------------------------------------
| rollout/                |             |
|    ep_len_mean          | 300         |
|    ep_rew_mean          | -53.9       |
| time/                   |             |
|    fps                  | 243         |
|    iterations           | 535         |
|    time_elapsed         | 1125        |
|    total_timesteps      | 273920      |
| train/                  |             |
|    approx_kl            | 0.026274282 |
|    clip_fraction        | 0.266       |
|    clip_range           | 0.2         |
|    entropy_loss         | 0.686       |
|    explained_variance   | 0.992       |
|    learning_rate        | 0.0003      |
|    loss                 | -0.028      |
|    n_updates            | 5340        |
|    policy_gradient_loss | -0.0174     |
|    std                  | 0.25        |
|    value_loss           | 0.0594      |
-----------------------------------------
-----------------------------------------
| rollout/                |             |
|    ep_len_mean          | 300         |
|    ep_rew_mean          | -54         |
| time/                   |             |
|    fps                  | 243         |
|    iterations           | 536         |
|    time_elapsed         | 1126        |
|    total_timesteps      | 274432      |
| train/                  |             |
|    approx_kl            | 0.020049918 |
|    clip_fraction        | 0.171       |
|    clip_range           | 0.2         |
|    entropy_loss         | 0.693       |
|    explained_variance   | 0.994       |
|    learning_rate        | 0.0003      |
|    loss                 | 0.0018      |
|    n_updates            | 5350        |
|    policy_gradient_loss | -0.0132     |
|    std                  | 0.249       |
|    value_loss           | 0.0422      |
-----------------------------------------
-----------------------------------------
| rollout/                |             |
|    ep_len_mean          | 300         |
|    ep_rew_mean          | -53.8       |
| time/                   |             |
|    fps                  | 243         |
|    iterations           | 537         |
|    time_elapsed         | 1129        |
|    total_timesteps      | 274944      |
| train/                  |             |
|    approx_kl            | 0.019263912 |
|    clip_fraction        | 0.207       |
|    clip_range           | 0.2         |
|    entropy_loss         | 0.708       |
|    explained_variance   | 0.981       |
|    learning_rate        | 0.0003      |
|    loss                 | -0.0272     |
|    n_updates            | 5360        |
|    policy_gradient_loss | -0.0247     |
|    std                  | 0.248       |
|    value_loss           | 0.0193      |
-----------------------------------------
-----------------------------------------
| rollout/                |             |
|    ep_len_mean          | 300         |
|    ep_rew_mean          | -53.8       |
| time/                   |             |
|    fps                  | 243         |
|    iterations           | 538         |
|    time_elapsed         | 1132        |
|    total_timesteps      | 275456      |
| train/                  |             |
|    approx_kl            | 0.015629359 |
|    clip_fraction        | 0.237       |
|    clip_range           | 0.2         |
|    entropy_loss         | 0.717       |
|    explained_variance   | 0.993       |
|    learning_rate        | 0.0003      |
|    loss                 | -0.00332    |
|    n_updates            | 5370        |
|    policy_gradient_loss | -0.0141     |
|    std                  | 0.248       |
|    value_loss           | 0.03        |
-----------------------------------------
-----------------------------------------
| rollout/                |             |
|    ep_len_mean          | 300         |
|    ep_rew_mean          | -53.9       |
| time/                   |             |
|    fps                  | 243         |
|    iterations           | 539         |
|    time_elapsed         | 1135        |
|    total_timesteps      | 275968      |
| train/                  |             |
|    approx_kl            | 0.033271573 |
|    clip_fraction        | 0.229       |
|    clip_range           | 0.2         |
|    entropy_loss         | 0.722       |
|    explained_variance   | 0.988       |
|    learning_rate        | 0.0003      |
|    loss                 | 0.0261      |
|    n_updates            | 5380        |
|    policy_gradient_loss | -0.00691    |
|    std                  | 0.248       |
|    value_loss           | 0.0839      |
-----------------------------------------
-----------------------------------------
| rollout/                |             |
|    ep_len_mean          | 300         |
|    ep_rew_mean          | -53.8       |
| time/                   |             |
|    fps                  | 242         |
|    iterations           | 540         |
|    time_elapsed         | 1139        |
|    total_timesteps      | 276480      |
| train/                  |             |
|    approx_kl            | 0.015818289 |
|    clip_fraction        | 0.217       |
|    clip_range           | 0.2         |
|    entropy_loss         | 0.735       |
|    explained_variance   | 0.995       |
|    learning_rate        | 0.0003      |
|    loss                 | -0.0299     |
|    n_updates            | 5390        |
|    policy_gradient_loss | -0.0148     |
|    std                  | 0.247       |
|    value_loss           | 0.0196      |
-----------------------------------------
-----------------------------------------
| rollout/                |             |
|    ep_len_mean          | 300         |
|    ep_rew_mean          | -53.6       |
| time/                   |             |
|    fps                  | 242         |
|    iterations           | 541         |
|    time_elapsed         | 1141        |
|    total_timesteps      | 276992      |
| train/                  |             |
|    approx_kl            | 0.030726805 |
|    clip_fraction        | 0.228       |
|    clip_range           | 0.2         |
|    entropy_loss         | 0.747       |
|    explained_variance   | 0.992       |
|    learning_rate        | 0.0003      |
|    loss                 | 0.00676     |
|    n_updates            | 5400        |
|    policy_gradient_loss | -0.0176     |
|    std                  | 0.246       |
|    value_loss           | 0.0368      |
-----------------------------------------
-----------------------------------------
| rollout/                |             |
|    ep_len_mean          | 300         |
|    ep_rew_mean          | -53.7       |
| time/                   |             |
|    fps                  | 242         |
|    iterations           | 542         |
|    time_elapsed         | 1144        |
|    total_timesteps      | 277504      |
| train/                  |             |
|    approx_kl            | 0.014860306 |
|    clip_fraction        | 0.199       |
|    clip_range           | 0.2         |
|    entropy_loss         | 0.755       |
|    explained_variance   | 0.984       |
|    learning_rate        | 0.0003      |
|    loss                 | 0.000871    |
|    n_updates            | 5410        |
|    policy_gradient_loss | -0.00453    |
|    std                  | 0.245       |
|    value_loss           | 0.0521      |
-----------------------------------------
-----------------------------------------
| rollout/                |             |
|    ep_len_mean          | 300         |
|    ep_rew_mean          | -53.7       |
| time/                   |             |
|    fps                  | 242         |
|    iterations           | 543         |
|    time_elapsed         | 1147        |
|    total_timesteps      | 278016      |
| train/                  |             |
|    approx_kl            | 0.025179844 |
|    clip_fraction        | 0.194       |
|    clip_range           | 0.2         |
|    entropy_loss         | 0.769       |
|    explained_variance   | 0.997       |
|    learning_rate        | 0.0003      |
|    loss                 | -0.011      |
|    n_updates            | 5420        |
|    policy_gradient_loss | -0.0177     |
|    std                  | 0.244       |
|    value_loss           | 0.0347      |
-----------------------------------------
-----------------------------------------
| rollout/                |             |
|    ep_len_mean          | 300         |
|    ep_rew_mean          | -53.5       |
| time/                   |             |
|    fps                  | 242         |
|    iterations           | 544         |
|    time_elapsed         | 1150        |
|    total_timesteps      | 278528      |
| train/                  |             |
|    approx_kl            | 0.029573485 |
|    clip_fraction        | 0.238       |
|    clip_range           | 0.2         |
|    entropy_loss         | 0.786       |
|    explained_variance   | 0.984       |
|    learning_rate        | 0.0003      |
|    loss                 | -0.0183     |
|    n_updates            | 5430        |
|    policy_gradient_loss | -0.0106     |
|    std                  | 0.242       |
|    value_loss           | 0.0378      |
-----------------------------------------
-----------------------------------------
| rollout/                |             |
|    ep_len_mean          | 300         |
|    ep_rew_mean          | -53.3       |
| time/                   |             |
|    fps                  | 241         |
|    iterations           | 545         |
|    time_elapsed         | 1153        |
|    total_timesteps      | 279040      |
| train/                  |             |
|    approx_kl            | 0.015076706 |
|    clip_fraction        | 0.173       |
|    clip_range           | 0.2         |
|    entropy_loss         | 0.791       |
|    explained_variance   | 0.99        |
|    learning_rate        | 0.0003      |
|    loss                 | -0.0184     |
|    n_updates            | 5440        |
|    policy_gradient_loss | -0.0159     |
|    std                  | 0.242       |
|    value_loss           | 0.0553      |
-----------------------------------------
-----------------------------------------
| rollout/                |             |
|    ep_len_mean          | 300         |
|    ep_rew_mean          | -53.3       |
| time/                   |             |
|    fps                  | 241         |
|    iterations           | 546         |
|    time_elapsed         | 1155        |
|    total_timesteps      | 279552      |
| train/                  |             |
|    approx_kl            | 0.025569249 |
|    clip_fraction        | 0.291       |
|    clip_range           | 0.2         |
|    entropy_loss         | 0.799       |
|    explained_variance   | 0.995       |
|    learning_rate        | 0.0003      |
|    loss                 | -0.02       |
|    n_updates            | 5450        |
|    policy_gradient_loss | -0.0159     |
|    std                  | 0.241       |
|    value_loss           | 0.0335      |
-----------------------------------------
-----------------------------------------
| rollout/                |             |
|    ep_len_mean          | 300         |
|    ep_rew_mean          | -53.1       |
| time/                   |             |
|    fps                  | 241         |
|    iterations           | 547         |
|    time_elapsed         | 1158        |
|    total_timesteps      | 280064      |
| train/                  |             |
|    approx_kl            | 0.013509652 |
|    clip_fraction        | 0.203       |
|    clip_range           | 0.2         |
|    entropy_loss         | 0.817       |
|    explained_variance   | 0.98        |
|    learning_rate        | 0.0003      |
|    loss                 | 0.0014      |
|    n_updates            | 5460        |
|    policy_gradient_loss | -0.00569    |
|    std                  | 0.241       |
|    value_loss           | 0.055       |
-----------------------------------------
-----------------------------------------
| rollout/                |             |
|    ep_len_mean          | 300         |
|    ep_rew_mean          | -53.1       |
| time/                   |             |
|    fps                  | 241         |
|    iterations           | 548         |
|    time_elapsed         | 1161        |
|    total_timesteps      | 280576      |
| train/                  |             |
|    approx_kl            | 0.023157151 |
|    clip_fraction        | 0.196       |
|    clip_range           | 0.2         |
|    entropy_loss         | 0.83        |
|    explained_variance   | 0.988       |
|    learning_rate        | 0.0003      |
|    loss                 | 0.0412      |
|    n_updates            | 5470        |
|    policy_gradient_loss | -0.00854    |
|    std                  | 0.24        |
|    value_loss           | 0.0674      |
-----------------------------------------
-----------------------------------------
| rollout/                |             |
|    ep_len_mean          | 300         |
|    ep_rew_mean          | -53.2       |
| time/                   |             |
|    fps                  | 241         |
|    iterations           | 549         |
|    time_elapsed         | 1164        |
|    total_timesteps      | 281088      |
| train/                  |             |
|    approx_kl            | 0.056792874 |
|    clip_fraction        | 0.226       |
|    clip_range           | 0.2         |
|    entropy_loss         | 0.824       |
|    explained_variance   | 0.986       |
|    learning_rate        | 0.0003      |
|    loss                 | -0.00386    |
|    n_updates            | 5480        |
|    policy_gradient_loss | -0.0217     |
|    std                  | 0.241       |
|    value_loss           | 0.0727      |
-----------------------------------------
-----------------------------------------
| rollout/                |             |
|    ep_len_mean          | 300         |
|    ep_rew_mean          | -53.2       |
| time/                   |             |
|    fps                  | 241         |
|    iterations           | 550         |
|    time_elapsed         | 1166        |
|    total_timesteps      | 281600      |
| train/                  |             |
|    approx_kl            | 0.010153236 |
|    clip_fraction        | 0.197       |
|    clip_range           | 0.2         |
|    entropy_loss         | 0.809       |
|    explained_variance   | 0.979       |
|    learning_rate        | 0.0003      |
|    loss                 | 0.00601     |
|    n_updates            | 5490        |
|    policy_gradient_loss | -0.00646    |
|    std                  | 0.24        |
|    value_loss           | 0.0853      |
-----------------------------------------
-----------------------------------------
| rollout/                |             |
|    ep_len_mean          | 300         |
|    ep_rew_mean          | -53.2       |
| time/                   |             |
|    fps                  | 241         |
|    iterations           | 551         |
|    time_elapsed         | 1167        |
|    total_timesteps      | 282112      |
| train/                  |             |
|    approx_kl            | 0.018647261 |
|    clip_fraction        | 0.252       |
|    clip_range           | 0.2         |
|    entropy_loss         | 0.814       |
|    explained_variance   | 0.987       |
|    learning_rate        | 0.0003      |
|    loss                 | 0.0567      |
|    n_updates            | 5500        |
|    policy_gradient_loss | -0.017      |
|    std                  | 0.24        |
|    value_loss           | 0.0824      |
-----------------------------------------
-----------------------------------------
| rollout/                |             |
|    ep_len_mean          | 300         |
|    ep_rew_mean          | -53.4       |
| time/                   |             |
|    fps                  | 241         |
|    iterations           | 552         |
|    time_elapsed         | 1168        |
|    total_timesteps      | 282624      |
| train/                  |             |
|    approx_kl            | 0.018175747 |
|    clip_fraction        | 0.193       |
|    clip_range           | 0.2         |
|    entropy_loss         | 0.825       |
|    explained_variance   | 0.988       |
|    learning_rate        | 0.0003      |
|    loss                 | 0.00871     |
|    n_updates            | 5510        |
|    policy_gradient_loss | -0.0116     |
|    std                  | 0.239       |
|    value_loss           | 0.0455      |
-----------------------------------------
-----------------------------------------
| rollout/                |             |
|    ep_len_mean          | 300         |
|    ep_rew_mean          | -53.4       |
| time/                   |             |
|    fps                  | 241         |
|    iterations           | 553         |
|    time_elapsed         | 1170        |
|    total_timesteps      | 283136      |
| train/                  |             |
|    approx_kl            | 0.023848705 |
|    clip_fraction        | 0.222       |
|    clip_range           | 0.2         |
|    entropy_loss         | 0.841       |
|    explained_variance   | 0.984       |
|    learning_rate        | 0.0003      |
|    loss                 | -0.00396    |
|    n_updates            | 5520        |
|    policy_gradient_loss | -0.00767    |
|    std                  | 0.239       |
|    value_loss           | 0.0815      |
-----------------------------------------
-----------------------------------------
| rollout/                |             |
|    ep_len_mean          | 300         |
|    ep_rew_mean          | -53.4       |
| time/                   |             |
|    fps                  | 242         |
|    iterations           | 554         |
|    time_elapsed         | 1171        |
|    total_timesteps      | 283648      |
| train/                  |             |
|    approx_kl            | 0.022722535 |
|    clip_fraction        | 0.203       |
|    clip_range           | 0.2         |
|    entropy_loss         | 0.85        |
|    explained_variance   | 0.995       |
|    learning_rate        | 0.0003      |
|    loss                 | 0.0171      |
|    n_updates            | 5530        |
|    policy_gradient_loss | -0.0207     |
|    std                  | 0.238       |
|    value_loss           | 0.0631      |
-----------------------------------------
-----------------------------------------
| rollout/                |             |
|    ep_len_mean          | 300         |
|    ep_rew_mean          | -53.5       |
| time/                   |             |
|    fps                  | 242         |
|    iterations           | 555         |
|    time_elapsed         | 1172        |
|    total_timesteps      | 284160      |
| train/                  |             |
|    approx_kl            | 0.026800614 |
|    clip_fraction        | 0.272       |
|    clip_range           | 0.2         |
|    entropy_loss         | 0.857       |
|    explained_variance   | 0.971       |
|    learning_rate        | 0.0003      |
|    loss                 | 0.0216      |
|    n_updates            | 5540        |
|    policy_gradient_loss | -0.00984    |
|    std                  | 0.238       |
|    value_loss           | 0.0883      |
-----------------------------------------
-----------------------------------------
| rollout/                |             |
|    ep_len_mean          | 300         |
|    ep_rew_mean          | -53.6       |
| time/                   |             |
|    fps                  | 242         |
|    iterations           | 556         |
|    time_elapsed         | 1174        |
|    total_timesteps      | 284672      |
| train/                  |             |
|    approx_kl            | 0.028284714 |
|    clip_fraction        | 0.182       |
|    clip_range           | 0.2         |
|    entropy_loss         | 0.871       |
|    explained_variance   | 0.992       |
|    learning_rate        | 0.0003      |
|    loss                 | -0.0293     |
|    n_updates            | 5550        |
|    policy_gradient_loss | -0.0194     |
|    std                  | 0.236       |
|    value_loss           | 0.0487      |
-----------------------------------------
-----------------------------------------
| rollout/                |             |
|    ep_len_mean          | 300         |
|    ep_rew_mean          | -53.5       |
| time/                   |             |
|    fps                  | 242         |
|    iterations           | 557         |
|    time_elapsed         | 1175        |
|    total_timesteps      | 285184      |
| train/                  |             |
|    approx_kl            | 0.021817923 |
|    clip_fraction        | 0.167       |
|    clip_range           | 0.2         |
|    entropy_loss         | 0.895       |
|    explained_variance   | 0.969       |
|    learning_rate        | 0.0003      |
|    loss                 | 0.0362      |
|    n_updates            | 5560        |
|    policy_gradient_loss | -0.00461    |
|    std                  | 0.233       |
|    value_loss           | 0.0917      |
-----------------------------------------
-----------------------------------------
| rollout/                |             |
|    ep_len_mean          | 300         |
|    ep_rew_mean          | -53.4       |
| time/                   |             |
|    fps                  | 242         |
|    iterations           | 558         |
|    time_elapsed         | 1177        |
|    total_timesteps      | 285696      |
| train/                  |             |
|    approx_kl            | 0.022418752 |
|    clip_fraction        | 0.196       |
|    clip_range           | 0.2         |
|    entropy_loss         | 0.915       |
|    explained_variance   | 0.991       |
|    learning_rate        | 0.0003      |
|    loss                 | -0.00118    |
|    n_updates            | 5570        |
|    policy_gradient_loss | -0.0112     |
|    std                  | 0.233       |
|    value_loss           | 0.0393      |
-----------------------------------------
-----------------------------------------
| rollout/                |             |
|    ep_len_mean          | 300         |
|    ep_rew_mean          | -53.3       |
| time/                   |             |
|    fps                  | 242         |
|    iterations           | 559         |
|    time_elapsed         | 1178        |
|    total_timesteps      | 286208      |
| train/                  |             |
|    approx_kl            | 0.029049912 |
|    clip_fraction        | 0.271       |
|    clip_range           | 0.2         |
|    entropy_loss         | 0.925       |
|    explained_variance   | 0.984       |
|    learning_rate        | 0.0003      |
|    loss                 | 0.036       |
|    n_updates            | 5580        |
|    policy_gradient_loss | -0.00636    |
|    std                  | 0.232       |
|    value_loss           | 0.08        |
-----------------------------------------
----------------------------------------
| rollout/                |            |
|    ep_len_mean          | 300        |
|    ep_rew_mean          | -53.2      |
| time/                   |            |
|    fps                  | 242        |
|    iterations           | 560        |
|    time_elapsed         | 1180       |
|    total_timesteps      | 286720     |
| train/                  |            |
|    approx_kl            | 0.01490412 |
|    clip_fraction        | 0.172      |
|    clip_range           | 0.2        |
|    entropy_loss         | 0.95       |
|    explained_variance   | 0.989      |
|    learning_rate        | 0.0003     |
|    loss                 | 0.0173     |
|    n_updates            | 5590       |
|    policy_gradient_loss | -0.009     |
|    std                  | 0.23       |
|    value_loss           | 0.0502     |
----------------------------------------
-----------------------------------------
| rollout/                |             |
|    ep_len_mean          | 300         |
|    ep_rew_mean          | -53.1       |
| time/                   |             |
|    fps                  | 243         |
|    iterations           | 561         |
|    time_elapsed         | 1181        |
|    total_timesteps      | 287232      |
| train/                  |             |
|    approx_kl            | 0.017119858 |
|    clip_fraction        | 0.186       |
|    clip_range           | 0.2         |
|    entropy_loss         | 0.973       |
|    explained_variance   | 0.985       |
|    learning_rate        | 0.0003      |
|    loss                 | -0.0146     |
|    n_updates            | 5600        |
|    policy_gradient_loss | -0.0116     |
|    std                  | 0.231       |
|    value_loss           | 0.0507      |
-----------------------------------------
-----------------------------------------
| rollout/                |             |
|    ep_len_mean          | 300         |
|    ep_rew_mean          | -53.2       |
| time/                   |             |
|    fps                  | 243         |
|    iterations           | 562         |
|    time_elapsed         | 1182        |
|    total_timesteps      | 287744      |
| train/                  |             |
|    approx_kl            | 0.030287497 |
|    clip_fraction        | 0.32        |
|    clip_range           | 0.2         |
|    entropy_loss         | 0.966       |
|    explained_variance   | 0.987       |
|    learning_rate        | 0.0003      |
|    loss                 | 0.0252      |
|    n_updates            | 5610        |
|    policy_gradient_loss | -0.00814    |
|    std                  | 0.232       |
|    value_loss           | 0.0903      |
-----------------------------------------
-----------------------------------------
| rollout/                |             |
|    ep_len_mean          | 300         |
|    ep_rew_mean          | -53.2       |
| time/                   |             |
|    fps                  | 243         |
|    iterations           | 563         |
|    time_elapsed         | 1183        |
|    total_timesteps      | 288256      |
| train/                  |             |
|    approx_kl            | 0.029468738 |
|    clip_fraction        | 0.255       |
|    clip_range           | 0.2         |
|    entropy_loss         | 0.964       |
|    explained_variance   | 0.994       |
|    learning_rate        | 0.0003      |
|    loss                 | -0.00244    |
|    n_updates            | 5620        |
|    policy_gradient_loss | -0.0125     |
|    std                  | 0.232       |
|    value_loss           | 0.0279      |
-----------------------------------------
-----------------------------------------
| rollout/                |             |
|    ep_len_mean          | 300         |
|    ep_rew_mean          | -53.3       |
| time/                   |             |
|    fps                  | 243         |
|    iterations           | 564         |
|    time_elapsed         | 1185        |
|    total_timesteps      | 288768      |
| train/                  |             |
|    approx_kl            | 0.023321502 |
|    clip_fraction        | 0.201       |
|    clip_range           | 0.2         |
|    entropy_loss         | 0.972       |
|    explained_variance   | 0.991       |
|    learning_rate        | 0.0003      |
|    loss                 | -0.0145     |
|    n_updates            | 5630        |
|    policy_gradient_loss | -0.0151     |
|    std                  | 0.231       |
|    value_loss           | 0.0353      |
-----------------------------------------
-----------------------------------------
| rollout/                |             |
|    ep_len_mean          | 300         |
|    ep_rew_mean          | -53.4       |
| time/                   |             |
|    fps                  | 243         |
|    iterations           | 565         |
|    time_elapsed         | 1186        |
|    total_timesteps      | 289280      |
| train/                  |             |
|    approx_kl            | 0.037323486 |
|    clip_fraction        | 0.256       |
|    clip_range           | 0.2         |
|    entropy_loss         | 0.983       |
|    explained_variance   | 0.996       |
|    learning_rate        | 0.0003      |
|    loss                 | 0.0171      |
|    n_updates            | 5640        |
|    policy_gradient_loss | -0.0184     |
|    std                  | 0.231       |
|    value_loss           | 0.0238      |
-----------------------------------------
-----------------------------------------
| rollout/                |             |
|    ep_len_mean          | 300         |
|    ep_rew_mean          | -53.4       |
| time/                   |             |
|    fps                  | 243         |
|    iterations           | 566         |
|    time_elapsed         | 1187        |
|    total_timesteps      | 289792      |
| train/                  |             |
|    approx_kl            | 0.030958153 |
|    clip_fraction        | 0.237       |
|    clip_range           | 0.2         |
|    entropy_loss         | 0.991       |
|    explained_variance   | 0.991       |
|    learning_rate        | 0.0003      |
|    loss                 | -0.0276     |
|    n_updates            | 5650        |
|    policy_gradient_loss | -0.0176     |
|    std                  | 0.23        |
|    value_loss           | 0.0472      |
-----------------------------------------
-----------------------------------------
| rollout/                |             |
|    ep_len_mean          | 300         |
|    ep_rew_mean          | -53.5       |
| time/                   |             |
|    fps                  | 244         |
|    iterations           | 567         |
|    time_elapsed         | 1189        |
|    total_timesteps      | 290304      |
| train/                  |             |
|    approx_kl            | 0.017239952 |
|    clip_fraction        | 0.199       |
|    clip_range           | 0.2         |
|    entropy_loss         | 1.01        |
|    explained_variance   | 0.984       |
|    learning_rate        | 0.0003      |
|    loss                 | 0.0125      |
|    n_updates            | 5660        |
|    policy_gradient_loss | -0.0034     |
|    std                  | 0.229       |
|    value_loss           | 0.0374      |
-----------------------------------------
-----------------------------------------
| rollout/                |             |
|    ep_len_mean          | 300         |
|    ep_rew_mean          | -53.3       |
| time/                   |             |
|    fps                  | 244         |
|    iterations           | 568         |
|    time_elapsed         | 1190        |
|    total_timesteps      | 290816      |
| train/                  |             |
|    approx_kl            | 0.016731814 |
|    clip_fraction        | 0.217       |
|    clip_range           | 0.2         |
|    entropy_loss         | 1.02        |
|    explained_variance   | 0.992       |
|    learning_rate        | 0.0003      |
|    loss                 | 0.0259      |
|    n_updates            | 5670        |
|    policy_gradient_loss | -0.00603    |
|    std                  | 0.229       |
|    value_loss           | 0.0818      |
-----------------------------------------
----------------------------------------
| rollout/                |            |
|    ep_len_mean          | 300        |
|    ep_rew_mean          | -53.5      |
| time/                   |            |
|    fps                  | 244        |
|    iterations           | 569        |
|    time_elapsed         | 1192       |
|    total_timesteps      | 291328     |
| train/                  |            |
|    approx_kl            | 0.02928346 |
|    clip_fraction        | 0.253      |
|    clip_range           | 0.2        |
|    entropy_loss         | 1.03       |
|    explained_variance   | 0.993      |
|    learning_rate        | 0.0003     |
|    loss                 | -0.0104    |
|    n_updates            | 5680       |
|    policy_gradient_loss | -0.0199    |
|    std                  | 0.229      |
|    value_loss           | 0.0711     |
----------------------------------------
----------------------------------------
| rollout/                |            |
|    ep_len_mean          | 300        |
|    ep_rew_mean          | -53.6      |
| time/                   |            |
|    fps                  | 244        |
|    iterations           | 570        |
|    time_elapsed         | 1193       |
|    total_timesteps      | 291840     |
| train/                  |            |
|    approx_kl            | 0.02003841 |
|    clip_fraction        | 0.253      |
|    clip_range           | 0.2        |
|    entropy_loss         | 1.04       |
|    explained_variance   | 0.993      |
|    learning_rate        | 0.0003     |
|    loss                 | 0.003      |
|    n_updates            | 5690       |
|    policy_gradient_loss | -0.00721   |
|    std                  | 0.229      |
|    value_loss           | 0.0506     |
----------------------------------------
------------------------------------------
| rollout/                |              |
|    ep_len_mean          | 300          |
|    ep_rew_mean          | -53.6        |
| time/                   |              |
|    fps                  | 244          |
|    iterations           | 571          |
|    time_elapsed         | 1194         |
|    total_timesteps      | 292352       |
| train/                  |              |
|    approx_kl            | 0.0150608905 |
|    clip_fraction        | 0.246        |
|    clip_range           | 0.2          |
|    entropy_loss         | 1.06         |
|    explained_variance   | 0.987        |
|    learning_rate        | 0.0003       |
|    loss                 | 0.0184       |
|    n_updates            | 5700         |
|    policy_gradient_loss | -0.00677     |
|    std                  | 0.229        |
|    value_loss           | 0.0405       |
------------------------------------------
-----------------------------------------
| rollout/                |             |
|    ep_len_mean          | 300         |
|    ep_rew_mean          | -53.6       |
| time/                   |             |
|    fps                  | 244         |
|    iterations           | 572         |
|    time_elapsed         | 1196        |
|    total_timesteps      | 292864      |
| train/                  |             |
|    approx_kl            | 0.023367543 |
|    clip_fraction        | 0.244       |
|    clip_range           | 0.2         |
|    entropy_loss         | 1.06        |
|    explained_variance   | 0.989       |
|    learning_rate        | 0.0003      |
|    loss                 | -0.0041     |
|    n_updates            | 5710        |
|    policy_gradient_loss | -0.0148     |
|    std                  | 0.229       |
|    value_loss           | 0.0604      |
-----------------------------------------
-----------------------------------------
| rollout/                |             |
|    ep_len_mean          | 300         |
|    ep_rew_mean          | -53.7       |
| time/                   |             |
|    fps                  | 244         |
|    iterations           | 573         |
|    time_elapsed         | 1197        |
|    total_timesteps      | 293376      |
| train/                  |             |
|    approx_kl            | 0.045712505 |
|    clip_fraction        | 0.216       |
|    clip_range           | 0.2         |
|    entropy_loss         | 1.07        |
|    explained_variance   | 0.994       |
|    learning_rate        | 0.0003      |
|    loss                 | -0.0201     |
|    n_updates            | 5720        |
|    policy_gradient_loss | -0.0224     |
|    std                  | 0.229       |
|    value_loss           | 0.0258      |
-----------------------------------------
-----------------------------------------
| rollout/                |             |
|    ep_len_mean          | 300         |
|    ep_rew_mean          | -53.6       |
| time/                   |             |
|    fps                  | 245         |
|    iterations           | 574         |
|    time_elapsed         | 1198        |
|    total_timesteps      | 293888      |
| train/                  |             |
|    approx_kl            | 0.030863043 |
|    clip_fraction        | 0.19        |
|    clip_range           | 0.2         |
|    entropy_loss         | 1.08        |
|    explained_variance   | 0.998       |
|    learning_rate        | 0.0003      |
|    loss                 | -0.0263     |
|    n_updates            | 5730        |
|    policy_gradient_loss | -0.0107     |
|    std                  | 0.228       |
|    value_loss           | 0.0137      |
-----------------------------------------
-----------------------------------------
| rollout/                |             |
|    ep_len_mean          | 300         |
|    ep_rew_mean          | -53.6       |
| time/                   |             |
|    fps                  | 245         |
|    iterations           | 575         |
|    time_elapsed         | 1200        |
|    total_timesteps      | 294400      |
| train/                  |             |
|    approx_kl            | 0.033191934 |
|    clip_fraction        | 0.246       |
|    clip_range           | 0.2         |
|    entropy_loss         | 1.09        |
|    explained_variance   | 0.99        |
|    learning_rate        | 0.0003      |
|    loss                 | 0.0133      |
|    n_updates            | 5740        |
|    policy_gradient_loss | -0.0139     |
|    std                  | 0.228       |
|    value_loss           | 0.0334      |
-----------------------------------------
-----------------------------------------
| rollout/                |             |
|    ep_len_mean          | 300         |
|    ep_rew_mean          | -53.8       |
| time/                   |             |
|    fps                  | 245         |
|    iterations           | 576         |
|    time_elapsed         | 1201        |
|    total_timesteps      | 294912      |
| train/                  |             |
|    approx_kl            | 0.034426577 |
|    clip_fraction        | 0.255       |
|    clip_range           | 0.2         |
|    entropy_loss         | 1.1         |
|    explained_variance   | 0.991       |
|    learning_rate        | 0.0003      |
|    loss                 | -0.0138     |
|    n_updates            | 5750        |
|    policy_gradient_loss | -0.0255     |
|    std                  | 0.227       |
|    value_loss           | 0.0664      |
-----------------------------------------
-----------------------------------------
| rollout/                |             |
|    ep_len_mean          | 300         |
|    ep_rew_mean          | -53.8       |
| time/                   |             |
|    fps                  | 245         |
|    iterations           | 577         |
|    time_elapsed         | 1202        |
|    total_timesteps      | 295424      |
| train/                  |             |
|    approx_kl            | 0.023929529 |
|    clip_fraction        | 0.183       |
|    clip_range           | 0.2         |
|    entropy_loss         | 1.11        |
|    explained_variance   | 0.983       |
|    learning_rate        | 0.0003      |
|    loss                 | 0.00691     |
|    n_updates            | 5760        |
|    policy_gradient_loss | -0.00741    |
|    std                  | 0.227       |
|    value_loss           | 0.0775      |
-----------------------------------------
-----------------------------------------
| rollout/                |             |
|    ep_len_mean          | 300         |
|    ep_rew_mean          | -54         |
| time/                   |             |
|    fps                  | 245         |
|    iterations           | 578         |
|    time_elapsed         | 1204        |
|    total_timesteps      | 295936      |
| train/                  |             |
|    approx_kl            | 0.018594995 |
|    clip_fraction        | 0.21        |
|    clip_range           | 0.2         |
|    entropy_loss         | 1.12        |
|    explained_variance   | 0.994       |
|    learning_rate        | 0.0003      |
|    loss                 | 0.0335      |
|    n_updates            | 5770        |
|    policy_gradient_loss | -0.0125     |
|    std                  | 0.226       |
|    value_loss           | 0.0511      |
-----------------------------------------
-----------------------------------------
| rollout/                |             |
|    ep_len_mean          | 300         |
|    ep_rew_mean          | -53.8       |
| time/                   |             |
|    fps                  | 245         |
|    iterations           | 579         |
|    time_elapsed         | 1205        |
|    total_timesteps      | 296448      |
| train/                  |             |
|    approx_kl            | 0.020998605 |
|    clip_fraction        | 0.326       |
|    clip_range           | 0.2         |
|    entropy_loss         | 1.14        |
|    explained_variance   | 0.993       |
|    learning_rate        | 0.0003      |
|    loss                 | 0.0368      |
|    n_updates            | 5780        |
|    policy_gradient_loss | -0.0148     |
|    std                  | 0.224       |
|    value_loss           | 0.0528      |
-----------------------------------------
-----------------------------------------
| rollout/                |             |
|    ep_len_mean          | 300         |
|    ep_rew_mean          | -53.9       |
| time/                   |             |
|    fps                  | 246         |
|    iterations           | 580         |
|    time_elapsed         | 1206        |
|    total_timesteps      | 296960      |
| train/                  |             |
|    approx_kl            | 0.022329707 |
|    clip_fraction        | 0.26        |
|    clip_range           | 0.2         |
|    entropy_loss         | 1.15        |
|    explained_variance   | 0.997       |
|    learning_rate        | 0.0003      |
|    loss                 | 0.0035      |
|    n_updates            | 5790        |
|    policy_gradient_loss | -0.00626    |
|    std                  | 0.225       |
|    value_loss           | 0.025       |
-----------------------------------------
-----------------------------------------
| rollout/                |             |
|    ep_len_mean          | 300         |
|    ep_rew_mean          | -53.9       |
| time/                   |             |
|    fps                  | 246         |
|    iterations           | 581         |
|    time_elapsed         | 1208        |
|    total_timesteps      | 297472      |
| train/                  |             |
|    approx_kl            | 0.029687412 |
|    clip_fraction        | 0.213       |
|    clip_range           | 0.2         |
|    entropy_loss         | 1.15        |
|    explained_variance   | 0.994       |
|    learning_rate        | 0.0003      |
|    loss                 | -0.0288     |
|    n_updates            | 5800        |
|    policy_gradient_loss | -0.0194     |
|    std                  | 0.223       |
|    value_loss           | 0.0124      |
-----------------------------------------
-----------------------------------------
| rollout/                |             |
|    ep_len_mean          | 300         |
|    ep_rew_mean          | -53.9       |
| time/                   |             |
|    fps                  | 246         |
|    iterations           | 582         |
|    time_elapsed         | 1209        |
|    total_timesteps      | 297984      |
| train/                  |             |
|    approx_kl            | 0.018168954 |
|    clip_fraction        | 0.206       |
|    clip_range           | 0.2         |
|    entropy_loss         | 1.18        |
|    explained_variance   | 0.996       |
|    learning_rate        | 0.0003      |
|    loss                 | -0.0025     |
|    n_updates            | 5810        |
|    policy_gradient_loss | -0.0129     |
|    std                  | 0.223       |
|    value_loss           | 0.0367      |
-----------------------------------------
-----------------------------------------
| rollout/                |             |
|    ep_len_mean          | 300         |
|    ep_rew_mean          | -53.8       |
| time/                   |             |
|    fps                  | 246         |
|    iterations           | 583         |
|    time_elapsed         | 1210        |
|    total_timesteps      | 298496      |
| train/                  |             |
|    approx_kl            | 0.026128717 |
|    clip_fraction        | 0.252       |
|    clip_range           | 0.2         |
|    entropy_loss         | 1.19        |
|    explained_variance   | 0.992       |
|    learning_rate        | 0.0003      |
|    loss                 | 0.0587      |
|    n_updates            | 5820        |
|    policy_gradient_loss | -0.00392    |
|    std                  | 0.222       |
|    value_loss           | 0.0481      |
-----------------------------------------
-----------------------------------------
| rollout/                |             |
|    ep_len_mean          | 300         |
|    ep_rew_mean          | -53.7       |
| time/                   |             |
|    fps                  | 246         |
|    iterations           | 584         |
|    time_elapsed         | 1212        |
|    total_timesteps      | 299008      |
| train/                  |             |
|    approx_kl            | 0.020849973 |
|    clip_fraction        | 0.264       |
|    clip_range           | 0.2         |
|    entropy_loss         | 1.21        |
|    explained_variance   | 0.992       |
|    learning_rate        | 0.0003      |
|    loss                 | -0.02       |
|    n_updates            | 5830        |
|    policy_gradient_loss | -0.0143     |
|    std                  | 0.222       |
|    value_loss           | 0.0209      |
-----------------------------------------
----------------------------------------
| rollout/                |            |
|    ep_len_mean          | 300        |
|    ep_rew_mean          | -53.9      |
| time/                   |            |
|    fps                  | 246        |
|    iterations           | 585        |
|    time_elapsed         | 1213       |
|    total_timesteps      | 299520     |
| train/                  |            |
|    approx_kl            | 0.03353328 |
|    clip_fraction        | 0.234      |
|    clip_range           | 0.2        |
|    entropy_loss         | 1.22       |
|    explained_variance   | 0.983      |
|    learning_rate        | 0.0003     |
|    loss                 | 0.0433     |
|    n_updates            | 5840       |
|    policy_gradient_loss | -0.011     |
|    std                  | 0.221      |
|    value_loss           | 0.0688     |
----------------------------------------
----------------------------------------
| rollout/                |            |
|    ep_len_mean          | 300        |
|    ep_rew_mean          | -54        |
| time/                   |            |
|    fps                  | 246        |
|    iterations           | 586        |
|    time_elapsed         | 1214       |
|    total_timesteps      | 300032     |
| train/                  |            |
|    approx_kl            | 0.02102599 |
|    clip_fraction        | 0.282      |
|    clip_range           | 0.2        |
|    entropy_loss         | 1.22       |
|    explained_variance   | 0.996      |
|    learning_rate        | 0.0003     |
|    loss                 | 0.00531    |
|    n_updates            | 5850       |
|    policy_gradient_loss | -0.0091    |
|    std                  | 0.221      |
|    value_loss           | 0.0407     |
----------------------------------------
-----------------------------------------
| rollout/                |             |
|    ep_len_mean          | 300         |
|    ep_rew_mean          | -53.9       |
| time/                   |             |
|    fps                  | 247         |
|    iterations           | 587         |
|    time_elapsed         | 1215        |
|    total_timesteps      | 300544      |
| train/                  |             |
|    approx_kl            | 0.028748708 |
|    clip_fraction        | 0.243       |
|    clip_range           | 0.2         |
|    entropy_loss         | 1.23        |
|    explained_variance   | 0.994       |
|    learning_rate        | 0.0003      |
|    loss                 | 0.0114      |
|    n_updates            | 5860        |
|    policy_gradient_loss | -0.0202     |
|    std                  | 0.221       |
|    value_loss           | 0.0592      |
-----------------------------------------
-----------------------------------------
| rollout/                |             |
|    ep_len_mean          | 300         |
|    ep_rew_mean          | -54         |
| time/                   |             |
|    fps                  | 247         |
|    iterations           | 588         |
|    time_elapsed         | 1217        |
|    total_timesteps      | 301056      |
| train/                  |             |
|    approx_kl            | 0.014003897 |
|    clip_fraction        | 0.243       |
|    clip_range           | 0.2         |
|    entropy_loss         | 1.22        |
|    explained_variance   | 0.982       |
|    learning_rate        | 0.0003      |
|    loss                 | -0.00309    |
|    n_updates            | 5870        |
|    policy_gradient_loss | -0.00111    |
|    std                  | 0.221       |
|    value_loss           | 0.0975      |
-----------------------------------------
----------------------------------------
| rollout/                |            |
|    ep_len_mean          | 300        |
|    ep_rew_mean          | -54        |
| time/                   |            |
|    fps                  | 247        |
|    iterations           | 589        |
|    time_elapsed         | 1218       |
|    total_timesteps      | 301568     |
| train/                  |            |
|    approx_kl            | 0.04102987 |
|    clip_fraction        | 0.215      |
|    clip_range           | 0.2        |
|    entropy_loss         | 1.23       |
|    explained_variance   | 0.991      |
|    learning_rate        | 0.0003     |
|    loss                 | -0.0355    |
|    n_updates            | 5880       |
|    policy_gradient_loss | -0.0263    |
|    std                  | 0.222      |
|    value_loss           | 0.0559     |
----------------------------------------
-----------------------------------------
| rollout/                |             |
|    ep_len_mean          | 300         |
|    ep_rew_mean          | -54.1       |
| time/                   |             |
|    fps                  | 247         |
|    iterations           | 590         |
|    time_elapsed         | 1219        |
|    total_timesteps      | 302080      |
| train/                  |             |
|    approx_kl            | 0.038309924 |
|    clip_fraction        | 0.241       |
|    clip_range           | 0.2         |
|    entropy_loss         | 1.23        |
|    explained_variance   | 0.986       |
|    learning_rate        | 0.0003      |
|    loss                 | -0.014      |
|    n_updates            | 5890        |
|    policy_gradient_loss | -0.00989    |
|    std                  | 0.221       |
|    value_loss           | 0.0344      |
-----------------------------------------
-----------------------------------------
| rollout/                |             |
|    ep_len_mean          | 300         |
|    ep_rew_mean          | -53.9       |
| time/                   |             |
|    fps                  | 247         |
|    iterations           | 591         |
|    time_elapsed         | 1221        |
|    total_timesteps      | 302592      |
| train/                  |             |
|    approx_kl            | 0.027413601 |
|    clip_fraction        | 0.179       |
|    clip_range           | 0.2         |
|    entropy_loss         | 1.25        |
|    explained_variance   | 0.991       |
|    learning_rate        | 0.0003      |
|    loss                 | -0.0402     |
|    n_updates            | 5900        |
|    policy_gradient_loss | -0.0113     |
|    std                  | 0.22        |
|    value_loss           | 0.031       |
-----------------------------------------
-----------------------------------------
| rollout/                |             |
|    ep_len_mean          | 300         |
|    ep_rew_mean          | -53.9       |
| time/                   |             |
|    fps                  | 247         |
|    iterations           | 592         |
|    time_elapsed         | 1223        |
|    total_timesteps      | 303104      |
| train/                  |             |
|    approx_kl            | 0.021708721 |
|    clip_fraction        | 0.268       |
|    clip_range           | 0.2         |
|    entropy_loss         | 1.25        |
|    explained_variance   | 0.981       |
|    learning_rate        | 0.0003      |
|    loss                 | 0.0412      |
|    n_updates            | 5910        |
|    policy_gradient_loss | -0.00363    |
|    std                  | 0.221       |
|    value_loss           | 0.119       |
-----------------------------------------
-----------------------------------------
| rollout/                |             |
|    ep_len_mean          | 300         |
|    ep_rew_mean          | -53.8       |
| time/                   |             |
|    fps                  | 247         |
|    iterations           | 593         |
|    time_elapsed         | 1225        |
|    total_timesteps      | 303616      |
| train/                  |             |
|    approx_kl            | 0.016770795 |
|    clip_fraction        | 0.229       |
|    clip_range           | 0.2         |
|    entropy_loss         | 1.26        |
|    explained_variance   | 0.991       |
|    learning_rate        | 0.0003      |
|    loss                 | 0.0125      |
|    n_updates            | 5920        |
|    policy_gradient_loss | -0.00882    |
|    std                  | 0.221       |
|    value_loss           | 0.0656      |
-----------------------------------------
-----------------------------------------
| rollout/                |             |
|    ep_len_mean          | 300         |
|    ep_rew_mean          | -53.9       |
| time/                   |             |
|    fps                  | 247         |
|    iterations           | 594         |
|    time_elapsed         | 1226        |
|    total_timesteps      | 304128      |
| train/                  |             |
|    approx_kl            | 0.025494426 |
|    clip_fraction        | 0.207       |
|    clip_range           | 0.2         |
|    entropy_loss         | 1.25        |
|    explained_variance   | 0.982       |
|    learning_rate        | 0.0003      |
|    loss                 | 0.0306      |
|    n_updates            | 5930        |
|    policy_gradient_loss | -0.011      |
|    std                  | 0.222       |
|    value_loss           | 0.0756      |
-----------------------------------------
-----------------------------------------
| rollout/                |             |
|    ep_len_mean          | 300         |
|    ep_rew_mean          | -54.1       |
| time/                   |             |
|    fps                  | 247         |
|    iterations           | 595         |
|    time_elapsed         | 1228        |
|    total_timesteps      | 304640      |
| train/                  |             |
|    approx_kl            | 0.052972693 |
|    clip_fraction        | 0.24        |
|    clip_range           | 0.2         |
|    entropy_loss         | 1.24        |
|    explained_variance   | 0.976       |
|    learning_rate        | 0.0003      |
|    loss                 | 0.00644     |
|    n_updates            | 5940        |
|    policy_gradient_loss | -0.0267     |
|    std                  | 0.22        |
|    value_loss           | 0.0389      |
-----------------------------------------
----------------------------------------
| rollout/                |            |
|    ep_len_mean          | 300        |
|    ep_rew_mean          | -54.2      |
| time/                   |            |
|    fps                  | 248        |
|    iterations           | 596        |
|    time_elapsed         | 1230       |
|    total_timesteps      | 305152     |
| train/                  |            |
|    approx_kl            | 0.03281943 |
|    clip_fraction        | 0.235      |
|    clip_range           | 0.2        |
|    entropy_loss         | 1.26       |
|    explained_variance   | 0.997      |
|    learning_rate        | 0.0003     |
|    loss                 | -0.0105    |
|    n_updates            | 5950       |
|    policy_gradient_loss | -0.0124    |
|    std                  | 0.218      |
|    value_loss           | 0.0147     |
----------------------------------------
-----------------------------------------
| rollout/                |             |
|    ep_len_mean          | 300         |
|    ep_rew_mean          | -54.3       |
| time/                   |             |
|    fps                  | 248         |
|    iterations           | 597         |
|    time_elapsed         | 1231        |
|    total_timesteps      | 305664      |
| train/                  |             |
|    approx_kl            | 0.027939392 |
|    clip_fraction        | 0.242       |
|    clip_range           | 0.2         |
|    entropy_loss         | 1.28        |
|    explained_variance   | 0.987       |
|    learning_rate        | 0.0003      |
|    loss                 | 0.0229      |
|    n_updates            | 5960        |
|    policy_gradient_loss | -0.0103     |
|    std                  | 0.216       |
|    value_loss           | 0.0792      |
-----------------------------------------
----------------------------------------
| rollout/                |            |
|    ep_len_mean          | 300        |
|    ep_rew_mean          | -54.2      |
| time/                   |            |
|    fps                  | 248        |
|    iterations           | 598        |
|    time_elapsed         | 1233       |
|    total_timesteps      | 306176     |
| train/                  |            |
|    approx_kl            | 0.04362579 |
|    clip_fraction        | 0.222      |
|    clip_range           | 0.2        |
|    entropy_loss         | 1.29       |
|    explained_variance   | 0.991      |
|    learning_rate        | 0.0003     |
|    loss                 | 0.0118     |
|    n_updates            | 5970       |
|    policy_gradient_loss | -0.00809   |
|    std                  | 0.217      |
|    value_loss           | 0.0424     |
----------------------------------------
----------------------------------------
| rollout/                |            |
|    ep_len_mean          | 300        |
|    ep_rew_mean          | -54.2      |
| time/                   |            |
|    fps                  | 248        |
|    iterations           | 599        |
|    time_elapsed         | 1234       |
|    total_timesteps      | 306688     |
| train/                  |            |
|    approx_kl            | 0.01650438 |
|    clip_fraction        | 0.189      |
|    clip_range           | 0.2        |
|    entropy_loss         | 1.28       |
|    explained_variance   | 0.976      |
|    learning_rate        | 0.0003     |
|    loss                 | 0.0702     |
|    n_updates            | 5980       |
|    policy_gradient_loss | 0.00108    |
|    std                  | 0.218      |
|    value_loss           | 0.0708     |
----------------------------------------
-----------------------------------------
| rollout/                |             |
|    ep_len_mean          | 300         |
|    ep_rew_mean          | -54.3       |
| time/                   |             |
|    fps                  | 248         |
|    iterations           | 600         |
|    time_elapsed         | 1236        |
|    total_timesteps      | 307200      |
| train/                  |             |
|    approx_kl            | 0.014570858 |
|    clip_fraction        | 0.18        |
|    clip_range           | 0.2         |
|    entropy_loss         | 1.28        |
|    explained_variance   | 0.996       |
|    learning_rate        | 0.0003      |
|    loss                 | 0.00542     |
|    n_updates            | 5990        |
|    policy_gradient_loss | -0.0203     |
|    std                  | 0.217       |
|    value_loss           | 0.0399      |
-----------------------------------------
----------------------------------------
| rollout/                |            |
|    ep_len_mean          | 300        |
|    ep_rew_mean          | -54.2      |
| time/                   |            |
|    fps                  | 248        |
|    iterations           | 601        |
|    time_elapsed         | 1238       |
|    total_timesteps      | 307712     |
| train/                  |            |
|    approx_kl            | 0.04007256 |
|    clip_fraction        | 0.209      |
|    clip_range           | 0.2        |
|    entropy_loss         | 1.29       |
|    explained_variance   | 0.982      |
|    learning_rate        | 0.0003     |
|    loss                 | -0.00879   |
|    n_updates            | 6000       |
|    policy_gradient_loss | -0.0215    |
|    std                  | 0.217      |
|    value_loss           | 0.0404     |
----------------------------------------
-----------------------------------------
| rollout/                |             |
|    ep_len_mean          | 300         |
|    ep_rew_mean          | -54.1       |
| time/                   |             |
|    fps                  | 248         |
|    iterations           | 602         |
|    time_elapsed         | 1240        |
|    total_timesteps      | 308224      |
| train/                  |             |
|    approx_kl            | 0.018318389 |
|    clip_fraction        | 0.209       |
|    clip_range           | 0.2         |
|    entropy_loss         | 1.3         |
|    explained_variance   | 0.976       |
|    learning_rate        | 0.0003      |
|    loss                 | -0.0016     |
|    n_updates            | 6010        |
|    policy_gradient_loss | 0.0021      |
|    std                  | 0.216       |
|    value_loss           | 0.148       |
-----------------------------------------
-----------------------------------------
| rollout/                |             |
|    ep_len_mean          | 300         |
|    ep_rew_mean          | -54.3       |
| time/                   |             |
|    fps                  | 248         |
|    iterations           | 603         |
|    time_elapsed         | 1241        |
|    total_timesteps      | 308736      |
| train/                  |             |
|    approx_kl            | 0.038332686 |
|    clip_fraction        | 0.254       |
|    clip_range           | 0.2         |
|    entropy_loss         | 1.31        |
|    explained_variance   | 0.99        |
|    learning_rate        | 0.0003      |
|    loss                 | 0.0333      |
|    n_updates            | 6020        |
|    policy_gradient_loss | -0.00777    |
|    std                  | 0.216       |
|    value_loss           | 0.045       |
-----------------------------------------
-----------------------------------------
| rollout/                |             |
|    ep_len_mean          | 300         |
|    ep_rew_mean          | -54.3       |
| time/                   |             |
|    fps                  | 248         |
|    iterations           | 604         |
|    time_elapsed         | 1242        |
|    total_timesteps      | 309248      |
| train/                  |             |
|    approx_kl            | 0.021060165 |
|    clip_fraction        | 0.204       |
|    clip_range           | 0.2         |
|    entropy_loss         | 1.31        |
|    explained_variance   | 0.99        |
|    learning_rate        | 0.0003      |
|    loss                 | 0.044       |
|    n_updates            | 6030        |
|    policy_gradient_loss | -0.00559    |
|    std                  | 0.215       |
|    value_loss           | 0.0982      |
-----------------------------------------
-----------------------------------------
| rollout/                |             |
|    ep_len_mean          | 300         |
|    ep_rew_mean          | -54.5       |
| time/                   |             |
|    fps                  | 248         |
|    iterations           | 605         |
|    time_elapsed         | 1244        |
|    total_timesteps      | 309760      |
| train/                  |             |
|    approx_kl            | 0.028176386 |
|    clip_fraction        | 0.307       |
|    clip_range           | 0.2         |
|    entropy_loss         | 1.31        |
|    explained_variance   | 0.986       |
|    learning_rate        | 0.0003      |
|    loss                 | -0.0316     |
|    n_updates            | 6040        |
|    policy_gradient_loss | -0.0121     |
|    std                  | 0.216       |
|    value_loss           | 0.0207      |
-----------------------------------------
-----------------------------------------
| rollout/                |             |
|    ep_len_mean          | 300         |
|    ep_rew_mean          | -54.4       |
| time/                   |             |
|    fps                  | 249         |
|    iterations           | 606         |
|    time_elapsed         | 1245        |
|    total_timesteps      | 310272      |
| train/                  |             |
|    approx_kl            | 0.038370483 |
|    clip_fraction        | 0.28        |
|    clip_range           | 0.2         |
|    entropy_loss         | 1.31        |
|    explained_variance   | 0.995       |
|    learning_rate        | 0.0003      |
|    loss                 | -0.0125     |
|    n_updates            | 6050        |
|    policy_gradient_loss | -0.00826    |
|    std                  | 0.216       |
|    value_loss           | 0.0366      |
-----------------------------------------
-----------------------------------------
| rollout/                |             |
|    ep_len_mean          | 300         |
|    ep_rew_mean          | -54.5       |
| time/                   |             |
|    fps                  | 248         |
|    iterations           | 607         |
|    time_elapsed         | 1248        |
|    total_timesteps      | 310784      |
| train/                  |             |
|    approx_kl            | 0.040919926 |
|    clip_fraction        | 0.25        |
|    clip_range           | 0.2         |
|    entropy_loss         | 1.3         |
|    explained_variance   | 0.991       |
|    learning_rate        | 0.0003      |
|    loss                 | 0.0231      |
|    n_updates            | 6060        |
|    policy_gradient_loss | -0.00469    |
|    std                  | 0.217       |
|    value_loss           | 0.0631      |
-----------------------------------------
-----------------------------------------
| rollout/                |             |
|    ep_len_mean          | 300         |
|    ep_rew_mean          | -54.5       |
| time/                   |             |
|    fps                  | 248         |
|    iterations           | 608         |
|    time_elapsed         | 1250        |
|    total_timesteps      | 311296      |
| train/                  |             |
|    approx_kl            | 0.032836325 |
|    clip_fraction        | 0.225       |
|    clip_range           | 0.2         |
|    entropy_loss         | 1.31        |
|    explained_variance   | 0.996       |
|    learning_rate        | 0.0003      |
|    loss                 | -0.0391     |
|    n_updates            | 6070        |
|    policy_gradient_loss | -0.0177     |
|    std                  | 0.215       |
|    value_loss           | 0.0172      |
-----------------------------------------
----------------------------------------
| rollout/                |            |
|    ep_len_mean          | 300        |
|    ep_rew_mean          | -54.5      |
| time/                   |            |
|    fps                  | 248        |
|    iterations           | 609        |
|    time_elapsed         | 1252       |
|    total_timesteps      | 311808     |
| train/                  |            |
|    approx_kl            | 0.01547909 |
|    clip_fraction        | 0.216      |
|    clip_range           | 0.2        |
|    entropy_loss         | 1.34       |
|    explained_variance   | 0.993      |
|    learning_rate        | 0.0003     |
|    loss                 | 0.00206    |
|    n_updates            | 6080       |
|    policy_gradient_loss | -0.0169    |
|    std                  | 0.215      |
|    value_loss           | 0.0476     |
----------------------------------------
-----------------------------------------
| rollout/                |             |
|    ep_len_mean          | 300         |
|    ep_rew_mean          | -54.4       |
| time/                   |             |
|    fps                  | 248         |
|    iterations           | 610         |
|    time_elapsed         | 1254        |
|    total_timesteps      | 312320      |
| train/                  |             |
|    approx_kl            | 0.018150803 |
|    clip_fraction        | 0.244       |
|    clip_range           | 0.2         |
|    entropy_loss         | 1.34        |
|    explained_variance   | 0.988       |
|    learning_rate        | 0.0003      |
|    loss                 | 0.00791     |
|    n_updates            | 6090        |
|    policy_gradient_loss | -0.00464    |
|    std                  | 0.215       |
|    value_loss           | 0.0569      |
-----------------------------------------
-----------------------------------------
| rollout/                |             |
|    ep_len_mean          | 300         |
|    ep_rew_mean          | -54.3       |
| time/                   |             |
|    fps                  | 249         |
|    iterations           | 611         |
|    time_elapsed         | 1256        |
|    total_timesteps      | 312832      |
| train/                  |             |
|    approx_kl            | 0.027513657 |
|    clip_fraction        | 0.252       |
|    clip_range           | 0.2         |
|    entropy_loss         | 1.34        |
|    explained_variance   | 0.997       |
|    learning_rate        | 0.0003      |
|    loss                 | -0.00424    |
|    n_updates            | 6100        |
|    policy_gradient_loss | -0.0141     |
|    std                  | 0.215       |
|    value_loss           | 0.0259      |
-----------------------------------------
-----------------------------------------
| rollout/                |             |
|    ep_len_mean          | 300         |
|    ep_rew_mean          | -54.1       |
| time/                   |             |
|    fps                  | 249         |
|    iterations           | 612         |
|    time_elapsed         | 1257        |
|    total_timesteps      | 313344      |
| train/                  |             |
|    approx_kl            | 0.020995054 |
|    clip_fraction        | 0.256       |
|    clip_range           | 0.2         |
|    entropy_loss         | 1.35        |
|    explained_variance   | 0.992       |
|    learning_rate        | 0.0003      |
|    loss                 | -0.00826    |
|    n_updates            | 6110        |
|    policy_gradient_loss | -0.012      |
|    std                  | 0.214       |
|    value_loss           | 0.0317      |
-----------------------------------------
-----------------------------------------
| rollout/                |             |
|    ep_len_mean          | 300         |
|    ep_rew_mean          | -53.9       |
| time/                   |             |
|    fps                  | 249         |
|    iterations           | 613         |
|    time_elapsed         | 1259        |
|    total_timesteps      | 313856      |
| train/                  |             |
|    approx_kl            | 0.025307247 |
|    clip_fraction        | 0.316       |
|    clip_range           | 0.2         |
|    entropy_loss         | 1.36        |
|    explained_variance   | 0.987       |
|    learning_rate        | 0.0003      |
|    loss                 | 0.0364      |
|    n_updates            | 6120        |
|    policy_gradient_loss | -0.00313    |
|    std                  | 0.213       |
|    value_loss           | 0.047       |
-----------------------------------------
-----------------------------------------
| rollout/                |             |
|    ep_len_mean          | 300         |
|    ep_rew_mean          | -54         |
| time/                   |             |
|    fps                  | 249         |
|    iterations           | 614         |
|    time_elapsed         | 1260        |
|    total_timesteps      | 314368      |
| train/                  |             |
|    approx_kl            | 0.056718893 |
|    clip_fraction        | 0.223       |
|    clip_range           | 0.2         |
|    entropy_loss         | 1.37        |
|    explained_variance   | 0.996       |
|    learning_rate        | 0.0003      |
|    loss                 | -0.0481     |
|    n_updates            | 6130        |
|    policy_gradient_loss | -0.0337     |
|    std                  | 0.212       |
|    value_loss           | 0.0228      |
-----------------------------------------
----------------------------------------
| rollout/                |            |
|    ep_len_mean          | 300        |
|    ep_rew_mean          | -54.2      |
| time/                   |            |
|    fps                  | 248        |
|    iterations           | 615        |
|    time_elapsed         | 1264       |
|    total_timesteps      | 314880     |
| train/                  |            |
|    approx_kl            | 0.02527471 |
|    clip_fraction        | 0.216      |
|    clip_range           | 0.2        |
|    entropy_loss         | 1.39       |
|    explained_variance   | 0.991      |
|    learning_rate        | 0.0003     |
|    loss                 | 0.00942    |
|    n_updates            | 6140       |
|    policy_gradient_loss | -0.0187    |
|    std                  | 0.212      |
|    value_loss           | 0.0176     |
----------------------------------------
-----------------------------------------
| rollout/                |             |
|    ep_len_mean          | 300         |
|    ep_rew_mean          | -54.3       |
| time/                   |             |
|    fps                  | 248         |
|    iterations           | 616         |
|    time_elapsed         | 1268        |
|    total_timesteps      | 315392      |
| train/                  |             |
|    approx_kl            | 0.032510594 |
|    clip_fraction        | 0.314       |
|    clip_range           | 0.2         |
|    entropy_loss         | 1.4         |
|    explained_variance   | 0.994       |
|    learning_rate        | 0.0003      |
|    loss                 | -0.0252     |
|    n_updates            | 6150        |
|    policy_gradient_loss | -0.0221     |
|    std                  | 0.211       |
|    value_loss           | 0.0377      |
-----------------------------------------
----------------------------------------
| rollout/                |            |
|    ep_len_mean          | 300        |
|    ep_rew_mean          | -54.3      |
| time/                   |            |
|    fps                  | 248        |
|    iterations           | 617        |
|    time_elapsed         | 1272       |
|    total_timesteps      | 315904     |
| train/                  |            |
|    approx_kl            | 0.05622068 |
|    clip_fraction        | 0.212      |
|    clip_range           | 0.2        |
|    entropy_loss         | 1.42       |
|    explained_variance   | 0.991      |
|    learning_rate        | 0.0003     |
|    loss                 | -0.0139    |
|    n_updates            | 6160       |
|    policy_gradient_loss | -0.0134    |
|    std                  | 0.21       |
|    value_loss           | 0.0394     |
----------------------------------------
-----------------------------------------
| rollout/                |             |
|    ep_len_mean          | 300         |
|    ep_rew_mean          | -54.3       |
| time/                   |             |
|    fps                  | 248         |
|    iterations           | 618         |
|    time_elapsed         | 1274        |
|    total_timesteps      | 316416      |
| train/                  |             |
|    approx_kl            | 0.033640757 |
|    clip_fraction        | 0.264       |
|    clip_range           | 0.2         |
|    entropy_loss         | 1.43        |
|    explained_variance   | 0.992       |
|    learning_rate        | 0.0003      |
|    loss                 | 0.0319      |
|    n_updates            | 6170        |
|    policy_gradient_loss | -0.00527    |
|    std                  | 0.211       |
|    value_loss           | 0.0381      |
-----------------------------------------
-----------------------------------------
| rollout/                |             |
|    ep_len_mean          | 300         |
|    ep_rew_mean          | -54.2       |
| time/                   |             |
|    fps                  | 247         |
|    iterations           | 619         |
|    time_elapsed         | 1278        |
|    total_timesteps      | 316928      |
| train/                  |             |
|    approx_kl            | 0.019900968 |
|    clip_fraction        | 0.312       |
|    clip_range           | 0.2         |
|    entropy_loss         | 1.43        |
|    explained_variance   | 0.985       |
|    learning_rate        | 0.0003      |
|    loss                 | 0.00668     |
|    n_updates            | 6180        |
|    policy_gradient_loss | 0.00135     |
|    std                  | 0.211       |
|    value_loss           | 0.0671      |
-----------------------------------------
-----------------------------------------
| rollout/                |             |
|    ep_len_mean          | 300         |
|    ep_rew_mean          | -54.3       |
| time/                   |             |
|    fps                  | 247         |
|    iterations           | 620         |
|    time_elapsed         | 1282        |
|    total_timesteps      | 317440      |
| train/                  |             |
|    approx_kl            | 0.025028504 |
|    clip_fraction        | 0.235       |
|    clip_range           | 0.2         |
|    entropy_loss         | 1.43        |
|    explained_variance   | 0.989       |
|    learning_rate        | 0.0003      |
|    loss                 | -0.0306     |
|    n_updates            | 6190        |
|    policy_gradient_loss | -0.0106     |
|    std                  | 0.211       |
|    value_loss           | 0.0578      |
-----------------------------------------
-----------------------------------------
| rollout/                |             |
|    ep_len_mean          | 300         |
|    ep_rew_mean          | -54.3       |
| time/                   |             |
|    fps                  | 247         |
|    iterations           | 621         |
|    time_elapsed         | 1285        |
|    total_timesteps      | 317952      |
| train/                  |             |
|    approx_kl            | 0.039579112 |
|    clip_fraction        | 0.296       |
|    clip_range           | 0.2         |
|    entropy_loss         | 1.43        |
|    explained_variance   | 0.995       |
|    learning_rate        | 0.0003      |
|    loss                 | 0.0157      |
|    n_updates            | 6200        |
|    policy_gradient_loss | -0.0203     |
|    std                  | 0.21        |
|    value_loss           | 0.0527      |
-----------------------------------------
-----------------------------------------
| rollout/                |             |
|    ep_len_mean          | 300         |
|    ep_rew_mean          | -54.4       |
| time/                   |             |
|    fps                  | 247         |
|    iterations           | 622         |
|    time_elapsed         | 1288        |
|    total_timesteps      | 318464      |
| train/                  |             |
|    approx_kl            | 0.041811123 |
|    clip_fraction        | 0.221       |
|    clip_range           | 0.2         |
|    entropy_loss         | 1.45        |
|    explained_variance   | 0.993       |
|    learning_rate        | 0.0003      |
|    loss                 | -0.00478    |
|    n_updates            | 6210        |
|    policy_gradient_loss | -0.00508    |
|    std                  | 0.209       |
|    value_loss           | 0.0299      |
-----------------------------------------
-----------------------------------------
| rollout/                |             |
|    ep_len_mean          | 300         |
|    ep_rew_mean          | -54.6       |
| time/                   |             |
|    fps                  | 246         |
|    iterations           | 623         |
|    time_elapsed         | 1291        |
|    total_timesteps      | 318976      |
| train/                  |             |
|    approx_kl            | 0.023427341 |
|    clip_fraction        | 0.284       |
|    clip_range           | 0.2         |
|    entropy_loss         | 1.46        |
|    explained_variance   | 0.995       |
|    learning_rate        | 0.0003      |
|    loss                 | 0.00712     |
|    n_updates            | 6220        |
|    policy_gradient_loss | -0.0059     |
|    std                  | 0.21        |
|    value_loss           | 0.0215      |
-----------------------------------------
-----------------------------------------
| rollout/                |             |
|    ep_len_mean          | 300         |
|    ep_rew_mean          | -54.6       |
| time/                   |             |
|    fps                  | 246         |
|    iterations           | 624         |
|    time_elapsed         | 1294        |
|    total_timesteps      | 319488      |
| train/                  |             |
|    approx_kl            | 0.043268178 |
|    clip_fraction        | 0.279       |
|    clip_range           | 0.2         |
|    entropy_loss         | 1.45        |
|    explained_variance   | 0.997       |
|    learning_rate        | 0.0003      |
|    loss                 | -0.0297     |
|    n_updates            | 6230        |
|    policy_gradient_loss | -0.0203     |
|    std                  | 0.21        |
|    value_loss           | 0.0123      |
-----------------------------------------
-----------------------------------------
| rollout/                |             |
|    ep_len_mean          | 300         |
|    ep_rew_mean          | -54.5       |
| time/                   |             |
|    fps                  | 246         |
|    iterations           | 625         |
|    time_elapsed         | 1297        |
|    total_timesteps      | 320000      |
| train/                  |             |
|    approx_kl            | 0.018180415 |
|    clip_fraction        | 0.259       |
|    clip_range           | 0.2         |
|    entropy_loss         | 1.45        |
|    explained_variance   | 0.992       |
|    learning_rate        | 0.0003      |
|    loss                 | 0.000423    |
|    n_updates            | 6240        |
|    policy_gradient_loss | -0.00835    |
|    std                  | 0.209       |
|    value_loss           | 0.0381      |
-----------------------------------------
-----------------------------------------
| rollout/                |             |
|    ep_len_mean          | 300         |
|    ep_rew_mean          | -54.5       |
| time/                   |             |
|    fps                  | 246         |
|    iterations           | 626         |
|    time_elapsed         | 1299        |
|    total_timesteps      | 320512      |
| train/                  |             |
|    approx_kl            | 0.038848598 |
|    clip_fraction        | 0.252       |
|    clip_range           | 0.2         |
|    entropy_loss         | 1.46        |
|    explained_variance   | 0.992       |
|    learning_rate        | 0.0003      |
|    loss                 | -0.0132     |
|    n_updates            | 6250        |
|    policy_gradient_loss | -0.014      |
|    std                  | 0.209       |
|    value_loss           | 0.0308      |
-----------------------------------------
-----------------------------------------
| rollout/                |             |
|    ep_len_mean          | 300         |
|    ep_rew_mean          | -54.5       |
| time/                   |             |
|    fps                  | 246         |
|    iterations           | 627         |
|    time_elapsed         | 1303        |
|    total_timesteps      | 321024      |
| train/                  |             |
|    approx_kl            | 0.029362304 |
|    clip_fraction        | 0.257       |
|    clip_range           | 0.2         |
|    entropy_loss         | 1.46        |
|    explained_variance   | 0.993       |
|    learning_rate        | 0.0003      |
|    loss                 | -0.0277     |
|    n_updates            | 6260        |
|    policy_gradient_loss | -0.00577    |
|    std                  | 0.209       |
|    value_loss           | 0.0355      |
-----------------------------------------
-----------------------------------------
| rollout/                |             |
|    ep_len_mean          | 300         |
|    ep_rew_mean          | -54.5       |
| time/                   |             |
|    fps                  | 246         |
|    iterations           | 628         |
|    time_elapsed         | 1305        |
|    total_timesteps      | 321536      |
| train/                  |             |
|    approx_kl            | 0.026179885 |
|    clip_fraction        | 0.215       |
|    clip_range           | 0.2         |
|    entropy_loss         | 1.47        |
|    explained_variance   | 0.995       |
|    learning_rate        | 0.0003      |
|    loss                 | -0.0252     |
|    n_updates            | 6270        |
|    policy_gradient_loss | -0.0168     |
|    std                  | 0.208       |
|    value_loss           | 0.0311      |
-----------------------------------------
----------------------------------------
| rollout/                |            |
|    ep_len_mean          | 300        |
|    ep_rew_mean          | -54.4      |
| time/                   |            |
|    fps                  | 246        |
|    iterations           | 629        |
|    time_elapsed         | 1308       |
|    total_timesteps      | 322048     |
| train/                  |            |
|    approx_kl            | 0.01913132 |
|    clip_fraction        | 0.239      |
|    clip_range           | 0.2        |
|    entropy_loss         | 1.48       |
|    explained_variance   | 0.985      |
|    learning_rate        | 0.0003     |
|    loss                 | -0.0336    |
|    n_updates            | 6280       |
|    policy_gradient_loss | -0.00103   |
|    std                  | 0.209      |
|    value_loss           | 0.0387     |
----------------------------------------
----------------------------------------
| rollout/                |            |
|    ep_len_mean          | 300        |
|    ep_rew_mean          | -54.4      |
| time/                   |            |
|    fps                  | 246        |
|    iterations           | 630        |
|    time_elapsed         | 1311       |
|    total_timesteps      | 322560     |
| train/                  |            |
|    approx_kl            | 0.04627377 |
|    clip_fraction        | 0.263      |
|    clip_range           | 0.2        |
|    entropy_loss         | 1.47       |
|    explained_variance   | 0.994      |
|    learning_rate        | 0.0003     |
|    loss                 | -0.0175    |
|    n_updates            | 6290       |
|    policy_gradient_loss | -0.0137    |
|    std                  | 0.209      |
|    value_loss           | 0.0262     |
----------------------------------------
-----------------------------------------
| rollout/                |             |
|    ep_len_mean          | 300         |
|    ep_rew_mean          | -54.4       |
| time/                   |             |
|    fps                  | 245         |
|    iterations           | 631         |
|    time_elapsed         | 1313        |
|    total_timesteps      | 323072      |
| train/                  |             |
|    approx_kl            | 0.012982889 |
|    clip_fraction        | 0.174       |
|    clip_range           | 0.2         |
|    entropy_loss         | 1.48        |
|    explained_variance   | 0.994       |
|    learning_rate        | 0.0003      |
|    loss                 | -0.00667    |
|    n_updates            | 6300        |
|    policy_gradient_loss | -0.0123     |
|    std                  | 0.209       |
|    value_loss           | 0.027       |
-----------------------------------------
-----------------------------------------
| rollout/                |             |
|    ep_len_mean          | 300         |
|    ep_rew_mean          | -54.4       |
| time/                   |             |
|    fps                  | 245         |
|    iterations           | 632         |
|    time_elapsed         | 1316        |
|    total_timesteps      | 323584      |
| train/                  |             |
|    approx_kl            | 0.025375647 |
|    clip_fraction        | 0.237       |
|    clip_range           | 0.2         |
|    entropy_loss         | 1.48        |
|    explained_variance   | 0.99        |
|    learning_rate        | 0.0003      |
|    loss                 | 0.0959      |
|    n_updates            | 6310        |
|    policy_gradient_loss | 0.00938     |
|    std                  | 0.209       |
|    value_loss           | 0.0376      |
-----------------------------------------
----------------------------------------
| rollout/                |            |
|    ep_len_mean          | 300        |
|    ep_rew_mean          | -54.4      |
| time/                   |            |
|    fps                  | 245        |
|    iterations           | 633        |
|    time_elapsed         | 1318       |
|    total_timesteps      | 324096     |
| train/                  |            |
|    approx_kl            | 0.03286055 |
|    clip_fraction        | 0.234      |
|    clip_range           | 0.2        |
|    entropy_loss         | 1.48       |
|    explained_variance   | 0.995      |
|    learning_rate        | 0.0003     |
|    loss                 | -0.00765   |
|    n_updates            | 6320       |
|    policy_gradient_loss | -0.0143    |
|    std                  | 0.209      |
|    value_loss           | 0.0252     |
----------------------------------------
-----------------------------------------
| rollout/                |             |
|    ep_len_mean          | 300         |
|    ep_rew_mean          | -54.3       |
| time/                   |             |
|    fps                  | 245         |
|    iterations           | 634         |
|    time_elapsed         | 1321        |
|    total_timesteps      | 324608      |
| train/                  |             |
|    approx_kl            | 0.030823188 |
|    clip_fraction        | 0.258       |
|    clip_range           | 0.2         |
|    entropy_loss         | 1.49        |
|    explained_variance   | 0.991       |
|    learning_rate        | 0.0003      |
|    loss                 | -0.0151     |
|    n_updates            | 6330        |
|    policy_gradient_loss | -0.0177     |
|    std                  | 0.209       |
|    value_loss           | 0.0318      |
-----------------------------------------
----------------------------------------
| rollout/                |            |
|    ep_len_mean          | 300        |
|    ep_rew_mean          | -54.4      |
| time/                   |            |
|    fps                  | 245        |
|    iterations           | 635        |
|    time_elapsed         | 1324       |
|    total_timesteps      | 325120     |
| train/                  |            |
|    approx_kl            | 0.03462196 |
|    clip_fraction        | 0.232      |
|    clip_range           | 0.2        |
|    entropy_loss         | 1.5        |
|    explained_variance   | 0.994      |
|    learning_rate        | 0.0003     |
|    loss                 | -0.00266   |
|    n_updates            | 6340       |
|    policy_gradient_loss | 0.000817   |
|    std                  | 0.208      |
|    value_loss           | 0.035      |
----------------------------------------
-----------------------------------------
| rollout/                |             |
|    ep_len_mean          | 300         |
|    ep_rew_mean          | -54.4       |
| time/                   |             |
|    fps                  | 245         |
|    iterations           | 636         |
|    time_elapsed         | 1328        |
|    total_timesteps      | 325632      |
| train/                  |             |
|    approx_kl            | 0.029719772 |
|    clip_fraction        | 0.296       |
|    clip_range           | 0.2         |
|    entropy_loss         | 1.51        |
|    explained_variance   | 0.993       |
|    learning_rate        | 0.0003      |
|    loss                 | 0.0258      |
|    n_updates            | 6350        |
|    policy_gradient_loss | -0.00912    |
|    std                  | 0.207       |
|    value_loss           | 0.0487      |
-----------------------------------------
----------------------------------------
| rollout/                |            |
|    ep_len_mean          | 300        |
|    ep_rew_mean          | -54.4      |
| time/                   |            |
|    fps                  | 245        |
|    iterations           | 637        |
|    time_elapsed         | 1329       |
|    total_timesteps      | 326144     |
| train/                  |            |
|    approx_kl            | 0.02184521 |
|    clip_fraction        | 0.246      |
|    clip_range           | 0.2        |
|    entropy_loss         | 1.53       |
|    explained_variance   | 0.993      |
|    learning_rate        | 0.0003     |
|    loss                 | 0.026      |
|    n_updates            | 6360       |
|    policy_gradient_loss | -0.00696   |
|    std                  | 0.207      |
|    value_loss           | 0.0502     |
----------------------------------------
-----------------------------------------
| rollout/                |             |
|    ep_len_mean          | 300         |
|    ep_rew_mean          | -54.4       |
| time/                   |             |
|    fps                  | 245         |
|    iterations           | 638         |
|    time_elapsed         | 1331        |
|    total_timesteps      | 326656      |
| train/                  |             |
|    approx_kl            | 0.024893593 |
|    clip_fraction        | 0.195       |
|    clip_range           | 0.2         |
|    entropy_loss         | 1.52        |
|    explained_variance   | 0.986       |
|    learning_rate        | 0.0003      |
|    loss                 | 0.00869     |
|    n_updates            | 6370        |
|    policy_gradient_loss | -0.0121     |
|    std                  | 0.208       |
|    value_loss           | 0.0398      |
-----------------------------------------
-----------------------------------------
| rollout/                |             |
|    ep_len_mean          | 300         |
|    ep_rew_mean          | -54.1       |
| time/                   |             |
|    fps                  | 245         |
|    iterations           | 639         |
|    time_elapsed         | 1332        |
|    total_timesteps      | 327168      |
| train/                  |             |
|    approx_kl            | 0.016042396 |
|    clip_fraction        | 0.218       |
|    clip_range           | 0.2         |
|    entropy_loss         | 1.52        |
|    explained_variance   | 0.977       |
|    learning_rate        | 0.0003      |
|    loss                 | 0.0319      |
|    n_updates            | 6380        |
|    policy_gradient_loss | -0.000678   |
|    std                  | 0.207       |
|    value_loss           | 0.0707      |
-----------------------------------------
-----------------------------------------
| rollout/                |             |
|    ep_len_mean          | 300         |
|    ep_rew_mean          | -54         |
| time/                   |             |
|    fps                  | 245         |
|    iterations           | 640         |
|    time_elapsed         | 1334        |
|    total_timesteps      | 327680      |
| train/                  |             |
|    approx_kl            | 0.026272174 |
|    clip_fraction        | 0.308       |
|    clip_range           | 0.2         |
|    entropy_loss         | 1.54        |
|    explained_variance   | 0.991       |
|    learning_rate        | 0.0003      |
|    loss                 | -0.00739    |
|    n_updates            | 6390        |
|    policy_gradient_loss | -0.0075     |
|    std                  | 0.205       |
|    value_loss           | 0.0336      |
-----------------------------------------
-----------------------------------------
| rollout/                |             |
|    ep_len_mean          | 300         |
|    ep_rew_mean          | -53.9       |
| time/                   |             |
|    fps                  | 245         |
|    iterations           | 641         |
|    time_elapsed         | 1335        |
|    total_timesteps      | 328192      |
| train/                  |             |
|    approx_kl            | 0.055279315 |
|    clip_fraction        | 0.238       |
|    clip_range           | 0.2         |
|    entropy_loss         | 1.56        |
|    explained_variance   | 0.994       |
|    learning_rate        | 0.0003      |
|    loss                 | 0.00124     |
|    n_updates            | 6400        |
|    policy_gradient_loss | -0.0281     |
|    std                  | 0.204       |
|    value_loss           | 0.0287      |
-----------------------------------------
-----------------------------------------
| rollout/                |             |
|    ep_len_mean          | 300         |
|    ep_rew_mean          | -54         |
| time/                   |             |
|    fps                  | 245         |
|    iterations           | 642         |
|    time_elapsed         | 1337        |
|    total_timesteps      | 328704      |
| train/                  |             |
|    approx_kl            | 0.022280872 |
|    clip_fraction        | 0.263       |
|    clip_range           | 0.2         |
|    entropy_loss         | 1.58        |
|    explained_variance   | 0.996       |
|    learning_rate        | 0.0003      |
|    loss                 | -0.00962    |
|    n_updates            | 6410        |
|    policy_gradient_loss | -0.0111     |
|    std                  | 0.203       |
|    value_loss           | 0.0156      |
-----------------------------------------
----------------------------------------
| rollout/                |            |
|    ep_len_mean          | 300        |
|    ep_rew_mean          | -54        |
| time/                   |            |
|    fps                  | 245        |
|    iterations           | 643        |
|    time_elapsed         | 1339       |
|    total_timesteps      | 329216     |
| train/                  |            |
|    approx_kl            | 0.02414186 |
|    clip_fraction        | 0.297      |
|    clip_range           | 0.2        |
|    entropy_loss         | 1.59       |
|    explained_variance   | 0.991      |
|    learning_rate        | 0.0003     |
|    loss                 | 0.0527     |
|    n_updates            | 6420       |
|    policy_gradient_loss | 0.00378    |
|    std                  | 0.204      |
|    value_loss           | 0.0469     |
----------------------------------------
-----------------------------------------
| rollout/                |             |
|    ep_len_mean          | 300         |
|    ep_rew_mean          | -53.8       |
| time/                   |             |
|    fps                  | 245         |
|    iterations           | 644         |
|    time_elapsed         | 1340        |
|    total_timesteps      | 329728      |
| train/                  |             |
|    approx_kl            | 0.029859703 |
|    clip_fraction        | 0.242       |
|    clip_range           | 0.2         |
|    entropy_loss         | 1.59        |
|    explained_variance   | 0.989       |
|    learning_rate        | 0.0003      |
|    loss                 | 0.01        |
|    n_updates            | 6430        |
|    policy_gradient_loss | -0.00761    |
|    std                  | 0.204       |
|    value_loss           | 0.044       |
-----------------------------------------
-----------------------------------------
| rollout/                |             |
|    ep_len_mean          | 300         |
|    ep_rew_mean          | -53.7       |
| time/                   |             |
|    fps                  | 246         |
|    iterations           | 645         |
|    time_elapsed         | 1342        |
|    total_timesteps      | 330240      |
| train/                  |             |
|    approx_kl            | 0.016334614 |
|    clip_fraction        | 0.229       |
|    clip_range           | 0.2         |
|    entropy_loss         | 1.6         |
|    explained_variance   | 0.988       |
|    learning_rate        | 0.0003      |
|    loss                 | 0.00125     |
|    n_updates            | 6440        |
|    policy_gradient_loss | -0.00865    |
|    std                  | 0.204       |
|    value_loss           | 0.0432      |
-----------------------------------------
-----------------------------------------
| rollout/                |             |
|    ep_len_mean          | 300         |
|    ep_rew_mean          | -53.8       |
| time/                   |             |
|    fps                  | 246         |
|    iterations           | 646         |
|    time_elapsed         | 1343        |
|    total_timesteps      | 330752      |
| train/                  |             |
|    approx_kl            | 0.027086943 |
|    clip_fraction        | 0.205       |
|    clip_range           | 0.2         |
|    entropy_loss         | 1.62        |
|    explained_variance   | 0.994       |
|    learning_rate        | 0.0003      |
|    loss                 | -0.00429    |
|    n_updates            | 6450        |
|    policy_gradient_loss | -0.0134     |
|    std                  | 0.204       |
|    value_loss           | 0.0136      |
-----------------------------------------
-----------------------------------------
| rollout/                |             |
|    ep_len_mean          | 300         |
|    ep_rew_mean          | -53.8       |
| time/                   |             |
|    fps                  | 246         |
|    iterations           | 647         |
|    time_elapsed         | 1345        |
|    total_timesteps      | 331264      |
| train/                  |             |
|    approx_kl            | 0.030127347 |
|    clip_fraction        | 0.273       |
|    clip_range           | 0.2         |
|    entropy_loss         | 1.63        |
|    explained_variance   | 0.993       |
|    learning_rate        | 0.0003      |
|    loss                 | -0.0318     |
|    n_updates            | 6460        |
|    policy_gradient_loss | -0.0148     |
|    std                  | 0.204       |
|    value_loss           | 0.036       |
-----------------------------------------
-----------------------------------------
| rollout/                |             |
|    ep_len_mean          | 300         |
|    ep_rew_mean          | -53.7       |
| time/                   |             |
|    fps                  | 246         |
|    iterations           | 648         |
|    time_elapsed         | 1347        |
|    total_timesteps      | 331776      |
| train/                  |             |
|    approx_kl            | 0.024483522 |
|    clip_fraction        | 0.263       |
|    clip_range           | 0.2         |
|    entropy_loss         | 1.64        |
|    explained_variance   | 0.992       |
|    learning_rate        | 0.0003      |
|    loss                 | 0.0285      |
|    n_updates            | 6470        |
|    policy_gradient_loss | -0.0119     |
|    std                  | 0.203       |
|    value_loss           | 0.0581      |
-----------------------------------------
----------------------------------------
| rollout/                |            |
|    ep_len_mean          | 300        |
|    ep_rew_mean          | -53.5      |
| time/                   |            |
|    fps                  | 246        |
|    iterations           | 649        |
|    time_elapsed         | 1349       |
|    total_timesteps      | 332288     |
| train/                  |            |
|    approx_kl            | 0.02513076 |
|    clip_fraction        | 0.237      |
|    clip_range           | 0.2        |
|    entropy_loss         | 1.65       |
|    explained_variance   | 0.996      |
|    learning_rate        | 0.0003     |
|    loss                 | -0.0313    |
|    n_updates            | 6480       |
|    policy_gradient_loss | -0.00974   |
|    std                  | 0.202      |
|    value_loss           | 0.00942    |
----------------------------------------
-----------------------------------------
| rollout/                |             |
|    ep_len_mean          | 300         |
|    ep_rew_mean          | -53.8       |
| time/                   |             |
|    fps                  | 246         |
|    iterations           | 650         |
|    time_elapsed         | 1351        |
|    total_timesteps      | 332800      |
| train/                  |             |
|    approx_kl            | 0.019419707 |
|    clip_fraction        | 0.26        |
|    clip_range           | 0.2         |
|    entropy_loss         | 1.67        |
|    explained_variance   | 0.995       |
|    learning_rate        | 0.0003      |
|    loss                 | 0.0201      |
|    n_updates            | 6490        |
|    policy_gradient_loss | -0.00166    |
|    std                  | 0.201       |
|    value_loss           | 0.0448      |
-----------------------------------------
-----------------------------------------
| rollout/                |             |
|    ep_len_mean          | 300         |
|    ep_rew_mean          | -53.8       |
| time/                   |             |
|    fps                  | 245         |
|    iterations           | 651         |
|    time_elapsed         | 1355        |
|    total_timesteps      | 333312      |
| train/                  |             |
|    approx_kl            | 0.040177286 |
|    clip_fraction        | 0.347       |
|    clip_range           | 0.2         |
|    entropy_loss         | 1.69        |
|    explained_variance   | 0.99        |
|    learning_rate        | 0.0003      |
|    loss                 | 0.006       |
|    n_updates            | 6500        |
|    policy_gradient_loss | -0.0251     |
|    std                  | 0.2         |
|    value_loss           | 0.0657      |
-----------------------------------------
-----------------------------------------
| rollout/                |             |
|    ep_len_mean          | 300         |
|    ep_rew_mean          | -53.9       |
| time/                   |             |
|    fps                  | 245         |
|    iterations           | 652         |
|    time_elapsed         | 1361        |
|    total_timesteps      | 333824      |
| train/                  |             |
|    approx_kl            | 0.030115437 |
|    clip_fraction        | 0.304       |
|    clip_range           | 0.2         |
|    entropy_loss         | 1.69        |
|    explained_variance   | 0.995       |
|    learning_rate        | 0.0003      |
|    loss                 | 0.0423      |
|    n_updates            | 6510        |
|    policy_gradient_loss | -0.00482    |
|    std                  | 0.201       |
|    value_loss           | 0.0324      |
-----------------------------------------
-----------------------------------------
| rollout/                |             |
|    ep_len_mean          | 300         |
|    ep_rew_mean          | -53.6       |
| time/                   |             |
|    fps                  | 244         |
|    iterations           | 653         |
|    time_elapsed         | 1367        |
|    total_timesteps      | 334336      |
| train/                  |             |
|    approx_kl            | 0.038702108 |
|    clip_fraction        | 0.17        |
|    clip_range           | 0.2         |
|    entropy_loss         | 1.68        |
|    explained_variance   | 0.991       |
|    learning_rate        | 0.0003      |
|    loss                 | -0.0135     |
|    n_updates            | 6520        |
|    policy_gradient_loss | -0.0101     |
|    std                  | 0.202       |
|    value_loss           | 0.0294      |
-----------------------------------------
-----------------------------------------
| rollout/                |             |
|    ep_len_mean          | 300         |
|    ep_rew_mean          | -53.5       |
| time/                   |             |
|    fps                  | 243         |
|    iterations           | 654         |
|    time_elapsed         | 1373        |
|    total_timesteps      | 334848      |
| train/                  |             |
|    approx_kl            | 0.022423353 |
|    clip_fraction        | 0.215       |
|    clip_range           | 0.2         |
|    entropy_loss         | 1.66        |
|    explained_variance   | 0.994       |
|    learning_rate        | 0.0003      |
|    loss                 | 0.0265      |
|    n_updates            | 6530        |
|    policy_gradient_loss | -0.0115     |
|    std                  | 0.204       |
|    value_loss           | 0.0362      |
-----------------------------------------
-----------------------------------------
| rollout/                |             |
|    ep_len_mean          | 300         |
|    ep_rew_mean          | -53.5       |
| time/                   |             |
|    fps                  | 243         |
|    iterations           | 655         |
|    time_elapsed         | 1377        |
|    total_timesteps      | 335360      |
| train/                  |             |
|    approx_kl            | 0.080840215 |
|    clip_fraction        | 0.289       |
|    clip_range           | 0.2         |
|    entropy_loss         | 1.65        |
|    explained_variance   | 0.991       |
|    learning_rate        | 0.0003      |
|    loss                 | 0.0239      |
|    n_updates            | 6540        |
|    policy_gradient_loss | -0.0112     |
|    std                  | 0.204       |
|    value_loss           | 0.0385      |
-----------------------------------------
---------------------------------------
| rollout/                |           |
|    ep_len_mean          | 300       |
|    ep_rew_mean          | -53.5     |
| time/                   |           |
|    fps                  | 243       |
|    iterations           | 656       |
|    time_elapsed         | 1379      |
|    total_timesteps      | 335872    |
| train/                  |           |
|    approx_kl            | 0.0143866 |
|    clip_fraction        | 0.178     |
|    clip_range           | 0.2       |
|    entropy_loss         | 1.66      |
|    explained_variance   | 0.909     |
|    learning_rate        | 0.0003    |
|    loss                 | 0.0457    |
|    n_updates            | 6550      |
|    policy_gradient_loss | -0.00186  |
|    std                  | 0.204     |
|    value_loss           | 0.221     |
---------------------------------------
-----------------------------------------
| rollout/                |             |
|    ep_len_mean          | 300         |
|    ep_rew_mean          | -53.7       |
| time/                   |             |
|    fps                  | 243         |
|    iterations           | 657         |
|    time_elapsed         | 1381        |
|    total_timesteps      | 336384      |
| train/                  |             |
|    approx_kl            | 0.032125995 |
|    clip_fraction        | 0.289       |
|    clip_range           | 0.2         |
|    entropy_loss         | 1.66        |
|    explained_variance   | 0.987       |
|    learning_rate        | 0.0003      |
|    loss                 | -0.000568   |
|    n_updates            | 6560        |
|    policy_gradient_loss | -0.00873    |
|    std                  | 0.203       |
|    value_loss           | 0.0884      |
-----------------------------------------
-----------------------------------------
| rollout/                |             |
|    ep_len_mean          | 300         |
|    ep_rew_mean          | -53.7       |
| time/                   |             |
|    fps                  | 243         |
|    iterations           | 658         |
|    time_elapsed         | 1382        |
|    total_timesteps      | 336896      |
| train/                  |             |
|    approx_kl            | 0.065889366 |
|    clip_fraction        | 0.296       |
|    clip_range           | 0.2         |
|    entropy_loss         | 1.67        |
|    explained_variance   | 0.998       |
|    learning_rate        | 0.0003      |
|    loss                 | 0.00752     |
|    n_updates            | 6570        |
|    policy_gradient_loss | -0.00984    |
|    std                  | 0.202       |
|    value_loss           | 0.0146      |
-----------------------------------------
-----------------------------------------
| rollout/                |             |
|    ep_len_mean          | 300         |
|    ep_rew_mean          | -53.8       |
| time/                   |             |
|    fps                  | 243         |
|    iterations           | 659         |
|    time_elapsed         | 1384        |
|    total_timesteps      | 337408      |
| train/                  |             |
|    approx_kl            | 0.020437613 |
|    clip_fraction        | 0.206       |
|    clip_range           | 0.2         |
|    entropy_loss         | 1.69        |
|    explained_variance   | 0.995       |
|    learning_rate        | 0.0003      |
|    loss                 | -0.0123     |
|    n_updates            | 6580        |
|    policy_gradient_loss | -0.00968    |
|    std                  | 0.202       |
|    value_loss           | 0.0141      |
-----------------------------------------
-----------------------------------------
| rollout/                |             |
|    ep_len_mean          | 300         |
|    ep_rew_mean          | -53.8       |
| time/                   |             |
|    fps                  | 243         |
|    iterations           | 660         |
|    time_elapsed         | 1386        |
|    total_timesteps      | 337920      |
| train/                  |             |
|    approx_kl            | 0.028113503 |
|    clip_fraction        | 0.267       |
|    clip_range           | 0.2         |
|    entropy_loss         | 1.7         |
|    explained_variance   | 0.995       |
|    learning_rate        | 0.0003      |
|    loss                 | -0.0154     |
|    n_updates            | 6590        |
|    policy_gradient_loss | -0.0236     |
|    std                  | 0.201       |
|    value_loss           | 0.0166      |
-----------------------------------------
-----------------------------------------
| rollout/                |             |
|    ep_len_mean          | 300         |
|    ep_rew_mean          | -53.8       |
| time/                   |             |
|    fps                  | 243         |
|    iterations           | 661         |
|    time_elapsed         | 1387        |
|    total_timesteps      | 338432      |
| train/                  |             |
|    approx_kl            | 0.057698805 |
|    clip_fraction        | 0.331       |
|    clip_range           | 0.2         |
|    entropy_loss         | 1.71        |
|    explained_variance   | 0.996       |
|    learning_rate        | 0.0003      |
|    loss                 | -0.0314     |
|    n_updates            | 6600        |
|    policy_gradient_loss | -0.0123     |
|    std                  | 0.201       |
|    value_loss           | 0.0141      |
-----------------------------------------
-----------------------------------------
| rollout/                |             |
|    ep_len_mean          | 300         |
|    ep_rew_mean          | -53.6       |
| time/                   |             |
|    fps                  | 243         |
|    iterations           | 662         |
|    time_elapsed         | 1391        |
|    total_timesteps      | 338944      |
| train/                  |             |
|    approx_kl            | 0.023175016 |
|    clip_fraction        | 0.207       |
|    clip_range           | 0.2         |
|    entropy_loss         | 1.72        |
|    explained_variance   | 0.995       |
|    learning_rate        | 0.0003      |
|    loss                 | -0.00466    |
|    n_updates            | 6610        |
|    policy_gradient_loss | -0.00267    |
|    std                  | 0.199       |
|    value_loss           | 0.0272      |
-----------------------------------------
-----------------------------------------
| rollout/                |             |
|    ep_len_mean          | 300         |
|    ep_rew_mean          | -53.3       |
| time/                   |             |
|    fps                  | 243         |
|    iterations           | 663         |
|    time_elapsed         | 1395        |
|    total_timesteps      | 339456      |
| train/                  |             |
|    approx_kl            | 0.012800038 |
|    clip_fraction        | 0.156       |
|    clip_range           | 0.2         |
|    entropy_loss         | 1.74        |
|    explained_variance   | 0.994       |
|    learning_rate        | 0.0003      |
|    loss                 | 0.0057      |
|    n_updates            | 6620        |
|    policy_gradient_loss | -0.000521   |
|    std                  | 0.199       |
|    value_loss           | 0.0222      |
-----------------------------------------
-----------------------------------------
| rollout/                |             |
|    ep_len_mean          | 300         |
|    ep_rew_mean          | -53.4       |
| time/                   |             |
|    fps                  | 243         |
|    iterations           | 664         |
|    time_elapsed         | 1397        |
|    total_timesteps      | 339968      |
| train/                  |             |
|    approx_kl            | 0.030175801 |
|    clip_fraction        | 0.228       |
|    clip_range           | 0.2         |
|    entropy_loss         | 1.75        |
|    explained_variance   | 0.993       |
|    learning_rate        | 0.0003      |
|    loss                 | -0.000879   |
|    n_updates            | 6630        |
|    policy_gradient_loss | -0.0111     |
|    std                  | 0.198       |
|    value_loss           | 0.0343      |
-----------------------------------------
-----------------------------------------
| rollout/                |             |
|    ep_len_mean          | 300         |
|    ep_rew_mean          | -53.5       |
| time/                   |             |
|    fps                  | 243         |
|    iterations           | 665         |
|    time_elapsed         | 1399        |
|    total_timesteps      | 340480      |
| train/                  |             |
|    approx_kl            | 0.023619564 |
|    clip_fraction        | 0.241       |
|    clip_range           | 0.2         |
|    entropy_loss         | 1.76        |
|    explained_variance   | 0.993       |
|    learning_rate        | 0.0003      |
|    loss                 | -0.0252     |
|    n_updates            | 6640        |
|    policy_gradient_loss | -0.0147     |
|    std                  | 0.198       |
|    value_loss           | 0.0334      |
-----------------------------------------
-----------------------------------------
| rollout/                |             |
|    ep_len_mean          | 300         |
|    ep_rew_mean          | -53.4       |
| time/                   |             |
|    fps                  | 243         |
|    iterations           | 666         |
|    time_elapsed         | 1401        |
|    total_timesteps      | 340992      |
| train/                  |             |
|    approx_kl            | 0.013396327 |
|    clip_fraction        | 0.303       |
|    clip_range           | 0.2         |
|    entropy_loss         | 1.77        |
|    explained_variance   | 0.996       |
|    learning_rate        | 0.0003      |
|    loss                 | -0.0508     |
|    n_updates            | 6650        |
|    policy_gradient_loss | -0.00857    |
|    std                  | 0.197       |
|    value_loss           | 0.0193      |
-----------------------------------------
-----------------------------------------
| rollout/                |             |
|    ep_len_mean          | 300         |
|    ep_rew_mean          | -53.4       |
| time/                   |             |
|    fps                  | 243         |
|    iterations           | 667         |
|    time_elapsed         | 1403        |
|    total_timesteps      | 341504      |
| train/                  |             |
|    approx_kl            | 0.039407097 |
|    clip_fraction        | 0.29        |
|    clip_range           | 0.2         |
|    entropy_loss         | 1.78        |
|    explained_variance   | 0.992       |
|    learning_rate        | 0.0003      |
|    loss                 | 0.0216      |
|    n_updates            | 6660        |
|    policy_gradient_loss | -0.00918    |
|    std                  | 0.196       |
|    value_loss           | 0.0585      |
-----------------------------------------
-----------------------------------------
| rollout/                |             |
|    ep_len_mean          | 300         |
|    ep_rew_mean          | -53.5       |
| time/                   |             |
|    fps                  | 243         |
|    iterations           | 668         |
|    time_elapsed         | 1404        |
|    total_timesteps      | 342016      |
| train/                  |             |
|    approx_kl            | 0.023603939 |
|    clip_fraction        | 0.29        |
|    clip_range           | 0.2         |
|    entropy_loss         | 1.8         |
|    explained_variance   | 0.995       |
|    learning_rate        | 0.0003      |
|    loss                 | 0.0146      |
|    n_updates            | 6670        |
|    policy_gradient_loss | -0.0132     |
|    std                  | 0.195       |
|    value_loss           | 0.0446      |
-----------------------------------------
-----------------------------------------
| rollout/                |             |
|    ep_len_mean          | 300         |
|    ep_rew_mean          | -53.6       |
| time/                   |             |
|    fps                  | 243         |
|    iterations           | 669         |
|    time_elapsed         | 1406        |
|    total_timesteps      | 342528      |
| train/                  |             |
|    approx_kl            | 0.028826337 |
|    clip_fraction        | 0.268       |
|    clip_range           | 0.2         |
|    entropy_loss         | 1.82        |
|    explained_variance   | 0.997       |
|    learning_rate        | 0.0003      |
|    loss                 | -0.0188     |
|    n_updates            | 6680        |
|    policy_gradient_loss | -0.015      |
|    std                  | 0.194       |
|    value_loss           | 0.013       |
-----------------------------------------
-----------------------------------------
| rollout/                |             |
|    ep_len_mean          | 300         |
|    ep_rew_mean          | -53.7       |
| time/                   |             |
|    fps                  | 243         |
|    iterations           | 670         |
|    time_elapsed         | 1410        |
|    total_timesteps      | 343040      |
| train/                  |             |
|    approx_kl            | 0.036836404 |
|    clip_fraction        | 0.322       |
|    clip_range           | 0.2         |
|    entropy_loss         | 1.84        |
|    explained_variance   | 0.986       |
|    learning_rate        | 0.0003      |
|    loss                 | -0.00316    |
|    n_updates            | 6690        |
|    policy_gradient_loss | -0.00668    |
|    std                  | 0.193       |
|    value_loss           | 0.0204      |
-----------------------------------------
---------------------------------------
| rollout/                |           |
|    ep_len_mean          | 300       |
|    ep_rew_mean          | -53.8     |
| time/                   |           |
|    fps                  | 243       |
|    iterations           | 671       |
|    time_elapsed         | 1412      |
|    total_timesteps      | 343552    |
| train/                  |           |
|    approx_kl            | 0.0538361 |
|    clip_fraction        | 0.309     |
|    clip_range           | 0.2       |
|    entropy_loss         | 1.86      |
|    explained_variance   | 0.998     |
|    learning_rate        | 0.0003    |
|    loss                 | -0.00807  |
|    n_updates            | 6700      |
|    policy_gradient_loss | -0.00697  |
|    std                  | 0.192     |
|    value_loss           | 0.0129    |
---------------------------------------
----------------------------------------
| rollout/                |            |
|    ep_len_mean          | 300        |
|    ep_rew_mean          | -53.7      |
| time/                   |            |
|    fps                  | 243        |
|    iterations           | 672        |
|    time_elapsed         | 1415       |
|    total_timesteps      | 344064     |
| train/                  |            |
|    approx_kl            | 0.02887313 |
|    clip_fraction        | 0.175      |
|    clip_range           | 0.2        |
|    entropy_loss         | 1.88       |
|    explained_variance   | 0.994      |
|    learning_rate        | 0.0003     |
|    loss                 | -0.0122    |
|    n_updates            | 6710       |
|    policy_gradient_loss | -0.00241   |
|    std                  | 0.191      |
|    value_loss           | 0.0213     |
----------------------------------------
----------------------------------------
| rollout/                |            |
|    ep_len_mean          | 300        |
|    ep_rew_mean          | -53.5      |
| time/                   |            |
|    fps                  | 242        |
|    iterations           | 673        |
|    time_elapsed         | 1418       |
|    total_timesteps      | 344576     |
| train/                  |            |
|    approx_kl            | 0.07271277 |
|    clip_fraction        | 0.349      |
|    clip_range           | 0.2        |
|    entropy_loss         | 1.9        |
|    explained_variance   | 0.99       |
|    learning_rate        | 0.0003     |
|    loss                 | 0.042      |
|    n_updates            | 6720       |
|    policy_gradient_loss | 0.00542    |
|    std                  | 0.19       |
|    value_loss           | 0.0295     |
----------------------------------------
-----------------------------------------
| rollout/                |             |
|    ep_len_mean          | 300         |
|    ep_rew_mean          | -53.4       |
| time/                   |             |
|    fps                  | 242         |
|    iterations           | 674         |
|    time_elapsed         | 1421        |
|    total_timesteps      | 345088      |
| train/                  |             |
|    approx_kl            | 0.036209427 |
|    clip_fraction        | 0.242       |
|    clip_range           | 0.2         |
|    entropy_loss         | 1.91        |
|    explained_variance   | 0.997       |
|    learning_rate        | 0.0003      |
|    loss                 | -0.00384    |
|    n_updates            | 6730        |
|    policy_gradient_loss | -0.00935    |
|    std                  | 0.19        |
|    value_loss           | 0.017       |
-----------------------------------------
-----------------------------------------
| rollout/                |             |
|    ep_len_mean          | 300         |
|    ep_rew_mean          | -53.4       |
| time/                   |             |
|    fps                  | 242         |
|    iterations           | 675         |
|    time_elapsed         | 1425        |
|    total_timesteps      | 345600      |
| train/                  |             |
|    approx_kl            | 0.024323096 |
|    clip_fraction        | 0.324       |
|    clip_range           | 0.2         |
|    entropy_loss         | 1.92        |
|    explained_variance   | 0.992       |
|    learning_rate        | 0.0003      |
|    loss                 | 0.0108      |
|    n_updates            | 6740        |
|    policy_gradient_loss | -0.00879    |
|    std                  | 0.189       |
|    value_loss           | 0.0412      |
-----------------------------------------
-----------------------------------------
| rollout/                |             |
|    ep_len_mean          | 300         |
|    ep_rew_mean          | -53.4       |
| time/                   |             |
|    fps                  | 242         |
|    iterations           | 676         |
|    time_elapsed         | 1429        |
|    total_timesteps      | 346112      |
| train/                  |             |
|    approx_kl            | 0.041804135 |
|    clip_fraction        | 0.254       |
|    clip_range           | 0.2         |
|    entropy_loss         | 1.93        |
|    explained_variance   | 0.982       |
|    learning_rate        | 0.0003      |
|    loss                 | -0.0248     |
|    n_updates            | 6750        |
|    policy_gradient_loss | -0.024      |
|    std                  | 0.189       |
|    value_loss           | 0.0193      |
-----------------------------------------
-----------------------------------------
| rollout/                |             |
|    ep_len_mean          | 300         |
|    ep_rew_mean          | -53.4       |
| time/                   |             |
|    fps                  | 241         |
|    iterations           | 677         |
|    time_elapsed         | 1433        |
|    total_timesteps      | 346624      |
| train/                  |             |
|    approx_kl            | 0.031999465 |
|    clip_fraction        | 0.294       |
|    clip_range           | 0.2         |
|    entropy_loss         | 1.94        |
|    explained_variance   | 0.987       |
|    learning_rate        | 0.0003      |
|    loss                 | 0.0466      |
|    n_updates            | 6760        |
|    policy_gradient_loss | 0.00261     |
|    std                  | 0.189       |
|    value_loss           | 0.0714      |
-----------------------------------------
----------------------------------------
| rollout/                |            |
|    ep_len_mean          | 300        |
|    ep_rew_mean          | -53.5      |
| time/                   |            |
|    fps                  | 241        |
|    iterations           | 678        |
|    time_elapsed         | 1436       |
|    total_timesteps      | 347136     |
| train/                  |            |
|    approx_kl            | 0.03885013 |
|    clip_fraction        | 0.281      |
|    clip_range           | 0.2        |
|    entropy_loss         | 1.95       |
|    explained_variance   | 0.994      |
|    learning_rate        | 0.0003     |
|    loss                 | -0.0115    |
|    n_updates            | 6770       |
|    policy_gradient_loss | -0.00595   |
|    std                  | 0.188      |
|    value_loss           | 0.0316     |
----------------------------------------
-----------------------------------------
| rollout/                |             |
|    ep_len_mean          | 300         |
|    ep_rew_mean          | -53.5       |
| time/                   |             |
|    fps                  | 241         |
|    iterations           | 679         |
|    time_elapsed         | 1439        |
|    total_timesteps      | 347648      |
| train/                  |             |
|    approx_kl            | 0.014823879 |
|    clip_fraction        | 0.251       |
|    clip_range           | 0.2         |
|    entropy_loss         | 1.97        |
|    explained_variance   | 0.997       |
|    learning_rate        | 0.0003      |
|    loss                 | -0.0292     |
|    n_updates            | 6780        |
|    policy_gradient_loss | -0.0179     |
|    std                  | 0.187       |
|    value_loss           | 0.021       |
-----------------------------------------
-----------------------------------------
| rollout/                |             |
|    ep_len_mean          | 300         |
|    ep_rew_mean          | -53.3       |
| time/                   |             |
|    fps                  | 241         |
|    iterations           | 680         |
|    time_elapsed         | 1443        |
|    total_timesteps      | 348160      |
| train/                  |             |
|    approx_kl            | 0.015055242 |
|    clip_fraction        | 0.33        |
|    clip_range           | 0.2         |
|    entropy_loss         | 1.99        |
|    explained_variance   | 0.993       |
|    learning_rate        | 0.0003      |
|    loss                 | -0.0014     |
|    n_updates            | 6790        |
|    policy_gradient_loss | -0.0073     |
|    std                  | 0.186       |
|    value_loss           | 0.0345      |
-----------------------------------------
----------------------------------------
| rollout/                |            |
|    ep_len_mean          | 300        |
|    ep_rew_mean          | -53.2      |
| time/                   |            |
|    fps                  | 241        |
|    iterations           | 681        |
|    time_elapsed         | 1446       |
|    total_timesteps      | 348672     |
| train/                  |            |
|    approx_kl            | 0.07798529 |
|    clip_fraction        | 0.327      |
|    clip_range           | 0.2        |
|    entropy_loss         | 2          |
|    explained_variance   | 0.991      |
|    learning_rate        | 0.0003     |
|    loss                 | -0.0355    |
|    n_updates            | 6800       |
|    policy_gradient_loss | -0.0143    |
|    std                  | 0.186      |
|    value_loss           | 0.0453     |
----------------------------------------
-----------------------------------------
| rollout/                |             |
|    ep_len_mean          | 300         |
|    ep_rew_mean          | -53.2       |
| time/                   |             |
|    fps                  | 240         |
|    iterations           | 682         |
|    time_elapsed         | 1449        |
|    total_timesteps      | 349184      |
| train/                  |             |
|    approx_kl            | 0.028489672 |
|    clip_fraction        | 0.265       |
|    clip_range           | 0.2         |
|    entropy_loss         | 2.01        |
|    explained_variance   | 0.997       |
|    learning_rate        | 0.0003      |
|    loss                 | -0.033      |
|    n_updates            | 6810        |
|    policy_gradient_loss | -0.00989    |
|    std                  | 0.186       |
|    value_loss           | 0.0291      |
-----------------------------------------
-----------------------------------------
| rollout/                |             |
|    ep_len_mean          | 300         |
|    ep_rew_mean          | -53.4       |
| time/                   |             |
|    fps                  | 240         |
|    iterations           | 683         |
|    time_elapsed         | 1451        |
|    total_timesteps      | 349696      |
| train/                  |             |
|    approx_kl            | 0.043977138 |
|    clip_fraction        | 0.293       |
|    clip_range           | 0.2         |
|    entropy_loss         | 2.02        |
|    explained_variance   | 0.995       |
|    learning_rate        | 0.0003      |
|    loss                 | -0.0168     |
|    n_updates            | 6820        |
|    policy_gradient_loss | -0.0129     |
|    std                  | 0.186       |
|    value_loss           | 0.0128      |
-----------------------------------------
-----------------------------------------
| rollout/                |             |
|    ep_len_mean          | 300         |
|    ep_rew_mean          | -53.2       |
| time/                   |             |
|    fps                  | 240         |
|    iterations           | 684         |
|    time_elapsed         | 1454        |
|    total_timesteps      | 350208      |
| train/                  |             |
|    approx_kl            | 0.029157879 |
|    clip_fraction        | 0.197       |
|    clip_range           | 0.2         |
|    entropy_loss         | 2.03        |
|    explained_variance   | 0.994       |
|    learning_rate        | 0.0003      |
|    loss                 | -0.00882    |
|    n_updates            | 6830        |
|    policy_gradient_loss | -0.00715    |
|    std                  | 0.185       |
|    value_loss           | 0.0318      |
-----------------------------------------
-----------------------------------------
| rollout/                |             |
|    ep_len_mean          | 300         |
|    ep_rew_mean          | -53.2       |
| time/                   |             |
|    fps                  | 240         |
|    iterations           | 685         |
|    time_elapsed         | 1456        |
|    total_timesteps      | 350720      |
| train/                  |             |
|    approx_kl            | 0.094713084 |
|    clip_fraction        | 0.321       |
|    clip_range           | 0.2         |
|    entropy_loss         | 2.05        |
|    explained_variance   | 0.992       |
|    learning_rate        | 0.0003      |
|    loss                 | 0.108       |
|    n_updates            | 6840        |
|    policy_gradient_loss | -0.013      |
|    std                  | 0.184       |
|    value_loss           | 0.036       |
-----------------------------------------
-----------------------------------------
| rollout/                |             |
|    ep_len_mean          | 300         |
|    ep_rew_mean          | -53.1       |
| time/                   |             |
|    fps                  | 240         |
|    iterations           | 686         |
|    time_elapsed         | 1458        |
|    total_timesteps      | 351232      |
| train/                  |             |
|    approx_kl            | 0.021612298 |
|    clip_fraction        | 0.264       |
|    clip_range           | 0.2         |
|    entropy_loss         | 2.06        |
|    explained_variance   | 0.991       |
|    learning_rate        | 0.0003      |
|    loss                 | -0.00868    |
|    n_updates            | 6850        |
|    policy_gradient_loss | -0.00547    |
|    std                  | 0.184       |
|    value_loss           | 0.0577      |
-----------------------------------------
---------------------------------------
| rollout/                |           |
|    ep_len_mean          | 300       |
|    ep_rew_mean          | -53.3     |
| time/                   |           |
|    fps                  | 240       |
|    iterations           | 687       |
|    time_elapsed         | 1460      |
|    total_timesteps      | 351744    |
| train/                  |           |
|    approx_kl            | 0.0587768 |
|    clip_fraction        | 0.279     |
|    clip_range           | 0.2       |
|    entropy_loss         | 2.06      |
|    explained_variance   | 0.974     |
|    learning_rate        | 0.0003    |
|    loss                 | 0.0235    |
|    n_updates            | 6860      |
|    policy_gradient_loss | -0.0191   |
|    std                  | 0.184     |
|    value_loss           | 0.0606    |
---------------------------------------
----------------------------------------
| rollout/                |            |
|    ep_len_mean          | 300        |
|    ep_rew_mean          | -53.3      |
| time/                   |            |
|    fps                  | 240        |
|    iterations           | 688        |
|    time_elapsed         | 1463       |
|    total_timesteps      | 352256     |
| train/                  |            |
|    approx_kl            | 0.03250669 |
|    clip_fraction        | 0.35       |
|    clip_range           | 0.2        |
|    entropy_loss         | 2.07       |
|    explained_variance   | 0.988      |
|    learning_rate        | 0.0003     |
|    loss                 | -0.0313    |
|    n_updates            | 6870       |
|    policy_gradient_loss | -0.00706   |
|    std                  | 0.184      |
|    value_loss           | 0.0457     |
----------------------------------------
----------------------------------------
| rollout/                |            |
|    ep_len_mean          | 300        |
|    ep_rew_mean          | -53.2      |
| time/                   |            |
|    fps                  | 240        |
|    iterations           | 689        |
|    time_elapsed         | 1464       |
|    total_timesteps      | 352768     |
| train/                  |            |
|    approx_kl            | 0.05969814 |
|    clip_fraction        | 0.34       |
|    clip_range           | 0.2        |
|    entropy_loss         | 2.08       |
|    explained_variance   | 0.99       |
|    learning_rate        | 0.0003     |
|    loss                 | -0.00325   |
|    n_updates            | 6880       |
|    policy_gradient_loss | -0.0256    |
|    std                  | 0.183      |
|    value_loss           | 0.0174     |
----------------------------------------
-----------------------------------------
| rollout/                |             |
|    ep_len_mean          | 300         |
|    ep_rew_mean          | -53.1       |
| time/                   |             |
|    fps                  | 240         |
|    iterations           | 690         |
|    time_elapsed         | 1466        |
|    total_timesteps      | 353280      |
| train/                  |             |
|    approx_kl            | 0.045455992 |
|    clip_fraction        | 0.342       |
|    clip_range           | 0.2         |
|    entropy_loss         | 2.09        |
|    explained_variance   | 0.996       |
|    learning_rate        | 0.0003      |
|    loss                 | -0.0171     |
|    n_updates            | 6890        |
|    policy_gradient_loss | -0.00432    |
|    std                  | 0.183       |
|    value_loss           | 0.0132      |
-----------------------------------------
-----------------------------------------
| rollout/                |             |
|    ep_len_mean          | 300         |
|    ep_rew_mean          | -53.4       |
| time/                   |             |
|    fps                  | 240         |
|    iterations           | 691         |
|    time_elapsed         | 1468        |
|    total_timesteps      | 353792      |
| train/                  |             |
|    approx_kl            | 0.041747928 |
|    clip_fraction        | 0.318       |
|    clip_range           | 0.2         |
|    entropy_loss         | 2.1         |
|    explained_variance   | 0.989       |
|    learning_rate        | 0.0003      |
|    loss                 | 0.00305     |
|    n_updates            | 6900        |
|    policy_gradient_loss | -0.0152     |
|    std                  | 0.183       |
|    value_loss           | 0.0567      |
-----------------------------------------
---------------------------------------
| rollout/                |           |
|    ep_len_mean          | 300       |
|    ep_rew_mean          | -53.3     |
| time/                   |           |
|    fps                  | 241       |
|    iterations           | 692       |
|    time_elapsed         | 1469      |
|    total_timesteps      | 354304    |
| train/                  |           |
|    approx_kl            | 0.0410208 |
|    clip_fraction        | 0.268     |
|    clip_range           | 0.2       |
|    entropy_loss         | 2.1       |
|    explained_variance   | 0.988     |
|    learning_rate        | 0.0003    |
|    loss                 | -0.00556  |
|    n_updates            | 6910      |
|    policy_gradient_loss | -0.0111   |
|    std                  | 0.182     |
|    value_loss           | 0.0563    |
---------------------------------------
----------------------------------------
| rollout/                |            |
|    ep_len_mean          | 300        |
|    ep_rew_mean          | -53.4      |
| time/                   |            |
|    fps                  | 241        |
|    iterations           | 693        |
|    time_elapsed         | 1471       |
|    total_timesteps      | 354816     |
| train/                  |            |
|    approx_kl            | 0.02185066 |
|    clip_fraction        | 0.237      |
|    clip_range           | 0.2        |
|    entropy_loss         | 2.11       |
|    explained_variance   | 0.992      |
|    learning_rate        | 0.0003     |
|    loss                 | -0.0137    |
|    n_updates            | 6920       |
|    policy_gradient_loss | -0.00618   |
|    std                  | 0.182      |
|    value_loss           | 0.0276     |
----------------------------------------
-----------------------------------------
| rollout/                |             |
|    ep_len_mean          | 300         |
|    ep_rew_mean          | -53.4       |
| time/                   |             |
|    fps                  | 241         |
|    iterations           | 694         |
|    time_elapsed         | 1473        |
|    total_timesteps      | 355328      |
| train/                  |             |
|    approx_kl            | 0.033604544 |
|    clip_fraction        | 0.246       |
|    clip_range           | 0.2         |
|    entropy_loss         | 2.12        |
|    explained_variance   | 0.995       |
|    learning_rate        | 0.0003      |
|    loss                 | 0.00272     |
|    n_updates            | 6930        |
|    policy_gradient_loss | -0.0121     |
|    std                  | 0.182       |
|    value_loss           | 0.0332      |
-----------------------------------------
-----------------------------------------
| rollout/                |             |
|    ep_len_mean          | 300         |
|    ep_rew_mean          | -53.4       |
| time/                   |             |
|    fps                  | 241         |
|    iterations           | 695         |
|    time_elapsed         | 1475        |
|    total_timesteps      | 355840      |
| train/                  |             |
|    approx_kl            | 0.033140935 |
|    clip_fraction        | 0.32        |
|    clip_range           | 0.2         |
|    entropy_loss         | 2.13        |
|    explained_variance   | 0.994       |
|    learning_rate        | 0.0003      |
|    loss                 | 0.0283      |
|    n_updates            | 6940        |
|    policy_gradient_loss | -0.0107     |
|    std                  | 0.181       |
|    value_loss           | 0.0438      |
-----------------------------------------
-----------------------------------------
| rollout/                |             |
|    ep_len_mean          | 300         |
|    ep_rew_mean          | -53.3       |
| time/                   |             |
|    fps                  | 241         |
|    iterations           | 696         |
|    time_elapsed         | 1477        |
|    total_timesteps      | 356352      |
| train/                  |             |
|    approx_kl            | 0.047962885 |
|    clip_fraction        | 0.259       |
|    clip_range           | 0.2         |
|    entropy_loss         | 2.13        |
|    explained_variance   | 0.993       |
|    learning_rate        | 0.0003      |
|    loss                 | 0.000337    |
|    n_updates            | 6950        |
|    policy_gradient_loss | -0.0161     |
|    std                  | 0.181       |
|    value_loss           | 0.027       |
-----------------------------------------
-----------------------------------------
| rollout/                |             |
|    ep_len_mean          | 300         |
|    ep_rew_mean          | -53.5       |
| time/                   |             |
|    fps                  | 241         |
|    iterations           | 697         |
|    time_elapsed         | 1479        |
|    total_timesteps      | 356864      |
| train/                  |             |
|    approx_kl            | 0.048849598 |
|    clip_fraction        | 0.297       |
|    clip_range           | 0.2         |
|    entropy_loss         | 2.14        |
|    explained_variance   | 0.993       |
|    learning_rate        | 0.0003      |
|    loss                 | -0.0222     |
|    n_updates            | 6960        |
|    policy_gradient_loss | -0.0112     |
|    std                  | 0.181       |
|    value_loss           | 0.0215      |
-----------------------------------------
-----------------------------------------
| rollout/                |             |
|    ep_len_mean          | 300         |
|    ep_rew_mean          | -53.6       |
| time/                   |             |
|    fps                  | 241         |
|    iterations           | 698         |
|    time_elapsed         | 1480        |
|    total_timesteps      | 357376      |
| train/                  |             |
|    approx_kl            | 0.025574455 |
|    clip_fraction        | 0.295       |
|    clip_range           | 0.2         |
|    entropy_loss         | 2.14        |
|    explained_variance   | 0.982       |
|    learning_rate        | 0.0003      |
|    loss                 | 0.0793      |
|    n_updates            | 6970        |
|    policy_gradient_loss | 0.00802     |
|    std                  | 0.181       |
|    value_loss           | 0.153       |
-----------------------------------------
-----------------------------------------
| rollout/                |             |
|    ep_len_mean          | 300         |
|    ep_rew_mean          | -53.6       |
| time/                   |             |
|    fps                  | 241         |
|    iterations           | 699         |
|    time_elapsed         | 1482        |
|    total_timesteps      | 357888      |
| train/                  |             |
|    approx_kl            | 0.022411115 |
|    clip_fraction        | 0.307       |
|    clip_range           | 0.2         |
|    entropy_loss         | 2.13        |
|    explained_variance   | 0.991       |
|    learning_rate        | 0.0003      |
|    loss                 | -0.00121    |
|    n_updates            | 6980        |
|    policy_gradient_loss | -0.00684    |
|    std                  | 0.182       |
|    value_loss           | 0.0545      |
-----------------------------------------
----------------------------------------
| rollout/                |            |
|    ep_len_mean          | 300        |
|    ep_rew_mean          | -53.5      |
| time/                   |            |
|    fps                  | 241        |
|    iterations           | 700        |
|    time_elapsed         | 1483       |
|    total_timesteps      | 358400     |
| train/                  |            |
|    approx_kl            | 0.01820981 |
|    clip_fraction        | 0.244      |
|    clip_range           | 0.2        |
|    entropy_loss         | 2.13       |
|    explained_variance   | 0.971      |
|    learning_rate        | 0.0003     |
|    loss                 | -0.0154    |
|    n_updates            | 6990       |
|    policy_gradient_loss | -0.0136    |
|    std                  | 0.182      |
|    value_loss           | 0.048      |
----------------------------------------
-----------------------------------------
| rollout/                |             |
|    ep_len_mean          | 300         |
|    ep_rew_mean          | -53.3       |
| time/                   |             |
|    fps                  | 241         |
|    iterations           | 701         |
|    time_elapsed         | 1485        |
|    total_timesteps      | 358912      |
| train/                  |             |
|    approx_kl            | 0.022080239 |
|    clip_fraction        | 0.245       |
|    clip_range           | 0.2         |
|    entropy_loss         | 2.13        |
|    explained_variance   | 0.99        |
|    learning_rate        | 0.0003      |
|    loss                 | 0.0181      |
|    n_updates            | 7000        |
|    policy_gradient_loss | -0.0109     |
|    std                  | 0.182       |
|    value_loss           | 0.049       |
-----------------------------------------
-----------------------------------------
| rollout/                |             |
|    ep_len_mean          | 300         |
|    ep_rew_mean          | -53.2       |
| time/                   |             |
|    fps                  | 241         |
|    iterations           | 702         |
|    time_elapsed         | 1487        |
|    total_timesteps      | 359424      |
| train/                  |             |
|    approx_kl            | 0.030184835 |
|    clip_fraction        | 0.286       |
|    clip_range           | 0.2         |
|    entropy_loss         | 2.13        |
|    explained_variance   | 0.989       |
|    learning_rate        | 0.0003      |
|    loss                 | -0.0175     |
|    n_updates            | 7010        |
|    policy_gradient_loss | -0.0175     |
|    std                  | 0.183       |
|    value_loss           | 0.0682      |
-----------------------------------------
----------------------------------------
| rollout/                |            |
|    ep_len_mean          | 300        |
|    ep_rew_mean          | -53.2      |
| time/                   |            |
|    fps                  | 241        |
|    iterations           | 703        |
|    time_elapsed         | 1489       |
|    total_timesteps      | 359936     |
| train/                  |            |
|    approx_kl            | 0.04854941 |
|    clip_fraction        | 0.304      |
|    clip_range           | 0.2        |
|    entropy_loss         | 2.13       |
|    explained_variance   | 0.997      |
|    learning_rate        | 0.0003     |
|    loss                 | -0.0448    |
|    n_updates            | 7020       |
|    policy_gradient_loss | -0.00948   |
|    std                  | 0.182      |
|    value_loss           | 0.0298     |
----------------------------------------
-----------------------------------------
| rollout/                |             |
|    ep_len_mean          | 300         |
|    ep_rew_mean          | -53.4       |
| time/                   |             |
|    fps                  | 241         |
|    iterations           | 704         |
|    time_elapsed         | 1491        |
|    total_timesteps      | 360448      |
| train/                  |             |
|    approx_kl            | 0.033754017 |
|    clip_fraction        | 0.326       |
|    clip_range           | 0.2         |
|    entropy_loss         | 2.14        |
|    explained_variance   | 0.986       |
|    learning_rate        | 0.0003      |
|    loss                 | 0.0433      |
|    n_updates            | 7030        |
|    policy_gradient_loss | -0.00178    |
|    std                  | 0.182       |
|    value_loss           | 0.0311      |
-----------------------------------------
-----------------------------------------
| rollout/                |             |
|    ep_len_mean          | 300         |
|    ep_rew_mean          | -53.3       |
| time/                   |             |
|    fps                  | 241         |
|    iterations           | 705         |
|    time_elapsed         | 1494        |
|    total_timesteps      | 360960      |
| train/                  |             |
|    approx_kl            | 0.025318809 |
|    clip_fraction        | 0.242       |
|    clip_range           | 0.2         |
|    entropy_loss         | 2.14        |
|    explained_variance   | 0.99        |
|    learning_rate        | 0.0003      |
|    loss                 | 0.0285      |
|    n_updates            | 7040        |
|    policy_gradient_loss | -0.000423   |
|    std                  | 0.182       |
|    value_loss           | 0.0369      |
-----------------------------------------
-----------------------------------------
| rollout/                |             |
|    ep_len_mean          | 300         |
|    ep_rew_mean          | -53.4       |
| time/                   |             |
|    fps                  | 241         |
|    iterations           | 706         |
|    time_elapsed         | 1497        |
|    total_timesteps      | 361472      |
| train/                  |             |
|    approx_kl            | 0.039969437 |
|    clip_fraction        | 0.287       |
|    clip_range           | 0.2         |
|    entropy_loss         | 2.15        |
|    explained_variance   | 0.998       |
|    learning_rate        | 0.0003      |
|    loss                 | -0.0305     |
|    n_updates            | 7050        |
|    policy_gradient_loss | -0.00143    |
|    std                  | 0.181       |
|    value_loss           | 0.0151      |
-----------------------------------------
-----------------------------------------
| rollout/                |             |
|    ep_len_mean          | 300         |
|    ep_rew_mean          | -53.4       |
| time/                   |             |
|    fps                  | 241         |
|    iterations           | 707         |
|    time_elapsed         | 1500        |
|    total_timesteps      | 361984      |
| train/                  |             |
|    approx_kl            | 0.012558437 |
|    clip_fraction        | 0.25        |
|    clip_range           | 0.2         |
|    entropy_loss         | 2.17        |
|    explained_variance   | 0.998       |
|    learning_rate        | 0.0003      |
|    loss                 | -0.009      |
|    n_updates            | 7060        |
|    policy_gradient_loss | -0.00525    |
|    std                  | 0.181       |
|    value_loss           | 0.0132      |
-----------------------------------------
----------------------------------------
| rollout/                |            |
|    ep_len_mean          | 300        |
|    ep_rew_mean          | -53.2      |
| time/                   |            |
|    fps                  | 241        |
|    iterations           | 708        |
|    time_elapsed         | 1501       |
|    total_timesteps      | 362496     |
| train/                  |            |
|    approx_kl            | 0.19569404 |
|    clip_fraction        | 0.261      |
|    clip_range           | 0.2        |
|    entropy_loss         | 2.17       |
|    explained_variance   | 0.994      |
|    learning_rate        | 0.0003     |
|    loss                 | -0.0118    |
|    n_updates            | 7070       |
|    policy_gradient_loss | -0.0144    |
|    std                  | 0.182      |
|    value_loss           | 0.0317     |
----------------------------------------
----------------------------------------
| rollout/                |            |
|    ep_len_mean          | 300        |
|    ep_rew_mean          | -53.1      |
| time/                   |            |
|    fps                  | 241        |
|    iterations           | 709        |
|    time_elapsed         | 1503       |
|    total_timesteps      | 363008     |
| train/                  |            |
|    approx_kl            | 0.03980054 |
|    clip_fraction        | 0.279      |
|    clip_range           | 0.2        |
|    entropy_loss         | 2.16       |
|    explained_variance   | 0.991      |
|    learning_rate        | 0.0003     |
|    loss                 | -0.0194    |
|    n_updates            | 7080       |
|    policy_gradient_loss | -0.0209    |
|    std                  | 0.182      |
|    value_loss           | 0.0336     |
----------------------------------------
----------------------------------------
| rollout/                |            |
|    ep_len_mean          | 300        |
|    ep_rew_mean          | -53.1      |
| time/                   |            |
|    fps                  | 241        |
|    iterations           | 710        |
|    time_elapsed         | 1505       |
|    total_timesteps      | 363520     |
| train/                  |            |
|    approx_kl            | 0.03397767 |
|    clip_fraction        | 0.271      |
|    clip_range           | 0.2        |
|    entropy_loss         | 2.16       |
|    explained_variance   | 0.998      |
|    learning_rate        | 0.0003     |
|    loss                 | -0.014     |
|    n_updates            | 7090       |
|    policy_gradient_loss | -0.00979   |
|    std                  | 0.182      |
|    value_loss           | 0.0186     |
----------------------------------------
-----------------------------------------
| rollout/                |             |
|    ep_len_mean          | 300         |
|    ep_rew_mean          | -53.2       |
| time/                   |             |
|    fps                  | 241         |
|    iterations           | 711         |
|    time_elapsed         | 1506        |
|    total_timesteps      | 364032      |
| train/                  |             |
|    approx_kl            | 0.046395466 |
|    clip_fraction        | 0.291       |
|    clip_range           | 0.2         |
|    entropy_loss         | 2.17        |
|    explained_variance   | 0.948       |
|    learning_rate        | 0.0003      |
|    loss                 | 0.114       |
|    n_updates            | 7100        |
|    policy_gradient_loss | -0.00505    |
|    std                  | 0.182       |
|    value_loss           | 0.125       |
-----------------------------------------
-----------------------------------------
| rollout/                |             |
|    ep_len_mean          | 300         |
|    ep_rew_mean          | -53.3       |
| time/                   |             |
|    fps                  | 241         |
|    iterations           | 712         |
|    time_elapsed         | 1509        |
|    total_timesteps      | 364544      |
| train/                  |             |
|    approx_kl            | 0.043950453 |
|    clip_fraction        | 0.26        |
|    clip_range           | 0.2         |
|    entropy_loss         | 2.17        |
|    explained_variance   | 0.962       |
|    learning_rate        | 0.0003      |
|    loss                 | 0.0656      |
|    n_updates            | 7110        |
|    policy_gradient_loss | -0.0135     |
|    std                  | 0.183       |
|    value_loss           | 0.246       |
-----------------------------------------
----------------------------------------
| rollout/                |            |
|    ep_len_mean          | 300        |
|    ep_rew_mean          | -53.3      |
| time/                   |            |
|    fps                  | 241        |
|    iterations           | 713        |
|    time_elapsed         | 1512       |
|    total_timesteps      | 365056     |
| train/                  |            |
|    approx_kl            | 0.02623159 |
|    clip_fraction        | 0.26       |
|    clip_range           | 0.2        |
|    entropy_loss         | 2.16       |
|    explained_variance   | 0.984      |
|    learning_rate        | 0.0003     |
|    loss                 | 0.0946     |
|    n_updates            | 7120       |
|    policy_gradient_loss | -0.00911   |
|    std                  | 0.183      |
|    value_loss           | 0.0967     |
----------------------------------------
----------------------------------------
| rollout/                |            |
|    ep_len_mean          | 300        |
|    ep_rew_mean          | -53.2      |
| time/                   |            |
|    fps                  | 241        |
|    iterations           | 714        |
|    time_elapsed         | 1515       |
|    total_timesteps      | 365568     |
| train/                  |            |
|    approx_kl            | 0.02008928 |
|    clip_fraction        | 0.303      |
|    clip_range           | 0.2        |
|    entropy_loss         | 2.17       |
|    explained_variance   | 0.959      |
|    learning_rate        | 0.0003     |
|    loss                 | 0.0152     |
|    n_updates            | 7130       |
|    policy_gradient_loss | -0.000541  |
|    std                  | 0.183      |
|    value_loss           | 0.124      |
----------------------------------------
-----------------------------------------
| rollout/                |             |
|    ep_len_mean          | 300         |
|    ep_rew_mean          | -53.1       |
| time/                   |             |
|    fps                  | 241         |
|    iterations           | 715         |
|    time_elapsed         | 1518        |
|    total_timesteps      | 366080      |
| train/                  |             |
|    approx_kl            | 0.032123137 |
|    clip_fraction        | 0.273       |
|    clip_range           | 0.2         |
|    entropy_loss         | 2.18        |
|    explained_variance   | 0.992       |
|    learning_rate        | 0.0003      |
|    loss                 | -0.0283     |
|    n_updates            | 7140        |
|    policy_gradient_loss | -0.0141     |
|    std                  | 0.182       |
|    value_loss           | 0.0663      |
-----------------------------------------
-----------------------------------------
| rollout/                |             |
|    ep_len_mean          | 300         |
|    ep_rew_mean          | -53         |
| time/                   |             |
|    fps                  | 241         |
|    iterations           | 716         |
|    time_elapsed         | 1520        |
|    total_timesteps      | 366592      |
| train/                  |             |
|    approx_kl            | 0.021778371 |
|    clip_fraction        | 0.244       |
|    clip_range           | 0.2         |
|    entropy_loss         | 2.22        |
|    explained_variance   | 0.994       |
|    learning_rate        | 0.0003      |
|    loss                 | -0.00708    |
|    n_updates            | 7150        |
|    policy_gradient_loss | -0.0117     |
|    std                  | 0.181       |
|    value_loss           | 0.0335      |
-----------------------------------------
----------------------------------------
| rollout/                |            |
|    ep_len_mean          | 300        |
|    ep_rew_mean          | -53.1      |
| time/                   |            |
|    fps                  | 241        |
|    iterations           | 717        |
|    time_elapsed         | 1523       |
|    total_timesteps      | 367104     |
| train/                  |            |
|    approx_kl            | 0.06559058 |
|    clip_fraction        | 0.316      |
|    clip_range           | 0.2        |
|    entropy_loss         | 2.24       |
|    explained_variance   | 0.997      |
|    learning_rate        | 0.0003     |
|    loss                 | 0.00352    |
|    n_updates            | 7160       |
|    policy_gradient_loss | -0.0142    |
|    std                  | 0.181      |
|    value_loss           | 0.0167     |
----------------------------------------
---------------------------------------
| rollout/                |           |
|    ep_len_mean          | 300       |
|    ep_rew_mean          | -53.1     |
| time/                   |           |
|    fps                  | 240       |
|    iterations           | 718       |
|    time_elapsed         | 1525      |
|    total_timesteps      | 367616    |
| train/                  |           |
|    approx_kl            | 0.0613377 |
|    clip_fraction        | 0.27      |
|    clip_range           | 0.2       |
|    entropy_loss         | 2.23      |
|    explained_variance   | 0.993     |
|    learning_rate        | 0.0003    |
|    loss                 | -0.00367  |
|    n_updates            | 7170      |
|    policy_gradient_loss | -0.0192   |
|    std                  | 0.182     |
|    value_loss           | 0.0202    |
---------------------------------------
-----------------------------------------
| rollout/                |             |
|    ep_len_mean          | 300         |
|    ep_rew_mean          | -53.2       |
| time/                   |             |
|    fps                  | 240         |
|    iterations           | 719         |
|    time_elapsed         | 1529        |
|    total_timesteps      | 368128      |
| train/                  |             |
|    approx_kl            | 0.039964013 |
|    clip_fraction        | 0.285       |
|    clip_range           | 0.2         |
|    entropy_loss         | 2.23        |
|    explained_variance   | 0.991       |
|    learning_rate        | 0.0003      |
|    loss                 | 0.092       |
|    n_updates            | 7180        |
|    policy_gradient_loss | -0.0159     |
|    std                  | 0.182       |
|    value_loss           | 0.091       |
-----------------------------------------
----------------------------------------
| rollout/                |            |
|    ep_len_mean          | 300        |
|    ep_rew_mean          | -53.3      |
| time/                   |            |
|    fps                  | 240        |
|    iterations           | 720        |
|    time_elapsed         | 1531       |
|    total_timesteps      | 368640     |
| train/                  |            |
|    approx_kl            | 0.04804118 |
|    clip_fraction        | 0.277      |
|    clip_range           | 0.2        |
|    entropy_loss         | 2.23       |
|    explained_variance   | 0.979      |
|    learning_rate        | 0.0003     |
|    loss                 | -0.0104    |
|    n_updates            | 7190       |
|    policy_gradient_loss | -0.00884   |
|    std                  | 0.182      |
|    value_loss           | 0.0729     |
----------------------------------------
-----------------------------------------
| rollout/                |             |
|    ep_len_mean          | 300         |
|    ep_rew_mean          | -53.3       |
| time/                   |             |
|    fps                  | 240         |
|    iterations           | 721         |
|    time_elapsed         | 1534        |
|    total_timesteps      | 369152      |
| train/                  |             |
|    approx_kl            | 0.020522006 |
|    clip_fraction        | 0.248       |
|    clip_range           | 0.2         |
|    entropy_loss         | 2.23        |
|    explained_variance   | 0.912       |
|    learning_rate        | 0.0003      |
|    loss                 | 0.11        |
|    n_updates            | 7200        |
|    policy_gradient_loss | -0.00125    |
|    std                  | 0.182       |
|    value_loss           | 0.23        |
-----------------------------------------
-----------------------------------------
| rollout/                |             |
|    ep_len_mean          | 300         |
|    ep_rew_mean          | -53.5       |
| time/                   |             |
|    fps                  | 240         |
|    iterations           | 722         |
|    time_elapsed         | 1537        |
|    total_timesteps      | 369664      |
| train/                  |             |
|    approx_kl            | 0.032636233 |
|    clip_fraction        | 0.325       |
|    clip_range           | 0.2         |
|    entropy_loss         | 2.23        |
|    explained_variance   | 0.98        |
|    learning_rate        | 0.0003      |
|    loss                 | 0.0669      |
|    n_updates            | 7210        |
|    policy_gradient_loss | -0.00602    |
|    std                  | 0.182       |
|    value_loss           | 0.1         |
-----------------------------------------
-----------------------------------------
| rollout/                |             |
|    ep_len_mean          | 300         |
|    ep_rew_mean          | -53.3       |
| time/                   |             |
|    fps                  | 240         |
|    iterations           | 723         |
|    time_elapsed         | 1539        |
|    total_timesteps      | 370176      |
| train/                  |             |
|    approx_kl            | 0.019728068 |
|    clip_fraction        | 0.24        |
|    clip_range           | 0.2         |
|    entropy_loss         | 2.24        |
|    explained_variance   | 0.966       |
|    learning_rate        | 0.0003      |
|    loss                 | 0.071       |
|    n_updates            | 7220        |
|    policy_gradient_loss | -7.18e-05   |
|    std                  | 0.181       |
|    value_loss           | 0.134       |
-----------------------------------------
-----------------------------------------
| rollout/                |             |
|    ep_len_mean          | 300         |
|    ep_rew_mean          | -53.1       |
| time/                   |             |
|    fps                  | 240         |
|    iterations           | 724         |
|    time_elapsed         | 1543        |
|    total_timesteps      | 370688      |
| train/                  |             |
|    approx_kl            | 0.022399465 |
|    clip_fraction        | 0.256       |
|    clip_range           | 0.2         |
|    entropy_loss         | 2.26        |
|    explained_variance   | 0.983       |
|    learning_rate        | 0.0003      |
|    loss                 | -0.0108     |
|    n_updates            | 7230        |
|    policy_gradient_loss | -0.00126    |
|    std                  | 0.18        |
|    value_loss           | 0.048       |
-----------------------------------------
----------------------------------------
| rollout/                |            |
|    ep_len_mean          | 300        |
|    ep_rew_mean          | -53.1      |
| time/                   |            |
|    fps                  | 240        |
|    iterations           | 725        |
|    time_elapsed         | 1545       |
|    total_timesteps      | 371200     |
| train/                  |            |
|    approx_kl            | 0.08506791 |
|    clip_fraction        | 0.364      |
|    clip_range           | 0.2        |
|    entropy_loss         | 2.27       |
|    explained_variance   | 0.995      |
|    learning_rate        | 0.0003     |
|    loss                 | -0.0282    |
|    n_updates            | 7240       |
|    policy_gradient_loss | -0.0199    |
|    std                  | 0.179      |
|    value_loss           | 0.0289     |
----------------------------------------
----------------------------------------
| rollout/                |            |
|    ep_len_mean          | 300        |
|    ep_rew_mean          | -53.1      |
| time/                   |            |
|    fps                  | 240        |
|    iterations           | 726        |
|    time_elapsed         | 1548       |
|    total_timesteps      | 371712     |
| train/                  |            |
|    approx_kl            | 0.03810824 |
|    clip_fraction        | 0.237      |
|    clip_range           | 0.2        |
|    entropy_loss         | 2.29       |
|    explained_variance   | 0.997      |
|    learning_rate        | 0.0003     |
|    loss                 | -0.0349    |
|    n_updates            | 7250       |
|    policy_gradient_loss | -0.0122    |
|    std                  | 0.179      |
|    value_loss           | 0.0368     |
----------------------------------------
-----------------------------------------
| rollout/                |             |
|    ep_len_mean          | 300         |
|    ep_rew_mean          | -53.1       |
| time/                   |             |
|    fps                  | 239         |
|    iterations           | 727         |
|    time_elapsed         | 1551        |
|    total_timesteps      | 372224      |
| train/                  |             |
|    approx_kl            | 0.053102564 |
|    clip_fraction        | 0.25        |
|    clip_range           | 0.2         |
|    entropy_loss         | 2.29        |
|    explained_variance   | 0.994       |
|    learning_rate        | 0.0003      |
|    loss                 | 0.0251      |
|    n_updates            | 7260        |
|    policy_gradient_loss | -0.00285    |
|    std                  | 0.179       |
|    value_loss           | 0.0596      |
-----------------------------------------
-----------------------------------------
| rollout/                |             |
|    ep_len_mean          | 300         |
|    ep_rew_mean          | -52.8       |
| time/                   |             |
|    fps                  | 239         |
|    iterations           | 728         |
|    time_elapsed         | 1554        |
|    total_timesteps      | 372736      |
| train/                  |             |
|    approx_kl            | 0.034216523 |
|    clip_fraction        | 0.236       |
|    clip_range           | 0.2         |
|    entropy_loss         | 2.29        |
|    explained_variance   | 0.989       |
|    learning_rate        | 0.0003      |
|    loss                 | 0.0366      |
|    n_updates            | 7270        |
|    policy_gradient_loss | -0.00496    |
|    std                  | 0.179       |
|    value_loss           | 0.0363      |
-----------------------------------------
----------------------------------------
| rollout/                |            |
|    ep_len_mean          | 300        |
|    ep_rew_mean          | -52.8      |
| time/                   |            |
|    fps                  | 239        |
|    iterations           | 729        |
|    time_elapsed         | 1557       |
|    total_timesteps      | 373248     |
| train/                  |            |
|    approx_kl            | 0.07458712 |
|    clip_fraction        | 0.379      |
|    clip_range           | 0.2        |
|    entropy_loss         | 2.31       |
|    explained_variance   | 0.998      |
|    learning_rate        | 0.0003     |
|    loss                 | -0.017     |
|    n_updates            | 7280       |
|    policy_gradient_loss | -0.0143    |
|    std                  | 0.178      |
|    value_loss           | 0.0135     |
----------------------------------------
-----------------------------------------
| rollout/                |             |
|    ep_len_mean          | 300         |
|    ep_rew_mean          | -53         |
| time/                   |             |
|    fps                  | 239         |
|    iterations           | 730         |
|    time_elapsed         | 1560        |
|    total_timesteps      | 373760      |
| train/                  |             |
|    approx_kl            | 0.026111001 |
|    clip_fraction        | 0.262       |
|    clip_range           | 0.2         |
|    entropy_loss         | 2.32        |
|    explained_variance   | 0.986       |
|    learning_rate        | 0.0003      |
|    loss                 | 0.00753     |
|    n_updates            | 7290        |
|    policy_gradient_loss | -0.0127     |
|    std                  | 0.179       |
|    value_loss           | 0.0971      |
-----------------------------------------
-----------------------------------------
| rollout/                |             |
|    ep_len_mean          | 300         |
|    ep_rew_mean          | -53         |
| time/                   |             |
|    fps                  | 239         |
|    iterations           | 731         |
|    time_elapsed         | 1563        |
|    total_timesteps      | 374272      |
| train/                  |             |
|    approx_kl            | 0.018583085 |
|    clip_fraction        | 0.281       |
|    clip_range           | 0.2         |
|    entropy_loss         | 2.31        |
|    explained_variance   | 0.937       |
|    learning_rate        | 0.0003      |
|    loss                 | 0.0379      |
|    n_updates            | 7300        |
|    policy_gradient_loss | 0.000957    |
|    std                  | 0.179       |
|    value_loss           | 0.224       |
-----------------------------------------
----------------------------------------
| rollout/                |            |
|    ep_len_mean          | 300        |
|    ep_rew_mean          | -53        |
| time/                   |            |
|    fps                  | 239        |
|    iterations           | 732        |
|    time_elapsed         | 1566       |
|    total_timesteps      | 374784     |
| train/                  |            |
|    approx_kl            | 0.05471637 |
|    clip_fraction        | 0.316      |
|    clip_range           | 0.2        |
|    entropy_loss         | 2.32       |
|    explained_variance   | 0.996      |
|    learning_rate        | 0.0003     |
|    loss                 | 0.00175    |
|    n_updates            | 7310       |
|    policy_gradient_loss | -0.0162    |
|    std                  | 0.179      |
|    value_loss           | 0.0287     |
----------------------------------------
----------------------------------------
| rollout/                |            |
|    ep_len_mean          | 300        |
|    ep_rew_mean          | -53        |
| time/                   |            |
|    fps                  | 239        |
|    iterations           | 733        |
|    time_elapsed         | 1569       |
|    total_timesteps      | 375296     |
| train/                  |            |
|    approx_kl            | 0.05222105 |
|    clip_fraction        | 0.314      |
|    clip_range           | 0.2        |
|    entropy_loss         | 2.34       |
|    explained_variance   | 0.989      |
|    learning_rate        | 0.0003     |
|    loss                 | -0.027     |
|    n_updates            | 7320       |
|    policy_gradient_loss | -0.0162    |
|    std                  | 0.177      |
|    value_loss           | 0.0525     |
----------------------------------------
-----------------------------------------
| rollout/                |             |
|    ep_len_mean          | 300         |
|    ep_rew_mean          | -53.1       |
| time/                   |             |
|    fps                  | 238         |
|    iterations           | 734         |
|    time_elapsed         | 1572        |
|    total_timesteps      | 375808      |
| train/                  |             |
|    approx_kl            | 0.024001151 |
|    clip_fraction        | 0.303       |
|    clip_range           | 0.2         |
|    entropy_loss         | 2.36        |
|    explained_variance   | 0.985       |
|    learning_rate        | 0.0003      |
|    loss                 | 0.0373      |
|    n_updates            | 7330        |
|    policy_gradient_loss | 0.00014     |
|    std                  | 0.178       |
|    value_loss           | 0.0478      |
-----------------------------------------
---------------------------------------
| rollout/                |           |
|    ep_len_mean          | 300       |
|    ep_rew_mean          | -53.2     |
| time/                   |           |
|    fps                  | 238       |
|    iterations           | 735       |
|    time_elapsed         | 1575      |
|    total_timesteps      | 376320    |
| train/                  |           |
|    approx_kl            | 0.0451259 |
|    clip_fraction        | 0.35      |
|    clip_range           | 0.2       |
|    entropy_loss         | 2.37      |
|    explained_variance   | 0.993     |
|    learning_rate        | 0.0003    |
|    loss                 | -0.021    |
|    n_updates            | 7340      |
|    policy_gradient_loss | -0.0195   |
|    std                  | 0.177     |
|    value_loss           | 0.0182    |
---------------------------------------
-----------------------------------------
| rollout/                |             |
|    ep_len_mean          | 300         |
|    ep_rew_mean          | -53.2       |
| time/                   |             |
|    fps                  | 238         |
|    iterations           | 736         |
|    time_elapsed         | 1579        |
|    total_timesteps      | 376832      |
| train/                  |             |
|    approx_kl            | 0.022256196 |
|    clip_fraction        | 0.319       |
|    clip_range           | 0.2         |
|    entropy_loss         | 2.39        |
|    explained_variance   | 0.984       |
|    learning_rate        | 0.0003      |
|    loss                 | 0.0119      |
|    n_updates            | 7350        |
|    policy_gradient_loss | -0.00464    |
|    std                  | 0.176       |
|    value_loss           | 0.116       |
-----------------------------------------
-----------------------------------------
| rollout/                |             |
|    ep_len_mean          | 300         |
|    ep_rew_mean          | -53.1       |
| time/                   |             |
|    fps                  | 238         |
|    iterations           | 737         |
|    time_elapsed         | 1581        |
|    total_timesteps      | 377344      |
| train/                  |             |
|    approx_kl            | 0.039839648 |
|    clip_fraction        | 0.305       |
|    clip_range           | 0.2         |
|    entropy_loss         | 2.41        |
|    explained_variance   | 0.99        |
|    learning_rate        | 0.0003      |
|    loss                 | 0.0246      |
|    n_updates            | 7360        |
|    policy_gradient_loss | -0.0181     |
|    std                  | 0.175       |
|    value_loss           | 0.0393      |
-----------------------------------------
-----------------------------------------
| rollout/                |             |
|    ep_len_mean          | 300         |
|    ep_rew_mean          | -53.1       |
| time/                   |             |
|    fps                  | 238         |
|    iterations           | 738         |
|    time_elapsed         | 1582        |
|    total_timesteps      | 377856      |
| train/                  |             |
|    approx_kl            | 0.031790204 |
|    clip_fraction        | 0.226       |
|    clip_range           | 0.2         |
|    entropy_loss         | 2.42        |
|    explained_variance   | 0.994       |
|    learning_rate        | 0.0003      |
|    loss                 | -0.00233    |
|    n_updates            | 7370        |
|    policy_gradient_loss | -0.00493    |
|    std                  | 0.175       |
|    value_loss           | 0.0241      |
-----------------------------------------
-----------------------------------------
| rollout/                |             |
|    ep_len_mean          | 300         |
|    ep_rew_mean          | -53         |
| time/                   |             |
|    fps                  | 238         |
|    iterations           | 739         |
|    time_elapsed         | 1584        |
|    total_timesteps      | 378368      |
| train/                  |             |
|    approx_kl            | 0.018117275 |
|    clip_fraction        | 0.272       |
|    clip_range           | 0.2         |
|    entropy_loss         | 2.43        |
|    explained_variance   | 0.996       |
|    learning_rate        | 0.0003      |
|    loss                 | 0.0201      |
|    n_updates            | 7380        |
|    policy_gradient_loss | -0.00523    |
|    std                  | 0.174       |
|    value_loss           | 0.0313      |
-----------------------------------------
----------------------------------------
| rollout/                |            |
|    ep_len_mean          | 300        |
|    ep_rew_mean          | -53.1      |
| time/                   |            |
|    fps                  | 238        |
|    iterations           | 740        |
|    time_elapsed         | 1585       |
|    total_timesteps      | 378880     |
| train/                  |            |
|    approx_kl            | 0.06521037 |
|    clip_fraction        | 0.376      |
|    clip_range           | 0.2        |
|    entropy_loss         | 2.44       |
|    explained_variance   | 0.994      |
|    learning_rate        | 0.0003     |
|    loss                 | 0.0289     |
|    n_updates            | 7390       |
|    policy_gradient_loss | 0.00401    |
|    std                  | 0.173      |
|    value_loss           | 0.0601     |
----------------------------------------
-----------------------------------------
| rollout/                |             |
|    ep_len_mean          | 300         |
|    ep_rew_mean          | -52.8       |
| time/                   |             |
|    fps                  | 239         |
|    iterations           | 741         |
|    time_elapsed         | 1587        |
|    total_timesteps      | 379392      |
| train/                  |             |
|    approx_kl            | 0.038501494 |
|    clip_fraction        | 0.323       |
|    clip_range           | 0.2         |
|    entropy_loss         | 2.45        |
|    explained_variance   | 0.996       |
|    learning_rate        | 0.0003      |
|    loss                 | -0.0187     |
|    n_updates            | 7400        |
|    policy_gradient_loss | -0.0105     |
|    std                  | 0.172       |
|    value_loss           | 0.0289      |
-----------------------------------------
----------------------------------------
| rollout/                |            |
|    ep_len_mean          | 300        |
|    ep_rew_mean          | -52.7      |
| time/                   |            |
|    fps                  | 239        |
|    iterations           | 742        |
|    time_elapsed         | 1588       |
|    total_timesteps      | 379904     |
| train/                  |            |
|    approx_kl            | 0.09641844 |
|    clip_fraction        | 0.279      |
|    clip_range           | 0.2        |
|    entropy_loss         | 2.48       |
|    explained_variance   | 0.991      |
|    learning_rate        | 0.0003     |
|    loss                 | 0.00325    |
|    n_updates            | 7410       |
|    policy_gradient_loss | -0.00108   |
|    std                  | 0.172      |
|    value_loss           | 0.0557     |
----------------------------------------
-----------------------------------------
| rollout/                |             |
|    ep_len_mean          | 300         |
|    ep_rew_mean          | -52.7       |
| time/                   |             |
|    fps                  | 239         |
|    iterations           | 743         |
|    time_elapsed         | 1590        |
|    total_timesteps      | 380416      |
| train/                  |             |
|    approx_kl            | 0.022983765 |
|    clip_fraction        | 0.28        |
|    clip_range           | 0.2         |
|    entropy_loss         | 2.48        |
|    explained_variance   | 0.991       |
|    learning_rate        | 0.0003      |
|    loss                 | -0.0239     |
|    n_updates            | 7420        |
|    policy_gradient_loss | -0.0075     |
|    std                  | 0.172       |
|    value_loss           | 0.0543      |
-----------------------------------------
-----------------------------------------
| rollout/                |             |
|    ep_len_mean          | 300         |
|    ep_rew_mean          | -52.6       |
| time/                   |             |
|    fps                  | 239         |
|    iterations           | 744         |
|    time_elapsed         | 1592        |
|    total_timesteps      | 380928      |
| train/                  |             |
|    approx_kl            | 0.038855888 |
|    clip_fraction        | 0.288       |
|    clip_range           | 0.2         |
|    entropy_loss         | 2.48        |
|    explained_variance   | 0.992       |
|    learning_rate        | 0.0003      |
|    loss                 | 0.0451      |
|    n_updates            | 7430        |
|    policy_gradient_loss | -0.00689    |
|    std                  | 0.171       |
|    value_loss           | 0.0422      |
-----------------------------------------
-----------------------------------------
| rollout/                |             |
|    ep_len_mean          | 300         |
|    ep_rew_mean          | -52.6       |
| time/                   |             |
|    fps                  | 239         |
|    iterations           | 745         |
|    time_elapsed         | 1594        |
|    total_timesteps      | 381440      |
| train/                  |             |
|    approx_kl            | 0.034560874 |
|    clip_fraction        | 0.279       |
|    clip_range           | 0.2         |
|    entropy_loss         | 2.5         |
|    explained_variance   | 0.991       |
|    learning_rate        | 0.0003      |
|    loss                 | -0.0199     |
|    n_updates            | 7440        |
|    policy_gradient_loss | -0.00365    |
|    std                  | 0.17        |
|    value_loss           | 0.0251      |
-----------------------------------------
-----------------------------------------
| rollout/                |             |
|    ep_len_mean          | 300         |
|    ep_rew_mean          | -52.3       |
| time/                   |             |
|    fps                  | 239         |
|    iterations           | 746         |
|    time_elapsed         | 1596        |
|    total_timesteps      | 381952      |
| train/                  |             |
|    approx_kl            | 0.036080275 |
|    clip_fraction        | 0.446       |
|    clip_range           | 0.2         |
|    entropy_loss         | 2.52        |
|    explained_variance   | 0.991       |
|    learning_rate        | 0.0003      |
|    loss                 | 0.0143      |
|    n_updates            | 7450        |
|    policy_gradient_loss | 0.0126      |
|    std                  | 0.17        |
|    value_loss           | 0.059       |
-----------------------------------------
-----------------------------------------
| rollout/                |             |
|    ep_len_mean          | 300         |
|    ep_rew_mean          | -52.2       |
| time/                   |             |
|    fps                  | 239         |
|    iterations           | 747         |
|    time_elapsed         | 1599        |
|    total_timesteps      | 382464      |
| train/                  |             |
|    approx_kl            | 0.033601392 |
|    clip_fraction        | 0.335       |
|    clip_range           | 0.2         |
|    entropy_loss         | 2.51        |
|    explained_variance   | 0.993       |
|    learning_rate        | 0.0003      |
|    loss                 | -0.0221     |
|    n_updates            | 7460        |
|    policy_gradient_loss | -0.0121     |
|    std                  | 0.17        |
|    value_loss           | 0.0257      |
-----------------------------------------
-----------------------------------------
| rollout/                |             |
|    ep_len_mean          | 300         |
|    ep_rew_mean          | -52.4       |
| time/                   |             |
|    fps                  | 239         |
|    iterations           | 748         |
|    time_elapsed         | 1601        |
|    total_timesteps      | 382976      |
| train/                  |             |
|    approx_kl            | 0.035254713 |
|    clip_fraction        | 0.263       |
|    clip_range           | 0.2         |
|    entropy_loss         | 2.52        |
|    explained_variance   | 0.997       |
|    learning_rate        | 0.0003      |
|    loss                 | -0.00568    |
|    n_updates            | 7470        |
|    policy_gradient_loss | -0.0086     |
|    std                  | 0.169       |
|    value_loss           | 0.0127      |
-----------------------------------------
-----------------------------------------
| rollout/                |             |
|    ep_len_mean          | 300         |
|    ep_rew_mean          | -52.4       |
| time/                   |             |
|    fps                  | 239         |
|    iterations           | 749         |
|    time_elapsed         | 1603        |
|    total_timesteps      | 383488      |
| train/                  |             |
|    approx_kl            | 0.018782148 |
|    clip_fraction        | 0.304       |
|    clip_range           | 0.2         |
|    entropy_loss         | 2.55        |
|    explained_variance   | 0.995       |
|    learning_rate        | 0.0003      |
|    loss                 | -0.0324     |
|    n_updates            | 7480        |
|    policy_gradient_loss | 0.000795    |
|    std                  | 0.169       |
|    value_loss           | 0.0287      |
-----------------------------------------
-----------------------------------------
| rollout/                |             |
|    ep_len_mean          | 300         |
|    ep_rew_mean          | -52.2       |
| time/                   |             |
|    fps                  | 239         |
|    iterations           | 750         |
|    time_elapsed         | 1604        |
|    total_timesteps      | 384000      |
| train/                  |             |
|    approx_kl            | 0.038641088 |
|    clip_fraction        | 0.313       |
|    clip_range           | 0.2         |
|    entropy_loss         | 2.56        |
|    explained_variance   | 0.997       |
|    learning_rate        | 0.0003      |
|    loss                 | 0.009       |
|    n_updates            | 7490        |
|    policy_gradient_loss | -0.0108     |
|    std                  | 0.169       |
|    value_loss           | 0.0213      |
-----------------------------------------
-----------------------------------------
| rollout/                |             |
|    ep_len_mean          | 300         |
|    ep_rew_mean          | -52.4       |
| time/                   |             |
|    fps                  | 239         |
|    iterations           | 751         |
|    time_elapsed         | 1606        |
|    total_timesteps      | 384512      |
| train/                  |             |
|    approx_kl            | 0.026941836 |
|    clip_fraction        | 0.26        |
|    clip_range           | 0.2         |
|    entropy_loss         | 2.56        |
|    explained_variance   | 0.996       |
|    learning_rate        | 0.0003      |
|    loss                 | -0.0261     |
|    n_updates            | 7500        |
|    policy_gradient_loss | -0.00906    |
|    std                  | 0.169       |
|    value_loss           | 0.0101      |
-----------------------------------------
