Using cpu device
Logging to C:\Users\laib28\OneDrive - Barker College\Documents\GitHub\HumanoidRobot\simulation\training\pick_place\runs\pp_v7\logs\pp_v7_1
---------------------------------
| rollout/           |          |
|    ep_len_mean     | 204      |
|    ep_rew_mean     | -174     |
| time/              |          |
|    fps             | 1491     |
|    iterations      | 1        |
|    time_elapsed    | 2        |
|    total_timesteps | 3072     |
---------------------------------
----------------------------------------
| rollout/                |            |
|    ep_len_mean          | 230        |
|    ep_rew_mean          | -203       |
| time/                   |            |
|    fps                  | 959        |
|    iterations           | 2          |
|    time_elapsed         | 6          |
|    total_timesteps      | 6144       |
| train/                  |            |
|    approx_kl            | 0.00503377 |
|    clip_fraction        | 0.0382     |
|    clip_range           | 0.2        |
|    entropy_loss         | -5.66      |
|    explained_variance   | 0.00455    |
|    learning_rate        | 0.0003     |
|    loss                 | 9.68       |
|    n_updates            | 10         |
|    policy_gradient_loss | -0.00213   |
|    std                  | 0.991      |
|    value_loss           | 38.9       |
----------------------------------------
------------------------------------------
| rollout/                |              |
|    ep_len_mean          | 239          |
|    ep_rew_mean          | -205         |
| time/                   |              |
|    fps                  | 874          |
|    iterations           | 3            |
|    time_elapsed         | 10           |
|    total_timesteps      | 9216         |
| train/                  |              |
|    approx_kl            | 0.0076638088 |
|    clip_fraction        | 0.0379       |
|    clip_range           | 0.2          |
|    entropy_loss         | -5.63        |
|    explained_variance   | 0.503        |
|    learning_rate        | 0.0003       |
|    loss                 | 18.9         |
|    n_updates            | 20           |
|    policy_gradient_loss | -0.00538     |
|    std                  | 0.982        |
|    value_loss           | 55.2         |
------------------------------------------
----------------------------------------
| rollout/                |            |
|    ep_len_mean          | 234        |
|    ep_rew_mean          | -198       |
| time/                   |            |
|    fps                  | 840        |
|    iterations           | 4          |
|    time_elapsed         | 14         |
|    total_timesteps      | 12288      |
| train/                  |            |
|    approx_kl            | 0.00530738 |
|    clip_fraction        | 0.0277     |
|    clip_range           | 0.2        |
|    entropy_loss         | -5.6       |
|    explained_variance   | 0.742      |
|    learning_rate        | 0.0003     |
|    loss                 | 13.1       |
|    n_updates            | 30         |
|    policy_gradient_loss | -0.00296   |
|    std                  | 0.98       |
|    value_loss           | 39.1       |
----------------------------------------
-----------------------------------------
| rollout/                |             |
|    ep_len_mean          | 247         |
|    ep_rew_mean          | -207        |
| time/                   |             |
|    fps                  | 842         |
|    iterations           | 5           |
|    time_elapsed         | 18          |
|    total_timesteps      | 15360       |
| train/                  |             |
|    approx_kl            | 0.006727744 |
|    clip_fraction        | 0.053       |
|    clip_range           | 0.2         |
|    entropy_loss         | -5.59       |
|    explained_variance   | 0.823       |
|    learning_rate        | 0.0003      |
|    loss                 | 5.99        |
|    n_updates            | 40          |
|    policy_gradient_loss | -0.0046     |
|    std                  | 0.979       |
|    value_loss           | 26.6        |
-----------------------------------------
-----------------------------------------
| rollout/                |             |
|    ep_len_mean          | 255         |
|    ep_rew_mean          | -218        |
| time/                   |             |
|    fps                  | 829         |
|    iterations           | 6           |
|    time_elapsed         | 22          |
|    total_timesteps      | 18432       |
| train/                  |             |
|    approx_kl            | 0.009212186 |
|    clip_fraction        | 0.068       |
|    clip_range           | 0.2         |
|    entropy_loss         | -5.59       |
|    explained_variance   | 0.906       |
|    learning_rate        | 0.0003      |
|    loss                 | 5.82        |
|    n_updates            | 50          |
|    policy_gradient_loss | -0.00678    |
|    std                  | 0.977       |
|    value_loss           | 16.2        |
-----------------------------------------
-----------------------------------------
| rollout/                |             |
|    ep_len_mean          | 254         |
|    ep_rew_mean          | -210        |
| time/                   |             |
|    fps                  | 814         |
|    iterations           | 7           |
|    time_elapsed         | 26          |
|    total_timesteps      | 21504       |
| train/                  |             |
|    approx_kl            | 0.009526181 |
|    clip_fraction        | 0.0997      |
|    clip_range           | 0.2         |
|    entropy_loss         | -5.57       |
|    explained_variance   | 0.927       |
|    learning_rate        | 0.0003      |
|    loss                 | 3.39        |
|    n_updates            | 60          |
|    policy_gradient_loss | -0.00714    |
|    std                  | 0.969       |
|    value_loss           | 13.2        |
-----------------------------------------
-----------------------------------------
| rollout/                |             |
|    ep_len_mean          | 257         |
|    ep_rew_mean          | -210        |
| time/                   |             |
|    fps                  | 728         |
|    iterations           | 8           |
|    time_elapsed         | 33          |
|    total_timesteps      | 24576       |
| train/                  |             |
|    approx_kl            | 0.007053809 |
|    clip_fraction        | 0.049       |
|    clip_range           | 0.2         |
|    entropy_loss         | -5.54       |
|    explained_variance   | 0.954       |
|    learning_rate        | 0.0003      |
|    loss                 | 2.91        |
|    n_updates            | 70          |
|    policy_gradient_loss | -0.0034     |
|    std                  | 0.966       |
|    value_loss           | 11.4        |
-----------------------------------------
-----------------------------------------
| rollout/                |             |
|    ep_len_mean          | 263         |
|    ep_rew_mean          | -214        |
| time/                   |             |
|    fps                  | 662         |
|    iterations           | 9           |
|    time_elapsed         | 41          |
|    total_timesteps      | 27648       |
| train/                  |             |
|    approx_kl            | 0.008071403 |
|    clip_fraction        | 0.0689      |
|    clip_range           | 0.2         |
|    entropy_loss         | -5.52       |
|    explained_variance   | 0.968       |
|    learning_rate        | 0.0003      |
|    loss                 | 3.41        |
|    n_updates            | 80          |
|    policy_gradient_loss | -0.00547    |
|    std                  | 0.959       |
|    value_loss           | 14.3        |
-----------------------------------------
-----------------------------------------
| rollout/                |             |
|    ep_len_mean          | 258         |
|    ep_rew_mean          | -215        |
| time/                   |             |
|    fps                  | 555         |
|    iterations           | 10          |
|    time_elapsed         | 55          |
|    total_timesteps      | 30720       |
| train/                  |             |
|    approx_kl            | 0.007194442 |
|    clip_fraction        | 0.0963      |
|    clip_range           | 0.2         |
|    entropy_loss         | -5.5        |
|    explained_variance   | 0.966       |
|    learning_rate        | 0.0003      |
|    loss                 | 7.93        |
|    n_updates            | 90          |
|    policy_gradient_loss | -0.00701    |
|    std                  | 0.956       |
|    value_loss           | 11          |
-----------------------------------------
-----------------------------------------
| rollout/                |             |
|    ep_len_mean          | 266         |
|    ep_rew_mean          | -215        |
| time/                   |             |
|    fps                  | 537         |
|    iterations           | 11          |
|    time_elapsed         | 62          |
|    total_timesteps      | 33792       |
| train/                  |             |
|    approx_kl            | 0.008054896 |
|    clip_fraction        | 0.0651      |
|    clip_range           | 0.2         |
|    entropy_loss         | -5.49       |
|    explained_variance   | 0.964       |
|    learning_rate        | 0.0003      |
|    loss                 | 4.16        |
|    n_updates            | 100         |
|    policy_gradient_loss | -0.00361    |
|    std                  | 0.953       |
|    value_loss           | 21.8        |
-----------------------------------------
-----------------------------------------
| rollout/                |             |
|    ep_len_mean          | 272         |
|    ep_rew_mean          | -218        |
| time/                   |             |
|    fps                  | 516         |
|    iterations           | 12          |
|    time_elapsed         | 71          |
|    total_timesteps      | 36864       |
| train/                  |             |
|    approx_kl            | 0.009536435 |
|    clip_fraction        | 0.0975      |
|    clip_range           | 0.2         |
|    entropy_loss         | -5.46       |
|    explained_variance   | 0.975       |
|    learning_rate        | 0.0003      |
|    loss                 | 4.3         |
|    n_updates            | 110         |
|    policy_gradient_loss | -0.00628    |
|    std                  | 0.948       |
|    value_loss           | 7.42        |
-----------------------------------------
------------------------------------------
| rollout/                |              |
|    ep_len_mean          | 274          |
|    ep_rew_mean          | -220         |
| time/                   |              |
|    fps                  | 504          |
|    iterations           | 13           |
|    time_elapsed         | 79           |
|    total_timesteps      | 39936        |
| train/                  |              |
|    approx_kl            | 0.0066879024 |
|    clip_fraction        | 0.0578       |
|    clip_range           | 0.2          |
|    entropy_loss         | -5.46        |
|    explained_variance   | 0.972        |
|    learning_rate        | 0.0003       |
|    loss                 | 2.47         |
|    n_updates            | 120          |
|    policy_gradient_loss | -0.003       |
|    std                  | 0.947        |
|    value_loss           | 16.2         |
------------------------------------------
------------------------------------------
| rollout/                |              |
|    ep_len_mean          | 272          |
|    ep_rew_mean          | -211         |
| time/                   |              |
|    fps                  | 499          |
|    iterations           | 14           |
|    time_elapsed         | 86           |
|    total_timesteps      | 43008        |
| train/                  |              |
|    approx_kl            | 0.0074789263 |
|    clip_fraction        | 0.0668       |
|    clip_range           | 0.2          |
|    entropy_loss         | -5.45        |
|    explained_variance   | 0.978        |
|    learning_rate        | 0.0003       |
|    loss                 | 4.26         |
|    n_updates            | 130          |
|    policy_gradient_loss | -0.00473     |
|    std                  | 0.943        |
|    value_loss           | 13.8         |
------------------------------------------
-----------------------------------------
| rollout/                |             |
|    ep_len_mean          | 269         |
|    ep_rew_mean          | -204        |
| time/                   |             |
|    fps                  | 495         |
|    iterations           | 15          |
|    time_elapsed         | 92          |
|    total_timesteps      | 46080       |
| train/                  |             |
|    approx_kl            | 0.008699042 |
|    clip_fraction        | 0.092       |
|    clip_range           | 0.2         |
|    entropy_loss         | -5.43       |
|    explained_variance   | 0.982       |
|    learning_rate        | 0.0003      |
|    loss                 | 9.51        |
|    n_updates            | 140         |
|    policy_gradient_loss | -0.00519    |
|    std                  | 0.937       |
|    value_loss           | 12.3        |
-----------------------------------------
-----------------------------------------
| rollout/                |             |
|    ep_len_mean          | 272         |
|    ep_rew_mean          | -208        |
| time/                   |             |
|    fps                  | 490         |
|    iterations           | 16          |
|    time_elapsed         | 100         |
|    total_timesteps      | 49152       |
| train/                  |             |
|    approx_kl            | 0.007496765 |
|    clip_fraction        | 0.059       |
|    clip_range           | 0.2         |
|    entropy_loss         | -5.41       |
|    explained_variance   | 0.961       |
|    learning_rate        | 0.0003      |
|    loss                 | 6.5         |
|    n_updates            | 150         |
|    policy_gradient_loss | -0.00335    |
|    std                  | 0.936       |
|    value_loss           | 26.7        |
-----------------------------------------
-----------------------------------------
| rollout/                |             |
|    ep_len_mean          | 274         |
|    ep_rew_mean          | -209        |
| time/                   |             |
|    fps                  | 488         |
|    iterations           | 17          |
|    time_elapsed         | 106         |
|    total_timesteps      | 52224       |
| train/                  |             |
|    approx_kl            | 0.007029397 |
|    clip_fraction        | 0.0722      |
|    clip_range           | 0.2         |
|    entropy_loss         | -5.39       |
|    explained_variance   | 0.971       |
|    learning_rate        | 0.0003      |
|    loss                 | 6.93        |
|    n_updates            | 160         |
|    policy_gradient_loss | -0.0043     |
|    std                  | 0.927       |
|    value_loss           | 14.5        |
-----------------------------------------
-----------------------------------------
| rollout/                |             |
|    ep_len_mean          | 274         |
|    ep_rew_mean          | -206        |
| time/                   |             |
|    fps                  | 485         |
|    iterations           | 18          |
|    time_elapsed         | 113         |
|    total_timesteps      | 55296       |
| train/                  |             |
|    approx_kl            | 0.009955802 |
|    clip_fraction        | 0.107       |
|    clip_range           | 0.2         |
|    entropy_loss         | -5.34       |
|    explained_variance   | 0.969       |
|    learning_rate        | 0.0003      |
|    loss                 | 3.39        |
|    n_updates            | 170         |
|    policy_gradient_loss | -0.00517    |
|    std                  | 0.914       |
|    value_loss           | 7.93        |
-----------------------------------------
-----------------------------------------
| rollout/                |             |
|    ep_len_mean          | 283         |
|    ep_rew_mean          | -214        |
| time/                   |             |
|    fps                  | 484         |
|    iterations           | 19          |
|    time_elapsed         | 120         |
|    total_timesteps      | 58368       |
| train/                  |             |
|    approx_kl            | 0.008435549 |
|    clip_fraction        | 0.0995      |
|    clip_range           | 0.2         |
|    entropy_loss         | -5.31       |
|    explained_variance   | 0.979       |
|    learning_rate        | 0.0003      |
|    loss                 | 5.57        |
|    n_updates            | 180         |
|    policy_gradient_loss | -0.00565    |
|    std                  | 0.912       |
|    value_loss           | 9.88        |
-----------------------------------------
-----------------------------------------
| rollout/                |             |
|    ep_len_mean          | 280         |
|    ep_rew_mean          | -209        |
| time/                   |             |
|    fps                  | 476         |
|    iterations           | 20          |
|    time_elapsed         | 128         |
|    total_timesteps      | 61440       |
| train/                  |             |
|    approx_kl            | 0.009842379 |
|    clip_fraction        | 0.0894      |
|    clip_range           | 0.2         |
|    entropy_loss         | -5.3        |
|    explained_variance   | 0.971       |
|    learning_rate        | 0.0003      |
|    loss                 | 4.43        |
|    n_updates            | 190         |
|    policy_gradient_loss | -0.00558    |
|    std                  | 0.911       |
|    value_loss           | 9.03        |
-----------------------------------------
------------------------------------------
| rollout/                |              |
|    ep_len_mean          | 277          |
|    ep_rew_mean          | -211         |
| time/                   |              |
|    fps                  | 473          |
|    iterations           | 21           |
|    time_elapsed         | 136          |
|    total_timesteps      | 64512        |
| train/                  |              |
|    approx_kl            | 0.0093504265 |
|    clip_fraction        | 0.109        |
|    clip_range           | 0.2          |
|    entropy_loss         | -5.28        |
|    explained_variance   | 0.956        |
|    learning_rate        | 0.0003       |
|    loss                 | 4.96         |
|    n_updates            | 200          |
|    policy_gradient_loss | -0.00714     |
|    std                  | 0.902        |
|    value_loss           | 26.3         |
------------------------------------------
-----------------------------------------
| rollout/                |             |
|    ep_len_mean          | 272         |
|    ep_rew_mean          | -199        |
| time/                   |             |
|    fps                  | 470         |
|    iterations           | 22          |
|    time_elapsed         | 143         |
|    total_timesteps      | 67584       |
| train/                  |             |
|    approx_kl            | 0.011368598 |
|    clip_fraction        | 0.137       |
|    clip_range           | 0.2         |
|    entropy_loss         | -5.27       |
|    explained_variance   | 0.973       |
|    learning_rate        | 0.0003      |
|    loss                 | 7.34        |
|    n_updates            | 210         |
|    policy_gradient_loss | -0.00785    |
|    std                  | 0.906       |
|    value_loss           | 19          |
-----------------------------------------
-----------------------------------------
| rollout/                |             |
|    ep_len_mean          | 275         |
|    ep_rew_mean          | -200        |
| time/                   |             |
|    fps                  | 466         |
|    iterations           | 23          |
|    time_elapsed         | 151         |
|    total_timesteps      | 70656       |
| train/                  |             |
|    approx_kl            | 0.012061027 |
|    clip_fraction        | 0.119       |
|    clip_range           | 0.2         |
|    entropy_loss         | -5.27       |
|    explained_variance   | 0.93        |
|    learning_rate        | 0.0003      |
|    loss                 | 8.77        |
|    n_updates            | 220         |
|    policy_gradient_loss | -0.00775    |
|    std                  | 0.903       |
|    value_loss           | 36.9        |
-----------------------------------------
------------------------------------------
| rollout/                |              |
|    ep_len_mean          | 275          |
|    ep_rew_mean          | -201         |
| time/                   |              |
|    fps                  | 462          |
|    iterations           | 24           |
|    time_elapsed         | 159          |
|    total_timesteps      | 73728        |
| train/                  |              |
|    approx_kl            | 0.0113323815 |
|    clip_fraction        | 0.114        |
|    clip_range           | 0.2          |
|    entropy_loss         | -5.25        |
|    explained_variance   | 0.925        |
|    learning_rate        | 0.0003       |
|    loss                 | 13           |
|    n_updates            | 230          |
|    policy_gradient_loss | -0.00531     |
|    std                  | 0.898        |
|    value_loss           | 26.7         |
------------------------------------------
-----------------------------------------
| rollout/                |             |
|    ep_len_mean          | 275         |
|    ep_rew_mean          | -192        |
| time/                   |             |
|    fps                  | 459         |
|    iterations           | 25          |
|    time_elapsed         | 167         |
|    total_timesteps      | 76800       |
| train/                  |             |
|    approx_kl            | 0.009230037 |
|    clip_fraction        | 0.115       |
|    clip_range           | 0.2         |
|    entropy_loss         | -5.22       |
|    explained_variance   | 0.917       |
|    learning_rate        | 0.0003      |
|    loss                 | 7.55        |
|    n_updates            | 240         |
|    policy_gradient_loss | -0.00542    |
|    std                  | 0.89        |
|    value_loss           | 37.2        |
-----------------------------------------
-----------------------------------------
| rollout/                |             |
|    ep_len_mean          | 275         |
|    ep_rew_mean          | -188        |
| time/                   |             |
|    fps                  | 455         |
|    iterations           | 26          |
|    time_elapsed         | 175         |
|    total_timesteps      | 79872       |
| train/                  |             |
|    approx_kl            | 0.009277337 |
|    clip_fraction        | 0.138       |
|    clip_range           | 0.2         |
|    entropy_loss         | -5.19       |
|    explained_variance   | 0.961       |
|    learning_rate        | 0.0003      |
|    loss                 | 4.53        |
|    n_updates            | 250         |
|    policy_gradient_loss | -0.0018     |
|    std                  | 0.882       |
|    value_loss           | 10.3        |
-----------------------------------------
-----------------------------------------
| rollout/                |             |
|    ep_len_mean          | 278         |
|    ep_rew_mean          | -184        |
| time/                   |             |
|    fps                  | 452         |
|    iterations           | 27          |
|    time_elapsed         | 183         |
|    total_timesteps      | 82944       |
| train/                  |             |
|    approx_kl            | 0.010583386 |
|    clip_fraction        | 0.156       |
|    clip_range           | 0.2         |
|    entropy_loss         | -5.17       |
|    explained_variance   | 0.898       |
|    learning_rate        | 0.0003      |
|    loss                 | 2.77        |
|    n_updates            | 260         |
|    policy_gradient_loss | -0.00269    |
|    std                  | 0.884       |
|    value_loss           | 7.92        |
-----------------------------------------
-----------------------------------------
| rollout/                |             |
|    ep_len_mean          | 278         |
|    ep_rew_mean          | -173        |
| time/                   |             |
|    fps                  | 451         |
|    iterations           | 28          |
|    time_elapsed         | 190         |
|    total_timesteps      | 86016       |
| train/                  |             |
|    approx_kl            | 0.008104037 |
|    clip_fraction        | 0.102       |
|    clip_range           | 0.2         |
|    entropy_loss         | -5.18       |
|    explained_variance   | 0.852       |
|    learning_rate        | 0.0003      |
|    loss                 | 4.71        |
|    n_updates            | 270         |
|    policy_gradient_loss | -0.00525    |
|    std                  | 0.883       |
|    value_loss           | 9.23        |
-----------------------------------------
-----------------------------------------
| rollout/                |             |
|    ep_len_mean          | 280         |
|    ep_rew_mean          | -170        |
| time/                   |             |
|    fps                  | 451         |
|    iterations           | 29          |
|    time_elapsed         | 197         |
|    total_timesteps      | 89088       |
| train/                  |             |
|    approx_kl            | 0.009221307 |
|    clip_fraction        | 0.117       |
|    clip_range           | 0.2         |
|    entropy_loss         | -5.16       |
|    explained_variance   | 0.879       |
|    learning_rate        | 0.0003      |
|    loss                 | 3.53        |
|    n_updates            | 280         |
|    policy_gradient_loss | -0.00401    |
|    std                  | 0.878       |
|    value_loss           | 8.24        |
-----------------------------------------
-----------------------------------------
| rollout/                |             |
|    ep_len_mean          | 286         |
|    ep_rew_mean          | -164        |
| time/                   |             |
|    fps                  | 451         |
|    iterations           | 30          |
|    time_elapsed         | 203         |
|    total_timesteps      | 92160       |
| train/                  |             |
|    approx_kl            | 0.008012152 |
|    clip_fraction        | 0.107       |
|    clip_range           | 0.2         |
|    entropy_loss         | -5.17       |
|    explained_variance   | 0.903       |
|    learning_rate        | 0.0003      |
|    loss                 | 2.1         |
|    n_updates            | 290         |
|    policy_gradient_loss | -0.0039     |
|    std                  | 0.885       |
|    value_loss           | 6.05        |
-----------------------------------------
-----------------------------------------
| rollout/                |             |
|    ep_len_mean          | 286         |
|    ep_rew_mean          | -159        |
| time/                   |             |
|    fps                  | 452         |
|    iterations           | 31          |
|    time_elapsed         | 210         |
|    total_timesteps      | 95232       |
| train/                  |             |
|    approx_kl            | 0.013732538 |
|    clip_fraction        | 0.126       |
|    clip_range           | 0.2         |
|    entropy_loss         | -5.18       |
|    explained_variance   | 0.873       |
|    learning_rate        | 0.0003      |
|    loss                 | 1.12        |
|    n_updates            | 300         |
|    policy_gradient_loss | -0.00536    |
|    std                  | 0.882       |
|    value_loss           | 3.66        |
-----------------------------------------
-----------------------------------------
| rollout/                |             |
|    ep_len_mean          | 286         |
|    ep_rew_mean          | -153        |
| time/                   |             |
|    fps                  | 453         |
|    iterations           | 32          |
|    time_elapsed         | 216         |
|    total_timesteps      | 98304       |
| train/                  |             |
|    approx_kl            | 0.009060756 |
|    clip_fraction        | 0.101       |
|    clip_range           | 0.2         |
|    entropy_loss         | -5.16       |
|    explained_variance   | 0.815       |
|    learning_rate        | 0.0003      |
|    loss                 | 2.05        |
|    n_updates            | 310         |
|    policy_gradient_loss | -0.00322    |
|    std                  | 0.88        |
|    value_loss           | 14.9        |
-----------------------------------------
------------------------------------------
| rollout/                |              |
|    ep_len_mean          | 289          |
|    ep_rew_mean          | -153         |
| time/                   |              |
|    fps                  | 454          |
|    iterations           | 33           |
|    time_elapsed         | 223          |
|    total_timesteps      | 101376       |
| train/                  |              |
|    approx_kl            | 0.0073664747 |
|    clip_fraction        | 0.0917       |
|    clip_range           | 0.2          |
|    entropy_loss         | -5.16        |
|    explained_variance   | 0.77         |
|    learning_rate        | 0.0003       |
|    loss                 | 1.64         |
|    n_updates            | 320          |
|    policy_gradient_loss | -0.00526     |
|    std                  | 0.88         |
|    value_loss           | 17           |
------------------------------------------
-----------------------------------------
| rollout/                |             |
|    ep_len_mean          | 286         |
|    ep_rew_mean          | -147        |
| time/                   |             |
|    fps                  | 454         |
|    iterations           | 34          |
|    time_elapsed         | 229         |
|    total_timesteps      | 104448      |
| train/                  |             |
|    approx_kl            | 0.007992764 |
|    clip_fraction        | 0.101       |
|    clip_range           | 0.2         |
|    entropy_loss         | -5.15       |
|    explained_variance   | 0.674       |
|    learning_rate        | 0.0003      |
|    loss                 | 1.19        |
|    n_updates            | 330         |
|    policy_gradient_loss | 0.000317    |
|    std                  | 0.875       |
|    value_loss           | 6.51        |
-----------------------------------------
-----------------------------------------
| rollout/                |             |
|    ep_len_mean          | 286         |
|    ep_rew_mean          | -150        |
| time/                   |             |
|    fps                  | 455         |
|    iterations           | 35          |
|    time_elapsed         | 236         |
|    total_timesteps      | 107520      |
| train/                  |             |
|    approx_kl            | 0.009867153 |
|    clip_fraction        | 0.0996      |
|    clip_range           | 0.2         |
|    entropy_loss         | -5.14       |
|    explained_variance   | 0.839       |
|    learning_rate        | 0.0003      |
|    loss                 | 10.3        |
|    n_updates            | 340         |
|    policy_gradient_loss | -0.00523    |
|    std                  | 0.875       |
|    value_loss           | 18.1        |
-----------------------------------------
-----------------------------------------
| rollout/                |             |
|    ep_len_mean          | 283         |
|    ep_rew_mean          | -148        |
| time/                   |             |
|    fps                  | 455         |
|    iterations           | 36          |
|    time_elapsed         | 242         |
|    total_timesteps      | 110592      |
| train/                  |             |
|    approx_kl            | 0.009470892 |
|    clip_fraction        | 0.117       |
|    clip_range           | 0.2         |
|    entropy_loss         | -5.12       |
|    explained_variance   | 0.924       |
|    learning_rate        | 0.0003      |
|    loss                 | 1.25        |
|    n_updates            | 350         |
|    policy_gradient_loss | -0.00354    |
|    std                  | 0.868       |
|    value_loss           | 3.7         |
-----------------------------------------
----------------------------------------
| rollout/                |            |
|    ep_len_mean          | 275        |
|    ep_rew_mean          | -144       |
| time/                   |            |
|    fps                  | 456        |
|    iterations           | 37         |
|    time_elapsed         | 249        |
|    total_timesteps      | 113664     |
| train/                  |            |
|    approx_kl            | 0.00911419 |
|    clip_fraction        | 0.107      |
|    clip_range           | 0.2        |
|    entropy_loss         | -5.09      |
|    explained_variance   | 0.934      |
|    learning_rate        | 0.0003     |
|    loss                 | 1.76       |
|    n_updates            | 360        |
|    policy_gradient_loss | -0.00581   |
|    std                  | 0.864      |
|    value_loss           | 7.74       |
----------------------------------------
-----------------------------------------
| rollout/                |             |
|    ep_len_mean          | 275         |
|    ep_rew_mean          | -140        |
| time/                   |             |
|    fps                  | 457         |
|    iterations           | 38          |
|    time_elapsed         | 255         |
|    total_timesteps      | 116736      |
| train/                  |             |
|    approx_kl            | 0.013173227 |
|    clip_fraction        | 0.142       |
|    clip_range           | 0.2         |
|    entropy_loss         | -5.09       |
|    explained_variance   | 0.87        |
|    learning_rate        | 0.0003      |
|    loss                 | 9.2         |
|    n_updates            | 370         |
|    policy_gradient_loss | -0.00533    |
|    std                  | 0.867       |
|    value_loss           | 8.84        |
-----------------------------------------
-----------------------------------------
| rollout/                |             |
|    ep_len_mean          | 277         |
|    ep_rew_mean          | -143        |
| time/                   |             |
|    fps                  | 457         |
|    iterations           | 39          |
|    time_elapsed         | 261         |
|    total_timesteps      | 119808      |
| train/                  |             |
|    approx_kl            | 0.009487053 |
|    clip_fraction        | 0.145       |
|    clip_range           | 0.2         |
|    entropy_loss         | -5.09       |
|    explained_variance   | 0.952       |
|    learning_rate        | 0.0003      |
|    loss                 | 0.543       |
|    n_updates            | 380         |
|    policy_gradient_loss | -0.00596    |
|    std                  | 0.864       |
|    value_loss           | 1.94        |
-----------------------------------------
-----------------------------------------
| rollout/                |             |
|    ep_len_mean          | 277         |
|    ep_rew_mean          | -144        |
| time/                   |             |
|    fps                  | 459         |
|    iterations           | 40          |
|    time_elapsed         | 267         |
|    total_timesteps      | 122880      |
| train/                  |             |
|    approx_kl            | 0.009163533 |
|    clip_fraction        | 0.109       |
|    clip_range           | 0.2         |
|    entropy_loss         | -5.06       |
|    explained_variance   | 0.949       |
|    learning_rate        | 0.0003      |
|    loss                 | 0.993       |
|    n_updates            | 390         |
|    policy_gradient_loss | -0.00675    |
|    std                  | 0.857       |
|    value_loss           | 3.37        |
-----------------------------------------
-----------------------------------------
| rollout/                |             |
|    ep_len_mean          | 280         |
|    ep_rew_mean          | -146        |
| time/                   |             |
|    fps                  | 461         |
|    iterations           | 41          |
|    time_elapsed         | 272         |
|    total_timesteps      | 125952      |
| train/                  |             |
|    approx_kl            | 0.011568201 |
|    clip_fraction        | 0.11        |
|    clip_range           | 0.2         |
|    entropy_loss         | -5.03       |
|    explained_variance   | 0.942       |
|    learning_rate        | 0.0003      |
|    loss                 | 0.334       |
|    n_updates            | 400         |
|    policy_gradient_loss | -0.00457    |
|    std                  | 0.849       |
|    value_loss           | 2.25        |
-----------------------------------------
-----------------------------------------
| rollout/                |             |
|    ep_len_mean          | 280         |
|    ep_rew_mean          | -147        |
| time/                   |             |
|    fps                  | 463         |
|    iterations           | 42          |
|    time_elapsed         | 278         |
|    total_timesteps      | 129024      |
| train/                  |             |
|    approx_kl            | 0.012174192 |
|    clip_fraction        | 0.116       |
|    clip_range           | 0.2         |
|    entropy_loss         | -5.03       |
|    explained_variance   | 0.956       |
|    learning_rate        | 0.0003      |
|    loss                 | 2.54        |
|    n_updates            | 410         |
|    policy_gradient_loss | -0.00611    |
|    std                  | 0.856       |
|    value_loss           | 4.79        |
-----------------------------------------
-----------------------------------------
| rollout/                |             |
|    ep_len_mean          | 280         |
|    ep_rew_mean          | -146        |
| time/                   |             |
|    fps                  | 465         |
|    iterations           | 43          |
|    time_elapsed         | 283         |
|    total_timesteps      | 132096      |
| train/                  |             |
|    approx_kl            | 0.009650259 |
|    clip_fraction        | 0.109       |
|    clip_range           | 0.2         |
|    entropy_loss         | -5.04       |
|    explained_variance   | 0.962       |
|    learning_rate        | 0.0003      |
|    loss                 | 1.69        |
|    n_updates            | 420         |
|    policy_gradient_loss | -0.0036     |
|    std                  | 0.853       |
|    value_loss           | 3.88        |
-----------------------------------------
-----------------------------------------
| rollout/                |             |
|    ep_len_mean          | 283         |
|    ep_rew_mean          | -141        |
| time/                   |             |
|    fps                  | 466         |
|    iterations           | 44          |
|    time_elapsed         | 289         |
|    total_timesteps      | 135168      |
| train/                  |             |
|    approx_kl            | 0.009561026 |
|    clip_fraction        | 0.0939      |
|    clip_range           | 0.2         |
|    entropy_loss         | -5.03       |
|    explained_variance   | 0.766       |
|    learning_rate        | 0.0003      |
|    loss                 | 4.26        |
|    n_updates            | 430         |
|    policy_gradient_loss | -0.00427    |
|    std                  | 0.852       |
|    value_loss           | 24.8        |
-----------------------------------------
------------------------------------------
| rollout/                |              |
|    ep_len_mean          | 283          |
|    ep_rew_mean          | -138         |
| time/                   |              |
|    fps                  | 468          |
|    iterations           | 45           |
|    time_elapsed         | 294          |
|    total_timesteps      | 138240       |
| train/                  |              |
|    approx_kl            | 0.0125900805 |
|    clip_fraction        | 0.15         |
|    clip_range           | 0.2          |
|    entropy_loss         | -5.04        |
|    explained_variance   | 0.939        |
|    learning_rate        | 0.0003       |
|    loss                 | 1.01         |
|    n_updates            | 440          |
|    policy_gradient_loss | -0.00527     |
|    std                  | 0.854        |
|    value_loss           | 3.08         |
------------------------------------------
-----------------------------------------
| rollout/                |             |
|    ep_len_mean          | 286         |
|    ep_rew_mean          | -134        |
| time/                   |             |
|    fps                  | 471         |
|    iterations           | 46          |
|    time_elapsed         | 299         |
|    total_timesteps      | 141312      |
| train/                  |             |
|    approx_kl            | 0.019475361 |
|    clip_fraction        | 0.181       |
|    clip_range           | 0.2         |
|    entropy_loss         | -5.04       |
|    explained_variance   | 0.957       |
|    learning_rate        | 0.0003      |
|    loss                 | 14.7        |
|    n_updates            | 450         |
|    policy_gradient_loss | -0.00393    |
|    std                  | 0.854       |
|    value_loss           | 4.19        |
-----------------------------------------
-----------------------------------------
| rollout/                |             |
|    ep_len_mean          | 283         |
|    ep_rew_mean          | -132        |
| time/                   |             |
|    fps                  | 468         |
|    iterations           | 47          |
|    time_elapsed         | 308         |
|    total_timesteps      | 144384      |
| train/                  |             |
|    approx_kl            | 0.011081934 |
|    clip_fraction        | 0.119       |
|    clip_range           | 0.2         |
|    entropy_loss         | -5.02       |
|    explained_variance   | 0.942       |
|    learning_rate        | 0.0003      |
|    loss                 | 1.47        |
|    n_updates            | 460         |
|    policy_gradient_loss | -0.00848    |
|    std                  | 0.846       |
|    value_loss           | 5.63        |
-----------------------------------------
-----------------------------------------
| rollout/                |             |
|    ep_len_mean          | 280         |
|    ep_rew_mean          | -130        |
| time/                   |             |
|    fps                  | 468         |
|    iterations           | 48          |
|    time_elapsed         | 314         |
|    total_timesteps      | 147456      |
| train/                  |             |
|    approx_kl            | 0.015437986 |
|    clip_fraction        | 0.189       |
|    clip_range           | 0.2         |
|    entropy_loss         | -4.98       |
|    explained_variance   | 0.966       |
|    learning_rate        | 0.0003      |
|    loss                 | 0.475       |
|    n_updates            | 470         |
|    policy_gradient_loss | -0.00646    |
|    std                  | 0.841       |
|    value_loss           | 2.98        |
-----------------------------------------
-----------------------------------------
| rollout/                |             |
|    ep_len_mean          | 277         |
|    ep_rew_mean          | -125        |
| time/                   |             |
|    fps                  | 469         |
|    iterations           | 49          |
|    time_elapsed         | 320         |
|    total_timesteps      | 150528      |
| train/                  |             |
|    approx_kl            | 0.010945131 |
|    clip_fraction        | 0.129       |
|    clip_range           | 0.2         |
|    entropy_loss         | -4.96       |
|    explained_variance   | 0.823       |
|    learning_rate        | 0.0003      |
|    loss                 | 1.14        |
|    n_updates            | 480         |
|    policy_gradient_loss | -0.00171    |
|    std                  | 0.835       |
|    value_loss           | 12          |
-----------------------------------------
------------------------------------------
| rollout/                |              |
|    ep_len_mean          | 274          |
|    ep_rew_mean          | -125         |
| time/                   |              |
|    fps                  | 469          |
|    iterations           | 50           |
|    time_elapsed         | 327          |
|    total_timesteps      | 153600       |
| train/                  |              |
|    approx_kl            | 0.0072991163 |
|    clip_fraction        | 0.106        |
|    clip_range           | 0.2          |
|    entropy_loss         | -4.94        |
|    explained_variance   | 0.855        |
|    learning_rate        | 0.0003       |
|    loss                 | 2.05         |
|    n_updates            | 490          |
|    policy_gradient_loss | -0.00577     |
|    std                  | 0.833        |
|    value_loss           | 15           |
------------------------------------------
----------------------------------------
| rollout/                |            |
|    ep_len_mean          | 274        |
|    ep_rew_mean          | -125       |
| time/                   |            |
|    fps                  | 470        |
|    iterations           | 51         |
|    time_elapsed         | 333        |
|    total_timesteps      | 156672     |
| train/                  |            |
|    approx_kl            | 0.00981644 |
|    clip_fraction        | 0.124      |
|    clip_range           | 0.2        |
|    entropy_loss         | -4.92      |
|    explained_variance   | 0.933      |
|    learning_rate        | 0.0003     |
|    loss                 | 0.434      |
|    n_updates            | 500        |
|    policy_gradient_loss | -0.00631   |
|    std                  | 0.825      |
|    value_loss           | 6.08       |
----------------------------------------
-----------------------------------------
| rollout/                |             |
|    ep_len_mean          | 277         |
|    ep_rew_mean          | -126        |
| time/                   |             |
|    fps                  | 470         |
|    iterations           | 52          |
|    time_elapsed         | 339         |
|    total_timesteps      | 159744      |
| train/                  |             |
|    approx_kl            | 0.011874781 |
|    clip_fraction        | 0.147       |
|    clip_range           | 0.2         |
|    entropy_loss         | -4.9        |
|    explained_variance   | 0.969       |
|    learning_rate        | 0.0003      |
|    loss                 | 0.805       |
|    n_updates            | 510         |
|    policy_gradient_loss | -0.0045     |
|    std                  | 0.827       |
|    value_loss           | 2.66        |
-----------------------------------------
------------------------------------------
| rollout/                |              |
|    ep_len_mean          | 266          |
|    ep_rew_mean          | -121         |
| time/                   |              |
|    fps                  | 471          |
|    iterations           | 53           |
|    time_elapsed         | 345          |
|    total_timesteps      | 162816       |
| train/                  |              |
|    approx_kl            | 0.0134255225 |
|    clip_fraction        | 0.143        |
|    clip_range           | 0.2          |
|    entropy_loss         | -4.88        |
|    explained_variance   | 0.976        |
|    learning_rate        | 0.0003       |
|    loss                 | 0.43         |
|    n_updates            | 520          |
|    policy_gradient_loss | -0.00572     |
|    std                  | 0.818        |
|    value_loss           | 1.57         |
------------------------------------------
-----------------------------------------
| rollout/                |             |
|    ep_len_mean          | 260         |
|    ep_rew_mean          | -118        |
| time/                   |             |
|    fps                  | 471         |
|    iterations           | 54          |
|    time_elapsed         | 351         |
|    total_timesteps      | 165888      |
| train/                  |             |
|    approx_kl            | 0.018126892 |
|    clip_fraction        | 0.141       |
|    clip_range           | 0.2         |
|    entropy_loss         | -4.86       |
|    explained_variance   | 0.797       |
|    learning_rate        | 0.0003      |
|    loss                 | 2.38        |
|    n_updates            | 530         |
|    policy_gradient_loss | -0.00441    |
|    std                  | 0.818       |
|    value_loss           | 14.9        |
-----------------------------------------
----------------------------------------
| rollout/                |            |
|    ep_len_mean          | 258        |
|    ep_rew_mean          | -116       |
| time/                   |            |
|    fps                  | 471        |
|    iterations           | 55         |
|    time_elapsed         | 358        |
|    total_timesteps      | 168960     |
| train/                  |            |
|    approx_kl            | 0.00705916 |
|    clip_fraction        | 0.0994     |
|    clip_range           | 0.2        |
|    entropy_loss         | -4.86      |
|    explained_variance   | 0.883      |
|    learning_rate        | 0.0003     |
|    loss                 | 29.7       |
|    n_updates            | 540        |
|    policy_gradient_loss | -0.0019    |
|    std                  | 0.818      |
|    value_loss           | 13.6       |
----------------------------------------
-----------------------------------------
| rollout/                |             |
|    ep_len_mean          | 246         |
|    ep_rew_mean          | -108        |
| time/                   |             |
|    fps                  | 472         |
|    iterations           | 56          |
|    time_elapsed         | 363         |
|    total_timesteps      | 172032      |
| train/                  |             |
|    approx_kl            | 0.010372192 |
|    clip_fraction        | 0.104       |
|    clip_range           | 0.2         |
|    entropy_loss         | -4.85       |
|    explained_variance   | 0.821       |
|    learning_rate        | 0.0003      |
|    loss                 | 7.05        |
|    n_updates            | 550         |
|    policy_gradient_loss | -0.00411    |
|    std                  | 0.811       |
|    value_loss           | 18.9        |
-----------------------------------------
-----------------------------------------
| rollout/                |             |
|    ep_len_mean          | 246         |
|    ep_rew_mean          | -109        |
| time/                   |             |
|    fps                  | 473         |
|    iterations           | 57          |
|    time_elapsed         | 369         |
|    total_timesteps      | 175104      |
| train/                  |             |
|    approx_kl            | 0.010836826 |
|    clip_fraction        | 0.102       |
|    clip_range           | 0.2         |
|    entropy_loss         | -4.83       |
|    explained_variance   | 0.875       |
|    learning_rate        | 0.0003      |
|    loss                 | 6.95        |
|    n_updates            | 560         |
|    policy_gradient_loss | -2.33e-05   |
|    std                  | 0.812       |
|    value_loss           | 18.6        |
-----------------------------------------
-----------------------------------------
| rollout/                |             |
|    ep_len_mean          | 243         |
|    ep_rew_mean          | -106        |
| time/                   |             |
|    fps                  | 474         |
|    iterations           | 58          |
|    time_elapsed         | 375         |
|    total_timesteps      | 178176      |
| train/                  |             |
|    approx_kl            | 0.012227121 |
|    clip_fraction        | 0.151       |
|    clip_range           | 0.2         |
|    entropy_loss         | -4.84       |
|    explained_variance   | 0.974       |
|    learning_rate        | 0.0003      |
|    loss                 | 0.743       |
|    n_updates            | 570         |
|    policy_gradient_loss | -0.00386    |
|    std                  | 0.818       |
|    value_loss           | 2.44        |
-----------------------------------------
-----------------------------------------
| rollout/                |             |
|    ep_len_mean          | 243         |
|    ep_rew_mean          | -106        |
| time/                   |             |
|    fps                  | 475         |
|    iterations           | 59          |
|    time_elapsed         | 381         |
|    total_timesteps      | 181248      |
| train/                  |             |
|    approx_kl            | 0.006697912 |
|    clip_fraction        | 0.0674      |
|    clip_range           | 0.2         |
|    entropy_loss         | -4.85       |
|    explained_variance   | 0.862       |
|    learning_rate        | 0.0003      |
|    loss                 | 12.9        |
|    n_updates            | 580         |
|    policy_gradient_loss | -0.00497    |
|    std                  | 0.816       |
|    value_loss           | 24.2        |
-----------------------------------------
-----------------------------------------
| rollout/                |             |
|    ep_len_mean          | 243         |
|    ep_rew_mean          | -104        |
| time/                   |             |
|    fps                  | 475         |
|    iterations           | 60          |
|    time_elapsed         | 387         |
|    total_timesteps      | 184320      |
| train/                  |             |
|    approx_kl            | 0.017942278 |
|    clip_fraction        | 0.192       |
|    clip_range           | 0.2         |
|    entropy_loss         | -4.82       |
|    explained_variance   | 0.966       |
|    learning_rate        | 0.0003      |
|    loss                 | 10.6        |
|    n_updates            | 590         |
|    policy_gradient_loss | -0.000558   |
|    std                  | 0.805       |
|    value_loss           | 2.99        |
-----------------------------------------
-----------------------------------------
| rollout/                |             |
|    ep_len_mean          | 252         |
|    ep_rew_mean          | -107        |
| time/                   |             |
|    fps                  | 474         |
|    iterations           | 61          |
|    time_elapsed         | 395         |
|    total_timesteps      | 187392      |
| train/                  |             |
|    approx_kl            | 0.011766772 |
|    clip_fraction        | 0.164       |
|    clip_range           | 0.2         |
|    entropy_loss         | -4.78       |
|    explained_variance   | 0.976       |
|    learning_rate        | 0.0003      |
|    loss                 | 0.353       |
|    n_updates            | 600         |
|    policy_gradient_loss | -0.0023     |
|    std                  | 0.8         |
|    value_loss           | 1.88        |
-----------------------------------------
----------------------------------------
| rollout/                |            |
|    ep_len_mean          | 255        |
|    ep_rew_mean          | -109       |
| time/                   |            |
|    fps                  | 472        |
|    iterations           | 62         |
|    time_elapsed         | 402        |
|    total_timesteps      | 190464     |
| train/                  |            |
|    approx_kl            | 0.01434961 |
|    clip_fraction        | 0.152      |
|    clip_range           | 0.2        |
|    entropy_loss         | -4.75      |
|    explained_variance   | 0.975      |
|    learning_rate        | 0.0003     |
|    loss                 | 0.223      |
|    n_updates            | 610        |
|    policy_gradient_loss | -0.00715   |
|    std                  | 0.795      |
|    value_loss           | 1.43       |
----------------------------------------
-----------------------------------------
| rollout/                |             |
|    ep_len_mean          | 258         |
|    ep_rew_mean          | -113        |
| time/                   |             |
|    fps                  | 472         |
|    iterations           | 63          |
|    time_elapsed         | 409         |
|    total_timesteps      | 193536      |
| train/                  |             |
|    approx_kl            | 0.015869232 |
|    clip_fraction        | 0.118       |
|    clip_range           | 0.2         |
|    entropy_loss         | -4.75       |
|    explained_variance   | 0.735       |
|    learning_rate        | 0.0003      |
|    loss                 | 6.09        |
|    n_updates            | 620         |
|    policy_gradient_loss | -0.00401    |
|    std                  | 0.798       |
|    value_loss           | 11.4        |
-----------------------------------------
-----------------------------------------
| rollout/                |             |
|    ep_len_mean          | 263         |
|    ep_rew_mean          | -112        |
| time/                   |             |
|    fps                  | 471         |
|    iterations           | 64          |
|    time_elapsed         | 416         |
|    total_timesteps      | 196608      |
| train/                  |             |
|    approx_kl            | 0.007145742 |
|    clip_fraction        | 0.0533      |
|    clip_range           | 0.2         |
|    entropy_loss         | -4.75       |
|    explained_variance   | 0.582       |
|    learning_rate        | 0.0003      |
|    loss                 | 18.6        |
|    n_updates            | 630         |
|    policy_gradient_loss | -0.00447    |
|    std                  | 0.795       |
|    value_loss           | 46.8        |
-----------------------------------------
-----------------------------------------
| rollout/                |             |
|    ep_len_mean          | 269         |
|    ep_rew_mean          | -119        |
| time/                   |             |
|    fps                  | 471         |
|    iterations           | 65          |
|    time_elapsed         | 423         |
|    total_timesteps      | 199680      |
| train/                  |             |
|    approx_kl            | 0.012346969 |
|    clip_fraction        | 0.108       |
|    clip_range           | 0.2         |
|    entropy_loss         | -4.75       |
|    explained_variance   | 0.883       |
|    learning_rate        | 0.0003      |
|    loss                 | 3.84        |
|    n_updates            | 640         |
|    policy_gradient_loss | -0.00472    |
|    std                  | 0.797       |
|    value_loss           | 14.5        |
-----------------------------------------
[PeriodicArtifactCallback] step 200004: saving checkpoint, evaluating, rendering...
[PeriodicArtifactCallback] step 200004: success_rate=0.00 pick_success_rate=0.00 mean_reward=-213.22 -> C:\Users\laib28\OneDrive - Barker College\Documents\GitHub\HumanoidRobot\simulation\training\pick_place\runs\pp_v7\dashboard.html
-----------------------------------------
| rollout/                |             |
|    ep_len_mean          | 270         |
|    ep_rew_mean          | -116        |
| time/                   |             |
|    fps                  | 450         |
|    iterations           | 66          |
|    time_elapsed         | 449         |
|    total_timesteps      | 202752      |
| train/                  |             |
|    approx_kl            | 0.012108415 |
|    clip_fraction        | 0.117       |
|    clip_range           | 0.2         |
|    entropy_loss         | -4.76       |
|    explained_variance   | 0.878       |
|    learning_rate        | 0.0003      |
|    loss                 | 0.885       |
|    n_updates            | 650         |
|    policy_gradient_loss | -0.00397    |
|    std                  | 0.798       |
|    value_loss           | 15.1        |
-----------------------------------------
-----------------------------------------
| rollout/                |             |
|    ep_len_mean          | 261         |
|    ep_rew_mean          | -115        |
| time/                   |             |
|    fps                  | 450         |
|    iterations           | 67          |
|    time_elapsed         | 457         |
|    total_timesteps      | 205824      |
| train/                  |             |
|    approx_kl            | 0.022042075 |
|    clip_fraction        | 0.171       |
|    clip_range           | 0.2         |
|    entropy_loss         | -4.76       |
|    explained_variance   | 0.943       |
|    learning_rate        | 0.0003      |
|    loss                 | 0.766       |
|    n_updates            | 660         |
|    policy_gradient_loss | -0.00377    |
|    std                  | 0.797       |
|    value_loss           | 5.51        |
-----------------------------------------
-----------------------------------------
| rollout/                |             |
|    ep_len_mean          | 255         |
|    ep_rew_mean          | -113        |
| time/                   |             |
|    fps                  | 452         |
|    iterations           | 68          |
|    time_elapsed         | 461         |
|    total_timesteps      | 208896      |
| train/                  |             |
|    approx_kl            | 0.007883266 |
|    clip_fraction        | 0.104       |
|    clip_range           | 0.2         |
|    entropy_loss         | -4.75       |
|    explained_variance   | 0.823       |
|    learning_rate        | 0.0003      |
|    loss                 | 5.97        |
|    n_updates            | 670         |
|    policy_gradient_loss | -0.00565    |
|    std                  | 0.795       |
|    value_loss           | 28.8        |
-----------------------------------------
-----------------------------------------
| rollout/                |             |
|    ep_len_mean          | 249         |
|    ep_rew_mean          | -118        |
| time/                   |             |
|    fps                  | 455         |
|    iterations           | 69          |
|    time_elapsed         | 465         |
|    total_timesteps      | 211968      |
| train/                  |             |
|    approx_kl            | 0.011704487 |
|    clip_fraction        | 0.158       |
|    clip_range           | 0.2         |
|    entropy_loss         | -4.74       |
|    explained_variance   | 0.949       |
|    learning_rate        | 0.0003      |
|    loss                 | 1.2         |
|    n_updates            | 680         |
|    policy_gradient_loss | -0.00502    |
|    std                  | 0.796       |
|    value_loss           | 5.23        |
-----------------------------------------
-----------------------------------------
| rollout/                |             |
|    ep_len_mean          | 255         |
|    ep_rew_mean          | -121        |
| time/                   |             |
|    fps                  | 458         |
|    iterations           | 70          |
|    time_elapsed         | 469         |
|    total_timesteps      | 215040      |
| train/                  |             |
|    approx_kl            | 0.011495623 |
|    clip_fraction        | 0.117       |
|    clip_range           | 0.2         |
|    entropy_loss         | -4.74       |
|    explained_variance   | 0.947       |
|    learning_rate        | 0.0003      |
|    loss                 | 5.99        |
|    n_updates            | 690         |
|    policy_gradient_loss | -0.00418    |
|    std                  | 0.794       |
|    value_loss           | 10.6        |
-----------------------------------------
-----------------------------------------
| rollout/                |             |
|    ep_len_mean          | 249         |
|    ep_rew_mean          | -119        |
| time/                   |             |
|    fps                  | 461         |
|    iterations           | 71          |
|    time_elapsed         | 472         |
|    total_timesteps      | 218112      |
| train/                  |             |
|    approx_kl            | 0.009625445 |
|    clip_fraction        | 0.13        |
|    clip_range           | 0.2         |
|    entropy_loss         | -4.74       |
|    explained_variance   | 0.98        |
|    learning_rate        | 0.0003      |
|    loss                 | 1.16        |
|    n_updates            | 700         |
|    policy_gradient_loss | -0.00165    |
|    std                  | 0.794       |
|    value_loss           | 4.05        |
-----------------------------------------
-----------------------------------------
| rollout/                |             |
|    ep_len_mean          | 246         |
|    ep_rew_mean          | -120        |
| time/                   |             |
|    fps                  | 464         |
|    iterations           | 72          |
|    time_elapsed         | 476         |
|    total_timesteps      | 221184      |
| train/                  |             |
|    approx_kl            | 0.007593237 |
|    clip_fraction        | 0.124       |
|    clip_range           | 0.2         |
|    entropy_loss         | -4.72       |
|    explained_variance   | 0.847       |
|    learning_rate        | 0.0003      |
|    loss                 | 5.61        |
|    n_updates            | 710         |
|    policy_gradient_loss | -0.00386    |
|    std                  | 0.785       |
|    value_loss           | 11.2        |
-----------------------------------------
-----------------------------------------
| rollout/                |             |
|    ep_len_mean          | 246         |
|    ep_rew_mean          | -116        |
| time/                   |             |
|    fps                  | 467         |
|    iterations           | 73          |
|    time_elapsed         | 479         |
|    total_timesteps      | 224256      |
| train/                  |             |
|    approx_kl            | 0.011149228 |
|    clip_fraction        | 0.121       |
|    clip_range           | 0.2         |
|    entropy_loss         | -4.7        |
|    explained_variance   | 0.91        |
|    learning_rate        | 0.0003      |
|    loss                 | 1.67        |
|    n_updates            | 720         |
|    policy_gradient_loss | -0.00562    |
|    std                  | 0.788       |
|    value_loss           | 16.1        |
-----------------------------------------
-----------------------------------------
| rollout/                |             |
|    ep_len_mean          | 235         |
|    ep_rew_mean          | -108        |
| time/                   |             |
|    fps                  | 470         |
|    iterations           | 74          |
|    time_elapsed         | 483         |
|    total_timesteps      | 227328      |
| train/                  |             |
|    approx_kl            | 0.011370446 |
|    clip_fraction        | 0.162       |
|    clip_range           | 0.2         |
|    entropy_loss         | -4.69       |
|    explained_variance   | 0.942       |
|    learning_rate        | 0.0003      |
|    loss                 | 0.895       |
|    n_updates            | 730         |
|    policy_gradient_loss | -0.00226    |
|    std                  | 0.783       |
|    value_loss           | 5.05        |
-----------------------------------------
-----------------------------------------
| rollout/                |             |
|    ep_len_mean          | 246         |
|    ep_rew_mean          | -109        |
| time/                   |             |
|    fps                  | 473         |
|    iterations           | 75          |
|    time_elapsed         | 486         |
|    total_timesteps      | 230400      |
| train/                  |             |
|    approx_kl            | 0.013198126 |
|    clip_fraction        | 0.145       |
|    clip_range           | 0.2         |
|    entropy_loss         | -4.66       |
|    explained_variance   | 0.797       |
|    learning_rate        | 0.0003      |
|    loss                 | 2.84        |
|    n_updates            | 740         |
|    policy_gradient_loss | -0.00845    |
|    std                  | 0.776       |
|    value_loss           | 13.9        |
-----------------------------------------
-----------------------------------------
| rollout/                |             |
|    ep_len_mean          | 249         |
|    ep_rew_mean          | -108        |
| time/                   |             |
|    fps                  | 476         |
|    iterations           | 76          |
|    time_elapsed         | 490         |
|    total_timesteps      | 233472      |
| train/                  |             |
|    approx_kl            | 0.012001704 |
|    clip_fraction        | 0.172       |
|    clip_range           | 0.2         |
|    entropy_loss         | -4.62       |
|    explained_variance   | 0.927       |
|    learning_rate        | 0.0003      |
|    loss                 | 0.619       |
|    n_updates            | 750         |
|    policy_gradient_loss | -0.00236    |
|    std                  | 0.771       |
|    value_loss           | 4.07        |
-----------------------------------------
-----------------------------------------
| rollout/                |             |
|    ep_len_mean          | 249         |
|    ep_rew_mean          | -104        |
| time/                   |             |
|    fps                  | 479         |
|    iterations           | 77          |
|    time_elapsed         | 493         |
|    total_timesteps      | 236544      |
| train/                  |             |
|    approx_kl            | 0.012735479 |
|    clip_fraction        | 0.164       |
|    clip_range           | 0.2         |
|    entropy_loss         | -4.6        |
|    explained_variance   | 0.934       |
|    learning_rate        | 0.0003      |
|    loss                 | 0.493       |
|    n_updates            | 760         |
|    policy_gradient_loss | -0.000813   |
|    std                  | 0.764       |
|    value_loss           | 1.63        |
-----------------------------------------
-----------------------------------------
| rollout/                |             |
|    ep_len_mean          | 249         |
|    ep_rew_mean          | -101        |
| time/                   |             |
|    fps                  | 482         |
|    iterations           | 78          |
|    time_elapsed         | 496         |
|    total_timesteps      | 239616      |
| train/                  |             |
|    approx_kl            | 0.010418004 |
|    clip_fraction        | 0.145       |
|    clip_range           | 0.2         |
|    entropy_loss         | -4.57       |
|    explained_variance   | 0.936       |
|    learning_rate        | 0.0003      |
|    loss                 | 1.78        |
|    n_updates            | 770         |
|    policy_gradient_loss | -0.00644    |
|    std                  | 0.763       |
|    value_loss           | 5.82        |
-----------------------------------------
-----------------------------------------
| rollout/                |             |
|    ep_len_mean          | 254         |
|    ep_rew_mean          | -104        |
| time/                   |             |
|    fps                  | 484         |
|    iterations           | 79          |
|    time_elapsed         | 500         |
|    total_timesteps      | 242688      |
| train/                  |             |
|    approx_kl            | 0.009703449 |
|    clip_fraction        | 0.114       |
|    clip_range           | 0.2         |
|    entropy_loss         | -4.56       |
|    explained_variance   | 0.939       |
|    learning_rate        | 0.0003      |
|    loss                 | 0.814       |
|    n_updates            | 780         |
|    policy_gradient_loss | -0.00363    |
|    std                  | 0.758       |
|    value_loss           | 6.53        |
-----------------------------------------
-----------------------------------------
| rollout/                |             |
|    ep_len_mean          | 251         |
|    ep_rew_mean          | -103        |
| time/                   |             |
|    fps                  | 487         |
|    iterations           | 80          |
|    time_elapsed         | 503         |
|    total_timesteps      | 245760      |
| train/                  |             |
|    approx_kl            | 0.011993033 |
|    clip_fraction        | 0.179       |
|    clip_range           | 0.2         |
|    entropy_loss         | -4.55       |
|    explained_variance   | 0.952       |
|    learning_rate        | 0.0003      |
|    loss                 | 0.705       |
|    n_updates            | 790         |
|    policy_gradient_loss | -0.00327    |
|    std                  | 0.759       |
|    value_loss           | 2.82        |
-----------------------------------------
-----------------------------------------
| rollout/                |             |
|    ep_len_mean          | 255         |
|    ep_rew_mean          | -104        |
| time/                   |             |
|    fps                  | 490         |
|    iterations           | 81          |
|    time_elapsed         | 507         |
|    total_timesteps      | 248832      |
| train/                  |             |
|    approx_kl            | 0.014117677 |
|    clip_fraction        | 0.144       |
|    clip_range           | 0.2         |
|    entropy_loss         | -4.55       |
|    explained_variance   | 0.872       |
|    learning_rate        | 0.0003      |
|    loss                 | 1.3         |
|    n_updates            | 800         |
|    policy_gradient_loss | -0.00527    |
|    std                  | 0.758       |
|    value_loss           | 10.5        |
-----------------------------------------
-----------------------------------------
| rollout/                |             |
|    ep_len_mean          | 260         |
|    ep_rew_mean          | -109        |
| time/                   |             |
|    fps                  | 493         |
|    iterations           | 82          |
|    time_elapsed         | 510         |
|    total_timesteps      | 251904      |
| train/                  |             |
|    approx_kl            | 0.013273592 |
|    clip_fraction        | 0.19        |
|    clip_range           | 0.2         |
|    entropy_loss         | -4.53       |
|    explained_variance   | 0.904       |
|    learning_rate        | 0.0003      |
|    loss                 | 0.679       |
|    n_updates            | 810         |
|    policy_gradient_loss | -0.00427    |
|    std                  | 0.754       |
|    value_loss           | 5.42        |
-----------------------------------------
----------------------------------------
| rollout/                |            |
|    ep_len_mean          | 269        |
|    ep_rew_mean          | -110       |
| time/                   |            |
|    fps                  | 496        |
|    iterations           | 83         |
|    time_elapsed         | 513        |
|    total_timesteps      | 254976     |
| train/                  |            |
|    approx_kl            | 0.01683362 |
|    clip_fraction        | 0.177      |
|    clip_range           | 0.2        |
|    entropy_loss         | -4.52      |
|    explained_variance   | 0.887      |
|    learning_rate        | 0.0003     |
|    loss                 | 1.02       |
|    n_updates            | 820        |
|    policy_gradient_loss | -0.00363   |
|    std                  | 0.752      |
|    value_loss           | 4.19       |
----------------------------------------
-----------------------------------------
| rollout/                |             |
|    ep_len_mean          | 266         |
|    ep_rew_mean          | -109        |
| time/                   |             |
|    fps                  | 499         |
|    iterations           | 84          |
|    time_elapsed         | 516         |
|    total_timesteps      | 258048      |
| train/                  |             |
|    approx_kl            | 0.012687153 |
|    clip_fraction        | 0.138       |
|    clip_range           | 0.2         |
|    entropy_loss         | -4.51       |
|    explained_variance   | 0.851       |
|    learning_rate        | 0.0003      |
|    loss                 | 2.51        |
|    n_updates            | 830         |
|    policy_gradient_loss | -0.00275    |
|    std                  | 0.752       |
|    value_loss           | 5.86        |
-----------------------------------------
-----------------------------------------
| rollout/                |             |
|    ep_len_mean          | 266         |
|    ep_rew_mean          | -107        |
| time/                   |             |
|    fps                  | 502         |
|    iterations           | 85          |
|    time_elapsed         | 519         |
|    total_timesteps      | 261120      |
| train/                  |             |
|    approx_kl            | 0.010010365 |
|    clip_fraction        | 0.152       |
|    clip_range           | 0.2         |
|    entropy_loss         | -4.51       |
|    explained_variance   | 0.818       |
|    learning_rate        | 0.0003      |
|    loss                 | 10.8        |
|    n_updates            | 840         |
|    policy_gradient_loss | -0.00153    |
|    std                  | 0.754       |
|    value_loss           | 8.14        |
-----------------------------------------
-----------------------------------------
| rollout/                |             |
|    ep_len_mean          | 269         |
|    ep_rew_mean          | -107        |
| time/                   |             |
|    fps                  | 505         |
|    iterations           | 86          |
|    time_elapsed         | 523         |
|    total_timesteps      | 264192      |
| train/                  |             |
|    approx_kl            | 0.007024976 |
|    clip_fraction        | 0.0795      |
|    clip_range           | 0.2         |
|    entropy_loss         | -4.52       |
|    explained_variance   | 0.83        |
|    learning_rate        | 0.0003      |
|    loss                 | 3.94        |
|    n_updates            | 850         |
|    policy_gradient_loss | -0.00476    |
|    std                  | 0.754       |
|    value_loss           | 10.8        |
-----------------------------------------
-----------------------------------------
| rollout/                |             |
|    ep_len_mean          | 263         |
|    ep_rew_mean          | -102        |
| time/                   |             |
|    fps                  | 507         |
|    iterations           | 87          |
|    time_elapsed         | 526         |
|    total_timesteps      | 267264      |
| train/                  |             |
|    approx_kl            | 0.019119525 |
|    clip_fraction        | 0.213       |
|    clip_range           | 0.2         |
|    entropy_loss         | -4.5        |
|    explained_variance   | 0.856       |
|    learning_rate        | 0.0003      |
|    loss                 | 0.93        |
|    n_updates            | 860         |
|    policy_gradient_loss | -0.00135    |
|    std                  | 0.748       |
|    value_loss           | 2.07        |
-----------------------------------------
-----------------------------------------
| rollout/                |             |
|    ep_len_mean          | 263         |
|    ep_rew_mean          | -96.7       |
| time/                   |             |
|    fps                  | 510         |
|    iterations           | 88          |
|    time_elapsed         | 529         |
|    total_timesteps      | 270336      |
| train/                  |             |
|    approx_kl            | 0.015045551 |
|    clip_fraction        | 0.176       |
|    clip_range           | 0.2         |
|    entropy_loss         | -4.46       |
|    explained_variance   | 0.82        |
|    learning_rate        | 0.0003      |
|    loss                 | 1.64        |
|    n_updates            | 870         |
|    policy_gradient_loss | -0.00725    |
|    std                  | 0.74        |
|    value_loss           | 8.72        |
-----------------------------------------
---------------------------------------
| rollout/                |           |
|    ep_len_mean          | 263       |
|    ep_rew_mean          | -94.6     |
| time/                   |           |
|    fps                  | 513       |
|    iterations           | 89        |
|    time_elapsed         | 532       |
|    total_timesteps      | 273408    |
| train/                  |           |
|    approx_kl            | 0.0097853 |
|    clip_fraction        | 0.1       |
|    clip_range           | 0.2       |
|    entropy_loss         | -4.42     |
|    explained_variance   | 0.824     |
|    learning_rate        | 0.0003    |
|    loss                 | 2.34      |
|    n_updates            | 880       |
|    policy_gradient_loss | -0.0044   |
|    std                  | 0.733     |
|    value_loss           | 20.9      |
---------------------------------------
-----------------------------------------
| rollout/                |             |
|    ep_len_mean          | 261         |
|    ep_rew_mean          | -93.1       |
| time/                   |             |
|    fps                  | 515         |
|    iterations           | 90          |
|    time_elapsed         | 536         |
|    total_timesteps      | 276480      |
| train/                  |             |
|    approx_kl            | 0.011087739 |
|    clip_fraction        | 0.124       |
|    clip_range           | 0.2         |
|    entropy_loss         | -4.41       |
|    explained_variance   | 0.76        |
|    learning_rate        | 0.0003      |
|    loss                 | 2.03        |
|    n_updates            | 890         |
|    policy_gradient_loss | -0.00507    |
|    std                  | 0.736       |
|    value_loss           | 12.6        |
-----------------------------------------
-----------------------------------------
| rollout/                |             |
|    ep_len_mean          | 266         |
|    ep_rew_mean          | -94.1       |
| time/                   |             |
|    fps                  | 518         |
|    iterations           | 91          |
|    time_elapsed         | 539         |
|    total_timesteps      | 279552      |
| train/                  |             |
|    approx_kl            | 0.011758342 |
|    clip_fraction        | 0.141       |
|    clip_range           | 0.2         |
|    entropy_loss         | -4.42       |
|    explained_variance   | 0.823       |
|    learning_rate        | 0.0003      |
|    loss                 | 7.16        |
|    n_updates            | 900         |
|    policy_gradient_loss | -0.00518    |
|    std                  | 0.734       |
|    value_loss           | 19.7        |
-----------------------------------------
-----------------------------------------
| rollout/                |             |
|    ep_len_mean          | 266         |
|    ep_rew_mean          | -96.4       |
| time/                   |             |
|    fps                  | 521         |
|    iterations           | 92          |
|    time_elapsed         | 542         |
|    total_timesteps      | 282624      |
| train/                  |             |
|    approx_kl            | 0.012004331 |
|    clip_fraction        | 0.157       |
|    clip_range           | 0.2         |
|    entropy_loss         | -4.39       |
|    explained_variance   | 0.921       |
|    learning_rate        | 0.0003      |
|    loss                 | 3.26        |
|    n_updates            | 910         |
|    policy_gradient_loss | -0.00139    |
|    std                  | 0.729       |
|    value_loss           | 5.74        |
-----------------------------------------
------------------------------------------
| rollout/                |              |
|    ep_len_mean          | 266          |
|    ep_rew_mean          | -97          |
| time/                   |              |
|    fps                  | 524          |
|    iterations           | 93           |
|    time_elapsed         | 545          |
|    total_timesteps      | 285696       |
| train/                  |              |
|    approx_kl            | 0.0141198635 |
|    clip_fraction        | 0.165        |
|    clip_range           | 0.2          |
|    entropy_loss         | -4.36        |
|    explained_variance   | 0.944        |
|    learning_rate        | 0.0003       |
|    loss                 | 0.882        |
|    n_updates            | 920          |
|    policy_gradient_loss | -0.0008      |
|    std                  | 0.726        |
|    value_loss           | 2.85         |
------------------------------------------
-----------------------------------------
| rollout/                |             |
|    ep_len_mean          | 269         |
|    ep_rew_mean          | -93.8       |
| time/                   |             |
|    fps                  | 526         |
|    iterations           | 94          |
|    time_elapsed         | 548         |
|    total_timesteps      | 288768      |
| train/                  |             |
|    approx_kl            | 0.011408865 |
|    clip_fraction        | 0.172       |
|    clip_range           | 0.2         |
|    entropy_loss         | -4.34       |
|    explained_variance   | 0.82        |
|    learning_rate        | 0.0003      |
|    loss                 | 10.6        |
|    n_updates            | 930         |
|    policy_gradient_loss | -0.0021     |
|    std                  | 0.719       |
|    value_loss           | 9.17        |
-----------------------------------------
-----------------------------------------
| rollout/                |             |
|    ep_len_mean          | 267         |
|    ep_rew_mean          | -92.4       |
| time/                   |             |
|    fps                  | 529         |
|    iterations           | 95          |
|    time_elapsed         | 551         |
|    total_timesteps      | 291840      |
| train/                  |             |
|    approx_kl            | 0.012234089 |
|    clip_fraction        | 0.139       |
|    clip_range           | 0.2         |
|    entropy_loss         | -4.31       |
|    explained_variance   | 0.885       |
|    learning_rate        | 0.0003      |
|    loss                 | 3.1         |
|    n_updates            | 940         |
|    policy_gradient_loss | -0.00376    |
|    std                  | 0.716       |
|    value_loss           | 18.3        |
-----------------------------------------
-----------------------------------------
| rollout/                |             |
|    ep_len_mean          | 269         |
|    ep_rew_mean          | -96.3       |
| time/                   |             |
|    fps                  | 531         |
|    iterations           | 96          |
|    time_elapsed         | 554         |
|    total_timesteps      | 294912      |
| train/                  |             |
|    approx_kl            | 0.010927632 |
|    clip_fraction        | 0.107       |
|    clip_range           | 0.2         |
|    entropy_loss         | -4.3        |
|    explained_variance   | 0.857       |
|    learning_rate        | 0.0003      |
|    loss                 | 6.79        |
|    n_updates            | 950         |
|    policy_gradient_loss | -0.00454    |
|    std                  | 0.714       |
|    value_loss           | 21.2        |
-----------------------------------------
-----------------------------------------
| rollout/                |             |
|    ep_len_mean          | 272         |
|    ep_rew_mean          | -101        |
| time/                   |             |
|    fps                  | 533         |
|    iterations           | 97          |
|    time_elapsed         | 558         |
|    total_timesteps      | 297984      |
| train/                  |             |
|    approx_kl            | 0.015865654 |
|    clip_fraction        | 0.191       |
|    clip_range           | 0.2         |
|    entropy_loss         | -4.28       |
|    explained_variance   | 0.943       |
|    learning_rate        | 0.0003      |
|    loss                 | 0.889       |
|    n_updates            | 960         |
|    policy_gradient_loss | -0.00391    |
|    std                  | 0.711       |
|    value_loss           | 3.23        |
-----------------------------------------
-----------------------------------------
| rollout/                |             |
|    ep_len_mean          | 269         |
|    ep_rew_mean          | -103        |
| time/                   |             |
|    fps                  | 536         |
|    iterations           | 98          |
|    time_elapsed         | 561         |
|    total_timesteps      | 301056      |
| train/                  |             |
|    approx_kl            | 0.011013848 |
|    clip_fraction        | 0.142       |
|    clip_range           | 0.2         |
|    entropy_loss         | -4.27       |
|    explained_variance   | 0.908       |
|    learning_rate        | 0.0003      |
|    loss                 | 4.07        |
|    n_updates            | 970         |
|    policy_gradient_loss | -0.00469    |
|    std                  | 0.71        |
|    value_loss           | 18.4        |
-----------------------------------------
-----------------------------------------
| rollout/                |             |
|    ep_len_mean          | 272         |
|    ep_rew_mean          | -101        |
| time/                   |             |
|    fps                  | 538         |
|    iterations           | 99          |
|    time_elapsed         | 564         |
|    total_timesteps      | 304128      |
| train/                  |             |
|    approx_kl            | 0.012691572 |
|    clip_fraction        | 0.189       |
|    clip_range           | 0.2         |
|    entropy_loss         | -4.25       |
|    explained_variance   | 0.911       |
|    learning_rate        | 0.0003      |
|    loss                 | 10.2        |
|    n_updates            | 980         |
|    policy_gradient_loss | -0.00145    |
|    std                  | 0.705       |
|    value_loss           | 11.1        |
-----------------------------------------
-----------------------------------------
| rollout/                |             |
|    ep_len_mean          | 259         |
|    ep_rew_mean          | -94.5       |
| time/                   |             |
|    fps                  | 541         |
|    iterations           | 100         |
|    time_elapsed         | 567         |
|    total_timesteps      | 307200      |
| train/                  |             |
|    approx_kl            | 0.021398202 |
|    clip_fraction        | 0.225       |
|    clip_range           | 0.2         |
|    entropy_loss         | -4.2        |
|    explained_variance   | 0.926       |
|    learning_rate        | 0.0003      |
|    loss                 | 0.79        |
|    n_updates            | 990         |
|    policy_gradient_loss | -0.00281    |
|    std                  | 0.691       |
|    value_loss           | 6.57        |
-----------------------------------------
-----------------------------------------
| rollout/                |             |
|    ep_len_mean          | 253         |
|    ep_rew_mean          | -88.4       |
| time/                   |             |
|    fps                  | 543         |
|    iterations           | 101         |
|    time_elapsed         | 570         |
|    total_timesteps      | 310272      |
| train/                  |             |
|    approx_kl            | 0.010239839 |
|    clip_fraction        | 0.141       |
|    clip_range           | 0.2         |
|    entropy_loss         | -4.15       |
|    explained_variance   | 0.86        |
|    learning_rate        | 0.0003      |
|    loss                 | 5.24        |
|    n_updates            | 1000        |
|    policy_gradient_loss | -0.0068     |
|    std                  | 0.689       |
|    value_loss           | 26.7        |
-----------------------------------------
-----------------------------------------
| rollout/                |             |
|    ep_len_mean          | 242         |
|    ep_rew_mean          | -81.4       |
| time/                   |             |
|    fps                  | 546         |
|    iterations           | 102         |
|    time_elapsed         | 573         |
|    total_timesteps      | 313344      |
| train/                  |             |
|    approx_kl            | 0.016049964 |
|    clip_fraction        | 0.225       |
|    clip_range           | 0.2         |
|    entropy_loss         | -4.14       |
|    explained_variance   | 0.831       |
|    learning_rate        | 0.0003      |
|    loss                 | 21.6        |
|    n_updates            | 1010        |
|    policy_gradient_loss | -0.00212    |
|    std                  | 0.687       |
|    value_loss           | 9.73        |
-----------------------------------------
-----------------------------------------
| rollout/                |             |
|    ep_len_mean          | 247         |
|    ep_rew_mean          | -85.8       |
| time/                   |             |
|    fps                  | 547         |
|    iterations           | 103         |
|    time_elapsed         | 577         |
|    total_timesteps      | 316416      |
| train/                  |             |
|    approx_kl            | 0.010379624 |
|    clip_fraction        | 0.16        |
|    clip_range           | 0.2         |
|    entropy_loss         | -4.13       |
|    explained_variance   | 0.823       |
|    learning_rate        | 0.0003      |
|    loss                 | 7.01        |
|    n_updates            | 1020        |
|    policy_gradient_loss | -0.0036     |
|    std                  | 0.683       |
|    value_loss           | 19.4        |
-----------------------------------------
-----------------------------------------
| rollout/                |             |
|    ep_len_mean          | 242         |
|    ep_rew_mean          | -80.3       |
| time/                   |             |
|    fps                  | 549         |
|    iterations           | 104         |
|    time_elapsed         | 581         |
|    total_timesteps      | 319488      |
| train/                  |             |
|    approx_kl            | 0.018819837 |
|    clip_fraction        | 0.215       |
|    clip_range           | 0.2         |
|    entropy_loss         | -4.12       |
|    explained_variance   | 0.934       |
|    learning_rate        | 0.0003      |
|    loss                 | 1.53        |
|    n_updates            | 1030        |
|    policy_gradient_loss | -0.00222    |
|    std                  | 0.684       |
|    value_loss           | 4.11        |
-----------------------------------------
------------------------------------------
| rollout/                |              |
|    ep_len_mean          | 229          |
|    ep_rew_mean          | -67.2        |
| time/                   |              |
|    fps                  | 552          |
|    iterations           | 105          |
|    time_elapsed         | 584          |
|    total_timesteps      | 322560       |
| train/                  |              |
|    approx_kl            | 0.0109741045 |
|    clip_fraction        | 0.144        |
|    clip_range           | 0.2          |
|    entropy_loss         | -4.11        |
|    explained_variance   | 0.778        |
|    learning_rate        | 0.0003       |
|    loss                 | 9.26         |
|    n_updates            | 1040         |
|    policy_gradient_loss | -0.00431     |
|    std                  | 0.681        |
|    value_loss           | 13.1         |
------------------------------------------
-----------------------------------------
| rollout/                |             |
|    ep_len_mean          | 229         |
|    ep_rew_mean          | -65.9       |
| time/                   |             |
|    fps                  | 554         |
|    iterations           | 106         |
|    time_elapsed         | 587         |
|    total_timesteps      | 325632      |
| train/                  |             |
|    approx_kl            | 0.008836684 |
|    clip_fraction        | 0.0967      |
|    clip_range           | 0.2         |
|    entropy_loss         | -4.09       |
|    explained_variance   | 0.833       |
|    learning_rate        | 0.0003      |
|    loss                 | 8.64        |
|    n_updates            | 1050        |
|    policy_gradient_loss | -0.00272    |
|    std                  | 0.677       |
|    value_loss           | 23.7        |
-----------------------------------------
----------------------------------------
| rollout/                |            |
|    ep_len_mean          | 230        |
|    ep_rew_mean          | -66.2      |
| time/                   |            |
|    fps                  | 555        |
|    iterations           | 107        |
|    time_elapsed         | 591        |
|    total_timesteps      | 328704     |
| train/                  |            |
|    approx_kl            | 0.01710252 |
|    clip_fraction        | 0.163      |
|    clip_range           | 0.2        |
|    entropy_loss         | -4.07      |
|    explained_variance   | 0.824      |
|    learning_rate        | 0.0003     |
|    loss                 | 6.03       |
|    n_updates            | 1060       |
|    policy_gradient_loss | -0.00326   |
|    std                  | 0.672      |
|    value_loss           | 15.7       |
----------------------------------------
----------------------------------------
| rollout/                |            |
|    ep_len_mean          | 236        |
|    ep_rew_mean          | -69.2      |
| time/                   |            |
|    fps                  | 558        |
|    iterations           | 108        |
|    time_elapsed         | 594        |
|    total_timesteps      | 331776     |
| train/                  |            |
|    approx_kl            | 0.01655898 |
|    clip_fraction        | 0.183      |
|    clip_range           | 0.2        |
|    entropy_loss         | -4.03      |
|    explained_variance   | 0.868      |
|    learning_rate        | 0.0003     |
|    loss                 | 2.49       |
|    n_updates            | 1070       |
|    policy_gradient_loss | -0.00469   |
|    std                  | 0.666      |
|    value_loss           | 16.7       |
----------------------------------------
-----------------------------------------
| rollout/                |             |
|    ep_len_mean          | 235         |
|    ep_rew_mean          | -69.9       |
| time/                   |             |
|    fps                  | 560         |
|    iterations           | 109         |
|    time_elapsed         | 597         |
|    total_timesteps      | 334848      |
| train/                  |             |
|    approx_kl            | 0.016238354 |
|    clip_fraction        | 0.158       |
|    clip_range           | 0.2         |
|    entropy_loss         | -4.01       |
|    explained_variance   | 0.869       |
|    learning_rate        | 0.0003      |
|    loss                 | 11.6        |
|    n_updates            | 1080        |
|    policy_gradient_loss | -0.00274    |
|    std                  | 0.663       |
|    value_loss           | 18.5        |
-----------------------------------------
-----------------------------------------
| rollout/                |             |
|    ep_len_mean          | 249         |
|    ep_rew_mean          | -71.9       |
| time/                   |             |
|    fps                  | 562         |
|    iterations           | 110         |
|    time_elapsed         | 600         |
|    total_timesteps      | 337920      |
| train/                  |             |
|    approx_kl            | 0.023023104 |
|    clip_fraction        | 0.223       |
|    clip_range           | 0.2         |
|    entropy_loss         | -3.98       |
|    explained_variance   | 0.594       |
|    learning_rate        | 0.0003      |
|    loss                 | 3.95        |
|    n_updates            | 1090        |
|    policy_gradient_loss | -0.00117    |
|    std                  | 0.66        |
|    value_loss           | 10.7        |
-----------------------------------------
----------------------------------------
| rollout/                |            |
|    ep_len_mean          | 244        |
|    ep_rew_mean          | -65.8      |
| time/                   |            |
|    fps                  | 560        |
|    iterations           | 111        |
|    time_elapsed         | 608        |
|    total_timesteps      | 340992     |
| train/                  |            |
|    approx_kl            | 0.01416913 |
|    clip_fraction        | 0.141      |
|    clip_range           | 0.2        |
|    entropy_loss         | -3.97      |
|    explained_variance   | 0.379      |
|    learning_rate        | 0.0003     |
|    loss                 | 19.6       |
|    n_updates            | 1100       |
|    policy_gradient_loss | -0.00324   |
|    std                  | 0.657      |
|    value_loss           | 44.9       |
----------------------------------------
-----------------------------------------
| rollout/                |             |
|    ep_len_mean          | 247         |
|    ep_rew_mean          | -66.2       |
| time/                   |             |
|    fps                  | 558         |
|    iterations           | 112         |
|    time_elapsed         | 615         |
|    total_timesteps      | 344064      |
| train/                  |             |
|    approx_kl            | 0.011957124 |
|    clip_fraction        | 0.172       |
|    clip_range           | 0.2         |
|    entropy_loss         | -3.95       |
|    explained_variance   | 0.791       |
|    learning_rate        | 0.0003      |
|    loss                 | 5.7         |
|    n_updates            | 1110        |
|    policy_gradient_loss | -0.00129    |
|    std                  | 0.654       |
|    value_loss           | 13.3        |
-----------------------------------------
-----------------------------------------
| rollout/                |             |
|    ep_len_mean          | 257         |
|    ep_rew_mean          | -71.7       |
| time/                   |             |
|    fps                  | 559         |
|    iterations           | 113         |
|    time_elapsed         | 620         |
|    total_timesteps      | 347136      |
| train/                  |             |
|    approx_kl            | 0.017111057 |
|    clip_fraction        | 0.253       |
|    clip_range           | 0.2         |
|    entropy_loss         | -3.93       |
|    explained_variance   | 0.884       |
|    learning_rate        | 0.0003      |
|    loss                 | 0.469       |
|    n_updates            | 1120        |
|    policy_gradient_loss | 0.00643     |
|    std                  | 0.652       |
|    value_loss           | 3.75        |
-----------------------------------------
-----------------------------------------
| rollout/                |             |
|    ep_len_mean          | 260         |
|    ep_rew_mean          | -68.9       |
| time/                   |             |
|    fps                  | 561         |
|    iterations           | 114         |
|    time_elapsed         | 624         |
|    total_timesteps      | 350208      |
| train/                  |             |
|    approx_kl            | 0.010332524 |
|    clip_fraction        | 0.146       |
|    clip_range           | 0.2         |
|    entropy_loss         | -3.94       |
|    explained_variance   | 0.677       |
|    learning_rate        | 0.0003      |
|    loss                 | 22.5        |
|    n_updates            | 1130        |
|    policy_gradient_loss | -0.00573    |
|    std                  | 0.653       |
|    value_loss           | 34.1        |
-----------------------------------------
-----------------------------------------
| rollout/                |             |
|    ep_len_mean          | 265         |
|    ep_rew_mean          | -70.6       |
| time/                   |             |
|    fps                  | 562         |
|    iterations           | 115         |
|    time_elapsed         | 627         |
|    total_timesteps      | 353280      |
| train/                  |             |
|    approx_kl            | 0.019741165 |
|    clip_fraction        | 0.165       |
|    clip_range           | 0.2         |
|    entropy_loss         | -3.92       |
|    explained_variance   | 0.854       |
|    learning_rate        | 0.0003      |
|    loss                 | 2.81        |
|    n_updates            | 1140        |
|    policy_gradient_loss | -0.00342    |
|    std                  | 0.649       |
|    value_loss           | 5.36        |
-----------------------------------------
-----------------------------------------
| rollout/                |             |
|    ep_len_mean          | 259         |
|    ep_rew_mean          | -66.9       |
| time/                   |             |
|    fps                  | 564         |
|    iterations           | 116         |
|    time_elapsed         | 631         |
|    total_timesteps      | 356352      |
| train/                  |             |
|    approx_kl            | 0.019766577 |
|    clip_fraction        | 0.202       |
|    clip_range           | 0.2         |
|    entropy_loss         | -3.88       |
|    explained_variance   | 0.875       |
|    learning_rate        | 0.0003      |
|    loss                 | 1.45        |
|    n_updates            | 1150        |
|    policy_gradient_loss | -0.00342    |
|    std                  | 0.641       |
|    value_loss           | 7.02        |
-----------------------------------------
-----------------------------------------
| rollout/                |             |
|    ep_len_mean          | 258         |
|    ep_rew_mean          | -68.5       |
| time/                   |             |
|    fps                  | 565         |
|    iterations           | 117         |
|    time_elapsed         | 635         |
|    total_timesteps      | 359424      |
| train/                  |             |
|    approx_kl            | 0.010585911 |
|    clip_fraction        | 0.148       |
|    clip_range           | 0.2         |
|    entropy_loss         | -3.86       |
|    explained_variance   | 0.672       |
|    learning_rate        | 0.0003      |
|    loss                 | 7.62        |
|    n_updates            | 1160        |
|    policy_gradient_loss | -0.00537    |
|    std                  | 0.639       |
|    value_loss           | 14.6        |
-----------------------------------------
-----------------------------------------
| rollout/                |             |
|    ep_len_mean          | 259         |
|    ep_rew_mean          | -68.5       |
| time/                   |             |
|    fps                  | 566         |
|    iterations           | 118         |
|    time_elapsed         | 639         |
|    total_timesteps      | 362496      |
| train/                  |             |
|    approx_kl            | 0.016584327 |
|    clip_fraction        | 0.175       |
|    clip_range           | 0.2         |
|    entropy_loss         | -3.85       |
|    explained_variance   | 0.794       |
|    learning_rate        | 0.0003      |
|    loss                 | 4.4         |
|    n_updates            | 1170        |
|    policy_gradient_loss | -0.00528    |
|    std                  | 0.637       |
|    value_loss           | 10.6        |
-----------------------------------------
-----------------------------------------
| rollout/                |             |
|    ep_len_mean          | 256         |
|    ep_rew_mean          | -70.3       |
| time/                   |             |
|    fps                  | 568         |
|    iterations           | 119         |
|    time_elapsed         | 643         |
|    total_timesteps      | 365568      |
| train/                  |             |
|    approx_kl            | 0.013767916 |
|    clip_fraction        | 0.149       |
|    clip_range           | 0.2         |
|    entropy_loss         | -3.84       |
|    explained_variance   | 0.822       |
|    learning_rate        | 0.0003      |
|    loss                 | 4.27        |
|    n_updates            | 1180        |
|    policy_gradient_loss | -0.00207    |
|    std                  | 0.634       |
|    value_loss           | 12.6        |
-----------------------------------------
-----------------------------------------
| rollout/                |             |
|    ep_len_mean          | 254         |
|    ep_rew_mean          | -70.9       |
| time/                   |             |
|    fps                  | 569         |
|    iterations           | 120         |
|    time_elapsed         | 646         |
|    total_timesteps      | 368640      |
| train/                  |             |
|    approx_kl            | 0.017202621 |
|    clip_fraction        | 0.224       |
|    clip_range           | 0.2         |
|    entropy_loss         | -3.84       |
|    explained_variance   | 0.793       |
|    learning_rate        | 0.0003      |
|    loss                 | 7.43        |
|    n_updates            | 1190        |
|    policy_gradient_loss | -0.0031     |
|    std                  | 0.637       |
|    value_loss           | 8.05        |
-----------------------------------------
-----------------------------------------
| rollout/                |             |
|    ep_len_mean          | 251         |
|    ep_rew_mean          | -70         |
| time/                   |             |
|    fps                  | 571         |
|    iterations           | 121         |
|    time_elapsed         | 650         |
|    total_timesteps      | 371712      |
| train/                  |             |
|    approx_kl            | 0.014029707 |
|    clip_fraction        | 0.127       |
|    clip_range           | 0.2         |
|    entropy_loss         | -3.84       |
|    explained_variance   | 0.857       |
|    learning_rate        | 0.0003      |
|    loss                 | 3.23        |
|    n_updates            | 1200        |
|    policy_gradient_loss | -0.00552    |
|    std                  | 0.634       |
|    value_loss           | 14.7        |
-----------------------------------------
----------------------------------------
| rollout/                |            |
|    ep_len_mean          | 248        |
|    ep_rew_mean          | -68.6      |
| time/                   |            |
|    fps                  | 572        |
|    iterations           | 122        |
|    time_elapsed         | 654        |
|    total_timesteps      | 374784     |
| train/                  |            |
|    approx_kl            | 0.01768399 |
|    clip_fraction        | 0.201      |
|    clip_range           | 0.2        |
|    entropy_loss         | -3.81      |
|    explained_variance   | 0.805      |
|    learning_rate        | 0.0003     |
|    loss                 | 7.04       |
|    n_updates            | 1210       |
|    policy_gradient_loss | -0.00353   |
|    std                  | 0.63       |
|    value_loss           | 10         |
----------------------------------------
-----------------------------------------
| rollout/                |             |
|    ep_len_mean          | 240         |
|    ep_rew_mean          | -67.3       |
| time/                   |             |
|    fps                  | 573         |
|    iterations           | 123         |
|    time_elapsed         | 658         |
|    total_timesteps      | 377856      |
| train/                  |             |
|    approx_kl            | 0.014073055 |
|    clip_fraction        | 0.142       |
|    clip_range           | 0.2         |
|    entropy_loss         | -3.8        |
|    explained_variance   | 0.816       |
|    learning_rate        | 0.0003      |
|    loss                 | 5.84        |
|    n_updates            | 1220        |
|    policy_gradient_loss | -0.00522    |
|    std                  | 0.631       |
|    value_loss           | 16.8        |
-----------------------------------------
-----------------------------------------
| rollout/                |             |
|    ep_len_mean          | 248         |
|    ep_rew_mean          | -66.2       |
| time/                   |             |
|    fps                  | 575         |
|    iterations           | 124         |
|    time_elapsed         | 662         |
|    total_timesteps      | 380928      |
| train/                  |             |
|    approx_kl            | 0.012936018 |
|    clip_fraction        | 0.163       |
|    clip_range           | 0.2         |
|    entropy_loss         | -3.81       |
|    explained_variance   | 0.591       |
|    learning_rate        | 0.0003      |
|    loss                 | 11.1        |
|    n_updates            | 1230        |
|    policy_gradient_loss | -0.00542    |
|    std                  | 0.631       |
|    value_loss           | 35.8        |
-----------------------------------------
-----------------------------------------
| rollout/                |             |
|    ep_len_mean          | 248         |
|    ep_rew_mean          | -58.7       |
| time/                   |             |
|    fps                  | 576         |
|    iterations           | 125         |
|    time_elapsed         | 666         |
|    total_timesteps      | 384000      |
| train/                  |             |
|    approx_kl            | 0.014743726 |
|    clip_fraction        | 0.142       |
|    clip_range           | 0.2         |
|    entropy_loss         | -3.81       |
|    explained_variance   | 0.761       |
|    learning_rate        | 0.0003      |
|    loss                 | 39.7        |
|    n_updates            | 1240        |
|    policy_gradient_loss | -0.00338    |
|    std                  | 0.63        |
|    value_loss           | 58.7        |
-----------------------------------------
------------------------------------------
| rollout/                |              |
|    ep_len_mean          | 248          |
|    ep_rew_mean          | -59.8        |
| time/                   |              |
|    fps                  | 577          |
|    iterations           | 126          |
|    time_elapsed         | 670          |
|    total_timesteps      | 387072       |
| train/                  |              |
|    approx_kl            | 0.0118096275 |
|    clip_fraction        | 0.126        |
|    clip_range           | 0.2          |
|    entropy_loss         | -3.82        |
|    explained_variance   | 0.726        |
|    learning_rate        | 0.0003       |
|    loss                 | 25           |
|    n_updates            | 1250         |
|    policy_gradient_loss | -0.00415     |
|    std                  | 0.634        |
|    value_loss           | 97.8         |
------------------------------------------
-----------------------------------------
| rollout/                |             |
|    ep_len_mean          | 247         |
|    ep_rew_mean          | -59.7       |
| time/                   |             |
|    fps                  | 578         |
|    iterations           | 127         |
|    time_elapsed         | 674         |
|    total_timesteps      | 390144      |
| train/                  |             |
|    approx_kl            | 0.014371502 |
|    clip_fraction        | 0.166       |
|    clip_range           | 0.2         |
|    entropy_loss         | -3.83       |
|    explained_variance   | 0.632       |
|    learning_rate        | 0.0003      |
|    loss                 | 2.81        |
|    n_updates            | 1260        |
|    policy_gradient_loss | -0.00233    |
|    std                  | 0.635       |
|    value_loss           | 20          |
-----------------------------------------
-----------------------------------------
| rollout/                |             |
|    ep_len_mean          | 251         |
|    ep_rew_mean          | -63.4       |
| time/                   |             |
|    fps                  | 579         |
|    iterations           | 128         |
|    time_elapsed         | 678         |
|    total_timesteps      | 393216      |
| train/                  |             |
|    approx_kl            | 0.019855632 |
|    clip_fraction        | 0.202       |
|    clip_range           | 0.2         |
|    entropy_loss         | -3.81       |
|    explained_variance   | 0.815       |
|    learning_rate        | 0.0003      |
|    loss                 | 10.1        |
|    n_updates            | 1270        |
|    policy_gradient_loss | -0.00354    |
|    std                  | 0.627       |
|    value_loss           | 13.8        |
-----------------------------------------
-----------------------------------------
| rollout/                |             |
|    ep_len_mean          | 249         |
|    ep_rew_mean          | -56.7       |
| time/                   |             |
|    fps                  | 581         |
|    iterations           | 129         |
|    time_elapsed         | 681         |
|    total_timesteps      | 396288      |
| train/                  |             |
|    approx_kl            | 0.019294752 |
|    clip_fraction        | 0.208       |
|    clip_range           | 0.2         |
|    entropy_loss         | -3.78       |
|    explained_variance   | 0.704       |
|    learning_rate        | 0.0003      |
|    loss                 | 2.91        |
|    n_updates            | 1280        |
|    policy_gradient_loss | -0.00386    |
|    std                  | 0.625       |
|    value_loss           | 11.2        |
-----------------------------------------
-----------------------------------------
| rollout/                |             |
|    ep_len_mean          | 249         |
|    ep_rew_mean          | -54.1       |
| time/                   |             |
|    fps                  | 582         |
|    iterations           | 130         |
|    time_elapsed         | 685         |
|    total_timesteps      | 399360      |
| train/                  |             |
|    approx_kl            | 0.010975137 |
|    clip_fraction        | 0.15        |
|    clip_range           | 0.2         |
|    entropy_loss         | -3.75       |
|    explained_variance   | 0.695       |
|    learning_rate        | 0.0003      |
|    loss                 | 12.7        |
|    n_updates            | 1290        |
|    policy_gradient_loss | -0.00333    |
|    std                  | 0.618       |
|    value_loss           | 40.7        |
-----------------------------------------
[PeriodicArtifactCallback] step 400008: saving checkpoint, evaluating, rendering...
[PeriodicArtifactCallback] step 400008: success_rate=0.00 pick_success_rate=0.20 mean_reward=-70.86 -> C:\Users\laib28\OneDrive - Barker College\Documents\GitHub\HumanoidRobot\simulation\training\pick_place\runs\pp_v7\dashboard.html
-----------------------------------------
| rollout/                |             |
|    ep_len_mean          | 254         |
|    ep_rew_mean          | -47.3       |
| time/                   |             |
|    fps                  | 575         |
|    iterations           | 131         |
|    time_elapsed         | 699         |
|    total_timesteps      | 402432      |
| train/                  |             |
|    approx_kl            | 0.020246763 |
|    clip_fraction        | 0.179       |
|    clip_range           | 0.2         |
|    entropy_loss         | -3.74       |
|    explained_variance   | 0.719       |
|    learning_rate        | 0.0003      |
|    loss                 | 10.4        |
|    n_updates            | 1300        |
|    policy_gradient_loss | -0.00125    |
|    std                  | 0.62        |
|    value_loss           | 17          |
-----------------------------------------
-----------------------------------------
| rollout/                |             |
|    ep_len_mean          | 255         |
|    ep_rew_mean          | -53         |
| time/                   |             |
|    fps                  | 576         |
|    iterations           | 132         |
|    time_elapsed         | 703         |
|    total_timesteps      | 405504      |
| train/                  |             |
|    approx_kl            | 0.009450269 |
|    clip_fraction        | 0.1         |
|    clip_range           | 0.2         |
|    entropy_loss         | -3.74       |
|    explained_variance   | 0.668       |
|    learning_rate        | 0.0003      |
|    loss                 | 39.6        |
|    n_updates            | 1310        |
|    policy_gradient_loss | -0.00375    |
|    std                  | 0.617       |
|    value_loss           | 76.3        |
-----------------------------------------
-----------------------------------------
| rollout/                |             |
|    ep_len_mean          | 260         |
|    ep_rew_mean          | -53.3       |
| time/                   |             |
|    fps                  | 577         |
|    iterations           | 133         |
|    time_elapsed         | 707         |
|    total_timesteps      | 408576      |
| train/                  |             |
|    approx_kl            | 0.011514765 |
|    clip_fraction        | 0.192       |
|    clip_range           | 0.2         |
|    entropy_loss         | -3.73       |
|    explained_variance   | 0.862       |
|    learning_rate        | 0.0003      |
|    loss                 | 3.2         |
|    n_updates            | 1320        |
|    policy_gradient_loss | 0.000545    |
|    std                  | 0.619       |
|    value_loss           | 10.4        |
-----------------------------------------
----------------------------------------
| rollout/                |            |
|    ep_len_mean          | 262        |
|    ep_rew_mean          | -52.4      |
| time/                   |            |
|    fps                  | 575        |
|    iterations           | 134        |
|    time_elapsed         | 715        |
|    total_timesteps      | 411648     |
| train/                  |            |
|    approx_kl            | 0.01592396 |
|    clip_fraction        | 0.141      |
|    clip_range           | 0.2        |
|    entropy_loss         | -3.74      |
|    explained_variance   | 0.73       |
|    learning_rate        | 0.0003     |
|    loss                 | 11.9       |
|    n_updates            | 1330       |
|    policy_gradient_loss | -0.000945  |
|    std                  | 0.62       |
|    value_loss           | 37.9       |
----------------------------------------
-----------------------------------------
| rollout/                |             |
|    ep_len_mean          | 266         |
|    ep_rew_mean          | -54.5       |
| time/                   |             |
|    fps                  | 573         |
|    iterations           | 135         |
|    time_elapsed         | 722         |
|    total_timesteps      | 414720      |
| train/                  |             |
|    approx_kl            | 0.019184934 |
|    clip_fraction        | 0.192       |
|    clip_range           | 0.2         |
|    entropy_loss         | -3.75       |
|    explained_variance   | 0.817       |
|    learning_rate        | 0.0003      |
|    loss                 | 2.72        |
|    n_updates            | 1340        |
|    policy_gradient_loss | -0.00497    |
|    std                  | 0.62        |
|    value_loss           | 10.3        |
-----------------------------------------
-----------------------------------------
| rollout/                |             |
|    ep_len_mean          | 250         |
|    ep_rew_mean          | -47.1       |
| time/                   |             |
|    fps                  | 574         |
|    iterations           | 136         |
|    time_elapsed         | 727         |
|    total_timesteps      | 417792      |
| train/                  |             |
|    approx_kl            | 0.015806608 |
|    clip_fraction        | 0.184       |
|    clip_range           | 0.2         |
|    entropy_loss         | -3.75       |
|    explained_variance   | 0.891       |
|    learning_rate        | 0.0003      |
|    loss                 | 5.14        |
|    n_updates            | 1350        |
|    policy_gradient_loss | -0.00131    |
|    std                  | 0.62        |
|    value_loss           | 11          |
-----------------------------------------
-----------------------------------------
| rollout/                |             |
|    ep_len_mean          | 246         |
|    ep_rew_mean          | -41         |
| time/                   |             |
|    fps                  | 575         |
|    iterations           | 137         |
|    time_elapsed         | 731         |
|    total_timesteps      | 420864      |
| train/                  |             |
|    approx_kl            | 0.009648597 |
|    clip_fraction        | 0.115       |
|    clip_range           | 0.2         |
|    entropy_loss         | -3.74       |
|    explained_variance   | 0.677       |
|    learning_rate        | 0.0003      |
|    loss                 | 20.9        |
|    n_updates            | 1360        |
|    policy_gradient_loss | -0.00376    |
|    std                  | 0.616       |
|    value_loss           | 38.6        |
-----------------------------------------
-----------------------------------------
| rollout/                |             |
|    ep_len_mean          | 247         |
|    ep_rew_mean          | -42.3       |
| time/                   |             |
|    fps                  | 576         |
|    iterations           | 138         |
|    time_elapsed         | 735         |
|    total_timesteps      | 423936      |
| train/                  |             |
|    approx_kl            | 0.010578756 |
|    clip_fraction        | 0.121       |
|    clip_range           | 0.2         |
|    entropy_loss         | -3.72       |
|    explained_variance   | 0.731       |
|    learning_rate        | 0.0003      |
|    loss                 | 18          |
|    n_updates            | 1370        |
|    policy_gradient_loss | -0.00529    |
|    std                  | 0.615       |
|    value_loss           | 63.5        |
-----------------------------------------
----------------------------------------
| rollout/                |            |
|    ep_len_mean          | 246        |
|    ep_rew_mean          | -44.6      |
| time/                   |            |
|    fps                  | 577        |
|    iterations           | 139        |
|    time_elapsed         | 739        |
|    total_timesteps      | 427008     |
| train/                  |            |
|    approx_kl            | 0.01392639 |
|    clip_fraction        | 0.163      |
|    clip_range           | 0.2        |
|    entropy_loss         | -3.72      |
|    explained_variance   | 0.55       |
|    learning_rate        | 0.0003     |
|    loss                 | 24.5       |
|    n_updates            | 1380       |
|    policy_gradient_loss | -0.00357   |
|    std                  | 0.616      |
|    value_loss           | 42         |
----------------------------------------
-----------------------------------------
| rollout/                |             |
|    ep_len_mean          | 243         |
|    ep_rew_mean          | -44.4       |
| time/                   |             |
|    fps                  | 578         |
|    iterations           | 140         |
|    time_elapsed         | 743         |
|    total_timesteps      | 430080      |
| train/                  |             |
|    approx_kl            | 0.012466098 |
|    clip_fraction        | 0.186       |
|    clip_range           | 0.2         |
|    entropy_loss         | -3.7        |
|    explained_variance   | 0.839       |
|    learning_rate        | 0.0003      |
|    loss                 | 6.76        |
|    n_updates            | 1390        |
|    policy_gradient_loss | 0.000564    |
|    std                  | 0.609       |
|    value_loss           | 19.6        |
-----------------------------------------
-----------------------------------------
| rollout/                |             |
|    ep_len_mean          | 236         |
|    ep_rew_mean          | -48.1       |
| time/                   |             |
|    fps                  | 579         |
|    iterations           | 141         |
|    time_elapsed         | 746         |
|    total_timesteps      | 433152      |
| train/                  |             |
|    approx_kl            | 0.019202137 |
|    clip_fraction        | 0.202       |
|    clip_range           | 0.2         |
|    entropy_loss         | -3.69       |
|    explained_variance   | 0.84        |
|    learning_rate        | 0.0003      |
|    loss                 | 11.4        |
|    n_updates            | 1400        |
|    policy_gradient_loss | -0.00214    |
|    std                  | 0.613       |
|    value_loss           | 10.9        |
-----------------------------------------
-----------------------------------------
| rollout/                |             |
|    ep_len_mean          | 223         |
|    ep_rew_mean          | -37.6       |
| time/                   |             |
|    fps                  | 581         |
|    iterations           | 142         |
|    time_elapsed         | 750         |
|    total_timesteps      | 436224      |
| train/                  |             |
|    approx_kl            | 0.017124688 |
|    clip_fraction        | 0.214       |
|    clip_range           | 0.2         |
|    entropy_loss         | -3.7        |
|    explained_variance   | 0.782       |
|    learning_rate        | 0.0003      |
|    loss                 | 5.37        |
|    n_updates            | 1410        |
|    policy_gradient_loss | -0.0024     |
|    std                  | 0.612       |
|    value_loss           | 10          |
-----------------------------------------
-----------------------------------------
| rollout/                |             |
|    ep_len_mean          | 231         |
|    ep_rew_mean          | -37.8       |
| time/                   |             |
|    fps                  | 582         |
|    iterations           | 143         |
|    time_elapsed         | 754         |
|    total_timesteps      | 439296      |
| train/                  |             |
|    approx_kl            | 0.013203837 |
|    clip_fraction        | 0.128       |
|    clip_range           | 0.2         |
|    entropy_loss         | -3.69       |
|    explained_variance   | 0.677       |
|    learning_rate        | 0.0003      |
|    loss                 | 23.1        |
|    n_updates            | 1420        |
|    policy_gradient_loss | -0.0021     |
|    std                  | 0.61        |
|    value_loss           | 45.1        |
-----------------------------------------
----------------------------------------
| rollout/                |            |
|    ep_len_mean          | 227        |
|    ep_rew_mean          | -35.1      |
| time/                   |            |
|    fps                  | 583        |
|    iterations           | 144        |
|    time_elapsed         | 758        |
|    total_timesteps      | 442368     |
| train/                  |            |
|    approx_kl            | 0.01577312 |
|    clip_fraction        | 0.186      |
|    clip_range           | 0.2        |
|    entropy_loss         | -3.68      |
|    explained_variance   | 0.881      |
|    learning_rate        | 0.0003     |
|    loss                 | 3.89       |
|    n_updates            | 1430       |
|    policy_gradient_loss | -0.00473   |
|    std                  | 0.61       |
|    value_loss           | 16.3       |
----------------------------------------
-----------------------------------------
| rollout/                |             |
|    ep_len_mean          | 233         |
|    ep_rew_mean          | -39.8       |
| time/                   |             |
|    fps                  | 584         |
|    iterations           | 145         |
|    time_elapsed         | 762         |
|    total_timesteps      | 445440      |
| train/                  |             |
|    approx_kl            | 0.007436969 |
|    clip_fraction        | 0.1         |
|    clip_range           | 0.2         |
|    entropy_loss         | -3.67       |
|    explained_variance   | 0.717       |
|    learning_rate        | 0.0003      |
|    loss                 | 51.7        |
|    n_updates            | 1440        |
|    policy_gradient_loss | -0.00186    |
|    std                  | 0.608       |
|    value_loss           | 71.7        |
-----------------------------------------
------------------------------------------
| rollout/                |              |
|    ep_len_mean          | 229          |
|    ep_rew_mean          | -36          |
| time/                   |              |
|    fps                  | 585          |
|    iterations           | 146          |
|    time_elapsed         | 766          |
|    total_timesteps      | 448512       |
| train/                  |              |
|    approx_kl            | 0.0140784895 |
|    clip_fraction        | 0.146        |
|    clip_range           | 0.2          |
|    entropy_loss         | -3.66        |
|    explained_variance   | 0.801        |
|    learning_rate        | 0.0003       |
|    loss                 | 5.37         |
|    n_updates            | 1450         |
|    policy_gradient_loss | -0.00394     |
|    std                  | 0.606        |
|    value_loss           | 24.5         |
------------------------------------------
------------------------------------------
| rollout/                |              |
|    ep_len_mean          | 221          |
|    ep_rew_mean          | -32          |
| time/                   |              |
|    fps                  | 586          |
|    iterations           | 147          |
|    time_elapsed         | 770          |
|    total_timesteps      | 451584       |
| train/                  |              |
|    approx_kl            | 0.0137631595 |
|    clip_fraction        | 0.138        |
|    clip_range           | 0.2          |
|    entropy_loss         | -3.65        |
|    explained_variance   | 0.778        |
|    learning_rate        | 0.0003       |
|    loss                 | 20.1         |
|    n_updates            | 1460         |
|    policy_gradient_loss | -0.00917     |
|    std                  | 0.603        |
|    value_loss           | 43.2         |
------------------------------------------
-----------------------------------------
| rollout/                |             |
|    ep_len_mean          | 224         |
|    ep_rew_mean          | -29.2       |
| time/                   |             |
|    fps                  | 587         |
|    iterations           | 148         |
|    time_elapsed         | 773         |
|    total_timesteps      | 454656      |
| train/                  |             |
|    approx_kl            | 0.014703187 |
|    clip_fraction        | 0.16        |
|    clip_range           | 0.2         |
|    entropy_loss         | -3.63       |
|    explained_variance   | 0.863       |
|    learning_rate        | 0.0003      |
|    loss                 | 6.45        |
|    n_updates            | 1470        |
|    policy_gradient_loss | -0.00653    |
|    std                  | 0.601       |
|    value_loss           | 30.9        |
-----------------------------------------
-----------------------------------------
| rollout/                |             |
|    ep_len_mean          | 229         |
|    ep_rew_mean          | -32.1       |
| time/                   |             |
|    fps                  | 588         |
|    iterations           | 149         |
|    time_elapsed         | 777         |
|    total_timesteps      | 457728      |
| train/                  |             |
|    approx_kl            | 0.016377216 |
|    clip_fraction        | 0.167       |
|    clip_range           | 0.2         |
|    entropy_loss         | -3.65       |
|    explained_variance   | 0.785       |
|    learning_rate        | 0.0003      |
|    loss                 | 4.39        |
|    n_updates            | 1480        |
|    policy_gradient_loss | -0.00601    |
|    std                  | 0.605       |
|    value_loss           | 21.1        |
-----------------------------------------
-----------------------------------------
| rollout/                |             |
|    ep_len_mean          | 231         |
|    ep_rew_mean          | -37.6       |
| time/                   |             |
|    fps                  | 589         |
|    iterations           | 150         |
|    time_elapsed         | 782         |
|    total_timesteps      | 460800      |
| train/                  |             |
|    approx_kl            | 0.014171448 |
|    clip_fraction        | 0.176       |
|    clip_range           | 0.2         |
|    entropy_loss         | -3.67       |
|    explained_variance   | 0.865       |
|    learning_rate        | 0.0003      |
|    loss                 | 11.8        |
|    n_updates            | 1490        |
|    policy_gradient_loss | 0.0013      |
|    std                  | 0.609       |
|    value_loss           | 23.7        |
-----------------------------------------
-----------------------------------------
| rollout/                |             |
|    ep_len_mean          | 225         |
|    ep_rew_mean          | -29.1       |
| time/                   |             |
|    fps                  | 590         |
|    iterations           | 151         |
|    time_elapsed         | 785         |
|    total_timesteps      | 463872      |
| train/                  |             |
|    approx_kl            | 0.015119195 |
|    clip_fraction        | 0.207       |
|    clip_range           | 0.2         |
|    entropy_loss         | -3.67       |
|    explained_variance   | 0.92        |
|    learning_rate        | 0.0003      |
|    loss                 | 8.46        |
|    n_updates            | 1500        |
|    policy_gradient_loss | -0.00496    |
|    std                  | 0.606       |
|    value_loss           | 14.9        |
-----------------------------------------
-----------------------------------------
| rollout/                |             |
|    ep_len_mean          | 228         |
|    ep_rew_mean          | -34.3       |
| time/                   |             |
|    fps                  | 591         |
|    iterations           | 152         |
|    time_elapsed         | 789         |
|    total_timesteps      | 466944      |
| train/                  |             |
|    approx_kl            | 0.008824646 |
|    clip_fraction        | 0.102       |
|    clip_range           | 0.2         |
|    entropy_loss         | -3.66       |
|    explained_variance   | 0.59        |
|    learning_rate        | 0.0003      |
|    loss                 | 41.7        |
|    n_updates            | 1510        |
|    policy_gradient_loss | -0.00382    |
|    std                  | 0.605       |
|    value_loss           | 99.9        |
-----------------------------------------
-----------------------------------------
| rollout/                |             |
|    ep_len_mean          | 234         |
|    ep_rew_mean          | -29.8       |
| time/                   |             |
|    fps                  | 590         |
|    iterations           | 153         |
|    time_elapsed         | 796         |
|    total_timesteps      | 470016      |
| train/                  |             |
|    approx_kl            | 0.012900357 |
|    clip_fraction        | 0.183       |
|    clip_range           | 0.2         |
|    entropy_loss         | -3.65       |
|    explained_variance   | 0.685       |
|    learning_rate        | 0.0003      |
|    loss                 | 9.58        |
|    n_updates            | 1520        |
|    policy_gradient_loss | -0.00838    |
|    std                  | 0.603       |
|    value_loss           | 35.8        |
-----------------------------------------
----------------------------------------
| rollout/                |            |
|    ep_len_mean          | 236        |
|    ep_rew_mean          | -36.5      |
| time/                   |            |
|    fps                  | 589        |
|    iterations           | 154        |
|    time_elapsed         | 802        |
|    total_timesteps      | 473088     |
| train/                  |            |
|    approx_kl            | 0.01102974 |
|    clip_fraction        | 0.135      |
|    clip_range           | 0.2        |
|    entropy_loss         | -3.62      |
|    explained_variance   | 0.685      |
|    learning_rate        | 0.0003     |
|    loss                 | 30         |
|    n_updates            | 1530       |
|    policy_gradient_loss | -0.00661   |
|    std                  | 0.599      |
|    value_loss           | 85         |
----------------------------------------
-----------------------------------------
| rollout/                |             |
|    ep_len_mean          | 246         |
|    ep_rew_mean          | -44.7       |
| time/                   |             |
|    fps                  | 590         |
|    iterations           | 155         |
|    time_elapsed         | 806         |
|    total_timesteps      | 476160      |
| train/                  |             |
|    approx_kl            | 0.015927741 |
|    clip_fraction        | 0.189       |
|    clip_range           | 0.2         |
|    entropy_loss         | -3.61       |
|    explained_variance   | 0.598       |
|    learning_rate        | 0.0003      |
|    loss                 | 10.1        |
|    n_updates            | 1540        |
|    policy_gradient_loss | -0.0036     |
|    std                  | 0.598       |
|    value_loss           | 27          |
-----------------------------------------
-----------------------------------------
| rollout/                |             |
|    ep_len_mean          | 244         |
|    ep_rew_mean          | -44.5       |
| time/                   |             |
|    fps                  | 591         |
|    iterations           | 156         |
|    time_elapsed         | 810         |
|    total_timesteps      | 479232      |
| train/                  |             |
|    approx_kl            | 0.028923655 |
|    clip_fraction        | 0.268       |
|    clip_range           | 0.2         |
|    entropy_loss         | -3.59       |
|    explained_variance   | 0.874       |
|    learning_rate        | 0.0003      |
|    loss                 | 3.16        |
|    n_updates            | 1550        |
|    policy_gradient_loss | -0.000989   |
|    std                  | 0.595       |
|    value_loss           | 12.7        |
-----------------------------------------
-----------------------------------------
| rollout/                |             |
|    ep_len_mean          | 243         |
|    ep_rew_mean          | -41.1       |
| time/                   |             |
|    fps                  | 592         |
|    iterations           | 157         |
|    time_elapsed         | 813         |
|    total_timesteps      | 482304      |
| train/                  |             |
|    approx_kl            | 0.014323786 |
|    clip_fraction        | 0.17        |
|    clip_range           | 0.2         |
|    entropy_loss         | -3.57       |
|    explained_variance   | 0.877       |
|    learning_rate        | 0.0003      |
|    loss                 | 5.64        |
|    n_updates            | 1560        |
|    policy_gradient_loss | -0.00425    |
|    std                  | 0.59        |
|    value_loss           | 21.3        |
-----------------------------------------
-----------------------------------------
| rollout/                |             |
|    ep_len_mean          | 246         |
|    ep_rew_mean          | -43         |
| time/                   |             |
|    fps                  | 594         |
|    iterations           | 158         |
|    time_elapsed         | 816         |
|    total_timesteps      | 485376      |
| train/                  |             |
|    approx_kl            | 0.014168049 |
|    clip_fraction        | 0.156       |
|    clip_range           | 0.2         |
|    entropy_loss         | -3.54       |
|    explained_variance   | 0.658       |
|    learning_rate        | 0.0003      |
|    loss                 | 25.1        |
|    n_updates            | 1570        |
|    policy_gradient_loss | -0.00186    |
|    std                  | 0.585       |
|    value_loss           | 46.5        |
-----------------------------------------
-----------------------------------------
| rollout/                |             |
|    ep_len_mean          | 252         |
|    ep_rew_mean          | -52         |
| time/                   |             |
|    fps                  | 595         |
|    iterations           | 159         |
|    time_elapsed         | 820         |
|    total_timesteps      | 488448      |
| train/                  |             |
|    approx_kl            | 0.014966127 |
|    clip_fraction        | 0.227       |
|    clip_range           | 0.2         |
|    entropy_loss         | -3.52       |
|    explained_variance   | 0.853       |
|    learning_rate        | 0.0003      |
|    loss                 | 2.33        |
|    n_updates            | 1580        |
|    policy_gradient_loss | -0.00238    |
|    std                  | 0.584       |
|    value_loss           | 9.94        |
-----------------------------------------
-----------------------------------------
| rollout/                |             |
|    ep_len_mean          | 249         |
|    ep_rew_mean          | -51.5       |
| time/                   |             |
|    fps                  | 597         |
|    iterations           | 160         |
|    time_elapsed         | 823         |
|    total_timesteps      | 491520      |
| train/                  |             |
|    approx_kl            | 0.016283594 |
|    clip_fraction        | 0.187       |
|    clip_range           | 0.2         |
|    entropy_loss         | -3.51       |
|    explained_variance   | 0.826       |
|    learning_rate        | 0.0003      |
|    loss                 | 5.48        |
|    n_updates            | 1590        |
|    policy_gradient_loss | -0.0029     |
|    std                  | 0.581       |
|    value_loss           | 21.3        |
-----------------------------------------
-----------------------------------------
| rollout/                |             |
|    ep_len_mean          | 244         |
|    ep_rew_mean          | -51.9       |
| time/                   |             |
|    fps                  | 598         |
|    iterations           | 161         |
|    time_elapsed         | 826         |
|    total_timesteps      | 494592      |
| train/                  |             |
|    approx_kl            | 0.012589457 |
|    clip_fraction        | 0.134       |
|    clip_range           | 0.2         |
|    entropy_loss         | -3.5        |
|    explained_variance   | 0.69        |
|    learning_rate        | 0.0003      |
|    loss                 | 26          |
|    n_updates            | 1600        |
|    policy_gradient_loss | -0.00513    |
|    std                  | 0.585       |
|    value_loss           | 35.2        |
-----------------------------------------
------------------------------------------
| rollout/                |              |
|    ep_len_mean          | 242          |
|    ep_rew_mean          | -50.8        |
| time/                   |              |
|    fps                  | 599          |
|    iterations           | 162          |
|    time_elapsed         | 829          |
|    total_timesteps      | 497664       |
| train/                  |              |
|    approx_kl            | 0.0125809265 |
|    clip_fraction        | 0.161        |
|    clip_range           | 0.2          |
|    entropy_loss         | -3.51        |
|    explained_variance   | 0.766        |
|    learning_rate        | 0.0003       |
|    loss                 | 2.4          |
|    n_updates            | 1610         |
|    policy_gradient_loss | -0.00558     |
|    std                  | 0.582        |
|    value_loss           | 28.3         |
------------------------------------------
-----------------------------------------
| rollout/                |             |
|    ep_len_mean          | 230         |
|    ep_rew_mean          | -39.7       |
| time/                   |             |
|    fps                  | 601         |
|    iterations           | 163         |
|    time_elapsed         | 833         |
|    total_timesteps      | 500736      |
| train/                  |             |
|    approx_kl            | 0.021107987 |
|    clip_fraction        | 0.208       |
|    clip_range           | 0.2         |
|    entropy_loss         | -3.49       |
|    explained_variance   | 0.882       |
|    learning_rate        | 0.0003      |
|    loss                 | 17.1        |
|    n_updates            | 1620        |
|    policy_gradient_loss | -0.00721    |
|    std                  | 0.581       |
|    value_loss           | 16.4        |
-----------------------------------------
-----------------------------------------
| rollout/                |             |
|    ep_len_mean          | 232         |
|    ep_rew_mean          | -39         |
| time/                   |             |
|    fps                  | 602         |
|    iterations           | 164         |
|    time_elapsed         | 836         |
|    total_timesteps      | 503808      |
| train/                  |             |
|    approx_kl            | 0.010613923 |
|    clip_fraction        | 0.178       |
|    clip_range           | 0.2         |
|    entropy_loss         | -3.49       |
|    explained_variance   | 0.883       |
|    learning_rate        | 0.0003      |
|    loss                 | 8.65        |
|    n_updates            | 1630        |
|    policy_gradient_loss | -0.00368    |
|    std                  | 0.581       |
|    value_loss           | 28.8        |
-----------------------------------------
-----------------------------------------
| rollout/                |             |
|    ep_len_mean          | 226         |
|    ep_rew_mean          | -35.2       |
| time/                   |             |
|    fps                  | 603         |
|    iterations           | 165         |
|    time_elapsed         | 839         |
|    total_timesteps      | 506880      |
| train/                  |             |
|    approx_kl            | 0.011381571 |
|    clip_fraction        | 0.149       |
|    clip_range           | 0.2         |
|    entropy_loss         | -3.5        |
|    explained_variance   | 0.822       |
|    learning_rate        | 0.0003      |
|    loss                 | 8.68        |
|    n_updates            | 1640        |
|    policy_gradient_loss | -0.00259    |
|    std                  | 0.584       |
|    value_loss           | 49.2        |
-----------------------------------------
----------------------------------------
| rollout/                |            |
|    ep_len_mean          | 226        |
|    ep_rew_mean          | -33.9      |
| time/                   |            |
|    fps                  | 605        |
|    iterations           | 166        |
|    time_elapsed         | 842        |
|    total_timesteps      | 509952     |
| train/                  |            |
|    approx_kl            | 0.01830911 |
|    clip_fraction        | 0.219      |
|    clip_range           | 0.2        |
|    entropy_loss         | -3.51      |
|    explained_variance   | 0.851      |
|    learning_rate        | 0.0003     |
|    loss                 | 11.8       |
|    n_updates            | 1650       |
|    policy_gradient_loss | -0.000636  |
|    std                  | 0.585      |
|    value_loss           | 19.1       |
----------------------------------------
-----------------------------------------
| rollout/                |             |
|    ep_len_mean          | 225         |
|    ep_rew_mean          | -31.9       |
| time/                   |             |
|    fps                  | 606         |
|    iterations           | 167         |
|    time_elapsed         | 845         |
|    total_timesteps      | 513024      |
| train/                  |             |
|    approx_kl            | 0.014110506 |
|    clip_fraction        | 0.174       |
|    clip_range           | 0.2         |
|    entropy_loss         | -3.51       |
|    explained_variance   | 0.862       |
|    learning_rate        | 0.0003      |
|    loss                 | 3.25        |
|    n_updates            | 1660        |
|    policy_gradient_loss | -0.00336    |
|    std                  | 0.584       |
|    value_loss           | 19          |
-----------------------------------------
-----------------------------------------
| rollout/                |             |
|    ep_len_mean          | 227         |
|    ep_rew_mean          | -30.4       |
| time/                   |             |
|    fps                  | 607         |
|    iterations           | 168         |
|    time_elapsed         | 849         |
|    total_timesteps      | 516096      |
| train/                  |             |
|    approx_kl            | 0.010585832 |
|    clip_fraction        | 0.129       |
|    clip_range           | 0.2         |
|    entropy_loss         | -3.52       |
|    explained_variance   | 0.654       |
|    learning_rate        | 0.0003      |
|    loss                 | 19.7        |
|    n_updates            | 1670        |
|    policy_gradient_loss | -0.00374    |
|    std                  | 0.587       |
|    value_loss           | 55.4        |
-----------------------------------------
-----------------------------------------
| rollout/                |             |
|    ep_len_mean          | 225         |
|    ep_rew_mean          | -30.9       |
| time/                   |             |
|    fps                  | 608         |
|    iterations           | 169         |
|    time_elapsed         | 852         |
|    total_timesteps      | 519168      |
| train/                  |             |
|    approx_kl            | 0.021195551 |
|    clip_fraction        | 0.156       |
|    clip_range           | 0.2         |
|    entropy_loss         | -3.53       |
|    explained_variance   | 0.791       |
|    learning_rate        | 0.0003      |
|    loss                 | 10.5        |
|    n_updates            | 1680        |
|    policy_gradient_loss | -0.00274    |
|    std                  | 0.587       |
|    value_loss           | 35.7        |
-----------------------------------------
-----------------------------------------
| rollout/                |             |
|    ep_len_mean          | 224         |
|    ep_rew_mean          | -24.9       |
| time/                   |             |
|    fps                  | 610         |
|    iterations           | 170         |
|    time_elapsed         | 856         |
|    total_timesteps      | 522240      |
| train/                  |             |
|    approx_kl            | 0.008130471 |
|    clip_fraction        | 0.104       |
|    clip_range           | 0.2         |
|    entropy_loss         | -3.51       |
|    explained_variance   | 0.784       |
|    learning_rate        | 0.0003      |
|    loss                 | 109         |
|    n_updates            | 1690        |
|    policy_gradient_loss | -0.00502    |
|    std                  | 0.583       |
|    value_loss           | 97.6        |
-----------------------------------------
-----------------------------------------
| rollout/                |             |
|    ep_len_mean          | 230         |
|    ep_rew_mean          | -29         |
| time/                   |             |
|    fps                  | 611         |
|    iterations           | 171         |
|    time_elapsed         | 858         |
|    total_timesteps      | 525312      |
| train/                  |             |
|    approx_kl            | 0.015188046 |
|    clip_fraction        | 0.161       |
|    clip_range           | 0.2         |
|    entropy_loss         | -3.47       |
|    explained_variance   | 0.87        |
|    learning_rate        | 0.0003      |
|    loss                 | 5.64        |
|    n_updates            | 1700        |
|    policy_gradient_loss | -0.00248    |
|    std                  | 0.576       |
|    value_loss           | 32.7        |
-----------------------------------------
----------------------------------------
| rollout/                |            |
|    ep_len_mean          | 227        |
|    ep_rew_mean          | -29.1      |
| time/                   |            |
|    fps                  | 612        |
|    iterations           | 172        |
|    time_elapsed         | 862        |
|    total_timesteps      | 528384     |
| train/                  |            |
|    approx_kl            | 0.02458552 |
|    clip_fraction        | 0.222      |
|    clip_range           | 0.2        |
|    entropy_loss         | -3.45      |
|    explained_variance   | 0.804      |
|    learning_rate        | 0.0003     |
|    loss                 | 4.01       |
|    n_updates            | 1710       |
|    policy_gradient_loss | -0.000519  |
|    std                  | 0.575      |
|    value_loss           | 17.7       |
----------------------------------------
-----------------------------------------
| rollout/                |             |
|    ep_len_mean          | 223         |
|    ep_rew_mean          | -24.9       |
| time/                   |             |
|    fps                  | 609         |
|    iterations           | 173         |
|    time_elapsed         | 871         |
|    total_timesteps      | 531456      |
| train/                  |             |
|    approx_kl            | 0.012719001 |
|    clip_fraction        | 0.182       |
|    clip_range           | 0.2         |
|    entropy_loss         | -3.43       |
|    explained_variance   | 0.743       |
|    learning_rate        | 0.0003      |
|    loss                 | 8.07        |
|    n_updates            | 1720        |
|    policy_gradient_loss | -0.00605    |
|    std                  | 0.571       |
|    value_loss           | 32.4        |
-----------------------------------------
-----------------------------------------
| rollout/                |             |
|    ep_len_mean          | 218         |
|    ep_rew_mean          | -19         |
| time/                   |             |
|    fps                  | 608         |
|    iterations           | 174         |
|    time_elapsed         | 878         |
|    total_timesteps      | 534528      |
| train/                  |             |
|    approx_kl            | 0.012427558 |
|    clip_fraction        | 0.129       |
|    clip_range           | 0.2         |
|    entropy_loss         | -3.4        |
|    explained_variance   | 0.843       |
|    learning_rate        | 0.0003      |
|    loss                 | 10.4        |
|    n_updates            | 1730        |
|    policy_gradient_loss | -0.00467    |
|    std                  | 0.567       |
|    value_loss           | 55.6        |
-----------------------------------------
-----------------------------------------
| rollout/                |             |
|    ep_len_mean          | 216         |
|    ep_rew_mean          | -11.6       |
| time/                   |             |
|    fps                  | 608         |
|    iterations           | 175         |
|    time_elapsed         | 884         |
|    total_timesteps      | 537600      |
| train/                  |             |
|    approx_kl            | 0.011028171 |
|    clip_fraction        | 0.127       |
|    clip_range           | 0.2         |
|    entropy_loss         | -3.39       |
|    explained_variance   | 0.846       |
|    learning_rate        | 0.0003      |
|    loss                 | 28.8        |
|    n_updates            | 1740        |
|    policy_gradient_loss | -0.00366    |
|    std                  | 0.568       |
|    value_loss           | 69.5        |
-----------------------------------------
----------------------------------------
| rollout/                |            |
|    ep_len_mean          | 208        |
|    ep_rew_mean          | -10.5      |
| time/                   |            |
|    fps                  | 607        |
|    iterations           | 176        |
|    time_elapsed         | 889        |
|    total_timesteps      | 540672     |
| train/                  |            |
|    approx_kl            | 0.01133103 |
|    clip_fraction        | 0.131      |
|    clip_range           | 0.2        |
|    entropy_loss         | -3.37      |
|    explained_variance   | 0.647      |
|    learning_rate        | 0.0003     |
|    loss                 | 20.3       |
|    n_updates            | 1750       |
|    policy_gradient_loss | -0.00571   |
|    std                  | 0.562      |
|    value_loss           | 104        |
----------------------------------------
----------------------------------------
| rollout/                |            |
|    ep_len_mean          | 210        |
|    ep_rew_mean          | -12.2      |
| time/                   |            |
|    fps                  | 606        |
|    iterations           | 177        |
|    time_elapsed         | 896        |
|    total_timesteps      | 543744     |
| train/                  |            |
|    approx_kl            | 0.01878848 |
|    clip_fraction        | 0.196      |
|    clip_range           | 0.2        |
|    entropy_loss         | -3.36      |
|    explained_variance   | 0.742      |
|    learning_rate        | 0.0003     |
|    loss                 | 3.51       |
|    n_updates            | 1760       |
|    policy_gradient_loss | -0.00713   |
|    std                  | 0.566      |
|    value_loss           | 40.1       |
----------------------------------------
----------------------------------------
| rollout/                |            |
|    ep_len_mean          | 203        |
|    ep_rew_mean          | -1.87      |
| time/                   |            |
|    fps                  | 607        |
|    iterations           | 178        |
|    time_elapsed         | 900        |
|    total_timesteps      | 546816     |
| train/                  |            |
|    approx_kl            | 0.01582401 |
|    clip_fraction        | 0.178      |
|    clip_range           | 0.2        |
|    entropy_loss         | -3.38      |
|    explained_variance   | 0.782      |
|    learning_rate        | 0.0003     |
|    loss                 | 9.11       |
|    n_updates            | 1770       |
|    policy_gradient_loss | -0.00532   |
|    std                  | 0.566      |
|    value_loss           | 54.6       |
----------------------------------------
-----------------------------------------
| rollout/                |             |
|    ep_len_mean          | 201         |
|    ep_rew_mean          | 3.85        |
| time/                   |             |
|    fps                  | 608         |
|    iterations           | 179         |
|    time_elapsed         | 904         |
|    total_timesteps      | 549888      |
| train/                  |             |
|    approx_kl            | 0.012084792 |
|    clip_fraction        | 0.131       |
|    clip_range           | 0.2         |
|    entropy_loss         | -3.37       |
|    explained_variance   | 0.79        |
|    learning_rate        | 0.0003      |
|    loss                 | 24.9        |
|    n_updates            | 1780        |
|    policy_gradient_loss | -0.0044     |
|    std                  | 0.565       |
|    value_loss           | 97.6        |
-----------------------------------------
-----------------------------------------
| rollout/                |             |
|    ep_len_mean          | 193         |
|    ep_rew_mean          | 8.66        |
| time/                   |             |
|    fps                  | 608         |
|    iterations           | 180         |
|    time_elapsed         | 908         |
|    total_timesteps      | 552960      |
| train/                  |             |
|    approx_kl            | 0.013632953 |
|    clip_fraction        | 0.182       |
|    clip_range           | 0.2         |
|    entropy_loss         | -3.36       |
|    explained_variance   | 0.784       |
|    learning_rate        | 0.0003      |
|    loss                 | 32.3        |
|    n_updates            | 1790        |
|    policy_gradient_loss | 0.00196     |
|    std                  | 0.564       |
|    value_loss           | 65.3        |
-----------------------------------------
-----------------------------------------
| rollout/                |             |
|    ep_len_mean          | 195         |
|    ep_rew_mean          | 0.648       |
| time/                   |             |
|    fps                  | 610         |
|    iterations           | 181         |
|    time_elapsed         | 911         |
|    total_timesteps      | 556032      |
| train/                  |             |
|    approx_kl            | 0.013998705 |
|    clip_fraction        | 0.119       |
|    clip_range           | 0.2         |
|    entropy_loss         | -3.37       |
|    explained_variance   | 0.836       |
|    learning_rate        | 0.0003      |
|    loss                 | 47.4        |
|    n_updates            | 1800        |
|    policy_gradient_loss | -0.00395    |
|    std                  | 0.567       |
|    value_loss           | 133         |
-----------------------------------------
-----------------------------------------
| rollout/                |             |
|    ep_len_mean          | 201         |
|    ep_rew_mean          | -0.131      |
| time/                   |             |
|    fps                  | 611         |
|    iterations           | 182         |
|    time_elapsed         | 914         |
|    total_timesteps      | 559104      |
| train/                  |             |
|    approx_kl            | 0.020196186 |
|    clip_fraction        | 0.21        |
|    clip_range           | 0.2         |
|    entropy_loss         | -3.36       |
|    explained_variance   | 0.727       |
|    learning_rate        | 0.0003      |
|    loss                 | 5.83        |
|    n_updates            | 1810        |
|    policy_gradient_loss | -0.000187   |
|    std                  | 0.563       |
|    value_loss           | 26.6        |
-----------------------------------------
-----------------------------------------
| rollout/                |             |
|    ep_len_mean          | 194         |
|    ep_rew_mean          | 7.2         |
| time/                   |             |
|    fps                  | 612         |
|    iterations           | 183         |
|    time_elapsed         | 917         |
|    total_timesteps      | 562176      |
| train/                  |             |
|    approx_kl            | 0.012033455 |
|    clip_fraction        | 0.149       |
|    clip_range           | 0.2         |
|    entropy_loss         | -3.34       |
|    explained_variance   | 0.857       |
|    learning_rate        | 0.0003      |
|    loss                 | 24.4        |
|    n_updates            | 1820        |
|    policy_gradient_loss | -0.00477    |
|    std                  | 0.56        |
|    value_loss           | 69          |
-----------------------------------------
-----------------------------------------
| rollout/                |             |
|    ep_len_mean          | 199         |
|    ep_rew_mean          | 11.3        |
| time/                   |             |
|    fps                  | 613         |
|    iterations           | 184         |
|    time_elapsed         | 921         |
|    total_timesteps      | 565248      |
| train/                  |             |
|    approx_kl            | 0.008125176 |
|    clip_fraction        | 0.133       |
|    clip_range           | 0.2         |
|    entropy_loss         | -3.34       |
|    explained_variance   | 0.871       |
|    learning_rate        | 0.0003      |
|    loss                 | 24.1        |
|    n_updates            | 1830        |
|    policy_gradient_loss | -0.000928   |
|    std                  | 0.562       |
|    value_loss           | 99.1        |
-----------------------------------------
-----------------------------------------
| rollout/                |             |
|    ep_len_mean          | 196         |
|    ep_rew_mean          | 15.6        |
| time/                   |             |
|    fps                  | 614         |
|    iterations           | 185         |
|    time_elapsed         | 924         |
|    total_timesteps      | 568320      |
| train/                  |             |
|    approx_kl            | 0.008758183 |
|    clip_fraction        | 0.129       |
|    clip_range           | 0.2         |
|    entropy_loss         | -3.34       |
|    explained_variance   | 0.878       |
|    learning_rate        | 0.0003      |
|    loss                 | 52.8        |
|    n_updates            | 1840        |
|    policy_gradient_loss | -0.00346    |
|    std                  | 0.561       |
|    value_loss           | 150         |
-----------------------------------------
----------------------------------------
| rollout/                |            |
|    ep_len_mean          | 189        |
|    ep_rew_mean          | 13.8       |
| time/                   |            |
|    fps                  | 616        |
|    iterations           | 186        |
|    time_elapsed         | 927        |
|    total_timesteps      | 571392     |
| train/                  |            |
|    approx_kl            | 0.01208973 |
|    clip_fraction        | 0.112      |
|    clip_range           | 0.2        |
|    entropy_loss         | -3.34      |
|    explained_variance   | 0.88       |
|    learning_rate        | 0.0003     |
|    loss                 | 99.4       |
|    n_updates            | 1850       |
|    policy_gradient_loss | -0.00554   |
|    std                  | 0.563      |
|    value_loss           | 218        |
----------------------------------------
-----------------------------------------
| rollout/                |             |
|    ep_len_mean          | 203         |
|    ep_rew_mean          | 1.19        |
| time/                   |             |
|    fps                  | 616         |
|    iterations           | 187         |
|    time_elapsed         | 931         |
|    total_timesteps      | 574464      |
| train/                  |             |
|    approx_kl            | 0.012001127 |
|    clip_fraction        | 0.14        |
|    clip_range           | 0.2         |
|    entropy_loss         | -3.34       |
|    explained_variance   | 0.795       |
|    learning_rate        | 0.0003      |
|    loss                 | 38.6        |
|    n_updates            | 1860        |
|    policy_gradient_loss | -0.0015     |
|    std                  | 0.563       |
|    value_loss           | 141         |
-----------------------------------------
-----------------------------------------
| rollout/                |             |
|    ep_len_mean          | 203         |
|    ep_rew_mean          | 27.7        |
| time/                   |             |
|    fps                  | 617         |
|    iterations           | 188         |
|    time_elapsed         | 934         |
|    total_timesteps      | 577536      |
| train/                  |             |
|    approx_kl            | 0.014199198 |
|    clip_fraction        | 0.144       |
|    clip_range           | 0.2         |
|    entropy_loss         | -3.35       |
|    explained_variance   | 0.815       |
|    learning_rate        | 0.0003      |
|    loss                 | 81.1        |
|    n_updates            | 1870        |
|    policy_gradient_loss | -0.00613    |
|    std                  | 0.563       |
|    value_loss           | 190         |
-----------------------------------------
-----------------------------------------
| rollout/                |             |
|    ep_len_mean          | 204         |
|    ep_rew_mean          | 16.9        |
| time/                   |             |
|    fps                  | 618         |
|    iterations           | 189         |
|    time_elapsed         | 938         |
|    total_timesteps      | 580608      |
| train/                  |             |
|    approx_kl            | 0.016367361 |
|    clip_fraction        | 0.197       |
|    clip_range           | 0.2         |
|    entropy_loss         | -3.34       |
|    explained_variance   | 0.901       |
|    learning_rate        | 0.0003      |
|    loss                 | 30.7        |
|    n_updates            | 1880        |
|    policy_gradient_loss | -0.00349    |
|    std                  | 0.561       |
|    value_loss           | 108         |
-----------------------------------------
-----------------------------------------
| rollout/                |             |
|    ep_len_mean          | 212         |
|    ep_rew_mean          | 32.5        |
| time/                   |             |
|    fps                  | 619         |
|    iterations           | 190         |
|    time_elapsed         | 942         |
|    total_timesteps      | 583680      |
| train/                  |             |
|    approx_kl            | 0.010449655 |
|    clip_fraction        | 0.124       |
|    clip_range           | 0.2         |
|    entropy_loss         | -3.33       |
|    explained_variance   | 0.858       |
|    learning_rate        | 0.0003      |
|    loss                 | 37.5        |
|    n_updates            | 1890        |
|    policy_gradient_loss | -0.00332    |
|    std                  | 0.559       |
|    value_loss           | 221         |
-----------------------------------------
-----------------------------------------
| rollout/                |             |
|    ep_len_mean          | 206         |
|    ep_rew_mean          | 34.2        |
| time/                   |             |
|    fps                  | 620         |
|    iterations           | 191         |
|    time_elapsed         | 946         |
|    total_timesteps      | 586752      |
| train/                  |             |
|    approx_kl            | 0.012101543 |
|    clip_fraction        | 0.149       |
|    clip_range           | 0.2         |
|    entropy_loss         | -3.32       |
|    explained_variance   | 0.919       |
|    learning_rate        | 0.0003      |
|    loss                 | 121         |
|    n_updates            | 1900        |
|    policy_gradient_loss | -0.00328    |
|    std                  | 0.56        |
|    value_loss           | 176         |
-----------------------------------------
-----------------------------------------
| rollout/                |             |
|    ep_len_mean          | 216         |
|    ep_rew_mean          | 21.6        |
| time/                   |             |
|    fps                  | 621         |
|    iterations           | 192         |
|    time_elapsed         | 949         |
|    total_timesteps      | 589824      |
| train/                  |             |
|    approx_kl            | 0.011558254 |
|    clip_fraction        | 0.139       |
|    clip_range           | 0.2         |
|    entropy_loss         | -3.33       |
|    explained_variance   | 0.87        |
|    learning_rate        | 0.0003      |
|    loss                 | 56.8        |
|    n_updates            | 1910        |
|    policy_gradient_loss | -0.00223    |
|    std                  | 0.562       |
|    value_loss           | 177         |
-----------------------------------------
-----------------------------------------
| rollout/                |             |
|    ep_len_mean          | 220         |
|    ep_rew_mean          | 23.7        |
| time/                   |             |
|    fps                  | 622         |
|    iterations           | 193         |
|    time_elapsed         | 952         |
|    total_timesteps      | 592896      |
| train/                  |             |
|    approx_kl            | 0.013952675 |
|    clip_fraction        | 0.202       |
|    clip_range           | 0.2         |
|    entropy_loss         | -3.34       |
|    explained_variance   | 0.921       |
|    learning_rate        | 0.0003      |
|    loss                 | 59.2        |
|    n_updates            | 1920        |
|    policy_gradient_loss | -0.00119    |
|    std                  | 0.562       |
|    value_loss           | 172         |
-----------------------------------------
-----------------------------------------
| rollout/                |             |
|    ep_len_mean          | 214         |
|    ep_rew_mean          | 29          |
| time/                   |             |
|    fps                  | 623         |
|    iterations           | 194         |
|    time_elapsed         | 955         |
|    total_timesteps      | 595968      |
| train/                  |             |
|    approx_kl            | 0.015613578 |
|    clip_fraction        | 0.224       |
|    clip_range           | 0.2         |
|    entropy_loss         | -3.32       |
|    explained_variance   | 0.853       |
|    learning_rate        | 0.0003      |
|    loss                 | 175         |
|    n_updates            | 1930        |
|    policy_gradient_loss | -0.000967   |
|    std                  | 0.558       |
|    value_loss           | 224         |
-----------------------------------------
-----------------------------------------
| rollout/                |             |
|    ep_len_mean          | 214         |
|    ep_rew_mean          | 11.3        |
| time/                   |             |
|    fps                  | 624         |
|    iterations           | 195         |
|    time_elapsed         | 959         |
|    total_timesteps      | 599040      |
| train/                  |             |
|    approx_kl            | 0.019824516 |
|    clip_fraction        | 0.232       |
|    clip_range           | 0.2         |
|    entropy_loss         | -3.28       |
|    explained_variance   | 0.756       |
|    learning_rate        | 0.0003      |
|    loss                 | 45.2        |
|    n_updates            | 1940        |
|    policy_gradient_loss | -0.0013     |
|    std                  | 0.552       |
|    value_loss           | 49.6        |
-----------------------------------------
[PeriodicArtifactCallback] step 600012: saving checkpoint, evaluating, rendering...
[PeriodicArtifactCallback] step 600012: success_rate=0.00 pick_success_rate=0.40 mean_reward=43.83 -> C:\Users\laib28\OneDrive - Barker College\Documents\GitHub\HumanoidRobot\simulation\training\pick_place\runs\pp_v7\dashboard.html
-----------------------------------------
| rollout/                |             |
|    ep_len_mean          | 199         |
|    ep_rew_mean          | 11.2        |
| time/                   |             |
|    fps                  | 619         |
|    iterations           | 196         |
|    time_elapsed         | 971         |
|    total_timesteps      | 602112      |
| train/                  |             |
|    approx_kl            | 0.018483495 |
|    clip_fraction        | 0.223       |
|    clip_range           | 0.2         |
|    entropy_loss         | -3.25       |
|    explained_variance   | 0.545       |
|    learning_rate        | 0.0003      |
|    loss                 | 50.3        |
|    n_updates            | 1950        |
|    policy_gradient_loss | -0.0054     |
|    std                  | 0.548       |
|    value_loss           | 103         |
-----------------------------------------
-----------------------------------------
| rollout/                |             |
|    ep_len_mean          | 207         |
|    ep_rew_mean          | 1.61        |
| time/                   |             |
|    fps                  | 620         |
|    iterations           | 197         |
|    time_elapsed         | 974         |
|    total_timesteps      | 605184      |
| train/                  |             |
|    approx_kl            | 0.014450453 |
|    clip_fraction        | 0.167       |
|    clip_range           | 0.2         |
|    entropy_loss         | -3.23       |
|    explained_variance   | 0.754       |
|    learning_rate        | 0.0003      |
|    loss                 | 31.4        |
|    n_updates            | 1960        |
|    policy_gradient_loss | -0.00234    |
|    std                  | 0.548       |
|    value_loss           | 107         |
-----------------------------------------
-----------------------------------------
| rollout/                |             |
|    ep_len_mean          | 203         |
|    ep_rew_mean          | 0.201       |
| time/                   |             |
|    fps                  | 622         |
|    iterations           | 198         |
|    time_elapsed         | 977         |
|    total_timesteps      | 608256      |
| train/                  |             |
|    approx_kl            | 0.012725149 |
|    clip_fraction        | 0.146       |
|    clip_range           | 0.2         |
|    entropy_loss         | -3.25       |
|    explained_variance   | 0.801       |
|    learning_rate        | 0.0003      |
|    loss                 | 23.2        |
|    n_updates            | 1970        |
|    policy_gradient_loss | -0.00412    |
|    std                  | 0.551       |
|    value_loss           | 110         |
-----------------------------------------
-----------------------------------------
| rollout/                |             |
|    ep_len_mean          | 206         |
|    ep_rew_mean          | -9.51       |
| time/                   |             |
|    fps                  | 623         |
|    iterations           | 199         |
|    time_elapsed         | 980         |
|    total_timesteps      | 611328      |
| train/                  |             |
|    approx_kl            | 0.019343888 |
|    clip_fraction        | 0.188       |
|    clip_range           | 0.2         |
|    entropy_loss         | -3.25       |
|    explained_variance   | 0.82        |
|    learning_rate        | 0.0003      |
|    loss                 | 30.7        |
|    n_updates            | 1980        |
|    policy_gradient_loss | -0.000544   |
|    std                  | 0.551       |
|    value_loss           | 87          |
-----------------------------------------
-----------------------------------------
| rollout/                |             |
|    ep_len_mean          | 207         |
|    ep_rew_mean          | -13.9       |
| time/                   |             |
|    fps                  | 624         |
|    iterations           | 200         |
|    time_elapsed         | 984         |
|    total_timesteps      | 614400      |
| train/                  |             |
|    approx_kl            | 0.016914409 |
|    clip_fraction        | 0.209       |
|    clip_range           | 0.2         |
|    entropy_loss         | -3.22       |
|    explained_variance   | 0.814       |
|    learning_rate        | 0.0003      |
|    loss                 | 9.84        |
|    n_updates            | 1990        |
|    policy_gradient_loss | -0.00316    |
|    std                  | 0.542       |
|    value_loss           | 71.8        |
-----------------------------------------
-----------------------------------------
| rollout/                |             |
|    ep_len_mean          | 210         |
|    ep_rew_mean          | -6.85       |
| time/                   |             |
|    fps                  | 625         |
|    iterations           | 201         |
|    time_elapsed         | 987         |
|    total_timesteps      | 617472      |
| train/                  |             |
|    approx_kl            | 0.012347892 |
|    clip_fraction        | 0.143       |
|    clip_range           | 0.2         |
|    entropy_loss         | -3.18       |
|    explained_variance   | 0.844       |
|    learning_rate        | 0.0003      |
|    loss                 | 58.7        |
|    n_updates            | 2000        |
|    policy_gradient_loss | -0.00821    |
|    std                  | 0.54        |
|    value_loss           | 223         |
-----------------------------------------
-----------------------------------------
| rollout/                |             |
|    ep_len_mean          | 208         |
|    ep_rew_mean          | 0.455       |
| time/                   |             |
|    fps                  | 626         |
|    iterations           | 202         |
|    time_elapsed         | 991         |
|    total_timesteps      | 620544      |
| train/                  |             |
|    approx_kl            | 0.013947864 |
|    clip_fraction        | 0.199       |
|    clip_range           | 0.2         |
|    entropy_loss         | -3.15       |
|    explained_variance   | 0.861       |
|    learning_rate        | 0.0003      |
|    loss                 | 32.2        |
|    n_updates            | 2010        |
|    policy_gradient_loss | -0.00319    |
|    std                  | 0.536       |
|    value_loss           | 94.5        |
-----------------------------------------
----------------------------------------
| rollout/                |            |
|    ep_len_mean          | 217        |
|    ep_rew_mean          | -2.36      |
| time/                   |            |
|    fps                  | 627        |
|    iterations           | 203        |
|    time_elapsed         | 994        |
|    total_timesteps      | 623616     |
| train/                  |            |
|    approx_kl            | 0.01343292 |
|    clip_fraction        | 0.169      |
|    clip_range           | 0.2        |
|    entropy_loss         | -3.13      |
|    explained_variance   | 0.812      |
|    learning_rate        | 0.0003     |
|    loss                 | 47.7       |
|    n_updates            | 2020       |
|    policy_gradient_loss | -0.00614   |
|    std                  | 0.535      |
|    value_loss           | 220        |
----------------------------------------
-----------------------------------------
| rollout/                |             |
|    ep_len_mean          | 218         |
|    ep_rew_mean          | -3.86       |
| time/                   |             |
|    fps                  | 628         |
|    iterations           | 204         |
|    time_elapsed         | 997         |
|    total_timesteps      | 626688      |
| train/                  |             |
|    approx_kl            | 0.040695306 |
|    clip_fraction        | 0.255       |
|    clip_range           | 0.2         |
|    entropy_loss         | -3.1        |
|    explained_variance   | 0.912       |
|    learning_rate        | 0.0003      |
|    loss                 | 69.7        |
|    n_updates            | 2030        |
|    policy_gradient_loss | -3.27e-05   |
|    std                  | 0.531       |
|    value_loss           | 92.8        |
-----------------------------------------
------------------------------------------
| rollout/                |              |
|    ep_len_mean          | 203          |
|    ep_rew_mean          | 9.92         |
| time/                   |              |
|    fps                  | 629          |
|    iterations           | 205          |
|    time_elapsed         | 1000         |
|    total_timesteps      | 629760       |
| train/                  |              |
|    approx_kl            | 0.0143027855 |
|    clip_fraction        | 0.14         |
|    clip_range           | 0.2          |
|    entropy_loss         | -3.07        |
|    explained_variance   | 0.908        |
|    learning_rate        | 0.0003       |
|    loss                 | 41.4         |
|    n_updates            | 2040         |
|    policy_gradient_loss | -0.000883    |
|    std                  | 0.526        |
|    value_loss           | 152          |
------------------------------------------
-----------------------------------------
| rollout/                |             |
|    ep_len_mean          | 203         |
|    ep_rew_mean          | 17          |
| time/                   |             |
|    fps                  | 630         |
|    iterations           | 206         |
|    time_elapsed         | 1003        |
|    total_timesteps      | 632832      |
| train/                  |             |
|    approx_kl            | 0.011074576 |
|    clip_fraction        | 0.129       |
|    clip_range           | 0.2         |
|    entropy_loss         | -3.04       |
|    explained_variance   | 0.901       |
|    learning_rate        | 0.0003      |
|    loss                 | 56.2        |
|    n_updates            | 2050        |
|    policy_gradient_loss | -0.00679    |
|    std                  | 0.523       |
|    value_loss           | 230         |
-----------------------------------------
----------------------------------------
| rollout/                |            |
|    ep_len_mean          | 204        |
|    ep_rew_mean          | 12.1       |
| time/                   |            |
|    fps                  | 631        |
|    iterations           | 207        |
|    time_elapsed         | 1007       |
|    total_timesteps      | 635904     |
| train/                  |            |
|    approx_kl            | 0.01591129 |
|    clip_fraction        | 0.152      |
|    clip_range           | 0.2        |
|    entropy_loss         | -3.02      |
|    explained_variance   | 0.907      |
|    learning_rate        | 0.0003     |
|    loss                 | 124        |
|    n_updates            | 2060       |
|    policy_gradient_loss | -0.00426   |
|    std                  | 0.519      |
|    value_loss           | 226        |
----------------------------------------
-----------------------------------------
| rollout/                |             |
|    ep_len_mean          | 198         |
|    ep_rew_mean          | 20.7        |
| time/                   |             |
|    fps                  | 632         |
|    iterations           | 208         |
|    time_elapsed         | 1010        |
|    total_timesteps      | 638976      |
| train/                  |             |
|    approx_kl            | 0.012973577 |
|    clip_fraction        | 0.155       |
|    clip_range           | 0.2         |
|    entropy_loss         | -2.99       |
|    explained_variance   | 0.875       |
|    learning_rate        | 0.0003      |
|    loss                 | 22          |
|    n_updates            | 2070        |
|    policy_gradient_loss | -0.00198    |
|    std                  | 0.517       |
|    value_loss           | 220         |
-----------------------------------------
-----------------------------------------
| rollout/                |             |
|    ep_len_mean          | 198         |
|    ep_rew_mean          | 18.4        |
| time/                   |             |
|    fps                  | 633         |
|    iterations           | 209         |
|    time_elapsed         | 1013        |
|    total_timesteps      | 642048      |
| train/                  |             |
|    approx_kl            | 0.013227433 |
|    clip_fraction        | 0.17        |
|    clip_range           | 0.2         |
|    entropy_loss         | -3          |
|    explained_variance   | 0.945       |
|    learning_rate        | 0.0003      |
|    loss                 | 91.3        |
|    n_updates            | 2080        |
|    policy_gradient_loss | -0.00175    |
|    std                  | 0.519       |
|    value_loss           | 175         |
-----------------------------------------
-----------------------------------------
| rollout/                |             |
|    ep_len_mean          | 206         |
|    ep_rew_mean          | 17.2        |
| time/                   |             |
|    fps                  | 634         |
|    iterations           | 210         |
|    time_elapsed         | 1017        |
|    total_timesteps      | 645120      |
| train/                  |             |
|    approx_kl            | 0.021368146 |
|    clip_fraction        | 0.241       |
|    clip_range           | 0.2         |
|    entropy_loss         | -3          |
|    explained_variance   | 0.451       |
|    learning_rate        | 0.0003      |
|    loss                 | 49.3        |
|    n_updates            | 2090        |
|    policy_gradient_loss | 0.000357    |
|    std                  | 0.517       |
|    value_loss           | 126         |
-----------------------------------------
-----------------------------------------
| rollout/                |             |
|    ep_len_mean          | 212         |
|    ep_rew_mean          | 17.4        |
| time/                   |             |
|    fps                  | 635         |
|    iterations           | 211         |
|    time_elapsed         | 1020        |
|    total_timesteps      | 648192      |
| train/                  |             |
|    approx_kl            | 0.021669857 |
|    clip_fraction        | 0.189       |
|    clip_range           | 0.2         |
|    entropy_loss         | -2.99       |
|    explained_variance   | 0.846       |
|    learning_rate        | 0.0003      |
|    loss                 | 37.7        |
|    n_updates            | 2100        |
|    policy_gradient_loss | -0.000944   |
|    std                  | 0.516       |
|    value_loss           | 124         |
-----------------------------------------
-----------------------------------------
| rollout/                |             |
|    ep_len_mean          | 214         |
|    ep_rew_mean          | 13.8        |
| time/                   |             |
|    fps                  | 636         |
|    iterations           | 212         |
|    time_elapsed         | 1023        |
|    total_timesteps      | 651264      |
| train/                  |             |
|    approx_kl            | 0.016034225 |
|    clip_fraction        | 0.221       |
|    clip_range           | 0.2         |
|    entropy_loss         | -2.96       |
|    explained_variance   | 0.92        |
|    learning_rate        | 0.0003      |
|    loss                 | 24.5        |
|    n_updates            | 2110        |
|    policy_gradient_loss | -0.00537    |
|    std                  | 0.512       |
|    value_loss           | 87.6        |
-----------------------------------------
-----------------------------------------
| rollout/                |             |
|    ep_len_mean          | 221         |
|    ep_rew_mean          | 17.4        |
| time/                   |             |
|    fps                  | 637         |
|    iterations           | 213         |
|    time_elapsed         | 1026        |
|    total_timesteps      | 654336      |
| train/                  |             |
|    approx_kl            | 0.011929207 |
|    clip_fraction        | 0.158       |
|    clip_range           | 0.2         |
|    entropy_loss         | -2.95       |
|    explained_variance   | 0.899       |
|    learning_rate        | 0.0003      |
|    loss                 | 83.2        |
|    n_updates            | 2120        |
|    policy_gradient_loss | -0.00419    |
|    std                  | 0.51        |
|    value_loss           | 243         |
-----------------------------------------
------------------------------------------
| rollout/                |              |
|    ep_len_mean          | 223          |
|    ep_rew_mean          | 18.4         |
| time/                   |              |
|    fps                  | 638          |
|    iterations           | 214          |
|    time_elapsed         | 1029         |
|    total_timesteps      | 657408       |
| train/                  |              |
|    approx_kl            | 0.0109093115 |
|    clip_fraction        | 0.121        |
|    clip_range           | 0.2          |
|    entropy_loss         | -2.94        |
|    explained_variance   | 0.882        |
|    learning_rate        | 0.0003       |
|    loss                 | 208          |
|    n_updates            | 2130         |
|    policy_gradient_loss | -0.00139     |
|    std                  | 0.509        |
|    value_loss           | 292          |
------------------------------------------
-----------------------------------------
| rollout/                |             |
|    ep_len_mean          | 227         |
|    ep_rew_mean          | 5.06        |
| time/                   |             |
|    fps                  | 639         |
|    iterations           | 215         |
|    time_elapsed         | 1033        |
|    total_timesteps      | 660480      |
| train/                  |             |
|    approx_kl            | 0.023245102 |
|    clip_fraction        | 0.266       |
|    clip_range           | 0.2         |
|    entropy_loss         | -2.93       |
|    explained_variance   | 0.847       |
|    learning_rate        | 0.0003      |
|    loss                 | 72.6        |
|    n_updates            | 2140        |
|    policy_gradient_loss | -0.00262    |
|    std                  | 0.51        |
|    value_loss           | 123         |
-----------------------------------------
---------------------------------------
| rollout/                |           |
|    ep_len_mean          | 224       |
|    ep_rew_mean          | 4.61      |
| time/                   |           |
|    fps                  | 640       |
|    iterations           | 216       |
|    time_elapsed         | 1036      |
|    total_timesteps      | 663552    |
| train/                  |           |
|    approx_kl            | 0.0187878 |
|    clip_fraction        | 0.271     |
|    clip_range           | 0.2       |
|    entropy_loss         | -2.93     |
|    explained_variance   | 0.846     |
|    learning_rate        | 0.0003    |
|    loss                 | 20.7      |
|    n_updates            | 2150      |
|    policy_gradient_loss | 0.000786  |
|    std                  | 0.509     |
|    value_loss           | 45.4      |
---------------------------------------
-----------------------------------------
| rollout/                |             |
|    ep_len_mean          | 224         |
|    ep_rew_mean          | 16.4        |
| time/                   |             |
|    fps                  | 641         |
|    iterations           | 217         |
|    time_elapsed         | 1039        |
|    total_timesteps      | 666624      |
| train/                  |             |
|    approx_kl            | 0.010640152 |
|    clip_fraction        | 0.127       |
|    clip_range           | 0.2         |
|    entropy_loss         | -2.91       |
|    explained_variance   | 0.735       |
|    learning_rate        | 0.0003      |
|    loss                 | 73.3        |
|    n_updates            | 2160        |
|    policy_gradient_loss | -0.00383    |
|    std                  | 0.503       |
|    value_loss           | 225         |
-----------------------------------------
-----------------------------------------
| rollout/                |             |
|    ep_len_mean          | 233         |
|    ep_rew_mean          | 17.4        |
| time/                   |             |
|    fps                  | 642         |
|    iterations           | 218         |
|    time_elapsed         | 1042        |
|    total_timesteps      | 669696      |
| train/                  |             |
|    approx_kl            | 0.012805712 |
|    clip_fraction        | 0.14        |
|    clip_range           | 0.2         |
|    entropy_loss         | -2.88       |
|    explained_variance   | 0.9         |
|    learning_rate        | 0.0003      |
|    loss                 | 43.6        |
|    n_updates            | 2170        |
|    policy_gradient_loss | -0.0057     |
|    std                  | 0.502       |
|    value_loss           | 160         |
-----------------------------------------
-----------------------------------------
| rollout/                |             |
|    ep_len_mean          | 225         |
|    ep_rew_mean          | 31.1        |
| time/                   |             |
|    fps                  | 643         |
|    iterations           | 219         |
|    time_elapsed         | 1046        |
|    total_timesteps      | 672768      |
| train/                  |             |
|    approx_kl            | 0.008468834 |
|    clip_fraction        | 0.108       |
|    clip_range           | 0.2         |
|    entropy_loss         | -2.87       |
|    explained_variance   | 0.894       |
|    learning_rate        | 0.0003      |
|    loss                 | 74.3        |
|    n_updates            | 2180        |
|    policy_gradient_loss | -0.00416    |
|    std                  | 0.499       |
|    value_loss           | 241         |
-----------------------------------------
-----------------------------------------
| rollout/                |             |
|    ep_len_mean          | 226         |
|    ep_rew_mean          | 29.9        |
| time/                   |             |
|    fps                  | 644         |
|    iterations           | 220         |
|    time_elapsed         | 1049        |
|    total_timesteps      | 675840      |
| train/                  |             |
|    approx_kl            | 0.010715934 |
|    clip_fraction        | 0.13        |
|    clip_range           | 0.2         |
|    entropy_loss         | -2.84       |
|    explained_variance   | 0.905       |
|    learning_rate        | 0.0003      |
|    loss                 | 108         |
|    n_updates            | 2190        |
|    policy_gradient_loss | -0.00335    |
|    std                  | 0.496       |
|    value_loss           | 310         |
-----------------------------------------
-----------------------------------------
| rollout/                |             |
|    ep_len_mean          | 209         |
|    ep_rew_mean          | 66          |
| time/                   |             |
|    fps                  | 644         |
|    iterations           | 221         |
|    time_elapsed         | 1053        |
|    total_timesteps      | 678912      |
| train/                  |             |
|    approx_kl            | 0.012707375 |
|    clip_fraction        | 0.171       |
|    clip_range           | 0.2         |
|    entropy_loss         | -2.82       |
|    explained_variance   | 0.94        |
|    learning_rate        | 0.0003      |
|    loss                 | 146         |
|    n_updates            | 2200        |
|    policy_gradient_loss | -0.00415    |
|    std                  | 0.493       |
|    value_loss           | 206         |
-----------------------------------------
----------------------------------------
| rollout/                |            |
|    ep_len_mean          | 201        |
|    ep_rew_mean          | 81         |
| time/                   |            |
|    fps                  | 642        |
|    iterations           | 222        |
|    time_elapsed         | 1061       |
|    total_timesteps      | 681984     |
| train/                  |            |
|    approx_kl            | 0.00859101 |
|    clip_fraction        | 0.113      |
|    clip_range           | 0.2        |
|    entropy_loss         | -2.79      |
|    explained_variance   | 0.826      |
|    learning_rate        | 0.0003     |
|    loss                 | 242        |
|    n_updates            | 2210       |
|    policy_gradient_loss | -0.0065    |
|    std                  | 0.489      |
|    value_loss           | 512        |
----------------------------------------
-----------------------------------------
| rollout/                |             |
|    ep_len_mean          | 210         |
|    ep_rew_mean          | 82.5        |
| time/                   |             |
|    fps                  | 640         |
|    iterations           | 223         |
|    time_elapsed         | 1069        |
|    total_timesteps      | 685056      |
| train/                  |             |
|    approx_kl            | 0.013770935 |
|    clip_fraction        | 0.168       |
|    clip_range           | 0.2         |
|    entropy_loss         | -2.79       |
|    explained_variance   | 0.819       |
|    learning_rate        | 0.0003      |
|    loss                 | 65.2        |
|    n_updates            | 2220        |
|    policy_gradient_loss | -0.0047     |
|    std                  | 0.491       |
|    value_loss           | 249         |
-----------------------------------------
----------------------------------------
| rollout/                |            |
|    ep_len_mean          | 205        |
|    ep_rew_mean          | 78.4       |
| time/                   |            |
|    fps                  | 639        |
|    iterations           | 224        |
|    time_elapsed         | 1076       |
|    total_timesteps      | 688128     |
| train/                  |            |
|    approx_kl            | 0.01322275 |
|    clip_fraction        | 0.157      |
|    clip_range           | 0.2        |
|    entropy_loss         | -2.79      |
|    explained_variance   | 0.916      |
|    learning_rate        | 0.0003     |
|    loss                 | 173        |
|    n_updates            | 2230       |
|    policy_gradient_loss | -0.00506   |
|    std                  | 0.491      |
|    value_loss           | 259        |
----------------------------------------
----------------------------------------
| rollout/                |            |
|    ep_len_mean          | 210        |
|    ep_rew_mean          | 69         |
| time/                   |            |
|    fps                  | 637        |
|    iterations           | 225        |
|    time_elapsed         | 1084       |
|    total_timesteps      | 691200     |
| train/                  |            |
|    approx_kl            | 0.01675346 |
|    clip_fraction        | 0.197      |
|    clip_range           | 0.2        |
|    entropy_loss         | -2.79      |
|    explained_variance   | 0.769      |
|    learning_rate        | 0.0003     |
|    loss                 | 40.2       |
|    n_updates            | 2240       |
|    policy_gradient_loss | -0.00367   |
|    std                  | 0.493      |
|    value_loss           | 212        |
----------------------------------------
-----------------------------------------
| rollout/                |             |
|    ep_len_mean          | 210         |
|    ep_rew_mean          | 48.1        |
| time/                   |             |
|    fps                  | 637         |
|    iterations           | 226         |
|    time_elapsed         | 1089        |
|    total_timesteps      | 694272      |
| train/                  |             |
|    approx_kl            | 0.014618914 |
|    clip_fraction        | 0.237       |
|    clip_range           | 0.2         |
|    entropy_loss         | -2.81       |
|    explained_variance   | 0.868       |
|    learning_rate        | 0.0003      |
|    loss                 | 68.9        |
|    n_updates            | 2250        |
|    policy_gradient_loss | 0.00323     |
|    std                  | 0.496       |
|    value_loss           | 81.6        |
-----------------------------------------
-----------------------------------------
| rollout/                |             |
|    ep_len_mean          | 215         |
|    ep_rew_mean          | 53          |
| time/                   |             |
|    fps                  | 638         |
|    iterations           | 227         |
|    time_elapsed         | 1092        |
|    total_timesteps      | 697344      |
| train/                  |             |
|    approx_kl            | 0.019227805 |
|    clip_fraction        | 0.207       |
|    clip_range           | 0.2         |
|    entropy_loss         | -2.82       |
|    explained_variance   | 0.863       |
|    learning_rate        | 0.0003      |
|    loss                 | 38          |
|    n_updates            | 2260        |
|    policy_gradient_loss | -0.00392    |
|    std                  | 0.496       |
|    value_loss           | 102         |
-----------------------------------------
----------------------------------------
| rollout/                |            |
|    ep_len_mean          | 220        |
|    ep_rew_mean          | 29.4       |
| time/                   |            |
|    fps                  | 639        |
|    iterations           | 228        |
|    time_elapsed         | 1095       |
|    total_timesteps      | 700416     |
| train/                  |            |
|    approx_kl            | 0.01419919 |
|    clip_fraction        | 0.168      |
|    clip_range           | 0.2        |
|    entropy_loss         | -2.81      |
|    explained_variance   | 0.834      |
|    learning_rate        | 0.0003     |
|    loss                 | 79.5       |
|    n_updates            | 2270       |
|    policy_gradient_loss | -0.00426   |
|    std                  | 0.494      |
|    value_loss           | 157        |
----------------------------------------
-----------------------------------------
| rollout/                |             |
|    ep_len_mean          | 233         |
|    ep_rew_mean          | 1.76        |
| time/                   |             |
|    fps                  | 640         |
|    iterations           | 229         |
|    time_elapsed         | 1099        |
|    total_timesteps      | 703488      |
| train/                  |             |
|    approx_kl            | 0.021437436 |
|    clip_fraction        | 0.287       |
|    clip_range           | 0.2         |
|    entropy_loss         | -2.84       |
|    explained_variance   | 0.818       |
|    learning_rate        | 0.0003      |
|    loss                 | 8.47        |
|    n_updates            | 2280        |
|    policy_gradient_loss | 0.00163     |
|    std                  | 0.499       |
|    value_loss           | 28.5        |
-----------------------------------------
----------------------------------------
| rollout/                |            |
|    ep_len_mean          | 246        |
|    ep_rew_mean          | -8.17      |
| time/                   |            |
|    fps                  | 641        |
|    iterations           | 230        |
|    time_elapsed         | 1102       |
|    total_timesteps      | 706560     |
| train/                  |            |
|    approx_kl            | 0.02628308 |
|    clip_fraction        | 0.304      |
|    clip_range           | 0.2        |
|    entropy_loss         | -2.85      |
|    explained_variance   | 0.843      |
|    learning_rate        | 0.0003     |
|    loss                 | 3.92       |
|    n_updates            | 2290       |
|    policy_gradient_loss | 0.002      |
|    std                  | 0.499      |
|    value_loss           | 12.2       |
----------------------------------------
-----------------------------------------
| rollout/                |             |
|    ep_len_mean          | 251         |
|    ep_rew_mean          | -14.5       |
| time/                   |             |
|    fps                  | 641         |
|    iterations           | 231         |
|    time_elapsed         | 1105        |
|    total_timesteps      | 709632      |
| train/                  |             |
|    approx_kl            | 0.018923866 |
|    clip_fraction        | 0.215       |
|    clip_range           | 0.2         |
|    entropy_loss         | -2.84       |
|    explained_variance   | 0.767       |
|    learning_rate        | 0.0003      |
|    loss                 | 13.9        |
|    n_updates            | 2300        |
|    policy_gradient_loss | -0.00675    |
|    std                  | 0.496       |
|    value_loss           | 29.4        |
-----------------------------------------
------------------------------------------
| rollout/                |              |
|    ep_len_mean          | 245          |
|    ep_rew_mean          | -26.7        |
| time/                   |              |
|    fps                  | 642          |
|    iterations           | 232          |
|    time_elapsed         | 1109         |
|    total_timesteps      | 712704       |
| train/                  |              |
|    approx_kl            | 0.0130314445 |
|    clip_fraction        | 0.144        |
|    clip_range           | 0.2          |
|    entropy_loss         | -2.83        |
|    explained_variance   | 0.858        |
|    learning_rate        | 0.0003       |
|    loss                 | 23.8         |
|    n_updates            | 2310         |
|    policy_gradient_loss | -0.00474     |
|    std                  | 0.497        |
|    value_loss           | 68.2         |
------------------------------------------
-----------------------------------------
| rollout/                |             |
|    ep_len_mean          | 244         |
|    ep_rew_mean          | -31         |
| time/                   |             |
|    fps                  | 643         |
|    iterations           | 233         |
|    time_elapsed         | 1113        |
|    total_timesteps      | 715776      |
| train/                  |             |
|    approx_kl            | 0.023812214 |
|    clip_fraction        | 0.235       |
|    clip_range           | 0.2         |
|    entropy_loss         | -2.82       |
|    explained_variance   | 0.842       |
|    learning_rate        | 0.0003      |
|    loss                 | 13          |
|    n_updates            | 2320        |
|    policy_gradient_loss | -0.00296    |
|    std                  | 0.495       |
|    value_loss           | 25.4        |
-----------------------------------------
-----------------------------------------
| rollout/                |             |
|    ep_len_mean          | 246         |
|    ep_rew_mean          | -11.3       |
| time/                   |             |
|    fps                  | 644         |
|    iterations           | 234         |
|    time_elapsed         | 1116        |
|    total_timesteps      | 718848      |
| train/                  |             |
|    approx_kl            | 0.010476853 |
|    clip_fraction        | 0.107       |
|    clip_range           | 0.2         |
|    entropy_loss         | -2.81       |
|    explained_variance   | 0.888       |
|    learning_rate        | 0.0003      |
|    loss                 | 16.9        |
|    n_updates            | 2330        |
|    policy_gradient_loss | -0.00474    |
|    std                  | 0.494       |
|    value_loss           | 109         |
-----------------------------------------
----------------------------------------
| rollout/                |            |
|    ep_len_mean          | 241        |
|    ep_rew_mean          | -20.2      |
| time/                   |            |
|    fps                  | 645        |
|    iterations           | 235        |
|    time_elapsed         | 1119       |
|    total_timesteps      | 721920     |
| train/                  |            |
|    approx_kl            | 0.00994284 |
|    clip_fraction        | 0.102      |
|    clip_range           | 0.2        |
|    entropy_loss         | -2.81      |
|    explained_variance   | 0.923      |
|    learning_rate        | 0.0003     |
|    loss                 | 112        |
|    n_updates            | 2340       |
|    policy_gradient_loss | -0.0045    |
|    std                  | 0.493      |
|    value_loss           | 141        |
----------------------------------------
----------------------------------------
| rollout/                |            |
|    ep_len_mean          | 245        |
|    ep_rew_mean          | -19.1      |
| time/                   |            |
|    fps                  | 645        |
|    iterations           | 236        |
|    time_elapsed         | 1123       |
|    total_timesteps      | 724992     |
| train/                  |            |
|    approx_kl            | 0.01881884 |
|    clip_fraction        | 0.206      |
|    clip_range           | 0.2        |
|    entropy_loss         | -2.8       |
|    explained_variance   | 0.787      |
|    learning_rate        | 0.0003     |
|    loss                 | 7.03       |
|    n_updates            | 2350       |
|    policy_gradient_loss | -0.00453   |
|    std                  | 0.492      |
|    value_loss           | 53.8       |
----------------------------------------
-----------------------------------------
| rollout/                |             |
|    ep_len_mean          | 242         |
|    ep_rew_mean          | 0.0835      |
| time/                   |             |
|    fps                  | 646         |
|    iterations           | 237         |
|    time_elapsed         | 1126        |
|    total_timesteps      | 728064      |
| train/                  |             |
|    approx_kl            | 0.013045877 |
|    clip_fraction        | 0.157       |
|    clip_range           | 0.2         |
|    entropy_loss         | -2.78       |
|    explained_variance   | 0.775       |
|    learning_rate        | 0.0003      |
|    loss                 | 34          |
|    n_updates            | 2360        |
|    policy_gradient_loss | -0.00553    |
|    std                  | 0.487       |
|    value_loss           | 111         |
-----------------------------------------
-----------------------------------------
| rollout/                |             |
|    ep_len_mean          | 244         |
|    ep_rew_mean          | 8.77        |
| time/                   |             |
|    fps                  | 646         |
|    iterations           | 238         |
|    time_elapsed         | 1131        |
|    total_timesteps      | 731136      |
| train/                  |             |
|    approx_kl            | 0.013524448 |
|    clip_fraction        | 0.175       |
|    clip_range           | 0.2         |
|    entropy_loss         | -2.74       |
|    explained_variance   | 0.908       |
|    learning_rate        | 0.0003      |
|    loss                 | 18.8        |
|    n_updates            | 2370        |
|    policy_gradient_loss | -0.00192    |
|    std                  | 0.483       |
|    value_loss           | 96          |
-----------------------------------------
-----------------------------------------
| rollout/                |             |
|    ep_len_mean          | 241         |
|    ep_rew_mean          | -1.33       |
| time/                   |             |
|    fps                  | 645         |
|    iterations           | 239         |
|    time_elapsed         | 1136        |
|    total_timesteps      | 734208      |
| train/                  |             |
|    approx_kl            | 0.013901606 |
|    clip_fraction        | 0.201       |
|    clip_range           | 0.2         |
|    entropy_loss         | -2.72       |
|    explained_variance   | 0.82        |
|    learning_rate        | 0.0003      |
|    loss                 | 32.8        |
|    n_updates            | 2380        |
|    policy_gradient_loss | -0.00351    |
|    std                  | 0.482       |
|    value_loss           | 96.9        |
-----------------------------------------
-----------------------------------------
| rollout/                |             |
|    ep_len_mean          | 245         |
|    ep_rew_mean          | 5.5         |
| time/                   |             |
|    fps                  | 646         |
|    iterations           | 240         |
|    time_elapsed         | 1140        |
|    total_timesteps      | 737280      |
| train/                  |             |
|    approx_kl            | 0.027222002 |
|    clip_fraction        | 0.26        |
|    clip_range           | 0.2         |
|    entropy_loss         | -2.72       |
|    explained_variance   | 0.828       |
|    learning_rate        | 0.0003      |
|    loss                 | 20.5        |
|    n_updates            | 2390        |
|    policy_gradient_loss | -0.00107    |
|    std                  | 0.482       |
|    value_loss           | 39.1        |
-----------------------------------------
-----------------------------------------
| rollout/                |             |
|    ep_len_mean          | 245         |
|    ep_rew_mean          | 8.65        |
| time/                   |             |
|    fps                  | 647         |
|    iterations           | 241         |
|    time_elapsed         | 1143        |
|    total_timesteps      | 740352      |
| train/                  |             |
|    approx_kl            | 0.013499849 |
|    clip_fraction        | 0.191       |
|    clip_range           | 0.2         |
|    entropy_loss         | -2.72       |
|    explained_variance   | 0.765       |
|    learning_rate        | 0.0003      |
|    loss                 | 22.5        |
|    n_updates            | 2400        |
|    policy_gradient_loss | -0.00116    |
|    std                  | 0.483       |
|    value_loss           | 61          |
-----------------------------------------
-----------------------------------------
| rollout/                |             |
|    ep_len_mean          | 243         |
|    ep_rew_mean          | -1.12       |
| time/                   |             |
|    fps                  | 648         |
|    iterations           | 242         |
|    time_elapsed         | 1146        |
|    total_timesteps      | 743424      |
| train/                  |             |
|    approx_kl            | 0.016084393 |
|    clip_fraction        | 0.208       |
|    clip_range           | 0.2         |
|    entropy_loss         | -2.74       |
|    explained_variance   | 0.76        |
|    learning_rate        | 0.0003      |
|    loss                 | 32.1        |
|    n_updates            | 2410        |
|    policy_gradient_loss | -0.000264   |
|    std                  | 0.486       |
|    value_loss           | 85.7        |
-----------------------------------------
-----------------------------------------
| rollout/                |             |
|    ep_len_mean          | 248         |
|    ep_rew_mean          | 6.42        |
| time/                   |             |
|    fps                  | 648         |
|    iterations           | 243         |
|    time_elapsed         | 1150        |
|    total_timesteps      | 746496      |
| train/                  |             |
|    approx_kl            | 0.008132104 |
|    clip_fraction        | 0.122       |
|    clip_range           | 0.2         |
|    entropy_loss         | -2.74       |
|    explained_variance   | 0.822       |
|    learning_rate        | 0.0003      |
|    loss                 | 30.3        |
|    n_updates            | 2420        |
|    policy_gradient_loss | -0.00508    |
|    std                  | 0.484       |
|    value_loss           | 176         |
-----------------------------------------
---------------------------------------
| rollout/                |           |
|    ep_len_mean          | 244       |
|    ep_rew_mean          | 14.9      |
| time/                   |           |
|    fps                  | 649       |
|    iterations           | 244       |
|    time_elapsed         | 1153      |
|    total_timesteps      | 749568    |
| train/                  |           |
|    approx_kl            | 0.0154321 |
|    clip_fraction        | 0.161     |
|    clip_range           | 0.2       |
|    entropy_loss         | -2.73     |
|    explained_variance   | 0.813     |
|    learning_rate        | 0.0003    |
|    loss                 | 63.3      |
|    n_updates            | 2430      |
|    policy_gradient_loss | -0.00467  |
|    std                  | 0.483     |
|    value_loss           | 208       |
---------------------------------------
-----------------------------------------
| rollout/                |             |
|    ep_len_mean          | 244         |
|    ep_rew_mean          | 3.33        |
| time/                   |             |
|    fps                  | 650         |
|    iterations           | 245         |
|    time_elapsed         | 1157        |
|    total_timesteps      | 752640      |
| train/                  |             |
|    approx_kl            | 0.017316109 |
|    clip_fraction        | 0.211       |
|    clip_range           | 0.2         |
|    entropy_loss         | -2.73       |
|    explained_variance   | 0.842       |
|    learning_rate        | 0.0003      |
|    loss                 | 29.2        |
|    n_updates            | 2440        |
|    policy_gradient_loss | -0.000397   |
|    std                  | 0.484       |
|    value_loss           | 70.8        |
-----------------------------------------
-----------------------------------------
| rollout/                |             |
|    ep_len_mean          | 230         |
|    ep_rew_mean          | 17.9        |
| time/                   |             |
|    fps                  | 651         |
|    iterations           | 246         |
|    time_elapsed         | 1160        |
|    total_timesteps      | 755712      |
| train/                  |             |
|    approx_kl            | 0.015871996 |
|    clip_fraction        | 0.202       |
|    clip_range           | 0.2         |
|    entropy_loss         | -2.72       |
|    explained_variance   | 0.839       |
|    learning_rate        | 0.0003      |
|    loss                 | 18.9        |
|    n_updates            | 2450        |
|    policy_gradient_loss | -0.00457    |
|    std                  | 0.483       |
|    value_loss           | 88.1        |
-----------------------------------------
-----------------------------------------
| rollout/                |             |
|    ep_len_mean          | 230         |
|    ep_rew_mean          | 22.8        |
| time/                   |             |
|    fps                  | 652         |
|    iterations           | 247         |
|    time_elapsed         | 1163        |
|    total_timesteps      | 758784      |
| train/                  |             |
|    approx_kl            | 0.013446649 |
|    clip_fraction        | 0.14        |
|    clip_range           | 0.2         |
|    entropy_loss         | -2.72       |
|    explained_variance   | 0.848       |
|    learning_rate        | 0.0003      |
|    loss                 | 89.3        |
|    n_updates            | 2460        |
|    policy_gradient_loss | -0.00575    |
|    std                  | 0.482       |
|    value_loss           | 237         |
-----------------------------------------
-----------------------------------------
| rollout/                |             |
|    ep_len_mean          | 228         |
|    ep_rew_mean          | 39          |
| time/                   |             |
|    fps                  | 652         |
|    iterations           | 248         |
|    time_elapsed         | 1167        |
|    total_timesteps      | 761856      |
| train/                  |             |
|    approx_kl            | 0.011698228 |
|    clip_fraction        | 0.115       |
|    clip_range           | 0.2         |
|    entropy_loss         | -2.7        |
|    explained_variance   | 0.88        |
|    learning_rate        | 0.0003      |
|    loss                 | 177         |
|    n_updates            | 2470        |
|    policy_gradient_loss | -0.00384    |
|    std                  | 0.479       |
|    value_loss           | 199         |
-----------------------------------------
-----------------------------------------
| rollout/                |             |
|    ep_len_mean          | 225         |
|    ep_rew_mean          | 39.2        |
| time/                   |             |
|    fps                  | 653         |
|    iterations           | 249         |
|    time_elapsed         | 1170        |
|    total_timesteps      | 764928      |
| train/                  |             |
|    approx_kl            | 0.012208366 |
|    clip_fraction        | 0.159       |
|    clip_range           | 0.2         |
|    entropy_loss         | -2.67       |
|    explained_variance   | 0.894       |
|    learning_rate        | 0.0003      |
|    loss                 | 118         |
|    n_updates            | 2480        |
|    policy_gradient_loss | -0.00312    |
|    std                  | 0.475       |
|    value_loss           | 220         |
-----------------------------------------
-----------------------------------------
| rollout/                |             |
|    ep_len_mean          | 229         |
|    ep_rew_mean          | 41.1        |
| time/                   |             |
|    fps                  | 654         |
|    iterations           | 250         |
|    time_elapsed         | 1174        |
|    total_timesteps      | 768000      |
| train/                  |             |
|    approx_kl            | 0.010424268 |
|    clip_fraction        | 0.14        |
|    clip_range           | 0.2         |
|    entropy_loss         | -2.65       |
|    explained_variance   | 0.917       |
|    learning_rate        | 0.0003      |
|    loss                 | 168         |
|    n_updates            | 2490        |
|    policy_gradient_loss | -0.00381    |
|    std                  | 0.474       |
|    value_loss           | 191         |
-----------------------------------------
-----------------------------------------
| rollout/                |             |
|    ep_len_mean          | 225         |
|    ep_rew_mean          | 47.8        |
| time/                   |             |
|    fps                  | 654         |
|    iterations           | 251         |
|    time_elapsed         | 1177        |
|    total_timesteps      | 771072      |
| train/                  |             |
|    approx_kl            | 0.010997583 |
|    clip_fraction        | 0.146       |
|    clip_range           | 0.2         |
|    entropy_loss         | -2.64       |
|    explained_variance   | 0.91        |
|    learning_rate        | 0.0003      |
|    loss                 | 72.6        |
|    n_updates            | 2500        |
|    policy_gradient_loss | -0.00527    |
|    std                  | 0.472       |
|    value_loss           | 289         |
-----------------------------------------
-----------------------------------------
| rollout/                |             |
|    ep_len_mean          | 225         |
|    ep_rew_mean          | 56.7        |
| time/                   |             |
|    fps                  | 655         |
|    iterations           | 252         |
|    time_elapsed         | 1181        |
|    total_timesteps      | 774144      |
| train/                  |             |
|    approx_kl            | 0.011134975 |
|    clip_fraction        | 0.158       |
|    clip_range           | 0.2         |
|    entropy_loss         | -2.63       |
|    explained_variance   | 0.901       |
|    learning_rate        | 0.0003      |
|    loss                 | 48.1        |
|    n_updates            | 2510        |
|    policy_gradient_loss | -0.0003     |
|    std                  | 0.471       |
|    value_loss           | 278         |
-----------------------------------------
-----------------------------------------
| rollout/                |             |
|    ep_len_mean          | 227         |
|    ep_rew_mean          | 47          |
| time/                   |             |
|    fps                  | 655         |
|    iterations           | 253         |
|    time_elapsed         | 1184        |
|    total_timesteps      | 777216      |
| train/                  |             |
|    approx_kl            | 0.029545434 |
|    clip_fraction        | 0.325       |
|    clip_range           | 0.2         |
|    entropy_loss         | -2.65       |
|    explained_variance   | 0.881       |
|    learning_rate        | 0.0003      |
|    loss                 | 53.1        |
|    n_updates            | 2520        |
|    policy_gradient_loss | 5.17e-05    |
|    std                  | 0.476       |
|    value_loss           | 74.5        |
-----------------------------------------
-----------------------------------------
| rollout/                |             |
|    ep_len_mean          | 235         |
|    ep_rew_mean          | 46.8        |
| time/                   |             |
|    fps                  | 656         |
|    iterations           | 254         |
|    time_elapsed         | 1188        |
|    total_timesteps      | 780288      |
| train/                  |             |
|    approx_kl            | 0.015617527 |
|    clip_fraction        | 0.234       |
|    clip_range           | 0.2         |
|    entropy_loss         | -2.64       |
|    explained_variance   | 0.706       |
|    learning_rate        | 0.0003      |
|    loss                 | 38.2        |
|    n_updates            | 2530        |
|    policy_gradient_loss | -0.00294    |
|    std                  | 0.472       |
|    value_loss           | 98.7        |
-----------------------------------------
-----------------------------------------
| rollout/                |             |
|    ep_len_mean          | 220         |
|    ep_rew_mean          | 64.6        |
| time/                   |             |
|    fps                  | 657         |
|    iterations           | 255         |
|    time_elapsed         | 1191        |
|    total_timesteps      | 783360      |
| train/                  |             |
|    approx_kl            | 0.021400204 |
|    clip_fraction        | 0.246       |
|    clip_range           | 0.2         |
|    entropy_loss         | -2.62       |
|    explained_variance   | 0.865       |
|    learning_rate        | 0.0003      |
|    loss                 | 28.1        |
|    n_updates            | 2540        |
|    policy_gradient_loss | 0.000345    |
|    std                  | 0.47        |
|    value_loss           | 67.6        |
-----------------------------------------
-----------------------------------------
| rollout/                |             |
|    ep_len_mean          | 219         |
|    ep_rew_mean          | 62.5        |
| time/                   |             |
|    fps                  | 658         |
|    iterations           | 256         |
|    time_elapsed         | 1194        |
|    total_timesteps      | 786432      |
| train/                  |             |
|    approx_kl            | 0.012400624 |
|    clip_fraction        | 0.139       |
|    clip_range           | 0.2         |
|    entropy_loss         | -2.61       |
|    explained_variance   | 0.93        |
|    learning_rate        | 0.0003      |
|    loss                 | 48.6        |
|    n_updates            | 2550        |
|    policy_gradient_loss | -0.00466    |
|    std                  | 0.469       |
|    value_loss           | 159         |
-----------------------------------------
-----------------------------------------
| rollout/                |             |
|    ep_len_mean          | 216         |
|    ep_rew_mean          | 67.7        |
| time/                   |             |
|    fps                  | 658         |
|    iterations           | 257         |
|    time_elapsed         | 1198        |
|    total_timesteps      | 789504      |
| train/                  |             |
|    approx_kl            | 0.011677708 |
|    clip_fraction        | 0.133       |
|    clip_range           | 0.2         |
|    entropy_loss         | -2.6        |
|    explained_variance   | 0.79        |
|    learning_rate        | 0.0003      |
|    loss                 | 44.9        |
|    n_updates            | 2560        |
|    policy_gradient_loss | -0.00602    |
|    std                  | 0.467       |
|    value_loss           | 174         |
-----------------------------------------
------------------------------------------
| rollout/                |              |
|    ep_len_mean          | 225          |
|    ep_rew_mean          | 58.9         |
| time/                   |              |
|    fps                  | 659          |
|    iterations           | 258          |
|    time_elapsed         | 1201         |
|    total_timesteps      | 792576       |
| train/                  |              |
|    approx_kl            | 0.0152718695 |
|    clip_fraction        | 0.145        |
|    clip_range           | 0.2          |
|    entropy_loss         | -2.58        |
|    explained_variance   | 0.889        |
|    learning_rate        | 0.0003       |
|    loss                 | 32.8         |
|    n_updates            | 2570         |
|    policy_gradient_loss | 0.000182     |
|    std                  | 0.466        |
|    value_loss           | 129          |
------------------------------------------
-----------------------------------------
| rollout/                |             |
|    ep_len_mean          | 223         |
|    ep_rew_mean          | 58.1        |
| time/                   |             |
|    fps                  | 660         |
|    iterations           | 259         |
|    time_elapsed         | 1204        |
|    total_timesteps      | 795648      |
| train/                  |             |
|    approx_kl            | 0.022755915 |
|    clip_fraction        | 0.241       |
|    clip_range           | 0.2         |
|    entropy_loss         | -2.58       |
|    explained_variance   | 0.937       |
|    learning_rate        | 0.0003      |
|    loss                 | 37.7        |
|    n_updates            | 2580        |
|    policy_gradient_loss | -0.000759   |
|    std                  | 0.468       |
|    value_loss           | 68.4        |
-----------------------------------------
-----------------------------------------
| rollout/                |             |
|    ep_len_mean          | 224         |
|    ep_rew_mean          | 74.3        |
| time/                   |             |
|    fps                  | 661         |
|    iterations           | 260         |
|    time_elapsed         | 1207        |
|    total_timesteps      | 798720      |
| train/                  |             |
|    approx_kl            | 0.015728528 |
|    clip_fraction        | 0.171       |
|    clip_range           | 0.2         |
|    entropy_loss         | -2.6        |
|    explained_variance   | 0.944       |
|    learning_rate        | 0.0003      |
|    loss                 | 44.6        |
|    n_updates            | 2590        |
|    policy_gradient_loss | -0.00259    |
|    std                  | 0.469       |
|    value_loss           | 94.7        |
-----------------------------------------
[PeriodicArtifactCallback] step 800016: saving checkpoint, evaluating, rendering...
[PeriodicArtifactCallback] step 800016: success_rate=0.00 pick_success_rate=0.50 mean_reward=-14.52 -> C:\Users\laib28\OneDrive - Barker College\Documents\GitHub\HumanoidRobot\simulation\training\pick_place\runs\pp_v7\dashboard.html
-----------------------------------------
| rollout/                |             |
|    ep_len_mean          | 227         |
|    ep_rew_mean          | 81.5        |
| time/                   |             |
|    fps                  | 655         |
|    iterations           | 261         |
|    time_elapsed         | 1222        |
|    total_timesteps      | 801792      |
| train/                  |             |
|    approx_kl            | 0.010769197 |
|    clip_fraction        | 0.149       |
|    clip_range           | 0.2         |
|    entropy_loss         | -2.6        |
|    explained_variance   | 0.946       |
|    learning_rate        | 0.0003      |
|    loss                 | 103         |
|    n_updates            | 2600        |
|    policy_gradient_loss | -0.00562    |
|    std                  | 0.468       |
|    value_loss           | 272         |
-----------------------------------------
-----------------------------------------
| rollout/                |             |
|    ep_len_mean          | 231         |
|    ep_rew_mean          | 68.8        |
| time/                   |             |
|    fps                  | 654         |
|    iterations           | 262         |
|    time_elapsed         | 1230        |
|    total_timesteps      | 804864      |
| train/                  |             |
|    approx_kl            | 0.011505195 |
|    clip_fraction        | 0.142       |
|    clip_range           | 0.2         |
|    entropy_loss         | -2.59       |
|    explained_variance   | 0.926       |
|    learning_rate        | 0.0003      |
|    loss                 | 150         |
|    n_updates            | 2610        |
|    policy_gradient_loss | -0.00393    |
|    std                  | 0.466       |
|    value_loss           | 335         |
-----------------------------------------
----------------------------------------
| rollout/                |            |
|    ep_len_mean          | 234        |
|    ep_rew_mean          | 61.9       |
| time/                   |            |
|    fps                  | 652        |
|    iterations           | 263        |
|    time_elapsed         | 1237       |
|    total_timesteps      | 807936     |
| train/                  |            |
|    approx_kl            | 0.02490277 |
|    clip_fraction        | 0.296      |
|    clip_range           | 0.2        |
|    entropy_loss         | -2.58      |
|    explained_variance   | 0.851      |
|    learning_rate        | 0.0003     |
|    loss                 | 39.9       |
|    n_updates            | 2620       |
|    policy_gradient_loss | -0.000702  |
|    std                  | 0.466      |
|    value_loss           | 68.1       |
----------------------------------------
-----------------------------------------
| rollout/                |             |
|    ep_len_mean          | 245         |
|    ep_rew_mean          | 49.6        |
| time/                   |             |
|    fps                  | 653         |
|    iterations           | 264         |
|    time_elapsed         | 1240        |
|    total_timesteps      | 811008      |
| train/                  |             |
|    approx_kl            | 0.014839289 |
|    clip_fraction        | 0.169       |
|    clip_range           | 0.2         |
|    entropy_loss         | -2.57       |
|    explained_variance   | 0.744       |
|    learning_rate        | 0.0003      |
|    loss                 | 135         |
|    n_updates            | 2630        |
|    policy_gradient_loss | -0.00335    |
|    std                  | 0.464       |
|    value_loss           | 199         |
-----------------------------------------
-----------------------------------------
| rollout/                |             |
|    ep_len_mean          | 237         |
|    ep_rew_mean          | 58.3        |
| time/                   |             |
|    fps                  | 654         |
|    iterations           | 265         |
|    time_elapsed         | 1243        |
|    total_timesteps      | 814080      |
| train/                  |             |
|    approx_kl            | 0.017864658 |
|    clip_fraction        | 0.241       |
|    clip_range           | 0.2         |
|    entropy_loss         | -2.56       |
|    explained_variance   | 0.807       |
|    learning_rate        | 0.0003      |
|    loss                 | 69.4        |
|    n_updates            | 2640        |
|    policy_gradient_loss | 0.000143    |
|    std                  | 0.463       |
|    value_loss           | 75.7        |
-----------------------------------------
-----------------------------------------
| rollout/                |             |
|    ep_len_mean          | 227         |
|    ep_rew_mean          | 50.3        |
| time/                   |             |
|    fps                  | 655         |
|    iterations           | 266         |
|    time_elapsed         | 1246        |
|    total_timesteps      | 817152      |
| train/                  |             |
|    approx_kl            | 0.010448025 |
|    clip_fraction        | 0.142       |
|    clip_range           | 0.2         |
|    entropy_loss         | -2.56       |
|    explained_variance   | 0.87        |
|    learning_rate        | 0.0003      |
|    loss                 | 97.2        |
|    n_updates            | 2650        |
|    policy_gradient_loss | -0.00618    |
|    std                  | 0.462       |
|    value_loss           | 137         |
-----------------------------------------
-----------------------------------------
| rollout/                |             |
|    ep_len_mean          | 226         |
|    ep_rew_mean          | 57.9        |
| time/                   |             |
|    fps                  | 656         |
|    iterations           | 267         |
|    time_elapsed         | 1249        |
|    total_timesteps      | 820224      |
| train/                  |             |
|    approx_kl            | 0.009888463 |
|    clip_fraction        | 0.15        |
|    clip_range           | 0.2         |
|    entropy_loss         | -2.55       |
|    explained_variance   | 0.882       |
|    learning_rate        | 0.0003      |
|    loss                 | 72          |
|    n_updates            | 2660        |
|    policy_gradient_loss | -0.00165    |
|    std                  | 0.463       |
|    value_loss           | 152         |
-----------------------------------------
-----------------------------------------
| rollout/                |             |
|    ep_len_mean          | 228         |
|    ep_rew_mean          | 58.5        |
| time/                   |             |
|    fps                  | 657         |
|    iterations           | 268         |
|    time_elapsed         | 1251        |
|    total_timesteps      | 823296      |
| train/                  |             |
|    approx_kl            | 0.012974816 |
|    clip_fraction        | 0.139       |
|    clip_range           | 0.2         |
|    entropy_loss         | -2.55       |
|    explained_variance   | 0.928       |
|    learning_rate        | 0.0003      |
|    loss                 | 43.2        |
|    n_updates            | 2670        |
|    policy_gradient_loss | -0.00551    |
|    std                  | 0.461       |
|    value_loss           | 205         |
-----------------------------------------
-----------------------------------------
| rollout/                |             |
|    ep_len_mean          | 218         |
|    ep_rew_mean          | 47.4        |
| time/                   |             |
|    fps                  | 658         |
|    iterations           | 269         |
|    time_elapsed         | 1254        |
|    total_timesteps      | 826368      |
| train/                  |             |
|    approx_kl            | 0.011920464 |
|    clip_fraction        | 0.174       |
|    clip_range           | 0.2         |
|    entropy_loss         | -2.55       |
|    explained_variance   | 0.935       |
|    learning_rate        | 0.0003      |
|    loss                 | 139         |
|    n_updates            | 2680        |
|    policy_gradient_loss | -0.00348    |
|    std                  | 0.462       |
|    value_loss           | 243         |
-----------------------------------------
-----------------------------------------
| rollout/                |             |
|    ep_len_mean          | 218         |
|    ep_rew_mean          | 59.1        |
| time/                   |             |
|    fps                  | 659         |
|    iterations           | 270         |
|    time_elapsed         | 1257        |
|    total_timesteps      | 829440      |
| train/                  |             |
|    approx_kl            | 0.022309745 |
|    clip_fraction        | 0.239       |
|    clip_range           | 0.2         |
|    entropy_loss         | -2.55       |
|    explained_variance   | 0.798       |
|    learning_rate        | 0.0003      |
|    loss                 | 40          |
|    n_updates            | 2690        |
|    policy_gradient_loss | -0.00173    |
|    std                  | 0.461       |
|    value_loss           | 111         |
-----------------------------------------
-----------------------------------------
| rollout/                |             |
|    ep_len_mean          | 216         |
|    ep_rew_mean          | 66.6        |
| time/                   |             |
|    fps                  | 660         |
|    iterations           | 271         |
|    time_elapsed         | 1260        |
|    total_timesteps      | 832512      |
| train/                  |             |
|    approx_kl            | 0.010631501 |
|    clip_fraction        | 0.123       |
|    clip_range           | 0.2         |
|    entropy_loss         | -2.55       |
|    explained_variance   | 0.871       |
|    learning_rate        | 0.0003      |
|    loss                 | 89.1        |
|    n_updates            | 2700        |
|    policy_gradient_loss | -0.00387    |
|    std                  | 0.462       |
|    value_loss           | 232         |
-----------------------------------------
-----------------------------------------
| rollout/                |             |
|    ep_len_mean          | 216         |
|    ep_rew_mean          | 61.6        |
| time/                   |             |
|    fps                  | 661         |
|    iterations           | 272         |
|    time_elapsed         | 1263        |
|    total_timesteps      | 835584      |
| train/                  |             |
|    approx_kl            | 0.014550395 |
|    clip_fraction        | 0.149       |
|    clip_range           | 0.2         |
|    entropy_loss         | -2.55       |
|    explained_variance   | 0.851       |
|    learning_rate        | 0.0003      |
|    loss                 | 46.1        |
|    n_updates            | 2710        |
|    policy_gradient_loss | -0.0018     |
|    std                  | 0.462       |
|    value_loss           | 213         |
-----------------------------------------
----------------------------------------
| rollout/                |            |
|    ep_len_mean          | 225        |
|    ep_rew_mean          | 53.4       |
| time/                   |            |
|    fps                  | 659        |
|    iterations           | 273        |
|    time_elapsed         | 1270       |
|    total_timesteps      | 838656     |
| train/                  |            |
|    approx_kl            | 0.01606146 |
|    clip_fraction        | 0.194      |
|    clip_range           | 0.2        |
|    entropy_loss         | -2.53      |
|    explained_variance   | 0.801      |
|    learning_rate        | 0.0003     |
|    loss                 | 78         |
|    n_updates            | 2720       |
|    policy_gradient_loss | -0.00416   |
|    std                  | 0.456      |
|    value_loss           | 182        |
----------------------------------------
-----------------------------------------
| rollout/                |             |
|    ep_len_mean          | 230         |
|    ep_rew_mean          | 60.7        |
| time/                   |             |
|    fps                  | 658         |
|    iterations           | 274         |
|    time_elapsed         | 1278        |
|    total_timesteps      | 841728      |
| train/                  |             |
|    approx_kl            | 0.017714657 |
|    clip_fraction        | 0.183       |
|    clip_range           | 0.2         |
|    entropy_loss         | -2.53       |
|    explained_variance   | 0.904       |
|    learning_rate        | 0.0003      |
|    loss                 | 106         |
|    n_updates            | 2730        |
|    policy_gradient_loss | 0.000376    |
|    std                  | 0.461       |
|    value_loss           | 160         |
-----------------------------------------
----------------------------------------
| rollout/                |            |
|    ep_len_mean          | 230        |
|    ep_rew_mean          | 77.5       |
| time/                   |            |
|    fps                  | 657        |
|    iterations           | 275        |
|    time_elapsed         | 1284       |
|    total_timesteps      | 844800     |
| train/                  |            |
|    approx_kl            | 0.01384303 |
|    clip_fraction        | 0.169      |
|    clip_range           | 0.2        |
|    entropy_loss         | -2.55      |
|    explained_variance   | 0.865      |
|    learning_rate        | 0.0003     |
|    loss                 | 116        |
|    n_updates            | 2740       |
|    policy_gradient_loss | -0.00261   |
|    std                  | 0.462      |
|    value_loss           | 285        |
----------------------------------------
-----------------------------------------
| rollout/                |             |
|    ep_len_mean          | 236         |
|    ep_rew_mean          | 87.1        |
| time/                   |             |
|    fps                  | 657         |
|    iterations           | 276         |
|    time_elapsed         | 1289        |
|    total_timesteps      | 847872      |
| train/                  |             |
|    approx_kl            | 0.010825715 |
|    clip_fraction        | 0.143       |
|    clip_range           | 0.2         |
|    entropy_loss         | -2.54       |
|    explained_variance   | 0.873       |
|    learning_rate        | 0.0003      |
|    loss                 | 179         |
|    n_updates            | 2750        |
|    policy_gradient_loss | -5.87e-05   |
|    std                  | 0.459       |
|    value_loss           | 333         |
-----------------------------------------
-----------------------------------------
| rollout/                |             |
|    ep_len_mean          | 236         |
|    ep_rew_mean          | 109         |
| time/                   |             |
|    fps                  | 658         |
|    iterations           | 277         |
|    time_elapsed         | 1292        |
|    total_timesteps      | 850944      |
| train/                  |             |
|    approx_kl            | 0.012332495 |
|    clip_fraction        | 0.173       |
|    clip_range           | 0.2         |
|    entropy_loss         | -2.53       |
|    explained_variance   | 0.85        |
|    learning_rate        | 0.0003      |
|    loss                 | 160         |
|    n_updates            | 2760        |
|    policy_gradient_loss | -0.000535   |
|    std                  | 0.458       |
|    value_loss           | 337         |
-----------------------------------------
-----------------------------------------
| rollout/                |             |
|    ep_len_mean          | 237         |
|    ep_rew_mean          | 122         |
| time/                   |             |
|    fps                  | 659         |
|    iterations           | 278         |
|    time_elapsed         | 1295        |
|    total_timesteps      | 854016      |
| train/                  |             |
|    approx_kl            | 0.014396142 |
|    clip_fraction        | 0.152       |
|    clip_range           | 0.2         |
|    entropy_loss         | -2.5        |
|    explained_variance   | 0.886       |
|    learning_rate        | 0.0003      |
|    loss                 | 301         |
|    n_updates            | 2770        |
|    policy_gradient_loss | -0.00278    |
|    std                  | 0.453       |
|    value_loss           | 359         |
-----------------------------------------
-----------------------------------------
| rollout/                |             |
|    ep_len_mean          | 244         |
|    ep_rew_mean          | 129         |
| time/                   |             |
|    fps                  | 660         |
|    iterations           | 279         |
|    time_elapsed         | 1298        |
|    total_timesteps      | 857088      |
| train/                  |             |
|    approx_kl            | 0.012045284 |
|    clip_fraction        | 0.153       |
|    clip_range           | 0.2         |
|    entropy_loss         | -2.47       |
|    explained_variance   | 0.931       |
|    learning_rate        | 0.0003      |
|    loss                 | 179         |
|    n_updates            | 2780        |
|    policy_gradient_loss | -0.00233    |
|    std                  | 0.452       |
|    value_loss           | 393         |
-----------------------------------------
-----------------------------------------
| rollout/                |             |
|    ep_len_mean          | 244         |
|    ep_rew_mean          | 138         |
| time/                   |             |
|    fps                  | 661         |
|    iterations           | 280         |
|    time_elapsed         | 1300        |
|    total_timesteps      | 860160      |
| train/                  |             |
|    approx_kl            | 0.015796913 |
|    clip_fraction        | 0.149       |
|    clip_range           | 0.2         |
|    entropy_loss         | -2.46       |
|    explained_variance   | 0.924       |
|    learning_rate        | 0.0003      |
|    loss                 | 138         |
|    n_updates            | 2790        |
|    policy_gradient_loss | -0.000992   |
|    std                  | 0.451       |
|    value_loss           | 318         |
-----------------------------------------
----------------------------------------
| rollout/                |            |
|    ep_len_mean          | 237        |
|    ep_rew_mean          | 130        |
| time/                   |            |
|    fps                  | 662        |
|    iterations           | 281        |
|    time_elapsed         | 1303       |
|    total_timesteps      | 863232     |
| train/                  |            |
|    approx_kl            | 0.01954577 |
|    clip_fraction        | 0.226      |
|    clip_range           | 0.2        |
|    entropy_loss         | -2.48      |
|    explained_variance   | 0.928      |
|    learning_rate        | 0.0003     |
|    loss                 | 60.6       |
|    n_updates            | 2800       |
|    policy_gradient_loss | -0.0019    |
|    std                  | 0.453      |
|    value_loss           | 123        |
----------------------------------------
-----------------------------------------
| rollout/                |             |
|    ep_len_mean          | 231         |
|    ep_rew_mean          | 118         |
| time/                   |             |
|    fps                  | 663         |
|    iterations           | 282         |
|    time_elapsed         | 1306        |
|    total_timesteps      | 866304      |
| train/                  |             |
|    approx_kl            | 0.013988164 |
|    clip_fraction        | 0.157       |
|    clip_range           | 0.2         |
|    entropy_loss         | -2.47       |
|    explained_variance   | 0.874       |
|    learning_rate        | 0.0003      |
|    loss                 | 86.5        |
|    n_updates            | 2810        |
|    policy_gradient_loss | -0.00581    |
|    std                  | 0.451       |
|    value_loss           | 318         |
-----------------------------------------
---------------------------------------
| rollout/                |           |
|    ep_len_mean          | 222       |
|    ep_rew_mean          | 104       |
| time/                   |           |
|    fps                  | 664       |
|    iterations           | 283       |
|    time_elapsed         | 1308      |
|    total_timesteps      | 869376    |
| train/                  |           |
|    approx_kl            | 0.0156682 |
|    clip_fraction        | 0.189     |
|    clip_range           | 0.2       |
|    entropy_loss         | -2.44     |
|    explained_variance   | 0.755     |
|    learning_rate        | 0.0003    |
|    loss                 | 45.1      |
|    n_updates            | 2820      |
|    policy_gradient_loss | -0.00413  |
|    std                  | 0.447     |
|    value_loss           | 182       |
---------------------------------------
-----------------------------------------
| rollout/                |             |
|    ep_len_mean          | 216         |
|    ep_rew_mean          | 93.4        |
| time/                   |             |
|    fps                  | 665         |
|    iterations           | 284         |
|    time_elapsed         | 1311        |
|    total_timesteps      | 872448      |
| train/                  |             |
|    approx_kl            | 0.012625677 |
|    clip_fraction        | 0.174       |
|    clip_range           | 0.2         |
|    entropy_loss         | -2.42       |
|    explained_variance   | 0.758       |
|    learning_rate        | 0.0003      |
|    loss                 | 159         |
|    n_updates            | 2830        |
|    policy_gradient_loss | -0.00439    |
|    std                  | 0.444       |
|    value_loss           | 267         |
-----------------------------------------
------------------------------------------
| rollout/                |              |
|    ep_len_mean          | 225          |
|    ep_rew_mean          | 84.1         |
| time/                   |              |
|    fps                  | 666          |
|    iterations           | 285          |
|    time_elapsed         | 1313         |
|    total_timesteps      | 875520       |
| train/                  |              |
|    approx_kl            | 0.0136112375 |
|    clip_fraction        | 0.195        |
|    clip_range           | 0.2          |
|    entropy_loss         | -2.42        |
|    explained_variance   | 0.906        |
|    learning_rate        | 0.0003       |
|    loss                 | 22.8         |
|    n_updates            | 2840         |
|    policy_gradient_loss | -0.00122     |
|    std                  | 0.446        |
|    value_loss           | 146          |
------------------------------------------
-----------------------------------------
| rollout/                |             |
|    ep_len_mean          | 218         |
|    ep_rew_mean          | 68.6        |
| time/                   |             |
|    fps                  | 667         |
|    iterations           | 286         |
|    time_elapsed         | 1316        |
|    total_timesteps      | 878592      |
| train/                  |             |
|    approx_kl            | 0.017232437 |
|    clip_fraction        | 0.189       |
|    clip_range           | 0.2         |
|    entropy_loss         | -2.42       |
|    explained_variance   | 0.895       |
|    learning_rate        | 0.0003      |
|    loss                 | 111         |
|    n_updates            | 2850        |
|    policy_gradient_loss | -0.00586    |
|    std                  | 0.445       |
|    value_loss           | 265         |
-----------------------------------------
-----------------------------------------
| rollout/                |             |
|    ep_len_mean          | 211         |
|    ep_rew_mean          | 70.2        |
| time/                   |             |
|    fps                  | 668         |
|    iterations           | 287         |
|    time_elapsed         | 1319        |
|    total_timesteps      | 881664      |
| train/                  |             |
|    approx_kl            | 0.011615484 |
|    clip_fraction        | 0.163       |
|    clip_range           | 0.2         |
|    entropy_loss         | -2.41       |
|    explained_variance   | 0.911       |
|    learning_rate        | 0.0003      |
|    loss                 | 92.1        |
|    n_updates            | 2860        |
|    policy_gradient_loss | -0.0013     |
|    std                  | 0.444       |
|    value_loss           | 271         |
-----------------------------------------
-----------------------------------------
| rollout/                |             |
|    ep_len_mean          | 218         |
|    ep_rew_mean          | 84.5        |
| time/                   |             |
|    fps                  | 669         |
|    iterations           | 288         |
|    time_elapsed         | 1321        |
|    total_timesteps      | 884736      |
| train/                  |             |
|    approx_kl            | 0.019735357 |
|    clip_fraction        | 0.206       |
|    clip_range           | 0.2         |
|    entropy_loss         | -2.38       |
|    explained_variance   | 0.865       |
|    learning_rate        | 0.0003      |
|    loss                 | 235         |
|    n_updates            | 2870        |
|    policy_gradient_loss | -0.000167   |
|    std                  | 0.44        |
|    value_loss           | 257         |
-----------------------------------------
----------------------------------------
| rollout/                |            |
|    ep_len_mean          | 217        |
|    ep_rew_mean          | 96.9       |
| time/                   |            |
|    fps                  | 670        |
|    iterations           | 289        |
|    time_elapsed         | 1324       |
|    total_timesteps      | 887808     |
| train/                  |            |
|    approx_kl            | 0.01249243 |
|    clip_fraction        | 0.131      |
|    clip_range           | 0.2        |
|    entropy_loss         | -2.35      |
|    explained_variance   | 0.875      |
|    learning_rate        | 0.0003     |
|    loss                 | 193        |
|    n_updates            | 2880       |
|    policy_gradient_loss | -0.0055    |
|    std                  | 0.437      |
|    value_loss           | 452        |
----------------------------------------
------------------------------------------
| rollout/                |              |
|    ep_len_mean          | 215          |
|    ep_rew_mean          | 110          |
| time/                   |              |
|    fps                  | 671          |
|    iterations           | 290          |
|    time_elapsed         | 1326         |
|    total_timesteps      | 890880       |
| train/                  |              |
|    approx_kl            | 0.0108974315 |
|    clip_fraction        | 0.135        |
|    clip_range           | 0.2          |
|    entropy_loss         | -2.34        |
|    explained_variance   | 0.898        |
|    learning_rate        | 0.0003       |
|    loss                 | 221          |
|    n_updates            | 2890         |
|    policy_gradient_loss | -0.0036      |
|    std                  | 0.438        |
|    value_loss           | 581          |
------------------------------------------
-----------------------------------------
| rollout/                |             |
|    ep_len_mean          | 215         |
|    ep_rew_mean          | 115         |
| time/                   |             |
|    fps                  | 672         |
|    iterations           | 291         |
|    time_elapsed         | 1329        |
|    total_timesteps      | 893952      |
| train/                  |             |
|    approx_kl            | 0.009225692 |
|    clip_fraction        | 0.137       |
|    clip_range           | 0.2         |
|    entropy_loss         | -2.35       |
|    explained_variance   | 0.841       |
|    learning_rate        | 0.0003      |
|    loss                 | 188         |
|    n_updates            | 2900        |
|    policy_gradient_loss | -0.00234    |
|    std                  | 0.44        |
|    value_loss           | 411         |
-----------------------------------------
-----------------------------------------
| rollout/                |             |
|    ep_len_mean          | 203         |
|    ep_rew_mean          | 101         |
| time/                   |             |
|    fps                  | 673         |
|    iterations           | 292         |
|    time_elapsed         | 1331        |
|    total_timesteps      | 897024      |
| train/                  |             |
|    approx_kl            | 0.015659416 |
|    clip_fraction        | 0.194       |
|    clip_range           | 0.2         |
|    entropy_loss         | -2.36       |
|    explained_variance   | 0.878       |
|    learning_rate        | 0.0003      |
|    loss                 | 235         |
|    n_updates            | 2910        |
|    policy_gradient_loss | -0.00432    |
|    std                  | 0.44        |
|    value_loss           | 401         |
-----------------------------------------
----------------------------------------
| rollout/                |            |
|    ep_len_mean          | 205        |
|    ep_rew_mean          | 127        |
| time/                   |            |
|    fps                  | 674        |
|    iterations           | 293        |
|    time_elapsed         | 1334       |
|    total_timesteps      | 900096     |
| train/                  |            |
|    approx_kl            | 0.01398961 |
|    clip_fraction        | 0.162      |
|    clip_range           | 0.2        |
|    entropy_loss         | -2.35      |
|    explained_variance   | 0.899      |
|    learning_rate        | 0.0003     |
|    loss                 | 122        |
|    n_updates            | 2920       |
|    policy_gradient_loss | 3.87e-05   |
|    std                  | 0.437      |
|    value_loss           | 456        |
----------------------------------------
-----------------------------------------
| rollout/                |             |
|    ep_len_mean          | 204         |
|    ep_rew_mean          | 130         |
| time/                   |             |
|    fps                  | 675         |
|    iterations           | 294         |
|    time_elapsed         | 1336        |
|    total_timesteps      | 903168      |
| train/                  |             |
|    approx_kl            | 0.011963774 |
|    clip_fraction        | 0.203       |
|    clip_range           | 0.2         |
|    entropy_loss         | -2.33       |
|    explained_variance   | 0.917       |
|    learning_rate        | 0.0003      |
|    loss                 | 156         |
|    n_updates            | 2930        |
|    policy_gradient_loss | -0.00064    |
|    std                  | 0.436       |
|    value_loss           | 304         |
-----------------------------------------
-----------------------------------------
| rollout/                |             |
|    ep_len_mean          | 193         |
|    ep_rew_mean          | 125         |
| time/                   |             |
|    fps                  | 676         |
|    iterations           | 295         |
|    time_elapsed         | 1339        |
|    total_timesteps      | 906240      |
| train/                  |             |
|    approx_kl            | 0.012309645 |
|    clip_fraction        | 0.151       |
|    clip_range           | 0.2         |
|    entropy_loss         | -2.32       |
|    explained_variance   | 0.852       |
|    learning_rate        | 0.0003      |
|    loss                 | 209         |
|    n_updates            | 2940        |
|    policy_gradient_loss | -0.00737    |
|    std                  | 0.435       |
|    value_loss           | 485         |
-----------------------------------------
----------------------------------------
| rollout/                |            |
|    ep_len_mean          | 191        |
|    ep_rew_mean          | 144        |
| time/                   |            |
|    fps                  | 677        |
|    iterations           | 296        |
|    time_elapsed         | 1341       |
|    total_timesteps      | 909312     |
| train/                  |            |
|    approx_kl            | 0.01783063 |
|    clip_fraction        | 0.141      |
|    clip_range           | 0.2        |
|    entropy_loss         | -2.31      |
|    explained_variance   | 0.862      |
|    learning_rate        | 0.0003     |
|    loss                 | 240        |
|    n_updates            | 2950       |
|    policy_gradient_loss | 0.000246   |
|    std                  | 0.433      |
|    value_loss           | 555        |
----------------------------------------
-----------------------------------------
| rollout/                |             |
|    ep_len_mean          | 202         |
|    ep_rew_mean          | 154         |
| time/                   |             |
|    fps                  | 678         |
|    iterations           | 297         |
|    time_elapsed         | 1344        |
|    total_timesteps      | 912384      |
| train/                  |             |
|    approx_kl            | 0.011748846 |
|    clip_fraction        | 0.147       |
|    clip_range           | 0.2         |
|    entropy_loss         | -2.29       |
|    explained_variance   | 0.896       |
|    learning_rate        | 0.0003      |
|    loss                 | 206         |
|    n_updates            | 2960        |
|    policy_gradient_loss | -0.00375    |
|    std                  | 0.43        |
|    value_loss           | 412         |
-----------------------------------------
-----------------------------------------
| rollout/                |             |
|    ep_len_mean          | 199         |
|    ep_rew_mean          | 159         |
| time/                   |             |
|    fps                  | 679         |
|    iterations           | 298         |
|    time_elapsed         | 1346        |
|    total_timesteps      | 915456      |
| train/                  |             |
|    approx_kl            | 0.013357281 |
|    clip_fraction        | 0.189       |
|    clip_range           | 0.2         |
|    entropy_loss         | -2.25       |
|    explained_variance   | 0.941       |
|    learning_rate        | 0.0003      |
|    loss                 | 182         |
|    n_updates            | 2970        |
|    policy_gradient_loss | 0.000383    |
|    std                  | 0.426       |
|    value_loss           | 362         |
-----------------------------------------
----------------------------------------
| rollout/                |            |
|    ep_len_mean          | 203        |
|    ep_rew_mean          | 153        |
| time/                   |            |
|    fps                  | 680        |
|    iterations           | 299        |
|    time_elapsed         | 1349       |
|    total_timesteps      | 918528     |
| train/                  |            |
|    approx_kl            | 0.01535561 |
|    clip_fraction        | 0.172      |
|    clip_range           | 0.2        |
|    entropy_loss         | -2.23      |
|    explained_variance   | 0.89       |
|    learning_rate        | 0.0003     |
|    loss                 | 114        |
|    n_updates            | 2980       |
|    policy_gradient_loss | -0.00133   |
|    std                  | 0.425      |
|    value_loss           | 390        |
----------------------------------------
-----------------------------------------
| rollout/                |             |
|    ep_len_mean          | 203         |
|    ep_rew_mean          | 126         |
| time/                   |             |
|    fps                  | 681         |
|    iterations           | 300         |
|    time_elapsed         | 1351        |
|    total_timesteps      | 921600      |
| train/                  |             |
|    approx_kl            | 0.013080928 |
|    clip_fraction        | 0.174       |
|    clip_range           | 0.2         |
|    entropy_loss         | -2.23       |
|    explained_variance   | 0.871       |
|    learning_rate        | 0.0003      |
|    loss                 | 282         |
|    n_updates            | 2990        |
|    policy_gradient_loss | 0.000645    |
|    std                  | 0.425       |
|    value_loss           | 451         |
-----------------------------------------
-----------------------------------------
| rollout/                |             |
|    ep_len_mean          | 202         |
|    ep_rew_mean          | 141         |
| time/                   |             |
|    fps                  | 682         |
|    iterations           | 301         |
|    time_elapsed         | 1353        |
|    total_timesteps      | 924672      |
| train/                  |             |
|    approx_kl            | 0.014417806 |
|    clip_fraction        | 0.222       |
|    clip_range           | 0.2         |
|    entropy_loss         | -2.22       |
|    explained_variance   | 0.876       |
|    learning_rate        | 0.0003      |
|    loss                 | 39.8        |
|    n_updates            | 3000        |
|    policy_gradient_loss | 0.00107     |
|    std                  | 0.424       |
|    value_loss           | 314         |
-----------------------------------------
-----------------------------------------
| rollout/                |             |
|    ep_len_mean          | 209         |
|    ep_rew_mean          | 120         |
| time/                   |             |
|    fps                  | 684         |
|    iterations           | 302         |
|    time_elapsed         | 1356        |
|    total_timesteps      | 927744      |
| train/                  |             |
|    approx_kl            | 0.012985961 |
|    clip_fraction        | 0.172       |
|    clip_range           | 0.2         |
|    entropy_loss         | -2.23       |
|    explained_variance   | 0.863       |
|    learning_rate        | 0.0003      |
|    loss                 | 135         |
|    n_updates            | 3010        |
|    policy_gradient_loss | -0.00102    |
|    std                  | 0.426       |
|    value_loss           | 409         |
-----------------------------------------
-----------------------------------------
| rollout/                |             |
|    ep_len_mean          | 206         |
|    ep_rew_mean          | 97.6        |
| time/                   |             |
|    fps                  | 685         |
|    iterations           | 303         |
|    time_elapsed         | 1358        |
|    total_timesteps      | 930816      |
| train/                  |             |
|    approx_kl            | 0.021184629 |
|    clip_fraction        | 0.254       |
|    clip_range           | 0.2         |
|    entropy_loss         | -2.25       |
|    explained_variance   | 0.913       |
|    learning_rate        | 0.0003      |
|    loss                 | 60.9        |
|    n_updates            | 3020        |
|    policy_gradient_loss | -0.00133    |
|    std                  | 0.429       |
|    value_loss           | 230         |
-----------------------------------------
-----------------------------------------
| rollout/                |             |
|    ep_len_mean          | 202         |
|    ep_rew_mean          | 94.3        |
| time/                   |             |
|    fps                  | 686         |
|    iterations           | 304         |
|    time_elapsed         | 1361        |
|    total_timesteps      | 933888      |
| train/                  |             |
|    approx_kl            | 0.023817914 |
|    clip_fraction        | 0.206       |
|    clip_range           | 0.2         |
|    entropy_loss         | -2.26       |
|    explained_variance   | 0.926       |
|    learning_rate        | 0.0003      |
|    loss                 | 77.3        |
|    n_updates            | 3030        |
|    policy_gradient_loss | -0.00263    |
|    std                  | 0.428       |
|    value_loss           | 242         |
-----------------------------------------
-----------------------------------------
| rollout/                |             |
|    ep_len_mean          | 191         |
|    ep_rew_mean          | 84.2        |
| time/                   |             |
|    fps                  | 686         |
|    iterations           | 305         |
|    time_elapsed         | 1364        |
|    total_timesteps      | 936960      |
| train/                  |             |
|    approx_kl            | 0.016005402 |
|    clip_fraction        | 0.203       |
|    clip_range           | 0.2         |
|    entropy_loss         | -2.26       |
|    explained_variance   | 0.907       |
|    learning_rate        | 0.0003      |
|    loss                 | 161         |
|    n_updates            | 3040        |
|    policy_gradient_loss | -0.00412    |
|    std                  | 0.432       |
|    value_loss           | 251         |
-----------------------------------------
-----------------------------------------
| rollout/                |             |
|    ep_len_mean          | 199         |
|    ep_rew_mean          | 78.1        |
| time/                   |             |
|    fps                  | 685         |
|    iterations           | 306         |
|    time_elapsed         | 1371        |
|    total_timesteps      | 940032      |
| train/                  |             |
|    approx_kl            | 0.012537312 |
|    clip_fraction        | 0.166       |
|    clip_range           | 0.2         |
|    entropy_loss         | -2.27       |
|    explained_variance   | 0.894       |
|    learning_rate        | 0.0003      |
|    loss                 | 167         |
|    n_updates            | 3050        |
|    policy_gradient_loss | -0.000913   |
|    std                  | 0.429       |
|    value_loss           | 229         |
-----------------------------------------
-----------------------------------------
| rollout/                |             |
|    ep_len_mean          | 201         |
|    ep_rew_mean          | 75.6        |
| time/                   |             |
|    fps                  | 683         |
|    iterations           | 307         |
|    time_elapsed         | 1379        |
|    total_timesteps      | 943104      |
| train/                  |             |
|    approx_kl            | 0.024809668 |
|    clip_fraction        | 0.243       |
|    clip_range           | 0.2         |
|    entropy_loss         | -2.27       |
|    explained_variance   | 0.838       |
|    learning_rate        | 0.0003      |
|    loss                 | 40.2        |
|    n_updates            | 3060        |
|    policy_gradient_loss | -0.00191    |
|    std                  | 0.43        |
|    value_loss           | 115         |
-----------------------------------------
-----------------------------------------
| rollout/                |             |
|    ep_len_mean          | 209         |
|    ep_rew_mean          | 76.7        |
| time/                   |             |
|    fps                  | 683         |
|    iterations           | 308         |
|    time_elapsed         | 1384        |
|    total_timesteps      | 946176      |
| train/                  |             |
|    approx_kl            | 0.022019282 |
|    clip_fraction        | 0.222       |
|    clip_range           | 0.2         |
|    entropy_loss         | -2.26       |
|    explained_variance   | 0.877       |
|    learning_rate        | 0.0003      |
|    loss                 | 22.6        |
|    n_updates            | 3070        |
|    policy_gradient_loss | 0.00183     |
|    std                  | 0.428       |
|    value_loss           | 182         |
-----------------------------------------
---------------------------------------
| rollout/                |           |
|    ep_len_mean          | 208       |
|    ep_rew_mean          | 76.3      |
| time/                   |           |
|    fps                  | 683       |
|    iterations           | 309       |
|    time_elapsed         | 1389      |
|    total_timesteps      | 949248    |
| train/                  |           |
|    approx_kl            | 0.0159955 |
|    clip_fraction        | 0.179     |
|    clip_range           | 0.2       |
|    entropy_loss         | -2.22     |
|    explained_variance   | 0.809     |
|    learning_rate        | 0.0003    |
|    loss                 | 113       |
|    n_updates            | 3080      |
|    policy_gradient_loss | -0.00534  |
|    std                  | 0.422     |
|    value_loss           | 248       |
---------------------------------------
-----------------------------------------
| rollout/                |             |
|    ep_len_mean          | 213         |
|    ep_rew_mean          | 79          |
| time/                   |             |
|    fps                  | 682         |
|    iterations           | 310         |
|    time_elapsed         | 1394        |
|    total_timesteps      | 952320      |
| train/                  |             |
|    approx_kl            | 0.020403614 |
|    clip_fraction        | 0.195       |
|    clip_range           | 0.2         |
|    entropy_loss         | -2.2        |
|    explained_variance   | 0.888       |
|    learning_rate        | 0.0003      |
|    loss                 | 86.8        |
|    n_updates            | 3090        |
|    policy_gradient_loss | -0.00527    |
|    std                  | 0.423       |
|    value_loss           | 196         |
-----------------------------------------
-----------------------------------------
| rollout/                |             |
|    ep_len_mean          | 212         |
|    ep_rew_mean          | 61.5        |
| time/                   |             |
|    fps                  | 681         |
|    iterations           | 311         |
|    time_elapsed         | 1401        |
|    total_timesteps      | 955392      |
| train/                  |             |
|    approx_kl            | 0.013582632 |
|    clip_fraction        | 0.16        |
|    clip_range           | 0.2         |
|    entropy_loss         | -2.19       |
|    explained_variance   | 0.829       |
|    learning_rate        | 0.0003      |
|    loss                 | 113         |
|    n_updates            | 3100        |
|    policy_gradient_loss | -0.00464    |
|    std                  | 0.42        |
|    value_loss           | 275         |
-----------------------------------------
-----------------------------------------
| rollout/                |             |
|    ep_len_mean          | 220         |
|    ep_rew_mean          | 50.1        |
| time/                   |             |
|    fps                  | 679         |
|    iterations           | 312         |
|    time_elapsed         | 1410        |
|    total_timesteps      | 958464      |
| train/                  |             |
|    approx_kl            | 0.026379026 |
|    clip_fraction        | 0.303       |
|    clip_range           | 0.2         |
|    entropy_loss         | -2.18       |
|    explained_variance   | 0.824       |
|    learning_rate        | 0.0003      |
|    loss                 | 18.2        |
|    n_updates            | 3110        |
|    policy_gradient_loss | -7.53e-05   |
|    std                  | 0.421       |
|    value_loss           | 72.2        |
-----------------------------------------
-----------------------------------------
| rollout/                |             |
|    ep_len_mean          | 222         |
|    ep_rew_mean          | 60.2        |
| time/                   |             |
|    fps                  | 678         |
|    iterations           | 313         |
|    time_elapsed         | 1417        |
|    total_timesteps      | 961536      |
| train/                  |             |
|    approx_kl            | 0.014880787 |
|    clip_fraction        | 0.177       |
|    clip_range           | 0.2         |
|    entropy_loss         | -2.2        |
|    explained_variance   | 0.888       |
|    learning_rate        | 0.0003      |
|    loss                 | 81          |
|    n_updates            | 3120        |
|    policy_gradient_loss | -0.000538   |
|    std                  | 0.423       |
|    value_loss           | 174         |
-----------------------------------------
-----------------------------------------
| rollout/                |             |
|    ep_len_mean          | 223         |
|    ep_rew_mean          | 57.3        |
| time/                   |             |
|    fps                  | 678         |
|    iterations           | 314         |
|    time_elapsed         | 1422        |
|    total_timesteps      | 964608      |
| train/                  |             |
|    approx_kl            | 0.015089543 |
|    clip_fraction        | 0.157       |
|    clip_range           | 0.2         |
|    entropy_loss         | -2.18       |
|    explained_variance   | 0.839       |
|    learning_rate        | 0.0003      |
|    loss                 | 78.1        |
|    n_updates            | 3130        |
|    policy_gradient_loss | -0.00486    |
|    std                  | 0.418       |
|    value_loss           | 201         |
-----------------------------------------
-----------------------------------------
| rollout/                |             |
|    ep_len_mean          | 226         |
|    ep_rew_mean          | 74.9        |
| time/                   |             |
|    fps                  | 678         |
|    iterations           | 315         |
|    time_elapsed         | 1427        |
|    total_timesteps      | 967680      |
| train/                  |             |
|    approx_kl            | 0.012490909 |
|    clip_fraction        | 0.15        |
|    clip_range           | 0.2         |
|    entropy_loss         | -2.15       |
|    explained_variance   | 0.875       |
|    learning_rate        | 0.0003      |
|    loss                 | 104         |
|    n_updates            | 3140        |
|    policy_gradient_loss | -0.00714    |
|    std                  | 0.416       |
|    value_loss           | 304         |
-----------------------------------------
-----------------------------------------
| rollout/                |             |
|    ep_len_mean          | 222         |
|    ep_rew_mean          | 88.3        |
| time/                   |             |
|    fps                  | 678         |
|    iterations           | 316         |
|    time_elapsed         | 1431        |
|    total_timesteps      | 970752      |
| train/                  |             |
|    approx_kl            | 0.023792572 |
|    clip_fraction        | 0.235       |
|    clip_range           | 0.2         |
|    entropy_loss         | -2.13       |
|    explained_variance   | 0.95        |
|    learning_rate        | 0.0003      |
|    loss                 | 42.3        |
|    n_updates            | 3150        |
|    policy_gradient_loss | 0.0041      |
|    std                  | 0.414       |
|    value_loss           | 135         |
-----------------------------------------
----------------------------------------
| rollout/                |            |
|    ep_len_mean          | 223        |
|    ep_rew_mean          | 83.3       |
| time/                   |            |
|    fps                  | 678        |
|    iterations           | 317        |
|    time_elapsed         | 1434       |
|    total_timesteps      | 973824     |
| train/                  |            |
|    approx_kl            | 0.01206395 |
|    clip_fraction        | 0.143      |
|    clip_range           | 0.2        |
|    entropy_loss         | -2.11      |
|    explained_variance   | 0.885      |
|    learning_rate        | 0.0003     |
|    loss                 | 159        |
|    n_updates            | 3160       |
|    policy_gradient_loss | -0.00528   |
|    std                  | 0.413      |
|    value_loss           | 382        |
----------------------------------------
----------------------------------------
| rollout/                |            |
|    ep_len_mean          | 229        |
|    ep_rew_mean          | 97.2       |
| time/                   |            |
|    fps                  | 678        |
|    iterations           | 318        |
|    time_elapsed         | 1439       |
|    total_timesteps      | 976896     |
| train/                  |            |
|    approx_kl            | 0.01649216 |
|    clip_fraction        | 0.197      |
|    clip_range           | 0.2        |
|    entropy_loss         | -2.09      |
|    explained_variance   | 0.934      |
|    learning_rate        | 0.0003     |
|    loss                 | 202        |
|    n_updates            | 3170       |
|    policy_gradient_loss | -0.000814  |
|    std                  | 0.411      |
|    value_loss           | 275        |
----------------------------------------
----------------------------------------
| rollout/                |            |
|    ep_len_mean          | 220        |
|    ep_rew_mean          | 140        |
| time/                   |            |
|    fps                  | 678        |
|    iterations           | 319        |
|    time_elapsed         | 1444       |
|    total_timesteps      | 979968     |
| train/                  |            |
|    approx_kl            | 0.01269945 |
|    clip_fraction        | 0.144      |
|    clip_range           | 0.2        |
|    entropy_loss         | -2.07      |
|    explained_variance   | 0.9        |
|    learning_rate        | 0.0003     |
|    loss                 | 163        |
|    n_updates            | 3180       |
|    policy_gradient_loss | -0.00741   |
|    std                  | 0.409      |
|    value_loss           | 455        |
----------------------------------------
----------------------------------------
| rollout/                |            |
|    ep_len_mean          | 229        |
|    ep_rew_mean          | 139        |
| time/                   |            |
|    fps                  | 678        |
|    iterations           | 320        |
|    time_elapsed         | 1449       |
|    total_timesteps      | 983040     |
| train/                  |            |
|    approx_kl            | 0.01443909 |
|    clip_fraction        | 0.182      |
|    clip_range           | 0.2        |
|    entropy_loss         | -2.06      |
|    explained_variance   | 0.922      |
|    learning_rate        | 0.0003     |
|    loss                 | 231        |
|    n_updates            | 3190       |
|    policy_gradient_loss | -0.0037    |
|    std                  | 0.409      |
|    value_loss           | 413        |
----------------------------------------
-----------------------------------------
| rollout/                |             |
|    ep_len_mean          | 219         |
|    ep_rew_mean          | 169         |
| time/                   |             |
|    fps                  | 677         |
|    iterations           | 321         |
|    time_elapsed         | 1455        |
|    total_timesteps      | 986112      |
| train/                  |             |
|    approx_kl            | 0.016914416 |
|    clip_fraction        | 0.194       |
|    clip_range           | 0.2         |
|    entropy_loss         | -2.05       |
|    explained_variance   | 0.842       |
|    learning_rate        | 0.0003      |
|    loss                 | 52.6        |
|    n_updates            | 3200        |
|    policy_gradient_loss | -0.00204    |
|    std                  | 0.405       |
|    value_loss           | 293         |
-----------------------------------------
-----------------------------------------
| rollout/                |             |
|    ep_len_mean          | 211         |
|    ep_rew_mean          | 162         |
| time/                   |             |
|    fps                  | 675         |
|    iterations           | 322         |
|    time_elapsed         | 1465        |
|    total_timesteps      | 989184      |
| train/                  |             |
|    approx_kl            | 0.011560799 |
|    clip_fraction        | 0.148       |
|    clip_range           | 0.2         |
|    entropy_loss         | -2.02       |
|    explained_variance   | 0.89        |
|    learning_rate        | 0.0003      |
|    loss                 | 409         |
|    n_updates            | 3210        |
|    policy_gradient_loss | -0.00145    |
|    std                  | 0.405       |
|    value_loss           | 734         |
-----------------------------------------
-----------------------------------------
| rollout/                |             |
|    ep_len_mean          | 218         |
|    ep_rew_mean          | 150         |
| time/                   |             |
|    fps                  | 675         |
|    iterations           | 323         |
|    time_elapsed         | 1468        |
|    total_timesteps      | 992256      |
| train/                  |             |
|    approx_kl            | 0.014270012 |
|    clip_fraction        | 0.17        |
|    clip_range           | 0.2         |
|    entropy_loss         | -2.02       |
|    explained_variance   | 0.916       |
|    learning_rate        | 0.0003      |
|    loss                 | 154         |
|    n_updates            | 3220        |
|    policy_gradient_loss | -0.00233    |
|    std                  | 0.404       |
|    value_loss           | 488         |
-----------------------------------------
-----------------------------------------
| rollout/                |             |
|    ep_len_mean          | 226         |
|    ep_rew_mean          | 151         |
| time/                   |             |
|    fps                  | 675         |
|    iterations           | 324         |
|    time_elapsed         | 1472        |
|    total_timesteps      | 995328      |
| train/                  |             |
|    approx_kl            | 0.016122056 |
|    clip_fraction        | 0.191       |
|    clip_range           | 0.2         |
|    entropy_loss         | -2.01       |
|    explained_variance   | 0.847       |
|    learning_rate        | 0.0003      |
|    loss                 | 146         |
|    n_updates            | 3230        |
|    policy_gradient_loss | -0.00794    |
|    std                  | 0.404       |
|    value_loss           | 318         |
-----------------------------------------
----------------------------------------
| rollout/                |            |
|    ep_len_mean          | 222        |
|    ep_rew_mean          | 150        |
| time/                   |            |
|    fps                  | 676        |
|    iterations           | 325        |
|    time_elapsed         | 1476       |
|    total_timesteps      | 998400     |
| train/                  |            |
|    approx_kl            | 0.01976631 |
|    clip_fraction        | 0.254      |
|    clip_range           | 0.2        |
|    entropy_loss         | -1.99      |
|    explained_variance   | 0.913      |
|    learning_rate        | 0.0003     |
|    loss                 | 52.2       |
|    n_updates            | 3240       |
|    policy_gradient_loss | -0.00274   |
|    std                  | 0.401      |
|    value_loss           | 232        |
----------------------------------------
[PeriodicArtifactCallback] step 1000020: saving checkpoint, evaluating, rendering...
[PeriodicArtifactCallback] step 1000020: success_rate=0.00 pick_success_rate=0.60 mean_reward=-60.00 -> C:\Users\laib28\OneDrive - Barker College\Documents\GitHub\HumanoidRobot\simulation\training\pick_place\runs\pp_v7\dashboard.html
-----------------------------------------
| rollout/                |             |
|    ep_len_mean          | 221         |
|    ep_rew_mean          | 122         |
| time/                   |             |
|    fps                  | 670         |
|    iterations           | 326         |
|    time_elapsed         | 1493        |
|    total_timesteps      | 1001472     |
| train/                  |             |
|    approx_kl            | 0.018965507 |
|    clip_fraction        | 0.225       |
|    clip_range           | 0.2         |
|    entropy_loss         | -1.98       |
|    explained_variance   | 0.891       |
|    learning_rate        | 0.0003      |
|    loss                 | 93.4        |
|    n_updates            | 3250        |
|    policy_gradient_loss | -0.00363    |
|    std                  | 0.402       |
|    value_loss           | 375         |
-----------------------------------------
-----------------------------------------
| rollout/                |             |
|    ep_len_mean          | 218         |
|    ep_rew_mean          | 122         |
| time/                   |             |
|    fps                  | 670         |
|    iterations           | 327         |
|    time_elapsed         | 1498        |
|    total_timesteps      | 1004544     |
| train/                  |             |
|    approx_kl            | 0.017186038 |
|    clip_fraction        | 0.248       |
|    clip_range           | 0.2         |
|    entropy_loss         | -1.97       |
|    explained_variance   | 0.925       |
|    learning_rate        | 0.0003      |
|    loss                 | 95.8        |
|    n_updates            | 3260        |
|    policy_gradient_loss | -0.00256    |
|    std                  | 0.399       |
|    value_loss           | 246         |
-----------------------------------------
-----------------------------------------
| rollout/                |             |
|    ep_len_mean          | 219         |
|    ep_rew_mean          | 127         |
| time/                   |             |
|    fps                  | 669         |
|    iterations           | 328         |
|    time_elapsed         | 1505        |
|    total_timesteps      | 1007616     |
| train/                  |             |
|    approx_kl            | 0.015768496 |
|    clip_fraction        | 0.166       |
|    clip_range           | 0.2         |
|    entropy_loss         | -1.94       |
|    explained_variance   | 0.607       |
|    learning_rate        | 0.0003      |
|    loss                 | 400         |
|    n_updates            | 3270        |
|    policy_gradient_loss | -0.00313    |
|    std                  | 0.396       |
|    value_loss           | 426         |
-----------------------------------------
-----------------------------------------
| rollout/                |             |
|    ep_len_mean          | 221         |
|    ep_rew_mean          | 123         |
| time/                   |             |
|    fps                  | 669         |
|    iterations           | 329         |
|    time_elapsed         | 1509        |
|    total_timesteps      | 1010688     |
| train/                  |             |
|    approx_kl            | 0.013562112 |
|    clip_fraction        | 0.158       |
|    clip_range           | 0.2         |
|    entropy_loss         | -1.91       |
|    explained_variance   | 0.909       |
|    learning_rate        | 0.0003      |
|    loss                 | 96.6        |
|    n_updates            | 3280        |
|    policy_gradient_loss | -0.00171    |
|    std                  | 0.393       |
|    value_loss           | 414         |
-----------------------------------------
-----------------------------------------
| rollout/                |             |
|    ep_len_mean          | 218         |
|    ep_rew_mean          | 127         |
| time/                   |             |
|    fps                  | 670         |
|    iterations           | 330         |
|    time_elapsed         | 1512        |
|    total_timesteps      | 1013760     |
| train/                  |             |
|    approx_kl            | 0.024980567 |
|    clip_fraction        | 0.234       |
|    clip_range           | 0.2         |
|    entropy_loss         | -1.88       |
|    explained_variance   | 0.947       |
|    learning_rate        | 0.0003      |
|    loss                 | 63.7        |
|    n_updates            | 3290        |
|    policy_gradient_loss | 0.00422     |
|    std                  | 0.392       |
|    value_loss           | 238         |
-----------------------------------------
----------------------------------------
| rollout/                |            |
|    ep_len_mean          | 225        |
|    ep_rew_mean          | 116        |
| time/                   |            |
|    fps                  | 671        |
|    iterations           | 331        |
|    time_elapsed         | 1515       |
|    total_timesteps      | 1016832    |
| train/                  |            |
|    approx_kl            | 0.02816555 |
|    clip_fraction        | 0.242      |
|    clip_range           | 0.2        |
|    entropy_loss         | -1.87      |
|    explained_variance   | 0.936      |
|    learning_rate        | 0.0003     |
|    loss                 | 128        |
|    n_updates            | 3300       |
|    policy_gradient_loss | -0.000612  |
|    std                  | 0.39       |
|    value_loss           | 230        |
----------------------------------------
-----------------------------------------
| rollout/                |             |
|    ep_len_mean          | 228         |
|    ep_rew_mean          | 116         |
| time/                   |             |
|    fps                  | 671         |
|    iterations           | 332         |
|    time_elapsed         | 1518        |
|    total_timesteps      | 1019904     |
| train/                  |             |
|    approx_kl            | 0.022833033 |
|    clip_fraction        | 0.26        |
|    clip_range           | 0.2         |
|    entropy_loss         | -1.87       |
|    explained_variance   | 0.904       |
|    learning_rate        | 0.0003      |
|    loss                 | 94.5        |
|    n_updates            | 3310        |
|    policy_gradient_loss | -0.00117    |
|    std                  | 0.392       |
|    value_loss           | 233         |
-----------------------------------------
-----------------------------------------
| rollout/                |             |
|    ep_len_mean          | 224         |
|    ep_rew_mean          | 123         |
| time/                   |             |
|    fps                  | 672         |
|    iterations           | 333         |
|    time_elapsed         | 1521        |
|    total_timesteps      | 1022976     |
| train/                  |             |
|    approx_kl            | 0.026369182 |
|    clip_fraction        | 0.229       |
|    clip_range           | 0.2         |
|    entropy_loss         | -1.87       |
|    explained_variance   | 0.941       |
|    learning_rate        | 0.0003      |
|    loss                 | 24.4        |
|    n_updates            | 3320        |
|    policy_gradient_loss | 0.000171    |
|    std                  | 0.39        |
|    value_loss           | 252         |
-----------------------------------------
-----------------------------------------
| rollout/                |             |
|    ep_len_mean          | 232         |
|    ep_rew_mean          | 127         |
| time/                   |             |
|    fps                  | 672         |
|    iterations           | 334         |
|    time_elapsed         | 1524        |
|    total_timesteps      | 1026048     |
| train/                  |             |
|    approx_kl            | 0.013296221 |
|    clip_fraction        | 0.152       |
|    clip_range           | 0.2         |
|    entropy_loss         | -1.86       |
|    explained_variance   | 0.919       |
|    learning_rate        | 0.0003      |
|    loss                 | 311         |
|    n_updates            | 3330        |
|    policy_gradient_loss | -0.00464    |
|    std                  | 0.39        |
|    value_loss           | 583         |
-----------------------------------------
-----------------------------------------
| rollout/                |             |
|    ep_len_mean          | 231         |
|    ep_rew_mean          | 106         |
| time/                   |             |
|    fps                  | 673         |
|    iterations           | 335         |
|    time_elapsed         | 1527        |
|    total_timesteps      | 1029120     |
| train/                  |             |
|    approx_kl            | 0.014043572 |
|    clip_fraction        | 0.163       |
|    clip_range           | 0.2         |
|    entropy_loss         | -1.83       |
|    explained_variance   | 0.938       |
|    learning_rate        | 0.0003      |
|    loss                 | 196         |
|    n_updates            | 3340        |
|    policy_gradient_loss | -0.00517    |
|    std                  | 0.386       |
|    value_loss           | 567         |
-----------------------------------------
-----------------------------------------
| rollout/                |             |
|    ep_len_mean          | 232         |
|    ep_rew_mean          | 91          |
| time/                   |             |
|    fps                  | 674         |
|    iterations           | 336         |
|    time_elapsed         | 1530        |
|    total_timesteps      | 1032192     |
| train/                  |             |
|    approx_kl            | 0.021291653 |
|    clip_fraction        | 0.298       |
|    clip_range           | 0.2         |
|    entropy_loss         | -1.83       |
|    explained_variance   | 0.814       |
|    learning_rate        | 0.0003      |
|    loss                 | 120         |
|    n_updates            | 3350        |
|    policy_gradient_loss | 0.0037      |
|    std                  | 0.388       |
|    value_loss           | 198         |
-----------------------------------------
-----------------------------------------
| rollout/                |             |
|    ep_len_mean          | 233         |
|    ep_rew_mean          | 83.7        |
| time/                   |             |
|    fps                  | 675         |
|    iterations           | 337         |
|    time_elapsed         | 1533        |
|    total_timesteps      | 1035264     |
| train/                  |             |
|    approx_kl            | 0.019265788 |
|    clip_fraction        | 0.217       |
|    clip_range           | 0.2         |
|    entropy_loss         | -1.85       |
|    explained_variance   | 0.913       |
|    learning_rate        | 0.0003      |
|    loss                 | 39.7        |
|    n_updates            | 3360        |
|    policy_gradient_loss | 0.00116     |
|    std                  | 0.391       |
|    value_loss           | 295         |
-----------------------------------------
----------------------------------------
| rollout/                |            |
|    ep_len_mean          | 212        |
|    ep_rew_mean          | 88.2       |
| time/                   |            |
|    fps                  | 675        |
|    iterations           | 338        |
|    time_elapsed         | 1536       |
|    total_timesteps      | 1038336    |
| train/                  |            |
|    approx_kl            | 0.02769362 |
|    clip_fraction        | 0.231      |
|    clip_range           | 0.2        |
|    entropy_loss         | -1.88      |
|    explained_variance   | 0.951      |
|    learning_rate        | 0.0003     |
|    loss                 | 71.3       |
|    n_updates            | 3370       |
|    policy_gradient_loss | 0.000187   |
|    std                  | 0.394      |
|    value_loss           | 269        |
----------------------------------------
-----------------------------------------
| rollout/                |             |
|    ep_len_mean          | 209         |
|    ep_rew_mean          | 83.3        |
| time/                   |             |
|    fps                  | 676         |
|    iterations           | 339         |
|    time_elapsed         | 1539        |
|    total_timesteps      | 1041408     |
| train/                  |             |
|    approx_kl            | 0.017365707 |
|    clip_fraction        | 0.205       |
|    clip_range           | 0.2         |
|    entropy_loss         | -1.9        |
|    explained_variance   | 0.816       |
|    learning_rate        | 0.0003      |
|    loss                 | 106         |
|    n_updates            | 3380        |
|    policy_gradient_loss | -0.00406    |
|    std                  | 0.395       |
|    value_loss           | 301         |
-----------------------------------------
-----------------------------------------
| rollout/                |             |
|    ep_len_mean          | 212         |
|    ep_rew_mean          | 80.9        |
| time/                   |             |
|    fps                  | 676         |
|    iterations           | 340         |
|    time_elapsed         | 1543        |
|    total_timesteps      | 1044480     |
| train/                  |             |
|    approx_kl            | 0.015813751 |
|    clip_fraction        | 0.222       |
|    clip_range           | 0.2         |
|    entropy_loss         | -1.89       |
|    explained_variance   | 0.906       |
|    learning_rate        | 0.0003      |
|    loss                 | 384         |
|    n_updates            | 3390        |
|    policy_gradient_loss | -0.00155    |
|    std                  | 0.393       |
|    value_loss           | 356         |
-----------------------------------------
-----------------------------------------
| rollout/                |             |
|    ep_len_mean          | 209         |
|    ep_rew_mean          | 71.3        |
| time/                   |             |
|    fps                  | 677         |
|    iterations           | 341         |
|    time_elapsed         | 1547        |
|    total_timesteps      | 1047552     |
| train/                  |             |
|    approx_kl            | 0.023231963 |
|    clip_fraction        | 0.209       |
|    clip_range           | 0.2         |
|    entropy_loss         | -1.88       |
|    explained_variance   | 0.919       |
|    learning_rate        | 0.0003      |
|    loss                 | 59.7        |
|    n_updates            | 3400        |
|    policy_gradient_loss | 0.00116     |
|    std                  | 0.391       |
|    value_loss           | 358         |
-----------------------------------------
-----------------------------------------
| rollout/                |             |
|    ep_len_mean          | 212         |
|    ep_rew_mean          | 81.5        |
| time/                   |             |
|    fps                  | 677         |
|    iterations           | 342         |
|    time_elapsed         | 1550        |
|    total_timesteps      | 1050624     |
| train/                  |             |
|    approx_kl            | 0.016554127 |
|    clip_fraction        | 0.2         |
|    clip_range           | 0.2         |
|    entropy_loss         | -1.87       |
|    explained_variance   | 0.941       |
|    learning_rate        | 0.0003      |
|    loss                 | 145         |
|    n_updates            | 3410        |
|    policy_gradient_loss | -0.0049     |
|    std                  | 0.391       |
|    value_loss           | 255         |
-----------------------------------------
-----------------------------------------
| rollout/                |             |
|    ep_len_mean          | 211         |
|    ep_rew_mean          | 111         |
| time/                   |             |
|    fps                  | 678         |
|    iterations           | 343         |
|    time_elapsed         | 1554        |
|    total_timesteps      | 1053696     |
| train/                  |             |
|    approx_kl            | 0.015858328 |
|    clip_fraction        | 0.169       |
|    clip_range           | 0.2         |
|    entropy_loss         | -1.87       |
|    explained_variance   | 0.905       |
|    learning_rate        | 0.0003      |
|    loss                 | 206         |
|    n_updates            | 3420        |
|    policy_gradient_loss | -0.00513    |
|    std                  | 0.393       |
|    value_loss           | 586         |
-----------------------------------------
----------------------------------------
| rollout/                |            |
|    ep_len_mean          | 205        |
|    ep_rew_mean          | 121        |
| time/                   |            |
|    fps                  | 678        |
|    iterations           | 344        |
|    time_elapsed         | 1557       |
|    total_timesteps      | 1056768    |
| train/                  |            |
|    approx_kl            | 0.01358739 |
|    clip_fraction        | 0.162      |
|    clip_range           | 0.2        |
|    entropy_loss         | -1.86      |
|    explained_variance   | 0.913      |
|    learning_rate        | 0.0003     |
|    loss                 | 367        |
|    n_updates            | 3430       |
|    policy_gradient_loss | -0.00492   |
|    std                  | 0.389      |
|    value_loss           | 527        |
----------------------------------------
-----------------------------------------
| rollout/                |             |
|    ep_len_mean          | 211         |
|    ep_rew_mean          | 135         |
| time/                   |             |
|    fps                  | 678         |
|    iterations           | 345         |
|    time_elapsed         | 1561        |
|    total_timesteps      | 1059840     |
| train/                  |             |
|    approx_kl            | 0.015022662 |
|    clip_fraction        | 0.137       |
|    clip_range           | 0.2         |
|    entropy_loss         | -1.83       |
|    explained_variance   | 0.907       |
|    learning_rate        | 0.0003      |
|    loss                 | 156         |
|    n_updates            | 3440        |
|    policy_gradient_loss | 0.000455    |
|    std                  | 0.387       |
|    value_loss           | 632         |
-----------------------------------------
-----------------------------------------
| rollout/                |             |
|    ep_len_mean          | 213         |
|    ep_rew_mean          | 136         |
| time/                   |             |
|    fps                  | 679         |
|    iterations           | 346         |
|    time_elapsed         | 1564        |
|    total_timesteps      | 1062912     |
| train/                  |             |
|    approx_kl            | 0.016989628 |
|    clip_fraction        | 0.205       |
|    clip_range           | 0.2         |
|    entropy_loss         | -1.83       |
|    explained_variance   | 0.869       |
|    learning_rate        | 0.0003      |
|    loss                 | 566         |
|    n_updates            | 3450        |
|    policy_gradient_loss | 0.000196    |
|    std                  | 0.387       |
|    value_loss           | 805         |
-----------------------------------------
-----------------------------------------
| rollout/                |             |
|    ep_len_mean          | 214         |
|    ep_rew_mean          | 123         |
| time/                   |             |
|    fps                  | 679         |
|    iterations           | 347         |
|    time_elapsed         | 1568        |
|    total_timesteps      | 1065984     |
| train/                  |             |
|    approx_kl            | 0.036419485 |
|    clip_fraction        | 0.324       |
|    clip_range           | 0.2         |
|    entropy_loss         | -1.83       |
|    explained_variance   | 0.935       |
|    learning_rate        | 0.0003      |
|    loss                 | 57.1        |
|    n_updates            | 3460        |
|    policy_gradient_loss | 0.00484     |
|    std                  | 0.387       |
|    value_loss           | 188         |
-----------------------------------------
-----------------------------------------
| rollout/                |             |
|    ep_len_mean          | 220         |
|    ep_rew_mean          | 124         |
| time/                   |             |
|    fps                  | 679         |
|    iterations           | 348         |
|    time_elapsed         | 1572        |
|    total_timesteps      | 1069056     |
| train/                  |             |
|    approx_kl            | 0.024042375 |
|    clip_fraction        | 0.21        |
|    clip_range           | 0.2         |
|    entropy_loss         | -1.82       |
|    explained_variance   | 0.846       |
|    learning_rate        | 0.0003      |
|    loss                 | 47          |
|    n_updates            | 3470        |
|    policy_gradient_loss | -0.00197    |
|    std                  | 0.385       |
|    value_loss           | 229         |
-----------------------------------------
-----------------------------------------
| rollout/                |             |
|    ep_len_mean          | 213         |
|    ep_rew_mean          | 137         |
| time/                   |             |
|    fps                  | 680         |
|    iterations           | 349         |
|    time_elapsed         | 1575        |
|    total_timesteps      | 1072128     |
| train/                  |             |
|    approx_kl            | 0.019961776 |
|    clip_fraction        | 0.174       |
|    clip_range           | 0.2         |
|    entropy_loss         | -1.79       |
|    explained_variance   | 0.91        |
|    learning_rate        | 0.0003      |
|    loss                 | 166         |
|    n_updates            | 3480        |
|    policy_gradient_loss | -0.000964   |
|    std                  | 0.383       |
|    value_loss           | 362         |
-----------------------------------------
-----------------------------------------
| rollout/                |             |
|    ep_len_mean          | 220         |
|    ep_rew_mean          | 106         |
| time/                   |             |
|    fps                  | 680         |
|    iterations           | 350         |
|    time_elapsed         | 1579        |
|    total_timesteps      | 1075200     |
| train/                  |             |
|    approx_kl            | 0.017823534 |
|    clip_fraction        | 0.19        |
|    clip_range           | 0.2         |
|    entropy_loss         | -1.77       |
|    explained_variance   | 0.943       |
|    learning_rate        | 0.0003      |
|    loss                 | 103         |
|    n_updates            | 3490        |
|    policy_gradient_loss | -0.00225    |
|    std                  | 0.381       |
|    value_loss           | 328         |
-----------------------------------------
----------------------------------------
| rollout/                |            |
|    ep_len_mean          | 216        |
|    ep_rew_mean          | 103        |
| time/                   |            |
|    fps                  | 681        |
|    iterations           | 351        |
|    time_elapsed         | 1582       |
|    total_timesteps      | 1078272    |
| train/                  |            |
|    approx_kl            | 0.02098045 |
|    clip_fraction        | 0.259      |
|    clip_range           | 0.2        |
|    entropy_loss         | -1.74      |
|    explained_variance   | 0.968      |
|    learning_rate        | 0.0003     |
|    loss                 | 86.8       |
|    n_updates            | 3500       |
|    policy_gradient_loss | -0.000226  |
|    std                  | 0.378      |
|    value_loss           | 263        |
----------------------------------------
----------------------------------------
| rollout/                |            |
|    ep_len_mean          | 224        |
|    ep_rew_mean          | 99.3       |
| time/                   |            |
|    fps                  | 681        |
|    iterations           | 352        |
|    time_elapsed         | 1586       |
|    total_timesteps      | 1081344    |
| train/                  |            |
|    approx_kl            | 0.01310991 |
|    clip_fraction        | 0.14       |
|    clip_range           | 0.2        |
|    entropy_loss         | -1.73      |
|    explained_variance   | 0.913      |
|    learning_rate        | 0.0003     |
|    loss                 | 157        |
|    n_updates            | 3510       |
|    policy_gradient_loss | -0.00445   |
|    std                  | 0.377      |
|    value_loss           | 579        |
----------------------------------------
-----------------------------------------
| rollout/                |             |
|    ep_len_mean          | 227         |
|    ep_rew_mean          | 94.2        |
| time/                   |             |
|    fps                  | 682         |
|    iterations           | 353         |
|    time_elapsed         | 1589        |
|    total_timesteps      | 1084416     |
| train/                  |             |
|    approx_kl            | 0.020760234 |
|    clip_fraction        | 0.281       |
|    clip_range           | 0.2         |
|    entropy_loss         | -1.7        |
|    explained_variance   | 0.954       |
|    learning_rate        | 0.0003      |
|    loss                 | 48.5        |
|    n_updates            | 3520        |
|    policy_gradient_loss | 0.00507     |
|    std                  | 0.374       |
|    value_loss           | 196         |
-----------------------------------------
-----------------------------------------
| rollout/                |             |
|    ep_len_mean          | 219         |
|    ep_rew_mean          | 109         |
| time/                   |             |
|    fps                  | 682         |
|    iterations           | 354         |
|    time_elapsed         | 1593        |
|    total_timesteps      | 1087488     |
| train/                  |             |
|    approx_kl            | 0.018782845 |
|    clip_fraction        | 0.186       |
|    clip_range           | 0.2         |
|    entropy_loss         | -1.7        |
|    explained_variance   | 0.766       |
|    learning_rate        | 0.0003      |
|    loss                 | 112         |
|    n_updates            | 3530        |
|    policy_gradient_loss | -0.00123    |
|    std                  | 0.376       |
|    value_loss           | 259         |
-----------------------------------------
-----------------------------------------
| rollout/                |             |
|    ep_len_mean          | 226         |
|    ep_rew_mean          | 93.3        |
| time/                   |             |
|    fps                  | 682         |
|    iterations           | 355         |
|    time_elapsed         | 1597        |
|    total_timesteps      | 1090560     |
| train/                  |             |
|    approx_kl            | 0.020340152 |
|    clip_fraction        | 0.224       |
|    clip_range           | 0.2         |
|    entropy_loss         | -1.73       |
|    explained_variance   | 0.891       |
|    learning_rate        | 0.0003      |
|    loss                 | 88.9        |
|    n_updates            | 3540        |
|    policy_gradient_loss | -1.15e-05   |
|    std                  | 0.378       |
|    value_loss           | 209         |
-----------------------------------------
---------------------------------------
| rollout/                |           |
|    ep_len_mean          | 223       |
|    ep_rew_mean          | 106       |
| time/                   |           |
|    fps                  | 683       |
|    iterations           | 356       |
|    time_elapsed         | 1601      |
|    total_timesteps      | 1093632   |
| train/                  |           |
|    approx_kl            | 0.0152078 |
|    clip_fraction        | 0.181     |
|    clip_range           | 0.2       |
|    entropy_loss         | -1.72     |
|    explained_variance   | 0.908     |
|    learning_rate        | 0.0003    |
|    loss                 | 64.1      |
|    n_updates            | 3550      |
|    policy_gradient_loss | -0.00316  |
|    std                  | 0.376     |
|    value_loss           | 295       |
---------------------------------------
----------------------------------------
| rollout/                |            |
|    ep_len_mean          | 220        |
|    ep_rew_mean          | 106        |
| time/                   |            |
|    fps                  | 683        |
|    iterations           | 357        |
|    time_elapsed         | 1604       |
|    total_timesteps      | 1096704    |
| train/                  |            |
|    approx_kl            | 0.01589982 |
|    clip_fraction        | 0.2        |
|    clip_range           | 0.2        |
|    entropy_loss         | -1.71      |
|    explained_variance   | 0.904      |
|    learning_rate        | 0.0003     |
|    loss                 | 106        |
|    n_updates            | 3560       |
|    policy_gradient_loss | -0.000285  |
|    std                  | 0.376      |
|    value_loss           | 299        |
----------------------------------------
-----------------------------------------
| rollout/                |             |
|    ep_len_mean          | 222         |
|    ep_rew_mean          | 108         |
| time/                   |             |
|    fps                  | 684         |
|    iterations           | 358         |
|    time_elapsed         | 1607        |
|    total_timesteps      | 1099776     |
| train/                  |             |
|    approx_kl            | 0.015647652 |
|    clip_fraction        | 0.187       |
|    clip_range           | 0.2         |
|    entropy_loss         | -1.71       |
|    explained_variance   | 0.884       |
|    learning_rate        | 0.0003      |
|    loss                 | 278         |
|    n_updates            | 3570        |
|    policy_gradient_loss | -0.00654    |
|    std                  | 0.375       |
|    value_loss           | 327         |
-----------------------------------------
----------------------------------------
| rollout/                |            |
|    ep_len_mean          | 201        |
|    ep_rew_mean          | 116        |
| time/                   |            |
|    fps                  | 684        |
|    iterations           | 359        |
|    time_elapsed         | 1610       |
|    total_timesteps      | 1102848    |
| train/                  |            |
|    approx_kl            | 0.02024772 |
|    clip_fraction        | 0.205      |
|    clip_range           | 0.2        |
|    entropy_loss         | -1.67      |
|    explained_variance   | 0.855      |
|    learning_rate        | 0.0003     |
|    loss                 | 74.2       |
|    n_updates            | 3580       |
|    policy_gradient_loss | -0.000528  |
|    std                  | 0.37       |
|    value_loss           | 205        |
----------------------------------------
-----------------------------------------
| rollout/                |             |
|    ep_len_mean          | 207         |
|    ep_rew_mean          | 107         |
| time/                   |             |
|    fps                  | 685         |
|    iterations           | 360         |
|    time_elapsed         | 1613        |
|    total_timesteps      | 1105920     |
| train/                  |             |
|    approx_kl            | 0.015287444 |
|    clip_fraction        | 0.154       |
|    clip_range           | 0.2         |
|    entropy_loss         | -1.63       |
|    explained_variance   | 0.871       |
|    learning_rate        | 0.0003      |
|    loss                 | 337         |
|    n_updates            | 3590        |
|    policy_gradient_loss | -0.00305    |
|    std                  | 0.366       |
|    value_loss           | 532         |
-----------------------------------------
-----------------------------------------
| rollout/                |             |
|    ep_len_mean          | 213         |
|    ep_rew_mean          | 92          |
| time/                   |             |
|    fps                  | 686         |
|    iterations           | 361         |
|    time_elapsed         | 1615        |
|    total_timesteps      | 1108992     |
| train/                  |             |
|    approx_kl            | 0.024107793 |
|    clip_fraction        | 0.289       |
|    clip_range           | 0.2         |
|    entropy_loss         | -1.62       |
|    explained_variance   | 0.805       |
|    learning_rate        | 0.0003      |
|    loss                 | 51.9        |
|    n_updates            | 3600        |
|    policy_gradient_loss | -0.000253   |
|    std                  | 0.368       |
|    value_loss           | 170         |
-----------------------------------------
----------------------------------------
| rollout/                |            |
|    ep_len_mean          | 203        |
|    ep_rew_mean          | 89.7       |
| time/                   |            |
|    fps                  | 686        |
|    iterations           | 362        |
|    time_elapsed         | 1618       |
|    total_timesteps      | 1112064    |
| train/                  |            |
|    approx_kl            | 0.02709744 |
|    clip_fraction        | 0.344      |
|    clip_range           | 0.2        |
|    entropy_loss         | -1.65      |
|    explained_variance   | 0.883      |
|    learning_rate        | 0.0003     |
|    loss                 | 79.4       |
|    n_updates            | 3610       |
|    policy_gradient_loss | 0.00728    |
|    std                  | 0.371      |
|    value_loss           | 89         |
----------------------------------------
-----------------------------------------
| rollout/                |             |
|    ep_len_mean          | 205         |
|    ep_rew_mean          | 95.5        |
| time/                   |             |
|    fps                  | 687         |
|    iterations           | 363         |
|    time_elapsed         | 1621        |
|    total_timesteps      | 1115136     |
| train/                  |             |
|    approx_kl            | 0.015383922 |
|    clip_fraction        | 0.17        |
|    clip_range           | 0.2         |
|    entropy_loss         | -1.68       |
|    explained_variance   | 0.876       |
|    learning_rate        | 0.0003      |
|    loss                 | 56.2        |
|    n_updates            | 3620        |
|    policy_gradient_loss | -0.0034     |
|    std                  | 0.373       |
|    value_loss           | 191         |
-----------------------------------------
-----------------------------------------
| rollout/                |             |
|    ep_len_mean          | 214         |
|    ep_rew_mean          | 94.3        |
| time/                   |             |
|    fps                  | 688         |
|    iterations           | 364         |
|    time_elapsed         | 1624        |
|    total_timesteps      | 1118208     |
| train/                  |             |
|    approx_kl            | 0.008639007 |
|    clip_fraction        | 0.111       |
|    clip_range           | 0.2         |
|    entropy_loss         | -1.68       |
|    explained_variance   | 0.933       |
|    learning_rate        | 0.0003      |
|    loss                 | 134         |
|    n_updates            | 3630        |
|    policy_gradient_loss | 0.00108     |
|    std                  | 0.372       |
|    value_loss           | 272         |
-----------------------------------------
-----------------------------------------
| rollout/                |             |
|    ep_len_mean          | 209         |
|    ep_rew_mean          | 94          |
| time/                   |             |
|    fps                  | 689         |
|    iterations           | 365         |
|    time_elapsed         | 1627        |
|    total_timesteps      | 1121280     |
| train/                  |             |
|    approx_kl            | 0.019039653 |
|    clip_fraction        | 0.216       |
|    clip_range           | 0.2         |
|    entropy_loss         | -1.66       |
|    explained_variance   | 0.906       |
|    learning_rate        | 0.0003      |
|    loss                 | 113         |
|    n_updates            | 3640        |
|    policy_gradient_loss | -0.00156    |
|    std                  | 0.37        |
|    value_loss           | 195         |
-----------------------------------------
----------------------------------------
| rollout/                |            |
|    ep_len_mean          | 221        |
|    ep_rew_mean          | 104        |
| time/                   |            |
|    fps                  | 689        |
|    iterations           | 366        |
|    time_elapsed         | 1629       |
|    total_timesteps      | 1124352    |
| train/                  |            |
|    approx_kl            | 0.01324674 |
|    clip_fraction        | 0.16       |
|    clip_range           | 0.2        |
|    entropy_loss         | -1.64      |
|    explained_variance   | 0.918      |
|    learning_rate        | 0.0003     |
|    loss                 | 237        |
|    n_updates            | 3650       |
|    policy_gradient_loss | -0.0046    |
|    std                  | 0.368      |
|    value_loss           | 421        |
----------------------------------------
-----------------------------------------
| rollout/                |             |
|    ep_len_mean          | 224         |
|    ep_rew_mean          | 107         |
| time/                   |             |
|    fps                  | 690         |
|    iterations           | 367         |
|    time_elapsed         | 1632        |
|    total_timesteps      | 1127424     |
| train/                  |             |
|    approx_kl            | 0.019510373 |
|    clip_fraction        | 0.167       |
|    clip_range           | 0.2         |
|    entropy_loss         | -1.63       |
|    explained_variance   | 0.941       |
|    learning_rate        | 0.0003      |
|    loss                 | 58.5        |
|    n_updates            | 3660        |
|    policy_gradient_loss | -0.00192    |
|    std                  | 0.368       |
|    value_loss           | 279         |
-----------------------------------------
-----------------------------------------
| rollout/                |             |
|    ep_len_mean          | 229         |
|    ep_rew_mean          | 131         |
| time/                   |             |
|    fps                  | 691         |
|    iterations           | 368         |
|    time_elapsed         | 1635        |
|    total_timesteps      | 1130496     |
| train/                  |             |
|    approx_kl            | 0.058287133 |
|    clip_fraction        | 0.201       |
|    clip_range           | 0.2         |
|    entropy_loss         | -1.63       |
|    explained_variance   | 0.903       |
|    learning_rate        | 0.0003      |
|    loss                 | 110         |
|    n_updates            | 3670        |
|    policy_gradient_loss | 0.000181    |
|    std                  | 0.369       |
|    value_loss           | 332         |
-----------------------------------------
-----------------------------------------
| rollout/                |             |
|    ep_len_mean          | 234         |
|    ep_rew_mean          | 122         |
| time/                   |             |
|    fps                  | 692         |
|    iterations           | 369         |
|    time_elapsed         | 1638        |
|    total_timesteps      | 1133568     |
| train/                  |             |
|    approx_kl            | 0.015328039 |
|    clip_fraction        | 0.183       |
|    clip_range           | 0.2         |
|    entropy_loss         | -1.62       |
|    explained_variance   | 0.921       |
|    learning_rate        | 0.0003      |
|    loss                 | 186         |
|    n_updates            | 3680        |
|    policy_gradient_loss | -0.00489    |
|    std                  | 0.366       |
|    value_loss           | 353         |
-----------------------------------------
-----------------------------------------
| rollout/                |             |
|    ep_len_mean          | 232         |
|    ep_rew_mean          | 117         |
| time/                   |             |
|    fps                  | 692         |
|    iterations           | 370         |
|    time_elapsed         | 1640        |
|    total_timesteps      | 1136640     |
| train/                  |             |
|    approx_kl            | 0.021014998 |
|    clip_fraction        | 0.275       |
|    clip_range           | 0.2         |
|    entropy_loss         | -1.62       |
|    explained_variance   | 0.903       |
|    learning_rate        | 0.0003      |
|    loss                 | 48.4        |
|    n_updates            | 3690        |
|    policy_gradient_loss | 0.00127     |
|    std                  | 0.368       |
|    value_loss           | 150         |
-----------------------------------------
-----------------------------------------
| rollout/                |             |
|    ep_len_mean          | 232         |
|    ep_rew_mean          | 118         |
| time/                   |             |
|    fps                  | 693         |
|    iterations           | 371         |
|    time_elapsed         | 1643        |
|    total_timesteps      | 1139712     |
| train/                  |             |
|    approx_kl            | 0.024815707 |
|    clip_fraction        | 0.252       |
|    clip_range           | 0.2         |
|    entropy_loss         | -1.62       |
|    explained_variance   | 0.942       |
|    learning_rate        | 0.0003      |
|    loss                 | 34.6        |
|    n_updates            | 3700        |
|    policy_gradient_loss | -0.00331    |
|    std                  | 0.366       |
|    value_loss           | 120         |
-----------------------------------------
-----------------------------------------
| rollout/                |             |
|    ep_len_mean          | 227         |
|    ep_rew_mean          | 122         |
| time/                   |             |
|    fps                  | 694         |
|    iterations           | 372         |
|    time_elapsed         | 1646        |
|    total_timesteps      | 1142784     |
| train/                  |             |
|    approx_kl            | 0.016849292 |
|    clip_fraction        | 0.169       |
|    clip_range           | 0.2         |
|    entropy_loss         | -1.61       |
|    explained_variance   | 0.91        |
|    learning_rate        | 0.0003      |
|    loss                 | 107         |
|    n_updates            | 3710        |
|    policy_gradient_loss | -0.00486    |
|    std                  | 0.365       |
|    value_loss           | 326         |
-----------------------------------------
-----------------------------------------
| rollout/                |             |
|    ep_len_mean          | 234         |
|    ep_rew_mean          | 102         |
| time/                   |             |
|    fps                  | 694         |
|    iterations           | 373         |
|    time_elapsed         | 1649        |
|    total_timesteps      | 1145856     |
| train/                  |             |
|    approx_kl            | 0.018019773 |
|    clip_fraction        | 0.213       |
|    clip_range           | 0.2         |
|    entropy_loss         | -1.62       |
|    explained_variance   | 0.79        |
|    learning_rate        | 0.0003      |
|    loss                 | 126         |
|    n_updates            | 3720        |
|    policy_gradient_loss | 0.0031      |
|    std                  | 0.367       |
|    value_loss           | 289         |
-----------------------------------------
-----------------------------------------
| rollout/                |             |
|    ep_len_mean          | 230         |
|    ep_rew_mean          | 121         |
| time/                   |             |
|    fps                  | 695         |
|    iterations           | 374         |
|    time_elapsed         | 1652        |
|    total_timesteps      | 1148928     |
| train/                  |             |
|    approx_kl            | 0.015367917 |
|    clip_fraction        | 0.198       |
|    clip_range           | 0.2         |
|    entropy_loss         | -1.62       |
|    explained_variance   | 0.854       |
|    learning_rate        | 0.0003      |
|    loss                 | 85.7        |
|    n_updates            | 3730        |
|    policy_gradient_loss | 0.000901    |
|    std                  | 0.367       |
|    value_loss           | 285         |
-----------------------------------------
-----------------------------------------
| rollout/                |             |
|    ep_len_mean          | 224         |
|    ep_rew_mean          | 120         |
| time/                   |             |
|    fps                  | 696         |
|    iterations           | 375         |
|    time_elapsed         | 1654        |
|    total_timesteps      | 1152000     |
| train/                  |             |
|    approx_kl            | 0.012713733 |
|    clip_fraction        | 0.191       |
|    clip_range           | 0.2         |
|    entropy_loss         | -1.64       |
|    explained_variance   | 0.893       |
|    learning_rate        | 0.0003      |
|    loss                 | 256         |
|    n_updates            | 3740        |
|    policy_gradient_loss | 0.00105     |
|    std                  | 0.369       |
|    value_loss           | 281         |
-----------------------------------------
-----------------------------------------
| rollout/                |             |
|    ep_len_mean          | 226         |
|    ep_rew_mean          | 119         |
| time/                   |             |
|    fps                  | 696         |
|    iterations           | 376         |
|    time_elapsed         | 1657        |
|    total_timesteps      | 1155072     |
| train/                  |             |
|    approx_kl            | 0.012623546 |
|    clip_fraction        | 0.178       |
|    clip_range           | 0.2         |
|    entropy_loss         | -1.64       |
|    explained_variance   | 0.921       |
|    learning_rate        | 0.0003      |
|    loss                 | 86.2        |
|    n_updates            | 3750        |
|    policy_gradient_loss | -0.000509   |
|    std                  | 0.368       |
|    value_loss           | 323         |
-----------------------------------------
-----------------------------------------
| rollout/                |             |
|    ep_len_mean          | 220         |
|    ep_rew_mean          | 126         |
| time/                   |             |
|    fps                  | 697         |
|    iterations           | 377         |
|    time_elapsed         | 1660        |
|    total_timesteps      | 1158144     |
| train/                  |             |
|    approx_kl            | 0.018397084 |
|    clip_fraction        | 0.221       |
|    clip_range           | 0.2         |
|    entropy_loss         | -1.65       |
|    explained_variance   | 0.917       |
|    learning_rate        | 0.0003      |
|    loss                 | 171         |
|    n_updates            | 3760        |
|    policy_gradient_loss | -0.00218    |
|    std                  | 0.37        |
|    value_loss           | 270         |
-----------------------------------------
-----------------------------------------
| rollout/                |             |
|    ep_len_mean          | 216         |
|    ep_rew_mean          | 130         |
| time/                   |             |
|    fps                  | 698         |
|    iterations           | 378         |
|    time_elapsed         | 1663        |
|    total_timesteps      | 1161216     |
| train/                  |             |
|    approx_kl            | 0.020083198 |
|    clip_fraction        | 0.24        |
|    clip_range           | 0.2         |
|    entropy_loss         | -1.66       |
|    explained_variance   | 0.857       |
|    learning_rate        | 0.0003      |
|    loss                 | 234         |
|    n_updates            | 3770        |
|    policy_gradient_loss | 0.000353    |
|    std                  | 0.369       |
|    value_loss           | 312         |
-----------------------------------------
-----------------------------------------
| rollout/                |             |
|    ep_len_mean          | 217         |
|    ep_rew_mean          | 145         |
| time/                   |             |
|    fps                  | 698         |
|    iterations           | 379         |
|    time_elapsed         | 1666        |
|    total_timesteps      | 1164288     |
| train/                  |             |
|    approx_kl            | 0.016154459 |
|    clip_fraction        | 0.159       |
|    clip_range           | 0.2         |
|    entropy_loss         | -1.65       |
|    explained_variance   | 0.934       |
|    learning_rate        | 0.0003      |
|    loss                 | 104         |
|    n_updates            | 3780        |
|    policy_gradient_loss | -0.00108    |
|    std                  | 0.369       |
|    value_loss           | 316         |
-----------------------------------------
-----------------------------------------
| rollout/                |             |
|    ep_len_mean          | 221         |
|    ep_rew_mean          | 121         |
| time/                   |             |
|    fps                  | 699         |
|    iterations           | 380         |
|    time_elapsed         | 1668        |
|    total_timesteps      | 1167360     |
| train/                  |             |
|    approx_kl            | 0.013998318 |
|    clip_fraction        | 0.147       |
|    clip_range           | 0.2         |
|    entropy_loss         | -1.64       |
|    explained_variance   | 0.891       |
|    learning_rate        | 0.0003      |
|    loss                 | 194         |
|    n_updates            | 3790        |
|    policy_gradient_loss | -0.0012     |
|    std                  | 0.367       |
|    value_loss           | 361         |
-----------------------------------------
-----------------------------------------
| rollout/                |             |
|    ep_len_mean          | 221         |
|    ep_rew_mean          | 120         |
| time/                   |             |
|    fps                  | 700         |
|    iterations           | 381         |
|    time_elapsed         | 1671        |
|    total_timesteps      | 1170432     |
| train/                  |             |
|    approx_kl            | 0.018465867 |
|    clip_fraction        | 0.22        |
|    clip_range           | 0.2         |
|    entropy_loss         | -1.62       |
|    explained_variance   | 0.896       |
|    learning_rate        | 0.0003      |
|    loss                 | 276         |
|    n_updates            | 3800        |
|    policy_gradient_loss | -0.000718   |
|    std                  | 0.365       |
|    value_loss           | 295         |
-----------------------------------------
-----------------------------------------
| rollout/                |             |
|    ep_len_mean          | 229         |
|    ep_rew_mean          | 142         |
| time/                   |             |
|    fps                  | 700         |
|    iterations           | 382         |
|    time_elapsed         | 1674        |
|    total_timesteps      | 1173504     |
| train/                  |             |
|    approx_kl            | 0.016936027 |
|    clip_fraction        | 0.208       |
|    clip_range           | 0.2         |
|    entropy_loss         | -1.59       |
|    explained_variance   | 0.899       |
|    learning_rate        | 0.0003      |
|    loss                 | 192         |
|    n_updates            | 3810        |
|    policy_gradient_loss | -0.00206    |
|    std                  | 0.362       |
|    value_loss           | 388         |
-----------------------------------------
-----------------------------------------
| rollout/                |             |
|    ep_len_mean          | 228         |
|    ep_rew_mean          | 126         |
| time/                   |             |
|    fps                  | 701         |
|    iterations           | 383         |
|    time_elapsed         | 1677        |
|    total_timesteps      | 1176576     |
| train/                  |             |
|    approx_kl            | 0.018122884 |
|    clip_fraction        | 0.217       |
|    clip_range           | 0.2         |
|    entropy_loss         | -1.55       |
|    explained_variance   | 0.963       |
|    learning_rate        | 0.0003      |
|    loss                 | 144         |
|    n_updates            | 3820        |
|    policy_gradient_loss | -0.00398    |
|    std                  | 0.358       |
|    value_loss           | 237         |
-----------------------------------------
-----------------------------------------
| rollout/                |             |
|    ep_len_mean          | 221         |
|    ep_rew_mean          | 121         |
| time/                   |             |
|    fps                  | 702         |
|    iterations           | 384         |
|    time_elapsed         | 1680        |
|    total_timesteps      | 1179648     |
| train/                  |             |
|    approx_kl            | 0.021084301 |
|    clip_fraction        | 0.239       |
|    clip_range           | 0.2         |
|    entropy_loss         | -1.54       |
|    explained_variance   | 0.836       |
|    learning_rate        | 0.0003      |
|    loss                 | 42.2        |
|    n_updates            | 3830        |
|    policy_gradient_loss | 0.000864    |
|    std                  | 0.358       |
|    value_loss           | 139         |
-----------------------------------------
-----------------------------------------
| rollout/                |             |
|    ep_len_mean          | 219         |
|    ep_rew_mean          | 122         |
| time/                   |             |
|    fps                  | 702         |
|    iterations           | 385         |
|    time_elapsed         | 1682        |
|    total_timesteps      | 1182720     |
| train/                  |             |
|    approx_kl            | 0.019409524 |
|    clip_fraction        | 0.261       |
|    clip_range           | 0.2         |
|    entropy_loss         | -1.53       |
|    explained_variance   | 0.818       |
|    learning_rate        | 0.0003      |
|    loss                 | 91.2        |
|    n_updates            | 3840        |
|    policy_gradient_loss | 0.0032      |
|    std                  | 0.358       |
|    value_loss           | 161         |
-----------------------------------------
---------------------------------------
| rollout/                |           |
|    ep_len_mean          | 222       |
|    ep_rew_mean          | 109       |
| time/                   |           |
|    fps                  | 703       |
|    iterations           | 386       |
|    time_elapsed         | 1685      |
|    total_timesteps      | 1185792   |
| train/                  |           |
|    approx_kl            | 0.0127998 |
|    clip_fraction        | 0.163     |
|    clip_range           | 0.2       |
|    entropy_loss         | -1.53     |
|    explained_variance   | 0.848     |
|    learning_rate        | 0.0003    |
|    loss                 | 51.5      |
|    n_updates            | 3850      |
|    policy_gradient_loss | 0.00102   |
|    std                  | 0.357     |
|    value_loss           | 220       |
---------------------------------------
-----------------------------------------
| rollout/                |             |
|    ep_len_mean          | 228         |
|    ep_rew_mean          | 109         |
| time/                   |             |
|    fps                  | 703         |
|    iterations           | 387         |
|    time_elapsed         | 1688        |
|    total_timesteps      | 1188864     |
| train/                  |             |
|    approx_kl            | 0.038668495 |
|    clip_fraction        | 0.263       |
|    clip_range           | 0.2         |
|    entropy_loss         | -1.51       |
|    explained_variance   | 0.822       |
|    learning_rate        | 0.0003      |
|    loss                 | 71.7        |
|    n_updates            | 3860        |
|    policy_gradient_loss | 0.00225     |
|    std                  | 0.355       |
|    value_loss           | 160         |
-----------------------------------------
-----------------------------------------
| rollout/                |             |
|    ep_len_mean          | 226         |
|    ep_rew_mean          | 104         |
| time/                   |             |
|    fps                  | 704         |
|    iterations           | 388         |
|    time_elapsed         | 1691        |
|    total_timesteps      | 1191936     |
| train/                  |             |
|    approx_kl            | 0.016004376 |
|    clip_fraction        | 0.182       |
|    clip_range           | 0.2         |
|    entropy_loss         | -1.51       |
|    explained_variance   | 0.917       |
|    learning_rate        | 0.0003      |
|    loss                 | 80          |
|    n_updates            | 3870        |
|    policy_gradient_loss | -0.00176    |
|    std                  | 0.356       |
|    value_loss           | 258         |
-----------------------------------------
-----------------------------------------
| rollout/                |             |
|    ep_len_mean          | 220         |
|    ep_rew_mean          | 82.6        |
| time/                   |             |
|    fps                  | 705         |
|    iterations           | 389         |
|    time_elapsed         | 1694        |
|    total_timesteps      | 1195008     |
| train/                  |             |
|    approx_kl            | 0.011535272 |
|    clip_fraction        | 0.133       |
|    clip_range           | 0.2         |
|    entropy_loss         | -1.52       |
|    explained_variance   | 0.9         |
|    learning_rate        | 0.0003      |
|    loss                 | 169         |
|    n_updates            | 3880        |
|    policy_gradient_loss | -0.00265    |
|    std                  | 0.357       |
|    value_loss           | 385         |
-----------------------------------------
-----------------------------------------
| rollout/                |             |
|    ep_len_mean          | 227         |
|    ep_rew_mean          | 91.9        |
| time/                   |             |
|    fps                  | 705         |
|    iterations           | 390         |
|    time_elapsed         | 1697        |
|    total_timesteps      | 1198080     |
| train/                  |             |
|    approx_kl            | 0.025013357 |
|    clip_fraction        | 0.231       |
|    clip_range           | 0.2         |
|    entropy_loss         | -1.54       |
|    explained_variance   | 0.939       |
|    learning_rate        | 0.0003      |
|    loss                 | 54.8        |
|    n_updates            | 3890        |
|    policy_gradient_loss | 0.00312     |
|    std                  | 0.359       |
|    value_loss           | 239         |
-----------------------------------------
[PeriodicArtifactCallback] step 1200024: saving checkpoint, evaluating, rendering...
[PeriodicArtifactCallback] step 1200024: success_rate=0.10 pick_success_rate=0.50 mean_reward=-88.95 -> C:\Users\laib28\OneDrive - Barker College\Documents\GitHub\HumanoidRobot\simulation\training\pick_place\runs\pp_v7\dashboard.html
----------------------------------------
| rollout/                |            |
|    ep_len_mean          | 228        |
|    ep_rew_mean          | 95.2       |
| time/                   |            |
|    fps                  | 700        |
|    iterations           | 391        |
|    time_elapsed         | 1714       |
|    total_timesteps      | 1201152    |
| train/                  |            |
|    approx_kl            | 0.03037559 |
|    clip_fraction        | 0.274      |
|    clip_range           | 0.2        |
|    entropy_loss         | -1.55      |
|    explained_variance   | 0.939      |
|    learning_rate        | 0.0003     |
|    loss                 | 29.2       |
|    n_updates            | 3900       |
|    policy_gradient_loss | 0.00561    |
|    std                  | 0.359      |
|    value_loss           | 176        |
----------------------------------------
-----------------------------------------
| rollout/                |             |
|    ep_len_mean          | 227         |
|    ep_rew_mean          | 118         |
| time/                   |             |
|    fps                  | 701         |
|    iterations           | 392         |
|    time_elapsed         | 1717        |
|    total_timesteps      | 1204224     |
| train/                  |             |
|    approx_kl            | 0.009551874 |
|    clip_fraction        | 0.138       |
|    clip_range           | 0.2         |
|    entropy_loss         | -1.55       |
|    explained_variance   | 0.916       |
|    learning_rate        | 0.0003      |
|    loss                 | 227         |
|    n_updates            | 3910        |
|    policy_gradient_loss | -0.0025     |
|    std                  | 0.359       |
|    value_loss           | 449         |
-----------------------------------------
-----------------------------------------
| rollout/                |             |
|    ep_len_mean          | 219         |
|    ep_rew_mean          | 104         |
| time/                   |             |
|    fps                  | 701         |
|    iterations           | 393         |
|    time_elapsed         | 1720        |
|    total_timesteps      | 1207296     |
| train/                  |             |
|    approx_kl            | 0.015044796 |
|    clip_fraction        | 0.2         |
|    clip_range           | 0.2         |
|    entropy_loss         | -1.54       |
|    explained_variance   | 0.949       |
|    learning_rate        | 0.0003      |
|    loss                 | 124         |
|    n_updates            | 3920        |
|    policy_gradient_loss | -0.00157    |
|    std                  | 0.359       |
|    value_loss           | 207         |
-----------------------------------------
----------------------------------------
| rollout/                |            |
|    ep_len_mean          | 214        |
|    ep_rew_mean          | 94.1       |
| time/                   |            |
|    fps                  | 702        |
|    iterations           | 394        |
|    time_elapsed         | 1724       |
|    total_timesteps      | 1210368    |
| train/                  |            |
|    approx_kl            | 0.01535059 |
|    clip_fraction        | 0.185      |
|    clip_range           | 0.2        |
|    entropy_loss         | -1.55      |
|    explained_variance   | 0.832      |
|    learning_rate        | 0.0003     |
|    loss                 | 129        |
|    n_updates            | 3930       |
|    policy_gradient_loss | 0.00145    |
|    std                  | 0.36       |
|    value_loss           | 321        |
----------------------------------------
-----------------------------------------
| rollout/                |             |
|    ep_len_mean          | 210         |
|    ep_rew_mean          | 88.4        |
| time/                   |             |
|    fps                  | 702         |
|    iterations           | 395         |
|    time_elapsed         | 1727        |
|    total_timesteps      | 1213440     |
| train/                  |             |
|    approx_kl            | 0.020338206 |
|    clip_fraction        | 0.23        |
|    clip_range           | 0.2         |
|    entropy_loss         | -1.56       |
|    explained_variance   | 0.914       |
|    learning_rate        | 0.0003      |
|    loss                 | 71.7        |
|    n_updates            | 3940        |
|    policy_gradient_loss | -0.00328    |
|    std                  | 0.36        |
|    value_loss           | 251         |
-----------------------------------------
-----------------------------------------
| rollout/                |             |
|    ep_len_mean          | 210         |
|    ep_rew_mean          | 87.9        |
| time/                   |             |
|    fps                  | 702         |
|    iterations           | 396         |
|    time_elapsed         | 1730        |
|    total_timesteps      | 1216512     |
| train/                  |             |
|    approx_kl            | 0.025353743 |
|    clip_fraction        | 0.273       |
|    clip_range           | 0.2         |
|    entropy_loss         | -1.55       |
|    explained_variance   | 0.925       |
|    learning_rate        | 0.0003      |
|    loss                 | 111         |
|    n_updates            | 3950        |
|    policy_gradient_loss | -0.00121    |
|    std                  | 0.358       |
|    value_loss           | 233         |
-----------------------------------------
-----------------------------------------
| rollout/                |             |
|    ep_len_mean          | 206         |
|    ep_rew_mean          | 84.2        |
| time/                   |             |
|    fps                  | 703         |
|    iterations           | 397         |
|    time_elapsed         | 1734        |
|    total_timesteps      | 1219584     |
| train/                  |             |
|    approx_kl            | 0.018210845 |
|    clip_fraction        | 0.165       |
|    clip_range           | 0.2         |
|    entropy_loss         | -1.54       |
|    explained_variance   | 0.905       |
|    learning_rate        | 0.0003      |
|    loss                 | 161         |
|    n_updates            | 3960        |
|    policy_gradient_loss | -0.00174    |
|    std                  | 0.357       |
|    value_loss           | 337         |
-----------------------------------------
-----------------------------------------
| rollout/                |             |
|    ep_len_mean          | 205         |
|    ep_rew_mean          | 66.9        |
| time/                   |             |
|    fps                  | 703         |
|    iterations           | 398         |
|    time_elapsed         | 1738        |
|    total_timesteps      | 1222656     |
| train/                  |             |
|    approx_kl            | 0.017910989 |
|    clip_fraction        | 0.201       |
|    clip_range           | 0.2         |
|    entropy_loss         | -1.52       |
|    explained_variance   | 0.846       |
|    learning_rate        | 0.0003      |
|    loss                 | 66.6        |
|    n_updates            | 3970        |
|    policy_gradient_loss | 0.00484     |
|    std                  | 0.356       |
|    value_loss           | 189         |
-----------------------------------------
-----------------------------------------
| rollout/                |             |
|    ep_len_mean          | 212         |
|    ep_rew_mean          | 75          |
| time/                   |             |
|    fps                  | 703         |
|    iterations           | 399         |
|    time_elapsed         | 1741        |
|    total_timesteps      | 1225728     |
| train/                  |             |
|    approx_kl            | 0.023244053 |
|    clip_fraction        | 0.263       |
|    clip_range           | 0.2         |
|    entropy_loss         | -1.52       |
|    explained_variance   | 0.854       |
|    learning_rate        | 0.0003      |
|    loss                 | 67          |
|    n_updates            | 3980        |
|    policy_gradient_loss | 0.0025      |
|    std                  | 0.357       |
|    value_loss           | 194         |
-----------------------------------------
-----------------------------------------
| rollout/                |             |
|    ep_len_mean          | 224         |
|    ep_rew_mean          | 70.9        |
| time/                   |             |
|    fps                  | 704         |
|    iterations           | 400         |
|    time_elapsed         | 1744        |
|    total_timesteps      | 1228800     |
| train/                  |             |
|    approx_kl            | 0.014165275 |
|    clip_fraction        | 0.184       |
|    clip_range           | 0.2         |
|    entropy_loss         | -1.52       |
|    explained_variance   | 0.836       |
|    learning_rate        | 0.0003      |
|    loss                 | 127         |
|    n_updates            | 3990        |
|    policy_gradient_loss | -0.00155    |
|    std                  | 0.356       |
|    value_loss           | 279         |
-----------------------------------------
---------------------------------------
| rollout/                |           |
|    ep_len_mean          | 218       |
|    ep_rew_mean          | 79.6      |
| time/                   |           |
|    fps                  | 704       |
|    iterations           | 401       |
|    time_elapsed         | 1747      |
|    total_timesteps      | 1231872   |
| train/                  |           |
|    approx_kl            | 0.0236065 |
|    clip_fraction        | 0.222     |
|    clip_range           | 0.2       |
|    entropy_loss         | -1.52     |
|    explained_variance   | 0.9       |
|    learning_rate        | 0.0003    |
|    loss                 | 134       |
|    n_updates            | 4000      |
|    policy_gradient_loss | -6.47e-05 |
|    std                  | 0.355     |
|    value_loss           | 236       |
---------------------------------------
-----------------------------------------
| rollout/                |             |
|    ep_len_mean          | 229         |
|    ep_rew_mean          | 86.1        |
| time/                   |             |
|    fps                  | 705         |
|    iterations           | 402         |
|    time_elapsed         | 1750        |
|    total_timesteps      | 1234944     |
| train/                  |             |
|    approx_kl            | 0.012550578 |
|    clip_fraction        | 0.161       |
|    clip_range           | 0.2         |
|    entropy_loss         | -1.49       |
|    explained_variance   | 0.88        |
|    learning_rate        | 0.0003      |
|    loss                 | 216         |
|    n_updates            | 4010        |
|    policy_gradient_loss | 0.00274     |
|    std                  | 0.352       |
|    value_loss           | 383         |
-----------------------------------------
-----------------------------------------
| rollout/                |             |
|    ep_len_mean          | 241         |
|    ep_rew_mean          | 94.6        |
| time/                   |             |
|    fps                  | 705         |
|    iterations           | 403         |
|    time_elapsed         | 1753        |
|    total_timesteps      | 1238016     |
| train/                  |             |
|    approx_kl            | 0.018182881 |
|    clip_fraction        | 0.191       |
|    clip_range           | 0.2         |
|    entropy_loss         | -1.47       |
|    explained_variance   | 0.838       |
|    learning_rate        | 0.0003      |
|    loss                 | 115         |
|    n_updates            | 4020        |
|    policy_gradient_loss | -0.00168    |
|    std                  | 0.353       |
|    value_loss           | 281         |
-----------------------------------------
-----------------------------------------
| rollout/                |             |
|    ep_len_mean          | 237         |
|    ep_rew_mean          | 102         |
| time/                   |             |
|    fps                  | 706         |
|    iterations           | 404         |
|    time_elapsed         | 1756        |
|    total_timesteps      | 1241088     |
| train/                  |             |
|    approx_kl            | 0.010662702 |
|    clip_fraction        | 0.14        |
|    clip_range           | 0.2         |
|    entropy_loss         | -1.47       |
|    explained_variance   | 0.829       |
|    learning_rate        | 0.0003      |
|    loss                 | 177         |
|    n_updates            | 4030        |
|    policy_gradient_loss | -0.00191    |
|    std                  | 0.352       |
|    value_loss           | 342         |
-----------------------------------------
----------------------------------------
| rollout/                |            |
|    ep_len_mean          | 238        |
|    ep_rew_mean          | 110        |
| time/                   |            |
|    fps                  | 706        |
|    iterations           | 405        |
|    time_elapsed         | 1760       |
|    total_timesteps      | 1244160    |
| train/                  |            |
|    approx_kl            | 0.01379962 |
|    clip_fraction        | 0.18       |
|    clip_range           | 0.2        |
|    entropy_loss         | -1.45      |
|    explained_variance   | 0.902      |
|    learning_rate        | 0.0003     |
|    loss                 | 358        |
|    n_updates            | 4040       |
|    policy_gradient_loss | -0.00184   |
|    std                  | 0.349      |
|    value_loss           | 372        |
----------------------------------------
