Continuing from checkpoint: C:/GitHub/HumanoidRobot/simulation/training/pick_place/runs/pp_v23/checkpoints/final.zip
Logging to C:\GitHub\HumanoidRobot\simulation\training\pick_place\runs\pp_v24\logs\pp_v24_1
---------------------------------
| rollout/           |          |
|    ep_len_mean     | 55.7     |
|    ep_rew_mean     | -2.75    |
| time/              |          |
|    fps             | 3880     |
|    iterations      | 1        |
|    time_elapsed    | 2        |
|    total_timesteps | 8192     |
---------------------------------
------------------------------------------
| rollout/                |              |
|    ep_len_mean          | 123          |
|    ep_rew_mean          | -22.3        |
| time/                   |              |
|    fps                  | 2887         |
|    iterations           | 2            |
|    time_elapsed         | 5            |
|    total_timesteps      | 16384        |
| train/                  |              |
|    approx_kl            | 0.0150251165 |
|    clip_fraction        | 0.155        |
|    clip_range           | 0.2          |
|    entropy_loss         | -1.15        |
|    explained_variance   | 0.878        |
|    learning_rate        | 0.0003       |
|    loss                 | 8.43         |
|    n_updates            | 4910         |
|    policy_gradient_loss | -0.00682     |
|    std                  | 0.336        |
|    value_loss           | 23           |
------------------------------------------
-----------------------------------------
| rollout/                |             |
|    ep_len_mean          | 153         |
|    ep_rew_mean          | -29.6       |
| time/                   |             |
|    fps                  | 2753        |
|    iterations           | 3           |
|    time_elapsed         | 8           |
|    total_timesteps      | 24576       |
| train/                  |             |
|    approx_kl            | 0.021450933 |
|    clip_fraction        | 0.232       |
|    clip_range           | 0.2         |
|    entropy_loss         | -1.14       |
|    explained_variance   | 0.933       |
|    learning_rate        | 0.0003      |
|    loss                 | 5.45        |
|    n_updates            | 4920        |
|    policy_gradient_loss | -0.00603    |
|    std                  | 0.335       |
|    value_loss           | 11.4        |
-----------------------------------------
-----------------------------------------
| rollout/                |             |
|    ep_len_mean          | 130         |
|    ep_rew_mean          | -22.9       |
| time/                   |             |
|    fps                  | 2591        |
|    iterations           | 4           |
|    time_elapsed         | 12          |
|    total_timesteps      | 32768       |
| train/                  |             |
|    approx_kl            | 0.019792233 |
|    clip_fraction        | 0.233       |
|    clip_range           | 0.2         |
|    entropy_loss         | -1.13       |
|    explained_variance   | 0.91        |
|    learning_rate        | 0.0003      |
|    loss                 | 5.25        |
|    n_updates            | 4930        |
|    policy_gradient_loss | -0.00493    |
|    std                  | 0.334       |
|    value_loss           | 11.2        |
-----------------------------------------
----------------------------------------
| rollout/                |            |
|    ep_len_mean          | 131        |
|    ep_rew_mean          | -21.5      |
| time/                   |            |
|    fps                  | 2512       |
|    iterations           | 5          |
|    time_elapsed         | 16         |
|    total_timesteps      | 40960      |
| train/                  |            |
|    approx_kl            | 0.01543453 |
|    clip_fraction        | 0.196      |
|    clip_range           | 0.2        |
|    entropy_loss         | -1.1       |
|    explained_variance   | 0.909      |
|    learning_rate        | 0.0003     |
|    loss                 | 8.54       |
|    n_updates            | 4940       |
|    policy_gradient_loss | -0.00654   |
|    std                  | 0.33       |
|    value_loss           | 17.8       |
----------------------------------------
-----------------------------------------
| rollout/                |             |
|    ep_len_mean          | 128         |
|    ep_rew_mean          | -18.3       |
| time/                   |             |
|    fps                  | 2466        |
|    iterations           | 6           |
|    time_elapsed         | 19          |
|    total_timesteps      | 49152       |
| train/                  |             |
|    approx_kl            | 0.023121784 |
|    clip_fraction        | 0.281       |
|    clip_range           | 0.2         |
|    entropy_loss         | -1.07       |
|    explained_variance   | 0.941       |
|    learning_rate        | 0.0003      |
|    loss                 | 13.8        |
|    n_updates            | 4950        |
|    policy_gradient_loss | -0.004      |
|    std                  | 0.329       |
|    value_loss           | 11.4        |
-----------------------------------------
-----------------------------------------
| rollout/                |             |
|    ep_len_mean          | 138         |
|    ep_rew_mean          | -26.4       |
| time/                   |             |
|    fps                  | 2443        |
|    iterations           | 7           |
|    time_elapsed         | 23          |
|    total_timesteps      | 57344       |
| train/                  |             |
|    approx_kl            | 0.016413148 |
|    clip_fraction        | 0.208       |
|    clip_range           | 0.2         |
|    entropy_loss         | -1.06       |
|    explained_variance   | 0.928       |
|    learning_rate        | 0.0003      |
|    loss                 | 4.51        |
|    n_updates            | 4960        |
|    policy_gradient_loss | -0.00663    |
|    std                  | 0.328       |
|    value_loss           | 12.8        |
-----------------------------------------
-----------------------------------------
| rollout/                |             |
|    ep_len_mean          | 105         |
|    ep_rew_mean          | -11.4       |
| time/                   |             |
|    fps                  | 2432        |
|    iterations           | 8           |
|    time_elapsed         | 26          |
|    total_timesteps      | 65536       |
| train/                  |             |
|    approx_kl            | 0.024829157 |
|    clip_fraction        | 0.238       |
|    clip_range           | 0.2         |
|    entropy_loss         | -1.03       |
|    explained_variance   | 0.904       |
|    learning_rate        | 0.0003      |
|    loss                 | 7.44        |
|    n_updates            | 4970        |
|    policy_gradient_loss | -0.00264    |
|    std                  | 0.326       |
|    value_loss           | 14.7        |
-----------------------------------------
----------------------------------------
| rollout/                |            |
|    ep_len_mean          | 132        |
|    ep_rew_mean          | -20.9      |
| time/                   |            |
|    fps                  | 2416       |
|    iterations           | 9          |
|    time_elapsed         | 30         |
|    total_timesteps      | 73728      |
| train/                  |            |
|    approx_kl            | 0.01809726 |
|    clip_fraction        | 0.218      |
|    clip_range           | 0.2        |
|    entropy_loss         | -1.02      |
|    explained_variance   | 0.947      |
|    learning_rate        | 0.0003     |
|    loss                 | 5.48       |
|    n_updates            | 4980       |
|    policy_gradient_loss | -0.0064    |
|    std                  | 0.326      |
|    value_loss           | 12         |
----------------------------------------
-----------------------------------------
| rollout/                |             |
|    ep_len_mean          | 149         |
|    ep_rew_mean          | -28.8       |
| time/                   |             |
|    fps                  | 2402        |
|    iterations           | 10          |
|    time_elapsed         | 34          |
|    total_timesteps      | 81920       |
| train/                  |             |
|    approx_kl            | 0.018227143 |
|    clip_fraction        | 0.228       |
|    clip_range           | 0.2         |
|    entropy_loss         | -1.01       |
|    explained_variance   | 0.933       |
|    learning_rate        | 0.0003      |
|    loss                 | 4.49        |
|    n_updates            | 4990        |
|    policy_gradient_loss | -0.00358    |
|    std                  | 0.325       |
|    value_loss           | 10.5        |
-----------------------------------------
-----------------------------------------
| rollout/                |             |
|    ep_len_mean          | 157         |
|    ep_rew_mean          | -30.2       |
| time/                   |             |
|    fps                  | 2404        |
|    iterations           | 11          |
|    time_elapsed         | 37          |
|    total_timesteps      | 90112       |
| train/                  |             |
|    approx_kl            | 0.018736938 |
|    clip_fraction        | 0.254       |
|    clip_range           | 0.2         |
|    entropy_loss         | -1.01       |
|    explained_variance   | 0.941       |
|    learning_rate        | 0.0003      |
|    loss                 | 3.42        |
|    n_updates            | 5000        |
|    policy_gradient_loss | -0.00399    |
|    std                  | 0.325       |
|    value_loss           | 10.1        |
-----------------------------------------
-----------------------------------------
| rollout/                |             |
|    ep_len_mean          | 154         |
|    ep_rew_mean          | -27.3       |
| time/                   |             |
|    fps                  | 2411        |
|    iterations           | 12          |
|    time_elapsed         | 40          |
|    total_timesteps      | 98304       |
| train/                  |             |
|    approx_kl            | 0.020723857 |
|    clip_fraction        | 0.23        |
|    clip_range           | 0.2         |
|    entropy_loss         | -0.997      |
|    explained_variance   | 0.927       |
|    learning_rate        | 0.0003      |
|    loss                 | 2.95        |
|    n_updates            | 5010        |
|    policy_gradient_loss | -0.00733    |
|    std                  | 0.324       |
|    value_loss           | 9.37        |
-----------------------------------------
----------------------------------------
| rollout/                |            |
|    ep_len_mean          | 141        |
|    ep_rew_mean          | -22.2      |
| time/                   |            |
|    fps                  | 2408       |
|    iterations           | 13         |
|    time_elapsed         | 44         |
|    total_timesteps      | 106496     |
| train/                  |            |
|    approx_kl            | 0.02540448 |
|    clip_fraction        | 0.308      |
|    clip_range           | 0.2        |
|    entropy_loss         | -0.991     |
|    explained_variance   | 0.941      |
|    learning_rate        | 0.0003     |
|    loss                 | 6.82       |
|    n_updates            | 5020       |
|    policy_gradient_loss | -8.2e-05   |
|    std                  | 0.324      |
|    value_loss           | 10.3       |
----------------------------------------
-----------------------------------------
| rollout/                |             |
|    ep_len_mean          | 135         |
|    ep_rew_mean          | -22.4       |
| time/                   |             |
|    fps                  | 2394        |
|    iterations           | 14          |
|    time_elapsed         | 47          |
|    total_timesteps      | 114688      |
| train/                  |             |
|    approx_kl            | 0.016949978 |
|    clip_fraction        | 0.202       |
|    clip_range           | 0.2         |
|    entropy_loss         | -0.975      |
|    explained_variance   | 0.914       |
|    learning_rate        | 0.0003      |
|    loss                 | 10.7        |
|    n_updates            | 5030        |
|    policy_gradient_loss | -0.00797    |
|    std                  | 0.321       |
|    value_loss           | 18.7        |
-----------------------------------------
-----------------------------------------
| rollout/                |             |
|    ep_len_mean          | 139         |
|    ep_rew_mean          | -24.1       |
| time/                   |             |
|    fps                  | 2380        |
|    iterations           | 15          |
|    time_elapsed         | 51          |
|    total_timesteps      | 122880      |
| train/                  |             |
|    approx_kl            | 0.025413416 |
|    clip_fraction        | 0.265       |
|    clip_range           | 0.2         |
|    entropy_loss         | -0.95       |
|    explained_variance   | 0.949       |
|    learning_rate        | 0.0003      |
|    loss                 | 4.59        |
|    n_updates            | 5040        |
|    policy_gradient_loss | -0.00433    |
|    std                  | 0.321       |
|    value_loss           | 7.78        |
-----------------------------------------
-----------------------------------------
| rollout/                |             |
|    ep_len_mean          | 149         |
|    ep_rew_mean          | -28.4       |
| time/                   |             |
|    fps                  | 2383        |
|    iterations           | 16          |
|    time_elapsed         | 54          |
|    total_timesteps      | 131072      |
| train/                  |             |
|    approx_kl            | 0.020873308 |
|    clip_fraction        | 0.228       |
|    clip_range           | 0.2         |
|    entropy_loss         | -0.944      |
|    explained_variance   | 0.908       |
|    learning_rate        | 0.0003      |
|    loss                 | 5.26        |
|    n_updates            | 5050        |
|    policy_gradient_loss | -0.00964    |
|    std                  | 0.321       |
|    value_loss           | 17.9        |
-----------------------------------------
-----------------------------------------
| rollout/                |             |
|    ep_len_mean          | 157         |
|    ep_rew_mean          | -31.6       |
| time/                   |             |
|    fps                  | 2386        |
|    iterations           | 17          |
|    time_elapsed         | 58          |
|    total_timesteps      | 139264      |
| train/                  |             |
|    approx_kl            | 0.020573175 |
|    clip_fraction        | 0.245       |
|    clip_range           | 0.2         |
|    entropy_loss         | -0.923      |
|    explained_variance   | 0.932       |
|    learning_rate        | 0.0003      |
|    loss                 | 4.34        |
|    n_updates            | 5060        |
|    policy_gradient_loss | -0.00251    |
|    std                  | 0.318       |
|    value_loss           | 11.3        |
-----------------------------------------
----------------------------------------
| rollout/                |            |
|    ep_len_mean          | 134        |
|    ep_rew_mean          | -24.3      |
| time/                   |            |
|    fps                  | 2379       |
|    iterations           | 18         |
|    time_elapsed         | 61         |
|    total_timesteps      | 147456     |
| train/                  |            |
|    approx_kl            | 0.01754092 |
|    clip_fraction        | 0.199      |
|    clip_range           | 0.2        |
|    entropy_loss         | -0.918     |
|    explained_variance   | 0.907      |
|    learning_rate        | 0.0003     |
|    loss                 | 7.5        |
|    n_updates            | 5070       |
|    policy_gradient_loss | -0.00722   |
|    std                  | 0.319      |
|    value_loss           | 15.6       |
----------------------------------------
-----------------------------------------
| rollout/                |             |
|    ep_len_mean          | 118         |
|    ep_rew_mean          | -20         |
| time/                   |             |
|    fps                  | 2370        |
|    iterations           | 19          |
|    time_elapsed         | 65          |
|    total_timesteps      | 155648      |
| train/                  |             |
|    approx_kl            | 0.032534108 |
|    clip_fraction        | 0.227       |
|    clip_range           | 0.2         |
|    entropy_loss         | -0.924      |
|    explained_variance   | 0.908       |
|    learning_rate        | 0.0003      |
|    loss                 | 4.71        |
|    n_updates            | 5080        |
|    policy_gradient_loss | -0.00511    |
|    std                  | 0.319       |
|    value_loss           | 11.5        |
-----------------------------------------
-----------------------------------------
| rollout/                |             |
|    ep_len_mean          | 119         |
|    ep_rew_mean          | -16.8       |
| time/                   |             |
|    fps                  | 2366        |
|    iterations           | 20          |
|    time_elapsed         | 69          |
|    total_timesteps      | 163840      |
| train/                  |             |
|    approx_kl            | 0.019095287 |
|    clip_fraction        | 0.214       |
|    clip_range           | 0.2         |
|    entropy_loss         | -0.938      |
|    explained_variance   | 0.919       |
|    learning_rate        | 0.0003      |
|    loss                 | 6.08        |
|    n_updates            | 5090        |
|    policy_gradient_loss | -0.00591    |
|    std                  | 0.32        |
|    value_loss           | 19.3        |
-----------------------------------------
-----------------------------------------
| rollout/                |             |
|    ep_len_mean          | 126         |
|    ep_rew_mean          | -19.7       |
| time/                   |             |
|    fps                  | 2372        |
|    iterations           | 21          |
|    time_elapsed         | 72          |
|    total_timesteps      | 172032      |
| train/                  |             |
|    approx_kl            | 0.024795853 |
|    clip_fraction        | 0.241       |
|    clip_range           | 0.2         |
|    entropy_loss         | -0.942      |
|    explained_variance   | 0.921       |
|    learning_rate        | 0.0003      |
|    loss                 | 5.22        |
|    n_updates            | 5100        |
|    policy_gradient_loss | -0.00552    |
|    std                  | 0.32        |
|    value_loss           | 15.4        |
-----------------------------------------
----------------------------------------
| rollout/                |            |
|    ep_len_mean          | 142        |
|    ep_rew_mean          | -27.9      |
| time/                   |            |
|    fps                  | 2375       |
|    iterations           | 22         |
|    time_elapsed         | 75         |
|    total_timesteps      | 180224     |
| train/                  |            |
|    approx_kl            | 0.02344132 |
|    clip_fraction        | 0.243      |
|    clip_range           | 0.2        |
|    entropy_loss         | -0.948     |
|    explained_variance   | 0.923      |
|    learning_rate        | 0.0003     |
|    loss                 | 4.96       |
|    n_updates            | 5110       |
|    policy_gradient_loss | -0.00727   |
|    std                  | 0.32       |
|    value_loss           | 11.3       |
----------------------------------------
-----------------------------------------
| rollout/                |             |
|    ep_len_mean          | 113         |
|    ep_rew_mean          | -16.5       |
| time/                   |             |
|    fps                  | 2370        |
|    iterations           | 23          |
|    time_elapsed         | 79          |
|    total_timesteps      | 188416      |
| train/                  |             |
|    approx_kl            | 0.022733895 |
|    clip_fraction        | 0.254       |
|    clip_range           | 0.2         |
|    entropy_loss         | -0.944      |
|    explained_variance   | 0.922       |
|    learning_rate        | 0.0003      |
|    loss                 | 4.69        |
|    n_updates            | 5120        |
|    policy_gradient_loss | -0.00229    |
|    std                  | 0.319       |
|    value_loss           | 13.5        |
-----------------------------------------
---------------------------------------
| rollout/                |           |
|    ep_len_mean          | 144       |
|    ep_rew_mean          | -27.2     |
| time/                   |           |
|    fps                  | 2365      |
|    iterations           | 24        |
|    time_elapsed         | 83        |
|    total_timesteps      | 196608    |
| train/                  |           |
|    approx_kl            | 0.0176037 |
|    clip_fraction        | 0.221     |
|    clip_range           | 0.2       |
|    entropy_loss         | -0.935    |
|    explained_variance   | 0.929     |
|    learning_rate        | 0.0003    |
|    loss                 | 3.91      |
|    n_updates            | 5130      |
|    policy_gradient_loss | -0.00789  |
|    std                  | 0.319     |
|    value_loss           | 14.3      |
---------------------------------------
[PeriodicArtifactCallback] step 200000: saving checkpoint, evaluating, rendering...
[PeriodicArtifactCallback] step 200000: success_rate=0.30 pick_success_rate=0.30 mean_reward=-157.05 -> C:\GitHub\HumanoidRobot\simulation\training\pick_place\runs\pp_v24\dashboard.html
-----------------------------------------
| rollout/                |             |
|    ep_len_mean          | 150         |
|    ep_rew_mean          | -26.9       |
| time/                   |             |
|    fps                  | 2180        |
|    iterations           | 25          |
|    time_elapsed         | 93          |
|    total_timesteps      | 204800      |
| train/                  |             |
|    approx_kl            | 0.036959775 |
|    clip_fraction        | 0.266       |
|    clip_range           | 0.2         |
|    entropy_loss         | -0.937      |
|    explained_variance   | 0.93        |
|    learning_rate        | 0.0003      |
|    loss                 | 3.37        |
|    n_updates            | 5140        |
|    policy_gradient_loss | -0.00519    |
|    std                  | 0.32        |
|    value_loss           | 9.66        |
-----------------------------------------
-----------------------------------------
| rollout/                |             |
|    ep_len_mean          | 137         |
|    ep_rew_mean          | -21.9       |
| time/                   |             |
|    fps                  | 2181        |
|    iterations           | 26          |
|    time_elapsed         | 97          |
|    total_timesteps      | 212992      |
| train/                  |             |
|    approx_kl            | 0.022440907 |
|    clip_fraction        | 0.242       |
|    clip_range           | 0.2         |
|    entropy_loss         | -0.933      |
|    explained_variance   | 0.937       |
|    learning_rate        | 0.0003      |
|    loss                 | 3.37        |
|    n_updates            | 5150        |
|    policy_gradient_loss | -0.00817    |
|    std                  | 0.32        |
|    value_loss           | 10.3        |
-----------------------------------------
-----------------------------------------
| rollout/                |             |
|    ep_len_mean          | 155         |
|    ep_rew_mean          | -27.8       |
| time/                   |             |
|    fps                  | 2188        |
|    iterations           | 27          |
|    time_elapsed         | 101         |
|    total_timesteps      | 221184      |
| train/                  |             |
|    approx_kl            | 0.026525527 |
|    clip_fraction        | 0.243       |
|    clip_range           | 0.2         |
|    entropy_loss         | -0.932      |
|    explained_variance   | 0.947       |
|    learning_rate        | 0.0003      |
|    loss                 | 5.97        |
|    n_updates            | 5160        |
|    policy_gradient_loss | -0.0077     |
|    std                  | 0.321       |
|    value_loss           | 11          |
-----------------------------------------
----------------------------------------
| rollout/                |            |
|    ep_len_mean          | 100        |
|    ep_rew_mean          | -10        |
| time/                   |            |
|    fps                  | 2198       |
|    iterations           | 28         |
|    time_elapsed         | 104        |
|    total_timesteps      | 229376     |
| train/                  |            |
|    approx_kl            | 0.02404535 |
|    clip_fraction        | 0.302      |
|    clip_range           | 0.2        |
|    entropy_loss         | -0.945     |
|    explained_variance   | 0.956      |
|    learning_rate        | 0.0003     |
|    loss                 | 2.55       |
|    n_updates            | 5170       |
|    policy_gradient_loss | -0.00207   |
|    std                  | 0.322      |
|    value_loss           | 8.23       |
----------------------------------------
-----------------------------------------
| rollout/                |             |
|    ep_len_mean          | 120         |
|    ep_rew_mean          | -18.2       |
| time/                   |             |
|    fps                  | 2201        |
|    iterations           | 29          |
|    time_elapsed         | 107         |
|    total_timesteps      | 237568      |
| train/                  |             |
|    approx_kl            | 0.018714963 |
|    clip_fraction        | 0.191       |
|    clip_range           | 0.2         |
|    entropy_loss         | -0.947      |
|    explained_variance   | 0.919       |
|    learning_rate        | 0.0003      |
|    loss                 | 8.88        |
|    n_updates            | 5180        |
|    policy_gradient_loss | -0.00635    |
|    std                  | 0.322       |
|    value_loss           | 20.5        |
-----------------------------------------
-----------------------------------------
| rollout/                |             |
|    ep_len_mean          | 126         |
|    ep_rew_mean          | -19         |
| time/                   |             |
|    fps                  | 2202        |
|    iterations           | 30          |
|    time_elapsed         | 111         |
|    total_timesteps      | 245760      |
| train/                  |             |
|    approx_kl            | 0.020945178 |
|    clip_fraction        | 0.207       |
|    clip_range           | 0.2         |
|    entropy_loss         | -0.946      |
|    explained_variance   | 0.901       |
|    learning_rate        | 0.0003      |
|    loss                 | 7.23        |
|    n_updates            | 5190        |
|    policy_gradient_loss | -0.00867    |
|    std                  | 0.322       |
|    value_loss           | 19.5        |
-----------------------------------------
----------------------------------------
| rollout/                |            |
|    ep_len_mean          | 140        |
|    ep_rew_mean          | -23.5      |
| time/                   |            |
|    fps                  | 2205       |
|    iterations           | 31         |
|    time_elapsed         | 115        |
|    total_timesteps      | 253952     |
| train/                  |            |
|    approx_kl            | 0.01709162 |
|    clip_fraction        | 0.209      |
|    clip_range           | 0.2        |
|    entropy_loss         | -0.923     |
|    explained_variance   | 0.943      |
|    learning_rate        | 0.0003     |
|    loss                 | 7.42       |
|    n_updates            | 5200       |
|    policy_gradient_loss | -0.00602   |
|    std                  | 0.32       |
|    value_loss           | 13.7       |
----------------------------------------
-----------------------------------------
| rollout/                |             |
|    ep_len_mean          | 158         |
|    ep_rew_mean          | -30.2       |
| time/                   |             |
|    fps                  | 2211        |
|    iterations           | 32          |
|    time_elapsed         | 118         |
|    total_timesteps      | 262144      |
| train/                  |             |
|    approx_kl            | 0.021663494 |
|    clip_fraction        | 0.248       |
|    clip_range           | 0.2         |
|    entropy_loss         | -0.917      |
|    explained_variance   | 0.947       |
|    learning_rate        | 0.0003      |
|    loss                 | 4.3         |
|    n_updates            | 5210        |
|    policy_gradient_loss | -0.0059     |
|    std                  | 0.321       |
|    value_loss           | 11          |
-----------------------------------------
-----------------------------------------
| rollout/                |             |
|    ep_len_mean          | 169         |
|    ep_rew_mean          | -32.4       |
| time/                   |             |
|    fps                  | 2221        |
|    iterations           | 33          |
|    time_elapsed         | 121         |
|    total_timesteps      | 270336      |
| train/                  |             |
|    approx_kl            | 0.022172721 |
|    clip_fraction        | 0.244       |
|    clip_range           | 0.2         |
|    entropy_loss         | -0.939      |
|    explained_variance   | 0.917       |
|    learning_rate        | 0.0003      |
|    loss                 | 2.76        |
|    n_updates            | 5220        |
|    policy_gradient_loss | -0.00639    |
|    std                  | 0.323       |
|    value_loss           | 10.7        |
-----------------------------------------
-----------------------------------------
| rollout/                |             |
|    ep_len_mean          | 159         |
|    ep_rew_mean          | -28.1       |
| time/                   |             |
|    fps                  | 2223        |
|    iterations           | 34          |
|    time_elapsed         | 125         |
|    total_timesteps      | 278528      |
| train/                  |             |
|    approx_kl            | 0.017298523 |
|    clip_fraction        | 0.251       |
|    clip_range           | 0.2         |
|    entropy_loss         | -0.95       |
|    explained_variance   | 0.931       |
|    learning_rate        | 0.0003      |
|    loss                 | 2.87        |
|    n_updates            | 5230        |
|    policy_gradient_loss | -0.00782    |
|    std                  | 0.324       |
|    value_loss           | 13.1        |
-----------------------------------------
----------------------------------------
| rollout/                |            |
|    ep_len_mean          | 148        |
|    ep_rew_mean          | -23.3      |
| time/                   |            |
|    fps                  | 2225       |
|    iterations           | 35         |
|    time_elapsed         | 128        |
|    total_timesteps      | 286720     |
| train/                  |            |
|    approx_kl            | 0.03557253 |
|    clip_fraction        | 0.248      |
|    clip_range           | 0.2        |
|    entropy_loss         | -0.94      |
|    explained_variance   | 0.941      |
|    learning_rate        | 0.0003     |
|    loss                 | 3.92       |
|    n_updates            | 5240       |
|    policy_gradient_loss | -0.00137   |
|    std                  | 0.323      |
|    value_loss           | 7.6        |
----------------------------------------
----------------------------------------
| rollout/                |            |
|    ep_len_mean          | 87.5       |
|    ep_rew_mean          | -4.42      |
| time/                   |            |
|    fps                  | 2228       |
|    iterations           | 36         |
|    time_elapsed         | 132        |
|    total_timesteps      | 294912     |
| train/                  |            |
|    approx_kl            | 0.02290199 |
|    clip_fraction        | 0.229      |
|    clip_range           | 0.2        |
|    entropy_loss         | -0.927     |
|    explained_variance   | 0.947      |
|    learning_rate        | 0.0003     |
|    loss                 | 12.2       |
|    n_updates            | 5250       |
|    policy_gradient_loss | -0.00482   |
|    std                  | 0.323      |
|    value_loss           | 12.4       |
----------------------------------------
-----------------------------------------
| rollout/                |             |
|    ep_len_mean          | 131         |
|    ep_rew_mean          | -18.4       |
| time/                   |             |
|    fps                  | 2234        |
|    iterations           | 37          |
|    time_elapsed         | 135         |
|    total_timesteps      | 303104      |
| train/                  |             |
|    approx_kl            | 0.022998894 |
|    clip_fraction        | 0.209       |
|    clip_range           | 0.2         |
|    entropy_loss         | -0.932      |
|    explained_variance   | 0.932       |
|    learning_rate        | 0.0003      |
|    loss                 | 6.45        |
|    n_updates            | 5260        |
|    policy_gradient_loss | -0.00809    |
|    std                  | 0.324       |
|    value_loss           | 11.8        |
-----------------------------------------
----------------------------------------
| rollout/                |            |
|    ep_len_mean          | 124        |
|    ep_rew_mean          | -17.9      |
| time/                   |            |
|    fps                  | 2239       |
|    iterations           | 38         |
|    time_elapsed         | 138        |
|    total_timesteps      | 311296     |
| train/                  |            |
|    approx_kl            | 0.02476604 |
|    clip_fraction        | 0.241      |
|    clip_range           | 0.2        |
|    entropy_loss         | -0.933     |
|    explained_variance   | 0.939      |
|    learning_rate        | 0.0003     |
|    loss                 | 4.03       |
|    n_updates            | 5270       |
|    policy_gradient_loss | -0.00476   |
|    std                  | 0.324      |
|    value_loss           | 9.19       |
----------------------------------------
-----------------------------------------
| rollout/                |             |
|    ep_len_mean          | 121         |
|    ep_rew_mean          | -17         |
| time/                   |             |
|    fps                  | 2241        |
|    iterations           | 39          |
|    time_elapsed         | 142         |
|    total_timesteps      | 319488      |
| train/                  |             |
|    approx_kl            | 0.024333224 |
|    clip_fraction        | 0.243       |
|    clip_range           | 0.2         |
|    entropy_loss         | -0.937      |
|    explained_variance   | 0.938       |
|    learning_rate        | 0.0003      |
|    loss                 | 4.04        |
|    n_updates            | 5280        |
|    policy_gradient_loss | -0.00616    |
|    std                  | 0.324       |
|    value_loss           | 10.5        |
-----------------------------------------
-----------------------------------------
| rollout/                |             |
|    ep_len_mean          | 142         |
|    ep_rew_mean          | -23.8       |
| time/                   |             |
|    fps                  | 2242        |
|    iterations           | 40          |
|    time_elapsed         | 146         |
|    total_timesteps      | 327680      |
| train/                  |             |
|    approx_kl            | 0.030731715 |
|    clip_fraction        | 0.253       |
|    clip_range           | 0.2         |
|    entropy_loss         | -0.939      |
|    explained_variance   | 0.94        |
|    learning_rate        | 0.0003      |
|    loss                 | 2.92        |
|    n_updates            | 5290        |
|    policy_gradient_loss | -0.00665    |
|    std                  | 0.324       |
|    value_loss           | 10.6        |
-----------------------------------------
-----------------------------------------
| rollout/                |             |
|    ep_len_mean          | 161         |
|    ep_rew_mean          | -32         |
| time/                   |             |
|    fps                  | 2244        |
|    iterations           | 41          |
|    time_elapsed         | 149         |
|    total_timesteps      | 335872      |
| train/                  |             |
|    approx_kl            | 0.028347708 |
|    clip_fraction        | 0.321       |
|    clip_range           | 0.2         |
|    entropy_loss         | -0.948      |
|    explained_variance   | 0.946       |
|    learning_rate        | 0.0003      |
|    loss                 | 1.19        |
|    n_updates            | 5300        |
|    policy_gradient_loss | -0.00266    |
|    std                  | 0.326       |
|    value_loss           | 4.1         |
-----------------------------------------
-----------------------------------------
| rollout/                |             |
|    ep_len_mean          | 135         |
|    ep_rew_mean          | -22.2       |
| time/                   |             |
|    fps                  | 2251        |
|    iterations           | 42          |
|    time_elapsed         | 152         |
|    total_timesteps      | 344064      |
| train/                  |             |
|    approx_kl            | 0.014852138 |
|    clip_fraction        | 0.187       |
|    clip_range           | 0.2         |
|    entropy_loss         | -0.961      |
|    explained_variance   | 0.921       |
|    learning_rate        | 0.0003      |
|    loss                 | 5.82        |
|    n_updates            | 5310        |
|    policy_gradient_loss | -0.0071     |
|    std                  | 0.325       |
|    value_loss           | 19          |
-----------------------------------------
-----------------------------------------
| rollout/                |             |
|    ep_len_mean          | 135         |
|    ep_rew_mean          | -20.9       |
| time/                   |             |
|    fps                  | 2256        |
|    iterations           | 43          |
|    time_elapsed         | 156         |
|    total_timesteps      | 352256      |
| train/                  |             |
|    approx_kl            | 0.021760609 |
|    clip_fraction        | 0.239       |
|    clip_range           | 0.2         |
|    entropy_loss         | -0.95       |
|    explained_variance   | 0.933       |
|    learning_rate        | 0.0003      |
|    loss                 | 2.08        |
|    n_updates            | 5320        |
|    policy_gradient_loss | -0.00447    |
|    std                  | 0.325       |
|    value_loss           | 9.18        |
-----------------------------------------
-----------------------------------------
| rollout/                |             |
|    ep_len_mean          | 126         |
|    ep_rew_mean          | -17.1       |
| time/                   |             |
|    fps                  | 2257        |
|    iterations           | 44          |
|    time_elapsed         | 159         |
|    total_timesteps      | 360448      |
| train/                  |             |
|    approx_kl            | 0.024545358 |
|    clip_fraction        | 0.204       |
|    clip_range           | 0.2         |
|    entropy_loss         | -0.958      |
|    explained_variance   | 0.93        |
|    learning_rate        | 0.0003      |
|    loss                 | 6.51        |
|    n_updates            | 5330        |
|    policy_gradient_loss | -0.00597    |
|    std                  | 0.326       |
|    value_loss           | 11.5        |
-----------------------------------------
-----------------------------------------
| rollout/                |             |
|    ep_len_mean          | 145         |
|    ep_rew_mean          | -26.7       |
| time/                   |             |
|    fps                  | 2258        |
|    iterations           | 45          |
|    time_elapsed         | 163         |
|    total_timesteps      | 368640      |
| train/                  |             |
|    approx_kl            | 0.017185027 |
|    clip_fraction        | 0.234       |
|    clip_range           | 0.2         |
|    entropy_loss         | -0.959      |
|    explained_variance   | 0.936       |
|    learning_rate        | 0.0003      |
|    loss                 | 6.86        |
|    n_updates            | 5340        |
|    policy_gradient_loss | -0.00766    |
|    std                  | 0.326       |
|    value_loss           | 13.4        |
-----------------------------------------
----------------------------------------
| rollout/                |            |
|    ep_len_mean          | 133        |
|    ep_rew_mean          | -18        |
| time/                   |            |
|    fps                  | 2260       |
|    iterations           | 46         |
|    time_elapsed         | 166        |
|    total_timesteps      | 376832     |
| train/                  |            |
|    approx_kl            | 0.03896763 |
|    clip_fraction        | 0.22       |
|    clip_range           | 0.2        |
|    entropy_loss         | -0.951     |
|    explained_variance   | 0.939      |
|    learning_rate        | 0.0003     |
|    loss                 | 4.76       |
|    n_updates            | 5350       |
|    policy_gradient_loss | -0.00655   |
|    std                  | 0.325      |
|    value_loss           | 10.3       |
----------------------------------------
-----------------------------------------
| rollout/                |             |
|    ep_len_mean          | 146         |
|    ep_rew_mean          | -23.2       |
| time/                   |             |
|    fps                  | 2264        |
|    iterations           | 47          |
|    time_elapsed         | 170         |
|    total_timesteps      | 385024      |
| train/                  |             |
|    approx_kl            | 0.021634694 |
|    clip_fraction        | 0.22        |
|    clip_range           | 0.2         |
|    entropy_loss         | -0.935      |
|    explained_variance   | 0.954       |
|    learning_rate        | 0.0003      |
|    loss                 | 3.32        |
|    n_updates            | 5360        |
|    policy_gradient_loss | -0.00795    |
|    std                  | 0.324       |
|    value_loss           | 9.3         |
-----------------------------------------
-----------------------------------------
| rollout/                |             |
|    ep_len_mean          | 183         |
|    ep_rew_mean          | -37.5       |
| time/                   |             |
|    fps                  | 2269        |
|    iterations           | 48          |
|    time_elapsed         | 173         |
|    total_timesteps      | 393216      |
| train/                  |             |
|    approx_kl            | 0.022072878 |
|    clip_fraction        | 0.241       |
|    clip_range           | 0.2         |
|    entropy_loss         | -0.942      |
|    explained_variance   | 0.921       |
|    learning_rate        | 0.0003      |
|    loss                 | 3.89        |
|    n_updates            | 5370        |
|    policy_gradient_loss | -0.00138    |
|    std                  | 0.325       |
|    value_loss           | 8.87        |
-----------------------------------------
[PeriodicArtifactCallback] step 400000: running periodic self-monitoring analysis...
[PeriodicArtifactCallback] analysis written to C:\GitHub\HumanoidRobot\simulation\training\pick_place\runs\pp_v24\analysis_400000.md (stalled=False)
[PeriodicArtifactCallback] step 400000: saving checkpoint, evaluating, rendering...
[PeriodicArtifactCallback] step 400000: success_rate=0.30 pick_success_rate=0.40 mean_reward=-163.95 -> C:\GitHub\HumanoidRobot\simulation\training\pick_place\runs\pp_v24\dashboard.html
-----------------------------------------
| rollout/                |             |
|    ep_len_mean          | 149         |
|    ep_rew_mean          | -24.4       |
| time/                   |             |
|    fps                  | 2095        |
|    iterations           | 49          |
|    time_elapsed         | 191         |
|    total_timesteps      | 401408      |
| train/                  |             |
|    approx_kl            | 0.018952385 |
|    clip_fraction        | 0.215       |
|    clip_range           | 0.2         |
|    entropy_loss         | -0.93       |
|    explained_variance   | 0.913       |
|    learning_rate        | 0.0003      |
|    loss                 | 3.13        |
|    n_updates            | 5380        |
|    policy_gradient_loss | -0.0069     |
|    std                  | 0.323       |
|    value_loss           | 11          |
-----------------------------------------
-----------------------------------------
| rollout/                |             |
|    ep_len_mean          | 137         |
|    ep_rew_mean          | -20.5       |
| time/                   |             |
|    fps                  | 2101        |
|    iterations           | 50          |
|    time_elapsed         | 194         |
|    total_timesteps      | 409600      |
| train/                  |             |
|    approx_kl            | 0.027946057 |
|    clip_fraction        | 0.242       |
|    clip_range           | 0.2         |
|    entropy_loss         | -0.894      |
|    explained_variance   | 0.949       |
|    learning_rate        | 0.0003      |
|    loss                 | 3.23        |
|    n_updates            | 5390        |
|    policy_gradient_loss | -0.0062     |
|    std                  | 0.32        |
|    value_loss           | 7.25        |
-----------------------------------------
-----------------------------------------
| rollout/                |             |
|    ep_len_mean          | 139         |
|    ep_rew_mean          | -19.9       |
| time/                   |             |
|    fps                  | 2107        |
|    iterations           | 51          |
|    time_elapsed         | 198         |
|    total_timesteps      | 417792      |
| train/                  |             |
|    approx_kl            | 0.016180478 |
|    clip_fraction        | 0.197       |
|    clip_range           | 0.2         |
|    entropy_loss         | -0.872      |
|    explained_variance   | 0.913       |
|    learning_rate        | 0.0003      |
|    loss                 | 12.4        |
|    n_updates            | 5400        |
|    policy_gradient_loss | -0.00766    |
|    std                  | 0.319       |
|    value_loss           | 16.8        |
-----------------------------------------
-----------------------------------------
| rollout/                |             |
|    ep_len_mean          | 119         |
|    ep_rew_mean          | -11.6       |
| time/                   |             |
|    fps                  | 2110        |
|    iterations           | 52          |
|    time_elapsed         | 201         |
|    total_timesteps      | 425984      |
| train/                  |             |
|    approx_kl            | 0.024021167 |
|    clip_fraction        | 0.251       |
|    clip_range           | 0.2         |
|    entropy_loss         | -0.859      |
|    explained_variance   | 0.948       |
|    learning_rate        | 0.0003      |
|    loss                 | 1.59        |
|    n_updates            | 5410        |
|    policy_gradient_loss | -0.00379    |
|    std                  | 0.318       |
|    value_loss           | 8.47        |
-----------------------------------------
-----------------------------------------
| rollout/                |             |
|    ep_len_mean          | 158         |
|    ep_rew_mean          | -25.3       |
| time/                   |             |
|    fps                  | 2113        |
|    iterations           | 53          |
|    time_elapsed         | 205         |
|    total_timesteps      | 434176      |
| train/                  |             |
|    approx_kl            | 0.016501114 |
|    clip_fraction        | 0.218       |
|    clip_range           | 0.2         |
|    entropy_loss         | -0.846      |
|    explained_variance   | 0.945       |
|    learning_rate        | 0.0003      |
|    loss                 | 4.4         |
|    n_updates            | 5420        |
|    policy_gradient_loss | -0.00463    |
|    std                  | 0.318       |
|    value_loss           | 10.2        |
-----------------------------------------
-----------------------------------------
| rollout/                |             |
|    ep_len_mean          | 161         |
|    ep_rew_mean          | -30.1       |
| time/                   |             |
|    fps                  | 2118        |
|    iterations           | 54          |
|    time_elapsed         | 208         |
|    total_timesteps      | 442368      |
| train/                  |             |
|    approx_kl            | 0.024654001 |
|    clip_fraction        | 0.242       |
|    clip_range           | 0.2         |
|    entropy_loss         | -0.832      |
|    explained_variance   | 0.912       |
|    learning_rate        | 0.0003      |
|    loss                 | 5.46        |
|    n_updates            | 5430        |
|    policy_gradient_loss | -0.00477    |
|    std                  | 0.317       |
|    value_loss           | 11.1        |
-----------------------------------------
-----------------------------------------
| rollout/                |             |
|    ep_len_mean          | 149         |
|    ep_rew_mean          | -30.4       |
| time/                   |             |
|    fps                  | 2124        |
|    iterations           | 55          |
|    time_elapsed         | 212         |
|    total_timesteps      | 450560      |
| train/                  |             |
|    approx_kl            | 0.018038813 |
|    clip_fraction        | 0.212       |
|    clip_range           | 0.2         |
|    entropy_loss         | -0.812      |
|    explained_variance   | 0.88        |
|    learning_rate        | 0.0003      |
|    loss                 | 10.1        |
|    n_updates            | 5440        |
|    policy_gradient_loss | -0.00941    |
|    std                  | 0.316       |
|    value_loss           | 19.6        |
-----------------------------------------
-----------------------------------------
| rollout/                |             |
|    ep_len_mean          | 157         |
|    ep_rew_mean          | -32.7       |
| time/                   |             |
|    fps                  | 2129        |
|    iterations           | 56          |
|    time_elapsed         | 215         |
|    total_timesteps      | 458752      |
| train/                  |             |
|    approx_kl            | 0.020748185 |
|    clip_fraction        | 0.257       |
|    clip_range           | 0.2         |
|    entropy_loss         | -0.81       |
|    explained_variance   | 0.909       |
|    learning_rate        | 0.0003      |
|    loss                 | 6.93        |
|    n_updates            | 5450        |
|    policy_gradient_loss | -0.00679    |
|    std                  | 0.317       |
|    value_loss           | 15          |
-----------------------------------------
----------------------------------------
| rollout/                |            |
|    ep_len_mean          | 147        |
|    ep_rew_mean          | -22.8      |
| time/                   |            |
|    fps                  | 2132       |
|    iterations           | 57         |
|    time_elapsed         | 218        |
|    total_timesteps      | 466944     |
| train/                  |            |
|    approx_kl            | 0.02085481 |
|    clip_fraction        | 0.231      |
|    clip_range           | 0.2        |
|    entropy_loss         | -0.804     |
|    explained_variance   | 0.919      |
|    learning_rate        | 0.0003     |
|    loss                 | 7.3        |
|    n_updates            | 5460       |
|    policy_gradient_loss | -0.00638   |
|    std                  | 0.316      |
|    value_loss           | 14.9       |
----------------------------------------
-----------------------------------------
| rollout/                |             |
|    ep_len_mean          | 114         |
|    ep_rew_mean          | -12.1       |
| time/                   |             |
|    fps                  | 2134        |
|    iterations           | 58          |
|    time_elapsed         | 222         |
|    total_timesteps      | 475136      |
| train/                  |             |
|    approx_kl            | 0.019310564 |
|    clip_fraction        | 0.223       |
|    clip_range           | 0.2         |
|    entropy_loss         | -0.776      |
|    explained_variance   | 0.918       |
|    learning_rate        | 0.0003      |
|    loss                 | 5.32        |
|    n_updates            | 5470        |
|    policy_gradient_loss | -0.00614    |
|    std                  | 0.313       |
|    value_loss           | 15          |
-----------------------------------------
-----------------------------------------
| rollout/                |             |
|    ep_len_mean          | 132         |
|    ep_rew_mean          | -20.2       |
| time/                   |             |
|    fps                  | 2137        |
|    iterations           | 59          |
|    time_elapsed         | 226         |
|    total_timesteps      | 483328      |
| train/                  |             |
|    approx_kl            | 0.023694934 |
|    clip_fraction        | 0.267       |
|    clip_range           | 0.2         |
|    entropy_loss         | -0.749      |
|    explained_variance   | 0.923       |
|    learning_rate        | 0.0003      |
|    loss                 | 7.29        |
|    n_updates            | 5480        |
|    policy_gradient_loss | -0.00323    |
|    std                  | 0.312       |
|    value_loss           | 17.2        |
-----------------------------------------
-----------------------------------------
| rollout/                |             |
|    ep_len_mean          | 175         |
|    ep_rew_mean          | -35.2       |
| time/                   |             |
|    fps                  | 2144        |
|    iterations           | 60          |
|    time_elapsed         | 229         |
|    total_timesteps      | 491520      |
| train/                  |             |
|    approx_kl            | 0.037061628 |
|    clip_fraction        | 0.344       |
|    clip_range           | 0.2         |
|    entropy_loss         | -0.753      |
|    explained_variance   | 0.944       |
|    learning_rate        | 0.0003      |
|    loss                 | 3.5         |
|    n_updates            | 5490        |
|    policy_gradient_loss | 0.00342     |
|    std                  | 0.314       |
|    value_loss           | 8.73        |
-----------------------------------------
-----------------------------------------
| rollout/                |             |
|    ep_len_mean          | 146         |
|    ep_rew_mean          | -26.2       |
| time/                   |             |
|    fps                  | 2148        |
|    iterations           | 61          |
|    time_elapsed         | 232         |
|    total_timesteps      | 499712      |
| train/                  |             |
|    approx_kl            | 0.025538001 |
|    clip_fraction        | 0.303       |
|    clip_range           | 0.2         |
|    entropy_loss         | -0.755      |
|    explained_variance   | 0.928       |
|    learning_rate        | 0.0003      |
|    loss                 | 4.22        |
|    n_updates            | 5500        |
|    policy_gradient_loss | -0.00193    |
|    std                  | 0.312       |
|    value_loss           | 9.46        |
-----------------------------------------
-----------------------------------------
| rollout/                |             |
|    ep_len_mean          | 152         |
|    ep_rew_mean          | -25.2       |
| time/                   |             |
|    fps                  | 2151        |
|    iterations           | 62          |
|    time_elapsed         | 236         |
|    total_timesteps      | 507904      |
| train/                  |             |
|    approx_kl            | 0.028522937 |
|    clip_fraction        | 0.229       |
|    clip_range           | 0.2         |
|    entropy_loss         | -0.749      |
|    explained_variance   | 0.921       |
|    learning_rate        | 0.0003      |
|    loss                 | 5.95        |
|    n_updates            | 5510        |
|    policy_gradient_loss | -0.00731    |
|    std                  | 0.312       |
|    value_loss           | 16.7        |
-----------------------------------------
-----------------------------------------
| rollout/                |             |
|    ep_len_mean          | 171         |
|    ep_rew_mean          | -29.9       |
| time/                   |             |
|    fps                  | 2154        |
|    iterations           | 63          |
|    time_elapsed         | 239         |
|    total_timesteps      | 516096      |
| train/                  |             |
|    approx_kl            | 0.025429623 |
|    clip_fraction        | 0.269       |
|    clip_range           | 0.2         |
|    entropy_loss         | -0.761      |
|    explained_variance   | 0.937       |
|    learning_rate        | 0.0003      |
|    loss                 | 4.06        |
|    n_updates            | 5520        |
|    policy_gradient_loss | -0.00281    |
|    std                  | 0.314       |
|    value_loss           | 9.56        |
-----------------------------------------
-----------------------------------------
| rollout/                |             |
|    ep_len_mean          | 147         |
|    ep_rew_mean          | -24         |
| time/                   |             |
|    fps                  | 2159        |
|    iterations           | 64          |
|    time_elapsed         | 242         |
|    total_timesteps      | 524288      |
| train/                  |             |
|    approx_kl            | 0.020216476 |
|    clip_fraction        | 0.233       |
|    clip_range           | 0.2         |
|    entropy_loss         | -0.761      |
|    explained_variance   | 0.927       |
|    learning_rate        | 0.0003      |
|    loss                 | 3.94        |
|    n_updates            | 5530        |
|    policy_gradient_loss | -0.00405    |
|    std                  | 0.313       |
|    value_loss           | 13          |
-----------------------------------------
----------------------------------------
| rollout/                |            |
|    ep_len_mean          | 161        |
|    ep_rew_mean          | -27.5      |
| time/                   |            |
|    fps                  | 2163       |
|    iterations           | 65         |
|    time_elapsed         | 246        |
|    total_timesteps      | 532480     |
| train/                  |            |
|    approx_kl            | 0.01604178 |
|    clip_fraction        | 0.255      |
|    clip_range           | 0.2        |
|    entropy_loss         | -0.746     |
|    explained_variance   | 0.919      |
|    learning_rate        | 0.0003     |
|    loss                 | 7.34       |
|    n_updates            | 5540       |
|    policy_gradient_loss | -0.00593   |
|    std                  | 0.312      |
|    value_loss           | 14.1       |
----------------------------------------
-----------------------------------------
| rollout/                |             |
|    ep_len_mean          | 159         |
|    ep_rew_mean          | -27.3       |
| time/                   |             |
|    fps                  | 2168        |
|    iterations           | 66          |
|    time_elapsed         | 249         |
|    total_timesteps      | 540672      |
| train/                  |             |
|    approx_kl            | 0.029055806 |
|    clip_fraction        | 0.317       |
|    clip_range           | 0.2         |
|    entropy_loss         | -0.743      |
|    explained_variance   | 0.937       |
|    learning_rate        | 0.0003      |
|    loss                 | 4.29        |
|    n_updates            | 5550        |
|    policy_gradient_loss | -0.00197    |
|    std                  | 0.314       |
|    value_loss           | 8.48        |
-----------------------------------------
----------------------------------------
| rollout/                |            |
|    ep_len_mean          | 190        |
|    ep_rew_mean          | -37.8      |
| time/                   |            |
|    fps                  | 2170       |
|    iterations           | 67         |
|    time_elapsed         | 252        |
|    total_timesteps      | 548864     |
| train/                  |            |
|    approx_kl            | 0.01951122 |
|    clip_fraction        | 0.27       |
|    clip_range           | 0.2        |
|    entropy_loss         | -0.767     |
|    explained_variance   | 0.941      |
|    learning_rate        | 0.0003     |
|    loss                 | 3.9        |
|    n_updates            | 5560       |
|    policy_gradient_loss | -0.0033    |
|    std                  | 0.315      |
|    value_loss           | 10.1       |
----------------------------------------
-----------------------------------------
| rollout/                |             |
|    ep_len_mean          | 187         |
|    ep_rew_mean          | -37.2       |
| time/                   |             |
|    fps                  | 2173        |
|    iterations           | 68          |
|    time_elapsed         | 256         |
|    total_timesteps      | 557056      |
| train/                  |             |
|    approx_kl            | 0.022248574 |
|    clip_fraction        | 0.237       |
|    clip_range           | 0.2         |
|    entropy_loss         | -0.767      |
|    explained_variance   | 0.898       |
|    learning_rate        | 0.0003      |
|    loss                 | 10.1        |
|    n_updates            | 5570        |
|    policy_gradient_loss | -0.00452    |
|    std                  | 0.314       |
|    value_loss           | 11.4        |
-----------------------------------------
----------------------------------------
| rollout/                |            |
|    ep_len_mean          | 165        |
|    ep_rew_mean          | -30.8      |
| time/                   |            |
|    fps                  | 2174       |
|    iterations           | 69         |
|    time_elapsed         | 259        |
|    total_timesteps      | 565248     |
| train/                  |            |
|    approx_kl            | 0.03432552 |
|    clip_fraction        | 0.262      |
|    clip_range           | 0.2        |
|    entropy_loss         | -0.759     |
|    explained_variance   | 0.908      |
|    learning_rate        | 0.0003     |
|    loss                 | 3.7        |
|    n_updates            | 5580       |
|    policy_gradient_loss | -0.00234   |
|    std                  | 0.313      |
|    value_loss           | 8.71       |
----------------------------------------
-----------------------------------------
| rollout/                |             |
|    ep_len_mean          | 156         |
|    ep_rew_mean          | -28.7       |
| time/                   |             |
|    fps                  | 2179        |
|    iterations           | 70          |
|    time_elapsed         | 263         |
|    total_timesteps      | 573440      |
| train/                  |             |
|    approx_kl            | 0.022325965 |
|    clip_fraction        | 0.216       |
|    clip_range           | 0.2         |
|    entropy_loss         | -0.742      |
|    explained_variance   | 0.936       |
|    learning_rate        | 0.0003      |
|    loss                 | 8.12        |
|    n_updates            | 5590        |
|    policy_gradient_loss | -0.00698    |
|    std                  | 0.312       |
|    value_loss           | 14.6        |
-----------------------------------------
-----------------------------------------
| rollout/                |             |
|    ep_len_mean          | 159         |
|    ep_rew_mean          | -27         |
| time/                   |             |
|    fps                  | 2183        |
|    iterations           | 71          |
|    time_elapsed         | 266         |
|    total_timesteps      | 581632      |
| train/                  |             |
|    approx_kl            | 0.023117138 |
|    clip_fraction        | 0.265       |
|    clip_range           | 0.2         |
|    entropy_loss         | -0.749      |
|    explained_variance   | 0.94        |
|    learning_rate        | 0.0003      |
|    loss                 | 3.35        |
|    n_updates            | 5600        |
|    policy_gradient_loss | -0.00438    |
|    std                  | 0.313       |
|    value_loss           | 7.8         |
-----------------------------------------
-----------------------------------------
| rollout/                |             |
|    ep_len_mean          | 170         |
|    ep_rew_mean          | -29.9       |
| time/                   |             |
|    fps                  | 2185        |
|    iterations           | 72          |
|    time_elapsed         | 269         |
|    total_timesteps      | 589824      |
| train/                  |             |
|    approx_kl            | 0.031386368 |
|    clip_fraction        | 0.312       |
|    clip_range           | 0.2         |
|    entropy_loss         | -0.764      |
|    explained_variance   | 0.964       |
|    learning_rate        | 0.0003      |
|    loss                 | 3.16        |
|    n_updates            | 5610        |
|    policy_gradient_loss | -0.000739   |
|    std                  | 0.315       |
|    value_loss           | 5.65        |
-----------------------------------------
-----------------------------------------
| rollout/                |             |
|    ep_len_mean          | 158         |
|    ep_rew_mean          | -27.6       |
| time/                   |             |
|    fps                  | 2185        |
|    iterations           | 73          |
|    time_elapsed         | 273         |
|    total_timesteps      | 598016      |
| train/                  |             |
|    approx_kl            | 0.016521141 |
|    clip_fraction        | 0.215       |
|    clip_range           | 0.2         |
|    entropy_loss         | -0.767      |
|    explained_variance   | 0.914       |
|    learning_rate        | 0.0003      |
|    loss                 | 5.96        |
|    n_updates            | 5620        |
|    policy_gradient_loss | -0.00654    |
|    std                  | 0.315       |
|    value_loss           | 14.6        |
-----------------------------------------
[PeriodicArtifactCallback] step 600000: saving checkpoint, evaluating, rendering...
[PeriodicArtifactCallback] step 600000: success_rate=0.10 pick_success_rate=0.20 mean_reward=-192.40 -> C:\GitHub\HumanoidRobot\simulation\training\pick_place\runs\pp_v24\dashboard.html
-----------------------------------------
| rollout/                |             |
|    ep_len_mean          | 152         |
|    ep_rew_mean          | -23.6       |
| time/                   |             |
|    fps                  | 2122        |
|    iterations           | 74          |
|    time_elapsed         | 285         |
|    total_timesteps      | 606208      |
| train/                  |             |
|    approx_kl            | 0.023043932 |
|    clip_fraction        | 0.25        |
|    clip_range           | 0.2         |
|    entropy_loss         | -0.762      |
|    explained_variance   | 0.948       |
|    learning_rate        | 0.0003      |
|    loss                 | 2.6         |
|    n_updates            | 5630        |
|    policy_gradient_loss | -0.00511    |
|    std                  | 0.315       |
|    value_loss           | 9.95        |
-----------------------------------------
-----------------------------------------
| rollout/                |             |
|    ep_len_mean          | 133         |
|    ep_rew_mean          | -14.8       |
| time/                   |             |
|    fps                  | 2124        |
|    iterations           | 75          |
|    time_elapsed         | 289         |
|    total_timesteps      | 614400      |
| train/                  |             |
|    approx_kl            | 0.021214139 |
|    clip_fraction        | 0.224       |
|    clip_range           | 0.2         |
|    entropy_loss         | -0.754      |
|    explained_variance   | 0.924       |
|    learning_rate        | 0.0003      |
|    loss                 | 3.99        |
|    n_updates            | 5640        |
|    policy_gradient_loss | -0.00862    |
|    std                  | 0.314       |
|    value_loss           | 14          |
-----------------------------------------
-----------------------------------------
| rollout/                |             |
|    ep_len_mean          | 168         |
|    ep_rew_mean          | -27.1       |
| time/                   |             |
|    fps                  | 2129        |
|    iterations           | 76          |
|    time_elapsed         | 292         |
|    total_timesteps      | 622592      |
| train/                  |             |
|    approx_kl            | 0.017210782 |
|    clip_fraction        | 0.211       |
|    clip_range           | 0.2         |
|    entropy_loss         | -0.748      |
|    explained_variance   | 0.943       |
|    learning_rate        | 0.0003      |
|    loss                 | 4.32        |
|    n_updates            | 5650        |
|    policy_gradient_loss | -0.00859    |
|    std                  | 0.316       |
|    value_loss           | 11.9        |
-----------------------------------------
-----------------------------------------
| rollout/                |             |
|    ep_len_mean          | 155         |
|    ep_rew_mean          | -23.4       |
| time/                   |             |
|    fps                  | 2133        |
|    iterations           | 77          |
|    time_elapsed         | 295         |
|    total_timesteps      | 630784      |
| train/                  |             |
|    approx_kl            | 0.036918517 |
|    clip_fraction        | 0.272       |
|    clip_range           | 0.2         |
|    entropy_loss         | -0.775      |
|    explained_variance   | 0.938       |
|    learning_rate        | 0.0003      |
|    loss                 | 7.89        |
|    n_updates            | 5660        |
|    policy_gradient_loss | -0.00483    |
|    std                  | 0.318       |
|    value_loss           | 6.27        |
-----------------------------------------
-----------------------------------------
| rollout/                |             |
|    ep_len_mean          | 114         |
|    ep_rew_mean          | -11.2       |
| time/                   |             |
|    fps                  | 2136        |
|    iterations           | 78          |
|    time_elapsed         | 299         |
|    total_timesteps      | 638976      |
| train/                  |             |
|    approx_kl            | 0.015327558 |
|    clip_fraction        | 0.178       |
|    clip_range           | 0.2         |
|    entropy_loss         | -0.782      |
|    explained_variance   | 0.936       |
|    learning_rate        | 0.0003      |
|    loss                 | 11.6        |
|    n_updates            | 5670        |
|    policy_gradient_loss | -0.00604    |
|    std                  | 0.317       |
|    value_loss           | 16.5        |
-----------------------------------------
-----------------------------------------
| rollout/                |             |
|    ep_len_mean          | 166         |
|    ep_rew_mean          | -30.6       |
| time/                   |             |
|    fps                  | 2138        |
|    iterations           | 79          |
|    time_elapsed         | 302         |
|    total_timesteps      | 647168      |
| train/                  |             |
|    approx_kl            | 0.028522003 |
|    clip_fraction        | 0.342       |
|    clip_range           | 0.2         |
|    entropy_loss         | -0.769      |
|    explained_variance   | 0.967       |
|    learning_rate        | 0.0003      |
|    loss                 | 1.23        |
|    n_updates            | 5680        |
|    policy_gradient_loss | 0.00424     |
|    std                  | 0.317       |
|    value_loss           | 4.2         |
-----------------------------------------
-----------------------------------------
| rollout/                |             |
|    ep_len_mean          | 189         |
|    ep_rew_mean          | -38.2       |
| time/                   |             |
|    fps                  | 2140        |
|    iterations           | 80          |
|    time_elapsed         | 306         |
|    total_timesteps      | 655360      |
| train/                  |             |
|    approx_kl            | 0.016755369 |
|    clip_fraction        | 0.206       |
|    clip_range           | 0.2         |
|    entropy_loss         | -0.769      |
|    explained_variance   | 0.925       |
|    learning_rate        | 0.0003      |
|    loss                 | 3.02        |
|    n_updates            | 5690        |
|    policy_gradient_loss | -0.00718    |
|    std                  | 0.317       |
|    value_loss           | 9.39        |
-----------------------------------------
-----------------------------------------
| rollout/                |             |
|    ep_len_mean          | 160         |
|    ep_rew_mean          | -28.1       |
| time/                   |             |
|    fps                  | 2144        |
|    iterations           | 81          |
|    time_elapsed         | 309         |
|    total_timesteps      | 663552      |
| train/                  |             |
|    approx_kl            | 0.022854961 |
|    clip_fraction        | 0.223       |
|    clip_range           | 0.2         |
|    entropy_loss         | -0.764      |
|    explained_variance   | 0.95        |
|    learning_rate        | 0.0003      |
|    loss                 | 1.78        |
|    n_updates            | 5700        |
|    policy_gradient_loss | -0.0031     |
|    std                  | 0.316       |
|    value_loss           | 4.46        |
-----------------------------------------
----------------------------------------
| rollout/                |            |
|    ep_len_mean          | 181        |
|    ep_rew_mean          | -32.7      |
| time/                   |            |
|    fps                  | 2148       |
|    iterations           | 82         |
|    time_elapsed         | 312        |
|    total_timesteps      | 671744     |
| train/                  |            |
|    approx_kl            | 0.02211133 |
|    clip_fraction        | 0.243      |
|    clip_range           | 0.2        |
|    entropy_loss         | -0.747     |
|    explained_variance   | 0.968      |
|    learning_rate        | 0.0003     |
|    loss                 | 2.87       |
|    n_updates            | 5710       |
|    policy_gradient_loss | -0.00678   |
|    std                  | 0.315      |
|    value_loss           | 5.43       |
----------------------------------------
-----------------------------------------
| rollout/                |             |
|    ep_len_mean          | 138         |
|    ep_rew_mean          | -17.2       |
| time/                   |             |
|    fps                  | 2149        |
|    iterations           | 83          |
|    time_elapsed         | 316         |
|    total_timesteps      | 679936      |
| train/                  |             |
|    approx_kl            | 0.026776118 |
|    clip_fraction        | 0.245       |
|    clip_range           | 0.2         |
|    entropy_loss         | -0.74       |
|    explained_variance   | 0.946       |
|    learning_rate        | 0.0003      |
|    loss                 | 2.56        |
|    n_updates            | 5720        |
|    policy_gradient_loss | -0.00522    |
|    std                  | 0.315       |
|    value_loss           | 7.19        |
-----------------------------------------
----------------------------------------
| rollout/                |            |
|    ep_len_mean          | 136        |
|    ep_rew_mean          | -17.7      |
| time/                   |            |
|    fps                  | 2151       |
|    iterations           | 84         |
|    time_elapsed         | 319        |
|    total_timesteps      | 688128     |
| train/                  |            |
|    approx_kl            | 0.01781753 |
|    clip_fraction        | 0.228      |
|    clip_range           | 0.2        |
|    entropy_loss         | -0.734     |
|    explained_variance   | 0.953      |
|    learning_rate        | 0.0003     |
|    loss                 | 3.71       |
|    n_updates            | 5730       |
|    policy_gradient_loss | -0.00469   |
|    std                  | 0.315      |
|    value_loss           | 12.3       |
----------------------------------------
-----------------------------------------
| rollout/                |             |
|    ep_len_mean          | 189         |
|    ep_rew_mean          | -34.2       |
| time/                   |             |
|    fps                  | 2152        |
|    iterations           | 85          |
|    time_elapsed         | 323         |
|    total_timesteps      | 696320      |
| train/                  |             |
|    approx_kl            | 0.028744385 |
|    clip_fraction        | 0.277       |
|    clip_range           | 0.2         |
|    entropy_loss         | -0.729      |
|    explained_variance   | 0.959       |
|    learning_rate        | 0.0003      |
|    loss                 | 2           |
|    n_updates            | 5740        |
|    policy_gradient_loss | -0.00457    |
|    std                  | 0.314       |
|    value_loss           | 4.21        |
-----------------------------------------
-----------------------------------------
| rollout/                |             |
|    ep_len_mean          | 158         |
|    ep_rew_mean          | -22.7       |
| time/                   |             |
|    fps                  | 2156        |
|    iterations           | 86          |
|    time_elapsed         | 326         |
|    total_timesteps      | 704512      |
| train/                  |             |
|    approx_kl            | 0.026951011 |
|    clip_fraction        | 0.279       |
|    clip_range           | 0.2         |
|    entropy_loss         | -0.715      |
|    explained_variance   | 0.959       |
|    learning_rate        | 0.0003      |
|    loss                 | 2.79        |
|    n_updates            | 5750        |
|    policy_gradient_loss | -0.00402    |
|    std                  | 0.312       |
|    value_loss           | 6.95        |
-----------------------------------------
-----------------------------------------
| rollout/                |             |
|    ep_len_mean          | 132         |
|    ep_rew_mean          | -16.1       |
| time/                   |             |
|    fps                  | 2159        |
|    iterations           | 87          |
|    time_elapsed         | 330         |
|    total_timesteps      | 712704      |
| train/                  |             |
|    approx_kl            | 0.016664822 |
|    clip_fraction        | 0.177       |
|    clip_range           | 0.2         |
|    entropy_loss         | -0.706      |
|    explained_variance   | 0.944       |
|    learning_rate        | 0.0003      |
|    loss                 | 3.94        |
|    n_updates            | 5760        |
|    policy_gradient_loss | -0.00742    |
|    std                  | 0.311       |
|    value_loss           | 12.8        |
-----------------------------------------
----------------------------------------
| rollout/                |            |
|    ep_len_mean          | 134        |
|    ep_rew_mean          | -18.5      |
| time/                   |            |
|    fps                  | 2161       |
|    iterations           | 88         |
|    time_elapsed         | 333        |
|    total_timesteps      | 720896     |
| train/                  |            |
|    approx_kl            | 0.02786718 |
|    clip_fraction        | 0.223      |
|    clip_range           | 0.2        |
|    entropy_loss         | -0.684     |
|    explained_variance   | 0.953      |
|    learning_rate        | 0.0003     |
|    loss                 | 4          |
|    n_updates            | 5770       |
|    policy_gradient_loss | -0.00577   |
|    std                  | 0.309      |
|    value_loss           | 10.8       |
----------------------------------------
-----------------------------------------
| rollout/                |             |
|    ep_len_mean          | 171         |
|    ep_rew_mean          | -29.7       |
| time/                   |             |
|    fps                  | 2162        |
|    iterations           | 89          |
|    time_elapsed         | 337         |
|    total_timesteps      | 729088      |
| train/                  |             |
|    approx_kl            | 0.023239397 |
|    clip_fraction        | 0.24        |
|    clip_range           | 0.2         |
|    entropy_loss         | -0.681      |
|    explained_variance   | 0.942       |
|    learning_rate        | 0.0003      |
|    loss                 | 4.68        |
|    n_updates            | 5780        |
|    policy_gradient_loss | -0.0059     |
|    std                  | 0.311       |
|    value_loss           | 9.93        |
-----------------------------------------
----------------------------------------
| rollout/                |            |
|    ep_len_mean          | 205        |
|    ep_rew_mean          | -42.4      |
| time/                   |            |
|    fps                  | 2163       |
|    iterations           | 90         |
|    time_elapsed         | 340        |
|    total_timesteps      | 737280     |
| train/                  |            |
|    approx_kl            | 0.04778428 |
|    clip_fraction        | 0.423      |
|    clip_range           | 0.2        |
|    entropy_loss         | -0.68      |
|    explained_variance   | 0.936      |
|    learning_rate        | 0.0003     |
|    loss                 | 2.16       |
|    n_updates            | 5790       |
|    policy_gradient_loss | 0.00401    |
|    std                  | 0.308      |
|    value_loss           | 4.88       |
----------------------------------------
-----------------------------------------
| rollout/                |             |
|    ep_len_mean          | 201         |
|    ep_rew_mean          | -38.1       |
| time/                   |             |
|    fps                  | 2166        |
|    iterations           | 91          |
|    time_elapsed         | 344         |
|    total_timesteps      | 745472      |
| train/                  |             |
|    approx_kl            | 0.020459395 |
|    clip_fraction        | 0.228       |
|    clip_range           | 0.2         |
|    entropy_loss         | -0.672      |
|    explained_variance   | 0.944       |
|    learning_rate        | 0.0003      |
|    loss                 | 4.71        |
|    n_updates            | 5800        |
|    policy_gradient_loss | -0.00571    |
|    std                  | 0.308       |
|    value_loss           | 8.35        |
-----------------------------------------
-----------------------------------------
| rollout/                |             |
|    ep_len_mean          | 132         |
|    ep_rew_mean          | -20.7       |
| time/                   |             |
|    fps                  | 2169        |
|    iterations           | 92          |
|    time_elapsed         | 347         |
|    total_timesteps      | 753664      |
| train/                  |             |
|    approx_kl            | 0.021426847 |
|    clip_fraction        | 0.208       |
|    clip_range           | 0.2         |
|    entropy_loss         | -0.678      |
|    explained_variance   | 0.95        |
|    learning_rate        | 0.0003      |
|    loss                 | 2.62        |
|    n_updates            | 5810        |
|    policy_gradient_loss | -0.0058     |
|    std                  | 0.309       |
|    value_loss           | 8.52        |
-----------------------------------------
-----------------------------------------
| rollout/                |             |
|    ep_len_mean          | 122         |
|    ep_rew_mean          | -16         |
| time/                   |             |
|    fps                  | 2169        |
|    iterations           | 93          |
|    time_elapsed         | 351         |
|    total_timesteps      | 761856      |
| train/                  |             |
|    approx_kl            | 0.017391939 |
|    clip_fraction        | 0.19        |
|    clip_range           | 0.2         |
|    entropy_loss         | -0.691      |
|    explained_variance   | 0.951       |
|    learning_rate        | 0.0003      |
|    loss                 | 4.61        |
|    n_updates            | 5820        |
|    policy_gradient_loss | -0.00876    |
|    std                  | 0.31        |
|    value_loss           | 13.4        |
-----------------------------------------
-----------------------------------------
| rollout/                |             |
|    ep_len_mean          | 152         |
|    ep_rew_mean          | -24.2       |
| time/                   |             |
|    fps                  | 2170        |
|    iterations           | 94          |
|    time_elapsed         | 354         |
|    total_timesteps      | 770048      |
| train/                  |             |
|    approx_kl            | 0.015502116 |
|    clip_fraction        | 0.23        |
|    clip_range           | 0.2         |
|    entropy_loss         | -0.691      |
|    explained_variance   | 0.949       |
|    learning_rate        | 0.0003      |
|    loss                 | 7.6         |
|    n_updates            | 5830        |
|    policy_gradient_loss | -0.00566    |
|    std                  | 0.308       |
|    value_loss           | 10.8        |
-----------------------------------------
-----------------------------------------
| rollout/                |             |
|    ep_len_mean          | 166         |
|    ep_rew_mean          | -28         |
| time/                   |             |
|    fps                  | 2171        |
|    iterations           | 95          |
|    time_elapsed         | 358         |
|    total_timesteps      | 778240      |
| train/                  |             |
|    approx_kl            | 0.025720648 |
|    clip_fraction        | 0.237       |
|    clip_range           | 0.2         |
|    entropy_loss         | -0.683      |
|    explained_variance   | 0.944       |
|    learning_rate        | 0.0003      |
|    loss                 | 3.84        |
|    n_updates            | 5840        |
|    policy_gradient_loss | -0.00562    |
|    std                  | 0.31        |
|    value_loss           | 6.9         |
-----------------------------------------
-----------------------------------------
| rollout/                |             |
|    ep_len_mean          | 127         |
|    ep_rew_mean          | -14.3       |
| time/                   |             |
|    fps                  | 2175        |
|    iterations           | 96          |
|    time_elapsed         | 361         |
|    total_timesteps      | 786432      |
| train/                  |             |
|    approx_kl            | 0.025819886 |
|    clip_fraction        | 0.266       |
|    clip_range           | 0.2         |
|    entropy_loss         | -0.688      |
|    explained_variance   | 0.955       |
|    learning_rate        | 0.0003      |
|    loss                 | 5.09        |
|    n_updates            | 5850        |
|    policy_gradient_loss | -0.0062     |
|    std                  | 0.31        |
|    value_loss           | 9.39        |
-----------------------------------------
-----------------------------------------
| rollout/                |             |
|    ep_len_mean          | 138         |
|    ep_rew_mean          | -21.4       |
| time/                   |             |
|    fps                  | 2178        |
|    iterations           | 97          |
|    time_elapsed         | 364         |
|    total_timesteps      | 794624      |
| train/                  |             |
|    approx_kl            | 0.023812825 |
|    clip_fraction        | 0.242       |
|    clip_range           | 0.2         |
|    entropy_loss         | -0.678      |
|    explained_variance   | 0.938       |
|    learning_rate        | 0.0003      |
|    loss                 | 6.92        |
|    n_updates            | 5860        |
|    policy_gradient_loss | -0.00822    |
|    std                  | 0.308       |
|    value_loss           | 11.6        |
-----------------------------------------
[PeriodicArtifactCallback] step 800000: running periodic self-monitoring analysis...
[PeriodicArtifactCallback] analysis written to C:\GitHub\HumanoidRobot\simulation\training\pick_place\runs\pp_v24\analysis_800000.md (stalled=False)
[PeriodicArtifactCallback] step 800000: saving checkpoint, evaluating, rendering...
[PeriodicArtifactCallback] step 800000: success_rate=0.30 pick_success_rate=0.30 mean_reward=-155.03 -> C:\GitHub\HumanoidRobot\simulation\training\pick_place\runs\pp_v24\dashboard.html
-----------------------------------------
| rollout/                |             |
|    ep_len_mean          | 159         |
|    ep_rew_mean          | -29.5       |
| time/                   |             |
|    fps                  | 2116        |
|    iterations           | 98          |
|    time_elapsed         | 379         |
|    total_timesteps      | 802816      |
| train/                  |             |
|    approx_kl            | 0.018967792 |
|    clip_fraction        | 0.211       |
|    clip_range           | 0.2         |
|    entropy_loss         | -0.674      |
|    explained_variance   | 0.943       |
|    learning_rate        | 0.0003      |
|    loss                 | 8.14        |
|    n_updates            | 5870        |
|    policy_gradient_loss | -0.00575    |
|    std                  | 0.31        |
|    value_loss           | 13.1        |
-----------------------------------------
----------------------------------------
| rollout/                |            |
|    ep_len_mean          | 202        |
|    ep_rew_mean          | -43        |
| time/                   |            |
|    fps                  | 2117       |
|    iterations           | 99         |
|    time_elapsed         | 382        |
|    total_timesteps      | 811008     |
| train/                  |            |
|    approx_kl            | 0.03846147 |
|    clip_fraction        | 0.279      |
|    clip_range           | 0.2        |
|    entropy_loss         | -0.685     |
|    explained_variance   | 0.935      |
|    learning_rate        | 0.0003     |
|    loss                 | 1.14       |
|    n_updates            | 5880       |
|    policy_gradient_loss | -0.0027    |
|    std                  | 0.31       |
|    value_loss           | 6.15       |
----------------------------------------
----------------------------------------
| rollout/                |            |
|    ep_len_mean          | 194        |
|    ep_rew_mean          | -37.3      |
| time/                   |            |
|    fps                  | 2119       |
|    iterations           | 100        |
|    time_elapsed         | 386        |
|    total_timesteps      | 819200     |
| train/                  |            |
|    approx_kl            | 0.04068441 |
|    clip_fraction        | 0.262      |
|    clip_range           | 0.2        |
|    entropy_loss         | -0.689     |
|    explained_variance   | 0.947      |
|    learning_rate        | 0.0003     |
|    loss                 | 3.33       |
|    n_updates            | 5890       |
|    policy_gradient_loss | -0.00315   |
|    std                  | 0.311      |
|    value_loss           | 7.32       |
----------------------------------------
-----------------------------------------
| rollout/                |             |
|    ep_len_mean          | 172         |
|    ep_rew_mean          | -29.5       |
| time/                   |             |
|    fps                  | 2122        |
|    iterations           | 101         |
|    time_elapsed         | 389         |
|    total_timesteps      | 827392      |
| train/                  |             |
|    approx_kl            | 0.020447664 |
|    clip_fraction        | 0.233       |
|    clip_range           | 0.2         |
|    entropy_loss         | -0.687      |
|    explained_variance   | 0.937       |
|    learning_rate        | 0.0003      |
|    loss                 | 4.13        |
|    n_updates            | 5900        |
|    policy_gradient_loss | -0.0052     |
|    std                  | 0.311       |
|    value_loss           | 11.3        |
-----------------------------------------
-----------------------------------------
| rollout/                |             |
|    ep_len_mean          | 175         |
|    ep_rew_mean          | -32.2       |
| time/                   |             |
|    fps                  | 2126        |
|    iterations           | 102         |
|    time_elapsed         | 392         |
|    total_timesteps      | 835584      |
| train/                  |             |
|    approx_kl            | 0.051539958 |
|    clip_fraction        | 0.318       |
|    clip_range           | 0.2         |
|    entropy_loss         | -0.688      |
|    explained_variance   | 0.965       |
|    learning_rate        | 0.0003      |
|    loss                 | 1.1         |
|    n_updates            | 5910        |
|    policy_gradient_loss | -4.01e-05   |
|    std                  | 0.313       |
|    value_loss           | 3.96        |
-----------------------------------------
-----------------------------------------
| rollout/                |             |
|    ep_len_mean          | 187         |
|    ep_rew_mean          | -35.6       |
| time/                   |             |
|    fps                  | 2128        |
|    iterations           | 103         |
|    time_elapsed         | 396         |
|    total_timesteps      | 843776      |
| train/                  |             |
|    approx_kl            | 0.016323285 |
|    clip_fraction        | 0.209       |
|    clip_range           | 0.2         |
|    entropy_loss         | -0.708      |
|    explained_variance   | 0.935       |
|    learning_rate        | 0.0003      |
|    loss                 | 2.73        |
|    n_updates            | 5920        |
|    policy_gradient_loss | -0.00575    |
|    std                  | 0.314       |
|    value_loss           | 11.7        |
-----------------------------------------
-----------------------------------------
| rollout/                |             |
|    ep_len_mean          | 192         |
|    ep_rew_mean          | -39         |
| time/                   |             |
|    fps                  | 2129        |
|    iterations           | 104         |
|    time_elapsed         | 400         |
|    total_timesteps      | 851968      |
| train/                  |             |
|    approx_kl            | 0.021407116 |
|    clip_fraction        | 0.238       |
|    clip_range           | 0.2         |
|    entropy_loss         | -0.727      |
|    explained_variance   | 0.933       |
|    learning_rate        | 0.0003      |
|    loss                 | 2.26        |
|    n_updates            | 5930        |
|    policy_gradient_loss | -0.00647    |
|    std                  | 0.315       |
|    value_loss           | 9.36        |
-----------------------------------------
-----------------------------------------
| rollout/                |             |
|    ep_len_mean          | 169         |
|    ep_rew_mean          | -31.7       |
| time/                   |             |
|    fps                  | 2132        |
|    iterations           | 105         |
|    time_elapsed         | 403         |
|    total_timesteps      | 860160      |
| train/                  |             |
|    approx_kl            | 0.022113632 |
|    clip_fraction        | 0.2         |
|    clip_range           | 0.2         |
|    entropy_loss         | -0.738      |
|    explained_variance   | 0.915       |
|    learning_rate        | 0.0003      |
|    loss                 | 9.8         |
|    n_updates            | 5940        |
|    policy_gradient_loss | -0.00569    |
|    std                  | 0.315       |
|    value_loss           | 14          |
-----------------------------------------
-----------------------------------------
| rollout/                |             |
|    ep_len_mean          | 172         |
|    ep_rew_mean          | -31.6       |
| time/                   |             |
|    fps                  | 2135        |
|    iterations           | 106         |
|    time_elapsed         | 406         |
|    total_timesteps      | 868352      |
| train/                  |             |
|    approx_kl            | 0.023479711 |
|    clip_fraction        | 0.236       |
|    clip_range           | 0.2         |
|    entropy_loss         | -0.734      |
|    explained_variance   | 0.943       |
|    learning_rate        | 0.0003      |
|    loss                 | 2.91        |
|    n_updates            | 5950        |
|    policy_gradient_loss | -0.00492    |
|    std                  | 0.314       |
|    value_loss           | 8.38        |
-----------------------------------------
-----------------------------------------
| rollout/                |             |
|    ep_len_mean          | 159         |
|    ep_rew_mean          | -27.9       |
| time/                   |             |
|    fps                  | 2139        |
|    iterations           | 107         |
|    time_elapsed         | 409         |
|    total_timesteps      | 876544      |
| train/                  |             |
|    approx_kl            | 0.017639473 |
|    clip_fraction        | 0.183       |
|    clip_range           | 0.2         |
|    entropy_loss         | -0.718      |
|    explained_variance   | 0.926       |
|    learning_rate        | 0.0003      |
|    loss                 | 5.27        |
|    n_updates            | 5960        |
|    policy_gradient_loss | -0.00674    |
|    std                  | 0.314       |
|    value_loss           | 17.4        |
-----------------------------------------
-----------------------------------------
| rollout/                |             |
|    ep_len_mean          | 166         |
|    ep_rew_mean          | -30.4       |
| time/                   |             |
|    fps                  | 2140        |
|    iterations           | 108         |
|    time_elapsed         | 413         |
|    total_timesteps      | 884736      |
| train/                  |             |
|    approx_kl            | 0.022752564 |
|    clip_fraction        | 0.235       |
|    clip_range           | 0.2         |
|    entropy_loss         | -0.712      |
|    explained_variance   | 0.947       |
|    learning_rate        | 0.0003      |
|    loss                 | 2.47        |
|    n_updates            | 5970        |
|    policy_gradient_loss | -0.00612    |
|    std                  | 0.314       |
|    value_loss           | 11.3        |
-----------------------------------------
-----------------------------------------
| rollout/                |             |
|    ep_len_mean          | 171         |
|    ep_rew_mean          | -32.3       |
| time/                   |             |
|    fps                  | 2141        |
|    iterations           | 109         |
|    time_elapsed         | 416         |
|    total_timesteps      | 892928      |
| train/                  |             |
|    approx_kl            | 0.024797427 |
|    clip_fraction        | 0.234       |
|    clip_range           | 0.2         |
|    entropy_loss         | -0.714      |
|    explained_variance   | 0.943       |
|    learning_rate        | 0.0003      |
|    loss                 | 6.56        |
|    n_updates            | 5980        |
|    policy_gradient_loss | -0.00459    |
|    std                  | 0.314       |
|    value_loss           | 12.3        |
-----------------------------------------
-----------------------------------------
| rollout/                |             |
|    ep_len_mean          | 156         |
|    ep_rew_mean          | -26.1       |
| time/                   |             |
|    fps                  | 2143        |
|    iterations           | 110         |
|    time_elapsed         | 420         |
|    total_timesteps      | 901120      |
| train/                  |             |
|    approx_kl            | 0.022505725 |
|    clip_fraction        | 0.22        |
|    clip_range           | 0.2         |
|    entropy_loss         | -0.706      |
|    explained_variance   | 0.959       |
|    learning_rate        | 0.0003      |
|    loss                 | 3.24        |
|    n_updates            | 5990        |
|    policy_gradient_loss | -0.00709    |
|    std                  | 0.313       |
|    value_loss           | 10.4        |
-----------------------------------------
-----------------------------------------
| rollout/                |             |
|    ep_len_mean          | 152         |
|    ep_rew_mean          | -23.9       |
| time/                   |             |
|    fps                  | 2146        |
|    iterations           | 111         |
|    time_elapsed         | 423         |
|    total_timesteps      | 909312      |
| train/                  |             |
|    approx_kl            | 0.033458166 |
|    clip_fraction        | 0.298       |
|    clip_range           | 0.2         |
|    entropy_loss         | -0.708      |
|    explained_variance   | 0.975       |
|    learning_rate        | 0.0003      |
|    loss                 | 1.17        |
|    n_updates            | 6000        |
|    policy_gradient_loss | -0.00122    |
|    std                  | 0.314       |
|    value_loss           | 4           |
-----------------------------------------
-----------------------------------------
| rollout/                |             |
|    ep_len_mean          | 133         |
|    ep_rew_mean          | -18.3       |
| time/                   |             |
|    fps                  | 2148        |
|    iterations           | 112         |
|    time_elapsed         | 426         |
|    total_timesteps      | 917504      |
| train/                  |             |
|    approx_kl            | 0.018756267 |
|    clip_fraction        | 0.21        |
|    clip_range           | 0.2         |
|    entropy_loss         | -0.695      |
|    explained_variance   | 0.948       |
|    learning_rate        | 0.0003      |
|    loss                 | 3.19        |
|    n_updates            | 6010        |
|    policy_gradient_loss | -0.00653    |
|    std                  | 0.312       |
|    value_loss           | 11.9        |
-----------------------------------------
-----------------------------------------
| rollout/                |             |
|    ep_len_mean          | 148         |
|    ep_rew_mean          | -22.1       |
| time/                   |             |
|    fps                  | 2150        |
|    iterations           | 113         |
|    time_elapsed         | 430         |
|    total_timesteps      | 925696      |
| train/                  |             |
|    approx_kl            | 0.018605763 |
|    clip_fraction        | 0.232       |
|    clip_range           | 0.2         |
|    entropy_loss         | -0.681      |
|    explained_variance   | 0.935       |
|    learning_rate        | 0.0003      |
|    loss                 | 5.36        |
|    n_updates            | 6020        |
|    policy_gradient_loss | -0.00566    |
|    std                  | 0.312       |
|    value_loss           | 14.8        |
-----------------------------------------
-----------------------------------------
| rollout/                |             |
|    ep_len_mean          | 169         |
|    ep_rew_mean          | -31.1       |
| time/                   |             |
|    fps                  | 2150        |
|    iterations           | 114         |
|    time_elapsed         | 434         |
|    total_timesteps      | 933888      |
| train/                  |             |
|    approx_kl            | 0.017208185 |
|    clip_fraction        | 0.19        |
|    clip_range           | 0.2         |
|    entropy_loss         | -0.689      |
|    explained_variance   | 0.905       |
|    learning_rate        | 0.0003      |
|    loss                 | 7.96        |
|    n_updates            | 6030        |
|    policy_gradient_loss | -0.00749    |
|    std                  | 0.313       |
|    value_loss           | 17.8        |
-----------------------------------------
---------------------------------------
| rollout/                |           |
|    ep_len_mean          | 177       |
|    ep_rew_mean          | -32.8     |
| time/                   |           |
|    fps                  | 2151      |
|    iterations           | 115       |
|    time_elapsed         | 437       |
|    total_timesteps      | 942080    |
| train/                  |           |
|    approx_kl            | 0.0463641 |
|    clip_fraction        | 0.316     |
|    clip_range           | 0.2       |
|    entropy_loss         | -0.693    |
|    explained_variance   | 0.944     |
|    learning_rate        | 0.0003    |
|    loss                 | 3.81      |
|    n_updates            | 6040      |
|    policy_gradient_loss | 0.00112   |
|    std                  | 0.313     |
|    value_loss           | 9.27      |
---------------------------------------
-----------------------------------------
| rollout/                |             |
|    ep_len_mean          | 162         |
|    ep_rew_mean          | -26.2       |
| time/                   |             |
|    fps                  | 2154        |
|    iterations           | 116         |
|    time_elapsed         | 440         |
|    total_timesteps      | 950272      |
| train/                  |             |
|    approx_kl            | 0.024795705 |
|    clip_fraction        | 0.256       |
|    clip_range           | 0.2         |
|    entropy_loss         | -0.678      |
|    explained_variance   | 0.959       |
|    learning_rate        | 0.0003      |
|    loss                 | 3.16        |
|    n_updates            | 6050        |
|    policy_gradient_loss | -0.0049     |
|    std                  | 0.31        |
|    value_loss           | 8.14        |
-----------------------------------------
-----------------------------------------
| rollout/                |             |
|    ep_len_mean          | 166         |
|    ep_rew_mean          | -28         |
| time/                   |             |
|    fps                  | 2157        |
|    iterations           | 117         |
|    time_elapsed         | 444         |
|    total_timesteps      | 958464      |
| train/                  |             |
|    approx_kl            | 0.032273196 |
|    clip_fraction        | 0.275       |
|    clip_range           | 0.2         |
|    entropy_loss         | -0.655      |
|    explained_variance   | 0.945       |
|    learning_rate        | 0.0003      |
|    loss                 | 2.12        |
|    n_updates            | 6060        |
|    policy_gradient_loss | -0.00461    |
|    std                  | 0.31        |
|    value_loss           | 6.72        |
-----------------------------------------
-----------------------------------------
| rollout/                |             |
|    ep_len_mean          | 165         |
|    ep_rew_mean          | -28.8       |
| time/                   |             |
|    fps                  | 2159        |
|    iterations           | 118         |
|    time_elapsed         | 447         |
|    total_timesteps      | 966656      |
| train/                  |             |
|    approx_kl            | 0.015546494 |
|    clip_fraction        | 0.2         |
|    clip_range           | 0.2         |
|    entropy_loss         | -0.637      |
|    explained_variance   | 0.931       |
|    learning_rate        | 0.0003      |
|    loss                 | 7.94        |
|    n_updates            | 6070        |
|    policy_gradient_loss | -0.00898    |
|    std                  | 0.308       |
|    value_loss           | 14.2        |
-----------------------------------------
---------------------------------------
| rollout/                |           |
|    ep_len_mean          | 148       |
|    ep_rew_mean          | -22.2     |
| time/                   |           |
|    fps                  | 2160      |
|    iterations           | 119       |
|    time_elapsed         | 451       |
|    total_timesteps      | 974848    |
| train/                  |           |
|    approx_kl            | 0.0520356 |
|    clip_fraction        | 0.313     |
|    clip_range           | 0.2       |
|    entropy_loss         | -0.62     |
|    explained_variance   | 0.967     |
|    learning_rate        | 0.0003    |
|    loss                 | 1.51      |
|    n_updates            | 6080      |
|    policy_gradient_loss | -0.00254  |
|    std                  | 0.307     |
|    value_loss           | 6.21      |
---------------------------------------
-----------------------------------------
| rollout/                |             |
|    ep_len_mean          | 150         |
|    ep_rew_mean          | -24         |
| time/                   |             |
|    fps                  | 2161        |
|    iterations           | 120         |
|    time_elapsed         | 454         |
|    total_timesteps      | 983040      |
| train/                  |             |
|    approx_kl            | 0.014515955 |
|    clip_fraction        | 0.166       |
|    clip_range           | 0.2         |
|    entropy_loss         | -0.622      |
|    explained_variance   | 0.907       |
|    learning_rate        | 0.0003      |
|    loss                 | 4.74        |
|    n_updates            | 6090        |
|    policy_gradient_loss | -0.0109     |
|    std                  | 0.308       |
|    value_loss           | 14.5        |
-----------------------------------------
-----------------------------------------
| rollout/                |             |
|    ep_len_mean          | 144         |
|    ep_rew_mean          | -25.2       |
| time/                   |             |
|    fps                  | 2164        |
|    iterations           | 121         |
|    time_elapsed         | 458         |
|    total_timesteps      | 991232      |
| train/                  |             |
|    approx_kl            | 0.017995475 |
|    clip_fraction        | 0.184       |
|    clip_range           | 0.2         |
|    entropy_loss         | -0.62       |
|    explained_variance   | 0.925       |
|    learning_rate        | 0.0003      |
|    loss                 | 7.31        |
|    n_updates            | 6100        |
|    policy_gradient_loss | -0.00848    |
|    std                  | 0.307       |
|    value_loss           | 19.3        |
-----------------------------------------
-----------------------------------------
| rollout/                |             |
|    ep_len_mean          | 131         |
|    ep_rew_mean          | -19.2       |
| time/                   |             |
|    fps                  | 2166        |
|    iterations           | 122         |
|    time_elapsed         | 461         |
|    total_timesteps      | 999424      |
| train/                  |             |
|    approx_kl            | 0.023063134 |
|    clip_fraction        | 0.262       |
|    clip_range           | 0.2         |
|    entropy_loss         | -0.601      |
|    explained_variance   | 0.942       |
|    learning_rate        | 0.0003      |
|    loss                 | 9.01        |
|    n_updates            | 6110        |
|    policy_gradient_loss | -0.00457    |
|    std                  | 0.306       |
|    value_loss           | 16          |
-----------------------------------------
[PeriodicArtifactCallback] step 1000000: saving checkpoint, evaluating, rendering...
[PeriodicArtifactCallback] step 1000000: success_rate=0.30 pick_success_rate=0.30 mean_reward=-145.92 -> C:\GitHub\HumanoidRobot\simulation\training\pick_place\runs\pp_v24\dashboard.html
-----------------------------------------
| rollout/                |             |
|    ep_len_mean          | 150         |
|    ep_rew_mean          | -23.2       |
| time/                   |             |
|    fps                  | 2136        |
|    iterations           | 123         |
|    time_elapsed         | 471         |
|    total_timesteps      | 1007616     |
| train/                  |             |
|    approx_kl            | 0.021546291 |
|    clip_fraction        | 0.223       |
|    clip_range           | 0.2         |
|    entropy_loss         | -0.585      |
|    explained_variance   | 0.938       |
|    learning_rate        | 0.0003      |
|    loss                 | 4.37        |
|    n_updates            | 6120        |
|    policy_gradient_loss | -0.00478    |
|    std                  | 0.305       |
|    value_loss           | 14.9        |
-----------------------------------------
-----------------------------------------
| rollout/                |             |
|    ep_len_mean          | 175         |
|    ep_rew_mean          | -33.8       |
| time/                   |             |
|    fps                  | 2138        |
|    iterations           | 124         |
|    time_elapsed         | 474         |
|    total_timesteps      | 1015808     |
| train/                  |             |
|    approx_kl            | 0.021240978 |
|    clip_fraction        | 0.248       |
|    clip_range           | 0.2         |
|    entropy_loss         | -0.597      |
|    explained_variance   | 0.951       |
|    learning_rate        | 0.0003      |
|    loss                 | 2.8         |
|    n_updates            | 6130        |
|    policy_gradient_loss | -0.00486    |
|    std                  | 0.307       |
|    value_loss           | 10.6        |
-----------------------------------------
-----------------------------------------
| rollout/                |             |
|    ep_len_mean          | 165         |
|    ep_rew_mean          | -30.4       |
| time/                   |             |
|    fps                  | 2140        |
|    iterations           | 125         |
|    time_elapsed         | 478         |
|    total_timesteps      | 1024000     |
| train/                  |             |
|    approx_kl            | 0.027732067 |
|    clip_fraction        | 0.265       |
|    clip_range           | 0.2         |
|    entropy_loss         | -0.611      |
|    explained_variance   | 0.954       |
|    learning_rate        | 0.0003      |
|    loss                 | 6.09        |
|    n_updates            | 6140        |
|    policy_gradient_loss | -0.00352    |
|    std                  | 0.307       |
|    value_loss           | 9.26        |
-----------------------------------------
-----------------------------------------
| rollout/                |             |
|    ep_len_mean          | 173         |
|    ep_rew_mean          | -31         |
| time/                   |             |
|    fps                  | 2141        |
|    iterations           | 126         |
|    time_elapsed         | 482         |
|    total_timesteps      | 1032192     |
| train/                  |             |
|    approx_kl            | 0.047544844 |
|    clip_fraction        | 0.253       |
|    clip_range           | 0.2         |
|    entropy_loss         | -0.611      |
|    explained_variance   | 0.931       |
|    learning_rate        | 0.0003      |
|    loss                 | 4.86        |
|    n_updates            | 6150        |
|    policy_gradient_loss | -0.0045     |
|    std                  | 0.307       |
|    value_loss           | 8.63        |
-----------------------------------------
-----------------------------------------
| rollout/                |             |
|    ep_len_mean          | 141         |
|    ep_rew_mean          | -19.6       |
| time/                   |             |
|    fps                  | 2142        |
|    iterations           | 127         |
|    time_elapsed         | 485         |
|    total_timesteps      | 1040384     |
| train/                  |             |
|    approx_kl            | 0.023064481 |
|    clip_fraction        | 0.228       |
|    clip_range           | 0.2         |
|    entropy_loss         | -0.613      |
|    explained_variance   | 0.946       |
|    learning_rate        | 0.0003      |
|    loss                 | 2.52        |
|    n_updates            | 6160        |
|    policy_gradient_loss | -0.0049     |
|    std                  | 0.306       |
|    value_loss           | 11.2        |
-----------------------------------------
-----------------------------------------
| rollout/                |             |
|    ep_len_mean          | 151         |
|    ep_rew_mean          | -25.3       |
| time/                   |             |
|    fps                  | 2145        |
|    iterations           | 128         |
|    time_elapsed         | 488         |
|    total_timesteps      | 1048576     |
| train/                  |             |
|    approx_kl            | 0.021860015 |
|    clip_fraction        | 0.266       |
|    clip_range           | 0.2         |
|    entropy_loss         | -0.608      |
|    explained_variance   | 0.949       |
|    learning_rate        | 0.0003      |
|    loss                 | 6.87        |
|    n_updates            | 6170        |
|    policy_gradient_loss | -0.00633    |
|    std                  | 0.307       |
|    value_loss           | 11.4        |
-----------------------------------------
-----------------------------------------
| rollout/                |             |
|    ep_len_mean          | 154         |
|    ep_rew_mean          | -28         |
| time/                   |             |
|    fps                  | 2148        |
|    iterations           | 129         |
|    time_elapsed         | 491         |
|    total_timesteps      | 1056768     |
| train/                  |             |
|    approx_kl            | 0.027814023 |
|    clip_fraction        | 0.247       |
|    clip_range           | 0.2         |
|    entropy_loss         | -0.616      |
|    explained_variance   | 0.949       |
|    learning_rate        | 0.0003      |
|    loss                 | 2.99        |
|    n_updates            | 6180        |
|    policy_gradient_loss | -0.00625    |
|    std                  | 0.308       |
|    value_loss           | 9.88        |
-----------------------------------------
-----------------------------------------
| rollout/                |             |
|    ep_len_mean          | 169         |
|    ep_rew_mean          | -28.3       |
| time/                   |             |
|    fps                  | 2149        |
|    iterations           | 130         |
|    time_elapsed         | 495         |
|    total_timesteps      | 1064960     |
| train/                  |             |
|    approx_kl            | 0.019690663 |
|    clip_fraction        | 0.267       |
|    clip_range           | 0.2         |
|    entropy_loss         | -0.599      |
|    explained_variance   | 0.934       |
|    learning_rate        | 0.0003      |
|    loss                 | 4.28        |
|    n_updates            | 6190        |
|    policy_gradient_loss | -0.00783    |
|    std                  | 0.305       |
|    value_loss           | 13.1        |
-----------------------------------------
-----------------------------------------
| rollout/                |             |
|    ep_len_mean          | 166         |
|    ep_rew_mean          | -26         |
| time/                   |             |
|    fps                  | 2150        |
|    iterations           | 131         |
|    time_elapsed         | 498         |
|    total_timesteps      | 1073152     |
| train/                  |             |
|    approx_kl            | 0.020655097 |
|    clip_fraction        | 0.32        |
|    clip_range           | 0.2         |
|    entropy_loss         | -0.599      |
|    explained_variance   | 0.952       |
|    learning_rate        | 0.0003      |
|    loss                 | 3.61        |
|    n_updates            | 6200        |
|    policy_gradient_loss | 0.0022      |
|    std                  | 0.308       |
|    value_loss           | 7.35        |
-----------------------------------------
-----------------------------------------
| rollout/                |             |
|    ep_len_mean          | 175         |
|    ep_rew_mean          | -30.1       |
| time/                   |             |
|    fps                  | 2151        |
|    iterations           | 132         |
|    time_elapsed         | 502         |
|    total_timesteps      | 1081344     |
| train/                  |             |
|    approx_kl            | 0.022308495 |
|    clip_fraction        | 0.205       |
|    clip_range           | 0.2         |
|    entropy_loss         | -0.609      |
|    explained_variance   | 0.936       |
|    learning_rate        | 0.0003      |
|    loss                 | 6.21        |
|    n_updates            | 6210        |
|    policy_gradient_loss | -0.00753    |
|    std                  | 0.307       |
|    value_loss           | 10.5        |
-----------------------------------------
-----------------------------------------
| rollout/                |             |
|    ep_len_mean          | 179         |
|    ep_rew_mean          | -33.7       |
| time/                   |             |
|    fps                  | 2154        |
|    iterations           | 133         |
|    time_elapsed         | 505         |
|    total_timesteps      | 1089536     |
| train/                  |             |
|    approx_kl            | 0.024333637 |
|    clip_fraction        | 0.285       |
|    clip_range           | 0.2         |
|    entropy_loss         | -0.597      |
|    explained_variance   | 0.938       |
|    learning_rate        | 0.0003      |
|    loss                 | 4.03        |
|    n_updates            | 6220        |
|    policy_gradient_loss | -0.00526    |
|    std                  | 0.306       |
|    value_loss           | 8.77        |
-----------------------------------------
-----------------------------------------
| rollout/                |             |
|    ep_len_mean          | 172         |
|    ep_rew_mean          | -32.7       |
| time/                   |             |
|    fps                  | 2156        |
|    iterations           | 134         |
|    time_elapsed         | 509         |
|    total_timesteps      | 1097728     |
| train/                  |             |
|    approx_kl            | 0.020056054 |
|    clip_fraction        | 0.264       |
|    clip_range           | 0.2         |
|    entropy_loss         | -0.591      |
|    explained_variance   | 0.948       |
|    learning_rate        | 0.0003      |
|    loss                 | 6.82        |
|    n_updates            | 6230        |
|    policy_gradient_loss | -0.0057     |
|    std                  | 0.307       |
|    value_loss           | 11.3        |
-----------------------------------------
-----------------------------------------
| rollout/                |             |
|    ep_len_mean          | 163         |
|    ep_rew_mean          | -24.9       |
| time/                   |             |
|    fps                  | 2157        |
|    iterations           | 135         |
|    time_elapsed         | 512         |
|    total_timesteps      | 1105920     |
| train/                  |             |
|    approx_kl            | 0.032821693 |
|    clip_fraction        | 0.322       |
|    clip_range           | 0.2         |
|    entropy_loss         | -0.591      |
|    explained_variance   | 0.955       |
|    learning_rate        | 0.0003      |
|    loss                 | 3.42        |
|    n_updates            | 6240        |
|    policy_gradient_loss | -0.00353    |
|    std                  | 0.306       |
|    value_loss           | 8.27        |
-----------------------------------------
-----------------------------------------
| rollout/                |             |
|    ep_len_mean          | 161         |
|    ep_rew_mean          | -22.1       |
| time/                   |             |
|    fps                  | 2158        |
|    iterations           | 136         |
|    time_elapsed         | 516         |
|    total_timesteps      | 1114112     |
| train/                  |             |
|    approx_kl            | 0.037083816 |
|    clip_fraction        | 0.29        |
|    clip_range           | 0.2         |
|    entropy_loss         | -0.607      |
|    explained_variance   | 0.949       |
|    learning_rate        | 0.0003      |
|    loss                 | 4.13        |
|    n_updates            | 6250        |
|    policy_gradient_loss | -0.0025     |
|    std                  | 0.308       |
|    value_loss           | 8.64        |
-----------------------------------------
-----------------------------------------
| rollout/                |             |
|    ep_len_mean          | 166         |
|    ep_rew_mean          | -26.9       |
| time/                   |             |
|    fps                  | 2159        |
|    iterations           | 137         |
|    time_elapsed         | 519         |
|    total_timesteps      | 1122304     |
| train/                  |             |
|    approx_kl            | 0.023211166 |
|    clip_fraction        | 0.196       |
|    clip_range           | 0.2         |
|    entropy_loss         | -0.612      |
|    explained_variance   | 0.939       |
|    learning_rate        | 0.0003      |
|    loss                 | 6.4         |
|    n_updates            | 6260        |
|    policy_gradient_loss | -0.00862    |
|    std                  | 0.308       |
|    value_loss           | 15.7        |
-----------------------------------------
-----------------------------------------
| rollout/                |             |
|    ep_len_mean          | 151         |
|    ep_rew_mean          | -22.6       |
| time/                   |             |
|    fps                  | 2160        |
|    iterations           | 138         |
|    time_elapsed         | 523         |
|    total_timesteps      | 1130496     |
| train/                  |             |
|    approx_kl            | 0.036050327 |
|    clip_fraction        | 0.291       |
|    clip_range           | 0.2         |
|    entropy_loss         | -0.599      |
|    explained_variance   | 0.95        |
|    learning_rate        | 0.0003      |
|    loss                 | 1.95        |
|    n_updates            | 6270        |
|    policy_gradient_loss | -0.00452    |
|    std                  | 0.306       |
|    value_loss           | 9.16        |
-----------------------------------------
-----------------------------------------
| rollout/                |             |
|    ep_len_mean          | 161         |
|    ep_rew_mean          | -26.2       |
| time/                   |             |
|    fps                  | 2163        |
|    iterations           | 139         |
|    time_elapsed         | 526         |
|    total_timesteps      | 1138688     |
| train/                  |             |
|    approx_kl            | 0.022915961 |
|    clip_fraction        | 0.199       |
|    clip_range           | 0.2         |
|    entropy_loss         | -0.609      |
|    explained_variance   | 0.932       |
|    learning_rate        | 0.0003      |
|    loss                 | 3.58        |
|    n_updates            | 6280        |
|    policy_gradient_loss | -0.00623    |
|    std                  | 0.309       |
|    value_loss           | 15.8        |
-----------------------------------------
-----------------------------------------
| rollout/                |             |
|    ep_len_mean          | 187         |
|    ep_rew_mean          | -36.2       |
| time/                   |             |
|    fps                  | 2164        |
|    iterations           | 140         |
|    time_elapsed         | 529         |
|    total_timesteps      | 1146880     |
| train/                  |             |
|    approx_kl            | 0.032744195 |
|    clip_fraction        | 0.307       |
|    clip_range           | 0.2         |
|    entropy_loss         | -0.65       |
|    explained_variance   | 0.946       |
|    learning_rate        | 0.0003      |
|    loss                 | 3.18        |
|    n_updates            | 6290        |
|    policy_gradient_loss | -0.00322    |
|    std                  | 0.313       |
|    value_loss           | 7.56        |
-----------------------------------------
----------------------------------------
| rollout/                |            |
|    ep_len_mean          | 195        |
|    ep_rew_mean          | -37.4      |
| time/                   |            |
|    fps                  | 2165       |
|    iterations           | 141        |
|    time_elapsed         | 533        |
|    total_timesteps      | 1155072    |
| train/                  |            |
|    approx_kl            | 0.02124115 |
|    clip_fraction        | 0.206      |
|    clip_range           | 0.2        |
|    entropy_loss         | -0.673     |
|    explained_variance   | 0.941      |
|    learning_rate        | 0.0003     |
|    loss                 | 3.97       |
|    n_updates            | 6300       |
|    policy_gradient_loss | -0.00547   |
|    std                  | 0.314      |
|    value_loss           | 10.2       |
----------------------------------------
-----------------------------------------
| rollout/                |             |
|    ep_len_mean          | 192         |
|    ep_rew_mean          | -38.2       |
| time/                   |             |
|    fps                  | 2166        |
|    iterations           | 142         |
|    time_elapsed         | 536         |
|    total_timesteps      | 1163264     |
| train/                  |             |
|    approx_kl            | 0.026217077 |
|    clip_fraction        | 0.222       |
|    clip_range           | 0.2         |
|    entropy_loss         | -0.68       |
|    explained_variance   | 0.924       |
|    learning_rate        | 0.0003      |
|    loss                 | 9.44        |
|    n_updates            | 6310        |
|    policy_gradient_loss | -0.00659    |
|    std                  | 0.315       |
|    value_loss           | 9.28        |
-----------------------------------------
-----------------------------------------
| rollout/                |             |
|    ep_len_mean          | 139         |
|    ep_rew_mean          | -21.4       |
| time/                   |             |
|    fps                  | 2168        |
|    iterations           | 143         |
|    time_elapsed         | 540         |
|    total_timesteps      | 1171456     |
| train/                  |             |
|    approx_kl            | 0.023964982 |
|    clip_fraction        | 0.24        |
|    clip_range           | 0.2         |
|    entropy_loss         | -0.686      |
|    explained_variance   | 0.945       |
|    learning_rate        | 0.0003      |
|    loss                 | 3.81        |
|    n_updates            | 6320        |
|    policy_gradient_loss | -0.00228    |
|    std                  | 0.315       |
|    value_loss           | 10.9        |
-----------------------------------------
-----------------------------------------
| rollout/                |             |
|    ep_len_mean          | 152         |
|    ep_rew_mean          | -22.4       |
| time/                   |             |
|    fps                  | 2170        |
|    iterations           | 144         |
|    time_elapsed         | 543         |
|    total_timesteps      | 1179648     |
| train/                  |             |
|    approx_kl            | 0.023874134 |
|    clip_fraction        | 0.235       |
|    clip_range           | 0.2         |
|    entropy_loss         | -0.695      |
|    explained_variance   | 0.957       |
|    learning_rate        | 0.0003      |
|    loss                 | 3.68        |
|    n_updates            | 6330        |
|    policy_gradient_loss | -0.00531    |
|    std                  | 0.316       |
|    value_loss           | 10.5        |
-----------------------------------------
-----------------------------------------
| rollout/                |             |
|    ep_len_mean          | 185         |
|    ep_rew_mean          | -31.5       |
| time/                   |             |
|    fps                  | 2171        |
|    iterations           | 145         |
|    time_elapsed         | 546         |
|    total_timesteps      | 1187840     |
| train/                  |             |
|    approx_kl            | 0.026686143 |
|    clip_fraction        | 0.25        |
|    clip_range           | 0.2         |
|    entropy_loss         | -0.688      |
|    explained_variance   | 0.947       |
|    learning_rate        | 0.0003      |
|    loss                 | 7.42        |
|    n_updates            | 6340        |
|    policy_gradient_loss | -0.00326    |
|    std                  | 0.316       |
|    value_loss           | 10.9        |
-----------------------------------------
-----------------------------------------
| rollout/                |             |
|    ep_len_mean          | 180         |
|    ep_rew_mean          | -31.1       |
| time/                   |             |
|    fps                  | 2172        |
|    iterations           | 146         |
|    time_elapsed         | 550         |
|    total_timesteps      | 1196032     |
| train/                  |             |
|    approx_kl            | 0.022889044 |
|    clip_fraction        | 0.192       |
|    clip_range           | 0.2         |
|    entropy_loss         | -0.69       |
|    explained_variance   | 0.92        |
|    learning_rate        | 0.0003      |
|    loss                 | 5.48        |
|    n_updates            | 6350        |
|    policy_gradient_loss | -0.00856    |
|    std                  | 0.317       |
|    value_loss           | 17.1        |
-----------------------------------------
[PeriodicArtifactCallback] step 1200000: running periodic self-monitoring analysis...
[PeriodicArtifactCallback] analysis written to C:\GitHub\HumanoidRobot\simulation\training\pick_place\runs\pp_v24\analysis_1200000.md (stalled=False)
[PeriodicArtifactCallback] step 1200000: saving checkpoint, evaluating, rendering...
[PeriodicArtifactCallback] step 1200000: success_rate=0.20 pick_success_rate=0.20 mean_reward=-137.32 -> C:\GitHub\HumanoidRobot\simulation\training\pick_place\runs\pp_v24\dashboard.html
--------------------------------------
| rollout/                |          |
|    ep_len_mean          | 167      |
|    ep_rew_mean          | -27.2    |
| time/                   |          |
|    fps                  | 2118     |
|    iterations           | 147      |
|    time_elapsed         | 568      |
|    total_timesteps      | 1204224  |
| train/                  |          |
|    approx_kl            | 0.036663 |
|    clip_fraction        | 0.364    |
|    clip_range           | 0.2      |
|    entropy_loss         | -0.703   |
|    explained_variance   | 0.953    |
|    learning_rate        | 0.0003   |
|    loss                 | 4.65     |
|    n_updates            | 6360     |
|    policy_gradient_loss | 0.00431  |
|    std                  | 0.317    |
|    value_loss           | 5.75     |
--------------------------------------
---------------------------------------
| rollout/                |           |
|    ep_len_mean          | 162       |
|    ep_rew_mean          | -26       |
| time/                   |           |
|    fps                  | 2120      |
|    iterations           | 148       |
|    time_elapsed         | 571       |
|    total_timesteps      | 1212416   |
| train/                  |           |
|    approx_kl            | 0.0185581 |
|    clip_fraction        | 0.245     |
|    clip_range           | 0.2       |
|    entropy_loss         | -0.704    |
|    explained_variance   | 0.939     |
|    learning_rate        | 0.0003    |
|    loss                 | 9.92      |
|    n_updates            | 6370      |
|    policy_gradient_loss | -0.00398  |
|    std                  | 0.317     |
|    value_loss           | 11.1      |
---------------------------------------
-----------------------------------------
| rollout/                |             |
|    ep_len_mean          | 149         |
|    ep_rew_mean          | -22.3       |
| time/                   |             |
|    fps                  | 2121        |
|    iterations           | 149         |
|    time_elapsed         | 575         |
|    total_timesteps      | 1220608     |
| train/                  |             |
|    approx_kl            | 0.017257854 |
|    clip_fraction        | 0.187       |
|    clip_range           | 0.2         |
|    entropy_loss         | -0.7        |
|    explained_variance   | 0.923       |
|    learning_rate        | 0.0003      |
|    loss                 | 5.92        |
|    n_updates            | 6380        |
|    policy_gradient_loss | -0.00879    |
|    std                  | 0.317       |
|    value_loss           | 16.6        |
-----------------------------------------
-----------------------------------------
| rollout/                |             |
|    ep_len_mean          | 148         |
|    ep_rew_mean          | -23.4       |
| time/                   |             |
|    fps                  | 2123        |
|    iterations           | 150         |
|    time_elapsed         | 578         |
|    total_timesteps      | 1228800     |
| train/                  |             |
|    approx_kl            | 0.021122541 |
|    clip_fraction        | 0.228       |
|    clip_range           | 0.2         |
|    entropy_loss         | -0.705      |
|    explained_variance   | 0.935       |
|    learning_rate        | 0.0003      |
|    loss                 | 7.69        |
|    n_updates            | 6390        |
|    policy_gradient_loss | -0.00809    |
|    std                  | 0.319       |
|    value_loss           | 16          |
-----------------------------------------
-----------------------------------------
| rollout/                |             |
|    ep_len_mean          | 176         |
|    ep_rew_mean          | -37         |
| time/                   |             |
|    fps                  | 2125        |
|    iterations           | 151         |
|    time_elapsed         | 582         |
|    total_timesteps      | 1236992     |
| train/                  |             |
|    approx_kl            | 0.030870616 |
|    clip_fraction        | 0.268       |
|    clip_range           | 0.2         |
|    entropy_loss         | -0.713      |
|    explained_variance   | 0.935       |
|    learning_rate        | 0.0003      |
|    loss                 | 2.35        |
|    n_updates            | 6400        |
|    policy_gradient_loss | -0.00273    |
|    std                  | 0.32        |
|    value_loss           | 10.3        |
-----------------------------------------
-----------------------------------------
| rollout/                |             |
|    ep_len_mean          | 158         |
|    ep_rew_mean          | -29.3       |
| time/                   |             |
|    fps                  | 2127        |
|    iterations           | 152         |
|    time_elapsed         | 585         |
|    total_timesteps      | 1245184     |
| train/                  |             |
|    approx_kl            | 0.021886569 |
|    clip_fraction        | 0.277       |
|    clip_range           | 0.2         |
|    entropy_loss         | -0.712      |
|    explained_variance   | 0.948       |
|    learning_rate        | 0.0003      |
|    loss                 | 5.75        |
|    n_updates            | 6410        |
|    policy_gradient_loss | -0.00657    |
|    std                  | 0.32        |
|    value_loss           | 10.3        |
-----------------------------------------
----------------------------------------
| rollout/                |            |
|    ep_len_mean          | 148        |
|    ep_rew_mean          | -23.7      |
| time/                   |            |
|    fps                  | 2129       |
|    iterations           | 153        |
|    time_elapsed         | 588        |
|    total_timesteps      | 1253376    |
| train/                  |            |
|    approx_kl            | 0.01796946 |
|    clip_fraction        | 0.202      |
|    clip_range           | 0.2        |
|    entropy_loss         | -0.711     |
|    explained_variance   | 0.941      |
|    learning_rate        | 0.0003     |
|    loss                 | 7.37       |
|    n_updates            | 6420       |
|    policy_gradient_loss | -0.00864   |
|    std                  | 0.32       |
|    value_loss           | 15.9       |
----------------------------------------
----------------------------------------
| rollout/                |            |
|    ep_len_mean          | 163        |
|    ep_rew_mean          | -28.3      |
| time/                   |            |
|    fps                  | 2129       |
|    iterations           | 154        |
|    time_elapsed         | 592        |
|    total_timesteps      | 1261568    |
| train/                  |            |
|    approx_kl            | 0.02595063 |
|    clip_fraction        | 0.224      |
|    clip_range           | 0.2        |
|    entropy_loss         | -0.708     |
|    explained_variance   | 0.925      |
|    learning_rate        | 0.0003     |
|    loss                 | 4.47       |
|    n_updates            | 6430       |
|    policy_gradient_loss | -0.00608   |
|    std                  | 0.32       |
|    value_loss           | 13.6       |
----------------------------------------
-----------------------------------------
| rollout/                |             |
|    ep_len_mean          | 142         |
|    ep_rew_mean          | -21.2       |
| time/                   |             |
|    fps                  | 2130        |
|    iterations           | 155         |
|    time_elapsed         | 595         |
|    total_timesteps      | 1269760     |
| train/                  |             |
|    approx_kl            | 0.019177131 |
|    clip_fraction        | 0.229       |
|    clip_range           | 0.2         |
|    entropy_loss         | -0.702      |
|    explained_variance   | 0.931       |
|    learning_rate        | 0.0003      |
|    loss                 | 8.56        |
|    n_updates            | 6440        |
|    policy_gradient_loss | -0.00542    |
|    std                  | 0.318       |
|    value_loss           | 16.9        |
-----------------------------------------
-----------------------------------------
| rollout/                |             |
|    ep_len_mean          | 167         |
|    ep_rew_mean          | -28.7       |
| time/                   |             |
|    fps                  | 2132        |
|    iterations           | 156         |
|    time_elapsed         | 599         |
|    total_timesteps      | 1277952     |
| train/                  |             |
|    approx_kl            | 0.019649258 |
|    clip_fraction        | 0.262       |
|    clip_range           | 0.2         |
|    entropy_loss         | -0.689      |
|    explained_variance   | 0.935       |
|    learning_rate        | 0.0003      |
|    loss                 | 2.59        |
|    n_updates            | 6450        |
|    policy_gradient_loss | -0.00446    |
|    std                  | 0.318       |
|    value_loss           | 9.94        |
-----------------------------------------
----------------------------------------
| rollout/                |            |
|    ep_len_mean          | 201        |
|    ep_rew_mean          | -39.9      |
| time/                   |            |
|    fps                  | 2134       |
|    iterations           | 157        |
|    time_elapsed         | 602        |
|    total_timesteps      | 1286144    |
| train/                  |            |
|    approx_kl            | 0.03566933 |
|    clip_fraction        | 0.27       |
|    clip_range           | 0.2        |
|    entropy_loss         | -0.677     |
|    explained_variance   | 0.929      |
|    learning_rate        | 0.0003     |
|    loss                 | 11.7       |
|    n_updates            | 6460       |
|    policy_gradient_loss | -0.00223   |
|    std                  | 0.317      |
|    value_loss           | 12.4       |
----------------------------------------
-----------------------------------------
| rollout/                |             |
|    ep_len_mean          | 199         |
|    ep_rew_mean          | -36.4       |
| time/                   |             |
|    fps                  | 2135        |
|    iterations           | 158         |
|    time_elapsed         | 606         |
|    total_timesteps      | 1294336     |
| train/                  |             |
|    approx_kl            | 0.024557168 |
|    clip_fraction        | 0.273       |
|    clip_range           | 0.2         |
|    entropy_loss         | -0.647      |
|    explained_variance   | 0.944       |
|    learning_rate        | 0.0003      |
|    loss                 | 2.51        |
|    n_updates            | 6470        |
|    policy_gradient_loss | -0.00466    |
|    std                  | 0.314       |
|    value_loss           | 9.51        |
-----------------------------------------
-----------------------------------------
| rollout/                |             |
|    ep_len_mean          | 174         |
|    ep_rew_mean          | -26.5       |
| time/                   |             |
|    fps                  | 2136        |
|    iterations           | 159         |
|    time_elapsed         | 609         |
|    total_timesteps      | 1302528     |
| train/                  |             |
|    approx_kl            | 0.032722387 |
|    clip_fraction        | 0.237       |
|    clip_range           | 0.2         |
|    entropy_loss         | -0.625      |
|    explained_variance   | 0.949       |
|    learning_rate        | 0.0003      |
|    loss                 | 5.76        |
|    n_updates            | 6480        |
|    policy_gradient_loss | -0.00442    |
|    std                  | 0.315       |
|    value_loss           | 13          |
-----------------------------------------
-----------------------------------------
| rollout/                |             |
|    ep_len_mean          | 190         |
|    ep_rew_mean          | -34         |
| time/                   |             |
|    fps                  | 2137        |
|    iterations           | 160         |
|    time_elapsed         | 613         |
|    total_timesteps      | 1310720     |
| train/                  |             |
|    approx_kl            | 0.033959344 |
|    clip_fraction        | 0.295       |
|    clip_range           | 0.2         |
|    entropy_loss         | -0.63       |
|    explained_variance   | 0.95        |
|    learning_rate        | 0.0003      |
|    loss                 | 2.09        |
|    n_updates            | 6490        |
|    policy_gradient_loss | -0.000975   |
|    std                  | 0.314       |
|    value_loss           | 8.8         |
-----------------------------------------
-----------------------------------------
| rollout/                |             |
|    ep_len_mean          | 216         |
|    ep_rew_mean          | -42         |
| time/                   |             |
|    fps                  | 2139        |
|    iterations           | 161         |
|    time_elapsed         | 616         |
|    total_timesteps      | 1318912     |
| train/                  |             |
|    approx_kl            | 0.026061233 |
|    clip_fraction        | 0.305       |
|    clip_range           | 0.2         |
|    entropy_loss         | -0.648      |
|    explained_variance   | 0.94        |
|    learning_rate        | 0.0003      |
|    loss                 | 3.11        |
|    n_updates            | 6500        |
|    policy_gradient_loss | -0.00373    |
|    std                  | 0.317       |
|    value_loss           | 9.11        |
-----------------------------------------
----------------------------------------
| rollout/                |            |
|    ep_len_mean          | 238        |
|    ep_rew_mean          | -49.3      |
| time/                   |            |
|    fps                  | 2142       |
|    iterations           | 162        |
|    time_elapsed         | 619        |
|    total_timesteps      | 1327104    |
| train/                  |            |
|    approx_kl            | 0.06840128 |
|    clip_fraction        | 0.294      |
|    clip_range           | 0.2        |
|    entropy_loss         | -0.672     |
|    explained_variance   | 0.945      |
|    learning_rate        | 0.0003     |
|    loss                 | 4.09       |
|    n_updates            | 6510       |
|    policy_gradient_loss | -0.000202  |
|    std                  | 0.318      |
|    value_loss           | 8.81       |
----------------------------------------
-----------------------------------------
| rollout/                |             |
|    ep_len_mean          | 199         |
|    ep_rew_mean          | -35.3       |
| time/                   |             |
|    fps                  | 2144        |
|    iterations           | 163         |
|    time_elapsed         | 622         |
|    total_timesteps      | 1335296     |
| train/                  |             |
|    approx_kl            | 0.025156768 |
|    clip_fraction        | 0.224       |
|    clip_range           | 0.2         |
|    entropy_loss         | -0.703      |
|    explained_variance   | 0.928       |
|    learning_rate        | 0.0003      |
|    loss                 | 4.52        |
|    n_updates            | 6520        |
|    policy_gradient_loss | -0.00337    |
|    std                  | 0.32        |
|    value_loss           | 11.9        |
-----------------------------------------
-----------------------------------------
| rollout/                |             |
|    ep_len_mean          | 155         |
|    ep_rew_mean          | -22.8       |
| time/                   |             |
|    fps                  | 2145        |
|    iterations           | 164         |
|    time_elapsed         | 626         |
|    total_timesteps      | 1343488     |
| train/                  |             |
|    approx_kl            | 0.017855108 |
|    clip_fraction        | 0.206       |
|    clip_range           | 0.2         |
|    entropy_loss         | -0.705      |
|    explained_variance   | 0.935       |
|    learning_rate        | 0.0003      |
|    loss                 | 8.31        |
|    n_updates            | 6530        |
|    policy_gradient_loss | -0.00653    |
|    std                  | 0.319       |
|    value_loss           | 15.4        |
-----------------------------------------
-----------------------------------------
| rollout/                |             |
|    ep_len_mean          | 148         |
|    ep_rew_mean          | -22.6       |
| time/                   |             |
|    fps                  | 2146        |
|    iterations           | 165         |
|    time_elapsed         | 629         |
|    total_timesteps      | 1351680     |
| train/                  |             |
|    approx_kl            | 0.016506404 |
|    clip_fraction        | 0.209       |
|    clip_range           | 0.2         |
|    entropy_loss         | -0.695      |
|    explained_variance   | 0.949       |
|    learning_rate        | 0.0003      |
|    loss                 | 3.84        |
|    n_updates            | 6540        |
|    policy_gradient_loss | -0.00855    |
|    std                  | 0.319       |
|    value_loss           | 14.7        |
-----------------------------------------
-----------------------------------------
| rollout/                |             |
|    ep_len_mean          | 154         |
|    ep_rew_mean          | -23.5       |
| time/                   |             |
|    fps                  | 2147        |
|    iterations           | 166         |
|    time_elapsed         | 633         |
|    total_timesteps      | 1359872     |
| train/                  |             |
|    approx_kl            | 0.018954035 |
|    clip_fraction        | 0.237       |
|    clip_range           | 0.2         |
|    entropy_loss         | -0.688      |
|    explained_variance   | 0.954       |
|    learning_rate        | 0.0003      |
|    loss                 | 7.26        |
|    n_updates            | 6550        |
|    policy_gradient_loss | -0.00525    |
|    std                  | 0.318       |
|    value_loss           | 15.7        |
-----------------------------------------
-----------------------------------------
| rollout/                |             |
|    ep_len_mean          | 160         |
|    ep_rew_mean          | -22         |
| time/                   |             |
|    fps                  | 2149        |
|    iterations           | 167         |
|    time_elapsed         | 636         |
|    total_timesteps      | 1368064     |
| train/                  |             |
|    approx_kl            | 0.020142384 |
|    clip_fraction        | 0.246       |
|    clip_range           | 0.2         |
|    entropy_loss         | -0.679      |
|    explained_variance   | 0.952       |
|    learning_rate        | 0.0003      |
|    loss                 | 7.62        |
|    n_updates            | 6560        |
|    policy_gradient_loss | -0.00556    |
|    std                  | 0.319       |
|    value_loss           | 13.6        |
-----------------------------------------
-----------------------------------------
| rollout/                |             |
|    ep_len_mean          | 182         |
|    ep_rew_mean          | -31.1       |
| time/                   |             |
|    fps                  | 2151        |
|    iterations           | 168         |
|    time_elapsed         | 639         |
|    total_timesteps      | 1376256     |
| train/                  |             |
|    approx_kl            | 0.039844975 |
|    clip_fraction        | 0.348       |
|    clip_range           | 0.2         |
|    entropy_loss         | -0.687      |
|    explained_variance   | 0.965       |
|    learning_rate        | 0.0003      |
|    loss                 | 1.84        |
|    n_updates            | 6570        |
|    policy_gradient_loss | -0.000226   |
|    std                  | 0.319       |
|    value_loss           | 5.38        |
-----------------------------------------
-----------------------------------------
| rollout/                |             |
|    ep_len_mean          | 186         |
|    ep_rew_mean          | -34.3       |
| time/                   |             |
|    fps                  | 2152        |
|    iterations           | 169         |
|    time_elapsed         | 643         |
|    total_timesteps      | 1384448     |
| train/                  |             |
|    approx_kl            | 0.022185516 |
|    clip_fraction        | 0.255       |
|    clip_range           | 0.2         |
|    entropy_loss         | -0.686      |
|    explained_variance   | 0.949       |
|    learning_rate        | 0.0003      |
|    loss                 | 5.23        |
|    n_updates            | 6580        |
|    policy_gradient_loss | -0.00391    |
|    std                  | 0.319       |
|    value_loss           | 9.5         |
-----------------------------------------
-----------------------------------------
| rollout/                |             |
|    ep_len_mean          | 191         |
|    ep_rew_mean          | -36.3       |
| time/                   |             |
|    fps                  | 2153        |
|    iterations           | 170         |
|    time_elapsed         | 646         |
|    total_timesteps      | 1392640     |
| train/                  |             |
|    approx_kl            | 0.019840106 |
|    clip_fraction        | 0.238       |
|    clip_range           | 0.2         |
|    entropy_loss         | -0.668      |
|    explained_variance   | 0.94        |
|    learning_rate        | 0.0003      |
|    loss                 | 4.1         |
|    n_updates            | 6590        |
|    policy_gradient_loss | -0.00513    |
|    std                  | 0.317       |
|    value_loss           | 9.31        |
-----------------------------------------
[PeriodicArtifactCallback] step 1400000: saving checkpoint, evaluating, rendering...
[PeriodicArtifactCallback] step 1400000: success_rate=0.20 pick_success_rate=0.30 mean_reward=-160.52 -> C:\GitHub\HumanoidRobot\simulation\training\pick_place\runs\pp_v24\dashboard.html
-----------------------------------------
| rollout/                |             |
|    ep_len_mean          | 207         |
|    ep_rew_mean          | -44.7       |
| time/                   |             |
|    fps                  | 2133        |
|    iterations           | 171         |
|    time_elapsed         | 656         |
|    total_timesteps      | 1400832     |
| train/                  |             |
|    approx_kl            | 0.029760042 |
|    clip_fraction        | 0.259       |
|    clip_range           | 0.2         |
|    entropy_loss         | -0.666      |
|    explained_variance   | 0.926       |
|    learning_rate        | 0.0003      |
|    loss                 | 8.48        |
|    n_updates            | 6600        |
|    policy_gradient_loss | -0.0079     |
|    std                  | 0.319       |
|    value_loss           | 9.51        |
-----------------------------------------
-----------------------------------------
| rollout/                |             |
|    ep_len_mean          | 235         |
|    ep_rew_mean          | -51.1       |
| time/                   |             |
|    fps                  | 2133        |
|    iterations           | 172         |
|    time_elapsed         | 660         |
|    total_timesteps      | 1409024     |
| train/                  |             |
|    approx_kl            | 0.020541128 |
|    clip_fraction        | 0.232       |
|    clip_range           | 0.2         |
|    entropy_loss         | -0.673      |
|    explained_variance   | 0.923       |
|    learning_rate        | 0.0003      |
|    loss                 | 7.76        |
|    n_updates            | 6610        |
|    policy_gradient_loss | -0.00678    |
|    std                  | 0.319       |
|    value_loss           | 16          |
-----------------------------------------
-----------------------------------------
| rollout/                |             |
|    ep_len_mean          | 184         |
|    ep_rew_mean          | -34.3       |
| time/                   |             |
|    fps                  | 2135        |
|    iterations           | 173         |
|    time_elapsed         | 663         |
|    total_timesteps      | 1417216     |
| train/                  |             |
|    approx_kl            | 0.021161638 |
|    clip_fraction        | 0.213       |
|    clip_range           | 0.2         |
|    entropy_loss         | -0.681      |
|    explained_variance   | 0.93        |
|    learning_rate        | 0.0003      |
|    loss                 | 8.97        |
|    n_updates            | 6620        |
|    policy_gradient_loss | -0.00755    |
|    std                  | 0.319       |
|    value_loss           | 13.8        |
-----------------------------------------
----------------------------------------
| rollout/                |            |
|    ep_len_mean          | 151        |
|    ep_rew_mean          | -23.9      |
| time/                   |            |
|    fps                  | 2136       |
|    iterations           | 174        |
|    time_elapsed         | 667        |
|    total_timesteps      | 1425408    |
| train/                  |            |
|    approx_kl            | 0.02417923 |
|    clip_fraction        | 0.25       |
|    clip_range           | 0.2        |
|    entropy_loss         | -0.663     |
|    explained_variance   | 0.948      |
|    learning_rate        | 0.0003     |
|    loss                 | 3.68       |
|    n_updates            | 6630       |
|    policy_gradient_loss | -0.00643   |
|    std                  | 0.317      |
|    value_loss           | 12         |
----------------------------------------
-----------------------------------------
| rollout/                |             |
|    ep_len_mean          | 156         |
|    ep_rew_mean          | -22.9       |
| time/                   |             |
|    fps                  | 2138        |
|    iterations           | 175         |
|    time_elapsed         | 670         |
|    total_timesteps      | 1433600     |
| train/                  |             |
|    approx_kl            | 0.022401001 |
|    clip_fraction        | 0.234       |
|    clip_range           | 0.2         |
|    entropy_loss         | -0.647      |
|    explained_variance   | 0.95        |
|    learning_rate        | 0.0003      |
|    loss                 | 5.23        |
|    n_updates            | 6640        |
|    policy_gradient_loss | -0.00155    |
|    std                  | 0.318       |
|    value_loss           | 13.1        |
-----------------------------------------
----------------------------------------
| rollout/                |            |
|    ep_len_mean          | 169        |
|    ep_rew_mean          | -27.8      |
| time/                   |            |
|    fps                  | 2139       |
|    iterations           | 176        |
|    time_elapsed         | 673        |
|    total_timesteps      | 1441792    |
| train/                  |            |
|    approx_kl            | 0.02609637 |
|    clip_fraction        | 0.286      |
|    clip_range           | 0.2        |
|    entropy_loss         | -0.635     |
|    explained_variance   | 0.956      |
|    learning_rate        | 0.0003     |
|    loss                 | 3.29       |
|    n_updates            | 6650       |
|    policy_gradient_loss | -0.00403   |
|    std                  | 0.316      |
|    value_loss           | 12.4       |
----------------------------------------
-----------------------------------------
| rollout/                |             |
|    ep_len_mean          | 185         |
|    ep_rew_mean          | -32.5       |
| time/                   |             |
|    fps                  | 2140        |
|    iterations           | 177         |
|    time_elapsed         | 677         |
|    total_timesteps      | 1449984     |
| train/                  |             |
|    approx_kl            | 0.028288499 |
|    clip_fraction        | 0.326       |
|    clip_range           | 0.2         |
|    entropy_loss         | -0.647      |
|    explained_variance   | 0.976       |
|    learning_rate        | 0.0003      |
|    loss                 | 1.33        |
|    n_updates            | 6660        |
|    policy_gradient_loss | 0.00179     |
|    std                  | 0.318       |
|    value_loss           | 6.28        |
-----------------------------------------
-----------------------------------------
| rollout/                |             |
|    ep_len_mean          | 206         |
|    ep_rew_mean          | -38.7       |
| time/                   |             |
|    fps                  | 2141        |
|    iterations           | 178         |
|    time_elapsed         | 680         |
|    total_timesteps      | 1458176     |
| train/                  |             |
|    approx_kl            | 0.029083759 |
|    clip_fraction        | 0.312       |
|    clip_range           | 0.2         |
|    entropy_loss         | -0.659      |
|    explained_variance   | 0.959       |
|    learning_rate        | 0.0003      |
|    loss                 | 1.34        |
|    n_updates            | 6670        |
|    policy_gradient_loss | -0.00235    |
|    std                  | 0.319       |
|    value_loss           | 5.81        |
-----------------------------------------
----------------------------------------
| rollout/                |            |
|    ep_len_mean          | 179        |
|    ep_rew_mean          | -28.6      |
| time/                   |            |
|    fps                  | 2143       |
|    iterations           | 179        |
|    time_elapsed         | 684        |
|    total_timesteps      | 1466368    |
| train/                  |            |
|    approx_kl            | 0.04527356 |
|    clip_fraction        | 0.252      |
|    clip_range           | 0.2        |
|    entropy_loss         | -0.672     |
|    explained_variance   | 0.946      |
|    learning_rate        | 0.0003     |
|    loss                 | 3.91       |
|    n_updates            | 6680       |
|    policy_gradient_loss | -0.00532   |
|    std                  | 0.319      |
|    value_loss           | 9.31       |
----------------------------------------
-----------------------------------------
| rollout/                |             |
|    ep_len_mean          | 192         |
|    ep_rew_mean          | -36         |
| time/                   |             |
|    fps                  | 2144        |
|    iterations           | 180         |
|    time_elapsed         | 687         |
|    total_timesteps      | 1474560     |
| train/                  |             |
|    approx_kl            | 0.026985683 |
|    clip_fraction        | 0.26        |
|    clip_range           | 0.2         |
|    entropy_loss         | -0.672      |
|    explained_variance   | 0.949       |
|    learning_rate        | 0.0003      |
|    loss                 | 5.54        |
|    n_updates            | 6690        |
|    policy_gradient_loss | -0.00545    |
|    std                  | 0.32        |
|    value_loss           | 11.7        |
-----------------------------------------
----------------------------------------
| rollout/                |            |
|    ep_len_mean          | 200        |
|    ep_rew_mean          | -38.4      |
| time/                   |            |
|    fps                  | 2145       |
|    iterations           | 181        |
|    time_elapsed         | 691        |
|    total_timesteps      | 1482752    |
| train/                  |            |
|    approx_kl            | 0.02974171 |
|    clip_fraction        | 0.285      |
|    clip_range           | 0.2        |
|    entropy_loss         | -0.678     |
|    explained_variance   | 0.951      |
|    learning_rate        | 0.0003     |
|    loss                 | 3.1        |
|    n_updates            | 6700       |
|    policy_gradient_loss | -0.00341   |
|    std                  | 0.32       |
|    value_loss           | 6.82       |
----------------------------------------
-----------------------------------------
| rollout/                |             |
|    ep_len_mean          | 200         |
|    ep_rew_mean          | -36.9       |
| time/                   |             |
|    fps                  | 2146        |
|    iterations           | 182         |
|    time_elapsed         | 694         |
|    total_timesteps      | 1490944     |
| train/                  |             |
|    approx_kl            | 0.061170228 |
|    clip_fraction        | 0.312       |
|    clip_range           | 0.2         |
|    entropy_loss         | -0.675      |
|    explained_variance   | 0.963       |
|    learning_rate        | 0.0003      |
|    loss                 | 2.97        |
|    n_updates            | 6710        |
|    policy_gradient_loss | -0.00127    |
|    std                  | 0.32        |
|    value_loss           | 5.41        |
-----------------------------------------
----------------------------------------
| rollout/                |            |
|    ep_len_mean          | 196        |
|    ep_rew_mean          | -37.4      |
| time/                   |            |
|    fps                  | 2148       |
|    iterations           | 183        |
|    time_elapsed         | 697        |
|    total_timesteps      | 1499136    |
| train/                  |            |
|    approx_kl            | 0.02272975 |
|    clip_fraction        | 0.208      |
|    clip_range           | 0.2        |
|    entropy_loss         | -0.677     |
|    explained_variance   | 0.931      |
|    learning_rate        | 0.0003     |
|    loss                 | 4.37       |
|    n_updates            | 6720       |
|    policy_gradient_loss | -0.00708   |
|    std                  | 0.32       |
|    value_loss           | 14.5       |
----------------------------------------
----------------------------------------
| rollout/                |            |
|    ep_len_mean          | 195        |
|    ep_rew_mean          | -37.8      |
| time/                   |            |
|    fps                  | 2149       |
|    iterations           | 184        |
|    time_elapsed         | 701        |
|    total_timesteps      | 1507328    |
| train/                  |            |
|    approx_kl            | 0.05114387 |
|    clip_fraction        | 0.291      |
|    clip_range           | 0.2        |
|    entropy_loss         | -0.652     |
|    explained_variance   | 0.931      |
|    learning_rate        | 0.0003     |
|    loss                 | 4.95       |
|    n_updates            | 6730       |
|    policy_gradient_loss | -0.00368   |
|    std                  | 0.316      |
|    value_loss           | 8.22       |
----------------------------------------
-----------------------------------------
| rollout/                |             |
|    ep_len_mean          | 218         |
|    ep_rew_mean          | -44.7       |
| time/                   |             |
|    fps                  | 2151        |
|    iterations           | 185         |
|    time_elapsed         | 704         |
|    total_timesteps      | 1515520     |
| train/                  |             |
|    approx_kl            | 0.034663927 |
|    clip_fraction        | 0.282       |
|    clip_range           | 0.2         |
|    entropy_loss         | -0.629      |
|    explained_variance   | 0.953       |
|    learning_rate        | 0.0003      |
|    loss                 | 2.34        |
|    n_updates            | 6740        |
|    policy_gradient_loss | -0.00411    |
|    std                  | 0.316       |
|    value_loss           | 6.49        |
-----------------------------------------
-----------------------------------------
| rollout/                |             |
|    ep_len_mean          | 168         |
|    ep_rew_mean          | -27.4       |
| time/                   |             |
|    fps                  | 2152        |
|    iterations           | 186         |
|    time_elapsed         | 708         |
|    total_timesteps      | 1523712     |
| train/                  |             |
|    approx_kl            | 0.034311034 |
|    clip_fraction        | 0.311       |
|    clip_range           | 0.2         |
|    entropy_loss         | -0.632      |
|    explained_variance   | 0.955       |
|    learning_rate        | 0.0003      |
|    loss                 | 2.61        |
|    n_updates            | 6750        |
|    policy_gradient_loss | -0.00208    |
|    std                  | 0.318       |
|    value_loss           | 6.86        |
-----------------------------------------
-----------------------------------------
| rollout/                |             |
|    ep_len_mean          | 193         |
|    ep_rew_mean          | -35.1       |
| time/                   |             |
|    fps                  | 2152        |
|    iterations           | 187         |
|    time_elapsed         | 711         |
|    total_timesteps      | 1531904     |
| train/                  |             |
|    approx_kl            | 0.040498696 |
|    clip_fraction        | 0.267       |
|    clip_range           | 0.2         |
|    entropy_loss         | -0.631      |
|    explained_variance   | 0.938       |
|    learning_rate        | 0.0003      |
|    loss                 | 7.49        |
|    n_updates            | 6760        |
|    policy_gradient_loss | -0.00706    |
|    std                  | 0.318       |
|    value_loss           | 14.9        |
-----------------------------------------
-----------------------------------------
| rollout/                |             |
|    ep_len_mean          | 199         |
|    ep_rew_mean          | -37.9       |
| time/                   |             |
|    fps                  | 2154        |
|    iterations           | 188         |
|    time_elapsed         | 714         |
|    total_timesteps      | 1540096     |
| train/                  |             |
|    approx_kl            | 0.025920678 |
|    clip_fraction        | 0.287       |
|    clip_range           | 0.2         |
|    entropy_loss         | -0.639      |
|    explained_variance   | 0.962       |
|    learning_rate        | 0.0003      |
|    loss                 | 1.95        |
|    n_updates            | 6770        |
|    policy_gradient_loss | -0.00449    |
|    std                  | 0.32        |
|    value_loss           | 5.86        |
-----------------------------------------
-----------------------------------------
| rollout/                |             |
|    ep_len_mean          | 154         |
|    ep_rew_mean          | -21.7       |
| time/                   |             |
|    fps                  | 2155        |
|    iterations           | 189         |
|    time_elapsed         | 718         |
|    total_timesteps      | 1548288     |
| train/                  |             |
|    approx_kl            | 0.017610088 |
|    clip_fraction        | 0.211       |
|    clip_range           | 0.2         |
|    entropy_loss         | -0.649      |
|    explained_variance   | 0.945       |
|    learning_rate        | 0.0003      |
|    loss                 | 5.9         |
|    n_updates            | 6780        |
|    policy_gradient_loss | -0.00647    |
|    std                  | 0.319       |
|    value_loss           | 13.3        |
-----------------------------------------
-----------------------------------------
| rollout/                |             |
|    ep_len_mean          | 143         |
|    ep_rew_mean          | -21.5       |
| time/                   |             |
|    fps                  | 2157        |
|    iterations           | 190         |
|    time_elapsed         | 721         |
|    total_timesteps      | 1556480     |
| train/                  |             |
|    approx_kl            | 0.024194766 |
|    clip_fraction        | 0.216       |
|    clip_range           | 0.2         |
|    entropy_loss         | -0.648      |
|    explained_variance   | 0.933       |
|    learning_rate        | 0.0003      |
|    loss                 | 7.13        |
|    n_updates            | 6790        |
|    policy_gradient_loss | -0.00593    |
|    std                  | 0.319       |
|    value_loss           | 19.5        |
-----------------------------------------
-----------------------------------------
| rollout/                |             |
|    ep_len_mean          | 169         |
|    ep_rew_mean          | -30.1       |
| time/                   |             |
|    fps                  | 2157        |
|    iterations           | 191         |
|    time_elapsed         | 725         |
|    total_timesteps      | 1564672     |
| train/                  |             |
|    approx_kl            | 0.020472009 |
|    clip_fraction        | 0.243       |
|    clip_range           | 0.2         |
|    entropy_loss         | -0.651      |
|    explained_variance   | 0.947       |
|    learning_rate        | 0.0003      |
|    loss                 | 5.15        |
|    n_updates            | 6800        |
|    policy_gradient_loss | -0.00567    |
|    std                  | 0.32        |
|    value_loss           | 14.8        |
-----------------------------------------
-----------------------------------------
| rollout/                |             |
|    ep_len_mean          | 203         |
|    ep_rew_mean          | -37.9       |
| time/                   |             |
|    fps                  | 2158        |
|    iterations           | 192         |
|    time_elapsed         | 728         |
|    total_timesteps      | 1572864     |
| train/                  |             |
|    approx_kl            | 0.030537453 |
|    clip_fraction        | 0.297       |
|    clip_range           | 0.2         |
|    entropy_loss         | -0.649      |
|    explained_variance   | 0.942       |
|    learning_rate        | 0.0003      |
|    loss                 | 4.12        |
|    n_updates            | 6810        |
|    policy_gradient_loss | -0.00301    |
|    std                  | 0.32        |
|    value_loss           | 11          |
-----------------------------------------
-----------------------------------------
| rollout/                |             |
|    ep_len_mean          | 239         |
|    ep_rew_mean          | -48.4       |
| time/                   |             |
|    fps                  | 2160        |
|    iterations           | 193         |
|    time_elapsed         | 731         |
|    total_timesteps      | 1581056     |
| train/                  |             |
|    approx_kl            | 0.034120847 |
|    clip_fraction        | 0.315       |
|    clip_range           | 0.2         |
|    entropy_loss         | -0.647      |
|    explained_variance   | 0.954       |
|    learning_rate        | 0.0003      |
|    loss                 | 4.41        |
|    n_updates            | 6820        |
|    policy_gradient_loss | -0.00242    |
|    std                  | 0.319       |
|    value_loss           | 8.88        |
-----------------------------------------
-----------------------------------------
| rollout/                |             |
|    ep_len_mean          | 230         |
|    ep_rew_mean          | -46.1       |
| time/                   |             |
|    fps                  | 2161        |
|    iterations           | 194         |
|    time_elapsed         | 735         |
|    total_timesteps      | 1589248     |
| train/                  |             |
|    approx_kl            | 0.032905873 |
|    clip_fraction        | 0.316       |
|    clip_range           | 0.2         |
|    entropy_loss         | -0.65       |
|    explained_variance   | 0.949       |
|    learning_rate        | 0.0003      |
|    loss                 | 1.66        |
|    n_updates            | 6830        |
|    policy_gradient_loss | 0.000191    |
|    std                  | 0.321       |
|    value_loss           | 6.11        |
-----------------------------------------
----------------------------------------
| rollout/                |            |
|    ep_len_mean          | 259        |
|    ep_rew_mean          | -55.3      |
| time/                   |            |
|    fps                  | 2162       |
|    iterations           | 195        |
|    time_elapsed         | 738        |
|    total_timesteps      | 1597440    |
| train/                  |            |
|    approx_kl            | 0.03711677 |
|    clip_fraction        | 0.318      |
|    clip_range           | 0.2        |
|    entropy_loss         | -0.646     |
|    explained_variance   | 0.957      |
|    learning_rate        | 0.0003     |
|    loss                 | 1.57       |
|    n_updates            | 6840       |
|    policy_gradient_loss | -0.00207   |
|    std                  | 0.319      |
|    value_loss           | 5.21       |
----------------------------------------
[PeriodicArtifactCallback] step 1600000: running periodic self-monitoring analysis...
[PeriodicArtifactCallback] analysis written to C:\GitHub\HumanoidRobot\simulation\training\pick_place\runs\pp_v24\analysis_1600000.md (stalled=False)
[PeriodicArtifactCallback] step 1600000: saving checkpoint, evaluating, rendering...
[PeriodicArtifactCallback] step 1600000: success_rate=0.40 pick_success_rate=0.40 mean_reward=-160.40 -> C:\GitHub\HumanoidRobot\simulation\training\pick_place\runs\pp_v24\dashboard.html
-----------------------------------------
| rollout/                |             |
|    ep_len_mean          | 241         |
|    ep_rew_mean          | -52.4       |
| time/                   |             |
|    fps                  | 2127        |
|    iterations           | 196         |
|    time_elapsed         | 754         |
|    total_timesteps      | 1605632     |
| train/                  |             |
|    approx_kl            | 0.019918915 |
|    clip_fraction        | 0.222       |
|    clip_range           | 0.2         |
|    entropy_loss         | -0.632      |
|    explained_variance   | 0.916       |
|    learning_rate        | 0.0003      |
|    loss                 | 8.07        |
|    n_updates            | 6850        |
|    policy_gradient_loss | -0.00715    |
|    std                  | 0.318       |
|    value_loss           | 13.9        |
-----------------------------------------
-----------------------------------------
| rollout/                |             |
|    ep_len_mean          | 206         |
|    ep_rew_mean          | -38.7       |
| time/                   |             |
|    fps                  | 2129        |
|    iterations           | 197         |
|    time_elapsed         | 758         |
|    total_timesteps      | 1613824     |
| train/                  |             |
|    approx_kl            | 0.026694383 |
|    clip_fraction        | 0.282       |
|    clip_range           | 0.2         |
|    entropy_loss         | -0.613      |
|    explained_variance   | 0.951       |
|    learning_rate        | 0.0003      |
|    loss                 | 3.21        |
|    n_updates            | 6860        |
|    policy_gradient_loss | -0.00477    |
|    std                  | 0.316       |
|    value_loss           | 9.19        |
-----------------------------------------
-----------------------------------------
| rollout/                |             |
|    ep_len_mean          | 181         |
|    ep_rew_mean          | -28.7       |
| time/                   |             |
|    fps                  | 2130        |
|    iterations           | 198         |
|    time_elapsed         | 761         |
|    total_timesteps      | 1622016     |
| train/                  |             |
|    approx_kl            | 0.016062878 |
|    clip_fraction        | 0.218       |
|    clip_range           | 0.2         |
|    entropy_loss         | -0.601      |
|    explained_variance   | 0.949       |
|    learning_rate        | 0.0003      |
|    loss                 | 5.42        |
|    n_updates            | 6870        |
|    policy_gradient_loss | -0.00188    |
|    std                  | 0.317       |
|    value_loss           | 12.1        |
-----------------------------------------
-----------------------------------------
| rollout/                |             |
|    ep_len_mean          | 184         |
|    ep_rew_mean          | -31.6       |
| time/                   |             |
|    fps                  | 2132        |
|    iterations           | 199         |
|    time_elapsed         | 764         |
|    total_timesteps      | 1630208     |
| train/                  |             |
|    approx_kl            | 0.030833168 |
|    clip_fraction        | 0.236       |
|    clip_range           | 0.2         |
|    entropy_loss         | -0.586      |
|    explained_variance   | 0.937       |
|    learning_rate        | 0.0003      |
|    loss                 | 6.72        |
|    n_updates            | 6880        |
|    policy_gradient_loss | -0.00707    |
|    std                  | 0.315       |
|    value_loss           | 17.5        |
-----------------------------------------
-----------------------------------------
| rollout/                |             |
|    ep_len_mean          | 172         |
|    ep_rew_mean          | -30         |
| time/                   |             |
|    fps                  | 2133        |
|    iterations           | 200         |
|    time_elapsed         | 767         |
|    total_timesteps      | 1638400     |
| train/                  |             |
|    approx_kl            | 0.020120187 |
|    clip_fraction        | 0.211       |
|    clip_range           | 0.2         |
|    entropy_loss         | -0.57       |
|    explained_variance   | 0.916       |
|    learning_rate        | 0.0003      |
|    loss                 | 6.61        |
|    n_updates            | 6890        |
|    policy_gradient_loss | -0.00716    |
|    std                  | 0.314       |
|    value_loss           | 15          |
-----------------------------------------
-----------------------------------------
| rollout/                |             |
|    ep_len_mean          | 201         |
|    ep_rew_mean          | -39.1       |
| time/                   |             |
|    fps                  | 2134        |
|    iterations           | 201         |
|    time_elapsed         | 771         |
|    total_timesteps      | 1646592     |
| train/                  |             |
|    approx_kl            | 0.026222715 |
|    clip_fraction        | 0.25        |
|    clip_range           | 0.2         |
|    entropy_loss         | -0.56       |
|    explained_variance   | 0.914       |
|    learning_rate        | 0.0003      |
|    loss                 | 6.09        |
|    n_updates            | 6900        |
|    policy_gradient_loss | -0.00441    |
|    std                  | 0.313       |
|    value_loss           | 14.5        |
-----------------------------------------
-----------------------------------------
| rollout/                |             |
|    ep_len_mean          | 213         |
|    ep_rew_mean          | -39.8       |
| time/                   |             |
|    fps                  | 2136        |
|    iterations           | 202         |
|    time_elapsed         | 774         |
|    total_timesteps      | 1654784     |
| train/                  |             |
|    approx_kl            | 0.044025026 |
|    clip_fraction        | 0.318       |
|    clip_range           | 0.2         |
|    entropy_loss         | -0.561      |
|    explained_variance   | 0.956       |
|    learning_rate        | 0.0003      |
|    loss                 | 3.38        |
|    n_updates            | 6910        |
|    policy_gradient_loss | -0.00215    |
|    std                  | 0.314       |
|    value_loss           | 6.49        |
-----------------------------------------
----------------------------------------
| rollout/                |            |
|    ep_len_mean          | 219        |
|    ep_rew_mean          | -41.1      |
| time/                   |            |
|    fps                  | 2137       |
|    iterations           | 203        |
|    time_elapsed         | 777        |
|    total_timesteps      | 1662976    |
| train/                  |            |
|    approx_kl            | 0.04860042 |
|    clip_fraction        | 0.323      |
|    clip_range           | 0.2        |
|    entropy_loss         | -0.56      |
|    explained_variance   | 0.963      |
|    learning_rate        | 0.0003     |
|    loss                 | 5.39       |
|    n_updates            | 6920       |
|    policy_gradient_loss | 0.000202   |
|    std                  | 0.315      |
|    value_loss           | 6.84       |
----------------------------------------
-----------------------------------------
| rollout/                |             |
|    ep_len_mean          | 223         |
|    ep_rew_mean          | -42.2       |
| time/                   |             |
|    fps                  | 2138        |
|    iterations           | 204         |
|    time_elapsed         | 781         |
|    total_timesteps      | 1671168     |
| train/                  |             |
|    approx_kl            | 0.025999788 |
|    clip_fraction        | 0.265       |
|    clip_range           | 0.2         |
|    entropy_loss         | -0.575      |
|    explained_variance   | 0.93        |
|    learning_rate        | 0.0003      |
|    loss                 | 6.31        |
|    n_updates            | 6930        |
|    policy_gradient_loss | -0.0017     |
|    std                  | 0.314       |
|    value_loss           | 8.5         |
-----------------------------------------
-----------------------------------------
| rollout/                |             |
|    ep_len_mean          | 213         |
|    ep_rew_mean          | -43.3       |
| time/                   |             |
|    fps                  | 2139        |
|    iterations           | 205         |
|    time_elapsed         | 784         |
|    total_timesteps      | 1679360     |
| train/                  |             |
|    approx_kl            | 0.024749938 |
|    clip_fraction        | 0.204       |
|    clip_range           | 0.2         |
|    entropy_loss         | -0.58       |
|    explained_variance   | 0.942       |
|    learning_rate        | 0.0003      |
|    loss                 | 4.87        |
|    n_updates            | 6940        |
|    policy_gradient_loss | -0.00999    |
|    std                  | 0.315       |
|    value_loss           | 13.8        |
-----------------------------------------
-----------------------------------------
| rollout/                |             |
|    ep_len_mean          | 172         |
|    ep_rew_mean          | -28.7       |
| time/                   |             |
|    fps                  | 2140        |
|    iterations           | 206         |
|    time_elapsed         | 788         |
|    total_timesteps      | 1687552     |
| train/                  |             |
|    approx_kl            | 0.024091361 |
|    clip_fraction        | 0.305       |
|    clip_range           | 0.2         |
|    entropy_loss         | -0.593      |
|    explained_variance   | 0.957       |
|    learning_rate        | 0.0003      |
|    loss                 | 3.97        |
|    n_updates            | 6950        |
|    policy_gradient_loss | -0.00556    |
|    std                  | 0.317       |
|    value_loss           | 10.3        |
-----------------------------------------
-----------------------------------------
| rollout/                |             |
|    ep_len_mean          | 164         |
|    ep_rew_mean          | -24.3       |
| time/                   |             |
|    fps                  | 2141        |
|    iterations           | 207         |
|    time_elapsed         | 791         |
|    total_timesteps      | 1695744     |
| train/                  |             |
|    approx_kl            | 0.024535038 |
|    clip_fraction        | 0.299       |
|    clip_range           | 0.2         |
|    entropy_loss         | -0.6        |
|    explained_variance   | 0.949       |
|    learning_rate        | 0.0003      |
|    loss                 | 3.53        |
|    n_updates            | 6960        |
|    policy_gradient_loss | -0.00336    |
|    std                  | 0.317       |
|    value_loss           | 8.99        |
-----------------------------------------
-----------------------------------------
| rollout/                |             |
|    ep_len_mean          | 190         |
|    ep_rew_mean          | -33         |
| time/                   |             |
|    fps                  | 2142        |
|    iterations           | 208         |
|    time_elapsed         | 795         |
|    total_timesteps      | 1703936     |
| train/                  |             |
|    approx_kl            | 0.013933394 |
|    clip_fraction        | 0.183       |
|    clip_range           | 0.2         |
|    entropy_loss         | -0.599      |
|    explained_variance   | 0.925       |
|    learning_rate        | 0.0003      |
|    loss                 | 10.9        |
|    n_updates            | 6970        |
|    policy_gradient_loss | -0.00576    |
|    std                  | 0.317       |
|    value_loss           | 20          |
-----------------------------------------
-----------------------------------------
| rollout/                |             |
|    ep_len_mean          | 203         |
|    ep_rew_mean          | -39.1       |
| time/                   |             |
|    fps                  | 2143        |
|    iterations           | 209         |
|    time_elapsed         | 798         |
|    total_timesteps      | 1712128     |
| train/                  |             |
|    approx_kl            | 0.024077311 |
|    clip_fraction        | 0.246       |
|    clip_range           | 0.2         |
|    entropy_loss         | -0.594      |
|    explained_variance   | 0.916       |
|    learning_rate        | 0.0003      |
|    loss                 | 13.2        |
|    n_updates            | 6980        |
|    policy_gradient_loss | -0.00503    |
|    std                  | 0.317       |
|    value_loss           | 17.2        |
-----------------------------------------
-----------------------------------------
| rollout/                |             |
|    ep_len_mean          | 224         |
|    ep_rew_mean          | -46.4       |
| time/                   |             |
|    fps                  | 2144        |
|    iterations           | 210         |
|    time_elapsed         | 802         |
|    total_timesteps      | 1720320     |
| train/                  |             |
|    approx_kl            | 0.034548476 |
|    clip_fraction        | 0.262       |
|    clip_range           | 0.2         |
|    entropy_loss         | -0.579      |
|    explained_variance   | 0.939       |
|    learning_rate        | 0.0003      |
|    loss                 | 8.92        |
|    n_updates            | 6990        |
|    policy_gradient_loss | -0.00536    |
|    std                  | 0.315       |
|    value_loss           | 12          |
-----------------------------------------
-----------------------------------------
| rollout/                |             |
|    ep_len_mean          | 212         |
|    ep_rew_mean          | -42.7       |
| time/                   |             |
|    fps                  | 2145        |
|    iterations           | 211         |
|    time_elapsed         | 805         |
|    total_timesteps      | 1728512     |
| train/                  |             |
|    approx_kl            | 0.031193642 |
|    clip_fraction        | 0.32        |
|    clip_range           | 0.2         |
|    entropy_loss         | -0.581      |
|    explained_variance   | 0.951       |
|    learning_rate        | 0.0003      |
|    loss                 | 4.63        |
|    n_updates            | 7000        |
|    policy_gradient_loss | -0.00237    |
|    std                  | 0.315       |
|    value_loss           | 8.3         |
-----------------------------------------
-----------------------------------------
| rollout/                |             |
|    ep_len_mean          | 233         |
|    ep_rew_mean          | -49.5       |
| time/                   |             |
|    fps                  | 2146        |
|    iterations           | 212         |
|    time_elapsed         | 809         |
|    total_timesteps      | 1736704     |
| train/                  |             |
|    approx_kl            | 0.030777503 |
|    clip_fraction        | 0.299       |
|    clip_range           | 0.2         |
|    entropy_loss         | -0.587      |
|    explained_variance   | 0.939       |
|    learning_rate        | 0.0003      |
|    loss                 | 5.58        |
|    n_updates            | 7010        |
|    policy_gradient_loss | -0.00235    |
|    std                  | 0.314       |
|    value_loss           | 9.22        |
-----------------------------------------
----------------------------------------
| rollout/                |            |
|    ep_len_mean          | 249        |
|    ep_rew_mean          | -57.6      |
| time/                   |            |
|    fps                  | 2147       |
|    iterations           | 213        |
|    time_elapsed         | 812        |
|    total_timesteps      | 1744896    |
| train/                  |            |
|    approx_kl            | 0.03711065 |
|    clip_fraction        | 0.322      |
|    clip_range           | 0.2        |
|    entropy_loss         | -0.587     |
|    explained_variance   | 0.941      |
|    learning_rate        | 0.0003     |
|    loss                 | 2.5        |
|    n_updates            | 7020       |
|    policy_gradient_loss | -0.00102   |
|    std                  | 0.314      |
|    value_loss           | 8.06       |
----------------------------------------
-----------------------------------------
| rollout/                |             |
|    ep_len_mean          | 239         |
|    ep_rew_mean          | -52.7       |
| time/                   |             |
|    fps                  | 2149        |
|    iterations           | 214         |
|    time_elapsed         | 815         |
|    total_timesteps      | 1753088     |
| train/                  |             |
|    approx_kl            | 0.027635748 |
|    clip_fraction        | 0.263       |
|    clip_range           | 0.2         |
|    entropy_loss         | -0.583      |
|    explained_variance   | 0.908       |
|    learning_rate        | 0.0003      |
|    loss                 | 2.4         |
|    n_updates            | 7030        |
|    policy_gradient_loss | -0.00873    |
|    std                  | 0.312       |
|    value_loss           | 7.05        |
-----------------------------------------
----------------------------------------
| rollout/                |            |
|    ep_len_mean          | 235        |
|    ep_rew_mean          | -52.1      |
| time/                   |            |
|    fps                  | 2149       |
|    iterations           | 215        |
|    time_elapsed         | 819        |
|    total_timesteps      | 1761280    |
| train/                  |            |
|    approx_kl            | 0.02098225 |
|    clip_fraction        | 0.236      |
|    clip_range           | 0.2        |
|    entropy_loss         | -0.573     |
|    explained_variance   | 0.913      |
|    learning_rate        | 0.0003     |
|    loss                 | 4.76       |
|    n_updates            | 7040       |
|    policy_gradient_loss | -0.00441   |
|    std                  | 0.312      |
|    value_loss           | 12.3       |
----------------------------------------
-----------------------------------------
| rollout/                |             |
|    ep_len_mean          | 231         |
|    ep_rew_mean          | -46.7       |
| time/                   |             |
|    fps                  | 2150        |
|    iterations           | 216         |
|    time_elapsed         | 822         |
|    total_timesteps      | 1769472     |
| train/                  |             |
|    approx_kl            | 0.023640135 |
|    clip_fraction        | 0.239       |
|    clip_range           | 0.2         |
|    entropy_loss         | -0.577      |
|    explained_variance   | 0.921       |
|    learning_rate        | 0.0003      |
|    loss                 | 6.9         |
|    n_updates            | 7050        |
|    policy_gradient_loss | -0.00782    |
|    std                  | 0.313       |
|    value_loss           | 12.4        |
-----------------------------------------
-----------------------------------------
| rollout/                |             |
|    ep_len_mean          | 220         |
|    ep_rew_mean          | -43.2       |
| time/                   |             |
|    fps                  | 2151        |
|    iterations           | 217         |
|    time_elapsed         | 826         |
|    total_timesteps      | 1777664     |
| train/                  |             |
|    approx_kl            | 0.029498715 |
|    clip_fraction        | 0.292       |
|    clip_range           | 0.2         |
|    entropy_loss         | -0.562      |
|    explained_variance   | 0.948       |
|    learning_rate        | 0.0003      |
|    loss                 | 3.22        |
|    n_updates            | 7060        |
|    policy_gradient_loss | -0.00589    |
|    std                  | 0.31        |
|    value_loss           | 8.71        |
-----------------------------------------
-----------------------------------------
| rollout/                |             |
|    ep_len_mean          | 226         |
|    ep_rew_mean          | -44.5       |
| time/                   |             |
|    fps                  | 2153        |
|    iterations           | 218         |
|    time_elapsed         | 829         |
|    total_timesteps      | 1785856     |
| train/                  |             |
|    approx_kl            | 0.019956721 |
|    clip_fraction        | 0.221       |
|    clip_range           | 0.2         |
|    entropy_loss         | -0.556      |
|    explained_variance   | 0.928       |
|    learning_rate        | 0.0003      |
|    loss                 | 4.41        |
|    n_updates            | 7070        |
|    policy_gradient_loss | -0.00487    |
|    std                  | 0.311       |
|    value_loss           | 14.5        |
-----------------------------------------
-----------------------------------------
| rollout/                |             |
|    ep_len_mean          | 247         |
|    ep_rew_mean          | -51.2       |
| time/                   |             |
|    fps                  | 2154        |
|    iterations           | 219         |
|    time_elapsed         | 832         |
|    total_timesteps      | 1794048     |
| train/                  |             |
|    approx_kl            | 0.021546118 |
|    clip_fraction        | 0.236       |
|    clip_range           | 0.2         |
|    entropy_loss         | -0.573      |
|    explained_variance   | 0.921       |
|    learning_rate        | 0.0003      |
|    loss                 | 3.9         |
|    n_updates            | 7080        |
|    policy_gradient_loss | -0.00782    |
|    std                  | 0.313       |
|    value_loss           | 9.23        |
-----------------------------------------
[PeriodicArtifactCallback] step 1800000: saving checkpoint, evaluating, rendering...
[PeriodicArtifactCallback] step 1800000: success_rate=0.30 pick_success_rate=0.60 mean_reward=-122.96 -> C:\GitHub\HumanoidRobot\simulation\training\pick_place\runs\pp_v24\dashboard.html
-----------------------------------------
| rollout/                |             |
|    ep_len_mean          | 249         |
|    ep_rew_mean          | -51.3       |
| time/                   |             |
|    fps                  | 2142        |
|    iterations           | 220         |
|    time_elapsed         | 841         |
|    total_timesteps      | 1802240     |
| train/                  |             |
|    approx_kl            | 0.028343637 |
|    clip_fraction        | 0.271       |
|    clip_range           | 0.2         |
|    entropy_loss         | -0.601      |
|    explained_variance   | 0.928       |
|    learning_rate        | 0.0003      |
|    loss                 | 4.01        |
|    n_updates            | 7090        |
|    policy_gradient_loss | -0.00588    |
|    std                  | 0.314       |
|    value_loss           | 9.13        |
-----------------------------------------
-----------------------------------------
| rollout/                |             |
|    ep_len_mean          | 255         |
|    ep_rew_mean          | -54.4       |
| time/                   |             |
|    fps                  | 2144        |
|    iterations           | 221         |
|    time_elapsed         | 844         |
|    total_timesteps      | 1810432     |
| train/                  |             |
|    approx_kl            | 0.029481381 |
|    clip_fraction        | 0.237       |
|    clip_range           | 0.2         |
|    entropy_loss         | -0.627      |
|    explained_variance   | 0.923       |
|    learning_rate        | 0.0003      |
|    loss                 | 3.31        |
|    n_updates            | 7100        |
|    policy_gradient_loss | -0.00819    |
|    std                  | 0.316       |
|    value_loss           | 11          |
-----------------------------------------
-----------------------------------------
| rollout/                |             |
|    ep_len_mean          | 247         |
|    ep_rew_mean          | -52         |
| time/                   |             |
|    fps                  | 2144        |
|    iterations           | 222         |
|    time_elapsed         | 847         |
|    total_timesteps      | 1818624     |
| train/                  |             |
|    approx_kl            | 0.021492716 |
|    clip_fraction        | 0.242       |
|    clip_range           | 0.2         |
|    entropy_loss         | -0.656      |
|    explained_variance   | 0.893       |
|    learning_rate        | 0.0003      |
|    loss                 | 4.16        |
|    n_updates            | 7110        |
|    policy_gradient_loss | -0.00572    |
|    std                  | 0.319       |
|    value_loss           | 11.5        |
-----------------------------------------
-----------------------------------------
| rollout/                |             |
|    ep_len_mean          | 247         |
|    ep_rew_mean          | -53.8       |
| time/                   |             |
|    fps                  | 2145        |
|    iterations           | 223         |
|    time_elapsed         | 851         |
|    total_timesteps      | 1826816     |
| train/                  |             |
|    approx_kl            | 0.034468926 |
|    clip_fraction        | 0.315       |
|    clip_range           | 0.2         |
|    entropy_loss         | -0.676      |
|    explained_variance   | 0.924       |
|    learning_rate        | 0.0003      |
|    loss                 | 3.33        |
|    n_updates            | 7120        |
|    policy_gradient_loss | -0.000518   |
|    std                  | 0.319       |
|    value_loss           | 8.77        |
-----------------------------------------
-----------------------------------------
| rollout/                |             |
|    ep_len_mean          | 278         |
|    ep_rew_mean          | -63.4       |
| time/                   |             |
|    fps                  | 2146        |
|    iterations           | 224         |
|    time_elapsed         | 855         |
|    total_timesteps      | 1835008     |
| train/                  |             |
|    approx_kl            | 0.029548118 |
|    clip_fraction        | 0.279       |
|    clip_range           | 0.2         |
|    entropy_loss         | -0.682      |
|    explained_variance   | 0.928       |
|    learning_rate        | 0.0003      |
|    loss                 | 5.76        |
|    n_updates            | 7130        |
|    policy_gradient_loss | -0.00295    |
|    std                  | 0.319       |
|    value_loss           | 13.1        |
-----------------------------------------
-----------------------------------------
| rollout/                |             |
|    ep_len_mean          | 255         |
|    ep_rew_mean          | -57.3       |
| time/                   |             |
|    fps                  | 2147        |
|    iterations           | 225         |
|    time_elapsed         | 858         |
|    total_timesteps      | 1843200     |
| train/                  |             |
|    approx_kl            | 0.043401837 |
|    clip_fraction        | 0.344       |
|    clip_range           | 0.2         |
|    entropy_loss         | -0.67       |
|    explained_variance   | 0.927       |
|    learning_rate        | 0.0003      |
|    loss                 | 2.1         |
|    n_updates            | 7140        |
|    policy_gradient_loss | -0.00369    |
|    std                  | 0.32        |
|    value_loss           | 5.83        |
-----------------------------------------
----------------------------------------
| rollout/                |            |
|    ep_len_mean          | 267        |
|    ep_rew_mean          | -63.7      |
| time/                   |            |
|    fps                  | 2148       |
|    iterations           | 226        |
|    time_elapsed         | 861        |
|    total_timesteps      | 1851392    |
| train/                  |            |
|    approx_kl            | 0.01790075 |
|    clip_fraction        | 0.202      |
|    clip_range           | 0.2        |
|    entropy_loss         | -0.672     |
|    explained_variance   | 0.896      |
|    learning_rate        | 0.0003     |
|    loss                 | 5.11       |
|    n_updates            | 7150       |
|    policy_gradient_loss | -0.00864   |
|    std                  | 0.321      |
|    value_loss           | 18.5       |
----------------------------------------
-----------------------------------------
| rollout/                |             |
|    ep_len_mean          | 256         |
|    ep_rew_mean          | -59         |
| time/                   |             |
|    fps                  | 2149        |
|    iterations           | 227         |
|    time_elapsed         | 865         |
|    total_timesteps      | 1859584     |
| train/                  |             |
|    approx_kl            | 0.028274234 |
|    clip_fraction        | 0.267       |
|    clip_range           | 0.2         |
|    entropy_loss         | -0.674      |
|    explained_variance   | 0.935       |
|    learning_rate        | 0.0003      |
|    loss                 | 7.36        |
|    n_updates            | 7160        |
|    policy_gradient_loss | -0.00355    |
|    std                  | 0.32        |
|    value_loss           | 8.74        |
-----------------------------------------
-----------------------------------------
| rollout/                |             |
|    ep_len_mean          | 234         |
|    ep_rew_mean          | -53.4       |
| time/                   |             |
|    fps                  | 2150        |
|    iterations           | 228         |
|    time_elapsed         | 868         |
|    total_timesteps      | 1867776     |
| train/                  |             |
|    approx_kl            | 0.025538923 |
|    clip_fraction        | 0.247       |
|    clip_range           | 0.2         |
|    entropy_loss         | -0.669      |
|    explained_variance   | 0.922       |
|    learning_rate        | 0.0003      |
|    loss                 | 4.76        |
|    n_updates            | 7170        |
|    policy_gradient_loss | -0.0049     |
|    std                  | 0.319       |
|    value_loss           | 9.03        |
-----------------------------------------
-----------------------------------------
| rollout/                |             |
|    ep_len_mean          | 221         |
|    ep_rew_mean          | -45.8       |
| time/                   |             |
|    fps                  | 2150        |
|    iterations           | 229         |
|    time_elapsed         | 872         |
|    total_timesteps      | 1875968     |
| train/                  |             |
|    approx_kl            | 0.020327415 |
|    clip_fraction        | 0.222       |
|    clip_range           | 0.2         |
|    entropy_loss         | -0.672      |
|    explained_variance   | 0.908       |
|    learning_rate        | 0.0003      |
|    loss                 | 5.89        |
|    n_updates            | 7180        |
|    policy_gradient_loss | -0.00841    |
|    std                  | 0.321       |
|    value_loss           | 16.7        |
-----------------------------------------
-----------------------------------------
| rollout/                |             |
|    ep_len_mean          | 196         |
|    ep_rew_mean          | -37.5       |
| time/                   |             |
|    fps                  | 2152        |
|    iterations           | 230         |
|    time_elapsed         | 875         |
|    total_timesteps      | 1884160     |
| train/                  |             |
|    approx_kl            | 0.026179846 |
|    clip_fraction        | 0.256       |
|    clip_range           | 0.2         |
|    entropy_loss         | -0.681      |
|    explained_variance   | 0.934       |
|    learning_rate        | 0.0003      |
|    loss                 | 4.16        |
|    n_updates            | 7190        |
|    policy_gradient_loss | 0.000366    |
|    std                  | 0.322       |
|    value_loss           | 11.4        |
-----------------------------------------
-----------------------------------------
| rollout/                |             |
|    ep_len_mean          | 223         |
|    ep_rew_mean          | -46.2       |
| time/                   |             |
|    fps                  | 2153        |
|    iterations           | 231         |
|    time_elapsed         | 878         |
|    total_timesteps      | 1892352     |
| train/                  |             |
|    approx_kl            | 0.021026572 |
|    clip_fraction        | 0.249       |
|    clip_range           | 0.2         |
|    entropy_loss         | -0.694      |
|    explained_variance   | 0.941       |
|    learning_rate        | 0.0003      |
|    loss                 | 2.69        |
|    n_updates            | 7200        |
|    policy_gradient_loss | -0.00388    |
|    std                  | 0.322       |
|    value_loss           | 7.47        |
-----------------------------------------
-----------------------------------------
| rollout/                |             |
|    ep_len_mean          | 237         |
|    ep_rew_mean          | -51.2       |
| time/                   |             |
|    fps                  | 2154        |
|    iterations           | 232         |
|    time_elapsed         | 882         |
|    total_timesteps      | 1900544     |
| train/                  |             |
|    approx_kl            | 0.027256992 |
|    clip_fraction        | 0.258       |
|    clip_range           | 0.2         |
|    entropy_loss         | -0.708      |
|    explained_variance   | 0.903       |
|    learning_rate        | 0.0003      |
|    loss                 | 3.29        |
|    n_updates            | 7210        |
|    policy_gradient_loss | -0.0045     |
|    std                  | 0.323       |
|    value_loss           | 10.3        |
-----------------------------------------
----------------------------------------
| rollout/                |            |
|    ep_len_mean          | 243        |
|    ep_rew_mean          | -52.3      |
| time/                   |            |
|    fps                  | 2155       |
|    iterations           | 233        |
|    time_elapsed         | 885        |
|    total_timesteps      | 1908736    |
| train/                  |            |
|    approx_kl            | 0.03471116 |
|    clip_fraction        | 0.233      |
|    clip_range           | 0.2        |
|    entropy_loss         | -0.718     |
|    explained_variance   | 0.937      |
|    learning_rate        | 0.0003     |
|    loss                 | 3.38       |
|    n_updates            | 7220       |
|    policy_gradient_loss | -0.00674   |
|    std                  | 0.324      |
|    value_loss           | 8.35       |
----------------------------------------
---------------------------------------
| rollout/                |           |
|    ep_len_mean          | 242       |
|    ep_rew_mean          | -51.3     |
| time/                   |           |
|    fps                  | 2155      |
|    iterations           | 234       |
|    time_elapsed         | 889       |
|    total_timesteps      | 1916928   |
| train/                  |           |
|    approx_kl            | 0.0279267 |
|    clip_fraction        | 0.266     |
|    clip_range           | 0.2       |
|    entropy_loss         | -0.715    |
|    explained_variance   | 0.922     |
|    learning_rate        | 0.0003    |
|    loss                 | 5.92      |
|    n_updates            | 7230      |
|    policy_gradient_loss | -0.00699  |
|    std                  | 0.326     |
|    value_loss           | 10.2      |
---------------------------------------
-----------------------------------------
| rollout/                |             |
|    ep_len_mean          | 220         |
|    ep_rew_mean          | -43.1       |
| time/                   |             |
|    fps                  | 2156        |
|    iterations           | 235         |
|    time_elapsed         | 892         |
|    total_timesteps      | 1925120     |
| train/                  |             |
|    approx_kl            | 0.021783065 |
|    clip_fraction        | 0.243       |
|    clip_range           | 0.2         |
|    entropy_loss         | -0.722      |
|    explained_variance   | 0.939       |
|    learning_rate        | 0.0003      |
|    loss                 | 3.01        |
|    n_updates            | 7240        |
|    policy_gradient_loss | -0.00479    |
|    std                  | 0.325       |
|    value_loss           | 10.7        |
-----------------------------------------
----------------------------------------
| rollout/                |            |
|    ep_len_mean          | 250        |
|    ep_rew_mean          | -52.6      |
| time/                   |            |
|    fps                  | 2158       |
|    iterations           | 236        |
|    time_elapsed         | 895        |
|    total_timesteps      | 1933312    |
| train/                  |            |
|    approx_kl            | 0.03185402 |
|    clip_fraction        | 0.25       |
|    clip_range           | 0.2        |
|    entropy_loss         | -0.716     |
|    explained_variance   | 0.941      |
|    learning_rate        | 0.0003     |
|    loss                 | 1.94       |
|    n_updates            | 7250       |
|    policy_gradient_loss | -0.00477   |
|    std                  | 0.324      |
|    value_loss           | 8.27       |
----------------------------------------
----------------------------------------
| rollout/                |            |
|    ep_len_mean          | 242        |
|    ep_rew_mean          | -49.1      |
| time/                   |            |
|    fps                  | 2159       |
|    iterations           | 237        |
|    time_elapsed         | 899        |
|    total_timesteps      | 1941504    |
| train/                  |            |
|    approx_kl            | 0.02259162 |
|    clip_fraction        | 0.251      |
|    clip_range           | 0.2        |
|    entropy_loss         | -0.722     |
|    explained_variance   | 0.93       |
|    learning_rate        | 0.0003     |
|    loss                 | 5.37       |
|    n_updates            | 7260       |
|    policy_gradient_loss | -0.0101    |
|    std                  | 0.326      |
|    value_loss           | 11.1       |
----------------------------------------
----------------------------------------
| rollout/                |            |
|    ep_len_mean          | 240        |
|    ep_rew_mean          | -49.2      |
| time/                   |            |
|    fps                  | 2160       |
|    iterations           | 238        |
|    time_elapsed         | 902        |
|    total_timesteps      | 1949696    |
| train/                  |            |
|    approx_kl            | 0.02315126 |
|    clip_fraction        | 0.24       |
|    clip_range           | 0.2        |
|    entropy_loss         | -0.739     |
|    explained_variance   | 0.956      |
|    learning_rate        | 0.0003     |
|    loss                 | 2.34       |
|    n_updates            | 7270       |
|    policy_gradient_loss | -0.0068    |
|    std                  | 0.328      |
|    value_loss           | 7.82       |
----------------------------------------
-----------------------------------------
| rollout/                |             |
|    ep_len_mean          | 201         |
|    ep_rew_mean          | -35.6       |
| time/                   |             |
|    fps                  | 2161        |
|    iterations           | 239         |
|    time_elapsed         | 905         |
|    total_timesteps      | 1957888     |
| train/                  |             |
|    approx_kl            | 0.023311336 |
|    clip_fraction        | 0.264       |
|    clip_range           | 0.2         |
|    entropy_loss         | -0.738      |
|    explained_variance   | 0.93        |
|    learning_rate        | 0.0003      |
|    loss                 | 6.4         |
|    n_updates            | 7280        |
|    policy_gradient_loss | -0.00645    |
|    std                  | 0.329       |
|    value_loss           | 10.8        |
-----------------------------------------
-----------------------------------------
| rollout/                |             |
|    ep_len_mean          | 202         |
|    ep_rew_mean          | -36.9       |
| time/                   |             |
|    fps                  | 2162        |
|    iterations           | 240         |
|    time_elapsed         | 909         |
|    total_timesteps      | 1966080     |
| train/                  |             |
|    approx_kl            | 0.022319943 |
|    clip_fraction        | 0.192       |
|    clip_range           | 0.2         |
|    entropy_loss         | -0.752      |
|    explained_variance   | 0.926       |
|    learning_rate        | 0.0003      |
|    loss                 | 3.9         |
|    n_updates            | 7290        |
|    policy_gradient_loss | -0.00638    |
|    std                  | 0.33        |
|    value_loss           | 18.1        |
-----------------------------------------
-----------------------------------------
| rollout/                |             |
|    ep_len_mean          | 226         |
|    ep_rew_mean          | -45.5       |
| time/                   |             |
|    fps                  | 2164        |
|    iterations           | 241         |
|    time_elapsed         | 912         |
|    total_timesteps      | 1974272     |
| train/                  |             |
|    approx_kl            | 0.025355667 |
|    clip_fraction        | 0.253       |
|    clip_range           | 0.2         |
|    entropy_loss         | -0.755      |
|    explained_variance   | 0.936       |
|    learning_rate        | 0.0003      |
|    loss                 | 3.76        |
|    n_updates            | 7300        |
|    policy_gradient_loss | -0.00417    |
|    std                  | 0.331       |
|    value_loss           | 11.1        |
-----------------------------------------
-----------------------------------------
| rollout/                |             |
|    ep_len_mean          | 244         |
|    ep_rew_mean          | -53.4       |
| time/                   |             |
|    fps                  | 2164        |
|    iterations           | 242         |
|    time_elapsed         | 915         |
|    total_timesteps      | 1982464     |
| train/                  |             |
|    approx_kl            | 0.046189114 |
|    clip_fraction        | 0.404       |
|    clip_range           | 0.2         |
|    entropy_loss         | -0.795      |
|    explained_variance   | 0.941       |
|    learning_rate        | 0.0003      |
|    loss                 | 2.14        |
|    n_updates            | 7310        |
|    policy_gradient_loss | 0.00255     |
|    std                  | 0.336       |
|    value_loss           | 4.82        |
-----------------------------------------
----------------------------------------
| rollout/                |            |
|    ep_len_mean          | 255        |
|    ep_rew_mean          | -58.4      |
| time/                   |            |
|    fps                  | 2165       |
|    iterations           | 243        |
|    time_elapsed         | 919        |
|    total_timesteps      | 1990656    |
| train/                  |            |
|    approx_kl            | 0.02230371 |
|    clip_fraction        | 0.185      |
|    clip_range           | 0.2        |
|    entropy_loss         | -0.803     |
|    explained_variance   | 0.927      |
|    learning_rate        | 0.0003     |
|    loss                 | 9.44       |
|    n_updates            | 7320       |
|    policy_gradient_loss | -0.00955   |
|    std                  | 0.335      |
|    value_loss           | 15.2       |
----------------------------------------
----------------------------------------
| rollout/                |            |
|    ep_len_mean          | 247        |
|    ep_rew_mean          | -55.1      |
| time/                   |            |
|    fps                  | 2166       |
|    iterations           | 244        |
|    time_elapsed         | 922        |
|    total_timesteps      | 1998848    |
| train/                  |            |
|    approx_kl            | 0.02636579 |
|    clip_fraction        | 0.249      |
|    clip_range           | 0.2        |
|    entropy_loss         | -0.777     |
|    explained_variance   | 0.907      |
|    learning_rate        | 0.0003     |
|    loss                 | 2.83       |
|    n_updates            | 7330       |
|    policy_gradient_loss | -0.00468   |
|    std                  | 0.332      |
|    value_loss           | 9.05       |
----------------------------------------
[PeriodicArtifactCallback] step 2000000: running periodic self-monitoring analysis...
[PeriodicArtifactCallback] analysis written to C:\GitHub\HumanoidRobot\simulation\training\pick_place\runs\pp_v24\analysis_2000000.md (stalled=False)
[PeriodicArtifactCallback] step 2000000: saving checkpoint, evaluating, rendering...
[PeriodicArtifactCallback] step 2000000: success_rate=0.50 pick_success_rate=0.60 mean_reward=-131.93 -> C:\GitHub\HumanoidRobot\simulation\training\pick_place\runs\pp_v24\dashboard.html
----------------------------------------
| rollout/                |            |
|    ep_len_mean          | 253        |
|    ep_rew_mean          | -57.5      |
| time/                   |            |
|    fps                  | 2145       |
|    iterations           | 245        |
|    time_elapsed         | 935        |
|    total_timesteps      | 2007040    |
| train/                  |            |
|    approx_kl            | 0.02231078 |
|    clip_fraction        | 0.223      |
|    clip_range           | 0.2        |
|    entropy_loss         | -0.766     |
|    explained_variance   | 0.91       |
|    learning_rate        | 0.0003     |
|    loss                 | 6.91       |
|    n_updates            | 7340       |
|    policy_gradient_loss | -0.00816   |
|    std                  | 0.331      |
|    value_loss           | 16.5       |
----------------------------------------
[PeriodicArtifactCallback] step 2007040: saving checkpoint, evaluating, rendering...
[PeriodicArtifactCallback] step 2007040: success_rate=0.40 pick_success_rate=0.60 mean_reward=-117.59 -> C:\GitHub\HumanoidRobot\simulation\training\pick_place\runs\pp_v24\dashboard.html
Training complete. Final checkpoint: C:\GitHub\HumanoidRobot\simulation\training\pick_place\runs\pp_v24\checkpoints\final.zip
Dashboard: C:\GitHub\HumanoidRobot\simulation\training\pick_place\runs\pp_v24\dashboard.html
