Continuing from checkpoint: C:/GitHub/HumanoidRobot/simulation/training/pick_place/runs/pp_v10/checkpoints/final.zip
Logging to C:\GitHub\HumanoidRobot\simulation\training\pick_place\runs\pp_v13\logs\pp_v13_1
---------------------------------
| rollout/           |          |
|    ep_len_mean     | 37.2     |
|    ep_rew_mean     | 29.1     |
| time/              |          |
|    fps             | 4241     |
|    iterations      | 1        |
|    time_elapsed    | 1        |
|    total_timesteps | 8192     |
---------------------------------
----------------------------------------
| rollout/                |            |
|    ep_len_mean          | 222        |
|    ep_rew_mean          | -68.5      |
| time/                   |            |
|    fps                  | 1580       |
|    iterations           | 2          |
|    time_elapsed         | 10         |
|    total_timesteps      | 16384      |
| train/                  |            |
|    approx_kl            | 0.01083209 |
|    clip_fraction        | 0.117      |
|    clip_range           | 0.2        |
|    entropy_loss         | -2.51      |
|    explained_variance   | 0.926      |
|    learning_rate        | 0.0003     |
|    loss                 | 1.97       |
|    n_updates            | 10730      |
|    policy_gradient_loss | -0.00325   |
|    std                  | 0.458      |
|    value_loss           | 12.3       |
----------------------------------------
-----------------------------------------
| rollout/                |             |
|    ep_len_mean          | 251         |
|    ep_rew_mean          | -62.6       |
| time/                   |             |
|    fps                  | 1310        |
|    iterations           | 3           |
|    time_elapsed         | 18          |
|    total_timesteps      | 24576       |
| train/                  |             |
|    approx_kl            | 0.013988995 |
|    clip_fraction        | 0.165       |
|    clip_range           | 0.2         |
|    entropy_loss         | -2.53       |
|    explained_variance   | 0.95        |
|    learning_rate        | 0.0003      |
|    loss                 | 3.14        |
|    n_updates            | 10740       |
|    policy_gradient_loss | 0.000423    |
|    std                  | 0.461       |
|    value_loss           | 7.22        |
-----------------------------------------
-----------------------------------------
| rollout/                |             |
|    ep_len_mean          | 287         |
|    ep_rew_mean          | -69.1       |
| time/                   |             |
|    fps                  | 1220        |
|    iterations           | 4           |
|    time_elapsed         | 26          |
|    total_timesteps      | 32768       |
| train/                  |             |
|    approx_kl            | 0.014979968 |
|    clip_fraction        | 0.193       |
|    clip_range           | 0.2         |
|    entropy_loss         | -2.53       |
|    explained_variance   | 0.966       |
|    learning_rate        | 0.0003      |
|    loss                 | 0.514       |
|    n_updates            | 10750       |
|    policy_gradient_loss | -0.00296    |
|    std                  | 0.459       |
|    value_loss           | 3.45        |
-----------------------------------------
-----------------------------------------
| rollout/                |             |
|    ep_len_mean          | 276         |
|    ep_rew_mean          | -44.2       |
| time/                   |             |
|    fps                  | 1160        |
|    iterations           | 5           |
|    time_elapsed         | 35          |
|    total_timesteps      | 40960       |
| train/                  |             |
|    approx_kl            | 0.016733743 |
|    clip_fraction        | 0.159       |
|    clip_range           | 0.2         |
|    entropy_loss         | -2.51       |
|    explained_variance   | 0.922       |
|    learning_rate        | 0.0003      |
|    loss                 | 5.61        |
|    n_updates            | 10760       |
|    policy_gradient_loss | -0.000513   |
|    std                  | 0.457       |
|    value_loss           | 3.46        |
-----------------------------------------
-----------------------------------------
| rollout/                |             |
|    ep_len_mean          | 285         |
|    ep_rew_mean          | -62.5       |
| time/                   |             |
|    fps                  | 1135        |
|    iterations           | 6           |
|    time_elapsed         | 43          |
|    total_timesteps      | 49152       |
| train/                  |             |
|    approx_kl            | 0.011593772 |
|    clip_fraction        | 0.109       |
|    clip_range           | 0.2         |
|    entropy_loss         | -2.54       |
|    explained_variance   | 0.883       |
|    learning_rate        | 0.0003      |
|    loss                 | 0.847       |
|    n_updates            | 10770       |
|    policy_gradient_loss | -0.00168    |
|    std                  | 0.463       |
|    value_loss           | 4.68        |
-----------------------------------------
-----------------------------------------
| rollout/                |             |
|    ep_len_mean          | 306         |
|    ep_rew_mean          | -78.5       |
| time/                   |             |
|    fps                  | 1114        |
|    iterations           | 7           |
|    time_elapsed         | 51          |
|    total_timesteps      | 57344       |
| train/                  |             |
|    approx_kl            | 0.010025336 |
|    clip_fraction        | 0.0904      |
|    clip_range           | 0.2         |
|    entropy_loss         | -2.57       |
|    explained_variance   | 0.911       |
|    learning_rate        | 0.0003      |
|    loss                 | 7.44        |
|    n_updates            | 10780       |
|    policy_gradient_loss | -0.00332    |
|    std                  | 0.465       |
|    value_loss           | 10.7        |
-----------------------------------------
-----------------------------------------
| rollout/                |             |
|    ep_len_mean          | 338         |
|    ep_rew_mean          | -98.2       |
| time/                   |             |
|    fps                  | 1098        |
|    iterations           | 8           |
|    time_elapsed         | 59          |
|    total_timesteps      | 65536       |
| train/                  |             |
|    approx_kl            | 0.012746997 |
|    clip_fraction        | 0.146       |
|    clip_range           | 0.2         |
|    entropy_loss         | -2.58       |
|    explained_variance   | 0.968       |
|    learning_rate        | 0.0003      |
|    loss                 | 4.55        |
|    n_updates            | 10790       |
|    policy_gradient_loss | -0.00221    |
|    std                  | 0.464       |
|    value_loss           | 8.36        |
-----------------------------------------
-----------------------------------------
| rollout/                |             |
|    ep_len_mean          | 332         |
|    ep_rew_mean          | -99.5       |
| time/                   |             |
|    fps                  | 1087        |
|    iterations           | 9           |
|    time_elapsed         | 67          |
|    total_timesteps      | 73728       |
| train/                  |             |
|    approx_kl            | 0.018744132 |
|    clip_fraction        | 0.218       |
|    clip_range           | 0.2         |
|    entropy_loss         | -2.55       |
|    explained_variance   | 0.928       |
|    learning_rate        | 0.0003      |
|    loss                 | 0.565       |
|    n_updates            | 10800       |
|    policy_gradient_loss | -0.00228    |
|    std                  | 0.461       |
|    value_loss           | 3.72        |
-----------------------------------------
-----------------------------------------
| rollout/                |             |
|    ep_len_mean          | 332         |
|    ep_rew_mean          | -85.5       |
| time/                   |             |
|    fps                  | 1077        |
|    iterations           | 10          |
|    time_elapsed         | 76          |
|    total_timesteps      | 81920       |
| train/                  |             |
|    approx_kl            | 0.023383312 |
|    clip_fraction        | 0.225       |
|    clip_range           | 0.2         |
|    entropy_loss         | -2.55       |
|    explained_variance   | 0.942       |
|    learning_rate        | 0.0003      |
|    loss                 | 0.617       |
|    n_updates            | 10810       |
|    policy_gradient_loss | -0.00299    |
|    std                  | 0.461       |
|    value_loss           | 4.86        |
-----------------------------------------
-----------------------------------------
| rollout/                |             |
|    ep_len_mean          | 320         |
|    ep_rew_mean          | -71.3       |
| time/                   |             |
|    fps                  | 1067        |
|    iterations           | 11          |
|    time_elapsed         | 84          |
|    total_timesteps      | 90112       |
| train/                  |             |
|    approx_kl            | 0.011575366 |
|    clip_fraction        | 0.124       |
|    clip_range           | 0.2         |
|    entropy_loss         | -2.53       |
|    explained_variance   | 0.923       |
|    learning_rate        | 0.0003      |
|    loss                 | 0.44        |
|    n_updates            | 10820       |
|    policy_gradient_loss | -0.0041     |
|    std                  | 0.457       |
|    value_loss           | 3.65        |
-----------------------------------------
-----------------------------------------
| rollout/                |             |
|    ep_len_mean          | 311         |
|    ep_rew_mean          | -75.6       |
| time/                   |             |
|    fps                  | 1060        |
|    iterations           | 12          |
|    time_elapsed         | 92          |
|    total_timesteps      | 98304       |
| train/                  |             |
|    approx_kl            | 0.011556432 |
|    clip_fraction        | 0.118       |
|    clip_range           | 0.2         |
|    entropy_loss         | -2.54       |
|    explained_variance   | 0.915       |
|    learning_rate        | 0.0003      |
|    loss                 | 2.08        |
|    n_updates            | 10830       |
|    policy_gradient_loss | -0.00225    |
|    std                  | 0.459       |
|    value_loss           | 8.31        |
-----------------------------------------
----------------------------------------
| rollout/                |            |
|    ep_len_mean          | 267        |
|    ep_rew_mean          | -60        |
| time/                   |            |
|    fps                  | 1052       |
|    iterations           | 13         |
|    time_elapsed         | 101        |
|    total_timesteps      | 106496     |
| train/                  |            |
|    approx_kl            | 0.01773648 |
|    clip_fraction        | 0.178      |
|    clip_range           | 0.2        |
|    entropy_loss         | -2.54      |
|    explained_variance   | 0.94       |
|    learning_rate        | 0.0003     |
|    loss                 | 2.89       |
|    n_updates            | 10840      |
|    policy_gradient_loss | -0.00368   |
|    std                  | 0.46       |
|    value_loss           | 5.16       |
----------------------------------------
---------------------------------------
| rollout/                |           |
|    ep_len_mean          | 278       |
|    ep_rew_mean          | -72.9     |
| time/                   |           |
|    fps                  | 1049      |
|    iterations           | 14        |
|    time_elapsed         | 109       |
|    total_timesteps      | 114688    |
| train/                  |           |
|    approx_kl            | 0.0121153 |
|    clip_fraction        | 0.101     |
|    clip_range           | 0.2       |
|    entropy_loss         | -2.56     |
|    explained_variance   | 0.936     |
|    learning_rate        | 0.0003    |
|    loss                 | 2.07      |
|    n_updates            | 10850     |
|    policy_gradient_loss | -0.00372  |
|    std                  | 0.462     |
|    value_loss           | 11.3      |
---------------------------------------
-----------------------------------------
| rollout/                |             |
|    ep_len_mean          | 302         |
|    ep_rew_mean          | -78         |
| time/                   |             |
|    fps                  | 1043        |
|    iterations           | 15          |
|    time_elapsed         | 117         |
|    total_timesteps      | 122880      |
| train/                  |             |
|    approx_kl            | 0.015389005 |
|    clip_fraction        | 0.184       |
|    clip_range           | 0.2         |
|    entropy_loss         | -2.56       |
|    explained_variance   | 0.893       |
|    learning_rate        | 0.0003      |
|    loss                 | 0.398       |
|    n_updates            | 10860       |
|    policy_gradient_loss | -0.00582    |
|    std                  | 0.461       |
|    value_loss           | 8.91        |
-----------------------------------------
-----------------------------------------
| rollout/                |             |
|    ep_len_mean          | 301         |
|    ep_rew_mean          | -82.8       |
| time/                   |             |
|    fps                  | 1039        |
|    iterations           | 16          |
|    time_elapsed         | 126         |
|    total_timesteps      | 131072      |
| train/                  |             |
|    approx_kl            | 0.012998823 |
|    clip_fraction        | 0.127       |
|    clip_range           | 0.2         |
|    entropy_loss         | -2.58       |
|    explained_variance   | 0.892       |
|    learning_rate        | 0.0003      |
|    loss                 | 2.99        |
|    n_updates            | 10870       |
|    policy_gradient_loss | -0.00657    |
|    std                  | 0.465       |
|    value_loss           | 14          |
-----------------------------------------
-----------------------------------------
| rollout/                |             |
|    ep_len_mean          | 315         |
|    ep_rew_mean          | -81.2       |
| time/                   |             |
|    fps                  | 1036        |
|    iterations           | 17          |
|    time_elapsed         | 134         |
|    total_timesteps      | 139264      |
| train/                  |             |
|    approx_kl            | 0.013502211 |
|    clip_fraction        | 0.151       |
|    clip_range           | 0.2         |
|    entropy_loss         | -2.6        |
|    explained_variance   | 0.952       |
|    learning_rate        | 0.0003      |
|    loss                 | 5.15        |
|    n_updates            | 10880       |
|    policy_gradient_loss | 0.00172     |
|    std                  | 0.467       |
|    value_loss           | 5.4         |
-----------------------------------------
-----------------------------------------
| rollout/                |             |
|    ep_len_mean          | 276         |
|    ep_rew_mean          | -60.7       |
| time/                   |             |
|    fps                  | 1034        |
|    iterations           | 18          |
|    time_elapsed         | 142         |
|    total_timesteps      | 147456      |
| train/                  |             |
|    approx_kl            | 0.014719486 |
|    clip_fraction        | 0.129       |
|    clip_range           | 0.2         |
|    entropy_loss         | -2.62       |
|    explained_variance   | 0.918       |
|    learning_rate        | 0.0003      |
|    loss                 | 1.73        |
|    n_updates            | 10890       |
|    policy_gradient_loss | -0.00518    |
|    std                  | 0.47        |
|    value_loss           | 8.12        |
-----------------------------------------
-----------------------------------------
| rollout/                |             |
|    ep_len_mean          | 284         |
|    ep_rew_mean          | -75.3       |
| time/                   |             |
|    fps                  | 1033        |
|    iterations           | 19          |
|    time_elapsed         | 150         |
|    total_timesteps      | 155648      |
| train/                  |             |
|    approx_kl            | 0.010536836 |
|    clip_fraction        | 0.113       |
|    clip_range           | 0.2         |
|    entropy_loss         | -2.63       |
|    explained_variance   | 0.955       |
|    learning_rate        | 0.0003      |
|    loss                 | 7.72        |
|    n_updates            | 10900       |
|    policy_gradient_loss | -0.00412    |
|    std                  | 0.469       |
|    value_loss           | 8.8         |
-----------------------------------------
-----------------------------------------
| rollout/                |             |
|    ep_len_mean          | 252         |
|    ep_rew_mean          | -70.9       |
| time/                   |             |
|    fps                  | 1033        |
|    iterations           | 20          |
|    time_elapsed         | 158         |
|    total_timesteps      | 163840      |
| train/                  |             |
|    approx_kl            | 0.009810368 |
|    clip_fraction        | 0.11        |
|    clip_range           | 0.2         |
|    entropy_loss         | -2.63       |
|    explained_variance   | 0.95        |
|    learning_rate        | 0.0003      |
|    loss                 | 3.23        |
|    n_updates            | 10910       |
|    policy_gradient_loss | -0.00371    |
|    std                  | 0.468       |
|    value_loss           | 13.6        |
-----------------------------------------
-----------------------------------------
| rollout/                |             |
|    ep_len_mean          | 276         |
|    ep_rew_mean          | -85.3       |
| time/                   |             |
|    fps                  | 1031        |
|    iterations           | 21          |
|    time_elapsed         | 166         |
|    total_timesteps      | 172032      |
| train/                  |             |
|    approx_kl            | 0.015233996 |
|    clip_fraction        | 0.157       |
|    clip_range           | 0.2         |
|    entropy_loss         | -2.64       |
|    explained_variance   | 0.979       |
|    learning_rate        | 0.0003      |
|    loss                 | 1.94        |
|    n_updates            | 10920       |
|    policy_gradient_loss | 0.000373    |
|    std                  | 0.471       |
|    value_loss           | 9.67        |
-----------------------------------------
-----------------------------------------
| rollout/                |             |
|    ep_len_mean          | 302         |
|    ep_rew_mean          | -77         |
| time/                   |             |
|    fps                  | 1028        |
|    iterations           | 22          |
|    time_elapsed         | 175         |
|    total_timesteps      | 180224      |
| train/                  |             |
|    approx_kl            | 0.015372947 |
|    clip_fraction        | 0.203       |
|    clip_range           | 0.2         |
|    entropy_loss         | -2.64       |
|    explained_variance   | 0.968       |
|    learning_rate        | 0.0003      |
|    loss                 | 0.908       |
|    n_updates            | 10930       |
|    policy_gradient_loss | -0.000666   |
|    std                  | 0.472       |
|    value_loss           | 3.14        |
-----------------------------------------
-----------------------------------------
| rollout/                |             |
|    ep_len_mean          | 324         |
|    ep_rew_mean          | -81.4       |
| time/                   |             |
|    fps                  | 1027        |
|    iterations           | 23          |
|    time_elapsed         | 183         |
|    total_timesteps      | 188416      |
| train/                  |             |
|    approx_kl            | 0.016672425 |
|    clip_fraction        | 0.178       |
|    clip_range           | 0.2         |
|    entropy_loss         | -2.65       |
|    explained_variance   | 0.935       |
|    learning_rate        | 0.0003      |
|    loss                 | 1.73        |
|    n_updates            | 10940       |
|    policy_gradient_loss | -0.00237    |
|    std                  | 0.471       |
|    value_loss           | 4.02        |
-----------------------------------------
-----------------------------------------
| rollout/                |             |
|    ep_len_mean          | 353         |
|    ep_rew_mean          | -88.5       |
| time/                   |             |
|    fps                  | 1024        |
|    iterations           | 24          |
|    time_elapsed         | 191         |
|    total_timesteps      | 196608      |
| train/                  |             |
|    approx_kl            | 0.015412912 |
|    clip_fraction        | 0.153       |
|    clip_range           | 0.2         |
|    entropy_loss         | -2.63       |
|    explained_variance   | 0.857       |
|    learning_rate        | 0.0003      |
|    loss                 | 1.84        |
|    n_updates            | 10950       |
|    policy_gradient_loss | -0.000957   |
|    std                  | 0.467       |
|    value_loss           | 5.21        |
-----------------------------------------
[PeriodicArtifactCallback] step 200000: saving checkpoint, evaluating, rendering...
[PeriodicArtifactCallback] step 200000: success_rate=0.00 pick_success_rate=0.50 mean_reward=-117.10 -> C:\GitHub\HumanoidRobot\simulation\training\pick_place\runs\pp_v13\dashboard.html
-----------------------------------------
| rollout/                |             |
|    ep_len_mean          | 348         |
|    ep_rew_mean          | -83.9       |
| time/                   |             |
|    fps                  | 964         |
|    iterations           | 25          |
|    time_elapsed         | 212         |
|    total_timesteps      | 204800      |
| train/                  |             |
|    approx_kl            | 0.010953747 |
|    clip_fraction        | 0.108       |
|    clip_range           | 0.2         |
|    entropy_loss         | -2.64       |
|    explained_variance   | 0.952       |
|    learning_rate        | 0.0003      |
|    loss                 | 1.16        |
|    n_updates            | 10960       |
|    policy_gradient_loss | -0.00221    |
|    std                  | 0.472       |
|    value_loss           | 5.11        |
-----------------------------------------
-----------------------------------------
| rollout/                |             |
|    ep_len_mean          | 361         |
|    ep_rew_mean          | -101        |
| time/                   |             |
|    fps                  | 965         |
|    iterations           | 26          |
|    time_elapsed         | 220         |
|    total_timesteps      | 212992      |
| train/                  |             |
|    approx_kl            | 0.014400415 |
|    clip_fraction        | 0.143       |
|    clip_range           | 0.2         |
|    entropy_loss         | -2.65       |
|    explained_variance   | 0.974       |
|    learning_rate        | 0.0003      |
|    loss                 | 2.67        |
|    n_updates            | 10970       |
|    policy_gradient_loss | -0.00616    |
|    std                  | 0.47        |
|    value_loss           | 7.63        |
-----------------------------------------
-----------------------------------------
| rollout/                |             |
|    ep_len_mean          | 336         |
|    ep_rew_mean          | -90.3       |
| time/                   |             |
|    fps                  | 965         |
|    iterations           | 27          |
|    time_elapsed         | 229         |
|    total_timesteps      | 221184      |
| train/                  |             |
|    approx_kl            | 0.011409523 |
|    clip_fraction        | 0.12        |
|    clip_range           | 0.2         |
|    entropy_loss         | -2.65       |
|    explained_variance   | 0.923       |
|    learning_rate        | 0.0003      |
|    loss                 | 1.76        |
|    n_updates            | 10980       |
|    policy_gradient_loss | -0.00463    |
|    std                  | 0.472       |
|    value_loss           | 8.31        |
-----------------------------------------
-----------------------------------------
| rollout/                |             |
|    ep_len_mean          | 329         |
|    ep_rew_mean          | -87         |
| time/                   |             |
|    fps                  | 967         |
|    iterations           | 28          |
|    time_elapsed         | 237         |
|    total_timesteps      | 229376      |
| train/                  |             |
|    approx_kl            | 0.014867927 |
|    clip_fraction        | 0.157       |
|    clip_range           | 0.2         |
|    entropy_loss         | -2.66       |
|    explained_variance   | 0.975       |
|    learning_rate        | 0.0003      |
|    loss                 | 2.68        |
|    n_updates            | 10990       |
|    policy_gradient_loss | -0.00349    |
|    std                  | 0.473       |
|    value_loss           | 10.7        |
-----------------------------------------
-----------------------------------------
| rollout/                |             |
|    ep_len_mean          | 300         |
|    ep_rew_mean          | -70.7       |
| time/                   |             |
|    fps                  | 966         |
|    iterations           | 29          |
|    time_elapsed         | 245         |
|    total_timesteps      | 237568      |
| train/                  |             |
|    approx_kl            | 0.014164655 |
|    clip_fraction        | 0.152       |
|    clip_range           | 0.2         |
|    entropy_loss         | -2.67       |
|    explained_variance   | 0.981       |
|    learning_rate        | 0.0003      |
|    loss                 | 1.64        |
|    n_updates            | 11000       |
|    policy_gradient_loss | -0.00376    |
|    std                  | 0.473       |
|    value_loss           | 5.81        |
-----------------------------------------
-----------------------------------------
| rollout/                |             |
|    ep_len_mean          | 287         |
|    ep_rew_mean          | -66.7       |
| time/                   |             |
|    fps                  | 966         |
|    iterations           | 30          |
|    time_elapsed         | 254         |
|    total_timesteps      | 245760      |
| train/                  |             |
|    approx_kl            | 0.016177654 |
|    clip_fraction        | 0.193       |
|    clip_range           | 0.2         |
|    entropy_loss         | -2.65       |
|    explained_variance   | 0.916       |
|    learning_rate        | 0.0003      |
|    loss                 | 2.27        |
|    n_updates            | 11010       |
|    policy_gradient_loss | -0.00313    |
|    std                  | 0.47        |
|    value_loss           | 3.54        |
-----------------------------------------
-----------------------------------------
| rollout/                |             |
|    ep_len_mean          | 244         |
|    ep_rew_mean          | -47.7       |
| time/                   |             |
|    fps                  | 967         |
|    iterations           | 31          |
|    time_elapsed         | 262         |
|    total_timesteps      | 253952      |
| train/                  |             |
|    approx_kl            | 0.008805612 |
|    clip_fraction        | 0.0865      |
|    clip_range           | 0.2         |
|    entropy_loss         | -2.65       |
|    explained_variance   | 0.946       |
|    learning_rate        | 0.0003      |
|    loss                 | 5.53        |
|    n_updates            | 11020       |
|    policy_gradient_loss | -0.00423    |
|    std                  | 0.471       |
|    value_loss           | 11.9        |
-----------------------------------------
-----------------------------------------
| rollout/                |             |
|    ep_len_mean          | 260         |
|    ep_rew_mean          | -58         |
| time/                   |             |
|    fps                  | 968         |
|    iterations           | 32          |
|    time_elapsed         | 270         |
|    total_timesteps      | 262144      |
| train/                  |             |
|    approx_kl            | 0.019306276 |
|    clip_fraction        | 0.219       |
|    clip_range           | 0.2         |
|    entropy_loss         | -2.65       |
|    explained_variance   | 0.976       |
|    learning_rate        | 0.0003      |
|    loss                 | 1.18        |
|    n_updates            | 11030       |
|    policy_gradient_loss | -0.00142    |
|    std                  | 0.47        |
|    value_loss           | 5.35        |
-----------------------------------------
-----------------------------------------
| rollout/                |             |
|    ep_len_mean          | 277         |
|    ep_rew_mean          | -69.4       |
| time/                   |             |
|    fps                  | 968         |
|    iterations           | 33          |
|    time_elapsed         | 279         |
|    total_timesteps      | 270336      |
| train/                  |             |
|    approx_kl            | 0.013074907 |
|    clip_fraction        | 0.126       |
|    clip_range           | 0.2         |
|    entropy_loss         | -2.66       |
|    explained_variance   | 0.923       |
|    learning_rate        | 0.0003      |
|    loss                 | 12.7        |
|    n_updates            | 11040       |
|    policy_gradient_loss | -0.00283    |
|    std                  | 0.474       |
|    value_loss           | 8.65        |
-----------------------------------------
-----------------------------------------
| rollout/                |             |
|    ep_len_mean          | 284         |
|    ep_rew_mean          | -66.3       |
| time/                   |             |
|    fps                  | 969         |
|    iterations           | 34          |
|    time_elapsed         | 287         |
|    total_timesteps      | 278528      |
| train/                  |             |
|    approx_kl            | 0.015764631 |
|    clip_fraction        | 0.177       |
|    clip_range           | 0.2         |
|    entropy_loss         | -2.68       |
|    explained_variance   | 0.885       |
|    learning_rate        | 0.0003      |
|    loss                 | 1.94        |
|    n_updates            | 11050       |
|    policy_gradient_loss | -0.00323    |
|    std                  | 0.473       |
|    value_loss           | 7.28        |
-----------------------------------------
-----------------------------------------
| rollout/                |             |
|    ep_len_mean          | 284         |
|    ep_rew_mean          | -72.6       |
| time/                   |             |
|    fps                  | 970         |
|    iterations           | 35          |
|    time_elapsed         | 295         |
|    total_timesteps      | 286720      |
| train/                  |             |
|    approx_kl            | 0.014297563 |
|    clip_fraction        | 0.163       |
|    clip_range           | 0.2         |
|    entropy_loss         | -2.68       |
|    explained_variance   | 0.967       |
|    learning_rate        | 0.0003      |
|    loss                 | 2.36        |
|    n_updates            | 11060       |
|    policy_gradient_loss | -0.00174    |
|    std                  | 0.475       |
|    value_loss           | 5.43        |
-----------------------------------------
-----------------------------------------
| rollout/                |             |
|    ep_len_mean          | 284         |
|    ep_rew_mean          | -62.2       |
| time/                   |             |
|    fps                  | 970         |
|    iterations           | 36          |
|    time_elapsed         | 303         |
|    total_timesteps      | 294912      |
| train/                  |             |
|    approx_kl            | 0.015249586 |
|    clip_fraction        | 0.174       |
|    clip_range           | 0.2         |
|    entropy_loss         | -2.69       |
|    explained_variance   | 0.951       |
|    learning_rate        | 0.0003      |
|    loss                 | 0.826       |
|    n_updates            | 11070       |
|    policy_gradient_loss | -0.00219    |
|    std                  | 0.475       |
|    value_loss           | 5.21        |
-----------------------------------------
-----------------------------------------
| rollout/                |             |
|    ep_len_mean          | 306         |
|    ep_rew_mean          | -70.2       |
| time/                   |             |
|    fps                  | 970         |
|    iterations           | 37          |
|    time_elapsed         | 312         |
|    total_timesteps      | 303104      |
| train/                  |             |
|    approx_kl            | 0.014953816 |
|    clip_fraction        | 0.165       |
|    clip_range           | 0.2         |
|    entropy_loss         | -2.68       |
|    explained_variance   | 0.927       |
|    learning_rate        | 0.0003      |
|    loss                 | 1.41        |
|    n_updates            | 11080       |
|    policy_gradient_loss | -0.00482    |
|    std                  | 0.472       |
|    value_loss           | 6.66        |
-----------------------------------------
-----------------------------------------
| rollout/                |             |
|    ep_len_mean          | 309         |
|    ep_rew_mean          | -70.6       |
| time/                   |             |
|    fps                  | 971         |
|    iterations           | 38          |
|    time_elapsed         | 320         |
|    total_timesteps      | 311296      |
| train/                  |             |
|    approx_kl            | 0.013052305 |
|    clip_fraction        | 0.144       |
|    clip_range           | 0.2         |
|    entropy_loss         | -2.69       |
|    explained_variance   | 0.875       |
|    learning_rate        | 0.0003      |
|    loss                 | 5.73        |
|    n_updates            | 11090       |
|    policy_gradient_loss | -0.00468    |
|    std                  | 0.477       |
|    value_loss           | 6.27        |
-----------------------------------------
----------------------------------------
| rollout/                |            |
|    ep_len_mean          | 350        |
|    ep_rew_mean          | -82.8      |
| time/                   |            |
|    fps                  | 971        |
|    iterations           | 39         |
|    time_elapsed         | 328        |
|    total_timesteps      | 319488     |
| train/                  |            |
|    approx_kl            | 0.01518961 |
|    clip_fraction        | 0.129      |
|    clip_range           | 0.2        |
|    entropy_loss         | -2.7       |
|    explained_variance   | 0.956      |
|    learning_rate        | 0.0003     |
|    loss                 | 1.47       |
|    n_updates            | 11100      |
|    policy_gradient_loss | -0.00528   |
|    std                  | 0.475      |
|    value_loss           | 11.3       |
----------------------------------------
----------------------------------------
| rollout/                |            |
|    ep_len_mean          | 367        |
|    ep_rew_mean          | -86.2      |
| time/                   |            |
|    fps                  | 972        |
|    iterations           | 40         |
|    time_elapsed         | 336        |
|    total_timesteps      | 327680     |
| train/                  |            |
|    approx_kl            | 0.01764274 |
|    clip_fraction        | 0.217      |
|    clip_range           | 0.2        |
|    entropy_loss         | -2.71      |
|    explained_variance   | 0.934      |
|    learning_rate        | 0.0003     |
|    loss                 | 2.13       |
|    n_updates            | 11110      |
|    policy_gradient_loss | -0.000711  |
|    std                  | 0.479      |
|    value_loss           | 6.67       |
----------------------------------------
----------------------------------------
| rollout/                |            |
|    ep_len_mean          | 372        |
|    ep_rew_mean          | -88.6      |
| time/                   |            |
|    fps                  | 972        |
|    iterations           | 41         |
|    time_elapsed         | 345        |
|    total_timesteps      | 335872     |
| train/                  |            |
|    approx_kl            | 0.01901757 |
|    clip_fraction        | 0.201      |
|    clip_range           | 0.2        |
|    entropy_loss         | -2.7       |
|    explained_variance   | 0.946      |
|    learning_rate        | 0.0003     |
|    loss                 | 0.621      |
|    n_updates            | 11120      |
|    policy_gradient_loss | -0.00216   |
|    std                  | 0.474      |
|    value_loss           | 1.74       |
----------------------------------------
-----------------------------------------
| rollout/                |             |
|    ep_len_mean          | 355         |
|    ep_rew_mean          | -77.6       |
| time/                   |             |
|    fps                  | 974         |
|    iterations           | 42          |
|    time_elapsed         | 353         |
|    total_timesteps      | 344064      |
| train/                  |             |
|    approx_kl            | 0.011010442 |
|    clip_fraction        | 0.117       |
|    clip_range           | 0.2         |
|    entropy_loss         | -2.68       |
|    explained_variance   | 0.942       |
|    learning_rate        | 0.0003      |
|    loss                 | 1.2         |
|    n_updates            | 11130       |
|    policy_gradient_loss | -0.00461    |
|    std                  | 0.475       |
|    value_loss           | 8.57        |
-----------------------------------------
-----------------------------------------
| rollout/                |             |
|    ep_len_mean          | 344         |
|    ep_rew_mean          | -65         |
| time/                   |             |
|    fps                  | 974         |
|    iterations           | 43          |
|    time_elapsed         | 361         |
|    total_timesteps      | 352256      |
| train/                  |             |
|    approx_kl            | 0.020650014 |
|    clip_fraction        | 0.248       |
|    clip_range           | 0.2         |
|    entropy_loss         | -2.64       |
|    explained_variance   | 0.902       |
|    learning_rate        | 0.0003      |
|    loss                 | 0.475       |
|    n_updates            | 11140       |
|    policy_gradient_loss | -0.00256    |
|    std                  | 0.468       |
|    value_loss           | 4.85        |
-----------------------------------------
-----------------------------------------
| rollout/                |             |
|    ep_len_mean          | 333         |
|    ep_rew_mean          | -69         |
| time/                   |             |
|    fps                  | 974         |
|    iterations           | 44          |
|    time_elapsed         | 369         |
|    total_timesteps      | 360448      |
| train/                  |             |
|    approx_kl            | 0.012027449 |
|    clip_fraction        | 0.136       |
|    clip_range           | 0.2         |
|    entropy_loss         | -2.65       |
|    explained_variance   | 0.935       |
|    learning_rate        | 0.0003      |
|    loss                 | 0.42        |
|    n_updates            | 11150       |
|    policy_gradient_loss | -0.00245    |
|    std                  | 0.473       |
|    value_loss           | 5.96        |
-----------------------------------------
-----------------------------------------
| rollout/                |             |
|    ep_len_mean          | 338         |
|    ep_rew_mean          | -67.4       |
| time/                   |             |
|    fps                  | 974         |
|    iterations           | 45          |
|    time_elapsed         | 378         |
|    total_timesteps      | 368640      |
| train/                  |             |
|    approx_kl            | 0.013259459 |
|    clip_fraction        | 0.16        |
|    clip_range           | 0.2         |
|    entropy_loss         | -2.65       |
|    explained_variance   | 0.975       |
|    learning_rate        | 0.0003      |
|    loss                 | 1.03        |
|    n_updates            | 11160       |
|    policy_gradient_loss | 8.15e-05    |
|    std                  | 0.47        |
|    value_loss           | 2.68        |
-----------------------------------------
-----------------------------------------
| rollout/                |             |
|    ep_len_mean          | 310         |
|    ep_rew_mean          | -76.8       |
| time/                   |             |
|    fps                  | 975         |
|    iterations           | 46          |
|    time_elapsed         | 386         |
|    total_timesteps      | 376832      |
| train/                  |             |
|    approx_kl            | 0.012473408 |
|    clip_fraction        | 0.118       |
|    clip_range           | 0.2         |
|    entropy_loss         | -2.67       |
|    explained_variance   | 0.97        |
|    learning_rate        | 0.0003      |
|    loss                 | 0.358       |
|    n_updates            | 11170       |
|    policy_gradient_loss | -0.00519    |
|    std                  | 0.475       |
|    value_loss           | 5.75        |
-----------------------------------------
-----------------------------------------
| rollout/                |             |
|    ep_len_mean          | 287         |
|    ep_rew_mean          | -79.2       |
| time/                   |             |
|    fps                  | 975         |
|    iterations           | 47          |
|    time_elapsed         | 394         |
|    total_timesteps      | 385024      |
| train/                  |             |
|    approx_kl            | 0.015002903 |
|    clip_fraction        | 0.151       |
|    clip_range           | 0.2         |
|    entropy_loss         | -2.69       |
|    explained_variance   | 0.982       |
|    learning_rate        | 0.0003      |
|    loss                 | 1.16        |
|    n_updates            | 11180       |
|    policy_gradient_loss | -0.00328    |
|    std                  | 0.475       |
|    value_loss           | 9.25        |
-----------------------------------------
-----------------------------------------
| rollout/                |             |
|    ep_len_mean          | 299         |
|    ep_rew_mean          | -80.8       |
| time/                   |             |
|    fps                  | 976         |
|    iterations           | 48          |
|    time_elapsed         | 402         |
|    total_timesteps      | 393216      |
| train/                  |             |
|    approx_kl            | 0.013938291 |
|    clip_fraction        | 0.188       |
|    clip_range           | 0.2         |
|    entropy_loss         | -2.67       |
|    explained_variance   | 0.989       |
|    learning_rate        | 0.0003      |
|    loss                 | 0.394       |
|    n_updates            | 11190       |
|    policy_gradient_loss | -0.00639    |
|    std                  | 0.472       |
|    value_loss           | 2.3         |
-----------------------------------------
[PeriodicArtifactCallback] step 400000: running periodic self-monitoring analysis...
[PeriodicArtifactCallback] analysis written to C:\GitHub\HumanoidRobot\simulation\training\pick_place\runs\pp_v13\analysis_400000.md (stalled=False)
[PeriodicArtifactCallback] step 400000: saving checkpoint, evaluating, rendering...
[PeriodicArtifactCallback] step 400000: success_rate=0.00 pick_success_rate=0.30 mean_reward=-119.17 -> C:\GitHub\HumanoidRobot\simulation\training\pick_place\runs\pp_v13\dashboard.html
-----------------------------------------
| rollout/                |             |
|    ep_len_mean          | 328         |
|    ep_rew_mean          | -94.4       |
| time/                   |             |
|    fps                  | 930         |
|    iterations           | 49          |
|    time_elapsed         | 431         |
|    total_timesteps      | 401408      |
| train/                  |             |
|    approx_kl            | 0.016209774 |
|    clip_fraction        | 0.168       |
|    clip_range           | 0.2         |
|    entropy_loss         | -2.65       |
|    explained_variance   | 0.923       |
|    learning_rate        | 0.0003      |
|    loss                 | 0.799       |
|    n_updates            | 11200       |
|    policy_gradient_loss | -0.00684    |
|    std                  | 0.471       |
|    value_loss           | 10.5        |
-----------------------------------------
----------------------------------------
| rollout/                |            |
|    ep_len_mean          | 327        |
|    ep_rew_mean          | -75.2      |
| time/                   |            |
|    fps                  | 931        |
|    iterations           | 50         |
|    time_elapsed         | 439        |
|    total_timesteps      | 409600     |
| train/                  |            |
|    approx_kl            | 0.01615282 |
|    clip_fraction        | 0.183      |
|    clip_range           | 0.2        |
|    entropy_loss         | -2.65      |
|    explained_variance   | 0.953      |
|    learning_rate        | 0.0003     |
|    loss                 | 0.521      |
|    n_updates            | 11210      |
|    policy_gradient_loss | -0.00531   |
|    std                  | 0.471      |
|    value_loss           | 3.16       |
----------------------------------------
-----------------------------------------
| rollout/                |             |
|    ep_len_mean          | 333         |
|    ep_rew_mean          | -77.4       |
| time/                   |             |
|    fps                  | 932         |
|    iterations           | 51          |
|    time_elapsed         | 448         |
|    total_timesteps      | 417792      |
| train/                  |             |
|    approx_kl            | 0.014244515 |
|    clip_fraction        | 0.174       |
|    clip_range           | 0.2         |
|    entropy_loss         | -2.65       |
|    explained_variance   | 0.965       |
|    learning_rate        | 0.0003      |
|    loss                 | 3.57        |
|    n_updates            | 11220       |
|    policy_gradient_loss | -0.00241    |
|    std                  | 0.471       |
|    value_loss           | 6.71        |
-----------------------------------------
-----------------------------------------
| rollout/                |             |
|    ep_len_mean          | 264         |
|    ep_rew_mean          | -51.9       |
| time/                   |             |
|    fps                  | 933         |
|    iterations           | 52          |
|    time_elapsed         | 456         |
|    total_timesteps      | 425984      |
| train/                  |             |
|    approx_kl            | 0.013989964 |
|    clip_fraction        | 0.157       |
|    clip_range           | 0.2         |
|    entropy_loss         | -2.66       |
|    explained_variance   | 0.987       |
|    learning_rate        | 0.0003      |
|    loss                 | 0.667       |
|    n_updates            | 11230       |
|    policy_gradient_loss | -0.00623    |
|    std                  | 0.47        |
|    value_loss           | 2.45        |
-----------------------------------------
-----------------------------------------
| rollout/                |             |
|    ep_len_mean          | 279         |
|    ep_rew_mean          | -64.4       |
| time/                   |             |
|    fps                  | 934         |
|    iterations           | 53          |
|    time_elapsed         | 464         |
|    total_timesteps      | 434176      |
| train/                  |             |
|    approx_kl            | 0.012252651 |
|    clip_fraction        | 0.113       |
|    clip_range           | 0.2         |
|    entropy_loss         | -2.64       |
|    explained_variance   | 0.972       |
|    learning_rate        | 0.0003      |
|    loss                 | 3.63        |
|    n_updates            | 11240       |
|    policy_gradient_loss | -0.00504    |
|    std                  | 0.468       |
|    value_loss           | 8.07        |
-----------------------------------------
----------------------------------------
| rollout/                |            |
|    ep_len_mean          | 286        |
|    ep_rew_mean          | -66        |
| time/                   |            |
|    fps                  | 935        |
|    iterations           | 54         |
|    time_elapsed         | 472        |
|    total_timesteps      | 442368     |
| train/                  |            |
|    approx_kl            | 0.01788367 |
|    clip_fraction        | 0.201      |
|    clip_range           | 0.2        |
|    entropy_loss         | -2.62      |
|    explained_variance   | 0.984      |
|    learning_rate        | 0.0003     |
|    loss                 | 0.724      |
|    n_updates            | 11250      |
|    policy_gradient_loss | -0.00446   |
|    std                  | 0.465      |
|    value_loss           | 2.99       |
----------------------------------------
-----------------------------------------
| rollout/                |             |
|    ep_len_mean          | 308         |
|    ep_rew_mean          | -70.5       |
| time/                   |             |
|    fps                  | 936         |
|    iterations           | 55          |
|    time_elapsed         | 481         |
|    total_timesteps      | 450560      |
| train/                  |             |
|    approx_kl            | 0.013008574 |
|    clip_fraction        | 0.176       |
|    clip_range           | 0.2         |
|    entropy_loss         | -2.59       |
|    explained_variance   | 0.917       |
|    learning_rate        | 0.0003      |
|    loss                 | 25.7        |
|    n_updates            | 11260       |
|    policy_gradient_loss | -0.000893   |
|    std                  | 0.462       |
|    value_loss           | 13.9        |
-----------------------------------------
-----------------------------------------
| rollout/                |             |
|    ep_len_mean          | 332         |
|    ep_rew_mean          | -81.6       |
| time/                   |             |
|    fps                  | 937         |
|    iterations           | 56          |
|    time_elapsed         | 489         |
|    total_timesteps      | 458752      |
| train/                  |             |
|    approx_kl            | 0.015931575 |
|    clip_fraction        | 0.165       |
|    clip_range           | 0.2         |
|    entropy_loss         | -2.57       |
|    explained_variance   | 0.984       |
|    learning_rate        | 0.0003      |
|    loss                 | 1.34        |
|    n_updates            | 11270       |
|    policy_gradient_loss | 0.000378    |
|    std                  | 0.46        |
|    value_loss           | 5.08        |
-----------------------------------------
-----------------------------------------
| rollout/                |             |
|    ep_len_mean          | 343         |
|    ep_rew_mean          | -87.3       |
| time/                   |             |
|    fps                  | 938         |
|    iterations           | 57          |
|    time_elapsed         | 497         |
|    total_timesteps      | 466944      |
| train/                  |             |
|    approx_kl            | 0.012883903 |
|    clip_fraction        | 0.142       |
|    clip_range           | 0.2         |
|    entropy_loss         | -2.56       |
|    explained_variance   | 0.968       |
|    learning_rate        | 0.0003      |
|    loss                 | 1.05        |
|    n_updates            | 11280       |
|    policy_gradient_loss | -0.00267    |
|    std                  | 0.46        |
|    value_loss           | 8.58        |
-----------------------------------------
-----------------------------------------
| rollout/                |             |
|    ep_len_mean          | 344         |
|    ep_rew_mean          | -92.1       |
| time/                   |             |
|    fps                  | 939         |
|    iterations           | 58          |
|    time_elapsed         | 505         |
|    total_timesteps      | 475136      |
| train/                  |             |
|    approx_kl            | 0.015635263 |
|    clip_fraction        | 0.188       |
|    clip_range           | 0.2         |
|    entropy_loss         | -2.57       |
|    explained_variance   | 0.973       |
|    learning_rate        | 0.0003      |
|    loss                 | 0.552       |
|    n_updates            | 11290       |
|    policy_gradient_loss | 0.000351    |
|    std                  | 0.459       |
|    value_loss           | 4.64        |
-----------------------------------------
-----------------------------------------
| rollout/                |             |
|    ep_len_mean          | 326         |
|    ep_rew_mean          | -83         |
| time/                   |             |
|    fps                  | 939         |
|    iterations           | 59          |
|    time_elapsed         | 514         |
|    total_timesteps      | 483328      |
| train/                  |             |
|    approx_kl            | 0.014214389 |
|    clip_fraction        | 0.155       |
|    clip_range           | 0.2         |
|    entropy_loss         | -2.55       |
|    explained_variance   | 0.956       |
|    learning_rate        | 0.0003      |
|    loss                 | 1.24        |
|    n_updates            | 11300       |
|    policy_gradient_loss | -0.000902   |
|    std                  | 0.458       |
|    value_loss           | 10.5        |
-----------------------------------------
-----------------------------------------
| rollout/                |             |
|    ep_len_mean          | 298         |
|    ep_rew_mean          | -76.7       |
| time/                   |             |
|    fps                  | 940         |
|    iterations           | 60          |
|    time_elapsed         | 522         |
|    total_timesteps      | 491520      |
| train/                  |             |
|    approx_kl            | 0.013590373 |
|    clip_fraction        | 0.161       |
|    clip_range           | 0.2         |
|    entropy_loss         | -2.54       |
|    explained_variance   | 0.98        |
|    learning_rate        | 0.0003      |
|    loss                 | 15.4        |
|    n_updates            | 11310       |
|    policy_gradient_loss | -0.00366    |
|    std                  | 0.458       |
|    value_loss           | 18          |
-----------------------------------------
-----------------------------------------
| rollout/                |             |
|    ep_len_mean          | 291         |
|    ep_rew_mean          | -69.7       |
| time/                   |             |
|    fps                  | 941         |
|    iterations           | 61          |
|    time_elapsed         | 530         |
|    total_timesteps      | 499712      |
| train/                  |             |
|    approx_kl            | 0.014995607 |
|    clip_fraction        | 0.173       |
|    clip_range           | 0.2         |
|    entropy_loss         | -2.55       |
|    explained_variance   | 0.99        |
|    learning_rate        | 0.0003      |
|    loss                 | 1.12        |
|    n_updates            | 11320       |
|    policy_gradient_loss | -0.00642    |
|    std                  | 0.458       |
|    value_loss           | 8.73        |
-----------------------------------------
-----------------------------------------
| rollout/                |             |
|    ep_len_mean          | 310         |
|    ep_rew_mean          | -75.8       |
| time/                   |             |
|    fps                  | 942         |
|    iterations           | 62          |
|    time_elapsed         | 538         |
|    total_timesteps      | 507904      |
| train/                  |             |
|    approx_kl            | 0.016520815 |
|    clip_fraction        | 0.194       |
|    clip_range           | 0.2         |
|    entropy_loss         | -2.54       |
|    explained_variance   | 0.903       |
|    learning_rate        | 0.0003      |
|    loss                 | 0.934       |
|    n_updates            | 11330       |
|    policy_gradient_loss | 0.000665    |
|    std                  | 0.455       |
|    value_loss           | 4.2         |
-----------------------------------------
-----------------------------------------
| rollout/                |             |
|    ep_len_mean          | 328         |
|    ep_rew_mean          | -78.4       |
| time/                   |             |
|    fps                  | 943         |
|    iterations           | 63          |
|    time_elapsed         | 546         |
|    total_timesteps      | 516096      |
| train/                  |             |
|    approx_kl            | 0.013747597 |
|    clip_fraction        | 0.153       |
|    clip_range           | 0.2         |
|    entropy_loss         | -2.55       |
|    explained_variance   | 0.949       |
|    learning_rate        | 0.0003      |
|    loss                 | 0.389       |
|    n_updates            | 11340       |
|    policy_gradient_loss | -0.00108    |
|    std                  | 0.46        |
|    value_loss           | 5.92        |
-----------------------------------------
-----------------------------------------
| rollout/                |             |
|    ep_len_mean          | 315         |
|    ep_rew_mean          | -61.1       |
| time/                   |             |
|    fps                  | 944         |
|    iterations           | 64          |
|    time_elapsed         | 555         |
|    total_timesteps      | 524288      |
| train/                  |             |
|    approx_kl            | 0.016417496 |
|    clip_fraction        | 0.178       |
|    clip_range           | 0.2         |
|    entropy_loss         | -2.54       |
|    explained_variance   | 0.867       |
|    learning_rate        | 0.0003      |
|    loss                 | 0.502       |
|    n_updates            | 11350       |
|    policy_gradient_loss | -0.00369    |
|    std                  | 0.455       |
|    value_loss           | 10.6        |
-----------------------------------------
-----------------------------------------
| rollout/                |             |
|    ep_len_mean          | 332         |
|    ep_rew_mean          | -66.4       |
| time/                   |             |
|    fps                  | 944         |
|    iterations           | 65          |
|    time_elapsed         | 563         |
|    total_timesteps      | 532480      |
| train/                  |             |
|    approx_kl            | 0.017913282 |
|    clip_fraction        | 0.18        |
|    clip_range           | 0.2         |
|    entropy_loss         | -2.49       |
|    explained_variance   | 0.923       |
|    learning_rate        | 0.0003      |
|    loss                 | 1.86        |
|    n_updates            | 11360       |
|    policy_gradient_loss | -0.00206    |
|    std                  | 0.45        |
|    value_loss           | 5.52        |
-----------------------------------------
-----------------------------------------
| rollout/                |             |
|    ep_len_mean          | 340         |
|    ep_rew_mean          | -70.7       |
| time/                   |             |
|    fps                  | 945         |
|    iterations           | 66          |
|    time_elapsed         | 571         |
|    total_timesteps      | 540672      |
| train/                  |             |
|    approx_kl            | 0.016705552 |
|    clip_fraction        | 0.204       |
|    clip_range           | 0.2         |
|    entropy_loss         | -2.47       |
|    explained_variance   | 0.923       |
|    learning_rate        | 0.0003      |
|    loss                 | 0.308       |
|    n_updates            | 11370       |
|    policy_gradient_loss | -0.00137    |
|    std                  | 0.448       |
|    value_loss           | 2.76        |
-----------------------------------------
-----------------------------------------
| rollout/                |             |
|    ep_len_mean          | 363         |
|    ep_rew_mean          | -66         |
| time/                   |             |
|    fps                  | 945         |
|    iterations           | 67          |
|    time_elapsed         | 580         |
|    total_timesteps      | 548864      |
| train/                  |             |
|    approx_kl            | 0.014935874 |
|    clip_fraction        | 0.146       |
|    clip_range           | 0.2         |
|    entropy_loss         | -2.47       |
|    explained_variance   | 0.95        |
|    learning_rate        | 0.0003      |
|    loss                 | 0.24        |
|    n_updates            | 11380       |
|    policy_gradient_loss | -0.00267    |
|    std                  | 0.449       |
|    value_loss           | 1.25        |
-----------------------------------------
-----------------------------------------
| rollout/                |             |
|    ep_len_mean          | 373         |
|    ep_rew_mean          | -74.6       |
| time/                   |             |
|    fps                  | 946         |
|    iterations           | 68          |
|    time_elapsed         | 588         |
|    total_timesteps      | 557056      |
| train/                  |             |
|    approx_kl            | 0.009532925 |
|    clip_fraction        | 0.0897      |
|    clip_range           | 0.2         |
|    entropy_loss         | -2.46       |
|    explained_variance   | 0.928       |
|    learning_rate        | 0.0003      |
|    loss                 | 2.1         |
|    n_updates            | 11390       |
|    policy_gradient_loss | -0.00383    |
|    std                  | 0.448       |
|    value_loss           | 7.17        |
-----------------------------------------
-----------------------------------------
| rollout/                |             |
|    ep_len_mean          | 378         |
|    ep_rew_mean          | -74.9       |
| time/                   |             |
|    fps                  | 946         |
|    iterations           | 69          |
|    time_elapsed         | 596         |
|    total_timesteps      | 565248      |
| train/                  |             |
|    approx_kl            | 0.012745254 |
|    clip_fraction        | 0.142       |
|    clip_range           | 0.2         |
|    entropy_loss         | -2.49       |
|    explained_variance   | 0.975       |
|    learning_rate        | 0.0003      |
|    loss                 | 0.463       |
|    n_updates            | 11400       |
|    policy_gradient_loss | -0.00263    |
|    std                  | 0.454       |
|    value_loss           | 3.79        |
-----------------------------------------
-----------------------------------------
| rollout/                |             |
|    ep_len_mean          | 387         |
|    ep_rew_mean          | -76         |
| time/                   |             |
|    fps                  | 947         |
|    iterations           | 70          |
|    time_elapsed         | 604         |
|    total_timesteps      | 573440      |
| train/                  |             |
|    approx_kl            | 0.017850406 |
|    clip_fraction        | 0.19        |
|    clip_range           | 0.2         |
|    entropy_loss         | -2.48       |
|    explained_variance   | 0.96        |
|    learning_rate        | 0.0003      |
|    loss                 | 0.241       |
|    n_updates            | 11410       |
|    policy_gradient_loss | -0.00289    |
|    std                  | 0.449       |
|    value_loss           | 1.51        |
-----------------------------------------
-----------------------------------------
| rollout/                |             |
|    ep_len_mean          | 358         |
|    ep_rew_mean          | -69.8       |
| time/                   |             |
|    fps                  | 948         |
|    iterations           | 71          |
|    time_elapsed         | 613         |
|    total_timesteps      | 581632      |
| train/                  |             |
|    approx_kl            | 0.016224993 |
|    clip_fraction        | 0.161       |
|    clip_range           | 0.2         |
|    entropy_loss         | -2.44       |
|    explained_variance   | 0.931       |
|    learning_rate        | 0.0003      |
|    loss                 | 0.444       |
|    n_updates            | 11420       |
|    policy_gradient_loss | -0.00339    |
|    std                  | 0.444       |
|    value_loss           | 3.56        |
-----------------------------------------
-----------------------------------------
| rollout/                |             |
|    ep_len_mean          | 356         |
|    ep_rew_mean          | -69         |
| time/                   |             |
|    fps                  | 948         |
|    iterations           | 72          |
|    time_elapsed         | 621         |
|    total_timesteps      | 589824      |
| train/                  |             |
|    approx_kl            | 0.014654841 |
|    clip_fraction        | 0.173       |
|    clip_range           | 0.2         |
|    entropy_loss         | -2.41       |
|    explained_variance   | 0.954       |
|    learning_rate        | 0.0003      |
|    loss                 | 0.188       |
|    n_updates            | 11430       |
|    policy_gradient_loss | -0.00619    |
|    std                  | 0.441       |
|    value_loss           | 1.75        |
-----------------------------------------
-----------------------------------------
| rollout/                |             |
|    ep_len_mean          | 308         |
|    ep_rew_mean          | -48.5       |
| time/                   |             |
|    fps                  | 948         |
|    iterations           | 73          |
|    time_elapsed         | 630         |
|    total_timesteps      | 598016      |
| train/                  |             |
|    approx_kl            | 0.012117751 |
|    clip_fraction        | 0.174       |
|    clip_range           | 0.2         |
|    entropy_loss         | -2.4        |
|    explained_variance   | 0.954       |
|    learning_rate        | 0.0003      |
|    loss                 | 0.694       |
|    n_updates            | 11440       |
|    policy_gradient_loss | -0.00338    |
|    std                  | 0.44        |
|    value_loss           | 1.89        |
-----------------------------------------
[PeriodicArtifactCallback] step 600000: saving checkpoint, evaluating, rendering...
[PeriodicArtifactCallback] step 600000: success_rate=0.00 pick_success_rate=0.40 mean_reward=-102.87 -> C:\GitHub\HumanoidRobot\simulation\training\pick_place\runs\pp_v13\dashboard.html
-----------------------------------------
| rollout/                |             |
|    ep_len_mean          | 307         |
|    ep_rew_mean          | -46.8       |
| time/                   |             |
|    fps                  | 932         |
|    iterations           | 74          |
|    time_elapsed         | 649         |
|    total_timesteps      | 606208      |
| train/                  |             |
|    approx_kl            | 0.013400634 |
|    clip_fraction        | 0.136       |
|    clip_range           | 0.2         |
|    entropy_loss         | -2.38       |
|    explained_variance   | 0.947       |
|    learning_rate        | 0.0003      |
|    loss                 | 1.59        |
|    n_updates            | 11450       |
|    policy_gradient_loss | -0.00264    |
|    std                  | 0.44        |
|    value_loss           | 4.75        |
-----------------------------------------
-----------------------------------------
| rollout/                |             |
|    ep_len_mean          | 271         |
|    ep_rew_mean          | -36.7       |
| time/                   |             |
|    fps                  | 933         |
|    iterations           | 75          |
|    time_elapsed         | 658         |
|    total_timesteps      | 614400      |
| train/                  |             |
|    approx_kl            | 0.015979875 |
|    clip_fraction        | 0.159       |
|    clip_range           | 0.2         |
|    entropy_loss         | -2.38       |
|    explained_variance   | 0.931       |
|    learning_rate        | 0.0003      |
|    loss                 | 0.548       |
|    n_updates            | 11460       |
|    policy_gradient_loss | -0.00111    |
|    std                  | 0.44        |
|    value_loss           | 5.37        |
-----------------------------------------
----------------------------------------
| rollout/                |            |
|    ep_len_mean          | 281        |
|    ep_rew_mean          | -40.2      |
| time/                   |            |
|    fps                  | 934        |
|    iterations           | 76         |
|    time_elapsed         | 666        |
|    total_timesteps      | 622592     |
| train/                  |            |
|    approx_kl            | 0.01713227 |
|    clip_fraction        | 0.168      |
|    clip_range           | 0.2        |
|    entropy_loss         | -2.35      |
|    explained_variance   | 0.927      |
|    learning_rate        | 0.0003     |
|    loss                 | 6.97       |
|    n_updates            | 11470      |
|    policy_gradient_loss | -0.00266   |
|    std                  | 0.433      |
|    value_loss           | 3.22       |
----------------------------------------
-----------------------------------------
| rollout/                |             |
|    ep_len_mean          | 258         |
|    ep_rew_mean          | -47.8       |
| time/                   |             |
|    fps                  | 934         |
|    iterations           | 77          |
|    time_elapsed         | 674         |
|    total_timesteps      | 630784      |
| train/                  |             |
|    approx_kl            | 0.009561091 |
|    clip_fraction        | 0.1         |
|    clip_range           | 0.2         |
|    entropy_loss         | -2.33       |
|    explained_variance   | 0.956       |
|    learning_rate        | 0.0003      |
|    loss                 | 0.486       |
|    n_updates            | 11480       |
|    policy_gradient_loss | -0.000365   |
|    std                  | 0.437       |
|    value_loss           | 3.26        |
-----------------------------------------
-----------------------------------------
| rollout/                |             |
|    ep_len_mean          | 265         |
|    ep_rew_mean          | -57.3       |
| time/                   |             |
|    fps                  | 935         |
|    iterations           | 78          |
|    time_elapsed         | 683         |
|    total_timesteps      | 638976      |
| train/                  |             |
|    approx_kl            | 0.010273805 |
|    clip_fraction        | 0.0972      |
|    clip_range           | 0.2         |
|    entropy_loss         | -2.36       |
|    explained_variance   | 0.974       |
|    learning_rate        | 0.0003      |
|    loss                 | 1.26        |
|    n_updates            | 11490       |
|    policy_gradient_loss | -0.00176    |
|    std                  | 0.438       |
|    value_loss           | 5.52        |
-----------------------------------------
-----------------------------------------
| rollout/                |             |
|    ep_len_mean          | 287         |
|    ep_rew_mean          | -62.1       |
| time/                   |             |
|    fps                  | 936         |
|    iterations           | 79          |
|    time_elapsed         | 691         |
|    total_timesteps      | 647168      |
| train/                  |             |
|    approx_kl            | 0.016799947 |
|    clip_fraction        | 0.176       |
|    clip_range           | 0.2         |
|    entropy_loss         | -2.34       |
|    explained_variance   | 0.98        |
|    learning_rate        | 0.0003      |
|    loss                 | 0.276       |
|    n_updates            | 11500       |
|    policy_gradient_loss | 0.000261    |
|    std                  | 0.434       |
|    value_loss           | 1.49        |
-----------------------------------------
----------------------------------------
| rollout/                |            |
|    ep_len_mean          | 303        |
|    ep_rew_mean          | -62.6      |
| time/                   |            |
|    fps                  | 936        |
|    iterations           | 80         |
|    time_elapsed         | 699        |
|    total_timesteps      | 655360     |
| train/                  |            |
|    approx_kl            | 0.01717481 |
|    clip_fraction        | 0.162      |
|    clip_range           | 0.2        |
|    entropy_loss         | -2.31      |
|    explained_variance   | 0.933      |
|    learning_rate        | 0.0003     |
|    loss                 | 0.434      |
|    n_updates            | 11510      |
|    policy_gradient_loss | -0.00682   |
|    std                  | 0.434      |
|    value_loss           | 4.97       |
----------------------------------------
-----------------------------------------
| rollout/                |             |
|    ep_len_mean          | 348         |
|    ep_rew_mean          | -71.6       |
| time/                   |             |
|    fps                  | 937         |
|    iterations           | 81          |
|    time_elapsed         | 707         |
|    total_timesteps      | 663552      |
| train/                  |             |
|    approx_kl            | 0.012253065 |
|    clip_fraction        | 0.144       |
|    clip_range           | 0.2         |
|    entropy_loss         | -2.34       |
|    explained_variance   | 0.807       |
|    learning_rate        | 0.0003      |
|    loss                 | 1.81        |
|    n_updates            | 11520       |
|    policy_gradient_loss | -0.00344    |
|    std                  | 0.439       |
|    value_loss           | 4.73        |
-----------------------------------------
-----------------------------------------
| rollout/                |             |
|    ep_len_mean          | 360         |
|    ep_rew_mean          | -67.5       |
| time/                   |             |
|    fps                  | 937         |
|    iterations           | 82          |
|    time_elapsed         | 716         |
|    total_timesteps      | 671744      |
| train/                  |             |
|    approx_kl            | 0.018038392 |
|    clip_fraction        | 0.168       |
|    clip_range           | 0.2         |
|    entropy_loss         | -2.37       |
|    explained_variance   | 0.869       |
|    learning_rate        | 0.0003      |
|    loss                 | 0.377       |
|    n_updates            | 11530       |
|    policy_gradient_loss | -0.0053     |
|    std                  | 0.44        |
|    value_loss           | 3.86        |
-----------------------------------------
-----------------------------------------
| rollout/                |             |
|    ep_len_mean          | 394         |
|    ep_rew_mean          | -92.3       |
| time/                   |             |
|    fps                  | 938         |
|    iterations           | 83          |
|    time_elapsed         | 724         |
|    total_timesteps      | 679936      |
| train/                  |             |
|    approx_kl            | 0.015360806 |
|    clip_fraction        | 0.13        |
|    clip_range           | 0.2         |
|    entropy_loss         | -2.37       |
|    explained_variance   | 0.943       |
|    learning_rate        | 0.0003      |
|    loss                 | 0.633       |
|    n_updates            | 11540       |
|    policy_gradient_loss | 0.00221     |
|    std                  | 0.438       |
|    value_loss           | 5.09        |
-----------------------------------------
-----------------------------------------
| rollout/                |             |
|    ep_len_mean          | 406         |
|    ep_rew_mean          | -101        |
| time/                   |             |
|    fps                  | 938         |
|    iterations           | 84          |
|    time_elapsed         | 732         |
|    total_timesteps      | 688128      |
| train/                  |             |
|    approx_kl            | 0.012477445 |
|    clip_fraction        | 0.132       |
|    clip_range           | 0.2         |
|    entropy_loss         | -2.37       |
|    explained_variance   | 0.972       |
|    learning_rate        | 0.0003      |
|    loss                 | 0.531       |
|    n_updates            | 11550       |
|    policy_gradient_loss | 0.00223     |
|    std                  | 0.44        |
|    value_loss           | 2.27        |
-----------------------------------------
-----------------------------------------
| rollout/                |             |
|    ep_len_mean          | 402         |
|    ep_rew_mean          | -103        |
| time/                   |             |
|    fps                  | 939         |
|    iterations           | 85          |
|    time_elapsed         | 741         |
|    total_timesteps      | 696320      |
| train/                  |             |
|    approx_kl            | 0.013960867 |
|    clip_fraction        | 0.18        |
|    clip_range           | 0.2         |
|    entropy_loss         | -2.4        |
|    explained_variance   | 0.951       |
|    learning_rate        | 0.0003      |
|    loss                 | 0.374       |
|    n_updates            | 11560       |
|    policy_gradient_loss | -0.000562   |
|    std                  | 0.444       |
|    value_loss           | 2.41        |
-----------------------------------------
-----------------------------------------
| rollout/                |             |
|    ep_len_mean          | 402         |
|    ep_rew_mean          | -109        |
| time/                   |             |
|    fps                  | 939         |
|    iterations           | 86          |
|    time_elapsed         | 749         |
|    total_timesteps      | 704512      |
| train/                  |             |
|    approx_kl            | 0.009936484 |
|    clip_fraction        | 0.0995      |
|    clip_range           | 0.2         |
|    entropy_loss         | -2.42       |
|    explained_variance   | 0.98        |
|    learning_rate        | 0.0003      |
|    loss                 | 3.3         |
|    n_updates            | 11570       |
|    policy_gradient_loss | -0.00175    |
|    std                  | 0.444       |
|    value_loss           | 8.47        |
-----------------------------------------
-----------------------------------------
| rollout/                |             |
|    ep_len_mean          | 380         |
|    ep_rew_mean          | -95         |
| time/                   |             |
|    fps                  | 939         |
|    iterations           | 87          |
|    time_elapsed         | 758         |
|    total_timesteps      | 712704      |
| train/                  |             |
|    approx_kl            | 0.015285987 |
|    clip_fraction        | 0.147       |
|    clip_range           | 0.2         |
|    entropy_loss         | -2.43       |
|    explained_variance   | 0.961       |
|    learning_rate        | 0.0003      |
|    loss                 | 1.61        |
|    n_updates            | 11580       |
|    policy_gradient_loss | -0.00277    |
|    std                  | 0.447       |
|    value_loss           | 7.02        |
-----------------------------------------
-----------------------------------------
| rollout/                |             |
|    ep_len_mean          | 357         |
|    ep_rew_mean          | -78.8       |
| time/                   |             |
|    fps                  | 940         |
|    iterations           | 88          |
|    time_elapsed         | 766         |
|    total_timesteps      | 720896      |
| train/                  |             |
|    approx_kl            | 0.014971951 |
|    clip_fraction        | 0.201       |
|    clip_range           | 0.2         |
|    entropy_loss         | -2.44       |
|    explained_variance   | 0.943       |
|    learning_rate        | 0.0003      |
|    loss                 | 3.65        |
|    n_updates            | 11590       |
|    policy_gradient_loss | -0.00328    |
|    std                  | 0.449       |
|    value_loss           | 2.85        |
-----------------------------------------
------------------------------------------
| rollout/                |              |
|    ep_len_mean          | 356          |
|    ep_rew_mean          | -86.3        |
| time/                   |              |
|    fps                  | 940          |
|    iterations           | 89           |
|    time_elapsed         | 775          |
|    total_timesteps      | 729088       |
| train/                  |              |
|    approx_kl            | 0.0143301245 |
|    clip_fraction        | 0.177        |
|    clip_range           | 0.2          |
|    entropy_loss         | -2.45        |
|    explained_variance   | 0.968        |
|    learning_rate        | 0.0003       |
|    loss                 | 0.499        |
|    n_updates            | 11600        |
|    policy_gradient_loss | -0.00265     |
|    std                  | 0.449        |
|    value_loss           | 4.13         |
------------------------------------------
-----------------------------------------
| rollout/                |             |
|    ep_len_mean          | 339         |
|    ep_rew_mean          | -67.9       |
| time/                   |             |
|    fps                  | 941         |
|    iterations           | 90          |
|    time_elapsed         | 783         |
|    total_timesteps      | 737280      |
| train/                  |             |
|    approx_kl            | 0.014356066 |
|    clip_fraction        | 0.145       |
|    clip_range           | 0.2         |
|    entropy_loss         | -2.47       |
|    explained_variance   | 0.984       |
|    learning_rate        | 0.0003      |
|    loss                 | 10.4        |
|    n_updates            | 11610       |
|    policy_gradient_loss | -0.00131    |
|    std                  | 0.452       |
|    value_loss           | 4.22        |
-----------------------------------------
-----------------------------------------
| rollout/                |             |
|    ep_len_mean          | 356         |
|    ep_rew_mean          | -85.9       |
| time/                   |             |
|    fps                  | 941         |
|    iterations           | 91          |
|    time_elapsed         | 791         |
|    total_timesteps      | 745472      |
| train/                  |             |
|    approx_kl            | 0.009531541 |
|    clip_fraction        | 0.0957      |
|    clip_range           | 0.2         |
|    entropy_loss         | -2.5        |
|    explained_variance   | 0.982       |
|    learning_rate        | 0.0003      |
|    loss                 | 1.15        |
|    n_updates            | 11620       |
|    policy_gradient_loss | -0.00571    |
|    std                  | 0.456       |
|    value_loss           | 15.3        |
-----------------------------------------
------------------------------------------
| rollout/                |              |
|    ep_len_mean          | 368          |
|    ep_rew_mean          | -98.7        |
| time/                   |              |
|    fps                  | 942          |
|    iterations           | 92           |
|    time_elapsed         | 800          |
|    total_timesteps      | 753664       |
| train/                  |              |
|    approx_kl            | 0.0150228115 |
|    clip_fraction        | 0.176        |
|    clip_range           | 0.2          |
|    entropy_loss         | -2.53        |
|    explained_variance   | 0.978        |
|    learning_rate        | 0.0003       |
|    loss                 | 1.28         |
|    n_updates            | 11630        |
|    policy_gradient_loss | -0.00251     |
|    std                  | 0.459        |
|    value_loss           | 9.29         |
------------------------------------------
----------------------------------------
| rollout/                |            |
|    ep_len_mean          | 357        |
|    ep_rew_mean          | -93.6      |
| time/                   |            |
|    fps                  | 942        |
|    iterations           | 93         |
|    time_elapsed         | 808        |
|    total_timesteps      | 761856     |
| train/                  |            |
|    approx_kl            | 0.01313067 |
|    clip_fraction        | 0.142      |
|    clip_range           | 0.2        |
|    entropy_loss         | -2.55      |
|    explained_variance   | 0.979      |
|    learning_rate        | 0.0003     |
|    loss                 | 2.86       |
|    n_updates            | 11640      |
|    policy_gradient_loss | -0.00326   |
|    std                  | 0.46       |
|    value_loss           | 13.4       |
----------------------------------------
-----------------------------------------
| rollout/                |             |
|    ep_len_mean          | 367         |
|    ep_rew_mean          | -100        |
| time/                   |             |
|    fps                  | 942         |
|    iterations           | 94          |
|    time_elapsed         | 816         |
|    total_timesteps      | 770048      |
| train/                  |             |
|    approx_kl            | 0.015337208 |
|    clip_fraction        | 0.207       |
|    clip_range           | 0.2         |
|    entropy_loss         | -2.57       |
|    explained_variance   | 0.948       |
|    learning_rate        | 0.0003      |
|    loss                 | 0.425       |
|    n_updates            | 11650       |
|    policy_gradient_loss | 0.00297     |
|    std                  | 0.462       |
|    value_loss           | 1.38        |
-----------------------------------------
-----------------------------------------
| rollout/                |             |
|    ep_len_mean          | 374         |
|    ep_rew_mean          | -86.1       |
| time/                   |             |
|    fps                  | 943         |
|    iterations           | 95          |
|    time_elapsed         | 825         |
|    total_timesteps      | 778240      |
| train/                  |             |
|    approx_kl            | 0.016154995 |
|    clip_fraction        | 0.137       |
|    clip_range           | 0.2         |
|    entropy_loss         | -2.56       |
|    explained_variance   | 0.913       |
|    learning_rate        | 0.0003      |
|    loss                 | 0.408       |
|    n_updates            | 11660       |
|    policy_gradient_loss | -0.00187    |
|    std                  | 0.459       |
|    value_loss           | 6.63        |
-----------------------------------------
-----------------------------------------
| rollout/                |             |
|    ep_len_mean          | 384         |
|    ep_rew_mean          | -91.1       |
| time/                   |             |
|    fps                  | 943         |
|    iterations           | 96          |
|    time_elapsed         | 833         |
|    total_timesteps      | 786432      |
| train/                  |             |
|    approx_kl            | 0.014603875 |
|    clip_fraction        | 0.164       |
|    clip_range           | 0.2         |
|    entropy_loss         | -2.56       |
|    explained_variance   | 0.903       |
|    learning_rate        | 0.0003      |
|    loss                 | 0.57        |
|    n_updates            | 11670       |
|    policy_gradient_loss | -0.00614    |
|    std                  | 0.463       |
|    value_loss           | 2.77        |
-----------------------------------------
-----------------------------------------
| rollout/                |             |
|    ep_len_mean          | 363         |
|    ep_rew_mean          | -75.9       |
| time/                   |             |
|    fps                  | 943         |
|    iterations           | 97          |
|    time_elapsed         | 841         |
|    total_timesteps      | 794624      |
| train/                  |             |
|    approx_kl            | 0.016614059 |
|    clip_fraction        | 0.136       |
|    clip_range           | 0.2         |
|    entropy_loss         | -2.56       |
|    explained_variance   | 0.923       |
|    learning_rate        | 0.0003      |
|    loss                 | 1.8         |
|    n_updates            | 11680       |
|    policy_gradient_loss | -0.000642   |
|    std                  | 0.461       |
|    value_loss           | 5.71        |
-----------------------------------------
[PeriodicArtifactCallback] step 800000: running periodic self-monitoring analysis...
[PeriodicArtifactCallback] analysis written to C:\GitHub\HumanoidRobot\simulation\training\pick_place\runs\pp_v13\analysis_800000.md (stalled=False)
[PeriodicArtifactCallback] step 800000: saving checkpoint, evaluating, rendering...
[PeriodicArtifactCallback] step 800000: success_rate=0.00 pick_success_rate=0.30 mean_reward=-114.77 -> C:\GitHub\HumanoidRobot\simulation\training\pick_place\runs\pp_v13\dashboard.html
-----------------------------------------
| rollout/                |             |
|    ep_len_mean          | 357         |
|    ep_rew_mean          | -70.4       |
| time/                   |             |
|    fps                  | 923         |
|    iterations           | 98          |
|    time_elapsed         | 869         |
|    total_timesteps      | 802816      |
| train/                  |             |
|    approx_kl            | 0.016113438 |
|    clip_fraction        | 0.128       |
|    clip_range           | 0.2         |
|    entropy_loss         | -2.58       |
|    explained_variance   | 0.974       |
|    learning_rate        | 0.0003      |
|    loss                 | 1.27        |
|    n_updates            | 11690       |
|    policy_gradient_loss | 5.32e-05    |
|    std                  | 0.467       |
|    value_loss           | 4.9         |
-----------------------------------------
-----------------------------------------
| rollout/                |             |
|    ep_len_mean          | 350         |
|    ep_rew_mean          | -84.1       |
| time/                   |             |
|    fps                  | 923         |
|    iterations           | 99          |
|    time_elapsed         | 877         |
|    total_timesteps      | 811008      |
| train/                  |             |
|    approx_kl            | 0.011075067 |
|    clip_fraction        | 0.109       |
|    clip_range           | 0.2         |
|    entropy_loss         | -2.61       |
|    explained_variance   | 0.965       |
|    learning_rate        | 0.0003      |
|    loss                 | 1.78        |
|    n_updates            | 11700       |
|    policy_gradient_loss | -0.0054     |
|    std                  | 0.469       |
|    value_loss           | 11          |
-----------------------------------------
-----------------------------------------
| rollout/                |             |
|    ep_len_mean          | 359         |
|    ep_rew_mean          | -93.1       |
| time/                   |             |
|    fps                  | 924         |
|    iterations           | 100         |
|    time_elapsed         | 886         |
|    total_timesteps      | 819200      |
| train/                  |             |
|    approx_kl            | 0.012003107 |
|    clip_fraction        | 0.144       |
|    clip_range           | 0.2         |
|    entropy_loss         | -2.63       |
|    explained_variance   | 0.983       |
|    learning_rate        | 0.0003      |
|    loss                 | 10.9        |
|    n_updates            | 11710       |
|    policy_gradient_loss | -0.00346    |
|    std                  | 0.47        |
|    value_loss           | 5.92        |
-----------------------------------------
----------------------------------------
| rollout/                |            |
|    ep_len_mean          | 356        |
|    ep_rew_mean          | -98        |
| time/                   |            |
|    fps                  | 924        |
|    iterations           | 101        |
|    time_elapsed         | 894        |
|    total_timesteps      | 827392     |
| train/                  |            |
|    approx_kl            | 0.01413658 |
|    clip_fraction        | 0.147      |
|    clip_range           | 0.2        |
|    entropy_loss         | -2.63      |
|    explained_variance   | 0.986      |
|    learning_rate        | 0.0003     |
|    loss                 | 0.441      |
|    n_updates            | 11720      |
|    policy_gradient_loss | -0.00403   |
|    std                  | 0.471      |
|    value_loss           | 2.44       |
----------------------------------------
-----------------------------------------
| rollout/                |             |
|    ep_len_mean          | 373         |
|    ep_rew_mean          | -101        |
| time/                   |             |
|    fps                  | 925         |
|    iterations           | 102         |
|    time_elapsed         | 903         |
|    total_timesteps      | 835584      |
| train/                  |             |
|    approx_kl            | 0.013068222 |
|    clip_fraction        | 0.131       |
|    clip_range           | 0.2         |
|    entropy_loss         | -2.64       |
|    explained_variance   | 0.979       |
|    learning_rate        | 0.0003      |
|    loss                 | 16.2        |
|    n_updates            | 11730       |
|    policy_gradient_loss | -0.00363    |
|    std                  | 0.471       |
|    value_loss           | 10.4        |
-----------------------------------------
-----------------------------------------
| rollout/                |             |
|    ep_len_mean          | 365         |
|    ep_rew_mean          | -97.6       |
| time/                   |             |
|    fps                  | 925         |
|    iterations           | 103         |
|    time_elapsed         | 911         |
|    total_timesteps      | 843776      |
| train/                  |             |
|    approx_kl            | 0.014404681 |
|    clip_fraction        | 0.145       |
|    clip_range           | 0.2         |
|    entropy_loss         | -2.66       |
|    explained_variance   | 0.955       |
|    learning_rate        | 0.0003      |
|    loss                 | 1.37        |
|    n_updates            | 11740       |
|    policy_gradient_loss | -0.00298    |
|    std                  | 0.476       |
|    value_loss           | 13.5        |
-----------------------------------------
-----------------------------------------
| rollout/                |             |
|    ep_len_mean          | 380         |
|    ep_rew_mean          | -92.9       |
| time/                   |             |
|    fps                  | 926         |
|    iterations           | 104         |
|    time_elapsed         | 919         |
|    total_timesteps      | 851968      |
| train/                  |             |
|    approx_kl            | 0.013430091 |
|    clip_fraction        | 0.154       |
|    clip_range           | 0.2         |
|    entropy_loss         | -2.68       |
|    explained_variance   | 0.988       |
|    learning_rate        | 0.0003      |
|    loss                 | 2.33        |
|    n_updates            | 11750       |
|    policy_gradient_loss | -0.00191    |
|    std                  | 0.476       |
|    value_loss           | 7.03        |
-----------------------------------------
----------------------------------------
| rollout/                |            |
|    ep_len_mean          | 375        |
|    ep_rew_mean          | -98        |
| time/                   |            |
|    fps                  | 926        |
|    iterations           | 105        |
|    time_elapsed         | 928        |
|    total_timesteps      | 860160     |
| train/                  |            |
|    approx_kl            | 0.01240481 |
|    clip_fraction        | 0.13       |
|    clip_range           | 0.2        |
|    entropy_loss         | -2.66      |
|    explained_variance   | 0.986      |
|    learning_rate        | 0.0003     |
|    loss                 | 17.2       |
|    n_updates            | 11760      |
|    policy_gradient_loss | -0.00471   |
|    std                  | 0.472      |
|    value_loss           | 9.41       |
----------------------------------------
-----------------------------------------
| rollout/                |             |
|    ep_len_mean          | 387         |
|    ep_rew_mean          | -100        |
| time/                   |             |
|    fps                  | 926         |
|    iterations           | 106         |
|    time_elapsed         | 936         |
|    total_timesteps      | 868352      |
| train/                  |             |
|    approx_kl            | 0.016998975 |
|    clip_fraction        | 0.167       |
|    clip_range           | 0.2         |
|    entropy_loss         | -2.67       |
|    explained_variance   | 0.98        |
|    learning_rate        | 0.0003      |
|    loss                 | 1.37        |
|    n_updates            | 11770       |
|    policy_gradient_loss | -0.0067     |
|    std                  | 0.476       |
|    value_loss           | 5.18        |
-----------------------------------------
-----------------------------------------
| rollout/                |             |
|    ep_len_mean          | 360         |
|    ep_rew_mean          | -95.2       |
| time/                   |             |
|    fps                  | 927         |
|    iterations           | 107         |
|    time_elapsed         | 945         |
|    total_timesteps      | 876544      |
| train/                  |             |
|    approx_kl            | 0.015396022 |
|    clip_fraction        | 0.138       |
|    clip_range           | 0.2         |
|    entropy_loss         | -2.66       |
|    explained_variance   | 0.951       |
|    learning_rate        | 0.0003      |
|    loss                 | 1.5         |
|    n_updates            | 11780       |
|    policy_gradient_loss | -0.00335    |
|    std                  | 0.475       |
|    value_loss           | 9.13        |
-----------------------------------------
-----------------------------------------
| rollout/                |             |
|    ep_len_mean          | 365         |
|    ep_rew_mean          | -89.4       |
| time/                   |             |
|    fps                  | 927         |
|    iterations           | 108         |
|    time_elapsed         | 953         |
|    total_timesteps      | 884736      |
| train/                  |             |
|    approx_kl            | 0.017629411 |
|    clip_fraction        | 0.201       |
|    clip_range           | 0.2         |
|    entropy_loss         | -2.65       |
|    explained_variance   | 0.982       |
|    learning_rate        | 0.0003      |
|    loss                 | 0.237       |
|    n_updates            | 11790       |
|    policy_gradient_loss | -0.0052     |
|    std                  | 0.473       |
|    value_loss           | 2.56        |
-----------------------------------------
-----------------------------------------
| rollout/                |             |
|    ep_len_mean          | 359         |
|    ep_rew_mean          | -71.7       |
| time/                   |             |
|    fps                  | 928         |
|    iterations           | 109         |
|    time_elapsed         | 961         |
|    total_timesteps      | 892928      |
| train/                  |             |
|    approx_kl            | 0.018997338 |
|    clip_fraction        | 0.202       |
|    clip_range           | 0.2         |
|    entropy_loss         | -2.61       |
|    explained_variance   | 0.917       |
|    learning_rate        | 0.0003      |
|    loss                 | 1.18        |
|    n_updates            | 11800       |
|    policy_gradient_loss | -0.00583    |
|    std                  | 0.468       |
|    value_loss           | 1.81        |
-----------------------------------------
-----------------------------------------
| rollout/                |             |
|    ep_len_mean          | 365         |
|    ep_rew_mean          | -72.9       |
| time/                   |             |
|    fps                  | 928         |
|    iterations           | 110         |
|    time_elapsed         | 970         |
|    total_timesteps      | 901120      |
| train/                  |             |
|    approx_kl            | 0.015766837 |
|    clip_fraction        | 0.162       |
|    clip_range           | 0.2         |
|    entropy_loss         | -2.59       |
|    explained_variance   | 0.935       |
|    learning_rate        | 0.0003      |
|    loss                 | 0.982       |
|    n_updates            | 11810       |
|    policy_gradient_loss | -0.00269    |
|    std                  | 0.467       |
|    value_loss           | 4.41        |
-----------------------------------------
-----------------------------------------
| rollout/                |             |
|    ep_len_mean          | 382         |
|    ep_rew_mean          | -72.7       |
| time/                   |             |
|    fps                  | 929         |
|    iterations           | 111         |
|    time_elapsed         | 978         |
|    total_timesteps      | 909312      |
| train/                  |             |
|    approx_kl            | 0.017320197 |
|    clip_fraction        | 0.15        |
|    clip_range           | 0.2         |
|    entropy_loss         | -2.59       |
|    explained_variance   | 0.84        |
|    learning_rate        | 0.0003      |
|    loss                 | 0.71        |
|    n_updates            | 11820       |
|    policy_gradient_loss | -0.00387    |
|    std                  | 0.466       |
|    value_loss           | 3.97        |
-----------------------------------------
-----------------------------------------
| rollout/                |             |
|    ep_len_mean          | 411         |
|    ep_rew_mean          | -75.6       |
| time/                   |             |
|    fps                  | 929         |
|    iterations           | 112         |
|    time_elapsed         | 987         |
|    total_timesteps      | 917504      |
| train/                  |             |
|    approx_kl            | 0.015897673 |
|    clip_fraction        | 0.168       |
|    clip_range           | 0.2         |
|    entropy_loss         | -2.57       |
|    explained_variance   | 0.94        |
|    learning_rate        | 0.0003      |
|    loss                 | 0.762       |
|    n_updates            | 11830       |
|    policy_gradient_loss | -0.00341    |
|    std                  | 0.462       |
|    value_loss           | 1.63        |
-----------------------------------------
-----------------------------------------
| rollout/                |             |
|    ep_len_mean          | 388         |
|    ep_rew_mean          | -69.3       |
| time/                   |             |
|    fps                  | 929         |
|    iterations           | 113         |
|    time_elapsed         | 995         |
|    total_timesteps      | 925696      |
| train/                  |             |
|    approx_kl            | 0.009624108 |
|    clip_fraction        | 0.0947      |
|    clip_range           | 0.2         |
|    entropy_loss         | -2.55       |
|    explained_variance   | 0.918       |
|    learning_rate        | 0.0003      |
|    loss                 | 2.28        |
|    n_updates            | 11840       |
|    policy_gradient_loss | -0.00654    |
|    std                  | 0.461       |
|    value_loss           | 7.05        |
-----------------------------------------
-----------------------------------------
| rollout/                |             |
|    ep_len_mean          | 399         |
|    ep_rew_mean          | -72.6       |
| time/                   |             |
|    fps                  | 930         |
|    iterations           | 114         |
|    time_elapsed         | 1003        |
|    total_timesteps      | 933888      |
| train/                  |             |
|    approx_kl            | 0.014340593 |
|    clip_fraction        | 0.181       |
|    clip_range           | 0.2         |
|    entropy_loss         | -2.54       |
|    explained_variance   | 0.975       |
|    learning_rate        | 0.0003      |
|    loss                 | 0.128       |
|    n_updates            | 11850       |
|    policy_gradient_loss | -0.00122    |
|    std                  | 0.459       |
|    value_loss           | 0.861       |
-----------------------------------------
-----------------------------------------
| rollout/                |             |
|    ep_len_mean          | 398         |
|    ep_rew_mean          | -75.9       |
| time/                   |             |
|    fps                  | 930         |
|    iterations           | 115         |
|    time_elapsed         | 1012        |
|    total_timesteps      | 942080      |
| train/                  |             |
|    approx_kl            | 0.014865245 |
|    clip_fraction        | 0.167       |
|    clip_range           | 0.2         |
|    entropy_loss         | -2.52       |
|    explained_variance   | 0.923       |
|    learning_rate        | 0.0003      |
|    loss                 | 0.329       |
|    n_updates            | 11860       |
|    policy_gradient_loss | -0.00289    |
|    std                  | 0.458       |
|    value_loss           | 1.99        |
-----------------------------------------
-----------------------------------------
| rollout/                |             |
|    ep_len_mean          | 416         |
|    ep_rew_mean          | -78.9       |
| time/                   |             |
|    fps                  | 930         |
|    iterations           | 116         |
|    time_elapsed         | 1020        |
|    total_timesteps      | 950272      |
| train/                  |             |
|    approx_kl            | 0.013780773 |
|    clip_fraction        | 0.183       |
|    clip_range           | 0.2         |
|    entropy_loss         | -2.5        |
|    explained_variance   | 0.921       |
|    learning_rate        | 0.0003      |
|    loss                 | 0.763       |
|    n_updates            | 11870       |
|    policy_gradient_loss | -0.0023     |
|    std                  | 0.454       |
|    value_loss           | 2.95        |
-----------------------------------------
-----------------------------------------
| rollout/                |             |
|    ep_len_mean          | 428         |
|    ep_rew_mean          | -81.7       |
| time/                   |             |
|    fps                  | 931         |
|    iterations           | 117         |
|    time_elapsed         | 1029        |
|    total_timesteps      | 958464      |
| train/                  |             |
|    approx_kl            | 0.013389826 |
|    clip_fraction        | 0.181       |
|    clip_range           | 0.2         |
|    entropy_loss         | -2.49       |
|    explained_variance   | 0.916       |
|    learning_rate        | 0.0003      |
|    loss                 | 0.534       |
|    n_updates            | 11880       |
|    policy_gradient_loss | -0.00446    |
|    std                  | 0.453       |
|    value_loss           | 1.52        |
-----------------------------------------
-----------------------------------------
| rollout/                |             |
|    ep_len_mean          | 434         |
|    ep_rew_mean          | -88.1       |
| time/                   |             |
|    fps                  | 931         |
|    iterations           | 118         |
|    time_elapsed         | 1037        |
|    total_timesteps      | 966656      |
| train/                  |             |
|    approx_kl            | 0.010290282 |
|    clip_fraction        | 0.104       |
|    clip_range           | 0.2         |
|    entropy_loss         | -2.5        |
|    explained_variance   | 0.719       |
|    learning_rate        | 0.0003      |
|    loss                 | 0.0964      |
|    n_updates            | 11890       |
|    policy_gradient_loss | 0.000342    |
|    std                  | 0.457       |
|    value_loss           | 2.28        |
-----------------------------------------
-----------------------------------------
| rollout/                |             |
|    ep_len_mean          | 440         |
|    ep_rew_mean          | -89.1       |
| time/                   |             |
|    fps                  | 931         |
|    iterations           | 119         |
|    time_elapsed         | 1046        |
|    total_timesteps      | 974848      |
| train/                  |             |
|    approx_kl            | 0.013203927 |
|    clip_fraction        | 0.14        |
|    clip_range           | 0.2         |
|    entropy_loss         | -2.5        |
|    explained_variance   | 0.921       |
|    learning_rate        | 0.0003      |
|    loss                 | 0.956       |
|    n_updates            | 11900       |
|    policy_gradient_loss | -0.00194    |
|    std                  | 0.456       |
|    value_loss           | 1.85        |
-----------------------------------------
-----------------------------------------
| rollout/                |             |
|    ep_len_mean          | 457         |
|    ep_rew_mean          | -98.3       |
| time/                   |             |
|    fps                  | 932         |
|    iterations           | 120         |
|    time_elapsed         | 1054        |
|    total_timesteps      | 983040      |
| train/                  |             |
|    approx_kl            | 0.010316757 |
|    clip_fraction        | 0.0901      |
|    clip_range           | 0.2         |
|    entropy_loss         | -2.51       |
|    explained_variance   | 0.906       |
|    learning_rate        | 0.0003      |
|    loss                 | 0.452       |
|    n_updates            | 11910       |
|    policy_gradient_loss | -0.00116    |
|    std                  | 0.457       |
|    value_loss           | 7.07        |
-----------------------------------------
-----------------------------------------
| rollout/                |             |
|    ep_len_mean          | 454         |
|    ep_rew_mean          | -111        |
| time/                   |             |
|    fps                  | 932         |
|    iterations           | 121         |
|    time_elapsed         | 1062        |
|    total_timesteps      | 991232      |
| train/                  |             |
|    approx_kl            | 0.009158469 |
|    clip_fraction        | 0.0895      |
|    clip_range           | 0.2         |
|    entropy_loss         | -2.53       |
|    explained_variance   | 0.911       |
|    learning_rate        | 0.0003      |
|    loss                 | 6.81        |
|    n_updates            | 11920       |
|    policy_gradient_loss | -0.00592    |
|    std                  | 0.459       |
|    value_loss           | 8.95        |
-----------------------------------------
-----------------------------------------
| rollout/                |             |
|    ep_len_mean          | 466         |
|    ep_rew_mean          | -116        |
| time/                   |             |
|    fps                  | 933         |
|    iterations           | 122         |
|    time_elapsed         | 1071        |
|    total_timesteps      | 999424      |
| train/                  |             |
|    approx_kl            | 0.016045462 |
|    clip_fraction        | 0.145       |
|    clip_range           | 0.2         |
|    entropy_loss         | -2.54       |
|    explained_variance   | 0.94        |
|    learning_rate        | 0.0003      |
|    loss                 | 9.51        |
|    n_updates            | 11930       |
|    policy_gradient_loss | -0.00498    |
|    std                  | 0.461       |
|    value_loss           | 6.52        |
-----------------------------------------
[PeriodicArtifactCallback] step 1000000: saving checkpoint, evaluating, rendering...
[PeriodicArtifactCallback] step 1000000: success_rate=0.00 pick_success_rate=0.20 mean_reward=-101.82 -> C:\GitHub\HumanoidRobot\simulation\training\pick_place\runs\pp_v13\dashboard.html
----------------------------------------
| rollout/                |            |
|    ep_len_mean          | 439        |
|    ep_rew_mean          | -101       |
| time/                   |            |
|    fps                  | 923        |
|    iterations           | 123        |
|    time_elapsed         | 1090       |
|    total_timesteps      | 1007616    |
| train/                  |            |
|    approx_kl            | 0.01408525 |
|    clip_fraction        | 0.236      |
|    clip_range           | 0.2        |
|    entropy_loss         | -2.53      |
|    explained_variance   | 0.801      |
|    learning_rate        | 0.0003     |
|    loss                 | 0.763      |
|    n_updates            | 11940      |
|    policy_gradient_loss | -0.000972  |
|    std                  | 0.46       |
|    value_loss           | 3.36       |
----------------------------------------
----------------------------------------
| rollout/                |            |
|    ep_len_mean          | 413        |
|    ep_rew_mean          | -95        |
| time/                   |            |
|    fps                  | 924        |
|    iterations           | 124        |
|    time_elapsed         | 1099       |
|    total_timesteps      | 1015808    |
| train/                  |            |
|    approx_kl            | 0.02051286 |
|    clip_fraction        | 0.162      |
|    clip_range           | 0.2        |
|    entropy_loss         | -2.52      |
|    explained_variance   | 0.92       |
|    learning_rate        | 0.0003     |
|    loss                 | 0.86       |
|    n_updates            | 11950      |
|    policy_gradient_loss | -0.00128   |
|    std                  | 0.458      |
|    value_loss           | 2.4        |
----------------------------------------
-----------------------------------------
| rollout/                |             |
|    ep_len_mean          | 397         |
|    ep_rew_mean          | -84.2       |
| time/                   |             |
|    fps                  | 924         |
|    iterations           | 125         |
|    time_elapsed         | 1107        |
|    total_timesteps      | 1024000     |
| train/                  |             |
|    approx_kl            | 0.013470521 |
|    clip_fraction        | 0.156       |
|    clip_range           | 0.2         |
|    entropy_loss         | -2.52       |
|    explained_variance   | 0.94        |
|    learning_rate        | 0.0003      |
|    loss                 | 0.889       |
|    n_updates            | 11960       |
|    policy_gradient_loss | -0.00236    |
|    std                  | 0.459       |
|    value_loss           | 2.28        |
-----------------------------------------
-----------------------------------------
| rollout/                |             |
|    ep_len_mean          | 394         |
|    ep_rew_mean          | -80         |
| time/                   |             |
|    fps                  | 925         |
|    iterations           | 126         |
|    time_elapsed         | 1115        |
|    total_timesteps      | 1032192     |
| train/                  |             |
|    approx_kl            | 0.008648412 |
|    clip_fraction        | 0.0914      |
|    clip_range           | 0.2         |
|    entropy_loss         | -2.53       |
|    explained_variance   | 0.816       |
|    learning_rate        | 0.0003      |
|    loss                 | 1.9         |
|    n_updates            | 11970       |
|    policy_gradient_loss | -0.000532   |
|    std                  | 0.463       |
|    value_loss           | 2.83        |
-----------------------------------------
-----------------------------------------
| rollout/                |             |
|    ep_len_mean          | 369         |
|    ep_rew_mean          | -76.8       |
| time/                   |             |
|    fps                  | 926         |
|    iterations           | 127         |
|    time_elapsed         | 1123        |
|    total_timesteps      | 1040384     |
| train/                  |             |
|    approx_kl            | 0.009136129 |
|    clip_fraction        | 0.0894      |
|    clip_range           | 0.2         |
|    entropy_loss         | -2.56       |
|    explained_variance   | 0.881       |
|    learning_rate        | 0.0003      |
|    loss                 | 0.444       |
|    n_updates            | 11980       |
|    policy_gradient_loss | 0.000886    |
|    std                  | 0.467       |
|    value_loss           | 4.54        |
-----------------------------------------
-----------------------------------------
| rollout/                |             |
|    ep_len_mean          | 403         |
|    ep_rew_mean          | -91         |
| time/                   |             |
|    fps                  | 926         |
|    iterations           | 128         |
|    time_elapsed         | 1131        |
|    total_timesteps      | 1048576     |
| train/                  |             |
|    approx_kl            | 0.013197409 |
|    clip_fraction        | 0.11        |
|    clip_range           | 0.2         |
|    entropy_loss         | -2.6        |
|    explained_variance   | 0.933       |
|    learning_rate        | 0.0003      |
|    loss                 | 4.53        |
|    n_updates            | 11990       |
|    policy_gradient_loss | -0.00483    |
|    std                  | 0.472       |
|    value_loss           | 7.08        |
-----------------------------------------
----------------------------------------
| rollout/                |            |
|    ep_len_mean          | 441        |
|    ep_rew_mean          | -102       |
| time/                   |            |
|    fps                  | 927        |
|    iterations           | 129        |
|    time_elapsed         | 1139       |
|    total_timesteps      | 1056768    |
| train/                  |            |
|    approx_kl            | 0.01467607 |
|    clip_fraction        | 0.224      |
|    clip_range           | 0.2        |
|    entropy_loss         | -2.62      |
|    explained_variance   | 0.803      |
|    learning_rate        | 0.0003     |
|    loss                 | 1.19       |
|    n_updates            | 12000      |
|    policy_gradient_loss | -0.00104   |
|    std                  | 0.469      |
|    value_loss           | 3.08       |
----------------------------------------
-----------------------------------------
| rollout/                |             |
|    ep_len_mean          | 440         |
|    ep_rew_mean          | -108        |
| time/                   |             |
|    fps                  | 927         |
|    iterations           | 130         |
|    time_elapsed         | 1148        |
|    total_timesteps      | 1064960     |
| train/                  |             |
|    approx_kl            | 0.012773562 |
|    clip_fraction        | 0.14        |
|    clip_range           | 0.2         |
|    entropy_loss         | -2.59       |
|    explained_variance   | 0.904       |
|    learning_rate        | 0.0003      |
|    loss                 | 0.894       |
|    n_updates            | 12010       |
|    policy_gradient_loss | -0.0065     |
|    std                  | 0.466       |
|    value_loss           | 6.87        |
-----------------------------------------
-----------------------------------------
| rollout/                |             |
|    ep_len_mean          | 434         |
|    ep_rew_mean          | -99.4       |
| time/                   |             |
|    fps                  | 927         |
|    iterations           | 131         |
|    time_elapsed         | 1156        |
|    total_timesteps      | 1073152     |
| train/                  |             |
|    approx_kl            | 0.014918377 |
|    clip_fraction        | 0.182       |
|    clip_range           | 0.2         |
|    entropy_loss         | -2.58       |
|    explained_variance   | 0.976       |
|    learning_rate        | 0.0003      |
|    loss                 | 0.253       |
|    n_updates            | 12020       |
|    policy_gradient_loss | -0.00254    |
|    std                  | 0.465       |
|    value_loss           | 1.35        |
-----------------------------------------
-----------------------------------------
| rollout/                |             |
|    ep_len_mean          | 451         |
|    ep_rew_mean          | -97.8       |
| time/                   |             |
|    fps                  | 928         |
|    iterations           | 132         |
|    time_elapsed         | 1164        |
|    total_timesteps      | 1081344     |
| train/                  |             |
|    approx_kl            | 0.014911322 |
|    clip_fraction        | 0.172       |
|    clip_range           | 0.2         |
|    entropy_loss         | -2.57       |
|    explained_variance   | 0.934       |
|    learning_rate        | 0.0003      |
|    loss                 | 0.465       |
|    n_updates            | 12030       |
|    policy_gradient_loss | -0.00253    |
|    std                  | 0.465       |
|    value_loss           | 1.58        |
-----------------------------------------
-----------------------------------------
| rollout/                |             |
|    ep_len_mean          | 430         |
|    ep_rew_mean          | -82.3       |
| time/                   |             |
|    fps                  | 928         |
|    iterations           | 133         |
|    time_elapsed         | 1173        |
|    total_timesteps      | 1089536     |
| train/                  |             |
|    approx_kl            | 0.015281308 |
|    clip_fraction        | 0.185       |
|    clip_range           | 0.2         |
|    entropy_loss         | -2.56       |
|    explained_variance   | 0.94        |
|    learning_rate        | 0.0003      |
|    loss                 | 0.604       |
|    n_updates            | 12040       |
|    policy_gradient_loss | -0.00236    |
|    std                  | 0.464       |
|    value_loss           | 1.49        |
-----------------------------------------
-----------------------------------------
| rollout/                |             |
|    ep_len_mean          | 407         |
|    ep_rew_mean          | -79.2       |
| time/                   |             |
|    fps                  | 928         |
|    iterations           | 134         |
|    time_elapsed         | 1181        |
|    total_timesteps      | 1097728     |
| train/                  |             |
|    approx_kl            | 0.009302328 |
|    clip_fraction        | 0.0719      |
|    clip_range           | 0.2         |
|    entropy_loss         | -2.57       |
|    explained_variance   | 0.832       |
|    learning_rate        | 0.0003      |
|    loss                 | 2.27        |
|    n_updates            | 12050       |
|    policy_gradient_loss | -0.0041     |
|    std                  | 0.468       |
|    value_loss           | 3.93        |
-----------------------------------------
-----------------------------------------
| rollout/                |             |
|    ep_len_mean          | 391         |
|    ep_rew_mean          | -79.9       |
| time/                   |             |
|    fps                  | 929         |
|    iterations           | 135         |
|    time_elapsed         | 1189        |
|    total_timesteps      | 1105920     |
| train/                  |             |
|    approx_kl            | 0.007864863 |
|    clip_fraction        | 0.0796      |
|    clip_range           | 0.2         |
|    entropy_loss         | -2.61       |
|    explained_variance   | 0.895       |
|    learning_rate        | 0.0003      |
|    loss                 | 0.252       |
|    n_updates            | 12060       |
|    policy_gradient_loss | -0.00224    |
|    std                  | 0.473       |
|    value_loss           | 3.89        |
-----------------------------------------
-----------------------------------------
| rollout/                |             |
|    ep_len_mean          | 374         |
|    ep_rew_mean          | -84.1       |
| time/                   |             |
|    fps                  | 929         |
|    iterations           | 136         |
|    time_elapsed         | 1198        |
|    total_timesteps      | 1114112     |
| train/                  |             |
|    approx_kl            | 0.008828461 |
|    clip_fraction        | 0.0921      |
|    clip_range           | 0.2         |
|    entropy_loss         | -2.62       |
|    explained_variance   | 0.925       |
|    learning_rate        | 0.0003      |
|    loss                 | 2.35        |
|    n_updates            | 12070       |
|    policy_gradient_loss | -0.0052     |
|    std                  | 0.472       |
|    value_loss           | 7.59        |
-----------------------------------------
-----------------------------------------
| rollout/                |             |
|    ep_len_mean          | 345         |
|    ep_rew_mean          | -81.1       |
| time/                   |             |
|    fps                  | 929         |
|    iterations           | 137         |
|    time_elapsed         | 1206        |
|    total_timesteps      | 1122304     |
| train/                  |             |
|    approx_kl            | 0.013700009 |
|    clip_fraction        | 0.131       |
|    clip_range           | 0.2         |
|    entropy_loss         | -2.62       |
|    explained_variance   | 0.948       |
|    learning_rate        | 0.0003      |
|    loss                 | 0.846       |
|    n_updates            | 12080       |
|    policy_gradient_loss | -0.00378    |
|    std                  | 0.472       |
|    value_loss           | 4.96        |
-----------------------------------------
-----------------------------------------
| rollout/                |             |
|    ep_len_mean          | 358         |
|    ep_rew_mean          | -78.4       |
| time/                   |             |
|    fps                  | 930         |
|    iterations           | 138         |
|    time_elapsed         | 1215        |
|    total_timesteps      | 1130496     |
| train/                  |             |
|    approx_kl            | 0.021429135 |
|    clip_fraction        | 0.181       |
|    clip_range           | 0.2         |
|    entropy_loss         | -2.63       |
|    explained_variance   | 0.915       |
|    learning_rate        | 0.0003      |
|    loss                 | 0.469       |
|    n_updates            | 12090       |
|    policy_gradient_loss | 0.000927    |
|    std                  | 0.473       |
|    value_loss           | 6.8         |
-----------------------------------------
-----------------------------------------
| rollout/                |             |
|    ep_len_mean          | 358         |
|    ep_rew_mean          | -72.6       |
| time/                   |             |
|    fps                  | 930         |
|    iterations           | 139         |
|    time_elapsed         | 1223        |
|    total_timesteps      | 1138688     |
| train/                  |             |
|    approx_kl            | 0.011993038 |
|    clip_fraction        | 0.126       |
|    clip_range           | 0.2         |
|    entropy_loss         | -2.65       |
|    explained_variance   | 0.938       |
|    learning_rate        | 0.0003      |
|    loss                 | 0.197       |
|    n_updates            | 12100       |
|    policy_gradient_loss | -0.000726   |
|    std                  | 0.475       |
|    value_loss           | 1.45        |
-----------------------------------------
-----------------------------------------
| rollout/                |             |
|    ep_len_mean          | 391         |
|    ep_rew_mean          | -87.3       |
| time/                   |             |
|    fps                  | 930         |
|    iterations           | 140         |
|    time_elapsed         | 1232        |
|    total_timesteps      | 1146880     |
| train/                  |             |
|    approx_kl            | 0.010272545 |
|    clip_fraction        | 0.0971      |
|    clip_range           | 0.2         |
|    entropy_loss         | -2.63       |
|    explained_variance   | 0.886       |
|    learning_rate        | 0.0003      |
|    loss                 | 5.94        |
|    n_updates            | 12110       |
|    policy_gradient_loss | -0.0012     |
|    std                  | 0.471       |
|    value_loss           | 3.53        |
-----------------------------------------
-----------------------------------------
| rollout/                |             |
|    ep_len_mean          | 385         |
|    ep_rew_mean          | -81.8       |
| time/                   |             |
|    fps                  | 931         |
|    iterations           | 141         |
|    time_elapsed         | 1240        |
|    total_timesteps      | 1155072     |
| train/                  |             |
|    approx_kl            | 0.013408173 |
|    clip_fraction        | 0.169       |
|    clip_range           | 0.2         |
|    entropy_loss         | -2.61       |
|    explained_variance   | 0.933       |
|    learning_rate        | 0.0003      |
|    loss                 | 0.552       |
|    n_updates            | 12120       |
|    policy_gradient_loss | -0.00399    |
|    std                  | 0.471       |
|    value_loss           | 3.76        |
-----------------------------------------
-----------------------------------------
| rollout/                |             |
|    ep_len_mean          | 402         |
|    ep_rew_mean          | -84         |
| time/                   |             |
|    fps                  | 931         |
|    iterations           | 142         |
|    time_elapsed         | 1248        |
|    total_timesteps      | 1163264     |
| train/                  |             |
|    approx_kl            | 0.012650512 |
|    clip_fraction        | 0.158       |
|    clip_range           | 0.2         |
|    entropy_loss         | -2.64       |
|    explained_variance   | 0.925       |
|    learning_rate        | 0.0003      |
|    loss                 | 0.375       |
|    n_updates            | 12130       |
|    policy_gradient_loss | -0.00244    |
|    std                  | 0.477       |
|    value_loss           | 1.5         |
-----------------------------------------
-----------------------------------------
| rollout/                |             |
|    ep_len_mean          | 390         |
|    ep_rew_mean          | -81.3       |
| time/                   |             |
|    fps                  | 931         |
|    iterations           | 143         |
|    time_elapsed         | 1257        |
|    total_timesteps      | 1171456     |
| train/                  |             |
|    approx_kl            | 0.017897265 |
|    clip_fraction        | 0.201       |
|    clip_range           | 0.2         |
|    entropy_loss         | -2.65       |
|    explained_variance   | 0.955       |
|    learning_rate        | 0.0003      |
|    loss                 | 0.0818      |
|    n_updates            | 12140       |
|    policy_gradient_loss | -0.0013     |
|    std                  | 0.474       |
|    value_loss           | 1.16        |
-----------------------------------------
-----------------------------------------
| rollout/                |             |
|    ep_len_mean          | 391         |
|    ep_rew_mean          | -73.3       |
| time/                   |             |
|    fps                  | 932         |
|    iterations           | 144         |
|    time_elapsed         | 1265        |
|    total_timesteps      | 1179648     |
| train/                  |             |
|    approx_kl            | 0.007992486 |
|    clip_fraction        | 0.0853      |
|    clip_range           | 0.2         |
|    entropy_loss         | -2.64       |
|    explained_variance   | 0.949       |
|    learning_rate        | 0.0003      |
|    loss                 | 0.74        |
|    n_updates            | 12150       |
|    policy_gradient_loss | -0.00422    |
|    std                  | 0.475       |
|    value_loss           | 6.68        |
-----------------------------------------
----------------------------------------
| rollout/                |            |
|    ep_len_mean          | 391        |
|    ep_rew_mean          | -72.8      |
| time/                   |            |
|    fps                  | 932        |
|    iterations           | 145        |
|    time_elapsed         | 1273       |
|    total_timesteps      | 1187840    |
| train/                  |            |
|    approx_kl            | 0.01892999 |
|    clip_fraction        | 0.224      |
|    clip_range           | 0.2        |
|    entropy_loss         | -2.63      |
|    explained_variance   | 0.962      |
|    learning_rate        | 0.0003     |
|    loss                 | 0.809      |
|    n_updates            | 12160      |
|    policy_gradient_loss | -0.00138   |
|    std                  | 0.472      |
|    value_loss           | 1.29       |
----------------------------------------
-----------------------------------------
| rollout/                |             |
|    ep_len_mean          | 413         |
|    ep_rew_mean          | -81.9       |
| time/                   |             |
|    fps                  | 932         |
|    iterations           | 146         |
|    time_elapsed         | 1282        |
|    total_timesteps      | 1196032     |
| train/                  |             |
|    approx_kl            | 0.012803342 |
|    clip_fraction        | 0.149       |
|    clip_range           | 0.2         |
|    entropy_loss         | -2.62       |
|    explained_variance   | 0.902       |
|    learning_rate        | 0.0003      |
|    loss                 | 0.395       |
|    n_updates            | 12170       |
|    policy_gradient_loss | -0.0035     |
|    std                  | 0.472       |
|    value_loss           | 1.28        |
-----------------------------------------
[PeriodicArtifactCallback] step 1200000: running periodic self-monitoring analysis...
[PeriodicArtifactCallback] analysis written to C:\GitHub\HumanoidRobot\simulation\training\pick_place\runs\pp_v13\analysis_1200000.md (stalled=False)
[PeriodicArtifactCallback] step 1200000: saving checkpoint, evaluating, rendering...
[PeriodicArtifactCallback] step 1200000: success_rate=0.00 pick_success_rate=0.30 mean_reward=-104.13 -> C:\GitHub\HumanoidRobot\simulation\training\pick_place\runs\pp_v13\dashboard.html
-----------------------------------------
| rollout/                |             |
|    ep_len_mean          | 419         |
|    ep_rew_mean          | -84.8       |
| time/                   |             |
|    fps                  | 919         |
|    iterations           | 147         |
|    time_elapsed         | 1310        |
|    total_timesteps      | 1204224     |
| train/                  |             |
|    approx_kl            | 0.010646957 |
|    clip_fraction        | 0.121       |
|    clip_range           | 0.2         |
|    entropy_loss         | -2.62       |
|    explained_variance   | 0.845       |
|    learning_rate        | 0.0003      |
|    loss                 | 1.16        |
|    n_updates            | 12180       |
|    policy_gradient_loss | -0.00151    |
|    std                  | 0.472       |
|    value_loss           | 3.02        |
-----------------------------------------
-----------------------------------------
| rollout/                |             |
|    ep_len_mean          | 429         |
|    ep_rew_mean          | -85.5       |
| time/                   |             |
|    fps                  | 919         |
|    iterations           | 148         |
|    time_elapsed         | 1318        |
|    total_timesteps      | 1212416     |
| train/                  |             |
|    approx_kl            | 0.012090558 |
|    clip_fraction        | 0.128       |
|    clip_range           | 0.2         |
|    entropy_loss         | -2.62       |
|    explained_variance   | 0.917       |
|    learning_rate        | 0.0003      |
|    loss                 | 0.364       |
|    n_updates            | 12190       |
|    policy_gradient_loss | -0.00212    |
|    std                  | 0.471       |
|    value_loss           | 1.34        |
-----------------------------------------
-----------------------------------------
| rollout/                |             |
|    ep_len_mean          | 435         |
|    ep_rew_mean          | -88.8       |
| time/                   |             |
|    fps                  | 920         |
|    iterations           | 149         |
|    time_elapsed         | 1326        |
|    total_timesteps      | 1220608     |
| train/                  |             |
|    approx_kl            | 0.015436282 |
|    clip_fraction        | 0.128       |
|    clip_range           | 0.2         |
|    entropy_loss         | -2.63       |
|    explained_variance   | 0.94        |
|    learning_rate        | 0.0003      |
|    loss                 | 1.75        |
|    n_updates            | 12200       |
|    policy_gradient_loss | -0.00243    |
|    std                  | 0.474       |
|    value_loss           | 2.43        |
-----------------------------------------
-----------------------------------------
| rollout/                |             |
|    ep_len_mean          | 429         |
|    ep_rew_mean          | -99.4       |
| time/                   |             |
|    fps                  | 920         |
|    iterations           | 150         |
|    time_elapsed         | 1335        |
|    total_timesteps      | 1228800     |
| train/                  |             |
|    approx_kl            | 0.011195036 |
|    clip_fraction        | 0.0891      |
|    clip_range           | 0.2         |
|    entropy_loss         | -2.65       |
|    explained_variance   | 0.914       |
|    learning_rate        | 0.0003      |
|    loss                 | 2.19        |
|    n_updates            | 12210       |
|    policy_gradient_loss | -0.00718    |
|    std                  | 0.478       |
|    value_loss           | 7.33        |
-----------------------------------------
-----------------------------------------
| rollout/                |             |
|    ep_len_mean          | 419         |
|    ep_rew_mean          | -99.4       |
| time/                   |             |
|    fps                  | 920         |
|    iterations           | 151         |
|    time_elapsed         | 1343        |
|    total_timesteps      | 1236992     |
| train/                  |             |
|    approx_kl            | 0.010642853 |
|    clip_fraction        | 0.117       |
|    clip_range           | 0.2         |
|    entropy_loss         | -2.67       |
|    explained_variance   | 0.918       |
|    learning_rate        | 0.0003      |
|    loss                 | 0.738       |
|    n_updates            | 12220       |
|    policy_gradient_loss | -0.00393    |
|    std                  | 0.48        |
|    value_loss           | 5.44        |
-----------------------------------------
-----------------------------------------
| rollout/                |             |
|    ep_len_mean          | 419         |
|    ep_rew_mean          | -97.6       |
| time/                   |             |
|    fps                  | 921         |
|    iterations           | 152         |
|    time_elapsed         | 1351        |
|    total_timesteps      | 1245184     |
| train/                  |             |
|    approx_kl            | 0.020644628 |
|    clip_fraction        | 0.181       |
|    clip_range           | 0.2         |
|    entropy_loss         | -2.67       |
|    explained_variance   | 0.925       |
|    learning_rate        | 0.0003      |
|    loss                 | 0.992       |
|    n_updates            | 12230       |
|    policy_gradient_loss | -0.00172    |
|    std                  | 0.478       |
|    value_loss           | 3.73        |
-----------------------------------------
-----------------------------------------
| rollout/                |             |
|    ep_len_mean          | 425         |
|    ep_rew_mean          | -104        |
| time/                   |             |
|    fps                  | 921         |
|    iterations           | 153         |
|    time_elapsed         | 1359        |
|    total_timesteps      | 1253376     |
| train/                  |             |
|    approx_kl            | 0.009882845 |
|    clip_fraction        | 0.108       |
|    clip_range           | 0.2         |
|    entropy_loss         | -2.67       |
|    explained_variance   | 0.934       |
|    learning_rate        | 0.0003      |
|    loss                 | 2.1         |
|    n_updates            | 12240       |
|    policy_gradient_loss | -0.00242    |
|    std                  | 0.478       |
|    value_loss           | 4.86        |
-----------------------------------------
-----------------------------------------
| rollout/                |             |
|    ep_len_mean          | 425         |
|    ep_rew_mean          | -108        |
| time/                   |             |
|    fps                  | 922         |
|    iterations           | 154         |
|    time_elapsed         | 1367        |
|    total_timesteps      | 1261568     |
| train/                  |             |
|    approx_kl            | 0.011663889 |
|    clip_fraction        | 0.116       |
|    clip_range           | 0.2         |
|    entropy_loss         | -2.67       |
|    explained_variance   | 0.941       |
|    learning_rate        | 0.0003      |
|    loss                 | 0.598       |
|    n_updates            | 12250       |
|    policy_gradient_loss | -0.00325    |
|    std                  | 0.478       |
|    value_loss           | 5.08        |
-----------------------------------------
-----------------------------------------
| rollout/                |             |
|    ep_len_mean          | 407         |
|    ep_rew_mean          | -93.6       |
| time/                   |             |
|    fps                  | 922         |
|    iterations           | 155         |
|    time_elapsed         | 1376        |
|    total_timesteps      | 1269760     |
| train/                  |             |
|    approx_kl            | 0.012963902 |
|    clip_fraction        | 0.115       |
|    clip_range           | 0.2         |
|    entropy_loss         | -2.66       |
|    explained_variance   | 0.928       |
|    learning_rate        | 0.0003      |
|    loss                 | 0.411       |
|    n_updates            | 12260       |
|    policy_gradient_loss | -0.00367    |
|    std                  | 0.476       |
|    value_loss           | 8           |
-----------------------------------------
-----------------------------------------
| rollout/                |             |
|    ep_len_mean          | 413         |
|    ep_rew_mean          | -88.5       |
| time/                   |             |
|    fps                  | 923         |
|    iterations           | 156         |
|    time_elapsed         | 1384        |
|    total_timesteps      | 1277952     |
| train/                  |             |
|    approx_kl            | 0.015434601 |
|    clip_fraction        | 0.19        |
|    clip_range           | 0.2         |
|    entropy_loss         | -2.63       |
|    explained_variance   | 0.931       |
|    learning_rate        | 0.0003      |
|    loss                 | 0.546       |
|    n_updates            | 12270       |
|    policy_gradient_loss | 0.00135     |
|    std                  | 0.473       |
|    value_loss           | 2.69        |
-----------------------------------------
-----------------------------------------
| rollout/                |             |
|    ep_len_mean          | 413         |
|    ep_rew_mean          | -85.5       |
| time/                   |             |
|    fps                  | 923         |
|    iterations           | 157         |
|    time_elapsed         | 1393        |
|    total_timesteps      | 1286144     |
| train/                  |             |
|    approx_kl            | 0.015886094 |
|    clip_fraction        | 0.185       |
|    clip_range           | 0.2         |
|    entropy_loss         | -2.64       |
|    explained_variance   | 0.91        |
|    learning_rate        | 0.0003      |
|    loss                 | 10.5        |
|    n_updates            | 12280       |
|    policy_gradient_loss | -0.00329    |
|    std                  | 0.476       |
|    value_loss           | 2.61        |
-----------------------------------------
-----------------------------------------
| rollout/                |             |
|    ep_len_mean          | 418         |
|    ep_rew_mean          | -80.4       |
| time/                   |             |
|    fps                  | 923         |
|    iterations           | 158         |
|    time_elapsed         | 1401        |
|    total_timesteps      | 1294336     |
| train/                  |             |
|    approx_kl            | 0.015241479 |
|    clip_fraction        | 0.188       |
|    clip_range           | 0.2         |
|    entropy_loss         | -2.64       |
|    explained_variance   | 0.888       |
|    learning_rate        | 0.0003      |
|    loss                 | 0.572       |
|    n_updates            | 12290       |
|    policy_gradient_loss | -0.00214    |
|    std                  | 0.475       |
|    value_loss           | 1.15        |
-----------------------------------------
-----------------------------------------
| rollout/                |             |
|    ep_len_mean          | 430         |
|    ep_rew_mean          | -74.9       |
| time/                   |             |
|    fps                  | 923         |
|    iterations           | 159         |
|    time_elapsed         | 1409        |
|    total_timesteps      | 1302528     |
| train/                  |             |
|    approx_kl            | 0.013565868 |
|    clip_fraction        | 0.178       |
|    clip_range           | 0.2         |
|    entropy_loss         | -2.63       |
|    explained_variance   | 0.907       |
|    learning_rate        | 0.0003      |
|    loss                 | 0.346       |
|    n_updates            | 12300       |
|    policy_gradient_loss | -0.00369    |
|    std                  | 0.474       |
|    value_loss           | 0.817       |
-----------------------------------------
-----------------------------------------
| rollout/                |             |
|    ep_len_mean          | 452         |
|    ep_rew_mean          | -85.1       |
| time/                   |             |
|    fps                  | 924         |
|    iterations           | 160         |
|    time_elapsed         | 1418        |
|    total_timesteps      | 1310720     |
| train/                  |             |
|    approx_kl            | 0.011626303 |
|    clip_fraction        | 0.0931      |
|    clip_range           | 0.2         |
|    entropy_loss         | -2.62       |
|    explained_variance   | 0.813       |
|    learning_rate        | 0.0003      |
|    loss                 | 0.886       |
|    n_updates            | 12310       |
|    policy_gradient_loss | -0.00322    |
|    std                  | 0.476       |
|    value_loss           | 2.16        |
-----------------------------------------
-----------------------------------------
| rollout/                |             |
|    ep_len_mean          | 470         |
|    ep_rew_mean          | -89.3       |
| time/                   |             |
|    fps                  | 924         |
|    iterations           | 161         |
|    time_elapsed         | 1426        |
|    total_timesteps      | 1318912     |
| train/                  |             |
|    approx_kl            | 0.015553573 |
|    clip_fraction        | 0.165       |
|    clip_range           | 0.2         |
|    entropy_loss         | -2.62       |
|    explained_variance   | 0.922       |
|    learning_rate        | 0.0003      |
|    loss                 | 0.29        |
|    n_updates            | 12320       |
|    policy_gradient_loss | 0.000249    |
|    std                  | 0.474       |
|    value_loss           | 0.979       |
-----------------------------------------
-----------------------------------------
| rollout/                |             |
|    ep_len_mean          | 470         |
|    ep_rew_mean          | -94         |
| time/                   |             |
|    fps                  | 924         |
|    iterations           | 162         |
|    time_elapsed         | 1435        |
|    total_timesteps      | 1327104     |
| train/                  |             |
|    approx_kl            | 0.011565341 |
|    clip_fraction        | 0.0914      |
|    clip_range           | 0.2         |
|    entropy_loss         | -2.62       |
|    explained_variance   | 0.907       |
|    learning_rate        | 0.0003      |
|    loss                 | 0.271       |
|    n_updates            | 12330       |
|    policy_gradient_loss | -0.00498    |
|    std                  | 0.474       |
|    value_loss           | 4.53        |
-----------------------------------------
------------------------------------------
| rollout/                |              |
|    ep_len_mean          | 458          |
|    ep_rew_mean          | -90.6        |
| time/                   |              |
|    fps                  | 924          |
|    iterations           | 163          |
|    time_elapsed         | 1443         |
|    total_timesteps      | 1335296      |
| train/                  |              |
|    approx_kl            | 0.0118869785 |
|    clip_fraction        | 0.142        |
|    clip_range           | 0.2          |
|    entropy_loss         | -2.6         |
|    explained_variance   | 0.969        |
|    learning_rate        | 0.0003       |
|    loss                 | 0.23         |
|    n_updates            | 12340        |
|    policy_gradient_loss | -0.000168    |
|    std                  | 0.472        |
|    value_loss           | 3.28         |
------------------------------------------
-----------------------------------------
| rollout/                |             |
|    ep_len_mean          | 464         |
|    ep_rew_mean          | -94         |
| time/                   |             |
|    fps                  | 925         |
|    iterations           | 164         |
|    time_elapsed         | 1452        |
|    total_timesteps      | 1343488     |
| train/                  |             |
|    approx_kl            | 0.017914893 |
|    clip_fraction        | 0.144       |
|    clip_range           | 0.2         |
|    entropy_loss         | -2.6        |
|    explained_variance   | 0.92        |
|    learning_rate        | 0.0003      |
|    loss                 | 2.13        |
|    n_updates            | 12350       |
|    policy_gradient_loss | -0.00308    |
|    std                  | 0.472       |
|    value_loss           | 3.43        |
-----------------------------------------
-----------------------------------------
| rollout/                |             |
|    ep_len_mean          | 452         |
|    ep_rew_mean          | -89.1       |
| time/                   |             |
|    fps                  | 925         |
|    iterations           | 165         |
|    time_elapsed         | 1460        |
|    total_timesteps      | 1351680     |
| train/                  |             |
|    approx_kl            | 0.018450988 |
|    clip_fraction        | 0.18        |
|    clip_range           | 0.2         |
|    entropy_loss         | -2.61       |
|    explained_variance   | 0.861       |
|    learning_rate        | 0.0003      |
|    loss                 | 0.273       |
|    n_updates            | 12360       |
|    policy_gradient_loss | -0.0048     |
|    std                  | 0.475       |
|    value_loss           | 2.6         |
-----------------------------------------
-----------------------------------------
| rollout/                |             |
|    ep_len_mean          | 424         |
|    ep_rew_mean          | -81.2       |
| time/                   |             |
|    fps                  | 926         |
|    iterations           | 166         |
|    time_elapsed         | 1468        |
|    total_timesteps      | 1359872     |
| train/                  |             |
|    approx_kl            | 0.014273342 |
|    clip_fraction        | 0.134       |
|    clip_range           | 0.2         |
|    entropy_loss         | -2.63       |
|    explained_variance   | 0.888       |
|    learning_rate        | 0.0003      |
|    loss                 | 1.13        |
|    n_updates            | 12370       |
|    policy_gradient_loss | -0.00355    |
|    std                  | 0.476       |
|    value_loss           | 4.08        |
-----------------------------------------
-----------------------------------------
| rollout/                |             |
|    ep_len_mean          | 446         |
|    ep_rew_mean          | -87.8       |
| time/                   |             |
|    fps                  | 926         |
|    iterations           | 167         |
|    time_elapsed         | 1476        |
|    total_timesteps      | 1368064     |
| train/                  |             |
|    approx_kl            | 0.016706098 |
|    clip_fraction        | 0.21        |
|    clip_range           | 0.2         |
|    entropy_loss         | -2.61       |
|    explained_variance   | 0.935       |
|    learning_rate        | 0.0003      |
|    loss                 | 0.474       |
|    n_updates            | 12380       |
|    policy_gradient_loss | -0.00277    |
|    std                  | 0.472       |
|    value_loss           | 1.6         |
-----------------------------------------
-----------------------------------------
| rollout/                |             |
|    ep_len_mean          | 457         |
|    ep_rew_mean          | -85         |
| time/                   |             |
|    fps                  | 926         |
|    iterations           | 168         |
|    time_elapsed         | 1485        |
|    total_timesteps      | 1376256     |
| train/                  |             |
|    approx_kl            | 0.016676571 |
|    clip_fraction        | 0.174       |
|    clip_range           | 0.2         |
|    entropy_loss         | -2.57       |
|    explained_variance   | 0.911       |
|    learning_rate        | 0.0003      |
|    loss                 | 0.318       |
|    n_updates            | 12390       |
|    policy_gradient_loss | -0.00347    |
|    std                  | 0.465       |
|    value_loss           | 1.31        |
-----------------------------------------
-----------------------------------------
| rollout/                |             |
|    ep_len_mean          | 457         |
|    ep_rew_mean          | -84.9       |
| time/                   |             |
|    fps                  | 926         |
|    iterations           | 169         |
|    time_elapsed         | 1493        |
|    total_timesteps      | 1384448     |
| train/                  |             |
|    approx_kl            | 0.017767027 |
|    clip_fraction        | 0.185       |
|    clip_range           | 0.2         |
|    entropy_loss         | -2.5        |
|    explained_variance   | 0.962       |
|    learning_rate        | 0.0003      |
|    loss                 | 0.474       |
|    n_updates            | 12400       |
|    policy_gradient_loss | -0.00386    |
|    std                  | 0.459       |
|    value_loss           | 1.04        |
-----------------------------------------
-----------------------------------------
| rollout/                |             |
|    ep_len_mean          | 451         |
|    ep_rew_mean          | -81         |
| time/                   |             |
|    fps                  | 927         |
|    iterations           | 170         |
|    time_elapsed         | 1501        |
|    total_timesteps      | 1392640     |
| train/                  |             |
|    approx_kl            | 0.012911315 |
|    clip_fraction        | 0.15        |
|    clip_range           | 0.2         |
|    entropy_loss         | -2.49       |
|    explained_variance   | 0.929       |
|    learning_rate        | 0.0003      |
|    loss                 | 0.244       |
|    n_updates            | 12410       |
|    policy_gradient_loss | -0.00306    |
|    std                  | 0.459       |
|    value_loss           | 1.19        |
-----------------------------------------
[PeriodicArtifactCallback] step 1400000: saving checkpoint, evaluating, rendering...
[PeriodicArtifactCallback] step 1400000: success_rate=0.00 pick_success_rate=0.30 mean_reward=-104.97 -> C:\GitHub\HumanoidRobot\simulation\training\pick_place\runs\pp_v13\dashboard.html
-----------------------------------------
| rollout/                |             |
|    ep_len_mean          | 457         |
|    ep_rew_mean          | -87         |
| time/                   |             |
|    fps                  | 920         |
|    iterations           | 171         |
|    time_elapsed         | 1521        |
|    total_timesteps      | 1400832     |
| train/                  |             |
|    approx_kl            | 0.017823735 |
|    clip_fraction        | 0.144       |
|    clip_range           | 0.2         |
|    entropy_loss         | -2.5        |
|    explained_variance   | 0.877       |
|    learning_rate        | 0.0003      |
|    loss                 | 0.621       |
|    n_updates            | 12420       |
|    policy_gradient_loss | -0.00587    |
|    std                  | 0.462       |
|    value_loss           | 2.02        |
-----------------------------------------
----------------------------------------
| rollout/                |            |
|    ep_len_mean          | 457        |
|    ep_rew_mean          | -88.2      |
| time/                   |            |
|    fps                  | 920        |
|    iterations           | 172        |
|    time_elapsed         | 1529       |
|    total_timesteps      | 1409024    |
| train/                  |            |
|    approx_kl            | 0.01212867 |
|    clip_fraction        | 0.104      |
|    clip_range           | 0.2        |
|    entropy_loss         | -2.52      |
|    explained_variance   | 0.894      |
|    learning_rate        | 0.0003     |
|    loss                 | 0.397      |
|    n_updates            | 12430      |
|    policy_gradient_loss | -0.00245   |
|    std                  | 0.463      |
|    value_loss           | 1.68       |
----------------------------------------
-----------------------------------------
| rollout/                |             |
|    ep_len_mean          | 446         |
|    ep_rew_mean          | -90.8       |
| time/                   |             |
|    fps                  | 921         |
|    iterations           | 173         |
|    time_elapsed         | 1537        |
|    total_timesteps      | 1417216     |
| train/                  |             |
|    approx_kl            | 0.016821507 |
|    clip_fraction        | 0.138       |
|    clip_range           | 0.2         |
|    entropy_loss         | -2.51       |
|    explained_variance   | 0.936       |
|    learning_rate        | 0.0003      |
|    loss                 | 0.359       |
|    n_updates            | 12440       |
|    policy_gradient_loss | 0.00217     |
|    std                  | 0.46        |
|    value_loss           | 2.02        |
-----------------------------------------
----------------------------------------
| rollout/                |            |
|    ep_len_mean          | 452        |
|    ep_rew_mean          | -93.7      |
| time/                   |            |
|    fps                  | 921        |
|    iterations           | 174        |
|    time_elapsed         | 1546       |
|    total_timesteps      | 1425408    |
| train/                  |            |
|    approx_kl            | 0.01480966 |
|    clip_fraction        | 0.149      |
|    clip_range           | 0.2        |
|    entropy_loss         | -2.49      |
|    explained_variance   | 0.937      |
|    learning_rate        | 0.0003     |
|    loss                 | 0.349      |
|    n_updates            | 12450      |
|    policy_gradient_loss | -0.00496   |
|    std                  | 0.46       |
|    value_loss           | 2.76       |
----------------------------------------
-----------------------------------------
| rollout/                |             |
|    ep_len_mean          | 451         |
|    ep_rew_mean          | -96.3       |
| time/                   |             |
|    fps                  | 922         |
|    iterations           | 175         |
|    time_elapsed         | 1554        |
|    total_timesteps      | 1433600     |
| train/                  |             |
|    approx_kl            | 0.016122445 |
|    clip_fraction        | 0.168       |
|    clip_range           | 0.2         |
|    entropy_loss         | -2.48       |
|    explained_variance   | 0.896       |
|    learning_rate        | 0.0003      |
|    loss                 | 1.07        |
|    n_updates            | 12460       |
|    policy_gradient_loss | -0.00528    |
|    std                  | 0.457       |
|    value_loss           | 1.48        |
-----------------------------------------
-----------------------------------------
| rollout/                |             |
|    ep_len_mean          | 457         |
|    ep_rew_mean          | -96.5       |
| time/                   |             |
|    fps                  | 922         |
|    iterations           | 176         |
|    time_elapsed         | 1562        |
|    total_timesteps      | 1441792     |
| train/                  |             |
|    approx_kl            | 0.014346647 |
|    clip_fraction        | 0.135       |
|    clip_range           | 0.2         |
|    entropy_loss         | -2.48       |
|    explained_variance   | 0.89        |
|    learning_rate        | 0.0003      |
|    loss                 | 0.505       |
|    n_updates            | 12470       |
|    policy_gradient_loss | -0.00328    |
|    std                  | 0.46        |
|    value_loss           | 3.71        |
-----------------------------------------
-----------------------------------------
| rollout/                |             |
|    ep_len_mean          | 457         |
|    ep_rew_mean          | -90.7       |
| time/                   |             |
|    fps                  | 922         |
|    iterations           | 177         |
|    time_elapsed         | 1571        |
|    total_timesteps      | 1449984     |
| train/                  |             |
|    approx_kl            | 0.019932352 |
|    clip_fraction        | 0.186       |
|    clip_range           | 0.2         |
|    entropy_loss         | -2.47       |
|    explained_variance   | 0.933       |
|    learning_rate        | 0.0003      |
|    loss                 | 0.219       |
|    n_updates            | 12480       |
|    policy_gradient_loss | -0.00253    |
|    std                  | 0.456       |
|    value_loss           | 0.99        |
-----------------------------------------
-----------------------------------------
| rollout/                |             |
|    ep_len_mean          | 468         |
|    ep_rew_mean          | -87         |
| time/                   |             |
|    fps                  | 923         |
|    iterations           | 178         |
|    time_elapsed         | 1579        |
|    total_timesteps      | 1458176     |
| train/                  |             |
|    approx_kl            | 0.015200209 |
|    clip_fraction        | 0.13        |
|    clip_range           | 0.2         |
|    entropy_loss         | -2.45       |
|    explained_variance   | 0.916       |
|    learning_rate        | 0.0003      |
|    loss                 | 0.641       |
|    n_updates            | 12490       |
|    policy_gradient_loss | -0.00606    |
|    std                  | 0.456       |
|    value_loss           | 2.21        |
-----------------------------------------
-----------------------------------------
| rollout/                |             |
|    ep_len_mean          | 469         |
|    ep_rew_mean          | -87.7       |
| time/                   |             |
|    fps                  | 923         |
|    iterations           | 179         |
|    time_elapsed         | 1587        |
|    total_timesteps      | 1466368     |
| train/                  |             |
|    approx_kl            | 0.016143527 |
|    clip_fraction        | 0.172       |
|    clip_range           | 0.2         |
|    entropy_loss         | -2.45       |
|    explained_variance   | 0.841       |
|    learning_rate        | 0.0003      |
|    loss                 | 2.43        |
|    n_updates            | 12500       |
|    policy_gradient_loss | -0.00581    |
|    std                  | 0.455       |
|    value_loss           | 5.25        |
-----------------------------------------
-----------------------------------------
| rollout/                |             |
|    ep_len_mean          | 464         |
|    ep_rew_mean          | -88.6       |
| time/                   |             |
|    fps                  | 923         |
|    iterations           | 180         |
|    time_elapsed         | 1596        |
|    total_timesteps      | 1474560     |
| train/                  |             |
|    approx_kl            | 0.015283356 |
|    clip_fraction        | 0.148       |
|    clip_range           | 0.2         |
|    entropy_loss         | -2.47       |
|    explained_variance   | 0.851       |
|    learning_rate        | 0.0003      |
|    loss                 | 0.699       |
|    n_updates            | 12510       |
|    policy_gradient_loss | -0.0053     |
|    std                  | 0.462       |
|    value_loss           | 1.94        |
-----------------------------------------
-----------------------------------------
| rollout/                |             |
|    ep_len_mean          | 465         |
|    ep_rew_mean          | -85         |
| time/                   |             |
|    fps                  | 924         |
|    iterations           | 181         |
|    time_elapsed         | 1604        |
|    total_timesteps      | 1482752     |
| train/                  |             |
|    approx_kl            | 0.016906204 |
|    clip_fraction        | 0.182       |
|    clip_range           | 0.2         |
|    entropy_loss         | -2.46       |
|    explained_variance   | 0.952       |
|    learning_rate        | 0.0003      |
|    loss                 | 0.895       |
|    n_updates            | 12520       |
|    policy_gradient_loss | -0.00385    |
|    std                  | 0.457       |
|    value_loss           | 0.754       |
-----------------------------------------
-----------------------------------------
| rollout/                |             |
|    ep_len_mean          | 476         |
|    ep_rew_mean          | -88.5       |
| time/                   |             |
|    fps                  | 924         |
|    iterations           | 182         |
|    time_elapsed         | 1613        |
|    total_timesteps      | 1490944     |
| train/                  |             |
|    approx_kl            | 0.016327672 |
|    clip_fraction        | 0.152       |
|    clip_range           | 0.2         |
|    entropy_loss         | -2.45       |
|    explained_variance   | 0.942       |
|    learning_rate        | 0.0003      |
|    loss                 | 0.0214      |
|    n_updates            | 12530       |
|    policy_gradient_loss | -0.00419    |
|    std                  | 0.454       |
|    value_loss           | 1.19        |
-----------------------------------------
----------------------------------------
| rollout/                |            |
|    ep_len_mean          | 459        |
|    ep_rew_mean          | -101       |
| time/                   |            |
|    fps                  | 924        |
|    iterations           | 183        |
|    time_elapsed         | 1621       |
|    total_timesteps      | 1499136    |
| train/                  |            |
|    approx_kl            | 0.00975136 |
|    clip_fraction        | 0.0784     |
|    clip_range           | 0.2        |
|    entropy_loss         | -2.45      |
|    explained_variance   | 0.761      |
|    learning_rate        | 0.0003     |
|    loss                 | 1.2        |
|    n_updates            | 12540      |
|    policy_gradient_loss | 0.000146   |
|    std                  | 0.46       |
|    value_loss           | 2.59       |
----------------------------------------
-----------------------------------------
| rollout/                |             |
|    ep_len_mean          | 464         |
|    ep_rew_mean          | -101        |
| time/                   |             |
|    fps                  | 925         |
|    iterations           | 184         |
|    time_elapsed         | 1629        |
|    total_timesteps      | 1507328     |
| train/                  |             |
|    approx_kl            | 0.011295339 |
|    clip_fraction        | 0.13        |
|    clip_range           | 0.2         |
|    entropy_loss         | -2.49       |
|    explained_variance   | 0.892       |
|    learning_rate        | 0.0003      |
|    loss                 | 0.45        |
|    n_updates            | 12550       |
|    policy_gradient_loss | 1.86e-05    |
|    std                  | 0.462       |
|    value_loss           | 1.58        |
-----------------------------------------
-----------------------------------------
| rollout/                |             |
|    ep_len_mean          | 453         |
|    ep_rew_mean          | -94.8       |
| time/                   |             |
|    fps                  | 925         |
|    iterations           | 185         |
|    time_elapsed         | 1637        |
|    total_timesteps      | 1515520     |
| train/                  |             |
|    approx_kl            | 0.018853366 |
|    clip_fraction        | 0.197       |
|    clip_range           | 0.2         |
|    entropy_loss         | -2.48       |
|    explained_variance   | 0.935       |
|    learning_rate        | 0.0003      |
|    loss                 | 0.495       |
|    n_updates            | 12560       |
|    policy_gradient_loss | -0.0018     |
|    std                  | 0.458       |
|    value_loss           | 0.767       |
-----------------------------------------
-----------------------------------------
| rollout/                |             |
|    ep_len_mean          | 470         |
|    ep_rew_mean          | -99.3       |
| time/                   |             |
|    fps                  | 925         |
|    iterations           | 186         |
|    time_elapsed         | 1646        |
|    total_timesteps      | 1523712     |
| train/                  |             |
|    approx_kl            | 0.015726034 |
|    clip_fraction        | 0.171       |
|    clip_range           | 0.2         |
|    entropy_loss         | -2.44       |
|    explained_variance   | 0.934       |
|    learning_rate        | 0.0003      |
|    loss                 | 0.624       |
|    n_updates            | 12570       |
|    policy_gradient_loss | -0.00485    |
|    std                  | 0.453       |
|    value_loss           | 0.881       |
-----------------------------------------
-----------------------------------------
| rollout/                |             |
|    ep_len_mean          | 475         |
|    ep_rew_mean          | -101        |
| time/                   |             |
|    fps                  | 925         |
|    iterations           | 187         |
|    time_elapsed         | 1655        |
|    total_timesteps      | 1531904     |
| train/                  |             |
|    approx_kl            | 0.017025666 |
|    clip_fraction        | 0.192       |
|    clip_range           | 0.2         |
|    entropy_loss         | -2.43       |
|    explained_variance   | 0.949       |
|    learning_rate        | 0.0003      |
|    loss                 | 0.585       |
|    n_updates            | 12580       |
|    policy_gradient_loss | -0.00634    |
|    std                  | 0.457       |
|    value_loss           | 0.987       |
-----------------------------------------
-----------------------------------------
| rollout/                |             |
|    ep_len_mean          | 463         |
|    ep_rew_mean          | -90.6       |
| time/                   |             |
|    fps                  | 925         |
|    iterations           | 188         |
|    time_elapsed         | 1663        |
|    total_timesteps      | 1540096     |
| train/                  |             |
|    approx_kl            | 0.021960204 |
|    clip_fraction        | 0.203       |
|    clip_range           | 0.2         |
|    entropy_loss         | -2.43       |
|    explained_variance   | 0.966       |
|    learning_rate        | 0.0003      |
|    loss                 | 0.167       |
|    n_updates            | 12590       |
|    policy_gradient_loss | -0.00373    |
|    std                  | 0.456       |
|    value_loss           | 0.515       |
-----------------------------------------
-----------------------------------------
| rollout/                |             |
|    ep_len_mean          | 487         |
|    ep_rew_mean          | -100        |
| time/                   |             |
|    fps                  | 926         |
|    iterations           | 189         |
|    time_elapsed         | 1671        |
|    total_timesteps      | 1548288     |
| train/                  |             |
|    approx_kl            | 0.007974064 |
|    clip_fraction        | 0.0651      |
|    clip_range           | 0.2         |
|    entropy_loss         | -2.43       |
|    explained_variance   | 0.787       |
|    learning_rate        | 0.0003      |
|    loss                 | 1.31        |
|    n_updates            | 12600       |
|    policy_gradient_loss | -0.00132    |
|    std                  | 0.457       |
|    value_loss           | 3.37        |
-----------------------------------------
-----------------------------------------
| rollout/                |             |
|    ep_len_mean          | 476         |
|    ep_rew_mean          | -102        |
| time/                   |             |
|    fps                  | 926         |
|    iterations           | 190         |
|    time_elapsed         | 1680        |
|    total_timesteps      | 1556480     |
| train/                  |             |
|    approx_kl            | 0.011043293 |
|    clip_fraction        | 0.0927      |
|    clip_range           | 0.2         |
|    entropy_loss         | -2.44       |
|    explained_variance   | 0.867       |
|    learning_rate        | 0.0003      |
|    loss                 | 0.448       |
|    n_updates            | 12610       |
|    policy_gradient_loss | -0.00824    |
|    std                  | 0.458       |
|    value_loss           | 7.27        |
-----------------------------------------
-----------------------------------------
| rollout/                |             |
|    ep_len_mean          | 492         |
|    ep_rew_mean          | -109        |
| time/                   |             |
|    fps                  | 926         |
|    iterations           | 191         |
|    time_elapsed         | 1688        |
|    total_timesteps      | 1564672     |
| train/                  |             |
|    approx_kl            | 0.018893888 |
|    clip_fraction        | 0.186       |
|    clip_range           | 0.2         |
|    entropy_loss         | -2.46       |
|    explained_variance   | 0.948       |
|    learning_rate        | 0.0003      |
|    loss                 | 0.313       |
|    n_updates            | 12620       |
|    policy_gradient_loss | -0.00836    |
|    std                  | 0.459       |
|    value_loss           | 1.88        |
-----------------------------------------
-----------------------------------------
| rollout/                |             |
|    ep_len_mean          | 487         |
|    ep_rew_mean          | -114        |
| time/                   |             |
|    fps                  | 926         |
|    iterations           | 192         |
|    time_elapsed         | 1696        |
|    total_timesteps      | 1572864     |
| train/                  |             |
|    approx_kl            | 0.009870918 |
|    clip_fraction        | 0.118       |
|    clip_range           | 0.2         |
|    entropy_loss         | -2.48       |
|    explained_variance   | 0.889       |
|    learning_rate        | 0.0003      |
|    loss                 | 0.636       |
|    n_updates            | 12630       |
|    policy_gradient_loss | 0.00226     |
|    std                  | 0.464       |
|    value_loss           | 1.25        |
-----------------------------------------
-----------------------------------------
| rollout/                |             |
|    ep_len_mean          | 484         |
|    ep_rew_mean          | -118        |
| time/                   |             |
|    fps                  | 927         |
|    iterations           | 193         |
|    time_elapsed         | 1705        |
|    total_timesteps      | 1581056     |
| train/                  |             |
|    approx_kl            | 0.013398901 |
|    clip_fraction        | 0.168       |
|    clip_range           | 0.2         |
|    entropy_loss         | -2.51       |
|    explained_variance   | 0.955       |
|    learning_rate        | 0.0003      |
|    loss                 | 1.2         |
|    n_updates            | 12640       |
|    policy_gradient_loss | -0.00258    |
|    std                  | 0.463       |
|    value_loss           | 2.51        |
-----------------------------------------
-----------------------------------------
| rollout/                |             |
|    ep_len_mean          | 496         |
|    ep_rew_mean          | -121        |
| time/                   |             |
|    fps                  | 927         |
|    iterations           | 194         |
|    time_elapsed         | 1713        |
|    total_timesteps      | 1589248     |
| train/                  |             |
|    approx_kl            | 0.015156922 |
|    clip_fraction        | 0.167       |
|    clip_range           | 0.2         |
|    entropy_loss         | -2.52       |
|    explained_variance   | 0.884       |
|    learning_rate        | 0.0003      |
|    loss                 | 0.916       |
|    n_updates            | 12650       |
|    policy_gradient_loss | 0.00337     |
|    std                  | 0.465       |
|    value_loss           | 1.69        |
-----------------------------------------
-----------------------------------------
| rollout/                |             |
|    ep_len_mean          | 479         |
|    ep_rew_mean          | -102        |
| time/                   |             |
|    fps                  | 927         |
|    iterations           | 195         |
|    time_elapsed         | 1721        |
|    total_timesteps      | 1597440     |
| train/                  |             |
|    approx_kl            | 0.020159576 |
|    clip_fraction        | 0.173       |
|    clip_range           | 0.2         |
|    entropy_loss         | -2.5        |
|    explained_variance   | 0.94        |
|    learning_rate        | 0.0003      |
|    loss                 | 0.549       |
|    n_updates            | 12660       |
|    policy_gradient_loss | -0.00205    |
|    std                  | 0.459       |
|    value_loss           | 0.692       |
-----------------------------------------
[PeriodicArtifactCallback] step 1600000: running periodic self-monitoring analysis...
[PeriodicArtifactCallback] analysis written to C:\GitHub\HumanoidRobot\simulation\training\pick_place\runs\pp_v13\analysis_1600000.md (stalled=False)
[PeriodicArtifactCallback] step 1600000: saving checkpoint, evaluating, rendering...
[PeriodicArtifactCallback] step 1600000: success_rate=0.00 pick_success_rate=0.40 mean_reward=-101.73 -> C:\GitHub\HumanoidRobot\simulation\training\pick_place\runs\pp_v13\dashboard.html
-----------------------------------------
| rollout/                |             |
|    ep_len_mean          | 496         |
|    ep_rew_mean          | -108        |
| time/                   |             |
|    fps                  | 917         |
|    iterations           | 196         |
|    time_elapsed         | 1750        |
|    total_timesteps      | 1605632     |
| train/                  |             |
|    approx_kl            | 0.008774666 |
|    clip_fraction        | 0.0758      |
|    clip_range           | 0.2         |
|    entropy_loss         | -2.46       |
|    explained_variance   | 0.749       |
|    learning_rate        | 0.0003      |
|    loss                 | 0.249       |
|    n_updates            | 12670       |
|    policy_gradient_loss | -7.48e-05   |
|    std                  | 0.455       |
|    value_loss           | 2.37        |
-----------------------------------------
-----------------------------------------
| rollout/                |             |
|    ep_len_mean          | 485         |
|    ep_rew_mean          | -109        |
| time/                   |             |
|    fps                  | 917         |
|    iterations           | 197         |
|    time_elapsed         | 1758        |
|    total_timesteps      | 1613824     |
| train/                  |             |
|    approx_kl            | 0.011478404 |
|    clip_fraction        | 0.0953      |
|    clip_range           | 0.2         |
|    entropy_loss         | -2.46       |
|    explained_variance   | 0.91        |
|    learning_rate        | 0.0003      |
|    loss                 | 5.55        |
|    n_updates            | 12680       |
|    policy_gradient_loss | -0.00473    |
|    std                  | 0.459       |
|    value_loss           | 3.28        |
-----------------------------------------
-----------------------------------------
| rollout/                |             |
|    ep_len_mean          | 484         |
|    ep_rew_mean          | -101        |
| time/                   |             |
|    fps                  | 917         |
|    iterations           | 198         |
|    time_elapsed         | 1766        |
|    total_timesteps      | 1622016     |
| train/                  |             |
|    approx_kl            | 0.019252978 |
|    clip_fraction        | 0.219       |
|    clip_range           | 0.2         |
|    entropy_loss         | -2.47       |
|    explained_variance   | 0.947       |
|    learning_rate        | 0.0003      |
|    loss                 | 0.125       |
|    n_updates            | 12690       |
|    policy_gradient_loss | 0.00159     |
|    std                  | 0.456       |
|    value_loss           | 2.4         |
-----------------------------------------
-----------------------------------------
| rollout/                |             |
|    ep_len_mean          | 487         |
|    ep_rew_mean          | -104        |
| time/                   |             |
|    fps                  | 918         |
|    iterations           | 199         |
|    time_elapsed         | 1775        |
|    total_timesteps      | 1630208     |
| train/                  |             |
|    approx_kl            | 0.014177168 |
|    clip_fraction        | 0.134       |
|    clip_range           | 0.2         |
|    entropy_loss         | -2.47       |
|    explained_variance   | 0.955       |
|    learning_rate        | 0.0003      |
|    loss                 | 0.635       |
|    n_updates            | 12700       |
|    policy_gradient_loss | -0.00379    |
|    std                  | 0.461       |
|    value_loss           | 4.04        |
-----------------------------------------
