Continuing from checkpoint: C:/GitHub/HumanoidRobot/simulation/training/pick_place/runs/pp_v17/checkpoints/ckpt_1400000.zip
Logging to C:\GitHub\HumanoidRobot\simulation\training\pick_place\runs\pp_v18\logs\pp_v18_1
---------------------------------
| rollout/           |          |
|    ep_len_mean     | 24.3     |
|    ep_rew_mean     | 30.2     |
| time/              |          |
|    fps             | 3674     |
|    iterations      | 1        |
|    time_elapsed    | 2        |
|    total_timesteps | 8192     |
---------------------------------
-----------------------------------------
| rollout/                |             |
|    ep_len_mean          | 86          |
|    ep_rew_mean          | 1.75        |
| time/                   |             |
|    fps                  | 1535        |
|    iterations           | 2           |
|    time_elapsed         | 10          |
|    total_timesteps      | 16384       |
| train/                  |             |
|    approx_kl            | 0.020551443 |
|    clip_fraction        | 0.185       |
|    clip_range           | 0.2         |
|    entropy_loss         | -2.34       |
|    explained_variance   | 0.985       |
|    learning_rate        | 0.0003      |
|    loss                 | 6.84        |
|    n_updates            | 20720       |
|    policy_gradient_loss | -0.00689    |
|    std                  | 0.47        |
|    value_loss           | 6.96        |
-----------------------------------------
-----------------------------------------
| rollout/                |             |
|    ep_len_mean          | 86.5        |
|    ep_rew_mean          | 4.04        |
| time/                   |             |
|    fps                  | 1266        |
|    iterations           | 3           |
|    time_elapsed         | 19          |
|    total_timesteps      | 24576       |
| train/                  |             |
|    approx_kl            | 0.023640301 |
|    clip_fraction        | 0.256       |
|    clip_range           | 0.2         |
|    entropy_loss         | -2.34       |
|    explained_variance   | 0.995       |
|    learning_rate        | 0.0003      |
|    loss                 | 0.134       |
|    n_updates            | 20730       |
|    policy_gradient_loss | 0.00194     |
|    std                  | 0.467       |
|    value_loss           | 2.76        |
-----------------------------------------
----------------------------------------
| rollout/                |            |
|    ep_len_mean          | 74.3       |
|    ep_rew_mean          | 3.55       |
| time/                   |            |
|    fps                  | 1180       |
|    iterations           | 4          |
|    time_elapsed         | 27         |
|    total_timesteps      | 32768      |
| train/                  |            |
|    approx_kl            | 0.03314334 |
|    clip_fraction        | 0.249      |
|    clip_range           | 0.2        |
|    entropy_loss         | -2.34      |
|    explained_variance   | 0.993      |
|    learning_rate        | 0.0003     |
|    loss                 | 0.653      |
|    n_updates            | 20740      |
|    policy_gradient_loss | -0.000145  |
|    std                  | 0.47       |
|    value_loss           | 3          |
----------------------------------------
-----------------------------------------
| rollout/                |             |
|    ep_len_mean          | 103         |
|    ep_rew_mean          | -8.8        |
| time/                   |             |
|    fps                  | 1124        |
|    iterations           | 5           |
|    time_elapsed         | 36          |
|    total_timesteps      | 40960       |
| train/                  |             |
|    approx_kl            | 0.029838119 |
|    clip_fraction        | 0.263       |
|    clip_range           | 0.2         |
|    entropy_loss         | -2.32       |
|    explained_variance   | 0.991       |
|    learning_rate        | 0.0003      |
|    loss                 | 0.458       |
|    n_updates            | 20750       |
|    policy_gradient_loss | -0.00163    |
|    std                  | 0.468       |
|    value_loss           | 4.54        |
-----------------------------------------
-----------------------------------------
| rollout/                |             |
|    ep_len_mean          | 80.4        |
|    ep_rew_mean          | 6.16        |
| time/                   |             |
|    fps                  | 1096        |
|    iterations           | 6           |
|    time_elapsed         | 44          |
|    total_timesteps      | 49152       |
| train/                  |             |
|    approx_kl            | 0.027682826 |
|    clip_fraction        | 0.257       |
|    clip_range           | 0.2         |
|    entropy_loss         | -2.29       |
|    explained_variance   | 0.997       |
|    learning_rate        | 0.0003      |
|    loss                 | 0.0507      |
|    n_updates            | 20760       |
|    policy_gradient_loss | -0.000188   |
|    std                  | 0.463       |
|    value_loss           | 1.7         |
-----------------------------------------
----------------------------------------
| rollout/                |            |
|    ep_len_mean          | 91.8       |
|    ep_rew_mean          | 0.128      |
| time/                   |            |
|    fps                  | 1068       |
|    iterations           | 7          |
|    time_elapsed         | 53         |
|    total_timesteps      | 57344      |
| train/                  |            |
|    approx_kl            | 0.03166203 |
|    clip_fraction        | 0.278      |
|    clip_range           | 0.2        |
|    entropy_loss         | -2.24      |
|    explained_variance   | 0.992      |
|    learning_rate        | 0.0003     |
|    loss                 | 0.158      |
|    n_updates            | 20770      |
|    policy_gradient_loss | 0.000755   |
|    std                  | 0.457      |
|    value_loss           | 2.05       |
----------------------------------------
-----------------------------------------
| rollout/                |             |
|    ep_len_mean          | 85.8        |
|    ep_rew_mean          | -2.29       |
| time/                   |             |
|    fps                  | 1056        |
|    iterations           | 8           |
|    time_elapsed         | 62          |
|    total_timesteps      | 65536       |
| train/                  |             |
|    approx_kl            | 0.027629437 |
|    clip_fraction        | 0.237       |
|    clip_range           | 0.2         |
|    entropy_loss         | -2.22       |
|    explained_variance   | 0.993       |
|    learning_rate        | 0.0003      |
|    loss                 | 0.211       |
|    n_updates            | 20780       |
|    policy_gradient_loss | 0.000819    |
|    std                  | 0.457       |
|    value_loss           | 3.11        |
-----------------------------------------
-----------------------------------------
| rollout/                |             |
|    ep_len_mean          | 97.2        |
|    ep_rew_mean          | -6.32       |
| time/                   |             |
|    fps                  | 1040        |
|    iterations           | 9           |
|    time_elapsed         | 70          |
|    total_timesteps      | 73728       |
| train/                  |             |
|    approx_kl            | 0.020025054 |
|    clip_fraction        | 0.198       |
|    clip_range           | 0.2         |
|    entropy_loss         | -2.2        |
|    explained_variance   | 0.985       |
|    learning_rate        | 0.0003      |
|    loss                 | 1.87        |
|    n_updates            | 20790       |
|    policy_gradient_loss | 0.00244     |
|    std                  | 0.457       |
|    value_loss           | 4.21        |
-----------------------------------------
-----------------------------------------
| rollout/                |             |
|    ep_len_mean          | 62.9        |
|    ep_rew_mean          | 15          |
| time/                   |             |
|    fps                  | 1032        |
|    iterations           | 10          |
|    time_elapsed         | 79          |
|    total_timesteps      | 81920       |
| train/                  |             |
|    approx_kl            | 0.029434443 |
|    clip_fraction        | 0.293       |
|    clip_range           | 0.2         |
|    entropy_loss         | -2.17       |
|    explained_variance   | 0.992       |
|    learning_rate        | 0.0003      |
|    loss                 | 0.584       |
|    n_updates            | 20800       |
|    policy_gradient_loss | -0.00128    |
|    std                  | 0.452       |
|    value_loss           | 2.24        |
-----------------------------------------
-----------------------------------------
| rollout/                |             |
|    ep_len_mean          | 97.5        |
|    ep_rew_mean          | -2.36       |
| time/                   |             |
|    fps                  | 1021        |
|    iterations           | 11          |
|    time_elapsed         | 88          |
|    total_timesteps      | 90112       |
| train/                  |             |
|    approx_kl            | 0.027575066 |
|    clip_fraction        | 0.268       |
|    clip_range           | 0.2         |
|    entropy_loss         | -2.16       |
|    explained_variance   | 0.998       |
|    learning_rate        | 0.0003      |
|    loss                 | 0.0457      |
|    n_updates            | 20810       |
|    policy_gradient_loss | 0.000619    |
|    std                  | 0.45        |
|    value_loss           | 1.15        |
-----------------------------------------
----------------------------------------
| rollout/                |            |
|    ep_len_mean          | 91.8       |
|    ep_rew_mean          | -10.3      |
| time/                   |            |
|    fps                  | 1017       |
|    iterations           | 12         |
|    time_elapsed         | 96         |
|    total_timesteps      | 98304      |
| train/                  |            |
|    approx_kl            | 0.01658437 |
|    clip_fraction        | 0.164      |
|    clip_range           | 0.2        |
|    entropy_loss         | -2.13      |
|    explained_variance   | 0.983      |
|    learning_rate        | 0.0003     |
|    loss                 | 0.778      |
|    n_updates            | 20820      |
|    policy_gradient_loss | -0.00305   |
|    std                  | 0.45       |
|    value_loss           | 4.19       |
----------------------------------------
-----------------------------------------
| rollout/                |             |
|    ep_len_mean          | 109         |
|    ep_rew_mean          | -10         |
| time/                   |             |
|    fps                  | 1011        |
|    iterations           | 13          |
|    time_elapsed         | 105         |
|    total_timesteps      | 106496      |
| train/                  |             |
|    approx_kl            | 0.016900804 |
|    clip_fraction        | 0.193       |
|    clip_range           | 0.2         |
|    entropy_loss         | -2.17       |
|    explained_variance   | 0.983       |
|    learning_rate        | 0.0003      |
|    loss                 | 0.884       |
|    n_updates            | 20830       |
|    policy_gradient_loss | 0.00216     |
|    std                  | 0.457       |
|    value_loss           | 4.02        |
-----------------------------------------
-----------------------------------------
| rollout/                |             |
|    ep_len_mean          | 97.6        |
|    ep_rew_mean          | -1.51       |
| time/                   |             |
|    fps                  | 1010        |
|    iterations           | 14          |
|    time_elapsed         | 113         |
|    total_timesteps      | 114688      |
| train/                  |             |
|    approx_kl            | 0.021402149 |
|    clip_fraction        | 0.226       |
|    clip_range           | 0.2         |
|    entropy_loss         | -2.18       |
|    explained_variance   | 0.995       |
|    learning_rate        | 0.0003      |
|    loss                 | 0.242       |
|    n_updates            | 20840       |
|    policy_gradient_loss | 0.00237     |
|    std                  | 0.453       |
|    value_loss           | 0.496       |
-----------------------------------------
-----------------------------------------
| rollout/                |             |
|    ep_len_mean          | 85.7        |
|    ep_rew_mean          | 2.24        |
| time/                   |             |
|    fps                  | 1005        |
|    iterations           | 15          |
|    time_elapsed         | 122         |
|    total_timesteps      | 122880      |
| train/                  |             |
|    approx_kl            | 0.025361562 |
|    clip_fraction        | 0.237       |
|    clip_range           | 0.2         |
|    entropy_loss         | -2.19       |
|    explained_variance   | 0.992       |
|    learning_rate        | 0.0003      |
|    loss                 | 0.112       |
|    n_updates            | 20850       |
|    policy_gradient_loss | 8.99e-05    |
|    std                  | 0.459       |
|    value_loss           | 1.59        |
-----------------------------------------
-----------------------------------------
| rollout/                |             |
|    ep_len_mean          | 97.6        |
|    ep_rew_mean          | 0.803       |
| time/                   |             |
|    fps                  | 1004        |
|    iterations           | 16          |
|    time_elapsed         | 130         |
|    total_timesteps      | 131072      |
| train/                  |             |
|    approx_kl            | 0.030361542 |
|    clip_fraction        | 0.234       |
|    clip_range           | 0.2         |
|    entropy_loss         | -2.21       |
|    explained_variance   | 0.989       |
|    learning_rate        | 0.0003      |
|    loss                 | 0.135       |
|    n_updates            | 20860       |
|    policy_gradient_loss | -0.000824   |
|    std                  | 0.461       |
|    value_loss           | 4.13        |
-----------------------------------------
-----------------------------------------
| rollout/                |             |
|    ep_len_mean          | 68.7        |
|    ep_rew_mean          | 8.91        |
| time/                   |             |
|    fps                  | 1000        |
|    iterations           | 17          |
|    time_elapsed         | 139         |
|    total_timesteps      | 139264      |
| train/                  |             |
|    approx_kl            | 0.026827235 |
|    clip_fraction        | 0.262       |
|    clip_range           | 0.2         |
|    entropy_loss         | -2.22       |
|    explained_variance   | 0.996       |
|    learning_rate        | 0.0003      |
|    loss                 | 0.267       |
|    n_updates            | 20870       |
|    policy_gradient_loss | 0.000336    |
|    std                  | 0.462       |
|    value_loss           | 1.61        |
-----------------------------------------
-----------------------------------------
| rollout/                |             |
|    ep_len_mean          | 110         |
|    ep_rew_mean          | -7.77       |
| time/                   |             |
|    fps                  | 999         |
|    iterations           | 18          |
|    time_elapsed         | 147         |
|    total_timesteps      | 147456      |
| train/                  |             |
|    approx_kl            | 0.022443006 |
|    clip_fraction        | 0.225       |
|    clip_range           | 0.2         |
|    entropy_loss         | -2.24       |
|    explained_variance   | 0.991       |
|    learning_rate        | 0.0003      |
|    loss                 | 0.681       |
|    n_updates            | 20880       |
|    policy_gradient_loss | 0.00341     |
|    std                  | 0.465       |
|    value_loss           | 2.31        |
-----------------------------------------
----------------------------------------
| rollout/                |            |
|    ep_len_mean          | 139        |
|    ep_rew_mean          | -25.7      |
| time/                   |            |
|    fps                  | 995        |
|    iterations           | 19         |
|    time_elapsed         | 156        |
|    total_timesteps      | 155648     |
| train/                  |            |
|    approx_kl            | 0.02380563 |
|    clip_fraction        | 0.225      |
|    clip_range           | 0.2        |
|    entropy_loss         | -2.27      |
|    explained_variance   | 0.986      |
|    learning_rate        | 0.0003     |
|    loss                 | 0.0925     |
|    n_updates            | 20890      |
|    policy_gradient_loss | -0.00356   |
|    std                  | 0.468      |
|    value_loss           | 3.12       |
----------------------------------------
-----------------------------------------
| rollout/                |             |
|    ep_len_mean          | 150         |
|    ep_rew_mean          | -27.1       |
| time/                   |             |
|    fps                  | 994         |
|    iterations           | 20          |
|    time_elapsed         | 164         |
|    total_timesteps      | 163840      |
| train/                  |             |
|    approx_kl            | 0.033839382 |
|    clip_fraction        | 0.241       |
|    clip_range           | 0.2         |
|    entropy_loss         | -2.29       |
|    explained_variance   | 0.995       |
|    learning_rate        | 0.0003      |
|    loss                 | 2.71        |
|    n_updates            | 20900       |
|    policy_gradient_loss | -0.000252   |
|    std                  | 0.469       |
|    value_loss           | 1.26        |
-----------------------------------------
-----------------------------------------
| rollout/                |             |
|    ep_len_mean          | 161         |
|    ep_rew_mean          | -28.8       |
| time/                   |             |
|    fps                  | 992         |
|    iterations           | 21          |
|    time_elapsed         | 173         |
|    total_timesteps      | 172032      |
| train/                  |             |
|    approx_kl            | 0.030109558 |
|    clip_fraction        | 0.274       |
|    clip_range           | 0.2         |
|    entropy_loss         | -2.28       |
|    explained_variance   | 0.992       |
|    learning_rate        | 0.0003      |
|    loss                 | 0.398       |
|    n_updates            | 20910       |
|    policy_gradient_loss | -0.00109    |
|    std                  | 0.467       |
|    value_loss           | 1.85        |
-----------------------------------------
-----------------------------------------
| rollout/                |             |
|    ep_len_mean          | 104         |
|    ep_rew_mean          | -4.78       |
| time/                   |             |
|    fps                  | 992         |
|    iterations           | 22          |
|    time_elapsed         | 181         |
|    total_timesteps      | 180224      |
| train/                  |             |
|    approx_kl            | 0.026519567 |
|    clip_fraction        | 0.214       |
|    clip_range           | 0.2         |
|    entropy_loss         | -2.28       |
|    explained_variance   | 0.971       |
|    learning_rate        | 0.0003      |
|    loss                 | 0.587       |
|    n_updates            | 20920       |
|    policy_gradient_loss | -0.00177    |
|    std                  | 0.468       |
|    value_loss           | 4.33        |
-----------------------------------------
-----------------------------------------
| rollout/                |             |
|    ep_len_mean          | 121         |
|    ep_rew_mean          | -12         |
| time/                   |             |
|    fps                  | 990         |
|    iterations           | 23          |
|    time_elapsed         | 190         |
|    total_timesteps      | 188416      |
| train/                  |             |
|    approx_kl            | 0.018207993 |
|    clip_fraction        | 0.236       |
|    clip_range           | 0.2         |
|    entropy_loss         | -2.29       |
|    explained_variance   | 0.989       |
|    learning_rate        | 0.0003      |
|    loss                 | 1.26        |
|    n_updates            | 20930       |
|    policy_gradient_loss | -0.00092    |
|    std                  | 0.466       |
|    value_loss           | 3.54        |
-----------------------------------------
-----------------------------------------
| rollout/                |             |
|    ep_len_mean          | 109         |
|    ep_rew_mean          | -6.22       |
| time/                   |             |
|    fps                  | 989         |
|    iterations           | 24          |
|    time_elapsed         | 198         |
|    total_timesteps      | 196608      |
| train/                  |             |
|    approx_kl            | 0.026665159 |
|    clip_fraction        | 0.261       |
|    clip_range           | 0.2         |
|    entropy_loss         | -2.32       |
|    explained_variance   | 0.997       |
|    learning_rate        | 0.0003      |
|    loss                 | 0.222       |
|    n_updates            | 20940       |
|    policy_gradient_loss | -0.00147    |
|    std                  | 0.471       |
|    value_loss           | 0.752       |
-----------------------------------------
[PeriodicArtifactCallback] step 200000: saving checkpoint, evaluating, rendering...
[PeriodicArtifactCallback] step 200000: success_rate=0.00 pick_success_rate=0.40 mean_reward=-188.91 -> C:\GitHub\HumanoidRobot\simulation\training\pick_place\runs\pp_v18\dashboard.html
-----------------------------------------
| rollout/                |             |
|    ep_len_mean          | 97.7        |
|    ep_rew_mean          | 0.641       |
| time/                   |             |
|    fps                  | 932         |
|    iterations           | 25          |
|    time_elapsed         | 219         |
|    total_timesteps      | 204800      |
| train/                  |             |
|    approx_kl            | 0.026335236 |
|    clip_fraction        | 0.239       |
|    clip_range           | 0.2         |
|    entropy_loss         | -2.33       |
|    explained_variance   | 0.992       |
|    learning_rate        | 0.0003      |
|    loss                 | 0.227       |
|    n_updates            | 20950       |
|    policy_gradient_loss | -0.00246    |
|    std                  | 0.47        |
|    value_loss           | 1.98        |
-----------------------------------------
-----------------------------------------
| rollout/                |             |
|    ep_len_mean          | 109         |
|    ep_rew_mean          | -4.49       |
| time/                   |             |
|    fps                  | 934         |
|    iterations           | 26          |
|    time_elapsed         | 227         |
|    total_timesteps      | 212992      |
| train/                  |             |
|    approx_kl            | 0.027297502 |
|    clip_fraction        | 0.263       |
|    clip_range           | 0.2         |
|    entropy_loss         | -2.32       |
|    explained_variance   | 0.993       |
|    learning_rate        | 0.0003      |
|    loss                 | 0.454       |
|    n_updates            | 20960       |
|    policy_gradient_loss | -0.0025     |
|    std                  | 0.469       |
|    value_loss           | 1.79        |
-----------------------------------------
-----------------------------------------
| rollout/                |             |
|    ep_len_mean          | 96.7        |
|    ep_rew_mean          | -7.28       |
| time/                   |             |
|    fps                  | 934         |
|    iterations           | 27          |
|    time_elapsed         | 236         |
|    total_timesteps      | 221184      |
| train/                  |             |
|    approx_kl            | 0.026706599 |
|    clip_fraction        | 0.181       |
|    clip_range           | 0.2         |
|    entropy_loss         | -2.34       |
|    explained_variance   | 0.97        |
|    learning_rate        | 0.0003      |
|    loss                 | 7.68        |
|    n_updates            | 20970       |
|    policy_gradient_loss | -0.0014     |
|    std                  | 0.474       |
|    value_loss           | 4.73        |
-----------------------------------------
-----------------------------------------
| rollout/                |             |
|    ep_len_mean          | 126         |
|    ep_rew_mean          | -19.5       |
| time/                   |             |
|    fps                  | 936         |
|    iterations           | 28          |
|    time_elapsed         | 244         |
|    total_timesteps      | 229376      |
| train/                  |             |
|    approx_kl            | 0.032217298 |
|    clip_fraction        | 0.201       |
|    clip_range           | 0.2         |
|    entropy_loss         | -2.36       |
|    explained_variance   | 0.982       |
|    learning_rate        | 0.0003      |
|    loss                 | 8.5         |
|    n_updates            | 20980       |
|    policy_gradient_loss | -0.00528    |
|    std                  | 0.474       |
|    value_loss           | 9.58        |
-----------------------------------------
----------------------------------------
| rollout/                |            |
|    ep_len_mean          | 161        |
|    ep_rew_mean          | -45.1      |
| time/                   |            |
|    fps                  | 937        |
|    iterations           | 29         |
|    time_elapsed         | 253        |
|    total_timesteps      | 237568     |
| train/                  |            |
|    approx_kl            | 0.01770847 |
|    clip_fraction        | 0.169      |
|    clip_range           | 0.2        |
|    entropy_loss         | -2.39      |
|    explained_variance   | 0.942      |
|    learning_rate        | 0.0003     |
|    loss                 | 0.492      |
|    n_updates            | 20990      |
|    policy_gradient_loss | 0.00135    |
|    std                  | 0.48       |
|    value_loss           | 10.8       |
----------------------------------------
-----------------------------------------
| rollout/                |             |
|    ep_len_mean          | 126         |
|    ep_rew_mean          | -16.3       |
| time/                   |             |
|    fps                  | 938         |
|    iterations           | 30          |
|    time_elapsed         | 261         |
|    total_timesteps      | 245760      |
| train/                  |             |
|    approx_kl            | 0.027328739 |
|    clip_fraction        | 0.234       |
|    clip_range           | 0.2         |
|    entropy_loss         | -2.4        |
|    explained_variance   | 0.969       |
|    learning_rate        | 0.0003      |
|    loss                 | 16.4        |
|    n_updates            | 21000       |
|    policy_gradient_loss | 0.000876    |
|    std                  | 0.478       |
|    value_loss           | 14.1        |
-----------------------------------------
-----------------------------------------
| rollout/                |             |
|    ep_len_mean          | 91.6        |
|    ep_rew_mean          | -10.9       |
| time/                   |             |
|    fps                  | 942         |
|    iterations           | 31          |
|    time_elapsed         | 269         |
|    total_timesteps      | 253952      |
| train/                  |             |
|    approx_kl            | 0.037656605 |
|    clip_fraction        | 0.232       |
|    clip_range           | 0.2         |
|    entropy_loss         | -2.42       |
|    explained_variance   | 0.974       |
|    learning_rate        | 0.0003      |
|    loss                 | 0.569       |
|    n_updates            | 21010       |
|    policy_gradient_loss | 0.00407     |
|    std                  | 0.478       |
|    value_loss           | 9.42        |
-----------------------------------------
-----------------------------------------
| rollout/                |             |
|    ep_len_mean          | 91.1        |
|    ep_rew_mean          | -13.6       |
| time/                   |             |
|    fps                  | 945         |
|    iterations           | 32          |
|    time_elapsed         | 277         |
|    total_timesteps      | 262144      |
| train/                  |             |
|    approx_kl            | 0.029180735 |
|    clip_fraction        | 0.196       |
|    clip_range           | 0.2         |
|    entropy_loss         | -2.41       |
|    explained_variance   | 0.946       |
|    learning_rate        | 0.0003      |
|    loss                 | 11.2        |
|    n_updates            | 21020       |
|    policy_gradient_loss | 0.000149    |
|    std                  | 0.478       |
|    value_loss           | 17.7        |
-----------------------------------------
-----------------------------------------
| rollout/                |             |
|    ep_len_mean          | 80.1        |
|    ep_rew_mean          | -1.43       |
| time/                   |             |
|    fps                  | 945         |
|    iterations           | 33          |
|    time_elapsed         | 285         |
|    total_timesteps      | 270336      |
| train/                  |             |
|    approx_kl            | 0.020463083 |
|    clip_fraction        | 0.208       |
|    clip_range           | 0.2         |
|    entropy_loss         | -2.42       |
|    explained_variance   | 0.966       |
|    learning_rate        | 0.0003      |
|    loss                 | 1.83        |
|    n_updates            | 21030       |
|    policy_gradient_loss | -0.00161    |
|    std                  | 0.479       |
|    value_loss           | 8.2         |
-----------------------------------------
-----------------------------------------
| rollout/                |             |
|    ep_len_mean          | 97.9        |
|    ep_rew_mean          | -7.57       |
| time/                   |             |
|    fps                  | 946         |
|    iterations           | 34          |
|    time_elapsed         | 294         |
|    total_timesteps      | 278528      |
| train/                  |             |
|    approx_kl            | 0.023888115 |
|    clip_fraction        | 0.231       |
|    clip_range           | 0.2         |
|    entropy_loss         | -2.44       |
|    explained_variance   | 0.986       |
|    learning_rate        | 0.0003      |
|    loss                 | 0.279       |
|    n_updates            | 21040       |
|    policy_gradient_loss | 0.000161    |
|    std                  | 0.482       |
|    value_loss           | 7.4         |
-----------------------------------------
-----------------------------------------
| rollout/                |             |
|    ep_len_mean          | 91.3        |
|    ep_rew_mean          | -5.84       |
| time/                   |             |
|    fps                  | 946         |
|    iterations           | 35          |
|    time_elapsed         | 302         |
|    total_timesteps      | 286720      |
| train/                  |             |
|    approx_kl            | 0.031905636 |
|    clip_fraction        | 0.295       |
|    clip_range           | 0.2         |
|    entropy_loss         | -2.45       |
|    explained_variance   | 0.988       |
|    learning_rate        | 0.0003      |
|    loss                 | 1.09        |
|    n_updates            | 21050       |
|    policy_gradient_loss | -0.000292   |
|    std                  | 0.483       |
|    value_loss           | 4.87        |
-----------------------------------------
-----------------------------------------
| rollout/                |             |
|    ep_len_mean          | 132         |
|    ep_rew_mean          | -17.2       |
| time/                   |             |
|    fps                  | 948         |
|    iterations           | 36          |
|    time_elapsed         | 311         |
|    total_timesteps      | 294912      |
| train/                  |             |
|    approx_kl            | 0.030760283 |
|    clip_fraction        | 0.284       |
|    clip_range           | 0.2         |
|    entropy_loss         | -2.45       |
|    explained_variance   | 0.992       |
|    learning_rate        | 0.0003      |
|    loss                 | 1.37        |
|    n_updates            | 21060       |
|    policy_gradient_loss | 0.00275     |
|    std                  | 0.483       |
|    value_loss           | 3.71        |
-----------------------------------------
-----------------------------------------
| rollout/                |             |
|    ep_len_mean          | 138         |
|    ep_rew_mean          | -14.9       |
| time/                   |             |
|    fps                  | 948         |
|    iterations           | 37          |
|    time_elapsed         | 319         |
|    total_timesteps      | 303104      |
| train/                  |             |
|    approx_kl            | 0.021452593 |
|    clip_fraction        | 0.233       |
|    clip_range           | 0.2         |
|    entropy_loss         | -2.45       |
|    explained_variance   | 0.995       |
|    learning_rate        | 0.0003      |
|    loss                 | 0.718       |
|    n_updates            | 21070       |
|    policy_gradient_loss | -0.00128    |
|    std                  | 0.483       |
|    value_loss           | 1.06        |
-----------------------------------------
----------------------------------------
| rollout/                |            |
|    ep_len_mean          | 132        |
|    ep_rew_mean          | -20.4      |
| time/                   |            |
|    fps                  | 949        |
|    iterations           | 38         |
|    time_elapsed         | 327        |
|    total_timesteps      | 311296     |
| train/                  |            |
|    approx_kl            | 0.01947931 |
|    clip_fraction        | 0.189      |
|    clip_range           | 0.2        |
|    entropy_loss         | -2.43      |
|    explained_variance   | 0.987      |
|    learning_rate        | 0.0003     |
|    loss                 | 0.587      |
|    n_updates            | 21080      |
|    policy_gradient_loss | -0.00368   |
|    std                  | 0.48       |
|    value_loss           | 3.3        |
----------------------------------------
-----------------------------------------
| rollout/                |             |
|    ep_len_mean          | 126         |
|    ep_rew_mean          | -17.8       |
| time/                   |             |
|    fps                  | 950         |
|    iterations           | 39          |
|    time_elapsed         | 336         |
|    total_timesteps      | 319488      |
| train/                  |             |
|    approx_kl            | 0.025150605 |
|    clip_fraction        | 0.246       |
|    clip_range           | 0.2         |
|    entropy_loss         | -2.38       |
|    explained_variance   | 0.994       |
|    learning_rate        | 0.0003      |
|    loss                 | 0.399       |
|    n_updates            | 21090       |
|    policy_gradient_loss | -0.00304    |
|    std                  | 0.475       |
|    value_loss           | 1.7         |
-----------------------------------------
-----------------------------------------
| rollout/                |             |
|    ep_len_mean          | 138         |
|    ep_rew_mean          | -23         |
| time/                   |             |
|    fps                  | 951         |
|    iterations           | 40          |
|    time_elapsed         | 344         |
|    total_timesteps      | 327680      |
| train/                  |             |
|    approx_kl            | 0.019921474 |
|    clip_fraction        | 0.206       |
|    clip_range           | 0.2         |
|    entropy_loss         | -2.37       |
|    explained_variance   | 0.995       |
|    learning_rate        | 0.0003      |
|    loss                 | 0.241       |
|    n_updates            | 21100       |
|    policy_gradient_loss | -0.00356    |
|    std                  | 0.475       |
|    value_loss           | 0.941       |
-----------------------------------------
----------------------------------------
| rollout/                |            |
|    ep_len_mean          | 97.7       |
|    ep_rew_mean          | -4.6       |
| time/                   |            |
|    fps                  | 951        |
|    iterations           | 41         |
|    time_elapsed         | 352        |
|    total_timesteps      | 335872     |
| train/                  |            |
|    approx_kl            | 0.02071444 |
|    clip_fraction        | 0.197      |
|    clip_range           | 0.2        |
|    entropy_loss         | -2.36      |
|    explained_variance   | 0.986      |
|    learning_rate        | 0.0003     |
|    loss                 | 0.636      |
|    n_updates            | 21110      |
|    policy_gradient_loss | 0.002      |
|    std                  | 0.472      |
|    value_loss           | 2.18       |
----------------------------------------
-----------------------------------------
| rollout/                |             |
|    ep_len_mean          | 121         |
|    ep_rew_mean          | -11.1       |
| time/                   |             |
|    fps                  | 952         |
|    iterations           | 42          |
|    time_elapsed         | 361         |
|    total_timesteps      | 344064      |
| train/                  |             |
|    approx_kl            | 0.023239536 |
|    clip_fraction        | 0.182       |
|    clip_range           | 0.2         |
|    entropy_loss         | -2.34       |
|    explained_variance   | 0.966       |
|    learning_rate        | 0.0003      |
|    loss                 | 0.793       |
|    n_updates            | 21120       |
|    policy_gradient_loss | -0.00323    |
|    std                  | 0.471       |
|    value_loss           | 2.99        |
-----------------------------------------
-----------------------------------------
| rollout/                |             |
|    ep_len_mean          | 138         |
|    ep_rew_mean          | -30.1       |
| time/                   |             |
|    fps                  | 952         |
|    iterations           | 43          |
|    time_elapsed         | 369         |
|    total_timesteps      | 352256      |
| train/                  |             |
|    approx_kl            | 0.015829783 |
|    clip_fraction        | 0.144       |
|    clip_range           | 0.2         |
|    entropy_loss         | -2.37       |
|    explained_variance   | 0.944       |
|    learning_rate        | 0.0003      |
|    loss                 | 0.989       |
|    n_updates            | 21130       |
|    policy_gradient_loss | 0.000325    |
|    std                  | 0.477       |
|    value_loss           | 9.51        |
-----------------------------------------
-----------------------------------------
| rollout/                |             |
|    ep_len_mean          | 138         |
|    ep_rew_mean          | -24.4       |
| time/                   |             |
|    fps                  | 952         |
|    iterations           | 44          |
|    time_elapsed         | 378         |
|    total_timesteps      | 360448      |
| train/                  |             |
|    approx_kl            | 0.019777223 |
|    clip_fraction        | 0.2         |
|    clip_range           | 0.2         |
|    entropy_loss         | -2.4        |
|    explained_variance   | 0.986       |
|    learning_rate        | 0.0003      |
|    loss                 | 0.374       |
|    n_updates            | 21140       |
|    policy_gradient_loss | -0.000378   |
|    std                  | 0.479       |
|    value_loss           | 3.74        |
-----------------------------------------
-----------------------------------------
| rollout/                |             |
|    ep_len_mean          | 133         |
|    ep_rew_mean          | -19.8       |
| time/                   |             |
|    fps                  | 953         |
|    iterations           | 45          |
|    time_elapsed         | 386         |
|    total_timesteps      | 368640      |
| train/                  |             |
|    approx_kl            | 0.022463547 |
|    clip_fraction        | 0.206       |
|    clip_range           | 0.2         |
|    entropy_loss         | -2.42       |
|    explained_variance   | 0.984       |
|    learning_rate        | 0.0003      |
|    loss                 | 0.253       |
|    n_updates            | 21150       |
|    policy_gradient_loss | 0.000693    |
|    std                  | 0.482       |
|    value_loss           | 3.86        |
-----------------------------------------
-----------------------------------------
| rollout/                |             |
|    ep_len_mean          | 132         |
|    ep_rew_mean          | -16         |
| time/                   |             |
|    fps                  | 953         |
|    iterations           | 46          |
|    time_elapsed         | 395         |
|    total_timesteps      | 376832      |
| train/                  |             |
|    approx_kl            | 0.022243615 |
|    clip_fraction        | 0.223       |
|    clip_range           | 0.2         |
|    entropy_loss         | -2.41       |
|    explained_variance   | 0.987       |
|    learning_rate        | 0.0003      |
|    loss                 | 1.1         |
|    n_updates            | 21160       |
|    policy_gradient_loss | -0.00182    |
|    std                  | 0.482       |
|    value_loss           | 2.5         |
-----------------------------------------
----------------------------------------
| rollout/                |            |
|    ep_len_mean          | 155        |
|    ep_rew_mean          | -29.2      |
| time/                   |            |
|    fps                  | 953        |
|    iterations           | 47         |
|    time_elapsed         | 403        |
|    total_timesteps      | 385024     |
| train/                  |            |
|    approx_kl            | 0.12730792 |
|    clip_fraction        | 0.275      |
|    clip_range           | 0.2        |
|    entropy_loss         | -2.41      |
|    explained_variance   | 0.983      |
|    learning_rate        | 0.0003     |
|    loss                 | 0.333      |
|    n_updates            | 21170      |
|    policy_gradient_loss | -0.00791   |
|    std                  | 0.48       |
|    value_loss           | 1.09       |
----------------------------------------
-----------------------------------------
| rollout/                |             |
|    ep_len_mean          | 109         |
|    ep_rew_mean          | -17.8       |
| time/                   |             |
|    fps                  | 954         |
|    iterations           | 48          |
|    time_elapsed         | 412         |
|    total_timesteps      | 393216      |
| train/                  |             |
|    approx_kl            | 0.019181501 |
|    clip_fraction        | 0.14        |
|    clip_range           | 0.2         |
|    entropy_loss         | -2.41       |
|    explained_variance   | 0.918       |
|    learning_rate        | 0.0003      |
|    loss                 | 0.897       |
|    n_updates            | 21180       |
|    policy_gradient_loss | -0.00783    |
|    std                  | 0.486       |
|    value_loss           | 8.85        |
-----------------------------------------
[PeriodicArtifactCallback] step 400000: running periodic self-monitoring analysis...
[PeriodicArtifactCallback] analysis written to C:\GitHub\HumanoidRobot\simulation\training\pick_place\runs\pp_v18\analysis_400000.md (stalled=False)
[PeriodicArtifactCallback] step 400000: saving checkpoint, evaluating, rendering...
[PeriodicArtifactCallback] step 400000: success_rate=0.00 pick_success_rate=0.30 mean_reward=-215.32 -> C:\GitHub\HumanoidRobot\simulation\training\pick_place\runs\pp_v18\dashboard.html
-----------------------------------------
| rollout/                |             |
|    ep_len_mean          | 103         |
|    ep_rew_mean          | -8.14       |
| time/                   |             |
|    fps                  | 911         |
|    iterations           | 49          |
|    time_elapsed         | 440         |
|    total_timesteps      | 401408      |
| train/                  |             |
|    approx_kl            | 0.019371264 |
|    clip_fraction        | 0.215       |
|    clip_range           | 0.2         |
|    entropy_loss         | -2.43       |
|    explained_variance   | 0.985       |
|    learning_rate        | 0.0003      |
|    loss                 | 5.29        |
|    n_updates            | 21190       |
|    policy_gradient_loss | 0.00172     |
|    std                  | 0.486       |
|    value_loss           | 3.96        |
-----------------------------------------
-----------------------------------------
| rollout/                |             |
|    ep_len_mean          | 150         |
|    ep_rew_mean          | -27.2       |
| time/                   |             |
|    fps                  | 913         |
|    iterations           | 50          |
|    time_elapsed         | 448         |
|    total_timesteps      | 409600      |
| train/                  |             |
|    approx_kl            | 0.020360654 |
|    clip_fraction        | 0.23        |
|    clip_range           | 0.2         |
|    entropy_loss         | -2.44       |
|    explained_variance   | 0.982       |
|    learning_rate        | 0.0003      |
|    loss                 | 12.7        |
|    n_updates            | 21200       |
|    policy_gradient_loss | 0.00291     |
|    std                  | 0.489       |
|    value_loss           | 4.05        |
-----------------------------------------
-----------------------------------------
| rollout/                |             |
|    ep_len_mean          | 103         |
|    ep_rew_mean          | -9.18       |
| time/                   |             |
|    fps                  | 914         |
|    iterations           | 51          |
|    time_elapsed         | 456         |
|    total_timesteps      | 417792      |
| train/                  |             |
|    approx_kl            | 0.017177284 |
|    clip_fraction        | 0.168       |
|    clip_range           | 0.2         |
|    entropy_loss         | -2.44       |
|    explained_variance   | 0.969       |
|    learning_rate        | 0.0003      |
|    loss                 | 0.615       |
|    n_updates            | 21210       |
|    policy_gradient_loss | -0.000496   |
|    std                  | 0.489       |
|    value_loss           | 2.74        |
-----------------------------------------
-----------------------------------------
| rollout/                |             |
|    ep_len_mean          | 120         |
|    ep_rew_mean          | -9.45       |
| time/                   |             |
|    fps                  | 915         |
|    iterations           | 52          |
|    time_elapsed         | 465         |
|    total_timesteps      | 425984      |
| train/                  |             |
|    approx_kl            | 0.024539333 |
|    clip_fraction        | 0.238       |
|    clip_range           | 0.2         |
|    entropy_loss         | -2.47       |
|    explained_variance   | 0.987       |
|    learning_rate        | 0.0003      |
|    loss                 | 0.253       |
|    n_updates            | 21220       |
|    policy_gradient_loss | -0.000346   |
|    std                  | 0.495       |
|    value_loss           | 2.84        |
-----------------------------------------
----------------------------------------
| rollout/                |            |
|    ep_len_mean          | 166        |
|    ep_rew_mean          | -32.3      |
| time/                   |            |
|    fps                  | 916        |
|    iterations           | 53         |
|    time_elapsed         | 473        |
|    total_timesteps      | 434176     |
| train/                  |            |
|    approx_kl            | 0.02198703 |
|    clip_fraction        | 0.228      |
|    clip_range           | 0.2        |
|    entropy_loss         | -2.46      |
|    explained_variance   | 0.989      |
|    learning_rate        | 0.0003     |
|    loss                 | 0.327      |
|    n_updates            | 21230      |
|    policy_gradient_loss | -0.0038    |
|    std                  | 0.492      |
|    value_loss           | 2.57       |
----------------------------------------
-----------------------------------------
| rollout/                |             |
|    ep_len_mean          | 172         |
|    ep_rew_mean          | -34.5       |
| time/                   |             |
|    fps                  | 917         |
|    iterations           | 54          |
|    time_elapsed         | 481         |
|    total_timesteps      | 442368      |
| train/                  |             |
|    approx_kl            | 0.020173755 |
|    clip_fraction        | 0.232       |
|    clip_range           | 0.2         |
|    entropy_loss         | -2.46       |
|    explained_variance   | 0.992       |
|    learning_rate        | 0.0003      |
|    loss                 | 0.241       |
|    n_updates            | 21240       |
|    policy_gradient_loss | 0.00131     |
|    std                  | 0.492       |
|    value_loss           | 1.15        |
-----------------------------------------
-----------------------------------------
| rollout/                |             |
|    ep_len_mean          | 155         |
|    ep_rew_mean          | -23         |
| time/                   |             |
|    fps                  | 919         |
|    iterations           | 55          |
|    time_elapsed         | 490         |
|    total_timesteps      | 450560      |
| train/                  |             |
|    approx_kl            | 0.022018634 |
|    clip_fraction        | 0.239       |
|    clip_range           | 0.2         |
|    entropy_loss         | -2.45       |
|    explained_variance   | 0.994       |
|    learning_rate        | 0.0003      |
|    loss                 | 0.408       |
|    n_updates            | 21250       |
|    policy_gradient_loss | -0.00346    |
|    std                  | 0.49        |
|    value_loss           | 1.52        |
-----------------------------------------
-----------------------------------------
| rollout/                |             |
|    ep_len_mean          | 144         |
|    ep_rew_mean          | -24         |
| time/                   |             |
|    fps                  | 919         |
|    iterations           | 56          |
|    time_elapsed         | 498         |
|    total_timesteps      | 458752      |
| train/                  |             |
|    approx_kl            | 0.020157613 |
|    clip_fraction        | 0.211       |
|    clip_range           | 0.2         |
|    entropy_loss         | -2.45       |
|    explained_variance   | 0.991       |
|    learning_rate        | 0.0003      |
|    loss                 | 0.783       |
|    n_updates            | 21260       |
|    policy_gradient_loss | -0.00662    |
|    std                  | 0.492       |
|    value_loss           | 2.46        |
-----------------------------------------
-----------------------------------------
| rollout/                |             |
|    ep_len_mean          | 149         |
|    ep_rew_mean          | -44.6       |
| time/                   |             |
|    fps                  | 920         |
|    iterations           | 57          |
|    time_elapsed         | 507         |
|    total_timesteps      | 466944      |
| train/                  |             |
|    approx_kl            | 0.049273904 |
|    clip_fraction        | 0.139       |
|    clip_range           | 0.2         |
|    entropy_loss         | -2.48       |
|    explained_variance   | 0.932       |
|    learning_rate        | 0.0003      |
|    loss                 | 0.864       |
|    n_updates            | 21270       |
|    policy_gradient_loss | -0.00331    |
|    std                  | 0.498       |
|    value_loss           | 7.65        |
-----------------------------------------
----------------------------------------
| rollout/                |            |
|    ep_len_mean          | 155        |
|    ep_rew_mean          | -33.7      |
| time/                   |            |
|    fps                  | 921        |
|    iterations           | 58         |
|    time_elapsed         | 515        |
|    total_timesteps      | 475136     |
| train/                  |            |
|    approx_kl            | 0.02044535 |
|    clip_fraction        | 0.231      |
|    clip_range           | 0.2        |
|    entropy_loss         | -2.46      |
|    explained_variance   | 0.984      |
|    learning_rate        | 0.0003     |
|    loss                 | 1.12       |
|    n_updates            | 21280      |
|    policy_gradient_loss | 0.002      |
|    std                  | 0.492      |
|    value_loss           | 2.35       |
----------------------------------------
-----------------------------------------
| rollout/                |             |
|    ep_len_mean          | 167         |
|    ep_rew_mean          | -39.3       |
| time/                   |             |
|    fps                  | 922         |
|    iterations           | 59          |
|    time_elapsed         | 523         |
|    total_timesteps      | 483328      |
| train/                  |             |
|    approx_kl            | 0.022844948 |
|    clip_fraction        | 0.19        |
|    clip_range           | 0.2         |
|    entropy_loss         | -2.41       |
|    explained_variance   | 0.983       |
|    learning_rate        | 0.0003      |
|    loss                 | 0.674       |
|    n_updates            | 21290       |
|    policy_gradient_loss | -0.00496    |
|    std                  | 0.489       |
|    value_loss           | 2.89        |
-----------------------------------------
-----------------------------------------
| rollout/                |             |
|    ep_len_mean          | 132         |
|    ep_rew_mean          | -21.8       |
| time/                   |             |
|    fps                  | 923         |
|    iterations           | 60          |
|    time_elapsed         | 532         |
|    total_timesteps      | 491520      |
| train/                  |             |
|    approx_kl            | 0.023967601 |
|    clip_fraction        | 0.223       |
|    clip_range           | 0.2         |
|    entropy_loss         | -2.4        |
|    explained_variance   | 0.985       |
|    learning_rate        | 0.0003      |
|    loss                 | 1.24        |
|    n_updates            | 21300       |
|    policy_gradient_loss | -0.00275    |
|    std                  | 0.492       |
|    value_loss           | 2.69        |
-----------------------------------------
-----------------------------------------
| rollout/                |             |
|    ep_len_mean          | 167         |
|    ep_rew_mean          | -47.9       |
| time/                   |             |
|    fps                  | 923         |
|    iterations           | 61          |
|    time_elapsed         | 540         |
|    total_timesteps      | 499712      |
| train/                  |             |
|    approx_kl            | 0.027028441 |
|    clip_fraction        | 0.223       |
|    clip_range           | 0.2         |
|    entropy_loss         | -2.4        |
|    explained_variance   | 0.984       |
|    learning_rate        | 0.0003      |
|    loss                 | 0.34        |
|    n_updates            | 21310       |
|    policy_gradient_loss | -0.00658    |
|    std                  | 0.491       |
|    value_loss           | 4.17        |
-----------------------------------------
----------------------------------------
| rollout/                |            |
|    ep_len_mean          | 179        |
|    ep_rew_mean          | -60.5      |
| time/                   |            |
|    fps                  | 924        |
|    iterations           | 62         |
|    time_elapsed         | 549        |
|    total_timesteps      | 507904     |
| train/                  |            |
|    approx_kl            | 0.01699457 |
|    clip_fraction        | 0.157      |
|    clip_range           | 0.2        |
|    entropy_loss         | -2.39      |
|    explained_variance   | 0.933      |
|    learning_rate        | 0.0003     |
|    loss                 | 1.35       |
|    n_updates            | 21320      |
|    policy_gradient_loss | 0.00549    |
|    std                  | 0.489      |
|    value_loss           | 6.75       |
----------------------------------------
----------------------------------------
| rollout/                |            |
|    ep_len_mean          | 155        |
|    ep_rew_mean          | -32.8      |
| time/                   |            |
|    fps                  | 925        |
|    iterations           | 63         |
|    time_elapsed         | 557        |
|    total_timesteps      | 516096     |
| train/                  |            |
|    approx_kl            | 0.02839028 |
|    clip_fraction        | 0.255      |
|    clip_range           | 0.2        |
|    entropy_loss         | -2.36      |
|    explained_variance   | 0.989      |
|    learning_rate        | 0.0003     |
|    loss                 | 0.499      |
|    n_updates            | 21330      |
|    policy_gradient_loss | -0.00456   |
|    std                  | 0.483      |
|    value_loss           | 3.53       |
----------------------------------------
-----------------------------------------
| rollout/                |             |
|    ep_len_mean          | 207         |
|    ep_rew_mean          | -51.9       |
| time/                   |             |
|    fps                  | 925         |
|    iterations           | 64          |
|    time_elapsed         | 566         |
|    total_timesteps      | 524288      |
| train/                  |             |
|    approx_kl            | 0.025582034 |
|    clip_fraction        | 0.262       |
|    clip_range           | 0.2         |
|    entropy_loss         | -2.35       |
|    explained_variance   | 0.981       |
|    learning_rate        | 0.0003      |
|    loss                 | 1.57        |
|    n_updates            | 21340       |
|    policy_gradient_loss | 0.00157     |
|    std                  | 0.483       |
|    value_loss           | 3.21        |
-----------------------------------------
-----------------------------------------
| rollout/                |             |
|    ep_len_mean          | 207         |
|    ep_rew_mean          | -52.3       |
| time/                   |             |
|    fps                  | 926         |
|    iterations           | 65          |
|    time_elapsed         | 574         |
|    total_timesteps      | 532480      |
| train/                  |             |
|    approx_kl            | 0.020909019 |
|    clip_fraction        | 0.221       |
|    clip_range           | 0.2         |
|    entropy_loss         | -2.38       |
|    explained_variance   | 0.976       |
|    learning_rate        | 0.0003      |
|    loss                 | 4.09        |
|    n_updates            | 21350       |
|    policy_gradient_loss | -0.00107    |
|    std                  | 0.487       |
|    value_loss           | 3.3         |
-----------------------------------------
-----------------------------------------
| rollout/                |             |
|    ep_len_mean          | 167         |
|    ep_rew_mean          | -65.9       |
| time/                   |             |
|    fps                  | 926         |
|    iterations           | 66          |
|    time_elapsed         | 583         |
|    total_timesteps      | 540672      |
| train/                  |             |
|    approx_kl            | 0.013775429 |
|    clip_fraction        | 0.121       |
|    clip_range           | 0.2         |
|    entropy_loss         | -2.4        |
|    explained_variance   | 0.926       |
|    learning_rate        | 0.0003      |
|    loss                 | 1.82        |
|    n_updates            | 21360       |
|    policy_gradient_loss | -0.0015     |
|    std                  | 0.489       |
|    value_loss           | 10.5        |
-----------------------------------------
----------------------------------------
| rollout/                |            |
|    ep_len_mean          | 143        |
|    ep_rew_mean          | -53.4      |
| time/                   |            |
|    fps                  | 927        |
|    iterations           | 67         |
|    time_elapsed         | 591        |
|    total_timesteps      | 548864     |
| train/                  |            |
|    approx_kl            | 0.01649151 |
|    clip_fraction        | 0.16       |
|    clip_range           | 0.2        |
|    entropy_loss         | -2.41      |
|    explained_variance   | 0.973      |
|    learning_rate        | 0.0003     |
|    loss                 | 0.919      |
|    n_updates            | 21370      |
|    policy_gradient_loss | -0.004     |
|    std                  | 0.49       |
|    value_loss           | 6.68       |
----------------------------------------
----------------------------------------
| rollout/                |            |
|    ep_len_mean          | 178        |
|    ep_rew_mean          | -45.8      |
| time/                   |            |
|    fps                  | 928        |
|    iterations           | 68         |
|    time_elapsed         | 599        |
|    total_timesteps      | 557056     |
| train/                  |            |
|    approx_kl            | 0.02652165 |
|    clip_fraction        | 0.253      |
|    clip_range           | 0.2        |
|    entropy_loss         | -2.4       |
|    explained_variance   | 0.985      |
|    learning_rate        | 0.0003     |
|    loss                 | 4.2        |
|    n_updates            | 21380      |
|    policy_gradient_loss | -0.00186   |
|    std                  | 0.486      |
|    value_loss           | 3.59       |
----------------------------------------
----------------------------------------
| rollout/                |            |
|    ep_len_mean          | 167        |
|    ep_rew_mean          | -40.7      |
| time/                   |            |
|    fps                  | 928        |
|    iterations           | 69         |
|    time_elapsed         | 608        |
|    total_timesteps      | 565248     |
| train/                  |            |
|    approx_kl            | 0.02529949 |
|    clip_fraction        | 0.25       |
|    clip_range           | 0.2        |
|    entropy_loss         | -2.4       |
|    explained_variance   | 0.989      |
|    learning_rate        | 0.0003     |
|    loss                 | 0.144      |
|    n_updates            | 21390      |
|    policy_gradient_loss | 0.00165    |
|    std                  | 0.487      |
|    value_loss           | 1.21       |
----------------------------------------
----------------------------------------
| rollout/                |            |
|    ep_len_mean          | 138        |
|    ep_rew_mean          | -24.4      |
| time/                   |            |
|    fps                  | 929        |
|    iterations           | 70         |
|    time_elapsed         | 616        |
|    total_timesteps      | 573440     |
| train/                  |            |
|    approx_kl            | 0.02863863 |
|    clip_fraction        | 0.239      |
|    clip_range           | 0.2        |
|    entropy_loss         | -2.39      |
|    explained_variance   | 0.988      |
|    learning_rate        | 0.0003     |
|    loss                 | 3.29       |
|    n_updates            | 21400      |
|    policy_gradient_loss | -0.00632   |
|    std                  | 0.486      |
|    value_loss           | 2.76       |
----------------------------------------
-----------------------------------------
| rollout/                |             |
|    ep_len_mean          | 144         |
|    ep_rew_mean          | -29.8       |
| time/                   |             |
|    fps                  | 929         |
|    iterations           | 71          |
|    time_elapsed         | 625         |
|    total_timesteps      | 581632      |
| train/                  |             |
|    approx_kl            | 0.021113072 |
|    clip_fraction        | 0.187       |
|    clip_range           | 0.2         |
|    entropy_loss         | -2.38       |
|    explained_variance   | 0.988       |
|    learning_rate        | 0.0003      |
|    loss                 | 0.353       |
|    n_updates            | 21410       |
|    policy_gradient_loss | -0.00129    |
|    std                  | 0.484       |
|    value_loss           | 3.14        |
-----------------------------------------
-----------------------------------------
| rollout/                |             |
|    ep_len_mean          | 155         |
|    ep_rew_mean          | -38.3       |
| time/                   |             |
|    fps                  | 930         |
|    iterations           | 72          |
|    time_elapsed         | 633         |
|    total_timesteps      | 589824      |
| train/                  |             |
|    approx_kl            | 0.022878591 |
|    clip_fraction        | 0.198       |
|    clip_range           | 0.2         |
|    entropy_loss         | -2.38       |
|    explained_variance   | 0.98        |
|    learning_rate        | 0.0003      |
|    loss                 | 0.562       |
|    n_updates            | 21420       |
|    policy_gradient_loss | -0.00112    |
|    std                  | 0.485       |
|    value_loss           | 3.29        |
-----------------------------------------
-----------------------------------------
| rollout/                |             |
|    ep_len_mean          | 178         |
|    ep_rew_mean          | -45         |
| time/                   |             |
|    fps                  | 931         |
|    iterations           | 73          |
|    time_elapsed         | 642         |
|    total_timesteps      | 598016      |
| train/                  |             |
|    approx_kl            | 0.021379929 |
|    clip_fraction        | 0.208       |
|    clip_range           | 0.2         |
|    entropy_loss         | -2.36       |
|    explained_variance   | 0.989       |
|    learning_rate        | 0.0003      |
|    loss                 | 0.662       |
|    n_updates            | 21430       |
|    policy_gradient_loss | 0.00102     |
|    std                  | 0.48        |
|    value_loss           | 2.34        |
-----------------------------------------
[PeriodicArtifactCallback] step 600000: saving checkpoint, evaluating, rendering...
[PeriodicArtifactCallback] step 600000: success_rate=0.00 pick_success_rate=0.30 mean_reward=-249.82 -> C:\GitHub\HumanoidRobot\simulation\training\pick_place\runs\pp_v18\dashboard.html
-----------------------------------------
| rollout/                |             |
|    ep_len_mean          | 172         |
|    ep_rew_mean          | -32.8       |
| time/                   |             |
|    fps                  | 915         |
|    iterations           | 74          |
|    time_elapsed         | 661         |
|    total_timesteps      | 606208      |
| train/                  |             |
|    approx_kl            | 0.023346655 |
|    clip_fraction        | 0.228       |
|    clip_range           | 0.2         |
|    entropy_loss         | -2.31       |
|    explained_variance   | 0.988       |
|    learning_rate        | 0.0003      |
|    loss                 | 0.208       |
|    n_updates            | 21440       |
|    policy_gradient_loss | -0.00322    |
|    std                  | 0.475       |
|    value_loss           | 1.63        |
-----------------------------------------
-----------------------------------------
| rollout/                |             |
|    ep_len_mean          | 161         |
|    ep_rew_mean          | -33.1       |
| time/                   |             |
|    fps                  | 916         |
|    iterations           | 75          |
|    time_elapsed         | 670         |
|    total_timesteps      | 614400      |
| train/                  |             |
|    approx_kl            | 0.029919745 |
|    clip_fraction        | 0.196       |
|    clip_range           | 0.2         |
|    entropy_loss         | -2.3        |
|    explained_variance   | 0.958       |
|    learning_rate        | 0.0003      |
|    loss                 | 3.03        |
|    n_updates            | 21450       |
|    policy_gradient_loss | -0.00938    |
|    std                  | 0.476       |
|    value_loss           | 5.02        |
-----------------------------------------
-----------------------------------------
| rollout/                |             |
|    ep_len_mean          | 149         |
|    ep_rew_mean          | -31.7       |
| time/                   |             |
|    fps                  | 917         |
|    iterations           | 76          |
|    time_elapsed         | 678         |
|    total_timesteps      | 622592      |
| train/                  |             |
|    approx_kl            | 0.049128667 |
|    clip_fraction        | 0.241       |
|    clip_range           | 0.2         |
|    entropy_loss         | -2.32       |
|    explained_variance   | 0.974       |
|    learning_rate        | 0.0003      |
|    loss                 | 0.264       |
|    n_updates            | 21460       |
|    policy_gradient_loss | -0.00822    |
|    std                  | 0.479       |
|    value_loss           | 3.57        |
-----------------------------------------
---------------------------------------
| rollout/                |           |
|    ep_len_mean          | 144       |
|    ep_rew_mean          | -30.8     |
| time/                   |           |
|    fps                  | 918       |
|    iterations           | 77        |
|    time_elapsed         | 686       |
|    total_timesteps      | 630784    |
| train/                  |           |
|    approx_kl            | 0.0334691 |
|    clip_fraction        | 0.232     |
|    clip_range           | 0.2       |
|    entropy_loss         | -2.35     |
|    explained_variance   | 0.98      |
|    learning_rate        | 0.0003    |
|    loss                 | 1.44      |
|    n_updates            | 21470     |
|    policy_gradient_loss | -0.0022   |
|    std                  | 0.481     |
|    value_loss           | 3.45      |
---------------------------------------
-----------------------------------------
| rollout/                |             |
|    ep_len_mean          | 162         |
|    ep_rew_mean          | -33.5       |
| time/                   |             |
|    fps                  | 921         |
|    iterations           | 78          |
|    time_elapsed         | 693         |
|    total_timesteps      | 638976      |
| train/                  |             |
|    approx_kl            | 0.020685807 |
|    clip_fraction        | 0.175       |
|    clip_range           | 0.2         |
|    entropy_loss         | -2.36       |
|    explained_variance   | 0.95        |
|    learning_rate        | 0.0003      |
|    loss                 | 7.09        |
|    n_updates            | 21480       |
|    policy_gradient_loss | -0.00206    |
|    std                  | 0.48        |
|    value_loss           | 5.24        |
-----------------------------------------
-----------------------------------------
| rollout/                |             |
|    ep_len_mean          | 190         |
|    ep_rew_mean          | -36.5       |
| time/                   |             |
|    fps                  | 921         |
|    iterations           | 79          |
|    time_elapsed         | 702         |
|    total_timesteps      | 647168      |
| train/                  |             |
|    approx_kl            | 0.026203685 |
|    clip_fraction        | 0.242       |
|    clip_range           | 0.2         |
|    entropy_loss         | -2.36       |
|    explained_variance   | 0.982       |
|    learning_rate        | 0.0003      |
|    loss                 | 0.605       |
|    n_updates            | 21490       |
|    policy_gradient_loss | -0.00239    |
|    std                  | 0.482       |
|    value_loss           | 4.13        |
-----------------------------------------
----------------------------------------
| rollout/                |            |
|    ep_len_mean          | 190        |
|    ep_rew_mean          | -40.4      |
| time/                   |            |
|    fps                  | 922        |
|    iterations           | 80         |
|    time_elapsed         | 710        |
|    total_timesteps      | 655360     |
| train/                  |            |
|    approx_kl            | 0.03011847 |
|    clip_fraction        | 0.27       |
|    clip_range           | 0.2        |
|    entropy_loss         | -2.35      |
|    explained_variance   | 0.979      |
|    learning_rate        | 0.0003     |
|    loss                 | 2.81       |
|    n_updates            | 21500      |
|    policy_gradient_loss | -0.00383   |
|    std                  | 0.478      |
|    value_loss           | 3.28       |
----------------------------------------
-----------------------------------------
| rollout/                |             |
|    ep_len_mean          | 126         |
|    ep_rew_mean          | -18.7       |
| time/                   |             |
|    fps                  | 922         |
|    iterations           | 81          |
|    time_elapsed         | 719         |
|    total_timesteps      | 663552      |
| train/                  |             |
|    approx_kl            | 0.028842445 |
|    clip_fraction        | 0.273       |
|    clip_range           | 0.2         |
|    entropy_loss         | -2.33       |
|    explained_variance   | 0.993       |
|    learning_rate        | 0.0003      |
|    loss                 | 0.596       |
|    n_updates            | 21510       |
|    policy_gradient_loss | 0.000341    |
|    std                  | 0.476       |
|    value_loss           | 2.48        |
-----------------------------------------
-----------------------------------------
| rollout/                |             |
|    ep_len_mean          | 155         |
|    ep_rew_mean          | -28.2       |
| time/                   |             |
|    fps                  | 923         |
|    iterations           | 82          |
|    time_elapsed         | 727         |
|    total_timesteps      | 671744      |
| train/                  |             |
|    approx_kl            | 0.029196432 |
|    clip_fraction        | 0.245       |
|    clip_range           | 0.2         |
|    entropy_loss         | -2.32       |
|    explained_variance   | 0.991       |
|    learning_rate        | 0.0003      |
|    loss                 | 0.355       |
|    n_updates            | 21520       |
|    policy_gradient_loss | -0.0013     |
|    std                  | 0.475       |
|    value_loss           | 2.12        |
-----------------------------------------
----------------------------------------
| rollout/                |            |
|    ep_len_mean          | 195        |
|    ep_rew_mean          | -54.6      |
| time/                   |            |
|    fps                  | 924        |
|    iterations           | 83         |
|    time_elapsed         | 735        |
|    total_timesteps      | 679936     |
| train/                  |            |
|    approx_kl            | 0.02286625 |
|    clip_fraction        | 0.137      |
|    clip_range           | 0.2        |
|    entropy_loss         | -2.34      |
|    explained_variance   | 0.967      |
|    learning_rate        | 0.0003     |
|    loss                 | 8.58       |
|    n_updates            | 21530      |
|    policy_gradient_loss | 0.003      |
|    std                  | 0.479      |
|    value_loss           | 4.02       |
----------------------------------------
----------------------------------------
| rollout/                |            |
|    ep_len_mean          | 196        |
|    ep_rew_mean          | -50.1      |
| time/                   |            |
|    fps                  | 925        |
|    iterations           | 84         |
|    time_elapsed         | 743        |
|    total_timesteps      | 688128     |
| train/                  |            |
|    approx_kl            | 0.02043954 |
|    clip_fraction        | 0.198      |
|    clip_range           | 0.2        |
|    entropy_loss         | -2.35      |
|    explained_variance   | 0.989      |
|    learning_rate        | 0.0003     |
|    loss                 | 0.338      |
|    n_updates            | 21540      |
|    policy_gradient_loss | 0.00397    |
|    std                  | 0.479      |
|    value_loss           | 1.03       |
----------------------------------------
----------------------------------------
| rollout/                |            |
|    ep_len_mean          | 172        |
|    ep_rew_mean          | -37.8      |
| time/                   |            |
|    fps                  | 925        |
|    iterations           | 85         |
|    time_elapsed         | 752        |
|    total_timesteps      | 696320     |
| train/                  |            |
|    approx_kl            | 0.02319757 |
|    clip_fraction        | 0.233      |
|    clip_range           | 0.2        |
|    entropy_loss         | -2.35      |
|    explained_variance   | 0.995      |
|    learning_rate        | 0.0003     |
|    loss                 | 0.363      |
|    n_updates            | 21550      |
|    policy_gradient_loss | -0.00412   |
|    std                  | 0.479      |
|    value_loss           | 0.611      |
----------------------------------------
-----------------------------------------
| rollout/                |             |
|    ep_len_mean          | 143         |
|    ep_rew_mean          | -30.4       |
| time/                   |             |
|    fps                  | 926         |
|    iterations           | 86          |
|    time_elapsed         | 760         |
|    total_timesteps      | 704512      |
| train/                  |             |
|    approx_kl            | 0.019115493 |
|    clip_fraction        | 0.162       |
|    clip_range           | 0.2         |
|    entropy_loss         | -2.35       |
|    explained_variance   | 0.991       |
|    learning_rate        | 0.0003      |
|    loss                 | 0.263       |
|    n_updates            | 21560       |
|    policy_gradient_loss | -0.00484    |
|    std                  | 0.481       |
|    value_loss           | 2.98        |
-----------------------------------------
-----------------------------------------
| rollout/                |             |
|    ep_len_mean          | 166         |
|    ep_rew_mean          | -35.5       |
| time/                   |             |
|    fps                  | 926         |
|    iterations           | 87          |
|    time_elapsed         | 769         |
|    total_timesteps      | 712704      |
| train/                  |             |
|    approx_kl            | 0.024827592 |
|    clip_fraction        | 0.256       |
|    clip_range           | 0.2         |
|    entropy_loss         | -2.34       |
|    explained_variance   | 0.986       |
|    learning_rate        | 0.0003      |
|    loss                 | 0.333       |
|    n_updates            | 21570       |
|    policy_gradient_loss | -0.00146    |
|    std                  | 0.48        |
|    value_loss           | 2.77        |
-----------------------------------------
-----------------------------------------
| rollout/                |             |
|    ep_len_mean          | 230         |
|    ep_rew_mean          | -67.1       |
| time/                   |             |
|    fps                  | 927         |
|    iterations           | 88          |
|    time_elapsed         | 777         |
|    total_timesteps      | 720896      |
| train/                  |             |
|    approx_kl            | 0.018326689 |
|    clip_fraction        | 0.162       |
|    clip_range           | 0.2         |
|    entropy_loss         | -2.34       |
|    explained_variance   | 0.973       |
|    learning_rate        | 0.0003      |
|    loss                 | 0.432       |
|    n_updates            | 21580       |
|    policy_gradient_loss | -0.00189    |
|    std                  | 0.481       |
|    value_loss           | 4.15        |
-----------------------------------------
-----------------------------------------
| rollout/                |             |
|    ep_len_mean          | 230         |
|    ep_rew_mean          | -67.4       |
| time/                   |             |
|    fps                  | 928         |
|    iterations           | 89          |
|    time_elapsed         | 785         |
|    total_timesteps      | 729088      |
| train/                  |             |
|    approx_kl            | 0.015856601 |
|    clip_fraction        | 0.189       |
|    clip_range           | 0.2         |
|    entropy_loss         | -2.35       |
|    explained_variance   | 0.97        |
|    learning_rate        | 0.0003      |
|    loss                 | 1.57        |
|    n_updates            | 21590       |
|    policy_gradient_loss | 0.00105     |
|    std                  | 0.483       |
|    value_loss           | 4.48        |
-----------------------------------------
-----------------------------------------
| rollout/                |             |
|    ep_len_mean          | 236         |
|    ep_rew_mean          | -69.8       |
| time/                   |             |
|    fps                  | 928         |
|    iterations           | 90          |
|    time_elapsed         | 793         |
|    total_timesteps      | 737280      |
| train/                  |             |
|    approx_kl            | 0.026131846 |
|    clip_fraction        | 0.272       |
|    clip_range           | 0.2         |
|    entropy_loss         | -2.33       |
|    explained_variance   | 0.994       |
|    learning_rate        | 0.0003      |
|    loss                 | 0.261       |
|    n_updates            | 21600       |
|    policy_gradient_loss | 0.000115    |
|    std                  | 0.482       |
|    value_loss           | 0.8         |
-----------------------------------------
----------------------------------------
| rollout/                |            |
|    ep_len_mean          | 167        |
|    ep_rew_mean          | -33.4      |
| time/                   |            |
|    fps                  | 929        |
|    iterations           | 91         |
|    time_elapsed         | 802        |
|    total_timesteps      | 745472     |
| train/                  |            |
|    approx_kl            | 0.02483793 |
|    clip_fraction        | 0.197      |
|    clip_range           | 0.2        |
|    entropy_loss         | -2.33      |
|    explained_variance   | 0.973      |
|    learning_rate        | 0.0003     |
|    loss                 | 0.77       |
|    n_updates            | 21610      |
|    policy_gradient_loss | -0.00211   |
|    std                  | 0.481      |
|    value_loss           | 4.3        |
----------------------------------------
----------------------------------------
| rollout/                |            |
|    ep_len_mean          | 179        |
|    ep_rew_mean          | -45        |
| time/                   |            |
|    fps                  | 929        |
|    iterations           | 92         |
|    time_elapsed         | 810        |
|    total_timesteps      | 753664     |
| train/                  |            |
|    approx_kl            | 0.08586138 |
|    clip_fraction        | 0.21       |
|    clip_range           | 0.2        |
|    entropy_loss         | -2.33      |
|    explained_variance   | 0.978      |
|    learning_rate        | 0.0003     |
|    loss                 | 2.84       |
|    n_updates            | 21620      |
|    policy_gradient_loss | -0.0041    |
|    std                  | 0.48       |
|    value_loss           | 3.51       |
----------------------------------------
----------------------------------------
| rollout/                |            |
|    ep_len_mean          | 196        |
|    ep_rew_mean          | -55.9      |
| time/                   |            |
|    fps                  | 930        |
|    iterations           | 93         |
|    time_elapsed         | 818        |
|    total_timesteps      | 761856     |
| train/                  |            |
|    approx_kl            | 0.02161362 |
|    clip_fraction        | 0.237      |
|    clip_range           | 0.2        |
|    entropy_loss         | -2.33      |
|    explained_variance   | 0.992      |
|    learning_rate        | 0.0003     |
|    loss                 | 0.238      |
|    n_updates            | 21630      |
|    policy_gradient_loss | -0.000714  |
|    std                  | 0.482      |
|    value_loss           | 1.12       |
----------------------------------------
----------------------------------------
| rollout/                |            |
|    ep_len_mean          | 178        |
|    ep_rew_mean          | -42.3      |
| time/                   |            |
|    fps                  | 931        |
|    iterations           | 94         |
|    time_elapsed         | 827        |
|    total_timesteps      | 770048     |
| train/                  |            |
|    approx_kl            | 0.02800212 |
|    clip_fraction        | 0.241      |
|    clip_range           | 0.2        |
|    entropy_loss         | -2.38      |
|    explained_variance   | 0.991      |
|    learning_rate        | 0.0003     |
|    loss                 | 0.351      |
|    n_updates            | 21640      |
|    policy_gradient_loss | 0.00115    |
|    std                  | 0.487      |
|    value_loss           | 2.17       |
----------------------------------------
-----------------------------------------
| rollout/                |             |
|    ep_len_mean          | 161         |
|    ep_rew_mean          | -32.7       |
| time/                   |             |
|    fps                  | 931         |
|    iterations           | 95          |
|    time_elapsed         | 835         |
|    total_timesteps      | 778240      |
| train/                  |             |
|    approx_kl            | 0.023928221 |
|    clip_fraction        | 0.247       |
|    clip_range           | 0.2         |
|    entropy_loss         | -2.38       |
|    explained_variance   | 0.993       |
|    learning_rate        | 0.0003      |
|    loss                 | 4.3         |
|    n_updates            | 21650       |
|    policy_gradient_loss | -0.00258    |
|    std                  | 0.487       |
|    value_loss           | 1.86        |
-----------------------------------------
-----------------------------------------
| rollout/                |             |
|    ep_len_mean          | 178         |
|    ep_rew_mean          | -53.6       |
| time/                   |             |
|    fps                  | 932         |
|    iterations           | 96          |
|    time_elapsed         | 843         |
|    total_timesteps      | 786432      |
| train/                  |             |
|    approx_kl            | 0.016859226 |
|    clip_fraction        | 0.147       |
|    clip_range           | 0.2         |
|    entropy_loss         | -2.42       |
|    explained_variance   | 0.958       |
|    learning_rate        | 0.0003      |
|    loss                 | 10.8        |
|    n_updates            | 21660       |
|    policy_gradient_loss | -0.0035     |
|    std                  | 0.492       |
|    value_loss           | 6.31        |
-----------------------------------------
-----------------------------------------
| rollout/                |             |
|    ep_len_mean          | 212         |
|    ep_rew_mean          | -64.3       |
| time/                   |             |
|    fps                  | 932         |
|    iterations           | 97          |
|    time_elapsed         | 851         |
|    total_timesteps      | 794624      |
| train/                  |             |
|    approx_kl            | 0.014030416 |
|    clip_fraction        | 0.136       |
|    clip_range           | 0.2         |
|    entropy_loss         | -2.44       |
|    explained_variance   | 0.955       |
|    learning_rate        | 0.0003      |
|    loss                 | 0.204       |
|    n_updates            | 21670       |
|    policy_gradient_loss | 0.00402     |
|    std                  | 0.493       |
|    value_loss           | 4.42        |
-----------------------------------------
[PeriodicArtifactCallback] step 800000: running periodic self-monitoring analysis...
[PeriodicArtifactCallback] analysis written to C:\GitHub\HumanoidRobot\simulation\training\pick_place\runs\pp_v18\analysis_800000.md (stalled=False)
[PeriodicArtifactCallback] step 800000: saving checkpoint, evaluating, rendering...
[PeriodicArtifactCallback] step 800000: success_rate=0.00 pick_success_rate=0.30 mean_reward=-224.65 -> C:\GitHub\HumanoidRobot\simulation\training\pick_place\runs\pp_v18\dashboard.html
-----------------------------------------
| rollout/                |             |
|    ep_len_mean          | 207         |
|    ep_rew_mean          | -55.6       |
| time/                   |             |
|    fps                  | 912         |
|    iterations           | 98          |
|    time_elapsed         | 880         |
|    total_timesteps      | 802816      |
| train/                  |             |
|    approx_kl            | 0.036771275 |
|    clip_fraction        | 0.301       |
|    clip_range           | 0.2         |
|    entropy_loss         | -2.4        |
|    explained_variance   | 0.971       |
|    learning_rate        | 0.0003      |
|    loss                 | 0.176       |
|    n_updates            | 21680       |
|    policy_gradient_loss | -0.00146    |
|    std                  | 0.485       |
|    value_loss           | 2.27        |
-----------------------------------------
-----------------------------------------
| rollout/                |             |
|    ep_len_mean          | 207         |
|    ep_rew_mean          | -40         |
| time/                   |             |
|    fps                  | 913         |
|    iterations           | 99          |
|    time_elapsed         | 888         |
|    total_timesteps      | 811008      |
| train/                  |             |
|    approx_kl            | 0.023220327 |
|    clip_fraction        | 0.25        |
|    clip_range           | 0.2         |
|    entropy_loss         | -2.37       |
|    explained_variance   | 0.989       |
|    learning_rate        | 0.0003      |
|    loss                 | 0.828       |
|    n_updates            | 21690       |
|    policy_gradient_loss | -0.00419    |
|    std                  | 0.485       |
|    value_loss           | 1.34        |
-----------------------------------------
-----------------------------------------
| rollout/                |             |
|    ep_len_mean          | 201         |
|    ep_rew_mean          | -42.5       |
| time/                   |             |
|    fps                  | 913         |
|    iterations           | 100         |
|    time_elapsed         | 896         |
|    total_timesteps      | 819200      |
| train/                  |             |
|    approx_kl            | 0.018484809 |
|    clip_fraction        | 0.172       |
|    clip_range           | 0.2         |
|    entropy_loss         | -2.37       |
|    explained_variance   | 0.984       |
|    learning_rate        | 0.0003      |
|    loss                 | 0.419       |
|    n_updates            | 21700       |
|    policy_gradient_loss | 0.00592     |
|    std                  | 0.485       |
|    value_loss           | 1.33        |
-----------------------------------------
----------------------------------------
| rollout/                |            |
|    ep_len_mean          | 207        |
|    ep_rew_mean          | -51.4      |
| time/                   |            |
|    fps                  | 914        |
|    iterations           | 101        |
|    time_elapsed         | 904        |
|    total_timesteps      | 827392     |
| train/                  |            |
|    approx_kl            | 0.02631741 |
|    clip_fraction        | 0.229      |
|    clip_range           | 0.2        |
|    entropy_loss         | -2.36      |
|    explained_variance   | 0.992      |
|    learning_rate        | 0.0003     |
|    loss                 | 0.485      |
|    n_updates            | 21710      |
|    policy_gradient_loss | -0.00102   |
|    std                  | 0.484      |
|    value_loss           | 1.27       |
----------------------------------------
-----------------------------------------
| rollout/                |             |
|    ep_len_mean          | 138         |
|    ep_rew_mean          | -21         |
| time/                   |             |
|    fps                  | 916         |
|    iterations           | 102         |
|    time_elapsed         | 911         |
|    total_timesteps      | 835584      |
| train/                  |             |
|    approx_kl            | 0.021603633 |
|    clip_fraction        | 0.236       |
|    clip_range           | 0.2         |
|    entropy_loss         | -2.36       |
|    explained_variance   | 0.992       |
|    learning_rate        | 0.0003      |
|    loss                 | 0.142       |
|    n_updates            | 21720       |
|    policy_gradient_loss | -0.000689   |
|    std                  | 0.484       |
|    value_loss           | 1.6         |
-----------------------------------------
-----------------------------------------
| rollout/                |             |
|    ep_len_mean          | 143         |
|    ep_rew_mean          | -26.1       |
| time/                   |             |
|    fps                  | 917         |
|    iterations           | 103         |
|    time_elapsed         | 919         |
|    total_timesteps      | 843776      |
| train/                  |             |
|    approx_kl            | 0.024540458 |
|    clip_fraction        | 0.196       |
|    clip_range           | 0.2         |
|    entropy_loss         | -2.35       |
|    explained_variance   | 0.987       |
|    learning_rate        | 0.0003      |
|    loss                 | 0.593       |
|    n_updates            | 21730       |
|    policy_gradient_loss | -0.00294    |
|    std                  | 0.483       |
|    value_loss           | 3.93        |
-----------------------------------------
----------------------------------------
| rollout/                |            |
|    ep_len_mean          | 167        |
|    ep_rew_mean          | -40.5      |
| time/                   |            |
|    fps                  | 917        |
|    iterations           | 104        |
|    time_elapsed         | 928        |
|    total_timesteps      | 851968     |
| train/                  |            |
|    approx_kl            | 0.02491747 |
|    clip_fraction        | 0.216      |
|    clip_range           | 0.2        |
|    entropy_loss         | -2.34      |
|    explained_variance   | 0.992      |
|    learning_rate        | 0.0003     |
|    loss                 | 0.242      |
|    n_updates            | 21740      |
|    policy_gradient_loss | -0.000449  |
|    std                  | 0.482      |
|    value_loss           | 1.85       |
----------------------------------------
-----------------------------------------
| rollout/                |             |
|    ep_len_mean          | 179         |
|    ep_rew_mean          | -41.6       |
| time/                   |             |
|    fps                  | 918         |
|    iterations           | 105         |
|    time_elapsed         | 936         |
|    total_timesteps      | 860160      |
| train/                  |             |
|    approx_kl            | 0.018458031 |
|    clip_fraction        | 0.188       |
|    clip_range           | 0.2         |
|    entropy_loss         | -2.34       |
|    explained_variance   | 0.985       |
|    learning_rate        | 0.0003      |
|    loss                 | 0.488       |
|    n_updates            | 21750       |
|    policy_gradient_loss | -0.00149    |
|    std                  | 0.481       |
|    value_loss           | 1.36        |
-----------------------------------------
-----------------------------------------
| rollout/                |             |
|    ep_len_mean          | 208         |
|    ep_rew_mean          | -55.4       |
| time/                   |             |
|    fps                  | 919         |
|    iterations           | 106         |
|    time_elapsed         | 944         |
|    total_timesteps      | 868352      |
| train/                  |             |
|    approx_kl            | 0.021453265 |
|    clip_fraction        | 0.206       |
|    clip_range           | 0.2         |
|    entropy_loss         | -2.33       |
|    explained_variance   | 0.988       |
|    learning_rate        | 0.0003      |
|    loss                 | 0.0636      |
|    n_updates            | 21760       |
|    policy_gradient_loss | -0.00409    |
|    std                  | 0.481       |
|    value_loss           | 0.858       |
-----------------------------------------
-----------------------------------------
| rollout/                |             |
|    ep_len_mean          | 202         |
|    ep_rew_mean          | -53.7       |
| time/                   |             |
|    fps                  | 920         |
|    iterations           | 107         |
|    time_elapsed         | 951         |
|    total_timesteps      | 876544      |
| train/                  |             |
|    approx_kl            | 0.015452891 |
|    clip_fraction        | 0.162       |
|    clip_range           | 0.2         |
|    entropy_loss         | -2.33       |
|    explained_variance   | 0.98        |
|    learning_rate        | 0.0003      |
|    loss                 | 0.444       |
|    n_updates            | 21770       |
|    policy_gradient_loss | -0.000498   |
|    std                  | 0.483       |
|    value_loss           | 1.51        |
-----------------------------------------
-----------------------------------------
| rollout/                |             |
|    ep_len_mean          | 201         |
|    ep_rew_mean          | -67.6       |
| time/                   |             |
|    fps                  | 921         |
|    iterations           | 108         |
|    time_elapsed         | 960         |
|    total_timesteps      | 884736      |
| train/                  |             |
|    approx_kl            | 0.014631329 |
|    clip_fraction        | 0.137       |
|    clip_range           | 0.2         |
|    entropy_loss         | -2.34       |
|    explained_variance   | 0.953       |
|    learning_rate        | 0.0003      |
|    loss                 | 0.482       |
|    n_updates            | 21780       |
|    policy_gradient_loss | -0.000674   |
|    std                  | 0.483       |
|    value_loss           | 5.37        |
-----------------------------------------
-----------------------------------------
| rollout/                |             |
|    ep_len_mean          | 161         |
|    ep_rew_mean          | -49.9       |
| time/                   |             |
|    fps                  | 921         |
|    iterations           | 109         |
|    time_elapsed         | 968         |
|    total_timesteps      | 892928      |
| train/                  |             |
|    approx_kl            | 0.021830693 |
|    clip_fraction        | 0.173       |
|    clip_range           | 0.2         |
|    entropy_loss         | -2.36       |
|    explained_variance   | 0.963       |
|    learning_rate        | 0.0003      |
|    loss                 | 0.2         |
|    n_updates            | 21790       |
|    policy_gradient_loss | 0.000217    |
|    std                  | 0.488       |
|    value_loss           | 2.86        |
-----------------------------------------
-----------------------------------------
| rollout/                |             |
|    ep_len_mean          | 120         |
|    ep_rew_mean          | -16.1       |
| time/                   |             |
|    fps                  | 922         |
|    iterations           | 110         |
|    time_elapsed         | 976         |
|    total_timesteps      | 901120      |
| train/                  |             |
|    approx_kl            | 0.025169905 |
|    clip_fraction        | 0.279       |
|    clip_range           | 0.2         |
|    entropy_loss         | -2.39       |
|    explained_variance   | 0.987       |
|    learning_rate        | 0.0003      |
|    loss                 | 0.81        |
|    n_updates            | 21800       |
|    policy_gradient_loss | 0.00217     |
|    std                  | 0.49        |
|    value_loss           | 4.57        |
-----------------------------------------
-----------------------------------------
| rollout/                |             |
|    ep_len_mean          | 155         |
|    ep_rew_mean          | -38.7       |
| time/                   |             |
|    fps                  | 923         |
|    iterations           | 111         |
|    time_elapsed         | 985         |
|    total_timesteps      | 909312      |
| train/                  |             |
|    approx_kl            | 0.024494026 |
|    clip_fraction        | 0.217       |
|    clip_range           | 0.2         |
|    entropy_loss         | -2.38       |
|    explained_variance   | 0.989       |
|    learning_rate        | 0.0003      |
|    loss                 | 0.759       |
|    n_updates            | 21810       |
|    policy_gradient_loss | -0.00189    |
|    std                  | 0.486       |
|    value_loss           | 3.99        |
-----------------------------------------
----------------------------------------
| rollout/                |            |
|    ep_len_mean          | 201        |
|    ep_rew_mean          | -60        |
| time/                   |            |
|    fps                  | 923        |
|    iterations           | 112        |
|    time_elapsed         | 993        |
|    total_timesteps      | 917504     |
| train/                  |            |
|    approx_kl            | 0.02829127 |
|    clip_fraction        | 0.261      |
|    clip_range           | 0.2        |
|    entropy_loss         | -2.34      |
|    explained_variance   | 0.991      |
|    learning_rate        | 0.0003     |
|    loss                 | 0.366      |
|    n_updates            | 21820      |
|    policy_gradient_loss | -0.00183   |
|    std                  | 0.481      |
|    value_loss           | 2.25       |
----------------------------------------
-----------------------------------------
| rollout/                |             |
|    ep_len_mean          | 193         |
|    ep_rew_mean          | -45.2       |
| time/                   |             |
|    fps                  | 924         |
|    iterations           | 113         |
|    time_elapsed         | 1001        |
|    total_timesteps      | 925696      |
| train/                  |             |
|    approx_kl            | 0.019554693 |
|    clip_fraction        | 0.174       |
|    clip_range           | 0.2         |
|    entropy_loss         | -2.33       |
|    explained_variance   | 0.977       |
|    learning_rate        | 0.0003      |
|    loss                 | 0.779       |
|    n_updates            | 21830       |
|    policy_gradient_loss | 0.000535    |
|    std                  | 0.483       |
|    value_loss           | 2.96        |
-----------------------------------------
-----------------------------------------
| rollout/                |             |
|    ep_len_mean          | 158         |
|    ep_rew_mean          | -32.2       |
| time/                   |             |
|    fps                  | 924         |
|    iterations           | 114         |
|    time_elapsed         | 1010        |
|    total_timesteps      | 933888      |
| train/                  |             |
|    approx_kl            | 0.028941862 |
|    clip_fraction        | 0.225       |
|    clip_range           | 0.2         |
|    entropy_loss         | -2.35       |
|    explained_variance   | 0.978       |
|    learning_rate        | 0.0003      |
|    loss                 | 1.73        |
|    n_updates            | 21840       |
|    policy_gradient_loss | 0.00277     |
|    std                  | 0.483       |
|    value_loss           | 4.91        |
-----------------------------------------
-----------------------------------------
| rollout/                |             |
|    ep_len_mean          | 195         |
|    ep_rew_mean          | -51.2       |
| time/                   |             |
|    fps                  | 925         |
|    iterations           | 115         |
|    time_elapsed         | 1018        |
|    total_timesteps      | 942080      |
| train/                  |             |
|    approx_kl            | 0.017031059 |
|    clip_fraction        | 0.173       |
|    clip_range           | 0.2         |
|    entropy_loss         | -2.36       |
|    explained_variance   | 0.968       |
|    learning_rate        | 0.0003      |
|    loss                 | 6.9         |
|    n_updates            | 21850       |
|    policy_gradient_loss | 0.000638    |
|    std                  | 0.483       |
|    value_loss           | 5.6         |
-----------------------------------------
-----------------------------------------
| rollout/                |             |
|    ep_len_mean          | 195         |
|    ep_rew_mean          | -54.8       |
| time/                   |             |
|    fps                  | 925         |
|    iterations           | 116         |
|    time_elapsed         | 1026        |
|    total_timesteps      | 950272      |
| train/                  |             |
|    approx_kl            | 0.023582287 |
|    clip_fraction        | 0.26        |
|    clip_range           | 0.2         |
|    entropy_loss         | -2.36       |
|    explained_variance   | 0.981       |
|    learning_rate        | 0.0003      |
|    loss                 | 0.202       |
|    n_updates            | 21860       |
|    policy_gradient_loss | -0.000381   |
|    std                  | 0.484       |
|    value_loss           | 2.38        |
-----------------------------------------
-----------------------------------------
| rollout/                |             |
|    ep_len_mean          | 184         |
|    ep_rew_mean          | -43.2       |
| time/                   |             |
|    fps                  | 926         |
|    iterations           | 117         |
|    time_elapsed         | 1034        |
|    total_timesteps      | 958464      |
| train/                  |             |
|    approx_kl            | 0.028077293 |
|    clip_fraction        | 0.249       |
|    clip_range           | 0.2         |
|    entropy_loss         | -2.34       |
|    explained_variance   | 0.991       |
|    learning_rate        | 0.0003      |
|    loss                 | 0.454       |
|    n_updates            | 21870       |
|    policy_gradient_loss | -0.00529    |
|    std                  | 0.48        |
|    value_loss           | 2.25        |
-----------------------------------------
-----------------------------------------
| rollout/                |             |
|    ep_len_mean          | 195         |
|    ep_rew_mean          | -45         |
| time/                   |             |
|    fps                  | 926         |
|    iterations           | 118         |
|    time_elapsed         | 1043        |
|    total_timesteps      | 966656      |
| train/                  |             |
|    approx_kl            | 0.023320392 |
|    clip_fraction        | 0.239       |
|    clip_range           | 0.2         |
|    entropy_loss         | -2.34       |
|    explained_variance   | 0.977       |
|    learning_rate        | 0.0003      |
|    loss                 | 0.709       |
|    n_updates            | 21880       |
|    policy_gradient_loss | -0.00147    |
|    std                  | 0.481       |
|    value_loss           | 1.45        |
-----------------------------------------
-----------------------------------------
| rollout/                |             |
|    ep_len_mean          | 236         |
|    ep_rew_mean          | -64.2       |
| time/                   |             |
|    fps                  | 926         |
|    iterations           | 119         |
|    time_elapsed         | 1051        |
|    total_timesteps      | 974848      |
| train/                  |             |
|    approx_kl            | 0.027840659 |
|    clip_fraction        | 0.251       |
|    clip_range           | 0.2         |
|    entropy_loss         | -2.31       |
|    explained_variance   | 0.988       |
|    learning_rate        | 0.0003      |
|    loss                 | 0.488       |
|    n_updates            | 21890       |
|    policy_gradient_loss | -0.00506    |
|    std                  | 0.478       |
|    value_loss           | 2.55        |
-----------------------------------------
----------------------------------------
| rollout/                |            |
|    ep_len_mean          | 195        |
|    ep_rew_mean          | -40.9      |
| time/                   |            |
|    fps                  | 927        |
|    iterations           | 120        |
|    time_elapsed         | 1060       |
|    total_timesteps      | 983040     |
| train/                  |            |
|    approx_kl            | 0.02406203 |
|    clip_fraction        | 0.248      |
|    clip_range           | 0.2        |
|    entropy_loss         | -2.32      |
|    explained_variance   | 0.995      |
|    learning_rate        | 0.0003     |
|    loss                 | 0.0864     |
|    n_updates            | 21900      |
|    policy_gradient_loss | -0.00309   |
|    std                  | 0.479      |
|    value_loss           | 0.962      |
----------------------------------------
-----------------------------------------
| rollout/                |             |
|    ep_len_mean          | 196         |
|    ep_rew_mean          | -40.2       |
| time/                   |             |
|    fps                  | 927         |
|    iterations           | 121         |
|    time_elapsed         | 1068        |
|    total_timesteps      | 991232      |
| train/                  |             |
|    approx_kl            | 0.024196628 |
|    clip_fraction        | 0.209       |
|    clip_range           | 0.2         |
|    entropy_loss         | -2.31       |
|    explained_variance   | 0.994       |
|    learning_rate        | 0.0003      |
|    loss                 | 0.699       |
|    n_updates            | 21910       |
|    policy_gradient_loss | -0.00701    |
|    std                  | 0.481       |
|    value_loss           | 1.24        |
-----------------------------------------
-----------------------------------------
| rollout/                |             |
|    ep_len_mean          | 208         |
|    ep_rew_mean          | -43.2       |
| time/                   |             |
|    fps                  | 928         |
|    iterations           | 122         |
|    time_elapsed         | 1076        |
|    total_timesteps      | 999424      |
| train/                  |             |
|    approx_kl            | 0.023791062 |
|    clip_fraction        | 0.21        |
|    clip_range           | 0.2         |
|    entropy_loss         | -2.32       |
|    explained_variance   | 0.986       |
|    learning_rate        | 0.0003      |
|    loss                 | 2.18        |
|    n_updates            | 21920       |
|    policy_gradient_loss | -0.00479    |
|    std                  | 0.483       |
|    value_loss           | 1.78        |
-----------------------------------------
[PeriodicArtifactCallback] step 1000000: saving checkpoint, evaluating, rendering...
[PeriodicArtifactCallback] step 1000000: success_rate=0.00 pick_success_rate=0.40 mean_reward=-236.29 -> C:\GitHub\HumanoidRobot\simulation\training\pick_place\runs\pp_v18\dashboard.html
-----------------------------------------
| rollout/                |             |
|    ep_len_mean          | 202         |
|    ep_rew_mean          | -41.1       |
| time/                   |             |
|    fps                  | 919         |
|    iterations           | 123         |
|    time_elapsed         | 1096        |
|    total_timesteps      | 1007616     |
| train/                  |             |
|    approx_kl            | 0.021529406 |
|    clip_fraction        | 0.231       |
|    clip_range           | 0.2         |
|    entropy_loss         | -2.33       |
|    explained_variance   | 0.99        |
|    learning_rate        | 0.0003      |
|    loss                 | 0.141       |
|    n_updates            | 21930       |
|    policy_gradient_loss | -0.00169    |
|    std                  | 0.486       |
|    value_loss           | 0.615       |
-----------------------------------------
