Continuing from checkpoint: C:/GitHub/HumanoidRobot/simulation/training/pick_place/runs/pp_v25/checkpoints/final.zip
Logging to C:\GitHub\HumanoidRobot\simulation\training\pick_place\runs\pp_v26\logs\pp_v26_1
---------------------------------
| rollout/           |          |
|    ep_len_mean     | 52.2     |
|    ep_rew_mean     | 11.8     |
| time/              |          |
|    fps             | 3739     |
|    iterations      | 1        |
|    time_elapsed    | 2        |
|    total_timesteps | 8192     |
---------------------------------
-----------------------------------------
| rollout/                |             |
|    ep_len_mean          | 98.6        |
|    ep_rew_mean          | -8.49       |
| time/                   |             |
|    fps                  | 2846        |
|    iterations           | 2           |
|    time_elapsed         | 5           |
|    total_timesteps      | 16384       |
| train/                  |             |
|    approx_kl            | 0.020501941 |
|    clip_fraction        | 0.209       |
|    clip_range           | 0.2         |
|    entropy_loss         | -0.424      |
|    explained_variance   | 0.93        |
|    learning_rate        | 0.0003      |
|    loss                 | 6.41        |
|    n_updates            | 9810        |
|    policy_gradient_loss | -0.0095     |
|    std                  | 0.298       |
|    value_loss           | 20.5        |
-----------------------------------------
-----------------------------------------
| rollout/                |             |
|    ep_len_mean          | 101         |
|    ep_rew_mean          | -8.58       |
| time/                   |             |
|    fps                  | 2688        |
|    iterations           | 3           |
|    time_elapsed         | 9           |
|    total_timesteps      | 24576       |
| train/                  |             |
|    approx_kl            | 0.032397516 |
|    clip_fraction        | 0.274       |
|    clip_range           | 0.2         |
|    entropy_loss         | -0.413      |
|    explained_variance   | 0.963       |
|    learning_rate        | 0.0003      |
|    loss                 | 2.67        |
|    n_updates            | 9820        |
|    policy_gradient_loss | -0.00823    |
|    std                  | 0.296       |
|    value_loss           | 8.67        |
-----------------------------------------
----------------------------------------
| rollout/                |            |
|    ep_len_mean          | 132        |
|    ep_rew_mean          | -13.4      |
| time/                   |            |
|    fps                  | 2570       |
|    iterations           | 4          |
|    time_elapsed         | 12         |
|    total_timesteps      | 32768      |
| train/                  |            |
|    approx_kl            | 0.08150081 |
|    clip_fraction        | 0.402      |
|    clip_range           | 0.2        |
|    entropy_loss         | -0.414     |
|    explained_variance   | 0.96       |
|    learning_rate        | 0.0003     |
|    loss                 | 3.13       |
|    n_updates            | 9830       |
|    policy_gradient_loss | 0.000797   |
|    std                  | 0.298      |
|    value_loss           | 5.55       |
----------------------------------------
----------------------------------------
| rollout/                |            |
|    ep_len_mean          | 119        |
|    ep_rew_mean          | -9.8       |
| time/                   |            |
|    fps                  | 2484       |
|    iterations           | 5          |
|    time_elapsed         | 16         |
|    total_timesteps      | 40960      |
| train/                  |            |
|    approx_kl            | 0.03670048 |
|    clip_fraction        | 0.254      |
|    clip_range           | 0.2        |
|    entropy_loss         | -0.424     |
|    explained_variance   | 0.963      |
|    learning_rate        | 0.0003     |
|    loss                 | 1.75       |
|    n_updates            | 9840       |
|    policy_gradient_loss | -0.00436   |
|    std                  | 0.297      |
|    value_loss           | 6.36       |
----------------------------------------
-----------------------------------------
| rollout/                |             |
|    ep_len_mean          | 76          |
|    ep_rew_mean          | 2.08        |
| time/                   |             |
|    fps                  | 2444        |
|    iterations           | 6           |
|    time_elapsed         | 20          |
|    total_timesteps      | 49152       |
| train/                  |             |
|    approx_kl            | 0.023270905 |
|    clip_fraction        | 0.189       |
|    clip_range           | 0.2         |
|    entropy_loss         | -0.411      |
|    explained_variance   | 0.952       |
|    learning_rate        | 0.0003      |
|    loss                 | 1.73        |
|    n_updates            | 9850        |
|    policy_gradient_loss | -0.00737    |
|    std                  | 0.297       |
|    value_loss           | 10.2        |
-----------------------------------------
-----------------------------------------
| rollout/                |             |
|    ep_len_mean          | 103         |
|    ep_rew_mean          | -3.14       |
| time/                   |             |
|    fps                  | 2435        |
|    iterations           | 7           |
|    time_elapsed         | 23          |
|    total_timesteps      | 57344       |
| train/                  |             |
|    approx_kl            | 0.020039784 |
|    clip_fraction        | 0.208       |
|    clip_range           | 0.2         |
|    entropy_loss         | -0.411      |
|    explained_variance   | 0.967       |
|    learning_rate        | 0.0003      |
|    loss                 | 4.19        |
|    n_updates            | 9860        |
|    policy_gradient_loss | -0.00982    |
|    std                  | 0.298       |
|    value_loss           | 8.02        |
-----------------------------------------
-----------------------------------------
| rollout/                |             |
|    ep_len_mean          | 126         |
|    ep_rew_mean          | -14.2       |
| time/                   |             |
|    fps                  | 2431        |
|    iterations           | 8           |
|    time_elapsed         | 26          |
|    total_timesteps      | 65536       |
| train/                  |             |
|    approx_kl            | 0.022919916 |
|    clip_fraction        | 0.317       |
|    clip_range           | 0.2         |
|    entropy_loss         | -0.427      |
|    explained_variance   | 0.971       |
|    learning_rate        | 0.0003      |
|    loss                 | 3.61        |
|    n_updates            | 9870        |
|    policy_gradient_loss | -0.00181    |
|    std                  | 0.299       |
|    value_loss           | 6.72        |
-----------------------------------------
-----------------------------------------
| rollout/                |             |
|    ep_len_mean          | 124         |
|    ep_rew_mean          | -14.7       |
| time/                   |             |
|    fps                  | 2401        |
|    iterations           | 9           |
|    time_elapsed         | 30          |
|    total_timesteps      | 73728       |
| train/                  |             |
|    approx_kl            | 0.037924767 |
|    clip_fraction        | 0.273       |
|    clip_range           | 0.2         |
|    entropy_loss         | -0.438      |
|    explained_variance   | 0.961       |
|    learning_rate        | 0.0003      |
|    loss                 | 0.739       |
|    n_updates            | 9880        |
|    policy_gradient_loss | -0.00643    |
|    std                  | 0.301       |
|    value_loss           | 5.6         |
-----------------------------------------
----------------------------------------
| rollout/                |            |
|    ep_len_mean          | 96.1       |
|    ep_rew_mean          | -5.55      |
| time/                   |            |
|    fps                  | 2381       |
|    iterations           | 10         |
|    time_elapsed         | 34         |
|    total_timesteps      | 81920      |
| train/                  |            |
|    approx_kl            | 0.02449958 |
|    clip_fraction        | 0.242      |
|    clip_range           | 0.2        |
|    entropy_loss         | -0.466     |
|    explained_variance   | 0.948      |
|    learning_rate        | 0.0003     |
|    loss                 | 3.43       |
|    n_updates            | 9890       |
|    policy_gradient_loss | -0.00726   |
|    std                  | 0.302      |
|    value_loss           | 11         |
----------------------------------------
-----------------------------------------
| rollout/                |             |
|    ep_len_mean          | 90.7        |
|    ep_rew_mean          | -1.23       |
| time/                   |             |
|    fps                  | 2375        |
|    iterations           | 11          |
|    time_elapsed         | 37          |
|    total_timesteps      | 90112       |
| train/                  |             |
|    approx_kl            | 0.025604468 |
|    clip_fraction        | 0.246       |
|    clip_range           | 0.2         |
|    entropy_loss         | -0.482      |
|    explained_variance   | 0.959       |
|    learning_rate        | 0.0003      |
|    loss                 | 3.79        |
|    n_updates            | 9900        |
|    policy_gradient_loss | -0.00828    |
|    std                  | 0.304       |
|    value_loss           | 8.67        |
-----------------------------------------
-----------------------------------------
| rollout/                |             |
|    ep_len_mean          | 95.1        |
|    ep_rew_mean          | -1.66       |
| time/                   |             |
|    fps                  | 2377        |
|    iterations           | 12          |
|    time_elapsed         | 41          |
|    total_timesteps      | 98304       |
| train/                  |             |
|    approx_kl            | 0.027267808 |
|    clip_fraction        | 0.218       |
|    clip_range           | 0.2         |
|    entropy_loss         | -0.496      |
|    explained_variance   | 0.961       |
|    learning_rate        | 0.0003      |
|    loss                 | 3.25        |
|    n_updates            | 9910        |
|    policy_gradient_loss | -0.00818    |
|    std                  | 0.305       |
|    value_loss           | 10.6        |
-----------------------------------------
-----------------------------------------
| rollout/                |             |
|    ep_len_mean          | 107         |
|    ep_rew_mean          | -7.82       |
| time/                   |             |
|    fps                  | 2366        |
|    iterations           | 13          |
|    time_elapsed         | 45          |
|    total_timesteps      | 106496      |
| train/                  |             |
|    approx_kl            | 0.016947633 |
|    clip_fraction        | 0.203       |
|    clip_range           | 0.2         |
|    entropy_loss         | -0.501      |
|    explained_variance   | 0.965       |
|    learning_rate        | 0.0003      |
|    loss                 | 3.52        |
|    n_updates            | 9920        |
|    policy_gradient_loss | -0.00733    |
|    std                  | 0.305       |
|    value_loss           | 9.22        |
-----------------------------------------
----------------------------------------
| rollout/                |            |
|    ep_len_mean          | 92.5       |
|    ep_rew_mean          | -2.01      |
| time/                   |            |
|    fps                  | 2349       |
|    iterations           | 14         |
|    time_elapsed         | 48         |
|    total_timesteps      | 114688     |
| train/                  |            |
|    approx_kl            | 0.04242202 |
|    clip_fraction        | 0.368      |
|    clip_range           | 0.2        |
|    entropy_loss         | -0.486     |
|    explained_variance   | 0.976      |
|    learning_rate        | 0.0003     |
|    loss                 | 3.6        |
|    n_updates            | 9930       |
|    policy_gradient_loss | -0.00236   |
|    std                  | 0.303      |
|    value_loss           | 5.2        |
----------------------------------------
-----------------------------------------
| rollout/                |             |
|    ep_len_mean          | 120         |
|    ep_rew_mean          | -10.7       |
| time/                   |             |
|    fps                  | 2341        |
|    iterations           | 15          |
|    time_elapsed         | 52          |
|    total_timesteps      | 122880      |
| train/                  |             |
|    approx_kl            | 0.017925233 |
|    clip_fraction        | 0.214       |
|    clip_range           | 0.2         |
|    entropy_loss         | -0.475      |
|    explained_variance   | 0.947       |
|    learning_rate        | 0.0003      |
|    loss                 | 4.28        |
|    n_updates            | 9940        |
|    policy_gradient_loss | -0.00861    |
|    std                  | 0.303       |
|    value_loss           | 14.4        |
-----------------------------------------
-----------------------------------------
| rollout/                |             |
|    ep_len_mean          | 133         |
|    ep_rew_mean          | -12.8       |
| time/                   |             |
|    fps                  | 2346        |
|    iterations           | 16          |
|    time_elapsed         | 55          |
|    total_timesteps      | 131072      |
| train/                  |             |
|    approx_kl            | 0.030635254 |
|    clip_fraction        | 0.309       |
|    clip_range           | 0.2         |
|    entropy_loss         | -0.485      |
|    explained_variance   | 0.953       |
|    learning_rate        | 0.0003      |
|    loss                 | 2.2         |
|    n_updates            | 9950        |
|    policy_gradient_loss | -0.00113    |
|    std                  | 0.305       |
|    value_loss           | 6.62        |
-----------------------------------------
-----------------------------------------
| rollout/                |             |
|    ep_len_mean          | 96.1        |
|    ep_rew_mean          | -3.7        |
| time/                   |             |
|    fps                  | 2350        |
|    iterations           | 17          |
|    time_elapsed         | 59          |
|    total_timesteps      | 139264      |
| train/                  |             |
|    approx_kl            | 0.028230598 |
|    clip_fraction        | 0.284       |
|    clip_range           | 0.2         |
|    entropy_loss         | -0.502      |
|    explained_variance   | 0.966       |
|    learning_rate        | 0.0003      |
|    loss                 | 2.88        |
|    n_updates            | 9960        |
|    policy_gradient_loss | -0.0068     |
|    std                  | 0.306       |
|    value_loss           | 5.56        |
-----------------------------------------
-----------------------------------------
| rollout/                |             |
|    ep_len_mean          | 75.8        |
|    ep_rew_mean          | 4.95        |
| time/                   |             |
|    fps                  | 2345        |
|    iterations           | 18          |
|    time_elapsed         | 62          |
|    total_timesteps      | 147456      |
| train/                  |             |
|    approx_kl            | 0.024766276 |
|    clip_fraction        | 0.206       |
|    clip_range           | 0.2         |
|    entropy_loss         | -0.49       |
|    explained_variance   | 0.952       |
|    learning_rate        | 0.0003      |
|    loss                 | 6.67        |
|    n_updates            | 9970        |
|    policy_gradient_loss | -0.00857    |
|    std                  | 0.306       |
|    value_loss           | 13.7        |
-----------------------------------------
-----------------------------------------
| rollout/                |             |
|    ep_len_mean          | 127         |
|    ep_rew_mean          | -13.9       |
| time/                   |             |
|    fps                  | 2339        |
|    iterations           | 19          |
|    time_elapsed         | 66          |
|    total_timesteps      | 155648      |
| train/                  |             |
|    approx_kl            | 0.019179752 |
|    clip_fraction        | 0.215       |
|    clip_range           | 0.2         |
|    entropy_loss         | -0.478      |
|    explained_variance   | 0.955       |
|    learning_rate        | 0.0003      |
|    loss                 | 4.75        |
|    n_updates            | 9980        |
|    policy_gradient_loss | -0.00856    |
|    std                  | 0.304       |
|    value_loss           | 13.6        |
-----------------------------------------
----------------------------------------
| rollout/                |            |
|    ep_len_mean          | 133        |
|    ep_rew_mean          | -16.6      |
| time/                   |            |
|    fps                  | 2350       |
|    iterations           | 20         |
|    time_elapsed         | 69         |
|    total_timesteps      | 163840     |
| train/                  |            |
|    approx_kl            | 0.03332942 |
|    clip_fraction        | 0.253      |
|    clip_range           | 0.2        |
|    entropy_loss         | -0.47      |
|    explained_variance   | 0.949      |
|    learning_rate        | 0.0003     |
|    loss                 | 2.83       |
|    n_updates            | 9990       |
|    policy_gradient_loss | -0.00654   |
|    std                  | 0.304      |
|    value_loss           | 7.24       |
----------------------------------------
----------------------------------------
| rollout/                |            |
|    ep_len_mean          | 124        |
|    ep_rew_mean          | -11.1      |
| time/                   |            |
|    fps                  | 2357       |
|    iterations           | 21         |
|    time_elapsed         | 72         |
|    total_timesteps      | 172032     |
| train/                  |            |
|    approx_kl            | 0.02111305 |
|    clip_fraction        | 0.205      |
|    clip_range           | 0.2        |
|    entropy_loss         | -0.479     |
|    explained_variance   | 0.943      |
|    learning_rate        | 0.0003     |
|    loss                 | 4.03       |
|    n_updates            | 10000      |
|    policy_gradient_loss | -0.00683   |
|    std                  | 0.305      |
|    value_loss           | 12.7       |
----------------------------------------
----------------------------------------
| rollout/                |            |
|    ep_len_mean          | 143        |
|    ep_rew_mean          | -17.8      |
| time/                   |            |
|    fps                  | 2360       |
|    iterations           | 22         |
|    time_elapsed         | 76         |
|    total_timesteps      | 180224     |
| train/                  |            |
|    approx_kl            | 0.03188309 |
|    clip_fraction        | 0.317      |
|    clip_range           | 0.2        |
|    entropy_loss         | -0.476     |
|    explained_variance   | 0.965      |
|    learning_rate        | 0.0003     |
|    loss                 | 1.3        |
|    n_updates            | 10010      |
|    policy_gradient_loss | -0.00347   |
|    std                  | 0.303      |
|    value_loss           | 4.62       |
----------------------------------------
-----------------------------------------
| rollout/                |             |
|    ep_len_mean          | 94          |
|    ep_rew_mean          | -2.88       |
| time/                   |             |
|    fps                  | 2353        |
|    iterations           | 23          |
|    time_elapsed         | 80          |
|    total_timesteps      | 188416      |
| train/                  |             |
|    approx_kl            | 0.020801052 |
|    clip_fraction        | 0.25        |
|    clip_range           | 0.2         |
|    entropy_loss         | -0.459      |
|    explained_variance   | 0.938       |
|    learning_rate        | 0.0003      |
|    loss                 | 4.88        |
|    n_updates            | 10020       |
|    policy_gradient_loss | -0.00783    |
|    std                  | 0.303       |
|    value_loss           | 9.69        |
-----------------------------------------
-----------------------------------------
| rollout/                |             |
|    ep_len_mean          | 77.3        |
|    ep_rew_mean          | 3.48        |
| time/                   |             |
|    fps                  | 2345        |
|    iterations           | 24          |
|    time_elapsed         | 83          |
|    total_timesteps      | 196608      |
| train/                  |             |
|    approx_kl            | 0.031454735 |
|    clip_fraction        | 0.271       |
|    clip_range           | 0.2         |
|    entropy_loss         | -0.436      |
|    explained_variance   | 0.96        |
|    learning_rate        | 0.0003      |
|    loss                 | 2.64        |
|    n_updates            | 10030       |
|    policy_gradient_loss | -0.00621    |
|    std                  | 0.302       |
|    value_loss           | 11.5        |
-----------------------------------------
[PeriodicArtifactCallback] step 200000: saving checkpoint, evaluating, rendering...
[PeriodicArtifactCallback] step 200000: success_rate=0.50 pick_success_rate=0.60 mean_reward=-112.53 -> C:\GitHub\HumanoidRobot\simulation\training\pick_place\runs\pp_v26\dashboard.html
----------------------------------------
| rollout/                |            |
|    ep_len_mean          | 115        |
|    ep_rew_mean          | -9.49      |
| time/                   |            |
|    fps                  | 2186       |
|    iterations           | 25         |
|    time_elapsed         | 93         |
|    total_timesteps      | 204800     |
| train/                  |            |
|    approx_kl            | 0.04625892 |
|    clip_fraction        | 0.257      |
|    clip_range           | 0.2        |
|    entropy_loss         | -0.422     |
|    explained_variance   | 0.952      |
|    learning_rate        | 0.0003     |
|    loss                 | 5.94       |
|    n_updates            | 10040      |
|    policy_gradient_loss | -0.00764   |
|    std                  | 0.301      |
|    value_loss           | 11.7       |
----------------------------------------
-----------------------------------------
| rollout/                |             |
|    ep_len_mean          | 111         |
|    ep_rew_mean          | -8.36       |
| time/                   |             |
|    fps                  | 2187        |
|    iterations           | 26          |
|    time_elapsed         | 97          |
|    total_timesteps      | 212992      |
| train/                  |             |
|    approx_kl            | 0.022385199 |
|    clip_fraction        | 0.242       |
|    clip_range           | 0.2         |
|    entropy_loss         | -0.41       |
|    explained_variance   | 0.953       |
|    learning_rate        | 0.0003      |
|    loss                 | 3.04        |
|    n_updates            | 10050       |
|    policy_gradient_loss | -0.00682    |
|    std                  | 0.299       |
|    value_loss           | 9.4         |
-----------------------------------------
-----------------------------------------
| rollout/                |             |
|    ep_len_mean          | 127         |
|    ep_rew_mean          | -14         |
| time/                   |             |
|    fps                  | 2195        |
|    iterations           | 27          |
|    time_elapsed         | 100         |
|    total_timesteps      | 221184      |
| train/                  |             |
|    approx_kl            | 0.026710425 |
|    clip_fraction        | 0.25        |
|    clip_range           | 0.2         |
|    entropy_loss         | -0.386      |
|    explained_variance   | 0.952       |
|    learning_rate        | 0.0003      |
|    loss                 | 5.86        |
|    n_updates            | 10060       |
|    policy_gradient_loss | -0.00925    |
|    std                  | 0.297       |
|    value_loss           | 11.4        |
-----------------------------------------
---------------------------------------
| rollout/                |           |
|    ep_len_mean          | 93.5      |
|    ep_rew_mean          | -2.12     |
| time/                   |           |
|    fps                  | 2202      |
|    iterations           | 28        |
|    time_elapsed         | 104       |
|    total_timesteps      | 229376    |
| train/                  |           |
|    approx_kl            | 0.0224147 |
|    clip_fraction        | 0.267     |
|    clip_range           | 0.2       |
|    entropy_loss         | -0.372    |
|    explained_variance   | 0.95      |
|    learning_rate        | 0.0003    |
|    loss                 | 3.32      |
|    n_updates            | 10070     |
|    policy_gradient_loss | -0.0022   |
|    std                  | 0.297     |
|    value_loss           | 9.49      |
---------------------------------------
-----------------------------------------
| rollout/                |             |
|    ep_len_mean          | 89.7        |
|    ep_rew_mean          | -0.465      |
| time/                   |             |
|    fps                  | 2206        |
|    iterations           | 29          |
|    time_elapsed         | 107         |
|    total_timesteps      | 237568      |
| train/                  |             |
|    approx_kl            | 0.036231622 |
|    clip_fraction        | 0.327       |
|    clip_range           | 0.2         |
|    entropy_loss         | -0.38       |
|    explained_variance   | 0.967       |
|    learning_rate        | 0.0003      |
|    loss                 | 2.87        |
|    n_updates            | 10080       |
|    policy_gradient_loss | -0.0039     |
|    std                  | 0.298       |
|    value_loss           | 6.8         |
-----------------------------------------
-----------------------------------------
| rollout/                |             |
|    ep_len_mean          | 91          |
|    ep_rew_mean          | -1.11       |
| time/                   |             |
|    fps                  | 2206        |
|    iterations           | 30          |
|    time_elapsed         | 111         |
|    total_timesteps      | 245760      |
| train/                  |             |
|    approx_kl            | 0.044264406 |
|    clip_fraction        | 0.347       |
|    clip_range           | 0.2         |
|    entropy_loss         | -0.387      |
|    explained_variance   | 0.965       |
|    learning_rate        | 0.0003      |
|    loss                 | 2.2         |
|    n_updates            | 10090       |
|    policy_gradient_loss | -0.00138    |
|    std                  | 0.299       |
|    value_loss           | 6.8         |
-----------------------------------------
-----------------------------------------
| rollout/                |             |
|    ep_len_mean          | 94.2        |
|    ep_rew_mean          | -2.68       |
| time/                   |             |
|    fps                  | 2206        |
|    iterations           | 31          |
|    time_elapsed         | 115         |
|    total_timesteps      | 253952      |
| train/                  |             |
|    approx_kl            | 0.020859223 |
|    clip_fraction        | 0.21        |
|    clip_range           | 0.2         |
|    entropy_loss         | -0.381      |
|    explained_variance   | 0.954       |
|    learning_rate        | 0.0003      |
|    loss                 | 3.23        |
|    n_updates            | 10100       |
|    policy_gradient_loss | -0.0112     |
|    std                  | 0.298       |
|    value_loss           | 10.9        |
-----------------------------------------
-----------------------------------------
| rollout/                |             |
|    ep_len_mean          | 115         |
|    ep_rew_mean          | -9.87       |
| time/                   |             |
|    fps                  | 2210        |
|    iterations           | 32          |
|    time_elapsed         | 118         |
|    total_timesteps      | 262144      |
| train/                  |             |
|    approx_kl            | 0.047368467 |
|    clip_fraction        | 0.326       |
|    clip_range           | 0.2         |
|    entropy_loss         | -0.37       |
|    explained_variance   | 0.967       |
|    learning_rate        | 0.0003      |
|    loss                 | 1.82        |
|    n_updates            | 10110       |
|    policy_gradient_loss | -0.000119   |
|    std                  | 0.298       |
|    value_loss           | 6.8         |
-----------------------------------------
-----------------------------------------
| rollout/                |             |
|    ep_len_mean          | 142         |
|    ep_rew_mean          | -17.4       |
| time/                   |             |
|    fps                  | 2217        |
|    iterations           | 33          |
|    time_elapsed         | 121         |
|    total_timesteps      | 270336      |
| train/                  |             |
|    approx_kl            | 0.028096205 |
|    clip_fraction        | 0.264       |
|    clip_range           | 0.2         |
|    entropy_loss         | -0.362      |
|    explained_variance   | 0.967       |
|    learning_rate        | 0.0003      |
|    loss                 | 0.951       |
|    n_updates            | 10120       |
|    policy_gradient_loss | -0.00128    |
|    std                  | 0.297       |
|    value_loss           | 6.18        |
-----------------------------------------
----------------------------------------
| rollout/                |            |
|    ep_len_mean          | 150        |
|    ep_rew_mean          | -21.3      |
| time/                   |            |
|    fps                  | 2223       |
|    iterations           | 34         |
|    time_elapsed         | 125        |
|    total_timesteps      | 278528     |
| train/                  |            |
|    approx_kl            | 0.03258022 |
|    clip_fraction        | 0.301      |
|    clip_range           | 0.2        |
|    entropy_loss         | -0.358     |
|    explained_variance   | 0.96       |
|    learning_rate        | 0.0003     |
|    loss                 | 0.975      |
|    n_updates            | 10130      |
|    policy_gradient_loss | -0.00549   |
|    std                  | 0.297      |
|    value_loss           | 4.02       |
----------------------------------------
-----------------------------------------
| rollout/                |             |
|    ep_len_mean          | 144         |
|    ep_rew_mean          | -16.1       |
| time/                   |             |
|    fps                  | 2223        |
|    iterations           | 35          |
|    time_elapsed         | 128         |
|    total_timesteps      | 286720      |
| train/                  |             |
|    approx_kl            | 0.031063255 |
|    clip_fraction        | 0.297       |
|    clip_range           | 0.2         |
|    entropy_loss         | -0.357      |
|    explained_variance   | 0.955       |
|    learning_rate        | 0.0003      |
|    loss                 | 2.59        |
|    n_updates            | 10140       |
|    policy_gradient_loss | 0.000808    |
|    std                  | 0.294       |
|    value_loss           | 4.56        |
-----------------------------------------
-----------------------------------------
| rollout/                |             |
|    ep_len_mean          | 136         |
|    ep_rew_mean          | -14.4       |
| time/                   |             |
|    fps                  | 2225        |
|    iterations           | 36          |
|    time_elapsed         | 132         |
|    total_timesteps      | 294912      |
| train/                  |             |
|    approx_kl            | 0.024700616 |
|    clip_fraction        | 0.215       |
|    clip_range           | 0.2         |
|    entropy_loss         | -0.35       |
|    explained_variance   | 0.97        |
|    learning_rate        | 0.0003      |
|    loss                 | 2.55        |
|    n_updates            | 10150       |
|    policy_gradient_loss | -0.00726    |
|    std                  | 0.295       |
|    value_loss           | 7.43        |
-----------------------------------------
----------------------------------------
| rollout/                |            |
|    ep_len_mean          | 131        |
|    ep_rew_mean          | -13        |
| time/                   |            |
|    fps                  | 2230       |
|    iterations           | 37         |
|    time_elapsed         | 135        |
|    total_timesteps      | 303104     |
| train/                  |            |
|    approx_kl            | 0.02684407 |
|    clip_fraction        | 0.26       |
|    clip_range           | 0.2        |
|    entropy_loss         | -0.34      |
|    explained_variance   | 0.962      |
|    learning_rate        | 0.0003     |
|    loss                 | 2.47       |
|    n_updates            | 10160      |
|    policy_gradient_loss | -0.0089    |
|    std                  | 0.294      |
|    value_loss           | 5.4        |
----------------------------------------
-----------------------------------------
| rollout/                |             |
|    ep_len_mean          | 101         |
|    ep_rew_mean          | -2.77       |
| time/                   |             |
|    fps                  | 2235        |
|    iterations           | 38          |
|    time_elapsed         | 139         |
|    total_timesteps      | 311296      |
| train/                  |             |
|    approx_kl            | 0.019433066 |
|    clip_fraction        | 0.239       |
|    clip_range           | 0.2         |
|    entropy_loss         | -0.33       |
|    explained_variance   | 0.96        |
|    learning_rate        | 0.0003      |
|    loss                 | 2.02        |
|    n_updates            | 10170       |
|    policy_gradient_loss | -0.00618    |
|    std                  | 0.293       |
|    value_loss           | 7.64        |
-----------------------------------------
-----------------------------------------
| rollout/                |             |
|    ep_len_mean          | 108         |
|    ep_rew_mean          | -5.5        |
| time/                   |             |
|    fps                  | 2238        |
|    iterations           | 39          |
|    time_elapsed         | 142         |
|    total_timesteps      | 319488      |
| train/                  |             |
|    approx_kl            | 0.028679702 |
|    clip_fraction        | 0.249       |
|    clip_range           | 0.2         |
|    entropy_loss         | -0.308      |
|    explained_variance   | 0.968       |
|    learning_rate        | 0.0003      |
|    loss                 | 1.25        |
|    n_updates            | 10180       |
|    policy_gradient_loss | -0.00094    |
|    std                  | 0.291       |
|    value_loss           | 5.42        |
-----------------------------------------
----------------------------------------
| rollout/                |            |
|    ep_len_mean          | 109        |
|    ep_rew_mean          | -7.29      |
| time/                   |            |
|    fps                  | 2241       |
|    iterations           | 40         |
|    time_elapsed         | 146        |
|    total_timesteps      | 327680     |
| train/                  |            |
|    approx_kl            | 0.02820465 |
|    clip_fraction        | 0.273      |
|    clip_range           | 0.2        |
|    entropy_loss         | -0.302     |
|    explained_variance   | 0.95       |
|    learning_rate        | 0.0003     |
|    loss                 | 5.55       |
|    n_updates            | 10190      |
|    policy_gradient_loss | -0.00322   |
|    std                  | 0.292      |
|    value_loss           | 7.75       |
----------------------------------------
----------------------------------------
| rollout/                |            |
|    ep_len_mean          | 100        |
|    ep_rew_mean          | -3.22      |
| time/                   |            |
|    fps                  | 2241       |
|    iterations           | 41         |
|    time_elapsed         | 149        |
|    total_timesteps      | 335872     |
| train/                  |            |
|    approx_kl            | 0.04459763 |
|    clip_fraction        | 0.314      |
|    clip_range           | 0.2        |
|    entropy_loss         | -0.309     |
|    explained_variance   | 0.972      |
|    learning_rate        | 0.0003     |
|    loss                 | 2.28       |
|    n_updates            | 10200      |
|    policy_gradient_loss | -0.00311   |
|    std                  | 0.292      |
|    value_loss           | 5.53       |
----------------------------------------
-----------------------------------------
| rollout/                |             |
|    ep_len_mean          | 125         |
|    ep_rew_mean          | -10.3       |
| time/                   |             |
|    fps                  | 2246        |
|    iterations           | 42          |
|    time_elapsed         | 153         |
|    total_timesteps      | 344064      |
| train/                  |             |
|    approx_kl            | 0.039244395 |
|    clip_fraction        | 0.279       |
|    clip_range           | 0.2         |
|    entropy_loss         | -0.312      |
|    explained_variance   | 0.965       |
|    learning_rate        | 0.0003      |
|    loss                 | 1.21        |
|    n_updates            | 10210       |
|    policy_gradient_loss | -0.00625    |
|    std                  | 0.293       |
|    value_loss           | 5.8         |
-----------------------------------------
-----------------------------------------
| rollout/                |             |
|    ep_len_mean          | 125         |
|    ep_rew_mean          | -11.7       |
| time/                   |             |
|    fps                  | 2252        |
|    iterations           | 43          |
|    time_elapsed         | 156         |
|    total_timesteps      | 352256      |
| train/                  |             |
|    approx_kl            | 0.025050351 |
|    clip_fraction        | 0.208       |
|    clip_range           | 0.2         |
|    entropy_loss         | -0.318      |
|    explained_variance   | 0.961       |
|    learning_rate        | 0.0003      |
|    loss                 | 1.88        |
|    n_updates            | 10220       |
|    policy_gradient_loss | -0.00857    |
|    std                  | 0.293       |
|    value_loss           | 8.04        |
-----------------------------------------
----------------------------------------
| rollout/                |            |
|    ep_len_mean          | 107        |
|    ep_rew_mean          | -5.32      |
| time/                   |            |
|    fps                  | 2254       |
|    iterations           | 44         |
|    time_elapsed         | 159        |
|    total_timesteps      | 360448     |
| train/                  |            |
|    approx_kl            | 0.03754202 |
|    clip_fraction        | 0.318      |
|    clip_range           | 0.2        |
|    entropy_loss         | -0.332     |
|    explained_variance   | 0.959      |
|    learning_rate        | 0.0003     |
|    loss                 | 2.12       |
|    n_updates            | 10230      |
|    policy_gradient_loss | -0.00133   |
|    std                  | 0.294      |
|    value_loss           | 4.54       |
----------------------------------------
-----------------------------------------
| rollout/                |             |
|    ep_len_mean          | 114         |
|    ep_rew_mean          | -7.08       |
| time/                   |             |
|    fps                  | 2254        |
|    iterations           | 45          |
|    time_elapsed         | 163         |
|    total_timesteps      | 368640      |
| train/                  |             |
|    approx_kl            | 0.040540636 |
|    clip_fraction        | 0.342       |
|    clip_range           | 0.2         |
|    entropy_loss         | -0.34       |
|    explained_variance   | 0.977       |
|    learning_rate        | 0.0003      |
|    loss                 | 2.38        |
|    n_updates            | 10240       |
|    policy_gradient_loss | -0.00485    |
|    std                  | 0.294       |
|    value_loss           | 4.32        |
-----------------------------------------
-----------------------------------------
| rollout/                |             |
|    ep_len_mean          | 127         |
|    ep_rew_mean          | -12.1       |
| time/                   |             |
|    fps                  | 2255        |
|    iterations           | 46          |
|    time_elapsed         | 167         |
|    total_timesteps      | 376832      |
| train/                  |             |
|    approx_kl            | 0.023040127 |
|    clip_fraction        | 0.221       |
|    clip_range           | 0.2         |
|    entropy_loss         | -0.345      |
|    explained_variance   | 0.94        |
|    learning_rate        | 0.0003      |
|    loss                 | 2.97        |
|    n_updates            | 10250       |
|    policy_gradient_loss | -0.0101     |
|    std                  | 0.294       |
|    value_loss           | 9.67        |
-----------------------------------------
-----------------------------------------
| rollout/                |             |
|    ep_len_mean          | 127         |
|    ep_rew_mean          | -11.3       |
| time/                   |             |
|    fps                  | 2259        |
|    iterations           | 47          |
|    time_elapsed         | 170         |
|    total_timesteps      | 385024      |
| train/                  |             |
|    approx_kl            | 0.028224988 |
|    clip_fraction        | 0.253       |
|    clip_range           | 0.2         |
|    entropy_loss         | -0.345      |
|    explained_variance   | 0.961       |
|    learning_rate        | 0.0003      |
|    loss                 | 2.1         |
|    n_updates            | 10260       |
|    policy_gradient_loss | -0.00594    |
|    std                  | 0.296       |
|    value_loss           | 5.72        |
-----------------------------------------
-----------------------------------------
| rollout/                |             |
|    ep_len_mean          | 133         |
|    ep_rew_mean          | -13.4       |
| time/                   |             |
|    fps                  | 2263        |
|    iterations           | 48          |
|    time_elapsed         | 173         |
|    total_timesteps      | 393216      |
| train/                  |             |
|    approx_kl            | 0.023955122 |
|    clip_fraction        | 0.211       |
|    clip_range           | 0.2         |
|    entropy_loss         | -0.345      |
|    explained_variance   | 0.954       |
|    learning_rate        | 0.0003      |
|    loss                 | 4.14        |
|    n_updates            | 10270       |
|    policy_gradient_loss | -0.00646    |
|    std                  | 0.295       |
|    value_loss           | 9.22        |
-----------------------------------------
[PeriodicArtifactCallback] step 400000: running periodic self-monitoring analysis...
[PeriodicArtifactCallback] analysis written to C:\GitHub\HumanoidRobot\simulation\training\pick_place\runs\pp_v26\analysis_400000.md (stalled=False)
[PeriodicArtifactCallback] step 400000: saving checkpoint, evaluating, rendering...
[PeriodicArtifactCallback] step 400000: success_rate=0.50 pick_success_rate=0.50 mean_reward=-114.79 -> C:\GitHub\HumanoidRobot\simulation\training\pick_place\runs\pp_v26\dashboard.html
----------------------------------------
| rollout/                |            |
|    ep_len_mean          | 94.3       |
|    ep_rew_mean          | -2.08      |
| time/                   |            |
|    fps                  | 2143       |
|    iterations           | 49         |
|    time_elapsed         | 187        |
|    total_timesteps      | 401408     |
| train/                  |            |
|    approx_kl            | 0.02302793 |
|    clip_fraction        | 0.269      |
|    clip_range           | 0.2        |
|    entropy_loss         | -0.34      |
|    explained_variance   | 0.968      |
|    learning_rate        | 0.0003     |
|    loss                 | 2.03       |
|    n_updates            | 10280      |
|    policy_gradient_loss | -0.00567   |
|    std                  | 0.297      |
|    value_loss           | 6.58       |
----------------------------------------
-----------------------------------------
| rollout/                |             |
|    ep_len_mean          | 113         |
|    ep_rew_mean          | -9.74       |
| time/                   |             |
|    fps                  | 2146        |
|    iterations           | 50          |
|    time_elapsed         | 190         |
|    total_timesteps      | 409600      |
| train/                  |             |
|    approx_kl            | 0.030788612 |
|    clip_fraction        | 0.265       |
|    clip_range           | 0.2         |
|    entropy_loss         | -0.352      |
|    explained_variance   | 0.972       |
|    learning_rate        | 0.0003      |
|    loss                 | 1.8         |
|    n_updates            | 10290       |
|    policy_gradient_loss | -0.00216    |
|    std                  | 0.297       |
|    value_loss           | 6.97        |
-----------------------------------------
-----------------------------------------
| rollout/                |             |
|    ep_len_mean          | 116         |
|    ep_rew_mean          | -8.14       |
| time/                   |             |
|    fps                  | 2149        |
|    iterations           | 51          |
|    time_elapsed         | 194         |
|    total_timesteps      | 417792      |
| train/                  |             |
|    approx_kl            | 0.051345944 |
|    clip_fraction        | 0.367       |
|    clip_range           | 0.2         |
|    entropy_loss         | -0.366      |
|    explained_variance   | 0.975       |
|    learning_rate        | 0.0003      |
|    loss                 | 2.24        |
|    n_updates            | 10300       |
|    policy_gradient_loss | -0.00452    |
|    std                  | 0.299       |
|    value_loss           | 4.64        |
-----------------------------------------
----------------------------------------
| rollout/                |            |
|    ep_len_mean          | 137        |
|    ep_rew_mean          | -14.7      |
| time/                   |            |
|    fps                  | 2153       |
|    iterations           | 52         |
|    time_elapsed         | 197        |
|    total_timesteps      | 425984     |
| train/                  |            |
|    approx_kl            | 0.14065868 |
|    clip_fraction        | 0.313      |
|    clip_range           | 0.2        |
|    entropy_loss         | -0.383     |
|    explained_variance   | 0.965      |
|    learning_rate        | 0.0003     |
|    loss                 | 1.97       |
|    n_updates            | 10310      |
|    policy_gradient_loss | -0.00409   |
|    std                  | 0.299      |
|    value_loss           | 4.87       |
----------------------------------------
-----------------------------------------
| rollout/                |             |
|    ep_len_mean          | 110         |
|    ep_rew_mean          | -5.27       |
| time/                   |             |
|    fps                  | 2159        |
|    iterations           | 53          |
|    time_elapsed         | 201         |
|    total_timesteps      | 434176      |
| train/                  |             |
|    approx_kl            | 0.025589291 |
|    clip_fraction        | 0.263       |
|    clip_range           | 0.2         |
|    entropy_loss         | -0.382      |
|    explained_variance   | 0.966       |
|    learning_rate        | 0.0003      |
|    loss                 | 3.21        |
|    n_updates            | 10320       |
|    policy_gradient_loss | -0.00679    |
|    std                  | 0.299       |
|    value_loss           | 8.31        |
-----------------------------------------
-----------------------------------------
| rollout/                |             |
|    ep_len_mean          | 145         |
|    ep_rew_mean          | -17.5       |
| time/                   |             |
|    fps                  | 2164        |
|    iterations           | 54          |
|    time_elapsed         | 204         |
|    total_timesteps      | 442368      |
| train/                  |             |
|    approx_kl            | 0.026422147 |
|    clip_fraction        | 0.228       |
|    clip_range           | 0.2         |
|    entropy_loss         | -0.378      |
|    explained_variance   | 0.959       |
|    learning_rate        | 0.0003      |
|    loss                 | 3.17        |
|    n_updates            | 10330       |
|    policy_gradient_loss | -0.00661    |
|    std                  | 0.299       |
|    value_loss           | 8.49        |
-----------------------------------------
-----------------------------------------
| rollout/                |             |
|    ep_len_mean          | 142         |
|    ep_rew_mean          | -16.2       |
| time/                   |             |
|    fps                  | 2166        |
|    iterations           | 55          |
|    time_elapsed         | 207         |
|    total_timesteps      | 450560      |
| train/                  |             |
|    approx_kl            | 0.051088095 |
|    clip_fraction        | 0.341       |
|    clip_range           | 0.2         |
|    entropy_loss         | -0.378      |
|    explained_variance   | 0.971       |
|    learning_rate        | 0.0003      |
|    loss                 | 0.793       |
|    n_updates            | 10340       |
|    policy_gradient_loss | -0.000683   |
|    std                  | 0.3         |
|    value_loss           | 4.16        |
-----------------------------------------
-----------------------------------------
| rollout/                |             |
|    ep_len_mean          | 133         |
|    ep_rew_mean          | -11.2       |
| time/                   |             |
|    fps                  | 2168        |
|    iterations           | 56          |
|    time_elapsed         | 211         |
|    total_timesteps      | 458752      |
| train/                  |             |
|    approx_kl            | 0.021510825 |
|    clip_fraction        | 0.212       |
|    clip_range           | 0.2         |
|    entropy_loss         | -0.378      |
|    explained_variance   | 0.949       |
|    learning_rate        | 0.0003      |
|    loss                 | 8.47        |
|    n_updates            | 10350       |
|    policy_gradient_loss | -0.00959    |
|    std                  | 0.299       |
|    value_loss           | 13          |
-----------------------------------------
-----------------------------------------
| rollout/                |             |
|    ep_len_mean          | 154         |
|    ep_rew_mean          | -18.6       |
| time/                   |             |
|    fps                  | 2174        |
|    iterations           | 57          |
|    time_elapsed         | 214         |
|    total_timesteps      | 466944      |
| train/                  |             |
|    approx_kl            | 0.048547544 |
|    clip_fraction        | 0.271       |
|    clip_range           | 0.2         |
|    entropy_loss         | -0.379      |
|    explained_variance   | 0.956       |
|    learning_rate        | 0.0003      |
|    loss                 | 2.71        |
|    n_updates            | 10360       |
|    policy_gradient_loss | -0.0097     |
|    std                  | 0.3         |
|    value_loss           | 9.61        |
-----------------------------------------
-----------------------------------------
| rollout/                |             |
|    ep_len_mean          | 130         |
|    ep_rew_mean          | -12.7       |
| time/                   |             |
|    fps                  | 2178        |
|    iterations           | 58          |
|    time_elapsed         | 218         |
|    total_timesteps      | 475136      |
| train/                  |             |
|    approx_kl            | 0.027939362 |
|    clip_fraction        | 0.261       |
|    clip_range           | 0.2         |
|    entropy_loss         | -0.4        |
|    explained_variance   | 0.957       |
|    learning_rate        | 0.0003      |
|    loss                 | 3.65        |
|    n_updates            | 10370       |
|    policy_gradient_loss | -0.00586    |
|    std                  | 0.303       |
|    value_loss           | 8.58        |
-----------------------------------------
-----------------------------------------
| rollout/                |             |
|    ep_len_mean          | 121         |
|    ep_rew_mean          | -10.7       |
| time/                   |             |
|    fps                  | 2181        |
|    iterations           | 59          |
|    time_elapsed         | 221         |
|    total_timesteps      | 483328      |
| train/                  |             |
|    approx_kl            | 0.042875443 |
|    clip_fraction        | 0.333       |
|    clip_range           | 0.2         |
|    entropy_loss         | -0.433      |
|    explained_variance   | 0.971       |
|    learning_rate        | 0.0003      |
|    loss                 | 1.01        |
|    n_updates            | 10380       |
|    policy_gradient_loss | -0.000695   |
|    std                  | 0.305       |
|    value_loss           | 3.94        |
-----------------------------------------
-----------------------------------------
| rollout/                |             |
|    ep_len_mean          | 136         |
|    ep_rew_mean          | -12.5       |
| time/                   |             |
|    fps                  | 2183        |
|    iterations           | 60          |
|    time_elapsed         | 225         |
|    total_timesteps      | 491520      |
| train/                  |             |
|    approx_kl            | 0.025259435 |
|    clip_fraction        | 0.231       |
|    clip_range           | 0.2         |
|    entropy_loss         | -0.453      |
|    explained_variance   | 0.954       |
|    learning_rate        | 0.0003      |
|    loss                 | 5.76        |
|    n_updates            | 10390       |
|    policy_gradient_loss | -0.00673    |
|    std                  | 0.306       |
|    value_loss           | 9.37        |
-----------------------------------------
-----------------------------------------
| rollout/                |             |
|    ep_len_mean          | 137         |
|    ep_rew_mean          | -13.9       |
| time/                   |             |
|    fps                  | 2185        |
|    iterations           | 61          |
|    time_elapsed         | 228         |
|    total_timesteps      | 499712      |
| train/                  |             |
|    approx_kl            | 0.026344037 |
|    clip_fraction        | 0.21        |
|    clip_range           | 0.2         |
|    entropy_loss         | -0.455      |
|    explained_variance   | 0.958       |
|    learning_rate        | 0.0003      |
|    loss                 | 5.15        |
|    n_updates            | 10400       |
|    policy_gradient_loss | -0.00886    |
|    std                  | 0.305       |
|    value_loss           | 8.86        |
-----------------------------------------
-----------------------------------------
| rollout/                |             |
|    ep_len_mean          | 106         |
|    ep_rew_mean          | -7.84       |
| time/                   |             |
|    fps                  | 2188        |
|    iterations           | 62          |
|    time_elapsed         | 232         |
|    total_timesteps      | 507904      |
| train/                  |             |
|    approx_kl            | 0.017180912 |
|    clip_fraction        | 0.229       |
|    clip_range           | 0.2         |
|    entropy_loss         | -0.448      |
|    explained_variance   | 0.95        |
|    learning_rate        | 0.0003      |
|    loss                 | 3.34        |
|    n_updates            | 10410       |
|    policy_gradient_loss | -0.00894    |
|    std                  | 0.306       |
|    value_loss           | 9.76        |
-----------------------------------------
-----------------------------------------
| rollout/                |             |
|    ep_len_mean          | 120         |
|    ep_rew_mean          | -9.1        |
| time/                   |             |
|    fps                  | 2192        |
|    iterations           | 63          |
|    time_elapsed         | 235         |
|    total_timesteps      | 516096      |
| train/                  |             |
|    approx_kl            | 0.021500763 |
|    clip_fraction        | 0.242       |
|    clip_range           | 0.2         |
|    entropy_loss         | -0.459      |
|    explained_variance   | 0.955       |
|    learning_rate        | 0.0003      |
|    loss                 | 2.45        |
|    n_updates            | 10420       |
|    policy_gradient_loss | -0.00551    |
|    std                  | 0.307       |
|    value_loss           | 10.5        |
-----------------------------------------
-----------------------------------------
| rollout/                |             |
|    ep_len_mean          | 137         |
|    ep_rew_mean          | -14.9       |
| time/                   |             |
|    fps                  | 2196        |
|    iterations           | 64          |
|    time_elapsed         | 238         |
|    total_timesteps      | 524288      |
| train/                  |             |
|    approx_kl            | 0.025136871 |
|    clip_fraction        | 0.25        |
|    clip_range           | 0.2         |
|    entropy_loss         | -0.463      |
|    explained_variance   | 0.954       |
|    learning_rate        | 0.0003      |
|    loss                 | 2.14        |
|    n_updates            | 10430       |
|    policy_gradient_loss | -0.00338    |
|    std                  | 0.305       |
|    value_loss           | 10.3        |
-----------------------------------------
-----------------------------------------
| rollout/                |             |
|    ep_len_mean          | 117         |
|    ep_rew_mean          | -8.77       |
| time/                   |             |
|    fps                  | 2197        |
|    iterations           | 65          |
|    time_elapsed         | 242         |
|    total_timesteps      | 532480      |
| train/                  |             |
|    approx_kl            | 0.031195031 |
|    clip_fraction        | 0.262       |
|    clip_range           | 0.2         |
|    entropy_loss         | -0.45       |
|    explained_variance   | 0.951       |
|    learning_rate        | 0.0003      |
|    loss                 | 1.88        |
|    n_updates            | 10440       |
|    policy_gradient_loss | -0.00574    |
|    std                  | 0.305       |
|    value_loss           | 9.31        |
-----------------------------------------
-----------------------------------------
| rollout/                |             |
|    ep_len_mean          | 83.9        |
|    ep_rew_mean          | 1.74        |
| time/                   |             |
|    fps                  | 2198        |
|    iterations           | 66          |
|    time_elapsed         | 245         |
|    total_timesteps      | 540672      |
| train/                  |             |
|    approx_kl            | 0.045203663 |
|    clip_fraction        | 0.339       |
|    clip_range           | 0.2         |
|    entropy_loss         | -0.435      |
|    explained_variance   | 0.969       |
|    learning_rate        | 0.0003      |
|    loss                 | 2.1         |
|    n_updates            | 10450       |
|    policy_gradient_loss | -0.00576    |
|    std                  | 0.304       |
|    value_loss           | 6.33        |
-----------------------------------------
-----------------------------------------
| rollout/                |             |
|    ep_len_mean          | 115         |
|    ep_rew_mean          | -8.54       |
| time/                   |             |
|    fps                  | 2200        |
|    iterations           | 67          |
|    time_elapsed         | 249         |
|    total_timesteps      | 548864      |
| train/                  |             |
|    approx_kl            | 0.026210476 |
|    clip_fraction        | 0.245       |
|    clip_range           | 0.2         |
|    entropy_loss         | -0.448      |
|    explained_variance   | 0.955       |
|    learning_rate        | 0.0003      |
|    loss                 | 4.9         |
|    n_updates            | 10460       |
|    policy_gradient_loss | -0.00884    |
|    std                  | 0.306       |
|    value_loss           | 12.8        |
-----------------------------------------
----------------------------------------
| rollout/                |            |
|    ep_len_mean          | 135        |
|    ep_rew_mean          | -13.5      |
| time/                   |            |
|    fps                  | 2204       |
|    iterations           | 68         |
|    time_elapsed         | 252        |
|    total_timesteps      | 557056     |
| train/                  |            |
|    approx_kl            | 0.02666107 |
|    clip_fraction        | 0.286      |
|    clip_range           | 0.2        |
|    entropy_loss         | -0.465     |
|    explained_variance   | 0.941      |
|    learning_rate        | 0.0003     |
|    loss                 | 4.6        |
|    n_updates            | 10470      |
|    policy_gradient_loss | -0.0029    |
|    std                  | 0.306      |
|    value_loss           | 8.21       |
----------------------------------------
----------------------------------------
| rollout/                |            |
|    ep_len_mean          | 116        |
|    ep_rew_mean          | -9.17      |
| time/                   |            |
|    fps                  | 2206       |
|    iterations           | 69         |
|    time_elapsed         | 256        |
|    total_timesteps      | 565248     |
| train/                  |            |
|    approx_kl            | 0.05679256 |
|    clip_fraction        | 0.356      |
|    clip_range           | 0.2        |
|    entropy_loss         | -0.476     |
|    explained_variance   | 0.977      |
|    learning_rate        | 0.0003     |
|    loss                 | 1.5        |
|    n_updates            | 10480      |
|    policy_gradient_loss | 0.00297    |
|    std                  | 0.306      |
|    value_loss           | 2.86       |
----------------------------------------
-----------------------------------------
| rollout/                |             |
|    ep_len_mean          | 114         |
|    ep_rew_mean          | -7.66       |
| time/                   |             |
|    fps                  | 2207        |
|    iterations           | 70          |
|    time_elapsed         | 259         |
|    total_timesteps      | 573440      |
| train/                  |             |
|    approx_kl            | 0.019516055 |
|    clip_fraction        | 0.236       |
|    clip_range           | 0.2         |
|    entropy_loss         | -0.492      |
|    explained_variance   | 0.965       |
|    learning_rate        | 0.0003      |
|    loss                 | 4.64        |
|    n_updates            | 10490       |
|    policy_gradient_loss | -0.00948    |
|    std                  | 0.308       |
|    value_loss           | 10.7        |
-----------------------------------------
-----------------------------------------
| rollout/                |             |
|    ep_len_mean          | 128         |
|    ep_rew_mean          | -12.3       |
| time/                   |             |
|    fps                  | 2207        |
|    iterations           | 71          |
|    time_elapsed         | 263         |
|    total_timesteps      | 581632      |
| train/                  |             |
|    approx_kl            | 0.042055562 |
|    clip_fraction        | 0.302       |
|    clip_range           | 0.2         |
|    entropy_loss         | -0.515      |
|    explained_variance   | 0.966       |
|    learning_rate        | 0.0003      |
|    loss                 | 0.542       |
|    n_updates            | 10500       |
|    policy_gradient_loss | -0.0017     |
|    std                  | 0.308       |
|    value_loss           | 3.63        |
-----------------------------------------
-----------------------------------------
| rollout/                |             |
|    ep_len_mean          | 131         |
|    ep_rew_mean          | -13.2       |
| time/                   |             |
|    fps                  | 2209        |
|    iterations           | 72          |
|    time_elapsed         | 266         |
|    total_timesteps      | 589824      |
| train/                  |             |
|    approx_kl            | 0.031552874 |
|    clip_fraction        | 0.27        |
|    clip_range           | 0.2         |
|    entropy_loss         | -0.511      |
|    explained_variance   | 0.979       |
|    learning_rate        | 0.0003      |
|    loss                 | 1.01        |
|    n_updates            | 10510       |
|    policy_gradient_loss | -0.00531    |
|    std                  | 0.31        |
|    value_loss           | 4.12        |
-----------------------------------------
-----------------------------------------
| rollout/                |             |
|    ep_len_mean          | 150         |
|    ep_rew_mean          | -17.3       |
| time/                   |             |
|    fps                  | 2213        |
|    iterations           | 73          |
|    time_elapsed         | 270         |
|    total_timesteps      | 598016      |
| train/                  |             |
|    approx_kl            | 0.037453584 |
|    clip_fraction        | 0.308       |
|    clip_range           | 0.2         |
|    entropy_loss         | -0.514      |
|    explained_variance   | 0.957       |
|    learning_rate        | 0.0003      |
|    loss                 | 0.588       |
|    n_updates            | 10520       |
|    policy_gradient_loss | -0.000212   |
|    std                  | 0.31        |
|    value_loss           | 4.58        |
-----------------------------------------
[PeriodicArtifactCallback] step 600000: saving checkpoint, evaluating, rendering...
[PeriodicArtifactCallback] step 600000: success_rate=0.60 pick_success_rate=0.60 mean_reward=-93.44 -> C:\GitHub\HumanoidRobot\simulation\training\pick_place\runs\pp_v26\dashboard.html
-----------------------------------------
| rollout/                |             |
|    ep_len_mean          | 115         |
|    ep_rew_mean          | -7.09       |
| time/                   |             |
|    fps                  | 2172        |
|    iterations           | 74          |
|    time_elapsed         | 279         |
|    total_timesteps      | 606208      |
| train/                  |             |
|    approx_kl            | 0.033340808 |
|    clip_fraction        | 0.249       |
|    clip_range           | 0.2         |
|    entropy_loss         | -0.513      |
|    explained_variance   | 0.968       |
|    learning_rate        | 0.0003      |
|    loss                 | 2.09        |
|    n_updates            | 10530       |
|    policy_gradient_loss | -0.00673    |
|    std                  | 0.309       |
|    value_loss           | 5.68        |
-----------------------------------------
-----------------------------------------
| rollout/                |             |
|    ep_len_mean          | 139         |
|    ep_rew_mean          | -15.1       |
| time/                   |             |
|    fps                  | 2176        |
|    iterations           | 75          |
|    time_elapsed         | 282         |
|    total_timesteps      | 614400      |
| train/                  |             |
|    approx_kl            | 0.018270822 |
|    clip_fraction        | 0.186       |
|    clip_range           | 0.2         |
|    entropy_loss         | -0.511      |
|    explained_variance   | 0.961       |
|    learning_rate        | 0.0003      |
|    loss                 | 3.43        |
|    n_updates            | 10540       |
|    policy_gradient_loss | -0.00905    |
|    std                  | 0.309       |
|    value_loss           | 8.11        |
-----------------------------------------
-----------------------------------------
| rollout/                |             |
|    ep_len_mean          | 129         |
|    ep_rew_mean          | -12.4       |
| time/                   |             |
|    fps                  | 2179        |
|    iterations           | 76          |
|    time_elapsed         | 285         |
|    total_timesteps      | 622592      |
| train/                  |             |
|    approx_kl            | 0.032980077 |
|    clip_fraction        | 0.2         |
|    clip_range           | 0.2         |
|    entropy_loss         | -0.528      |
|    explained_variance   | 0.956       |
|    learning_rate        | 0.0003      |
|    loss                 | 4.21        |
|    n_updates            | 10550       |
|    policy_gradient_loss | -0.00456    |
|    std                  | 0.311       |
|    value_loss           | 6.23        |
-----------------------------------------
----------------------------------------
| rollout/                |            |
|    ep_len_mean          | 161        |
|    ep_rew_mean          | -23.3      |
| time/                   |            |
|    fps                  | 2181       |
|    iterations           | 77         |
|    time_elapsed         | 289        |
|    total_timesteps      | 630784     |
| train/                  |            |
|    approx_kl            | 0.02603524 |
|    clip_fraction        | 0.208      |
|    clip_range           | 0.2        |
|    entropy_loss         | -0.535     |
|    explained_variance   | 0.946      |
|    learning_rate        | 0.0003     |
|    loss                 | 2.95       |
|    n_updates            | 10560      |
|    policy_gradient_loss | -0.00899   |
|    std                  | 0.311      |
|    value_loss           | 8.1        |
----------------------------------------
---------------------------------------
| rollout/                |           |
|    ep_len_mean          | 196       |
|    ep_rew_mean          | -33.4     |
| time/                   |           |
|    fps                  | 2183      |
|    iterations           | 78        |
|    time_elapsed         | 292       |
|    total_timesteps      | 638976    |
| train/                  |           |
|    approx_kl            | 0.0392669 |
|    clip_fraction        | 0.29      |
|    clip_range           | 0.2       |
|    entropy_loss         | -0.538    |
|    explained_variance   | 0.952     |
|    learning_rate        | 0.0003    |
|    loss                 | 1.57      |
|    n_updates            | 10570     |
|    policy_gradient_loss | -0.00292  |
|    std                  | 0.311     |
|    value_loss           | 3.71      |
---------------------------------------
-----------------------------------------
| rollout/                |             |
|    ep_len_mean          | 163         |
|    ep_rew_mean          | -24.4       |
| time/                   |             |
|    fps                  | 2185        |
|    iterations           | 79          |
|    time_elapsed         | 296         |
|    total_timesteps      | 647168      |
| train/                  |             |
|    approx_kl            | 0.022243857 |
|    clip_fraction        | 0.229       |
|    clip_range           | 0.2         |
|    entropy_loss         | -0.539      |
|    explained_variance   | 0.941       |
|    learning_rate        | 0.0003      |
|    loss                 | 2.81        |
|    n_updates            | 10580       |
|    policy_gradient_loss | -0.00491    |
|    std                  | 0.311       |
|    value_loss           | 8.4         |
-----------------------------------------
-----------------------------------------
| rollout/                |             |
|    ep_len_mean          | 151         |
|    ep_rew_mean          | -21.7       |
| time/                   |             |
|    fps                  | 2187        |
|    iterations           | 80          |
|    time_elapsed         | 299         |
|    total_timesteps      | 655360      |
| train/                  |             |
|    approx_kl            | 0.020759115 |
|    clip_fraction        | 0.246       |
|    clip_range           | 0.2         |
|    entropy_loss         | -0.526      |
|    explained_variance   | 0.94        |
|    learning_rate        | 0.0003      |
|    loss                 | 1.92        |
|    n_updates            | 10590       |
|    policy_gradient_loss | -0.00699    |
|    std                  | 0.31        |
|    value_loss           | 8.97        |
-----------------------------------------
-----------------------------------------
| rollout/                |             |
|    ep_len_mean          | 152         |
|    ep_rew_mean          | -21.3       |
| time/                   |             |
|    fps                  | 2191        |
|    iterations           | 81          |
|    time_elapsed         | 302         |
|    total_timesteps      | 663552      |
| train/                  |             |
|    approx_kl            | 0.022106472 |
|    clip_fraction        | 0.22        |
|    clip_range           | 0.2         |
|    entropy_loss         | -0.509      |
|    explained_variance   | 0.963       |
|    learning_rate        | 0.0003      |
|    loss                 | 5.16        |
|    n_updates            | 10600       |
|    policy_gradient_loss | -0.00703    |
|    std                  | 0.308       |
|    value_loss           | 7.94        |
-----------------------------------------
-----------------------------------------
| rollout/                |             |
|    ep_len_mean          | 164         |
|    ep_rew_mean          | -24.6       |
| time/                   |             |
|    fps                  | 2193        |
|    iterations           | 82          |
|    time_elapsed         | 306         |
|    total_timesteps      | 671744      |
| train/                  |             |
|    approx_kl            | 0.020778894 |
|    clip_fraction        | 0.244       |
|    clip_range           | 0.2         |
|    entropy_loss         | -0.487      |
|    explained_variance   | 0.94        |
|    learning_rate        | 0.0003      |
|    loss                 | 2.17        |
|    n_updates            | 10610       |
|    policy_gradient_loss | -0.00555    |
|    std                  | 0.307       |
|    value_loss           | 8.33        |
-----------------------------------------
-----------------------------------------
| rollout/                |             |
|    ep_len_mean          | 204         |
|    ep_rew_mean          | -37.8       |
| time/                   |             |
|    fps                  | 2194        |
|    iterations           | 83          |
|    time_elapsed         | 309         |
|    total_timesteps      | 679936      |
| train/                  |             |
|    approx_kl            | 0.020756919 |
|    clip_fraction        | 0.201       |
|    clip_range           | 0.2         |
|    entropy_loss         | -0.482      |
|    explained_variance   | 0.927       |
|    learning_rate        | 0.0003      |
|    loss                 | 4.38        |
|    n_updates            | 10620       |
|    policy_gradient_loss | -0.00713    |
|    std                  | 0.307       |
|    value_loss           | 9.91        |
-----------------------------------------
-----------------------------------------
| rollout/                |             |
|    ep_len_mean          | 239         |
|    ep_rew_mean          | -52.2       |
| time/                   |             |
|    fps                  | 2197        |
|    iterations           | 84          |
|    time_elapsed         | 313         |
|    total_timesteps      | 688128      |
| train/                  |             |
|    approx_kl            | 0.031875424 |
|    clip_fraction        | 0.269       |
|    clip_range           | 0.2         |
|    entropy_loss         | -0.487      |
|    explained_variance   | 0.949       |
|    learning_rate        | 0.0003      |
|    loss                 | 2.16        |
|    n_updates            | 10630       |
|    policy_gradient_loss | -0.00508    |
|    std                  | 0.307       |
|    value_loss           | 4.36        |
-----------------------------------------
----------------------------------------
| rollout/                |            |
|    ep_len_mean          | 169        |
|    ep_rew_mean          | -26.4      |
| time/                   |            |
|    fps                  | 2200       |
|    iterations           | 85         |
|    time_elapsed         | 316        |
|    total_timesteps      | 696320     |
| train/                  |            |
|    approx_kl            | 0.02672455 |
|    clip_fraction        | 0.291      |
|    clip_range           | 0.2        |
|    entropy_loss         | -0.49      |
|    explained_variance   | 0.945      |
|    learning_rate        | 0.0003     |
|    loss                 | 2.3        |
|    n_updates            | 10640      |
|    policy_gradient_loss | -0.00371   |
|    std                  | 0.307      |
|    value_loss           | 5.58       |
----------------------------------------
-----------------------------------------
| rollout/                |             |
|    ep_len_mean          | 127         |
|    ep_rew_mean          | -12.8       |
| time/                   |             |
|    fps                  | 2203        |
|    iterations           | 86          |
|    time_elapsed         | 319         |
|    total_timesteps      | 704512      |
| train/                  |             |
|    approx_kl            | 0.019811224 |
|    clip_fraction        | 0.207       |
|    clip_range           | 0.2         |
|    entropy_loss         | -0.487      |
|    explained_variance   | 0.947       |
|    learning_rate        | 0.0003      |
|    loss                 | 3.12        |
|    n_updates            | 10650       |
|    policy_gradient_loss | -0.00484    |
|    std                  | 0.306       |
|    value_loss           | 10.4        |
-----------------------------------------
-----------------------------------------
| rollout/                |             |
|    ep_len_mean          | 140         |
|    ep_rew_mean          | -16.9       |
| time/                   |             |
|    fps                  | 2205        |
|    iterations           | 87          |
|    time_elapsed         | 323         |
|    total_timesteps      | 712704      |
| train/                  |             |
|    approx_kl            | 0.021940514 |
|    clip_fraction        | 0.209       |
|    clip_range           | 0.2         |
|    entropy_loss         | -0.469      |
|    explained_variance   | 0.951       |
|    learning_rate        | 0.0003      |
|    loss                 | 1.76        |
|    n_updates            | 10660       |
|    policy_gradient_loss | -0.00912    |
|    std                  | 0.305       |
|    value_loss           | 10.6        |
-----------------------------------------
-----------------------------------------
| rollout/                |             |
|    ep_len_mean          | 157         |
|    ep_rew_mean          | -21.2       |
| time/                   |             |
|    fps                  | 2206        |
|    iterations           | 88          |
|    time_elapsed         | 326         |
|    total_timesteps      | 720896      |
| train/                  |             |
|    approx_kl            | 0.031351402 |
|    clip_fraction        | 0.285       |
|    clip_range           | 0.2         |
|    entropy_loss         | -0.467      |
|    explained_variance   | 0.961       |
|    learning_rate        | 0.0003      |
|    loss                 | 1.75        |
|    n_updates            | 10670       |
|    policy_gradient_loss | -0.000726   |
|    std                  | 0.304       |
|    value_loss           | 5.59        |
-----------------------------------------
-----------------------------------------
| rollout/                |             |
|    ep_len_mean          | 126         |
|    ep_rew_mean          | -12.2       |
| time/                   |             |
|    fps                  | 2207        |
|    iterations           | 89          |
|    time_elapsed         | 330         |
|    total_timesteps      | 729088      |
| train/                  |             |
|    approx_kl            | 0.032168604 |
|    clip_fraction        | 0.306       |
|    clip_range           | 0.2         |
|    entropy_loss         | -0.475      |
|    explained_variance   | 0.975       |
|    learning_rate        | 0.0003      |
|    loss                 | 0.993       |
|    n_updates            | 10680       |
|    policy_gradient_loss | -0.00142    |
|    std                  | 0.304       |
|    value_loss           | 3.89        |
-----------------------------------------
-----------------------------------------
| rollout/                |             |
|    ep_len_mean          | 161         |
|    ep_rew_mean          | -24.5       |
| time/                   |             |
|    fps                  | 2210        |
|    iterations           | 90          |
|    time_elapsed         | 333         |
|    total_timesteps      | 737280      |
| train/                  |             |
|    approx_kl            | 0.019160422 |
|    clip_fraction        | 0.221       |
|    clip_range           | 0.2         |
|    entropy_loss         | -0.47       |
|    explained_variance   | 0.96        |
|    learning_rate        | 0.0003      |
|    loss                 | 4.19        |
|    n_updates            | 10690       |
|    policy_gradient_loss | -0.00994    |
|    std                  | 0.304       |
|    value_loss           | 7.65        |
-----------------------------------------
-----------------------------------------
| rollout/                |             |
|    ep_len_mean          | 185         |
|    ep_rew_mean          | -31.2       |
| time/                   |             |
|    fps                  | 2212        |
|    iterations           | 91          |
|    time_elapsed         | 336         |
|    total_timesteps      | 745472      |
| train/                  |             |
|    approx_kl            | 0.038953587 |
|    clip_fraction        | 0.269       |
|    clip_range           | 0.2         |
|    entropy_loss         | -0.473      |
|    explained_variance   | 0.945       |
|    learning_rate        | 0.0003      |
|    loss                 | 1.4         |
|    n_updates            | 10700       |
|    policy_gradient_loss | -0.00851    |
|    std                  | 0.304       |
|    value_loss           | 3.89        |
-----------------------------------------
-----------------------------------------
| rollout/                |             |
|    ep_len_mean          | 166         |
|    ep_rew_mean          | -23.8       |
| time/                   |             |
|    fps                  | 2213        |
|    iterations           | 92          |
|    time_elapsed         | 340         |
|    total_timesteps      | 753664      |
| train/                  |             |
|    approx_kl            | 0.026098162 |
|    clip_fraction        | 0.231       |
|    clip_range           | 0.2         |
|    entropy_loss         | -0.479      |
|    explained_variance   | 0.954       |
|    learning_rate        | 0.0003      |
|    loss                 | 2.92        |
|    n_updates            | 10710       |
|    policy_gradient_loss | -0.011      |
|    std                  | 0.305       |
|    value_loss           | 8.36        |
-----------------------------------------
-----------------------------------------
| rollout/                |             |
|    ep_len_mean          | 144         |
|    ep_rew_mean          | -19.5       |
| time/                   |             |
|    fps                  | 2214        |
|    iterations           | 93          |
|    time_elapsed         | 344         |
|    total_timesteps      | 761856      |
| train/                  |             |
|    approx_kl            | 0.023966007 |
|    clip_fraction        | 0.234       |
|    clip_range           | 0.2         |
|    entropy_loss         | -0.477      |
|    explained_variance   | 0.924       |
|    learning_rate        | 0.0003      |
|    loss                 | 9.51        |
|    n_updates            | 10720       |
|    policy_gradient_loss | -0.00661    |
|    std                  | 0.304       |
|    value_loss           | 15.6        |
-----------------------------------------
-----------------------------------------
| rollout/                |             |
|    ep_len_mean          | 138         |
|    ep_rew_mean          | -17.8       |
| time/                   |             |
|    fps                  | 2215        |
|    iterations           | 94          |
|    time_elapsed         | 347         |
|    total_timesteps      | 770048      |
| train/                  |             |
|    approx_kl            | 0.027518068 |
|    clip_fraction        | 0.271       |
|    clip_range           | 0.2         |
|    entropy_loss         | -0.476      |
|    explained_variance   | 0.958       |
|    learning_rate        | 0.0003      |
|    loss                 | 4.99        |
|    n_updates            | 10730       |
|    policy_gradient_loss | -0.00421    |
|    std                  | 0.304       |
|    value_loss           | 7.99        |
-----------------------------------------
-----------------------------------------
| rollout/                |             |
|    ep_len_mean          | 127         |
|    ep_rew_mean          | -14.5       |
| time/                   |             |
|    fps                  | 2217        |
|    iterations           | 95          |
|    time_elapsed         | 350         |
|    total_timesteps      | 778240      |
| train/                  |             |
|    approx_kl            | 0.033896595 |
|    clip_fraction        | 0.275       |
|    clip_range           | 0.2         |
|    entropy_loss         | -0.481      |
|    explained_variance   | 0.962       |
|    learning_rate        | 0.0003      |
|    loss                 | 1.34        |
|    n_updates            | 10740       |
|    policy_gradient_loss | -0.00601    |
|    std                  | 0.305       |
|    value_loss           | 6.48        |
-----------------------------------------
----------------------------------------
| rollout/                |            |
|    ep_len_mean          | 157        |
|    ep_rew_mean          | -22.3      |
| time/                   |            |
|    fps                  | 2220       |
|    iterations           | 96         |
|    time_elapsed         | 354        |
|    total_timesteps      | 786432     |
| train/                  |            |
|    approx_kl            | 0.02774686 |
|    clip_fraction        | 0.244      |
|    clip_range           | 0.2        |
|    entropy_loss         | -0.466     |
|    explained_variance   | 0.951      |
|    learning_rate        | 0.0003     |
|    loss                 | 2.89       |
|    n_updates            | 10750      |
|    policy_gradient_loss | -0.0108    |
|    std                  | 0.303      |
|    value_loss           | 10.6       |
----------------------------------------
----------------------------------------
| rollout/                |            |
|    ep_len_mean          | 166        |
|    ep_rew_mean          | -24.5      |
| time/                   |            |
|    fps                  | 2222       |
|    iterations           | 97         |
|    time_elapsed         | 357        |
|    total_timesteps      | 794624     |
| train/                  |            |
|    approx_kl            | 0.02160785 |
|    clip_fraction        | 0.221      |
|    clip_range           | 0.2        |
|    entropy_loss         | -0.446     |
|    explained_variance   | 0.931      |
|    learning_rate        | 0.0003     |
|    loss                 | 2.39       |
|    n_updates            | 10760      |
|    policy_gradient_loss | -0.0106    |
|    std                  | 0.302      |
|    value_loss           | 10.9       |
----------------------------------------
[PeriodicArtifactCallback] step 800000: running periodic self-monitoring analysis...
[PeriodicArtifactCallback] analysis written to C:\GitHub\HumanoidRobot\simulation\training\pick_place\runs\pp_v26\analysis_800000.md (stalled=False)
[PeriodicArtifactCallback] step 800000: saving checkpoint, evaluating, rendering...
[PeriodicArtifactCallback] step 800000: success_rate=0.60 pick_success_rate=0.60 mean_reward=-102.51 -> C:\GitHub\HumanoidRobot\simulation\training\pick_place\runs\pp_v26\dashboard.html
-----------------------------------------
| rollout/                |             |
|    ep_len_mean          | 155         |
|    ep_rew_mean          | -21.5       |
| time/                   |             |
|    fps                  | 2179        |
|    iterations           | 98          |
|    time_elapsed         | 368         |
|    total_timesteps      | 802816      |
| train/                  |             |
|    approx_kl            | 0.024049742 |
|    clip_fraction        | 0.25        |
|    clip_range           | 0.2         |
|    entropy_loss         | -0.431      |
|    explained_variance   | 0.937       |
|    learning_rate        | 0.0003      |
|    loss                 | 4.5         |
|    n_updates            | 10770       |
|    policy_gradient_loss | -0.00631    |
|    std                  | 0.3         |
|    value_loss           | 13.4        |
-----------------------------------------
-----------------------------------------
| rollout/                |             |
|    ep_len_mean          | 145         |
|    ep_rew_mean          | -21         |
| time/                   |             |
|    fps                  | 2180        |
|    iterations           | 99          |
|    time_elapsed         | 371         |
|    total_timesteps      | 811008      |
| train/                  |             |
|    approx_kl            | 0.020489775 |
|    clip_fraction        | 0.213       |
|    clip_range           | 0.2         |
|    entropy_loss         | -0.412      |
|    explained_variance   | 0.919       |
|    learning_rate        | 0.0003      |
|    loss                 | 11          |
|    n_updates            | 10780       |
|    policy_gradient_loss | -0.00568    |
|    std                  | 0.301       |
|    value_loss           | 17.7        |
-----------------------------------------
-----------------------------------------
| rollout/                |             |
|    ep_len_mean          | 127         |
|    ep_rew_mean          | -14.3       |
| time/                   |             |
|    fps                  | 2181        |
|    iterations           | 100         |
|    time_elapsed         | 375         |
|    total_timesteps      | 819200      |
| train/                  |             |
|    approx_kl            | 0.035025172 |
|    clip_fraction        | 0.298       |
|    clip_range           | 0.2         |
|    entropy_loss         | -0.404      |
|    explained_variance   | 0.943       |
|    learning_rate        | 0.0003      |
|    loss                 | 6.52        |
|    n_updates            | 10790       |
|    policy_gradient_loss | -0.00325    |
|    std                  | 0.299       |
|    value_loss           | 10.3        |
-----------------------------------------
---------------------------------------
| rollout/                |           |
|    ep_len_mean          | 115       |
|    ep_rew_mean          | -9.28     |
| time/                   |           |
|    fps                  | 2183      |
|    iterations           | 101       |
|    time_elapsed         | 378       |
|    total_timesteps      | 827392    |
| train/                  |           |
|    approx_kl            | 0.0234286 |
|    clip_fraction        | 0.266     |
|    clip_range           | 0.2       |
|    entropy_loss         | -0.4      |
|    explained_variance   | 0.952     |
|    learning_rate        | 0.0003    |
|    loss                 | 7.24      |
|    n_updates            | 10800     |
|    policy_gradient_loss | -0.009    |
|    std                  | 0.299     |
|    value_loss           | 13.3      |
---------------------------------------
----------------------------------------
| rollout/                |            |
|    ep_len_mean          | 164        |
|    ep_rew_mean          | -27.3      |
| time/                   |            |
|    fps                  | 2186       |
|    iterations           | 102        |
|    time_elapsed         | 382        |
|    total_timesteps      | 835584     |
| train/                  |            |
|    approx_kl            | 0.02780098 |
|    clip_fraction        | 0.313      |
|    clip_range           | 0.2        |
|    entropy_loss         | -0.406     |
|    explained_variance   | 0.969      |
|    learning_rate        | 0.0003     |
|    loss                 | 3.07       |
|    n_updates            | 10810      |
|    policy_gradient_loss | -0.00635   |
|    std                  | 0.3        |
|    value_loss           | 7.05       |
----------------------------------------
----------------------------------------
| rollout/                |            |
|    ep_len_mean          | 158        |
|    ep_rew_mean          | -23.1      |
| time/                   |            |
|    fps                  | 2188       |
|    iterations           | 103        |
|    time_elapsed         | 385        |
|    total_timesteps      | 843776     |
| train/                  |            |
|    approx_kl            | 0.04611604 |
|    clip_fraction        | 0.398      |
|    clip_range           | 0.2        |
|    entropy_loss         | -0.409     |
|    explained_variance   | 0.947      |
|    learning_rate        | 0.0003     |
|    loss                 | 1          |
|    n_updates            | 10820      |
|    policy_gradient_loss | 0.00972    |
|    std                  | 0.298      |
|    value_loss           | 4.11       |
----------------------------------------
-----------------------------------------
| rollout/                |             |
|    ep_len_mean          | 138         |
|    ep_rew_mean          | -17.6       |
| time/                   |             |
|    fps                  | 2189        |
|    iterations           | 104         |
|    time_elapsed         | 389         |
|    total_timesteps      | 851968      |
| train/                  |             |
|    approx_kl            | 0.017310921 |
|    clip_fraction        | 0.202       |
|    clip_range           | 0.2         |
|    entropy_loss         | -0.406      |
|    explained_variance   | 0.941       |
|    learning_rate        | 0.0003      |
|    loss                 | 8.28        |
|    n_updates            | 10830       |
|    policy_gradient_loss | -0.00786    |
|    std                  | 0.297       |
|    value_loss           | 13.2        |
-----------------------------------------
-----------------------------------------
| rollout/                |             |
|    ep_len_mean          | 174         |
|    ep_rew_mean          | -32.8       |
| time/                   |             |
|    fps                  | 2190        |
|    iterations           | 105         |
|    time_elapsed         | 392         |
|    total_timesteps      | 860160      |
| train/                  |             |
|    approx_kl            | 0.035211105 |
|    clip_fraction        | 0.273       |
|    clip_range           | 0.2         |
|    entropy_loss         | -0.412      |
|    explained_variance   | 0.942       |
|    learning_rate        | 0.0003      |
|    loss                 | 2.8         |
|    n_updates            | 10840       |
|    policy_gradient_loss | -0.00425    |
|    std                  | 0.3         |
|    value_loss           | 6.83        |
-----------------------------------------
----------------------------------------
| rollout/                |            |
|    ep_len_mean          | 163        |
|    ep_rew_mean          | -27.3      |
| time/                   |            |
|    fps                  | 2193       |
|    iterations           | 106        |
|    time_elapsed         | 395        |
|    total_timesteps      | 868352     |
| train/                  |            |
|    approx_kl            | 0.02116476 |
|    clip_fraction        | 0.2        |
|    clip_range           | 0.2        |
|    entropy_loss         | -0.429     |
|    explained_variance   | 0.91       |
|    learning_rate        | 0.0003     |
|    loss                 | 5.78       |
|    n_updates            | 10850      |
|    policy_gradient_loss | -0.00897   |
|    std                  | 0.3        |
|    value_loss           | 18.9       |
----------------------------------------
-----------------------------------------
| rollout/                |             |
|    ep_len_mean          | 131         |
|    ep_rew_mean          | -15.4       |
| time/                   |             |
|    fps                  | 2195        |
|    iterations           | 107         |
|    time_elapsed         | 399         |
|    total_timesteps      | 876544      |
| train/                  |             |
|    approx_kl            | 0.021806305 |
|    clip_fraction        | 0.26        |
|    clip_range           | 0.2         |
|    entropy_loss         | -0.433      |
|    explained_variance   | 0.927       |
|    learning_rate        | 0.0003      |
|    loss                 | 7.04        |
|    n_updates            | 10860       |
|    policy_gradient_loss | -0.00523    |
|    std                  | 0.3         |
|    value_loss           | 13.9        |
-----------------------------------------
-----------------------------------------
| rollout/                |             |
|    ep_len_mean          | 122         |
|    ep_rew_mean          | -14.8       |
| time/                   |             |
|    fps                  | 2197        |
|    iterations           | 108         |
|    time_elapsed         | 402         |
|    total_timesteps      | 884736      |
| train/                  |             |
|    approx_kl            | 0.017925974 |
|    clip_fraction        | 0.168       |
|    clip_range           | 0.2         |
|    entropy_loss         | -0.443      |
|    explained_variance   | 0.931       |
|    learning_rate        | 0.0003      |
|    loss                 | 11.3        |
|    n_updates            | 10870       |
|    policy_gradient_loss | -0.0105     |
|    std                  | 0.3         |
|    value_loss           | 17.3        |
-----------------------------------------
----------------------------------------
| rollout/                |            |
|    ep_len_mean          | 116        |
|    ep_rew_mean          | -8.52      |
| time/                   |            |
|    fps                  | 2198       |
|    iterations           | 109        |
|    time_elapsed         | 406        |
|    total_timesteps      | 892928     |
| train/                  |            |
|    approx_kl            | 0.03360378 |
|    clip_fraction        | 0.295      |
|    clip_range           | 0.2        |
|    entropy_loss         | -0.434     |
|    explained_variance   | 0.965      |
|    learning_rate        | 0.0003     |
|    loss                 | 2.16       |
|    n_updates            | 10880      |
|    policy_gradient_loss | -0.0038    |
|    std                  | 0.299      |
|    value_loss           | 7.7        |
----------------------------------------
----------------------------------------
| rollout/                |            |
|    ep_len_mean          | 110        |
|    ep_rew_mean          | -6.44      |
| time/                   |            |
|    fps                  | 2197       |
|    iterations           | 110        |
|    time_elapsed         | 410        |
|    total_timesteps      | 901120     |
| train/                  |            |
|    approx_kl            | 0.02281972 |
|    clip_fraction        | 0.247      |
|    clip_range           | 0.2        |
|    entropy_loss         | -0.429     |
|    explained_variance   | 0.967      |
|    learning_rate        | 0.0003     |
|    loss                 | 3.11       |
|    n_updates            | 10890      |
|    policy_gradient_loss | -0.00722   |
|    std                  | 0.299      |
|    value_loss           | 7.4        |
----------------------------------------
-----------------------------------------
| rollout/                |             |
|    ep_len_mean          | 99.5        |
|    ep_rew_mean          | -4.43       |
| time/                   |             |
|    fps                  | 2199        |
|    iterations           | 111         |
|    time_elapsed         | 413         |
|    total_timesteps      | 909312      |
| train/                  |             |
|    approx_kl            | 0.023413226 |
|    clip_fraction        | 0.207       |
|    clip_range           | 0.2         |
|    entropy_loss         | -0.414      |
|    explained_variance   | 0.939       |
|    learning_rate        | 0.0003      |
|    loss                 | 9.46        |
|    n_updates            | 10900       |
|    policy_gradient_loss | -0.00995    |
|    std                  | 0.297       |
|    value_loss           | 16.2        |
-----------------------------------------
-----------------------------------------
| rollout/                |             |
|    ep_len_mean          | 149         |
|    ep_rew_mean          | -20.2       |
| time/                   |             |
|    fps                  | 2202        |
|    iterations           | 112         |
|    time_elapsed         | 416         |
|    total_timesteps      | 917504      |
| train/                  |             |
|    approx_kl            | 0.025241762 |
|    clip_fraction        | 0.245       |
|    clip_range           | 0.2         |
|    entropy_loss         | -0.395      |
|    explained_variance   | 0.939       |
|    learning_rate        | 0.0003      |
|    loss                 | 5.75        |
|    n_updates            | 10910       |
|    policy_gradient_loss | -0.011      |
|    std                  | 0.297       |
|    value_loss           | 15.2        |
-----------------------------------------
-----------------------------------------
| rollout/                |             |
|    ep_len_mean          | 182         |
|    ep_rew_mean          | -29.5       |
| time/                   |             |
|    fps                  | 2204        |
|    iterations           | 113         |
|    time_elapsed         | 420         |
|    total_timesteps      | 925696      |
| train/                  |             |
|    approx_kl            | 0.049592257 |
|    clip_fraction        | 0.299       |
|    clip_range           | 0.2         |
|    entropy_loss         | -0.423      |
|    explained_variance   | 0.958       |
|    learning_rate        | 0.0003      |
|    loss                 | 0.72        |
|    n_updates            | 10920       |
|    policy_gradient_loss | -0.00243    |
|    std                  | 0.299       |
|    value_loss           | 3.46        |
-----------------------------------------
----------------------------------------
| rollout/                |            |
|    ep_len_mean          | 159        |
|    ep_rew_mean          | -22.2      |
| time/                   |            |
|    fps                  | 2204       |
|    iterations           | 114        |
|    time_elapsed         | 423        |
|    total_timesteps      | 933888     |
| train/                  |            |
|    approx_kl            | 0.03892129 |
|    clip_fraction        | 0.254      |
|    clip_range           | 0.2        |
|    entropy_loss         | -0.425     |
|    explained_variance   | 0.956      |
|    learning_rate        | 0.0003     |
|    loss                 | 1.64       |
|    n_updates            | 10930      |
|    policy_gradient_loss | -0.00491   |
|    std                  | 0.299      |
|    value_loss           | 6.86       |
----------------------------------------
-----------------------------------------
| rollout/                |             |
|    ep_len_mean          | 103         |
|    ep_rew_mean          | -2.96       |
| time/                   |             |
|    fps                  | 2205        |
|    iterations           | 115         |
|    time_elapsed         | 427         |
|    total_timesteps      | 942080      |
| train/                  |             |
|    approx_kl            | 0.021574195 |
|    clip_fraction        | 0.212       |
|    clip_range           | 0.2         |
|    entropy_loss         | -0.417      |
|    explained_variance   | 0.965       |
|    learning_rate        | 0.0003      |
|    loss                 | 4.09        |
|    n_updates            | 10940       |
|    policy_gradient_loss | -0.00838    |
|    std                  | 0.298       |
|    value_loss           | 9.65        |
-----------------------------------------
-----------------------------------------
| rollout/                |             |
|    ep_len_mean          | 157         |
|    ep_rew_mean          | -20.7       |
| time/                   |             |
|    fps                  | 2207        |
|    iterations           | 116         |
|    time_elapsed         | 430         |
|    total_timesteps      | 950272      |
| train/                  |             |
|    approx_kl            | 0.020579327 |
|    clip_fraction        | 0.22        |
|    clip_range           | 0.2         |
|    entropy_loss         | -0.407      |
|    explained_variance   | 0.961       |
|    learning_rate        | 0.0003      |
|    loss                 | 4.19        |
|    n_updates            | 10950       |
|    policy_gradient_loss | -0.00935    |
|    std                  | 0.297       |
|    value_loss           | 12.2        |
-----------------------------------------
----------------------------------------
| rollout/                |            |
|    ep_len_mean          | 146        |
|    ep_rew_mean          | -17.7      |
| time/                   |            |
|    fps                  | 2209       |
|    iterations           | 117        |
|    time_elapsed         | 433        |
|    total_timesteps      | 958464     |
| train/                  |            |
|    approx_kl            | 0.03379815 |
|    clip_fraction        | 0.299      |
|    clip_range           | 0.2        |
|    entropy_loss         | -0.399     |
|    explained_variance   | 0.948      |
|    learning_rate        | 0.0003     |
|    loss                 | 2.99       |
|    n_updates            | 10960      |
|    policy_gradient_loss | -0.00334   |
|    std                  | 0.297      |
|    value_loss           | 9.49       |
----------------------------------------
-----------------------------------------
| rollout/                |             |
|    ep_len_mean          | 134         |
|    ep_rew_mean          | -14.2       |
| time/                   |             |
|    fps                  | 2211        |
|    iterations           | 118         |
|    time_elapsed         | 437         |
|    total_timesteps      | 966656      |
| train/                  |             |
|    approx_kl            | 0.044516213 |
|    clip_fraction        | 0.287       |
|    clip_range           | 0.2         |
|    entropy_loss         | -0.399      |
|    explained_variance   | 0.96        |
|    learning_rate        | 0.0003      |
|    loss                 | 5.96        |
|    n_updates            | 10970       |
|    policy_gradient_loss | -0.00602    |
|    std                  | 0.297       |
|    value_loss           | 5.51        |
-----------------------------------------
-----------------------------------------
| rollout/                |             |
|    ep_len_mean          | 132         |
|    ep_rew_mean          | -13.9       |
| time/                   |             |
|    fps                  | 2211        |
|    iterations           | 119         |
|    time_elapsed         | 440         |
|    total_timesteps      | 974848      |
| train/                  |             |
|    approx_kl            | 0.028294597 |
|    clip_fraction        | 0.253       |
|    clip_range           | 0.2         |
|    entropy_loss         | -0.398      |
|    explained_variance   | 0.967       |
|    learning_rate        | 0.0003      |
|    loss                 | 2.67        |
|    n_updates            | 10980       |
|    policy_gradient_loss | -0.00637    |
|    std                  | 0.297       |
|    value_loss           | 7.26        |
-----------------------------------------
-----------------------------------------
| rollout/                |             |
|    ep_len_mean          | 101         |
|    ep_rew_mean          | -2.28       |
| time/                   |             |
|    fps                  | 2211        |
|    iterations           | 120         |
|    time_elapsed         | 444         |
|    total_timesteps      | 983040      |
| train/                  |             |
|    approx_kl            | 0.030930934 |
|    clip_fraction        | 0.26        |
|    clip_range           | 0.2         |
|    entropy_loss         | -0.401      |
|    explained_variance   | 0.955       |
|    learning_rate        | 0.0003      |
|    loss                 | 2.02        |
|    n_updates            | 10990       |
|    policy_gradient_loss | -0.00503    |
|    std                  | 0.298       |
|    value_loss           | 8.8         |
-----------------------------------------
-----------------------------------------
| rollout/                |             |
|    ep_len_mean          | 133         |
|    ep_rew_mean          | -15.8       |
| time/                   |             |
|    fps                  | 2213        |
|    iterations           | 121         |
|    time_elapsed         | 447         |
|    total_timesteps      | 991232      |
| train/                  |             |
|    approx_kl            | 0.021089733 |
|    clip_fraction        | 0.174       |
|    clip_range           | 0.2         |
|    entropy_loss         | -0.4        |
|    explained_variance   | 0.95        |
|    learning_rate        | 0.0003      |
|    loss                 | 6.42        |
|    n_updates            | 11000       |
|    policy_gradient_loss | -0.0122     |
|    std                  | 0.298       |
|    value_loss           | 14.9        |
-----------------------------------------
-----------------------------------------
| rollout/                |             |
|    ep_len_mean          | 138         |
|    ep_rew_mean          | -16.8       |
| time/                   |             |
|    fps                  | 2216        |
|    iterations           | 122         |
|    time_elapsed         | 450         |
|    total_timesteps      | 999424      |
| train/                  |             |
|    approx_kl            | 0.020803533 |
|    clip_fraction        | 0.214       |
|    clip_range           | 0.2         |
|    entropy_loss         | -0.379      |
|    explained_variance   | 0.953       |
|    learning_rate        | 0.0003      |
|    loss                 | 2.75        |
|    n_updates            | 11010       |
|    policy_gradient_loss | -0.00779    |
|    std                  | 0.297       |
|    value_loss           | 8.45        |
-----------------------------------------
[PeriodicArtifactCallback] step 1000000: saving checkpoint, evaluating, rendering...
[PeriodicArtifactCallback] step 1000000: success_rate=0.60 pick_success_rate=0.70 mean_reward=-85.04 -> C:\GitHub\HumanoidRobot\simulation\training\pick_place\runs\pp_v26\dashboard.html
-----------------------------------------
| rollout/                |             |
|    ep_len_mean          | 138         |
|    ep_rew_mean          | -15.9       |
| time/                   |             |
|    fps                  | 2197        |
|    iterations           | 123         |
|    time_elapsed         | 458         |
|    total_timesteps      | 1007616     |
| train/                  |             |
|    approx_kl            | 0.030503774 |
|    clip_fraction        | 0.242       |
|    clip_range           | 0.2         |
|    entropy_loss         | -0.368      |
|    explained_variance   | 0.953       |
|    learning_rate        | 0.0003      |
|    loss                 | 7.51        |
|    n_updates            | 11020       |
|    policy_gradient_loss | -0.00843    |
|    std                  | 0.297       |
|    value_loss           | 9.84        |
-----------------------------------------
----------------------------------------
| rollout/                |            |
|    ep_len_mean          | 155        |
|    ep_rew_mean          | -22.9      |
| time/                   |            |
|    fps                  | 2199       |
|    iterations           | 124        |
|    time_elapsed         | 461        |
|    total_timesteps      | 1015808    |
| train/                  |            |
|    approx_kl            | 0.03820861 |
|    clip_fraction        | 0.259      |
|    clip_range           | 0.2        |
|    entropy_loss         | -0.37      |
|    explained_variance   | 0.933      |
|    learning_rate        | 0.0003     |
|    loss                 | 3.45       |
|    n_updates            | 11030      |
|    policy_gradient_loss | -0.00776   |
|    std                  | 0.296      |
|    value_loss           | 12         |
----------------------------------------
-----------------------------------------
| rollout/                |             |
|    ep_len_mean          | 132         |
|    ep_rew_mean          | -13.1       |
| time/                   |             |
|    fps                  | 2201        |
|    iterations           | 125         |
|    time_elapsed         | 465         |
|    total_timesteps      | 1024000     |
| train/                  |             |
|    approx_kl            | 0.024134893 |
|    clip_fraction        | 0.252       |
|    clip_range           | 0.2         |
|    entropy_loss         | -0.354      |
|    explained_variance   | 0.935       |
|    learning_rate        | 0.0003      |
|    loss                 | 6.92        |
|    n_updates            | 11040       |
|    policy_gradient_loss | -0.0076     |
|    std                  | 0.295       |
|    value_loss           | 12.7        |
-----------------------------------------
-----------------------------------------
| rollout/                |             |
|    ep_len_mean          | 146         |
|    ep_rew_mean          | -17.7       |
| time/                   |             |
|    fps                  | 2203        |
|    iterations           | 126         |
|    time_elapsed         | 468         |
|    total_timesteps      | 1032192     |
| train/                  |             |
|    approx_kl            | 0.026324905 |
|    clip_fraction        | 0.238       |
|    clip_range           | 0.2         |
|    entropy_loss         | -0.34       |
|    explained_variance   | 0.933       |
|    learning_rate        | 0.0003      |
|    loss                 | 5.85        |
|    n_updates            | 11050       |
|    policy_gradient_loss | -0.00534    |
|    std                  | 0.295       |
|    value_loss           | 16.3        |
-----------------------------------------
-----------------------------------------
| rollout/                |             |
|    ep_len_mean          | 144         |
|    ep_rew_mean          | -16.5       |
| time/                   |             |
|    fps                  | 2203        |
|    iterations           | 127         |
|    time_elapsed         | 472         |
|    total_timesteps      | 1040384     |
| train/                  |             |
|    approx_kl            | 0.044837225 |
|    clip_fraction        | 0.403       |
|    clip_range           | 0.2         |
|    entropy_loss         | -0.374      |
|    explained_variance   | 0.976       |
|    learning_rate        | 0.0003      |
|    loss                 | 1.07        |
|    n_updates            | 11060       |
|    policy_gradient_loss | 0.0065      |
|    std                  | 0.297       |
|    value_loss           | 2.82        |
-----------------------------------------
-----------------------------------------
| rollout/                |             |
|    ep_len_mean          | 141         |
|    ep_rew_mean          | -16.3       |
| time/                   |             |
|    fps                  | 2204        |
|    iterations           | 128         |
|    time_elapsed         | 475         |
|    total_timesteps      | 1048576     |
| train/                  |             |
|    approx_kl            | 0.017158367 |
|    clip_fraction        | 0.217       |
|    clip_range           | 0.2         |
|    entropy_loss         | -0.386      |
|    explained_variance   | 0.961       |
|    learning_rate        | 0.0003      |
|    loss                 | 2.92        |
|    n_updates            | 11070       |
|    policy_gradient_loss | -0.0107     |
|    std                  | 0.297       |
|    value_loss           | 8.97        |
-----------------------------------------
-----------------------------------------
| rollout/                |             |
|    ep_len_mean          | 157         |
|    ep_rew_mean          | -22.3       |
| time/                   |             |
|    fps                  | 2206        |
|    iterations           | 129         |
|    time_elapsed         | 478         |
|    total_timesteps      | 1056768     |
| train/                  |             |
|    approx_kl            | 0.022028115 |
|    clip_fraction        | 0.22        |
|    clip_range           | 0.2         |
|    entropy_loss         | -0.392      |
|    explained_variance   | 0.951       |
|    learning_rate        | 0.0003      |
|    loss                 | 4.31        |
|    n_updates            | 11080       |
|    policy_gradient_loss | -0.00951    |
|    std                  | 0.298       |
|    value_loss           | 8.28        |
-----------------------------------------
-----------------------------------------
| rollout/                |             |
|    ep_len_mean          | 159         |
|    ep_rew_mean          | -22         |
| time/                   |             |
|    fps                  | 2208        |
|    iterations           | 130         |
|    time_elapsed         | 482         |
|    total_timesteps      | 1064960     |
| train/                  |             |
|    approx_kl            | 0.024152074 |
|    clip_fraction        | 0.234       |
|    clip_range           | 0.2         |
|    entropy_loss         | -0.393      |
|    explained_variance   | 0.922       |
|    learning_rate        | 0.0003      |
|    loss                 | 3.32        |
|    n_updates            | 11090       |
|    policy_gradient_loss | -0.00697    |
|    std                  | 0.297       |
|    value_loss           | 15.3        |
-----------------------------------------
-----------------------------------------
| rollout/                |             |
|    ep_len_mean          | 169         |
|    ep_rew_mean          | -28.3       |
| time/                   |             |
|    fps                  | 2209        |
|    iterations           | 131         |
|    time_elapsed         | 485         |
|    total_timesteps      | 1073152     |
| train/                  |             |
|    approx_kl            | 0.026722409 |
|    clip_fraction        | 0.225       |
|    clip_range           | 0.2         |
|    entropy_loss         | -0.392      |
|    explained_variance   | 0.936       |
|    learning_rate        | 0.0003      |
|    loss                 | 7.63        |
|    n_updates            | 11100       |
|    policy_gradient_loss | -0.00882    |
|    std                  | 0.297       |
|    value_loss           | 12.4        |
-----------------------------------------
-----------------------------------------
| rollout/                |             |
|    ep_len_mean          | 154         |
|    ep_rew_mean          | -23.5       |
| time/                   |             |
|    fps                  | 2210        |
|    iterations           | 132         |
|    time_elapsed         | 489         |
|    total_timesteps      | 1081344     |
| train/                  |             |
|    approx_kl            | 0.024495028 |
|    clip_fraction        | 0.216       |
|    clip_range           | 0.2         |
|    entropy_loss         | -0.394      |
|    explained_variance   | 0.925       |
|    learning_rate        | 0.0003      |
|    loss                 | 5.6         |
|    n_updates            | 11110       |
|    policy_gradient_loss | -0.01       |
|    std                  | 0.298       |
|    value_loss           | 15.2        |
-----------------------------------------
-----------------------------------------
| rollout/                |             |
|    ep_len_mean          | 152         |
|    ep_rew_mean          | -23         |
| time/                   |             |
|    fps                  | 2210        |
|    iterations           | 133         |
|    time_elapsed         | 492         |
|    total_timesteps      | 1089536     |
| train/                  |             |
|    approx_kl            | 0.023553468 |
|    clip_fraction        | 0.216       |
|    clip_range           | 0.2         |
|    entropy_loss         | -0.409      |
|    explained_variance   | 0.946       |
|    learning_rate        | 0.0003      |
|    loss                 | 5.75        |
|    n_updates            | 11120       |
|    policy_gradient_loss | -0.00782    |
|    std                  | 0.3         |
|    value_loss           | 10.8        |
-----------------------------------------
-----------------------------------------
| rollout/                |             |
|    ep_len_mean          | 136         |
|    ep_rew_mean          | -19.6       |
| time/                   |             |
|    fps                  | 2211        |
|    iterations           | 134         |
|    time_elapsed         | 496         |
|    total_timesteps      | 1097728     |
| train/                  |             |
|    approx_kl            | 0.020157633 |
|    clip_fraction        | 0.186       |
|    clip_range           | 0.2         |
|    entropy_loss         | -0.424      |
|    explained_variance   | 0.926       |
|    learning_rate        | 0.0003      |
|    loss                 | 4.42        |
|    n_updates            | 11130       |
|    policy_gradient_loss | -0.00946    |
|    std                  | 0.299       |
|    value_loss           | 16.6        |
-----------------------------------------
-----------------------------------------
| rollout/                |             |
|    ep_len_mean          | 144         |
|    ep_rew_mean          | -19.5       |
| time/                   |             |
|    fps                  | 2213        |
|    iterations           | 135         |
|    time_elapsed         | 499         |
|    total_timesteps      | 1105920     |
| train/                  |             |
|    approx_kl            | 0.026365222 |
|    clip_fraction        | 0.267       |
|    clip_range           | 0.2         |
|    entropy_loss         | -0.431      |
|    explained_variance   | 0.946       |
|    learning_rate        | 0.0003      |
|    loss                 | 5.42        |
|    n_updates            | 11140       |
|    policy_gradient_loss | -0.00773    |
|    std                  | 0.3         |
|    value_loss           | 12.7        |
-----------------------------------------
-----------------------------------------
| rollout/                |             |
|    ep_len_mean          | 148         |
|    ep_rew_mean          | -19.3       |
| time/                   |             |
|    fps                  | 2214        |
|    iterations           | 136         |
|    time_elapsed         | 503         |
|    total_timesteps      | 1114112     |
| train/                  |             |
|    approx_kl            | 0.025267463 |
|    clip_fraction        | 0.256       |
|    clip_range           | 0.2         |
|    entropy_loss         | -0.426      |
|    explained_variance   | 0.926       |
|    learning_rate        | 0.0003      |
|    loss                 | 4.19        |
|    n_updates            | 11150       |
|    policy_gradient_loss | -0.00905    |
|    std                  | 0.299       |
|    value_loss           | 16.3        |
-----------------------------------------
----------------------------------------
| rollout/                |            |
|    ep_len_mean          | 162        |
|    ep_rew_mean          | -24        |
| time/                   |            |
|    fps                  | 2214       |
|    iterations           | 137        |
|    time_elapsed         | 506        |
|    total_timesteps      | 1122304    |
| train/                  |            |
|    approx_kl            | 0.04243615 |
|    clip_fraction        | 0.278      |
|    clip_range           | 0.2        |
|    entropy_loss         | -0.43      |
|    explained_variance   | 0.95       |
|    learning_rate        | 0.0003     |
|    loss                 | 3.39       |
|    n_updates            | 11160      |
|    policy_gradient_loss | -0.00752   |
|    std                  | 0.3        |
|    value_loss           | 9.86       |
----------------------------------------
----------------------------------------
| rollout/                |            |
|    ep_len_mean          | 187        |
|    ep_rew_mean          | -30.6      |
| time/                   |            |
|    fps                  | 2215       |
|    iterations           | 138        |
|    time_elapsed         | 510        |
|    total_timesteps      | 1130496    |
| train/                  |            |
|    approx_kl            | 0.03187724 |
|    clip_fraction        | 0.277      |
|    clip_range           | 0.2        |
|    entropy_loss         | -0.43      |
|    explained_variance   | 0.952      |
|    learning_rate        | 0.0003     |
|    loss                 | 2.84       |
|    n_updates            | 11170      |
|    policy_gradient_loss | -0.00532   |
|    std                  | 0.301      |
|    value_loss           | 9.32       |
----------------------------------------
----------------------------------------
| rollout/                |            |
|    ep_len_mean          | 186        |
|    ep_rew_mean          | -29        |
| time/                   |            |
|    fps                  | 2216       |
|    iterations           | 139        |
|    time_elapsed         | 513        |
|    total_timesteps      | 1138688    |
| train/                  |            |
|    approx_kl            | 0.05473388 |
|    clip_fraction        | 0.319      |
|    clip_range           | 0.2        |
|    entropy_loss         | -0.435     |
|    explained_variance   | 0.944      |
|    learning_rate        | 0.0003     |
|    loss                 | 2.97       |
|    n_updates            | 11180      |
|    policy_gradient_loss | -0.00353   |
|    std                  | 0.301      |
|    value_loss           | 7.3        |
----------------------------------------
----------------------------------------
| rollout/                |            |
|    ep_len_mean          | 174        |
|    ep_rew_mean          | -26        |
| time/                   |            |
|    fps                  | 2219       |
|    iterations           | 140        |
|    time_elapsed         | 516        |
|    total_timesteps      | 1146880    |
| train/                  |            |
|    approx_kl            | 0.03514546 |
|    clip_fraction        | 0.326      |
|    clip_range           | 0.2        |
|    entropy_loss         | -0.433     |
|    explained_variance   | 0.947      |
|    learning_rate        | 0.0003     |
|    loss                 | 2.38       |
|    n_updates            | 11190      |
|    policy_gradient_loss | 0.00169    |
|    std                  | 0.3        |
|    value_loss           | 6.57       |
----------------------------------------
----------------------------------------
| rollout/                |            |
|    ep_len_mean          | 138        |
|    ep_rew_mean          | -16.5      |
| time/                   |            |
|    fps                  | 2220       |
|    iterations           | 141        |
|    time_elapsed         | 520        |
|    total_timesteps      | 1155072    |
| train/                  |            |
|    approx_kl            | 0.03402569 |
|    clip_fraction        | 0.226      |
|    clip_range           | 0.2        |
|    entropy_loss         | -0.417     |
|    explained_variance   | 0.938      |
|    learning_rate        | 0.0003     |
|    loss                 | 3.72       |
|    n_updates            | 11200      |
|    policy_gradient_loss | -0.00683   |
|    std                  | 0.299      |
|    value_loss           | 11         |
----------------------------------------
-----------------------------------------
| rollout/                |             |
|    ep_len_mean          | 163         |
|    ep_rew_mean          | -25.3       |
| time/                   |             |
|    fps                  | 2220        |
|    iterations           | 142         |
|    time_elapsed         | 523         |
|    total_timesteps      | 1163264     |
| train/                  |             |
|    approx_kl            | 0.017936321 |
|    clip_fraction        | 0.193       |
|    clip_range           | 0.2         |
|    entropy_loss         | -0.416      |
|    explained_variance   | 0.934       |
|    learning_rate        | 0.0003      |
|    loss                 | 6.41        |
|    n_updates            | 11210       |
|    policy_gradient_loss | -0.00911    |
|    std                  | 0.298       |
|    value_loss           | 17.1        |
-----------------------------------------
----------------------------------------
| rollout/                |            |
|    ep_len_mean          | 162        |
|    ep_rew_mean          | -24.3      |
| time/                   |            |
|    fps                  | 2220       |
|    iterations           | 143        |
|    time_elapsed         | 527        |
|    total_timesteps      | 1171456    |
| train/                  |            |
|    approx_kl            | 0.03453111 |
|    clip_fraction        | 0.289      |
|    clip_range           | 0.2        |
|    entropy_loss         | -0.416     |
|    explained_variance   | 0.941      |
|    learning_rate        | 0.0003     |
|    loss                 | 2.19       |
|    n_updates            | 11220      |
|    policy_gradient_loss | -0.0062    |
|    std                  | 0.298      |
|    value_loss           | 8.19       |
----------------------------------------
-----------------------------------------
| rollout/                |             |
|    ep_len_mean          | 152         |
|    ep_rew_mean          | -21.2       |
| time/                   |             |
|    fps                  | 2222        |
|    iterations           | 144         |
|    time_elapsed         | 530         |
|    total_timesteps      | 1179648     |
| train/                  |             |
|    approx_kl            | 0.029743413 |
|    clip_fraction        | 0.267       |
|    clip_range           | 0.2         |
|    entropy_loss         | -0.425      |
|    explained_variance   | 0.959       |
|    learning_rate        | 0.0003      |
|    loss                 | 2.75        |
|    n_updates            | 11230       |
|    policy_gradient_loss | -0.00443    |
|    std                  | 0.299       |
|    value_loss           | 8.36        |
-----------------------------------------
-----------------------------------------
| rollout/                |             |
|    ep_len_mean          | 149         |
|    ep_rew_mean          | -21.4       |
| time/                   |             |
|    fps                  | 2224        |
|    iterations           | 145         |
|    time_elapsed         | 533         |
|    total_timesteps      | 1187840     |
| train/                  |             |
|    approx_kl            | 0.017540038 |
|    clip_fraction        | 0.199       |
|    clip_range           | 0.2         |
|    entropy_loss         | -0.434      |
|    explained_variance   | 0.937       |
|    learning_rate        | 0.0003      |
|    loss                 | 5.24        |
|    n_updates            | 11240       |
|    policy_gradient_loss | -0.00903    |
|    std                  | 0.302       |
|    value_loss           | 12.7        |
-----------------------------------------
-----------------------------------------
| rollout/                |             |
|    ep_len_mean          | 150         |
|    ep_rew_mean          | -21.2       |
| time/                   |             |
|    fps                  | 2225        |
|    iterations           | 146         |
|    time_elapsed         | 537         |
|    total_timesteps      | 1196032     |
| train/                  |             |
|    approx_kl            | 0.025693238 |
|    clip_fraction        | 0.201       |
|    clip_range           | 0.2         |
|    entropy_loss         | -0.457      |
|    explained_variance   | 0.921       |
|    learning_rate        | 0.0003      |
|    loss                 | 6.22        |
|    n_updates            | 11250       |
|    policy_gradient_loss | -0.0111     |
|    std                  | 0.304       |
|    value_loss           | 18.5        |
-----------------------------------------
[PeriodicArtifactCallback] step 1200000: running periodic self-monitoring analysis...
[PeriodicArtifactCallback] analysis written to C:\GitHub\HumanoidRobot\simulation\training\pick_place\runs\pp_v26\analysis_1200000.md (stalled=False)
[PeriodicArtifactCallback] step 1200000: saving checkpoint, evaluating, rendering...
[PeriodicArtifactCallback] step 1200000: success_rate=0.50 pick_success_rate=0.60 mean_reward=-124.93 -> C:\GitHub\HumanoidRobot\simulation\training\pick_place\runs\pp_v26\dashboard.html
----------------------------------------
| rollout/                |            |
|    ep_len_mean          | 153        |
|    ep_rew_mean          | -22.2      |
| time/                   |            |
|    fps                  | 2192       |
|    iterations           | 147        |
|    time_elapsed         | 549        |
|    total_timesteps      | 1204224    |
| train/                  |            |
|    approx_kl            | 0.04892247 |
|    clip_fraction        | 0.366      |
|    clip_range           | 0.2        |
|    entropy_loss         | -0.467     |
|    explained_variance   | 0.962      |
|    learning_rate        | 0.0003     |
|    loss                 | 1.37       |
|    n_updates            | 11260      |
|    policy_gradient_loss | 0.00301    |
|    std                  | 0.304      |
|    value_loss           | 5.21       |
----------------------------------------
----------------------------------------
| rollout/                |            |
|    ep_len_mean          | 124        |
|    ep_rew_mean          | -14.5      |
| time/                   |            |
|    fps                  | 2193       |
|    iterations           | 148        |
|    time_elapsed         | 552        |
|    total_timesteps      | 1212416    |
| train/                  |            |
|    approx_kl            | 0.02098996 |
|    clip_fraction        | 0.242      |
|    clip_range           | 0.2        |
|    entropy_loss         | -0.476     |
|    explained_variance   | 0.937      |
|    learning_rate        | 0.0003     |
|    loss                 | 8.82       |
|    n_updates            | 11270      |
|    policy_gradient_loss | -0.00714   |
|    std                  | 0.304      |
|    value_loss           | 15.4       |
----------------------------------------
-----------------------------------------
| rollout/                |             |
|    ep_len_mean          | 146         |
|    ep_rew_mean          | -23.3       |
| time/                   |             |
|    fps                  | 2194        |
|    iterations           | 149         |
|    time_elapsed         | 556         |
|    total_timesteps      | 1220608     |
| train/                  |             |
|    approx_kl            | 0.030457381 |
|    clip_fraction        | 0.243       |
|    clip_range           | 0.2         |
|    entropy_loss         | -0.491      |
|    explained_variance   | 0.948       |
|    learning_rate        | 0.0003      |
|    loss                 | 4           |
|    n_updates            | 11280       |
|    policy_gradient_loss | -0.00559    |
|    std                  | 0.305       |
|    value_loss           | 11.3        |
-----------------------------------------
----------------------------------------
| rollout/                |            |
|    ep_len_mean          | 198        |
|    ep_rew_mean          | -40.3      |
| time/                   |            |
|    fps                  | 2196       |
|    iterations           | 150        |
|    time_elapsed         | 559        |
|    total_timesteps      | 1228800    |
| train/                  |            |
|    approx_kl            | 0.04169292 |
|    clip_fraction        | 0.347      |
|    clip_range           | 0.2        |
|    entropy_loss         | -0.494     |
|    explained_variance   | 0.937      |
|    learning_rate        | 0.0003     |
|    loss                 | 4.76       |
|    n_updates            | 11290      |
|    policy_gradient_loss | -0.000119  |
|    std                  | 0.305      |
|    value_loss           | 7.23       |
----------------------------------------
-----------------------------------------
| rollout/                |             |
|    ep_len_mean          | 181         |
|    ep_rew_mean          | -32.1       |
| time/                   |             |
|    fps                  | 2197        |
|    iterations           | 151         |
|    time_elapsed         | 562         |
|    total_timesteps      | 1236992     |
| train/                  |             |
|    approx_kl            | 0.021672338 |
|    clip_fraction        | 0.248       |
|    clip_range           | 0.2         |
|    entropy_loss         | -0.489      |
|    explained_variance   | 0.956       |
|    learning_rate        | 0.0003      |
|    loss                 | 4.8         |
|    n_updates            | 11300       |
|    policy_gradient_loss | -0.00549    |
|    std                  | 0.305       |
|    value_loss           | 6.2         |
-----------------------------------------
-----------------------------------------
| rollout/                |             |
|    ep_len_mean          | 141         |
|    ep_rew_mean          | -16.8       |
| time/                   |             |
|    fps                  | 2199        |
|    iterations           | 152         |
|    time_elapsed         | 566         |
|    total_timesteps      | 1245184     |
| train/                  |             |
|    approx_kl            | 0.025338268 |
|    clip_fraction        | 0.221       |
|    clip_range           | 0.2         |
|    entropy_loss         | -0.501      |
|    explained_variance   | 0.96        |
|    learning_rate        | 0.0003      |
|    loss                 | 6.66        |
|    n_updates            | 11310       |
|    policy_gradient_loss | -0.00639    |
|    std                  | 0.306       |
|    value_loss           | 7.92        |
-----------------------------------------
-----------------------------------------
| rollout/                |             |
|    ep_len_mean          | 131         |
|    ep_rew_mean          | -15.8       |
| time/                   |             |
|    fps                  | 2199        |
|    iterations           | 153         |
|    time_elapsed         | 569         |
|    total_timesteps      | 1253376     |
| train/                  |             |
|    approx_kl            | 0.022592172 |
|    clip_fraction        | 0.195       |
|    clip_range           | 0.2         |
|    entropy_loss         | -0.53       |
|    explained_variance   | 0.913       |
|    learning_rate        | 0.0003      |
|    loss                 | 11.5        |
|    n_updates            | 11320       |
|    policy_gradient_loss | -0.00904    |
|    std                  | 0.309       |
|    value_loss           | 21.3        |
-----------------------------------------
-----------------------------------------
| rollout/                |             |
|    ep_len_mean          | 168         |
|    ep_rew_mean          | -29.7       |
| time/                   |             |
|    fps                  | 2200        |
|    iterations           | 154         |
|    time_elapsed         | 573         |
|    total_timesteps      | 1261568     |
| train/                  |             |
|    approx_kl            | 0.025736723 |
|    clip_fraction        | 0.251       |
|    clip_range           | 0.2         |
|    entropy_loss         | -0.544      |
|    explained_variance   | 0.926       |
|    learning_rate        | 0.0003      |
|    loss                 | 5.04        |
|    n_updates            | 11330       |
|    policy_gradient_loss | -0.00834    |
|    std                  | 0.309       |
|    value_loss           | 13.8        |
-----------------------------------------
-----------------------------------------
| rollout/                |             |
|    ep_len_mean          | 133         |
|    ep_rew_mean          | -16.2       |
| time/                   |             |
|    fps                  | 2201        |
|    iterations           | 155         |
|    time_elapsed         | 576         |
|    total_timesteps      | 1269760     |
| train/                  |             |
|    approx_kl            | 0.030320816 |
|    clip_fraction        | 0.282       |
|    clip_range           | 0.2         |
|    entropy_loss         | -0.554      |
|    explained_variance   | 0.936       |
|    learning_rate        | 0.0003      |
|    loss                 | 2.57        |
|    n_updates            | 11340       |
|    policy_gradient_loss | -0.00705    |
|    std                  | 0.31        |
|    value_loss           | 7.17        |
-----------------------------------------
-----------------------------------------
| rollout/                |             |
|    ep_len_mean          | 137         |
|    ep_rew_mean          | -14.9       |
| time/                   |             |
|    fps                  | 2204        |
|    iterations           | 156         |
|    time_elapsed         | 579         |
|    total_timesteps      | 1277952     |
| train/                  |             |
|    approx_kl            | 0.025893856 |
|    clip_fraction        | 0.257       |
|    clip_range           | 0.2         |
|    entropy_loss         | -0.553      |
|    explained_variance   | 0.942       |
|    learning_rate        | 0.0003      |
|    loss                 | 5.58        |
|    n_updates            | 11350       |
|    policy_gradient_loss | -0.00505    |
|    std                  | 0.309       |
|    value_loss           | 12.2        |
-----------------------------------------
-----------------------------------------
| rollout/                |             |
|    ep_len_mean          | 177         |
|    ep_rew_mean          | -26.9       |
| time/                   |             |
|    fps                  | 2205        |
|    iterations           | 157         |
|    time_elapsed         | 583         |
|    total_timesteps      | 1286144     |
| train/                  |             |
|    approx_kl            | 0.028622726 |
|    clip_fraction        | 0.302       |
|    clip_range           | 0.2         |
|    entropy_loss         | -0.55       |
|    explained_variance   | 0.953       |
|    learning_rate        | 0.0003      |
|    loss                 | 2           |
|    n_updates            | 11360       |
|    policy_gradient_loss | -0.00341    |
|    std                  | 0.31        |
|    value_loss           | 6.51        |
-----------------------------------------
----------------------------------------
| rollout/                |            |
|    ep_len_mean          | 205        |
|    ep_rew_mean          | -35.3      |
| time/                   |            |
|    fps                  | 2205       |
|    iterations           | 158        |
|    time_elapsed         | 586        |
|    total_timesteps      | 1294336    |
| train/                  |            |
|    approx_kl            | 0.02703116 |
|    clip_fraction        | 0.318      |
|    clip_range           | 0.2        |
|    entropy_loss         | -0.557     |
|    explained_variance   | 0.96       |
|    learning_rate        | 0.0003     |
|    loss                 | 2.85       |
|    n_updates            | 11370      |
|    policy_gradient_loss | -0.000257  |
|    std                  | 0.31       |
|    value_loss           | 7.35       |
----------------------------------------
-----------------------------------------
| rollout/                |             |
|    ep_len_mean          | 191         |
|    ep_rew_mean          | -32.4       |
| time/                   |             |
|    fps                  | 2206        |
|    iterations           | 159         |
|    time_elapsed         | 590         |
|    total_timesteps      | 1302528     |
| train/                  |             |
|    approx_kl            | 0.027748285 |
|    clip_fraction        | 0.26        |
|    clip_range           | 0.2         |
|    entropy_loss         | -0.574      |
|    explained_variance   | 0.938       |
|    learning_rate        | 0.0003      |
|    loss                 | 3.18        |
|    n_updates            | 11380       |
|    policy_gradient_loss | -0.00462    |
|    std                  | 0.311       |
|    value_loss           | 7.81        |
-----------------------------------------
-----------------------------------------
| rollout/                |             |
|    ep_len_mean          | 193         |
|    ep_rew_mean          | -34.8       |
| time/                   |             |
|    fps                  | 2207        |
|    iterations           | 160         |
|    time_elapsed         | 593         |
|    total_timesteps      | 1310720     |
| train/                  |             |
|    approx_kl            | 0.030265238 |
|    clip_fraction        | 0.242       |
|    clip_range           | 0.2         |
|    entropy_loss         | -0.577      |
|    explained_variance   | 0.937       |
|    learning_rate        | 0.0003      |
|    loss                 | 2.67        |
|    n_updates            | 11390       |
|    policy_gradient_loss | -0.0084     |
|    std                  | 0.31        |
|    value_loss           | 10.2        |
-----------------------------------------
-----------------------------------------
| rollout/                |             |
|    ep_len_mean          | 182         |
|    ep_rew_mean          | -35.9       |
| time/                   |             |
|    fps                  | 2209        |
|    iterations           | 161         |
|    time_elapsed         | 596         |
|    total_timesteps      | 1318912     |
| train/                  |             |
|    approx_kl            | 0.037577022 |
|    clip_fraction        | 0.248       |
|    clip_range           | 0.2         |
|    entropy_loss         | -0.579      |
|    explained_variance   | 0.933       |
|    learning_rate        | 0.0003      |
|    loss                 | 4.01        |
|    n_updates            | 11400       |
|    policy_gradient_loss | -0.00956    |
|    std                  | 0.311       |
|    value_loss           | 11.1        |
-----------------------------------------
-----------------------------------------
| rollout/                |             |
|    ep_len_mean          | 122         |
|    ep_rew_mean          | -10.5       |
| time/                   |             |
|    fps                  | 2210        |
|    iterations           | 162         |
|    time_elapsed         | 600         |
|    total_timesteps      | 1327104     |
| train/                  |             |
|    approx_kl            | 0.028931035 |
|    clip_fraction        | 0.25        |
|    clip_range           | 0.2         |
|    entropy_loss         | -0.594      |
|    explained_variance   | 0.932       |
|    learning_rate        | 0.0003      |
|    loss                 | 5.45        |
|    n_updates            | 11410       |
|    policy_gradient_loss | -0.00972    |
|    std                  | 0.312       |
|    value_loss           | 11.7        |
-----------------------------------------
-----------------------------------------
| rollout/                |             |
|    ep_len_mean          | 129         |
|    ep_rew_mean          | -9.47       |
| time/                   |             |
|    fps                  | 2211        |
|    iterations           | 163         |
|    time_elapsed         | 603         |
|    total_timesteps      | 1335296     |
| train/                  |             |
|    approx_kl            | 0.018467665 |
|    clip_fraction        | 0.212       |
|    clip_range           | 0.2         |
|    entropy_loss         | -0.587      |
|    explained_variance   | 0.95        |
|    learning_rate        | 0.0003      |
|    loss                 | 7.42        |
|    n_updates            | 11420       |
|    policy_gradient_loss | -0.00673    |
|    std                  | 0.311       |
|    value_loss           | 13.6        |
-----------------------------------------
-----------------------------------------
| rollout/                |             |
|    ep_len_mean          | 186         |
|    ep_rew_mean          | -29.7       |
| time/                   |             |
|    fps                  | 2211        |
|    iterations           | 164         |
|    time_elapsed         | 607         |
|    total_timesteps      | 1343488     |
| train/                  |             |
|    approx_kl            | 0.020968331 |
|    clip_fraction        | 0.201       |
|    clip_range           | 0.2         |
|    entropy_loss         | -0.56       |
|    explained_variance   | 0.96        |
|    learning_rate        | 0.0003      |
|    loss                 | 2.8         |
|    n_updates            | 11430       |
|    policy_gradient_loss | -0.00984    |
|    std                  | 0.308       |
|    value_loss           | 9.93        |
-----------------------------------------
-----------------------------------------
| rollout/                |             |
|    ep_len_mean          | 212         |
|    ep_rew_mean          | -40.6       |
| time/                   |             |
|    fps                  | 2213        |
|    iterations           | 165         |
|    time_elapsed         | 610         |
|    total_timesteps      | 1351680     |
| train/                  |             |
|    approx_kl            | 0.027246216 |
|    clip_fraction        | 0.236       |
|    clip_range           | 0.2         |
|    entropy_loss         | -0.548      |
|    explained_variance   | 0.93        |
|    learning_rate        | 0.0003      |
|    loss                 | 2.5         |
|    n_updates            | 11440       |
|    policy_gradient_loss | -0.00855    |
|    std                  | 0.308       |
|    value_loss           | 8.5         |
-----------------------------------------
-----------------------------------------
| rollout/                |             |
|    ep_len_mean          | 180         |
|    ep_rew_mean          | -33         |
| time/                   |             |
|    fps                  | 2214        |
|    iterations           | 166         |
|    time_elapsed         | 613         |
|    total_timesteps      | 1359872     |
| train/                  |             |
|    approx_kl            | 0.024794688 |
|    clip_fraction        | 0.273       |
|    clip_range           | 0.2         |
|    entropy_loss         | -0.563      |
|    explained_variance   | 0.946       |
|    learning_rate        | 0.0003      |
|    loss                 | 5.83        |
|    n_updates            | 11450       |
|    policy_gradient_loss | -0.00967    |
|    std                  | 0.31        |
|    value_loss           | 10.5        |
-----------------------------------------
----------------------------------------
| rollout/                |            |
|    ep_len_mean          | 191        |
|    ep_rew_mean          | -34.3      |
| time/                   |            |
|    fps                  | 2216       |
|    iterations           | 167        |
|    time_elapsed         | 617        |
|    total_timesteps      | 1368064    |
| train/                  |            |
|    approx_kl            | 0.02298985 |
|    clip_fraction        | 0.242      |
|    clip_range           | 0.2        |
|    entropy_loss         | -0.583     |
|    explained_variance   | 0.932      |
|    learning_rate        | 0.0003     |
|    loss                 | 4.46       |
|    n_updates            | 11460      |
|    policy_gradient_loss | -0.011     |
|    std                  | 0.311      |
|    value_loss           | 12.3       |
----------------------------------------
-----------------------------------------
| rollout/                |             |
|    ep_len_mean          | 172         |
|    ep_rew_mean          | -25.5       |
| time/                   |             |
|    fps                  | 2216        |
|    iterations           | 168         |
|    time_elapsed         | 620         |
|    total_timesteps      | 1376256     |
| train/                  |             |
|    approx_kl            | 0.039198138 |
|    clip_fraction        | 0.31        |
|    clip_range           | 0.2         |
|    entropy_loss         | -0.594      |
|    explained_variance   | 0.957       |
|    learning_rate        | 0.0003      |
|    loss                 | 1.98        |
|    n_updates            | 11470       |
|    policy_gradient_loss | -0.00319    |
|    std                  | 0.312       |
|    value_loss           | 6.47        |
-----------------------------------------
-----------------------------------------
| rollout/                |             |
|    ep_len_mean          | 161         |
|    ep_rew_mean          | -22.8       |
| time/                   |             |
|    fps                  | 2217        |
|    iterations           | 169         |
|    time_elapsed         | 624         |
|    total_timesteps      | 1384448     |
| train/                  |             |
|    approx_kl            | 0.030789228 |
|    clip_fraction        | 0.246       |
|    clip_range           | 0.2         |
|    entropy_loss         | -0.586      |
|    explained_variance   | 0.941       |
|    learning_rate        | 0.0003      |
|    loss                 | 2.53        |
|    n_updates            | 11480       |
|    policy_gradient_loss | -0.00981    |
|    std                  | 0.311       |
|    value_loss           | 14.1        |
-----------------------------------------
-----------------------------------------
| rollout/                |             |
|    ep_len_mean          | 155         |
|    ep_rew_mean          | -22.4       |
| time/                   |             |
|    fps                  | 2218        |
|    iterations           | 170         |
|    time_elapsed         | 627         |
|    total_timesteps      | 1392640     |
| train/                  |             |
|    approx_kl            | 0.038624607 |
|    clip_fraction        | 0.299       |
|    clip_range           | 0.2         |
|    entropy_loss         | -0.583      |
|    explained_variance   | 0.949       |
|    learning_rate        | 0.0003      |
|    loss                 | 2.45        |
|    n_updates            | 11490       |
|    policy_gradient_loss | -0.0026     |
|    std                  | 0.311       |
|    value_loss           | 6.74        |
-----------------------------------------
[PeriodicArtifactCallback] step 1400000: saving checkpoint, evaluating, rendering...
[PeriodicArtifactCallback] step 1400000: success_rate=0.70 pick_success_rate=0.70 mean_reward=-78.50 -> C:\GitHub\HumanoidRobot\simulation\training\pick_place\runs\pp_v26\dashboard.html
-----------------------------------------
| rollout/                |             |
|    ep_len_mean          | 168         |
|    ep_rew_mean          | -25.6       |
| time/                   |             |
|    fps                  | 2205        |
|    iterations           | 171         |
|    time_elapsed         | 635         |
|    total_timesteps      | 1400832     |
| train/                  |             |
|    approx_kl            | 0.019622158 |
|    clip_fraction        | 0.257       |
|    clip_range           | 0.2         |
|    entropy_loss         | -0.57       |
|    explained_variance   | 0.942       |
|    learning_rate        | 0.0003      |
|    loss                 | 2.73        |
|    n_updates            | 11500       |
|    policy_gradient_loss | -0.00432    |
|    std                  | 0.309       |
|    value_loss           | 8.85        |
-----------------------------------------
-----------------------------------------
| rollout/                |             |
|    ep_len_mean          | 178         |
|    ep_rew_mean          | -28.3       |
| time/                   |             |
|    fps                  | 2205        |
|    iterations           | 172         |
|    time_elapsed         | 638         |
|    total_timesteps      | 1409024     |
| train/                  |             |
|    approx_kl            | 0.020983407 |
|    clip_fraction        | 0.203       |
|    clip_range           | 0.2         |
|    entropy_loss         | -0.563      |
|    explained_variance   | 0.93        |
|    learning_rate        | 0.0003      |
|    loss                 | 6.25        |
|    n_updates            | 11510       |
|    policy_gradient_loss | -0.0106     |
|    std                  | 0.31        |
|    value_loss           | 15.2        |
-----------------------------------------
-----------------------------------------
| rollout/                |             |
|    ep_len_mean          | 198         |
|    ep_rew_mean          | -34.8       |
| time/                   |             |
|    fps                  | 2207        |
|    iterations           | 173         |
|    time_elapsed         | 642         |
|    total_timesteps      | 1417216     |
| train/                  |             |
|    approx_kl            | 0.027015265 |
|    clip_fraction        | 0.287       |
|    clip_range           | 0.2         |
|    entropy_loss         | -0.558      |
|    explained_variance   | 0.924       |
|    learning_rate        | 0.0003      |
|    loss                 | 1.22        |
|    n_updates            | 11520       |
|    policy_gradient_loss | -0.00487    |
|    std                  | 0.309       |
|    value_loss           | 7.99        |
-----------------------------------------
-----------------------------------------
| rollout/                |             |
|    ep_len_mean          | 198         |
|    ep_rew_mean          | -33.7       |
| time/                   |             |
|    fps                  | 2208        |
|    iterations           | 174         |
|    time_elapsed         | 645         |
|    total_timesteps      | 1425408     |
| train/                  |             |
|    approx_kl            | 0.036663365 |
|    clip_fraction        | 0.303       |
|    clip_range           | 0.2         |
|    entropy_loss         | -0.545      |
|    explained_variance   | 0.939       |
|    learning_rate        | 0.0003      |
|    loss                 | 2.41        |
|    n_updates            | 11530       |
|    policy_gradient_loss | -0.00589    |
|    std                  | 0.308       |
|    value_loss           | 8.03        |
-----------------------------------------
-----------------------------------------
| rollout/                |             |
|    ep_len_mean          | 171         |
|    ep_rew_mean          | -26.2       |
| time/                   |             |
|    fps                  | 2210        |
|    iterations           | 175         |
|    time_elapsed         | 648         |
|    total_timesteps      | 1433600     |
| train/                  |             |
|    approx_kl            | 0.020258732 |
|    clip_fraction        | 0.246       |
|    clip_range           | 0.2         |
|    entropy_loss         | -0.551      |
|    explained_variance   | 0.958       |
|    learning_rate        | 0.0003      |
|    loss                 | 3.09        |
|    n_updates            | 11540       |
|    policy_gradient_loss | -0.00705    |
|    std                  | 0.31        |
|    value_loss           | 7.97        |
-----------------------------------------
-----------------------------------------
| rollout/                |             |
|    ep_len_mean          | 161         |
|    ep_rew_mean          | -22.1       |
| time/                   |             |
|    fps                  | 2210        |
|    iterations           | 176         |
|    time_elapsed         | 652         |
|    total_timesteps      | 1441792     |
| train/                  |             |
|    approx_kl            | 0.020112928 |
|    clip_fraction        | 0.195       |
|    clip_range           | 0.2         |
|    entropy_loss         | -0.554      |
|    explained_variance   | 0.934       |
|    learning_rate        | 0.0003      |
|    loss                 | 3.99        |
|    n_updates            | 11550       |
|    policy_gradient_loss | -0.0112     |
|    std                  | 0.309       |
|    value_loss           | 14.9        |
-----------------------------------------
-----------------------------------------
| rollout/                |             |
|    ep_len_mean          | 179         |
|    ep_rew_mean          | -27.5       |
| time/                   |             |
|    fps                  | 2210        |
|    iterations           | 177         |
|    time_elapsed         | 655         |
|    total_timesteps      | 1449984     |
| train/                  |             |
|    approx_kl            | 0.024699097 |
|    clip_fraction        | 0.237       |
|    clip_range           | 0.2         |
|    entropy_loss         | -0.548      |
|    explained_variance   | 0.933       |
|    learning_rate        | 0.0003      |
|    loss                 | 6.1         |
|    n_updates            | 11560       |
|    policy_gradient_loss | -0.00808    |
|    std                  | 0.308       |
|    value_loss           | 13.4        |
-----------------------------------------
-----------------------------------------
| rollout/                |             |
|    ep_len_mean          | 190         |
|    ep_rew_mean          | -29.4       |
| time/                   |             |
|    fps                  | 2212        |
|    iterations           | 178         |
|    time_elapsed         | 659         |
|    total_timesteps      | 1458176     |
| train/                  |             |
|    approx_kl            | 0.029621435 |
|    clip_fraction        | 0.263       |
|    clip_range           | 0.2         |
|    entropy_loss         | -0.564      |
|    explained_variance   | 0.927       |
|    learning_rate        | 0.0003      |
|    loss                 | 2.04        |
|    n_updates            | 11570       |
|    policy_gradient_loss | -0.00654    |
|    std                  | 0.31        |
|    value_loss           | 8.84        |
-----------------------------------------
-----------------------------------------
| rollout/                |             |
|    ep_len_mean          | 175         |
|    ep_rew_mean          | -25.8       |
| time/                   |             |
|    fps                  | 2213        |
|    iterations           | 179         |
|    time_elapsed         | 662         |
|    total_timesteps      | 1466368     |
| train/                  |             |
|    approx_kl            | 0.026082827 |
|    clip_fraction        | 0.264       |
|    clip_range           | 0.2         |
|    entropy_loss         | -0.566      |
|    explained_variance   | 0.916       |
|    learning_rate        | 0.0003      |
|    loss                 | 4.55        |
|    n_updates            | 11580       |
|    policy_gradient_loss | -0.0109     |
|    std                  | 0.308       |
|    value_loss           | 11.5        |
-----------------------------------------
----------------------------------------
| rollout/                |            |
|    ep_len_mean          | 164        |
|    ep_rew_mean          | -24.3      |
| time/                   |            |
|    fps                  | 2215       |
|    iterations           | 180        |
|    time_elapsed         | 665        |
|    total_timesteps      | 1474560    |
| train/                  |            |
|    approx_kl            | 0.04612706 |
|    clip_fraction        | 0.284      |
|    clip_range           | 0.2        |
|    entropy_loss         | -0.548     |
|    explained_variance   | 0.934      |
|    learning_rate        | 0.0003     |
|    loss                 | 11.1       |
|    n_updates            | 11590      |
|    policy_gradient_loss | -0.00361   |
|    std                  | 0.307      |
|    value_loss           | 11.8       |
----------------------------------------
-----------------------------------------
| rollout/                |             |
|    ep_len_mean          | 175         |
|    ep_rew_mean          | -27.3       |
| time/                   |             |
|    fps                  | 2215        |
|    iterations           | 181         |
|    time_elapsed         | 669         |
|    total_timesteps      | 1482752     |
| train/                  |             |
|    approx_kl            | 0.028321903 |
|    clip_fraction        | 0.217       |
|    clip_range           | 0.2         |
|    entropy_loss         | -0.554      |
|    explained_variance   | 0.911       |
|    learning_rate        | 0.0003      |
|    loss                 | 7.55        |
|    n_updates            | 11600       |
|    policy_gradient_loss | -0.0106     |
|    std                  | 0.309       |
|    value_loss           | 13.5        |
-----------------------------------------
-----------------------------------------
| rollout/                |             |
|    ep_len_mean          | 166         |
|    ep_rew_mean          | -30         |
| time/                   |             |
|    fps                  | 2215        |
|    iterations           | 182         |
|    time_elapsed         | 672         |
|    total_timesteps      | 1490944     |
| train/                  |             |
|    approx_kl            | 0.031486377 |
|    clip_fraction        | 0.278       |
|    clip_range           | 0.2         |
|    entropy_loss         | -0.57       |
|    explained_variance   | 0.947       |
|    learning_rate        | 0.0003      |
|    loss                 | 1.58        |
|    n_updates            | 11610       |
|    policy_gradient_loss | -0.00723    |
|    std                  | 0.31        |
|    value_loss           | 8.15        |
-----------------------------------------
-----------------------------------------
| rollout/                |             |
|    ep_len_mean          | 199         |
|    ep_rew_mean          | -41.6       |
| time/                   |             |
|    fps                  | 2217        |
|    iterations           | 183         |
|    time_elapsed         | 676         |
|    total_timesteps      | 1499136     |
| train/                  |             |
|    approx_kl            | 0.024080135 |
|    clip_fraction        | 0.24        |
|    clip_range           | 0.2         |
|    entropy_loss         | -0.562      |
|    explained_variance   | 0.919       |
|    learning_rate        | 0.0003      |
|    loss                 | 5.04        |
|    n_updates            | 11620       |
|    policy_gradient_loss | -0.00972    |
|    std                  | 0.308       |
|    value_loss           | 13.2        |
-----------------------------------------
-----------------------------------------
| rollout/                |             |
|    ep_len_mean          | 216         |
|    ep_rew_mean          | -43.5       |
| time/                   |             |
|    fps                  | 2218        |
|    iterations           | 184         |
|    time_elapsed         | 679         |
|    total_timesteps      | 1507328     |
| train/                  |             |
|    approx_kl            | 0.041176964 |
|    clip_fraction        | 0.348       |
|    clip_range           | 0.2         |
|    entropy_loss         | -0.567      |
|    explained_variance   | 0.962       |
|    learning_rate        | 0.0003      |
|    loss                 | 1.44        |
|    n_updates            | 11630       |
|    policy_gradient_loss | 0.00083     |
|    std                  | 0.308       |
|    value_loss           | 4.29        |
-----------------------------------------
-----------------------------------------
| rollout/                |             |
|    ep_len_mean          | 234         |
|    ep_rew_mean          | -46.7       |
| time/                   |             |
|    fps                  | 2219        |
|    iterations           | 185         |
|    time_elapsed         | 682         |
|    total_timesteps      | 1515520     |
| train/                  |             |
|    approx_kl            | 0.021819282 |
|    clip_fraction        | 0.213       |
|    clip_range           | 0.2         |
|    entropy_loss         | -0.579      |
|    explained_variance   | 0.927       |
|    learning_rate        | 0.0003      |
|    loss                 | 4.42        |
|    n_updates            | 11640       |
|    policy_gradient_loss | -0.0123     |
|    std                  | 0.309       |
|    value_loss           | 8.64        |
-----------------------------------------
-----------------------------------------
| rollout/                |             |
|    ep_len_mean          | 242         |
|    ep_rew_mean          | -50.4       |
| time/                   |             |
|    fps                  | 2220        |
|    iterations           | 186         |
|    time_elapsed         | 686         |
|    total_timesteps      | 1523712     |
| train/                  |             |
|    approx_kl            | 0.030073177 |
|    clip_fraction        | 0.265       |
|    clip_range           | 0.2         |
|    entropy_loss         | -0.582      |
|    explained_variance   | 0.915       |
|    learning_rate        | 0.0003      |
|    loss                 | 2.74        |
|    n_updates            | 11650       |
|    policy_gradient_loss | -0.00698    |
|    std                  | 0.31        |
|    value_loss           | 7.31        |
-----------------------------------------
-----------------------------------------
| rollout/                |             |
|    ep_len_mean          | 262         |
|    ep_rew_mean          | -57.6       |
| time/                   |             |
|    fps                  | 2220        |
|    iterations           | 187         |
|    time_elapsed         | 689         |
|    total_timesteps      | 1531904     |
| train/                  |             |
|    approx_kl            | 0.027469069 |
|    clip_fraction        | 0.209       |
|    clip_range           | 0.2         |
|    entropy_loss         | -0.58       |
|    explained_variance   | 0.906       |
|    learning_rate        | 0.0003      |
|    loss                 | 4.62        |
|    n_updates            | 11660       |
|    policy_gradient_loss | -0.00993    |
|    std                  | 0.308       |
|    value_loss           | 9.41        |
-----------------------------------------
-----------------------------------------
| rollout/                |             |
|    ep_len_mean          | 242         |
|    ep_rew_mean          | -52.3       |
| time/                   |             |
|    fps                  | 2221        |
|    iterations           | 188         |
|    time_elapsed         | 693         |
|    total_timesteps      | 1540096     |
| train/                  |             |
|    approx_kl            | 0.025161687 |
|    clip_fraction        | 0.229       |
|    clip_range           | 0.2         |
|    entropy_loss         | -0.562      |
|    explained_variance   | 0.905       |
|    learning_rate        | 0.0003      |
|    loss                 | 4.09        |
|    n_updates            | 11670       |
|    policy_gradient_loss | -0.0103     |
|    std                  | 0.306       |
|    value_loss           | 10.9        |
-----------------------------------------
-----------------------------------------
| rollout/                |             |
|    ep_len_mean          | 190         |
|    ep_rew_mean          | -32.4       |
| time/                   |             |
|    fps                  | 2223        |
|    iterations           | 189         |
|    time_elapsed         | 696         |
|    total_timesteps      | 1548288     |
| train/                  |             |
|    approx_kl            | 0.022071078 |
|    clip_fraction        | 0.243       |
|    clip_range           | 0.2         |
|    entropy_loss         | -0.553      |
|    explained_variance   | 0.899       |
|    learning_rate        | 0.0003      |
|    loss                 | 1.96        |
|    n_updates            | 11680       |
|    policy_gradient_loss | -0.00959    |
|    std                  | 0.307       |
|    value_loss           | 12.5        |
-----------------------------------------
-----------------------------------------
| rollout/                |             |
|    ep_len_mean          | 196         |
|    ep_rew_mean          | -36.7       |
| time/                   |             |
|    fps                  | 2224        |
|    iterations           | 190         |
|    time_elapsed         | 699         |
|    total_timesteps      | 1556480     |
| train/                  |             |
|    approx_kl            | 0.024916956 |
|    clip_fraction        | 0.249       |
|    clip_range           | 0.2         |
|    entropy_loss         | -0.556      |
|    explained_variance   | 0.91        |
|    learning_rate        | 0.0003      |
|    loss                 | 2.44        |
|    n_updates            | 11690       |
|    policy_gradient_loss | -0.00753    |
|    std                  | 0.306       |
|    value_loss           | 12.3        |
-----------------------------------------
-----------------------------------------
| rollout/                |             |
|    ep_len_mean          | 182         |
|    ep_rew_mean          | -30.5       |
| time/                   |             |
|    fps                  | 2224        |
|    iterations           | 191         |
|    time_elapsed         | 703         |
|    total_timesteps      | 1564672     |
| train/                  |             |
|    approx_kl            | 0.019293917 |
|    clip_fraction        | 0.215       |
|    clip_range           | 0.2         |
|    entropy_loss         | -0.566      |
|    explained_variance   | 0.901       |
|    learning_rate        | 0.0003      |
|    loss                 | 5.24        |
|    n_updates            | 11700       |
|    policy_gradient_loss | -0.00829    |
|    std                  | 0.308       |
|    value_loss           | 15.3        |
-----------------------------------------
-----------------------------------------
| rollout/                |             |
|    ep_len_mean          | 197         |
|    ep_rew_mean          | -34.4       |
| time/                   |             |
|    fps                  | 2224        |
|    iterations           | 192         |
|    time_elapsed         | 707         |
|    total_timesteps      | 1572864     |
| train/                  |             |
|    approx_kl            | 0.020069074 |
|    clip_fraction        | 0.217       |
|    clip_range           | 0.2         |
|    entropy_loss         | -0.563      |
|    explained_variance   | 0.925       |
|    learning_rate        | 0.0003      |
|    loss                 | 8           |
|    n_updates            | 11710       |
|    policy_gradient_loss | -0.00602    |
|    std                  | 0.306       |
|    value_loss           | 16.4        |
-----------------------------------------
-----------------------------------------
| rollout/                |             |
|    ep_len_mean          | 198         |
|    ep_rew_mean          | -34.8       |
| time/                   |             |
|    fps                  | 2225        |
|    iterations           | 193         |
|    time_elapsed         | 710         |
|    total_timesteps      | 1581056     |
| train/                  |             |
|    approx_kl            | 0.021019556 |
|    clip_fraction        | 0.233       |
|    clip_range           | 0.2         |
|    entropy_loss         | -0.557      |
|    explained_variance   | 0.912       |
|    learning_rate        | 0.0003      |
|    loss                 | 6.78        |
|    n_updates            | 11720       |
|    policy_gradient_loss | -0.00828    |
|    std                  | 0.306       |
|    value_loss           | 15.6        |
-----------------------------------------
-----------------------------------------
| rollout/                |             |
|    ep_len_mean          | 201         |
|    ep_rew_mean          | -35.8       |
| time/                   |             |
|    fps                  | 2226        |
|    iterations           | 194         |
|    time_elapsed         | 713         |
|    total_timesteps      | 1589248     |
| train/                  |             |
|    approx_kl            | 0.027949717 |
|    clip_fraction        | 0.244       |
|    clip_range           | 0.2         |
|    entropy_loss         | -0.552      |
|    explained_variance   | 0.921       |
|    learning_rate        | 0.0003      |
|    loss                 | 6.75        |
|    n_updates            | 11730       |
|    policy_gradient_loss | -0.00807    |
|    std                  | 0.306       |
|    value_loss           | 14          |
-----------------------------------------
-----------------------------------------
| rollout/                |             |
|    ep_len_mean          | 196         |
|    ep_rew_mean          | -34         |
| time/                   |             |
|    fps                  | 2227        |
|    iterations           | 195         |
|    time_elapsed         | 717         |
|    total_timesteps      | 1597440     |
| train/                  |             |
|    approx_kl            | 0.029582167 |
|    clip_fraction        | 0.271       |
|    clip_range           | 0.2         |
|    entropy_loss         | -0.543      |
|    explained_variance   | 0.942       |
|    learning_rate        | 0.0003      |
|    loss                 | 4.33        |
|    n_updates            | 11740       |
|    policy_gradient_loss | -0.00426    |
|    std                  | 0.305       |
|    value_loss           | 8.68        |
-----------------------------------------
[PeriodicArtifactCallback] step 1600000: running periodic self-monitoring analysis...
[PeriodicArtifactCallback] analysis written to C:\GitHub\HumanoidRobot\simulation\training\pick_place\runs\pp_v26\analysis_1600000.md (stalled=False)
[PeriodicArtifactCallback] step 1600000: saving checkpoint, evaluating, rendering...
[PeriodicArtifactCallback] step 1600000: success_rate=0.50 pick_success_rate=0.60 mean_reward=-102.80 -> C:\GitHub\HumanoidRobot\simulation\training\pick_place\runs\pp_v26\dashboard.html
-----------------------------------------
| rollout/                |             |
|    ep_len_mean          | 212         |
|    ep_rew_mean          | -39.6       |
| time/                   |             |
|    fps                  | 2202        |
|    iterations           | 196         |
|    time_elapsed         | 728         |
|    total_timesteps      | 1605632     |
| train/                  |             |
|    approx_kl            | 0.024725722 |
|    clip_fraction        | 0.236       |
|    clip_range           | 0.2         |
|    entropy_loss         | -0.519      |
|    explained_variance   | 0.908       |
|    learning_rate        | 0.0003      |
|    loss                 | 7.47        |
|    n_updates            | 11750       |
|    policy_gradient_loss | -0.00953    |
|    std                  | 0.303       |
|    value_loss           | 16.6        |
-----------------------------------------
-----------------------------------------
| rollout/                |             |
|    ep_len_mean          | 213         |
|    ep_rew_mean          | -41         |
| time/                   |             |
|    fps                  | 2202        |
|    iterations           | 197         |
|    time_elapsed         | 732         |
|    total_timesteps      | 1613824     |
| train/                  |             |
|    approx_kl            | 0.021944676 |
|    clip_fraction        | 0.22        |
|    clip_range           | 0.2         |
|    entropy_loss         | -0.508      |
|    explained_variance   | 0.884       |
|    learning_rate        | 0.0003      |
|    loss                 | 9.64        |
|    n_updates            | 11760       |
|    policy_gradient_loss | -0.00702    |
|    std                  | 0.302       |
|    value_loss           | 18.5        |
-----------------------------------------
-----------------------------------------
| rollout/                |             |
|    ep_len_mean          | 186         |
|    ep_rew_mean          | -33.3       |
| time/                   |             |
|    fps                  | 2204        |
|    iterations           | 198         |
|    time_elapsed         | 735         |
|    total_timesteps      | 1622016     |
| train/                  |             |
|    approx_kl            | 0.026078675 |
|    clip_fraction        | 0.267       |
|    clip_range           | 0.2         |
|    entropy_loss         | -0.507      |
|    explained_variance   | 0.937       |
|    learning_rate        | 0.0003      |
|    loss                 | 5.12        |
|    n_updates            | 11770       |
|    policy_gradient_loss | -0.0091     |
|    std                  | 0.302       |
|    value_loss           | 10.2        |
-----------------------------------------
-----------------------------------------
| rollout/                |             |
|    ep_len_mean          | 177         |
|    ep_rew_mean          | -27.7       |
| time/                   |             |
|    fps                  | 2205        |
|    iterations           | 199         |
|    time_elapsed         | 739         |
|    total_timesteps      | 1630208     |
| train/                  |             |
|    approx_kl            | 0.030722817 |
|    clip_fraction        | 0.308       |
|    clip_range           | 0.2         |
|    entropy_loss         | -0.511      |
|    explained_variance   | 0.939       |
|    learning_rate        | 0.0003      |
|    loss                 | 2.99        |
|    n_updates            | 11780       |
|    policy_gradient_loss | -0.00641    |
|    std                  | 0.301       |
|    value_loss           | 10.1        |
-----------------------------------------
-----------------------------------------
| rollout/                |             |
|    ep_len_mean          | 169         |
|    ep_rew_mean          | -22.6       |
| time/                   |             |
|    fps                  | 2206        |
|    iterations           | 200         |
|    time_elapsed         | 742         |
|    total_timesteps      | 1638400     |
| train/                  |             |
|    approx_kl            | 0.027790207 |
|    clip_fraction        | 0.309       |
|    clip_range           | 0.2         |
|    entropy_loss         | -0.491      |
|    explained_variance   | 0.932       |
|    learning_rate        | 0.0003      |
|    loss                 | 3.37        |
|    n_updates            | 11790       |
|    policy_gradient_loss | -0.00307    |
|    std                  | 0.299       |
|    value_loss           | 11.7        |
-----------------------------------------
-----------------------------------------
| rollout/                |             |
|    ep_len_mean          | 197         |
|    ep_rew_mean          | -33.8       |
| time/                   |             |
|    fps                  | 2207        |
|    iterations           | 201         |
|    time_elapsed         | 745         |
|    total_timesteps      | 1646592     |
| train/                  |             |
|    approx_kl            | 0.021772504 |
|    clip_fraction        | 0.261       |
|    clip_range           | 0.2         |
|    entropy_loss         | -0.478      |
|    explained_variance   | 0.909       |
|    learning_rate        | 0.0003      |
|    loss                 | 4.7         |
|    n_updates            | 11800       |
|    policy_gradient_loss | -0.00741    |
|    std                  | 0.298       |
|    value_loss           | 13.6        |
-----------------------------------------
-----------------------------------------
| rollout/                |             |
|    ep_len_mean          | 214         |
|    ep_rew_mean          | -41.7       |
| time/                   |             |
|    fps                  | 2207        |
|    iterations           | 202         |
|    time_elapsed         | 749         |
|    total_timesteps      | 1654784     |
| train/                  |             |
|    approx_kl            | 0.027611766 |
|    clip_fraction        | 0.296       |
|    clip_range           | 0.2         |
|    entropy_loss         | -0.469      |
|    explained_variance   | 0.919       |
|    learning_rate        | 0.0003      |
|    loss                 | 4.6         |
|    n_updates            | 11810       |
|    policy_gradient_loss | -0.00536    |
|    std                  | 0.297       |
|    value_loss           | 12.4        |
-----------------------------------------
-----------------------------------------
| rollout/                |             |
|    ep_len_mean          | 244         |
|    ep_rew_mean          | -50.7       |
| time/                   |             |
|    fps                  | 2208        |
|    iterations           | 203         |
|    time_elapsed         | 753         |
|    total_timesteps      | 1662976     |
| train/                  |             |
|    approx_kl            | 0.069383815 |
|    clip_fraction        | 0.403       |
|    clip_range           | 0.2         |
|    entropy_loss         | -0.482      |
|    explained_variance   | 0.953       |
|    learning_rate        | 0.0003      |
|    loss                 | 0.455       |
|    n_updates            | 11820       |
|    policy_gradient_loss | 0.00115     |
|    std                  | 0.298       |
|    value_loss           | 1.92        |
-----------------------------------------
-----------------------------------------
| rollout/                |             |
|    ep_len_mean          | 275         |
|    ep_rew_mean          | -61         |
| time/                   |             |
|    fps                  | 2209        |
|    iterations           | 204         |
|    time_elapsed         | 756         |
|    total_timesteps      | 1671168     |
| train/                  |             |
|    approx_kl            | 0.016655814 |
|    clip_fraction        | 0.163       |
|    clip_range           | 0.2         |
|    entropy_loss         | -0.484      |
|    explained_variance   | 0.894       |
|    learning_rate        | 0.0003      |
|    loss                 | 4.02        |
|    n_updates            | 11830       |
|    policy_gradient_loss | -0.0134     |
|    std                  | 0.298       |
|    value_loss           | 11.8        |
-----------------------------------------
-----------------------------------------
| rollout/                |             |
|    ep_len_mean          | 269         |
|    ep_rew_mean          | -56.3       |
| time/                   |             |
|    fps                  | 2210        |
|    iterations           | 205         |
|    time_elapsed         | 759         |
|    total_timesteps      | 1679360     |
| train/                  |             |
|    approx_kl            | 0.021309722 |
|    clip_fraction        | 0.185       |
|    clip_range           | 0.2         |
|    entropy_loss         | -0.472      |
|    explained_variance   | 0.938       |
|    learning_rate        | 0.0003      |
|    loss                 | 4.11        |
|    n_updates            | 11840       |
|    policy_gradient_loss | -0.0108     |
|    std                  | 0.296       |
|    value_loss           | 8.04        |
-----------------------------------------
---------------------------------------
| rollout/                |           |
|    ep_len_mean          | 253       |
|    ep_rew_mean          | -50.9     |
| time/                   |           |
|    fps                  | 2211      |
|    iterations           | 206       |
|    time_elapsed         | 762       |
|    total_timesteps      | 1687552   |
| train/                  |           |
|    approx_kl            | 0.0189928 |
|    clip_fraction        | 0.192     |
|    clip_range           | 0.2       |
|    entropy_loss         | -0.466    |
|    explained_variance   | 0.943     |
|    learning_rate        | 0.0003    |
|    loss                 | 3.32      |
|    n_updates            | 11850     |
|    policy_gradient_loss | -0.0109   |
|    std                  | 0.296     |
|    value_loss           | 9.02      |
---------------------------------------
-----------------------------------------
| rollout/                |             |
|    ep_len_mean          | 235         |
|    ep_rew_mean          | -45.2       |
| time/                   |             |
|    fps                  | 2212        |
|    iterations           | 207         |
|    time_elapsed         | 766         |
|    total_timesteps      | 1695744     |
| train/                  |             |
|    approx_kl            | 0.020316537 |
|    clip_fraction        | 0.181       |
|    clip_range           | 0.2         |
|    entropy_loss         | -0.473      |
|    explained_variance   | 0.946       |
|    learning_rate        | 0.0003      |
|    loss                 | 3.92        |
|    n_updates            | 11860       |
|    policy_gradient_loss | -0.011      |
|    std                  | 0.297       |
|    value_loss           | 9.95        |
-----------------------------------------
-----------------------------------------
| rollout/                |             |
|    ep_len_mean          | 206         |
|    ep_rew_mean          | -36.3       |
| time/                   |             |
|    fps                  | 2212        |
|    iterations           | 208         |
|    time_elapsed         | 770         |
|    total_timesteps      | 1703936     |
| train/                  |             |
|    approx_kl            | 0.023142196 |
|    clip_fraction        | 0.269       |
|    clip_range           | 0.2         |
|    entropy_loss         | -0.472      |
|    explained_variance   | 0.96        |
|    learning_rate        | 0.0003      |
|    loss                 | 2.13        |
|    n_updates            | 11870       |
|    policy_gradient_loss | -0.00577    |
|    std                  | 0.296       |
|    value_loss           | 6.35        |
-----------------------------------------
-----------------------------------------
| rollout/                |             |
|    ep_len_mean          | 181         |
|    ep_rew_mean          | -26.9       |
| time/                   |             |
|    fps                  | 2213        |
|    iterations           | 209         |
|    time_elapsed         | 773         |
|    total_timesteps      | 1712128     |
| train/                  |             |
|    approx_kl            | 0.022455301 |
|    clip_fraction        | 0.222       |
|    clip_range           | 0.2         |
|    entropy_loss         | -0.447      |
|    explained_variance   | 0.954       |
|    learning_rate        | 0.0003      |
|    loss                 | 2.47        |
|    n_updates            | 11880       |
|    policy_gradient_loss | -0.00957    |
|    std                  | 0.295       |
|    value_loss           | 8.47        |
-----------------------------------------
-----------------------------------------
| rollout/                |             |
|    ep_len_mean          | 195         |
|    ep_rew_mean          | -34.2       |
| time/                   |             |
|    fps                  | 2215        |
|    iterations           | 210         |
|    time_elapsed         | 776         |
|    total_timesteps      | 1720320     |
| train/                  |             |
|    approx_kl            | 0.022437362 |
|    clip_fraction        | 0.234       |
|    clip_range           | 0.2         |
|    entropy_loss         | -0.442      |
|    explained_variance   | 0.951       |
|    learning_rate        | 0.0003      |
|    loss                 | 4.98        |
|    n_updates            | 11890       |
|    policy_gradient_loss | -0.00833    |
|    std                  | 0.295       |
|    value_loss           | 10.7        |
-----------------------------------------
-----------------------------------------
| rollout/                |             |
|    ep_len_mean          | 176         |
|    ep_rew_mean          | -29.5       |
| time/                   |             |
|    fps                  | 2215        |
|    iterations           | 211         |
|    time_elapsed         | 780         |
|    total_timesteps      | 1728512     |
| train/                  |             |
|    approx_kl            | 0.019385148 |
|    clip_fraction        | 0.192       |
|    clip_range           | 0.2         |
|    entropy_loss         | -0.439      |
|    explained_variance   | 0.943       |
|    learning_rate        | 0.0003      |
|    loss                 | 3.73        |
|    n_updates            | 11900       |
|    policy_gradient_loss | -0.011      |
|    std                  | 0.296       |
|    value_loss           | 11.4        |
-----------------------------------------
-----------------------------------------
| rollout/                |             |
|    ep_len_mean          | 170         |
|    ep_rew_mean          | -25.4       |
| time/                   |             |
|    fps                  | 2215        |
|    iterations           | 212         |
|    time_elapsed         | 783         |
|    total_timesteps      | 1736704     |
| train/                  |             |
|    approx_kl            | 0.021926409 |
|    clip_fraction        | 0.238       |
|    clip_range           | 0.2         |
|    entropy_loss         | -0.44       |
|    explained_variance   | 0.948       |
|    learning_rate        | 0.0003      |
|    loss                 | 7.7         |
|    n_updates            | 11910       |
|    policy_gradient_loss | -0.0116     |
|    std                  | 0.296       |
|    value_loss           | 13.3        |
-----------------------------------------
----------------------------------------
| rollout/                |            |
|    ep_len_mean          | 185        |
|    ep_rew_mean          | -28.9      |
| time/                   |            |
|    fps                  | 2216       |
|    iterations           | 213        |
|    time_elapsed         | 787        |
|    total_timesteps      | 1744896    |
| train/                  |            |
|    approx_kl            | 0.09943761 |
|    clip_fraction        | 0.285      |
|    clip_range           | 0.2        |
|    entropy_loss         | -0.437     |
|    explained_variance   | 0.957      |
|    learning_rate        | 0.0003     |
|    loss                 | 2.85       |
|    n_updates            | 11920      |
|    policy_gradient_loss | -0.00554   |
|    std                  | 0.296      |
|    value_loss           | 7.04       |
----------------------------------------
-----------------------------------------
| rollout/                |             |
|    ep_len_mean          | 184         |
|    ep_rew_mean          | -31.2       |
| time/                   |             |
|    fps                  | 2217        |
|    iterations           | 214         |
|    time_elapsed         | 790         |
|    total_timesteps      | 1753088     |
| train/                  |             |
|    approx_kl            | 0.021151908 |
|    clip_fraction        | 0.219       |
|    clip_range           | 0.2         |
|    entropy_loss         | -0.428      |
|    explained_variance   | 0.942       |
|    learning_rate        | 0.0003      |
|    loss                 | 9.24        |
|    n_updates            | 11930       |
|    policy_gradient_loss | -0.0107     |
|    std                  | 0.295       |
|    value_loss           | 12.1        |
-----------------------------------------
----------------------------------------
| rollout/                |            |
|    ep_len_mean          | 185        |
|    ep_rew_mean          | -31.1      |
| time/                   |            |
|    fps                  | 2218       |
|    iterations           | 215        |
|    time_elapsed         | 793        |
|    total_timesteps      | 1761280    |
| train/                  |            |
|    approx_kl            | 0.03451699 |
|    clip_fraction        | 0.28       |
|    clip_range           | 0.2        |
|    entropy_loss         | -0.43      |
|    explained_variance   | 0.919      |
|    learning_rate        | 0.0003     |
|    loss                 | 4.32       |
|    n_updates            | 11940      |
|    policy_gradient_loss | -0.00855   |
|    std                  | 0.297      |
|    value_loss           | 10.6       |
----------------------------------------
-----------------------------------------
| rollout/                |             |
|    ep_len_mean          | 189         |
|    ep_rew_mean          | -34.9       |
| time/                   |             |
|    fps                  | 2219        |
|    iterations           | 216         |
|    time_elapsed         | 797         |
|    total_timesteps      | 1769472     |
| train/                  |             |
|    approx_kl            | 0.025783751 |
|    clip_fraction        | 0.21        |
|    clip_range           | 0.2         |
|    entropy_loss         | -0.451      |
|    explained_variance   | 0.913       |
|    learning_rate        | 0.0003      |
|    loss                 | 6.33        |
|    n_updates            | 11950       |
|    policy_gradient_loss | -0.0108     |
|    std                  | 0.298       |
|    value_loss           | 19.6        |
-----------------------------------------
-----------------------------------------
| rollout/                |             |
|    ep_len_mean          | 203         |
|    ep_rew_mean          | -40.8       |
| time/                   |             |
|    fps                  | 2220        |
|    iterations           | 217         |
|    time_elapsed         | 800         |
|    total_timesteps      | 1777664     |
| train/                  |             |
|    approx_kl            | 0.027264778 |
|    clip_fraction        | 0.273       |
|    clip_range           | 0.2         |
|    entropy_loss         | -0.433      |
|    explained_variance   | 0.948       |
|    learning_rate        | 0.0003      |
|    loss                 | 6.19        |
|    n_updates            | 11960       |
|    policy_gradient_loss | -0.00341    |
|    std                  | 0.295       |
|    value_loss           | 12.7        |
-----------------------------------------
-----------------------------------------
| rollout/                |             |
|    ep_len_mean          | 222         |
|    ep_rew_mean          | -48.7       |
| time/                   |             |
|    fps                  | 2221        |
|    iterations           | 218         |
|    time_elapsed         | 803         |
|    total_timesteps      | 1785856     |
| train/                  |             |
|    approx_kl            | 0.025998201 |
|    clip_fraction        | 0.292       |
|    clip_range           | 0.2         |
|    entropy_loss         | -0.421      |
|    explained_variance   | 0.949       |
|    learning_rate        | 0.0003      |
|    loss                 | 2.93        |
|    n_updates            | 11970       |
|    policy_gradient_loss | -0.00385    |
|    std                  | 0.295       |
|    value_loss           | 9.35        |
-----------------------------------------
----------------------------------------
| rollout/                |            |
|    ep_len_mean          | 238        |
|    ep_rew_mean          | -51.4      |
| time/                   |            |
|    fps                  | 2222       |
|    iterations           | 219        |
|    time_elapsed         | 807        |
|    total_timesteps      | 1794048    |
| train/                  |            |
|    approx_kl            | 0.03371477 |
|    clip_fraction        | 0.3        |
|    clip_range           | 0.2        |
|    entropy_loss         | -0.416     |
|    explained_variance   | 0.908      |
|    learning_rate        | 0.0003     |
|    loss                 | 2.65       |
|    n_updates            | 11980      |
|    policy_gradient_loss | -0.00322   |
|    std                  | 0.294      |
|    value_loss           | 8.88       |
----------------------------------------
[PeriodicArtifactCallback] step 1800000: saving checkpoint, evaluating, rendering...
[PeriodicArtifactCallback] step 1800000: success_rate=0.70 pick_success_rate=0.70 mean_reward=-79.09 -> C:\GitHub\HumanoidRobot\simulation\training\pick_place\runs\pp_v26\dashboard.html
-----------------------------------------
| rollout/                |             |
|    ep_len_mean          | 166         |
|    ep_rew_mean          | -27.5       |
| time/                   |             |
|    fps                  | 2212        |
|    iterations           | 220         |
|    time_elapsed         | 814         |
|    total_timesteps      | 1802240     |
| train/                  |             |
|    approx_kl            | 0.035367124 |
|    clip_fraction        | 0.286       |
|    clip_range           | 0.2         |
|    entropy_loss         | -0.402      |
|    explained_variance   | 0.962       |
|    learning_rate        | 0.0003      |
|    loss                 | 4.18        |
|    n_updates            | 11990       |
|    policy_gradient_loss | -0.00587    |
|    std                  | 0.293       |
|    value_loss           | 7.02        |
-----------------------------------------
----------------------------------------
| rollout/                |            |
|    ep_len_mean          | 156        |
|    ep_rew_mean          | -25.2      |
| time/                   |            |
|    fps                  | 2212       |
|    iterations           | 221        |
|    time_elapsed         | 818        |
|    total_timesteps      | 1810432    |
| train/                  |            |
|    approx_kl            | 0.02667052 |
|    clip_fraction        | 0.238      |
|    clip_range           | 0.2        |
|    entropy_loss         | -0.39      |
|    explained_variance   | 0.946      |
|    learning_rate        | 0.0003     |
|    loss                 | 5.73       |
|    n_updates            | 12000      |
|    policy_gradient_loss | -0.00893   |
|    std                  | 0.293      |
|    value_loss           | 12.9       |
----------------------------------------
-----------------------------------------
| rollout/                |             |
|    ep_len_mean          | 161         |
|    ep_rew_mean          | -25.9       |
| time/                   |             |
|    fps                  | 2213        |
|    iterations           | 222         |
|    time_elapsed         | 821         |
|    total_timesteps      | 1818624     |
| train/                  |             |
|    approx_kl            | 0.018919118 |
|    clip_fraction        | 0.188       |
|    clip_range           | 0.2         |
|    entropy_loss         | -0.39       |
|    explained_variance   | 0.933       |
|    learning_rate        | 0.0003      |
|    loss                 | 3.76        |
|    n_updates            | 12010       |
|    policy_gradient_loss | -0.0114     |
|    std                  | 0.293       |
|    value_loss           | 12.4        |
-----------------------------------------
-----------------------------------------
| rollout/                |             |
|    ep_len_mean          | 201         |
|    ep_rew_mean          | -39.7       |
| time/                   |             |
|    fps                  | 2214        |
|    iterations           | 223         |
|    time_elapsed         | 824         |
|    total_timesteps      | 1826816     |
| train/                  |             |
|    approx_kl            | 0.022770613 |
|    clip_fraction        | 0.238       |
|    clip_range           | 0.2         |
|    entropy_loss         | -0.393      |
|    explained_variance   | 0.941       |
|    learning_rate        | 0.0003      |
|    loss                 | 3.77        |
|    n_updates            | 12020       |
|    policy_gradient_loss | -0.0105     |
|    std                  | 0.292       |
|    value_loss           | 13.6        |
-----------------------------------------
-----------------------------------------
| rollout/                |             |
|    ep_len_mean          | 181         |
|    ep_rew_mean          | -34.1       |
| time/                   |             |
|    fps                  | 2215        |
|    iterations           | 224         |
|    time_elapsed         | 828         |
|    total_timesteps      | 1835008     |
| train/                  |             |
|    approx_kl            | 0.024367802 |
|    clip_fraction        | 0.251       |
|    clip_range           | 0.2         |
|    entropy_loss         | -0.386      |
|    explained_variance   | 0.916       |
|    learning_rate        | 0.0003      |
|    loss                 | 4.78        |
|    n_updates            | 12030       |
|    policy_gradient_loss | -0.00699    |
|    std                  | 0.291       |
|    value_loss           | 15.1        |
-----------------------------------------
-----------------------------------------
| rollout/                |             |
|    ep_len_mean          | 177         |
|    ep_rew_mean          | -31         |
| time/                   |             |
|    fps                  | 2216        |
|    iterations           | 225         |
|    time_elapsed         | 831         |
|    total_timesteps      | 1843200     |
| train/                  |             |
|    approx_kl            | 0.025729863 |
|    clip_fraction        | 0.243       |
|    clip_range           | 0.2         |
|    entropy_loss         | -0.368      |
|    explained_variance   | 0.934       |
|    learning_rate        | 0.0003      |
|    loss                 | 6.16        |
|    n_updates            | 12040       |
|    policy_gradient_loss | -0.0103     |
|    std                  | 0.289       |
|    value_loss           | 18.8        |
-----------------------------------------
-----------------------------------------
| rollout/                |             |
|    ep_len_mean          | 186         |
|    ep_rew_mean          | -31.7       |
| time/                   |             |
|    fps                  | 2217        |
|    iterations           | 226         |
|    time_elapsed         | 835         |
|    total_timesteps      | 1851392     |
| train/                  |             |
|    approx_kl            | 0.032584805 |
|    clip_fraction        | 0.322       |
|    clip_range           | 0.2         |
|    entropy_loss         | -0.345      |
|    explained_variance   | 0.929       |
|    learning_rate        | 0.0003      |
|    loss                 | 3.6         |
|    n_updates            | 12050       |
|    policy_gradient_loss | -0.00167    |
|    std                  | 0.288       |
|    value_loss           | 8.76        |
-----------------------------------------
-----------------------------------------
| rollout/                |             |
|    ep_len_mean          | 205         |
|    ep_rew_mean          | -35.4       |
| time/                   |             |
|    fps                  | 2217        |
|    iterations           | 227         |
|    time_elapsed         | 838         |
|    total_timesteps      | 1859584     |
| train/                  |             |
|    approx_kl            | 0.031371042 |
|    clip_fraction        | 0.291       |
|    clip_range           | 0.2         |
|    entropy_loss         | -0.338      |
|    explained_variance   | 0.942       |
|    learning_rate        | 0.0003      |
|    loss                 | 3.33        |
|    n_updates            | 12060       |
|    policy_gradient_loss | -0.00453    |
|    std                  | 0.287       |
|    value_loss           | 7.62        |
-----------------------------------------
----------------------------------------
| rollout/                |            |
|    ep_len_mean          | 198        |
|    ep_rew_mean          | -32.5      |
| time/                   |            |
|    fps                  | 2218       |
|    iterations           | 228        |
|    time_elapsed         | 841        |
|    total_timesteps      | 1867776    |
| train/                  |            |
|    approx_kl            | 0.02074274 |
|    clip_fraction        | 0.199      |
|    clip_range           | 0.2        |
|    entropy_loss         | -0.334     |
|    explained_variance   | 0.925      |
|    learning_rate        | 0.0003     |
|    loss                 | 7.78       |
|    n_updates            | 12070      |
|    policy_gradient_loss | -0.00798   |
|    std                  | 0.287      |
|    value_loss           | 15.2       |
----------------------------------------
-----------------------------------------
| rollout/                |             |
|    ep_len_mean          | 192         |
|    ep_rew_mean          | -31.5       |
| time/                   |             |
|    fps                  | 2219        |
|    iterations           | 229         |
|    time_elapsed         | 845         |
|    total_timesteps      | 1875968     |
| train/                  |             |
|    approx_kl            | 0.029804304 |
|    clip_fraction        | 0.2         |
|    clip_range           | 0.2         |
|    entropy_loss         | -0.325      |
|    explained_variance   | 0.918       |
|    learning_rate        | 0.0003      |
|    loss                 | 6.56        |
|    n_updates            | 12080       |
|    policy_gradient_loss | -0.0105     |
|    std                  | 0.286       |
|    value_loss           | 15.9        |
-----------------------------------------
----------------------------------------
| rollout/                |            |
|    ep_len_mean          | 232        |
|    ep_rew_mean          | -45.4      |
| time/                   |            |
|    fps                  | 2220       |
|    iterations           | 230        |
|    time_elapsed         | 848        |
|    total_timesteps      | 1884160    |
| train/                  |            |
|    approx_kl            | 0.03629256 |
|    clip_fraction        | 0.308      |
|    clip_range           | 0.2        |
|    entropy_loss         | -0.307     |
|    explained_variance   | 0.94       |
|    learning_rate        | 0.0003     |
|    loss                 | 2.49       |
|    n_updates            | 12090      |
|    policy_gradient_loss | -0.00554   |
|    std                  | 0.284      |
|    value_loss           | 7.44       |
----------------------------------------
---------------------------------------
| rollout/                |           |
|    ep_len_mean          | 225       |
|    ep_rew_mean          | -45.7     |
| time/                   |           |
|    fps                  | 2220      |
|    iterations           | 231       |
|    time_elapsed         | 852       |
|    total_timesteps      | 1892352   |
| train/                  |           |
|    approx_kl            | 0.0375685 |
|    clip_fraction        | 0.299     |
|    clip_range           | 0.2       |
|    entropy_loss         | -0.31     |
|    explained_variance   | 0.92      |
|    learning_rate        | 0.0003    |
|    loss                 | 1.57      |
|    n_updates            | 12100     |
|    policy_gradient_loss | -0.00435  |
|    std                  | 0.285     |
|    value_loss           | 5.11      |
---------------------------------------
-----------------------------------------
| rollout/                |             |
|    ep_len_mean          | 172         |
|    ep_rew_mean          | -26.9       |
| time/                   |             |
|    fps                  | 2221        |
|    iterations           | 232         |
|    time_elapsed         | 855         |
|    total_timesteps      | 1900544     |
| train/                  |             |
|    approx_kl            | 0.022253862 |
|    clip_fraction        | 0.206       |
|    clip_range           | 0.2         |
|    entropy_loss         | -0.324      |
|    explained_variance   | 0.932       |
|    learning_rate        | 0.0003      |
|    loss                 | 4.66        |
|    n_updates            | 12110       |
|    policy_gradient_loss | -0.00993    |
|    std                  | 0.287       |
|    value_loss           | 10.1        |
-----------------------------------------
-----------------------------------------
| rollout/                |             |
|    ep_len_mean          | 175         |
|    ep_rew_mean          | -23.7       |
| time/                   |             |
|    fps                  | 2222        |
|    iterations           | 233         |
|    time_elapsed         | 858         |
|    total_timesteps      | 1908736     |
| train/                  |             |
|    approx_kl            | 0.020630158 |
|    clip_fraction        | 0.217       |
|    clip_range           | 0.2         |
|    entropy_loss         | -0.33       |
|    explained_variance   | 0.933       |
|    learning_rate        | 0.0003      |
|    loss                 | 7.57        |
|    n_updates            | 12120       |
|    policy_gradient_loss | -0.00917    |
|    std                  | 0.286       |
|    value_loss           | 14.6        |
-----------------------------------------
-----------------------------------------
| rollout/                |             |
|    ep_len_mean          | 189         |
|    ep_rew_mean          | -29.4       |
| time/                   |             |
|    fps                  | 2223        |
|    iterations           | 234         |
|    time_elapsed         | 862         |
|    total_timesteps      | 1916928     |
| train/                  |             |
|    approx_kl            | 0.024654143 |
|    clip_fraction        | 0.248       |
|    clip_range           | 0.2         |
|    entropy_loss         | -0.328      |
|    explained_variance   | 0.936       |
|    learning_rate        | 0.0003      |
|    loss                 | 3.29        |
|    n_updates            | 12130       |
|    policy_gradient_loss | -0.00661    |
|    std                  | 0.286       |
|    value_loss           | 8.97        |
-----------------------------------------
-----------------------------------------
| rollout/                |             |
|    ep_len_mean          | 242         |
|    ep_rew_mean          | -48.3       |
| time/                   |             |
|    fps                  | 2223        |
|    iterations           | 235         |
|    time_elapsed         | 865         |
|    total_timesteps      | 1925120     |
| train/                  |             |
|    approx_kl            | 0.039182022 |
|    clip_fraction        | 0.269       |
|    clip_range           | 0.2         |
|    entropy_loss         | -0.315      |
|    explained_variance   | 0.948       |
|    learning_rate        | 0.0003      |
|    loss                 | 3.27        |
|    n_updates            | 12140       |
|    policy_gradient_loss | -0.0096     |
|    std                  | 0.284       |
|    value_loss           | 10.1        |
-----------------------------------------
----------------------------------------
| rollout/                |            |
|    ep_len_mean          | 211        |
|    ep_rew_mean          | -38.1      |
| time/                   |            |
|    fps                  | 2223       |
|    iterations           | 236        |
|    time_elapsed         | 869        |
|    total_timesteps      | 1933312    |
| train/                  |            |
|    approx_kl            | 0.02378757 |
|    clip_fraction        | 0.268      |
|    clip_range           | 0.2        |
|    entropy_loss         | -0.324     |
|    explained_variance   | 0.924      |
|    learning_rate        | 0.0003     |
|    loss                 | 2.79       |
|    n_updates            | 12150      |
|    policy_gradient_loss | -0.00504   |
|    std                  | 0.285      |
|    value_loss           | 9.76       |
----------------------------------------
-----------------------------------------
| rollout/                |             |
|    ep_len_mean          | 214         |
|    ep_rew_mean          | -38         |
| time/                   |             |
|    fps                  | 2224        |
|    iterations           | 237         |
|    time_elapsed         | 872         |
|    total_timesteps      | 1941504     |
| train/                  |             |
|    approx_kl            | 0.025651827 |
|    clip_fraction        | 0.251       |
|    clip_range           | 0.2         |
|    entropy_loss         | -0.328      |
|    explained_variance   | 0.934       |
|    learning_rate        | 0.0003      |
|    loss                 | 8.99        |
|    n_updates            | 12160       |
|    policy_gradient_loss | -0.00952    |
|    std                  | 0.285       |
|    value_loss           | 15.4        |
-----------------------------------------
----------------------------------------
| rollout/                |            |
|    ep_len_mean          | 203        |
|    ep_rew_mean          | -31.9      |
| time/                   |            |
|    fps                  | 2225       |
|    iterations           | 238        |
|    time_elapsed         | 876        |
|    total_timesteps      | 1949696    |
| train/                  |            |
|    approx_kl            | 0.02277853 |
|    clip_fraction        | 0.202      |
|    clip_range           | 0.2        |
|    entropy_loss         | -0.321     |
|    explained_variance   | 0.916      |
|    learning_rate        | 0.0003     |
|    loss                 | 5.61       |
|    n_updates            | 12170      |
|    policy_gradient_loss | -0.00689   |
|    std                  | 0.285      |
|    value_loss           | 14.1       |
----------------------------------------
-----------------------------------------
| rollout/                |             |
|    ep_len_mean          | 190         |
|    ep_rew_mean          | -26.7       |
| time/                   |             |
|    fps                  | 2226        |
|    iterations           | 239         |
|    time_elapsed         | 879         |
|    total_timesteps      | 1957888     |
| train/                  |             |
|    approx_kl            | 0.029281117 |
|    clip_fraction        | 0.262       |
|    clip_range           | 0.2         |
|    entropy_loss         | -0.318      |
|    explained_variance   | 0.942       |
|    learning_rate        | 0.0003      |
|    loss                 | 5.08        |
|    n_updates            | 12180       |
|    policy_gradient_loss | -0.00717    |
|    std                  | 0.284       |
|    value_loss           | 11.3        |
-----------------------------------------
----------------------------------------
| rollout/                |            |
|    ep_len_mean          | 169        |
|    ep_rew_mean          | -20.7      |
| time/                   |            |
|    fps                  | 2226       |
|    iterations           | 240        |
|    time_elapsed         | 883        |
|    total_timesteps      | 1966080    |
| train/                  |            |
|    approx_kl            | 0.03638815 |
|    clip_fraction        | 0.366      |
|    clip_range           | 0.2        |
|    entropy_loss         | -0.312     |
|    explained_variance   | 0.946      |
|    learning_rate        | 0.0003     |
|    loss                 | 4.77       |
|    n_updates            | 12190      |
|    policy_gradient_loss | 0.00313    |
|    std                  | 0.283      |
|    value_loss           | 11.7       |
----------------------------------------
----------------------------------------
| rollout/                |            |
|    ep_len_mean          | 190        |
|    ep_rew_mean          | -25.8      |
| time/                   |            |
|    fps                  | 2226       |
|    iterations           | 241        |
|    time_elapsed         | 886        |
|    total_timesteps      | 1974272    |
| train/                  |            |
|    approx_kl            | 0.02735899 |
|    clip_fraction        | 0.272      |
|    clip_range           | 0.2        |
|    entropy_loss         | -0.32      |
|    explained_variance   | 0.954      |
|    learning_rate        | 0.0003     |
|    loss                 | 5.34       |
|    n_updates            | 12200      |
|    policy_gradient_loss | -0.00527   |
|    std                  | 0.285      |
|    value_loss           | 10.7       |
----------------------------------------
----------------------------------------
| rollout/                |            |
|    ep_len_mean          | 206        |
|    ep_rew_mean          | -32.3      |
| time/                   |            |
|    fps                  | 2227       |
|    iterations           | 242        |
|    time_elapsed         | 889        |
|    total_timesteps      | 1982464    |
| train/                  |            |
|    approx_kl            | 0.03442584 |
|    clip_fraction        | 0.311      |
|    clip_range           | 0.2        |
|    entropy_loss         | -0.334     |
|    explained_variance   | 0.941      |
|    learning_rate        | 0.0003     |
|    loss                 | 2.97       |
|    n_updates            | 12210      |
|    policy_gradient_loss | -0.00256   |
|    std                  | 0.286      |
|    value_loss           | 9.96       |
----------------------------------------
-----------------------------------------
| rollout/                |             |
|    ep_len_mean          | 220         |
|    ep_rew_mean          | -35.9       |
| time/                   |             |
|    fps                  | 2228        |
|    iterations           | 243         |
|    time_elapsed         | 893         |
|    total_timesteps      | 1990656     |
| train/                  |             |
|    approx_kl            | 0.034424704 |
|    clip_fraction        | 0.312       |
|    clip_range           | 0.2         |
|    entropy_loss         | -0.349      |
|    explained_variance   | 0.95        |
|    learning_rate        | 0.0003      |
|    loss                 | 2.29        |
|    n_updates            | 12220       |
|    policy_gradient_loss | -1.99e-05   |
|    std                  | 0.287       |
|    value_loss           | 5.8         |
-----------------------------------------
-----------------------------------------
| rollout/                |             |
|    ep_len_mean          | 226         |
|    ep_rew_mean          | -40.5       |
| time/                   |             |
|    fps                  | 2229        |
|    iterations           | 244         |
|    time_elapsed         | 896         |
|    total_timesteps      | 1998848     |
| train/                  |             |
|    approx_kl            | 0.025523264 |
|    clip_fraction        | 0.217       |
|    clip_range           | 0.2         |
|    entropy_loss         | -0.34       |
|    explained_variance   | 0.941       |
|    learning_rate        | 0.0003      |
|    loss                 | 6.17        |
|    n_updates            | 12230       |
|    policy_gradient_loss | -0.00877    |
|    std                  | 0.285       |
|    value_loss           | 13.2        |
-----------------------------------------
[PeriodicArtifactCallback] step 2000000: running periodic self-monitoring analysis...
[PeriodicArtifactCallback] analysis written to C:\GitHub\HumanoidRobot\simulation\training\pick_place\runs\pp_v26\analysis_2000000.md (stalled=False)
[PeriodicArtifactCallback] step 2000000: saving checkpoint, evaluating, rendering...
[PeriodicArtifactCallback] step 2000000: success_rate=0.60 pick_success_rate=0.70 mean_reward=-99.12 -> C:\GitHub\HumanoidRobot\simulation\training\pick_place\runs\pp_v26\dashboard.html
-----------------------------------------
| rollout/                |             |
|    ep_len_mean          | 226         |
|    ep_rew_mean          | -40.2       |
| time/                   |             |
|    fps                  | 2211        |
|    iterations           | 245         |
|    time_elapsed         | 907         |
|    total_timesteps      | 2007040     |
| train/                  |             |
|    approx_kl            | 0.032913513 |
|    clip_fraction        | 0.262       |
|    clip_range           | 0.2         |
|    entropy_loss         | -0.331      |
|    explained_variance   | 0.936       |
|    learning_rate        | 0.0003      |
|    loss                 | 1.55        |
|    n_updates            | 12240       |
|    policy_gradient_loss | -0.00839    |
|    std                  | 0.286       |
|    value_loss           | 5.71        |
-----------------------------------------
[PeriodicArtifactCallback] step 2007040: saving checkpoint, evaluating, rendering...
[PeriodicArtifactCallback] step 2007040: success_rate=0.70 pick_success_rate=0.70 mean_reward=-76.68 -> C:\GitHub\HumanoidRobot\simulation\training\pick_place\runs\pp_v26\dashboard.html
Training complete. Final checkpoint: C:\GitHub\HumanoidRobot\simulation\training\pick_place\runs\pp_v26\checkpoints\final.zip
Dashboard: C:\GitHub\HumanoidRobot\simulation\training\pick_place\runs\pp_v26\dashboard.html
