Using cuda device
Logging to C:\GitHub\HumanoidRobot\simulation\training\pick_place\runs\pp_v12\logs\pp_v12_1
---------------------------------
| rollout/           |          |
|    ep_len_mean     | 23.6     |
|    ep_rew_mean     | 2.93     |
| time/              |          |
|    fps             | 4460     |
|    iterations      | 1        |
|    time_elapsed    | 1        |
|    total_timesteps | 8192     |
---------------------------------
------------------------------------------
| rollout/                |              |
|    ep_len_mean          | 349          |
|    ep_rew_mean          | -364         |
| time/                   |              |
|    fps                  | 3207         |
|    iterations           | 2            |
|    time_elapsed         | 5            |
|    total_timesteps      | 16384        |
| train/                  |              |
|    approx_kl            | 0.0057099196 |
|    clip_fraction        | 0.0519       |
|    clip_range           | 0.2          |
|    entropy_loss         | -5.66        |
|    explained_variance   | 0.0288       |
|    learning_rate        | 0.0003       |
|    loss                 | 10.1         |
|    n_updates            | 10           |
|    policy_gradient_loss | -0.00352     |
|    std                  | 0.995        |
|    value_loss           | 100          |
------------------------------------------
------------------------------------------
| rollout/                |              |
|    ep_len_mean          | 405          |
|    ep_rew_mean          | -379         |
| time/                   |              |
|    fps                  | 3030         |
|    iterations           | 3            |
|    time_elapsed         | 8            |
|    total_timesteps      | 24576        |
| train/                  |              |
|    approx_kl            | 0.0050735576 |
|    clip_fraction        | 0.0325       |
|    clip_range           | 0.2          |
|    entropy_loss         | -5.66        |
|    explained_variance   | 0.384        |
|    learning_rate        | 0.0003       |
|    loss                 | 10.6         |
|    n_updates            | 20           |
|    policy_gradient_loss | -0.00349     |
|    std                  | 0.997        |
|    value_loss           | 54.4         |
------------------------------------------
----------------------------------------
| rollout/                |            |
|    ep_len_mean          | 426        |
|    ep_rew_mean          | -417       |
| time/                   |            |
|    fps                  | 2923       |
|    iterations           | 4          |
|    time_elapsed         | 11         |
|    total_timesteps      | 32768      |
| train/                  |            |
|    approx_kl            | 0.00587646 |
|    clip_fraction        | 0.038      |
|    clip_range           | 0.2        |
|    entropy_loss         | -5.66      |
|    explained_variance   | 0.569      |
|    learning_rate        | 0.0003     |
|    loss                 | 9.04       |
|    n_updates            | 30         |
|    policy_gradient_loss | -0.00334   |
|    std                  | 0.994      |
|    value_loss           | 60.7       |
----------------------------------------
-----------------------------------------
| rollout/                |             |
|    ep_len_mean          | 424         |
|    ep_rew_mean          | -408        |
| time/                   |             |
|    fps                  | 2869        |
|    iterations           | 5           |
|    time_elapsed         | 14          |
|    total_timesteps      | 40960       |
| train/                  |             |
|    approx_kl            | 0.004204449 |
|    clip_fraction        | 0.0169      |
|    clip_range           | 0.2         |
|    entropy_loss         | -5.65       |
|    explained_variance   | 0.758       |
|    learning_rate        | 0.0003      |
|    loss                 | 11          |
|    n_updates            | 40          |
|    policy_gradient_loss | -0.00185    |
|    std                  | 0.99        |
|    value_loss           | 60.4        |
-----------------------------------------
------------------------------------------
| rollout/                |              |
|    ep_len_mean          | 459          |
|    ep_rew_mean          | -433         |
| time/                   |              |
|    fps                  | 2850         |
|    iterations           | 6            |
|    time_elapsed         | 17           |
|    total_timesteps      | 49152        |
| train/                  |              |
|    approx_kl            | 0.0053673657 |
|    clip_fraction        | 0.0414       |
|    clip_range           | 0.2          |
|    entropy_loss         | -5.63        |
|    explained_variance   | 0.869        |
|    learning_rate        | 0.0003       |
|    loss                 | 6.92         |
|    n_updates            | 50           |
|    policy_gradient_loss | -0.00319     |
|    std                  | 0.989        |
|    value_loss           | 42.7         |
------------------------------------------
-----------------------------------------
| rollout/                |             |
|    ep_len_mean          | 442         |
|    ep_rew_mean          | -408        |
| time/                   |             |
|    fps                  | 2818        |
|    iterations           | 7           |
|    time_elapsed         | 20          |
|    total_timesteps      | 57344       |
| train/                  |             |
|    approx_kl            | 0.007080417 |
|    clip_fraction        | 0.0544      |
|    clip_range           | 0.2         |
|    entropy_loss         | -5.63       |
|    explained_variance   | 0.873       |
|    learning_rate        | 0.0003      |
|    loss                 | 10.9        |
|    n_updates            | 60          |
|    policy_gradient_loss | -0.00397    |
|    std                  | 0.989       |
|    value_loss           | 38          |
-----------------------------------------
-----------------------------------------
| rollout/                |             |
|    ep_len_mean          | 440         |
|    ep_rew_mean          | -408        |
| time/                   |             |
|    fps                  | 2808        |
|    iterations           | 8           |
|    time_elapsed         | 23          |
|    total_timesteps      | 65536       |
| train/                  |             |
|    approx_kl            | 0.009536309 |
|    clip_fraction        | 0.0807      |
|    clip_range           | 0.2         |
|    entropy_loss         | -5.64       |
|    explained_variance   | 0.946       |
|    learning_rate        | 0.0003      |
|    loss                 | 6.84        |
|    n_updates            | 70          |
|    policy_gradient_loss | -0.00424    |
|    std                  | 0.992       |
|    value_loss           | 24.5        |
-----------------------------------------
-----------------------------------------
| rollout/                |             |
|    ep_len_mean          | 457         |
|    ep_rew_mean          | -420        |
| time/                   |             |
|    fps                  | 2784        |
|    iterations           | 9           |
|    time_elapsed         | 26          |
|    total_timesteps      | 73728       |
| train/                  |             |
|    approx_kl            | 0.007593208 |
|    clip_fraction        | 0.066       |
|    clip_range           | 0.2         |
|    entropy_loss         | -5.64       |
|    explained_variance   | 0.943       |
|    learning_rate        | 0.0003      |
|    loss                 | 11.8        |
|    n_updates            | 80          |
|    policy_gradient_loss | -0.00448    |
|    std                  | 0.991       |
|    value_loss           | 32.2        |
-----------------------------------------
-----------------------------------------
| rollout/                |             |
|    ep_len_mean          | 433         |
|    ep_rew_mean          | -383        |
| time/                   |             |
|    fps                  | 2730        |
|    iterations           | 10          |
|    time_elapsed         | 30          |
|    total_timesteps      | 81920       |
| train/                  |             |
|    approx_kl            | 0.006551115 |
|    clip_fraction        | 0.0502      |
|    clip_range           | 0.2         |
|    entropy_loss         | -5.64       |
|    explained_variance   | 0.977       |
|    learning_rate        | 0.0003      |
|    loss                 | 2.44        |
|    n_updates            | 90          |
|    policy_gradient_loss | -0.00308    |
|    std                  | 0.993       |
|    value_loss           | 10.3        |
-----------------------------------------
-----------------------------------------
| rollout/                |             |
|    ep_len_mean          | 462         |
|    ep_rew_mean          | -414        |
| time/                   |             |
|    fps                  | 2701        |
|    iterations           | 11          |
|    time_elapsed         | 33          |
|    total_timesteps      | 90112       |
| train/                  |             |
|    approx_kl            | 0.005544712 |
|    clip_fraction        | 0.0384      |
|    clip_range           | 0.2         |
|    entropy_loss         | -5.64       |
|    explained_variance   | 0.94        |
|    learning_rate        | 0.0003      |
|    loss                 | 9.74        |
|    n_updates            | 100         |
|    policy_gradient_loss | -0.00155    |
|    std                  | 0.99        |
|    value_loss           | 34.3        |
-----------------------------------------
------------------------------------------
| rollout/                |              |
|    ep_len_mean          | 461          |
|    ep_rew_mean          | -412         |
| time/                   |              |
|    fps                  | 2681         |
|    iterations           | 12           |
|    time_elapsed         | 36           |
|    total_timesteps      | 98304        |
| train/                  |              |
|    approx_kl            | 0.0075387233 |
|    clip_fraction        | 0.0648       |
|    clip_range           | 0.2          |
|    entropy_loss         | -5.64        |
|    explained_variance   | 0.96         |
|    learning_rate        | 0.0003       |
|    loss                 | 6.13         |
|    n_updates            | 110          |
|    policy_gradient_loss | -0.00512     |
|    std                  | 0.992        |
|    value_loss           | 16.8         |
------------------------------------------
-----------------------------------------
| rollout/                |             |
|    ep_len_mean          | 467         |
|    ep_rew_mean          | -406        |
| time/                   |             |
|    fps                  | 2677        |
|    iterations           | 13          |
|    time_elapsed         | 39          |
|    total_timesteps      | 106496      |
| train/                  |             |
|    approx_kl            | 0.009740721 |
|    clip_fraction        | 0.118       |
|    clip_range           | 0.2         |
|    entropy_loss         | -5.62       |
|    explained_variance   | 0.931       |
|    learning_rate        | 0.0003      |
|    loss                 | 15          |
|    n_updates            | 120         |
|    policy_gradient_loss | -0.00761    |
|    std                  | 0.984       |
|    value_loss           | 34.1        |
-----------------------------------------
------------------------------------------
| rollout/                |              |
|    ep_len_mean          | 461          |
|    ep_rew_mean          | -376         |
| time/                   |              |
|    fps                  | 2656         |
|    iterations           | 14           |
|    time_elapsed         | 43           |
|    total_timesteps      | 114688       |
| train/                  |              |
|    approx_kl            | 0.0076708267 |
|    clip_fraction        | 0.0828       |
|    clip_range           | 0.2          |
|    entropy_loss         | -5.6         |
|    explained_variance   | 0.955        |
|    learning_rate        | 0.0003       |
|    loss                 | 5.21         |
|    n_updates            | 130          |
|    policy_gradient_loss | -0.00738     |
|    std                  | 0.978        |
|    value_loss           | 15.5         |
------------------------------------------
-----------------------------------------
| rollout/                |             |
|    ep_len_mean          | 438         |
|    ep_rew_mean          | -324        |
| time/                   |             |
|    fps                  | 2640        |
|    iterations           | 15          |
|    time_elapsed         | 46          |
|    total_timesteps      | 122880      |
| train/                  |             |
|    approx_kl            | 0.006266778 |
|    clip_fraction        | 0.0877      |
|    clip_range           | 0.2         |
|    entropy_loss         | -5.59       |
|    explained_variance   | 0.944       |
|    learning_rate        | 0.0003      |
|    loss                 | 3.91        |
|    n_updates            | 140         |
|    policy_gradient_loss | -0.00661    |
|    std                  | 0.978       |
|    value_loss           | 16          |
-----------------------------------------
------------------------------------------
| rollout/                |              |
|    ep_len_mean          | 450          |
|    ep_rew_mean          | -309         |
| time/                   |              |
|    fps                  | 2633         |
|    iterations           | 16           |
|    time_elapsed         | 49           |
|    total_timesteps      | 131072       |
| train/                  |              |
|    approx_kl            | 0.0061990838 |
|    clip_fraction        | 0.0736       |
|    clip_range           | 0.2          |
|    entropy_loss         | -5.59        |
|    explained_variance   | 0.923        |
|    learning_rate        | 0.0003       |
|    loss                 | 10.9         |
|    n_updates            | 150          |
|    policy_gradient_loss | -0.00473     |
|    std                  | 0.978        |
|    value_loss           | 17.1         |
------------------------------------------
------------------------------------------
| rollout/                |              |
|    ep_len_mean          | 433          |
|    ep_rew_mean          | -265         |
| time/                   |              |
|    fps                  | 2634         |
|    iterations           | 17           |
|    time_elapsed         | 52           |
|    total_timesteps      | 139264       |
| train/                  |              |
|    approx_kl            | 0.0069048097 |
|    clip_fraction        | 0.0786       |
|    clip_range           | 0.2          |
|    entropy_loss         | -5.57        |
|    explained_variance   | 0.911        |
|    learning_rate        | 0.0003       |
|    loss                 | 7.26         |
|    n_updates            | 160          |
|    policy_gradient_loss | -0.00435     |
|    std                  | 0.97         |
|    value_loss           | 23.3         |
------------------------------------------
------------------------------------------
| rollout/                |              |
|    ep_len_mean          | 449          |
|    ep_rew_mean          | -256         |
| time/                   |              |
|    fps                  | 2637         |
|    iterations           | 18           |
|    time_elapsed         | 55           |
|    total_timesteps      | 147456       |
| train/                  |              |
|    approx_kl            | 0.0045646583 |
|    clip_fraction        | 0.0565       |
|    clip_range           | 0.2          |
|    entropy_loss         | -5.55        |
|    explained_variance   | 0.914        |
|    learning_rate        | 0.0003       |
|    loss                 | 4.74         |
|    n_updates            | 170          |
|    policy_gradient_loss | -0.00356     |
|    std                  | 0.973        |
|    value_loss           | 13.1         |
------------------------------------------
------------------------------------------
| rollout/                |              |
|    ep_len_mean          | 461          |
|    ep_rew_mean          | -266         |
| time/                   |              |
|    fps                  | 2626         |
|    iterations           | 19           |
|    time_elapsed         | 59           |
|    total_timesteps      | 155648       |
| train/                  |              |
|    approx_kl            | 0.0065203616 |
|    clip_fraction        | 0.0573       |
|    clip_range           | 0.2          |
|    entropy_loss         | -5.55        |
|    explained_variance   | 0.821        |
|    learning_rate        | 0.0003       |
|    loss                 | 6.96         |
|    n_updates            | 180          |
|    policy_gradient_loss | -0.00263     |
|    std                  | 0.965        |
|    value_loss           | 14.9         |
------------------------------------------
-----------------------------------------
| rollout/                |             |
|    ep_len_mean          | 449         |
|    ep_rew_mean          | -252        |
| time/                   |             |
|    fps                  | 2615        |
|    iterations           | 20          |
|    time_elapsed         | 62          |
|    total_timesteps      | 163840      |
| train/                  |             |
|    approx_kl            | 0.009302879 |
|    clip_fraction        | 0.0768      |
|    clip_range           | 0.2         |
|    entropy_loss         | -5.54       |
|    explained_variance   | 0.852       |
|    learning_rate        | 0.0003      |
|    loss                 | 5.36        |
|    n_updates            | 190         |
|    policy_gradient_loss | -0.00217    |
|    std                  | 0.969       |
|    value_loss           | 8.11        |
-----------------------------------------
------------------------------------------
| rollout/                |              |
|    ep_len_mean          | 455          |
|    ep_rew_mean          | -255         |
| time/                   |              |
|    fps                  | 2612         |
|    iterations           | 21           |
|    time_elapsed         | 65           |
|    total_timesteps      | 172032       |
| train/                  |              |
|    approx_kl            | 0.0071303295 |
|    clip_fraction        | 0.065        |
|    clip_range           | 0.2          |
|    entropy_loss         | -5.52        |
|    explained_variance   | 0.769        |
|    learning_rate        | 0.0003       |
|    loss                 | 5.91         |
|    n_updates            | 200          |
|    policy_gradient_loss | -0.00494     |
|    std                  | 0.958        |
|    value_loss           | 11.2         |
------------------------------------------
------------------------------------------
| rollout/                |              |
|    ep_len_mean          | 409          |
|    ep_rew_mean          | -228         |
| time/                   |              |
|    fps                  | 2611         |
|    iterations           | 22           |
|    time_elapsed         | 69           |
|    total_timesteps      | 180224       |
| train/                  |              |
|    approx_kl            | 0.0049053477 |
|    clip_fraction        | 0.0368       |
|    clip_range           | 0.2          |
|    entropy_loss         | -5.52        |
|    explained_variance   | 0.791        |
|    learning_rate        | 0.0003       |
|    loss                 | 5.83         |
|    n_updates            | 210          |
|    policy_gradient_loss | -0.002       |
|    std                  | 0.965        |
|    value_loss           | 20.1         |
------------------------------------------
---------------------------------------
| rollout/                |           |
|    ep_len_mean          | 355       |
|    ep_rew_mean          | -195      |
| time/                   |           |
|    fps                  | 2606      |
|    iterations           | 23        |
|    time_elapsed         | 72        |
|    total_timesteps      | 188416    |
| train/                  |           |
|    approx_kl            | 0.0047421 |
|    clip_fraction        | 0.0351    |
|    clip_range           | 0.2       |
|    entropy_loss         | -5.52     |
|    explained_variance   | 0.745     |
|    learning_rate        | 0.0003    |
|    loss                 | 15        |
|    n_updates            | 220       |
|    policy_gradient_loss | -0.00244  |
|    std                  | 0.964     |
|    value_loss           | 33.7      |
---------------------------------------
------------------------------------------
| rollout/                |              |
|    ep_len_mean          | 361          |
|    ep_rew_mean          | -193         |
| time/                   |              |
|    fps                  | 2598         |
|    iterations           | 24           |
|    time_elapsed         | 75           |
|    total_timesteps      | 196608       |
| train/                  |              |
|    approx_kl            | 0.0055674687 |
|    clip_fraction        | 0.0412       |
|    clip_range           | 0.2          |
|    entropy_loss         | -5.5         |
|    explained_variance   | 0.803        |
|    learning_rate        | 0.0003       |
|    loss                 | 12.8         |
|    n_updates            | 230          |
|    policy_gradient_loss | -0.00269     |
|    std                  | 0.953        |
|    value_loss           | 27.8         |
------------------------------------------
[PeriodicArtifactCallback] step 200000: saving checkpoint, evaluating, rendering...
[PeriodicArtifactCallback] step 200000: success_rate=0.00 pick_success_rate=0.10 mean_reward=-439.79 -> C:\GitHub\HumanoidRobot\simulation\training\pick_place\runs\pp_v12\dashboard.html
------------------------------------------
| rollout/                |              |
|    ep_len_mean          | 367          |
|    ep_rew_mean          | -189         |
| time/                   |              |
|    fps                  | 2232         |
|    iterations           | 25           |
|    time_elapsed         | 91           |
|    total_timesteps      | 204800       |
| train/                  |              |
|    approx_kl            | 0.0090791425 |
|    clip_fraction        | 0.0782       |
|    clip_range           | 0.2          |
|    entropy_loss         | -5.43        |
|    explained_variance   | 0.889        |
|    learning_rate        | 0.0003       |
|    loss                 | 2.44         |
|    n_updates            | 240          |
|    policy_gradient_loss | -0.0028      |
|    std                  | 0.935        |
|    value_loss           | 8.43         |
------------------------------------------
------------------------------------------
| rollout/                |              |
|    ep_len_mean          | 372          |
|    ep_rew_mean          | -190         |
| time/                   |              |
|    fps                  | 2245         |
|    iterations           | 26           |
|    time_elapsed         | 94           |
|    total_timesteps      | 212992       |
| train/                  |              |
|    approx_kl            | 0.0074518607 |
|    clip_fraction        | 0.0854       |
|    clip_range           | 0.2          |
|    entropy_loss         | -5.38        |
|    explained_variance   | 0.765        |
|    learning_rate        | 0.0003       |
|    loss                 | 1.8          |
|    n_updates            | 250          |
|    policy_gradient_loss | -0.00161     |
|    std                  | 0.928        |
|    value_loss           | 10.9         |
------------------------------------------
-----------------------------------------
| rollout/                |             |
|    ep_len_mean          | 344         |
|    ep_rew_mean          | -169        |
| time/                   |             |
|    fps                  | 2249        |
|    iterations           | 27          |
|    time_elapsed         | 98          |
|    total_timesteps      | 221184      |
| train/                  |             |
|    approx_kl            | 0.006814825 |
|    clip_fraction        | 0.0754      |
|    clip_range           | 0.2         |
|    entropy_loss         | -5.37       |
|    explained_variance   | 0.824       |
|    learning_rate        | 0.0003      |
|    loss                 | 5.19        |
|    n_updates            | 260         |
|    policy_gradient_loss | -0.0023     |
|    std                  | 0.927       |
|    value_loss           | 11          |
-----------------------------------------
------------------------------------------
| rollout/                |              |
|    ep_len_mean          | 362          |
|    ep_rew_mean          | -186         |
| time/                   |              |
|    fps                  | 2254         |
|    iterations           | 28           |
|    time_elapsed         | 101          |
|    total_timesteps      | 229376       |
| train/                  |              |
|    approx_kl            | 0.0072923573 |
|    clip_fraction        | 0.0678       |
|    clip_range           | 0.2          |
|    entropy_loss         | -5.36        |
|    explained_variance   | 0.867        |
|    learning_rate        | 0.0003       |
|    loss                 | 3.84         |
|    n_updates            | 270          |
|    policy_gradient_loss | -0.00411     |
|    std                  | 0.924        |
|    value_loss           | 13.9         |
------------------------------------------
-----------------------------------------
| rollout/                |             |
|    ep_len_mean          | 373         |
|    ep_rew_mean          | -186        |
| time/                   |             |
|    fps                  | 2262        |
|    iterations           | 29          |
|    time_elapsed         | 105         |
|    total_timesteps      | 237568      |
| train/                  |             |
|    approx_kl            | 0.008178766 |
|    clip_fraction        | 0.0842      |
|    clip_range           | 0.2         |
|    entropy_loss         | -5.35       |
|    explained_variance   | 0.86        |
|    learning_rate        | 0.0003      |
|    loss                 | 12.1        |
|    n_updates            | 280         |
|    policy_gradient_loss | -0.00289    |
|    std                  | 0.921       |
|    value_loss           | 17.9        |
-----------------------------------------
-----------------------------------------
| rollout/                |             |
|    ep_len_mean          | 362         |
|    ep_rew_mean          | -181        |
| time/                   |             |
|    fps                  | 2271        |
|    iterations           | 30          |
|    time_elapsed         | 108         |
|    total_timesteps      | 245760      |
| train/                  |             |
|    approx_kl            | 0.007551524 |
|    clip_fraction        | 0.0815      |
|    clip_range           | 0.2         |
|    entropy_loss         | -5.35       |
|    explained_variance   | 0.92        |
|    learning_rate        | 0.0003      |
|    loss                 | 2.62        |
|    n_updates            | 290         |
|    policy_gradient_loss | -0.00367    |
|    std                  | 0.924       |
|    value_loss           | 7.61        |
-----------------------------------------
-----------------------------------------
| rollout/                |             |
|    ep_len_mean          | 373         |
|    ep_rew_mean          | -186        |
| time/                   |             |
|    fps                  | 2281        |
|    iterations           | 31          |
|    time_elapsed         | 111         |
|    total_timesteps      | 253952      |
| train/                  |             |
|    approx_kl            | 0.005815831 |
|    clip_fraction        | 0.0705      |
|    clip_range           | 0.2         |
|    entropy_loss         | -5.36       |
|    explained_variance   | 0.902       |
|    learning_rate        | 0.0003      |
|    loss                 | 3.72        |
|    n_updates            | 300         |
|    policy_gradient_loss | -0.00414    |
|    std                  | 0.926       |
|    value_loss           | 10.9        |
-----------------------------------------
-----------------------------------------
| rollout/                |             |
|    ep_len_mean          | 385         |
|    ep_rew_mean          | -189        |
| time/                   |             |
|    fps                  | 2290        |
|    iterations           | 32          |
|    time_elapsed         | 114         |
|    total_timesteps      | 262144      |
| train/                  |             |
|    approx_kl            | 0.008000979 |
|    clip_fraction        | 0.101       |
|    clip_range           | 0.2         |
|    entropy_loss         | -5.36       |
|    explained_variance   | 0.858       |
|    learning_rate        | 0.0003      |
|    loss                 | 2.68        |
|    n_updates            | 310         |
|    policy_gradient_loss | -0.00417    |
|    std                  | 0.923       |
|    value_loss           | 7.27        |
-----------------------------------------
-----------------------------------------
| rollout/                |             |
|    ep_len_mean          | 402         |
|    ep_rew_mean          | -187        |
| time/                   |             |
|    fps                  | 2296        |
|    iterations           | 33          |
|    time_elapsed         | 117         |
|    total_timesteps      | 270336      |
| train/                  |             |
|    approx_kl            | 0.006896118 |
|    clip_fraction        | 0.0811      |
|    clip_range           | 0.2         |
|    entropy_loss         | -5.33       |
|    explained_variance   | 0.906       |
|    learning_rate        | 0.0003      |
|    loss                 | 1.39        |
|    n_updates            | 320         |
|    policy_gradient_loss | -0.00304    |
|    std                  | 0.918       |
|    value_loss           | 3.66        |
-----------------------------------------
-----------------------------------------
| rollout/                |             |
|    ep_len_mean          | 402         |
|    ep_rew_mean          | -193        |
| time/                   |             |
|    fps                  | 2304        |
|    iterations           | 34          |
|    time_elapsed         | 120         |
|    total_timesteps      | 278528      |
| train/                  |             |
|    approx_kl            | 0.007879408 |
|    clip_fraction        | 0.0562      |
|    clip_range           | 0.2         |
|    entropy_loss         | -5.32       |
|    explained_variance   | 0.881       |
|    learning_rate        | 0.0003      |
|    loss                 | 3.47        |
|    n_updates            | 330         |
|    policy_gradient_loss | -0.00215    |
|    std                  | 0.914       |
|    value_loss           | 11.5        |
-----------------------------------------
-----------------------------------------
| rollout/                |             |
|    ep_len_mean          | 391         |
|    ep_rew_mean          | -183        |
| time/                   |             |
|    fps                  | 2309        |
|    iterations           | 35          |
|    time_elapsed         | 124         |
|    total_timesteps      | 286720      |
| train/                  |             |
|    approx_kl            | 0.006601847 |
|    clip_fraction        | 0.0627      |
|    clip_range           | 0.2         |
|    entropy_loss         | -5.29       |
|    explained_variance   | 0.874       |
|    learning_rate        | 0.0003      |
|    loss                 | 3.67        |
|    n_updates            | 340         |
|    policy_gradient_loss | -0.00324    |
|    std                  | 0.908       |
|    value_loss           | 9.69        |
-----------------------------------------
-----------------------------------------
| rollout/                |             |
|    ep_len_mean          | 409         |
|    ep_rew_mean          | -191        |
| time/                   |             |
|    fps                  | 2316        |
|    iterations           | 36          |
|    time_elapsed         | 127         |
|    total_timesteps      | 294912      |
| train/                  |             |
|    approx_kl            | 0.008106057 |
|    clip_fraction        | 0.0814      |
|    clip_range           | 0.2         |
|    entropy_loss         | -5.29       |
|    explained_variance   | 0.792       |
|    learning_rate        | 0.0003      |
|    loss                 | 9.86        |
|    n_updates            | 350         |
|    policy_gradient_loss | -0.00515    |
|    std                  | 0.912       |
|    value_loss           | 19.8        |
-----------------------------------------
----------------------------------------
| rollout/                |            |
|    ep_len_mean          | 393        |
|    ep_rew_mean          | -188       |
| time/                   |            |
|    fps                  | 2322       |
|    iterations           | 37         |
|    time_elapsed         | 130        |
|    total_timesteps      | 303104     |
| train/                  |            |
|    approx_kl            | 0.00576374 |
|    clip_fraction        | 0.0474     |
|    clip_range           | 0.2        |
|    entropy_loss         | -5.3       |
|    explained_variance   | 0.78       |
|    learning_rate        | 0.0003     |
|    loss                 | 5.24       |
|    n_updates            | 360        |
|    policy_gradient_loss | -0.00169   |
|    std                  | 0.912      |
|    value_loss           | 20.1       |
----------------------------------------
------------------------------------------
| rollout/                |              |
|    ep_len_mean          | 358          |
|    ep_rew_mean          | -164         |
| time/                   |              |
|    fps                  | 2329         |
|    iterations           | 38           |
|    time_elapsed         | 133          |
|    total_timesteps      | 311296       |
| train/                  |              |
|    approx_kl            | 0.0052372017 |
|    clip_fraction        | 0.063        |
|    clip_range           | 0.2          |
|    entropy_loss         | -5.3         |
|    explained_variance   | 0.733        |
|    learning_rate        | 0.0003       |
|    loss                 | 8.98         |
|    n_updates            | 370          |
|    policy_gradient_loss | -0.00235     |
|    std                  | 0.914        |
|    value_loss           | 23.7         |
------------------------------------------
------------------------------------------
| rollout/                |              |
|    ep_len_mean          | 335          |
|    ep_rew_mean          | -140         |
| time/                   |              |
|    fps                  | 2338         |
|    iterations           | 39           |
|    time_elapsed         | 136          |
|    total_timesteps      | 319488       |
| train/                  |              |
|    approx_kl            | 0.0065855673 |
|    clip_fraction        | 0.0699       |
|    clip_range           | 0.2          |
|    entropy_loss         | -5.31        |
|    explained_variance   | 0.715        |
|    learning_rate        | 0.0003       |
|    loss                 | 6.18         |
|    n_updates            | 380          |
|    policy_gradient_loss | -0.00291     |
|    std                  | 0.913        |
|    value_loss           | 9.81         |
------------------------------------------
----------------------------------------
| rollout/                |            |
|    ep_len_mean          | 323        |
|    ep_rew_mean          | -143       |
| time/                   |            |
|    fps                  | 2344       |
|    iterations           | 40         |
|    time_elapsed         | 139        |
|    total_timesteps      | 327680     |
| train/                  |            |
|    approx_kl            | 0.00723334 |
|    clip_fraction        | 0.0781     |
|    clip_range           | 0.2        |
|    entropy_loss         | -5.31      |
|    explained_variance   | 0.722      |
|    learning_rate        | 0.0003     |
|    loss                 | 5.49       |
|    n_updates            | 390        |
|    policy_gradient_loss | -0.00336   |
|    std                  | 0.915      |
|    value_loss           | 13.1       |
----------------------------------------
-----------------------------------------
| rollout/                |             |
|    ep_len_mean          | 322         |
|    ep_rew_mean          | -133        |
| time/                   |             |
|    fps                  | 2351        |
|    iterations           | 41          |
|    time_elapsed         | 142         |
|    total_timesteps      | 335872      |
| train/                  |             |
|    approx_kl            | 0.007367956 |
|    clip_fraction        | 0.075       |
|    clip_range           | 0.2         |
|    entropy_loss         | -5.31       |
|    explained_variance   | 0.836       |
|    learning_rate        | 0.0003      |
|    loss                 | 7.55        |
|    n_updates            | 400         |
|    policy_gradient_loss | -0.00291    |
|    std                  | 0.913       |
|    value_loss           | 15.2        |
-----------------------------------------
------------------------------------------
| rollout/                |              |
|    ep_len_mean          | 345          |
|    ep_rew_mean          | -141         |
| time/                   |              |
|    fps                  | 2357         |
|    iterations           | 42           |
|    time_elapsed         | 145          |
|    total_timesteps      | 344064       |
| train/                  |              |
|    approx_kl            | 0.0067235855 |
|    clip_fraction        | 0.0616       |
|    clip_range           | 0.2          |
|    entropy_loss         | -5.31        |
|    explained_variance   | 0.887        |
|    learning_rate        | 0.0003       |
|    loss                 | 2.16         |
|    n_updates            | 410          |
|    policy_gradient_loss | -0.00334     |
|    std                  | 0.916        |
|    value_loss           | 7.76         |
------------------------------------------
-----------------------------------------
| rollout/                |             |
|    ep_len_mean          | 357         |
|    ep_rew_mean          | -149        |
| time/                   |             |
|    fps                  | 2365        |
|    iterations           | 43          |
|    time_elapsed         | 148         |
|    total_timesteps      | 352256      |
| train/                  |             |
|    approx_kl            | 0.006258744 |
|    clip_fraction        | 0.0558      |
|    clip_range           | 0.2         |
|    entropy_loss         | -5.3        |
|    explained_variance   | 0.827       |
|    learning_rate        | 0.0003      |
|    loss                 | 1.84        |
|    n_updates            | 420         |
|    policy_gradient_loss | -0.00124    |
|    std                  | 0.91        |
|    value_loss           | 9.51        |
-----------------------------------------
------------------------------------------
| rollout/                |              |
|    ep_len_mean          | 355          |
|    ep_rew_mean          | -142         |
| time/                   |              |
|    fps                  | 2374         |
|    iterations           | 44           |
|    time_elapsed         | 151          |
|    total_timesteps      | 360448       |
| train/                  |              |
|    approx_kl            | 0.0073355176 |
|    clip_fraction        | 0.0693       |
|    clip_range           | 0.2          |
|    entropy_loss         | -5.28        |
|    explained_variance   | 0.826        |
|    learning_rate        | 0.0003       |
|    loss                 | 5.09         |
|    n_updates            | 430          |
|    policy_gradient_loss | -0.00318     |
|    std                  | 0.906        |
|    value_loss           | 12.6         |
------------------------------------------
-----------------------------------------
| rollout/                |             |
|    ep_len_mean          | 349         |
|    ep_rew_mean          | -139        |
| time/                   |             |
|    fps                  | 2384        |
|    iterations           | 45          |
|    time_elapsed         | 154         |
|    total_timesteps      | 368640      |
| train/                  |             |
|    approx_kl            | 0.005872815 |
|    clip_fraction        | 0.0638      |
|    clip_range           | 0.2         |
|    entropy_loss         | -5.28       |
|    explained_variance   | 0.862       |
|    learning_rate        | 0.0003      |
|    loss                 | 10.4        |
|    n_updates            | 440         |
|    policy_gradient_loss | -0.00273    |
|    std                  | 0.91        |
|    value_loss           | 15.4        |
-----------------------------------------
------------------------------------------
| rollout/                |              |
|    ep_len_mean          | 326          |
|    ep_rew_mean          | -125         |
| time/                   |              |
|    fps                  | 2393         |
|    iterations           | 46           |
|    time_elapsed         | 157          |
|    total_timesteps      | 376832       |
| train/                  |              |
|    approx_kl            | 0.0071661603 |
|    clip_fraction        | 0.069        |
|    clip_range           | 0.2          |
|    entropy_loss         | -5.28        |
|    explained_variance   | 0.844        |
|    learning_rate        | 0.0003       |
|    loss                 | 3.44         |
|    n_updates            | 450          |
|    policy_gradient_loss | -0.00284     |
|    std                  | 0.907        |
|    value_loss           | 10.2         |
------------------------------------------
-----------------------------------------
| rollout/                |             |
|    ep_len_mean          | 332         |
|    ep_rew_mean          | -133        |
| time/                   |             |
|    fps                  | 2403        |
|    iterations           | 47          |
|    time_elapsed         | 160         |
|    total_timesteps      | 385024      |
| train/                  |             |
|    approx_kl            | 0.007069924 |
|    clip_fraction        | 0.0697      |
|    clip_range           | 0.2         |
|    entropy_loss         | -5.27       |
|    explained_variance   | 0.883       |
|    learning_rate        | 0.0003      |
|    loss                 | 7.01        |
|    n_updates            | 460         |
|    policy_gradient_loss | -0.00458    |
|    std                  | 0.904       |
|    value_loss           | 13.1        |
-----------------------------------------
-----------------------------------------
| rollout/                |             |
|    ep_len_mean          | 372         |
|    ep_rew_mean          | -149        |
| time/                   |             |
|    fps                  | 2410        |
|    iterations           | 48          |
|    time_elapsed         | 163         |
|    total_timesteps      | 393216      |
| train/                  |             |
|    approx_kl            | 0.007924902 |
|    clip_fraction        | 0.0651      |
|    clip_range           | 0.2         |
|    entropy_loss         | -5.24       |
|    explained_variance   | 0.827       |
|    learning_rate        | 0.0003      |
|    loss                 | 5.48        |
|    n_updates            | 470         |
|    policy_gradient_loss | -0.00195    |
|    std                  | 0.894       |
|    value_loss           | 13.2        |
-----------------------------------------
[PeriodicArtifactCallback] step 400000: running periodic self-monitoring analysis...
[PeriodicArtifactCallback] analysis written to C:\GitHub\HumanoidRobot\simulation\training\pick_place\runs\pp_v12\analysis_400000.md (stalled=False)
[PeriodicArtifactCallback] step 400000: saving checkpoint, evaluating, rendering...
[PeriodicArtifactCallback] step 400000: success_rate=0.00 pick_success_rate=0.10 mean_reward=-264.84 -> C:\GitHub\HumanoidRobot\simulation\training\pick_place\runs\pp_v12\dashboard.html
------------------------------------------
| rollout/                |              |
|    ep_len_mean          | 381          |
|    ep_rew_mean          | -153         |
| time/                   |              |
|    fps                  | 2175         |
|    iterations           | 49           |
|    time_elapsed         | 184          |
|    total_timesteps      | 401408       |
| train/                  |              |
|    approx_kl            | 0.0062940298 |
|    clip_fraction        | 0.0599       |
|    clip_range           | 0.2          |
|    entropy_loss         | -5.2         |
|    explained_variance   | 0.829        |
|    learning_rate        | 0.0003       |
|    loss                 | 3.87         |
|    n_updates            | 480          |
|    policy_gradient_loss | -0.00132     |
|    std                  | 0.886        |
|    value_loss           | 13.6         |
------------------------------------------
------------------------------------------
| rollout/                |              |
|    ep_len_mean          | 381          |
|    ep_rew_mean          | -158         |
| time/                   |              |
|    fps                  | 2185         |
|    iterations           | 50           |
|    time_elapsed         | 187          |
|    total_timesteps      | 409600       |
| train/                  |              |
|    approx_kl            | 0.0065747006 |
|    clip_fraction        | 0.0638       |
|    clip_range           | 0.2          |
|    entropy_loss         | -5.18        |
|    explained_variance   | 0.871        |
|    learning_rate        | 0.0003       |
|    loss                 | 6.55         |
|    n_updates            | 490          |
|    policy_gradient_loss | -0.00307     |
|    std                  | 0.887        |
|    value_loss           | 16.7         |
------------------------------------------
----------------------------------------
| rollout/                |            |
|    ep_len_mean          | 392        |
|    ep_rew_mean          | -160       |
| time/                   |            |
|    fps                  | 2195       |
|    iterations           | 51         |
|    time_elapsed         | 190        |
|    total_timesteps      | 417792     |
| train/                  |            |
|    approx_kl            | 0.00824357 |
|    clip_fraction        | 0.0757     |
|    clip_range           | 0.2        |
|    entropy_loss         | -5.16      |
|    explained_variance   | 0.886      |
|    learning_rate        | 0.0003     |
|    loss                 | 3.06       |
|    n_updates            | 500        |
|    policy_gradient_loss | -0.00315   |
|    std                  | 0.878      |
|    value_loss           | 7.13       |
----------------------------------------
-----------------------------------------
| rollout/                |             |
|    ep_len_mean          | 404         |
|    ep_rew_mean          | -161        |
| time/                   |             |
|    fps                  | 2204        |
|    iterations           | 52          |
|    time_elapsed         | 193         |
|    total_timesteps      | 425984      |
| train/                  |             |
|    approx_kl            | 0.004964032 |
|    clip_fraction        | 0.0456      |
|    clip_range           | 0.2         |
|    entropy_loss         | -5.15       |
|    explained_variance   | 0.746       |
|    learning_rate        | 0.0003      |
|    loss                 | 10.4        |
|    n_updates            | 510         |
|    policy_gradient_loss | -0.00151    |
|    std                  | 0.88        |
|    value_loss           | 15.4        |
-----------------------------------------
-----------------------------------------
| rollout/                |             |
|    ep_len_mean          | 392         |
|    ep_rew_mean          | -153        |
| time/                   |             |
|    fps                  | 2215        |
|    iterations           | 53          |
|    time_elapsed         | 195         |
|    total_timesteps      | 434176      |
| train/                  |             |
|    approx_kl            | 0.006859908 |
|    clip_fraction        | 0.0706      |
|    clip_range           | 0.2         |
|    entropy_loss         | -5.13       |
|    explained_variance   | 0.902       |
|    learning_rate        | 0.0003      |
|    loss                 | 2.28        |
|    n_updates            | 520         |
|    policy_gradient_loss | -0.00291    |
|    std                  | 0.87        |
|    value_loss           | 8.5         |
-----------------------------------------
------------------------------------------
| rollout/                |              |
|    ep_len_mean          | 380          |
|    ep_rew_mean          | -138         |
| time/                   |              |
|    fps                  | 2224         |
|    iterations           | 54           |
|    time_elapsed         | 198          |
|    total_timesteps      | 442368       |
| train/                  |              |
|    approx_kl            | 0.0079914685 |
|    clip_fraction        | 0.104        |
|    clip_range           | 0.2          |
|    entropy_loss         | -5.1         |
|    explained_variance   | 0.92         |
|    learning_rate        | 0.0003       |
|    loss                 | 2.17         |
|    n_updates            | 530          |
|    policy_gradient_loss | -0.00306     |
|    std                  | 0.868        |
|    value_loss           | 6.19         |
------------------------------------------
-----------------------------------------
| rollout/                |             |
|    ep_len_mean          | 357         |
|    ep_rew_mean          | -135        |
| time/                   |             |
|    fps                  | 2232        |
|    iterations           | 55          |
|    time_elapsed         | 201         |
|    total_timesteps      | 450560      |
| train/                  |             |
|    approx_kl            | 0.007963596 |
|    clip_fraction        | 0.0711      |
|    clip_range           | 0.2         |
|    entropy_loss         | -5.08       |
|    explained_variance   | 0.885       |
|    learning_rate        | 0.0003      |
|    loss                 | 3.84        |
|    n_updates            | 540         |
|    policy_gradient_loss | -0.00247    |
|    std                  | 0.861       |
|    value_loss           | 10.7        |
-----------------------------------------
------------------------------------------
| rollout/                |              |
|    ep_len_mean          | 357          |
|    ep_rew_mean          | -135         |
| time/                   |              |
|    fps                  | 2240         |
|    iterations           | 56           |
|    time_elapsed         | 204          |
|    total_timesteps      | 458752       |
| train/                  |              |
|    approx_kl            | 0.0052049602 |
|    clip_fraction        | 0.0469       |
|    clip_range           | 0.2          |
|    entropy_loss         | -5.06        |
|    explained_variance   | 0.876        |
|    learning_rate        | 0.0003       |
|    loss                 | 2.16         |
|    n_updates            | 550          |
|    policy_gradient_loss | -0.00381     |
|    std                  | 0.859        |
|    value_loss           | 14.5         |
------------------------------------------
-----------------------------------------
| rollout/                |             |
|    ep_len_mean          | 357         |
|    ep_rew_mean          | -127        |
| time/                   |             |
|    fps                  | 2248        |
|    iterations           | 57          |
|    time_elapsed         | 207         |
|    total_timesteps      | 466944      |
| train/                  |             |
|    approx_kl            | 0.006449872 |
|    clip_fraction        | 0.0965      |
|    clip_range           | 0.2         |
|    entropy_loss         | -5.06       |
|    explained_variance   | 0.953       |
|    learning_rate        | 0.0003      |
|    loss                 | 4.15        |
|    n_updates            | 560         |
|    policy_gradient_loss | -0.00181    |
|    std                  | 0.858       |
|    value_loss           | 6.18        |
-----------------------------------------
------------------------------------------
| rollout/                |              |
|    ep_len_mean          | 368          |
|    ep_rew_mean          | -136         |
| time/                   |              |
|    fps                  | 2256         |
|    iterations           | 58           |
|    time_elapsed         | 210          |
|    total_timesteps      | 475136       |
| train/                  |              |
|    approx_kl            | 0.0062348032 |
|    clip_fraction        | 0.0834       |
|    clip_range           | 0.2          |
|    entropy_loss         | -5.05        |
|    explained_variance   | 0.976        |
|    learning_rate        | 0.0003       |
|    loss                 | 1.15         |
|    n_updates            | 570          |
|    policy_gradient_loss | -0.00176     |
|    std                  | 0.857        |
|    value_loss           | 2.88         |
------------------------------------------
-----------------------------------------
| rollout/                |             |
|    ep_len_mean          | 370         |
|    ep_rew_mean          | -130        |
| time/                   |             |
|    fps                  | 2264        |
|    iterations           | 59          |
|    time_elapsed         | 213         |
|    total_timesteps      | 483328      |
| train/                  |             |
|    approx_kl            | 0.006843598 |
|    clip_fraction        | 0.0589      |
|    clip_range           | 0.2         |
|    entropy_loss         | -5.05       |
|    explained_variance   | 0.942       |
|    learning_rate        | 0.0003      |
|    loss                 | 1.01        |
|    n_updates            | 580         |
|    policy_gradient_loss | -0.00247    |
|    std                  | 0.856       |
|    value_loss           | 6.54        |
-----------------------------------------
-----------------------------------------
| rollout/                |             |
|    ep_len_mean          | 359         |
|    ep_rew_mean          | -126        |
| time/                   |             |
|    fps                  | 2271        |
|    iterations           | 60          |
|    time_elapsed         | 216         |
|    total_timesteps      | 491520      |
| train/                  |             |
|    approx_kl            | 0.005682185 |
|    clip_fraction        | 0.0477      |
|    clip_range           | 0.2         |
|    entropy_loss         | -5.06       |
|    explained_variance   | 0.935       |
|    learning_rate        | 0.0003      |
|    loss                 | 3.08        |
|    n_updates            | 590         |
|    policy_gradient_loss | -0.00414    |
|    std                  | 0.86        |
|    value_loss           | 11.1        |
-----------------------------------------
------------------------------------------
| rollout/                |              |
|    ep_len_mean          | 336          |
|    ep_rew_mean          | -127         |
| time/                   |              |
|    fps                  | 2279         |
|    iterations           | 61           |
|    time_elapsed         | 219          |
|    total_timesteps      | 499712       |
| train/                  |              |
|    approx_kl            | 0.0062455693 |
|    clip_fraction        | 0.0612       |
|    clip_range           | 0.2          |
|    entropy_loss         | -5.06        |
|    explained_variance   | 0.919        |
|    learning_rate        | 0.0003       |
|    loss                 | 6.81         |
|    n_updates            | 600          |
|    policy_gradient_loss | -0.00365     |
|    std                  | 0.858        |
|    value_loss           | 12.8         |
------------------------------------------
------------------------------------------
| rollout/                |              |
|    ep_len_mean          | 330          |
|    ep_rew_mean          | -131         |
| time/                   |              |
|    fps                  | 2287         |
|    iterations           | 62           |
|    time_elapsed         | 222          |
|    total_timesteps      | 507904       |
| train/                  |              |
|    approx_kl            | 0.0060157245 |
|    clip_fraction        | 0.0551       |
|    clip_range           | 0.2          |
|    entropy_loss         | -5.06        |
|    explained_variance   | 0.924        |
|    learning_rate        | 0.0003       |
|    loss                 | 2.64         |
|    n_updates            | 610          |
|    policy_gradient_loss | -0.00266     |
|    std                  | 0.859        |
|    value_loss           | 11.4         |
------------------------------------------
------------------------------------------
| rollout/                |              |
|    ep_len_mean          | 330          |
|    ep_rew_mean          | -135         |
| time/                   |              |
|    fps                  | 2293         |
|    iterations           | 63           |
|    time_elapsed         | 224          |
|    total_timesteps      | 516096       |
| train/                  |              |
|    approx_kl            | 0.0068240105 |
|    clip_fraction        | 0.0741       |
|    clip_range           | 0.2          |
|    entropy_loss         | -5.07        |
|    explained_variance   | 0.931        |
|    learning_rate        | 0.0003       |
|    loss                 | 1.48         |
|    n_updates            | 620          |
|    policy_gradient_loss | -0.0049      |
|    std                  | 0.862        |
|    value_loss           | 8.65         |
------------------------------------------
-----------------------------------------
| rollout/                |             |
|    ep_len_mean          | 363         |
|    ep_rew_mean          | -148        |
| time/                   |             |
|    fps                  | 2300        |
|    iterations           | 64          |
|    time_elapsed         | 227         |
|    total_timesteps      | 524288      |
| train/                  |             |
|    approx_kl            | 0.007410395 |
|    clip_fraction        | 0.0921      |
|    clip_range           | 0.2         |
|    entropy_loss         | -5.05       |
|    explained_variance   | 0.938       |
|    learning_rate        | 0.0003      |
|    loss                 | 6.58        |
|    n_updates            | 630         |
|    policy_gradient_loss | -0.0024     |
|    std                  | 0.853       |
|    value_loss           | 9.04        |
-----------------------------------------
-----------------------------------------
| rollout/                |             |
|    ep_len_mean          | 374         |
|    ep_rew_mean          | -146        |
| time/                   |             |
|    fps                  | 2305        |
|    iterations           | 65          |
|    time_elapsed         | 230         |
|    total_timesteps      | 532480      |
| train/                  |             |
|    approx_kl            | 0.007682604 |
|    clip_fraction        | 0.0586      |
|    clip_range           | 0.2         |
|    entropy_loss         | -5.03       |
|    explained_variance   | 0.93        |
|    learning_rate        | 0.0003      |
|    loss                 | 4.07        |
|    n_updates            | 640         |
|    policy_gradient_loss | -0.00343    |
|    std                  | 0.854       |
|    value_loss           | 8.02        |
-----------------------------------------
------------------------------------------
| rollout/                |              |
|    ep_len_mean          | 375          |
|    ep_rew_mean          | -141         |
| time/                   |              |
|    fps                  | 2311         |
|    iterations           | 66           |
|    time_elapsed         | 233          |
|    total_timesteps      | 540672       |
| train/                  |              |
|    approx_kl            | 0.0055510416 |
|    clip_fraction        | 0.0527       |
|    clip_range           | 0.2          |
|    entropy_loss         | -5.04        |
|    explained_variance   | 0.939        |
|    learning_rate        | 0.0003       |
|    loss                 | 4.96         |
|    n_updates            | 650          |
|    policy_gradient_loss | -0.0032      |
|    std                  | 0.856        |
|    value_loss           | 10.4         |
------------------------------------------
------------------------------------------
| rollout/                |              |
|    ep_len_mean          | 392          |
|    ep_rew_mean          | -143         |
| time/                   |              |
|    fps                  | 2317         |
|    iterations           | 67           |
|    time_elapsed         | 236          |
|    total_timesteps      | 548864       |
| train/                  |              |
|    approx_kl            | 0.0055960785 |
|    clip_fraction        | 0.0624       |
|    clip_range           | 0.2          |
|    entropy_loss         | -5.05        |
|    explained_variance   | 0.928        |
|    learning_rate        | 0.0003       |
|    loss                 | 3.07         |
|    n_updates            | 660          |
|    policy_gradient_loss | -0.00357     |
|    std                  | 0.857        |
|    value_loss           | 10.8         |
------------------------------------------
-----------------------------------------
| rollout/                |             |
|    ep_len_mean          | 358         |
|    ep_rew_mean          | -128        |
| time/                   |             |
|    fps                  | 2323        |
|    iterations           | 68          |
|    time_elapsed         | 239         |
|    total_timesteps      | 557056      |
| train/                  |             |
|    approx_kl            | 0.007863022 |
|    clip_fraction        | 0.118       |
|    clip_range           | 0.2         |
|    entropy_loss         | -5.01       |
|    explained_variance   | 0.971       |
|    learning_rate        | 0.0003      |
|    loss                 | 1.63        |
|    n_updates            | 670         |
|    policy_gradient_loss | -0.00391    |
|    std                  | 0.841       |
|    value_loss           | 3.06        |
-----------------------------------------
------------------------------------------
| rollout/                |              |
|    ep_len_mean          | 376          |
|    ep_rew_mean          | -135         |
| time/                   |              |
|    fps                  | 2329         |
|    iterations           | 69           |
|    time_elapsed         | 242          |
|    total_timesteps      | 565248       |
| train/                  |              |
|    approx_kl            | 0.0052396087 |
|    clip_fraction        | 0.0553       |
|    clip_range           | 0.2          |
|    entropy_loss         | -4.98        |
|    explained_variance   | 0.954        |
|    learning_rate        | 0.0003       |
|    loss                 | 6.57         |
|    n_updates            | 680          |
|    policy_gradient_loss | -0.00149     |
|    std                  | 0.843        |
|    value_loss           | 7.74         |
------------------------------------------
------------------------------------------
| rollout/                |              |
|    ep_len_mean          | 364          |
|    ep_rew_mean          | -127         |
| time/                   |              |
|    fps                  | 2335         |
|    iterations           | 70           |
|    time_elapsed         | 245          |
|    total_timesteps      | 573440       |
| train/                  |              |
|    approx_kl            | 0.0064507257 |
|    clip_fraction        | 0.0573       |
|    clip_range           | 0.2          |
|    entropy_loss         | -4.97        |
|    explained_variance   | 0.952        |
|    learning_rate        | 0.0003       |
|    loss                 | 1.43         |
|    n_updates            | 690          |
|    policy_gradient_loss | -0.00358     |
|    std                  | 0.836        |
|    value_loss           | 7.28         |
------------------------------------------
-----------------------------------------
| rollout/                |             |
|    ep_len_mean          | 352         |
|    ep_rew_mean          | -115        |
| time/                   |             |
|    fps                  | 2342        |
|    iterations           | 71          |
|    time_elapsed         | 248         |
|    total_timesteps      | 581632      |
| train/                  |             |
|    approx_kl            | 0.005992067 |
|    clip_fraction        | 0.0911      |
|    clip_range           | 0.2         |
|    entropy_loss         | -4.94       |
|    explained_variance   | 0.953       |
|    learning_rate        | 0.0003      |
|    loss                 | 3.17        |
|    n_updates            | 700         |
|    policy_gradient_loss | -0.00196    |
|    std                  | 0.834       |
|    value_loss           | 7.69        |
-----------------------------------------
----------------------------------------
| rollout/                |            |
|    ep_len_mean          | 375        |
|    ep_rew_mean          | -130       |
| time/                   |            |
|    fps                  | 2348       |
|    iterations           | 72         |
|    time_elapsed         | 251        |
|    total_timesteps      | 589824     |
| train/                  |            |
|    approx_kl            | 0.01087231 |
|    clip_fraction        | 0.078      |
|    clip_range           | 0.2        |
|    entropy_loss         | -4.93      |
|    explained_variance   | 0.961      |
|    learning_rate        | 0.0003     |
|    loss                 | 4.42       |
|    n_updates            | 710        |
|    policy_gradient_loss | -0.00303   |
|    std                  | 0.829      |
|    value_loss           | 5.87       |
----------------------------------------
-----------------------------------------
| rollout/                |             |
|    ep_len_mean          | 375         |
|    ep_rew_mean          | -126        |
| time/                   |             |
|    fps                  | 2353        |
|    iterations           | 73          |
|    time_elapsed         | 254         |
|    total_timesteps      | 598016      |
| train/                  |             |
|    approx_kl            | 0.008010959 |
|    clip_fraction        | 0.065       |
|    clip_range           | 0.2         |
|    entropy_loss         | -4.91       |
|    explained_variance   | 0.934       |
|    learning_rate        | 0.0003      |
|    loss                 | 9.62        |
|    n_updates            | 720         |
|    policy_gradient_loss | -0.00273    |
|    std                  | 0.828       |
|    value_loss           | 8.79        |
-----------------------------------------
[PeriodicArtifactCallback] step 600000: saving checkpoint, evaluating, rendering...
[PeriodicArtifactCallback] step 600000: success_rate=0.00 pick_success_rate=0.10 mean_reward=-200.65 -> C:\GitHub\HumanoidRobot\simulation\training\pick_place\runs\pp_v12\dashboard.html
-----------------------------------------
| rollout/                |             |
|    ep_len_mean          | 387         |
|    ep_rew_mean          | -130        |
| time/                   |             |
|    fps                  | 2268        |
|    iterations           | 74          |
|    time_elapsed         | 267         |
|    total_timesteps      | 606208      |
| train/                  |             |
|    approx_kl            | 0.006768599 |
|    clip_fraction        | 0.0686      |
|    clip_range           | 0.2         |
|    entropy_loss         | -4.9        |
|    explained_variance   | 0.91        |
|    learning_rate        | 0.0003      |
|    loss                 | 5.08        |
|    n_updates            | 730         |
|    policy_gradient_loss | -0.00181    |
|    std                  | 0.826       |
|    value_loss           | 12.1        |
-----------------------------------------
------------------------------------------
| rollout/                |              |
|    ep_len_mean          | 398          |
|    ep_rew_mean          | -130         |
| time/                   |              |
|    fps                  | 2274         |
|    iterations           | 75           |
|    time_elapsed         | 270          |
|    total_timesteps      | 614400       |
| train/                  |              |
|    approx_kl            | 0.0059544165 |
|    clip_fraction        | 0.0676       |
|    clip_range           | 0.2          |
|    entropy_loss         | -4.88        |
|    explained_variance   | 0.932        |
|    learning_rate        | 0.0003       |
|    loss                 | 2.76         |
|    n_updates            | 740          |
|    policy_gradient_loss | -0.00206     |
|    std                  | 0.818        |
|    value_loss           | 8.99         |
------------------------------------------
-----------------------------------------
| rollout/                |             |
|    ep_len_mean          | 375         |
|    ep_rew_mean          | -122        |
| time/                   |             |
|    fps                  | 2277        |
|    iterations           | 76          |
|    time_elapsed         | 273         |
|    total_timesteps      | 622592      |
| train/                  |             |
|    approx_kl            | 0.004919499 |
|    clip_fraction        | 0.0417      |
|    clip_range           | 0.2         |
|    entropy_loss         | -4.87       |
|    explained_variance   | 0.919       |
|    learning_rate        | 0.0003      |
|    loss                 | 1.89        |
|    n_updates            | 750         |
|    policy_gradient_loss | -0.00253    |
|    std                  | 0.821       |
|    value_loss           | 11.2        |
-----------------------------------------
-----------------------------------------
| rollout/                |             |
|    ep_len_mean          | 381         |
|    ep_rew_mean          | -125        |
| time/                   |             |
|    fps                  | 2281        |
|    iterations           | 77          |
|    time_elapsed         | 276         |
|    total_timesteps      | 630784      |
| train/                  |             |
|    approx_kl            | 0.007201257 |
|    clip_fraction        | 0.0783      |
|    clip_range           | 0.2         |
|    entropy_loss         | -4.86       |
|    explained_variance   | 0.935       |
|    learning_rate        | 0.0003      |
|    loss                 | 3.41        |
|    n_updates            | 760         |
|    policy_gradient_loss | -0.00126    |
|    std                  | 0.815       |
|    value_loss           | 10.3        |
-----------------------------------------
-----------------------------------------
| rollout/                |             |
|    ep_len_mean          | 400         |
|    ep_rew_mean          | -137        |
| time/                   |             |
|    fps                  | 2284        |
|    iterations           | 78          |
|    time_elapsed         | 279         |
|    total_timesteps      | 638976      |
| train/                  |             |
|    approx_kl            | 0.006875733 |
|    clip_fraction        | 0.0732      |
|    clip_range           | 0.2         |
|    entropy_loss         | -4.84       |
|    explained_variance   | 0.936       |
|    learning_rate        | 0.0003      |
|    loss                 | 1.15        |
|    n_updates            | 770         |
|    policy_gradient_loss | -0.00205    |
|    std                  | 0.812       |
|    value_loss           | 6.77        |
-----------------------------------------
-----------------------------------------
| rollout/                |             |
|    ep_len_mean          | 383         |
|    ep_rew_mean          | -131        |
| time/                   |             |
|    fps                  | 2287        |
|    iterations           | 79          |
|    time_elapsed         | 282         |
|    total_timesteps      | 647168      |
| train/                  |             |
|    approx_kl            | 0.008445514 |
|    clip_fraction        | 0.0792      |
|    clip_range           | 0.2         |
|    entropy_loss         | -4.82       |
|    explained_variance   | 0.953       |
|    learning_rate        | 0.0003      |
|    loss                 | 4.16        |
|    n_updates            | 780         |
|    policy_gradient_loss | -0.00138    |
|    std                  | 0.808       |
|    value_loss           | 5.45        |
-----------------------------------------
-----------------------------------------
| rollout/                |             |
|    ep_len_mean          | 379         |
|    ep_rew_mean          | -130        |
| time/                   |             |
|    fps                  | 2290        |
|    iterations           | 80          |
|    time_elapsed         | 286         |
|    total_timesteps      | 655360      |
| train/                  |             |
|    approx_kl            | 0.005849299 |
|    clip_fraction        | 0.0942      |
|    clip_range           | 0.2         |
|    entropy_loss         | -4.82       |
|    explained_variance   | 0.929       |
|    learning_rate        | 0.0003      |
|    loss                 | 8.29        |
|    n_updates            | 790         |
|    policy_gradient_loss | -0.00195    |
|    std                  | 0.808       |
|    value_loss           | 10.8        |
-----------------------------------------
------------------------------------------
| rollout/                |              |
|    ep_len_mean          | 397          |
|    ep_rew_mean          | -136         |
| time/                   |              |
|    fps                  | 2294         |
|    iterations           | 81           |
|    time_elapsed         | 289          |
|    total_timesteps      | 663552       |
| train/                  |              |
|    approx_kl            | 0.0075481404 |
|    clip_fraction        | 0.0707       |
|    clip_range           | 0.2          |
|    entropy_loss         | -4.81        |
|    explained_variance   | 0.926        |
|    learning_rate        | 0.0003       |
|    loss                 | 9.38         |
|    n_updates            | 800          |
|    policy_gradient_loss | -0.00177     |
|    std                  | 0.806        |
|    value_loss           | 10.9         |
------------------------------------------
-----------------------------------------
| rollout/                |             |
|    ep_len_mean          | 380         |
|    ep_rew_mean          | -124        |
| time/                   |             |
|    fps                  | 2298        |
|    iterations           | 82          |
|    time_elapsed         | 292         |
|    total_timesteps      | 671744      |
| train/                  |             |
|    approx_kl            | 0.007717329 |
|    clip_fraction        | 0.0694      |
|    clip_range           | 0.2         |
|    entropy_loss         | -4.79       |
|    explained_variance   | 0.934       |
|    learning_rate        | 0.0003      |
|    loss                 | 2.14        |
|    n_updates            | 810         |
|    policy_gradient_loss | -0.00167    |
|    std                  | 0.798       |
|    value_loss           | 8.69        |
-----------------------------------------
------------------------------------------
| rollout/                |              |
|    ep_len_mean          | 397          |
|    ep_rew_mean          | -129         |
| time/                   |              |
|    fps                  | 2301         |
|    iterations           | 83           |
|    time_elapsed         | 295          |
|    total_timesteps      | 679936       |
| train/                  |              |
|    approx_kl            | 0.0062686596 |
|    clip_fraction        | 0.086        |
|    clip_range           | 0.2          |
|    entropy_loss         | -4.76        |
|    explained_variance   | 0.948        |
|    learning_rate        | 0.0003       |
|    loss                 | 3.44         |
|    n_updates            | 820          |
|    policy_gradient_loss | -0.00269     |
|    std                  | 0.799        |
|    value_loss           | 6.45         |
------------------------------------------
-----------------------------------------
| rollout/                |             |
|    ep_len_mean          | 397         |
|    ep_rew_mean          | -128        |
| time/                   |             |
|    fps                  | 2305        |
|    iterations           | 84          |
|    time_elapsed         | 298         |
|    total_timesteps      | 688128      |
| train/                  |             |
|    approx_kl            | 0.010203612 |
|    clip_fraction        | 0.106       |
|    clip_range           | 0.2         |
|    entropy_loss         | -4.76       |
|    explained_variance   | 0.947       |
|    learning_rate        | 0.0003      |
|    loss                 | 2.52        |
|    n_updates            | 830         |
|    policy_gradient_loss | -0.00241    |
|    std                  | 0.796       |
|    value_loss           | 6.94        |
-----------------------------------------
-----------------------------------------
| rollout/                |             |
|    ep_len_mean          | 407         |
|    ep_rew_mean          | -134        |
| time/                   |             |
|    fps                  | 2309        |
|    iterations           | 85          |
|    time_elapsed         | 301         |
|    total_timesteps      | 696320      |
| train/                  |             |
|    approx_kl            | 0.008381216 |
|    clip_fraction        | 0.0721      |
|    clip_range           | 0.2         |
|    entropy_loss         | -4.75       |
|    explained_variance   | 0.956       |
|    learning_rate        | 0.0003      |
|    loss                 | 1.85        |
|    n_updates            | 840         |
|    policy_gradient_loss | -0.00189    |
|    std                  | 0.797       |
|    value_loss           | 6.62        |
-----------------------------------------
-----------------------------------------
| rollout/                |             |
|    ep_len_mean          | 417         |
|    ep_rew_mean          | -137        |
| time/                   |             |
|    fps                  | 2309        |
|    iterations           | 86          |
|    time_elapsed         | 304         |
|    total_timesteps      | 704512      |
| train/                  |             |
|    approx_kl            | 0.006162757 |
|    clip_fraction        | 0.0739      |
|    clip_range           | 0.2         |
|    entropy_loss         | -4.75       |
|    explained_variance   | 0.937       |
|    learning_rate        | 0.0003      |
|    loss                 | 6.81        |
|    n_updates            | 850         |
|    policy_gradient_loss | -0.00202    |
|    std                  | 0.794       |
|    value_loss           | 10.8        |
-----------------------------------------
------------------------------------------
| rollout/                |              |
|    ep_len_mean          | 412          |
|    ep_rew_mean          | -134         |
| time/                   |              |
|    fps                  | 2311         |
|    iterations           | 87           |
|    time_elapsed         | 308          |
|    total_timesteps      | 712704       |
| train/                  |              |
|    approx_kl            | 0.0050961706 |
|    clip_fraction        | 0.064        |
|    clip_range           | 0.2          |
|    entropy_loss         | -4.73        |
|    explained_variance   | 0.916        |
|    learning_rate        | 0.0003       |
|    loss                 | 2.24         |
|    n_updates            | 860          |
|    policy_gradient_loss | -0.00138     |
|    std                  | 0.793        |
|    value_loss           | 7.8          |
------------------------------------------
-----------------------------------------
| rollout/                |             |
|    ep_len_mean          | 406         |
|    ep_rew_mean          | -126        |
| time/                   |             |
|    fps                  | 2314        |
|    iterations           | 88          |
|    time_elapsed         | 311         |
|    total_timesteps      | 720896      |
| train/                  |             |
|    approx_kl            | 0.009117007 |
|    clip_fraction        | 0.0803      |
|    clip_range           | 0.2         |
|    entropy_loss         | -4.73       |
|    explained_variance   | 0.934       |
|    learning_rate        | 0.0003      |
|    loss                 | 2.41        |
|    n_updates            | 870         |
|    policy_gradient_loss | -0.000842   |
|    std                  | 0.791       |
|    value_loss           | 4.65        |
-----------------------------------------
------------------------------------------
| rollout/                |              |
|    ep_len_mean          | 388          |
|    ep_rew_mean          | -126         |
| time/                   |              |
|    fps                  | 2316         |
|    iterations           | 89           |
|    time_elapsed         | 314          |
|    total_timesteps      | 729088       |
| train/                  |              |
|    approx_kl            | 0.0052178977 |
|    clip_fraction        | 0.0553       |
|    clip_range           | 0.2          |
|    entropy_loss         | -4.72        |
|    explained_variance   | 0.915        |
|    learning_rate        | 0.0003       |
|    loss                 | 4.31         |
|    n_updates            | 880          |
|    policy_gradient_loss | -0.00325     |
|    std                  | 0.788        |
|    value_loss           | 9.03         |
------------------------------------------
------------------------------------------
| rollout/                |              |
|    ep_len_mean          | 383          |
|    ep_rew_mean          | -126         |
| time/                   |              |
|    fps                  | 2319         |
|    iterations           | 90           |
|    time_elapsed         | 317          |
|    total_timesteps      | 737280       |
| train/                  |              |
|    approx_kl            | 0.0059936773 |
|    clip_fraction        | 0.0563       |
|    clip_range           | 0.2          |
|    entropy_loss         | -4.7         |
|    explained_variance   | 0.915        |
|    learning_rate        | 0.0003       |
|    loss                 | 4.68         |
|    n_updates            | 890          |
|    policy_gradient_loss | -0.00257     |
|    std                  | 0.784        |
|    value_loss           | 11.7         |
------------------------------------------
-----------------------------------------
| rollout/                |             |
|    ep_len_mean          | 388         |
|    ep_rew_mean          | -133        |
| time/                   |             |
|    fps                  | 2321        |
|    iterations           | 91          |
|    time_elapsed         | 321         |
|    total_timesteps      | 745472      |
| train/                  |             |
|    approx_kl            | 0.007154946 |
|    clip_fraction        | 0.0772      |
|    clip_range           | 0.2         |
|    entropy_loss         | -4.69       |
|    explained_variance   | 0.943       |
|    learning_rate        | 0.0003      |
|    loss                 | 4.13        |
|    n_updates            | 900         |
|    policy_gradient_loss | -0.00405    |
|    std                  | 0.782       |
|    value_loss           | 8.62        |
-----------------------------------------
-----------------------------------------
| rollout/                |             |
|    ep_len_mean          | 377         |
|    ep_rew_mean          | -127        |
| time/                   |             |
|    fps                  | 2322        |
|    iterations           | 92          |
|    time_elapsed         | 324         |
|    total_timesteps      | 753664      |
| train/                  |             |
|    approx_kl            | 0.007904713 |
|    clip_fraction        | 0.0935      |
|    clip_range           | 0.2         |
|    entropy_loss         | -4.68       |
|    explained_variance   | 0.913       |
|    learning_rate        | 0.0003      |
|    loss                 | 1.23        |
|    n_updates            | 910         |
|    policy_gradient_loss | -0.00502    |
|    std                  | 0.78        |
|    value_loss           | 8.94        |
-----------------------------------------
----------------------------------------
| rollout/                |            |
|    ep_len_mean          | 394        |
|    ep_rew_mean          | -133       |
| time/                   |            |
|    fps                  | 2324       |
|    iterations           | 93         |
|    time_elapsed         | 327        |
|    total_timesteps      | 761856     |
| train/                  |            |
|    approx_kl            | 0.00914716 |
|    clip_fraction        | 0.0784     |
|    clip_range           | 0.2        |
|    entropy_loss         | -4.65      |
|    explained_variance   | 0.946      |
|    learning_rate        | 0.0003     |
|    loss                 | 1.55       |
|    n_updates            | 920        |
|    policy_gradient_loss | -0.000693  |
|    std                  | 0.773      |
|    value_loss           | 6.22       |
----------------------------------------
-----------------------------------------
| rollout/                |             |
|    ep_len_mean          | 388         |
|    ep_rew_mean          | -122        |
| time/                   |             |
|    fps                  | 2327        |
|    iterations           | 94          |
|    time_elapsed         | 330         |
|    total_timesteps      | 770048      |
| train/                  |             |
|    approx_kl            | 0.012479375 |
|    clip_fraction        | 0.116       |
|    clip_range           | 0.2         |
|    entropy_loss         | -4.62       |
|    explained_variance   | 0.945       |
|    learning_rate        | 0.0003      |
|    loss                 | 1.03        |
|    n_updates            | 930         |
|    policy_gradient_loss | -0.00253    |
|    std                  | 0.769       |
|    value_loss           | 6.54        |
-----------------------------------------
------------------------------------------
| rollout/                |              |
|    ep_len_mean          | 400          |
|    ep_rew_mean          | -119         |
| time/                   |              |
|    fps                  | 2330         |
|    iterations           | 95           |
|    time_elapsed         | 333          |
|    total_timesteps      | 778240       |
| train/                  |              |
|    approx_kl            | 0.0072941175 |
|    clip_fraction        | 0.0813       |
|    clip_range           | 0.2          |
|    entropy_loss         | -4.61        |
|    explained_variance   | 0.922        |
|    learning_rate        | 0.0003       |
|    loss                 | 5.53         |
|    n_updates            | 940          |
|    policy_gradient_loss | -0.00143     |
|    std                  | 0.766        |
|    value_loss           | 8.69         |
------------------------------------------
-----------------------------------------
| rollout/                |             |
|    ep_len_mean          | 383         |
|    ep_rew_mean          | -114        |
| time/                   |             |
|    fps                  | 2330        |
|    iterations           | 96          |
|    time_elapsed         | 337         |
|    total_timesteps      | 786432      |
| train/                  |             |
|    approx_kl            | 0.009691152 |
|    clip_fraction        | 0.104       |
|    clip_range           | 0.2         |
|    entropy_loss         | -4.58       |
|    explained_variance   | 0.972       |
|    learning_rate        | 0.0003      |
|    loss                 | 0.854       |
|    n_updates            | 950         |
|    policy_gradient_loss | -0.000782   |
|    std                  | 0.761       |
|    value_loss           | 3.78        |
-----------------------------------------
-----------------------------------------
| rollout/                |             |
|    ep_len_mean          | 410         |
|    ep_rew_mean          | -126        |
| time/                   |             |
|    fps                  | 2331        |
|    iterations           | 97          |
|    time_elapsed         | 340         |
|    total_timesteps      | 794624      |
| train/                  |             |
|    approx_kl            | 0.008894948 |
|    clip_fraction        | 0.109       |
|    clip_range           | 0.2         |
|    entropy_loss         | -4.57       |
|    explained_variance   | 0.953       |
|    learning_rate        | 0.0003      |
|    loss                 | 1.19        |
|    n_updates            | 960         |
|    policy_gradient_loss | -0.00316    |
|    std                  | 0.763       |
|    value_loss           | 4.19        |
-----------------------------------------
[PeriodicArtifactCallback] step 800000: running periodic self-monitoring analysis...
[PeriodicArtifactCallback] analysis written to C:\GitHub\HumanoidRobot\simulation\training\pick_place\runs\pp_v12\analysis_800000.md (stalled=False)
[PeriodicArtifactCallback] step 800000: saving checkpoint, evaluating, rendering...
[PeriodicArtifactCallback] step 800000: success_rate=0.00 pick_success_rate=0.00 mean_reward=-130.12 -> C:\GitHub\HumanoidRobot\simulation\training\pick_place\runs\pp_v12\dashboard.html
-----------------------------------------
| rollout/                |             |
|    ep_len_mean          | 382         |
|    ep_rew_mean          | -115        |
| time/                   |             |
|    fps                  | 2208        |
|    iterations           | 98          |
|    time_elapsed         | 363         |
|    total_timesteps      | 802816      |
| train/                  |             |
|    approx_kl            | 0.005314012 |
|    clip_fraction        | 0.0819      |
|    clip_range           | 0.2         |
|    entropy_loss         | -4.57       |
|    explained_variance   | 0.968       |
|    learning_rate        | 0.0003      |
|    loss                 | 3.44        |
|    n_updates            | 970         |
|    policy_gradient_loss | -0.00285    |
|    std                  | 0.76        |
|    value_loss           | 4.43        |
-----------------------------------------
-----------------------------------------
| rollout/                |             |
|    ep_len_mean          | 406         |
|    ep_rew_mean          | -127        |
| time/                   |             |
|    fps                  | 2212        |
|    iterations           | 99          |
|    time_elapsed         | 366         |
|    total_timesteps      | 811008      |
| train/                  |             |
|    approx_kl            | 0.005635347 |
|    clip_fraction        | 0.0467      |
|    clip_range           | 0.2         |
|    entropy_loss         | -4.57       |
|    explained_variance   | 0.945       |
|    learning_rate        | 0.0003      |
|    loss                 | 4.51        |
|    n_updates            | 980         |
|    policy_gradient_loss | -0.00298    |
|    std                  | 0.764       |
|    value_loss           | 8.15        |
-----------------------------------------
------------------------------------------
| rollout/                |              |
|    ep_len_mean          | 405          |
|    ep_rew_mean          | -131         |
| time/                   |              |
|    fps                  | 2216         |
|    iterations           | 100          |
|    time_elapsed         | 369          |
|    total_timesteps      | 819200       |
| train/                  |              |
|    approx_kl            | 0.0057633915 |
|    clip_fraction        | 0.0585       |
|    clip_range           | 0.2          |
|    entropy_loss         | -4.59        |
|    explained_variance   | 0.957        |
|    learning_rate        | 0.0003       |
|    loss                 | 1.09         |
|    n_updates            | 990          |
|    policy_gradient_loss | -0.00361     |
|    std                  | 0.768        |
|    value_loss           | 5.39         |
------------------------------------------
------------------------------------------
| rollout/                |              |
|    ep_len_mean          | 399          |
|    ep_rew_mean          | -128         |
| time/                   |              |
|    fps                  | 2218         |
|    iterations           | 101          |
|    time_elapsed         | 372          |
|    total_timesteps      | 827392       |
| train/                  |              |
|    approx_kl            | 0.0056934515 |
|    clip_fraction        | 0.0428       |
|    clip_range           | 0.2          |
|    entropy_loss         | -4.61        |
|    explained_variance   | 0.958        |
|    learning_rate        | 0.0003       |
|    loss                 | 12           |
|    n_updates            | 1000         |
|    policy_gradient_loss | -0.00146     |
|    std                  | 0.768        |
|    value_loss           | 9.87         |
------------------------------------------
-----------------------------------------
| rollout/                |             |
|    ep_len_mean          | 416         |
|    ep_rew_mean          | -135        |
| time/                   |             |
|    fps                  | 2221        |
|    iterations           | 102         |
|    time_elapsed         | 376         |
|    total_timesteps      | 835584      |
| train/                  |             |
|    approx_kl            | 0.009121858 |
|    clip_fraction        | 0.103       |
|    clip_range           | 0.2         |
|    entropy_loss         | -4.59       |
|    explained_variance   | 0.953       |
|    learning_rate        | 0.0003      |
|    loss                 | 0.867       |
|    n_updates            | 1010        |
|    policy_gradient_loss | -0.00345    |
|    std                  | 0.765       |
|    value_loss           | 6.79        |
-----------------------------------------
------------------------------------------
| rollout/                |              |
|    ep_len_mean          | 433          |
|    ep_rew_mean          | -143         |
| time/                   |              |
|    fps                  | 2224         |
|    iterations           | 103          |
|    time_elapsed         | 379          |
|    total_timesteps      | 843776       |
| train/                  |              |
|    approx_kl            | 0.0078104646 |
|    clip_fraction        | 0.0847       |
|    clip_range           | 0.2          |
|    entropy_loss         | -4.58        |
|    explained_variance   | 0.959        |
|    learning_rate        | 0.0003       |
|    loss                 | 2.21         |
|    n_updates            | 1020         |
|    policy_gradient_loss | -0.00317     |
|    std                  | 0.764        |
|    value_loss           | 4.69         |
------------------------------------------
-----------------------------------------
| rollout/                |             |
|    ep_len_mean          | 456         |
|    ep_rew_mean          | -154        |
| time/                   |             |
|    fps                  | 2228        |
|    iterations           | 104         |
|    time_elapsed         | 382         |
|    total_timesteps      | 851968      |
| train/                  |             |
|    approx_kl            | 0.007717981 |
|    clip_fraction        | 0.0991      |
|    clip_range           | 0.2         |
|    entropy_loss         | -4.58       |
|    explained_variance   | 0.971       |
|    learning_rate        | 0.0003      |
|    loss                 | 1.19        |
|    n_updates            | 1030        |
|    policy_gradient_loss | -0.00272    |
|    std                  | 0.763       |
|    value_loss           | 3.89        |
-----------------------------------------
-----------------------------------------
| rollout/                |             |
|    ep_len_mean          | 450         |
|    ep_rew_mean          | -148        |
| time/                   |             |
|    fps                  | 2231        |
|    iterations           | 105         |
|    time_elapsed         | 385         |
|    total_timesteps      | 860160      |
| train/                  |             |
|    approx_kl            | 0.008376239 |
|    clip_fraction        | 0.0884      |
|    clip_range           | 0.2         |
|    entropy_loss         | -4.57       |
|    explained_variance   | 0.966       |
|    learning_rate        | 0.0003      |
|    loss                 | 0.304       |
|    n_updates            | 1040        |
|    policy_gradient_loss | -0.000504   |
|    std                  | 0.762       |
|    value_loss           | 2.59        |
-----------------------------------------
-----------------------------------------
| rollout/                |             |
|    ep_len_mean          | 479         |
|    ep_rew_mean          | -158        |
| time/                   |             |
|    fps                  | 2234        |
|    iterations           | 106         |
|    time_elapsed         | 388         |
|    total_timesteps      | 868352      |
| train/                  |             |
|    approx_kl            | 0.008113835 |
|    clip_fraction        | 0.0944      |
|    clip_range           | 0.2         |
|    entropy_loss         | -4.57       |
|    explained_variance   | 0.955       |
|    learning_rate        | 0.0003      |
|    loss                 | 1.96        |
|    n_updates            | 1050        |
|    policy_gradient_loss | -0.00258    |
|    std                  | 0.761       |
|    value_loss           | 3.64        |
-----------------------------------------
------------------------------------------
| rollout/                |              |
|    ep_len_mean          | 473          |
|    ep_rew_mean          | -153         |
| time/                   |              |
|    fps                  | 2238         |
|    iterations           | 107          |
|    time_elapsed         | 391          |
|    total_timesteps      | 876544       |
| train/                  |              |
|    approx_kl            | 0.0071606366 |
|    clip_fraction        | 0.066        |
|    clip_range           | 0.2          |
|    entropy_loss         | -4.56        |
|    explained_variance   | 0.891        |
|    learning_rate        | 0.0003       |
|    loss                 | 4.92         |
|    n_updates            | 1060         |
|    policy_gradient_loss | -0.00186     |
|    std                  | 0.76         |
|    value_loss           | 9.08         |
------------------------------------------
------------------------------------------
| rollout/                |              |
|    ep_len_mean          | 456          |
|    ep_rew_mean          | -150         |
| time/                   |              |
|    fps                  | 2243         |
|    iterations           | 108          |
|    time_elapsed         | 394          |
|    total_timesteps      | 884736       |
| train/                  |              |
|    approx_kl            | 0.0071062176 |
|    clip_fraction        | 0.0658       |
|    clip_range           | 0.2          |
|    entropy_loss         | -4.56        |
|    explained_variance   | 0.876        |
|    learning_rate        | 0.0003       |
|    loss                 | 6.38         |
|    n_updates            | 1070         |
|    policy_gradient_loss | -0.00387     |
|    std                  | 0.759        |
|    value_loss           | 12.2         |
------------------------------------------
-----------------------------------------
| rollout/                |             |
|    ep_len_mean          | 433         |
|    ep_rew_mean          | -144        |
| time/                   |             |
|    fps                  | 2248        |
|    iterations           | 109         |
|    time_elapsed         | 397         |
|    total_timesteps      | 892928      |
| train/                  |             |
|    approx_kl            | 0.007862081 |
|    clip_fraction        | 0.0766      |
|    clip_range           | 0.2         |
|    entropy_loss         | -4.56       |
|    explained_variance   | 0.943       |
|    learning_rate        | 0.0003      |
|    loss                 | 2.12        |
|    n_updates            | 1080        |
|    policy_gradient_loss | -0.00306    |
|    std                  | 0.761       |
|    value_loss           | 4.68        |
-----------------------------------------
------------------------------------------
| rollout/                |              |
|    ep_len_mean          | 428          |
|    ep_rew_mean          | -140         |
| time/                   |              |
|    fps                  | 2253         |
|    iterations           | 110          |
|    time_elapsed         | 399          |
|    total_timesteps      | 901120       |
| train/                  |              |
|    approx_kl            | 0.0077263867 |
|    clip_fraction        | 0.0781       |
|    clip_range           | 0.2          |
|    entropy_loss         | -4.57        |
|    explained_variance   | 0.951        |
|    learning_rate        | 0.0003       |
|    loss                 | 1.29         |
|    n_updates            | 1090         |
|    policy_gradient_loss | -0.00438     |
|    std                  | 0.761        |
|    value_loss           | 4.69         |
------------------------------------------
-----------------------------------------
| rollout/                |             |
|    ep_len_mean          | 405         |
|    ep_rew_mean          | -134        |
| time/                   |             |
|    fps                  | 2257        |
|    iterations           | 111         |
|    time_elapsed         | 402         |
|    total_timesteps      | 909312      |
| train/                  |             |
|    approx_kl            | 0.010063261 |
|    clip_fraction        | 0.0637      |
|    clip_range           | 0.2         |
|    entropy_loss         | -4.57       |
|    explained_variance   | 0.957       |
|    learning_rate        | 0.0003      |
|    loss                 | 2.25        |
|    n_updates            | 1100        |
|    policy_gradient_loss | -0.00408    |
|    std                  | 0.76        |
|    value_loss           | 5.91        |
-----------------------------------------
-----------------------------------------
| rollout/                |             |
|    ep_len_mean          | 405         |
|    ep_rew_mean          | -129        |
| time/                   |             |
|    fps                  | 2261        |
|    iterations           | 112         |
|    time_elapsed         | 405         |
|    total_timesteps      | 917504      |
| train/                  |             |
|    approx_kl            | 0.008431407 |
|    clip_fraction        | 0.115       |
|    clip_range           | 0.2         |
|    entropy_loss         | -4.55       |
|    explained_variance   | 0.976       |
|    learning_rate        | 0.0003      |
|    loss                 | 0.483       |
|    n_updates            | 1110        |
|    policy_gradient_loss | -0.00164    |
|    std                  | 0.755       |
|    value_loss           | 1.71        |
-----------------------------------------
-----------------------------------------
| rollout/                |             |
|    ep_len_mean          | 388         |
|    ep_rew_mean          | -108        |
| time/                   |             |
|    fps                  | 2265        |
|    iterations           | 113         |
|    time_elapsed         | 408         |
|    total_timesteps      | 925696      |
| train/                  |             |
|    approx_kl            | 0.007006184 |
|    clip_fraction        | 0.0886      |
|    clip_range           | 0.2         |
|    entropy_loss         | -4.53       |
|    explained_variance   | 0.97        |
|    learning_rate        | 0.0003      |
|    loss                 | 1.44        |
|    n_updates            | 1120        |
|    policy_gradient_loss | -0.0021     |
|    std                  | 0.753       |
|    value_loss           | 3.59        |
-----------------------------------------
-----------------------------------------
| rollout/                |             |
|    ep_len_mean          | 400         |
|    ep_rew_mean          | -112        |
| time/                   |             |
|    fps                  | 2269        |
|    iterations           | 114         |
|    time_elapsed         | 411         |
|    total_timesteps      | 933888      |
| train/                  |             |
|    approx_kl            | 0.012132749 |
|    clip_fraction        | 0.103       |
|    clip_range           | 0.2         |
|    entropy_loss         | -4.51       |
|    explained_variance   | 0.967       |
|    learning_rate        | 0.0003      |
|    loss                 | 0.776       |
|    n_updates            | 1130        |
|    policy_gradient_loss | -0.00382    |
|    std                  | 0.749       |
|    value_loss           | 4.29        |
-----------------------------------------
------------------------------------------
| rollout/                |              |
|    ep_len_mean          | 416          |
|    ep_rew_mean          | -115         |
| time/                   |              |
|    fps                  | 2272         |
|    iterations           | 115          |
|    time_elapsed         | 414          |
|    total_timesteps      | 942080       |
| train/                  |              |
|    approx_kl            | 0.0070430962 |
|    clip_fraction        | 0.0612       |
|    clip_range           | 0.2          |
|    entropy_loss         | -4.5         |
|    explained_variance   | 0.964        |
|    learning_rate        | 0.0003       |
|    loss                 | 0.929        |
|    n_updates            | 1140         |
|    policy_gradient_loss | -0.00138     |
|    std                  | 0.748        |
|    value_loss           | 4.75         |
------------------------------------------
------------------------------------------
| rollout/                |              |
|    ep_len_mean          | 422          |
|    ep_rew_mean          | -113         |
| time/                   |              |
|    fps                  | 2276         |
|    iterations           | 116          |
|    time_elapsed         | 417          |
|    total_timesteps      | 950272       |
| train/                  |              |
|    approx_kl            | 0.0070453053 |
|    clip_fraction        | 0.081        |
|    clip_range           | 0.2          |
|    entropy_loss         | -4.5         |
|    explained_variance   | 0.977        |
|    learning_rate        | 0.0003       |
|    loss                 | 0.54         |
|    n_updates            | 1150         |
|    policy_gradient_loss | 1.39e-05     |
|    std                  | 0.753        |
|    value_loss           | 1.15         |
------------------------------------------
------------------------------------------
| rollout/                |              |
|    ep_len_mean          | 422          |
|    ep_rew_mean          | -116         |
| time/                   |              |
|    fps                  | 2280         |
|    iterations           | 117          |
|    time_elapsed         | 420          |
|    total_timesteps      | 958464       |
| train/                  |              |
|    approx_kl            | 0.0064630685 |
|    clip_fraction        | 0.0595       |
|    clip_range           | 0.2          |
|    entropy_loss         | -4.52        |
|    explained_variance   | 0.945        |
|    learning_rate        | 0.0003       |
|    loss                 | 3.99         |
|    n_updates            | 1160         |
|    policy_gradient_loss | -0.00387     |
|    std                  | 0.755        |
|    value_loss           | 7.57         |
------------------------------------------
-----------------------------------------
| rollout/                |             |
|    ep_len_mean          | 433         |
|    ep_rew_mean          | -123        |
| time/                   |             |
|    fps                  | 2284        |
|    iterations           | 118         |
|    time_elapsed         | 423         |
|    total_timesteps      | 966656      |
| train/                  |             |
|    approx_kl            | 0.009053037 |
|    clip_fraction        | 0.0911      |
|    clip_range           | 0.2         |
|    entropy_loss         | -4.53       |
|    explained_variance   | 0.963       |
|    learning_rate        | 0.0003      |
|    loss                 | 0.988       |
|    n_updates            | 1170        |
|    policy_gradient_loss | -0.00351    |
|    std                  | 0.755       |
|    value_loss           | 3.16        |
-----------------------------------------
----------------------------------------
| rollout/                |            |
|    ep_len_mean          | 421        |
|    ep_rew_mean          | -121       |
| time/                   |            |
|    fps                  | 2287       |
|    iterations           | 119        |
|    time_elapsed         | 426        |
|    total_timesteps      | 974848     |
| train/                  |            |
|    approx_kl            | 0.00817419 |
|    clip_fraction        | 0.0656     |
|    clip_range           | 0.2        |
|    entropy_loss         | -4.52      |
|    explained_variance   | 0.953      |
|    learning_rate        | 0.0003     |
|    loss                 | 1.01       |
|    n_updates            | 1180       |
|    policy_gradient_loss | -0.00207   |
|    std                  | 0.753      |
|    value_loss           | 5.74       |
----------------------------------------
-----------------------------------------
| rollout/                |             |
|    ep_len_mean          | 405         |
|    ep_rew_mean          | -130        |
| time/                   |             |
|    fps                  | 2291        |
|    iterations           | 120         |
|    time_elapsed         | 428         |
|    total_timesteps      | 983040      |
| train/                  |             |
|    approx_kl            | 0.009281803 |
|    clip_fraction        | 0.0788      |
|    clip_range           | 0.2         |
|    entropy_loss         | -4.52       |
|    explained_variance   | 0.967       |
|    learning_rate        | 0.0003      |
|    loss                 | 4.58        |
|    n_updates            | 1190        |
|    policy_gradient_loss | -0.00356    |
|    std                  | 0.754       |
|    value_loss           | 5.79        |
-----------------------------------------
-----------------------------------------
| rollout/                |             |
|    ep_len_mean          | 423         |
|    ep_rew_mean          | -135        |
| time/                   |             |
|    fps                  | 2294        |
|    iterations           | 121         |
|    time_elapsed         | 431         |
|    total_timesteps      | 991232      |
| train/                  |             |
|    approx_kl            | 0.008479581 |
|    clip_fraction        | 0.0783      |
|    clip_range           | 0.2         |
|    entropy_loss         | -4.51       |
|    explained_variance   | 0.97        |
|    learning_rate        | 0.0003      |
|    loss                 | 7.19        |
|    n_updates            | 1200        |
|    policy_gradient_loss | -0.00352    |
|    std                  | 0.749       |
|    value_loss           | 4.94        |
-----------------------------------------
-----------------------------------------
| rollout/                |             |
|    ep_len_mean          | 436         |
|    ep_rew_mean          | -133        |
| time/                   |             |
|    fps                  | 2297        |
|    iterations           | 122         |
|    time_elapsed         | 434         |
|    total_timesteps      | 999424      |
| train/                  |             |
|    approx_kl            | 0.010005424 |
|    clip_fraction        | 0.123       |
|    clip_range           | 0.2         |
|    entropy_loss         | -4.49       |
|    explained_variance   | 0.953       |
|    learning_rate        | 0.0003      |
|    loss                 | 1.4         |
|    n_updates            | 1210        |
|    policy_gradient_loss | -0.00428    |
|    std                  | 0.747       |
|    value_loss           | 3.67        |
-----------------------------------------
[PeriodicArtifactCallback] step 1000000: saving checkpoint, evaluating, rendering...
[PeriodicArtifactCallback] step 1000000: success_rate=0.00 pick_success_rate=0.30 mean_reward=-158.44 -> C:\GitHub\HumanoidRobot\simulation\training\pick_place\runs\pp_v12\dashboard.html
------------------------------------------
| rollout/                |              |
|    ep_len_mean          | 435          |
|    ep_rew_mean          | -135         |
| time/                   |              |
|    fps                  | 2248         |
|    iterations           | 123          |
|    time_elapsed         | 448          |
|    total_timesteps      | 1007616      |
| train/                  |              |
|    approx_kl            | 0.0069085993 |
|    clip_fraction        | 0.0673       |
|    clip_range           | 0.2          |
|    entropy_loss         | -4.49        |
|    explained_variance   | 0.934        |
|    learning_rate        | 0.0003       |
|    loss                 | 1.96         |
|    n_updates            | 1220         |
|    policy_gradient_loss | -0.00195     |
|    std                  | 0.746        |
|    value_loss           | 6.9          |
------------------------------------------
-----------------------------------------
| rollout/                |             |
|    ep_len_mean          | 447         |
|    ep_rew_mean          | -143        |
| time/                   |             |
|    fps                  | 2252        |
|    iterations           | 124         |
|    time_elapsed         | 450         |
|    total_timesteps      | 1015808     |
| train/                  |             |
|    approx_kl            | 0.009345811 |
|    clip_fraction        | 0.12        |
|    clip_range           | 0.2         |
|    entropy_loss         | -4.46       |
|    explained_variance   | 0.981       |
|    learning_rate        | 0.0003      |
|    loss                 | 0.522       |
|    n_updates            | 1230        |
|    policy_gradient_loss | -0.00184    |
|    std                  | 0.74        |
|    value_loss           | 1.4         |
-----------------------------------------
-----------------------------------------
| rollout/                |             |
|    ep_len_mean          | 448         |
|    ep_rew_mean          | -136        |
| time/                   |             |
|    fps                  | 2256        |
|    iterations           | 125         |
|    time_elapsed         | 453         |
|    total_timesteps      | 1024000     |
| train/                  |             |
|    approx_kl            | 0.010288373 |
|    clip_fraction        | 0.104       |
|    clip_range           | 0.2         |
|    entropy_loss         | -4.43       |
|    explained_variance   | 0.977       |
|    learning_rate        | 0.0003      |
|    loss                 | 0.564       |
|    n_updates            | 1240        |
|    policy_gradient_loss | -0.00363    |
|    std                  | 0.734       |
|    value_loss           | 1.92        |
-----------------------------------------
------------------------------------------
| rollout/                |              |
|    ep_len_mean          | 419          |
|    ep_rew_mean          | -124         |
| time/                   |              |
|    fps                  | 2259         |
|    iterations           | 126          |
|    time_elapsed         | 456          |
|    total_timesteps      | 1032192      |
| train/                  |              |
|    approx_kl            | 0.0052559106 |
|    clip_fraction        | 0.0603       |
|    clip_range           | 0.2          |
|    entropy_loss         | -4.42        |
|    explained_variance   | 0.957        |
|    learning_rate        | 0.0003       |
|    loss                 | 1.75         |
|    n_updates            | 1250         |
|    policy_gradient_loss | -0.00172     |
|    std                  | 0.734        |
|    value_loss           | 3.98         |
------------------------------------------
-----------------------------------------
| rollout/                |             |
|    ep_len_mean          | 429         |
|    ep_rew_mean          | -131        |
| time/                   |             |
|    fps                  | 2263        |
|    iterations           | 127         |
|    time_elapsed         | 459         |
|    total_timesteps      | 1040384     |
| train/                  |             |
|    approx_kl            | 0.007887942 |
|    clip_fraction        | 0.0832      |
|    clip_range           | 0.2         |
|    entropy_loss         | -4.41       |
|    explained_variance   | 0.969       |
|    learning_rate        | 0.0003      |
|    loss                 | 1.96        |
|    n_updates            | 1260        |
|    policy_gradient_loss | -0.00381    |
|    std                  | 0.732       |
|    value_loss           | 4.89        |
-----------------------------------------
------------------------------------------
| rollout/                |              |
|    ep_len_mean          | 429          |
|    ep_rew_mean          | -122         |
| time/                   |              |
|    fps                  | 2267         |
|    iterations           | 128          |
|    time_elapsed         | 462          |
|    total_timesteps      | 1048576      |
| train/                  |              |
|    approx_kl            | 0.0107668005 |
|    clip_fraction        | 0.0877       |
|    clip_range           | 0.2          |
|    entropy_loss         | -4.37        |
|    explained_variance   | 0.963        |
|    learning_rate        | 0.0003       |
|    loss                 | 1.33         |
|    n_updates            | 1270         |
|    policy_gradient_loss | -0.00335     |
|    std                  | 0.719        |
|    value_loss           | 1.83         |
------------------------------------------
-----------------------------------------
| rollout/                |             |
|    ep_len_mean          | 383         |
|    ep_rew_mean          | -101        |
| time/                   |             |
|    fps                  | 2269        |
|    iterations           | 129         |
|    time_elapsed         | 465         |
|    total_timesteps      | 1056768     |
| train/                  |             |
|    approx_kl            | 0.007217934 |
|    clip_fraction        | 0.0939      |
|    clip_range           | 0.2         |
|    entropy_loss         | -4.33       |
|    explained_variance   | 0.958       |
|    learning_rate        | 0.0003      |
|    loss                 | 0.488       |
|    n_updates            | 1280        |
|    policy_gradient_loss | -0.0019     |
|    std                  | 0.719       |
|    value_loss           | 3.66        |
-----------------------------------------
-----------------------------------------
| rollout/                |             |
|    ep_len_mean          | 411         |
|    ep_rew_mean          | -111        |
| time/                   |             |
|    fps                  | 2272        |
|    iterations           | 130         |
|    time_elapsed         | 468         |
|    total_timesteps      | 1064960     |
| train/                  |             |
|    approx_kl            | 0.007482579 |
|    clip_fraction        | 0.0693      |
|    clip_range           | 0.2         |
|    entropy_loss         | -4.32       |
|    explained_variance   | 0.966       |
|    learning_rate        | 0.0003      |
|    loss                 | 3.01        |
|    n_updates            | 1290        |
|    policy_gradient_loss | -0.00425    |
|    std                  | 0.716       |
|    value_loss           | 3.75        |
-----------------------------------------
-----------------------------------------
| rollout/                |             |
|    ep_len_mean          | 406         |
|    ep_rew_mean          | -105        |
| time/                   |             |
|    fps                  | 2274        |
|    iterations           | 131         |
|    time_elapsed         | 471         |
|    total_timesteps      | 1073152     |
| train/                  |             |
|    approx_kl            | 0.008814604 |
|    clip_fraction        | 0.0863      |
|    clip_range           | 0.2         |
|    entropy_loss         | -4.32       |
|    explained_variance   | 0.984       |
|    learning_rate        | 0.0003      |
|    loss                 | 1.11        |
|    n_updates            | 1300        |
|    policy_gradient_loss | -0.00225    |
|    std                  | 0.719       |
|    value_loss           | 1.39        |
-----------------------------------------
-----------------------------------------
| rollout/                |             |
|    ep_len_mean          | 361         |
|    ep_rew_mean          | -93.6       |
| time/                   |             |
|    fps                  | 2276        |
|    iterations           | 132         |
|    time_elapsed         | 474         |
|    total_timesteps      | 1081344     |
| train/                  |             |
|    approx_kl            | 0.006422625 |
|    clip_fraction        | 0.0617      |
|    clip_range           | 0.2         |
|    entropy_loss         | -4.34       |
|    explained_variance   | 0.963       |
|    learning_rate        | 0.0003      |
|    loss                 | 1.54        |
|    n_updates            | 1310        |
|    policy_gradient_loss | -0.00337    |
|    std                  | 0.723       |
|    value_loss           | 3.64        |
-----------------------------------------
-----------------------------------------
| rollout/                |             |
|    ep_len_mean          | 373         |
|    ep_rew_mean          | -98.6       |
| time/                   |             |
|    fps                  | 2279        |
|    iterations           | 133         |
|    time_elapsed         | 478         |
|    total_timesteps      | 1089536     |
| train/                  |             |
|    approx_kl            | 0.009712887 |
|    clip_fraction        | 0.103       |
|    clip_range           | 0.2         |
|    entropy_loss         | -4.34       |
|    explained_variance   | 0.984       |
|    learning_rate        | 0.0003      |
|    loss                 | 1.1         |
|    n_updates            | 1320        |
|    policy_gradient_loss | -0.003      |
|    std                  | 0.719       |
|    value_loss           | 2.45        |
-----------------------------------------
-----------------------------------------
| rollout/                |             |
|    ep_len_mean          | 390         |
|    ep_rew_mean          | -104        |
| time/                   |             |
|    fps                  | 2281        |
|    iterations           | 134         |
|    time_elapsed         | 481         |
|    total_timesteps      | 1097728     |
| train/                  |             |
|    approx_kl            | 0.005749979 |
|    clip_fraction        | 0.0545      |
|    clip_range           | 0.2         |
|    entropy_loss         | -4.34       |
|    explained_variance   | 0.967       |
|    learning_rate        | 0.0003      |
|    loss                 | 1.28        |
|    n_updates            | 1330        |
|    policy_gradient_loss | -0.00156    |
|    std                  | 0.721       |
|    value_loss           | 4.71        |
-----------------------------------------
-----------------------------------------
| rollout/                |             |
|    ep_len_mean          | 372         |
|    ep_rew_mean          | -98         |
| time/                   |             |
|    fps                  | 2283        |
|    iterations           | 135         |
|    time_elapsed         | 484         |
|    total_timesteps      | 1105920     |
| train/                  |             |
|    approx_kl            | 0.006544628 |
|    clip_fraction        | 0.0751      |
|    clip_range           | 0.2         |
|    entropy_loss         | -4.36       |
|    explained_variance   | 0.979       |
|    learning_rate        | 0.0003      |
|    loss                 | 0.245       |
|    n_updates            | 1340        |
|    policy_gradient_loss | -0.0053     |
|    std                  | 0.727       |
|    value_loss           | 1.7         |
-----------------------------------------
-----------------------------------------
| rollout/                |             |
|    ep_len_mean          | 389         |
|    ep_rew_mean          | -111        |
| time/                   |             |
|    fps                  | 2285        |
|    iterations           | 136         |
|    time_elapsed         | 487         |
|    total_timesteps      | 1114112     |
| train/                  |             |
|    approx_kl            | 0.004669796 |
|    clip_fraction        | 0.0513      |
|    clip_range           | 0.2         |
|    entropy_loss         | -4.38       |
|    explained_variance   | 0.949       |
|    learning_rate        | 0.0003      |
|    loss                 | 2.76        |
|    n_updates            | 1350        |
|    policy_gradient_loss | -0.00188    |
|    std                  | 0.728       |
|    value_loss           | 5.56        |
-----------------------------------------
-----------------------------------------
| rollout/                |             |
|    ep_len_mean          | 427         |
|    ep_rew_mean          | -116        |
| time/                   |             |
|    fps                  | 2288        |
|    iterations           | 137         |
|    time_elapsed         | 490         |
|    total_timesteps      | 1122304     |
| train/                  |             |
|    approx_kl            | 0.008981017 |
|    clip_fraction        | 0.075       |
|    clip_range           | 0.2         |
|    entropy_loss         | -4.37       |
|    explained_variance   | 0.986       |
|    learning_rate        | 0.0003      |
|    loss                 | 0.653       |
|    n_updates            | 1360        |
|    policy_gradient_loss | -0.00156    |
|    std                  | 0.724       |
|    value_loss           | 1.74        |
-----------------------------------------
-----------------------------------------
| rollout/                |             |
|    ep_len_mean          | 426         |
|    ep_rew_mean          | -119        |
| time/                   |             |
|    fps                  | 2290        |
|    iterations           | 138         |
|    time_elapsed         | 493         |
|    total_timesteps      | 1130496     |
| train/                  |             |
|    approx_kl            | 0.007715954 |
|    clip_fraction        | 0.0786      |
|    clip_range           | 0.2         |
|    entropy_loss         | -4.34       |
|    explained_variance   | 0.984       |
|    learning_rate        | 0.0003      |
|    loss                 | 0.414       |
|    n_updates            | 1370        |
|    policy_gradient_loss | -0.000974   |
|    std                  | 0.718       |
|    value_loss           | 1.21        |
-----------------------------------------
------------------------------------------
| rollout/                |              |
|    ep_len_mean          | 431          |
|    ep_rew_mean          | -126         |
| time/                   |              |
|    fps                  | 2292         |
|    iterations           | 139          |
|    time_elapsed         | 496          |
|    total_timesteps      | 1138688      |
| train/                  |              |
|    approx_kl            | 0.0061430777 |
|    clip_fraction        | 0.0426       |
|    clip_range           | 0.2          |
|    entropy_loss         | -4.3         |
|    explained_variance   | 0.953        |
|    learning_rate        | 0.0003       |
|    loss                 | 0.523        |
|    n_updates            | 1380         |
|    policy_gradient_loss | -0.00256     |
|    std                  | 0.708        |
|    value_loss           | 4.07         |
------------------------------------------
------------------------------------------
| rollout/                |              |
|    ep_len_mean          | 437          |
|    ep_rew_mean          | -129         |
| time/                   |              |
|    fps                  | 2294         |
|    iterations           | 140          |
|    time_elapsed         | 499          |
|    total_timesteps      | 1146880      |
| train/                  |              |
|    approx_kl            | 0.0065991743 |
|    clip_fraction        | 0.0722       |
|    clip_range           | 0.2          |
|    entropy_loss         | -4.29        |
|    explained_variance   | 0.933        |
|    learning_rate        | 0.0003       |
|    loss                 | 0.806        |
|    n_updates            | 1390         |
|    policy_gradient_loss | -0.00273     |
|    std                  | 0.715        |
|    value_loss           | 3.84         |
------------------------------------------
-----------------------------------------
| rollout/                |             |
|    ep_len_mean          | 455         |
|    ep_rew_mean          | -133        |
| time/                   |             |
|    fps                  | 2296        |
|    iterations           | 141         |
|    time_elapsed         | 503         |
|    total_timesteps      | 1155072     |
| train/                  |             |
|    approx_kl            | 0.009172376 |
|    clip_fraction        | 0.0728      |
|    clip_range           | 0.2         |
|    entropy_loss         | -4.3        |
|    explained_variance   | 0.971       |
|    learning_rate        | 0.0003      |
|    loss                 | 0.678       |
|    n_updates            | 1400        |
|    policy_gradient_loss | -0.00138    |
|    std                  | 0.713       |
|    value_loss           | 2.03        |
-----------------------------------------
----------------------------------------
| rollout/                |            |
|    ep_len_mean          | 478        |
|    ep_rew_mean          | -142       |
| time/                   |            |
|    fps                  | 2298       |
|    iterations           | 142        |
|    time_elapsed         | 506        |
|    total_timesteps      | 1163264    |
| train/                  |            |
|    approx_kl            | 0.01216333 |
|    clip_fraction        | 0.1        |
|    clip_range           | 0.2        |
|    entropy_loss         | -4.27      |
|    explained_variance   | 0.987      |
|    learning_rate        | 0.0003     |
|    loss                 | 0.511      |
|    n_updates            | 1410       |
|    policy_gradient_loss | -0.00379   |
|    std                  | 0.706      |
|    value_loss           | 1.86       |
----------------------------------------
-----------------------------------------
| rollout/                |             |
|    ep_len_mean          | 490         |
|    ep_rew_mean          | -153        |
| time/                   |             |
|    fps                  | 2300        |
|    iterations           | 143         |
|    time_elapsed         | 509         |
|    total_timesteps      | 1171456     |
| train/                  |             |
|    approx_kl            | 0.007262316 |
|    clip_fraction        | 0.0558      |
|    clip_range           | 0.2         |
|    entropy_loss         | -4.25       |
|    explained_variance   | 0.963       |
|    learning_rate        | 0.0003      |
|    loss                 | 1.62        |
|    n_updates            | 1420        |
|    policy_gradient_loss | -0.00336    |
|    std                  | 0.704       |
|    value_loss           | 3.63        |
-----------------------------------------
-----------------------------------------
| rollout/                |             |
|    ep_len_mean          | 468         |
|    ep_rew_mean          | -158        |
| time/                   |             |
|    fps                  | 2302        |
|    iterations           | 144         |
|    time_elapsed         | 512         |
|    total_timesteps      | 1179648     |
| train/                  |             |
|    approx_kl            | 0.009850122 |
|    clip_fraction        | 0.0939      |
|    clip_range           | 0.2         |
|    entropy_loss         | -4.23       |
|    explained_variance   | 0.918       |
|    learning_rate        | 0.0003      |
|    loss                 | 1.29        |
|    n_updates            | 1430        |
|    policy_gradient_loss | -0.00419    |
|    std                  | 0.698       |
|    value_loss           | 3.85        |
-----------------------------------------
-----------------------------------------
| rollout/                |             |
|    ep_len_mean          | 480         |
|    ep_rew_mean          | -158        |
| time/                   |             |
|    fps                  | 2305        |
|    iterations           | 145         |
|    time_elapsed         | 515         |
|    total_timesteps      | 1187840     |
| train/                  |             |
|    approx_kl            | 0.008591495 |
|    clip_fraction        | 0.105       |
|    clip_range           | 0.2         |
|    entropy_loss         | -4.21       |
|    explained_variance   | 0.898       |
|    learning_rate        | 0.0003      |
|    loss                 | 0.881       |
|    n_updates            | 1440        |
|    policy_gradient_loss | -0.00181    |
|    std                  | 0.695       |
|    value_loss           | 5.18        |
-----------------------------------------
-----------------------------------------
| rollout/                |             |
|    ep_len_mean          | 474         |
|    ep_rew_mean          | -150        |
| time/                   |             |
|    fps                  | 2309        |
|    iterations           | 146         |
|    time_elapsed         | 517         |
|    total_timesteps      | 1196032     |
| train/                  |             |
|    approx_kl            | 0.009685729 |
|    clip_fraction        | 0.13        |
|    clip_range           | 0.2         |
|    entropy_loss         | -4.2        |
|    explained_variance   | 0.977       |
|    learning_rate        | 0.0003      |
|    loss                 | 4.16        |
|    n_updates            | 1450        |
|    policy_gradient_loss | -0.00155    |
|    std                  | 0.696       |
|    value_loss           | 2.63        |
-----------------------------------------
[PeriodicArtifactCallback] step 1200000: running periodic self-monitoring analysis...
[PeriodicArtifactCallback] analysis written to C:\GitHub\HumanoidRobot\simulation\training\pick_place\runs\pp_v12\analysis_1200000.md (stalled=False)
[PeriodicArtifactCallback] step 1200000: saving checkpoint, evaluating, rendering...
[PeriodicArtifactCallback] step 1200000: success_rate=0.00 pick_success_rate=0.00 mean_reward=-172.37 -> C:\GitHub\HumanoidRobot\simulation\training\pick_place\runs\pp_v12\dashboard.html
------------------------------------------
| rollout/                |              |
|    ep_len_mean          | 479          |
|    ep_rew_mean          | -150         |
| time/                   |              |
|    fps                  | 2234         |
|    iterations           | 147          |
|    time_elapsed         | 538          |
|    total_timesteps      | 1204224      |
| train/                  |              |
|    approx_kl            | 0.0068661575 |
|    clip_fraction        | 0.0953       |
|    clip_range           | 0.2          |
|    entropy_loss         | -4.22        |
|    explained_variance   | 0.969        |
|    learning_rate        | 0.0003       |
|    loss                 | 1.29         |
|    n_updates            | 1460         |
|    policy_gradient_loss | -0.00289     |
|    std                  | 0.7          |
|    value_loss           | 3.68         |
------------------------------------------
----------------------------------------
| rollout/                |            |
|    ep_len_mean          | 474        |
|    ep_rew_mean          | -143       |
| time/                   |            |
|    fps                  | 2237       |
|    iterations           | 148        |
|    time_elapsed         | 541        |
|    total_timesteps      | 1212416    |
| train/                  |            |
|    approx_kl            | 0.01263769 |
|    clip_fraction        | 0.139      |
|    clip_range           | 0.2        |
|    entropy_loss         | -4.21      |
|    explained_variance   | 0.985      |
|    learning_rate        | 0.0003     |
|    loss                 | 0.497      |
|    n_updates            | 1470       |
|    policy_gradient_loss | -0.00139   |
|    std                  | 0.697      |
|    value_loss           | 1.75       |
----------------------------------------
-----------------------------------------
| rollout/                |             |
|    ep_len_mean          | 468         |
|    ep_rew_mean          | -140        |
| time/                   |             |
|    fps                  | 2239        |
|    iterations           | 149         |
|    time_elapsed         | 545         |
|    total_timesteps      | 1220608     |
| train/                  |             |
|    approx_kl            | 0.007732701 |
|    clip_fraction        | 0.118       |
|    clip_range           | 0.2         |
|    entropy_loss         | -4.21       |
|    explained_variance   | 0.988       |
|    learning_rate        | 0.0003      |
|    loss                 | 0.333       |
|    n_updates            | 1480        |
|    policy_gradient_loss | -0.00192    |
|    std                  | 0.698       |
|    value_loss           | 0.909       |
-----------------------------------------
-----------------------------------------
| rollout/                |             |
|    ep_len_mean          | 473         |
|    ep_rew_mean          | -133        |
| time/                   |             |
|    fps                  | 2240        |
|    iterations           | 150         |
|    time_elapsed         | 548         |
|    total_timesteps      | 1228800     |
| train/                  |             |
|    approx_kl            | 0.008457964 |
|    clip_fraction        | 0.0771      |
|    clip_range           | 0.2         |
|    entropy_loss         | -4.2        |
|    explained_variance   | 0.982       |
|    learning_rate        | 0.0003      |
|    loss                 | 0.537       |
|    n_updates            | 1490        |
|    policy_gradient_loss | -0.00463    |
|    std                  | 0.695       |
|    value_loss           | 2.13        |
-----------------------------------------
-----------------------------------------
| rollout/                |             |
|    ep_len_mean          | 467         |
|    ep_rew_mean          | -132        |
| time/                   |             |
|    fps                  | 2242        |
|    iterations           | 151         |
|    time_elapsed         | 551         |
|    total_timesteps      | 1236992     |
| train/                  |             |
|    approx_kl            | 0.007591096 |
|    clip_fraction        | 0.0848      |
|    clip_range           | 0.2         |
|    entropy_loss         | -4.2        |
|    explained_variance   | 0.991       |
|    learning_rate        | 0.0003      |
|    loss                 | 0.906       |
|    n_updates            | 1500        |
|    policy_gradient_loss | -0.00467    |
|    std                  | 0.697       |
|    value_loss           | 1.37        |
-----------------------------------------
-----------------------------------------
| rollout/                |             |
|    ep_len_mean          | 449         |
|    ep_rew_mean          | -133        |
| time/                   |             |
|    fps                  | 2244        |
|    iterations           | 152         |
|    time_elapsed         | 554         |
|    total_timesteps      | 1245184     |
| train/                  |             |
|    approx_kl            | 0.010975933 |
|    clip_fraction        | 0.0818      |
|    clip_range           | 0.2         |
|    entropy_loss         | -4.21       |
|    explained_variance   | 0.969       |
|    learning_rate        | 0.0003      |
|    loss                 | 1.44        |
|    n_updates            | 1510        |
|    policy_gradient_loss | -0.00314    |
|    std                  | 0.696       |
|    value_loss           | 3.67        |
-----------------------------------------
-----------------------------------------
| rollout/                |             |
|    ep_len_mean          | 449         |
|    ep_rew_mean          | -132        |
| time/                   |             |
|    fps                  | 2245        |
|    iterations           | 153         |
|    time_elapsed         | 558         |
|    total_timesteps      | 1253376     |
| train/                  |             |
|    approx_kl            | 0.009314795 |
|    clip_fraction        | 0.0778      |
|    clip_range           | 0.2         |
|    entropy_loss         | -4.17       |
|    explained_variance   | 0.984       |
|    learning_rate        | 0.0003      |
|    loss                 | 0.742       |
|    n_updates            | 1520        |
|    policy_gradient_loss | -0.00333    |
|    std                  | 0.685       |
|    value_loss           | 2.04        |
-----------------------------------------
-----------------------------------------
| rollout/                |             |
|    ep_len_mean          | 449         |
|    ep_rew_mean          | -138        |
| time/                   |             |
|    fps                  | 2247        |
|    iterations           | 154         |
|    time_elapsed         | 561         |
|    total_timesteps      | 1261568     |
| train/                  |             |
|    approx_kl            | 0.010231594 |
|    clip_fraction        | 0.106       |
|    clip_range           | 0.2         |
|    entropy_loss         | -4.15       |
|    explained_variance   | 0.988       |
|    learning_rate        | 0.0003      |
|    loss                 | 0.804       |
|    n_updates            | 1530        |
|    policy_gradient_loss | -0.00356    |
|    std                  | 0.687       |
|    value_loss           | 2           |
-----------------------------------------
-----------------------------------------
| rollout/                |             |
|    ep_len_mean          | 466         |
|    ep_rew_mean          | -147        |
| time/                   |             |
|    fps                  | 2249        |
|    iterations           | 155         |
|    time_elapsed         | 564         |
|    total_timesteps      | 1269760     |
| train/                  |             |
|    approx_kl            | 0.006383043 |
|    clip_fraction        | 0.0543      |
|    clip_range           | 0.2         |
|    entropy_loss         | -4.16       |
|    explained_variance   | 0.97        |
|    learning_rate        | 0.0003      |
|    loss                 | 2.64        |
|    n_updates            | 1540        |
|    policy_gradient_loss | -0.00418    |
|    std                  | 0.688       |
|    value_loss           | 4.19        |
-----------------------------------------
----------------------------------------
| rollout/                |            |
|    ep_len_mean          | 473        |
|    ep_rew_mean          | -146       |
| time/                   |            |
|    fps                  | 2251       |
|    iterations           | 156        |
|    time_elapsed         | 567        |
|    total_timesteps      | 1277952    |
| train/                  |            |
|    approx_kl            | 0.00787747 |
|    clip_fraction        | 0.116      |
|    clip_range           | 0.2        |
|    entropy_loss         | -4.15      |
|    explained_variance   | 0.992      |
|    learning_rate        | 0.0003     |
|    loss                 | 0.298      |
|    n_updates            | 1550       |
|    policy_gradient_loss | -0.00125   |
|    std                  | 0.684      |
|    value_loss           | 1.3        |
----------------------------------------
------------------------------------------
| rollout/                |              |
|    ep_len_mean          | 467          |
|    ep_rew_mean          | -155         |
| time/                   |              |
|    fps                  | 2252         |
|    iterations           | 157          |
|    time_elapsed         | 570          |
|    total_timesteps      | 1286144      |
| train/                  |              |
|    approx_kl            | 0.0056329924 |
|    clip_fraction        | 0.0665       |
|    clip_range           | 0.2          |
|    entropy_loss         | -4.14        |
|    explained_variance   | 0.952        |
|    learning_rate        | 0.0003       |
|    loss                 | 0.98         |
|    n_updates            | 1560         |
|    policy_gradient_loss | -0.00167     |
|    std                  | 0.684        |
|    value_loss           | 3.58         |
------------------------------------------
-----------------------------------------
| rollout/                |             |
|    ep_len_mean          | 473         |
|    ep_rew_mean          | -160        |
| time/                   |             |
|    fps                  | 2255        |
|    iterations           | 158         |
|    time_elapsed         | 573         |
|    total_timesteps      | 1294336     |
| train/                  |             |
|    approx_kl            | 0.006661088 |
|    clip_fraction        | 0.0521      |
|    clip_range           | 0.2         |
|    entropy_loss         | -4.15       |
|    explained_variance   | 0.914       |
|    learning_rate        | 0.0003      |
|    loss                 | 2.94        |
|    n_updates            | 1570        |
|    policy_gradient_loss | -0.00455    |
|    std                  | 0.686       |
|    value_loss           | 8.28        |
-----------------------------------------
------------------------------------------
| rollout/                |              |
|    ep_len_mean          | 445          |
|    ep_rew_mean          | -155         |
| time/                   |              |
|    fps                  | 2257         |
|    iterations           | 159          |
|    time_elapsed         | 577          |
|    total_timesteps      | 1302528      |
| train/                  |              |
|    approx_kl            | 0.0077915094 |
|    clip_fraction        | 0.0548       |
|    clip_range           | 0.2          |
|    entropy_loss         | -4.16        |
|    explained_variance   | 0.966        |
|    learning_rate        | 0.0003       |
|    loss                 | 1.93         |
|    n_updates            | 1580         |
|    policy_gradient_loss | -0.00425     |
|    std                  | 0.688        |
|    value_loss           | 4.88         |
------------------------------------------
------------------------------------------
| rollout/                |              |
|    ep_len_mean          | 446          |
|    ep_rew_mean          | -154         |
| time/                   |              |
|    fps                  | 2259         |
|    iterations           | 160          |
|    time_elapsed         | 580          |
|    total_timesteps      | 1310720      |
| train/                  |              |
|    approx_kl            | 0.0070169694 |
|    clip_fraction        | 0.0549       |
|    clip_range           | 0.2          |
|    entropy_loss         | -4.17        |
|    explained_variance   | 0.944        |
|    learning_rate        | 0.0003       |
|    loss                 | 4.25         |
|    n_updates            | 1590         |
|    policy_gradient_loss | -0.00514     |
|    std                  | 0.689        |
|    value_loss           | 10.4         |
------------------------------------------
-----------------------------------------
| rollout/                |             |
|    ep_len_mean          | 440         |
|    ep_rew_mean          | -146        |
| time/                   |             |
|    fps                  | 2260        |
|    iterations           | 161         |
|    time_elapsed         | 583         |
|    total_timesteps      | 1318912     |
| train/                  |             |
|    approx_kl            | 0.012872053 |
|    clip_fraction        | 0.126       |
|    clip_range           | 0.2         |
|    entropy_loss         | -4.15       |
|    explained_variance   | 0.99        |
|    learning_rate        | 0.0003      |
|    loss                 | 0.151       |
|    n_updates            | 1600        |
|    policy_gradient_loss | -0.00133    |
|    std                  | 0.683       |
|    value_loss           | 0.871       |
-----------------------------------------
------------------------------------------
| rollout/                |              |
|    ep_len_mean          | 446          |
|    ep_rew_mean          | -146         |
| time/                   |              |
|    fps                  | 2262         |
|    iterations           | 162          |
|    time_elapsed         | 586          |
|    total_timesteps      | 1327104      |
| train/                  |              |
|    approx_kl            | 0.0058212327 |
|    clip_fraction        | 0.0857       |
|    clip_range           | 0.2          |
|    entropy_loss         | -4.12        |
|    explained_variance   | 0.973        |
|    learning_rate        | 0.0003       |
|    loss                 | 0.618        |
|    n_updates            | 1610         |
|    policy_gradient_loss | -0.00277     |
|    std                  | 0.679        |
|    value_loss           | 2.68         |
------------------------------------------
-----------------------------------------
| rollout/                |             |
|    ep_len_mean          | 446         |
|    ep_rew_mean          | -141        |
| time/                   |             |
|    fps                  | 2263        |
|    iterations           | 163         |
|    time_elapsed         | 589         |
|    total_timesteps      | 1335296     |
| train/                  |             |
|    approx_kl            | 0.010264501 |
|    clip_fraction        | 0.0801      |
|    clip_range           | 0.2         |
|    entropy_loss         | -4.09       |
|    explained_variance   | 0.945       |
|    learning_rate        | 0.0003      |
|    loss                 | 0.413       |
|    n_updates            | 1620        |
|    policy_gradient_loss | -0.000968   |
|    std                  | 0.673       |
|    value_loss           | 6.09        |
-----------------------------------------
-----------------------------------------
| rollout/                |             |
|    ep_len_mean          | 463         |
|    ep_rew_mean          | -147        |
| time/                   |             |
|    fps                  | 2265        |
|    iterations           | 164         |
|    time_elapsed         | 592         |
|    total_timesteps      | 1343488     |
| train/                  |             |
|    approx_kl            | 0.009150367 |
|    clip_fraction        | 0.0984      |
|    clip_range           | 0.2         |
|    entropy_loss         | -4.07       |
|    explained_variance   | 0.987       |
|    learning_rate        | 0.0003      |
|    loss                 | 0.376       |
|    n_updates            | 1630        |
|    policy_gradient_loss | -0.00313    |
|    std                  | 0.669       |
|    value_loss           | 2.09        |
-----------------------------------------
------------------------------------------
| rollout/                |              |
|    ep_len_mean          | 485          |
|    ep_rew_mean          | -145         |
| time/                   |              |
|    fps                  | 2267         |
|    iterations           | 165          |
|    time_elapsed         | 596          |
|    total_timesteps      | 1351680      |
| train/                  |              |
|    approx_kl            | 0.0152578745 |
|    clip_fraction        | 0.151        |
|    clip_range           | 0.2          |
|    entropy_loss         | -4.04        |
|    explained_variance   | 0.992        |
|    learning_rate        | 0.0003       |
|    loss                 | 0.449        |
|    n_updates            | 1640         |
|    policy_gradient_loss | -0.00321     |
|    std                  | 0.665        |
|    value_loss           | 1.15         |
------------------------------------------
-----------------------------------------
| rollout/                |             |
|    ep_len_mean          | 485         |
|    ep_rew_mean          | -147        |
| time/                   |             |
|    fps                  | 2268        |
|    iterations           | 166         |
|    time_elapsed         | 599         |
|    total_timesteps      | 1359872     |
| train/                  |             |
|    approx_kl            | 0.004867105 |
|    clip_fraction        | 0.0988      |
|    clip_range           | 0.2         |
|    entropy_loss         | -4.02       |
|    explained_variance   | 0.978       |
|    learning_rate        | 0.0003      |
|    loss                 | 0.452       |
|    n_updates            | 1650        |
|    policy_gradient_loss | -0.00297    |
|    std                  | 0.664       |
|    value_loss           | 3.77        |
-----------------------------------------
-----------------------------------------
| rollout/                |             |
|    ep_len_mean          | 502         |
|    ep_rew_mean          | -155        |
| time/                   |             |
|    fps                  | 2270        |
|    iterations           | 167         |
|    time_elapsed         | 602         |
|    total_timesteps      | 1368064     |
| train/                  |             |
|    approx_kl            | 0.012686258 |
|    clip_fraction        | 0.142       |
|    clip_range           | 0.2         |
|    entropy_loss         | -4.01       |
|    explained_variance   | 0.998       |
|    learning_rate        | 0.0003      |
|    loss                 | 0.0221      |
|    n_updates            | 1660        |
|    policy_gradient_loss | 0.000215    |
|    std                  | 0.66        |
|    value_loss           | 0.249       |
-----------------------------------------
------------------------------------------
| rollout/                |              |
|    ep_len_mean          | 503          |
|    ep_rew_mean          | -152         |
| time/                   |              |
|    fps                  | 2271         |
|    iterations           | 168          |
|    time_elapsed         | 605          |
|    total_timesteps      | 1376256      |
| train/                  |              |
|    approx_kl            | 0.0077013336 |
|    clip_fraction        | 0.074        |
|    clip_range           | 0.2          |
|    entropy_loss         | -3.99        |
|    explained_variance   | 0.992        |
|    learning_rate        | 0.0003       |
|    loss                 | 0.543        |
|    n_updates            | 1670         |
|    policy_gradient_loss | -0.00286     |
|    std                  | 0.657        |
|    value_loss           | 0.961        |
------------------------------------------
-----------------------------------------
| rollout/                |             |
|    ep_len_mean          | 513         |
|    ep_rew_mean          | -148        |
| time/                   |             |
|    fps                  | 2273        |
|    iterations           | 169         |
|    time_elapsed         | 609         |
|    total_timesteps      | 1384448     |
| train/                  |             |
|    approx_kl            | 0.007901422 |
|    clip_fraction        | 0.0957      |
|    clip_range           | 0.2         |
|    entropy_loss         | -3.98       |
|    explained_variance   | 0.988       |
|    learning_rate        | 0.0003      |
|    loss                 | 0.104       |
|    n_updates            | 1680        |
|    policy_gradient_loss | -0.0044     |
|    std                  | 0.653       |
|    value_loss           | 1.21        |
-----------------------------------------
------------------------------------------
| rollout/                |              |
|    ep_len_mean          | 520          |
|    ep_rew_mean          | -145         |
| time/                   |              |
|    fps                  | 2274         |
|    iterations           | 170          |
|    time_elapsed         | 612          |
|    total_timesteps      | 1392640      |
| train/                  |              |
|    approx_kl            | 0.0075904466 |
|    clip_fraction        | 0.0791       |
|    clip_range           | 0.2          |
|    entropy_loss         | -3.94        |
|    explained_variance   | 0.988        |
|    learning_rate        | 0.0003       |
|    loss                 | 0.281        |
|    n_updates            | 1690         |
|    policy_gradient_loss | -0.0045      |
|    std                  | 0.647        |
|    value_loss           | 1.33         |
------------------------------------------
[PeriodicArtifactCallback] step 1400000: saving checkpoint, evaluating, rendering...
[PeriodicArtifactCallback] step 1400000: success_rate=0.00 pick_success_rate=0.10 mean_reward=-164.31 -> C:\GitHub\HumanoidRobot\simulation\training\pick_place\runs\pp_v12\dashboard.html
-----------------------------------------
| rollout/                |             |
|    ep_len_mean          | 514         |
|    ep_rew_mean          | -141        |
| time/                   |             |
|    fps                  | 2238        |
|    iterations           | 171         |
|    time_elapsed         | 625         |
|    total_timesteps      | 1400832     |
| train/                  |             |
|    approx_kl            | 0.009482818 |
|    clip_fraction        | 0.0845      |
|    clip_range           | 0.2         |
|    entropy_loss         | -3.92       |
|    explained_variance   | 0.976       |
|    learning_rate        | 0.0003      |
|    loss                 | 0.227       |
|    n_updates            | 1700        |
|    policy_gradient_loss | -0.00384    |
|    std                  | 0.646       |
|    value_loss           | 1.69        |
-----------------------------------------
-----------------------------------------
| rollout/                |             |
|    ep_len_mean          | 525         |
|    ep_rew_mean          | -143        |
| time/                   |             |
|    fps                  | 2241        |
|    iterations           | 172         |
|    time_elapsed         | 628         |
|    total_timesteps      | 1409024     |
| train/                  |             |
|    approx_kl            | 0.008558489 |
|    clip_fraction        | 0.108       |
|    clip_range           | 0.2         |
|    entropy_loss         | -3.91       |
|    explained_variance   | 0.991       |
|    learning_rate        | 0.0003      |
|    loss                 | 0.523       |
|    n_updates            | 1710        |
|    policy_gradient_loss | -0.00445    |
|    std                  | 0.643       |
|    value_loss           | 0.876       |
-----------------------------------------
-----------------------------------------
| rollout/                |             |
|    ep_len_mean          | 519         |
|    ep_rew_mean          | -140        |
| time/                   |             |
|    fps                  | 2244        |
|    iterations           | 173         |
|    time_elapsed         | 631         |
|    total_timesteps      | 1417216     |
| train/                  |             |
|    approx_kl            | 0.013514542 |
|    clip_fraction        | 0.154       |
|    clip_range           | 0.2         |
|    entropy_loss         | -3.88       |
|    explained_variance   | 0.993       |
|    learning_rate        | 0.0003      |
|    loss                 | 0.0985      |
|    n_updates            | 1720        |
|    policy_gradient_loss | -0.00236    |
|    std                  | 0.637       |
|    value_loss           | 0.633       |
-----------------------------------------
-----------------------------------------
| rollout/                |             |
|    ep_len_mean          | 485         |
|    ep_rew_mean          | -135        |
| time/                   |             |
|    fps                  | 2247        |
|    iterations           | 174         |
|    time_elapsed         | 634         |
|    total_timesteps      | 1425408     |
| train/                  |             |
|    approx_kl            | 0.008904232 |
|    clip_fraction        | 0.0935      |
|    clip_range           | 0.2         |
|    entropy_loss         | -3.87       |
|    explained_variance   | 0.971       |
|    learning_rate        | 0.0003      |
|    loss                 | 0.373       |
|    n_updates            | 1730        |
|    policy_gradient_loss | -0.00457    |
|    std                  | 0.64        |
|    value_loss           | 3.8         |
-----------------------------------------
------------------------------------------
| rollout/                |              |
|    ep_len_mean          | 479          |
|    ep_rew_mean          | -134         |
| time/                   |              |
|    fps                  | 2250         |
|    iterations           | 175          |
|    time_elapsed         | 637          |
|    total_timesteps      | 1433600      |
| train/                  |              |
|    approx_kl            | 0.0071068406 |
|    clip_fraction        | 0.0855       |
|    clip_range           | 0.2          |
|    entropy_loss         | -3.88        |
|    explained_variance   | 0.985        |
|    learning_rate        | 0.0003       |
|    loss                 | 1.37         |
|    n_updates            | 1740         |
|    policy_gradient_loss | -0.00464     |
|    std                  | 0.641        |
|    value_loss           | 2.45         |
------------------------------------------
-----------------------------------------
| rollout/                |             |
|    ep_len_mean          | 490         |
|    ep_rew_mean          | -140        |
| time/                   |             |
|    fps                  | 2252        |
|    iterations           | 176         |
|    time_elapsed         | 640         |
|    total_timesteps      | 1441792     |
| train/                  |             |
|    approx_kl            | 0.005942679 |
|    clip_fraction        | 0.065       |
|    clip_range           | 0.2         |
|    entropy_loss         | -3.9        |
|    explained_variance   | 0.913       |
|    learning_rate        | 0.0003      |
|    loss                 | 1.39        |
|    n_updates            | 1750        |
|    policy_gradient_loss | -0.001      |
|    std                  | 0.644       |
|    value_loss           | 2.76        |
-----------------------------------------
------------------------------------------
| rollout/                |              |
|    ep_len_mean          | 496          |
|    ep_rew_mean          | -142         |
| time/                   |              |
|    fps                  | 2255         |
|    iterations           | 177          |
|    time_elapsed         | 642          |
|    total_timesteps      | 1449984      |
| train/                  |              |
|    approx_kl            | 0.0061346996 |
|    clip_fraction        | 0.0674       |
|    clip_range           | 0.2          |
|    entropy_loss         | -3.92        |
|    explained_variance   | 0.953        |
|    learning_rate        | 0.0003       |
|    loss                 | 0.238        |
|    n_updates            | 1760         |
|    policy_gradient_loss | -0.00435     |
|    std                  | 0.649        |
|    value_loss           | 1.7          |
------------------------------------------
-----------------------------------------
| rollout/                |             |
|    ep_len_mean          | 491         |
|    ep_rew_mean          | -144        |
| time/                   |             |
|    fps                  | 2256        |
|    iterations           | 178         |
|    time_elapsed         | 646         |
|    total_timesteps      | 1458176     |
| train/                  |             |
|    approx_kl            | 0.008878803 |
|    clip_fraction        | 0.0671      |
|    clip_range           | 0.2         |
|    entropy_loss         | -3.95       |
|    explained_variance   | 0.942       |
|    learning_rate        | 0.0003      |
|    loss                 | 0.41        |
|    n_updates            | 1770        |
|    policy_gradient_loss | -0.00398    |
|    std                  | 0.655       |
|    value_loss           | 1.73        |
-----------------------------------------
------------------------------------------
| rollout/                |              |
|    ep_len_mean          | 490          |
|    ep_rew_mean          | -138         |
| time/                   |              |
|    fps                  | 2258         |
|    iterations           | 179          |
|    time_elapsed         | 649          |
|    total_timesteps      | 1466368      |
| train/                  |              |
|    approx_kl            | 0.0046265293 |
|    clip_fraction        | 0.0496       |
|    clip_range           | 0.2          |
|    entropy_loss         | -3.98        |
|    explained_variance   | 0.947        |
|    learning_rate        | 0.0003       |
|    loss                 | 0.532        |
|    n_updates            | 1780         |
|    policy_gradient_loss | -0.00384     |
|    std                  | 0.66         |
|    value_loss           | 2.57         |
------------------------------------------
----------------------------------------
| rollout/                |            |
|    ep_len_mean          | 525        |
|    ep_rew_mean          | -151       |
| time/                   |            |
|    fps                  | 2259       |
|    iterations           | 180        |
|    time_elapsed         | 652        |
|    total_timesteps      | 1474560    |
| train/                  |            |
|    approx_kl            | 0.00771609 |
|    clip_fraction        | 0.0847     |
|    clip_range           | 0.2        |
|    entropy_loss         | -3.99      |
|    explained_variance   | 0.962      |
|    learning_rate        | 0.0003     |
|    loss                 | 0.926      |
|    n_updates            | 1790       |
|    policy_gradient_loss | -0.00746   |
|    std                  | 0.658      |
|    value_loss           | 3.08       |
----------------------------------------
-----------------------------------------
| rollout/                |             |
|    ep_len_mean          | 525         |
|    ep_rew_mean          | -148        |
| time/                   |             |
|    fps                  | 2261        |
|    iterations           | 181         |
|    time_elapsed         | 655         |
|    total_timesteps      | 1482752     |
| train/                  |             |
|    approx_kl            | 0.007935967 |
|    clip_fraction        | 0.0919      |
|    clip_range           | 0.2         |
|    entropy_loss         | -4          |
|    explained_variance   | 0.987       |
|    learning_rate        | 0.0003      |
|    loss                 | 0.0761      |
|    n_updates            | 1800        |
|    policy_gradient_loss | -0.000855   |
|    std                  | 0.661       |
|    value_loss           | 0.569       |
-----------------------------------------
----------------------------------------
| rollout/                |            |
|    ep_len_mean          | 543        |
|    ep_rew_mean          | -154       |
| time/                   |            |
|    fps                  | 2262       |
|    iterations           | 182        |
|    time_elapsed         | 658        |
|    total_timesteps      | 1490944    |
| train/                  |            |
|    approx_kl            | 0.01783349 |
|    clip_fraction        | 0.16       |
|    clip_range           | 0.2        |
|    entropy_loss         | -3.99      |
|    explained_variance   | 0.993      |
|    learning_rate        | 0.0003     |
|    loss                 | 0.15       |
|    n_updates            | 1810       |
|    policy_gradient_loss | -0.00398   |
|    std                  | 0.658      |
|    value_loss           | 0.647      |
----------------------------------------
-----------------------------------------
| rollout/                |             |
|    ep_len_mean          | 525         |
|    ep_rew_mean          | -150        |
| time/                   |             |
|    fps                  | 2264        |
|    iterations           | 183         |
|    time_elapsed         | 662         |
|    total_timesteps      | 1499136     |
| train/                  |             |
|    approx_kl            | 0.006301894 |
|    clip_fraction        | 0.0654      |
|    clip_range           | 0.2         |
|    entropy_loss         | -3.97       |
|    explained_variance   | 0.967       |
|    learning_rate        | 0.0003      |
|    loss                 | 0.713       |
|    n_updates            | 1820        |
|    policy_gradient_loss | -0.00487    |
|    std                  | 0.654       |
|    value_loss           | 3.27        |
-----------------------------------------
------------------------------------------
| rollout/                |              |
|    ep_len_mean          | 539          |
|    ep_rew_mean          | -161         |
| time/                   |              |
|    fps                  | 2265         |
|    iterations           | 184          |
|    time_elapsed         | 665          |
|    total_timesteps      | 1507328      |
| train/                  |              |
|    approx_kl            | 0.0047048195 |
|    clip_fraction        | 0.0653       |
|    clip_range           | 0.2          |
|    entropy_loss         | -3.96        |
|    explained_variance   | 0.963        |
|    learning_rate        | 0.0003       |
|    loss                 | 1.07         |
|    n_updates            | 1830         |
|    policy_gradient_loss | -0.0056      |
|    std                  | 0.654        |
|    value_loss           | 3.41         |
------------------------------------------
-----------------------------------------
| rollout/                |             |
|    ep_len_mean          | 545         |
|    ep_rew_mean          | -158        |
| time/                   |             |
|    fps                  | 2266        |
|    iterations           | 185         |
|    time_elapsed         | 668         |
|    total_timesteps      | 1515520     |
| train/                  |             |
|    approx_kl            | 0.007983171 |
|    clip_fraction        | 0.071       |
|    clip_range           | 0.2         |
|    entropy_loss         | -3.96       |
|    explained_variance   | 0.976       |
|    learning_rate        | 0.0003      |
|    loss                 | 0.6         |
|    n_updates            | 1840        |
|    policy_gradient_loss | -0.00368    |
|    std                  | 0.655       |
|    value_loss           | 1.89        |
-----------------------------------------
-----------------------------------------
| rollout/                |             |
|    ep_len_mean          | 534         |
|    ep_rew_mean          | -153        |
| time/                   |             |
|    fps                  | 2267        |
|    iterations           | 186         |
|    time_elapsed         | 671         |
|    total_timesteps      | 1523712     |
| train/                  |             |
|    approx_kl            | 0.010921363 |
|    clip_fraction        | 0.0843      |
|    clip_range           | 0.2         |
|    entropy_loss         | -3.97       |
|    explained_variance   | 0.98        |
|    learning_rate        | 0.0003      |
|    loss                 | 0.309       |
|    n_updates            | 1850        |
|    policy_gradient_loss | -0.00248    |
|    std                  | 0.658       |
|    value_loss           | 2.14        |
-----------------------------------------
