Continuing from checkpoint: C:/GitHub/HumanoidRobot/simulation/training/pick_place/runs/pp_v22/checkpoints/final.zip
Logging to C:\GitHub\HumanoidRobot\simulation\training\pick_place\runs\pp_v23\logs\pp_v23_1
---------------------------------
| rollout/           |          |
|    ep_len_mean     | 94.6     |
|    ep_rew_mean     | -26.5    |
| time/              |          |
|    fps             | 3914     |
|    iterations      | 1        |
|    time_elapsed    | 2        |
|    total_timesteps | 8192     |
---------------------------------
-----------------------------------------
| rollout/                |             |
|    ep_len_mean          | 134         |
|    ep_rew_mean          | -37.1       |
| time/                   |             |
|    fps                  | 2862        |
|    iterations           | 2           |
|    time_elapsed         | 5           |
|    total_timesteps      | 16384       |
| train/                  |             |
|    approx_kl            | 0.013579557 |
|    clip_fraction        | 0.141       |
|    clip_range           | 0.2         |
|    entropy_loss         | -2.71       |
|    explained_variance   | 0.856       |
|    learning_rate        | 0.0003      |
|    loss                 | 2.49        |
|    n_updates            | 2460        |
|    policy_gradient_loss | -0.00374    |
|    std                  | 0.482       |
|    value_loss           | 12.3        |
-----------------------------------------
-----------------------------------------
| rollout/                |             |
|    ep_len_mean          | 176         |
|    ep_rew_mean          | -51         |
| time/                   |             |
|    fps                  | 2696        |
|    iterations           | 3           |
|    time_elapsed         | 9           |
|    total_timesteps      | 24576       |
| train/                  |             |
|    approx_kl            | 0.014985304 |
|    clip_fraction        | 0.146       |
|    clip_range           | 0.2         |
|    entropy_loss         | -2.72       |
|    explained_variance   | 0.918       |
|    learning_rate        | 0.0003      |
|    loss                 | 5.11        |
|    n_updates            | 2470        |
|    policy_gradient_loss | -0.00359    |
|    std                  | 0.485       |
|    value_loss           | 11.6        |
-----------------------------------------
-----------------------------------------
| rollout/                |             |
|    ep_len_mean          | 184         |
|    ep_rew_mean          | -55.6       |
| time/                   |             |
|    fps                  | 2563        |
|    iterations           | 4           |
|    time_elapsed         | 12          |
|    total_timesteps      | 32768       |
| train/                  |             |
|    approx_kl            | 0.011000709 |
|    clip_fraction        | 0.162       |
|    clip_range           | 0.2         |
|    entropy_loss         | -2.74       |
|    explained_variance   | 0.89        |
|    learning_rate        | 0.0003      |
|    loss                 | 5.34        |
|    n_updates            | 2480        |
|    policy_gradient_loss | -0.00512    |
|    std                  | 0.486       |
|    value_loss           | 8.2         |
-----------------------------------------
-----------------------------------------
| rollout/                |             |
|    ep_len_mean          | 163         |
|    ep_rew_mean          | -49.5       |
| time/                   |             |
|    fps                  | 2493        |
|    iterations           | 5           |
|    time_elapsed         | 16          |
|    total_timesteps      | 40960       |
| train/                  |             |
|    approx_kl            | 0.009867398 |
|    clip_fraction        | 0.126       |
|    clip_range           | 0.2         |
|    entropy_loss         | -2.74       |
|    explained_variance   | 0.865       |
|    learning_rate        | 0.0003      |
|    loss                 | 4.39        |
|    n_updates            | 2490        |
|    policy_gradient_loss | -0.00302    |
|    std                  | 0.487       |
|    value_loss           | 14.6        |
-----------------------------------------
------------------------------------------
| rollout/                |              |
|    ep_len_mean          | 182          |
|    ep_rew_mean          | -56.5        |
| time/                   |              |
|    fps                  | 2466         |
|    iterations           | 6            |
|    time_elapsed         | 19           |
|    total_timesteps      | 49152        |
| train/                  |              |
|    approx_kl            | 0.0108977575 |
|    clip_fraction        | 0.147        |
|    clip_range           | 0.2          |
|    entropy_loss         | -2.74        |
|    explained_variance   | 0.902        |
|    learning_rate        | 0.0003       |
|    loss                 | 1.72         |
|    n_updates            | 2500         |
|    policy_gradient_loss | -0.00307     |
|    std                  | 0.489        |
|    value_loss           | 10.6         |
------------------------------------------
------------------------------------------
| rollout/                |              |
|    ep_len_mean          | 178          |
|    ep_rew_mean          | -54.1        |
| time/                   |              |
|    fps                  | 2450         |
|    iterations           | 7            |
|    time_elapsed         | 23           |
|    total_timesteps      | 57344        |
| train/                  |              |
|    approx_kl            | 0.0107693905 |
|    clip_fraction        | 0.14         |
|    clip_range           | 0.2          |
|    entropy_loss         | -2.75        |
|    explained_variance   | 0.892        |
|    learning_rate        | 0.0003       |
|    loss                 | 5.75         |
|    n_updates            | 2510         |
|    policy_gradient_loss | -0.00419     |
|    std                  | 0.487        |
|    value_loss           | 11.8         |
------------------------------------------
-----------------------------------------
| rollout/                |             |
|    ep_len_mean          | 176         |
|    ep_rew_mean          | -54.9       |
| time/                   |             |
|    fps                  | 2450        |
|    iterations           | 8           |
|    time_elapsed         | 26          |
|    total_timesteps      | 65536       |
| train/                  |             |
|    approx_kl            | 0.011312345 |
|    clip_fraction        | 0.126       |
|    clip_range           | 0.2         |
|    entropy_loss         | -2.75       |
|    explained_variance   | 0.839       |
|    learning_rate        | 0.0003      |
|    loss                 | 6.77        |
|    n_updates            | 2520        |
|    policy_gradient_loss | -0.00599    |
|    std                  | 0.487       |
|    value_loss           | 18.6        |
-----------------------------------------
-----------------------------------------
| rollout/                |             |
|    ep_len_mean          | 184         |
|    ep_rew_mean          | -57.2       |
| time/                   |             |
|    fps                  | 2421        |
|    iterations           | 9           |
|    time_elapsed         | 30          |
|    total_timesteps      | 73728       |
| train/                  |             |
|    approx_kl            | 0.012545707 |
|    clip_fraction        | 0.132       |
|    clip_range           | 0.2         |
|    entropy_loss         | -2.74       |
|    explained_variance   | 0.916       |
|    learning_rate        | 0.0003      |
|    loss                 | 7.31        |
|    n_updates            | 2530        |
|    policy_gradient_loss | -0.00557    |
|    std                  | 0.486       |
|    value_loss           | 10.3        |
-----------------------------------------
----------------------------------------
| rollout/                |            |
|    ep_len_mean          | 175        |
|    ep_rew_mean          | -50.4      |
| time/                   |            |
|    fps                  | 2400       |
|    iterations           | 10         |
|    time_elapsed         | 34         |
|    total_timesteps      | 81920      |
| train/                  |            |
|    approx_kl            | 0.01601408 |
|    clip_fraction        | 0.166      |
|    clip_range           | 0.2        |
|    entropy_loss         | -2.74      |
|    explained_variance   | 0.913      |
|    learning_rate        | 0.0003     |
|    loss                 | 3.38       |
|    n_updates            | 2540       |
|    policy_gradient_loss | -0.00379   |
|    std                  | 0.484      |
|    value_loss           | 9.86       |
----------------------------------------
-----------------------------------------
| rollout/                |             |
|    ep_len_mean          | 159         |
|    ep_rew_mean          | -44.5       |
| time/                   |             |
|    fps                  | 2406        |
|    iterations           | 11          |
|    time_elapsed         | 37          |
|    total_timesteps      | 90112       |
| train/                  |             |
|    approx_kl            | 0.013064869 |
|    clip_fraction        | 0.161       |
|    clip_range           | 0.2         |
|    entropy_loss         | -2.72       |
|    explained_variance   | 0.929       |
|    learning_rate        | 0.0003      |
|    loss                 | 3.29        |
|    n_updates            | 2550        |
|    policy_gradient_loss | -0.00326    |
|    std                  | 0.481       |
|    value_loss           | 8.91        |
-----------------------------------------
-----------------------------------------
| rollout/                |             |
|    ep_len_mean          | 154         |
|    ep_rew_mean          | -45.1       |
| time/                   |             |
|    fps                  | 2409        |
|    iterations           | 12          |
|    time_elapsed         | 40          |
|    total_timesteps      | 98304       |
| train/                  |             |
|    approx_kl            | 0.013227578 |
|    clip_fraction        | 0.158       |
|    clip_range           | 0.2         |
|    entropy_loss         | -2.7        |
|    explained_variance   | 0.927       |
|    learning_rate        | 0.0003      |
|    loss                 | 3.55        |
|    n_updates            | 2560        |
|    policy_gradient_loss | -0.00412    |
|    std                  | 0.48        |
|    value_loss           | 11.3        |
-----------------------------------------
----------------------------------------
| rollout/                |            |
|    ep_len_mean          | 135        |
|    ep_rew_mean          | -38.6      |
| time/                   |            |
|    fps                  | 2406       |
|    iterations           | 13         |
|    time_elapsed         | 44         |
|    total_timesteps      | 106496     |
| train/                  |            |
|    approx_kl            | 0.01299247 |
|    clip_fraction        | 0.16       |
|    clip_range           | 0.2        |
|    entropy_loss         | -2.68      |
|    explained_variance   | 0.939      |
|    learning_rate        | 0.0003     |
|    loss                 | 5.11       |
|    n_updates            | 2570       |
|    policy_gradient_loss | -0.00446   |
|    std                  | 0.477      |
|    value_loss           | 8.78       |
----------------------------------------
-----------------------------------------
| rollout/                |             |
|    ep_len_mean          | 151         |
|    ep_rew_mean          | -40.6       |
| time/                   |             |
|    fps                  | 2396        |
|    iterations           | 14          |
|    time_elapsed         | 47          |
|    total_timesteps      | 114688      |
| train/                  |             |
|    approx_kl            | 0.011601981 |
|    clip_fraction        | 0.155       |
|    clip_range           | 0.2         |
|    entropy_loss         | -2.66       |
|    explained_variance   | 0.94        |
|    learning_rate        | 0.0003      |
|    loss                 | 5.02        |
|    n_updates            | 2580        |
|    policy_gradient_loss | -0.00459    |
|    std                  | 0.476       |
|    value_loss           | 10.6        |
-----------------------------------------
-----------------------------------------
| rollout/                |             |
|    ep_len_mean          | 128         |
|    ep_rew_mean          | -33.9       |
| time/                   |             |
|    fps                  | 2384        |
|    iterations           | 15          |
|    time_elapsed         | 51          |
|    total_timesteps      | 122880      |
| train/                  |             |
|    approx_kl            | 0.013122808 |
|    clip_fraction        | 0.173       |
|    clip_range           | 0.2         |
|    entropy_loss         | -2.69       |
|    explained_variance   | 0.915       |
|    learning_rate        | 0.0003      |
|    loss                 | 2.45        |
|    n_updates            | 2590        |
|    policy_gradient_loss | -0.00084    |
|    std                  | 0.481       |
|    value_loss           | 9.01        |
-----------------------------------------
-----------------------------------------
| rollout/                |             |
|    ep_len_mean          | 140         |
|    ep_rew_mean          | -39.3       |
| time/                   |             |
|    fps                  | 2387        |
|    iterations           | 16          |
|    time_elapsed         | 54          |
|    total_timesteps      | 131072      |
| train/                  |             |
|    approx_kl            | 0.017472435 |
|    clip_fraction        | 0.151       |
|    clip_range           | 0.2         |
|    entropy_loss         | -2.71       |
|    explained_variance   | 0.926       |
|    learning_rate        | 0.0003      |
|    loss                 | 3.09        |
|    n_updates            | 2600        |
|    policy_gradient_loss | -0.00559    |
|    std                  | 0.482       |
|    value_loss           | 11.9        |
-----------------------------------------
-----------------------------------------
| rollout/                |             |
|    ep_len_mean          | 153         |
|    ep_rew_mean          | -44.4       |
| time/                   |             |
|    fps                  | 2392        |
|    iterations           | 17          |
|    time_elapsed         | 58          |
|    total_timesteps      | 139264      |
| train/                  |             |
|    approx_kl            | 0.011653559 |
|    clip_fraction        | 0.144       |
|    clip_range           | 0.2         |
|    entropy_loss         | -2.72       |
|    explained_variance   | 0.931       |
|    learning_rate        | 0.0003      |
|    loss                 | 2.83        |
|    n_updates            | 2610        |
|    policy_gradient_loss | -0.00559    |
|    std                  | 0.482       |
|    value_loss           | 10.4        |
-----------------------------------------
-----------------------------------------
| rollout/                |             |
|    ep_len_mean          | 158         |
|    ep_rew_mean          | -46.3       |
| time/                   |             |
|    fps                  | 2383        |
|    iterations           | 18          |
|    time_elapsed         | 61          |
|    total_timesteps      | 147456      |
| train/                  |             |
|    approx_kl            | 0.008442808 |
|    clip_fraction        | 0.0947      |
|    clip_range           | 0.2         |
|    entropy_loss         | -2.71       |
|    explained_variance   | 0.909       |
|    learning_rate        | 0.0003      |
|    loss                 | 6.34        |
|    n_updates            | 2620        |
|    policy_gradient_loss | -0.00454    |
|    std                  | 0.481       |
|    value_loss           | 16.1        |
-----------------------------------------
----------------------------------------
| rollout/                |            |
|    ep_len_mean          | 144        |
|    ep_rew_mean          | -40.3      |
| time/                   |            |
|    fps                  | 2379       |
|    iterations           | 19         |
|    time_elapsed         | 65         |
|    total_timesteps      | 155648     |
| train/                  |            |
|    approx_kl            | 0.01296942 |
|    clip_fraction        | 0.145      |
|    clip_range           | 0.2        |
|    entropy_loss         | -2.69      |
|    explained_variance   | 0.906      |
|    learning_rate        | 0.0003     |
|    loss                 | 4.97       |
|    n_updates            | 2630       |
|    policy_gradient_loss | -0.00678   |
|    std                  | 0.478      |
|    value_loss           | 11.1       |
----------------------------------------
-----------------------------------------
| rollout/                |             |
|    ep_len_mean          | 124         |
|    ep_rew_mean          | -28.3       |
| time/                   |             |
|    fps                  | 2381        |
|    iterations           | 20          |
|    time_elapsed         | 68          |
|    total_timesteps      | 163840      |
| train/                  |             |
|    approx_kl            | 0.010997081 |
|    clip_fraction        | 0.125       |
|    clip_range           | 0.2         |
|    entropy_loss         | -2.68       |
|    explained_variance   | 0.915       |
|    learning_rate        | 0.0003      |
|    loss                 | 6.82        |
|    n_updates            | 2640        |
|    policy_gradient_loss | -0.00338    |
|    std                  | 0.477       |
|    value_loss           | 14.8        |
-----------------------------------------
-----------------------------------------
| rollout/                |             |
|    ep_len_mean          | 172         |
|    ep_rew_mean          | -52.6       |
| time/                   |             |
|    fps                  | 2383        |
|    iterations           | 21          |
|    time_elapsed         | 72          |
|    total_timesteps      | 172032      |
| train/                  |             |
|    approx_kl            | 0.012694233 |
|    clip_fraction        | 0.134       |
|    clip_range           | 0.2         |
|    entropy_loss         | -2.69       |
|    explained_variance   | 0.881       |
|    learning_rate        | 0.0003      |
|    loss                 | 4.86        |
|    n_updates            | 2650        |
|    policy_gradient_loss | -0.00363    |
|    std                  | 0.479       |
|    value_loss           | 9.13        |
-----------------------------------------
----------------------------------------
| rollout/                |            |
|    ep_len_mean          | 192        |
|    ep_rew_mean          | -59.9      |
| time/                   |            |
|    fps                  | 2387       |
|    iterations           | 22         |
|    time_elapsed         | 75         |
|    total_timesteps      | 180224     |
| train/                  |            |
|    approx_kl            | 0.00948157 |
|    clip_fraction        | 0.142      |
|    clip_range           | 0.2        |
|    entropy_loss         | -2.69      |
|    explained_variance   | 0.887      |
|    learning_rate        | 0.0003     |
|    loss                 | 4.11       |
|    n_updates            | 2660       |
|    policy_gradient_loss | -0.00556   |
|    std                  | 0.477      |
|    value_loss           | 11.5       |
----------------------------------------
-----------------------------------------
| rollout/                |             |
|    ep_len_mean          | 129         |
|    ep_rew_mean          | -33.8       |
| time/                   |             |
|    fps                  | 2380        |
|    iterations           | 23          |
|    time_elapsed         | 79          |
|    total_timesteps      | 188416      |
| train/                  |             |
|    approx_kl            | 0.014341719 |
|    clip_fraction        | 0.183       |
|    clip_range           | 0.2         |
|    entropy_loss         | -2.68       |
|    explained_variance   | 0.938       |
|    learning_rate        | 0.0003      |
|    loss                 | 3.24        |
|    n_updates            | 2670        |
|    policy_gradient_loss | -0.00328    |
|    std                  | 0.477       |
|    value_loss           | 6.92        |
-----------------------------------------
-----------------------------------------
| rollout/                |             |
|    ep_len_mean          | 128         |
|    ep_rew_mean          | -32.8       |
| time/                   |             |
|    fps                  | 2374        |
|    iterations           | 24          |
|    time_elapsed         | 82          |
|    total_timesteps      | 196608      |
| train/                  |             |
|    approx_kl            | 0.011234354 |
|    clip_fraction        | 0.152       |
|    clip_range           | 0.2         |
|    entropy_loss         | -2.67       |
|    explained_variance   | 0.949       |
|    learning_rate        | 0.0003      |
|    loss                 | 3.23        |
|    n_updates            | 2680        |
|    policy_gradient_loss | -0.00474    |
|    std                  | 0.477       |
|    value_loss           | 9.84        |
-----------------------------------------
[PeriodicArtifactCallback] step 200000: saving checkpoint, evaluating, rendering...
[PeriodicArtifactCallback] step 200000: success_rate=0.00 pick_success_rate=0.60 mean_reward=-224.08 -> C:\GitHub\HumanoidRobot\simulation\training\pick_place\runs\pp_v23\dashboard.html
-----------------------------------------
| rollout/                |             |
|    ep_len_mean          | 160         |
|    ep_rew_mean          | -49.1       |
| time/                   |             |
|    fps                  | 2195        |
|    iterations           | 25          |
|    time_elapsed         | 93          |
|    total_timesteps      | 204800      |
| train/                  |             |
|    approx_kl            | 0.014173342 |
|    clip_fraction        | 0.181       |
|    clip_range           | 0.2         |
|    entropy_loss         | -2.66       |
|    explained_variance   | 0.905       |
|    learning_rate        | 0.0003      |
|    loss                 | 3.83        |
|    n_updates            | 2690        |
|    policy_gradient_loss | -0.00318    |
|    std                  | 0.474       |
|    value_loss           | 8.95        |
-----------------------------------------
-----------------------------------------
| rollout/                |             |
|    ep_len_mean          | 147         |
|    ep_rew_mean          | -49.2       |
| time/                   |             |
|    fps                  | 2198        |
|    iterations           | 26          |
|    time_elapsed         | 96          |
|    total_timesteps      | 212992      |
| train/                  |             |
|    approx_kl            | 0.013740785 |
|    clip_fraction        | 0.132       |
|    clip_range           | 0.2         |
|    entropy_loss         | -2.65       |
|    explained_variance   | 0.924       |
|    learning_rate        | 0.0003      |
|    loss                 | 4.19        |
|    n_updates            | 2700        |
|    policy_gradient_loss | -0.00446    |
|    std                  | 0.474       |
|    value_loss           | 12.4        |
-----------------------------------------
-----------------------------------------
| rollout/                |             |
|    ep_len_mean          | 163         |
|    ep_rew_mean          | -54.4       |
| time/                   |             |
|    fps                  | 2209        |
|    iterations           | 27          |
|    time_elapsed         | 100         |
|    total_timesteps      | 221184      |
| train/                  |             |
|    approx_kl            | 0.015215768 |
|    clip_fraction        | 0.144       |
|    clip_range           | 0.2         |
|    entropy_loss         | -2.64       |
|    explained_variance   | 0.916       |
|    learning_rate        | 0.0003      |
|    loss                 | 5.59        |
|    n_updates            | 2710        |
|    policy_gradient_loss | -0.00439    |
|    std                  | 0.474       |
|    value_loss           | 12.8        |
-----------------------------------------
----------------------------------------
| rollout/                |            |
|    ep_len_mean          | 176        |
|    ep_rew_mean          | -54.4      |
| time/                   |            |
|    fps                  | 2218       |
|    iterations           | 28         |
|    time_elapsed         | 103        |
|    total_timesteps      | 229376     |
| train/                  |            |
|    approx_kl            | 0.01241233 |
|    clip_fraction        | 0.145      |
|    clip_range           | 0.2        |
|    entropy_loss         | -2.64      |
|    explained_variance   | 0.889      |
|    learning_rate        | 0.0003     |
|    loss                 | 5.54       |
|    n_updates            | 2720       |
|    policy_gradient_loss | -0.00452   |
|    std                  | 0.473      |
|    value_loss           | 12.1       |
----------------------------------------
-----------------------------------------
| rollout/                |             |
|    ep_len_mean          | 151         |
|    ep_rew_mean          | -44.4       |
| time/                   |             |
|    fps                  | 2220        |
|    iterations           | 29          |
|    time_elapsed         | 107         |
|    total_timesteps      | 237568      |
| train/                  |             |
|    approx_kl            | 0.018695723 |
|    clip_fraction        | 0.16        |
|    clip_range           | 0.2         |
|    entropy_loss         | -2.64       |
|    explained_variance   | 0.923       |
|    learning_rate        | 0.0003      |
|    loss                 | 15          |
|    n_updates            | 2730        |
|    policy_gradient_loss | -0.00537    |
|    std                  | 0.475       |
|    value_loss           | 11.2        |
-----------------------------------------
------------------------------------------
| rollout/                |              |
|    ep_len_mean          | 155          |
|    ep_rew_mean          | -50.6        |
| time/                   |              |
|    fps                  | 2222         |
|    iterations           | 30           |
|    time_elapsed         | 110          |
|    total_timesteps      | 245760       |
| train/                  |              |
|    approx_kl            | 0.0106964605 |
|    clip_fraction        | 0.133        |
|    clip_range           | 0.2          |
|    entropy_loss         | -2.64        |
|    explained_variance   | 0.921        |
|    learning_rate        | 0.0003       |
|    loss                 | 6.34         |
|    n_updates            | 2740         |
|    policy_gradient_loss | -0.00479     |
|    std                  | 0.472        |
|    value_loss           | 19.6         |
------------------------------------------
------------------------------------------
| rollout/                |              |
|    ep_len_mean          | 175          |
|    ep_rew_mean          | -55.5        |
| time/                   |              |
|    fps                  | 2224         |
|    iterations           | 31           |
|    time_elapsed         | 114          |
|    total_timesteps      | 253952       |
| train/                  |              |
|    approx_kl            | 0.0131385345 |
|    clip_fraction        | 0.139        |
|    clip_range           | 0.2          |
|    entropy_loss         | -2.62        |
|    explained_variance   | 0.892        |
|    learning_rate        | 0.0003       |
|    loss                 | 9.85         |
|    n_updates            | 2750         |
|    policy_gradient_loss | -0.00535     |
|    std                  | 0.472        |
|    value_loss           | 15.8         |
------------------------------------------
-----------------------------------------
| rollout/                |             |
|    ep_len_mean          | 167         |
|    ep_rew_mean          | -49.7       |
| time/                   |             |
|    fps                  | 2226        |
|    iterations           | 32          |
|    time_elapsed         | 117         |
|    total_timesteps      | 262144      |
| train/                  |             |
|    approx_kl            | 0.011304605 |
|    clip_fraction        | 0.15        |
|    clip_range           | 0.2         |
|    entropy_loss         | -2.62       |
|    explained_variance   | 0.884       |
|    learning_rate        | 0.0003      |
|    loss                 | 8.05        |
|    n_updates            | 2760        |
|    policy_gradient_loss | -0.00653    |
|    std                  | 0.472       |
|    value_loss           | 20.5        |
-----------------------------------------
-----------------------------------------
| rollout/                |             |
|    ep_len_mean          | 165         |
|    ep_rew_mean          | -53.3       |
| time/                   |             |
|    fps                  | 2233        |
|    iterations           | 33          |
|    time_elapsed         | 121         |
|    total_timesteps      | 270336      |
| train/                  |             |
|    approx_kl            | 0.011290677 |
|    clip_fraction        | 0.16        |
|    clip_range           | 0.2         |
|    entropy_loss         | -2.61       |
|    explained_variance   | 0.954       |
|    learning_rate        | 0.0003      |
|    loss                 | 18.8        |
|    n_updates            | 2770        |
|    policy_gradient_loss | -0.00243    |
|    std                  | 0.471       |
|    value_loss           | 16          |
-----------------------------------------
-----------------------------------------
| rollout/                |             |
|    ep_len_mean          | 174         |
|    ep_rew_mean          | -57.9       |
| time/                   |             |
|    fps                  | 2237        |
|    iterations           | 34          |
|    time_elapsed         | 124         |
|    total_timesteps      | 278528      |
| train/                  |             |
|    approx_kl            | 0.013145296 |
|    clip_fraction        | 0.161       |
|    clip_range           | 0.2         |
|    entropy_loss         | -2.6        |
|    explained_variance   | 0.942       |
|    learning_rate        | 0.0003      |
|    loss                 | 4.04        |
|    n_updates            | 2780        |
|    policy_gradient_loss | -0.00507    |
|    std                  | 0.47        |
|    value_loss           | 18.2        |
-----------------------------------------
------------------------------------------
| rollout/                |              |
|    ep_len_mean          | 175          |
|    ep_rew_mean          | -61          |
| time/                   |              |
|    fps                  | 2237         |
|    iterations           | 35           |
|    time_elapsed         | 128          |
|    total_timesteps      | 286720       |
| train/                  |              |
|    approx_kl            | 0.0112808235 |
|    clip_fraction        | 0.129        |
|    clip_range           | 0.2          |
|    entropy_loss         | -2.6         |
|    explained_variance   | 0.898        |
|    learning_rate        | 0.0003       |
|    loss                 | 15           |
|    n_updates            | 2790         |
|    policy_gradient_loss | -0.00607     |
|    std                  | 0.469        |
|    value_loss           | 21.2         |
------------------------------------------
-----------------------------------------
| rollout/                |             |
|    ep_len_mean          | 138         |
|    ep_rew_mean          | -45.3       |
| time/                   |             |
|    fps                  | 2240        |
|    iterations           | 36          |
|    time_elapsed         | 131         |
|    total_timesteps      | 294912      |
| train/                  |             |
|    approx_kl            | 0.012132976 |
|    clip_fraction        | 0.141       |
|    clip_range           | 0.2         |
|    entropy_loss         | -2.59       |
|    explained_variance   | 0.948       |
|    learning_rate        | 0.0003      |
|    loss                 | 5.79        |
|    n_updates            | 2800        |
|    policy_gradient_loss | -0.00401    |
|    std                  | 0.468       |
|    value_loss           | 17.7        |
-----------------------------------------
-----------------------------------------
| rollout/                |             |
|    ep_len_mean          | 175         |
|    ep_rew_mean          | -56.1       |
| time/                   |             |
|    fps                  | 2246        |
|    iterations           | 37          |
|    time_elapsed         | 134         |
|    total_timesteps      | 303104      |
| train/                  |             |
|    approx_kl            | 0.013533656 |
|    clip_fraction        | 0.13        |
|    clip_range           | 0.2         |
|    entropy_loss         | -2.58       |
|    explained_variance   | 0.923       |
|    learning_rate        | 0.0003      |
|    loss                 | 5.02        |
|    n_updates            | 2810        |
|    policy_gradient_loss | -0.00485    |
|    std                  | 0.466       |
|    value_loss           | 21.3        |
-----------------------------------------
-----------------------------------------
| rollout/                |             |
|    ep_len_mean          | 208         |
|    ep_rew_mean          | -75.6       |
| time/                   |             |
|    fps                  | 2253        |
|    iterations           | 38          |
|    time_elapsed         | 138         |
|    total_timesteps      | 311296      |
| train/                  |             |
|    approx_kl            | 0.013769237 |
|    clip_fraction        | 0.142       |
|    clip_range           | 0.2         |
|    entropy_loss         | -2.57       |
|    explained_variance   | 0.945       |
|    learning_rate        | 0.0003      |
|    loss                 | 11.9        |
|    n_updates            | 2820        |
|    policy_gradient_loss | -0.00454    |
|    std                  | 0.466       |
|    value_loss           | 22.5        |
-----------------------------------------
-----------------------------------------
| rollout/                |             |
|    ep_len_mean          | 199         |
|    ep_rew_mean          | -73.3       |
| time/                   |             |
|    fps                  | 2256        |
|    iterations           | 39          |
|    time_elapsed         | 141         |
|    total_timesteps      | 319488      |
| train/                  |             |
|    approx_kl            | 0.014416285 |
|    clip_fraction        | 0.192       |
|    clip_range           | 0.2         |
|    entropy_loss         | -2.56       |
|    explained_variance   | 0.967       |
|    learning_rate        | 0.0003      |
|    loss                 | 6.22        |
|    n_updates            | 2830        |
|    policy_gradient_loss | -0.00344    |
|    std                  | 0.465       |
|    value_loss           | 11.4        |
-----------------------------------------
-----------------------------------------
| rollout/                |             |
|    ep_len_mean          | 146         |
|    ep_rew_mean          | -41.5       |
| time/                   |             |
|    fps                  | 2263        |
|    iterations           | 40          |
|    time_elapsed         | 144         |
|    total_timesteps      | 327680      |
| train/                  |             |
|    approx_kl            | 0.012865142 |
|    clip_fraction        | 0.141       |
|    clip_range           | 0.2         |
|    entropy_loss         | -2.57       |
|    explained_variance   | 0.912       |
|    learning_rate        | 0.0003      |
|    loss                 | 5.67        |
|    n_updates            | 2840        |
|    policy_gradient_loss | -0.00293    |
|    std                  | 0.467       |
|    value_loss           | 13          |
-----------------------------------------
-----------------------------------------
| rollout/                |             |
|    ep_len_mean          | 137         |
|    ep_rew_mean          | -37         |
| time/                   |             |
|    fps                  | 2271        |
|    iterations           | 41          |
|    time_elapsed         | 147         |
|    total_timesteps      | 335872      |
| train/                  |             |
|    approx_kl            | 0.014683854 |
|    clip_fraction        | 0.165       |
|    clip_range           | 0.2         |
|    entropy_loss         | -2.57       |
|    explained_variance   | 0.918       |
|    learning_rate        | 0.0003      |
|    loss                 | 7.25        |
|    n_updates            | 2850        |
|    policy_gradient_loss | -0.00522    |
|    std                  | 0.467       |
|    value_loss           | 15.1        |
-----------------------------------------
-----------------------------------------
| rollout/                |             |
|    ep_len_mean          | 154         |
|    ep_rew_mean          | -44.4       |
| time/                   |             |
|    fps                  | 2282        |
|    iterations           | 42          |
|    time_elapsed         | 150         |
|    total_timesteps      | 344064      |
| train/                  |             |
|    approx_kl            | 0.016294835 |
|    clip_fraction        | 0.158       |
|    clip_range           | 0.2         |
|    entropy_loss         | -2.56       |
|    explained_variance   | 0.913       |
|    learning_rate        | 0.0003      |
|    loss                 | 8.62        |
|    n_updates            | 2860        |
|    policy_gradient_loss | -0.00438    |
|    std                  | 0.464       |
|    value_loss           | 15.7        |
-----------------------------------------
------------------------------------------
| rollout/                |              |
|    ep_len_mean          | 170          |
|    ep_rew_mean          | -48          |
| time/                   |              |
|    fps                  | 2291         |
|    iterations           | 43           |
|    time_elapsed         | 153          |
|    total_timesteps      | 352256       |
| train/                  |              |
|    approx_kl            | 0.0134845525 |
|    clip_fraction        | 0.182        |
|    clip_range           | 0.2          |
|    entropy_loss         | -2.54        |
|    explained_variance   | 0.899        |
|    learning_rate        | 0.0003       |
|    loss                 | 5.2          |
|    n_updates            | 2870         |
|    policy_gradient_loss | -0.00436     |
|    std                  | 0.462        |
|    value_loss           | 11.9         |
------------------------------------------
------------------------------------------
| rollout/                |              |
|    ep_len_mean          | 183          |
|    ep_rew_mean          | -57.7        |
| time/                   |              |
|    fps                  | 2290         |
|    iterations           | 44           |
|    time_elapsed         | 157          |
|    total_timesteps      | 360448       |
| train/                  |              |
|    approx_kl            | 0.0117939785 |
|    clip_fraction        | 0.131        |
|    clip_range           | 0.2          |
|    entropy_loss         | -2.53        |
|    explained_variance   | 0.891        |
|    learning_rate        | 0.0003       |
|    loss                 | 10.2         |
|    n_updates            | 2880         |
|    policy_gradient_loss | -0.00602     |
|    std                  | 0.461        |
|    value_loss           | 22.9         |
------------------------------------------
-----------------------------------------
| rollout/                |             |
|    ep_len_mean          | 192         |
|    ep_rew_mean          | -61.6       |
| time/                   |             |
|    fps                  | 2290        |
|    iterations           | 45          |
|    time_elapsed         | 160         |
|    total_timesteps      | 368640      |
| train/                  |             |
|    approx_kl            | 0.019790158 |
|    clip_fraction        | 0.181       |
|    clip_range           | 0.2         |
|    entropy_loss         | -2.53       |
|    explained_variance   | 0.941       |
|    learning_rate        | 0.0003      |
|    loss                 | 5.57        |
|    n_updates            | 2890        |
|    policy_gradient_loss | -0.00485    |
|    std                  | 0.462       |
|    value_loss           | 8.21        |
-----------------------------------------
----------------------------------------
| rollout/                |            |
|    ep_len_mean          | 183        |
|    ep_rew_mean          | -57.8      |
| time/                   |            |
|    fps                  | 2294       |
|    iterations           | 46         |
|    time_elapsed         | 164        |
|    total_timesteps      | 376832     |
| train/                  |            |
|    approx_kl            | 0.01348855 |
|    clip_fraction        | 0.15       |
|    clip_range           | 0.2        |
|    entropy_loss         | -2.52      |
|    explained_variance   | 0.873      |
|    learning_rate        | 0.0003     |
|    loss                 | 4.14       |
|    n_updates            | 2900       |
|    policy_gradient_loss | -0.00491   |
|    std                  | 0.461      |
|    value_loss           | 11         |
----------------------------------------
-----------------------------------------
| rollout/                |             |
|    ep_len_mean          | 152         |
|    ep_rew_mean          | -47.8       |
| time/                   |             |
|    fps                  | 2295        |
|    iterations           | 47          |
|    time_elapsed         | 167         |
|    total_timesteps      | 385024      |
| train/                  |             |
|    approx_kl            | 0.013680095 |
|    clip_fraction        | 0.155       |
|    clip_range           | 0.2         |
|    entropy_loss         | -2.52       |
|    explained_variance   | 0.936       |
|    learning_rate        | 0.0003      |
|    loss                 | 3.48        |
|    n_updates            | 2910        |
|    policy_gradient_loss | -0.00153    |
|    std                  | 0.462       |
|    value_loss           | 11.3        |
-----------------------------------------
-----------------------------------------
| rollout/                |             |
|    ep_len_mean          | 171         |
|    ep_rew_mean          | -53.3       |
| time/                   |             |
|    fps                  | 2298        |
|    iterations           | 48          |
|    time_elapsed         | 171         |
|    total_timesteps      | 393216      |
| train/                  |             |
|    approx_kl            | 0.012527039 |
|    clip_fraction        | 0.133       |
|    clip_range           | 0.2         |
|    entropy_loss         | -2.52       |
|    explained_variance   | 0.916       |
|    learning_rate        | 0.0003      |
|    loss                 | 5.1         |
|    n_updates            | 2920        |
|    policy_gradient_loss | -0.00282    |
|    std                  | 0.462       |
|    value_loss           | 13.6        |
-----------------------------------------
[PeriodicArtifactCallback] step 400000: running periodic self-monitoring analysis...
[PeriodicArtifactCallback] analysis written to C:\GitHub\HumanoidRobot\simulation\training\pick_place\runs\pp_v23\analysis_400000.md (stalled=False)
[PeriodicArtifactCallback] step 400000: saving checkpoint, evaluating, rendering...
[PeriodicArtifactCallback] step 400000: success_rate=0.10 pick_success_rate=0.60 mean_reward=-251.75 -> C:\GitHub\HumanoidRobot\simulation\training\pick_place\runs\pp_v23\dashboard.html
----------------------------------------
| rollout/                |            |
|    ep_len_mean          | 185        |
|    ep_rew_mean          | -55.4      |
| time/                   |            |
|    fps                  | 2120       |
|    iterations           | 49         |
|    time_elapsed         | 189        |
|    total_timesteps      | 401408     |
| train/                  |            |
|    approx_kl            | 0.01708626 |
|    clip_fraction        | 0.152      |
|    clip_range           | 0.2        |
|    entropy_loss         | -2.52      |
|    explained_variance   | 0.911      |
|    learning_rate        | 0.0003     |
|    loss                 | 4.06       |
|    n_updates            | 2930       |
|    policy_gradient_loss | -0.00384   |
|    std                  | 0.461      |
|    value_loss           | 11.4       |
----------------------------------------
-----------------------------------------
| rollout/                |             |
|    ep_len_mean          | 173         |
|    ep_rew_mean          | -51.6       |
| time/                   |             |
|    fps                  | 2125        |
|    iterations           | 50          |
|    time_elapsed         | 192         |
|    total_timesteps      | 409600      |
| train/                  |             |
|    approx_kl            | 0.015015394 |
|    clip_fraction        | 0.191       |
|    clip_range           | 0.2         |
|    entropy_loss         | -2.51       |
|    explained_variance   | 0.92        |
|    learning_rate        | 0.0003      |
|    loss                 | 5.6         |
|    n_updates            | 2940        |
|    policy_gradient_loss | -0.00471    |
|    std                  | 0.461       |
|    value_loss           | 9.84        |
-----------------------------------------
-----------------------------------------
| rollout/                |             |
|    ep_len_mean          | 137         |
|    ep_rew_mean          | -38.6       |
| time/                   |             |
|    fps                  | 2131        |
|    iterations           | 51          |
|    time_elapsed         | 196         |
|    total_timesteps      | 417792      |
| train/                  |             |
|    approx_kl            | 0.014244454 |
|    clip_fraction        | 0.161       |
|    clip_range           | 0.2         |
|    entropy_loss         | -2.51       |
|    explained_variance   | 0.913       |
|    learning_rate        | 0.0003      |
|    loss                 | 6.42        |
|    n_updates            | 2950        |
|    policy_gradient_loss | -0.00355    |
|    std                  | 0.461       |
|    value_loss           | 13.8        |
-----------------------------------------
------------------------------------------
| rollout/                |              |
|    ep_len_mean          | 146          |
|    ep_rew_mean          | -40.1        |
| time/                   |              |
|    fps                  | 2133         |
|    iterations           | 52           |
|    time_elapsed         | 199          |
|    total_timesteps      | 425984       |
| train/                  |              |
|    approx_kl            | 0.0118157845 |
|    clip_fraction        | 0.146        |
|    clip_range           | 0.2          |
|    entropy_loss         | -2.49        |
|    explained_variance   | 0.902        |
|    learning_rate        | 0.0003       |
|    loss                 | 6.67         |
|    n_updates            | 2960         |
|    policy_gradient_loss | -0.00473     |
|    std                  | 0.458        |
|    value_loss           | 14.4         |
------------------------------------------
-----------------------------------------
| rollout/                |             |
|    ep_len_mean          | 172         |
|    ep_rew_mean          | -47.1       |
| time/                   |             |
|    fps                  | 2136        |
|    iterations           | 53          |
|    time_elapsed         | 203         |
|    total_timesteps      | 434176      |
| train/                  |             |
|    approx_kl            | 0.015429923 |
|    clip_fraction        | 0.187       |
|    clip_range           | 0.2         |
|    entropy_loss         | -2.47       |
|    explained_variance   | 0.945       |
|    learning_rate        | 0.0003      |
|    loss                 | 3.94        |
|    n_updates            | 2970        |
|    policy_gradient_loss | -0.00417    |
|    std                  | 0.455       |
|    value_loss           | 7.08        |
-----------------------------------------
-----------------------------------------
| rollout/                |             |
|    ep_len_mean          | 166         |
|    ep_rew_mean          | -42.8       |
| time/                   |             |
|    fps                  | 2140        |
|    iterations           | 54          |
|    time_elapsed         | 206         |
|    total_timesteps      | 442368      |
| train/                  |             |
|    approx_kl            | 0.018153217 |
|    clip_fraction        | 0.165       |
|    clip_range           | 0.2         |
|    entropy_loss         | -2.46       |
|    explained_variance   | 0.917       |
|    learning_rate        | 0.0003      |
|    loss                 | 5.01        |
|    n_updates            | 2980        |
|    policy_gradient_loss | -0.00808    |
|    std                  | 0.456       |
|    value_loss           | 11.2        |
-----------------------------------------
-----------------------------------------
| rollout/                |             |
|    ep_len_mean          | 188         |
|    ep_rew_mean          | -54.8       |
| time/                   |             |
|    fps                  | 2144        |
|    iterations           | 55          |
|    time_elapsed         | 210         |
|    total_timesteps      | 450560      |
| train/                  |             |
|    approx_kl            | 0.015733475 |
|    clip_fraction        | 0.179       |
|    clip_range           | 0.2         |
|    entropy_loss         | -2.46       |
|    explained_variance   | 0.935       |
|    learning_rate        | 0.0003      |
|    loss                 | 3.49        |
|    n_updates            | 2990        |
|    policy_gradient_loss | -0.00494    |
|    std                  | 0.457       |
|    value_loss           | 6.58        |
-----------------------------------------
-----------------------------------------
| rollout/                |             |
|    ep_len_mean          | 183         |
|    ep_rew_mean          | -52.1       |
| time/                   |             |
|    fps                  | 2150        |
|    iterations           | 56          |
|    time_elapsed         | 213         |
|    total_timesteps      | 458752      |
| train/                  |             |
|    approx_kl            | 0.013106249 |
|    clip_fraction        | 0.149       |
|    clip_range           | 0.2         |
|    entropy_loss         | -2.47       |
|    explained_variance   | 0.911       |
|    learning_rate        | 0.0003      |
|    loss                 | 7.11        |
|    n_updates            | 3000        |
|    policy_gradient_loss | -0.00764    |
|    std                  | 0.456       |
|    value_loss           | 11.5        |
-----------------------------------------
-----------------------------------------
| rollout/                |             |
|    ep_len_mean          | 174         |
|    ep_rew_mean          | -49.7       |
| time/                   |             |
|    fps                  | 2153        |
|    iterations           | 57          |
|    time_elapsed         | 216         |
|    total_timesteps      | 466944      |
| train/                  |             |
|    approx_kl            | 0.015413436 |
|    clip_fraction        | 0.181       |
|    clip_range           | 0.2         |
|    entropy_loss         | -2.45       |
|    explained_variance   | 0.954       |
|    learning_rate        | 0.0003      |
|    loss                 | 2.99        |
|    n_updates            | 3010        |
|    policy_gradient_loss | -0.0065     |
|    std                  | 0.454       |
|    value_loss           | 8.09        |
-----------------------------------------
-----------------------------------------
| rollout/                |             |
|    ep_len_mean          | 155         |
|    ep_rew_mean          | -41.1       |
| time/                   |             |
|    fps                  | 2155        |
|    iterations           | 58          |
|    time_elapsed         | 220         |
|    total_timesteps      | 475136      |
| train/                  |             |
|    approx_kl            | 0.014198232 |
|    clip_fraction        | 0.184       |
|    clip_range           | 0.2         |
|    entropy_loss         | -2.45       |
|    explained_variance   | 0.911       |
|    learning_rate        | 0.0003      |
|    loss                 | 2.75        |
|    n_updates            | 3020        |
|    policy_gradient_loss | -0.00627    |
|    std                  | 0.456       |
|    value_loss           | 7.15        |
-----------------------------------------
----------------------------------------
| rollout/                |            |
|    ep_len_mean          | 208        |
|    ep_rew_mean          | -62.5      |
| time/                   |            |
|    fps                  | 2160       |
|    iterations           | 59         |
|    time_elapsed         | 223        |
|    total_timesteps      | 483328     |
| train/                  |            |
|    approx_kl            | 0.01169236 |
|    clip_fraction        | 0.154      |
|    clip_range           | 0.2        |
|    entropy_loss         | -2.46      |
|    explained_variance   | 0.92       |
|    learning_rate        | 0.0003     |
|    loss                 | 3.87       |
|    n_updates            | 3030       |
|    policy_gradient_loss | -0.00557   |
|    std                  | 0.457      |
|    value_loss           | 9.2        |
----------------------------------------
-----------------------------------------
| rollout/                |             |
|    ep_len_mean          | 208         |
|    ep_rew_mean          | -64.2       |
| time/                   |             |
|    fps                  | 2165        |
|    iterations           | 60          |
|    time_elapsed         | 226         |
|    total_timesteps      | 491520      |
| train/                  |             |
|    approx_kl            | 0.013724343 |
|    clip_fraction        | 0.148       |
|    clip_range           | 0.2         |
|    entropy_loss         | -2.48       |
|    explained_variance   | 0.886       |
|    learning_rate        | 0.0003      |
|    loss                 | 6.94        |
|    n_updates            | 3040        |
|    policy_gradient_loss | -0.00555    |
|    std                  | 0.46        |
|    value_loss           | 12.6        |
-----------------------------------------
-----------------------------------------
| rollout/                |             |
|    ep_len_mean          | 198         |
|    ep_rew_mean          | -58.9       |
| time/                   |             |
|    fps                  | 2170        |
|    iterations           | 61          |
|    time_elapsed         | 230         |
|    total_timesteps      | 499712      |
| train/                  |             |
|    approx_kl            | 0.014797816 |
|    clip_fraction        | 0.179       |
|    clip_range           | 0.2         |
|    entropy_loss         | -2.48       |
|    explained_variance   | 0.906       |
|    learning_rate        | 0.0003      |
|    loss                 | 2.88        |
|    n_updates            | 3050        |
|    policy_gradient_loss | -0.00551    |
|    std                  | 0.458       |
|    value_loss           | 8.31        |
-----------------------------------------
---------------------------------------
| rollout/                |           |
|    ep_len_mean          | 171       |
|    ep_rew_mean          | -49       |
| time/                   |           |
|    fps                  | 2171      |
|    iterations           | 62        |
|    time_elapsed         | 233       |
|    total_timesteps      | 507904    |
| train/                  |           |
|    approx_kl            | 0.0160474 |
|    clip_fraction        | 0.16      |
|    clip_range           | 0.2       |
|    entropy_loss         | -2.45     |
|    explained_variance   | 0.899     |
|    learning_rate        | 0.0003    |
|    loss                 | 4.26      |
|    n_updates            | 3060      |
|    policy_gradient_loss | -0.00663  |
|    std                  | 0.453     |
|    value_loss           | 10.1      |
---------------------------------------
-----------------------------------------
| rollout/                |             |
|    ep_len_mean          | 146         |
|    ep_rew_mean          | -41.9       |
| time/                   |             |
|    fps                  | 2173        |
|    iterations           | 63          |
|    time_elapsed         | 237         |
|    total_timesteps      | 516096      |
| train/                  |             |
|    approx_kl            | 0.011617627 |
|    clip_fraction        | 0.144       |
|    clip_range           | 0.2         |
|    entropy_loss         | -2.42       |
|    explained_variance   | 0.9         |
|    learning_rate        | 0.0003      |
|    loss                 | 6.56        |
|    n_updates            | 3070        |
|    policy_gradient_loss | -0.00801    |
|    std                  | 0.45        |
|    value_loss           | 14.4        |
-----------------------------------------
-----------------------------------------
| rollout/                |             |
|    ep_len_mean          | 173         |
|    ep_rew_mean          | -53         |
| time/                   |             |
|    fps                  | 2177        |
|    iterations           | 64          |
|    time_elapsed         | 240         |
|    total_timesteps      | 524288      |
| train/                  |             |
|    approx_kl            | 0.014081923 |
|    clip_fraction        | 0.171       |
|    clip_range           | 0.2         |
|    entropy_loss         | -2.41       |
|    explained_variance   | 0.926       |
|    learning_rate        | 0.0003      |
|    loss                 | 5.01        |
|    n_updates            | 3080        |
|    policy_gradient_loss | -0.00452    |
|    std                  | 0.45        |
|    value_loss           | 12.9        |
-----------------------------------------
-----------------------------------------
| rollout/                |             |
|    ep_len_mean          | 206         |
|    ep_rew_mean          | -63.9       |
| time/                   |             |
|    fps                  | 2182        |
|    iterations           | 65          |
|    time_elapsed         | 243         |
|    total_timesteps      | 532480      |
| train/                  |             |
|    approx_kl            | 0.015749559 |
|    clip_fraction        | 0.201       |
|    clip_range           | 0.2         |
|    entropy_loss         | -2.43       |
|    explained_variance   | 0.919       |
|    learning_rate        | 0.0003      |
|    loss                 | 2.07        |
|    n_updates            | 3090        |
|    policy_gradient_loss | -0.00151    |
|    std                  | 0.454       |
|    value_loss           | 4.1         |
-----------------------------------------
-----------------------------------------
| rollout/                |             |
|    ep_len_mean          | 160         |
|    ep_rew_mean          | -42.2       |
| time/                   |             |
|    fps                  | 2186        |
|    iterations           | 66          |
|    time_elapsed         | 247         |
|    total_timesteps      | 540672      |
| train/                  |             |
|    approx_kl            | 0.012622144 |
|    clip_fraction        | 0.147       |
|    clip_range           | 0.2         |
|    entropy_loss         | -2.43       |
|    explained_variance   | 0.91        |
|    learning_rate        | 0.0003      |
|    loss                 | 7.94        |
|    n_updates            | 3100        |
|    policy_gradient_loss | -0.00656    |
|    std                  | 0.451       |
|    value_loss           | 13.5        |
-----------------------------------------
----------------------------------------
| rollout/                |            |
|    ep_len_mean          | 153        |
|    ep_rew_mean          | -38        |
| time/                   |            |
|    fps                  | 2188       |
|    iterations           | 67         |
|    time_elapsed         | 250        |
|    total_timesteps      | 548864     |
| train/                  |            |
|    approx_kl            | 0.01188831 |
|    clip_fraction        | 0.138      |
|    clip_range           | 0.2        |
|    entropy_loss         | -2.4       |
|    explained_variance   | 0.911      |
|    learning_rate        | 0.0003     |
|    loss                 | 4.68       |
|    n_updates            | 3110       |
|    policy_gradient_loss | -0.0057    |
|    std                  | 0.448      |
|    value_loss           | 12.1       |
----------------------------------------
-----------------------------------------
| rollout/                |             |
|    ep_len_mean          | 200         |
|    ep_rew_mean          | -54         |
| time/                   |             |
|    fps                  | 2190        |
|    iterations           | 68          |
|    time_elapsed         | 254         |
|    total_timesteps      | 557056      |
| train/                  |             |
|    approx_kl            | 0.012549631 |
|    clip_fraction        | 0.153       |
|    clip_range           | 0.2         |
|    entropy_loss         | -2.39       |
|    explained_variance   | 0.913       |
|    learning_rate        | 0.0003      |
|    loss                 | 8.4         |
|    n_updates            | 3120        |
|    policy_gradient_loss | -0.00626    |
|    std                  | 0.448       |
|    value_loss           | 11          |
-----------------------------------------
----------------------------------------
| rollout/                |            |
|    ep_len_mean          | 200        |
|    ep_rew_mean          | -55.6      |
| time/                   |            |
|    fps                  | 2194       |
|    iterations           | 69         |
|    time_elapsed         | 257        |
|    total_timesteps      | 565248     |
| train/                  |            |
|    approx_kl            | 0.02562903 |
|    clip_fraction        | 0.214      |
|    clip_range           | 0.2        |
|    entropy_loss         | -2.39      |
|    explained_variance   | 0.929      |
|    learning_rate        | 0.0003     |
|    loss                 | 5.72       |
|    n_updates            | 3130       |
|    policy_gradient_loss | -0.0072    |
|    std                  | 0.447      |
|    value_loss           | 6.41       |
----------------------------------------
-----------------------------------------
| rollout/                |             |
|    ep_len_mean          | 178         |
|    ep_rew_mean          | -45.8       |
| time/                   |             |
|    fps                  | 2198        |
|    iterations           | 70          |
|    time_elapsed         | 260         |
|    total_timesteps      | 573440      |
| train/                  |             |
|    approx_kl            | 0.014078867 |
|    clip_fraction        | 0.181       |
|    clip_range           | 0.2         |
|    entropy_loss         | -2.38       |
|    explained_variance   | 0.944       |
|    learning_rate        | 0.0003      |
|    loss                 | 2.22        |
|    n_updates            | 3140        |
|    policy_gradient_loss | -0.00634    |
|    std                  | 0.449       |
|    value_loss           | 7.51        |
-----------------------------------------
-----------------------------------------
| rollout/                |             |
|    ep_len_mean          | 191         |
|    ep_rew_mean          | -53.6       |
| time/                   |             |
|    fps                  | 2202        |
|    iterations           | 71          |
|    time_elapsed         | 264         |
|    total_timesteps      | 581632      |
| train/                  |             |
|    approx_kl            | 0.013584898 |
|    clip_fraction        | 0.15        |
|    clip_range           | 0.2         |
|    entropy_loss         | -2.38       |
|    explained_variance   | 0.898       |
|    learning_rate        | 0.0003      |
|    loss                 | 6.15        |
|    n_updates            | 3150        |
|    policy_gradient_loss | -0.00654    |
|    std                  | 0.448       |
|    value_loss           | 13.1        |
-----------------------------------------
-----------------------------------------
| rollout/                |             |
|    ep_len_mean          | 192         |
|    ep_rew_mean          | -54.7       |
| time/                   |             |
|    fps                  | 2203        |
|    iterations           | 72          |
|    time_elapsed         | 267         |
|    total_timesteps      | 589824      |
| train/                  |             |
|    approx_kl            | 0.015445627 |
|    clip_fraction        | 0.174       |
|    clip_range           | 0.2         |
|    entropy_loss         | -2.39       |
|    explained_variance   | 0.914       |
|    learning_rate        | 0.0003      |
|    loss                 | 2.83        |
|    n_updates            | 3160        |
|    policy_gradient_loss | -0.00746    |
|    std                  | 0.449       |
|    value_loss           | 7.58        |
-----------------------------------------
-----------------------------------------
| rollout/                |             |
|    ep_len_mean          | 204         |
|    ep_rew_mean          | -59.9       |
| time/                   |             |
|    fps                  | 2204        |
|    iterations           | 73          |
|    time_elapsed         | 271         |
|    total_timesteps      | 598016      |
| train/                  |             |
|    approx_kl            | 0.019261634 |
|    clip_fraction        | 0.22        |
|    clip_range           | 0.2         |
|    entropy_loss         | -2.4        |
|    explained_variance   | 0.941       |
|    learning_rate        | 0.0003      |
|    loss                 | 1.06        |
|    n_updates            | 3170        |
|    policy_gradient_loss | -0.00313    |
|    std                  | 0.451       |
|    value_loss           | 5.32        |
-----------------------------------------
[PeriodicArtifactCallback] step 600000: saving checkpoint, evaluating, rendering...
[PeriodicArtifactCallback] step 600000: success_rate=0.00 pick_success_rate=0.20 mean_reward=-222.10 -> C:\GitHub\HumanoidRobot\simulation\training\pick_place\runs\pp_v23\dashboard.html
-----------------------------------------
| rollout/                |             |
|    ep_len_mean          | 170         |
|    ep_rew_mean          | -49.3       |
| time/                   |             |
|    fps                  | 2139        |
|    iterations           | 74          |
|    time_elapsed         | 283         |
|    total_timesteps      | 606208      |
| train/                  |             |
|    approx_kl            | 0.014668204 |
|    clip_fraction        | 0.184       |
|    clip_range           | 0.2         |
|    entropy_loss         | -2.4        |
|    explained_variance   | 0.942       |
|    learning_rate        | 0.0003      |
|    loss                 | 2.87        |
|    n_updates            | 3180        |
|    policy_gradient_loss | -0.005      |
|    std                  | 0.45        |
|    value_loss           | 6.58        |
-----------------------------------------
-----------------------------------------
| rollout/                |             |
|    ep_len_mean          | 179         |
|    ep_rew_mean          | -50.9       |
| time/                   |             |
|    fps                  | 2143        |
|    iterations           | 75          |
|    time_elapsed         | 286         |
|    total_timesteps      | 614400      |
| train/                  |             |
|    approx_kl            | 0.014231131 |
|    clip_fraction        | 0.147       |
|    clip_range           | 0.2         |
|    entropy_loss         | -2.4        |
|    explained_variance   | 0.923       |
|    learning_rate        | 0.0003      |
|    loss                 | 2.15        |
|    n_updates            | 3190        |
|    policy_gradient_loss | -0.00594    |
|    std                  | 0.45        |
|    value_loss           | 8.33        |
-----------------------------------------
----------------------------------------
| rollout/                |            |
|    ep_len_mean          | 197        |
|    ep_rew_mean          | -56.4      |
| time/                   |            |
|    fps                  | 2147       |
|    iterations           | 76         |
|    time_elapsed         | 289        |
|    total_timesteps      | 622592     |
| train/                  |            |
|    approx_kl            | 0.01146045 |
|    clip_fraction        | 0.169      |
|    clip_range           | 0.2        |
|    entropy_loss         | -2.39      |
|    explained_variance   | 0.889      |
|    learning_rate        | 0.0003     |
|    loss                 | 2.59       |
|    n_updates            | 3200       |
|    policy_gradient_loss | -0.00704   |
|    std                  | 0.448      |
|    value_loss           | 8.39       |
----------------------------------------
-----------------------------------------
| rollout/                |             |
|    ep_len_mean          | 211         |
|    ep_rew_mean          | -62.1       |
| time/                   |             |
|    fps                  | 2151        |
|    iterations           | 77          |
|    time_elapsed         | 293         |
|    total_timesteps      | 630784      |
| train/                  |             |
|    approx_kl            | 0.012294948 |
|    clip_fraction        | 0.161       |
|    clip_range           | 0.2         |
|    entropy_loss         | -2.37       |
|    explained_variance   | 0.923       |
|    learning_rate        | 0.0003      |
|    loss                 | 4.02        |
|    n_updates            | 3210        |
|    policy_gradient_loss | -0.00709    |
|    std                  | 0.446       |
|    value_loss           | 9.83        |
-----------------------------------------
----------------------------------------
| rollout/                |            |
|    ep_len_mean          | 211        |
|    ep_rew_mean          | -65.8      |
| time/                   |            |
|    fps                  | 2153       |
|    iterations           | 78         |
|    time_elapsed         | 296        |
|    total_timesteps      | 638976     |
| train/                  |            |
|    approx_kl            | 0.01439739 |
|    clip_fraction        | 0.142      |
|    clip_range           | 0.2        |
|    entropy_loss         | -2.37      |
|    explained_variance   | 0.798      |
|    learning_rate        | 0.0003     |
|    loss                 | 3.15       |
|    n_updates            | 3220       |
|    policy_gradient_loss | -0.00217   |
|    std                  | 0.448      |
|    value_loss           | 8.82       |
----------------------------------------
-----------------------------------------
| rollout/                |             |
|    ep_len_mean          | 205         |
|    ep_rew_mean          | -65.4       |
| time/                   |             |
|    fps                  | 2156        |
|    iterations           | 79          |
|    time_elapsed         | 300         |
|    total_timesteps      | 647168      |
| train/                  |             |
|    approx_kl            | 0.014043558 |
|    clip_fraction        | 0.183       |
|    clip_range           | 0.2         |
|    entropy_loss         | -2.36       |
|    explained_variance   | 0.916       |
|    learning_rate        | 0.0003      |
|    loss                 | 4.05        |
|    n_updates            | 3230        |
|    policy_gradient_loss | -0.00476    |
|    std                  | 0.446       |
|    value_loss           | 9.07        |
-----------------------------------------
-----------------------------------------
| rollout/                |             |
|    ep_len_mean          | 216         |
|    ep_rew_mean          | -69.8       |
| time/                   |             |
|    fps                  | 2159        |
|    iterations           | 80          |
|    time_elapsed         | 303         |
|    total_timesteps      | 655360      |
| train/                  |             |
|    approx_kl            | 0.013298441 |
|    clip_fraction        | 0.151       |
|    clip_range           | 0.2         |
|    entropy_loss         | -2.34       |
|    explained_variance   | 0.892       |
|    learning_rate        | 0.0003      |
|    loss                 | 4.59        |
|    n_updates            | 3240        |
|    policy_gradient_loss | -0.00522    |
|    std                  | 0.445       |
|    value_loss           | 8.72        |
-----------------------------------------
-----------------------------------------
| rollout/                |             |
|    ep_len_mean          | 222         |
|    ep_rew_mean          | -70.1       |
| time/                   |             |
|    fps                  | 2162        |
|    iterations           | 81          |
|    time_elapsed         | 306         |
|    total_timesteps      | 663552      |
| train/                  |             |
|    approx_kl            | 0.016087119 |
|    clip_fraction        | 0.219       |
|    clip_range           | 0.2         |
|    entropy_loss         | -2.32       |
|    explained_variance   | 0.891       |
|    learning_rate        | 0.0003      |
|    loss                 | 2.02        |
|    n_updates            | 3250        |
|    policy_gradient_loss | -0.0053     |
|    std                  | 0.441       |
|    value_loss           | 5.38        |
-----------------------------------------
-----------------------------------------
| rollout/                |             |
|    ep_len_mean          | 191         |
|    ep_rew_mean          | -57.1       |
| time/                   |             |
|    fps                  | 2166        |
|    iterations           | 82          |
|    time_elapsed         | 310         |
|    total_timesteps      | 671744      |
| train/                  |             |
|    approx_kl            | 0.016283838 |
|    clip_fraction        | 0.18        |
|    clip_range           | 0.2         |
|    entropy_loss         | -2.29       |
|    explained_variance   | 0.919       |
|    learning_rate        | 0.0003      |
|    loss                 | 2.66        |
|    n_updates            | 3260        |
|    policy_gradient_loss | -0.00639    |
|    std                  | 0.439       |
|    value_loss           | 7.28        |
-----------------------------------------
-----------------------------------------
| rollout/                |             |
|    ep_len_mean          | 175         |
|    ep_rew_mean          | -49.1       |
| time/                   |             |
|    fps                  | 2168        |
|    iterations           | 83          |
|    time_elapsed         | 313         |
|    total_timesteps      | 679936      |
| train/                  |             |
|    approx_kl            | 0.015513084 |
|    clip_fraction        | 0.181       |
|    clip_range           | 0.2         |
|    entropy_loss         | -2.27       |
|    explained_variance   | 0.925       |
|    learning_rate        | 0.0003      |
|    loss                 | 2.8         |
|    n_updates            | 3270        |
|    policy_gradient_loss | -0.00592    |
|    std                  | 0.436       |
|    value_loss           | 7.79        |
-----------------------------------------
----------------------------------------
| rollout/                |            |
|    ep_len_mean          | 165        |
|    ep_rew_mean          | -46.2      |
| time/                   |            |
|    fps                  | 2170       |
|    iterations           | 84         |
|    time_elapsed         | 317        |
|    total_timesteps      | 688128     |
| train/                  |            |
|    approx_kl            | 0.01423026 |
|    clip_fraction        | 0.143      |
|    clip_range           | 0.2        |
|    entropy_loss         | -2.26      |
|    explained_variance   | 0.912      |
|    learning_rate        | 0.0003     |
|    loss                 | 4.64       |
|    n_updates            | 3280       |
|    policy_gradient_loss | -0.00259   |
|    std                  | 0.437      |
|    value_loss           | 7.99       |
----------------------------------------
-----------------------------------------
| rollout/                |             |
|    ep_len_mean          | 202         |
|    ep_rew_mean          | -59.5       |
| time/                   |             |
|    fps                  | 2173        |
|    iterations           | 85          |
|    time_elapsed         | 320         |
|    total_timesteps      | 696320      |
| train/                  |             |
|    approx_kl            | 0.016279355 |
|    clip_fraction        | 0.162       |
|    clip_range           | 0.2         |
|    entropy_loss         | -2.27       |
|    explained_variance   | 0.935       |
|    learning_rate        | 0.0003      |
|    loss                 | 2.55        |
|    n_updates            | 3290        |
|    policy_gradient_loss | -0.00646    |
|    std                  | 0.437       |
|    value_loss           | 7.76        |
-----------------------------------------
-----------------------------------------
| rollout/                |             |
|    ep_len_mean          | 228         |
|    ep_rew_mean          | -67.5       |
| time/                   |             |
|    fps                  | 2178        |
|    iterations           | 86          |
|    time_elapsed         | 323         |
|    total_timesteps      | 704512      |
| train/                  |             |
|    approx_kl            | 0.019331437 |
|    clip_fraction        | 0.194       |
|    clip_range           | 0.2         |
|    entropy_loss         | -2.25       |
|    explained_variance   | 0.925       |
|    learning_rate        | 0.0003      |
|    loss                 | 3.89        |
|    n_updates            | 3300        |
|    policy_gradient_loss | -0.0041     |
|    std                  | 0.433       |
|    value_loss           | 5.14        |
-----------------------------------------
-----------------------------------------
| rollout/                |             |
|    ep_len_mean          | 192         |
|    ep_rew_mean          | -54         |
| time/                   |             |
|    fps                  | 2181        |
|    iterations           | 87          |
|    time_elapsed         | 326         |
|    total_timesteps      | 712704      |
| train/                  |             |
|    approx_kl            | 0.013419526 |
|    clip_fraction        | 0.169       |
|    clip_range           | 0.2         |
|    entropy_loss         | -2.22       |
|    explained_variance   | 0.864       |
|    learning_rate        | 0.0003      |
|    loss                 | 2.29        |
|    n_updates            | 3310        |
|    policy_gradient_loss | -0.00759    |
|    std                  | 0.431       |
|    value_loss           | 7.82        |
-----------------------------------------
-----------------------------------------
| rollout/                |             |
|    ep_len_mean          | 159         |
|    ep_rew_mean          | -40.7       |
| time/                   |             |
|    fps                  | 2185        |
|    iterations           | 88          |
|    time_elapsed         | 329         |
|    total_timesteps      | 720896      |
| train/                  |             |
|    approx_kl            | 0.016175423 |
|    clip_fraction        | 0.145       |
|    clip_range           | 0.2         |
|    entropy_loss         | -2.2        |
|    explained_variance   | 0.918       |
|    learning_rate        | 0.0003      |
|    loss                 | 4.33        |
|    n_updates            | 3320        |
|    policy_gradient_loss | -0.0049     |
|    std                  | 0.43        |
|    value_loss           | 11.1        |
-----------------------------------------
-----------------------------------------
| rollout/                |             |
|    ep_len_mean          | 168         |
|    ep_rew_mean          | -45.1       |
| time/                   |             |
|    fps                  | 2188        |
|    iterations           | 89          |
|    time_elapsed         | 333         |
|    total_timesteps      | 729088      |
| train/                  |             |
|    approx_kl            | 0.011904505 |
|    clip_fraction        | 0.163       |
|    clip_range           | 0.2         |
|    entropy_loss         | -2.2        |
|    explained_variance   | 0.928       |
|    learning_rate        | 0.0003      |
|    loss                 | 4.17        |
|    n_updates            | 3330        |
|    policy_gradient_loss | -0.00634    |
|    std                  | 0.43        |
|    value_loss           | 8.32        |
-----------------------------------------
-----------------------------------------
| rollout/                |             |
|    ep_len_mean          | 160         |
|    ep_rew_mean          | -43.1       |
| time/                   |             |
|    fps                  | 2193        |
|    iterations           | 90          |
|    time_elapsed         | 336         |
|    total_timesteps      | 737280      |
| train/                  |             |
|    approx_kl            | 0.014478678 |
|    clip_fraction        | 0.183       |
|    clip_range           | 0.2         |
|    entropy_loss         | -2.2        |
|    explained_variance   | 0.914       |
|    learning_rate        | 0.0003      |
|    loss                 | 3.92        |
|    n_updates            | 3340        |
|    policy_gradient_loss | -0.00723    |
|    std                  | 0.43        |
|    value_loss           | 9.26        |
-----------------------------------------
-----------------------------------------
| rollout/                |             |
|    ep_len_mean          | 185         |
|    ep_rew_mean          | -50.4       |
| time/                   |             |
|    fps                  | 2197        |
|    iterations           | 91          |
|    time_elapsed         | 339         |
|    total_timesteps      | 745472      |
| train/                  |             |
|    approx_kl            | 0.017764086 |
|    clip_fraction        | 0.173       |
|    clip_range           | 0.2         |
|    entropy_loss         | -2.19       |
|    explained_variance   | 0.933       |
|    learning_rate        | 0.0003      |
|    loss                 | 5.58        |
|    n_updates            | 3350        |
|    policy_gradient_loss | -0.00431    |
|    std                  | 0.43        |
|    value_loss           | 8.36        |
-----------------------------------------
----------------------------------------
| rollout/                |            |
|    ep_len_mean          | 203        |
|    ep_rew_mean          | -58.5      |
| time/                   |            |
|    fps                  | 2198       |
|    iterations           | 92         |
|    time_elapsed         | 342        |
|    total_timesteps      | 753664     |
| train/                  |            |
|    approx_kl            | 0.01203547 |
|    clip_fraction        | 0.181      |
|    clip_range           | 0.2        |
|    entropy_loss         | -2.16      |
|    explained_variance   | 0.912      |
|    learning_rate        | 0.0003     |
|    loss                 | 2.85       |
|    n_updates            | 3360       |
|    policy_gradient_loss | -0.0038    |
|    std                  | 0.424      |
|    value_loss           | 6.5        |
----------------------------------------
-----------------------------------------
| rollout/                |             |
|    ep_len_mean          | 203         |
|    ep_rew_mean          | -58.9       |
| time/                   |             |
|    fps                  | 2200        |
|    iterations           | 93          |
|    time_elapsed         | 346         |
|    total_timesteps      | 761856      |
| train/                  |             |
|    approx_kl            | 0.012813322 |
|    clip_fraction        | 0.159       |
|    clip_range           | 0.2         |
|    entropy_loss         | -2.13       |
|    explained_variance   | 0.911       |
|    learning_rate        | 0.0003      |
|    loss                 | 6.19        |
|    n_updates            | 3370        |
|    policy_gradient_loss | -0.00475    |
|    std                  | 0.423       |
|    value_loss           | 9.78        |
-----------------------------------------
-----------------------------------------
| rollout/                |             |
|    ep_len_mean          | 193         |
|    ep_rew_mean          | -56.5       |
| time/                   |             |
|    fps                  | 2200        |
|    iterations           | 94          |
|    time_elapsed         | 349         |
|    total_timesteps      | 770048      |
| train/                  |             |
|    approx_kl            | 0.015830606 |
|    clip_fraction        | 0.206       |
|    clip_range           | 0.2         |
|    entropy_loss         | -2.15       |
|    explained_variance   | 0.936       |
|    learning_rate        | 0.0003      |
|    loss                 | 1.45        |
|    n_updates            | 3380        |
|    policy_gradient_loss | -0.00466    |
|    std                  | 0.426       |
|    value_loss           | 4.28        |
-----------------------------------------
-----------------------------------------
| rollout/                |             |
|    ep_len_mean          | 197         |
|    ep_rew_mean          | -60.3       |
| time/                   |             |
|    fps                  | 2203        |
|    iterations           | 95          |
|    time_elapsed         | 353         |
|    total_timesteps      | 778240      |
| train/                  |             |
|    approx_kl            | 0.012813402 |
|    clip_fraction        | 0.156       |
|    clip_range           | 0.2         |
|    entropy_loss         | -2.17       |
|    explained_variance   | 0.924       |
|    learning_rate        | 0.0003      |
|    loss                 | 3.76        |
|    n_updates            | 3390        |
|    policy_gradient_loss | -0.00553    |
|    std                  | 0.428       |
|    value_loss           | 6.93        |
-----------------------------------------
----------------------------------------
| rollout/                |            |
|    ep_len_mean          | 161        |
|    ep_rew_mean          | -45.7      |
| time/                   |            |
|    fps                  | 2205       |
|    iterations           | 96         |
|    time_elapsed         | 356        |
|    total_timesteps      | 786432     |
| train/                  |            |
|    approx_kl            | 0.01699239 |
|    clip_fraction        | 0.188      |
|    clip_range           | 0.2        |
|    entropy_loss         | -2.2       |
|    explained_variance   | 0.945      |
|    learning_rate        | 0.0003     |
|    loss                 | 3.02       |
|    n_updates            | 3400       |
|    policy_gradient_loss | -0.0046    |
|    std                  | 0.431      |
|    value_loss           | 4.56       |
----------------------------------------
-----------------------------------------
| rollout/                |             |
|    ep_len_mean          | 159         |
|    ep_rew_mean          | -42.1       |
| time/                   |             |
|    fps                  | 2207        |
|    iterations           | 97          |
|    time_elapsed         | 360         |
|    total_timesteps      | 794624      |
| train/                  |             |
|    approx_kl            | 0.016803563 |
|    clip_fraction        | 0.157       |
|    clip_range           | 0.2         |
|    entropy_loss         | -2.21       |
|    explained_variance   | 0.953       |
|    learning_rate        | 0.0003      |
|    loss                 | 5.42        |
|    n_updates            | 3410        |
|    policy_gradient_loss | -0.00597    |
|    std                  | 0.431       |
|    value_loss           | 6.27        |
-----------------------------------------
[PeriodicArtifactCallback] step 800000: running periodic self-monitoring analysis...
[PeriodicArtifactCallback] analysis written to C:\GitHub\HumanoidRobot\simulation\training\pick_place\runs\pp_v23\analysis_800000.md (stalled=False)
[PeriodicArtifactCallback] step 800000: saving checkpoint, evaluating, rendering...
[PeriodicArtifactCallback] step 800000: success_rate=0.10 pick_success_rate=0.30 mean_reward=-154.10 -> C:\GitHub\HumanoidRobot\simulation\training\pick_place\runs\pp_v23\dashboard.html
-----------------------------------------
| rollout/                |             |
|    ep_len_mean          | 164         |
|    ep_rew_mean          | -41.4       |
| time/                   |             |
|    fps                  | 2132        |
|    iterations           | 98          |
|    time_elapsed         | 376         |
|    total_timesteps      | 802816      |
| train/                  |             |
|    approx_kl            | 0.015218461 |
|    clip_fraction        | 0.196       |
|    clip_range           | 0.2         |
|    entropy_loss         | -2.21       |
|    explained_variance   | 0.965       |
|    learning_rate        | 0.0003      |
|    loss                 | 2.17        |
|    n_updates            | 3420        |
|    policy_gradient_loss | -0.00368    |
|    std                  | 0.431       |
|    value_loss           | 3.65        |
-----------------------------------------
-----------------------------------------
| rollout/                |             |
|    ep_len_mean          | 200         |
|    ep_rew_mean          | -54.9       |
| time/                   |             |
|    fps                  | 2135        |
|    iterations           | 99          |
|    time_elapsed         | 379         |
|    total_timesteps      | 811008      |
| train/                  |             |
|    approx_kl            | 0.010559478 |
|    clip_fraction        | 0.154       |
|    clip_range           | 0.2         |
|    entropy_loss         | -2.2        |
|    explained_variance   | 0.936       |
|    learning_rate        | 0.0003      |
|    loss                 | 3.62        |
|    n_updates            | 3430        |
|    policy_gradient_loss | -0.00701    |
|    std                  | 0.43        |
|    value_loss           | 6.27        |
-----------------------------------------
-----------------------------------------
| rollout/                |             |
|    ep_len_mean          | 198         |
|    ep_rew_mean          | -57.7       |
| time/                   |             |
|    fps                  | 2138        |
|    iterations           | 100         |
|    time_elapsed         | 383         |
|    total_timesteps      | 819200      |
| train/                  |             |
|    approx_kl            | 0.013517385 |
|    clip_fraction        | 0.147       |
|    clip_range           | 0.2         |
|    entropy_loss         | -2.18       |
|    explained_variance   | 0.882       |
|    learning_rate        | 0.0003      |
|    loss                 | 3.2         |
|    n_updates            | 3440        |
|    policy_gradient_loss | -0.00716    |
|    std                  | 0.428       |
|    value_loss           | 6.38        |
-----------------------------------------
-----------------------------------------
| rollout/                |             |
|    ep_len_mean          | 192         |
|    ep_rew_mean          | -55.2       |
| time/                   |             |
|    fps                  | 2141        |
|    iterations           | 101         |
|    time_elapsed         | 386         |
|    total_timesteps      | 827392      |
| train/                  |             |
|    approx_kl            | 0.013419367 |
|    clip_fraction        | 0.16        |
|    clip_range           | 0.2         |
|    entropy_loss         | -2.17       |
|    explained_variance   | 0.916       |
|    learning_rate        | 0.0003      |
|    loss                 | 1.26        |
|    n_updates            | 3450        |
|    policy_gradient_loss | -0.00706    |
|    std                  | 0.428       |
|    value_loss           | 5.51        |
-----------------------------------------
-----------------------------------------
| rollout/                |             |
|    ep_len_mean          | 177         |
|    ep_rew_mean          | -52.7       |
| time/                   |             |
|    fps                  | 2142        |
|    iterations           | 102         |
|    time_elapsed         | 390         |
|    total_timesteps      | 835584      |
| train/                  |             |
|    approx_kl            | 0.012772145 |
|    clip_fraction        | 0.152       |
|    clip_range           | 0.2         |
|    entropy_loss         | -2.18       |
|    explained_variance   | 0.932       |
|    learning_rate        | 0.0003      |
|    loss                 | 4.65        |
|    n_updates            | 3460        |
|    policy_gradient_loss | -0.00491    |
|    std                  | 0.428       |
|    value_loss           | 9.92        |
-----------------------------------------
-----------------------------------------
| rollout/                |             |
|    ep_len_mean          | 198         |
|    ep_rew_mean          | -61         |
| time/                   |             |
|    fps                  | 2145        |
|    iterations           | 103         |
|    time_elapsed         | 393         |
|    total_timesteps      | 843776      |
| train/                  |             |
|    approx_kl            | 0.015466772 |
|    clip_fraction        | 0.173       |
|    clip_range           | 0.2         |
|    entropy_loss         | -2.17       |
|    explained_variance   | 0.906       |
|    learning_rate        | 0.0003      |
|    loss                 | 5.31        |
|    n_updates            | 3470        |
|    policy_gradient_loss | -0.00733    |
|    std                  | 0.428       |
|    value_loss           | 8.2         |
-----------------------------------------
-----------------------------------------
| rollout/                |             |
|    ep_len_mean          | 228         |
|    ep_rew_mean          | -72.9       |
| time/                   |             |
|    fps                  | 2148        |
|    iterations           | 104         |
|    time_elapsed         | 396         |
|    total_timesteps      | 851968      |
| train/                  |             |
|    approx_kl            | 0.013084112 |
|    clip_fraction        | 0.155       |
|    clip_range           | 0.2         |
|    entropy_loss         | -2.19       |
|    explained_variance   | 0.875       |
|    learning_rate        | 0.0003      |
|    loss                 | 1.4         |
|    n_updates            | 3480        |
|    policy_gradient_loss | -0.00706    |
|    std                  | 0.431       |
|    value_loss           | 4.37        |
-----------------------------------------
-----------------------------------------
| rollout/                |             |
|    ep_len_mean          | 238         |
|    ep_rew_mean          | -76.6       |
| time/                   |             |
|    fps                  | 2151        |
|    iterations           | 105         |
|    time_elapsed         | 399         |
|    total_timesteps      | 860160      |
| train/                  |             |
|    approx_kl            | 0.010544721 |
|    clip_fraction        | 0.131       |
|    clip_range           | 0.2         |
|    entropy_loss         | -2.19       |
|    explained_variance   | 0.819       |
|    learning_rate        | 0.0003      |
|    loss                 | 7.05        |
|    n_updates            | 3490        |
|    policy_gradient_loss | -0.00587    |
|    std                  | 0.43        |
|    value_loss           | 14.6        |
-----------------------------------------
-----------------------------------------
| rollout/                |             |
|    ep_len_mean          | 212         |
|    ep_rew_mean          | -68.8       |
| time/                   |             |
|    fps                  | 2154        |
|    iterations           | 106         |
|    time_elapsed         | 403         |
|    total_timesteps      | 868352      |
| train/                  |             |
|    approx_kl            | 0.012193795 |
|    clip_fraction        | 0.141       |
|    clip_range           | 0.2         |
|    entropy_loss         | -2.18       |
|    explained_variance   | 0.866       |
|    learning_rate        | 0.0003      |
|    loss                 | 2           |
|    n_updates            | 3500        |
|    policy_gradient_loss | -0.00637    |
|    std                  | 0.428       |
|    value_loss           | 7.78        |
-----------------------------------------
-----------------------------------------
| rollout/                |             |
|    ep_len_mean          | 206         |
|    ep_rew_mean          | -70         |
| time/                   |             |
|    fps                  | 2155        |
|    iterations           | 107         |
|    time_elapsed         | 406         |
|    total_timesteps      | 876544      |
| train/                  |             |
|    approx_kl            | 0.012576876 |
|    clip_fraction        | 0.151       |
|    clip_range           | 0.2         |
|    entropy_loss         | -2.17       |
|    explained_variance   | 0.815       |
|    learning_rate        | 0.0003      |
|    loss                 | 5.09        |
|    n_updates            | 3510        |
|    policy_gradient_loss | -0.00774    |
|    std                  | 0.427       |
|    value_loss           | 17.1        |
-----------------------------------------
-----------------------------------------
| rollout/                |             |
|    ep_len_mean          | 189         |
|    ep_rew_mean          | -66.1       |
| time/                   |             |
|    fps                  | 2157        |
|    iterations           | 108         |
|    time_elapsed         | 410         |
|    total_timesteps      | 884736      |
| train/                  |             |
|    approx_kl            | 0.014797927 |
|    clip_fraction        | 0.151       |
|    clip_range           | 0.2         |
|    entropy_loss         | -2.18       |
|    explained_variance   | 0.928       |
|    learning_rate        | 0.0003      |
|    loss                 | 4.02        |
|    n_updates            | 3520        |
|    policy_gradient_loss | -0.00403    |
|    std                  | 0.429       |
|    value_loss           | 9.3         |
-----------------------------------------
-----------------------------------------
| rollout/                |             |
|    ep_len_mean          | 134         |
|    ep_rew_mean          | -35.7       |
| time/                   |             |
|    fps                  | 2159        |
|    iterations           | 109         |
|    time_elapsed         | 413         |
|    total_timesteps      | 892928      |
| train/                  |             |
|    approx_kl            | 0.015413266 |
|    clip_fraction        | 0.164       |
|    clip_range           | 0.2         |
|    entropy_loss         | -2.19       |
|    explained_variance   | 0.935       |
|    learning_rate        | 0.0003      |
|    loss                 | 3.49        |
|    n_updates            | 3530        |
|    policy_gradient_loss | -0.00724    |
|    std                  | 0.43        |
|    value_loss           | 10.7        |
-----------------------------------------
-----------------------------------------
| rollout/                |             |
|    ep_len_mean          | 167         |
|    ep_rew_mean          | -43.2       |
| time/                   |             |
|    fps                  | 2162        |
|    iterations           | 110         |
|    time_elapsed         | 416         |
|    total_timesteps      | 901120      |
| train/                  |             |
|    approx_kl            | 0.014232307 |
|    clip_fraction        | 0.186       |
|    clip_range           | 0.2         |
|    entropy_loss         | -2.21       |
|    explained_variance   | 0.924       |
|    learning_rate        | 0.0003      |
|    loss                 | 2.42        |
|    n_updates            | 3540        |
|    policy_gradient_loss | -0.00509    |
|    std                  | 0.433       |
|    value_loss           | 8.36        |
-----------------------------------------
-----------------------------------------
| rollout/                |             |
|    ep_len_mean          | 209         |
|    ep_rew_mean          | -58.5       |
| time/                   |             |
|    fps                  | 2165        |
|    iterations           | 111         |
|    time_elapsed         | 419         |
|    total_timesteps      | 909312      |
| train/                  |             |
|    approx_kl            | 0.016782131 |
|    clip_fraction        | 0.167       |
|    clip_range           | 0.2         |
|    entropy_loss         | -2.22       |
|    explained_variance   | 0.891       |
|    learning_rate        | 0.0003      |
|    loss                 | 3.02        |
|    n_updates            | 3550        |
|    policy_gradient_loss | -0.00365    |
|    std                  | 0.434       |
|    value_loss           | 7.65        |
-----------------------------------------
-----------------------------------------
| rollout/                |             |
|    ep_len_mean          | 224         |
|    ep_rew_mean          | -64.5       |
| time/                   |             |
|    fps                  | 2166        |
|    iterations           | 112         |
|    time_elapsed         | 423         |
|    total_timesteps      | 917504      |
| train/                  |             |
|    approx_kl            | 0.021512311 |
|    clip_fraction        | 0.208       |
|    clip_range           | 0.2         |
|    entropy_loss         | -2.22       |
|    explained_variance   | 0.929       |
|    learning_rate        | 0.0003      |
|    loss                 | 2.28        |
|    n_updates            | 3560        |
|    policy_gradient_loss | -0.00514    |
|    std                  | 0.432       |
|    value_loss           | 6.36        |
-----------------------------------------
----------------------------------------
| rollout/                |            |
|    ep_len_mean          | 232        |
|    ep_rew_mean          | -71.1      |
| time/                   |            |
|    fps                  | 2166       |
|    iterations           | 113        |
|    time_elapsed         | 427        |
|    total_timesteps      | 925696     |
| train/                  |            |
|    approx_kl            | 0.01789404 |
|    clip_fraction        | 0.206      |
|    clip_range           | 0.2        |
|    entropy_loss         | -2.2       |
|    explained_variance   | 0.908      |
|    learning_rate        | 0.0003     |
|    loss                 | 2.94       |
|    n_updates            | 3570       |
|    policy_gradient_loss | -0.00684   |
|    std                  | 0.432      |
|    value_loss           | 6.62       |
----------------------------------------
-----------------------------------------
| rollout/                |             |
|    ep_len_mean          | 227         |
|    ep_rew_mean          | -70.4       |
| time/                   |             |
|    fps                  | 2169        |
|    iterations           | 114         |
|    time_elapsed         | 430         |
|    total_timesteps      | 933888      |
| train/                  |             |
|    approx_kl            | 0.011752622 |
|    clip_fraction        | 0.141       |
|    clip_range           | 0.2         |
|    entropy_loss         | -2.2        |
|    explained_variance   | 0.861       |
|    learning_rate        | 0.0003      |
|    loss                 | 3.14        |
|    n_updates            | 3580        |
|    policy_gradient_loss | -0.00759    |
|    std                  | 0.432       |
|    value_loss           | 12          |
-----------------------------------------
-----------------------------------------
| rollout/                |             |
|    ep_len_mean          | 215         |
|    ep_rew_mean          | -68         |
| time/                   |             |
|    fps                  | 2172        |
|    iterations           | 115         |
|    time_elapsed         | 433         |
|    total_timesteps      | 942080      |
| train/                  |             |
|    approx_kl            | 0.014599968 |
|    clip_fraction        | 0.18        |
|    clip_range           | 0.2         |
|    entropy_loss         | -2.2        |
|    explained_variance   | 0.918       |
|    learning_rate        | 0.0003      |
|    loss                 | 2.94        |
|    n_updates            | 3590        |
|    policy_gradient_loss | -0.00582    |
|    std                  | 0.432       |
|    value_loss           | 6.94        |
-----------------------------------------
-----------------------------------------
| rollout/                |             |
|    ep_len_mean          | 194         |
|    ep_rew_mean          | -57.8       |
| time/                   |             |
|    fps                  | 2174        |
|    iterations           | 116         |
|    time_elapsed         | 437         |
|    total_timesteps      | 950272      |
| train/                  |             |
|    approx_kl            | 0.013951355 |
|    clip_fraction        | 0.17        |
|    clip_range           | 0.2         |
|    entropy_loss         | -2.18       |
|    explained_variance   | 0.875       |
|    learning_rate        | 0.0003      |
|    loss                 | 3.57        |
|    n_updates            | 3600        |
|    policy_gradient_loss | -0.00786    |
|    std                  | 0.429       |
|    value_loss           | 8.43        |
-----------------------------------------
----------------------------------------
| rollout/                |            |
|    ep_len_mean          | 203        |
|    ep_rew_mean          | -56.7      |
| time/                   |            |
|    fps                  | 2174       |
|    iterations           | 117        |
|    time_elapsed         | 440        |
|    total_timesteps      | 958464     |
| train/                  |            |
|    approx_kl            | 0.01809944 |
|    clip_fraction        | 0.194      |
|    clip_range           | 0.2        |
|    entropy_loss         | -2.18      |
|    explained_variance   | 0.934      |
|    learning_rate        | 0.0003     |
|    loss                 | 1.48       |
|    n_updates            | 3610       |
|    policy_gradient_loss | -0.00913   |
|    std                  | 0.43       |
|    value_loss           | 7.44       |
----------------------------------------
-----------------------------------------
| rollout/                |             |
|    ep_len_mean          | 216         |
|    ep_rew_mean          | -65.2       |
| time/                   |             |
|    fps                  | 2176        |
|    iterations           | 118         |
|    time_elapsed         | 444         |
|    total_timesteps      | 966656      |
| train/                  |             |
|    approx_kl            | 0.015899975 |
|    clip_fraction        | 0.162       |
|    clip_range           | 0.2         |
|    entropy_loss         | -2.18       |
|    explained_variance   | 0.917       |
|    learning_rate        | 0.0003      |
|    loss                 | 2.83        |
|    n_updates            | 3620        |
|    policy_gradient_loss | -0.00563    |
|    std                  | 0.429       |
|    value_loss           | 8.68        |
-----------------------------------------
-----------------------------------------
| rollout/                |             |
|    ep_len_mean          | 250         |
|    ep_rew_mean          | -78.6       |
| time/                   |             |
|    fps                  | 2178        |
|    iterations           | 119         |
|    time_elapsed         | 447         |
|    total_timesteps      | 974848      |
| train/                  |             |
|    approx_kl            | 0.011347596 |
|    clip_fraction        | 0.171       |
|    clip_range           | 0.2         |
|    entropy_loss         | -2.17       |
|    explained_variance   | 0.884       |
|    learning_rate        | 0.0003      |
|    loss                 | 5.47        |
|    n_updates            | 3630        |
|    policy_gradient_loss | -0.00235    |
|    std                  | 0.427       |
|    value_loss           | 9.22        |
-----------------------------------------
-----------------------------------------
| rollout/                |             |
|    ep_len_mean          | 229         |
|    ep_rew_mean          | -73.8       |
| time/                   |             |
|    fps                  | 2181        |
|    iterations           | 120         |
|    time_elapsed         | 450         |
|    total_timesteps      | 983040      |
| train/                  |             |
|    approx_kl            | 0.017009245 |
|    clip_fraction        | 0.181       |
|    clip_range           | 0.2         |
|    entropy_loss         | -2.17       |
|    explained_variance   | 0.852       |
|    learning_rate        | 0.0003      |
|    loss                 | 2.38        |
|    n_updates            | 3640        |
|    policy_gradient_loss | -0.0043     |
|    std                  | 0.429       |
|    value_loss           | 7.94        |
-----------------------------------------
-----------------------------------------
| rollout/                |             |
|    ep_len_mean          | 232         |
|    ep_rew_mean          | -69.3       |
| time/                   |             |
|    fps                  | 2182        |
|    iterations           | 121         |
|    time_elapsed         | 454         |
|    total_timesteps      | 991232      |
| train/                  |             |
|    approx_kl            | 0.012651812 |
|    clip_fraction        | 0.162       |
|    clip_range           | 0.2         |
|    entropy_loss         | -2.19       |
|    explained_variance   | 0.916       |
|    learning_rate        | 0.0003      |
|    loss                 | 5.04        |
|    n_updates            | 3650        |
|    policy_gradient_loss | -0.00457    |
|    std                  | 0.43        |
|    value_loss           | 11.6        |
-----------------------------------------
-----------------------------------------
| rollout/                |             |
|    ep_len_mean          | 215         |
|    ep_rew_mean          | -61.6       |
| time/                   |             |
|    fps                  | 2183        |
|    iterations           | 122         |
|    time_elapsed         | 457         |
|    total_timesteps      | 999424      |
| train/                  |             |
|    approx_kl            | 0.019654162 |
|    clip_fraction        | 0.194       |
|    clip_range           | 0.2         |
|    entropy_loss         | -2.19       |
|    explained_variance   | 0.862       |
|    learning_rate        | 0.0003      |
|    loss                 | 4.34        |
|    n_updates            | 3660        |
|    policy_gradient_loss | -0.00183    |
|    std                  | 0.431       |
|    value_loss           | 10.3        |
-----------------------------------------
[PeriodicArtifactCallback] step 1000000: saving checkpoint, evaluating, rendering...
[PeriodicArtifactCallback] step 1000000: success_rate=0.20 pick_success_rate=0.30 mean_reward=-148.07 -> C:\GitHub\HumanoidRobot\simulation\training\pick_place\runs\pp_v23\dashboard.html
-----------------------------------------
| rollout/                |             |
|    ep_len_mean          | 220         |
|    ep_rew_mean          | -63.4       |
| time/                   |             |
|    fps                  | 2140        |
|    iterations           | 123         |
|    time_elapsed         | 470         |
|    total_timesteps      | 1007616     |
| train/                  |             |
|    approx_kl            | 0.013658382 |
|    clip_fraction        | 0.147       |
|    clip_range           | 0.2         |
|    entropy_loss         | -2.18       |
|    explained_variance   | 0.835       |
|    learning_rate        | 0.0003      |
|    loss                 | 4.71        |
|    n_updates            | 3670        |
|    policy_gradient_loss | -0.00675    |
|    std                  | 0.427       |
|    value_loss           | 17.1        |
-----------------------------------------
-----------------------------------------
| rollout/                |             |
|    ep_len_mean          | 201         |
|    ep_rew_mean          | -56.6       |
| time/                   |             |
|    fps                  | 2141        |
|    iterations           | 124         |
|    time_elapsed         | 474         |
|    total_timesteps      | 1015808     |
| train/                  |             |
|    approx_kl            | 0.016377553 |
|    clip_fraction        | 0.204       |
|    clip_range           | 0.2         |
|    entropy_loss         | -2.14       |
|    explained_variance   | 0.876       |
|    learning_rate        | 0.0003      |
|    loss                 | 5.85        |
|    n_updates            | 3680        |
|    policy_gradient_loss | -0.00585    |
|    std                  | 0.423       |
|    value_loss           | 8.98        |
-----------------------------------------
----------------------------------------
| rollout/                |            |
|    ep_len_mean          | 216        |
|    ep_rew_mean          | -63.1      |
| time/                   |            |
|    fps                  | 2144       |
|    iterations           | 125        |
|    time_elapsed         | 477        |
|    total_timesteps      | 1024000    |
| train/                  |            |
|    approx_kl            | 0.02062466 |
|    clip_fraction        | 0.199      |
|    clip_range           | 0.2        |
|    entropy_loss         | -2.14      |
|    explained_variance   | 0.92       |
|    learning_rate        | 0.0003     |
|    loss                 | 2.95       |
|    n_updates            | 3690       |
|    policy_gradient_loss | -0.00311   |
|    std                  | 0.427      |
|    value_loss           | 7.27       |
----------------------------------------
-----------------------------------------
| rollout/                |             |
|    ep_len_mean          | 261         |
|    ep_rew_mean          | -80.7       |
| time/                   |             |
|    fps                  | 2147        |
|    iterations           | 126         |
|    time_elapsed         | 480         |
|    total_timesteps      | 1032192     |
| train/                  |             |
|    approx_kl            | 0.018552173 |
|    clip_fraction        | 0.208       |
|    clip_range           | 0.2         |
|    entropy_loss         | -2.16       |
|    explained_variance   | 0.881       |
|    learning_rate        | 0.0003      |
|    loss                 | 3.44        |
|    n_updates            | 3700        |
|    policy_gradient_loss | -0.00627    |
|    std                  | 0.428       |
|    value_loss           | 8.61        |
-----------------------------------------
-----------------------------------------
| rollout/                |             |
|    ep_len_mean          | 244         |
|    ep_rew_mean          | -72.7       |
| time/                   |             |
|    fps                  | 2148        |
|    iterations           | 127         |
|    time_elapsed         | 484         |
|    total_timesteps      | 1040384     |
| train/                  |             |
|    approx_kl            | 0.020005984 |
|    clip_fraction        | 0.208       |
|    clip_range           | 0.2         |
|    entropy_loss         | -2.15       |
|    explained_variance   | 0.856       |
|    learning_rate        | 0.0003      |
|    loss                 | 2.46        |
|    n_updates            | 3710        |
|    policy_gradient_loss | -0.0059     |
|    std                  | 0.426       |
|    value_loss           | 6.59        |
-----------------------------------------
-----------------------------------------
| rollout/                |             |
|    ep_len_mean          | 235         |
|    ep_rew_mean          | -74.8       |
| time/                   |             |
|    fps                  | 2150        |
|    iterations           | 128         |
|    time_elapsed         | 487         |
|    total_timesteps      | 1048576     |
| train/                  |             |
|    approx_kl            | 0.014277424 |
|    clip_fraction        | 0.172       |
|    clip_range           | 0.2         |
|    entropy_loss         | -2.16       |
|    explained_variance   | 0.887       |
|    learning_rate        | 0.0003      |
|    loss                 | 2.66        |
|    n_updates            | 3720        |
|    policy_gradient_loss | -0.0049     |
|    std                  | 0.428       |
|    value_loss           | 6.28        |
-----------------------------------------
-----------------------------------------
| rollout/                |             |
|    ep_len_mean          | 223         |
|    ep_rew_mean          | -69.9       |
| time/                   |             |
|    fps                  | 2151        |
|    iterations           | 129         |
|    time_elapsed         | 491         |
|    total_timesteps      | 1056768     |
| train/                  |             |
|    approx_kl            | 0.013284573 |
|    clip_fraction        | 0.14        |
|    clip_range           | 0.2         |
|    entropy_loss         | -2.15       |
|    explained_variance   | 0.847       |
|    learning_rate        | 0.0003      |
|    loss                 | 4.64        |
|    n_updates            | 3730        |
|    policy_gradient_loss | -0.00743    |
|    std                  | 0.426       |
|    value_loss           | 12.6        |
-----------------------------------------
-----------------------------------------
| rollout/                |             |
|    ep_len_mean          | 233         |
|    ep_rew_mean          | -77         |
| time/                   |             |
|    fps                  | 2153        |
|    iterations           | 130         |
|    time_elapsed         | 494         |
|    total_timesteps      | 1064960     |
| train/                  |             |
|    approx_kl            | 0.018283326 |
|    clip_fraction        | 0.177       |
|    clip_range           | 0.2         |
|    entropy_loss         | -2.15       |
|    explained_variance   | 0.9         |
|    learning_rate        | 0.0003      |
|    loss                 | 1.02        |
|    n_updates            | 3740        |
|    policy_gradient_loss | -0.00663    |
|    std                  | 0.428       |
|    value_loss           | 5.15        |
-----------------------------------------
------------------------------------------
| rollout/                |              |
|    ep_len_mean          | 238          |
|    ep_rew_mean          | -76.3        |
| time/                   |              |
|    fps                  | 2156         |
|    iterations           | 131          |
|    time_elapsed         | 497          |
|    total_timesteps      | 1073152      |
| train/                  |              |
|    approx_kl            | 0.0142327715 |
|    clip_fraction        | 0.167        |
|    clip_range           | 0.2          |
|    entropy_loss         | -2.16        |
|    explained_variance   | 0.81         |
|    learning_rate        | 0.0003       |
|    loss                 | 3.46         |
|    n_updates            | 3750         |
|    policy_gradient_loss | -0.00482     |
|    std                  | 0.429        |
|    value_loss           | 7.64         |
------------------------------------------
-----------------------------------------
| rollout/                |             |
|    ep_len_mean          | 252         |
|    ep_rew_mean          | -80.8       |
| time/                   |             |
|    fps                  | 2157        |
|    iterations           | 132         |
|    time_elapsed         | 501         |
|    total_timesteps      | 1081344     |
| train/                  |             |
|    approx_kl            | 0.013298208 |
|    clip_fraction        | 0.168       |
|    clip_range           | 0.2         |
|    entropy_loss         | -2.17       |
|    explained_variance   | 0.895       |
|    learning_rate        | 0.0003      |
|    loss                 | 1.69        |
|    n_updates            | 3760        |
|    policy_gradient_loss | -0.00707    |
|    std                  | 0.43        |
|    value_loss           | 6.48        |
-----------------------------------------
-----------------------------------------
| rollout/                |             |
|    ep_len_mean          | 229         |
|    ep_rew_mean          | -69         |
| time/                   |             |
|    fps                  | 2158        |
|    iterations           | 133         |
|    time_elapsed         | 504         |
|    total_timesteps      | 1089536     |
| train/                  |             |
|    approx_kl            | 0.014355899 |
|    clip_fraction        | 0.166       |
|    clip_range           | 0.2         |
|    entropy_loss         | -2.18       |
|    explained_variance   | 0.906       |
|    learning_rate        | 0.0003      |
|    loss                 | 3.39        |
|    n_updates            | 3770        |
|    policy_gradient_loss | -0.00703    |
|    std                  | 0.43        |
|    value_loss           | 8.4         |
-----------------------------------------
-----------------------------------------
| rollout/                |             |
|    ep_len_mean          | 226         |
|    ep_rew_mean          | -69.9       |
| time/                   |             |
|    fps                  | 2160        |
|    iterations           | 134         |
|    time_elapsed         | 508         |
|    total_timesteps      | 1097728     |
| train/                  |             |
|    approx_kl            | 0.015619524 |
|    clip_fraction        | 0.169       |
|    clip_range           | 0.2         |
|    entropy_loss         | -2.17       |
|    explained_variance   | 0.89        |
|    learning_rate        | 0.0003      |
|    loss                 | 4.92        |
|    n_updates            | 3780        |
|    policy_gradient_loss | -0.00511    |
|    std                  | 0.429       |
|    value_loss           | 10.7        |
-----------------------------------------
----------------------------------------
| rollout/                |            |
|    ep_len_mean          | 230        |
|    ep_rew_mean          | -71        |
| time/                   |            |
|    fps                  | 2163       |
|    iterations           | 135        |
|    time_elapsed         | 511        |
|    total_timesteps      | 1105920    |
| train/                  |            |
|    approx_kl            | 0.01645064 |
|    clip_fraction        | 0.169      |
|    clip_range           | 0.2        |
|    entropy_loss         | -2.16      |
|    explained_variance   | 0.864      |
|    learning_rate        | 0.0003     |
|    loss                 | 3.52       |
|    n_updates            | 3790       |
|    policy_gradient_loss | -0.00756   |
|    std                  | 0.428      |
|    value_loss           | 10.2       |
----------------------------------------
-----------------------------------------
| rollout/                |             |
|    ep_len_mean          | 249         |
|    ep_rew_mean          | -79.3       |
| time/                   |             |
|    fps                  | 2167        |
|    iterations           | 136         |
|    time_elapsed         | 514         |
|    total_timesteps      | 1114112     |
| train/                  |             |
|    approx_kl            | 0.011758797 |
|    clip_fraction        | 0.162       |
|    clip_range           | 0.2         |
|    entropy_loss         | -2.16       |
|    explained_variance   | 0.886       |
|    learning_rate        | 0.0003      |
|    loss                 | 4.28        |
|    n_updates            | 3800        |
|    policy_gradient_loss | -0.00608    |
|    std                  | 0.427       |
|    value_loss           | 8.49        |
-----------------------------------------
-----------------------------------------
| rollout/                |             |
|    ep_len_mean          | 269         |
|    ep_rew_mean          | -85.7       |
| time/                   |             |
|    fps                  | 2169        |
|    iterations           | 137         |
|    time_elapsed         | 517         |
|    total_timesteps      | 1122304     |
| train/                  |             |
|    approx_kl            | 0.015279057 |
|    clip_fraction        | 0.163       |
|    clip_range           | 0.2         |
|    entropy_loss         | -2.14       |
|    explained_variance   | 0.846       |
|    learning_rate        | 0.0003      |
|    loss                 | 3.18        |
|    n_updates            | 3810        |
|    policy_gradient_loss | -0.00464    |
|    std                  | 0.425       |
|    value_loss           | 10.1        |
-----------------------------------------
-----------------------------------------
| rollout/                |             |
|    ep_len_mean          | 275         |
|    ep_rew_mean          | -86.8       |
| time/                   |             |
|    fps                  | 2172        |
|    iterations           | 138         |
|    time_elapsed         | 520         |
|    total_timesteps      | 1130496     |
| train/                  |             |
|    approx_kl            | 0.015606891 |
|    clip_fraction        | 0.196       |
|    clip_range           | 0.2         |
|    entropy_loss         | -2.13       |
|    explained_variance   | 0.844       |
|    learning_rate        | 0.0003      |
|    loss                 | 2.56        |
|    n_updates            | 3820        |
|    policy_gradient_loss | -0.00392    |
|    std                  | 0.424       |
|    value_loss           | 6.87        |
-----------------------------------------
-----------------------------------------
| rollout/                |             |
|    ep_len_mean          | 265         |
|    ep_rew_mean          | -80.3       |
| time/                   |             |
|    fps                  | 2175        |
|    iterations           | 139         |
|    time_elapsed         | 523         |
|    total_timesteps      | 1138688     |
| train/                  |             |
|    approx_kl            | 0.016588854 |
|    clip_fraction        | 0.19        |
|    clip_range           | 0.2         |
|    entropy_loss         | -2.12       |
|    explained_variance   | 0.871       |
|    learning_rate        | 0.0003      |
|    loss                 | 1.84        |
|    n_updates            | 3830        |
|    policy_gradient_loss | -0.00613    |
|    std                  | 0.421       |
|    value_loss           | 6.3         |
-----------------------------------------
---------------------------------------
| rollout/                |           |
|    ep_len_mean          | 257       |
|    ep_rew_mean          | -74.9     |
| time/                   |           |
|    fps                  | 2179      |
|    iterations           | 140       |
|    time_elapsed         | 526       |
|    total_timesteps      | 1146880   |
| train/                  |           |
|    approx_kl            | 0.0120499 |
|    clip_fraction        | 0.138     |
|    clip_range           | 0.2       |
|    entropy_loss         | -2.1      |
|    explained_variance   | 0.845     |
|    learning_rate        | 0.0003    |
|    loss                 | 5.2       |
|    n_updates            | 3840      |
|    policy_gradient_loss | -0.00474  |
|    std                  | 0.42      |
|    value_loss           | 13.3      |
---------------------------------------
----------------------------------------
| rollout/                |            |
|    ep_len_mean          | 250        |
|    ep_rew_mean          | -73.6      |
| time/                   |            |
|    fps                  | 2181       |
|    iterations           | 141        |
|    time_elapsed         | 529        |
|    total_timesteps      | 1155072    |
| train/                  |            |
|    approx_kl            | 0.01679968 |
|    clip_fraction        | 0.22       |
|    clip_range           | 0.2        |
|    entropy_loss         | -2.1       |
|    explained_variance   | 0.896      |
|    learning_rate        | 0.0003     |
|    loss                 | 2.99       |
|    n_updates            | 3850       |
|    policy_gradient_loss | -0.00292   |
|    std                  | 0.42       |
|    value_loss           | 6.7        |
----------------------------------------
-----------------------------------------
| rollout/                |             |
|    ep_len_mean          | 264         |
|    ep_rew_mean          | -78.9       |
| time/                   |             |
|    fps                  | 2181        |
|    iterations           | 142         |
|    time_elapsed         | 533         |
|    total_timesteps      | 1163264     |
| train/                  |             |
|    approx_kl            | 0.016611883 |
|    clip_fraction        | 0.195       |
|    clip_range           | 0.2         |
|    entropy_loss         | -2.09       |
|    explained_variance   | 0.891       |
|    learning_rate        | 0.0003      |
|    loss                 | 3.93        |
|    n_updates            | 3860        |
|    policy_gradient_loss | -0.00813    |
|    std                  | 0.417       |
|    value_loss           | 7.14        |
-----------------------------------------
-----------------------------------------
| rollout/                |             |
|    ep_len_mean          | 266         |
|    ep_rew_mean          | -85.4       |
| time/                   |             |
|    fps                  | 2182        |
|    iterations           | 143         |
|    time_elapsed         | 536         |
|    total_timesteps      | 1171456     |
| train/                  |             |
|    approx_kl            | 0.013486352 |
|    clip_fraction        | 0.204       |
|    clip_range           | 0.2         |
|    entropy_loss         | -2.07       |
|    explained_variance   | 0.816       |
|    learning_rate        | 0.0003      |
|    loss                 | 3.54        |
|    n_updates            | 3870        |
|    policy_gradient_loss | -0.00386    |
|    std                  | 0.417       |
|    value_loss           | 8.63        |
-----------------------------------------
---------------------------------------
| rollout/                |           |
|    ep_len_mean          | 268       |
|    ep_rew_mean          | -85.8     |
| time/                   |           |
|    fps                  | 2184      |
|    iterations           | 144       |
|    time_elapsed         | 540       |
|    total_timesteps      | 1179648   |
| train/                  |           |
|    approx_kl            | 0.0156219 |
|    clip_fraction        | 0.179     |
|    clip_range           | 0.2       |
|    entropy_loss         | -2.09     |
|    explained_variance   | 0.782     |
|    learning_rate        | 0.0003    |
|    loss                 | 5.03      |
|    n_updates            | 3880      |
|    policy_gradient_loss | -0.00137  |
|    std                  | 0.419     |
|    value_loss           | 10.2      |
---------------------------------------
----------------------------------------
| rollout/                |            |
|    ep_len_mean          | 282        |
|    ep_rew_mean          | -91.5      |
| time/                   |            |
|    fps                  | 2186       |
|    iterations           | 145        |
|    time_elapsed         | 543        |
|    total_timesteps      | 1187840    |
| train/                  |            |
|    approx_kl            | 0.01450758 |
|    clip_fraction        | 0.16       |
|    clip_range           | 0.2        |
|    entropy_loss         | -2.11      |
|    explained_variance   | 0.854      |
|    learning_rate        | 0.0003     |
|    loss                 | 3.46       |
|    n_updates            | 3890       |
|    policy_gradient_loss | -0.00658   |
|    std                  | 0.42       |
|    value_loss           | 10.1       |
----------------------------------------
-----------------------------------------
| rollout/                |             |
|    ep_len_mean          | 242         |
|    ep_rew_mean          | -73.1       |
| time/                   |             |
|    fps                  | 2188        |
|    iterations           | 146         |
|    time_elapsed         | 546         |
|    total_timesteps      | 1196032     |
| train/                  |             |
|    approx_kl            | 0.015770849 |
|    clip_fraction        | 0.188       |
|    clip_range           | 0.2         |
|    entropy_loss         | -2.09       |
|    explained_variance   | 0.901       |
|    learning_rate        | 0.0003      |
|    loss                 | 3.17        |
|    n_updates            | 3900        |
|    policy_gradient_loss | -0.00768    |
|    std                  | 0.417       |
|    value_loss           | 7.16        |
-----------------------------------------
[PeriodicArtifactCallback] step 1200000: running periodic self-monitoring analysis...
[PeriodicArtifactCallback] analysis written to C:\GitHub\HumanoidRobot\simulation\training\pick_place\runs\pp_v23\analysis_1200000.md (stalled=False)
[PeriodicArtifactCallback] step 1200000: saving checkpoint, evaluating, rendering...
[PeriodicArtifactCallback] step 1200000: success_rate=0.10 pick_success_rate=0.20 mean_reward=-142.84 -> C:\GitHub\HumanoidRobot\simulation\training\pick_place\runs\pp_v23\dashboard.html
-----------------------------------------
| rollout/                |             |
|    ep_len_mean          | 210         |
|    ep_rew_mean          | -62.7       |
| time/                   |             |
|    fps                  | 2130        |
|    iterations           | 147         |
|    time_elapsed         | 565         |
|    total_timesteps      | 1204224     |
| train/                  |             |
|    approx_kl            | 0.013751913 |
|    clip_fraction        | 0.145       |
|    clip_range           | 0.2         |
|    entropy_loss         | -2.06       |
|    explained_variance   | 0.868       |
|    learning_rate        | 0.0003      |
|    loss                 | 5.58        |
|    n_updates            | 3910        |
|    policy_gradient_loss | -0.00834    |
|    std                  | 0.414       |
|    value_loss           | 11.6        |
-----------------------------------------
-----------------------------------------
| rollout/                |             |
|    ep_len_mean          | 195         |
|    ep_rew_mean          | -55.6       |
| time/                   |             |
|    fps                  | 2133        |
|    iterations           | 148         |
|    time_elapsed         | 568         |
|    total_timesteps      | 1212416     |
| train/                  |             |
|    approx_kl            | 0.015051557 |
|    clip_fraction        | 0.171       |
|    clip_range           | 0.2         |
|    entropy_loss         | -2.04       |
|    explained_variance   | 0.898       |
|    learning_rate        | 0.0003      |
|    loss                 | 3           |
|    n_updates            | 3920        |
|    policy_gradient_loss | -0.0054     |
|    std                  | 0.414       |
|    value_loss           | 9.81        |
-----------------------------------------
----------------------------------------
| rollout/                |            |
|    ep_len_mean          | 210        |
|    ep_rew_mean          | -61.3      |
| time/                   |            |
|    fps                  | 2135       |
|    iterations           | 149        |
|    time_elapsed         | 571        |
|    total_timesteps      | 1220608    |
| train/                  |            |
|    approx_kl            | 0.01992172 |
|    clip_fraction        | 0.228      |
|    clip_range           | 0.2        |
|    entropy_loss         | -2.03      |
|    explained_variance   | 0.916      |
|    learning_rate        | 0.0003     |
|    loss                 | 2.84       |
|    n_updates            | 3930       |
|    policy_gradient_loss | -0.00328   |
|    std                  | 0.414      |
|    value_loss           | 7.33       |
----------------------------------------
-----------------------------------------
| rollout/                |             |
|    ep_len_mean          | 233         |
|    ep_rew_mean          | -69.3       |
| time/                   |             |
|    fps                  | 2137        |
|    iterations           | 150         |
|    time_elapsed         | 575         |
|    total_timesteps      | 1228800     |
| train/                  |             |
|    approx_kl            | 0.015663367 |
|    clip_fraction        | 0.168       |
|    clip_range           | 0.2         |
|    entropy_loss         | -2.01       |
|    explained_variance   | 0.883       |
|    learning_rate        | 0.0003      |
|    loss                 | 4.03        |
|    n_updates            | 3940        |
|    policy_gradient_loss | -0.00696    |
|    std                  | 0.411       |
|    value_loss           | 8.5         |
-----------------------------------------
-----------------------------------------
| rollout/                |             |
|    ep_len_mean          | 241         |
|    ep_rew_mean          | -71.1       |
| time/                   |             |
|    fps                  | 2138        |
|    iterations           | 151         |
|    time_elapsed         | 578         |
|    total_timesteps      | 1236992     |
| train/                  |             |
|    approx_kl            | 0.020209923 |
|    clip_fraction        | 0.219       |
|    clip_range           | 0.2         |
|    entropy_loss         | -2          |
|    explained_variance   | 0.899       |
|    learning_rate        | 0.0003      |
|    loss                 | 1.51        |
|    n_updates            | 3950        |
|    policy_gradient_loss | -0.00693    |
|    std                  | 0.411       |
|    value_loss           | 5           |
-----------------------------------------
----------------------------------------
| rollout/                |            |
|    ep_len_mean          | 229        |
|    ep_rew_mean          | -68        |
| time/                   |            |
|    fps                  | 2140       |
|    iterations           | 152        |
|    time_elapsed         | 581        |
|    total_timesteps      | 1245184    |
| train/                  |            |
|    approx_kl            | 0.01629461 |
|    clip_fraction        | 0.2        |
|    clip_range           | 0.2        |
|    entropy_loss         | -2.01      |
|    explained_variance   | 0.931      |
|    learning_rate        | 0.0003     |
|    loss                 | 1.44       |
|    n_updates            | 3960       |
|    policy_gradient_loss | -0.00777   |
|    std                  | 0.412      |
|    value_loss           | 5.64       |
----------------------------------------
------------------------------------------
| rollout/                |              |
|    ep_len_mean          | 215          |
|    ep_rew_mean          | -62.4        |
| time/                   |              |
|    fps                  | 2142         |
|    iterations           | 153          |
|    time_elapsed         | 585          |
|    total_timesteps      | 1253376      |
| train/                  |              |
|    approx_kl            | 0.0152518265 |
|    clip_fraction        | 0.158        |
|    clip_range           | 0.2          |
|    entropy_loss         | -2.01        |
|    explained_variance   | 0.818        |
|    learning_rate        | 0.0003       |
|    loss                 | 4.54         |
|    n_updates            | 3970         |
|    policy_gradient_loss | -0.00891     |
|    std                  | 0.412        |
|    value_loss           | 11.4         |
------------------------------------------
-----------------------------------------
| rollout/                |             |
|    ep_len_mean          | 221         |
|    ep_rew_mean          | -66.3       |
| time/                   |             |
|    fps                  | 2144        |
|    iterations           | 154         |
|    time_elapsed         | 588         |
|    total_timesteps      | 1261568     |
| train/                  |             |
|    approx_kl            | 0.014149464 |
|    clip_fraction        | 0.152       |
|    clip_range           | 0.2         |
|    entropy_loss         | -1.98       |
|    explained_variance   | 0.841       |
|    learning_rate        | 0.0003      |
|    loss                 | 5.69        |
|    n_updates            | 3980        |
|    policy_gradient_loss | -0.00758    |
|    std                  | 0.408       |
|    value_loss           | 10.9        |
-----------------------------------------
-----------------------------------------
| rollout/                |             |
|    ep_len_mean          | 243         |
|    ep_rew_mean          | -75.3       |
| time/                   |             |
|    fps                  | 2145        |
|    iterations           | 155         |
|    time_elapsed         | 591         |
|    total_timesteps      | 1269760     |
| train/                  |             |
|    approx_kl            | 0.012057982 |
|    clip_fraction        | 0.14        |
|    clip_range           | 0.2         |
|    entropy_loss         | -1.95       |
|    explained_variance   | 0.865       |
|    learning_rate        | 0.0003      |
|    loss                 | 4.36        |
|    n_updates            | 3990        |
|    policy_gradient_loss | -0.0083     |
|    std                  | 0.407       |
|    value_loss           | 11.9        |
-----------------------------------------
----------------------------------------
| rollout/                |            |
|    ep_len_mean          | 256        |
|    ep_rew_mean          | -81.4      |
| time/                   |            |
|    fps                  | 2146       |
|    iterations           | 156        |
|    time_elapsed         | 595        |
|    total_timesteps      | 1277952    |
| train/                  |            |
|    approx_kl            | 0.01617934 |
|    clip_fraction        | 0.22       |
|    clip_range           | 0.2        |
|    entropy_loss         | -1.95      |
|    explained_variance   | 0.873      |
|    learning_rate        | 0.0003     |
|    loss                 | 2.12       |
|    n_updates            | 4000       |
|    policy_gradient_loss | -0.0039    |
|    std                  | 0.408      |
|    value_loss           | 5.61       |
----------------------------------------
----------------------------------------
| rollout/                |            |
|    ep_len_mean          | 255        |
|    ep_rew_mean          | -77        |
| time/                   |            |
|    fps                  | 2148       |
|    iterations           | 157        |
|    time_elapsed         | 598        |
|    total_timesteps      | 1286144    |
| train/                  |            |
|    approx_kl            | 0.01474564 |
|    clip_fraction        | 0.173      |
|    clip_range           | 0.2        |
|    entropy_loss         | -1.94      |
|    explained_variance   | 0.797      |
|    learning_rate        | 0.0003     |
|    loss                 | 6.67       |
|    n_updates            | 4010       |
|    policy_gradient_loss | -0.00572   |
|    std                  | 0.405      |
|    value_loss           | 10.7       |
----------------------------------------
-----------------------------------------
| rollout/                |             |
|    ep_len_mean          | 265         |
|    ep_rew_mean          | -78.3       |
| time/                   |             |
|    fps                  | 2150        |
|    iterations           | 158         |
|    time_elapsed         | 601         |
|    total_timesteps      | 1294336     |
| train/                  |             |
|    approx_kl            | 0.018725049 |
|    clip_fraction        | 0.189       |
|    clip_range           | 0.2         |
|    entropy_loss         | -1.92       |
|    explained_variance   | 0.87        |
|    learning_rate        | 0.0003      |
|    loss                 | 6.99        |
|    n_updates            | 4020        |
|    policy_gradient_loss | -0.00682    |
|    std                  | 0.403       |
|    value_loss           | 10.5        |
-----------------------------------------
-----------------------------------------
| rollout/                |             |
|    ep_len_mean          | 229         |
|    ep_rew_mean          | -68.4       |
| time/                   |             |
|    fps                  | 2151        |
|    iterations           | 159         |
|    time_elapsed         | 605         |
|    total_timesteps      | 1302528     |
| train/                  |             |
|    approx_kl            | 0.017163992 |
|    clip_fraction        | 0.167       |
|    clip_range           | 0.2         |
|    entropy_loss         | -1.91       |
|    explained_variance   | 0.856       |
|    learning_rate        | 0.0003      |
|    loss                 | 5.28        |
|    n_updates            | 4030        |
|    policy_gradient_loss | -0.00679    |
|    std                  | 0.402       |
|    value_loss           | 11          |
-----------------------------------------
----------------------------------------
| rollout/                |            |
|    ep_len_mean          | 227        |
|    ep_rew_mean          | -70.3      |
| time/                   |            |
|    fps                  | 2152       |
|    iterations           | 160        |
|    time_elapsed         | 608        |
|    total_timesteps      | 1310720    |
| train/                  |            |
|    approx_kl            | 0.01899067 |
|    clip_fraction        | 0.165      |
|    clip_range           | 0.2        |
|    entropy_loss         | -1.9       |
|    explained_variance   | 0.831      |
|    learning_rate        | 0.0003     |
|    loss                 | 8.38       |
|    n_updates            | 4040       |
|    policy_gradient_loss | -0.00514   |
|    std                  | 0.402      |
|    value_loss           | 13.5       |
----------------------------------------
-----------------------------------------
| rollout/                |             |
|    ep_len_mean          | 221         |
|    ep_rew_mean          | -69.1       |
| time/                   |             |
|    fps                  | 2153        |
|    iterations           | 161         |
|    time_elapsed         | 612         |
|    total_timesteps      | 1318912     |
| train/                  |             |
|    approx_kl            | 0.017144902 |
|    clip_fraction        | 0.207       |
|    clip_range           | 0.2         |
|    entropy_loss         | -1.91       |
|    explained_variance   | 0.904       |
|    learning_rate        | 0.0003      |
|    loss                 | 1.54        |
|    n_updates            | 4050        |
|    policy_gradient_loss | -0.00523    |
|    std                  | 0.403       |
|    value_loss           | 9.22        |
-----------------------------------------
-----------------------------------------
| rollout/                |             |
|    ep_len_mean          | 258         |
|    ep_rew_mean          | -79.2       |
| time/                   |             |
|    fps                  | 2155        |
|    iterations           | 162         |
|    time_elapsed         | 615         |
|    total_timesteps      | 1327104     |
| train/                  |             |
|    approx_kl            | 0.020268008 |
|    clip_fraction        | 0.232       |
|    clip_range           | 0.2         |
|    entropy_loss         | -1.9        |
|    explained_variance   | 0.891       |
|    learning_rate        | 0.0003      |
|    loss                 | 1.56        |
|    n_updates            | 4060        |
|    policy_gradient_loss | -0.00454    |
|    std                  | 0.402       |
|    value_loss           | 6.83        |
-----------------------------------------
-----------------------------------------
| rollout/                |             |
|    ep_len_mean          | 279         |
|    ep_rew_mean          | -89.2       |
| time/                   |             |
|    fps                  | 2157        |
|    iterations           | 163         |
|    time_elapsed         | 618         |
|    total_timesteps      | 1335296     |
| train/                  |             |
|    approx_kl            | 0.015144694 |
|    clip_fraction        | 0.17        |
|    clip_range           | 0.2         |
|    entropy_loss         | -1.9        |
|    explained_variance   | 0.824       |
|    learning_rate        | 0.0003      |
|    loss                 | 3.64        |
|    n_updates            | 4070        |
|    policy_gradient_loss | -0.00546    |
|    std                  | 0.402       |
|    value_loss           | 11.2        |
-----------------------------------------
-----------------------------------------
| rollout/                |             |
|    ep_len_mean          | 283         |
|    ep_rew_mean          | -90.7       |
| time/                   |             |
|    fps                  | 2159        |
|    iterations           | 164         |
|    time_elapsed         | 622         |
|    total_timesteps      | 1343488     |
| train/                  |             |
|    approx_kl            | 0.017993625 |
|    clip_fraction        | 0.215       |
|    clip_range           | 0.2         |
|    entropy_loss         | -1.87       |
|    explained_variance   | 0.773       |
|    learning_rate        | 0.0003      |
|    loss                 | 4.05        |
|    n_updates            | 4080        |
|    policy_gradient_loss | -0.00288    |
|    std                  | 0.398       |
|    value_loss           | 9.64        |
-----------------------------------------
-----------------------------------------
| rollout/                |             |
|    ep_len_mean          | 269         |
|    ep_rew_mean          | -85.2       |
| time/                   |             |
|    fps                  | 2160        |
|    iterations           | 165         |
|    time_elapsed         | 625         |
|    total_timesteps      | 1351680     |
| train/                  |             |
|    approx_kl            | 0.017924901 |
|    clip_fraction        | 0.177       |
|    clip_range           | 0.2         |
|    entropy_loss         | -1.83       |
|    explained_variance   | 0.833       |
|    learning_rate        | 0.0003      |
|    loss                 | 4.63        |
|    n_updates            | 4090        |
|    policy_gradient_loss | -0.00729    |
|    std                  | 0.394       |
|    value_loss           | 8.94        |
-----------------------------------------
----------------------------------------
| rollout/                |            |
|    ep_len_mean          | 279        |
|    ep_rew_mean          | -89.2      |
| time/                   |            |
|    fps                  | 2161       |
|    iterations           | 166        |
|    time_elapsed         | 629        |
|    total_timesteps      | 1359872    |
| train/                  |            |
|    approx_kl            | 0.01982326 |
|    clip_fraction        | 0.165      |
|    clip_range           | 0.2        |
|    entropy_loss         | -1.81      |
|    explained_variance   | 0.824      |
|    learning_rate        | 0.0003     |
|    loss                 | 6.04       |
|    n_updates            | 4100       |
|    policy_gradient_loss | -0.005     |
|    std                  | 0.392      |
|    value_loss           | 13.9       |
----------------------------------------
-----------------------------------------
| rollout/                |             |
|    ep_len_mean          | 269         |
|    ep_rew_mean          | -80.9       |
| time/                   |             |
|    fps                  | 2163        |
|    iterations           | 167         |
|    time_elapsed         | 632         |
|    total_timesteps      | 1368064     |
| train/                  |             |
|    approx_kl            | 0.017656993 |
|    clip_fraction        | 0.176       |
|    clip_range           | 0.2         |
|    entropy_loss         | -1.79       |
|    explained_variance   | 0.864       |
|    learning_rate        | 0.0003      |
|    loss                 | 2.98        |
|    n_updates            | 4110        |
|    policy_gradient_loss | -0.00494    |
|    std                  | 0.389       |
|    value_loss           | 8.6         |
-----------------------------------------
-----------------------------------------
| rollout/                |             |
|    ep_len_mean          | 265         |
|    ep_rew_mean          | -81.8       |
| time/                   |             |
|    fps                  | 2165        |
|    iterations           | 168         |
|    time_elapsed         | 635         |
|    total_timesteps      | 1376256     |
| train/                  |             |
|    approx_kl            | 0.018463641 |
|    clip_fraction        | 0.227       |
|    clip_range           | 0.2         |
|    entropy_loss         | -1.76       |
|    explained_variance   | 0.856       |
|    learning_rate        | 0.0003      |
|    loss                 | 5.14        |
|    n_updates            | 4120        |
|    policy_gradient_loss | -0.00614    |
|    std                  | 0.388       |
|    value_loss           | 6.23        |
-----------------------------------------
-----------------------------------------
| rollout/                |             |
|    ep_len_mean          | 273         |
|    ep_rew_mean          | -85.1       |
| time/                   |             |
|    fps                  | 2166        |
|    iterations           | 169         |
|    time_elapsed         | 638         |
|    total_timesteps      | 1384448     |
| train/                  |             |
|    approx_kl            | 0.014294742 |
|    clip_fraction        | 0.177       |
|    clip_range           | 0.2         |
|    entropy_loss         | -1.77       |
|    explained_variance   | 0.841       |
|    learning_rate        | 0.0003      |
|    loss                 | 2.72        |
|    n_updates            | 4130        |
|    policy_gradient_loss | -0.00707    |
|    std                  | 0.39        |
|    value_loss           | 8.59        |
-----------------------------------------
----------------------------------------
| rollout/                |            |
|    ep_len_mean          | 265        |
|    ep_rew_mean          | -79.6      |
| time/                   |            |
|    fps                  | 2168       |
|    iterations           | 170        |
|    time_elapsed         | 642        |
|    total_timesteps      | 1392640    |
| train/                  |            |
|    approx_kl            | 0.01751675 |
|    clip_fraction        | 0.231      |
|    clip_range           | 0.2        |
|    entropy_loss         | -1.78      |
|    explained_variance   | 0.842      |
|    learning_rate        | 0.0003     |
|    loss                 | 6.56       |
|    n_updates            | 4140       |
|    policy_gradient_loss | -0.0042    |
|    std                  | 0.392      |
|    value_loss           | 6.89       |
----------------------------------------
[PeriodicArtifactCallback] step 1400000: saving checkpoint, evaluating, rendering...
[PeriodicArtifactCallback] step 1400000: success_rate=0.10 pick_success_rate=0.40 mean_reward=-197.22 -> C:\GitHub\HumanoidRobot\simulation\training\pick_place\runs\pp_v23\dashboard.html
-----------------------------------------
| rollout/                |             |
|    ep_len_mean          | 257         |
|    ep_rew_mean          | -78.4       |
| time/                   |             |
|    fps                  | 2135        |
|    iterations           | 171         |
|    time_elapsed         | 655         |
|    total_timesteps      | 1400832     |
| train/                  |             |
|    approx_kl            | 0.013488865 |
|    clip_fraction        | 0.17        |
|    clip_range           | 0.2         |
|    entropy_loss         | -1.79       |
|    explained_variance   | 0.881       |
|    learning_rate        | 0.0003      |
|    loss                 | 7.91        |
|    n_updates            | 4150        |
|    policy_gradient_loss | -0.00768    |
|    std                  | 0.392       |
|    value_loss           | 11.1        |
-----------------------------------------
-----------------------------------------
| rollout/                |             |
|    ep_len_mean          | 270         |
|    ep_rew_mean          | -88.1       |
| time/                   |             |
|    fps                  | 2137        |
|    iterations           | 172         |
|    time_elapsed         | 659         |
|    total_timesteps      | 1409024     |
| train/                  |             |
|    approx_kl            | 0.018844735 |
|    clip_fraction        | 0.174       |
|    clip_range           | 0.2         |
|    entropy_loss         | -1.81       |
|    explained_variance   | 0.771       |
|    learning_rate        | 0.0003      |
|    loss                 | 2.72        |
|    n_updates            | 4160        |
|    policy_gradient_loss | -0.00896    |
|    std                  | 0.394       |
|    value_loss           | 8.7         |
-----------------------------------------
-----------------------------------------
| rollout/                |             |
|    ep_len_mean          | 272         |
|    ep_rew_mean          | -92         |
| time/                   |             |
|    fps                  | 2139        |
|    iterations           | 173         |
|    time_elapsed         | 662         |
|    total_timesteps      | 1417216     |
| train/                  |             |
|    approx_kl            | 0.016896125 |
|    clip_fraction        | 0.183       |
|    clip_range           | 0.2         |
|    entropy_loss         | -1.81       |
|    explained_variance   | 0.867       |
|    learning_rate        | 0.0003      |
|    loss                 | 6.5         |
|    n_updates            | 4170        |
|    policy_gradient_loss | -0.00735    |
|    std                  | 0.392       |
|    value_loss           | 11.4        |
-----------------------------------------
-----------------------------------------
| rollout/                |             |
|    ep_len_mean          | 306         |
|    ep_rew_mean          | -105        |
| time/                   |             |
|    fps                  | 2141        |
|    iterations           | 174         |
|    time_elapsed         | 665         |
|    total_timesteps      | 1425408     |
| train/                  |             |
|    approx_kl            | 0.016587384 |
|    clip_fraction        | 0.195       |
|    clip_range           | 0.2         |
|    entropy_loss         | -1.8        |
|    explained_variance   | 0.851       |
|    learning_rate        | 0.0003      |
|    loss                 | 3.92        |
|    n_updates            | 4180        |
|    policy_gradient_loss | -0.00623    |
|    std                  | 0.392       |
|    value_loss           | 8.74        |
-----------------------------------------
-----------------------------------------
| rollout/                |             |
|    ep_len_mean          | 285         |
|    ep_rew_mean          | -98         |
| time/                   |             |
|    fps                  | 2142        |
|    iterations           | 175         |
|    time_elapsed         | 669         |
|    total_timesteps      | 1433600     |
| train/                  |             |
|    approx_kl            | 0.017329436 |
|    clip_fraction        | 0.198       |
|    clip_range           | 0.2         |
|    entropy_loss         | -1.77       |
|    explained_variance   | 0.883       |
|    learning_rate        | 0.0003      |
|    loss                 | 4.34        |
|    n_updates            | 4190        |
|    policy_gradient_loss | -0.00817    |
|    std                  | 0.389       |
|    value_loss           | 8.75        |
-----------------------------------------
-----------------------------------------
| rollout/                |             |
|    ep_len_mean          | 287         |
|    ep_rew_mean          | -94         |
| time/                   |             |
|    fps                  | 2143        |
|    iterations           | 176         |
|    time_elapsed         | 672         |
|    total_timesteps      | 1441792     |
| train/                  |             |
|    approx_kl            | 0.017406302 |
|    clip_fraction        | 0.196       |
|    clip_range           | 0.2         |
|    entropy_loss         | -1.77       |
|    explained_variance   | 0.873       |
|    learning_rate        | 0.0003      |
|    loss                 | 4.13        |
|    n_updates            | 4200        |
|    policy_gradient_loss | -0.00388    |
|    std                  | 0.39        |
|    value_loss           | 7.8         |
-----------------------------------------
-----------------------------------------
| rollout/                |             |
|    ep_len_mean          | 305         |
|    ep_rew_mean          | -97.8       |
| time/                   |             |
|    fps                  | 2145        |
|    iterations           | 177         |
|    time_elapsed         | 675         |
|    total_timesteps      | 1449984     |
| train/                  |             |
|    approx_kl            | 0.017056426 |
|    clip_fraction        | 0.184       |
|    clip_range           | 0.2         |
|    entropy_loss         | -1.76       |
|    explained_variance   | 0.808       |
|    learning_rate        | 0.0003      |
|    loss                 | 4.37        |
|    n_updates            | 4210        |
|    policy_gradient_loss | -0.00459    |
|    std                  | 0.39        |
|    value_loss           | 10.2        |
-----------------------------------------
-----------------------------------------
| rollout/                |             |
|    ep_len_mean          | 311         |
|    ep_rew_mean          | -95.8       |
| time/                   |             |
|    fps                  | 2146        |
|    iterations           | 178         |
|    time_elapsed         | 679         |
|    total_timesteps      | 1458176     |
| train/                  |             |
|    approx_kl            | 0.019184213 |
|    clip_fraction        | 0.225       |
|    clip_range           | 0.2         |
|    entropy_loss         | -1.75       |
|    explained_variance   | 0.756       |
|    learning_rate        | 0.0003      |
|    loss                 | 4.6         |
|    n_updates            | 4220        |
|    policy_gradient_loss | -0.00627    |
|    std                  | 0.388       |
|    value_loss           | 10.5        |
-----------------------------------------
-----------------------------------------
| rollout/                |             |
|    ep_len_mean          | 314         |
|    ep_rew_mean          | -96.8       |
| time/                   |             |
|    fps                  | 2148        |
|    iterations           | 179         |
|    time_elapsed         | 682         |
|    total_timesteps      | 1466368     |
| train/                  |             |
|    approx_kl            | 0.018579885 |
|    clip_fraction        | 0.204       |
|    clip_range           | 0.2         |
|    entropy_loss         | -1.75       |
|    explained_variance   | 0.854       |
|    learning_rate        | 0.0003      |
|    loss                 | 5.37        |
|    n_updates            | 4230        |
|    policy_gradient_loss | -0.00425    |
|    std                  | 0.389       |
|    value_loss           | 9.06        |
-----------------------------------------
--------------------------------------
| rollout/                |          |
|    ep_len_mean          | 273      |
|    ep_rew_mean          | -85.5    |
| time/                   |          |
|    fps                  | 2148     |
|    iterations           | 180      |
|    time_elapsed         | 686      |
|    total_timesteps      | 1474560  |
| train/                  |          |
|    approx_kl            | 0.014524 |
|    clip_fraction        | 0.139    |
|    clip_range           | 0.2      |
|    entropy_loss         | -1.75    |
|    explained_variance   | 0.795    |
|    learning_rate        | 0.0003   |
|    loss                 | 6.34     |
|    n_updates            | 4240     |
|    policy_gradient_loss | -0.00576 |
|    std                  | 0.389    |
|    value_loss           | 15.2     |
--------------------------------------
-----------------------------------------
| rollout/                |             |
|    ep_len_mean          | 313         |
|    ep_rew_mean          | -102        |
| time/                   |             |
|    fps                  | 2149        |
|    iterations           | 181         |
|    time_elapsed         | 689         |
|    total_timesteps      | 1482752     |
| train/                  |             |
|    approx_kl            | 0.013831962 |
|    clip_fraction        | 0.155       |
|    clip_range           | 0.2         |
|    entropy_loss         | -1.76       |
|    explained_variance   | 0.852       |
|    learning_rate        | 0.0003      |
|    loss                 | 4.9         |
|    n_updates            | 4250        |
|    policy_gradient_loss | -0.00385    |
|    std                  | 0.391       |
|    value_loss           | 11.2        |
-----------------------------------------
-----------------------------------------
| rollout/                |             |
|    ep_len_mean          | 299         |
|    ep_rew_mean          | -97.6       |
| time/                   |             |
|    fps                  | 2151        |
|    iterations           | 182         |
|    time_elapsed         | 693         |
|    total_timesteps      | 1490944     |
| train/                  |             |
|    approx_kl            | 0.028357174 |
|    clip_fraction        | 0.245       |
|    clip_range           | 0.2         |
|    entropy_loss         | -1.78       |
|    explained_variance   | 0.859       |
|    learning_rate        | 0.0003      |
|    loss                 | 2.39        |
|    n_updates            | 4260        |
|    policy_gradient_loss | -0.00168    |
|    std                  | 0.393       |
|    value_loss           | 4.76        |
-----------------------------------------
-----------------------------------------
| rollout/                |             |
|    ep_len_mean          | 303         |
|    ep_rew_mean          | -95.9       |
| time/                   |             |
|    fps                  | 2153        |
|    iterations           | 183         |
|    time_elapsed         | 696         |
|    total_timesteps      | 1499136     |
| train/                  |             |
|    approx_kl            | 0.022629637 |
|    clip_fraction        | 0.209       |
|    clip_range           | 0.2         |
|    entropy_loss         | -1.79       |
|    explained_variance   | 0.85        |
|    learning_rate        | 0.0003      |
|    loss                 | 1.51        |
|    n_updates            | 4270        |
|    policy_gradient_loss | -0.0064     |
|    std                  | 0.393       |
|    value_loss           | 4.49        |
-----------------------------------------
-----------------------------------------
| rollout/                |             |
|    ep_len_mean          | 310         |
|    ep_rew_mean          | -95.1       |
| time/                   |             |
|    fps                  | 2155        |
|    iterations           | 184         |
|    time_elapsed         | 699         |
|    total_timesteps      | 1507328     |
| train/                  |             |
|    approx_kl            | 0.015052461 |
|    clip_fraction        | 0.182       |
|    clip_range           | 0.2         |
|    entropy_loss         | -1.78       |
|    explained_variance   | 0.841       |
|    learning_rate        | 0.0003      |
|    loss                 | 6.2         |
|    n_updates            | 4280        |
|    policy_gradient_loss | -0.00652    |
|    std                  | 0.393       |
|    value_loss           | 13.3        |
-----------------------------------------
-----------------------------------------
| rollout/                |             |
|    ep_len_mean          | 262         |
|    ep_rew_mean          | -74         |
| time/                   |             |
|    fps                  | 2155        |
|    iterations           | 185         |
|    time_elapsed         | 702         |
|    total_timesteps      | 1515520     |
| train/                  |             |
|    approx_kl            | 0.027188923 |
|    clip_fraction        | 0.198       |
|    clip_range           | 0.2         |
|    entropy_loss         | -1.76       |
|    explained_variance   | 0.808       |
|    learning_rate        | 0.0003      |
|    loss                 | 5.34        |
|    n_updates            | 4290        |
|    policy_gradient_loss | -0.00421    |
|    std                  | 0.39        |
|    value_loss           | 10.9        |
-----------------------------------------
-----------------------------------------
| rollout/                |             |
|    ep_len_mean          | 262         |
|    ep_rew_mean          | -76.5       |
| time/                   |             |
|    fps                  | 2156        |
|    iterations           | 186         |
|    time_elapsed         | 706         |
|    total_timesteps      | 1523712     |
| train/                  |             |
|    approx_kl            | 0.012320597 |
|    clip_fraction        | 0.182       |
|    clip_range           | 0.2         |
|    entropy_loss         | -1.74       |
|    explained_variance   | 0.822       |
|    learning_rate        | 0.0003      |
|    loss                 | 4.7         |
|    n_updates            | 4300        |
|    policy_gradient_loss | -0.00918    |
|    std                  | 0.388       |
|    value_loss           | 15.2        |
-----------------------------------------
-----------------------------------------
| rollout/                |             |
|    ep_len_mean          | 268         |
|    ep_rew_mean          | -78.9       |
| time/                   |             |
|    fps                  | 2158        |
|    iterations           | 187         |
|    time_elapsed         | 709         |
|    total_timesteps      | 1531904     |
| train/                  |             |
|    approx_kl            | 0.019066125 |
|    clip_fraction        | 0.232       |
|    clip_range           | 0.2         |
|    entropy_loss         | -1.73       |
|    explained_variance   | 0.87        |
|    learning_rate        | 0.0003      |
|    loss                 | 5.11        |
|    n_updates            | 4310        |
|    policy_gradient_loss | -0.00476    |
|    std                  | 0.387       |
|    value_loss           | 8.2         |
-----------------------------------------
-----------------------------------------
| rollout/                |             |
|    ep_len_mean          | 259         |
|    ep_rew_mean          | -75.4       |
| time/                   |             |
|    fps                  | 2160        |
|    iterations           | 188         |
|    time_elapsed         | 712         |
|    total_timesteps      | 1540096     |
| train/                  |             |
|    approx_kl            | 0.014270324 |
|    clip_fraction        | 0.194       |
|    clip_range           | 0.2         |
|    entropy_loss         | -1.74       |
|    explained_variance   | 0.873       |
|    learning_rate        | 0.0003      |
|    loss                 | 2.53        |
|    n_updates            | 4320        |
|    policy_gradient_loss | -0.00493    |
|    std                  | 0.388       |
|    value_loss           | 7.55        |
-----------------------------------------
-----------------------------------------
| rollout/                |             |
|    ep_len_mean          | 310         |
|    ep_rew_mean          | -93.8       |
| time/                   |             |
|    fps                  | 2161        |
|    iterations           | 189         |
|    time_elapsed         | 716         |
|    total_timesteps      | 1548288     |
| train/                  |             |
|    approx_kl            | 0.019335346 |
|    clip_fraction        | 0.226       |
|    clip_range           | 0.2         |
|    entropy_loss         | -1.73       |
|    explained_variance   | 0.88        |
|    learning_rate        | 0.0003      |
|    loss                 | 2.16        |
|    n_updates            | 4330        |
|    policy_gradient_loss | -0.00554    |
|    std                  | 0.386       |
|    value_loss           | 6.29        |
-----------------------------------------
-----------------------------------------
| rollout/                |             |
|    ep_len_mean          | 294         |
|    ep_rew_mean          | -88         |
| time/                   |             |
|    fps                  | 2162        |
|    iterations           | 190         |
|    time_elapsed         | 719         |
|    total_timesteps      | 1556480     |
| train/                  |             |
|    approx_kl            | 0.028279169 |
|    clip_fraction        | 0.267       |
|    clip_range           | 0.2         |
|    entropy_loss         | -1.71       |
|    explained_variance   | 0.849       |
|    learning_rate        | 0.0003      |
|    loss                 | 0.782       |
|    n_updates            | 4340        |
|    policy_gradient_loss | -0.00267    |
|    std                  | 0.384       |
|    value_loss           | 3.95        |
-----------------------------------------
-----------------------------------------
| rollout/                |             |
|    ep_len_mean          | 302         |
|    ep_rew_mean          | -88.3       |
| time/                   |             |
|    fps                  | 2163        |
|    iterations           | 191         |
|    time_elapsed         | 723         |
|    total_timesteps      | 1564672     |
| train/                  |             |
|    approx_kl            | 0.012619345 |
|    clip_fraction        | 0.182       |
|    clip_range           | 0.2         |
|    entropy_loss         | -1.69       |
|    explained_variance   | 0.834       |
|    learning_rate        | 0.0003      |
|    loss                 | 5.46        |
|    n_updates            | 4350        |
|    policy_gradient_loss | -0.0053     |
|    std                  | 0.382       |
|    value_loss           | 11.2        |
-----------------------------------------
-----------------------------------------
| rollout/                |             |
|    ep_len_mean          | 288         |
|    ep_rew_mean          | -84.5       |
| time/                   |             |
|    fps                  | 2164        |
|    iterations           | 192         |
|    time_elapsed         | 726         |
|    total_timesteps      | 1572864     |
| train/                  |             |
|    approx_kl            | 0.013513679 |
|    clip_fraction        | 0.177       |
|    clip_range           | 0.2         |
|    entropy_loss         | -1.67       |
|    explained_variance   | 0.83        |
|    learning_rate        | 0.0003      |
|    loss                 | 6.47        |
|    n_updates            | 4360        |
|    policy_gradient_loss | -0.006      |
|    std                  | 0.382       |
|    value_loss           | 15.9        |
-----------------------------------------
-----------------------------------------
| rollout/                |             |
|    ep_len_mean          | 283         |
|    ep_rew_mean          | -81.1       |
| time/                   |             |
|    fps                  | 2166        |
|    iterations           | 193         |
|    time_elapsed         | 729         |
|    total_timesteps      | 1581056     |
| train/                  |             |
|    approx_kl            | 0.015879009 |
|    clip_fraction        | 0.172       |
|    clip_range           | 0.2         |
|    entropy_loss         | -1.66       |
|    explained_variance   | 0.829       |
|    learning_rate        | 0.0003      |
|    loss                 | 3.85        |
|    n_updates            | 4370        |
|    policy_gradient_loss | -0.00606    |
|    std                  | 0.38        |
|    value_loss           | 12.6        |
-----------------------------------------
-----------------------------------------
| rollout/                |             |
|    ep_len_mean          | 269         |
|    ep_rew_mean          | -79.8       |
| time/                   |             |
|    fps                  | 2168        |
|    iterations           | 194         |
|    time_elapsed         | 732         |
|    total_timesteps      | 1589248     |
| train/                  |             |
|    approx_kl            | 0.017378869 |
|    clip_fraction        | 0.189       |
|    clip_range           | 0.2         |
|    entropy_loss         | -1.65       |
|    explained_variance   | 0.821       |
|    learning_rate        | 0.0003      |
|    loss                 | 10.5        |
|    n_updates            | 4380        |
|    policy_gradient_loss | -0.00644    |
|    std                  | 0.379       |
|    value_loss           | 11.1        |
-----------------------------------------
----------------------------------------
| rollout/                |            |
|    ep_len_mean          | 254        |
|    ep_rew_mean          | -75.7      |
| time/                   |            |
|    fps                  | 2169       |
|    iterations           | 195        |
|    time_elapsed         | 736        |
|    total_timesteps      | 1597440    |
| train/                  |            |
|    approx_kl            | 0.01698294 |
|    clip_fraction        | 0.159      |
|    clip_range           | 0.2        |
|    entropy_loss         | -1.63      |
|    explained_variance   | 0.81       |
|    learning_rate        | 0.0003     |
|    loss                 | 4.2        |
|    n_updates            | 4390       |
|    policy_gradient_loss | -0.0046    |
|    std                  | 0.376      |
|    value_loss           | 16.4       |
----------------------------------------
[PeriodicArtifactCallback] step 1600000: running periodic self-monitoring analysis...
[PeriodicArtifactCallback] analysis written to C:\GitHub\HumanoidRobot\simulation\training\pick_place\runs\pp_v23\analysis_1600000.md (stalled=False)
[PeriodicArtifactCallback] step 1600000: saving checkpoint, evaluating, rendering...
[PeriodicArtifactCallback] step 1600000: success_rate=0.10 pick_success_rate=0.40 mean_reward=-216.01 -> C:\GitHub\HumanoidRobot\simulation\training\pick_place\runs\pp_v23\dashboard.html
-----------------------------------------
| rollout/                |             |
|    ep_len_mean          | 243         |
|    ep_rew_mean          | -73.1       |
| time/                   |             |
|    fps                  | 2133        |
|    iterations           | 196         |
|    time_elapsed         | 752         |
|    total_timesteps      | 1605632     |
| train/                  |             |
|    approx_kl            | 0.016321663 |
|    clip_fraction        | 0.189       |
|    clip_range           | 0.2         |
|    entropy_loss         | -1.61       |
|    explained_variance   | 0.841       |
|    learning_rate        | 0.0003      |
|    loss                 | 5.09        |
|    n_updates            | 4400        |
|    policy_gradient_loss | -0.00803    |
|    std                  | 0.375       |
|    value_loss           | 9.98        |
-----------------------------------------
------------------------------------------
| rollout/                |              |
|    ep_len_mean          | 246          |
|    ep_rew_mean          | -68.4        |
| time/                   |              |
|    fps                  | 2134         |
|    iterations           | 197          |
|    time_elapsed         | 755          |
|    total_timesteps      | 1613824      |
| train/                  |              |
|    approx_kl            | 0.0141464025 |
|    clip_fraction        | 0.176        |
|    clip_range           | 0.2          |
|    entropy_loss         | -1.6         |
|    explained_variance   | 0.818        |
|    learning_rate        | 0.0003       |
|    loss                 | 7.54         |
|    n_updates            | 4410         |
|    policy_gradient_loss | -0.00628     |
|    std                  | 0.374        |
|    value_loss           | 13.5         |
------------------------------------------
-----------------------------------------
| rollout/                |             |
|    ep_len_mean          | 271         |
|    ep_rew_mean          | -75.3       |
| time/                   |             |
|    fps                  | 2136        |
|    iterations           | 198         |
|    time_elapsed         | 759         |
|    total_timesteps      | 1622016     |
| train/                  |             |
|    approx_kl            | 0.025432006 |
|    clip_fraction        | 0.232       |
|    clip_range           | 0.2         |
|    entropy_loss         | -1.6        |
|    explained_variance   | 0.838       |
|    learning_rate        | 0.0003      |
|    loss                 | 5.47        |
|    n_updates            | 4420        |
|    policy_gradient_loss | -0.00427    |
|    std                  | 0.376       |
|    value_loss           | 11.5        |
-----------------------------------------
-----------------------------------------
| rollout/                |             |
|    ep_len_mean          | 262         |
|    ep_rew_mean          | -73         |
| time/                   |             |
|    fps                  | 2137        |
|    iterations           | 199         |
|    time_elapsed         | 762         |
|    total_timesteps      | 1630208     |
| train/                  |             |
|    approx_kl            | 0.016615663 |
|    clip_fraction        | 0.201       |
|    clip_range           | 0.2         |
|    entropy_loss         | -1.62       |
|    explained_variance   | 0.862       |
|    learning_rate        | 0.0003      |
|    loss                 | 5.1         |
|    n_updates            | 4430        |
|    policy_gradient_loss | -0.00752    |
|    std                  | 0.378       |
|    value_loss           | 17.3        |
-----------------------------------------
-----------------------------------------
| rollout/                |             |
|    ep_len_mean          | 246         |
|    ep_rew_mean          | -68.4       |
| time/                   |             |
|    fps                  | 2137        |
|    iterations           | 200         |
|    time_elapsed         | 766         |
|    total_timesteps      | 1638400     |
| train/                  |             |
|    approx_kl            | 0.014606932 |
|    clip_fraction        | 0.234       |
|    clip_range           | 0.2         |
|    entropy_loss         | -1.61       |
|    explained_variance   | 0.909       |
|    learning_rate        | 0.0003      |
|    loss                 | 3.36        |
|    n_updates            | 4440        |
|    policy_gradient_loss | -0.00468    |
|    std                  | 0.375       |
|    value_loss           | 8.54        |
-----------------------------------------
-----------------------------------------
| rollout/                |             |
|    ep_len_mean          | 209         |
|    ep_rew_mean          | -55.3       |
| time/                   |             |
|    fps                  | 2139        |
|    iterations           | 201         |
|    time_elapsed         | 769         |
|    total_timesteps      | 1646592     |
| train/                  |             |
|    approx_kl            | 0.017065477 |
|    clip_fraction        | 0.225       |
|    clip_range           | 0.2         |
|    entropy_loss         | -1.59       |
|    explained_variance   | 0.865       |
|    learning_rate        | 0.0003      |
|    loss                 | 6.16        |
|    n_updates            | 4450        |
|    policy_gradient_loss | -0.00634    |
|    std                  | 0.374       |
|    value_loss           | 15.3        |
-----------------------------------------
-----------------------------------------
| rollout/                |             |
|    ep_len_mean          | 219         |
|    ep_rew_mean          | -61.4       |
| time/                   |             |
|    fps                  | 2140        |
|    iterations           | 202         |
|    time_elapsed         | 772         |
|    total_timesteps      | 1654784     |
| train/                  |             |
|    approx_kl            | 0.014047217 |
|    clip_fraction        | 0.167       |
|    clip_range           | 0.2         |
|    entropy_loss         | -1.57       |
|    explained_variance   | 0.828       |
|    learning_rate        | 0.0003      |
|    loss                 | 13.1        |
|    n_updates            | 4460        |
|    policy_gradient_loss | -0.00868    |
|    std                  | 0.373       |
|    value_loss           | 22.4        |
-----------------------------------------
----------------------------------------
| rollout/                |            |
|    ep_len_mean          | 244        |
|    ep_rew_mean          | -69.7      |
| time/                   |            |
|    fps                  | 2141       |
|    iterations           | 203        |
|    time_elapsed         | 776        |
|    total_timesteps      | 1662976    |
| train/                  |            |
|    approx_kl            | 0.01736921 |
|    clip_fraction        | 0.235      |
|    clip_range           | 0.2        |
|    entropy_loss         | -1.58      |
|    explained_variance   | 0.88       |
|    learning_rate        | 0.0003     |
|    loss                 | 3.44       |
|    n_updates            | 4470       |
|    policy_gradient_loss | -0.00511   |
|    std                  | 0.375      |
|    value_loss           | 12         |
----------------------------------------
-----------------------------------------
| rollout/                |             |
|    ep_len_mean          | 223         |
|    ep_rew_mean          | -60.3       |
| time/                   |             |
|    fps                  | 2142        |
|    iterations           | 204         |
|    time_elapsed         | 780         |
|    total_timesteps      | 1671168     |
| train/                  |             |
|    approx_kl            | 0.021412704 |
|    clip_fraction        | 0.23        |
|    clip_range           | 0.2         |
|    entropy_loss         | -1.58       |
|    explained_variance   | 0.89        |
|    learning_rate        | 0.0003      |
|    loss                 | 8.59        |
|    n_updates            | 4480        |
|    policy_gradient_loss | -0.00502    |
|    std                  | 0.374       |
|    value_loss           | 13.1        |
-----------------------------------------
-----------------------------------------
| rollout/                |             |
|    ep_len_mean          | 185         |
|    ep_rew_mean          | -45.4       |
| time/                   |             |
|    fps                  | 2143        |
|    iterations           | 205         |
|    time_elapsed         | 783         |
|    total_timesteps      | 1679360     |
| train/                  |             |
|    approx_kl            | 0.017074522 |
|    clip_fraction        | 0.218       |
|    clip_range           | 0.2         |
|    entropy_loss         | -1.57       |
|    explained_variance   | 0.87        |
|    learning_rate        | 0.0003      |
|    loss                 | 8.73        |
|    n_updates            | 4490        |
|    policy_gradient_loss | -0.00449    |
|    std                  | 0.372       |
|    value_loss           | 15.5        |
-----------------------------------------
------------------------------------------
| rollout/                |              |
|    ep_len_mean          | 206          |
|    ep_rew_mean          | -55.9        |
| time/                   |              |
|    fps                  | 2144         |
|    iterations           | 206          |
|    time_elapsed         | 786          |
|    total_timesteps      | 1687552      |
| train/                  |              |
|    approx_kl            | 0.0119249495 |
|    clip_fraction        | 0.146        |
|    clip_range           | 0.2          |
|    entropy_loss         | -1.55        |
|    explained_variance   | 0.872        |
|    learning_rate        | 0.0003       |
|    loss                 | 13.5         |
|    n_updates            | 4500         |
|    policy_gradient_loss | -0.00676     |
|    std                  | 0.372        |
|    value_loss           | 20.4         |
------------------------------------------
-----------------------------------------
| rollout/                |             |
|    ep_len_mean          | 200         |
|    ep_rew_mean          | -55.2       |
| time/                   |             |
|    fps                  | 2145        |
|    iterations           | 207         |
|    time_elapsed         | 790         |
|    total_timesteps      | 1695744     |
| train/                  |             |
|    approx_kl            | 0.014143579 |
|    clip_fraction        | 0.158       |
|    clip_range           | 0.2         |
|    entropy_loss         | -1.56       |
|    explained_variance   | 0.867       |
|    learning_rate        | 0.0003      |
|    loss                 | 7.74        |
|    n_updates            | 4510        |
|    policy_gradient_loss | -0.00503    |
|    std                  | 0.373       |
|    value_loss           | 17          |
-----------------------------------------
-----------------------------------------
| rollout/                |             |
|    ep_len_mean          | 229         |
|    ep_rew_mean          | -70.1       |
| time/                   |             |
|    fps                  | 2147        |
|    iterations           | 208         |
|    time_elapsed         | 793         |
|    total_timesteps      | 1703936     |
| train/                  |             |
|    approx_kl            | 0.018079301 |
|    clip_fraction        | 0.192       |
|    clip_range           | 0.2         |
|    entropy_loss         | -1.55       |
|    explained_variance   | 0.853       |
|    learning_rate        | 0.0003      |
|    loss                 | 6.37        |
|    n_updates            | 4520        |
|    policy_gradient_loss | -0.00539    |
|    std                  | 0.371       |
|    value_loss           | 16.1        |
-----------------------------------------
----------------------------------------
| rollout/                |            |
|    ep_len_mean          | 226        |
|    ep_rew_mean          | -68.5      |
| time/                   |            |
|    fps                  | 2147       |
|    iterations           | 209        |
|    time_elapsed         | 797        |
|    total_timesteps      | 1712128    |
| train/                  |            |
|    approx_kl            | 0.02025379 |
|    clip_fraction        | 0.229      |
|    clip_range           | 0.2        |
|    entropy_loss         | -1.52      |
|    explained_variance   | 0.853      |
|    learning_rate        | 0.0003     |
|    loss                 | 3.01       |
|    n_updates            | 4530       |
|    policy_gradient_loss | -0.00618   |
|    std                  | 0.368      |
|    value_loss           | 14.5       |
----------------------------------------
-----------------------------------------
| rollout/                |             |
|    ep_len_mean          | 256         |
|    ep_rew_mean          | -80.6       |
| time/                   |             |
|    fps                  | 2149        |
|    iterations           | 210         |
|    time_elapsed         | 800         |
|    total_timesteps      | 1720320     |
| train/                  |             |
|    approx_kl            | 0.022298614 |
|    clip_fraction        | 0.215       |
|    clip_range           | 0.2         |
|    entropy_loss         | -1.52       |
|    explained_variance   | 0.894       |
|    learning_rate        | 0.0003      |
|    loss                 | 2.93        |
|    n_updates            | 4540        |
|    policy_gradient_loss | -0.00927    |
|    std                  | 0.37        |
|    value_loss           | 9.47        |
-----------------------------------------
-----------------------------------------
| rollout/                |             |
|    ep_len_mean          | 275         |
|    ep_rew_mean          | -84.2       |
| time/                   |             |
|    fps                  | 2150        |
|    iterations           | 211         |
|    time_elapsed         | 803         |
|    total_timesteps      | 1728512     |
| train/                  |             |
|    approx_kl            | 0.024564233 |
|    clip_fraction        | 0.297       |
|    clip_range           | 0.2         |
|    entropy_loss         | -1.53       |
|    explained_variance   | 0.74        |
|    learning_rate        | 0.0003      |
|    loss                 | 0.99        |
|    n_updates            | 4550        |
|    policy_gradient_loss | 0.00574     |
|    std                  | 0.371       |
|    value_loss           | 2.88        |
-----------------------------------------
-----------------------------------------
| rollout/                |             |
|    ep_len_mean          | 280         |
|    ep_rew_mean          | -85.1       |
| time/                   |             |
|    fps                  | 2152        |
|    iterations           | 212         |
|    time_elapsed         | 806         |
|    total_timesteps      | 1736704     |
| train/                  |             |
|    approx_kl            | 0.012522932 |
|    clip_fraction        | 0.156       |
|    clip_range           | 0.2         |
|    entropy_loss         | -1.53       |
|    explained_variance   | 0.871       |
|    learning_rate        | 0.0003      |
|    loss                 | 7.05        |
|    n_updates            | 4560        |
|    policy_gradient_loss | -0.00744    |
|    std                  | 0.372       |
|    value_loss           | 14.4        |
-----------------------------------------
-----------------------------------------
| rollout/                |             |
|    ep_len_mean          | 251         |
|    ep_rew_mean          | -73.2       |
| time/                   |             |
|    fps                  | 2153        |
|    iterations           | 213         |
|    time_elapsed         | 810         |
|    total_timesteps      | 1744896     |
| train/                  |             |
|    approx_kl            | 0.013838522 |
|    clip_fraction        | 0.156       |
|    clip_range           | 0.2         |
|    entropy_loss         | -1.52       |
|    explained_variance   | 0.837       |
|    learning_rate        | 0.0003      |
|    loss                 | 4.14        |
|    n_updates            | 4570        |
|    policy_gradient_loss | -0.00658    |
|    std                  | 0.37        |
|    value_loss           | 12.3        |
-----------------------------------------
-----------------------------------------
| rollout/                |             |
|    ep_len_mean          | 246         |
|    ep_rew_mean          | -70.2       |
| time/                   |             |
|    fps                  | 2154        |
|    iterations           | 214         |
|    time_elapsed         | 813         |
|    total_timesteps      | 1753088     |
| train/                  |             |
|    approx_kl            | 0.014063617 |
|    clip_fraction        | 0.157       |
|    clip_range           | 0.2         |
|    entropy_loss         | -1.51       |
|    explained_variance   | 0.87        |
|    learning_rate        | 0.0003      |
|    loss                 | 8.24        |
|    n_updates            | 4580        |
|    policy_gradient_loss | -0.00892    |
|    std                  | 0.369       |
|    value_loss           | 15.5        |
-----------------------------------------
-----------------------------------------
| rollout/                |             |
|    ep_len_mean          | 240         |
|    ep_rew_mean          | -68         |
| time/                   |             |
|    fps                  | 2154        |
|    iterations           | 215         |
|    time_elapsed         | 817         |
|    total_timesteps      | 1761280     |
| train/                  |             |
|    approx_kl            | 0.014956873 |
|    clip_fraction        | 0.168       |
|    clip_range           | 0.2         |
|    entropy_loss         | -1.5        |
|    explained_variance   | 0.867       |
|    learning_rate        | 0.0003      |
|    loss                 | 7.47        |
|    n_updates            | 4590        |
|    policy_gradient_loss | -0.0102     |
|    std                  | 0.367       |
|    value_loss           | 14.8        |
-----------------------------------------
-----------------------------------------
| rollout/                |             |
|    ep_len_mean          | 255         |
|    ep_rew_mean          | -73.4       |
| time/                   |             |
|    fps                  | 2156        |
|    iterations           | 216         |
|    time_elapsed         | 820         |
|    total_timesteps      | 1769472     |
| train/                  |             |
|    approx_kl            | 0.014843691 |
|    clip_fraction        | 0.179       |
|    clip_range           | 0.2         |
|    entropy_loss         | -1.49       |
|    explained_variance   | 0.816       |
|    learning_rate        | 0.0003      |
|    loss                 | 2.36        |
|    n_updates            | 4600        |
|    policy_gradient_loss | -0.00784    |
|    std                  | 0.368       |
|    value_loss           | 10.7        |
-----------------------------------------
-----------------------------------------
| rollout/                |             |
|    ep_len_mean          | 265         |
|    ep_rew_mean          | -75.7       |
| time/                   |             |
|    fps                  | 2157        |
|    iterations           | 217         |
|    time_elapsed         | 823         |
|    total_timesteps      | 1777664     |
| train/                  |             |
|    approx_kl            | 0.016479546 |
|    clip_fraction        | 0.156       |
|    clip_range           | 0.2         |
|    entropy_loss         | -1.5        |
|    explained_variance   | 0.824       |
|    learning_rate        | 0.0003      |
|    loss                 | 3.68        |
|    n_updates            | 4610        |
|    policy_gradient_loss | -0.0111     |
|    std                  | 0.37        |
|    value_loss           | 12.6        |
-----------------------------------------
-----------------------------------------
| rollout/                |             |
|    ep_len_mean          | 276         |
|    ep_rew_mean          | -79.8       |
| time/                   |             |
|    fps                  | 2159        |
|    iterations           | 218         |
|    time_elapsed         | 827         |
|    total_timesteps      | 1785856     |
| train/                  |             |
|    approx_kl            | 0.016986255 |
|    clip_fraction        | 0.191       |
|    clip_range           | 0.2         |
|    entropy_loss         | -1.52       |
|    explained_variance   | 0.861       |
|    learning_rate        | 0.0003      |
|    loss                 | 5.36        |
|    n_updates            | 4620        |
|    policy_gradient_loss | -0.00703    |
|    std                  | 0.371       |
|    value_loss           | 11.9        |
-----------------------------------------
-----------------------------------------
| rollout/                |             |
|    ep_len_mean          | 269         |
|    ep_rew_mean          | -76.6       |
| time/                   |             |
|    fps                  | 2159        |
|    iterations           | 219         |
|    time_elapsed         | 830         |
|    total_timesteps      | 1794048     |
| train/                  |             |
|    approx_kl            | 0.017621169 |
|    clip_fraction        | 0.195       |
|    clip_range           | 0.2         |
|    entropy_loss         | -1.53       |
|    explained_variance   | 0.843       |
|    learning_rate        | 0.0003      |
|    loss                 | 6.61        |
|    n_updates            | 4630        |
|    policy_gradient_loss | -0.00498    |
|    std                  | 0.371       |
|    value_loss           | 10          |
-----------------------------------------
[PeriodicArtifactCallback] step 1800000: saving checkpoint, evaluating, rendering...
[PeriodicArtifactCallback] step 1800000: success_rate=0.10 pick_success_rate=0.30 mean_reward=-172.84 -> C:\GitHub\HumanoidRobot\simulation\training\pick_place\runs\pp_v23\dashboard.html
-----------------------------------------
| rollout/                |             |
|    ep_len_mean          | 288         |
|    ep_rew_mean          | -86.5       |
| time/                   |             |
|    fps                  | 2143        |
|    iterations           | 220         |
|    time_elapsed         | 840         |
|    total_timesteps      | 1802240     |
| train/                  |             |
|    approx_kl            | 0.018302165 |
|    clip_fraction        | 0.217       |
|    clip_range           | 0.2         |
|    entropy_loss         | -1.51       |
|    explained_variance   | 0.873       |
|    learning_rate        | 0.0003      |
|    loss                 | 2.99        |
|    n_updates            | 4640        |
|    policy_gradient_loss | -0.00547    |
|    std                  | 0.369       |
|    value_loss           | 9.18        |
-----------------------------------------
-----------------------------------------
| rollout/                |             |
|    ep_len_mean          | 256         |
|    ep_rew_mean          | -71.9       |
| time/                   |             |
|    fps                  | 2144        |
|    iterations           | 221         |
|    time_elapsed         | 844         |
|    total_timesteps      | 1810432     |
| train/                  |             |
|    approx_kl            | 0.020595636 |
|    clip_fraction        | 0.225       |
|    clip_range           | 0.2         |
|    entropy_loss         | -1.5        |
|    explained_variance   | 0.861       |
|    learning_rate        | 0.0003      |
|    loss                 | 3.08        |
|    n_updates            | 4650        |
|    policy_gradient_loss | -0.00527    |
|    std                  | 0.367       |
|    value_loss           | 7.54        |
-----------------------------------------
-----------------------------------------
| rollout/                |             |
|    ep_len_mean          | 253         |
|    ep_rew_mean          | -69.9       |
| time/                   |             |
|    fps                  | 2144        |
|    iterations           | 222         |
|    time_elapsed         | 847         |
|    total_timesteps      | 1818624     |
| train/                  |             |
|    approx_kl            | 0.015164922 |
|    clip_fraction        | 0.189       |
|    clip_range           | 0.2         |
|    entropy_loss         | -1.48       |
|    explained_variance   | 0.858       |
|    learning_rate        | 0.0003      |
|    loss                 | 4.52        |
|    n_updates            | 4660        |
|    policy_gradient_loss | -0.00572    |
|    std                  | 0.366       |
|    value_loss           | 13.7        |
-----------------------------------------
----------------------------------------
| rollout/                |            |
|    ep_len_mean          | 267        |
|    ep_rew_mean          | -73.7      |
| time/                   |            |
|    fps                  | 2146       |
|    iterations           | 223        |
|    time_elapsed         | 851        |
|    total_timesteps      | 1826816    |
| train/                  |            |
|    approx_kl            | 0.01836975 |
|    clip_fraction        | 0.207      |
|    clip_range           | 0.2        |
|    entropy_loss         | -1.48      |
|    explained_variance   | 0.888      |
|    learning_rate        | 0.0003     |
|    loss                 | 3.89       |
|    n_updates            | 4670       |
|    policy_gradient_loss | -0.0046    |
|    std                  | 0.368      |
|    value_loss           | 10.5       |
----------------------------------------
-----------------------------------------
| rollout/                |             |
|    ep_len_mean          | 287         |
|    ep_rew_mean          | -88.8       |
| time/                   |             |
|    fps                  | 2148        |
|    iterations           | 224         |
|    time_elapsed         | 854         |
|    total_timesteps      | 1835008     |
| train/                  |             |
|    approx_kl            | 0.022033144 |
|    clip_fraction        | 0.24        |
|    clip_range           | 0.2         |
|    entropy_loss         | -1.5        |
|    explained_variance   | 0.881       |
|    learning_rate        | 0.0003      |
|    loss                 | 1.69        |
|    n_updates            | 4680        |
|    policy_gradient_loss | -0.005      |
|    std                  | 0.369       |
|    value_loss           | 8.61        |
-----------------------------------------
----------------------------------------
| rollout/                |            |
|    ep_len_mean          | 269        |
|    ep_rew_mean          | -78        |
| time/                   |            |
|    fps                  | 2149       |
|    iterations           | 225        |
|    time_elapsed         | 857        |
|    total_timesteps      | 1843200    |
| train/                  |            |
|    approx_kl            | 0.01333274 |
|    clip_fraction        | 0.186      |
|    clip_range           | 0.2        |
|    entropy_loss         | -1.5       |
|    explained_variance   | 0.829      |
|    learning_rate        | 0.0003     |
|    loss                 | 4          |
|    n_updates            | 4690       |
|    policy_gradient_loss | -0.00425   |
|    std                  | 0.367      |
|    value_loss           | 11.5       |
----------------------------------------
-----------------------------------------
| rollout/                |             |
|    ep_len_mean          | 244         |
|    ep_rew_mean          | -69.5       |
| time/                   |             |
|    fps                  | 2150        |
|    iterations           | 226         |
|    time_elapsed         | 861         |
|    total_timesteps      | 1851392     |
| train/                  |             |
|    approx_kl            | 0.016251365 |
|    clip_fraction        | 0.181       |
|    clip_range           | 0.2         |
|    entropy_loss         | -1.48       |
|    explained_variance   | 0.883       |
|    learning_rate        | 0.0003      |
|    loss                 | 5.83        |
|    n_updates            | 4700        |
|    policy_gradient_loss | -0.00643    |
|    std                  | 0.367       |
|    value_loss           | 15.9        |
-----------------------------------------
-----------------------------------------
| rollout/                |             |
|    ep_len_mean          | 190         |
|    ep_rew_mean          | -51         |
| time/                   |             |
|    fps                  | 2151        |
|    iterations           | 227         |
|    time_elapsed         | 864         |
|    total_timesteps      | 1859584     |
| train/                  |             |
|    approx_kl            | 0.013428697 |
|    clip_fraction        | 0.162       |
|    clip_range           | 0.2         |
|    entropy_loss         | -1.47       |
|    explained_variance   | 0.865       |
|    learning_rate        | 0.0003      |
|    loss                 | 6.84        |
|    n_updates            | 4710        |
|    policy_gradient_loss | -0.00807    |
|    std                  | 0.365       |
|    value_loss           | 17.5        |
-----------------------------------------
-----------------------------------------
| rollout/                |             |
|    ep_len_mean          | 211         |
|    ep_rew_mean          | -58.9       |
| time/                   |             |
|    fps                  | 2152        |
|    iterations           | 228         |
|    time_elapsed         | 867         |
|    total_timesteps      | 1867776     |
| train/                  |             |
|    approx_kl            | 0.020273376 |
|    clip_fraction        | 0.222       |
|    clip_range           | 0.2         |
|    entropy_loss         | -1.46       |
|    explained_variance   | 0.904       |
|    learning_rate        | 0.0003      |
|    loss                 | 4.43        |
|    n_updates            | 4720        |
|    policy_gradient_loss | -0.00497    |
|    std                  | 0.365       |
|    value_loss           | 11.5        |
-----------------------------------------
-----------------------------------------
| rollout/                |             |
|    ep_len_mean          | 249         |
|    ep_rew_mean          | -71.6       |
| time/                   |             |
|    fps                  | 2153        |
|    iterations           | 229         |
|    time_elapsed         | 870         |
|    total_timesteps      | 1875968     |
| train/                  |             |
|    approx_kl            | 0.018495083 |
|    clip_fraction        | 0.173       |
|    clip_range           | 0.2         |
|    entropy_loss         | -1.44       |
|    explained_variance   | 0.854       |
|    learning_rate        | 0.0003      |
|    loss                 | 8.73        |
|    n_updates            | 4730        |
|    policy_gradient_loss | -0.00723    |
|    std                  | 0.362       |
|    value_loss           | 25.7        |
-----------------------------------------
-----------------------------------------
| rollout/                |             |
|    ep_len_mean          | 266         |
|    ep_rew_mean          | -75.8       |
| time/                   |             |
|    fps                  | 2155        |
|    iterations           | 230         |
|    time_elapsed         | 874         |
|    total_timesteps      | 1884160     |
| train/                  |             |
|    approx_kl            | 0.026242174 |
|    clip_fraction        | 0.33        |
|    clip_range           | 0.2         |
|    entropy_loss         | -1.44       |
|    explained_variance   | 0.912       |
|    learning_rate        | 0.0003      |
|    loss                 | 1.98        |
|    n_updates            | 4740        |
|    policy_gradient_loss | 6.12e-06    |
|    std                  | 0.363       |
|    value_loss           | 4.98        |
-----------------------------------------
-----------------------------------------
| rollout/                |             |
|    ep_len_mean          | 274         |
|    ep_rew_mean          | -77.6       |
| time/                   |             |
|    fps                  | 2155        |
|    iterations           | 231         |
|    time_elapsed         | 877         |
|    total_timesteps      | 1892352     |
| train/                  |             |
|    approx_kl            | 0.015031891 |
|    clip_fraction        | 0.173       |
|    clip_range           | 0.2         |
|    entropy_loss         | -1.44       |
|    explained_variance   | 0.859       |
|    learning_rate        | 0.0003      |
|    loss                 | 9.77        |
|    n_updates            | 4750        |
|    policy_gradient_loss | -0.00957    |
|    std                  | 0.361       |
|    value_loss           | 17.8        |
-----------------------------------------
-----------------------------------------
| rollout/                |             |
|    ep_len_mean          | 265         |
|    ep_rew_mean          | -76         |
| time/                   |             |
|    fps                  | 2156        |
|    iterations           | 232         |
|    time_elapsed         | 881         |
|    total_timesteps      | 1900544     |
| train/                  |             |
|    approx_kl            | 0.018752558 |
|    clip_fraction        | 0.224       |
|    clip_range           | 0.2         |
|    entropy_loss         | -1.41       |
|    explained_variance   | 0.836       |
|    learning_rate        | 0.0003      |
|    loss                 | 4.78        |
|    n_updates            | 4760        |
|    policy_gradient_loss | -0.00847    |
|    std                  | 0.359       |
|    value_loss           | 9.39        |
-----------------------------------------
-----------------------------------------
| rollout/                |             |
|    ep_len_mean          | 245         |
|    ep_rew_mean          | -69.4       |
| time/                   |             |
|    fps                  | 2157        |
|    iterations           | 233         |
|    time_elapsed         | 884         |
|    total_timesteps      | 1908736     |
| train/                  |             |
|    approx_kl            | 0.015490176 |
|    clip_fraction        | 0.183       |
|    clip_range           | 0.2         |
|    entropy_loss         | -1.41       |
|    explained_variance   | 0.808       |
|    learning_rate        | 0.0003      |
|    loss                 | 10.2        |
|    n_updates            | 4770        |
|    policy_gradient_loss | -0.00857    |
|    std                  | 0.359       |
|    value_loss           | 23.4        |
-----------------------------------------
-----------------------------------------
| rollout/                |             |
|    ep_len_mean          | 218         |
|    ep_rew_mean          | -60.4       |
| time/                   |             |
|    fps                  | 2158        |
|    iterations           | 234         |
|    time_elapsed         | 887         |
|    total_timesteps      | 1916928     |
| train/                  |             |
|    approx_kl            | 0.018207114 |
|    clip_fraction        | 0.182       |
|    clip_range           | 0.2         |
|    entropy_loss         | -1.39       |
|    explained_variance   | 0.874       |
|    learning_rate        | 0.0003      |
|    loss                 | 9.75        |
|    n_updates            | 4780        |
|    policy_gradient_loss | -0.0081     |
|    std                  | 0.356       |
|    value_loss           | 18.4        |
-----------------------------------------
-----------------------------------------
| rollout/                |             |
|    ep_len_mean          | 230         |
|    ep_rew_mean          | -63.4       |
| time/                   |             |
|    fps                  | 2159        |
|    iterations           | 235         |
|    time_elapsed         | 891         |
|    total_timesteps      | 1925120     |
| train/                  |             |
|    approx_kl            | 0.030331511 |
|    clip_fraction        | 0.238       |
|    clip_range           | 0.2         |
|    entropy_loss         | -1.38       |
|    explained_variance   | 0.889       |
|    learning_rate        | 0.0003      |
|    loss                 | 4.62        |
|    n_updates            | 4790        |
|    policy_gradient_loss | -0.00734    |
|    std                  | 0.357       |
|    value_loss           | 10.1        |
-----------------------------------------
-----------------------------------------
| rollout/                |             |
|    ep_len_mean          | 265         |
|    ep_rew_mean          | -73.5       |
| time/                   |             |
|    fps                  | 2161        |
|    iterations           | 236         |
|    time_elapsed         | 894         |
|    total_timesteps      | 1933312     |
| train/                  |             |
|    approx_kl            | 0.016810665 |
|    clip_fraction        | 0.223       |
|    clip_range           | 0.2         |
|    entropy_loss         | -1.38       |
|    explained_variance   | 0.876       |
|    learning_rate        | 0.0003      |
|    loss                 | 5.4         |
|    n_updates            | 4800        |
|    policy_gradient_loss | -0.00488    |
|    std                  | 0.357       |
|    value_loss           | 13.2        |
-----------------------------------------
-----------------------------------------
| rollout/                |             |
|    ep_len_mean          | 267         |
|    ep_rew_mean          | -75         |
| time/                   |             |
|    fps                  | 2161        |
|    iterations           | 237         |
|    time_elapsed         | 898         |
|    total_timesteps      | 1941504     |
| train/                  |             |
|    approx_kl            | 0.026391376 |
|    clip_fraction        | 0.288       |
|    clip_range           | 0.2         |
|    entropy_loss         | -1.36       |
|    explained_variance   | 0.9         |
|    learning_rate        | 0.0003      |
|    loss                 | 2.76        |
|    n_updates            | 4810        |
|    policy_gradient_loss | -0.00787    |
|    std                  | 0.355       |
|    value_loss           | 7.02        |
-----------------------------------------
-----------------------------------------
| rollout/                |             |
|    ep_len_mean          | 286         |
|    ep_rew_mean          | -81.5       |
| time/                   |             |
|    fps                  | 2163        |
|    iterations           | 238         |
|    time_elapsed         | 901         |
|    total_timesteps      | 1949696     |
| train/                  |             |
|    approx_kl            | 0.017695934 |
|    clip_fraction        | 0.207       |
|    clip_range           | 0.2         |
|    entropy_loss         | -1.33       |
|    explained_variance   | 0.903       |
|    learning_rate        | 0.0003      |
|    loss                 | 5.86        |
|    n_updates            | 4820        |
|    policy_gradient_loss | -0.00834    |
|    std                  | 0.352       |
|    value_loss           | 13.8        |
-----------------------------------------
----------------------------------------
| rollout/                |            |
|    ep_len_mean          | 299        |
|    ep_rew_mean          | -85.2      |
| time/                   |            |
|    fps                  | 2164       |
|    iterations           | 239        |
|    time_elapsed         | 904        |
|    total_timesteps      | 1957888    |
| train/                  |            |
|    approx_kl            | 0.04930628 |
|    clip_fraction        | 0.297      |
|    clip_range           | 0.2        |
|    entropy_loss         | -1.3       |
|    explained_variance   | 0.907      |
|    learning_rate        | 0.0003     |
|    loss                 | 3.62       |
|    n_updates            | 4830       |
|    policy_gradient_loss | -0.000546  |
|    std                  | 0.349      |
|    value_loss           | 7.37       |
----------------------------------------
----------------------------------------
| rollout/                |            |
|    ep_len_mean          | 272        |
|    ep_rew_mean          | -75.4      |
| time/                   |            |
|    fps                  | 2165       |
|    iterations           | 240        |
|    time_elapsed         | 907        |
|    total_timesteps      | 1966080    |
| train/                  |            |
|    approx_kl            | 0.02331082 |
|    clip_fraction        | 0.214      |
|    clip_range           | 0.2        |
|    entropy_loss         | -1.29      |
|    explained_variance   | 0.87       |
|    learning_rate        | 0.0003     |
|    loss                 | 6.23       |
|    n_updates            | 4840       |
|    policy_gradient_loss | -0.0051    |
|    std                  | 0.348      |
|    value_loss           | 13.5       |
----------------------------------------
-----------------------------------------
| rollout/                |             |
|    ep_len_mean          | 271         |
|    ep_rew_mean          | -73.8       |
| time/                   |             |
|    fps                  | 2166        |
|    iterations           | 241         |
|    time_elapsed         | 911         |
|    total_timesteps      | 1974272     |
| train/                  |             |
|    approx_kl            | 0.013824601 |
|    clip_fraction        | 0.22        |
|    clip_range           | 0.2         |
|    entropy_loss         | -1.27       |
|    explained_variance   | 0.897       |
|    learning_rate        | 0.0003      |
|    loss                 | 6.95        |
|    n_updates            | 4850        |
|    policy_gradient_loss | -0.00568    |
|    std                  | 0.347       |
|    value_loss           | 10.3        |
-----------------------------------------
------------------------------------------
| rollout/                |              |
|    ep_len_mean          | 286          |
|    ep_rew_mean          | -80.9        |
| time/                   |              |
|    fps                  | 2166         |
|    iterations           | 242          |
|    time_elapsed         | 915          |
|    total_timesteps      | 1982464      |
| train/                  |              |
|    approx_kl            | 0.0150421355 |
|    clip_fraction        | 0.178        |
|    clip_range           | 0.2          |
|    entropy_loss         | -1.26        |
|    explained_variance   | 0.887        |
|    learning_rate        | 0.0003       |
|    loss                 | 5.22         |
|    n_updates            | 4860         |
|    policy_gradient_loss | -0.00503     |
|    std                  | 0.345        |
|    value_loss           | 12.6         |
------------------------------------------
-----------------------------------------
| rollout/                |             |
|    ep_len_mean          | 283         |
|    ep_rew_mean          | -76.8       |
| time/                   |             |
|    fps                  | 2167        |
|    iterations           | 243         |
|    time_elapsed         | 918         |
|    total_timesteps      | 1990656     |
| train/                  |             |
|    approx_kl            | 0.022353977 |
|    clip_fraction        | 0.236       |
|    clip_range           | 0.2         |
|    entropy_loss         | -1.23       |
|    explained_variance   | 0.858       |
|    learning_rate        | 0.0003      |
|    loss                 | 4.23        |
|    n_updates            | 4870        |
|    policy_gradient_loss | -0.00513    |
|    std                  | 0.342       |
|    value_loss           | 10.7        |
-----------------------------------------
-----------------------------------------
| rollout/                |             |
|    ep_len_mean          | 265         |
|    ep_rew_mean          | -70.5       |
| time/                   |             |
|    fps                  | 2169        |
|    iterations           | 244         |
|    time_elapsed         | 921         |
|    total_timesteps      | 1998848     |
| train/                  |             |
|    approx_kl            | 0.026057497 |
|    clip_fraction        | 0.293       |
|    clip_range           | 0.2         |
|    entropy_loss         | -1.21       |
|    explained_variance   | 0.89        |
|    learning_rate        | 0.0003      |
|    loss                 | 2.95        |
|    n_updates            | 4880        |
|    policy_gradient_loss | 0.000973    |
|    std                  | 0.341       |
|    value_loss           | 7.92        |
-----------------------------------------
[PeriodicArtifactCallback] step 2000000: running periodic self-monitoring analysis...
[PeriodicArtifactCallback] analysis written to C:\GitHub\HumanoidRobot\simulation\training\pick_place\runs\pp_v23\analysis_2000000.md (stalled=False)
[PeriodicArtifactCallback] step 2000000: saving checkpoint, evaluating, rendering...
[PeriodicArtifactCallback] step 2000000: success_rate=0.30 pick_success_rate=0.40 mean_reward=-151.61 -> C:\GitHub\HumanoidRobot\simulation\training\pick_place\runs\pp_v23\dashboard.html
-----------------------------------------
| rollout/                |             |
|    ep_len_mean          | 263         |
|    ep_rew_mean          | -67.9       |
| time/                   |             |
|    fps                  | 2144        |
|    iterations           | 245         |
|    time_elapsed         | 935         |
|    total_timesteps      | 2007040     |
| train/                  |             |
|    approx_kl            | 0.015102891 |
|    clip_fraction        | 0.177       |
|    clip_range           | 0.2         |
|    entropy_loss         | -1.2        |
|    explained_variance   | 0.864       |
|    learning_rate        | 0.0003      |
|    loss                 | 8.82        |
|    n_updates            | 4890        |
|    policy_gradient_loss | -0.00714    |
|    std                  | 0.34        |
|    value_loss           | 18.6        |
-----------------------------------------
[PeriodicArtifactCallback] step 2007040: saving checkpoint, evaluating, rendering...
[PeriodicArtifactCallback] step 2007040: success_rate=0.30 pick_success_rate=0.30 mean_reward=-199.11 -> C:\GitHub\HumanoidRobot\simulation\training\pick_place\runs\pp_v23\dashboard.html
Training complete. Final checkpoint: C:\GitHub\HumanoidRobot\simulation\training\pick_place\runs\pp_v23\checkpoints\final.zip
Dashboard: C:\GitHub\HumanoidRobot\simulation\training\pick_place\runs\pp_v23\dashboard.html
