Continuing from checkpoint: C:/GitHub/HumanoidRobot/simulation/training/pick_place/runs/pp_v13/checkpoints/ckpt_1600000.zip
Logging to C:\GitHub\HumanoidRobot\simulation\training\pick_place\runs\pp_v14\logs\pp_v14_1
---------------------------------
| rollout/           |          |
|    ep_len_mean     | 35.5     |
|    ep_rew_mean     | 30.6     |
| time/              |          |
|    fps             | 3803     |
|    iterations      | 1        |
|    time_elapsed    | 2        |
|    total_timesteps | 8192     |
---------------------------------
-----------------------------------------
| rollout/                |             |
|    ep_len_mean          | 214         |
|    ep_rew_mean          | -59.8       |
| time/                   |             |
|    fps                  | 1551        |
|    iterations           | 2           |
|    time_elapsed         | 10          |
|    total_timesteps      | 16384       |
| train/                  |             |
|    approx_kl            | 0.009141775 |
|    clip_fraction        | 0.0912      |
|    clip_range           | 0.2         |
|    entropy_loss         | -2.44       |
|    explained_variance   | 0.904       |
|    learning_rate        | 0.0003      |
|    loss                 | 0.77        |
|    n_updates            | 12680       |
|    policy_gradient_loss | -0.00623    |
|    std                  | 0.454       |
|    value_loss           | 8.14        |
-----------------------------------------
-----------------------------------------
| rollout/                |             |
|    ep_len_mean          | 247         |
|    ep_rew_mean          | -81.2       |
| time/                   |             |
|    fps                  | 1277        |
|    iterations           | 3           |
|    time_elapsed         | 19          |
|    total_timesteps      | 24576       |
| train/                  |             |
|    approx_kl            | 0.013614631 |
|    clip_fraction        | 0.16        |
|    clip_range           | 0.2         |
|    entropy_loss         | -2.42       |
|    explained_variance   | 0.929       |
|    learning_rate        | 0.0003      |
|    loss                 | 2.52        |
|    n_updates            | 12690       |
|    policy_gradient_loss | -0.00287    |
|    std                  | 0.453       |
|    value_loss           | 7.89        |
-----------------------------------------
-----------------------------------------
| rollout/                |             |
|    ep_len_mean          | 287         |
|    ep_rew_mean          | -97.2       |
| time/                   |             |
|    fps                  | 1198        |
|    iterations           | 4           |
|    time_elapsed         | 27          |
|    total_timesteps      | 32768       |
| train/                  |             |
|    approx_kl            | 0.012164218 |
|    clip_fraction        | 0.153       |
|    clip_range           | 0.2         |
|    entropy_loss         | -2.43       |
|    explained_variance   | 0.964       |
|    learning_rate        | 0.0003      |
|    loss                 | 0.572       |
|    n_updates            | 12700       |
|    policy_gradient_loss | -0.00164    |
|    std                  | 0.454       |
|    value_loss           | 2.93        |
-----------------------------------------
-----------------------------------------
| rollout/                |             |
|    ep_len_mean          | 270         |
|    ep_rew_mean          | -85.6       |
| time/                   |             |
|    fps                  | 1134        |
|    iterations           | 5           |
|    time_elapsed         | 36          |
|    total_timesteps      | 40960       |
| train/                  |             |
|    approx_kl            | 0.013302369 |
|    clip_fraction        | 0.15        |
|    clip_range           | 0.2         |
|    entropy_loss         | -2.4        |
|    explained_variance   | 0.935       |
|    learning_rate        | 0.0003      |
|    loss                 | 0.441       |
|    n_updates            | 12710       |
|    policy_gradient_loss | -0.00507    |
|    std                  | 0.45        |
|    value_loss           | 3.47        |
-----------------------------------------
-----------------------------------------
| rollout/                |             |
|    ep_len_mean          | 264         |
|    ep_rew_mean          | -80.8       |
| time/                   |             |
|    fps                  | 1111        |
|    iterations           | 6           |
|    time_elapsed         | 44          |
|    total_timesteps      | 49152       |
| train/                  |             |
|    approx_kl            | 0.014187994 |
|    clip_fraction        | 0.146       |
|    clip_range           | 0.2         |
|    entropy_loss         | -2.36       |
|    explained_variance   | 0.966       |
|    learning_rate        | 0.0003      |
|    loss                 | 0.239       |
|    n_updates            | 12720       |
|    policy_gradient_loss | -0.00532    |
|    std                  | 0.447       |
|    value_loss           | 2.11        |
-----------------------------------------
-----------------------------------------
| rollout/                |             |
|    ep_len_mean          | 303         |
|    ep_rew_mean          | -99.8       |
| time/                   |             |
|    fps                  | 1084        |
|    iterations           | 7           |
|    time_elapsed         | 52          |
|    total_timesteps      | 57344       |
| train/                  |             |
|    approx_kl            | 0.010656919 |
|    clip_fraction        | 0.106       |
|    clip_range           | 0.2         |
|    entropy_loss         | -2.37       |
|    explained_variance   | 0.929       |
|    learning_rate        | 0.0003      |
|    loss                 | 1.68        |
|    n_updates            | 12730       |
|    policy_gradient_loss | -0.00268    |
|    std                  | 0.449       |
|    value_loss           | 3.4         |
-----------------------------------------
------------------------------------------
| rollout/                |              |
|    ep_len_mean          | 332          |
|    ep_rew_mean          | -114         |
| time/                   |              |
|    fps                  | 1072         |
|    iterations           | 8            |
|    time_elapsed         | 61           |
|    total_timesteps      | 65536        |
| train/                  |              |
|    approx_kl            | 0.0142404875 |
|    clip_fraction        | 0.15         |
|    clip_range           | 0.2          |
|    entropy_loss         | -2.35        |
|    explained_variance   | 0.907        |
|    learning_rate        | 0.0003       |
|    loss                 | 1.67         |
|    n_updates            | 12740        |
|    policy_gradient_loss | -0.0037      |
|    std                  | 0.445        |
|    value_loss           | 5.14         |
------------------------------------------
-----------------------------------------
| rollout/                |             |
|    ep_len_mean          | 331         |
|    ep_rew_mean          | -113        |
| time/                   |             |
|    fps                  | 1057        |
|    iterations           | 9           |
|    time_elapsed         | 69          |
|    total_timesteps      | 73728       |
| train/                  |             |
|    approx_kl            | 0.016653327 |
|    clip_fraction        | 0.168       |
|    clip_range           | 0.2         |
|    entropy_loss         | -2.33       |
|    explained_variance   | 0.932       |
|    learning_rate        | 0.0003      |
|    loss                 | 1.15        |
|    n_updates            | 12750       |
|    policy_gradient_loss | -0.00504    |
|    std                  | 0.444       |
|    value_loss           | 5.39        |
-----------------------------------------
-----------------------------------------
| rollout/                |             |
|    ep_len_mean          | 357         |
|    ep_rew_mean          | -126        |
| time/                   |             |
|    fps                  | 1052        |
|    iterations           | 10          |
|    time_elapsed         | 77          |
|    total_timesteps      | 81920       |
| train/                  |             |
|    approx_kl            | 0.016137633 |
|    clip_fraction        | 0.171       |
|    clip_range           | 0.2         |
|    entropy_loss         | -2.34       |
|    explained_variance   | 0.952       |
|    learning_rate        | 0.0003      |
|    loss                 | 0.875       |
|    n_updates            | 12760       |
|    policy_gradient_loss | -0.00451    |
|    std                  | 0.446       |
|    value_loss           | 3.51        |
-----------------------------------------
-----------------------------------------
| rollout/                |             |
|    ep_len_mean          | 322         |
|    ep_rew_mean          | -109        |
| time/                   |             |
|    fps                  | 1042        |
|    iterations           | 11          |
|    time_elapsed         | 86          |
|    total_timesteps      | 90112       |
| train/                  |             |
|    approx_kl            | 0.012306013 |
|    clip_fraction        | 0.115       |
|    clip_range           | 0.2         |
|    entropy_loss         | -2.36       |
|    explained_variance   | 0.927       |
|    learning_rate        | 0.0003      |
|    loss                 | 3.92        |
|    n_updates            | 12770       |
|    policy_gradient_loss | -0.00452    |
|    std                  | 0.447       |
|    value_loss           | 8.79        |
-----------------------------------------
-----------------------------------------
| rollout/                |             |
|    ep_len_mean          | 304         |
|    ep_rew_mean          | -100        |
| time/                   |             |
|    fps                  | 1038        |
|    iterations           | 12          |
|    time_elapsed         | 94          |
|    total_timesteps      | 98304       |
| train/                  |             |
|    approx_kl            | 0.016987935 |
|    clip_fraction        | 0.15        |
|    clip_range           | 0.2         |
|    entropy_loss         | -2.38       |
|    explained_variance   | 0.969       |
|    learning_rate        | 0.0003      |
|    loss                 | 0.373       |
|    n_updates            | 12780       |
|    policy_gradient_loss | -0.00178    |
|    std                  | 0.452       |
|    value_loss           | 3.37        |
-----------------------------------------
-----------------------------------------
| rollout/                |             |
|    ep_len_mean          | 249         |
|    ep_rew_mean          | -81.4       |
| time/                   |             |
|    fps                  | 1030        |
|    iterations           | 13          |
|    time_elapsed         | 103         |
|    total_timesteps      | 106496      |
| train/                  |             |
|    approx_kl            | 0.010515598 |
|    clip_fraction        | 0.106       |
|    clip_range           | 0.2         |
|    entropy_loss         | -2.4        |
|    explained_variance   | 0.958       |
|    learning_rate        | 0.0003      |
|    loss                 | 0.875       |
|    n_updates            | 12790       |
|    policy_gradient_loss | -0.00224    |
|    std                  | 0.453       |
|    value_loss           | 3.89        |
-----------------------------------------
-----------------------------------------
| rollout/                |             |
|    ep_len_mean          | 272         |
|    ep_rew_mean          | -81         |
| time/                   |             |
|    fps                  | 1025        |
|    iterations           | 14          |
|    time_elapsed         | 111         |
|    total_timesteps      | 114688      |
| train/                  |             |
|    approx_kl            | 0.018425394 |
|    clip_fraction        | 0.179       |
|    clip_range           | 0.2         |
|    entropy_loss         | -2.41       |
|    explained_variance   | 0.972       |
|    learning_rate        | 0.0003      |
|    loss                 | 0.748       |
|    n_updates            | 12800       |
|    policy_gradient_loss | -0.00208    |
|    std                  | 0.453       |
|    value_loss           | 3.33        |
-----------------------------------------
-----------------------------------------
| rollout/                |             |
|    ep_len_mean          | 272         |
|    ep_rew_mean          | -86.7       |
| time/                   |             |
|    fps                  | 1020        |
|    iterations           | 15          |
|    time_elapsed         | 120         |
|    total_timesteps      | 122880      |
| train/                  |             |
|    approx_kl            | 0.018775508 |
|    clip_fraction        | 0.181       |
|    clip_range           | 0.2         |
|    entropy_loss         | -2.38       |
|    explained_variance   | 0.961       |
|    learning_rate        | 0.0003      |
|    loss                 | 1.58        |
|    n_updates            | 12810       |
|    policy_gradient_loss | -0.00273    |
|    std                  | 0.448       |
|    value_loss           | 4.39        |
-----------------------------------------
-----------------------------------------
| rollout/                |             |
|    ep_len_mean          | 270         |
|    ep_rew_mean          | -73.9       |
| time/                   |             |
|    fps                  | 1017        |
|    iterations           | 16          |
|    time_elapsed         | 128         |
|    total_timesteps      | 131072      |
| train/                  |             |
|    approx_kl            | 0.013517646 |
|    clip_fraction        | 0.13        |
|    clip_range           | 0.2         |
|    entropy_loss         | -2.36       |
|    explained_variance   | 0.982       |
|    learning_rate        | 0.0003      |
|    loss                 | 0.6         |
|    n_updates            | 12820       |
|    policy_gradient_loss | -0.00289    |
|    std                  | 0.446       |
|    value_loss           | 2.83        |
-----------------------------------------
------------------------------------------
| rollout/                |              |
|    ep_len_mean          | 262          |
|    ep_rew_mean          | -76.3        |
| time/                   |              |
|    fps                  | 1014         |
|    iterations           | 17           |
|    time_elapsed         | 137          |
|    total_timesteps      | 139264       |
| train/                  |              |
|    approx_kl            | 0.0154842315 |
|    clip_fraction        | 0.174        |
|    clip_range           | 0.2          |
|    entropy_loss         | -2.33        |
|    explained_variance   | 0.981        |
|    learning_rate        | 0.0003       |
|    loss                 | 0.798        |
|    n_updates            | 12830        |
|    policy_gradient_loss | -0.00677     |
|    std                  | 0.441        |
|    value_loss           | 3.08         |
------------------------------------------
-----------------------------------------
| rollout/                |             |
|    ep_len_mean          | 227         |
|    ep_rew_mean          | -51.8       |
| time/                   |             |
|    fps                  | 1013        |
|    iterations           | 18          |
|    time_elapsed         | 145         |
|    total_timesteps      | 147456      |
| train/                  |             |
|    approx_kl            | 0.015739419 |
|    clip_fraction        | 0.184       |
|    clip_range           | 0.2         |
|    entropy_loss         | -2.28       |
|    explained_variance   | 0.975       |
|    learning_rate        | 0.0003      |
|    loss                 | 0.576       |
|    n_updates            | 12840       |
|    policy_gradient_loss | -0.00537    |
|    std                  | 0.437       |
|    value_loss           | 2.33        |
-----------------------------------------
-----------------------------------------
| rollout/                |             |
|    ep_len_mean          | 273         |
|    ep_rew_mean          | -71.1       |
| time/                   |             |
|    fps                  | 1010        |
|    iterations           | 19          |
|    time_elapsed         | 153         |
|    total_timesteps      | 155648      |
| train/                  |             |
|    approx_kl            | 0.016916614 |
|    clip_fraction        | 0.178       |
|    clip_range           | 0.2         |
|    entropy_loss         | -2.27       |
|    explained_variance   | 0.985       |
|    learning_rate        | 0.0003      |
|    loss                 | 1.68        |
|    n_updates            | 12850       |
|    policy_gradient_loss | -0.00378    |
|    std                  | 0.437       |
|    value_loss           | 2.09        |
-----------------------------------------
-----------------------------------------
| rollout/                |             |
|    ep_len_mean          | 279         |
|    ep_rew_mean          | -81.8       |
| time/                   |             |
|    fps                  | 1010        |
|    iterations           | 20          |
|    time_elapsed         | 162         |
|    total_timesteps      | 163840      |
| train/                  |             |
|    approx_kl            | 0.010013549 |
|    clip_fraction        | 0.0946      |
|    clip_range           | 0.2         |
|    entropy_loss         | -2.29       |
|    explained_variance   | 0.858       |
|    learning_rate        | 0.0003      |
|    loss                 | 0.474       |
|    n_updates            | 12860       |
|    policy_gradient_loss | -0.000223   |
|    std                  | 0.442       |
|    value_loss           | 3.46        |
-----------------------------------------
-----------------------------------------
| rollout/                |             |
|    ep_len_mean          | 301         |
|    ep_rew_mean          | -90.3       |
| time/                   |             |
|    fps                  | 1007        |
|    iterations           | 21          |
|    time_elapsed         | 170         |
|    total_timesteps      | 172032      |
| train/                  |             |
|    approx_kl            | 0.020356286 |
|    clip_fraction        | 0.171       |
|    clip_range           | 0.2         |
|    entropy_loss         | -2.3        |
|    explained_variance   | 0.967       |
|    learning_rate        | 0.0003      |
|    loss                 | 1.47        |
|    n_updates            | 12870       |
|    policy_gradient_loss | -0.00595    |
|    std                  | 0.439       |
|    value_loss           | 3.04        |
-----------------------------------------
------------------------------------------
| rollout/                |              |
|    ep_len_mean          | 342          |
|    ep_rew_mean          | -113         |
| time/                   |              |
|    fps                  | 1006         |
|    iterations           | 22           |
|    time_elapsed         | 179          |
|    total_timesteps      | 180224       |
| train/                  |              |
|    approx_kl            | 0.0132896695 |
|    clip_fraction        | 0.146        |
|    clip_range           | 0.2          |
|    entropy_loss         | -2.3         |
|    explained_variance   | 0.96         |
|    learning_rate        | 0.0003       |
|    loss                 | 0.361        |
|    n_updates            | 12880        |
|    policy_gradient_loss | -0.00203     |
|    std                  | 0.442        |
|    value_loss           | 1.99         |
------------------------------------------
-----------------------------------------
| rollout/                |             |
|    ep_len_mean          | 347         |
|    ep_rew_mean          | -111        |
| time/                   |             |
|    fps                  | 1004        |
|    iterations           | 23          |
|    time_elapsed         | 187         |
|    total_timesteps      | 188416      |
| train/                  |             |
|    approx_kl            | 0.014072357 |
|    clip_fraction        | 0.166       |
|    clip_range           | 0.2         |
|    entropy_loss         | -2.28       |
|    explained_variance   | 0.982       |
|    learning_rate        | 0.0003      |
|    loss                 | 0.201       |
|    n_updates            | 12890       |
|    policy_gradient_loss | 0.000571    |
|    std                  | 0.439       |
|    value_loss           | 0.979       |
-----------------------------------------
-----------------------------------------
| rollout/                |             |
|    ep_len_mean          | 359         |
|    ep_rew_mean          | -114        |
| time/                   |             |
|    fps                  | 1003        |
|    iterations           | 24          |
|    time_elapsed         | 195         |
|    total_timesteps      | 196608      |
| train/                  |             |
|    approx_kl            | 0.011723211 |
|    clip_fraction        | 0.112       |
|    clip_range           | 0.2         |
|    entropy_loss         | -2.26       |
|    explained_variance   | 0.976       |
|    learning_rate        | 0.0003      |
|    loss                 | 5.59        |
|    n_updates            | 12900       |
|    policy_gradient_loss | -0.00415    |
|    std                  | 0.439       |
|    value_loss           | 3.46        |
-----------------------------------------
[PeriodicArtifactCallback] step 200000: saving checkpoint, evaluating, rendering...
[PeriodicArtifactCallback] step 200000: success_rate=0.00 pick_success_rate=0.20 mean_reward=-236.60 -> C:\GitHub\HumanoidRobot\simulation\training\pick_place\runs\pp_v14\dashboard.html
-----------------------------------------
| rollout/                |             |
|    ep_len_mean          | 347         |
|    ep_rew_mean          | -115        |
| time/                   |             |
|    fps                  | 944         |
|    iterations           | 25          |
|    time_elapsed         | 216         |
|    total_timesteps      | 204800      |
| train/                  |             |
|    approx_kl            | 0.014456149 |
|    clip_fraction        | 0.151       |
|    clip_range           | 0.2         |
|    entropy_loss         | -2.25       |
|    explained_variance   | 0.96        |
|    learning_rate        | 0.0003      |
|    loss                 | 2.12        |
|    n_updates            | 12910       |
|    policy_gradient_loss | -0.00489    |
|    std                  | 0.437       |
|    value_loss           | 5.68        |
-----------------------------------------
-----------------------------------------
| rollout/                |             |
|    ep_len_mean          | 341         |
|    ep_rew_mean          | -100        |
| time/                   |             |
|    fps                  | 945         |
|    iterations           | 26          |
|    time_elapsed         | 225         |
|    total_timesteps      | 212992      |
| train/                  |             |
|    approx_kl            | 0.019020442 |
|    clip_fraction        | 0.184       |
|    clip_range           | 0.2         |
|    entropy_loss         | -2.25       |
|    explained_variance   | 0.987       |
|    learning_rate        | 0.0003      |
|    loss                 | 0.337       |
|    n_updates            | 12920       |
|    policy_gradient_loss | 0.00139     |
|    std                  | 0.438       |
|    value_loss           | 1.65        |
-----------------------------------------
-----------------------------------------
| rollout/                |             |
|    ep_len_mean          | 312         |
|    ep_rew_mean          | -71.8       |
| time/                   |             |
|    fps                  | 946         |
|    iterations           | 27          |
|    time_elapsed         | 233         |
|    total_timesteps      | 221184      |
| train/                  |             |
|    approx_kl            | 0.019261267 |
|    clip_fraction        | 0.2         |
|    clip_range           | 0.2         |
|    entropy_loss         | -2.21       |
|    explained_variance   | 0.96        |
|    learning_rate        | 0.0003      |
|    loss                 | 0.545       |
|    n_updates            | 12930       |
|    policy_gradient_loss | -0.00558    |
|    std                  | 0.432       |
|    value_loss           | 2.24        |
-----------------------------------------
-----------------------------------------
| rollout/                |             |
|    ep_len_mean          | 279         |
|    ep_rew_mean          | -60.3       |
| time/                   |             |
|    fps                  | 948         |
|    iterations           | 28          |
|    time_elapsed         | 241         |
|    total_timesteps      | 229376      |
| train/                  |             |
|    approx_kl            | 0.013418317 |
|    clip_fraction        | 0.121       |
|    clip_range           | 0.2         |
|    entropy_loss         | -2.21       |
|    explained_variance   | 0.97        |
|    learning_rate        | 0.0003      |
|    loss                 | 0.28        |
|    n_updates            | 12940       |
|    policy_gradient_loss | 0.000252    |
|    std                  | 0.436       |
|    value_loss           | 2.56        |
-----------------------------------------
-----------------------------------------
| rollout/                |             |
|    ep_len_mean          | 256         |
|    ep_rew_mean          | -44.2       |
| time/                   |             |
|    fps                  | 949         |
|    iterations           | 29          |
|    time_elapsed         | 250         |
|    total_timesteps      | 237568      |
| train/                  |             |
|    approx_kl            | 0.022503655 |
|    clip_fraction        | 0.209       |
|    clip_range           | 0.2         |
|    entropy_loss         | -2.27       |
|    explained_variance   | 0.952       |
|    learning_rate        | 0.0003      |
|    loss                 | 1.13        |
|    n_updates            | 12950       |
|    policy_gradient_loss | -0.00511    |
|    std                  | 0.443       |
|    value_loss           | 4.26        |
-----------------------------------------
-----------------------------------------
| rollout/                |             |
|    ep_len_mean          | 267         |
|    ep_rew_mean          | -51.4       |
| time/                   |             |
|    fps                  | 950         |
|    iterations           | 30          |
|    time_elapsed         | 258         |
|    total_timesteps      | 245760      |
| train/                  |             |
|    approx_kl            | 0.017563056 |
|    clip_fraction        | 0.149       |
|    clip_range           | 0.2         |
|    entropy_loss         | -2.32       |
|    explained_variance   | 0.944       |
|    learning_rate        | 0.0003      |
|    loss                 | 0.492       |
|    n_updates            | 12960       |
|    policy_gradient_loss | -0.000183   |
|    std                  | 0.448       |
|    value_loss           | 1.87        |
-----------------------------------------
-----------------------------------------
| rollout/                |             |
|    ep_len_mean          | 278         |
|    ep_rew_mean          | -50         |
| time/                   |             |
|    fps                  | 951         |
|    iterations           | 31          |
|    time_elapsed         | 266         |
|    total_timesteps      | 253952      |
| train/                  |             |
|    approx_kl            | 0.015178254 |
|    clip_fraction        | 0.139       |
|    clip_range           | 0.2         |
|    entropy_loss         | -2.33       |
|    explained_variance   | 0.951       |
|    learning_rate        | 0.0003      |
|    loss                 | 0.651       |
|    n_updates            | 12970       |
|    policy_gradient_loss | -0.00533    |
|    std                  | 0.446       |
|    value_loss           | 5.61        |
-----------------------------------------
----------------------------------------
| rollout/                |            |
|    ep_len_mean          | 313        |
|    ep_rew_mean          | -71.6      |
| time/                   |            |
|    fps                  | 952        |
|    iterations           | 32         |
|    time_elapsed         | 275        |
|    total_timesteps      | 262144     |
| train/                  |            |
|    approx_kl            | 0.01861734 |
|    clip_fraction        | 0.171      |
|    clip_range           | 0.2        |
|    entropy_loss         | -2.32      |
|    explained_variance   | 0.953      |
|    learning_rate        | 0.0003     |
|    loss                 | 8.08       |
|    n_updates            | 12980      |
|    policy_gradient_loss | -0.00226   |
|    std                  | 0.448      |
|    value_loss           | 5.35       |
----------------------------------------
-----------------------------------------
| rollout/                |             |
|    ep_len_mean          | 313         |
|    ep_rew_mean          | -80         |
| time/                   |             |
|    fps                  | 953         |
|    iterations           | 33          |
|    time_elapsed         | 283         |
|    total_timesteps      | 270336      |
| train/                  |             |
|    approx_kl            | 0.018682621 |
|    clip_fraction        | 0.202       |
|    clip_range           | 0.2         |
|    entropy_loss         | -2.34       |
|    explained_variance   | 0.938       |
|    learning_rate        | 0.0003      |
|    loss                 | 0.469       |
|    n_updates            | 12990       |
|    policy_gradient_loss | 0.0023      |
|    std                  | 0.451       |
|    value_loss           | 2.98        |
-----------------------------------------
-----------------------------------------
| rollout/                |             |
|    ep_len_mean          | 297         |
|    ep_rew_mean          | -72.6       |
| time/                   |             |
|    fps                  | 954         |
|    iterations           | 34          |
|    time_elapsed         | 291         |
|    total_timesteps      | 278528      |
| train/                  |             |
|    approx_kl            | 0.025561629 |
|    clip_fraction        | 0.248       |
|    clip_range           | 0.2         |
|    entropy_loss         | -2.35       |
|    explained_variance   | 0.972       |
|    learning_rate        | 0.0003      |
|    loss                 | 1.22        |
|    n_updates            | 13000       |
|    policy_gradient_loss | -0.00517    |
|    std                  | 0.449       |
|    value_loss           | 1.96        |
-----------------------------------------
-----------------------------------------
| rollout/                |             |
|    ep_len_mean          | 268         |
|    ep_rew_mean          | -54.9       |
| time/                   |             |
|    fps                  | 955         |
|    iterations           | 35          |
|    time_elapsed         | 300         |
|    total_timesteps      | 286720      |
| train/                  |             |
|    approx_kl            | 0.021327216 |
|    clip_fraction        | 0.212       |
|    clip_range           | 0.2         |
|    entropy_loss         | -2.32       |
|    explained_variance   | 0.976       |
|    learning_rate        | 0.0003      |
|    loss                 | 2.11        |
|    n_updates            | 13010       |
|    policy_gradient_loss | -0.00284    |
|    std                  | 0.445       |
|    value_loss           | 2           |
-----------------------------------------
-----------------------------------------
| rollout/                |             |
|    ep_len_mean          | 262         |
|    ep_rew_mean          | -41.2       |
| time/                   |             |
|    fps                  | 956         |
|    iterations           | 36          |
|    time_elapsed         | 308         |
|    total_timesteps      | 294912      |
| train/                  |             |
|    approx_kl            | 0.019868128 |
|    clip_fraction        | 0.206       |
|    clip_range           | 0.2         |
|    entropy_loss         | -2.32       |
|    explained_variance   | 0.971       |
|    learning_rate        | 0.0003      |
|    loss                 | 0.462       |
|    n_updates            | 13020       |
|    policy_gradient_loss | -0.0026     |
|    std                  | 0.448       |
|    value_loss           | 2.54        |
-----------------------------------------
-----------------------------------------
| rollout/                |             |
|    ep_len_mean          | 273         |
|    ep_rew_mean          | -49.9       |
| time/                   |             |
|    fps                  | 956         |
|    iterations           | 37          |
|    time_elapsed         | 316         |
|    total_timesteps      | 303104      |
| train/                  |             |
|    approx_kl            | 0.011188334 |
|    clip_fraction        | 0.12        |
|    clip_range           | 0.2         |
|    entropy_loss         | -2.33       |
|    explained_variance   | 0.95        |
|    learning_rate        | 0.0003      |
|    loss                 | 1.13        |
|    n_updates            | 13030       |
|    policy_gradient_loss | -0.00316    |
|    std                  | 0.448       |
|    value_loss           | 2.77        |
-----------------------------------------
-----------------------------------------
| rollout/                |             |
|    ep_len_mean          | 324         |
|    ep_rew_mean          | -70         |
| time/                   |             |
|    fps                  | 957         |
|    iterations           | 38          |
|    time_elapsed         | 325         |
|    total_timesteps      | 311296      |
| train/                  |             |
|    approx_kl            | 0.012907624 |
|    clip_fraction        | 0.139       |
|    clip_range           | 0.2         |
|    entropy_loss         | -2.33       |
|    explained_variance   | 0.933       |
|    learning_rate        | 0.0003      |
|    loss                 | 8           |
|    n_updates            | 13040       |
|    policy_gradient_loss | 0.00251     |
|    std                  | 0.446       |
|    value_loss           | 5.72        |
-----------------------------------------
-----------------------------------------
| rollout/                |             |
|    ep_len_mean          | 369         |
|    ep_rew_mean          | -93.9       |
| time/                   |             |
|    fps                  | 958         |
|    iterations           | 39          |
|    time_elapsed         | 333         |
|    total_timesteps      | 319488      |
| train/                  |             |
|    approx_kl            | 0.015591614 |
|    clip_fraction        | 0.136       |
|    clip_range           | 0.2         |
|    entropy_loss         | -2.32       |
|    explained_variance   | 0.957       |
|    learning_rate        | 0.0003      |
|    loss                 | 0.595       |
|    n_updates            | 13050       |
|    policy_gradient_loss | -0.00267    |
|    std                  | 0.447       |
|    value_loss           | 5.74        |
-----------------------------------------
-----------------------------------------
| rollout/                |             |
|    ep_len_mean          | 381         |
|    ep_rew_mean          | -100        |
| time/                   |             |
|    fps                  | 958         |
|    iterations           | 40          |
|    time_elapsed         | 342         |
|    total_timesteps      | 327680      |
| train/                  |             |
|    approx_kl            | 0.017120298 |
|    clip_fraction        | 0.221       |
|    clip_range           | 0.2         |
|    entropy_loss         | -2.34       |
|    explained_variance   | 0.973       |
|    learning_rate        | 0.0003      |
|    loss                 | 1.56        |
|    n_updates            | 13060       |
|    policy_gradient_loss | -0.000506   |
|    std                  | 0.448       |
|    value_loss           | 2.28        |
-----------------------------------------
-----------------------------------------
| rollout/                |             |
|    ep_len_mean          | 376         |
|    ep_rew_mean          | -106        |
| time/                   |             |
|    fps                  | 959         |
|    iterations           | 41          |
|    time_elapsed         | 350         |
|    total_timesteps      | 335872      |
| train/                  |             |
|    approx_kl            | 0.012201518 |
|    clip_fraction        | 0.147       |
|    clip_range           | 0.2         |
|    entropy_loss         | -2.35       |
|    explained_variance   | 0.967       |
|    learning_rate        | 0.0003      |
|    loss                 | 1.98        |
|    n_updates            | 13070       |
|    policy_gradient_loss | -0.00263    |
|    std                  | 0.451       |
|    value_loss           | 6.92        |
-----------------------------------------
-----------------------------------------
| rollout/                |             |
|    ep_len_mean          | 342         |
|    ep_rew_mean          | -104        |
| time/                   |             |
|    fps                  | 959         |
|    iterations           | 42          |
|    time_elapsed         | 358         |
|    total_timesteps      | 344064      |
| train/                  |             |
|    approx_kl            | 0.016553462 |
|    clip_fraction        | 0.173       |
|    clip_range           | 0.2         |
|    entropy_loss         | -2.37       |
|    explained_variance   | 0.984       |
|    learning_rate        | 0.0003      |
|    loss                 | 1.21        |
|    n_updates            | 13080       |
|    policy_gradient_loss | -0.00237    |
|    std                  | 0.453       |
|    value_loss           | 9.63        |
-----------------------------------------
-----------------------------------------
| rollout/                |             |
|    ep_len_mean          | 297         |
|    ep_rew_mean          | -79.2       |
| time/                   |             |
|    fps                  | 960         |
|    iterations           | 43          |
|    time_elapsed         | 366         |
|    total_timesteps      | 352256      |
| train/                  |             |
|    approx_kl            | 0.020588247 |
|    clip_fraction        | 0.209       |
|    clip_range           | 0.2         |
|    entropy_loss         | -2.36       |
|    explained_variance   | 0.981       |
|    learning_rate        | 0.0003      |
|    loss                 | 0.559       |
|    n_updates            | 13090       |
|    policy_gradient_loss | -0.00109    |
|    std                  | 0.452       |
|    value_loss           | 2.97        |
-----------------------------------------
-----------------------------------------
| rollout/                |             |
|    ep_len_mean          | 280         |
|    ep_rew_mean          | -59.6       |
| time/                   |             |
|    fps                  | 960         |
|    iterations           | 44          |
|    time_elapsed         | 375         |
|    total_timesteps      | 360448      |
| train/                  |             |
|    approx_kl            | 0.020738948 |
|    clip_fraction        | 0.231       |
|    clip_range           | 0.2         |
|    entropy_loss         | -2.34       |
|    explained_variance   | 0.975       |
|    learning_rate        | 0.0003      |
|    loss                 | 0.32        |
|    n_updates            | 13100       |
|    policy_gradient_loss | -0.00345    |
|    std                  | 0.447       |
|    value_loss           | 1.12        |
-----------------------------------------
-----------------------------------------
| rollout/                |             |
|    ep_len_mean          | 297         |
|    ep_rew_mean          | -62.3       |
| time/                   |             |
|    fps                  | 960         |
|    iterations           | 45          |
|    time_elapsed         | 383         |
|    total_timesteps      | 368640      |
| train/                  |             |
|    approx_kl            | 0.020901108 |
|    clip_fraction        | 0.191       |
|    clip_range           | 0.2         |
|    entropy_loss         | -2.31       |
|    explained_variance   | 0.943       |
|    learning_rate        | 0.0003      |
|    loss                 | 12.8        |
|    n_updates            | 13110       |
|    policy_gradient_loss | -0.00352    |
|    std                  | 0.447       |
|    value_loss           | 5.71        |
-----------------------------------------
-----------------------------------------
| rollout/                |             |
|    ep_len_mean          | 296         |
|    ep_rew_mean          | -63         |
| time/                   |             |
|    fps                  | 960         |
|    iterations           | 46          |
|    time_elapsed         | 392         |
|    total_timesteps      | 376832      |
| train/                  |             |
|    approx_kl            | 0.018181186 |
|    clip_fraction        | 0.16        |
|    clip_range           | 0.2         |
|    entropy_loss         | -2.33       |
|    explained_variance   | 0.966       |
|    learning_rate        | 0.0003      |
|    loss                 | 0.532       |
|    n_updates            | 13120       |
|    policy_gradient_loss | -0.00228    |
|    std                  | 0.452       |
|    value_loss           | 2.53        |
-----------------------------------------
-----------------------------------------
| rollout/                |             |
|    ep_len_mean          | 290         |
|    ep_rew_mean          | -58.1       |
| time/                   |             |
|    fps                  | 961         |
|    iterations           | 47          |
|    time_elapsed         | 400         |
|    total_timesteps      | 385024      |
| train/                  |             |
|    approx_kl            | 0.021882424 |
|    clip_fraction        | 0.234       |
|    clip_range           | 0.2         |
|    entropy_loss         | -2.33       |
|    explained_variance   | 0.974       |
|    learning_rate        | 0.0003      |
|    loss                 | 0.626       |
|    n_updates            | 13130       |
|    policy_gradient_loss | -0.00433    |
|    std                  | 0.449       |
|    value_loss           | 2.34        |
-----------------------------------------
-----------------------------------------
| rollout/                |             |
|    ep_len_mean          | 313         |
|    ep_rew_mean          | -64.9       |
| time/                   |             |
|    fps                  | 961         |
|    iterations           | 48          |
|    time_elapsed         | 409         |
|    total_timesteps      | 393216      |
| train/                  |             |
|    approx_kl            | 0.025272688 |
|    clip_fraction        | 0.251       |
|    clip_range           | 0.2         |
|    entropy_loss         | -2.32       |
|    explained_variance   | 0.951       |
|    learning_rate        | 0.0003      |
|    loss                 | 0.81        |
|    n_updates            | 13140       |
|    policy_gradient_loss | -0.00608    |
|    std                  | 0.446       |
|    value_loss           | 2.21        |
-----------------------------------------
[PeriodicArtifactCallback] step 400000: running periodic self-monitoring analysis...
[PeriodicArtifactCallback] analysis written to C:\GitHub\HumanoidRobot\simulation\training\pick_place\runs\pp_v14\analysis_400000.md (stalled=False)
[PeriodicArtifactCallback] step 400000: saving checkpoint, evaluating, rendering...
[PeriodicArtifactCallback] step 400000: success_rate=0.00 pick_success_rate=0.20 mean_reward=-201.63 -> C:\GitHub\HumanoidRobot\simulation\training\pick_place\runs\pp_v14\dashboard.html
---------------------------------------
| rollout/                |           |
|    ep_len_mean          | 290       |
|    ep_rew_mean          | -52.3     |
| time/                   |           |
|    fps                  | 918       |
|    iterations           | 49        |
|    time_elapsed         | 437       |
|    total_timesteps      | 401408    |
| train/                  |           |
|    approx_kl            | 0.0161061 |
|    clip_fraction        | 0.165     |
|    clip_range           | 0.2       |
|    entropy_loss         | -2.3      |
|    explained_variance   | 0.976     |
|    learning_rate        | 0.0003    |
|    loss                 | 0.0899    |
|    n_updates            | 13150     |
|    policy_gradient_loss | 0.00357   |
|    std                  | 0.445     |
|    value_loss           | 2.11      |
---------------------------------------
-----------------------------------------
| rollout/                |             |
|    ep_len_mean          | 307         |
|    ep_rew_mean          | -59.3       |
| time/                   |             |
|    fps                  | 919         |
|    iterations           | 50          |
|    time_elapsed         | 445         |
|    total_timesteps      | 409600      |
| train/                  |             |
|    approx_kl            | 0.013969437 |
|    clip_fraction        | 0.161       |
|    clip_range           | 0.2         |
|    entropy_loss         | -2.29       |
|    explained_variance   | 0.966       |
|    learning_rate        | 0.0003      |
|    loss                 | 0.509       |
|    n_updates            | 13160       |
|    policy_gradient_loss | -0.00407    |
|    std                  | 0.444       |
|    value_loss           | 5.44        |
-----------------------------------------
-----------------------------------------
| rollout/                |             |
|    ep_len_mean          | 313         |
|    ep_rew_mean          | -62.1       |
| time/                   |             |
|    fps                  | 920         |
|    iterations           | 51          |
|    time_elapsed         | 453         |
|    total_timesteps      | 417792      |
| train/                  |             |
|    approx_kl            | 0.018684994 |
|    clip_fraction        | 0.233       |
|    clip_range           | 0.2         |
|    entropy_loss         | -2.3        |
|    explained_variance   | 0.95        |
|    learning_rate        | 0.0003      |
|    loss                 | 0.789       |
|    n_updates            | 13170       |
|    policy_gradient_loss | -0.00522    |
|    std                  | 0.446       |
|    value_loss           | 2.08        |
-----------------------------------------
-----------------------------------------
| rollout/                |             |
|    ep_len_mean          | 307         |
|    ep_rew_mean          | -72.2       |
| time/                   |             |
|    fps                  | 921         |
|    iterations           | 52          |
|    time_elapsed         | 462         |
|    total_timesteps      | 425984      |
| train/                  |             |
|    approx_kl            | 0.013577798 |
|    clip_fraction        | 0.131       |
|    clip_range           | 0.2         |
|    entropy_loss         | -2.35       |
|    explained_variance   | 0.95        |
|    learning_rate        | 0.0003      |
|    loss                 | 0.514       |
|    n_updates            | 13180       |
|    policy_gradient_loss | -0.00319    |
|    std                  | 0.454       |
|    value_loss           | 4.6         |
-----------------------------------------
-----------------------------------------
| rollout/                |             |
|    ep_len_mean          | 324         |
|    ep_rew_mean          | -78.5       |
| time/                   |             |
|    fps                  | 923         |
|    iterations           | 53          |
|    time_elapsed         | 470         |
|    total_timesteps      | 434176      |
| train/                  |             |
|    approx_kl            | 0.013750746 |
|    clip_fraction        | 0.154       |
|    clip_range           | 0.2         |
|    entropy_loss         | -2.37       |
|    explained_variance   | 0.968       |
|    learning_rate        | 0.0003      |
|    loss                 | 0.854       |
|    n_updates            | 13190       |
|    policy_gradient_loss | 0.00134     |
|    std                  | 0.451       |
|    value_loss           | 3.48        |
-----------------------------------------
-----------------------------------------
| rollout/                |             |
|    ep_len_mean          | 336         |
|    ep_rew_mean          | -83.4       |
| time/                   |             |
|    fps                  | 924         |
|    iterations           | 54          |
|    time_elapsed         | 478         |
|    total_timesteps      | 442368      |
| train/                  |             |
|    approx_kl            | 0.018301439 |
|    clip_fraction        | 0.185       |
|    clip_range           | 0.2         |
|    entropy_loss         | -2.36       |
|    explained_variance   | 0.982       |
|    learning_rate        | 0.0003      |
|    loss                 | 0.543       |
|    n_updates            | 13200       |
|    policy_gradient_loss | -0.00378    |
|    std                  | 0.451       |
|    value_loss           | 2.99        |
-----------------------------------------
-----------------------------------------
| rollout/                |             |
|    ep_len_mean          | 324         |
|    ep_rew_mean          | -77         |
| time/                   |             |
|    fps                  | 925         |
|    iterations           | 55          |
|    time_elapsed         | 486         |
|    total_timesteps      | 450560      |
| train/                  |             |
|    approx_kl            | 0.018503882 |
|    clip_fraction        | 0.211       |
|    clip_range           | 0.2         |
|    entropy_loss         | -2.35       |
|    explained_variance   | 0.949       |
|    learning_rate        | 0.0003      |
|    loss                 | 0.113       |
|    n_updates            | 13210       |
|    policy_gradient_loss | -0.00319    |
|    std                  | 0.448       |
|    value_loss           | 2.89        |
-----------------------------------------
----------------------------------------
| rollout/                |            |
|    ep_len_mean          | 313        |
|    ep_rew_mean          | -69.6      |
| time/                   |            |
|    fps                  | 926        |
|    iterations           | 56         |
|    time_elapsed         | 495        |
|    total_timesteps      | 458752     |
| train/                  |            |
|    approx_kl            | 0.01889017 |
|    clip_fraction        | 0.171      |
|    clip_range           | 0.2        |
|    entropy_loss         | -2.33      |
|    explained_variance   | 0.94       |
|    learning_rate        | 0.0003     |
|    loss                 | 0.771      |
|    n_updates            | 13220      |
|    policy_gradient_loss | -0.00495   |
|    std                  | 0.446      |
|    value_loss           | 7.83       |
----------------------------------------
-----------------------------------------
| rollout/                |             |
|    ep_len_mean          | 349         |
|    ep_rew_mean          | -80         |
| time/                   |             |
|    fps                  | 927         |
|    iterations           | 57          |
|    time_elapsed         | 503         |
|    total_timesteps      | 466944      |
| train/                  |             |
|    approx_kl            | 0.019567352 |
|    clip_fraction        | 0.191       |
|    clip_range           | 0.2         |
|    entropy_loss         | -2.31       |
|    explained_variance   | 0.979       |
|    learning_rate        | 0.0003      |
|    loss                 | 0.952       |
|    n_updates            | 13230       |
|    policy_gradient_loss | -0.000801   |
|    std                  | 0.444       |
|    value_loss           | 3.79        |
-----------------------------------------
----------------------------------------
| rollout/                |            |
|    ep_len_mean          | 320        |
|    ep_rew_mean          | -70.5      |
| time/                   |            |
|    fps                  | 929        |
|    iterations           | 58         |
|    time_elapsed         | 511        |
|    total_timesteps      | 475136     |
| train/                  |            |
|    approx_kl            | 0.02152084 |
|    clip_fraction        | 0.213      |
|    clip_range           | 0.2        |
|    entropy_loss         | -2.31      |
|    explained_variance   | 0.972      |
|    learning_rate        | 0.0003     |
|    loss                 | 0.923      |
|    n_updates            | 13240      |
|    policy_gradient_loss | -0.000173  |
|    std                  | 0.446      |
|    value_loss           | 2.79       |
----------------------------------------
-----------------------------------------
| rollout/                |             |
|    ep_len_mean          | 349         |
|    ep_rew_mean          | -81.2       |
| time/                   |             |
|    fps                  | 929         |
|    iterations           | 59          |
|    time_elapsed         | 519         |
|    total_timesteps      | 483328      |
| train/                  |             |
|    approx_kl            | 0.013682905 |
|    clip_fraction        | 0.144       |
|    clip_range           | 0.2         |
|    entropy_loss         | -2.3        |
|    explained_variance   | 0.924       |
|    learning_rate        | 0.0003      |
|    loss                 | 1.43        |
|    n_updates            | 13250       |
|    policy_gradient_loss | -0.0039     |
|    std                  | 0.446       |
|    value_loss           | 5.93        |
-----------------------------------------
-----------------------------------------
| rollout/                |             |
|    ep_len_mean          | 349         |
|    ep_rew_mean          | -87.4       |
| time/                   |             |
|    fps                  | 931         |
|    iterations           | 60          |
|    time_elapsed         | 527         |
|    total_timesteps      | 491520      |
| train/                  |             |
|    approx_kl            | 0.013855513 |
|    clip_fraction        | 0.146       |
|    clip_range           | 0.2         |
|    entropy_loss         | -2.32       |
|    explained_variance   | 0.891       |
|    learning_rate        | 0.0003      |
|    loss                 | 0.26        |
|    n_updates            | 13260       |
|    policy_gradient_loss | -0.000583   |
|    std                  | 0.449       |
|    value_loss           | 5.59        |
-----------------------------------------
-----------------------------------------
| rollout/                |             |
|    ep_len_mean          | 313         |
|    ep_rew_mean          | -64.4       |
| time/                   |             |
|    fps                  | 931         |
|    iterations           | 61          |
|    time_elapsed         | 536         |
|    total_timesteps      | 499712      |
| train/                  |             |
|    approx_kl            | 0.020700697 |
|    clip_fraction        | 0.16        |
|    clip_range           | 0.2         |
|    entropy_loss         | -2.35       |
|    explained_variance   | 0.96        |
|    learning_rate        | 0.0003      |
|    loss                 | 0.45        |
|    n_updates            | 13270       |
|    policy_gradient_loss | -0.00107    |
|    std                  | 0.451       |
|    value_loss           | 2.93        |
-----------------------------------------
-----------------------------------------
| rollout/                |             |
|    ep_len_mean          | 319         |
|    ep_rew_mean          | -73.1       |
| time/                   |             |
|    fps                  | 932         |
|    iterations           | 62          |
|    time_elapsed         | 544         |
|    total_timesteps      | 507904      |
| train/                  |             |
|    approx_kl            | 0.012963498 |
|    clip_fraction        | 0.104       |
|    clip_range           | 0.2         |
|    entropy_loss         | -2.35       |
|    explained_variance   | 0.953       |
|    learning_rate        | 0.0003      |
|    loss                 | 2.29        |
|    n_updates            | 13280       |
|    policy_gradient_loss | -0.00375    |
|    std                  | 0.451       |
|    value_loss           | 6.39        |
-----------------------------------------
----------------------------------------
| rollout/                |            |
|    ep_len_mean          | 297        |
|    ep_rew_mean          | -65.4      |
| time/                   |            |
|    fps                  | 932        |
|    iterations           | 63         |
|    time_elapsed         | 553        |
|    total_timesteps      | 516096     |
| train/                  |            |
|    approx_kl            | 0.02196829 |
|    clip_fraction        | 0.213      |
|    clip_range           | 0.2        |
|    entropy_loss         | -2.35      |
|    explained_variance   | 0.961      |
|    learning_rate        | 0.0003     |
|    loss                 | 4.92       |
|    n_updates            | 13290      |
|    policy_gradient_loss | -0.00431   |
|    std                  | 0.453      |
|    value_loss           | 4.3        |
----------------------------------------
----------------------------------------
| rollout/                |            |
|    ep_len_mean          | 303        |
|    ep_rew_mean          | -61.4      |
| time/                   |            |
|    fps                  | 933        |
|    iterations           | 64         |
|    time_elapsed         | 561        |
|    total_timesteps      | 524288     |
| train/                  |            |
|    approx_kl            | 0.02664364 |
|    clip_fraction        | 0.259      |
|    clip_range           | 0.2        |
|    entropy_loss         | -2.35      |
|    explained_variance   | 0.965      |
|    learning_rate        | 0.0003     |
|    loss                 | 0.414      |
|    n_updates            | 13300      |
|    policy_gradient_loss | -0.00569   |
|    std                  | 0.453      |
|    value_loss           | 2.51       |
----------------------------------------
----------------------------------------
| rollout/                |            |
|    ep_len_mean          | 319        |
|    ep_rew_mean          | -71.2      |
| time/                   |            |
|    fps                  | 934        |
|    iterations           | 65         |
|    time_elapsed         | 569        |
|    total_timesteps      | 532480     |
| train/                  |            |
|    approx_kl            | 0.02380759 |
|    clip_fraction        | 0.216      |
|    clip_range           | 0.2        |
|    entropy_loss         | -2.35      |
|    explained_variance   | 0.95       |
|    learning_rate        | 0.0003     |
|    loss                 | 0.645      |
|    n_updates            | 13310      |
|    policy_gradient_loss | -0.00159   |
|    std                  | 0.453      |
|    value_loss           | 3.9        |
----------------------------------------
-----------------------------------------
| rollout/                |             |
|    ep_len_mean          | 336         |
|    ep_rew_mean          | -74.1       |
| time/                   |             |
|    fps                  | 935         |
|    iterations           | 66          |
|    time_elapsed         | 578         |
|    total_timesteps      | 540672      |
| train/                  |             |
|    approx_kl            | 0.016429663 |
|    clip_fraction        | 0.129       |
|    clip_range           | 0.2         |
|    entropy_loss         | -2.37       |
|    explained_variance   | 0.974       |
|    learning_rate        | 0.0003      |
|    loss                 | 0.424       |
|    n_updates            | 13320       |
|    policy_gradient_loss | -0.000981   |
|    std                  | 0.457       |
|    value_loss           | 4.39        |
-----------------------------------------
-----------------------------------------
| rollout/                |             |
|    ep_len_mean          | 359         |
|    ep_rew_mean          | -83.4       |
| time/                   |             |
|    fps                  | 935         |
|    iterations           | 67          |
|    time_elapsed         | 586         |
|    total_timesteps      | 548864      |
| train/                  |             |
|    approx_kl            | 0.020398354 |
|    clip_fraction        | 0.221       |
|    clip_range           | 0.2         |
|    entropy_loss         | -2.4        |
|    explained_variance   | 0.964       |
|    learning_rate        | 0.0003      |
|    loss                 | 0.0713      |
|    n_updates            | 13330       |
|    policy_gradient_loss | -0.000243   |
|    std                  | 0.46        |
|    value_loss           | 2.76        |
-----------------------------------------
-----------------------------------------
| rollout/                |             |
|    ep_len_mean          | 365         |
|    ep_rew_mean          | -85.4       |
| time/                   |             |
|    fps                  | 936         |
|    iterations           | 68          |
|    time_elapsed         | 594         |
|    total_timesteps      | 557056      |
| train/                  |             |
|    approx_kl            | 0.018395795 |
|    clip_fraction        | 0.131       |
|    clip_range           | 0.2         |
|    entropy_loss         | -2.42       |
|    explained_variance   | 0.847       |
|    learning_rate        | 0.0003      |
|    loss                 | 2.2         |
|    n_updates            | 13340       |
|    policy_gradient_loss | -0.00832    |
|    std                  | 0.459       |
|    value_loss           | 6.75        |
-----------------------------------------
-----------------------------------------
| rollout/                |             |
|    ep_len_mean          | 319         |
|    ep_rew_mean          | -60.5       |
| time/                   |             |
|    fps                  | 937         |
|    iterations           | 69          |
|    time_elapsed         | 602         |
|    total_timesteps      | 565248      |
| train/                  |             |
|    approx_kl            | 0.028803442 |
|    clip_fraction        | 0.256       |
|    clip_range           | 0.2         |
|    entropy_loss         | -2.38       |
|    explained_variance   | 0.956       |
|    learning_rate        | 0.0003      |
|    loss                 | 1.62        |
|    n_updates            | 13350       |
|    policy_gradient_loss | -0.00292    |
|    std                  | 0.455       |
|    value_loss           | 2.56        |
-----------------------------------------
-----------------------------------------
| rollout/                |             |
|    ep_len_mean          | 348         |
|    ep_rew_mean          | -80         |
| time/                   |             |
|    fps                  | 938         |
|    iterations           | 70          |
|    time_elapsed         | 611         |
|    total_timesteps      | 573440      |
| train/                  |             |
|    approx_kl            | 0.014052352 |
|    clip_fraction        | 0.151       |
|    clip_range           | 0.2         |
|    entropy_loss         | -2.38       |
|    explained_variance   | 0.961       |
|    learning_rate        | 0.0003      |
|    loss                 | 0.0816      |
|    n_updates            | 13360       |
|    policy_gradient_loss | 0.00136     |
|    std                  | 0.459       |
|    value_loss           | 1.9         |
-----------------------------------------
-----------------------------------------
| rollout/                |             |
|    ep_len_mean          | 342         |
|    ep_rew_mean          | -84.2       |
| time/                   |             |
|    fps                  | 938         |
|    iterations           | 71          |
|    time_elapsed         | 619         |
|    total_timesteps      | 581632      |
| train/                  |             |
|    approx_kl            | 0.013695937 |
|    clip_fraction        | 0.141       |
|    clip_range           | 0.2         |
|    entropy_loss         | -2.41       |
|    explained_variance   | 0.967       |
|    learning_rate        | 0.0003      |
|    loss                 | 0.943       |
|    n_updates            | 13370       |
|    policy_gradient_loss | -0.00176    |
|    std                  | 0.463       |
|    value_loss           | 4.11        |
-----------------------------------------
-----------------------------------------
| rollout/                |             |
|    ep_len_mean          | 342         |
|    ep_rew_mean          | -87.8       |
| time/                   |             |
|    fps                  | 939         |
|    iterations           | 72          |
|    time_elapsed         | 627         |
|    total_timesteps      | 589824      |
| train/                  |             |
|    approx_kl            | 0.015204053 |
|    clip_fraction        | 0.14        |
|    clip_range           | 0.2         |
|    entropy_loss         | -2.43       |
|    explained_variance   | 0.966       |
|    learning_rate        | 0.0003      |
|    loss                 | 11.2        |
|    n_updates            | 13380       |
|    policy_gradient_loss | -0.00554    |
|    std                  | 0.466       |
|    value_loss           | 7.12        |
-----------------------------------------
-----------------------------------------
| rollout/                |             |
|    ep_len_mean          | 336         |
|    ep_rew_mean          | -87.8       |
| time/                   |             |
|    fps                  | 940         |
|    iterations           | 73          |
|    time_elapsed         | 635         |
|    total_timesteps      | 598016      |
| train/                  |             |
|    approx_kl            | 0.023822937 |
|    clip_fraction        | 0.229       |
|    clip_range           | 0.2         |
|    entropy_loss         | -2.44       |
|    explained_variance   | 0.957       |
|    learning_rate        | 0.0003      |
|    loss                 | 0.354       |
|    n_updates            | 13390       |
|    policy_gradient_loss | -0.00518    |
|    std                  | 0.468       |
|    value_loss           | 6.56        |
-----------------------------------------
[PeriodicArtifactCallback] step 600000: saving checkpoint, evaluating, rendering...
[PeriodicArtifactCallback] step 600000: success_rate=0.00 pick_success_rate=0.00 mean_reward=-134.74 -> C:\GitHub\HumanoidRobot\simulation\training\pick_place\runs\pp_v14\dashboard.html
----------------------------------------
| rollout/                |            |
|    ep_len_mean          | 285        |
|    ep_rew_mean          | -64.3      |
| time/                   |            |
|    fps                  | 924        |
|    iterations           | 74         |
|    time_elapsed         | 655        |
|    total_timesteps      | 606208     |
| train/                  |            |
|    approx_kl            | 0.01829017 |
|    clip_fraction        | 0.2        |
|    clip_range           | 0.2        |
|    entropy_loss         | -2.46      |
|    explained_variance   | 0.97       |
|    learning_rate        | 0.0003     |
|    loss                 | 0.44       |
|    n_updates            | 13400      |
|    policy_gradient_loss | -0.00124   |
|    std                  | 0.469      |
|    value_loss           | 4.11       |
----------------------------------------
-----------------------------------------
| rollout/                |             |
|    ep_len_mean          | 258         |
|    ep_rew_mean          | -42.9       |
| time/                   |             |
|    fps                  | 925         |
|    iterations           | 75          |
|    time_elapsed         | 664         |
|    total_timesteps      | 614400      |
| train/                  |             |
|    approx_kl            | 0.024905238 |
|    clip_fraction        | 0.223       |
|    clip_range           | 0.2         |
|    entropy_loss         | -2.46       |
|    explained_variance   | 0.974       |
|    learning_rate        | 0.0003      |
|    loss                 | 1.67        |
|    n_updates            | 13410       |
|    policy_gradient_loss | -0.00343    |
|    std                  | 0.469       |
|    value_loss           | 3.9         |
-----------------------------------------
-----------------------------------------
| rollout/                |             |
|    ep_len_mean          | 253         |
|    ep_rew_mean          | -41.6       |
| time/                   |             |
|    fps                  | 925         |
|    iterations           | 76          |
|    time_elapsed         | 672         |
|    total_timesteps      | 622592      |
| train/                  |             |
|    approx_kl            | 0.020732742 |
|    clip_fraction        | 0.235       |
|    clip_range           | 0.2         |
|    entropy_loss         | -2.43       |
|    explained_variance   | 0.94        |
|    learning_rate        | 0.0003      |
|    loss                 | 0.701       |
|    n_updates            | 13420       |
|    policy_gradient_loss | -0.00379    |
|    std                  | 0.464       |
|    value_loss           | 4.12        |
-----------------------------------------
-----------------------------------------
| rollout/                |             |
|    ep_len_mean          | 277         |
|    ep_rew_mean          | -50.9       |
| time/                   |             |
|    fps                  | 926         |
|    iterations           | 77          |
|    time_elapsed         | 680         |
|    total_timesteps      | 630784      |
| train/                  |             |
|    approx_kl            | 0.015630448 |
|    clip_fraction        | 0.137       |
|    clip_range           | 0.2         |
|    entropy_loss         | -2.41       |
|    explained_variance   | 0.938       |
|    learning_rate        | 0.0003      |
|    loss                 | 7.18        |
|    n_updates            | 13430       |
|    policy_gradient_loss | -0.00465    |
|    std                  | 0.463       |
|    value_loss           | 6.12        |
-----------------------------------------
-----------------------------------------
| rollout/                |             |
|    ep_len_mean          | 295         |
|    ep_rew_mean          | -55.2       |
| time/                   |             |
|    fps                  | 928         |
|    iterations           | 78          |
|    time_elapsed         | 688         |
|    total_timesteps      | 638976      |
| train/                  |             |
|    approx_kl            | 0.013817459 |
|    clip_fraction        | 0.125       |
|    clip_range           | 0.2         |
|    entropy_loss         | -2.41       |
|    explained_variance   | 0.937       |
|    learning_rate        | 0.0003      |
|    loss                 | 1.92        |
|    n_updates            | 13440       |
|    policy_gradient_loss | -0.00312    |
|    std                  | 0.465       |
|    value_loss           | 4.95        |
-----------------------------------------
-----------------------------------------
| rollout/                |             |
|    ep_len_mean          | 299         |
|    ep_rew_mean          | -57.1       |
| time/                   |             |
|    fps                  | 928         |
|    iterations           | 79          |
|    time_elapsed         | 696         |
|    total_timesteps      | 647168      |
| train/                  |             |
|    approx_kl            | 0.030287264 |
|    clip_fraction        | 0.238       |
|    clip_range           | 0.2         |
|    entropy_loss         | -2.45       |
|    explained_variance   | 0.926       |
|    learning_rate        | 0.0003      |
|    loss                 | 0.997       |
|    n_updates            | 13450       |
|    policy_gradient_loss | -0.00246    |
|    std                  | 0.471       |
|    value_loss           | 3.73        |
-----------------------------------------
-----------------------------------------
| rollout/                |             |
|    ep_len_mean          | 305         |
|    ep_rew_mean          | -52.6       |
| time/                   |             |
|    fps                  | 929         |
|    iterations           | 80          |
|    time_elapsed         | 704         |
|    total_timesteps      | 655360      |
| train/                  |             |
|    approx_kl            | 0.022348385 |
|    clip_fraction        | 0.236       |
|    clip_range           | 0.2         |
|    entropy_loss         | -2.45       |
|    explained_variance   | 0.969       |
|    learning_rate        | 0.0003      |
|    loss                 | 0.116       |
|    n_updates            | 13460       |
|    policy_gradient_loss | -0.00205    |
|    std                  | 0.469       |
|    value_loss           | 1.16        |
-----------------------------------------
-----------------------------------------
| rollout/                |             |
|    ep_len_mean          | 337         |
|    ep_rew_mean          | -69.1       |
| time/                   |             |
|    fps                  | 930         |
|    iterations           | 81          |
|    time_elapsed         | 713         |
|    total_timesteps      | 663552      |
| train/                  |             |
|    approx_kl            | 0.015469733 |
|    clip_fraction        | 0.14        |
|    clip_range           | 0.2         |
|    entropy_loss         | -2.44       |
|    explained_variance   | 0.957       |
|    learning_rate        | 0.0003      |
|    loss                 | 0.338       |
|    n_updates            | 13470       |
|    policy_gradient_loss | 7.07e-05    |
|    std                  | 0.466       |
|    value_loss           | 3.05        |
-----------------------------------------
-----------------------------------------
| rollout/                |             |
|    ep_len_mean          | 348         |
|    ep_rew_mean          | -70.5       |
| time/                   |             |
|    fps                  | 930         |
|    iterations           | 82          |
|    time_elapsed         | 721         |
|    total_timesteps      | 671744      |
| train/                  |             |
|    approx_kl            | 0.019705625 |
|    clip_fraction        | 0.185       |
|    clip_range           | 0.2         |
|    entropy_loss         | -2.43       |
|    explained_variance   | 0.953       |
|    learning_rate        | 0.0003      |
|    loss                 | 0.523       |
|    n_updates            | 13480       |
|    policy_gradient_loss | -0.00448    |
|    std                  | 0.465       |
|    value_loss           | 2.28        |
-----------------------------------------
-----------------------------------------
| rollout/                |             |
|    ep_len_mean          | 376         |
|    ep_rew_mean          | -75.8       |
| time/                   |             |
|    fps                  | 931         |
|    iterations           | 83          |
|    time_elapsed         | 729         |
|    total_timesteps      | 679936      |
| train/                  |             |
|    approx_kl            | 0.019624691 |
|    clip_fraction        | 0.195       |
|    clip_range           | 0.2         |
|    entropy_loss         | -2.44       |
|    explained_variance   | 0.911       |
|    learning_rate        | 0.0003      |
|    loss                 | 1.19        |
|    n_updates            | 13490       |
|    policy_gradient_loss | -0.00132    |
|    std                  | 0.465       |
|    value_loss           | 1.72        |
-----------------------------------------
--------------------------------------
| rollout/                |          |
|    ep_len_mean          | 382      |
|    ep_rew_mean          | -87.2    |
| time/                   |          |
|    fps                  | 932      |
|    iterations           | 84       |
|    time_elapsed         | 738      |
|    total_timesteps      | 688128   |
| train/                  |          |
|    approx_kl            | 0.022624 |
|    clip_fraction        | 0.159    |
|    clip_range           | 0.2      |
|    entropy_loss         | -2.44    |
|    explained_variance   | 0.966    |
|    learning_rate        | 0.0003   |
|    loss                 | 0.0604   |
|    n_updates            | 13500    |
|    policy_gradient_loss | -0.00139 |
|    std                  | 0.465    |
|    value_loss           | 0.919    |
--------------------------------------
-----------------------------------------
| rollout/                |             |
|    ep_len_mean          | 370         |
|    ep_rew_mean          | -86.7       |
| time/                   |             |
|    fps                  | 933         |
|    iterations           | 85          |
|    time_elapsed         | 745         |
|    total_timesteps      | 696320      |
| train/                  |             |
|    approx_kl            | 0.015483763 |
|    clip_fraction        | 0.141       |
|    clip_range           | 0.2         |
|    entropy_loss         | -2.44       |
|    explained_variance   | 0.975       |
|    learning_rate        | 0.0003      |
|    loss                 | 0.348       |
|    n_updates            | 13510       |
|    policy_gradient_loss | -0.00666    |
|    std                  | 0.466       |
|    value_loss           | 2.52        |
-----------------------------------------
-----------------------------------------
| rollout/                |             |
|    ep_len_mean          | 370         |
|    ep_rew_mean          | -91.1       |
| time/                   |             |
|    fps                  | 933         |
|    iterations           | 86          |
|    time_elapsed         | 754         |
|    total_timesteps      | 704512      |
| train/                  |             |
|    approx_kl            | 0.013412588 |
|    clip_fraction        | 0.166       |
|    clip_range           | 0.2         |
|    entropy_loss         | -2.46       |
|    explained_variance   | 0.909       |
|    learning_rate        | 0.0003      |
|    loss                 | 0.943       |
|    n_updates            | 13520       |
|    policy_gradient_loss | -0.00209    |
|    std                  | 0.467       |
|    value_loss           | 3.19        |
-----------------------------------------
-----------------------------------------
| rollout/                |             |
|    ep_len_mean          | 365         |
|    ep_rew_mean          | -88.9       |
| time/                   |             |
|    fps                  | 934         |
|    iterations           | 87          |
|    time_elapsed         | 762         |
|    total_timesteps      | 712704      |
| train/                  |             |
|    approx_kl            | 0.017671078 |
|    clip_fraction        | 0.233       |
|    clip_range           | 0.2         |
|    entropy_loss         | -2.45       |
|    explained_variance   | 0.968       |
|    learning_rate        | 0.0003      |
|    loss                 | 4.12        |
|    n_updates            | 13530       |
|    policy_gradient_loss | -0.00104    |
|    std                  | 0.465       |
|    value_loss           | 2.09        |
-----------------------------------------
-----------------------------------------
| rollout/                |             |
|    ep_len_mean          | 364         |
|    ep_rew_mean          | -95.5       |
| time/                   |             |
|    fps                  | 934         |
|    iterations           | 88          |
|    time_elapsed         | 771         |
|    total_timesteps      | 720896      |
| train/                  |             |
|    approx_kl            | 0.016341612 |
|    clip_fraction        | 0.168       |
|    clip_range           | 0.2         |
|    entropy_loss         | -2.44       |
|    explained_variance   | 0.97        |
|    learning_rate        | 0.0003      |
|    loss                 | 1.14        |
|    n_updates            | 13540       |
|    policy_gradient_loss | -0.00312    |
|    std                  | 0.466       |
|    value_loss           | 3.39        |
-----------------------------------------
----------------------------------------
| rollout/                |            |
|    ep_len_mean          | 359        |
|    ep_rew_mean          | -91.5      |
| time/                   |            |
|    fps                  | 935        |
|    iterations           | 89         |
|    time_elapsed         | 779        |
|    total_timesteps      | 729088     |
| train/                  |            |
|    approx_kl            | 0.02013041 |
|    clip_fraction        | 0.192      |
|    clip_range           | 0.2        |
|    entropy_loss         | -2.42      |
|    explained_variance   | 0.965      |
|    learning_rate        | 0.0003     |
|    loss                 | 1.78       |
|    n_updates            | 13550      |
|    policy_gradient_loss | -0.00187   |
|    std                  | 0.464      |
|    value_loss           | 1.95       |
----------------------------------------
----------------------------------------
| rollout/                |            |
|    ep_len_mean          | 370        |
|    ep_rew_mean          | -85        |
| time/                   |            |
|    fps                  | 935        |
|    iterations           | 90         |
|    time_elapsed         | 787        |
|    total_timesteps      | 737280     |
| train/                  |            |
|    approx_kl            | 0.02059568 |
|    clip_fraction        | 0.231      |
|    clip_range           | 0.2        |
|    entropy_loss         | -2.4       |
|    explained_variance   | 0.958      |
|    learning_rate        | 0.0003     |
|    loss                 | 0.819      |
|    n_updates            | 13560      |
|    policy_gradient_loss | -0.00389   |
|    std                  | 0.462      |
|    value_loss           | 1.22       |
----------------------------------------
-----------------------------------------
| rollout/                |             |
|    ep_len_mean          | 383         |
|    ep_rew_mean          | -87.6       |
| time/                   |             |
|    fps                  | 936         |
|    iterations           | 91          |
|    time_elapsed         | 795         |
|    total_timesteps      | 745472      |
| train/                  |             |
|    approx_kl            | 0.015851703 |
|    clip_fraction        | 0.187       |
|    clip_range           | 0.2         |
|    entropy_loss         | -2.37       |
|    explained_variance   | 0.896       |
|    learning_rate        | 0.0003      |
|    loss                 | 0.367       |
|    n_updates            | 13570       |
|    policy_gradient_loss | 0.00687     |
|    std                  | 0.459       |
|    value_loss           | 1.01        |
-----------------------------------------
------------------------------------------
| rollout/                |              |
|    ep_len_mean          | 366          |
|    ep_rew_mean          | -85.1        |
| time/                   |              |
|    fps                  | 936          |
|    iterations           | 92           |
|    time_elapsed         | 804          |
|    total_timesteps      | 753664       |
| train/                  |              |
|    approx_kl            | 0.0142271295 |
|    clip_fraction        | 0.112        |
|    clip_range           | 0.2          |
|    entropy_loss         | -2.36        |
|    explained_variance   | 0.9          |
|    learning_rate        | 0.0003       |
|    loss                 | 0.573        |
|    n_updates            | 13580        |
|    policy_gradient_loss | -0.0064      |
|    std                  | 0.46         |
|    value_loss           | 5.7          |
------------------------------------------
-----------------------------------------
| rollout/                |             |
|    ep_len_mean          | 377         |
|    ep_rew_mean          | -84.7       |
| time/                   |             |
|    fps                  | 937         |
|    iterations           | 93          |
|    time_elapsed         | 812         |
|    total_timesteps      | 761856      |
| train/                  |             |
|    approx_kl            | 0.021001998 |
|    clip_fraction        | 0.167       |
|    clip_range           | 0.2         |
|    entropy_loss         | -2.39       |
|    explained_variance   | 0.866       |
|    learning_rate        | 0.0003      |
|    loss                 | 0.737       |
|    n_updates            | 13590       |
|    policy_gradient_loss | -0.0027     |
|    std                  | 0.467       |
|    value_loss           | 2.51        |
-----------------------------------------
-----------------------------------------
| rollout/                |             |
|    ep_len_mean          | 371         |
|    ep_rew_mean          | -83.8       |
| time/                   |             |
|    fps                  | 938         |
|    iterations           | 94          |
|    time_elapsed         | 820         |
|    total_timesteps      | 770048      |
| train/                  |             |
|    approx_kl            | 0.031890698 |
|    clip_fraction        | 0.222       |
|    clip_range           | 0.2         |
|    entropy_loss         | -2.43       |
|    explained_variance   | 0.959       |
|    learning_rate        | 0.0003      |
|    loss                 | 0.117       |
|    n_updates            | 13600       |
|    policy_gradient_loss | 0.000654    |
|    std                  | 0.467       |
|    value_loss           | 0.877       |
-----------------------------------------
-----------------------------------------
| rollout/                |             |
|    ep_len_mean          | 359         |
|    ep_rew_mean          | -78.5       |
| time/                   |             |
|    fps                  | 938         |
|    iterations           | 95          |
|    time_elapsed         | 828         |
|    total_timesteps      | 778240      |
| train/                  |             |
|    approx_kl            | 0.023843106 |
|    clip_fraction        | 0.236       |
|    clip_range           | 0.2         |
|    entropy_loss         | -2.43       |
|    explained_variance   | 0.928       |
|    learning_rate        | 0.0003      |
|    loss                 | 0.352       |
|    n_updates            | 13610       |
|    policy_gradient_loss | -0.00106    |
|    std                  | 0.469       |
|    value_loss           | 1.91        |
-----------------------------------------
-----------------------------------------
| rollout/                |             |
|    ep_len_mean          | 359         |
|    ep_rew_mean          | -75.6       |
| time/                   |             |
|    fps                  | 939         |
|    iterations           | 96          |
|    time_elapsed         | 837         |
|    total_timesteps      | 786432      |
| train/                  |             |
|    approx_kl            | 0.019381516 |
|    clip_fraction        | 0.186       |
|    clip_range           | 0.2         |
|    entropy_loss         | -2.44       |
|    explained_variance   | 0.876       |
|    learning_rate        | 0.0003      |
|    loss                 | 0.911       |
|    n_updates            | 13620       |
|    policy_gradient_loss | -0.00382    |
|    std                  | 0.47        |
|    value_loss           | 3.67        |
-----------------------------------------
-----------------------------------------
| rollout/                |             |
|    ep_len_mean          | 353         |
|    ep_rew_mean          | -73.1       |
| time/                   |             |
|    fps                  | 939         |
|    iterations           | 97          |
|    time_elapsed         | 845         |
|    total_timesteps      | 794624      |
| train/                  |             |
|    approx_kl            | 0.039255165 |
|    clip_fraction        | 0.144       |
|    clip_range           | 0.2         |
|    entropy_loss         | -2.44       |
|    explained_variance   | 0.928       |
|    learning_rate        | 0.0003      |
|    loss                 | 3.25        |
|    n_updates            | 13630       |
|    policy_gradient_loss | -0.00667    |
|    std                  | 0.471       |
|    value_loss           | 3.88        |
-----------------------------------------
[PeriodicArtifactCallback] step 800000: running periodic self-monitoring analysis...
[PeriodicArtifactCallback] analysis written to C:\GitHub\HumanoidRobot\simulation\training\pick_place\runs\pp_v14\analysis_800000.md (stalled=False)
[PeriodicArtifactCallback] step 800000: saving checkpoint, evaluating, rendering...
[PeriodicArtifactCallback] step 800000: success_rate=0.00 pick_success_rate=0.20 mean_reward=-122.57 -> C:\GitHub\HumanoidRobot\simulation\training\pick_place\runs\pp_v14\dashboard.html
-----------------------------------------
| rollout/                |             |
|    ep_len_mean          | 382         |
|    ep_rew_mean          | -87         |
| time/                   |             |
|    fps                  | 919         |
|    iterations           | 98          |
|    time_elapsed         | 873         |
|    total_timesteps      | 802816      |
| train/                  |             |
|    approx_kl            | 0.019405808 |
|    clip_fraction        | 0.184       |
|    clip_range           | 0.2         |
|    entropy_loss         | -2.44       |
|    explained_variance   | 0.89        |
|    learning_rate        | 0.0003      |
|    loss                 | 2.27        |
|    n_updates            | 13640       |
|    policy_gradient_loss | -0.00615    |
|    std                  | 0.468       |
|    value_loss           | 6.06        |
-----------------------------------------
-----------------------------------------
| rollout/                |             |
|    ep_len_mean          | 393         |
|    ep_rew_mean          | -92.1       |
| time/                   |             |
|    fps                  | 920         |
|    iterations           | 99          |
|    time_elapsed         | 881         |
|    total_timesteps      | 811008      |
| train/                  |             |
|    approx_kl            | 0.030734679 |
|    clip_fraction        | 0.204       |
|    clip_range           | 0.2         |
|    entropy_loss         | -2.44       |
|    explained_variance   | 0.786       |
|    learning_rate        | 0.0003      |
|    loss                 | 0.311       |
|    n_updates            | 13650       |
|    policy_gradient_loss | -0.005      |
|    std                  | 0.47        |
|    value_loss           | 3.23        |
-----------------------------------------
-----------------------------------------
| rollout/                |             |
|    ep_len_mean          | 393         |
|    ep_rew_mean          | -95.2       |
| time/                   |             |
|    fps                  | 921         |
|    iterations           | 100         |
|    time_elapsed         | 889         |
|    total_timesteps      | 819200      |
| train/                  |             |
|    approx_kl            | 0.017242976 |
|    clip_fraction        | 0.169       |
|    clip_range           | 0.2         |
|    entropy_loss         | -2.48       |
|    explained_variance   | 0.91        |
|    learning_rate        | 0.0003      |
|    loss                 | 0.0939      |
|    n_updates            | 13660       |
|    policy_gradient_loss | 0.00585     |
|    std                  | 0.475       |
|    value_loss           | 1.21        |
-----------------------------------------
-----------------------------------------
| rollout/                |             |
|    ep_len_mean          | 393         |
|    ep_rew_mean          | -96.8       |
| time/                   |             |
|    fps                  | 921         |
|    iterations           | 101         |
|    time_elapsed         | 897         |
|    total_timesteps      | 827392      |
| train/                  |             |
|    approx_kl            | 0.008417264 |
|    clip_fraction        | 0.0776      |
|    clip_range           | 0.2         |
|    entropy_loss         | -2.49       |
|    explained_variance   | 0.956       |
|    learning_rate        | 0.0003      |
|    loss                 | 0.807       |
|    n_updates            | 13670       |
|    policy_gradient_loss | -0.00451    |
|    std                  | 0.477       |
|    value_loss           | 10.2        |
-----------------------------------------
-----------------------------------------
| rollout/                |             |
|    ep_len_mean          | 377         |
|    ep_rew_mean          | -92.1       |
| time/                   |             |
|    fps                  | 922         |
|    iterations           | 102         |
|    time_elapsed         | 905         |
|    total_timesteps      | 835584      |
| train/                  |             |
|    approx_kl            | 0.017225396 |
|    clip_fraction        | 0.18        |
|    clip_range           | 0.2         |
|    entropy_loss         | -2.5        |
|    explained_variance   | 0.912       |
|    learning_rate        | 0.0003      |
|    loss                 | 4.13        |
|    n_updates            | 13680       |
|    policy_gradient_loss | -0.000972   |
|    std                  | 0.478       |
|    value_loss           | 6.59        |
-----------------------------------------
-----------------------------------------
| rollout/                |             |
|    ep_len_mean          | 366         |
|    ep_rew_mean          | -89.3       |
| time/                   |             |
|    fps                  | 922         |
|    iterations           | 103         |
|    time_elapsed         | 914         |
|    total_timesteps      | 843776      |
| train/                  |             |
|    approx_kl            | 0.022308808 |
|    clip_fraction        | 0.221       |
|    clip_range           | 0.2         |
|    entropy_loss         | -2.49       |
|    explained_variance   | 0.936       |
|    learning_rate        | 0.0003      |
|    loss                 | 0.355       |
|    n_updates            | 13690       |
|    policy_gradient_loss | -0.000875   |
|    std                  | 0.476       |
|    value_loss           | 2.66        |
-----------------------------------------
-----------------------------------------
| rollout/                |             |
|    ep_len_mean          | 332         |
|    ep_rew_mean          | -69.2       |
| time/                   |             |
|    fps                  | 923         |
|    iterations           | 104         |
|    time_elapsed         | 922         |
|    total_timesteps      | 851968      |
| train/                  |             |
|    approx_kl            | 0.017633805 |
|    clip_fraction        | 0.187       |
|    clip_range           | 0.2         |
|    entropy_loss         | -2.49       |
|    explained_variance   | 0.964       |
|    learning_rate        | 0.0003      |
|    loss                 | 0.283       |
|    n_updates            | 13700       |
|    policy_gradient_loss | 0.00162     |
|    std                  | 0.475       |
|    value_loss           | 2.33        |
-----------------------------------------
-----------------------------------------
| rollout/                |             |
|    ep_len_mean          | 337         |
|    ep_rew_mean          | -64.6       |
| time/                   |             |
|    fps                  | 923         |
|    iterations           | 105         |
|    time_elapsed         | 931         |
|    total_timesteps      | 860160      |
| train/                  |             |
|    approx_kl            | 0.021067452 |
|    clip_fraction        | 0.218       |
|    clip_range           | 0.2         |
|    entropy_loss         | -2.45       |
|    explained_variance   | 0.966       |
|    learning_rate        | 0.0003      |
|    loss                 | 0.696       |
|    n_updates            | 13710       |
|    policy_gradient_loss | -0.0036     |
|    std                  | 0.472       |
|    value_loss           | 1.16        |
-----------------------------------------
-----------------------------------------
| rollout/                |             |
|    ep_len_mean          | 359         |
|    ep_rew_mean          | -74         |
| time/                   |             |
|    fps                  | 924         |
|    iterations           | 106         |
|    time_elapsed         | 939         |
|    total_timesteps      | 868352      |
| train/                  |             |
|    approx_kl            | 0.019699302 |
|    clip_fraction        | 0.18        |
|    clip_range           | 0.2         |
|    entropy_loss         | -2.45       |
|    explained_variance   | 0.924       |
|    learning_rate        | 0.0003      |
|    loss                 | 0.142       |
|    n_updates            | 13720       |
|    policy_gradient_loss | -0.00214    |
|    std                  | 0.472       |
|    value_loss           | 1.51        |
-----------------------------------------
----------------------------------------
| rollout/                |            |
|    ep_len_mean          | 366        |
|    ep_rew_mean          | -78.5      |
| time/                   |            |
|    fps                  | 924        |
|    iterations           | 107        |
|    time_elapsed         | 947        |
|    total_timesteps      | 876544     |
| train/                  |            |
|    approx_kl            | 0.01625013 |
|    clip_fraction        | 0.191      |
|    clip_range           | 0.2        |
|    entropy_loss         | -2.46      |
|    explained_variance   | 0.966      |
|    learning_rate        | 0.0003     |
|    loss                 | 0.367      |
|    n_updates            | 13730      |
|    policy_gradient_loss | -0.00124   |
|    std                  | 0.473      |
|    value_loss           | 1.51       |
----------------------------------------
-----------------------------------------
| rollout/                |             |
|    ep_len_mean          | 383         |
|    ep_rew_mean          | -81.7       |
| time/                   |             |
|    fps                  | 925         |
|    iterations           | 108         |
|    time_elapsed         | 955         |
|    total_timesteps      | 884736      |
| train/                  |             |
|    approx_kl            | 0.017904732 |
|    clip_fraction        | 0.146       |
|    clip_range           | 0.2         |
|    entropy_loss         | -2.43       |
|    explained_variance   | 0.91        |
|    learning_rate        | 0.0003      |
|    loss                 | 0.704       |
|    n_updates            | 13740       |
|    policy_gradient_loss | -0.00566    |
|    std                  | 0.469       |
|    value_loss           | 4.18        |
-----------------------------------------
-----------------------------------------
| rollout/                |             |
|    ep_len_mean          | 379         |
|    ep_rew_mean          | -88.2       |
| time/                   |             |
|    fps                  | 925         |
|    iterations           | 109         |
|    time_elapsed         | 964         |
|    total_timesteps      | 892928      |
| train/                  |             |
|    approx_kl            | 0.016197957 |
|    clip_fraction        | 0.168       |
|    clip_range           | 0.2         |
|    entropy_loss         | -2.41       |
|    explained_variance   | 0.923       |
|    learning_rate        | 0.0003      |
|    loss                 | 0.801       |
|    n_updates            | 13750       |
|    policy_gradient_loss | -0.003      |
|    std                  | 0.47        |
|    value_loss           | 2.48        |
-----------------------------------------
-----------------------------------------
| rollout/                |             |
|    ep_len_mean          | 379         |
|    ep_rew_mean          | -98.7       |
| time/                   |             |
|    fps                  | 926         |
|    iterations           | 110         |
|    time_elapsed         | 972         |
|    total_timesteps      | 901120      |
| train/                  |             |
|    approx_kl            | 0.018044358 |
|    clip_fraction        | 0.142       |
|    clip_range           | 0.2         |
|    entropy_loss         | -2.4        |
|    explained_variance   | 0.928       |
|    learning_rate        | 0.0003      |
|    loss                 | 0.328       |
|    n_updates            | 13760       |
|    policy_gradient_loss | -0.00011    |
|    std                  | 0.468       |
|    value_loss           | 3           |
-----------------------------------------
-----------------------------------------
| rollout/                |             |
|    ep_len_mean          | 385         |
|    ep_rew_mean          | -96.1       |
| time/                   |             |
|    fps                  | 926         |
|    iterations           | 111         |
|    time_elapsed         | 981         |
|    total_timesteps      | 909312      |
| train/                  |             |
|    approx_kl            | 0.014077863 |
|    clip_fraction        | 0.159       |
|    clip_range           | 0.2         |
|    entropy_loss         | -2.41       |
|    explained_variance   | 0.97        |
|    learning_rate        | 0.0003      |
|    loss                 | 0.328       |
|    n_updates            | 13770       |
|    policy_gradient_loss | 0.00353     |
|    std                  | 0.47        |
|    value_loss           | 1.01        |
-----------------------------------------
-----------------------------------------
| rollout/                |             |
|    ep_len_mean          | 368         |
|    ep_rew_mean          | -85.3       |
| time/                   |             |
|    fps                  | 927         |
|    iterations           | 112         |
|    time_elapsed         | 989         |
|    total_timesteps      | 917504      |
| train/                  |             |
|    approx_kl            | 0.022975553 |
|    clip_fraction        | 0.252       |
|    clip_range           | 0.2         |
|    entropy_loss         | -2.41       |
|    explained_variance   | 0.976       |
|    learning_rate        | 0.0003      |
|    loss                 | 1.75        |
|    n_updates            | 13780       |
|    policy_gradient_loss | -0.00431    |
|    std                  | 0.469       |
|    value_loss           | 1.26        |
-----------------------------------------
-----------------------------------------
| rollout/                |             |
|    ep_len_mean          | 390         |
|    ep_rew_mean          | -98.8       |
| time/                   |             |
|    fps                  | 927         |
|    iterations           | 113         |
|    time_elapsed         | 997         |
|    total_timesteps      | 925696      |
| train/                  |             |
|    approx_kl            | 0.014018742 |
|    clip_fraction        | 0.109       |
|    clip_range           | 0.2         |
|    entropy_loss         | -2.41       |
|    explained_variance   | 0.953       |
|    learning_rate        | 0.0003      |
|    loss                 | 0.554       |
|    n_updates            | 13790       |
|    policy_gradient_loss | -0.00315    |
|    std                  | 0.473       |
|    value_loss           | 2.97        |
-----------------------------------------
-----------------------------------------
| rollout/                |             |
|    ep_len_mean          | 394         |
|    ep_rew_mean          | -96.2       |
| time/                   |             |
|    fps                  | 928         |
|    iterations           | 114         |
|    time_elapsed         | 1005        |
|    total_timesteps      | 933888      |
| train/                  |             |
|    approx_kl            | 0.015979365 |
|    clip_fraction        | 0.219       |
|    clip_range           | 0.2         |
|    entropy_loss         | -2.43       |
|    explained_variance   | 0.956       |
|    learning_rate        | 0.0003      |
|    loss                 | 1.55        |
|    n_updates            | 13800       |
|    policy_gradient_loss | -0.00431    |
|    std                  | 0.472       |
|    value_loss           | 2.69        |
-----------------------------------------
---------------------------------------
| rollout/                |           |
|    ep_len_mean          | 400       |
|    ep_rew_mean          | -88.4     |
| time/                   |           |
|    fps                  | 929       |
|    iterations           | 115       |
|    time_elapsed         | 1013      |
|    total_timesteps      | 942080    |
| train/                  |           |
|    approx_kl            | 0.0212373 |
|    clip_fraction        | 0.232     |
|    clip_range           | 0.2       |
|    entropy_loss         | -2.42     |
|    explained_variance   | 0.934     |
|    learning_rate        | 0.0003    |
|    loss                 | 0.982     |
|    n_updates            | 13810     |
|    policy_gradient_loss | -0.00287  |
|    std                  | 0.472     |
|    value_loss           | 2.08      |
---------------------------------------
-----------------------------------------
| rollout/                |             |
|    ep_len_mean          | 417         |
|    ep_rew_mean          | -96.2       |
| time/                   |             |
|    fps                  | 929         |
|    iterations           | 116         |
|    time_elapsed         | 1022        |
|    total_timesteps      | 950272      |
| train/                  |             |
|    approx_kl            | 0.018185105 |
|    clip_fraction        | 0.204       |
|    clip_range           | 0.2         |
|    entropy_loss         | -2.44       |
|    explained_variance   | 0.918       |
|    learning_rate        | 0.0003      |
|    loss                 | 5.4         |
|    n_updates            | 13820       |
|    policy_gradient_loss | -0.00392    |
|    std                  | 0.475       |
|    value_loss           | 2.32        |
-----------------------------------------
-----------------------------------------
| rollout/                |             |
|    ep_len_mean          | 411         |
|    ep_rew_mean          | -98.8       |
| time/                   |             |
|    fps                  | 930         |
|    iterations           | 117         |
|    time_elapsed         | 1030        |
|    total_timesteps      | 958464      |
| train/                  |             |
|    approx_kl            | 0.016802251 |
|    clip_fraction        | 0.135       |
|    clip_range           | 0.2         |
|    entropy_loss         | -2.46       |
|    explained_variance   | 0.945       |
|    learning_rate        | 0.0003      |
|    loss                 | 0.578       |
|    n_updates            | 13830       |
|    policy_gradient_loss | -0.00288    |
|    std                  | 0.478       |
|    value_loss           | 2.12        |
-----------------------------------------
-----------------------------------------
| rollout/                |             |
|    ep_len_mean          | 411         |
|    ep_rew_mean          | -99.4       |
| time/                   |             |
|    fps                  | 930         |
|    iterations           | 118         |
|    time_elapsed         | 1038        |
|    total_timesteps      | 966656      |
| train/                  |             |
|    approx_kl            | 0.017194951 |
|    clip_fraction        | 0.134       |
|    clip_range           | 0.2         |
|    entropy_loss         | -2.47       |
|    explained_variance   | 0.963       |
|    learning_rate        | 0.0003      |
|    loss                 | 0.571       |
|    n_updates            | 13840       |
|    policy_gradient_loss | -0.00139    |
|    std                  | 0.478       |
|    value_loss           | 5.03        |
-----------------------------------------
----------------------------------------
| rollout/                |            |
|    ep_len_mean          | 423        |
|    ep_rew_mean          | -114       |
| time/                   |            |
|    fps                  | 931        |
|    iterations           | 119        |
|    time_elapsed         | 1046       |
|    total_timesteps      | 974848     |
| train/                  |            |
|    approx_kl            | 0.01351976 |
|    clip_fraction        | 0.153      |
|    clip_range           | 0.2        |
|    entropy_loss         | -2.46      |
|    explained_variance   | 0.982      |
|    learning_rate        | 0.0003     |
|    loss                 | 0.315      |
|    n_updates            | 13850      |
|    policy_gradient_loss | -0.000239  |
|    std                  | 0.476      |
|    value_loss           | 4.19       |
----------------------------------------
-----------------------------------------
| rollout/                |             |
|    ep_len_mean          | 406         |
|    ep_rew_mean          | -108        |
| time/                   |             |
|    fps                  | 931         |
|    iterations           | 120         |
|    time_elapsed         | 1054        |
|    total_timesteps      | 983040      |
| train/                  |             |
|    approx_kl            | 0.016552228 |
|    clip_fraction        | 0.179       |
|    clip_range           | 0.2         |
|    entropy_loss         | -2.46       |
|    explained_variance   | 0.982       |
|    learning_rate        | 0.0003      |
|    loss                 | 0.181       |
|    n_updates            | 13860       |
|    policy_gradient_loss | -0.00141    |
|    std                  | 0.476       |
|    value_loss           | 1.75        |
-----------------------------------------
----------------------------------------
| rollout/                |            |
|    ep_len_mean          | 405        |
|    ep_rew_mean          | -104       |
| time/                   |            |
|    fps                  | 932        |
|    iterations           | 121        |
|    time_elapsed         | 1063       |
|    total_timesteps      | 991232     |
| train/                  |            |
|    approx_kl            | 0.02560198 |
|    clip_fraction        | 0.264      |
|    clip_range           | 0.2        |
|    entropy_loss         | -2.45      |
|    explained_variance   | 0.913      |
|    learning_rate        | 0.0003     |
|    loss                 | 0.878      |
|    n_updates            | 13870      |
|    policy_gradient_loss | 0.00154    |
|    std                  | 0.476      |
|    value_loss           | 1.79       |
----------------------------------------
-----------------------------------------
| rollout/                |             |
|    ep_len_mean          | 394         |
|    ep_rew_mean          | -95.6       |
| time/                   |             |
|    fps                  | 932         |
|    iterations           | 122         |
|    time_elapsed         | 1071        |
|    total_timesteps      | 999424      |
| train/                  |             |
|    approx_kl            | 0.022584056 |
|    clip_fraction        | 0.254       |
|    clip_range           | 0.2         |
|    entropy_loss         | -2.46       |
|    explained_variance   | 0.953       |
|    learning_rate        | 0.0003      |
|    loss                 | 0.432       |
|    n_updates            | 13880       |
|    policy_gradient_loss | -0.00361    |
|    std                  | 0.475       |
|    value_loss           | 1.09        |
-----------------------------------------
[PeriodicArtifactCallback] step 1000000: saving checkpoint, evaluating, rendering...
[PeriodicArtifactCallback] step 1000000: success_rate=0.00 pick_success_rate=0.20 mean_reward=-115.69 -> C:\GitHub\HumanoidRobot\simulation\training\pick_place\runs\pp_v14\dashboard.html
-----------------------------------------
| rollout/                |             |
|    ep_len_mean          | 394         |
|    ep_rew_mean          | -83.5       |
| time/                   |             |
|    fps                  | 923         |
|    iterations           | 123         |
|    time_elapsed         | 1091        |
|    total_timesteps      | 1007616     |
| train/                  |             |
|    approx_kl            | 0.019878801 |
|    clip_fraction        | 0.197       |
|    clip_range           | 0.2         |
|    entropy_loss         | -2.42       |
|    explained_variance   | 0.962       |
|    learning_rate        | 0.0003      |
|    loss                 | 0.802       |
|    n_updates            | 13890       |
|    policy_gradient_loss | -0.00488    |
|    std                  | 0.471       |
|    value_loss           | 1.64        |
-----------------------------------------
-----------------------------------------
| rollout/                |             |
|    ep_len_mean          | 388         |
|    ep_rew_mean          | -77.4       |
| time/                   |             |
|    fps                  | 924         |
|    iterations           | 124         |
|    time_elapsed         | 1099        |
|    total_timesteps      | 1015808     |
| train/                  |             |
|    approx_kl            | 0.013389318 |
|    clip_fraction        | 0.133       |
|    clip_range           | 0.2         |
|    entropy_loss         | -2.42       |
|    explained_variance   | 0.959       |
|    learning_rate        | 0.0003      |
|    loss                 | 0.343       |
|    n_updates            | 13900       |
|    policy_gradient_loss | -0.00495    |
|    std                  | 0.474       |
|    value_loss           | 2.85        |
-----------------------------------------
-----------------------------------------
| rollout/                |             |
|    ep_len_mean          | 399         |
|    ep_rew_mean          | -78.6       |
| time/                   |             |
|    fps                  | 924         |
|    iterations           | 125         |
|    time_elapsed         | 1107        |
|    total_timesteps      | 1024000     |
| train/                  |             |
|    approx_kl            | 0.018289398 |
|    clip_fraction        | 0.19        |
|    clip_range           | 0.2         |
|    entropy_loss         | -2.43       |
|    explained_variance   | 0.965       |
|    learning_rate        | 0.0003      |
|    loss                 | 1.3         |
|    n_updates            | 13910       |
|    policy_gradient_loss | 0.0044      |
|    std                  | 0.473       |
|    value_loss           | 2.52        |
-----------------------------------------
-----------------------------------------
| rollout/                |             |
|    ep_len_mean          | 389         |
|    ep_rew_mean          | -81.1       |
| time/                   |             |
|    fps                  | 925         |
|    iterations           | 126         |
|    time_elapsed         | 1115        |
|    total_timesteps      | 1032192     |
| train/                  |             |
|    approx_kl            | 0.017995441 |
|    clip_fraction        | 0.199       |
|    clip_range           | 0.2         |
|    entropy_loss         | -2.43       |
|    explained_variance   | 0.888       |
|    learning_rate        | 0.0003      |
|    loss                 | 0.852       |
|    n_updates            | 13920       |
|    policy_gradient_loss | -0.0031     |
|    std                  | 0.479       |
|    value_loss           | 3.83        |
-----------------------------------------
----------------------------------------
| rollout/                |            |
|    ep_len_mean          | 406        |
|    ep_rew_mean          | -87        |
| time/                   |            |
|    fps                  | 925        |
|    iterations           | 127        |
|    time_elapsed         | 1123       |
|    total_timesteps      | 1040384    |
| train/                  |            |
|    approx_kl            | 0.02046036 |
|    clip_fraction        | 0.226      |
|    clip_range           | 0.2        |
|    entropy_loss         | -2.47      |
|    explained_variance   | 0.925      |
|    learning_rate        | 0.0003     |
|    loss                 | 0.319      |
|    n_updates            | 13930      |
|    policy_gradient_loss | -7.35e-05  |
|    std                  | 0.482      |
|    value_loss           | 2.54       |
----------------------------------------
-----------------------------------------
| rollout/                |             |
|    ep_len_mean          | 383         |
|    ep_rew_mean          | -79.3       |
| time/                   |             |
|    fps                  | 926         |
|    iterations           | 128         |
|    time_elapsed         | 1132        |
|    total_timesteps      | 1048576     |
| train/                  |             |
|    approx_kl            | 0.020781888 |
|    clip_fraction        | 0.203       |
|    clip_range           | 0.2         |
|    entropy_loss         | -2.47       |
|    explained_variance   | 0.94        |
|    learning_rate        | 0.0003      |
|    loss                 | 0.0368      |
|    n_updates            | 13940       |
|    policy_gradient_loss | -0.00268    |
|    std                  | 0.479       |
|    value_loss           | 0.761       |
-----------------------------------------
-----------------------------------------
| rollout/                |             |
|    ep_len_mean          | 383         |
|    ep_rew_mean          | -78.3       |
| time/                   |             |
|    fps                  | 926         |
|    iterations           | 129         |
|    time_elapsed         | 1140        |
|    total_timesteps      | 1056768     |
| train/                  |             |
|    approx_kl            | 0.014219186 |
|    clip_fraction        | 0.116       |
|    clip_range           | 0.2         |
|    entropy_loss         | -2.49       |
|    explained_variance   | 0.934       |
|    learning_rate        | 0.0003      |
|    loss                 | 0.594       |
|    n_updates            | 13950       |
|    policy_gradient_loss | 0.00104     |
|    std                  | 0.483       |
|    value_loss           | 1.56        |
-----------------------------------------
-----------------------------------------
| rollout/                |             |
|    ep_len_mean          | 411         |
|    ep_rew_mean          | -88.8       |
| time/                   |             |
|    fps                  | 927         |
|    iterations           | 130         |
|    time_elapsed         | 1148        |
|    total_timesteps      | 1064960     |
| train/                  |             |
|    approx_kl            | 0.022393942 |
|    clip_fraction        | 0.22        |
|    clip_range           | 0.2         |
|    entropy_loss         | -2.5        |
|    explained_variance   | 0.941       |
|    learning_rate        | 0.0003      |
|    loss                 | 0.157       |
|    n_updates            | 13960       |
|    policy_gradient_loss | -0.00389    |
|    std                  | 0.482       |
|    value_loss           | 1.38        |
-----------------------------------------
-----------------------------------------
| rollout/                |             |
|    ep_len_mean          | 422         |
|    ep_rew_mean          | -89.6       |
| time/                   |             |
|    fps                  | 927         |
|    iterations           | 131         |
|    time_elapsed         | 1156        |
|    total_timesteps      | 1073152     |
| train/                  |             |
|    approx_kl            | 0.019333165 |
|    clip_fraction        | 0.21        |
|    clip_range           | 0.2         |
|    entropy_loss         | -2.49       |
|    explained_variance   | 0.867       |
|    learning_rate        | 0.0003      |
|    loss                 | 0.122       |
|    n_updates            | 13970       |
|    policy_gradient_loss | -0.00146    |
|    std                  | 0.483       |
|    value_loss           | 1.18        |
-----------------------------------------
-----------------------------------------
| rollout/                |             |
|    ep_len_mean          | 416         |
|    ep_rew_mean          | -86.2       |
| time/                   |             |
|    fps                  | 928         |
|    iterations           | 132         |
|    time_elapsed         | 1164        |
|    total_timesteps      | 1081344     |
| train/                  |             |
|    approx_kl            | 0.020604385 |
|    clip_fraction        | 0.223       |
|    clip_range           | 0.2         |
|    entropy_loss         | -2.49       |
|    explained_variance   | 0.914       |
|    learning_rate        | 0.0003      |
|    loss                 | 0.209       |
|    n_updates            | 13980       |
|    policy_gradient_loss | -0.00233    |
|    std                  | 0.482       |
|    value_loss           | 3.03        |
-----------------------------------------
-----------------------------------------
| rollout/                |             |
|    ep_len_mean          | 434         |
|    ep_rew_mean          | -97.2       |
| time/                   |             |
|    fps                  | 928         |
|    iterations           | 133         |
|    time_elapsed         | 1172        |
|    total_timesteps      | 1089536     |
| train/                  |             |
|    approx_kl            | 0.028826594 |
|    clip_fraction        | 0.155       |
|    clip_range           | 0.2         |
|    entropy_loss         | -2.49       |
|    explained_variance   | 0.841       |
|    learning_rate        | 0.0003      |
|    loss                 | 0.364       |
|    n_updates            | 13990       |
|    policy_gradient_loss | 0.00416     |
|    std                  | 0.482       |
|    value_loss           | 1.65        |
-----------------------------------------
----------------------------------------
| rollout/                |            |
|    ep_len_mean          | 411        |
|    ep_rew_mean          | -81.9      |
| time/                   |            |
|    fps                  | 929        |
|    iterations           | 134        |
|    time_elapsed         | 1181       |
|    total_timesteps      | 1097728    |
| train/                  |            |
|    approx_kl            | 0.01924783 |
|    clip_fraction        | 0.198      |
|    clip_range           | 0.2        |
|    entropy_loss         | -2.48      |
|    explained_variance   | 0.931      |
|    learning_rate        | 0.0003     |
|    loss                 | 0.149      |
|    n_updates            | 14000      |
|    policy_gradient_loss | 0.00101    |
|    std                  | 0.479      |
|    value_loss           | 1.09       |
----------------------------------------
-----------------------------------------
| rollout/                |             |
|    ep_len_mean          | 394         |
|    ep_rew_mean          | -75.5       |
| time/                   |             |
|    fps                  | 929         |
|    iterations           | 135         |
|    time_elapsed         | 1189        |
|    total_timesteps      | 1105920     |
| train/                  |             |
|    approx_kl            | 0.021884225 |
|    clip_fraction        | 0.21        |
|    clip_range           | 0.2         |
|    entropy_loss         | -2.45       |
|    explained_variance   | 0.942       |
|    learning_rate        | 0.0003      |
|    loss                 | 1.14        |
|    n_updates            | 14010       |
|    policy_gradient_loss | -0.00116    |
|    std                  | 0.476       |
|    value_loss           | 1.5         |
-----------------------------------------
-----------------------------------------
| rollout/                |             |
|    ep_len_mean          | 359         |
|    ep_rew_mean          | -64.6       |
| time/                   |             |
|    fps                  | 929         |
|    iterations           | 136         |
|    time_elapsed         | 1198        |
|    total_timesteps      | 1114112     |
| train/                  |             |
|    approx_kl            | 0.018696504 |
|    clip_fraction        | 0.191       |
|    clip_range           | 0.2         |
|    entropy_loss         | -2.43       |
|    explained_variance   | 0.938       |
|    learning_rate        | 0.0003      |
|    loss                 | 2.86        |
|    n_updates            | 14020       |
|    policy_gradient_loss | -0.000651   |
|    std                  | 0.475       |
|    value_loss           | 3.35        |
-----------------------------------------
-----------------------------------------
| rollout/                |             |
|    ep_len_mean          | 365         |
|    ep_rew_mean          | -59.7       |
| time/                   |             |
|    fps                  | 930         |
|    iterations           | 137         |
|    time_elapsed         | 1206        |
|    total_timesteps      | 1122304     |
| train/                  |             |
|    approx_kl            | 0.024345104 |
|    clip_fraction        | 0.25        |
|    clip_range           | 0.2         |
|    entropy_loss         | -2.42       |
|    explained_variance   | 0.973       |
|    learning_rate        | 0.0003      |
|    loss                 | 1.05        |
|    n_updates            | 14030       |
|    policy_gradient_loss | -0.00158    |
|    std                  | 0.472       |
|    value_loss           | 1.06        |
-----------------------------------------
-----------------------------------------
| rollout/                |             |
|    ep_len_mean          | 376         |
|    ep_rew_mean          | -63.8       |
| time/                   |             |
|    fps                  | 930         |
|    iterations           | 138         |
|    time_elapsed         | 1214        |
|    total_timesteps      | 1130496     |
| train/                  |             |
|    approx_kl            | 0.023252161 |
|    clip_fraction        | 0.216       |
|    clip_range           | 0.2         |
|    entropy_loss         | -2.42       |
|    explained_variance   | 0.949       |
|    learning_rate        | 0.0003      |
|    loss                 | 0.0253      |
|    n_updates            | 14040       |
|    policy_gradient_loss | 2.94e-05    |
|    std                  | 0.472       |
|    value_loss           | 2.55        |
-----------------------------------------
---------------------------------------
| rollout/                |           |
|    ep_len_mean          | 394       |
|    ep_rew_mean          | -70.6     |
| time/                   |           |
|    fps                  | 931       |
|    iterations           | 139       |
|    time_elapsed         | 1222      |
|    total_timesteps      | 1138688   |
| train/                  |           |
|    approx_kl            | 0.0231552 |
|    clip_fraction        | 0.196     |
|    clip_range           | 0.2       |
|    entropy_loss         | -2.41     |
|    explained_variance   | 0.872     |
|    learning_rate        | 0.0003    |
|    loss                 | 2.8       |
|    n_updates            | 14050     |
|    policy_gradient_loss | -0.00409  |
|    std                  | 0.471     |
|    value_loss           | 5.36      |
---------------------------------------
-----------------------------------------
| rollout/                |             |
|    ep_len_mean          | 399         |
|    ep_rew_mean          | -77.1       |
| time/                   |             |
|    fps                  | 932         |
|    iterations           | 140         |
|    time_elapsed         | 1230        |
|    total_timesteps      | 1146880     |
| train/                  |             |
|    approx_kl            | 0.025315773 |
|    clip_fraction        | 0.293       |
|    clip_range           | 0.2         |
|    entropy_loss         | -2.4        |
|    explained_variance   | 0.899       |
|    learning_rate        | 0.0003      |
|    loss                 | 0.0965      |
|    n_updates            | 14060       |
|    policy_gradient_loss | 0.00195     |
|    std                  | 0.47        |
|    value_loss           | 1.52        |
-----------------------------------------
-----------------------------------------
| rollout/                |             |
|    ep_len_mean          | 410         |
|    ep_rew_mean          | -86.5       |
| time/                   |             |
|    fps                  | 932         |
|    iterations           | 141         |
|    time_elapsed         | 1238        |
|    total_timesteps      | 1155072     |
| train/                  |             |
|    approx_kl            | 0.011142489 |
|    clip_fraction        | 0.104       |
|    clip_range           | 0.2         |
|    entropy_loss         | -2.42       |
|    explained_variance   | 0.908       |
|    learning_rate        | 0.0003      |
|    loss                 | 1.44        |
|    n_updates            | 14070       |
|    policy_gradient_loss | -0.00199    |
|    std                  | 0.475       |
|    value_loss           | 2.64        |
-----------------------------------------
----------------------------------------
| rollout/                |            |
|    ep_len_mean          | 404        |
|    ep_rew_mean          | -84.9      |
| time/                   |            |
|    fps                  | 932        |
|    iterations           | 142        |
|    time_elapsed         | 1247       |
|    total_timesteps      | 1163264    |
| train/                  |            |
|    approx_kl            | 0.01527826 |
|    clip_fraction        | 0.172      |
|    clip_range           | 0.2        |
|    entropy_loss         | -2.42      |
|    explained_variance   | 0.953      |
|    learning_rate        | 0.0003     |
|    loss                 | 1.58       |
|    n_updates            | 14080      |
|    policy_gradient_loss | 0.00211    |
|    std                  | 0.472      |
|    value_loss           | 2.14       |
----------------------------------------
----------------------------------------
| rollout/                |            |
|    ep_len_mean          | 400        |
|    ep_rew_mean          | -83.3      |
| time/                   |            |
|    fps                  | 933        |
|    iterations           | 143        |
|    time_elapsed         | 1255       |
|    total_timesteps      | 1171456    |
| train/                  |            |
|    approx_kl            | 0.02577374 |
|    clip_fraction        | 0.263      |
|    clip_range           | 0.2        |
|    entropy_loss         | -2.39      |
|    explained_variance   | 0.905      |
|    learning_rate        | 0.0003     |
|    loss                 | 0.31       |
|    n_updates            | 14090      |
|    policy_gradient_loss | -0.00103   |
|    std                  | 0.469      |
|    value_loss           | 3.73       |
----------------------------------------
-----------------------------------------
| rollout/                |             |
|    ep_len_mean          | 382         |
|    ep_rew_mean          | -81.3       |
| time/                   |             |
|    fps                  | 933         |
|    iterations           | 144         |
|    time_elapsed         | 1263        |
|    total_timesteps      | 1179648     |
| train/                  |             |
|    approx_kl            | 0.022359986 |
|    clip_fraction        | 0.192       |
|    clip_range           | 0.2         |
|    entropy_loss         | -2.36       |
|    explained_variance   | 0.924       |
|    learning_rate        | 0.0003      |
|    loss                 | 0.23        |
|    n_updates            | 14100       |
|    policy_gradient_loss | -0.00396    |
|    std                  | 0.465       |
|    value_loss           | 2.26        |
-----------------------------------------
------------------------------------------
| rollout/                |              |
|    ep_len_mean          | 394          |
|    ep_rew_mean          | -85.2        |
| time/                   |              |
|    fps                  | 933          |
|    iterations           | 145          |
|    time_elapsed         | 1272         |
|    total_timesteps      | 1187840      |
| train/                  |              |
|    approx_kl            | 0.0139864525 |
|    clip_fraction        | 0.139        |
|    clip_range           | 0.2          |
|    entropy_loss         | -2.34        |
|    explained_variance   | 0.956        |
|    learning_rate        | 0.0003       |
|    loss                 | 5.3          |
|    n_updates            | 14110        |
|    policy_gradient_loss | 0.00142      |
|    std                  | 0.465        |
|    value_loss           | 3.1          |
------------------------------------------
----------------------------------------
| rollout/                |            |
|    ep_len_mean          | 412        |
|    ep_rew_mean          | -83.1      |
| time/                   |            |
|    fps                  | 933        |
|    iterations           | 146        |
|    time_elapsed         | 1280       |
|    total_timesteps      | 1196032    |
| train/                  |            |
|    approx_kl            | 0.01838514 |
|    clip_fraction        | 0.164      |
|    clip_range           | 0.2        |
|    entropy_loss         | -2.36      |
|    explained_variance   | 0.96       |
|    learning_rate        | 0.0003     |
|    loss                 | 10.9       |
|    n_updates            | 14120      |
|    policy_gradient_loss | 0.0047     |
|    std                  | 0.47       |
|    value_loss           | 3.03       |
----------------------------------------
[PeriodicArtifactCallback] step 1200000: running periodic self-monitoring analysis...
[PeriodicArtifactCallback] analysis written to C:\GitHub\HumanoidRobot\simulation\training\pick_place\runs\pp_v14\analysis_1200000.md (stalled=False)
[PeriodicArtifactCallback] step 1200000: saving checkpoint, evaluating, rendering...
[PeriodicArtifactCallback] step 1200000: success_rate=0.00 pick_success_rate=0.20 mean_reward=-173.49 -> C:\GitHub\HumanoidRobot\simulation\training\pick_place\runs\pp_v14\dashboard.html
-----------------------------------------
| rollout/                |             |
|    ep_len_mean          | 417         |
|    ep_rew_mean          | -91.7       |
| time/                   |             |
|    fps                  | 920         |
|    iterations           | 147         |
|    time_elapsed         | 1308        |
|    total_timesteps      | 1204224     |
| train/                  |             |
|    approx_kl            | 0.019172808 |
|    clip_fraction        | 0.205       |
|    clip_range           | 0.2         |
|    entropy_loss         | -2.4        |
|    explained_variance   | 0.952       |
|    learning_rate        | 0.0003      |
|    loss                 | 14.5        |
|    n_updates            | 14130       |
|    policy_gradient_loss | -0.000476   |
|    std                  | 0.473       |
|    value_loss           | 6.91        |
-----------------------------------------
-----------------------------------------
| rollout/                |             |
|    ep_len_mean          | 432         |
|    ep_rew_mean          | -96         |
| time/                   |             |
|    fps                  | 921         |
|    iterations           | 148         |
|    time_elapsed         | 1316        |
|    total_timesteps      | 1212416     |
| train/                  |             |
|    approx_kl            | 0.022015613 |
|    clip_fraction        | 0.243       |
|    clip_range           | 0.2         |
|    entropy_loss         | -2.42       |
|    explained_variance   | 0.952       |
|    learning_rate        | 0.0003      |
|    loss                 | 0.938       |
|    n_updates            | 14140       |
|    policy_gradient_loss | -0.00218    |
|    std                  | 0.473       |
|    value_loss           | 3.82        |
-----------------------------------------
----------------------------------------
| rollout/                |            |
|    ep_len_mean          | 432        |
|    ep_rew_mean          | -99.8      |
| time/                   |            |
|    fps                  | 921        |
|    iterations           | 149        |
|    time_elapsed         | 1324       |
|    total_timesteps      | 1220608    |
| train/                  |            |
|    approx_kl            | 0.02310796 |
|    clip_fraction        | 0.242      |
|    clip_range           | 0.2        |
|    entropy_loss         | -2.45      |
|    explained_variance   | 0.929      |
|    learning_rate        | 0.0003     |
|    loss                 | 0.122      |
|    n_updates            | 14150      |
|    policy_gradient_loss | 0.000257   |
|    std                  | 0.475      |
|    value_loss           | 7.52       |
----------------------------------------
----------------------------------------
| rollout/                |            |
|    ep_len_mean          | 415        |
|    ep_rew_mean          | -91.7      |
| time/                   |            |
|    fps                  | 922        |
|    iterations           | 150        |
|    time_elapsed         | 1332       |
|    total_timesteps      | 1228800    |
| train/                  |            |
|    approx_kl            | 0.01852802 |
|    clip_fraction        | 0.157      |
|    clip_range           | 0.2        |
|    entropy_loss         | -2.47      |
|    explained_variance   | 0.949      |
|    learning_rate        | 0.0003     |
|    loss                 | 0.258      |
|    n_updates            | 14160      |
|    policy_gradient_loss | 0.00134    |
|    std                  | 0.474      |
|    value_loss           | 2.27       |
----------------------------------------
-----------------------------------------
| rollout/                |             |
|    ep_len_mean          | 404         |
|    ep_rew_mean          | -96.5       |
| time/                   |             |
|    fps                  | 922         |
|    iterations           | 151         |
|    time_elapsed         | 1340        |
|    total_timesteps      | 1236992     |
| train/                  |             |
|    approx_kl            | 0.011895403 |
|    clip_fraction        | 0.13        |
|    clip_range           | 0.2         |
|    entropy_loss         | -2.46       |
|    explained_variance   | 0.96        |
|    learning_rate        | 0.0003      |
|    loss                 | 1.18        |
|    n_updates            | 14170       |
|    policy_gradient_loss | -0.0073     |
|    std                  | 0.473       |
|    value_loss           | 5.88        |
-----------------------------------------
----------------------------------------
| rollout/                |            |
|    ep_len_mean          | 405        |
|    ep_rew_mean          | -96.3      |
| time/                   |            |
|    fps                  | 923        |
|    iterations           | 152        |
|    time_elapsed         | 1348       |
|    total_timesteps      | 1245184    |
| train/                  |            |
|    approx_kl            | 0.01724369 |
|    clip_fraction        | 0.184      |
|    clip_range           | 0.2        |
|    entropy_loss         | -2.47      |
|    explained_variance   | 0.984      |
|    learning_rate        | 0.0003     |
|    loss                 | 3.99       |
|    n_updates            | 14180      |
|    policy_gradient_loss | 0.00243    |
|    std                  | 0.477      |
|    value_loss           | 8.81       |
----------------------------------------
-----------------------------------------
| rollout/                |             |
|    ep_len_mean          | 411         |
|    ep_rew_mean          | -104        |
| time/                   |             |
|    fps                  | 923         |
|    iterations           | 153         |
|    time_elapsed         | 1357        |
|    total_timesteps      | 1253376     |
| train/                  |             |
|    approx_kl            | 0.014357882 |
|    clip_fraction        | 0.153       |
|    clip_range           | 0.2         |
|    entropy_loss         | -2.46       |
|    explained_variance   | 0.926       |
|    learning_rate        | 0.0003      |
|    loss                 | 0.726       |
|    n_updates            | 14190       |
|    policy_gradient_loss | -0.00513    |
|    std                  | 0.474       |
|    value_loss           | 6.04        |
-----------------------------------------
-----------------------------------------
| rollout/                |             |
|    ep_len_mean          | 377         |
|    ep_rew_mean          | -87.8       |
| time/                   |             |
|    fps                  | 923         |
|    iterations           | 154         |
|    time_elapsed         | 1365        |
|    total_timesteps      | 1261568     |
| train/                  |             |
|    approx_kl            | 0.028000744 |
|    clip_fraction        | 0.219       |
|    clip_range           | 0.2         |
|    entropy_loss         | -2.45       |
|    explained_variance   | 0.856       |
|    learning_rate        | 0.0003      |
|    loss                 | 8.38        |
|    n_updates            | 14200       |
|    policy_gradient_loss | 0.00149     |
|    std                  | 0.473       |
|    value_loss           | 4.52        |
-----------------------------------------
----------------------------------------
| rollout/                |            |
|    ep_len_mean          | 410        |
|    ep_rew_mean          | -95.8      |
| time/                   |            |
|    fps                  | 924        |
|    iterations           | 155        |
|    time_elapsed         | 1373       |
|    total_timesteps      | 1269760    |
| train/                  |            |
|    approx_kl            | 0.02116113 |
|    clip_fraction        | 0.207      |
|    clip_range           | 0.2        |
|    entropy_loss         | -2.45      |
|    explained_variance   | 0.771      |
|    learning_rate        | 0.0003     |
|    loss                 | 0.763      |
|    n_updates            | 14210      |
|    policy_gradient_loss | 0.000559   |
|    std                  | 0.477      |
|    value_loss           | 3.12       |
----------------------------------------
-----------------------------------------
| rollout/                |             |
|    ep_len_mean          | 422         |
|    ep_rew_mean          | -112        |
| time/                   |             |
|    fps                  | 924         |
|    iterations           | 156         |
|    time_elapsed         | 1381        |
|    total_timesteps      | 1277952     |
| train/                  |             |
|    approx_kl            | 0.016697442 |
|    clip_fraction        | 0.133       |
|    clip_range           | 0.2         |
|    entropy_loss         | -2.47       |
|    explained_variance   | 0.918       |
|    learning_rate        | 0.0003      |
|    loss                 | 2.11        |
|    n_updates            | 14220       |
|    policy_gradient_loss | 0.00277     |
|    std                  | 0.479       |
|    value_loss           | 5.24        |
-----------------------------------------
-----------------------------------------
| rollout/                |             |
|    ep_len_mean          | 428         |
|    ep_rew_mean          | -102        |
| time/                   |             |
|    fps                  | 925         |
|    iterations           | 157         |
|    time_elapsed         | 1390        |
|    total_timesteps      | 1286144     |
| train/                  |             |
|    approx_kl            | 0.018180918 |
|    clip_fraction        | 0.175       |
|    clip_range           | 0.2         |
|    entropy_loss         | -2.48       |
|    explained_variance   | 0.952       |
|    learning_rate        | 0.0003      |
|    loss                 | 0.813       |
|    n_updates            | 14230       |
|    policy_gradient_loss | 0.00434     |
|    std                  | 0.478       |
|    value_loss           | 4.02        |
-----------------------------------------
-----------------------------------------
| rollout/                |             |
|    ep_len_mean          | 417         |
|    ep_rew_mean          | -108        |
| time/                   |             |
|    fps                  | 925         |
|    iterations           | 158         |
|    time_elapsed         | 1398        |
|    total_timesteps      | 1294336     |
| train/                  |             |
|    approx_kl            | 0.020614471 |
|    clip_fraction        | 0.164       |
|    clip_range           | 0.2         |
|    entropy_loss         | -2.51       |
|    explained_variance   | 0.936       |
|    learning_rate        | 0.0003      |
|    loss                 | 2.06        |
|    n_updates            | 14240       |
|    policy_gradient_loss | -0.00216    |
|    std                  | 0.483       |
|    value_loss           | 5.47        |
-----------------------------------------
----------------------------------------
| rollout/                |            |
|    ep_len_mean          | 423        |
|    ep_rew_mean          | -122       |
| time/                   |            |
|    fps                  | 925        |
|    iterations           | 159        |
|    time_elapsed         | 1406       |
|    total_timesteps      | 1302528    |
| train/                  |            |
|    approx_kl            | 0.02233193 |
|    clip_fraction        | 0.181      |
|    clip_range           | 0.2        |
|    entropy_loss         | -2.54      |
|    explained_variance   | 0.968      |
|    learning_rate        | 0.0003     |
|    loss                 | 1.66       |
|    n_updates            | 14250      |
|    policy_gradient_loss | -0.00614   |
|    std                  | 0.485      |
|    value_loss           | 6.08       |
----------------------------------------
-----------------------------------------
| rollout/                |             |
|    ep_len_mean          | 451         |
|    ep_rew_mean          | -126        |
| time/                   |             |
|    fps                  | 926         |
|    iterations           | 160         |
|    time_elapsed         | 1414        |
|    total_timesteps      | 1310720     |
| train/                  |             |
|    approx_kl            | 0.016201347 |
|    clip_fraction        | 0.213       |
|    clip_range           | 0.2         |
|    entropy_loss         | -2.53       |
|    explained_variance   | 0.841       |
|    learning_rate        | 0.0003      |
|    loss                 | 0.839       |
|    n_updates            | 14260       |
|    policy_gradient_loss | -0.00176    |
|    std                  | 0.486       |
|    value_loss           | 8.54        |
-----------------------------------------
-----------------------------------------
| rollout/                |             |
|    ep_len_mean          | 457         |
|    ep_rew_mean          | -116        |
| time/                   |             |
|    fps                  | 926         |
|    iterations           | 161         |
|    time_elapsed         | 1423        |
|    total_timesteps      | 1318912     |
| train/                  |             |
|    approx_kl            | 0.024873458 |
|    clip_fraction        | 0.204       |
|    clip_range           | 0.2         |
|    entropy_loss         | -2.52       |
|    explained_variance   | 0.957       |
|    learning_rate        | 0.0003      |
|    loss                 | 11          |
|    n_updates            | 14270       |
|    policy_gradient_loss | -0.001      |
|    std                  | 0.482       |
|    value_loss           | 6.44        |
-----------------------------------------
----------------------------------------
| rollout/                |            |
|    ep_len_mean          | 463        |
|    ep_rew_mean          | -119       |
| time/                   |            |
|    fps                  | 926        |
|    iterations           | 162        |
|    time_elapsed         | 1431       |
|    total_timesteps      | 1327104    |
| train/                  |            |
|    approx_kl            | 0.02276541 |
|    clip_fraction        | 0.258      |
|    clip_range           | 0.2        |
|    entropy_loss         | -2.51      |
|    explained_variance   | 0.926      |
|    learning_rate        | 0.0003     |
|    loss                 | 0.385      |
|    n_updates            | 14280      |
|    policy_gradient_loss | 0.000477   |
|    std                  | 0.478      |
|    value_loss           | 1.65       |
----------------------------------------
-----------------------------------------
| rollout/                |             |
|    ep_len_mean          | 445         |
|    ep_rew_mean          | -101        |
| time/                   |             |
|    fps                  | 927         |
|    iterations           | 163         |
|    time_elapsed         | 1439        |
|    total_timesteps      | 1335296     |
| train/                  |             |
|    approx_kl            | 0.025285462 |
|    clip_fraction        | 0.21        |
|    clip_range           | 0.2         |
|    entropy_loss         | -2.5        |
|    explained_variance   | 0.931       |
|    learning_rate        | 0.0003      |
|    loss                 | 0.347       |
|    n_updates            | 14290       |
|    policy_gradient_loss | 0.00202     |
|    std                  | 0.484       |
|    value_loss           | 1.26        |
-----------------------------------------
----------------------------------------
| rollout/                |            |
|    ep_len_mean          | 474        |
|    ep_rew_mean          | -109       |
| time/                   |            |
|    fps                  | 927        |
|    iterations           | 164        |
|    time_elapsed         | 1448       |
|    total_timesteps      | 1343488    |
| train/                  |            |
|    approx_kl            | 0.03212534 |
|    clip_fraction        | 0.251      |
|    clip_range           | 0.2        |
|    entropy_loss         | -2.49      |
|    explained_variance   | 0.883      |
|    learning_rate        | 0.0003     |
|    loss                 | 0.0722     |
|    n_updates            | 14300      |
|    policy_gradient_loss | -0.000761  |
|    std                  | 0.479      |
|    value_loss           | 2.58       |
----------------------------------------
-----------------------------------------
| rollout/                |             |
|    ep_len_mean          | 463         |
|    ep_rew_mean          | -93         |
| time/                   |             |
|    fps                  | 928         |
|    iterations           | 165         |
|    time_elapsed         | 1456        |
|    total_timesteps      | 1351680     |
| train/                  |             |
|    approx_kl            | 0.026431631 |
|    clip_fraction        | 0.257       |
|    clip_range           | 0.2         |
|    entropy_loss         | -2.46       |
|    explained_variance   | 0.89        |
|    learning_rate        | 0.0003      |
|    loss                 | 0.187       |
|    n_updates            | 14310       |
|    policy_gradient_loss | -0.00164    |
|    std                  | 0.476       |
|    value_loss           | 2.2         |
-----------------------------------------
----------------------------------------
| rollout/                |            |
|    ep_len_mean          | 445        |
|    ep_rew_mean          | -101       |
| time/                   |            |
|    fps                  | 928        |
|    iterations           | 166        |
|    time_elapsed         | 1465       |
|    total_timesteps      | 1359872    |
| train/                  |            |
|    approx_kl            | 0.00981965 |
|    clip_fraction        | 0.0872     |
|    clip_range           | 0.2        |
|    entropy_loss         | -2.45      |
|    explained_variance   | 0.778      |
|    learning_rate        | 0.0003     |
|    loss                 | 1.6        |
|    n_updates            | 14320      |
|    policy_gradient_loss | -0.00494   |
|    std                  | 0.475      |
|    value_loss           | 5.95       |
----------------------------------------
-----------------------------------------
| rollout/                |             |
|    ep_len_mean          | 428         |
|    ep_rew_mean          | -97.3       |
| time/                   |             |
|    fps                  | 928         |
|    iterations           | 167         |
|    time_elapsed         | 1472        |
|    total_timesteps      | 1368064     |
| train/                  |             |
|    approx_kl            | 0.011836015 |
|    clip_fraction        | 0.114       |
|    clip_range           | 0.2         |
|    entropy_loss         | -2.47       |
|    explained_variance   | 0.857       |
|    learning_rate        | 0.0003      |
|    loss                 | 0.328       |
|    n_updates            | 14330       |
|    policy_gradient_loss | -0.00312    |
|    std                  | 0.479       |
|    value_loss           | 4.14        |
-----------------------------------------
-----------------------------------------
| rollout/                |             |
|    ep_len_mean          | 451         |
|    ep_rew_mean          | -102        |
| time/                   |             |
|    fps                  | 929         |
|    iterations           | 168         |
|    time_elapsed         | 1481        |
|    total_timesteps      | 1376256     |
| train/                  |             |
|    approx_kl            | 0.021298397 |
|    clip_fraction        | 0.195       |
|    clip_range           | 0.2         |
|    entropy_loss         | -2.5        |
|    explained_variance   | 0.902       |
|    learning_rate        | 0.0003      |
|    loss                 | 1.84        |
|    n_updates            | 14340       |
|    policy_gradient_loss | -0.00167    |
|    std                  | 0.48        |
|    value_loss           | 4.2         |
-----------------------------------------
-----------------------------------------
| rollout/                |             |
|    ep_len_mean          | 446         |
|    ep_rew_mean          | -104        |
| time/                   |             |
|    fps                  | 929         |
|    iterations           | 169         |
|    time_elapsed         | 1489        |
|    total_timesteps      | 1384448     |
| train/                  |             |
|    approx_kl            | 0.021322705 |
|    clip_fraction        | 0.249       |
|    clip_range           | 0.2         |
|    entropy_loss         | -2.47       |
|    explained_variance   | 0.867       |
|    learning_rate        | 0.0003      |
|    loss                 | 1.4         |
|    n_updates            | 14350       |
|    policy_gradient_loss | 0.00334     |
|    std                  | 0.474       |
|    value_loss           | 1.71        |
-----------------------------------------
-----------------------------------------
| rollout/                |             |
|    ep_len_mean          | 445         |
|    ep_rew_mean          | -104        |
| time/                   |             |
|    fps                  | 929         |
|    iterations           | 170         |
|    time_elapsed         | 1498        |
|    total_timesteps      | 1392640     |
| train/                  |             |
|    approx_kl            | 0.020552626 |
|    clip_fraction        | 0.235       |
|    clip_range           | 0.2         |
|    entropy_loss         | -2.45       |
|    explained_variance   | 0.941       |
|    learning_rate        | 0.0003      |
|    loss                 | 1.58        |
|    n_updates            | 14360       |
|    policy_gradient_loss | -0.00272    |
|    std                  | 0.473       |
|    value_loss           | 1.4         |
-----------------------------------------
[PeriodicArtifactCallback] step 1400000: saving checkpoint, evaluating, rendering...
[PeriodicArtifactCallback] step 1400000: success_rate=0.00 pick_success_rate=0.20 mean_reward=-147.67 -> C:\GitHub\HumanoidRobot\simulation\training\pick_place\runs\pp_v14\dashboard.html
-----------------------------------------
| rollout/                |             |
|    ep_len_mean          | 451         |
|    ep_rew_mean          | -108        |
| time/                   |             |
|    fps                  | 922         |
|    iterations           | 171         |
|    time_elapsed         | 1517        |
|    total_timesteps      | 1400832     |
| train/                  |             |
|    approx_kl            | 0.026771147 |
|    clip_fraction        | 0.207       |
|    clip_range           | 0.2         |
|    entropy_loss         | -2.46       |
|    explained_variance   | 0.908       |
|    learning_rate        | 0.0003      |
|    loss                 | 0.0788      |
|    n_updates            | 14370       |
|    policy_gradient_loss | -0.000449   |
|    std                  | 0.475       |
|    value_loss           | 1.81        |
-----------------------------------------
-----------------------------------------
| rollout/                |             |
|    ep_len_mean          | 441         |
|    ep_rew_mean          | -99         |
| time/                   |             |
|    fps                  | 923         |
|    iterations           | 172         |
|    time_elapsed         | 1526        |
|    total_timesteps      | 1409024     |
| train/                  |             |
|    approx_kl            | 0.021017712 |
|    clip_fraction        | 0.159       |
|    clip_range           | 0.2         |
|    entropy_loss         | -2.48       |
|    explained_variance   | 0.844       |
|    learning_rate        | 0.0003      |
|    loss                 | 0.22        |
|    n_updates            | 14380       |
|    policy_gradient_loss | -0.00047    |
|    std                  | 0.477       |
|    value_loss           | 5.83        |
-----------------------------------------
-----------------------------------------
| rollout/                |             |
|    ep_len_mean          | 418         |
|    ep_rew_mean          | -88.7       |
| time/                   |             |
|    fps                  | 923         |
|    iterations           | 173         |
|    time_elapsed         | 1534        |
|    total_timesteps      | 1417216     |
| train/                  |             |
|    approx_kl            | 0.017614495 |
|    clip_fraction        | 0.192       |
|    clip_range           | 0.2         |
|    entropy_loss         | -2.49       |
|    explained_variance   | 0.863       |
|    learning_rate        | 0.0003      |
|    loss                 | 0.265       |
|    n_updates            | 14390       |
|    policy_gradient_loss | -0.00172    |
|    std                  | 0.478       |
|    value_loss           | 2.01        |
-----------------------------------------
-----------------------------------------
| rollout/                |             |
|    ep_len_mean          | 423         |
|    ep_rew_mean          | -84.9       |
| time/                   |             |
|    fps                  | 923         |
|    iterations           | 174         |
|    time_elapsed         | 1543        |
|    total_timesteps      | 1425408     |
| train/                  |             |
|    approx_kl            | 0.025473787 |
|    clip_fraction        | 0.275       |
|    clip_range           | 0.2         |
|    entropy_loss         | -2.47       |
|    explained_variance   | 0.953       |
|    learning_rate        | 0.0003      |
|    loss                 | 1.78        |
|    n_updates            | 14400       |
|    policy_gradient_loss | -0.00593    |
|    std                  | 0.475       |
|    value_loss           | 1.71        |
-----------------------------------------
-----------------------------------------
| rollout/                |             |
|    ep_len_mean          | 418         |
|    ep_rew_mean          | -84.6       |
| time/                   |             |
|    fps                  | 924         |
|    iterations           | 175         |
|    time_elapsed         | 1551        |
|    total_timesteps      | 1433600     |
| train/                  |             |
|    approx_kl            | 0.021183867 |
|    clip_fraction        | 0.219       |
|    clip_range           | 0.2         |
|    entropy_loss         | -2.46       |
|    explained_variance   | 0.95        |
|    learning_rate        | 0.0003      |
|    loss                 | 0.605       |
|    n_updates            | 14410       |
|    policy_gradient_loss | -0.000257   |
|    std                  | 0.475       |
|    value_loss           | 1.22        |
-----------------------------------------
----------------------------------------
| rollout/                |            |
|    ep_len_mean          | 412        |
|    ep_rew_mean          | -80.7      |
| time/                   |            |
|    fps                  | 924        |
|    iterations           | 176        |
|    time_elapsed         | 1559       |
|    total_timesteps      | 1441792    |
| train/                  |            |
|    approx_kl            | 0.01857372 |
|    clip_fraction        | 0.189      |
|    clip_range           | 0.2        |
|    entropy_loss         | -2.45      |
|    explained_variance   | 0.952      |
|    learning_rate        | 0.0003     |
|    loss                 | 0.191      |
|    n_updates            | 14420      |
|    policy_gradient_loss | -0.00608   |
|    std                  | 0.473      |
|    value_loss           | 1.47       |
----------------------------------------
-----------------------------------------
| rollout/                |             |
|    ep_len_mean          | 428         |
|    ep_rew_mean          | -88.1       |
| time/                   |             |
|    fps                  | 925         |
|    iterations           | 177         |
|    time_elapsed         | 1567        |
|    total_timesteps      | 1449984     |
| train/                  |             |
|    approx_kl            | 0.014028045 |
|    clip_fraction        | 0.138       |
|    clip_range           | 0.2         |
|    entropy_loss         | -2.46       |
|    explained_variance   | 0.904       |
|    learning_rate        | 0.0003      |
|    loss                 | 0.43        |
|    n_updates            | 14430       |
|    policy_gradient_loss | -0.00372    |
|    std                  | 0.474       |
|    value_loss           | 4.1         |
-----------------------------------------
-----------------------------------------
| rollout/                |             |
|    ep_len_mean          | 445         |
|    ep_rew_mean          | -92.2       |
| time/                   |             |
|    fps                  | 925         |
|    iterations           | 178         |
|    time_elapsed         | 1575        |
|    total_timesteps      | 1458176     |
| train/                  |             |
|    approx_kl            | 0.021959167 |
|    clip_fraction        | 0.198       |
|    clip_range           | 0.2         |
|    entropy_loss         | -2.47       |
|    explained_variance   | 0.935       |
|    learning_rate        | 0.0003      |
|    loss                 | 0.311       |
|    n_updates            | 14440       |
|    policy_gradient_loss | 0.00125     |
|    std                  | 0.475       |
|    value_loss           | 1.28        |
-----------------------------------------
-----------------------------------------
| rollout/                |             |
|    ep_len_mean          | 457         |
|    ep_rew_mean          | -100        |
| time/                   |             |
|    fps                  | 925         |
|    iterations           | 179         |
|    time_elapsed         | 1583        |
|    total_timesteps      | 1466368     |
| train/                  |             |
|    approx_kl            | 0.017078474 |
|    clip_fraction        | 0.186       |
|    clip_range           | 0.2         |
|    entropy_loss         | -2.46       |
|    explained_variance   | 0.908       |
|    learning_rate        | 0.0003      |
|    loss                 | 3.21        |
|    n_updates            | 14450       |
|    policy_gradient_loss | -0.00633    |
|    std                  | 0.474       |
|    value_loss           | 3.97        |
-----------------------------------------
-----------------------------------------
| rollout/                |             |
|    ep_len_mean          | 445         |
|    ep_rew_mean          | -99.1       |
| time/                   |             |
|    fps                  | 925         |
|    iterations           | 180         |
|    time_elapsed         | 1592        |
|    total_timesteps      | 1474560     |
| train/                  |             |
|    approx_kl            | 0.023596007 |
|    clip_fraction        | 0.22        |
|    clip_range           | 0.2         |
|    entropy_loss         | -2.44       |
|    explained_variance   | 0.925       |
|    learning_rate        | 0.0003      |
|    loss                 | 0.907       |
|    n_updates            | 14460       |
|    policy_gradient_loss | -0.00219    |
|    std                  | 0.472       |
|    value_loss           | 3.45        |
-----------------------------------------
-----------------------------------------
| rollout/                |             |
|    ep_len_mean          | 468         |
|    ep_rew_mean          | -109        |
| time/                   |             |
|    fps                  | 926         |
|    iterations           | 181         |
|    time_elapsed         | 1600        |
|    total_timesteps      | 1482752     |
| train/                  |             |
|    approx_kl            | 0.018072227 |
|    clip_fraction        | 0.18        |
|    clip_range           | 0.2         |
|    entropy_loss         | -2.41       |
|    explained_variance   | 0.975       |
|    learning_rate        | 0.0003      |
|    loss                 | 0.0977      |
|    n_updates            | 14470       |
|    policy_gradient_loss | -0.00207    |
|    std                  | 0.469       |
|    value_loss           | 1.22        |
-----------------------------------------
-----------------------------------------
| rollout/                |             |
|    ep_len_mean          | 474         |
|    ep_rew_mean          | -110        |
| time/                   |             |
|    fps                  | 926         |
|    iterations           | 182         |
|    time_elapsed         | 1608        |
|    total_timesteps      | 1490944     |
| train/                  |             |
|    approx_kl            | 0.010960424 |
|    clip_fraction        | 0.129       |
|    clip_range           | 0.2         |
|    entropy_loss         | -2.42       |
|    explained_variance   | 0.933       |
|    learning_rate        | 0.0003      |
|    loss                 | 1.47        |
|    n_updates            | 14480       |
|    policy_gradient_loss | -0.00105    |
|    std                  | 0.473       |
|    value_loss           | 2.88        |
-----------------------------------------
----------------------------------------
| rollout/                |            |
|    ep_len_mean          | 462        |
|    ep_rew_mean          | -107       |
| time/                   |            |
|    fps                  | 927        |
|    iterations           | 183        |
|    time_elapsed         | 1616       |
|    total_timesteps      | 1499136    |
| train/                  |            |
|    approx_kl            | 0.02730073 |
|    clip_fraction        | 0.216      |
|    clip_range           | 0.2        |
|    entropy_loss         | -2.44      |
|    explained_variance   | 0.922      |
|    learning_rate        | 0.0003     |
|    loss                 | 0.527      |
|    n_updates            | 14490      |
|    policy_gradient_loss | -0.00045   |
|    std                  | 0.473      |
|    value_loss           | 5.19       |
----------------------------------------
----------------------------------------
| rollout/                |            |
|    ep_len_mean          | 479        |
|    ep_rew_mean          | -109       |
| time/                   |            |
|    fps                  | 927        |
|    iterations           | 184        |
|    time_elapsed         | 1625       |
|    total_timesteps      | 1507328    |
| train/                  |            |
|    approx_kl            | 0.01851115 |
|    clip_fraction        | 0.205      |
|    clip_range           | 0.2        |
|    entropy_loss         | -2.42      |
|    explained_variance   | 0.94       |
|    learning_rate        | 0.0003     |
|    loss                 | 2.95       |
|    n_updates            | 14500      |
|    policy_gradient_loss | -0.00155   |
|    std                  | 0.471      |
|    value_loss           | 4.33       |
----------------------------------------
-----------------------------------------
| rollout/                |             |
|    ep_len_mean          | 474         |
|    ep_rew_mean          | -106        |
| time/                   |             |
|    fps                  | 927         |
|    iterations           | 185         |
|    time_elapsed         | 1633        |
|    total_timesteps      | 1515520     |
| train/                  |             |
|    approx_kl            | 0.019534692 |
|    clip_fraction        | 0.197       |
|    clip_range           | 0.2         |
|    entropy_loss         | -2.41       |
|    explained_variance   | 0.913       |
|    learning_rate        | 0.0003      |
|    loss                 | 0.265       |
|    n_updates            | 14510       |
|    policy_gradient_loss | -0.00373    |
|    std                  | 0.47        |
|    value_loss           | 2.59        |
-----------------------------------------
-----------------------------------------
| rollout/                |             |
|    ep_len_mean          | 491         |
|    ep_rew_mean          | -120        |
| time/                   |             |
|    fps                  | 928         |
|    iterations           | 186         |
|    time_elapsed         | 1641        |
|    total_timesteps      | 1523712     |
| train/                  |             |
|    approx_kl            | 0.021419475 |
|    clip_fraction        | 0.179       |
|    clip_range           | 0.2         |
|    entropy_loss         | -2.47       |
|    explained_variance   | 0.861       |
|    learning_rate        | 0.0003      |
|    loss                 | 1.27        |
|    n_updates            | 14520       |
|    policy_gradient_loss | -0.000465   |
|    std                  | 0.48        |
|    value_loss           | 2.63        |
-----------------------------------------
-----------------------------------------
| rollout/                |             |
|    ep_len_mean          | 480         |
|    ep_rew_mean          | -115        |
| time/                   |             |
|    fps                  | 928         |
|    iterations           | 187         |
|    time_elapsed         | 1649        |
|    total_timesteps      | 1531904     |
| train/                  |             |
|    approx_kl            | 0.010304915 |
|    clip_fraction        | 0.112       |
|    clip_range           | 0.2         |
|    entropy_loss         | -2.5        |
|    explained_variance   | 0.872       |
|    learning_rate        | 0.0003      |
|    loss                 | 15.8        |
|    n_updates            | 14530       |
|    policy_gradient_loss | 0.00146     |
|    std                  | 0.478       |
|    value_loss           | 6.79        |
-----------------------------------------
----------------------------------------
| rollout/                |            |
|    ep_len_mean          | 486        |
|    ep_rew_mean          | -122       |
| time/                   |            |
|    fps                  | 928        |
|    iterations           | 188        |
|    time_elapsed         | 1658       |
|    total_timesteps      | 1540096    |
| train/                  |            |
|    approx_kl            | 0.01908452 |
|    clip_fraction        | 0.15       |
|    clip_range           | 0.2        |
|    entropy_loss         | -2.49      |
|    explained_variance   | 0.897      |
|    learning_rate        | 0.0003     |
|    loss                 | 5.47       |
|    n_updates            | 14540      |
|    policy_gradient_loss | -0.00741   |
|    std                  | 0.477      |
|    value_loss           | 6.72       |
----------------------------------------
-----------------------------------------
| rollout/                |             |
|    ep_len_mean          | 469         |
|    ep_rew_mean          | -114        |
| time/                   |             |
|    fps                  | 929         |
|    iterations           | 189         |
|    time_elapsed         | 1666        |
|    total_timesteps      | 1548288     |
| train/                  |             |
|    approx_kl            | 0.016136145 |
|    clip_fraction        | 0.194       |
|    clip_range           | 0.2         |
|    entropy_loss         | -2.48       |
|    explained_variance   | 0.951       |
|    learning_rate        | 0.0003      |
|    loss                 | 1.52        |
|    n_updates            | 14550       |
|    policy_gradient_loss | 0.00326     |
|    std                  | 0.477       |
|    value_loss           | 2.74        |
-----------------------------------------
-----------------------------------------
| rollout/                |             |
|    ep_len_mean          | 463         |
|    ep_rew_mean          | -120        |
| time/                   |             |
|    fps                  | 929         |
|    iterations           | 190         |
|    time_elapsed         | 1674        |
|    total_timesteps      | 1556480     |
| train/                  |             |
|    approx_kl            | 0.024330318 |
|    clip_fraction        | 0.218       |
|    clip_range           | 0.2         |
|    entropy_loss         | -2.47       |
|    explained_variance   | 0.861       |
|    learning_rate        | 0.0003      |
|    loss                 | 3.01        |
|    n_updates            | 14560       |
|    policy_gradient_loss | 0.000631    |
|    std                  | 0.475       |
|    value_loss           | 5.8         |
-----------------------------------------
-----------------------------------------
| rollout/                |             |
|    ep_len_mean          | 475         |
|    ep_rew_mean          | -123        |
| time/                   |             |
|    fps                  | 929         |
|    iterations           | 191         |
|    time_elapsed         | 1682        |
|    total_timesteps      | 1564672     |
| train/                  |             |
|    approx_kl            | 0.013053558 |
|    clip_fraction        | 0.15        |
|    clip_range           | 0.2         |
|    entropy_loss         | -2.48       |
|    explained_variance   | 0.976       |
|    learning_rate        | 0.0003      |
|    loss                 | 6.33        |
|    n_updates            | 14570       |
|    policy_gradient_loss | 0.00122     |
|    std                  | 0.481       |
|    value_loss           | 1.98        |
-----------------------------------------
----------------------------------------
| rollout/                |            |
|    ep_len_mean          | 486        |
|    ep_rew_mean          | -113       |
| time/                   |            |
|    fps                  | 930        |
|    iterations           | 192        |
|    time_elapsed         | 1690       |
|    total_timesteps      | 1572864    |
| train/                  |            |
|    approx_kl            | 0.03083639 |
|    clip_fraction        | 0.298      |
|    clip_range           | 0.2        |
|    entropy_loss         | -2.49      |
|    explained_variance   | 0.78       |
|    learning_rate        | 0.0003     |
|    loss                 | 3.35       |
|    n_updates            | 14580      |
|    policy_gradient_loss | -0.00263   |
|    std                  | 0.48       |
|    value_loss           | 7.58       |
----------------------------------------
-----------------------------------------
| rollout/                |             |
|    ep_len_mean          | 497         |
|    ep_rew_mean          | -113        |
| time/                   |             |
|    fps                  | 930         |
|    iterations           | 193         |
|    time_elapsed         | 1699        |
|    total_timesteps      | 1581056     |
| train/                  |             |
|    approx_kl            | 0.021174725 |
|    clip_fraction        | 0.23        |
|    clip_range           | 0.2         |
|    entropy_loss         | -2.46       |
|    explained_variance   | 0.863       |
|    learning_rate        | 0.0003      |
|    loss                 | 0.739       |
|    n_updates            | 14590       |
|    policy_gradient_loss | -0.00193    |
|    std                  | 0.475       |
|    value_loss           | 1.25        |
-----------------------------------------
-----------------------------------------
| rollout/                |             |
|    ep_len_mean          | 469         |
|    ep_rew_mean          | -102        |
| time/                   |             |
|    fps                  | 930         |
|    iterations           | 194         |
|    time_elapsed         | 1707        |
|    total_timesteps      | 1589248     |
| train/                  |             |
|    approx_kl            | 0.011100119 |
|    clip_fraction        | 0.0868      |
|    clip_range           | 0.2         |
|    entropy_loss         | -2.45       |
|    explained_variance   | 0.875       |
|    learning_rate        | 0.0003      |
|    loss                 | 1.94        |
|    n_updates            | 14600       |
|    policy_gradient_loss | -0.00363    |
|    std                  | 0.477       |
|    value_loss           | 4.74        |
-----------------------------------------
-----------------------------------------
| rollout/                |             |
|    ep_len_mean          | 491         |
|    ep_rew_mean          | -114        |
| time/                   |             |
|    fps                  | 931         |
|    iterations           | 195         |
|    time_elapsed         | 1715        |
|    total_timesteps      | 1597440     |
| train/                  |             |
|    approx_kl            | 0.013568961 |
|    clip_fraction        | 0.122       |
|    clip_range           | 0.2         |
|    entropy_loss         | -2.47       |
|    explained_variance   | 0.947       |
|    learning_rate        | 0.0003      |
|    loss                 | 1.7         |
|    n_updates            | 14610       |
|    policy_gradient_loss | 0.000601    |
|    std                  | 0.477       |
|    value_loss           | 5.51        |
-----------------------------------------
[PeriodicArtifactCallback] step 1600000: running periodic self-monitoring analysis...
[PeriodicArtifactCallback] analysis written to C:\GitHub\HumanoidRobot\simulation\training\pick_place\runs\pp_v14\analysis_1600000.md (stalled=False)
[PeriodicArtifactCallback] step 1600000: saving checkpoint, evaluating, rendering...
[PeriodicArtifactCallback] step 1600000: success_rate=0.00 pick_success_rate=0.20 mean_reward=-190.47 -> C:\GitHub\HumanoidRobot\simulation\training\pick_place\runs\pp_v14\dashboard.html
----------------------------------------
| rollout/                |            |
|    ep_len_mean          | 491        |
|    ep_rew_mean          | -107       |
| time/                   |            |
|    fps                  | 920        |
|    iterations           | 196        |
|    time_elapsed         | 1744       |
|    total_timesteps      | 1605632    |
| train/                  |            |
|    approx_kl            | 0.01459682 |
|    clip_fraction        | 0.169      |
|    clip_range           | 0.2        |
|    entropy_loss         | -2.47      |
|    explained_variance   | 0.945      |
|    learning_rate        | 0.0003     |
|    loss                 | 0.152      |
|    n_updates            | 14620      |
|    policy_gradient_loss | 0.00126    |
|    std                  | 0.476      |
|    value_loss           | 2.52       |
----------------------------------------
----------------------------------------
| rollout/                |            |
|    ep_len_mean          | 485        |
|    ep_rew_mean          | -111       |
| time/                   |            |
|    fps                  | 920        |
|    iterations           | 197        |
|    time_elapsed         | 1752       |
|    total_timesteps      | 1613824    |
| train/                  |            |
|    approx_kl            | 0.02041856 |
|    clip_fraction        | 0.181      |
|    clip_range           | 0.2        |
|    entropy_loss         | -2.46      |
|    explained_variance   | 0.959      |
|    learning_rate        | 0.0003     |
|    loss                 | 0.88       |
|    n_updates            | 14630      |
|    policy_gradient_loss | 0.00277    |
|    std                  | 0.477      |
|    value_loss           | 3.45       |
----------------------------------------
-----------------------------------------
| rollout/                |             |
|    ep_len_mean          | 468         |
|    ep_rew_mean          | -109        |
| time/                   |             |
|    fps                  | 921         |
|    iterations           | 198         |
|    time_elapsed         | 1760        |
|    total_timesteps      | 1622016     |
| train/                  |             |
|    approx_kl            | 0.012790099 |
|    clip_fraction        | 0.132       |
|    clip_range           | 0.2         |
|    entropy_loss         | -2.47       |
|    explained_variance   | 0.966       |
|    learning_rate        | 0.0003      |
|    loss                 | 0.751       |
|    n_updates            | 14640       |
|    policy_gradient_loss | -0.00312    |
|    std                  | 0.478       |
|    value_loss           | 4.12        |
-----------------------------------------
-----------------------------------------
| rollout/                |             |
|    ep_len_mean          | 456         |
|    ep_rew_mean          | -111        |
| time/                   |             |
|    fps                  | 921         |
|    iterations           | 199         |
|    time_elapsed         | 1768        |
|    total_timesteps      | 1630208     |
| train/                  |             |
|    approx_kl            | 0.019481651 |
|    clip_fraction        | 0.238       |
|    clip_range           | 0.2         |
|    entropy_loss         | -2.46       |
|    explained_variance   | 0.892       |
|    learning_rate        | 0.0003      |
|    loss                 | 0.376       |
|    n_updates            | 14650       |
|    policy_gradient_loss | 0.00228     |
|    std                  | 0.473       |
|    value_loss           | 4.04        |
-----------------------------------------
-----------------------------------------
| rollout/                |             |
|    ep_len_mean          | 474         |
|    ep_rew_mean          | -106        |
| time/                   |             |
|    fps                  | 922         |
|    iterations           | 200         |
|    time_elapsed         | 1776        |
|    total_timesteps      | 1638400     |
| train/                  |             |
|    approx_kl            | 0.018552296 |
|    clip_fraction        | 0.167       |
|    clip_range           | 0.2         |
|    entropy_loss         | -2.46       |
|    explained_variance   | 0.916       |
|    learning_rate        | 0.0003      |
|    loss                 | 1.2         |
|    n_updates            | 14660       |
|    policy_gradient_loss | 0.00196     |
|    std                  | 0.477       |
|    value_loss           | 1.58        |
-----------------------------------------
-----------------------------------------
| rollout/                |             |
|    ep_len_mean          | 468         |
|    ep_rew_mean          | -96.6       |
| time/                   |             |
|    fps                  | 922         |
|    iterations           | 201         |
|    time_elapsed         | 1785        |
|    total_timesteps      | 1646592     |
| train/                  |             |
|    approx_kl            | 0.015229212 |
|    clip_fraction        | 0.148       |
|    clip_range           | 0.2         |
|    entropy_loss         | -2.45       |
|    explained_variance   | 0.753       |
|    learning_rate        | 0.0003      |
|    loss                 | 0.519       |
|    n_updates            | 14670       |
|    policy_gradient_loss | -0.00107    |
|    std                  | 0.473       |
|    value_loss           | 2.19        |
-----------------------------------------
----------------------------------------
| rollout/                |            |
|    ep_len_mean          | 474        |
|    ep_rew_mean          | -99.6      |
| time/                   |            |
|    fps                  | 923        |
|    iterations           | 202        |
|    time_elapsed         | 1792       |
|    total_timesteps      | 1654784    |
| train/                  |            |
|    approx_kl            | 0.02135834 |
|    clip_fraction        | 0.189      |
|    clip_range           | 0.2        |
|    entropy_loss         | -2.46      |
|    explained_variance   | 0.871      |
|    learning_rate        | 0.0003     |
|    loss                 | 4.41       |
|    n_updates            | 14680      |
|    policy_gradient_loss | -0.00388   |
|    std                  | 0.476      |
|    value_loss           | 3.68       |
----------------------------------------
-----------------------------------------
| rollout/                |             |
|    ep_len_mean          | 462         |
|    ep_rew_mean          | -96.5       |
| time/                   |             |
|    fps                  | 923         |
|    iterations           | 203         |
|    time_elapsed         | 1801        |
|    total_timesteps      | 1662976     |
| train/                  |             |
|    approx_kl            | 0.021333406 |
|    clip_fraction        | 0.236       |
|    clip_range           | 0.2         |
|    entropy_loss         | -2.43       |
|    explained_variance   | 0.846       |
|    learning_rate        | 0.0003      |
|    loss                 | 2.69        |
|    n_updates            | 14690       |
|    policy_gradient_loss | 0.000138    |
|    std                  | 0.472       |
|    value_loss           | 3.03        |
-----------------------------------------
-----------------------------------------
| rollout/                |             |
|    ep_len_mean          | 445         |
|    ep_rew_mean          | -88.2       |
| time/                   |             |
|    fps                  | 923         |
|    iterations           | 204         |
|    time_elapsed         | 1809        |
|    total_timesteps      | 1671168     |
| train/                  |             |
|    approx_kl            | 0.014503396 |
|    clip_fraction        | 0.144       |
|    clip_range           | 0.2         |
|    entropy_loss         | -2.4        |
|    explained_variance   | 0.869       |
|    learning_rate        | 0.0003      |
|    loss                 | 0.283       |
|    n_updates            | 14700       |
|    policy_gradient_loss | 0.00161     |
|    std                  | 0.467       |
|    value_loss           | 1.89        |
-----------------------------------------
-----------------------------------------
| rollout/                |             |
|    ep_len_mean          | 456         |
|    ep_rew_mean          | -93.1       |
| time/                   |             |
|    fps                  | 923         |
|    iterations           | 205         |
|    time_elapsed         | 1818        |
|    total_timesteps      | 1679360     |
| train/                  |             |
|    approx_kl            | 0.022640627 |
|    clip_fraction        | 0.218       |
|    clip_range           | 0.2         |
|    entropy_loss         | -2.4        |
|    explained_variance   | 0.934       |
|    learning_rate        | 0.0003      |
|    loss                 | 0.529       |
|    n_updates            | 14710       |
|    policy_gradient_loss | 0.000597    |
|    std                  | 0.469       |
|    value_loss           | 1.36        |
-----------------------------------------
----------------------------------------
| rollout/                |            |
|    ep_len_mean          | 456        |
|    ep_rew_mean          | -91.8      |
| time/                   |            |
|    fps                  | 924        |
|    iterations           | 206        |
|    time_elapsed         | 1826       |
|    total_timesteps      | 1687552    |
| train/                  |            |
|    approx_kl            | 0.01745307 |
|    clip_fraction        | 0.189      |
|    clip_range           | 0.2        |
|    entropy_loss         | -2.39      |
|    explained_variance   | 0.931      |
|    learning_rate        | 0.0003     |
|    loss                 | 1.35       |
|    n_updates            | 14720      |
|    policy_gradient_loss | -0.00281   |
|    std                  | 0.468      |
|    value_loss           | 1.94       |
----------------------------------------
-----------------------------------------
| rollout/                |             |
|    ep_len_mean          | 456         |
|    ep_rew_mean          | -94.6       |
| time/                   |             |
|    fps                  | 924         |
|    iterations           | 207         |
|    time_elapsed         | 1834        |
|    total_timesteps      | 1695744     |
| train/                  |             |
|    approx_kl            | 0.022641227 |
|    clip_fraction        | 0.18        |
|    clip_range           | 0.2         |
|    entropy_loss         | -2.39       |
|    explained_variance   | 0.909       |
|    learning_rate        | 0.0003      |
|    loss                 | 0.673       |
|    n_updates            | 14730       |
|    policy_gradient_loss | 0.000973    |
|    std                  | 0.468       |
|    value_loss           | 2.58        |
-----------------------------------------
-----------------------------------------
| rollout/                |             |
|    ep_len_mean          | 451         |
|    ep_rew_mean          | -97.5       |
| time/                   |             |
|    fps                  | 924         |
|    iterations           | 208         |
|    time_elapsed         | 1843        |
|    total_timesteps      | 1703936     |
| train/                  |             |
|    approx_kl            | 0.025982628 |
|    clip_fraction        | 0.173       |
|    clip_range           | 0.2         |
|    entropy_loss         | -2.42       |
|    explained_variance   | 0.809       |
|    learning_rate        | 0.0003      |
|    loss                 | 2.51        |
|    n_updates            | 14740       |
|    policy_gradient_loss | -0.000572   |
|    std                  | 0.474       |
|    value_loss           | 2.68        |
-----------------------------------------
-----------------------------------------
| rollout/                |             |
|    ep_len_mean          | 468         |
|    ep_rew_mean          | -97.9       |
| time/                   |             |
|    fps                  | 924         |
|    iterations           | 209         |
|    time_elapsed         | 1851        |
|    total_timesteps      | 1712128     |
| train/                  |             |
|    approx_kl            | 0.013945106 |
|    clip_fraction        | 0.131       |
|    clip_range           | 0.2         |
|    entropy_loss         | -2.43       |
|    explained_variance   | 0.873       |
|    learning_rate        | 0.0003      |
|    loss                 | 0.147       |
|    n_updates            | 14750       |
|    policy_gradient_loss | -0.00268    |
|    std                  | 0.472       |
|    value_loss           | 2.01        |
-----------------------------------------
-----------------------------------------
| rollout/                |             |
|    ep_len_mean          | 474         |
|    ep_rew_mean          | -101        |
| time/                   |             |
|    fps                  | 925         |
|    iterations           | 210         |
|    time_elapsed         | 1859        |
|    total_timesteps      | 1720320     |
| train/                  |             |
|    approx_kl            | 0.024364261 |
|    clip_fraction        | 0.213       |
|    clip_range           | 0.2         |
|    entropy_loss         | -2.43       |
|    explained_variance   | 0.917       |
|    learning_rate        | 0.0003      |
|    loss                 | 0.97        |
|    n_updates            | 14760       |
|    policy_gradient_loss | -0.00208    |
|    std                  | 0.476       |
|    value_loss           | 1.78        |
-----------------------------------------
-----------------------------------------
| rollout/                |             |
|    ep_len_mean          | 474         |
|    ep_rew_mean          | -94.5       |
| time/                   |             |
|    fps                  | 925         |
|    iterations           | 211         |
|    time_elapsed         | 1867        |
|    total_timesteps      | 1728512     |
| train/                  |             |
|    approx_kl            | 0.016300503 |
|    clip_fraction        | 0.207       |
|    clip_range           | 0.2         |
|    entropy_loss         | -2.43       |
|    explained_variance   | 0.897       |
|    learning_rate        | 0.0003      |
|    loss                 | 0.29        |
|    n_updates            | 14770       |
|    policy_gradient_loss | 0.000593    |
|    std                  | 0.473       |
|    value_loss           | 1.12        |
-----------------------------------------
-----------------------------------------
| rollout/                |             |
|    ep_len_mean          | 491         |
|    ep_rew_mean          | -105        |
| time/                   |             |
|    fps                  | 925         |
|    iterations           | 212         |
|    time_elapsed         | 1876        |
|    total_timesteps      | 1736704     |
| train/                  |             |
|    approx_kl            | 0.015813038 |
|    clip_fraction        | 0.156       |
|    clip_range           | 0.2         |
|    entropy_loss         | -2.43       |
|    explained_variance   | 0.813       |
|    learning_rate        | 0.0003      |
|    loss                 | 0.343       |
|    n_updates            | 14780       |
|    policy_gradient_loss | 0.000128    |
|    std                  | 0.476       |
|    value_loss           | 2.45        |
-----------------------------------------
-----------------------------------------
| rollout/                |             |
|    ep_len_mean          | 485         |
|    ep_rew_mean          | -105        |
| time/                   |             |
|    fps                  | 926         |
|    iterations           | 213         |
|    time_elapsed         | 1884        |
|    total_timesteps      | 1744896     |
| train/                  |             |
|    approx_kl            | 0.013494623 |
|    clip_fraction        | 0.117       |
|    clip_range           | 0.2         |
|    entropy_loss         | -2.47       |
|    explained_variance   | 0.885       |
|    learning_rate        | 0.0003      |
|    loss                 | 1.58        |
|    n_updates            | 14790       |
|    policy_gradient_loss | -0.00286    |
|    std                  | 0.482       |
|    value_loss           | 2.57        |
-----------------------------------------
----------------------------------------
| rollout/                |            |
|    ep_len_mean          | 479        |
|    ep_rew_mean          | -98.6      |
| time/                   |            |
|    fps                  | 926        |
|    iterations           | 214        |
|    time_elapsed         | 1892       |
|    total_timesteps      | 1753088    |
| train/                  |            |
|    approx_kl            | 0.01980439 |
|    clip_fraction        | 0.16       |
|    clip_range           | 0.2        |
|    entropy_loss         | -2.51      |
|    explained_variance   | 0.904      |
|    learning_rate        | 0.0003     |
|    loss                 | 0.207      |
|    n_updates            | 14800      |
|    policy_gradient_loss | -0.000776  |
|    std                  | 0.485      |
|    value_loss           | 3.89       |
----------------------------------------
-----------------------------------------
| rollout/                |             |
|    ep_len_mean          | 497         |
|    ep_rew_mean          | -105        |
| time/                   |             |
|    fps                  | 926         |
|    iterations           | 215         |
|    time_elapsed         | 1900        |
|    total_timesteps      | 1761280     |
| train/                  |             |
|    approx_kl            | 0.020634603 |
|    clip_fraction        | 0.213       |
|    clip_range           | 0.2         |
|    entropy_loss         | -2.53       |
|    explained_variance   | 0.899       |
|    learning_rate        | 0.0003      |
|    loss                 | 0.513       |
|    n_updates            | 14810       |
|    policy_gradient_loss | 0.00373     |
|    std                  | 0.487       |
|    value_loss           | 2.14        |
-----------------------------------------
----------------------------------------
| rollout/                |            |
|    ep_len_mean          | 508        |
|    ep_rew_mean          | -109       |
| time/                   |            |
|    fps                  | 926        |
|    iterations           | 216        |
|    time_elapsed         | 1909       |
|    total_timesteps      | 1769472    |
| train/                  |            |
|    approx_kl            | 0.01813113 |
|    clip_fraction        | 0.217      |
|    clip_range           | 0.2        |
|    entropy_loss         | -2.56      |
|    explained_variance   | 0.828      |
|    learning_rate        | 0.0003     |
|    loss                 | 0.275      |
|    n_updates            | 14820      |
|    policy_gradient_loss | -0.00318   |
|    std                  | 0.489      |
|    value_loss           | 1.91       |
----------------------------------------
-----------------------------------------
| rollout/                |             |
|    ep_len_mean          | 520         |
|    ep_rew_mean          | -110        |
| time/                   |             |
|    fps                  | 927         |
|    iterations           | 217         |
|    time_elapsed         | 1916        |
|    total_timesteps      | 1777664     |
| train/                  |             |
|    approx_kl            | 0.019433009 |
|    clip_fraction        | 0.248       |
|    clip_range           | 0.2         |
|    entropy_loss         | -2.55       |
|    explained_variance   | 0.896       |
|    learning_rate        | 0.0003      |
|    loss                 | 0.177       |
|    n_updates            | 14830       |
|    policy_gradient_loss | -0.00337    |
|    std                  | 0.485       |
|    value_loss           | 0.974       |
-----------------------------------------
-----------------------------------------
| rollout/                |             |
|    ep_len_mean          | 520         |
|    ep_rew_mean          | -113        |
| time/                   |             |
|    fps                  | 927         |
|    iterations           | 218         |
|    time_elapsed         | 1925        |
|    total_timesteps      | 1785856     |
| train/                  |             |
|    approx_kl            | 0.017078819 |
|    clip_fraction        | 0.149       |
|    clip_range           | 0.2         |
|    entropy_loss         | -2.54       |
|    explained_variance   | 0.724       |
|    learning_rate        | 0.0003      |
|    loss                 | 0.223       |
|    n_updates            | 14840       |
|    policy_gradient_loss | -0.0032     |
|    std                  | 0.485       |
|    value_loss           | 2.09        |
-----------------------------------------
-----------------------------------------
| rollout/                |             |
|    ep_len_mean          | 508         |
|    ep_rew_mean          | -102        |
| time/                   |             |
|    fps                  | 927         |
|    iterations           | 219         |
|    time_elapsed         | 1933        |
|    total_timesteps      | 1794048     |
| train/                  |             |
|    approx_kl            | 0.016999036 |
|    clip_fraction        | 0.162       |
|    clip_range           | 0.2         |
|    entropy_loss         | -2.55       |
|    explained_variance   | 0.832       |
|    learning_rate        | 0.0003      |
|    loss                 | 5.01        |
|    n_updates            | 14850       |
|    policy_gradient_loss | -0.0019     |
|    std                  | 0.489       |
|    value_loss           | 3.21        |
-----------------------------------------
[PeriodicArtifactCallback] step 1800000: saving checkpoint, evaluating, rendering...
[PeriodicArtifactCallback] step 1800000: success_rate=0.00 pick_success_rate=0.30 mean_reward=-242.73 -> C:\GitHub\HumanoidRobot\simulation\training\pick_place\runs\pp_v14\dashboard.html
-----------------------------------------
| rollout/                |             |
|    ep_len_mean          | 514         |
|    ep_rew_mean          | -103        |
| time/                   |             |
|    fps                  | 922         |
|    iterations           | 220         |
|    time_elapsed         | 1953        |
|    total_timesteps      | 1802240     |
| train/                  |             |
|    approx_kl            | 0.018602952 |
|    clip_fraction        | 0.209       |
|    clip_range           | 0.2         |
|    entropy_loss         | -2.52       |
|    explained_variance   | 0.934       |
|    learning_rate        | 0.0003      |
|    loss                 | 1.79        |
|    n_updates            | 14860       |
|    policy_gradient_loss | 0.00133     |
|    std                  | 0.483       |
|    value_loss           | 1.82        |
-----------------------------------------
-----------------------------------------
| rollout/                |             |
|    ep_len_mean          | 514         |
|    ep_rew_mean          | -100        |
| time/                   |             |
|    fps                  | 922         |
|    iterations           | 221         |
|    time_elapsed         | 1961        |
|    total_timesteps      | 1810432     |
| train/                  |             |
|    approx_kl            | 0.019310636 |
|    clip_fraction        | 0.189       |
|    clip_range           | 0.2         |
|    entropy_loss         | -2.51       |
|    explained_variance   | 0.909       |
|    learning_rate        | 0.0003      |
|    loss                 | 0.715       |
|    n_updates            | 14870       |
|    policy_gradient_loss | -0.00352    |
|    std                  | 0.484       |
|    value_loss           | 1.23        |
-----------------------------------------
