Using cuda device
Logging to C:\GitHub\HumanoidRobot\simulation\training\pick_place\runs\pp_v22\logs\pp_v22_1
---------------------------------
| rollout/           |          |
|    ep_len_mean     | 22       |
|    ep_rew_mean     | -8.44    |
| time/              |          |
|    fps             | 4145     |
|    iterations      | 1        |
|    time_elapsed    | 1        |
|    total_timesteps | 8192     |
---------------------------------
-----------------------------------------
| rollout/                |             |
|    ep_len_mean          | 302         |
|    ep_rew_mean          | -353        |
| time/                   |             |
|    fps                  | 3091        |
|    iterations           | 2           |
|    time_elapsed         | 5           |
|    total_timesteps      | 16384       |
| train/                  |             |
|    approx_kl            | 0.005105856 |
|    clip_fraction        | 0.0423      |
|    clip_range           | 0.2         |
|    entropy_loss         | -5.66       |
|    explained_variance   | 0.0252      |
|    learning_rate        | 0.0003      |
|    loss                 | 9.5         |
|    n_updates            | 10          |
|    policy_gradient_loss | -0.00243    |
|    std                  | 0.996       |
|    value_loss           | 116         |
-----------------------------------------
------------------------------------------
| rollout/                |              |
|    ep_len_mean          | 385          |
|    ep_rew_mean          | -397         |
| time/                   |              |
|    fps                  | 2918         |
|    iterations           | 3            |
|    time_elapsed         | 8            |
|    total_timesteps      | 24576        |
| train/                  |              |
|    approx_kl            | 0.0036051318 |
|    clip_fraction        | 0.0146       |
|    clip_range           | 0.2          |
|    entropy_loss         | -5.66        |
|    explained_variance   | 0.313        |
|    learning_rate        | 0.0003       |
|    loss                 | 14.3         |
|    n_updates            | 20           |
|    policy_gradient_loss | -0.00168     |
|    std                  | 0.996        |
|    value_loss           | 73.4         |
------------------------------------------
-----------------------------------------
| rollout/                |             |
|    ep_len_mean          | 424         |
|    ep_rew_mean          | -434        |
| time/                   |             |
|    fps                  | 2788        |
|    iterations           | 4           |
|    time_elapsed         | 11          |
|    total_timesteps      | 32768       |
| train/                  |             |
|    approx_kl            | 0.005956272 |
|    clip_fraction        | 0.0356      |
|    clip_range           | 0.2         |
|    entropy_loss         | -5.66       |
|    explained_variance   | 0.587       |
|    learning_rate        | 0.0003      |
|    loss                 | 11.7        |
|    n_updates            | 30          |
|    policy_gradient_loss | -0.00407    |
|    std                  | 0.998       |
|    value_loss           | 58.4        |
-----------------------------------------
-----------------------------------------
| rollout/                |             |
|    ep_len_mean          | 452         |
|    ep_rew_mean          | -453        |
| time/                   |             |
|    fps                  | 2721        |
|    iterations           | 5           |
|    time_elapsed         | 15          |
|    total_timesteps      | 40960       |
| train/                  |             |
|    approx_kl            | 0.004333324 |
|    clip_fraction        | 0.0306      |
|    clip_range           | 0.2         |
|    entropy_loss         | -5.66       |
|    explained_variance   | 0.754       |
|    learning_rate        | 0.0003      |
|    loss                 | 7.98        |
|    n_updates            | 40          |
|    policy_gradient_loss | -0.0027     |
|    std                  | 0.994       |
|    value_loss           | 45.4        |
-----------------------------------------
-----------------------------------------
| rollout/                |             |
|    ep_len_mean          | 473         |
|    ep_rew_mean          | -465        |
| time/                   |             |
|    fps                  | 2667        |
|    iterations           | 6           |
|    time_elapsed         | 18          |
|    total_timesteps      | 49152       |
| train/                  |             |
|    approx_kl            | 0.005467424 |
|    clip_fraction        | 0.0304      |
|    clip_range           | 0.2         |
|    entropy_loss         | -5.65       |
|    explained_variance   | 0.875       |
|    learning_rate        | 0.0003      |
|    loss                 | 6.59        |
|    n_updates            | 50          |
|    policy_gradient_loss | -0.00289    |
|    std                  | 0.991       |
|    value_loss           | 30.9        |
-----------------------------------------
------------------------------------------
| rollout/                |              |
|    ep_len_mean          | 485          |
|    ep_rew_mean          | -477         |
| time/                   |              |
|    fps                  | 2673         |
|    iterations           | 7            |
|    time_elapsed         | 21           |
|    total_timesteps      | 57344        |
| train/                  |              |
|    approx_kl            | 0.0056580016 |
|    clip_fraction        | 0.0382       |
|    clip_range           | 0.2          |
|    entropy_loss         | -5.64        |
|    explained_variance   | 0.905        |
|    learning_rate        | 0.0003       |
|    loss                 | 6.2          |
|    n_updates            | 60           |
|    policy_gradient_loss | -0.00236     |
|    std                  | 0.987        |
|    value_loss           | 25           |
------------------------------------------
------------------------------------------
| rollout/                |              |
|    ep_len_mean          | 491          |
|    ep_rew_mean          | -449         |
| time/                   |              |
|    fps                  | 2670         |
|    iterations           | 8            |
|    time_elapsed         | 24           |
|    total_timesteps      | 65536        |
| train/                  |              |
|    approx_kl            | 0.0071380683 |
|    clip_fraction        | 0.0483       |
|    clip_range           | 0.2          |
|    entropy_loss         | -5.62        |
|    explained_variance   | 0.919        |
|    learning_rate        | 0.0003       |
|    loss                 | 6.27         |
|    n_updates            | 70           |
|    policy_gradient_loss | -0.00333     |
|    std                  | 0.986        |
|    value_loss           | 21.9         |
------------------------------------------
------------------------------------------
| rollout/                |              |
|    ep_len_mean          | 473          |
|    ep_rew_mean          | -417         |
| time/                   |              |
|    fps                  | 2641         |
|    iterations           | 9            |
|    time_elapsed         | 27           |
|    total_timesteps      | 73728        |
| train/                  |              |
|    approx_kl            | 0.0072324285 |
|    clip_fraction        | 0.0526       |
|    clip_range           | 0.2          |
|    entropy_loss         | -5.63        |
|    explained_variance   | 0.892        |
|    learning_rate        | 0.0003       |
|    loss                 | 33.6         |
|    n_updates            | 80           |
|    policy_gradient_loss | -0.00367     |
|    std                  | 0.992        |
|    value_loss           | 39.3         |
------------------------------------------
-----------------------------------------
| rollout/                |             |
|    ep_len_mean          | 450         |
|    ep_rew_mean          | -393        |
| time/                   |             |
|    fps                  | 2618        |
|    iterations           | 10          |
|    time_elapsed         | 31          |
|    total_timesteps      | 81920       |
| train/                  |             |
|    approx_kl            | 0.006293533 |
|    clip_fraction        | 0.0508      |
|    clip_range           | 0.2         |
|    entropy_loss         | -5.64       |
|    explained_variance   | 0.887       |
|    learning_rate        | 0.0003      |
|    loss                 | 6.14        |
|    n_updates            | 90          |
|    policy_gradient_loss | -0.00327    |
|    std                  | 0.992       |
|    value_loss           | 51.9        |
-----------------------------------------
-----------------------------------------
| rollout/                |             |
|    ep_len_mean          | 392         |
|    ep_rew_mean          | -341        |
| time/                   |             |
|    fps                  | 2605        |
|    iterations           | 11          |
|    time_elapsed         | 34          |
|    total_timesteps      | 90112       |
| train/                  |             |
|    approx_kl            | 0.009121209 |
|    clip_fraction        | 0.0895      |
|    clip_range           | 0.2         |
|    entropy_loss         | -5.62       |
|    explained_variance   | 0.963       |
|    learning_rate        | 0.0003      |
|    loss                 | 3.12        |
|    n_updates            | 100         |
|    policy_gradient_loss | -0.006      |
|    std                  | 0.983       |
|    value_loss           | 19          |
-----------------------------------------
-----------------------------------------
| rollout/                |             |
|    ep_len_mean          | 409         |
|    ep_rew_mean          | -362        |
| time/                   |             |
|    fps                  | 2613        |
|    iterations           | 12          |
|    time_elapsed         | 37          |
|    total_timesteps      | 98304       |
| train/                  |             |
|    approx_kl            | 0.010407719 |
|    clip_fraction        | 0.0879      |
|    clip_range           | 0.2         |
|    entropy_loss         | -5.6        |
|    explained_variance   | 0.941       |
|    learning_rate        | 0.0003      |
|    loss                 | 13.4        |
|    n_updates            | 110         |
|    policy_gradient_loss | -0.00539    |
|    std                  | 0.977       |
|    value_loss           | 34.2        |
-----------------------------------------
-----------------------------------------
| rollout/                |             |
|    ep_len_mean          | 415         |
|    ep_rew_mean          | -376        |
| time/                   |             |
|    fps                  | 2620        |
|    iterations           | 13          |
|    time_elapsed         | 40          |
|    total_timesteps      | 106496      |
| train/                  |             |
|    approx_kl            | 0.009637427 |
|    clip_fraction        | 0.104       |
|    clip_range           | 0.2         |
|    entropy_loss         | -5.54       |
|    explained_variance   | 0.982       |
|    learning_rate        | 0.0003      |
|    loss                 | 3.42        |
|    n_updates            | 120         |
|    policy_gradient_loss | -0.00645    |
|    std                  | 0.963       |
|    value_loss           | 8.78        |
-----------------------------------------
-----------------------------------------
| rollout/                |             |
|    ep_len_mean          | 403         |
|    ep_rew_mean          | -373        |
| time/                   |             |
|    fps                  | 2606        |
|    iterations           | 14          |
|    time_elapsed         | 43          |
|    total_timesteps      | 114688      |
| train/                  |             |
|    approx_kl            | 0.008352185 |
|    clip_fraction        | 0.094       |
|    clip_range           | 0.2         |
|    entropy_loss         | -5.5        |
|    explained_variance   | 0.966       |
|    learning_rate        | 0.0003      |
|    loss                 | 4.49        |
|    n_updates            | 130         |
|    policy_gradient_loss | -0.00826    |
|    std                  | 0.952       |
|    value_loss           | 11.7        |
-----------------------------------------
-----------------------------------------
| rollout/                |             |
|    ep_len_mean          | 409         |
|    ep_rew_mean          | -363        |
| time/                   |             |
|    fps                  | 2591        |
|    iterations           | 15          |
|    time_elapsed         | 47          |
|    total_timesteps      | 122880      |
| train/                  |             |
|    approx_kl            | 0.009115584 |
|    clip_fraction        | 0.11        |
|    clip_range           | 0.2         |
|    entropy_loss         | -5.48       |
|    explained_variance   | 0.938       |
|    learning_rate        | 0.0003      |
|    loss                 | 5           |
|    n_updates            | 140         |
|    policy_gradient_loss | -0.00672    |
|    std                  | 0.951       |
|    value_loss           | 28.4        |
-----------------------------------------
-----------------------------------------
| rollout/                |             |
|    ep_len_mean          | 432         |
|    ep_rew_mean          | -358        |
| time/                   |             |
|    fps                  | 2581        |
|    iterations           | 16          |
|    time_elapsed         | 50          |
|    total_timesteps      | 131072      |
| train/                  |             |
|    approx_kl            | 0.007345744 |
|    clip_fraction        | 0.0789      |
|    clip_range           | 0.2         |
|    entropy_loss         | -5.45       |
|    explained_variance   | 0.959       |
|    learning_rate        | 0.0003      |
|    loss                 | 6           |
|    n_updates            | 150         |
|    policy_gradient_loss | -0.00567    |
|    std                  | 0.943       |
|    value_loss           | 17.8        |
-----------------------------------------
-----------------------------------------
| rollout/                |             |
|    ep_len_mean          | 467         |
|    ep_rew_mean          | -370        |
| time/                   |             |
|    fps                  | 2589        |
|    iterations           | 17          |
|    time_elapsed         | 53          |
|    total_timesteps      | 139264      |
| train/                  |             |
|    approx_kl            | 0.008246648 |
|    clip_fraction        | 0.0823      |
|    clip_range           | 0.2         |
|    entropy_loss         | -5.42       |
|    explained_variance   | 0.915       |
|    learning_rate        | 0.0003      |
|    loss                 | 12.5        |
|    n_updates            | 160         |
|    policy_gradient_loss | -0.00582    |
|    std                  | 0.935       |
|    value_loss           | 22.4        |
-----------------------------------------
-----------------------------------------
| rollout/                |             |
|    ep_len_mean          | 439         |
|    ep_rew_mean          | -330        |
| time/                   |             |
|    fps                  | 2593        |
|    iterations           | 18          |
|    time_elapsed         | 56          |
|    total_timesteps      | 147456      |
| train/                  |             |
|    approx_kl            | 0.008252244 |
|    clip_fraction        | 0.0981      |
|    clip_range           | 0.2         |
|    entropy_loss         | -5.39       |
|    explained_variance   | 0.923       |
|    learning_rate        | 0.0003      |
|    loss                 | 9.28        |
|    n_updates            | 170         |
|    policy_gradient_loss | -0.00624    |
|    std                  | 0.93        |
|    value_loss           | 23.9        |
-----------------------------------------
-----------------------------------------
| rollout/                |             |
|    ep_len_mean          | 439         |
|    ep_rew_mean          | -311        |
| time/                   |             |
|    fps                  | 2589        |
|    iterations           | 19          |
|    time_elapsed         | 60          |
|    total_timesteps      | 155648      |
| train/                  |             |
|    approx_kl            | 0.008075157 |
|    clip_fraction        | 0.101       |
|    clip_range           | 0.2         |
|    entropy_loss         | -5.38       |
|    explained_variance   | 0.85        |
|    learning_rate        | 0.0003      |
|    loss                 | 10.7        |
|    n_updates            | 180         |
|    policy_gradient_loss | -0.00493    |
|    std                  | 0.929       |
|    value_loss           | 29          |
-----------------------------------------
------------------------------------------
| rollout/                |              |
|    ep_len_mean          | 411          |
|    ep_rew_mean          | -281         |
| time/                   |              |
|    fps                  | 2584         |
|    iterations           | 20           |
|    time_elapsed         | 63           |
|    total_timesteps      | 163840       |
| train/                  |              |
|    approx_kl            | 0.0065481244 |
|    clip_fraction        | 0.0657       |
|    clip_range           | 0.2          |
|    entropy_loss         | -5.37        |
|    explained_variance   | 0.87         |
|    learning_rate        | 0.0003       |
|    loss                 | 7.81         |
|    n_updates            | 190          |
|    policy_gradient_loss | -0.00407     |
|    std                  | 0.927        |
|    value_loss           | 22.4         |
------------------------------------------
------------------------------------------
| rollout/                |              |
|    ep_len_mean          | 359          |
|    ep_rew_mean          | -238         |
| time/                   |              |
|    fps                  | 2581         |
|    iterations           | 21           |
|    time_elapsed         | 66           |
|    total_timesteps      | 172032       |
| train/                  |              |
|    approx_kl            | 0.0057857167 |
|    clip_fraction        | 0.0437       |
|    clip_range           | 0.2          |
|    entropy_loss         | -5.35        |
|    explained_variance   | 0.883        |
|    learning_rate        | 0.0003       |
|    loss                 | 16.1         |
|    n_updates            | 200          |
|    policy_gradient_loss | -0.00331     |
|    std                  | 0.919        |
|    value_loss           | 29.5         |
------------------------------------------
------------------------------------------
| rollout/                |              |
|    ep_len_mean          | 341          |
|    ep_rew_mean          | -207         |
| time/                   |              |
|    fps                  | 2584         |
|    iterations           | 22           |
|    time_elapsed         | 69           |
|    total_timesteps      | 180224       |
| train/                  |              |
|    approx_kl            | 0.0067781676 |
|    clip_fraction        | 0.0739       |
|    clip_range           | 0.2          |
|    entropy_loss         | -5.32        |
|    explained_variance   | 0.883        |
|    learning_rate        | 0.0003       |
|    loss                 | 4.6          |
|    n_updates            | 210          |
|    policy_gradient_loss | -0.00356     |
|    std                  | 0.914        |
|    value_loss           | 29.6         |
------------------------------------------
-----------------------------------------
| rollout/                |             |
|    ep_len_mean          | 340         |
|    ep_rew_mean          | -202        |
| time/                   |             |
|    fps                  | 2588        |
|    iterations           | 23          |
|    time_elapsed         | 72          |
|    total_timesteps      | 188416      |
| train/                  |             |
|    approx_kl            | 0.006232596 |
|    clip_fraction        | 0.0553      |
|    clip_range           | 0.2         |
|    entropy_loss         | -5.29       |
|    explained_variance   | 0.884       |
|    learning_rate        | 0.0003      |
|    loss                 | 10.4        |
|    n_updates            | 220         |
|    policy_gradient_loss | -0.00332    |
|    std                  | 0.906       |
|    value_loss           | 27.8        |
-----------------------------------------
-----------------------------------------
| rollout/                |             |
|    ep_len_mean          | 356         |
|    ep_rew_mean          | -209        |
| time/                   |             |
|    fps                  | 2582        |
|    iterations           | 24          |
|    time_elapsed         | 76          |
|    total_timesteps      | 196608      |
| train/                  |             |
|    approx_kl            | 0.005523609 |
|    clip_fraction        | 0.0633      |
|    clip_range           | 0.2         |
|    entropy_loss         | -5.27       |
|    explained_variance   | 0.89        |
|    learning_rate        | 0.0003      |
|    loss                 | 6.45        |
|    n_updates            | 230         |
|    policy_gradient_loss | -0.00275    |
|    std                  | 0.901       |
|    value_loss           | 28.3        |
-----------------------------------------
[PeriodicArtifactCallback] step 200000: saving checkpoint, evaluating, rendering...
[PeriodicArtifactCallback] step 200000: success_rate=0.00 pick_success_rate=0.00 mean_reward=-581.77 -> C:\GitHub\HumanoidRobot\simulation\training\pick_place\runs\pp_v22\dashboard.html
------------------------------------------
| rollout/                |              |
|    ep_len_mean          | 363          |
|    ep_rew_mean          | -214         |
| time/                   |              |
|    fps                  | 2223         |
|    iterations           | 25           |
|    time_elapsed         | 92           |
|    total_timesteps      | 204800       |
| train/                  |              |
|    approx_kl            | 0.0061685867 |
|    clip_fraction        | 0.0759       |
|    clip_range           | 0.2          |
|    entropy_loss         | -5.24        |
|    explained_variance   | 0.871        |
|    learning_rate        | 0.0003       |
|    loss                 | 7.51         |
|    n_updates            | 240          |
|    policy_gradient_loss | -0.00119     |
|    std                  | 0.896        |
|    value_loss           | 12.6         |
------------------------------------------
------------------------------------------
| rollout/                |              |
|    ep_len_mean          | 363          |
|    ep_rew_mean          | -215         |
| time/                   |              |
|    fps                  | 2237         |
|    iterations           | 26           |
|    time_elapsed         | 95           |
|    total_timesteps      | 212992       |
| train/                  |              |
|    approx_kl            | 0.0107614575 |
|    clip_fraction        | 0.122        |
|    clip_range           | 0.2          |
|    entropy_loss         | -5.2         |
|    explained_variance   | 0.89         |
|    learning_rate        | 0.0003       |
|    loss                 | 4.38         |
|    n_updates            | 250          |
|    policy_gradient_loss | -0.00538     |
|    std                  | 0.884        |
|    value_loss           | 11           |
------------------------------------------
------------------------------------------
| rollout/                |              |
|    ep_len_mean          | 369          |
|    ep_rew_mean          | -220         |
| time/                   |              |
|    fps                  | 2251         |
|    iterations           | 27           |
|    time_elapsed         | 98           |
|    total_timesteps      | 221184       |
| train/                  |              |
|    approx_kl            | 0.0076446733 |
|    clip_fraction        | 0.0796       |
|    clip_range           | 0.2          |
|    entropy_loss         | -5.18        |
|    explained_variance   | 0.88         |
|    learning_rate        | 0.0003       |
|    loss                 | 5.11         |
|    n_updates            | 260          |
|    policy_gradient_loss | -0.00465     |
|    std                  | 0.886        |
|    value_loss           | 14.5         |
------------------------------------------
-----------------------------------------
| rollout/                |             |
|    ep_len_mean          | 386         |
|    ep_rew_mean          | -229        |
| time/                   |             |
|    fps                  | 2263        |
|    iterations           | 28          |
|    time_elapsed         | 101         |
|    total_timesteps      | 229376      |
| train/                  |             |
|    approx_kl            | 0.006367936 |
|    clip_fraction        | 0.0581      |
|    clip_range           | 0.2         |
|    entropy_loss         | -5.2        |
|    explained_variance   | 0.872       |
|    learning_rate        | 0.0003      |
|    loss                 | 3.82        |
|    n_updates            | 270         |
|    policy_gradient_loss | -0.00332    |
|    std                  | 0.894       |
|    value_loss           | 23.4        |
-----------------------------------------
-----------------------------------------
| rollout/                |             |
|    ep_len_mean          | 357         |
|    ep_rew_mean          | -210        |
| time/                   |             |
|    fps                  | 2268        |
|    iterations           | 29          |
|    time_elapsed         | 104         |
|    total_timesteps      | 237568      |
| train/                  |             |
|    approx_kl            | 0.006919374 |
|    clip_fraction        | 0.0596      |
|    clip_range           | 0.2         |
|    entropy_loss         | -5.23       |
|    explained_variance   | 0.87        |
|    learning_rate        | 0.0003      |
|    loss                 | 8.72        |
|    n_updates            | 280         |
|    policy_gradient_loss | -0.00306    |
|    std                  | 0.899       |
|    value_loss           | 17.4        |
-----------------------------------------
------------------------------------------
| rollout/                |              |
|    ep_len_mean          | 362          |
|    ep_rew_mean          | -211         |
| time/                   |              |
|    fps                  | 2273         |
|    iterations           | 30           |
|    time_elapsed         | 108          |
|    total_timesteps      | 245760       |
| train/                  |              |
|    approx_kl            | 0.0055782767 |
|    clip_fraction        | 0.0521       |
|    clip_range           | 0.2          |
|    entropy_loss         | -5.23        |
|    explained_variance   | 0.89         |
|    learning_rate        | 0.0003       |
|    loss                 | 3.94         |
|    n_updates            | 290          |
|    policy_gradient_loss | -0.00157     |
|    std                  | 0.894        |
|    value_loss           | 16           |
------------------------------------------
------------------------------------------
| rollout/                |              |
|    ep_len_mean          | 356          |
|    ep_rew_mean          | -211         |
| time/                   |              |
|    fps                  | 2283         |
|    iterations           | 31           |
|    time_elapsed         | 111          |
|    total_timesteps      | 253952       |
| train/                  |              |
|    approx_kl            | 0.0055216122 |
|    clip_fraction        | 0.0751       |
|    clip_range           | 0.2          |
|    entropy_loss         | -5.21        |
|    explained_variance   | 0.898        |
|    learning_rate        | 0.0003       |
|    loss                 | 4.51         |
|    n_updates            | 300          |
|    policy_gradient_loss | -0.0023      |
|    std                  | 0.889        |
|    value_loss           | 13.4         |
------------------------------------------
-----------------------------------------
| rollout/                |             |
|    ep_len_mean          | 350         |
|    ep_rew_mean          | -216        |
| time/                   |             |
|    fps                  | 2291        |
|    iterations           | 32          |
|    time_elapsed         | 114         |
|    total_timesteps      | 262144      |
| train/                  |             |
|    approx_kl            | 0.008329747 |
|    clip_fraction        | 0.0822      |
|    clip_range           | 0.2         |
|    entropy_loss         | -5.17       |
|    explained_variance   | 0.949       |
|    learning_rate        | 0.0003      |
|    loss                 | 3.79        |
|    n_updates            | 310         |
|    policy_gradient_loss | -0.00214    |
|    std                  | 0.877       |
|    value_loss           | 6.75        |
-----------------------------------------
------------------------------------------
| rollout/                |              |
|    ep_len_mean          | 332          |
|    ep_rew_mean          | -204         |
| time/                   |              |
|    fps                  | 2299         |
|    iterations           | 33           |
|    time_elapsed         | 117          |
|    total_timesteps      | 270336       |
| train/                  |              |
|    approx_kl            | 0.0072495746 |
|    clip_fraction        | 0.081        |
|    clip_range           | 0.2          |
|    entropy_loss         | -5.16        |
|    explained_variance   | 0.88         |
|    learning_rate        | 0.0003       |
|    loss                 | 5.9          |
|    n_updates            | 320          |
|    policy_gradient_loss | -0.00287     |
|    std                  | 0.884        |
|    value_loss           | 10.2         |
------------------------------------------
------------------------------------------
| rollout/                |              |
|    ep_len_mean          | 350          |
|    ep_rew_mean          | -221         |
| time/                   |              |
|    fps                  | 2302         |
|    iterations           | 34           |
|    time_elapsed         | 120          |
|    total_timesteps      | 278528       |
| train/                  |              |
|    approx_kl            | 0.0064202677 |
|    clip_fraction        | 0.0626       |
|    clip_range           | 0.2          |
|    entropy_loss         | -5.15        |
|    explained_variance   | 0.924        |
|    learning_rate        | 0.0003       |
|    loss                 | 6.1          |
|    n_updates            | 330          |
|    policy_gradient_loss | -0.00332     |
|    std                  | 0.875        |
|    value_loss           | 9.48         |
------------------------------------------
-----------------------------------------
| rollout/                |             |
|    ep_len_mean          | 339         |
|    ep_rew_mean          | -212        |
| time/                   |             |
|    fps                  | 2304        |
|    iterations           | 35          |
|    time_elapsed         | 124         |
|    total_timesteps      | 286720      |
| train/                  |             |
|    approx_kl            | 0.006532321 |
|    clip_fraction        | 0.0595      |
|    clip_range           | 0.2         |
|    entropy_loss         | -5.13       |
|    explained_variance   | 0.929       |
|    learning_rate        | 0.0003      |
|    loss                 | 5.45        |
|    n_updates            | 340         |
|    policy_gradient_loss | -0.00361    |
|    std                  | 0.873       |
|    value_loss           | 14.6        |
-----------------------------------------
------------------------------------------
| rollout/                |              |
|    ep_len_mean          | 322          |
|    ep_rew_mean          | -202         |
| time/                   |              |
|    fps                  | 2307         |
|    iterations           | 36           |
|    time_elapsed         | 127          |
|    total_timesteps      | 294912       |
| train/                  |              |
|    approx_kl            | 0.0067890296 |
|    clip_fraction        | 0.0564       |
|    clip_range           | 0.2          |
|    entropy_loss         | -5.11        |
|    explained_variance   | 0.904        |
|    learning_rate        | 0.0003       |
|    loss                 | 8.72         |
|    n_updates            | 350          |
|    policy_gradient_loss | -0.00366     |
|    std                  | 0.866        |
|    value_loss           | 16.3         |
------------------------------------------
------------------------------------------
| rollout/                |              |
|    ep_len_mean          | 314          |
|    ep_rew_mean          | -205         |
| time/                   |              |
|    fps                  | 2316         |
|    iterations           | 37           |
|    time_elapsed         | 130          |
|    total_timesteps      | 303104       |
| train/                  |              |
|    approx_kl            | 0.0059995125 |
|    clip_fraction        | 0.0616       |
|    clip_range           | 0.2          |
|    entropy_loss         | -5.07        |
|    explained_variance   | 0.849        |
|    learning_rate        | 0.0003       |
|    loss                 | 9.6          |
|    n_updates            | 360          |
|    policy_gradient_loss | -0.00427     |
|    std                  | 0.858        |
|    value_loss           | 21           |
------------------------------------------
-----------------------------------------
| rollout/                |             |
|    ep_len_mean          | 250         |
|    ep_rew_mean          | -169        |
| time/                   |             |
|    fps                  | 2325        |
|    iterations           | 38          |
|    time_elapsed         | 133         |
|    total_timesteps      | 311296      |
| train/                  |             |
|    approx_kl            | 0.006852449 |
|    clip_fraction        | 0.0575      |
|    clip_range           | 0.2         |
|    entropy_loss         | -5.05       |
|    explained_variance   | 0.933       |
|    learning_rate        | 0.0003      |
|    loss                 | 5.56        |
|    n_updates            | 370         |
|    policy_gradient_loss | -0.00328    |
|    std                  | 0.858       |
|    value_loss           | 15.8        |
-----------------------------------------
-----------------------------------------
| rollout/                |             |
|    ep_len_mean          | 232         |
|    ep_rew_mean          | -153        |
| time/                   |             |
|    fps                  | 2328        |
|    iterations           | 39          |
|    time_elapsed         | 137         |
|    total_timesteps      | 319488      |
| train/                  |             |
|    approx_kl            | 0.005451995 |
|    clip_fraction        | 0.0574      |
|    clip_range           | 0.2         |
|    entropy_loss         | -5.04       |
|    explained_variance   | 0.863       |
|    learning_rate        | 0.0003      |
|    loss                 | 18.3        |
|    n_updates            | 380         |
|    policy_gradient_loss | -0.00357    |
|    std                  | 0.854       |
|    value_loss           | 29.5        |
-----------------------------------------
-----------------------------------------
| rollout/                |             |
|    ep_len_mean          | 239         |
|    ep_rew_mean          | -145        |
| time/                   |             |
|    fps                  | 2330        |
|    iterations           | 40          |
|    time_elapsed         | 140         |
|    total_timesteps      | 327680      |
| train/                  |             |
|    approx_kl            | 0.007792581 |
|    clip_fraction        | 0.0847      |
|    clip_range           | 0.2         |
|    entropy_loss         | -4.99       |
|    explained_variance   | 0.944       |
|    learning_rate        | 0.0003      |
|    loss                 | 4.48        |
|    n_updates            | 390         |
|    policy_gradient_loss | -0.00246    |
|    std                  | 0.841       |
|    value_loss           | 10.8        |
-----------------------------------------
------------------------------------------
| rollout/                |              |
|    ep_len_mean          | 268          |
|    ep_rew_mean          | -156         |
| time/                   |              |
|    fps                  | 2333         |
|    iterations           | 41           |
|    time_elapsed         | 143          |
|    total_timesteps      | 335872       |
| train/                  |              |
|    approx_kl            | 0.0069833407 |
|    clip_fraction        | 0.0766       |
|    clip_range           | 0.2          |
|    entropy_loss         | -4.95        |
|    explained_variance   | 0.944        |
|    learning_rate        | 0.0003       |
|    loss                 | 4.31         |
|    n_updates            | 400          |
|    policy_gradient_loss | -0.00318     |
|    std                  | 0.835        |
|    value_loss           | 14.8         |
------------------------------------------
-----------------------------------------
| rollout/                |             |
|    ep_len_mean          | 286         |
|    ep_rew_mean          | -160        |
| time/                   |             |
|    fps                  | 2342        |
|    iterations           | 42          |
|    time_elapsed         | 146         |
|    total_timesteps      | 344064      |
| train/                  |             |
|    approx_kl            | 0.006876399 |
|    clip_fraction        | 0.0551      |
|    clip_range           | 0.2         |
|    entropy_loss         | -4.93       |
|    explained_variance   | 0.939       |
|    learning_rate        | 0.0003      |
|    loss                 | 6.88        |
|    n_updates            | 410         |
|    policy_gradient_loss | -0.00195    |
|    std                  | 0.833       |
|    value_loss           | 16.3        |
-----------------------------------------
------------------------------------------
| rollout/                |              |
|    ep_len_mean          | 251          |
|    ep_rew_mean          | -135         |
| time/                   |              |
|    fps                  | 2349         |
|    iterations           | 43           |
|    time_elapsed         | 149          |
|    total_timesteps      | 352256       |
| train/                  |              |
|    approx_kl            | 0.0058340877 |
|    clip_fraction        | 0.0685       |
|    clip_range           | 0.2          |
|    entropy_loss         | -4.93        |
|    explained_variance   | 0.94         |
|    learning_rate        | 0.0003       |
|    loss                 | 9.72         |
|    n_updates            | 420          |
|    policy_gradient_loss | -0.000974    |
|    std                  | 0.835        |
|    value_loss           | 8.44         |
------------------------------------------
-----------------------------------------
| rollout/                |             |
|    ep_len_mean          | 304         |
|    ep_rew_mean          | -165        |
| time/                   |             |
|    fps                  | 2355        |
|    iterations           | 44          |
|    time_elapsed         | 153         |
|    total_timesteps      | 360448      |
| train/                  |             |
|    approx_kl            | 0.006167722 |
|    clip_fraction        | 0.0601      |
|    clip_range           | 0.2         |
|    entropy_loss         | -4.94       |
|    explained_variance   | 0.884       |
|    learning_rate        | 0.0003      |
|    loss                 | 8.9         |
|    n_updates            | 430         |
|    policy_gradient_loss | -0.003      |
|    std                  | 0.834       |
|    value_loss           | 22.2        |
-----------------------------------------
----------------------------------------
| rollout/                |            |
|    ep_len_mean          | 326        |
|    ep_rew_mean          | -179       |
| time/                   |            |
|    fps                  | 2357       |
|    iterations           | 45         |
|    time_elapsed         | 156        |
|    total_timesteps      | 368640     |
| train/                  |            |
|    approx_kl            | 0.00922776 |
|    clip_fraction        | 0.0936     |
|    clip_range           | 0.2        |
|    entropy_loss         | -4.9       |
|    explained_variance   | 0.945      |
|    learning_rate        | 0.0003     |
|    loss                 | 1.98       |
|    n_updates            | 440        |
|    policy_gradient_loss | -0.00339   |
|    std                  | 0.826      |
|    value_loss           | 4.47       |
----------------------------------------
------------------------------------------
| rollout/                |              |
|    ep_len_mean          | 326          |
|    ep_rew_mean          | -180         |
| time/                   |              |
|    fps                  | 2359         |
|    iterations           | 46           |
|    time_elapsed         | 159          |
|    total_timesteps      | 376832       |
| train/                  |              |
|    approx_kl            | 0.0068415133 |
|    clip_fraction        | 0.0742       |
|    clip_range           | 0.2          |
|    entropy_loss         | -4.88        |
|    explained_variance   | 0.946        |
|    learning_rate        | 0.0003       |
|    loss                 | 8.83         |
|    n_updates            | 450          |
|    policy_gradient_loss | -0.00234     |
|    std                  | 0.822        |
|    value_loss           | 8.16         |
------------------------------------------
-----------------------------------------
| rollout/                |             |
|    ep_len_mean          | 340         |
|    ep_rew_mean          | -184        |
| time/                   |             |
|    fps                  | 2363        |
|    iterations           | 47          |
|    time_elapsed         | 162         |
|    total_timesteps      | 385024      |
| train/                  |             |
|    approx_kl            | 0.008143887 |
|    clip_fraction        | 0.0849      |
|    clip_range           | 0.2         |
|    entropy_loss         | -4.89       |
|    explained_variance   | 0.89        |
|    learning_rate        | 0.0003      |
|    loss                 | 6.98        |
|    n_updates            | 460         |
|    policy_gradient_loss | -0.00196    |
|    std                  | 0.825       |
|    value_loss           | 19.8        |
-----------------------------------------
-----------------------------------------
| rollout/                |             |
|    ep_len_mean          | 322         |
|    ep_rew_mean          | -173        |
| time/                   |             |
|    fps                  | 2369        |
|    iterations           | 48          |
|    time_elapsed         | 165         |
|    total_timesteps      | 393216      |
| train/                  |             |
|    approx_kl            | 0.004269313 |
|    clip_fraction        | 0.0546      |
|    clip_range           | 0.2         |
|    entropy_loss         | -4.9        |
|    explained_variance   | 0.887       |
|    learning_rate        | 0.0003      |
|    loss                 | 4.82        |
|    n_updates            | 470         |
|    policy_gradient_loss | -0.00136    |
|    std                  | 0.827       |
|    value_loss           | 13.1        |
-----------------------------------------
[PeriodicArtifactCallback] step 400000: running periodic self-monitoring analysis...
[PeriodicArtifactCallback] analysis written to C:\GitHub\HumanoidRobot\simulation\training\pick_place\runs\pp_v22\analysis_400000.md (stalled=False)
[PeriodicArtifactCallback] step 400000: saving checkpoint, evaluating, rendering...
[PeriodicArtifactCallback] step 400000: success_rate=0.00 pick_success_rate=0.00 mean_reward=-431.76 -> C:\GitHub\HumanoidRobot\simulation\training\pick_place\runs\pp_v22\dashboard.html
-----------------------------------------
| rollout/                |             |
|    ep_len_mean          | 311         |
|    ep_rew_mean          | -167        |
| time/                   |             |
|    fps                  | 2121        |
|    iterations           | 49          |
|    time_elapsed         | 189         |
|    total_timesteps      | 401408      |
| train/                  |             |
|    approx_kl            | 0.005830908 |
|    clip_fraction        | 0.0551      |
|    clip_range           | 0.2         |
|    entropy_loss         | -4.89       |
|    explained_variance   | 0.921       |
|    learning_rate        | 0.0003      |
|    loss                 | 4.88        |
|    n_updates            | 480         |
|    policy_gradient_loss | -0.00145    |
|    std                  | 0.822       |
|    value_loss           | 8.85        |
-----------------------------------------
------------------------------------------
| rollout/                |              |
|    ep_len_mean          | 317          |
|    ep_rew_mean          | -172         |
| time/                   |              |
|    fps                  | 2130         |
|    iterations           | 50           |
|    time_elapsed         | 192          |
|    total_timesteps      | 409600       |
| train/                  |              |
|    approx_kl            | 0.0073983045 |
|    clip_fraction        | 0.0757       |
|    clip_range           | 0.2          |
|    entropy_loss         | -4.88        |
|    explained_variance   | 0.927        |
|    learning_rate        | 0.0003       |
|    loss                 | 3.94         |
|    n_updates            | 490          |
|    policy_gradient_loss | -0.00374     |
|    std                  | 0.825        |
|    value_loss           | 5.95         |
------------------------------------------
------------------------------------------
| rollout/                |              |
|    ep_len_mean          | 332          |
|    ep_rew_mean          | -181         |
| time/                   |              |
|    fps                  | 2134         |
|    iterations           | 51           |
|    time_elapsed         | 195          |
|    total_timesteps      | 417792       |
| train/                  |              |
|    approx_kl            | 0.0069316532 |
|    clip_fraction        | 0.0609       |
|    clip_range           | 0.2          |
|    entropy_loss         | -4.89        |
|    explained_variance   | 0.924        |
|    learning_rate        | 0.0003       |
|    loss                 | 1.56         |
|    n_updates            | 500          |
|    policy_gradient_loss | -0.00171     |
|    std                  | 0.825        |
|    value_loss           | 10.8         |
------------------------------------------
------------------------------------------
| rollout/                |              |
|    ep_len_mean          | 343          |
|    ep_rew_mean          | -191         |
| time/                   |              |
|    fps                  | 2139         |
|    iterations           | 52           |
|    time_elapsed         | 199          |
|    total_timesteps      | 425984       |
| train/                  |              |
|    approx_kl            | 0.0061548147 |
|    clip_fraction        | 0.0558       |
|    clip_range           | 0.2          |
|    entropy_loss         | -4.89        |
|    explained_variance   | 0.941        |
|    learning_rate        | 0.0003       |
|    loss                 | 2.8          |
|    n_updates            | 510          |
|    policy_gradient_loss | -0.00167     |
|    std                  | 0.824        |
|    value_loss           | 9.91         |
------------------------------------------
-----------------------------------------
| rollout/                |             |
|    ep_len_mean          | 337         |
|    ep_rew_mean          | -189        |
| time/                   |             |
|    fps                  | 2145        |
|    iterations           | 53          |
|    time_elapsed         | 202         |
|    total_timesteps      | 434176      |
| train/                  |             |
|    approx_kl            | 0.007246272 |
|    clip_fraction        | 0.0725      |
|    clip_range           | 0.2         |
|    entropy_loss         | -4.87       |
|    explained_variance   | 0.945       |
|    learning_rate        | 0.0003      |
|    loss                 | 8.82        |
|    n_updates            | 520         |
|    policy_gradient_loss | -0.00173    |
|    std                  | 0.817       |
|    value_loss           | 7.26        |
-----------------------------------------
----------------------------------------
| rollout/                |            |
|    ep_len_mean          | 332        |
|    ep_rew_mean          | -188       |
| time/                   |            |
|    fps                  | 2153       |
|    iterations           | 54         |
|    time_elapsed         | 205        |
|    total_timesteps      | 442368     |
| train/                  |            |
|    approx_kl            | 0.00636423 |
|    clip_fraction        | 0.0635     |
|    clip_range           | 0.2        |
|    entropy_loss         | -4.84      |
|    explained_variance   | 0.942      |
|    learning_rate        | 0.0003     |
|    loss                 | 4.78       |
|    n_updates            | 530        |
|    policy_gradient_loss | -0.000527  |
|    std                  | 0.814      |
|    value_loss           | 8.43       |
----------------------------------------
------------------------------------------
| rollout/                |              |
|    ep_len_mean          | 356          |
|    ep_rew_mean          | -202         |
| time/                   |              |
|    fps                  | 2160         |
|    iterations           | 55           |
|    time_elapsed         | 208          |
|    total_timesteps      | 450560       |
| train/                  |              |
|    approx_kl            | 0.0063260132 |
|    clip_fraction        | 0.0588       |
|    clip_range           | 0.2          |
|    entropy_loss         | -4.82        |
|    explained_variance   | 0.892        |
|    learning_rate        | 0.0003       |
|    loss                 | 8.32         |
|    n_updates            | 540          |
|    policy_gradient_loss | -0.00258     |
|    std                  | 0.81         |
|    value_loss           | 20           |
------------------------------------------
-----------------------------------------
| rollout/                |             |
|    ep_len_mean          | 317         |
|    ep_rew_mean          | -178        |
| time/                   |             |
|    fps                  | 2164        |
|    iterations           | 56          |
|    time_elapsed         | 211         |
|    total_timesteps      | 458752      |
| train/                  |             |
|    approx_kl            | 0.006763934 |
|    clip_fraction        | 0.0742      |
|    clip_range           | 0.2         |
|    entropy_loss         | -4.81       |
|    explained_variance   | 0.961       |
|    learning_rate        | 0.0003      |
|    loss                 | 3.95        |
|    n_updates            | 550         |
|    policy_gradient_loss | -0.00352    |
|    std                  | 0.808       |
|    value_loss           | 5.62        |
-----------------------------------------
------------------------------------------
| rollout/                |              |
|    ep_len_mean          | 322          |
|    ep_rew_mean          | -180         |
| time/                   |              |
|    fps                  | 2169         |
|    iterations           | 57           |
|    time_elapsed         | 215          |
|    total_timesteps      | 466944       |
| train/                  |              |
|    approx_kl            | 0.0061240243 |
|    clip_fraction        | 0.0576       |
|    clip_range           | 0.2          |
|    entropy_loss         | -4.8         |
|    explained_variance   | 0.874        |
|    learning_rate        | 0.0003       |
|    loss                 | 17.8         |
|    n_updates            | 560          |
|    policy_gradient_loss | -0.00384     |
|    std                  | 0.807        |
|    value_loss           | 26.1         |
------------------------------------------
------------------------------------------
| rollout/                |              |
|    ep_len_mean          | 351          |
|    ep_rew_mean          | -192         |
| time/                   |              |
|    fps                  | 2174         |
|    iterations           | 58           |
|    time_elapsed         | 218          |
|    total_timesteps      | 475136       |
| train/                  |              |
|    approx_kl            | 0.0072520752 |
|    clip_fraction        | 0.0822       |
|    clip_range           | 0.2          |
|    entropy_loss         | -4.78        |
|    explained_variance   | 0.947        |
|    learning_rate        | 0.0003       |
|    loss                 | 1.78         |
|    n_updates            | 570          |
|    policy_gradient_loss | -0.00379     |
|    std                  | 0.799        |
|    value_loss           | 5.04         |
------------------------------------------
-----------------------------------------
| rollout/                |             |
|    ep_len_mean          | 321         |
|    ep_rew_mean          | -173        |
| time/                   |             |
|    fps                  | 2181        |
|    iterations           | 59          |
|    time_elapsed         | 221         |
|    total_timesteps      | 483328      |
| train/                  |             |
|    approx_kl            | 0.007829009 |
|    clip_fraction        | 0.083       |
|    clip_range           | 0.2         |
|    entropy_loss         | -4.75       |
|    explained_variance   | 0.927       |
|    learning_rate        | 0.0003      |
|    loss                 | 1.6         |
|    n_updates            | 580         |
|    policy_gradient_loss | -0.00215    |
|    std                  | 0.794       |
|    value_loss           | 8.6         |
-----------------------------------------
-----------------------------------------
| rollout/                |             |
|    ep_len_mean          | 349         |
|    ep_rew_mean          | -190        |
| time/                   |             |
|    fps                  | 2188        |
|    iterations           | 60          |
|    time_elapsed         | 224         |
|    total_timesteps      | 491520      |
| train/                  |             |
|    approx_kl            | 0.007432076 |
|    clip_fraction        | 0.0772      |
|    clip_range           | 0.2         |
|    entropy_loss         | -4.73       |
|    explained_variance   | 0.936       |
|    learning_rate        | 0.0003      |
|    loss                 | 3.21        |
|    n_updates            | 590         |
|    policy_gradient_loss | -0.00439    |
|    std                  | 0.791       |
|    value_loss           | 8.79        |
-----------------------------------------
-----------------------------------------
| rollout/                |             |
|    ep_len_mean          | 337         |
|    ep_rew_mean          | -184        |
| time/                   |             |
|    fps                  | 2193        |
|    iterations           | 61          |
|    time_elapsed         | 227         |
|    total_timesteps      | 499712      |
| train/                  |             |
|    approx_kl            | 0.007061771 |
|    clip_fraction        | 0.0741      |
|    clip_range           | 0.2         |
|    entropy_loss         | -4.73       |
|    explained_variance   | 0.962       |
|    learning_rate        | 0.0003      |
|    loss                 | 2.06        |
|    n_updates            | 600         |
|    policy_gradient_loss | -0.00159    |
|    std                  | 0.792       |
|    value_loss           | 3.98        |
-----------------------------------------
-----------------------------------------
| rollout/                |             |
|    ep_len_mean          | 314         |
|    ep_rew_mean          | -171        |
| time/                   |             |
|    fps                  | 2197        |
|    iterations           | 62          |
|    time_elapsed         | 231         |
|    total_timesteps      | 507904      |
| train/                  |             |
|    approx_kl            | 0.005971353 |
|    clip_fraction        | 0.0471      |
|    clip_range           | 0.2         |
|    entropy_loss         | -4.72       |
|    explained_variance   | 0.962       |
|    learning_rate        | 0.0003      |
|    loss                 | 3.34        |
|    n_updates            | 610         |
|    policy_gradient_loss | -0.00441    |
|    std                  | 0.789       |
|    value_loss           | 8.23        |
-----------------------------------------
-----------------------------------------
| rollout/                |             |
|    ep_len_mean          | 296         |
|    ep_rew_mean          | -162        |
| time/                   |             |
|    fps                  | 2201        |
|    iterations           | 63          |
|    time_elapsed         | 234         |
|    total_timesteps      | 516096      |
| train/                  |             |
|    approx_kl            | 0.007249868 |
|    clip_fraction        | 0.0629      |
|    clip_range           | 0.2         |
|    entropy_loss         | -4.69       |
|    explained_variance   | 0.97        |
|    learning_rate        | 0.0003      |
|    loss                 | 1.6         |
|    n_updates            | 620         |
|    policy_gradient_loss | -0.00264    |
|    std                  | 0.784       |
|    value_loss           | 4.51        |
-----------------------------------------
------------------------------------------
| rollout/                |              |
|    ep_len_mean          | 283          |
|    ep_rew_mean          | -158         |
| time/                   |              |
|    fps                  | 2208         |
|    iterations           | 64           |
|    time_elapsed         | 237          |
|    total_timesteps      | 524288       |
| train/                  |              |
|    approx_kl            | 0.0075922646 |
|    clip_fraction        | 0.0748       |
|    clip_range           | 0.2          |
|    entropy_loss         | -4.67        |
|    explained_variance   | 0.973        |
|    learning_rate        | 0.0003       |
|    loss                 | 3.51         |
|    n_updates            | 630          |
|    policy_gradient_loss | -0.00373     |
|    std                  | 0.78         |
|    value_loss           | 3.92         |
------------------------------------------
-----------------------------------------
| rollout/                |             |
|    ep_len_mean          | 271         |
|    ep_rew_mean          | -149        |
| time/                   |             |
|    fps                  | 2215        |
|    iterations           | 65          |
|    time_elapsed         | 240         |
|    total_timesteps      | 532480      |
| train/                  |             |
|    approx_kl            | 0.005980118 |
|    clip_fraction        | 0.043       |
|    clip_range           | 0.2         |
|    entropy_loss         | -4.66       |
|    explained_variance   | 0.877       |
|    learning_rate        | 0.0003      |
|    loss                 | 4.97        |
|    n_updates            | 640         |
|    policy_gradient_loss | -0.00152    |
|    std                  | 0.777       |
|    value_loss           | 18          |
-----------------------------------------
-----------------------------------------
| rollout/                |             |
|    ep_len_mean          | 307         |
|    ep_rew_mean          | -171        |
| time/                   |             |
|    fps                  | 2219        |
|    iterations           | 66          |
|    time_elapsed         | 243         |
|    total_timesteps      | 540672      |
| train/                  |             |
|    approx_kl            | 0.005865204 |
|    clip_fraction        | 0.0481      |
|    clip_range           | 0.2         |
|    entropy_loss         | -4.65       |
|    explained_variance   | 0.915       |
|    learning_rate        | 0.0003      |
|    loss                 | 4.17        |
|    n_updates            | 650         |
|    policy_gradient_loss | -0.0046     |
|    std                  | 0.779       |
|    value_loss           | 9.18        |
-----------------------------------------
-----------------------------------------
| rollout/                |             |
|    ep_len_mean          | 313         |
|    ep_rew_mean          | -169        |
| time/                   |             |
|    fps                  | 2223        |
|    iterations           | 67          |
|    time_elapsed         | 246         |
|    total_timesteps      | 548864      |
| train/                  |             |
|    approx_kl            | 0.007938594 |
|    clip_fraction        | 0.0917      |
|    clip_range           | 0.2         |
|    entropy_loss         | -4.65       |
|    explained_variance   | 0.941       |
|    learning_rate        | 0.0003      |
|    loss                 | 1.11        |
|    n_updates            | 660         |
|    policy_gradient_loss | -0.00377    |
|    std                  | 0.776       |
|    value_loss           | 5.12        |
-----------------------------------------
-----------------------------------------
| rollout/                |             |
|    ep_len_mean          | 341         |
|    ep_rew_mean          | -180        |
| time/                   |             |
|    fps                  | 2225        |
|    iterations           | 68          |
|    time_elapsed         | 250         |
|    total_timesteps      | 557056      |
| train/                  |             |
|    approx_kl            | 0.011428309 |
|    clip_fraction        | 0.109       |
|    clip_range           | 0.2         |
|    entropy_loss         | -4.6        |
|    explained_variance   | 0.927       |
|    learning_rate        | 0.0003      |
|    loss                 | 1.09        |
|    n_updates            | 670         |
|    policy_gradient_loss | -0.00312    |
|    std                  | 0.763       |
|    value_loss           | 2.77        |
-----------------------------------------
-----------------------------------------
| rollout/                |             |
|    ep_len_mean          | 350         |
|    ep_rew_mean          | -177        |
| time/                   |             |
|    fps                  | 2230        |
|    iterations           | 69          |
|    time_elapsed         | 253         |
|    total_timesteps      | 565248      |
| train/                  |             |
|    approx_kl            | 0.007781283 |
|    clip_fraction        | 0.0849      |
|    clip_range           | 0.2         |
|    entropy_loss         | -4.58       |
|    explained_variance   | 0.96        |
|    learning_rate        | 0.0003      |
|    loss                 | 1.04        |
|    n_updates            | 680         |
|    policy_gradient_loss | -0.000412   |
|    std                  | 0.764       |
|    value_loss           | 4.18        |
-----------------------------------------
-----------------------------------------
| rollout/                |             |
|    ep_len_mean          | 332         |
|    ep_rew_mean          | -160        |
| time/                   |             |
|    fps                  | 2235        |
|    iterations           | 70          |
|    time_elapsed         | 256         |
|    total_timesteps      | 573440      |
| train/                  |             |
|    approx_kl            | 0.006549782 |
|    clip_fraction        | 0.0602      |
|    clip_range           | 0.2         |
|    entropy_loss         | -4.58       |
|    explained_variance   | 0.931       |
|    learning_rate        | 0.0003      |
|    loss                 | 1.48        |
|    n_updates            | 690         |
|    policy_gradient_loss | -0.00268    |
|    std                  | 0.766       |
|    value_loss           | 11.8        |
-----------------------------------------
------------------------------------------
| rollout/                |              |
|    ep_len_mean          | 298          |
|    ep_rew_mean          | -140         |
| time/                   |              |
|    fps                  | 2240         |
|    iterations           | 71           |
|    time_elapsed         | 259          |
|    total_timesteps      | 581632       |
| train/                  |              |
|    approx_kl            | 0.0062525813 |
|    clip_fraction        | 0.0577       |
|    clip_range           | 0.2          |
|    entropy_loss         | -4.59        |
|    explained_variance   | 0.955        |
|    learning_rate        | 0.0003       |
|    loss                 | 2.18         |
|    n_updates            | 700          |
|    policy_gradient_loss | -0.00197     |
|    std                  | 0.769        |
|    value_loss           | 7.94         |
------------------------------------------
--------------------------------------
| rollout/                |          |
|    ep_len_mean          | 292      |
|    ep_rew_mean          | -136     |
| time/                   |          |
|    fps                  | 2243     |
|    iterations           | 72       |
|    time_elapsed         | 262      |
|    total_timesteps      | 589824   |
| train/                  |          |
|    approx_kl            | 0.00795  |
|    clip_fraction        | 0.0907   |
|    clip_range           | 0.2      |
|    entropy_loss         | -4.6     |
|    explained_variance   | 0.907    |
|    learning_rate        | 0.0003   |
|    loss                 | 2.13     |
|    n_updates            | 710      |
|    policy_gradient_loss | -0.00314 |
|    std                  | 0.767    |
|    value_loss           | 7.34     |
--------------------------------------
-----------------------------------------
| rollout/                |             |
|    ep_len_mean          | 292         |
|    ep_rew_mean          | -137        |
| time/                   |             |
|    fps                  | 2245        |
|    iterations           | 73          |
|    time_elapsed         | 266         |
|    total_timesteps      | 598016      |
| train/                  |             |
|    approx_kl            | 0.008633155 |
|    clip_fraction        | 0.0714      |
|    clip_range           | 0.2         |
|    entropy_loss         | -4.58       |
|    explained_variance   | 0.963       |
|    learning_rate        | 0.0003      |
|    loss                 | 1.71        |
|    n_updates            | 720         |
|    policy_gradient_loss | -0.00331    |
|    std                  | 0.761       |
|    value_loss           | 3.34        |
-----------------------------------------
[PeriodicArtifactCallback] step 600000: saving checkpoint, evaluating, rendering...
[PeriodicArtifactCallback] step 600000: success_rate=0.00 pick_success_rate=0.00 mean_reward=-486.20 -> C:\GitHub\HumanoidRobot\simulation\training\pick_place\runs\pp_v22\dashboard.html
------------------------------------------
| rollout/                |              |
|    ep_len_mean          | 280          |
|    ep_rew_mean          | -129         |
| time/                   |              |
|    fps                  | 2159         |
|    iterations           | 74           |
|    time_elapsed         | 280          |
|    total_timesteps      | 606208       |
| train/                  |              |
|    approx_kl            | 0.0072808843 |
|    clip_fraction        | 0.067        |
|    clip_range           | 0.2          |
|    entropy_loss         | -4.55        |
|    explained_variance   | 0.951        |
|    learning_rate        | 0.0003       |
|    loss                 | 2.38         |
|    n_updates            | 730          |
|    policy_gradient_loss | -0.00426     |
|    std                  | 0.757        |
|    value_loss           | 6.55         |
------------------------------------------
-----------------------------------------
| rollout/                |             |
|    ep_len_mean          | 303         |
|    ep_rew_mean          | -138        |
| time/                   |             |
|    fps                  | 2164        |
|    iterations           | 75          |
|    time_elapsed         | 283         |
|    total_timesteps      | 614400      |
| train/                  |             |
|    approx_kl            | 0.010534137 |
|    clip_fraction        | 0.101       |
|    clip_range           | 0.2         |
|    entropy_loss         | -4.51       |
|    explained_variance   | 0.974       |
|    learning_rate        | 0.0003      |
|    loss                 | 1.32        |
|    n_updates            | 740         |
|    policy_gradient_loss | -0.00542    |
|    std                  | 0.748       |
|    value_loss           | 3.33        |
-----------------------------------------
-----------------------------------------
| rollout/                |             |
|    ep_len_mean          | 298         |
|    ep_rew_mean          | -134        |
| time/                   |             |
|    fps                  | 2169        |
|    iterations           | 76          |
|    time_elapsed         | 286         |
|    total_timesteps      | 622592      |
| train/                  |             |
|    approx_kl            | 0.008547816 |
|    clip_fraction        | 0.101       |
|    clip_range           | 0.2         |
|    entropy_loss         | -4.48       |
|    explained_variance   | 0.921       |
|    learning_rate        | 0.0003      |
|    loss                 | 0.629       |
|    n_updates            | 750         |
|    policy_gradient_loss | -0.00495    |
|    std                  | 0.743       |
|    value_loss           | 3.43        |
-----------------------------------------
------------------------------------------
| rollout/                |              |
|    ep_len_mean          | 321          |
|    ep_rew_mean          | -144         |
| time/                   |              |
|    fps                  | 2172         |
|    iterations           | 77           |
|    time_elapsed         | 290          |
|    total_timesteps      | 630784       |
| train/                  |              |
|    approx_kl            | 0.0062193433 |
|    clip_fraction        | 0.0731       |
|    clip_range           | 0.2          |
|    entropy_loss         | -4.46        |
|    explained_variance   | 0.948        |
|    learning_rate        | 0.0003       |
|    loss                 | 1.21         |
|    n_updates            | 760          |
|    policy_gradient_loss | -0.00444     |
|    std                  | 0.74         |
|    value_loss           | 4.17         |
------------------------------------------
-----------------------------------------
| rollout/                |             |
|    ep_len_mean          | 332         |
|    ep_rew_mean          | -149        |
| time/                   |             |
|    fps                  | 2176        |
|    iterations           | 78          |
|    time_elapsed         | 293         |
|    total_timesteps      | 638976      |
| train/                  |             |
|    approx_kl            | 0.006054404 |
|    clip_fraction        | 0.0662      |
|    clip_range           | 0.2         |
|    entropy_loss         | -4.45       |
|    explained_variance   | 0.923       |
|    learning_rate        | 0.0003      |
|    loss                 | 1.47        |
|    n_updates            | 770         |
|    policy_gradient_loss | -0.00257    |
|    std                  | 0.741       |
|    value_loss           | 4.04        |
-----------------------------------------
-----------------------------------------
| rollout/                |             |
|    ep_len_mean          | 344         |
|    ep_rew_mean          | -149        |
| time/                   |             |
|    fps                  | 2179        |
|    iterations           | 79          |
|    time_elapsed         | 296         |
|    total_timesteps      | 647168      |
| train/                  |             |
|    approx_kl            | 0.007847782 |
|    clip_fraction        | 0.0768      |
|    clip_range           | 0.2         |
|    entropy_loss         | -4.44       |
|    explained_variance   | 0.954       |
|    learning_rate        | 0.0003      |
|    loss                 | 1.3         |
|    n_updates            | 780         |
|    policy_gradient_loss | -0.00235    |
|    std                  | 0.735       |
|    value_loss           | 3.58        |
-----------------------------------------
------------------------------------------
| rollout/                |              |
|    ep_len_mean          | 309          |
|    ep_rew_mean          | -130         |
| time/                   |              |
|    fps                  | 2185         |
|    iterations           | 80           |
|    time_elapsed         | 299          |
|    total_timesteps      | 655360       |
| train/                  |              |
|    approx_kl            | 0.0077805948 |
|    clip_fraction        | 0.0777       |
|    clip_range           | 0.2          |
|    entropy_loss         | -4.4         |
|    explained_variance   | 0.969        |
|    learning_rate        | 0.0003       |
|    loss                 | 0.863        |
|    n_updates            | 790          |
|    policy_gradient_loss | -0.00294     |
|    std                  | 0.73         |
|    value_loss           | 3.02         |
------------------------------------------
-----------------------------------------
| rollout/                |             |
|    ep_len_mean          | 327         |
|    ep_rew_mean          | -139        |
| time/                   |             |
|    fps                  | 2190        |
|    iterations           | 81          |
|    time_elapsed         | 302         |
|    total_timesteps      | 663552      |
| train/                  |             |
|    approx_kl            | 0.007123663 |
|    clip_fraction        | 0.0796      |
|    clip_range           | 0.2         |
|    entropy_loss         | -4.37       |
|    explained_variance   | 0.944       |
|    learning_rate        | 0.0003      |
|    loss                 | 1.84        |
|    n_updates            | 800         |
|    policy_gradient_loss | -0.00317    |
|    std                  | 0.724       |
|    value_loss           | 3.8         |
-----------------------------------------
------------------------------------------
| rollout/                |              |
|    ep_len_mean          | 305          |
|    ep_rew_mean          | -128         |
| time/                   |              |
|    fps                  | 2194         |
|    iterations           | 82           |
|    time_elapsed         | 306          |
|    total_timesteps      | 671744       |
| train/                  |              |
|    approx_kl            | 0.0069167367 |
|    clip_fraction        | 0.0858       |
|    clip_range           | 0.2          |
|    entropy_loss         | -4.38        |
|    explained_variance   | 0.956        |
|    learning_rate        | 0.0003       |
|    loss                 | 1.03         |
|    n_updates            | 810          |
|    policy_gradient_loss | -0.00344     |
|    std                  | 0.73         |
|    value_loss           | 3.67         |
------------------------------------------
------------------------------------------
| rollout/                |              |
|    ep_len_mean          | 288          |
|    ep_rew_mean          | -125         |
| time/                   |              |
|    fps                  | 2197         |
|    iterations           | 83           |
|    time_elapsed         | 309          |
|    total_timesteps      | 679936       |
| train/                  |              |
|    approx_kl            | 0.0074975067 |
|    clip_fraction        | 0.0681       |
|    clip_range           | 0.2          |
|    entropy_loss         | -4.38        |
|    explained_variance   | 0.908        |
|    learning_rate        | 0.0003       |
|    loss                 | 4.85         |
|    n_updates            | 820          |
|    policy_gradient_loss | -0.00502     |
|    std                  | 0.728        |
|    value_loss           | 9.32         |
------------------------------------------
-----------------------------------------
| rollout/                |             |
|    ep_len_mean          | 317         |
|    ep_rew_mean          | -141        |
| time/                   |             |
|    fps                  | 2199        |
|    iterations           | 84          |
|    time_elapsed         | 312         |
|    total_timesteps      | 688128      |
| train/                  |             |
|    approx_kl            | 0.007349988 |
|    clip_fraction        | 0.0628      |
|    clip_range           | 0.2         |
|    entropy_loss         | -4.37       |
|    explained_variance   | 0.843       |
|    learning_rate        | 0.0003      |
|    loss                 | 3.63        |
|    n_updates            | 830         |
|    policy_gradient_loss | -0.00409    |
|    std                  | 0.728       |
|    value_loss           | 8.88        |
-----------------------------------------
------------------------------------------
| rollout/                |              |
|    ep_len_mean          | 305          |
|    ep_rew_mean          | -140         |
| time/                   |              |
|    fps                  | 2204         |
|    iterations           | 85           |
|    time_elapsed         | 315          |
|    total_timesteps      | 696320       |
| train/                  |              |
|    approx_kl            | 0.0069805356 |
|    clip_fraction        | 0.0919       |
|    clip_range           | 0.2          |
|    entropy_loss         | -4.38        |
|    explained_variance   | 0.922        |
|    learning_rate        | 0.0003       |
|    loss                 | 0.834        |
|    n_updates            | 840          |
|    policy_gradient_loss | -0.00418     |
|    std                  | 0.73         |
|    value_loss           | 2.21         |
------------------------------------------
-----------------------------------------
| rollout/                |             |
|    ep_len_mean          | 322         |
|    ep_rew_mean          | -146        |
| time/                   |             |
|    fps                  | 2209        |
|    iterations           | 86          |
|    time_elapsed         | 318         |
|    total_timesteps      | 704512      |
| train/                  |             |
|    approx_kl            | 0.008128088 |
|    clip_fraction        | 0.0937      |
|    clip_range           | 0.2         |
|    entropy_loss         | -4.39       |
|    explained_variance   | 0.949       |
|    learning_rate        | 0.0003      |
|    loss                 | 0.664       |
|    n_updates            | 850         |
|    policy_gradient_loss | -0.00398    |
|    std                  | 0.732       |
|    value_loss           | 2.55        |
-----------------------------------------
-----------------------------------------
| rollout/                |             |
|    ep_len_mean          | 322         |
|    ep_rew_mean          | -144        |
| time/                   |             |
|    fps                  | 2212        |
|    iterations           | 87          |
|    time_elapsed         | 322         |
|    total_timesteps      | 712704      |
| train/                  |             |
|    approx_kl            | 0.009324437 |
|    clip_fraction        | 0.102       |
|    clip_range           | 0.2         |
|    entropy_loss         | -4.39       |
|    explained_variance   | 0.953       |
|    learning_rate        | 0.0003      |
|    loss                 | 0.681       |
|    n_updates            | 860         |
|    policy_gradient_loss | -0.00238    |
|    std                  | 0.728       |
|    value_loss           | 3.53        |
-----------------------------------------
------------------------------------------
| rollout/                |              |
|    ep_len_mean          | 252          |
|    ep_rew_mean          | -107         |
| time/                   |              |
|    fps                  | 2215         |
|    iterations           | 88           |
|    time_elapsed         | 325          |
|    total_timesteps      | 720896       |
| train/                  |              |
|    approx_kl            | 0.0057395427 |
|    clip_fraction        | 0.0649       |
|    clip_range           | 0.2          |
|    entropy_loss         | -4.36        |
|    explained_variance   | 0.882        |
|    learning_rate        | 0.0003       |
|    loss                 | 2.98         |
|    n_updates            | 870          |
|    policy_gradient_loss | -0.00328     |
|    std                  | 0.725        |
|    value_loss           | 7.98         |
------------------------------------------
----------------------------------------
| rollout/                |            |
|    ep_len_mean          | 252        |
|    ep_rew_mean          | -112       |
| time/                   |            |
|    fps                  | 2217       |
|    iterations           | 89         |
|    time_elapsed         | 328        |
|    total_timesteps      | 729088     |
| train/                  |            |
|    approx_kl            | 0.00763418 |
|    clip_fraction        | 0.06       |
|    clip_range           | 0.2        |
|    entropy_loss         | -4.35      |
|    explained_variance   | 0.936      |
|    learning_rate        | 0.0003     |
|    loss                 | 5.67       |
|    n_updates            | 880        |
|    policy_gradient_loss | -0.00353   |
|    std                  | 0.722      |
|    value_loss           | 11         |
----------------------------------------
------------------------------------------
| rollout/                |              |
|    ep_len_mean          | 264          |
|    ep_rew_mean          | -120         |
| time/                   |              |
|    fps                  | 2221         |
|    iterations           | 90           |
|    time_elapsed         | 331          |
|    total_timesteps      | 737280       |
| train/                  |              |
|    approx_kl            | 0.0059527657 |
|    clip_fraction        | 0.07         |
|    clip_range           | 0.2          |
|    entropy_loss         | -4.35        |
|    explained_variance   | 0.971        |
|    learning_rate        | 0.0003       |
|    loss                 | 3.06         |
|    n_updates            | 890          |
|    policy_gradient_loss | -0.0045      |
|    std                  | 0.724        |
|    value_loss           | 3.71         |
------------------------------------------
-----------------------------------------
| rollout/                |             |
|    ep_len_mean          | 274         |
|    ep_rew_mean          | -124        |
| time/                   |             |
|    fps                  | 2225        |
|    iterations           | 91          |
|    time_elapsed         | 334         |
|    total_timesteps      | 745472      |
| train/                  |             |
|    approx_kl            | 0.007918805 |
|    clip_fraction        | 0.0664      |
|    clip_range           | 0.2         |
|    entropy_loss         | -4.35       |
|    explained_variance   | 0.927       |
|    learning_rate        | 0.0003      |
|    loss                 | 4.08        |
|    n_updates            | 900         |
|    policy_gradient_loss | -0.00324    |
|    std                  | 0.724       |
|    value_loss           | 8.64        |
-----------------------------------------
-----------------------------------------
| rollout/                |             |
|    ep_len_mean          | 296         |
|    ep_rew_mean          | -139        |
| time/                   |             |
|    fps                  | 2228        |
|    iterations           | 92          |
|    time_elapsed         | 338         |
|    total_timesteps      | 753664      |
| train/                  |             |
|    approx_kl            | 0.007796963 |
|    clip_fraction        | 0.0878      |
|    clip_range           | 0.2         |
|    entropy_loss         | -4.34       |
|    explained_variance   | 0.926       |
|    learning_rate        | 0.0003      |
|    loss                 | 2           |
|    n_updates            | 910         |
|    policy_gradient_loss | -0.00464    |
|    std                  | 0.721       |
|    value_loss           | 6.58        |
-----------------------------------------
-----------------------------------------
| rollout/                |             |
|    ep_len_mean          | 311         |
|    ep_rew_mean          | -145        |
| time/                   |             |
|    fps                  | 2230        |
|    iterations           | 93          |
|    time_elapsed         | 341         |
|    total_timesteps      | 761856      |
| train/                  |             |
|    approx_kl            | 0.005047897 |
|    clip_fraction        | 0.0652      |
|    clip_range           | 0.2         |
|    entropy_loss         | -4.34       |
|    explained_variance   | 0.95        |
|    learning_rate        | 0.0003      |
|    loss                 | 7.11        |
|    n_updates            | 920         |
|    policy_gradient_loss | -0.0025     |
|    std                  | 0.724       |
|    value_loss           | 8.69        |
-----------------------------------------
------------------------------------------
| rollout/                |              |
|    ep_len_mean          | 328          |
|    ep_rew_mean          | -150         |
| time/                   |              |
|    fps                  | 2233         |
|    iterations           | 94           |
|    time_elapsed         | 344          |
|    total_timesteps      | 770048       |
| train/                  |              |
|    approx_kl            | 0.0069781058 |
|    clip_fraction        | 0.0826       |
|    clip_range           | 0.2          |
|    entropy_loss         | -4.36        |
|    explained_variance   | 0.928        |
|    learning_rate        | 0.0003       |
|    loss                 | 5.07         |
|    n_updates            | 930          |
|    policy_gradient_loss | -0.00416     |
|    std                  | 0.726        |
|    value_loss           | 7.43         |
------------------------------------------
-----------------------------------------
| rollout/                |             |
|    ep_len_mean          | 345         |
|    ep_rew_mean          | -162        |
| time/                   |             |
|    fps                  | 2235        |
|    iterations           | 95          |
|    time_elapsed         | 348         |
|    total_timesteps      | 778240      |
| train/                  |             |
|    approx_kl            | 0.006963094 |
|    clip_fraction        | 0.0633      |
|    clip_range           | 0.2         |
|    entropy_loss         | -4.36       |
|    explained_variance   | 0.925       |
|    learning_rate        | 0.0003      |
|    loss                 | 6.37        |
|    n_updates            | 940         |
|    policy_gradient_loss | -0.00377    |
|    std                  | 0.724       |
|    value_loss           | 10.9        |
-----------------------------------------
-----------------------------------------
| rollout/                |             |
|    ep_len_mean          | 382         |
|    ep_rew_mean          | -185        |
| time/                   |             |
|    fps                  | 2239        |
|    iterations           | 96          |
|    time_elapsed         | 351         |
|    total_timesteps      | 786432      |
| train/                  |             |
|    approx_kl            | 0.009811661 |
|    clip_fraction        | 0.101       |
|    clip_range           | 0.2         |
|    entropy_loss         | -4.33       |
|    explained_variance   | 0.973       |
|    learning_rate        | 0.0003      |
|    loss                 | 1.69        |
|    n_updates            | 950         |
|    policy_gradient_loss | -0.00262    |
|    std                  | 0.718       |
|    value_loss           | 4.22        |
-----------------------------------------
------------------------------------------
| rollout/                |              |
|    ep_len_mean          | 417          |
|    ep_rew_mean          | -206         |
| time/                   |              |
|    fps                  | 2243         |
|    iterations           | 97           |
|    time_elapsed         | 354          |
|    total_timesteps      | 794624       |
| train/                  |              |
|    approx_kl            | 0.0073334007 |
|    clip_fraction        | 0.0874       |
|    clip_range           | 0.2          |
|    entropy_loss         | -4.3         |
|    explained_variance   | 0.963        |
|    learning_rate        | 0.0003       |
|    loss                 | 1.58         |
|    n_updates            | 960          |
|    policy_gradient_loss | -0.000523    |
|    std                  | 0.713        |
|    value_loss           | 4.37         |
------------------------------------------
[PeriodicArtifactCallback] step 800000: running periodic self-monitoring analysis...
[PeriodicArtifactCallback] analysis written to C:\GitHub\HumanoidRobot\simulation\training\pick_place\runs\pp_v22\analysis_800000.md (stalled=False)
[PeriodicArtifactCallback] step 800000: saving checkpoint, evaluating, rendering...
[PeriodicArtifactCallback] step 800000: success_rate=0.00 pick_success_rate=0.10 mean_reward=-603.40 -> C:\GitHub\HumanoidRobot\simulation\training\pick_place\runs\pp_v22\dashboard.html
------------------------------------------
| rollout/                |              |
|    ep_len_mean          | 414          |
|    ep_rew_mean          | -205         |
| time/                   |              |
|    fps                  | 2131         |
|    iterations           | 98           |
|    time_elapsed         | 376          |
|    total_timesteps      | 802816       |
| train/                  |              |
|    approx_kl            | 0.0069367755 |
|    clip_fraction        | 0.0798       |
|    clip_range           | 0.2          |
|    entropy_loss         | -4.3         |
|    explained_variance   | 0.965        |
|    learning_rate        | 0.0003       |
|    loss                 | 4.41         |
|    n_updates            | 970          |
|    policy_gradient_loss | -0.0041      |
|    std                  | 0.717        |
|    value_loss           | 7.13         |
------------------------------------------
------------------------------------------
| rollout/                |              |
|    ep_len_mean          | 420          |
|    ep_rew_mean          | -210         |
| time/                   |              |
|    fps                  | 2135         |
|    iterations           | 99           |
|    time_elapsed         | 379          |
|    total_timesteps      | 811008       |
| train/                  |              |
|    approx_kl            | 0.0064866925 |
|    clip_fraction        | 0.0667       |
|    clip_range           | 0.2          |
|    entropy_loss         | -4.32        |
|    explained_variance   | 0.951        |
|    learning_rate        | 0.0003       |
|    loss                 | 4.37         |
|    n_updates            | 980          |
|    policy_gradient_loss | -0.0039      |
|    std                  | 0.719        |
|    value_loss           | 7.8          |
------------------------------------------
------------------------------------------
| rollout/                |              |
|    ep_len_mean          | 419          |
|    ep_rew_mean          | -205         |
| time/                   |              |
|    fps                  | 2138         |
|    iterations           | 100          |
|    time_elapsed         | 383          |
|    total_timesteps      | 819200       |
| train/                  |              |
|    approx_kl            | 0.0075187935 |
|    clip_fraction        | 0.0913       |
|    clip_range           | 0.2          |
|    entropy_loss         | -4.33        |
|    explained_variance   | 0.944        |
|    learning_rate        | 0.0003       |
|    loss                 | 4.88         |
|    n_updates            | 990          |
|    policy_gradient_loss | -0.00414     |
|    std                  | 0.721        |
|    value_loss           | 7.72         |
------------------------------------------
-----------------------------------------
| rollout/                |             |
|    ep_len_mean          | 442         |
|    ep_rew_mean          | -215        |
| time/                   |             |
|    fps                  | 2141        |
|    iterations           | 101         |
|    time_elapsed         | 386         |
|    total_timesteps      | 827392      |
| train/                  |             |
|    approx_kl            | 0.009967631 |
|    clip_fraction        | 0.104       |
|    clip_range           | 0.2         |
|    entropy_loss         | -4.32       |
|    explained_variance   | 0.965       |
|    learning_rate        | 0.0003      |
|    loss                 | 1.63        |
|    n_updates            | 1000        |
|    policy_gradient_loss | -0.00397    |
|    std                  | 0.716       |
|    value_loss           | 4.28        |
-----------------------------------------
-----------------------------------------
| rollout/                |             |
|    ep_len_mean          | 423         |
|    ep_rew_mean          | -204        |
| time/                   |             |
|    fps                  | 2145        |
|    iterations           | 102         |
|    time_elapsed         | 389         |
|    total_timesteps      | 835584      |
| train/                  |             |
|    approx_kl            | 0.008691824 |
|    clip_fraction        | 0.0985      |
|    clip_range           | 0.2         |
|    entropy_loss         | -4.3        |
|    explained_variance   | 0.95        |
|    learning_rate        | 0.0003      |
|    loss                 | 1.06        |
|    n_updates            | 1010        |
|    policy_gradient_loss | -0.00434    |
|    std                  | 0.715       |
|    value_loss           | 4.54        |
-----------------------------------------
------------------------------------------
| rollout/                |              |
|    ep_len_mean          | 390          |
|    ep_rew_mean          | -190         |
| time/                   |              |
|    fps                  | 2149         |
|    iterations           | 103          |
|    time_elapsed         | 392          |
|    total_timesteps      | 843776       |
| train/                  |              |
|    approx_kl            | 0.0074993838 |
|    clip_fraction        | 0.0735       |
|    clip_range           | 0.2          |
|    entropy_loss         | -4.29        |
|    explained_variance   | 0.944        |
|    learning_rate        | 0.0003       |
|    loss                 | 2.87         |
|    n_updates            | 1020         |
|    policy_gradient_loss | -0.00429     |
|    std                  | 0.712        |
|    value_loss           | 10.3         |
------------------------------------------
-----------------------------------------
| rollout/                |             |
|    ep_len_mean          | 372         |
|    ep_rew_mean          | -184        |
| time/                   |             |
|    fps                  | 2153        |
|    iterations           | 104         |
|    time_elapsed         | 395         |
|    total_timesteps      | 851968      |
| train/                  |             |
|    approx_kl            | 0.007409047 |
|    clip_fraction        | 0.0769      |
|    clip_range           | 0.2         |
|    entropy_loss         | -4.28       |
|    explained_variance   | 0.957       |
|    learning_rate        | 0.0003      |
|    loss                 | 3.93        |
|    n_updates            | 1030        |
|    policy_gradient_loss | -0.00404    |
|    std                  | 0.71        |
|    value_loss           | 8.14        |
-----------------------------------------
------------------------------------------
| rollout/                |              |
|    ep_len_mean          | 346          |
|    ep_rew_mean          | -165         |
| time/                   |              |
|    fps                  | 2156         |
|    iterations           | 105          |
|    time_elapsed         | 398          |
|    total_timesteps      | 860160       |
| train/                  |              |
|    approx_kl            | 0.0064171692 |
|    clip_fraction        | 0.0885       |
|    clip_range           | 0.2          |
|    entropy_loss         | -4.27        |
|    explained_variance   | 0.932        |
|    learning_rate        | 0.0003       |
|    loss                 | 3.78         |
|    n_updates            | 1040         |
|    policy_gradient_loss | -0.00319     |
|    std                  | 0.706        |
|    value_loss           | 9.78         |
------------------------------------------
------------------------------------------
| rollout/                |              |
|    ep_len_mean          | 352          |
|    ep_rew_mean          | -168         |
| time/                   |              |
|    fps                  | 2158         |
|    iterations           | 106          |
|    time_elapsed         | 402          |
|    total_timesteps      | 868352       |
| train/                  |              |
|    approx_kl            | 0.0071882424 |
|    clip_fraction        | 0.0779       |
|    clip_range           | 0.2          |
|    entropy_loss         | -4.26        |
|    explained_variance   | 0.926        |
|    learning_rate        | 0.0003       |
|    loss                 | 3.57         |
|    n_updates            | 1050         |
|    policy_gradient_loss | -0.00374     |
|    std                  | 0.706        |
|    value_loss           | 7.82         |
------------------------------------------
-----------------------------------------
| rollout/                |             |
|    ep_len_mean          | 374         |
|    ep_rew_mean          | -178        |
| time/                   |             |
|    fps                  | 2162        |
|    iterations           | 107         |
|    time_elapsed         | 405         |
|    total_timesteps      | 876544      |
| train/                  |             |
|    approx_kl            | 0.007896781 |
|    clip_fraction        | 0.0782      |
|    clip_range           | 0.2         |
|    entropy_loss         | -4.26       |
|    explained_variance   | 0.934       |
|    learning_rate        | 0.0003      |
|    loss                 | 1.78        |
|    n_updates            | 1060        |
|    policy_gradient_loss | -0.00269    |
|    std                  | 0.708       |
|    value_loss           | 3.99        |
-----------------------------------------
------------------------------------------
| rollout/                |              |
|    ep_len_mean          | 384          |
|    ep_rew_mean          | -178         |
| time/                   |              |
|    fps                  | 2166         |
|    iterations           | 108          |
|    time_elapsed         | 408          |
|    total_timesteps      | 884736       |
| train/                  |              |
|    approx_kl            | 0.0075827325 |
|    clip_fraction        | 0.097        |
|    clip_range           | 0.2          |
|    entropy_loss         | -4.25        |
|    explained_variance   | 0.922        |
|    learning_rate        | 0.0003       |
|    loss                 | 1.74         |
|    n_updates            | 1070         |
|    policy_gradient_loss | -0.00307     |
|    std                  | 0.704        |
|    value_loss           | 5.14         |
------------------------------------------
-----------------------------------------
| rollout/                |             |
|    ep_len_mean          | 346         |
|    ep_rew_mean          | -157        |
| time/                   |             |
|    fps                  | 2170        |
|    iterations           | 109         |
|    time_elapsed         | 411         |
|    total_timesteps      | 892928      |
| train/                  |             |
|    approx_kl            | 0.008531841 |
|    clip_fraction        | 0.0889      |
|    clip_range           | 0.2         |
|    entropy_loss         | -4.24       |
|    explained_variance   | 0.933       |
|    learning_rate        | 0.0003      |
|    loss                 | 5.67        |
|    n_updates            | 1080        |
|    policy_gradient_loss | -0.00354    |
|    std                  | 0.703       |
|    value_loss           | 8.2         |
-----------------------------------------
------------------------------------------
| rollout/                |              |
|    ep_len_mean          | 320          |
|    ep_rew_mean          | -142         |
| time/                   |              |
|    fps                  | 2172         |
|    iterations           | 110          |
|    time_elapsed         | 414          |
|    total_timesteps      | 901120       |
| train/                  |              |
|    approx_kl            | 0.0056644212 |
|    clip_fraction        | 0.0722       |
|    clip_range           | 0.2          |
|    entropy_loss         | -4.25        |
|    explained_variance   | 0.895        |
|    learning_rate        | 0.0003       |
|    loss                 | 3.02         |
|    n_updates            | 1090         |
|    policy_gradient_loss | -0.00371     |
|    std                  | 0.706        |
|    value_loss           | 8.79         |
------------------------------------------
-----------------------------------------
| rollout/                |             |
|    ep_len_mean          | 332         |
|    ep_rew_mean          | -142        |
| time/                   |             |
|    fps                  | 2174        |
|    iterations           | 111         |
|    time_elapsed         | 418         |
|    total_timesteps      | 909312      |
| train/                  |             |
|    approx_kl            | 0.007019968 |
|    clip_fraction        | 0.103       |
|    clip_range           | 0.2         |
|    entropy_loss         | -4.24       |
|    explained_variance   | 0.964       |
|    learning_rate        | 0.0003      |
|    loss                 | 1.66        |
|    n_updates            | 1100        |
|    policy_gradient_loss | -0.00438    |
|    std                  | 0.702       |
|    value_loss           | 4.42        |
-----------------------------------------
-----------------------------------------
| rollout/                |             |
|    ep_len_mean          | 319         |
|    ep_rew_mean          | -134        |
| time/                   |             |
|    fps                  | 2176        |
|    iterations           | 112         |
|    time_elapsed         | 421         |
|    total_timesteps      | 917504      |
| train/                  |             |
|    approx_kl            | 0.009563189 |
|    clip_fraction        | 0.13        |
|    clip_range           | 0.2         |
|    entropy_loss         | -4.23       |
|    explained_variance   | 0.945       |
|    learning_rate        | 0.0003      |
|    loss                 | 2.72        |
|    n_updates            | 1110        |
|    policy_gradient_loss | -0.00161    |
|    std                  | 0.699       |
|    value_loss           | 3.23        |
-----------------------------------------
-----------------------------------------
| rollout/                |             |
|    ep_len_mean          | 354         |
|    ep_rew_mean          | -151        |
| time/                   |             |
|    fps                  | 2179        |
|    iterations           | 113         |
|    time_elapsed         | 424         |
|    total_timesteps      | 925696      |
| train/                  |             |
|    approx_kl            | 0.006721085 |
|    clip_fraction        | 0.0869      |
|    clip_range           | 0.2         |
|    entropy_loss         | -4.2        |
|    explained_variance   | 0.96        |
|    learning_rate        | 0.0003      |
|    loss                 | 1.82        |
|    n_updates            | 1120        |
|    policy_gradient_loss | -0.00478    |
|    std                  | 0.695       |
|    value_loss           | 6.4         |
-----------------------------------------
-----------------------------------------
| rollout/                |             |
|    ep_len_mean          | 371         |
|    ep_rew_mean          | -161        |
| time/                   |             |
|    fps                  | 2182        |
|    iterations           | 114         |
|    time_elapsed         | 427         |
|    total_timesteps      | 933888      |
| train/                  |             |
|    approx_kl            | 0.007998289 |
|    clip_fraction        | 0.0837      |
|    clip_range           | 0.2         |
|    entropy_loss         | -4.18       |
|    explained_variance   | 0.949       |
|    learning_rate        | 0.0003      |
|    loss                 | 6.08        |
|    n_updates            | 1130        |
|    policy_gradient_loss | -0.00348    |
|    std                  | 0.692       |
|    value_loss           | 6.29        |
-----------------------------------------
------------------------------------------
| rollout/                |              |
|    ep_len_mean          | 359          |
|    ep_rew_mean          | -155         |
| time/                   |              |
|    fps                  | 2185         |
|    iterations           | 115          |
|    time_elapsed         | 431          |
|    total_timesteps      | 942080       |
| train/                  |              |
|    approx_kl            | 0.0071032853 |
|    clip_fraction        | 0.0872       |
|    clip_range           | 0.2          |
|    entropy_loss         | -4.17        |
|    explained_variance   | 0.959        |
|    learning_rate        | 0.0003       |
|    loss                 | 1.27         |
|    n_updates            | 1140         |
|    policy_gradient_loss | -0.00328     |
|    std                  | 0.692        |
|    value_loss           | 4.06         |
------------------------------------------
----------------------------------------
| rollout/                |            |
|    ep_len_mean          | 378        |
|    ep_rew_mean          | -168       |
| time/                   |            |
|    fps                  | 2187       |
|    iterations           | 116        |
|    time_elapsed         | 434        |
|    total_timesteps      | 950272     |
| train/                  |            |
|    approx_kl            | 0.00885872 |
|    clip_fraction        | 0.112      |
|    clip_range           | 0.2        |
|    entropy_loss         | -4.17      |
|    explained_variance   | 0.978      |
|    learning_rate        | 0.0003     |
|    loss                 | 2.42       |
|    n_updates            | 1150       |
|    policy_gradient_loss | -0.00212   |
|    std                  | 0.69       |
|    value_loss           | 3.71       |
----------------------------------------
------------------------------------------
| rollout/                |              |
|    ep_len_mean          | 394          |
|    ep_rew_mean          | -175         |
| time/                   |              |
|    fps                  | 2189         |
|    iterations           | 117          |
|    time_elapsed         | 437          |
|    total_timesteps      | 958464       |
| train/                  |              |
|    approx_kl            | 0.0138722565 |
|    clip_fraction        | 0.126        |
|    clip_range           | 0.2          |
|    entropy_loss         | -4.15        |
|    explained_variance   | 0.939        |
|    learning_rate        | 0.0003       |
|    loss                 | 1.11         |
|    n_updates            | 1160         |
|    policy_gradient_loss | -0.0012      |
|    std                  | 0.688        |
|    value_loss           | 3.01         |
------------------------------------------
------------------------------------------
| rollout/                |              |
|    ep_len_mean          | 376          |
|    ep_rew_mean          | -167         |
| time/                   |              |
|    fps                  | 2192         |
|    iterations           | 118          |
|    time_elapsed         | 440          |
|    total_timesteps      | 966656       |
| train/                  |              |
|    approx_kl            | 0.0077222707 |
|    clip_fraction        | 0.0821       |
|    clip_range           | 0.2          |
|    entropy_loss         | -4.13        |
|    explained_variance   | 0.95         |
|    learning_rate        | 0.0003       |
|    loss                 | 2.12         |
|    n_updates            | 1170         |
|    policy_gradient_loss | -0.00517     |
|    std                  | 0.684        |
|    value_loss           | 6.07         |
------------------------------------------
----------------------------------------
| rollout/                |            |
|    ep_len_mean          | 380        |
|    ep_rew_mean          | -169       |
| time/                   |            |
|    fps                  | 2195       |
|    iterations           | 119        |
|    time_elapsed         | 443        |
|    total_timesteps      | 974848     |
| train/                  |            |
|    approx_kl            | 0.00826378 |
|    clip_fraction        | 0.101      |
|    clip_range           | 0.2        |
|    entropy_loss         | -4.12      |
|    explained_variance   | 0.954      |
|    learning_rate        | 0.0003     |
|    loss                 | 4.92       |
|    n_updates            | 1180       |
|    policy_gradient_loss | -0.00371   |
|    std                  | 0.682      |
|    value_loss           | 7.48       |
----------------------------------------
-----------------------------------------
| rollout/                |             |
|    ep_len_mean          | 392         |
|    ep_rew_mean          | -173        |
| time/                   |             |
|    fps                  | 2198        |
|    iterations           | 120         |
|    time_elapsed         | 447         |
|    total_timesteps      | 983040      |
| train/                  |             |
|    approx_kl            | 0.008200668 |
|    clip_fraction        | 0.109       |
|    clip_range           | 0.2         |
|    entropy_loss         | -4.11       |
|    explained_variance   | 0.957       |
|    learning_rate        | 0.0003      |
|    loss                 | 0.589       |
|    n_updates            | 1190        |
|    policy_gradient_loss | -0.00353    |
|    std                  | 0.68        |
|    value_loss           | 4.09        |
-----------------------------------------
-----------------------------------------
| rollout/                |             |
|    ep_len_mean          | 387         |
|    ep_rew_mean          | -171        |
| time/                   |             |
|    fps                  | 2200        |
|    iterations           | 121         |
|    time_elapsed         | 450         |
|    total_timesteps      | 991232      |
| train/                  |             |
|    approx_kl            | 0.009642588 |
|    clip_fraction        | 0.119       |
|    clip_range           | 0.2         |
|    entropy_loss         | -4.1        |
|    explained_variance   | 0.97        |
|    learning_rate        | 0.0003      |
|    loss                 | 0.74        |
|    n_updates            | 1200        |
|    policy_gradient_loss | -0.00398    |
|    std                  | 0.68        |
|    value_loss           | 4.21        |
-----------------------------------------
------------------------------------------
| rollout/                |              |
|    ep_len_mean          | 404          |
|    ep_rew_mean          | -180         |
| time/                   |              |
|    fps                  | 2203         |
|    iterations           | 122          |
|    time_elapsed         | 453          |
|    total_timesteps      | 999424       |
| train/                  |              |
|    approx_kl            | 0.0082449345 |
|    clip_fraction        | 0.0913       |
|    clip_range           | 0.2          |
|    entropy_loss         | -4.08        |
|    explained_variance   | 0.981        |
|    learning_rate        | 0.0003       |
|    loss                 | 0.743        |
|    n_updates            | 1210         |
|    policy_gradient_loss | -0.00289     |
|    std                  | 0.672        |
|    value_loss           | 3.41         |
------------------------------------------
[PeriodicArtifactCallback] step 1000000: saving checkpoint, evaluating, rendering...
[PeriodicArtifactCallback] step 1000000: success_rate=0.00 pick_success_rate=0.00 mean_reward=-497.42 -> C:\GitHub\HumanoidRobot\simulation\training\pick_place\runs\pp_v22\dashboard.html
-----------------------------------------
| rollout/                |             |
|    ep_len_mean          | 422         |
|    ep_rew_mean          | -190        |
| time/                   |             |
|    fps                  | 2152        |
|    iterations           | 123         |
|    time_elapsed         | 468         |
|    total_timesteps      | 1007616     |
| train/                  |             |
|    approx_kl            | 0.008743013 |
|    clip_fraction        | 0.0741      |
|    clip_range           | 0.2         |
|    entropy_loss         | -4.08       |
|    explained_variance   | 0.969       |
|    learning_rate        | 0.0003      |
|    loss                 | 1.08        |
|    n_updates            | 1220        |
|    policy_gradient_loss | -0.00341    |
|    std                  | 0.677       |
|    value_loss           | 3.1         |
-----------------------------------------
-----------------------------------------
| rollout/                |             |
|    ep_len_mean          | 404         |
|    ep_rew_mean          | -181        |
| time/                   |             |
|    fps                  | 2155        |
|    iterations           | 124         |
|    time_elapsed         | 471         |
|    total_timesteps      | 1015808     |
| train/                  |             |
|    approx_kl            | 0.007620598 |
|    clip_fraction        | 0.0945      |
|    clip_range           | 0.2         |
|    entropy_loss         | -4.07       |
|    explained_variance   | 0.929       |
|    learning_rate        | 0.0003      |
|    loss                 | 1.77        |
|    n_updates            | 1230        |
|    policy_gradient_loss | -0.00359    |
|    std                  | 0.672       |
|    value_loss           | 5.2         |
-----------------------------------------
----------------------------------------
| rollout/                |            |
|    ep_len_mean          | 394        |
|    ep_rew_mean          | -179       |
| time/                   |            |
|    fps                  | 2158       |
|    iterations           | 125        |
|    time_elapsed         | 474        |
|    total_timesteps      | 1024000    |
| train/                  |            |
|    approx_kl            | 0.00749117 |
|    clip_fraction        | 0.0791     |
|    clip_range           | 0.2        |
|    entropy_loss         | -4.07      |
|    explained_variance   | 0.863      |
|    learning_rate        | 0.0003     |
|    loss                 | 3.81       |
|    n_updates            | 1240       |
|    policy_gradient_loss | -0.00444   |
|    std                  | 0.676      |
|    value_loss           | 9.55       |
----------------------------------------
------------------------------------------
| rollout/                |              |
|    ep_len_mean          | 391          |
|    ep_rew_mean          | -181         |
| time/                   |              |
|    fps                  | 2160         |
|    iterations           | 126          |
|    time_elapsed         | 477          |
|    total_timesteps      | 1032192      |
| train/                  |              |
|    approx_kl            | 0.0077444203 |
|    clip_fraction        | 0.0843       |
|    clip_range           | 0.2          |
|    entropy_loss         | -4.07        |
|    explained_variance   | 0.932        |
|    learning_rate        | 0.0003       |
|    loss                 | 0.982        |
|    n_updates            | 1250         |
|    policy_gradient_loss | -0.00271     |
|    std                  | 0.673        |
|    value_loss           | 4.46         |
------------------------------------------
----------------------------------------
| rollout/                |            |
|    ep_len_mean          | 387        |
|    ep_rew_mean          | -180       |
| time/                   |            |
|    fps                  | 2162       |
|    iterations           | 127        |
|    time_elapsed         | 480        |
|    total_timesteps      | 1040384    |
| train/                  |            |
|    approx_kl            | 0.00696249 |
|    clip_fraction        | 0.0917     |
|    clip_range           | 0.2        |
|    entropy_loss         | -4.06      |
|    explained_variance   | 0.968      |
|    learning_rate        | 0.0003     |
|    loss                 | 1.4        |
|    n_updates            | 1260       |
|    policy_gradient_loss | -0.00389   |
|    std                  | 0.671      |
|    value_loss           | 6.06       |
----------------------------------------
------------------------------------------
| rollout/                |              |
|    ep_len_mean          | 404          |
|    ep_rew_mean          | -184         |
| time/                   |              |
|    fps                  | 2166         |
|    iterations           | 128          |
|    time_elapsed         | 484          |
|    total_timesteps      | 1048576      |
| train/                  |              |
|    approx_kl            | 0.0128032435 |
|    clip_fraction        | 0.143        |
|    clip_range           | 0.2          |
|    entropy_loss         | -4.03        |
|    explained_variance   | 0.958        |
|    learning_rate        | 0.0003       |
|    loss                 | 1.02         |
|    n_updates            | 1270         |
|    policy_gradient_loss | -0.00308     |
|    std                  | 0.663        |
|    value_loss           | 3.47         |
------------------------------------------
-----------------------------------------
| rollout/                |             |
|    ep_len_mean          | 395         |
|    ep_rew_mean          | -184        |
| time/                   |             |
|    fps                  | 2169        |
|    iterations           | 129         |
|    time_elapsed         | 487         |
|    total_timesteps      | 1056768     |
| train/                  |             |
|    approx_kl            | 0.013715811 |
|    clip_fraction        | 0.108       |
|    clip_range           | 0.2         |
|    entropy_loss         | -4.01       |
|    explained_variance   | 0.891       |
|    learning_rate        | 0.0003      |
|    loss                 | 1.28        |
|    n_updates            | 1280        |
|    policy_gradient_loss | -0.00205    |
|    std                  | 0.663       |
|    value_loss           | 3.94        |
-----------------------------------------
-----------------------------------------
| rollout/                |             |
|    ep_len_mean          | 395         |
|    ep_rew_mean          | -180        |
| time/                   |             |
|    fps                  | 2172        |
|    iterations           | 130         |
|    time_elapsed         | 490         |
|    total_timesteps      | 1064960     |
| train/                  |             |
|    approx_kl            | 0.007395083 |
|    clip_fraction        | 0.0824      |
|    clip_range           | 0.2         |
|    entropy_loss         | -4          |
|    explained_variance   | 0.952       |
|    learning_rate        | 0.0003      |
|    loss                 | 2.56        |
|    n_updates            | 1290        |
|    policy_gradient_loss | -0.00359    |
|    std                  | 0.66        |
|    value_loss           | 7.7         |
-----------------------------------------
-----------------------------------------
| rollout/                |             |
|    ep_len_mean          | 405         |
|    ep_rew_mean          | -179        |
| time/                   |             |
|    fps                  | 2174        |
|    iterations           | 131         |
|    time_elapsed         | 493         |
|    total_timesteps      | 1073152     |
| train/                  |             |
|    approx_kl            | 0.008353675 |
|    clip_fraction        | 0.0965      |
|    clip_range           | 0.2         |
|    entropy_loss         | -3.98       |
|    explained_variance   | 0.924       |
|    learning_rate        | 0.0003      |
|    loss                 | 3.04        |
|    n_updates            | 1300        |
|    policy_gradient_loss | -0.00481    |
|    std                  | 0.656       |
|    value_loss           | 8.6         |
-----------------------------------------
-----------------------------------------
| rollout/                |             |
|    ep_len_mean          | 385         |
|    ep_rew_mean          | -167        |
| time/                   |             |
|    fps                  | 2176        |
|    iterations           | 132         |
|    time_elapsed         | 496         |
|    total_timesteps      | 1081344     |
| train/                  |             |
|    approx_kl            | 0.008848736 |
|    clip_fraction        | 0.117       |
|    clip_range           | 0.2         |
|    entropy_loss         | -3.97       |
|    explained_variance   | 0.927       |
|    learning_rate        | 0.0003      |
|    loss                 | 4.98        |
|    n_updates            | 1310        |
|    policy_gradient_loss | 0.000401    |
|    std                  | 0.658       |
|    value_loss           | 3.6         |
-----------------------------------------
-----------------------------------------
| rollout/                |             |
|    ep_len_mean          | 378         |
|    ep_rew_mean          | -165        |
| time/                   |             |
|    fps                  | 2178        |
|    iterations           | 133         |
|    time_elapsed         | 500         |
|    total_timesteps      | 1089536     |
| train/                  |             |
|    approx_kl            | 0.007894168 |
|    clip_fraction        | 0.0887      |
|    clip_range           | 0.2         |
|    entropy_loss         | -3.98       |
|    explained_variance   | 0.905       |
|    learning_rate        | 0.0003      |
|    loss                 | 1.71        |
|    n_updates            | 1320        |
|    policy_gradient_loss | -0.00346    |
|    std                  | 0.659       |
|    value_loss           | 6.75        |
-----------------------------------------
------------------------------------------
| rollout/                |              |
|    ep_len_mean          | 381          |
|    ep_rew_mean          | -164         |
| time/                   |              |
|    fps                  | 2181         |
|    iterations           | 134          |
|    time_elapsed         | 503          |
|    total_timesteps      | 1097728      |
| train/                  |              |
|    approx_kl            | 0.0061363857 |
|    clip_fraction        | 0.0909       |
|    clip_range           | 0.2          |
|    entropy_loss         | -3.99        |
|    explained_variance   | 0.892        |
|    learning_rate        | 0.0003       |
|    loss                 | 4.58         |
|    n_updates            | 1330         |
|    policy_gradient_loss | -0.00601     |
|    std                  | 0.658        |
|    value_loss           | 8.8          |
------------------------------------------
-----------------------------------------
| rollout/                |             |
|    ep_len_mean          | 372         |
|    ep_rew_mean          | -158        |
| time/                   |             |
|    fps                  | 2184        |
|    iterations           | 135         |
|    time_elapsed         | 506         |
|    total_timesteps      | 1105920     |
| train/                  |             |
|    approx_kl            | 0.013058579 |
|    clip_fraction        | 0.122       |
|    clip_range           | 0.2         |
|    entropy_loss         | -3.98       |
|    explained_variance   | 0.969       |
|    learning_rate        | 0.0003      |
|    loss                 | 0.833       |
|    n_updates            | 1340        |
|    policy_gradient_loss | -0.00343    |
|    std                  | 0.658       |
|    value_loss           | 3.39        |
-----------------------------------------
------------------------------------------
| rollout/                |              |
|    ep_len_mean          | 380          |
|    ep_rew_mean          | -162         |
| time/                   |              |
|    fps                  | 2187         |
|    iterations           | 136          |
|    time_elapsed         | 509          |
|    total_timesteps      | 1114112      |
| train/                  |              |
|    approx_kl            | 0.0070961183 |
|    clip_fraction        | 0.0892       |
|    clip_range           | 0.2          |
|    entropy_loss         | -3.99        |
|    explained_variance   | 0.944        |
|    learning_rate        | 0.0003       |
|    loss                 | 1.25         |
|    n_updates            | 1350         |
|    policy_gradient_loss | -0.00373     |
|    std                  | 0.66         |
|    value_loss           | 5.14         |
------------------------------------------
------------------------------------------
| rollout/                |              |
|    ep_len_mean          | 380          |
|    ep_rew_mean          | -163         |
| time/                   |              |
|    fps                  | 2190         |
|    iterations           | 137          |
|    time_elapsed         | 512          |
|    total_timesteps      | 1122304      |
| train/                  |              |
|    approx_kl            | 0.0093451515 |
|    clip_fraction        | 0.099        |
|    clip_range           | 0.2          |
|    entropy_loss         | -4           |
|    explained_variance   | 0.888        |
|    learning_rate        | 0.0003       |
|    loss                 | 2.12         |
|    n_updates            | 1360         |
|    policy_gradient_loss | -0.00363     |
|    std                  | 0.661        |
|    value_loss           | 6.83         |
------------------------------------------
-----------------------------------------
| rollout/                |             |
|    ep_len_mean          | 358         |
|    ep_rew_mean          | -150        |
| time/                   |             |
|    fps                  | 2193        |
|    iterations           | 138         |
|    time_elapsed         | 515         |
|    total_timesteps      | 1130496     |
| train/                  |             |
|    approx_kl            | 0.012756893 |
|    clip_fraction        | 0.125       |
|    clip_range           | 0.2         |
|    entropy_loss         | -3.97       |
|    explained_variance   | 0.918       |
|    learning_rate        | 0.0003      |
|    loss                 | 1.15        |
|    n_updates            | 1370        |
|    policy_gradient_loss | -0.000947   |
|    std                  | 0.654       |
|    value_loss           | 2.67        |
-----------------------------------------
------------------------------------------
| rollout/                |              |
|    ep_len_mean          | 347          |
|    ep_rew_mean          | -140         |
| time/                   |              |
|    fps                  | 2196         |
|    iterations           | 139          |
|    time_elapsed         | 518          |
|    total_timesteps      | 1138688      |
| train/                  |              |
|    approx_kl            | 0.0067342874 |
|    clip_fraction        | 0.0769       |
|    clip_range           | 0.2          |
|    entropy_loss         | -3.97        |
|    explained_variance   | 0.899        |
|    learning_rate        | 0.0003       |
|    loss                 | 1.53         |
|    n_updates            | 1380         |
|    policy_gradient_loss | -0.00333     |
|    std                  | 0.656        |
|    value_loss           | 6.77         |
------------------------------------------
-----------------------------------------
| rollout/                |             |
|    ep_len_mean          | 354         |
|    ep_rew_mean          | -143        |
| time/                   |             |
|    fps                  | 2200        |
|    iterations           | 140         |
|    time_elapsed         | 521         |
|    total_timesteps      | 1146880     |
| train/                  |             |
|    approx_kl            | 0.009345286 |
|    clip_fraction        | 0.119       |
|    clip_range           | 0.2         |
|    entropy_loss         | -3.95       |
|    explained_variance   | 0.951       |
|    learning_rate        | 0.0003      |
|    loss                 | 1.62        |
|    n_updates            | 1390        |
|    policy_gradient_loss | -0.00342    |
|    std                  | 0.651       |
|    value_loss           | 3.99        |
-----------------------------------------
-----------------------------------------
| rollout/                |             |
|    ep_len_mean          | 337         |
|    ep_rew_mean          | -132        |
| time/                   |             |
|    fps                  | 2202        |
|    iterations           | 141         |
|    time_elapsed         | 524         |
|    total_timesteps      | 1155072     |
| train/                  |             |
|    approx_kl            | 0.010273367 |
|    clip_fraction        | 0.113       |
|    clip_range           | 0.2         |
|    entropy_loss         | -3.92       |
|    explained_variance   | 0.954       |
|    learning_rate        | 0.0003      |
|    loss                 | 2.27        |
|    n_updates            | 1400        |
|    policy_gradient_loss | -0.0057     |
|    std                  | 0.645       |
|    value_loss           | 3.32        |
-----------------------------------------
----------------------------------------
| rollout/                |            |
|    ep_len_mean          | 341        |
|    ep_rew_mean          | -133       |
| time/                   |            |
|    fps                  | 2203       |
|    iterations           | 142        |
|    time_elapsed         | 527        |
|    total_timesteps      | 1163264    |
| train/                  |            |
|    approx_kl            | 0.01068983 |
|    clip_fraction        | 0.135      |
|    clip_range           | 0.2        |
|    entropy_loss         | -3.89      |
|    explained_variance   | 0.971      |
|    learning_rate        | 0.0003     |
|    loss                 | 0.601      |
|    n_updates            | 1410       |
|    policy_gradient_loss | -0.00253   |
|    std                  | 0.64       |
|    value_loss           | 1.53       |
----------------------------------------
------------------------------------------
| rollout/                |              |
|    ep_len_mean          | 359          |
|    ep_rew_mean          | -144         |
| time/                   |              |
|    fps                  | 2205         |
|    iterations           | 143          |
|    time_elapsed         | 531          |
|    total_timesteps      | 1171456      |
| train/                  |              |
|    approx_kl            | 0.0070941737 |
|    clip_fraction        | 0.0999       |
|    clip_range           | 0.2          |
|    entropy_loss         | -3.84        |
|    explained_variance   | 0.954        |
|    learning_rate        | 0.0003       |
|    loss                 | 1.15         |
|    n_updates            | 1420         |
|    policy_gradient_loss | -0.00414     |
|    std                  | 0.632        |
|    value_loss           | 3.21         |
------------------------------------------
-----------------------------------------
| rollout/                |             |
|    ep_len_mean          | 336         |
|    ep_rew_mean          | -133        |
| time/                   |             |
|    fps                  | 2208        |
|    iterations           | 144         |
|    time_elapsed         | 534         |
|    total_timesteps      | 1179648     |
| train/                  |             |
|    approx_kl            | 0.006769796 |
|    clip_fraction        | 0.0796      |
|    clip_range           | 0.2         |
|    entropy_loss         | -3.83       |
|    explained_variance   | 0.958       |
|    learning_rate        | 0.0003      |
|    loss                 | 0.544       |
|    n_updates            | 1430        |
|    policy_gradient_loss | -0.00291    |
|    std                  | 0.635       |
|    value_loss           | 2.97        |
-----------------------------------------
-----------------------------------------
| rollout/                |             |
|    ep_len_mean          | 371         |
|    ep_rew_mean          | -145        |
| time/                   |             |
|    fps                  | 2211        |
|    iterations           | 145         |
|    time_elapsed         | 537         |
|    total_timesteps      | 1187840     |
| train/                  |             |
|    approx_kl            | 0.010842302 |
|    clip_fraction        | 0.102       |
|    clip_range           | 0.2         |
|    entropy_loss         | -3.81       |
|    explained_variance   | 0.946       |
|    learning_rate        | 0.0003      |
|    loss                 | 0.877       |
|    n_updates            | 1440        |
|    policy_gradient_loss | -0.00443    |
|    std                  | 0.626       |
|    value_loss           | 3.27        |
-----------------------------------------
-----------------------------------------
| rollout/                |             |
|    ep_len_mean          | 373         |
|    ep_rew_mean          | -144        |
| time/                   |             |
|    fps                  | 2214        |
|    iterations           | 146         |
|    time_elapsed         | 540         |
|    total_timesteps      | 1196032     |
| train/                  |             |
|    approx_kl            | 0.009600173 |
|    clip_fraction        | 0.119       |
|    clip_range           | 0.2         |
|    entropy_loss         | -3.77       |
|    explained_variance   | 0.938       |
|    learning_rate        | 0.0003      |
|    loss                 | 2.53        |
|    n_updates            | 1450        |
|    policy_gradient_loss | -0.00137    |
|    std                  | 0.623       |
|    value_loss           | 2           |
-----------------------------------------
[PeriodicArtifactCallback] step 1200000: running periodic self-monitoring analysis...
[PeriodicArtifactCallback] analysis written to C:\GitHub\HumanoidRobot\simulation\training\pick_place\runs\pp_v22\analysis_1200000.md (stalled=False)
[PeriodicArtifactCallback] step 1200000: saving checkpoint, evaluating, rendering...
[PeriodicArtifactCallback] step 1200000: success_rate=0.00 pick_success_rate=0.00 mean_reward=-485.84 -> C:\GitHub\HumanoidRobot\simulation\training\pick_place\runs\pp_v22\dashboard.html
------------------------------------------
| rollout/                |              |
|    ep_len_mean          | 360          |
|    ep_rew_mean          | -139         |
| time/                   |              |
|    fps                  | 2138         |
|    iterations           | 147          |
|    time_elapsed         | 563          |
|    total_timesteps      | 1204224      |
| train/                  |              |
|    approx_kl            | 0.0075778207 |
|    clip_fraction        | 0.101        |
|    clip_range           | 0.2          |
|    entropy_loss         | -3.74        |
|    explained_variance   | 0.936        |
|    learning_rate        | 0.0003       |
|    loss                 | 1.5          |
|    n_updates            | 1460         |
|    policy_gradient_loss | -0.00592     |
|    std                  | 0.618        |
|    value_loss           | 4.97         |
------------------------------------------
-----------------------------------------
| rollout/                |             |
|    ep_len_mean          | 359         |
|    ep_rew_mean          | -138        |
| time/                   |             |
|    fps                  | 2140        |
|    iterations           | 148         |
|    time_elapsed         | 566         |
|    total_timesteps      | 1212416     |
| train/                  |             |
|    approx_kl            | 0.006310692 |
|    clip_fraction        | 0.0633      |
|    clip_range           | 0.2         |
|    entropy_loss         | -3.72       |
|    explained_variance   | 0.917       |
|    learning_rate        | 0.0003      |
|    loss                 | 1.4         |
|    n_updates            | 1470        |
|    policy_gradient_loss | -0.0034     |
|    std                  | 0.615       |
|    value_loss           | 6.21        |
-----------------------------------------
-----------------------------------------
| rollout/                |             |
|    ep_len_mean          | 363         |
|    ep_rew_mean          | -146        |
| time/                   |             |
|    fps                  | 2142        |
|    iterations           | 149         |
|    time_elapsed         | 569         |
|    total_timesteps      | 1220608     |
| train/                  |             |
|    approx_kl            | 0.009479539 |
|    clip_fraction        | 0.117       |
|    clip_range           | 0.2         |
|    entropy_loss         | -3.71       |
|    explained_variance   | 0.949       |
|    learning_rate        | 0.0003      |
|    loss                 | 1.39        |
|    n_updates            | 1480        |
|    policy_gradient_loss | -0.00561    |
|    std                  | 0.616       |
|    value_loss           | 3.04        |
-----------------------------------------
-----------------------------------------
| rollout/                |             |
|    ep_len_mean          | 375         |
|    ep_rew_mean          | -152        |
| time/                   |             |
|    fps                  | 2144        |
|    iterations           | 150         |
|    time_elapsed         | 572         |
|    total_timesteps      | 1228800     |
| train/                  |             |
|    approx_kl            | 0.009065727 |
|    clip_fraction        | 0.1         |
|    clip_range           | 0.2         |
|    entropy_loss         | -3.72       |
|    explained_variance   | 0.965       |
|    learning_rate        | 0.0003      |
|    loss                 | 0.832       |
|    n_updates            | 1490        |
|    policy_gradient_loss | -0.00268    |
|    std                  | 0.616       |
|    value_loss           | 3.24        |
-----------------------------------------
-----------------------------------------
| rollout/                |             |
|    ep_len_mean          | 388         |
|    ep_rew_mean          | -160        |
| time/                   |             |
|    fps                  | 2147        |
|    iterations           | 151         |
|    time_elapsed         | 575         |
|    total_timesteps      | 1236992     |
| train/                  |             |
|    approx_kl            | 0.008577412 |
|    clip_fraction        | 0.116       |
|    clip_range           | 0.2         |
|    entropy_loss         | -3.7        |
|    explained_variance   | 0.968       |
|    learning_rate        | 0.0003      |
|    loss                 | 2.25        |
|    n_updates            | 1500        |
|    policy_gradient_loss | -0.00424    |
|    std                  | 0.612       |
|    value_loss           | 3.42        |
-----------------------------------------
-----------------------------------------
| rollout/                |             |
|    ep_len_mean          | 392         |
|    ep_rew_mean          | -162        |
| time/                   |             |
|    fps                  | 2150        |
|    iterations           | 152         |
|    time_elapsed         | 579         |
|    total_timesteps      | 1245184     |
| train/                  |             |
|    approx_kl            | 0.010467229 |
|    clip_fraction        | 0.107       |
|    clip_range           | 0.2         |
|    entropy_loss         | -3.71       |
|    explained_variance   | 0.858       |
|    learning_rate        | 0.0003      |
|    loss                 | 1.19        |
|    n_updates            | 1510        |
|    policy_gradient_loss | -0.00326    |
|    std                  | 0.618       |
|    value_loss           | 3.96        |
-----------------------------------------
------------------------------------------
| rollout/                |              |
|    ep_len_mean          | 371          |
|    ep_rew_mean          | -154         |
| time/                   |              |
|    fps                  | 2151         |
|    iterations           | 153          |
|    time_elapsed         | 582          |
|    total_timesteps      | 1253376      |
| train/                  |              |
|    approx_kl            | 0.0057190685 |
|    clip_fraction        | 0.0749       |
|    clip_range           | 0.2          |
|    entropy_loss         | -3.73        |
|    explained_variance   | 0.792        |
|    learning_rate        | 0.0003       |
|    loss                 | 2            |
|    n_updates            | 1520         |
|    policy_gradient_loss | -0.00454     |
|    std                  | 0.62         |
|    value_loss           | 5.23         |
------------------------------------------
-----------------------------------------
| rollout/                |             |
|    ep_len_mean          | 344         |
|    ep_rew_mean          | -136        |
| time/                   |             |
|    fps                  | 2153        |
|    iterations           | 154         |
|    time_elapsed         | 585         |
|    total_timesteps      | 1261568     |
| train/                  |             |
|    approx_kl            | 0.009047065 |
|    clip_fraction        | 0.0945      |
|    clip_range           | 0.2         |
|    entropy_loss         | -3.74       |
|    explained_variance   | 0.909       |
|    learning_rate        | 0.0003      |
|    loss                 | 5.98        |
|    n_updates            | 1530        |
|    policy_gradient_loss | -0.0046     |
|    std                  | 0.621       |
|    value_loss           | 8.15        |
-----------------------------------------
------------------------------------------
| rollout/                |              |
|    ep_len_mean          | 321          |
|    ep_rew_mean          | -124         |
| time/                   |              |
|    fps                  | 2155         |
|    iterations           | 155          |
|    time_elapsed         | 589          |
|    total_timesteps      | 1269760      |
| train/                  |              |
|    approx_kl            | 0.0077569606 |
|    clip_fraction        | 0.0915       |
|    clip_range           | 0.2          |
|    entropy_loss         | -3.73        |
|    explained_variance   | 0.906        |
|    learning_rate        | 0.0003       |
|    loss                 | 2.17         |
|    n_updates            | 1540         |
|    policy_gradient_loss | -0.00107     |
|    std                  | 0.617        |
|    value_loss           | 4.41         |
------------------------------------------
-----------------------------------------
| rollout/                |             |
|    ep_len_mean          | 322         |
|    ep_rew_mean          | -127        |
| time/                   |             |
|    fps                  | 2158        |
|    iterations           | 156         |
|    time_elapsed         | 592         |
|    total_timesteps      | 1277952     |
| train/                  |             |
|    approx_kl            | 0.009281541 |
|    clip_fraction        | 0.115       |
|    clip_range           | 0.2         |
|    entropy_loss         | -3.71       |
|    explained_variance   | 0.949       |
|    learning_rate        | 0.0003      |
|    loss                 | 3.24        |
|    n_updates            | 1550        |
|    policy_gradient_loss | -0.000462   |
|    std                  | 0.615       |
|    value_loss           | 4.43        |
-----------------------------------------
-----------------------------------------
| rollout/                |             |
|    ep_len_mean          | 354         |
|    ep_rew_mean          | -140        |
| time/                   |             |
|    fps                  | 2160        |
|    iterations           | 157         |
|    time_elapsed         | 595         |
|    total_timesteps      | 1286144     |
| train/                  |             |
|    approx_kl            | 0.009043632 |
|    clip_fraction        | 0.122       |
|    clip_range           | 0.2         |
|    entropy_loss         | -3.7        |
|    explained_variance   | 0.942       |
|    learning_rate        | 0.0003      |
|    loss                 | 4.38        |
|    n_updates            | 1560        |
|    policy_gradient_loss | -0.00331    |
|    std                  | 0.617       |
|    value_loss           | 3.12        |
-----------------------------------------
-----------------------------------------
| rollout/                |             |
|    ep_len_mean          | 358         |
|    ep_rew_mean          | -143        |
| time/                   |             |
|    fps                  | 2162        |
|    iterations           | 158         |
|    time_elapsed         | 598         |
|    total_timesteps      | 1294336     |
| train/                  |             |
|    approx_kl            | 0.010062443 |
|    clip_fraction        | 0.116       |
|    clip_range           | 0.2         |
|    entropy_loss         | -3.71       |
|    explained_variance   | 0.962       |
|    learning_rate        | 0.0003      |
|    loss                 | 2.23        |
|    n_updates            | 1570        |
|    policy_gradient_loss | -0.00296    |
|    std                  | 0.618       |
|    value_loss           | 3.28        |
-----------------------------------------
------------------------------------------
| rollout/                |              |
|    ep_len_mean          | 379          |
|    ep_rew_mean          | -156         |
| time/                   |              |
|    fps                  | 2165         |
|    iterations           | 159          |
|    time_elapsed         | 601          |
|    total_timesteps      | 1302528      |
| train/                  |              |
|    approx_kl            | 0.0075176386 |
|    clip_fraction        | 0.114        |
|    clip_range           | 0.2          |
|    entropy_loss         | -3.73        |
|    explained_variance   | 0.969        |
|    learning_rate        | 0.0003       |
|    loss                 | 0.651        |
|    n_updates            | 1580         |
|    policy_gradient_loss | -0.00499     |
|    std                  | 0.623        |
|    value_loss           | 2.89         |
------------------------------------------
-----------------------------------------
| rollout/                |             |
|    ep_len_mean          | 372         |
|    ep_rew_mean          | -150        |
| time/                   |             |
|    fps                  | 2168        |
|    iterations           | 160         |
|    time_elapsed         | 604         |
|    total_timesteps      | 1310720     |
| train/                  |             |
|    approx_kl            | 0.009382928 |
|    clip_fraction        | 0.106       |
|    clip_range           | 0.2         |
|    entropy_loss         | -3.73       |
|    explained_variance   | 0.966       |
|    learning_rate        | 0.0003      |
|    loss                 | 0.615       |
|    n_updates            | 1590        |
|    policy_gradient_loss | -0.00395    |
|    std                  | 0.619       |
|    value_loss           | 2.69        |
-----------------------------------------
-----------------------------------------
| rollout/                |             |
|    ep_len_mean          | 390         |
|    ep_rew_mean          | -156        |
| time/                   |             |
|    fps                  | 2171        |
|    iterations           | 161         |
|    time_elapsed         | 607         |
|    total_timesteps      | 1318912     |
| train/                  |             |
|    approx_kl            | 0.010069637 |
|    clip_fraction        | 0.0959      |
|    clip_range           | 0.2         |
|    entropy_loss         | -3.71       |
|    explained_variance   | 0.939       |
|    learning_rate        | 0.0003      |
|    loss                 | 0.747       |
|    n_updates            | 1600        |
|    policy_gradient_loss | -0.00316    |
|    std                  | 0.62        |
|    value_loss           | 2.85        |
-----------------------------------------
-----------------------------------------
| rollout/                |             |
|    ep_len_mean          | 391         |
|    ep_rew_mean          | -155        |
| time/                   |             |
|    fps                  | 2174        |
|    iterations           | 162         |
|    time_elapsed         | 610         |
|    total_timesteps      | 1327104     |
| train/                  |             |
|    approx_kl            | 0.023332361 |
|    clip_fraction        | 0.233       |
|    clip_range           | 0.2         |
|    entropy_loss         | -3.72       |
|    explained_variance   | 0.961       |
|    learning_rate        | 0.0003      |
|    loss                 | 0.699       |
|    n_updates            | 1610        |
|    policy_gradient_loss | 0.000593    |
|    std                  | 0.622       |
|    value_loss           | 0.799       |
-----------------------------------------
------------------------------------------
| rollout/                |              |
|    ep_len_mean          | 391          |
|    ep_rew_mean          | -150         |
| time/                   |              |
|    fps                  | 2177         |
|    iterations           | 163          |
|    time_elapsed         | 613          |
|    total_timesteps      | 1335296      |
| train/                  |              |
|    approx_kl            | 0.0096741505 |
|    clip_fraction        | 0.134        |
|    clip_range           | 0.2          |
|    entropy_loss         | -3.73        |
|    explained_variance   | 0.965        |
|    learning_rate        | 0.0003       |
|    loss                 | 0.365        |
|    n_updates            | 1620         |
|    policy_gradient_loss | -0.00458     |
|    std                  | 0.621        |
|    value_loss           | 1.39         |
------------------------------------------
-----------------------------------------
| rollout/                |             |
|    ep_len_mean          | 388         |
|    ep_rew_mean          | -148        |
| time/                   |             |
|    fps                  | 2179        |
|    iterations           | 164         |
|    time_elapsed         | 616         |
|    total_timesteps      | 1343488     |
| train/                  |             |
|    approx_kl            | 0.007991707 |
|    clip_fraction        | 0.0853      |
|    clip_range           | 0.2         |
|    entropy_loss         | -3.74       |
|    explained_variance   | 0.952       |
|    learning_rate        | 0.0003      |
|    loss                 | 2.08        |
|    n_updates            | 1630        |
|    policy_gradient_loss | -0.00458    |
|    std                  | 0.625       |
|    value_loss           | 2.05        |
-----------------------------------------
-----------------------------------------
| rollout/                |             |
|    ep_len_mean          | 413         |
|    ep_rew_mean          | -159        |
| time/                   |             |
|    fps                  | 2180        |
|    iterations           | 165         |
|    time_elapsed         | 619         |
|    total_timesteps      | 1351680     |
| train/                  |             |
|    approx_kl            | 0.009254551 |
|    clip_fraction        | 0.121       |
|    clip_range           | 0.2         |
|    entropy_loss         | -3.74       |
|    explained_variance   | 0.9         |
|    learning_rate        | 0.0003      |
|    loss                 | 1.87        |
|    n_updates            | 1640        |
|    policy_gradient_loss | -0.00494    |
|    std                  | 0.621       |
|    value_loss           | 2.87        |
-----------------------------------------
-----------------------------------------
| rollout/                |             |
|    ep_len_mean          | 389         |
|    ep_rew_mean          | -149        |
| time/                   |             |
|    fps                  | 2182        |
|    iterations           | 166         |
|    time_elapsed         | 622         |
|    total_timesteps      | 1359872     |
| train/                  |             |
|    approx_kl            | 0.009232884 |
|    clip_fraction        | 0.119       |
|    clip_range           | 0.2         |
|    entropy_loss         | -3.72       |
|    explained_variance   | 0.878       |
|    learning_rate        | 0.0003      |
|    loss                 | 7.04        |
|    n_updates            | 1650        |
|    policy_gradient_loss | -0.00545    |
|    std                  | 0.618       |
|    value_loss           | 6.28        |
-----------------------------------------
-----------------------------------------
| rollout/                |             |
|    ep_len_mean          | 383         |
|    ep_rew_mean          | -152        |
| time/                   |             |
|    fps                  | 2185        |
|    iterations           | 167         |
|    time_elapsed         | 626         |
|    total_timesteps      | 1368064     |
| train/                  |             |
|    approx_kl            | 0.007704823 |
|    clip_fraction        | 0.0802      |
|    clip_range           | 0.2         |
|    entropy_loss         | -3.7        |
|    explained_variance   | 0.951       |
|    learning_rate        | 0.0003      |
|    loss                 | 1.95        |
|    n_updates            | 1660        |
|    policy_gradient_loss | -0.00534    |
|    std                  | 0.616       |
|    value_loss           | 3.28        |
-----------------------------------------
----------------------------------------
| rollout/                |            |
|    ep_len_mean          | 392        |
|    ep_rew_mean          | -156       |
| time/                   |            |
|    fps                  | 2187       |
|    iterations           | 168        |
|    time_elapsed         | 629        |
|    total_timesteps      | 1376256    |
| train/                  |            |
|    approx_kl            | 0.00873763 |
|    clip_fraction        | 0.0962     |
|    clip_range           | 0.2        |
|    entropy_loss         | -3.68      |
|    explained_variance   | 0.967      |
|    learning_rate        | 0.0003     |
|    loss                 | 0.763      |
|    n_updates            | 1670       |
|    policy_gradient_loss | -0.00218   |
|    std                  | 0.614      |
|    value_loss           | 2.15       |
----------------------------------------
-----------------------------------------
| rollout/                |             |
|    ep_len_mean          | 410         |
|    ep_rew_mean          | -163        |
| time/                   |             |
|    fps                  | 2188        |
|    iterations           | 169         |
|    time_elapsed         | 632         |
|    total_timesteps      | 1384448     |
| train/                  |             |
|    approx_kl            | 0.008570594 |
|    clip_fraction        | 0.129       |
|    clip_range           | 0.2         |
|    entropy_loss         | -3.68       |
|    explained_variance   | 0.949       |
|    learning_rate        | 0.0003      |
|    loss                 | 0.423       |
|    n_updates            | 1680        |
|    policy_gradient_loss | -0.00418    |
|    std                  | 0.615       |
|    value_loss           | 1.53        |
-----------------------------------------
-----------------------------------------
| rollout/                |             |
|    ep_len_mean          | 399         |
|    ep_rew_mean          | -157        |
| time/                   |             |
|    fps                  | 2189        |
|    iterations           | 170         |
|    time_elapsed         | 636         |
|    total_timesteps      | 1392640     |
| train/                  |             |
|    approx_kl            | 0.008251013 |
|    clip_fraction        | 0.106       |
|    clip_range           | 0.2         |
|    entropy_loss         | -3.69       |
|    explained_variance   | 0.923       |
|    learning_rate        | 0.0003      |
|    loss                 | 0.32        |
|    n_updates            | 1690        |
|    policy_gradient_loss | -0.00314    |
|    std                  | 0.616       |
|    value_loss           | 1.45        |
-----------------------------------------
[PeriodicArtifactCallback] step 1400000: saving checkpoint, evaluating, rendering...
[PeriodicArtifactCallback] step 1400000: success_rate=0.00 pick_success_rate=0.00 mean_reward=-560.15 -> C:\GitHub\HumanoidRobot\simulation\training\pick_place\runs\pp_v22\dashboard.html
-----------------------------------------
| rollout/                |             |
|    ep_len_mean          | 389         |
|    ep_rew_mean          | -153        |
| time/                   |             |
|    fps                  | 2152        |
|    iterations           | 171         |
|    time_elapsed         | 650         |
|    total_timesteps      | 1400832     |
| train/                  |             |
|    approx_kl            | 0.010899937 |
|    clip_fraction        | 0.093       |
|    clip_range           | 0.2         |
|    entropy_loss         | -3.68       |
|    explained_variance   | 0.911       |
|    learning_rate        | 0.0003      |
|    loss                 | 0.564       |
|    n_updates            | 1700        |
|    policy_gradient_loss | -0.00367    |
|    std                  | 0.612       |
|    value_loss           | 3.12        |
-----------------------------------------
-----------------------------------------
| rollout/                |             |
|    ep_len_mean          | 389         |
|    ep_rew_mean          | -151        |
| time/                   |             |
|    fps                  | 2155        |
|    iterations           | 172         |
|    time_elapsed         | 653         |
|    total_timesteps      | 1409024     |
| train/                  |             |
|    approx_kl            | 0.009307781 |
|    clip_fraction        | 0.0897      |
|    clip_range           | 0.2         |
|    entropy_loss         | -3.67       |
|    explained_variance   | 0.949       |
|    learning_rate        | 0.0003      |
|    loss                 | 1.28        |
|    n_updates            | 1710        |
|    policy_gradient_loss | -0.00497    |
|    std                  | 0.612       |
|    value_loss           | 4.18        |
-----------------------------------------
-----------------------------------------
| rollout/                |             |
|    ep_len_mean          | 384         |
|    ep_rew_mean          | -153        |
| time/                   |             |
|    fps                  | 2157        |
|    iterations           | 173         |
|    time_elapsed         | 656         |
|    total_timesteps      | 1417216     |
| train/                  |             |
|    approx_kl            | 0.013406773 |
|    clip_fraction        | 0.132       |
|    clip_range           | 0.2         |
|    entropy_loss         | -3.65       |
|    explained_variance   | 0.943       |
|    learning_rate        | 0.0003      |
|    loss                 | 0.94        |
|    n_updates            | 1720        |
|    policy_gradient_loss | -0.00259    |
|    std                  | 0.609       |
|    value_loss           | 1.75        |
-----------------------------------------
------------------------------------------
| rollout/                |              |
|    ep_len_mean          | 371          |
|    ep_rew_mean          | -150         |
| time/                   |              |
|    fps                  | 2159         |
|    iterations           | 174          |
|    time_elapsed         | 660          |
|    total_timesteps      | 1425408      |
| train/                  |              |
|    approx_kl            | 0.0063533043 |
|    clip_fraction        | 0.0889       |
|    clip_range           | 0.2          |
|    entropy_loss         | -3.65        |
|    explained_variance   | 0.914        |
|    learning_rate        | 0.0003       |
|    loss                 | 0.649        |
|    n_updates            | 1730         |
|    policy_gradient_loss | -0.00475     |
|    std                  | 0.61         |
|    value_loss           | 2.56         |
------------------------------------------
-----------------------------------------
| rollout/                |             |
|    ep_len_mean          | 372         |
|    ep_rew_mean          | -151        |
| time/                   |             |
|    fps                  | 2160        |
|    iterations           | 175         |
|    time_elapsed         | 663         |
|    total_timesteps      | 1433600     |
| train/                  |             |
|    approx_kl            | 0.009535261 |
|    clip_fraction        | 0.0812      |
|    clip_range           | 0.2         |
|    entropy_loss         | -3.65       |
|    explained_variance   | 0.922       |
|    learning_rate        | 0.0003      |
|    loss                 | 0.895       |
|    n_updates            | 1740        |
|    policy_gradient_loss | -0.00628    |
|    std                  | 0.609       |
|    value_loss           | 4.03        |
-----------------------------------------
-----------------------------------------
| rollout/                |             |
|    ep_len_mean          | 363         |
|    ep_rew_mean          | -147        |
| time/                   |             |
|    fps                  | 2162        |
|    iterations           | 176         |
|    time_elapsed         | 666         |
|    total_timesteps      | 1441792     |
| train/                  |             |
|    approx_kl            | 0.017012805 |
|    clip_fraction        | 0.122       |
|    clip_range           | 0.2         |
|    entropy_loss         | -3.64       |
|    explained_variance   | 0.904       |
|    learning_rate        | 0.0003      |
|    loss                 | 1.09        |
|    n_updates            | 1750        |
|    policy_gradient_loss | -0.00404    |
|    std                  | 0.607       |
|    value_loss           | 3.4         |
-----------------------------------------
-----------------------------------------
| rollout/                |             |
|    ep_len_mean          | 381         |
|    ep_rew_mean          | -153        |
| time/                   |             |
|    fps                  | 2165        |
|    iterations           | 177         |
|    time_elapsed         | 669         |
|    total_timesteps      | 1449984     |
| train/                  |             |
|    approx_kl            | 0.006452176 |
|    clip_fraction        | 0.0901      |
|    clip_range           | 0.2         |
|    entropy_loss         | -3.64       |
|    explained_variance   | 0.941       |
|    learning_rate        | 0.0003      |
|    loss                 | 0.634       |
|    n_updates            | 1760        |
|    policy_gradient_loss | -0.00581    |
|    std                  | 0.609       |
|    value_loss           | 4.09        |
-----------------------------------------
-----------------------------------------
| rollout/                |             |
|    ep_len_mean          | 384         |
|    ep_rew_mean          | -156        |
| time/                   |             |
|    fps                  | 2167        |
|    iterations           | 178         |
|    time_elapsed         | 672         |
|    total_timesteps      | 1458176     |
| train/                  |             |
|    approx_kl            | 0.014561952 |
|    clip_fraction        | 0.142       |
|    clip_range           | 0.2         |
|    entropy_loss         | -3.62       |
|    explained_variance   | 0.96        |
|    learning_rate        | 0.0003      |
|    loss                 | 0.707       |
|    n_updates            | 1770        |
|    policy_gradient_loss | -0.00442    |
|    std                  | 0.602       |
|    value_loss           | 1.83        |
-----------------------------------------
-----------------------------------------
| rollout/                |             |
|    ep_len_mean          | 398         |
|    ep_rew_mean          | -161        |
| time/                   |             |
|    fps                  | 2168        |
|    iterations           | 179         |
|    time_elapsed         | 676         |
|    total_timesteps      | 1466368     |
| train/                  |             |
|    approx_kl            | 0.015192549 |
|    clip_fraction        | 0.129       |
|    clip_range           | 0.2         |
|    entropy_loss         | -3.61       |
|    explained_variance   | 0.954       |
|    learning_rate        | 0.0003      |
|    loss                 | 0.567       |
|    n_updates            | 1780        |
|    policy_gradient_loss | -0.00442    |
|    std                  | 0.604       |
|    value_loss           | 1.74        |
-----------------------------------------
-----------------------------------------
| rollout/                |             |
|    ep_len_mean          | 398         |
|    ep_rew_mean          | -166        |
| time/                   |             |
|    fps                  | 2170        |
|    iterations           | 180         |
|    time_elapsed         | 679         |
|    total_timesteps      | 1474560     |
| train/                  |             |
|    approx_kl            | 0.008836033 |
|    clip_fraction        | 0.09        |
|    clip_range           | 0.2         |
|    entropy_loss         | -3.62       |
|    explained_variance   | 0.898       |
|    learning_rate        | 0.0003      |
|    loss                 | 1.26        |
|    n_updates            | 1790        |
|    policy_gradient_loss | -0.00671    |
|    std                  | 0.605       |
|    value_loss           | 4.04        |
-----------------------------------------
-----------------------------------------
| rollout/                |             |
|    ep_len_mean          | 410         |
|    ep_rew_mean          | -177        |
| time/                   |             |
|    fps                  | 2172        |
|    iterations           | 181         |
|    time_elapsed         | 682         |
|    total_timesteps      | 1482752     |
| train/                  |             |
|    approx_kl            | 0.007817278 |
|    clip_fraction        | 0.0809      |
|    clip_range           | 0.2         |
|    entropy_loss         | -3.62       |
|    explained_variance   | 0.746       |
|    learning_rate        | 0.0003      |
|    loss                 | 3.55        |
|    n_updates            | 1800        |
|    policy_gradient_loss | -0.00471    |
|    std                  | 0.604       |
|    value_loss           | 7.67        |
-----------------------------------------
-----------------------------------------
| rollout/                |             |
|    ep_len_mean          | 426         |
|    ep_rew_mean          | -184        |
| time/                   |             |
|    fps                  | 2174        |
|    iterations           | 182         |
|    time_elapsed         | 685         |
|    total_timesteps      | 1490944     |
| train/                  |             |
|    approx_kl            | 0.008489277 |
|    clip_fraction        | 0.0951      |
|    clip_range           | 0.2         |
|    entropy_loss         | -3.61       |
|    explained_variance   | 0.727       |
|    learning_rate        | 0.0003      |
|    loss                 | 4.15        |
|    n_updates            | 1810        |
|    policy_gradient_loss | -0.00604    |
|    std                  | 0.604       |
|    value_loss           | 6.49        |
-----------------------------------------
-----------------------------------------
| rollout/                |             |
|    ep_len_mean          | 364         |
|    ep_rew_mean          | -150        |
| time/                   |             |
|    fps                  | 2176        |
|    iterations           | 183         |
|    time_elapsed         | 688         |
|    total_timesteps      | 1499136     |
| train/                  |             |
|    approx_kl            | 0.008391818 |
|    clip_fraction        | 0.0935      |
|    clip_range           | 0.2         |
|    entropy_loss         | -3.62       |
|    explained_variance   | 0.855       |
|    learning_rate        | 0.0003      |
|    loss                 | 2.78        |
|    n_updates            | 1820        |
|    policy_gradient_loss | -0.00398    |
|    std                  | 0.604       |
|    value_loss           | 6.29        |
-----------------------------------------
-----------------------------------------
| rollout/                |             |
|    ep_len_mean          | 370         |
|    ep_rew_mean          | -144        |
| time/                   |             |
|    fps                  | 2178        |
|    iterations           | 184         |
|    time_elapsed         | 692         |
|    total_timesteps      | 1507328     |
| train/                  |             |
|    approx_kl            | 0.008320881 |
|    clip_fraction        | 0.0939      |
|    clip_range           | 0.2         |
|    entropy_loss         | -3.62       |
|    explained_variance   | 0.846       |
|    learning_rate        | 0.0003      |
|    loss                 | 3.66        |
|    n_updates            | 1830        |
|    policy_gradient_loss | -0.00541    |
|    std                  | 0.604       |
|    value_loss           | 13.6        |
-----------------------------------------
------------------------------------------
| rollout/                |              |
|    ep_len_mean          | 382          |
|    ep_rew_mean          | -161         |
| time/                   |              |
|    fps                  | 2179         |
|    iterations           | 185          |
|    time_elapsed         | 695          |
|    total_timesteps      | 1515520      |
| train/                  |              |
|    approx_kl            | 0.0072832527 |
|    clip_fraction        | 0.0887       |
|    clip_range           | 0.2          |
|    entropy_loss         | -3.61        |
|    explained_variance   | 0.761        |
|    learning_rate        | 0.0003       |
|    loss                 | 3.07         |
|    n_updates            | 1840         |
|    policy_gradient_loss | -0.00408     |
|    std                  | 0.602        |
|    value_loss           | 10.7         |
------------------------------------------
-----------------------------------------
| rollout/                |             |
|    ep_len_mean          | 360         |
|    ep_rew_mean          | -149        |
| time/                   |             |
|    fps                  | 2181        |
|    iterations           | 186         |
|    time_elapsed         | 698         |
|    total_timesteps      | 1523712     |
| train/                  |             |
|    approx_kl            | 0.010976439 |
|    clip_fraction        | 0.128       |
|    clip_range           | 0.2         |
|    entropy_loss         | -3.61       |
|    explained_variance   | 0.869       |
|    learning_rate        | 0.0003      |
|    loss                 | 4.58        |
|    n_updates            | 1850        |
|    policy_gradient_loss | -0.00424    |
|    std                  | 0.604       |
|    value_loss           | 6.73        |
-----------------------------------------
------------------------------------------
| rollout/                |              |
|    ep_len_mean          | 360          |
|    ep_rew_mean          | -151         |
| time/                   |              |
|    fps                  | 2183         |
|    iterations           | 187          |
|    time_elapsed         | 701          |
|    total_timesteps      | 1531904      |
| train/                  |              |
|    approx_kl            | 0.0093869325 |
|    clip_fraction        | 0.1          |
|    clip_range           | 0.2          |
|    entropy_loss         | -3.61        |
|    explained_variance   | 0.917        |
|    learning_rate        | 0.0003       |
|    loss                 | 1.84         |
|    n_updates            | 1860         |
|    policy_gradient_loss | -0.00352     |
|    std                  | 0.604        |
|    value_loss           | 6.33         |
------------------------------------------
-----------------------------------------
| rollout/                |             |
|    ep_len_mean          | 384         |
|    ep_rew_mean          | -161        |
| time/                   |             |
|    fps                  | 2186        |
|    iterations           | 188         |
|    time_elapsed         | 704         |
|    total_timesteps      | 1540096     |
| train/                  |             |
|    approx_kl            | 0.008112267 |
|    clip_fraction        | 0.103       |
|    clip_range           | 0.2         |
|    entropy_loss         | -3.61       |
|    explained_variance   | 0.924       |
|    learning_rate        | 0.0003      |
|    loss                 | 3.36        |
|    n_updates            | 1870        |
|    policy_gradient_loss | -0.00333    |
|    std                  | 0.603       |
|    value_loss           | 6.85        |
-----------------------------------------
-----------------------------------------
| rollout/                |             |
|    ep_len_mean          | 370         |
|    ep_rew_mean          | -145        |
| time/                   |             |
|    fps                  | 2188        |
|    iterations           | 189         |
|    time_elapsed         | 707         |
|    total_timesteps      | 1548288     |
| train/                  |             |
|    approx_kl            | 0.021737792 |
|    clip_fraction        | 0.166       |
|    clip_range           | 0.2         |
|    entropy_loss         | -3.62       |
|    explained_variance   | 0.912       |
|    learning_rate        | 0.0003      |
|    loss                 | 2.33        |
|    n_updates            | 1880        |
|    policy_gradient_loss | -0.00414    |
|    std                  | 0.605       |
|    value_loss           | 3.23        |
-----------------------------------------
------------------------------------------
| rollout/                |              |
|    ep_len_mean          | 389          |
|    ep_rew_mean          | -145         |
| time/                   |              |
|    fps                  | 2190         |
|    iterations           | 190          |
|    time_elapsed         | 710          |
|    total_timesteps      | 1556480      |
| train/                  |              |
|    approx_kl            | 0.0068726493 |
|    clip_fraction        | 0.102        |
|    clip_range           | 0.2          |
|    entropy_loss         | -3.61        |
|    explained_variance   | 0.882        |
|    learning_rate        | 0.0003       |
|    loss                 | 5.16         |
|    n_updates            | 1890         |
|    policy_gradient_loss | -0.00435     |
|    std                  | 0.6          |
|    value_loss           | 8.53         |
------------------------------------------
----------------------------------------
| rollout/                |            |
|    ep_len_mean          | 374        |
|    ep_rew_mean          | -137       |
| time/                   |            |
|    fps                  | 2193       |
|    iterations           | 191        |
|    time_elapsed         | 713        |
|    total_timesteps      | 1564672    |
| train/                  |            |
|    approx_kl            | 0.01012273 |
|    clip_fraction        | 0.11       |
|    clip_range           | 0.2        |
|    entropy_loss         | -3.58      |
|    explained_variance   | 0.851      |
|    learning_rate        | 0.0003     |
|    loss                 | 2.32       |
|    n_updates            | 1900       |
|    policy_gradient_loss | -0.00558   |
|    std                  | 0.597      |
|    value_loss           | 8.12       |
----------------------------------------
-----------------------------------------
| rollout/                |             |
|    ep_len_mean          | 360         |
|    ep_rew_mean          | -134        |
| time/                   |             |
|    fps                  | 2196        |
|    iterations           | 192         |
|    time_elapsed         | 716         |
|    total_timesteps      | 1572864     |
| train/                  |             |
|    approx_kl            | 0.009983217 |
|    clip_fraction        | 0.0921      |
|    clip_range           | 0.2         |
|    entropy_loss         | -3.56       |
|    explained_variance   | 0.875       |
|    learning_rate        | 0.0003      |
|    loss                 | 5.45        |
|    n_updates            | 1910        |
|    policy_gradient_loss | -0.00575    |
|    std                  | 0.595       |
|    value_loss           | 7.57        |
-----------------------------------------
-----------------------------------------
| rollout/                |             |
|    ep_len_mean          | 379         |
|    ep_rew_mean          | -144        |
| time/                   |             |
|    fps                  | 2198        |
|    iterations           | 193         |
|    time_elapsed         | 718         |
|    total_timesteps      | 1581056     |
| train/                  |             |
|    approx_kl            | 0.010873127 |
|    clip_fraction        | 0.141       |
|    clip_range           | 0.2         |
|    entropy_loss         | -3.55       |
|    explained_variance   | 0.922       |
|    learning_rate        | 0.0003      |
|    loss                 | 3.64        |
|    n_updates            | 1920        |
|    policy_gradient_loss | -0.00444    |
|    std                  | 0.592       |
|    value_loss           | 7.58        |
-----------------------------------------
----------------------------------------
| rollout/                |            |
|    ep_len_mean          | 371        |
|    ep_rew_mean          | -141       |
| time/                   |            |
|    fps                  | 2201       |
|    iterations           | 194        |
|    time_elapsed         | 721        |
|    total_timesteps      | 1589248    |
| train/                  |            |
|    approx_kl            | 0.00769282 |
|    clip_fraction        | 0.118      |
|    clip_range           | 0.2        |
|    entropy_loss         | -3.53      |
|    explained_variance   | 0.907      |
|    learning_rate        | 0.0003     |
|    loss                 | 0.983      |
|    n_updates            | 1930       |
|    policy_gradient_loss | -0.00467   |
|    std                  | 0.59       |
|    value_loss           | 5.64       |
----------------------------------------
-----------------------------------------
| rollout/                |             |
|    ep_len_mean          | 373         |
|    ep_rew_mean          | -143        |
| time/                   |             |
|    fps                  | 2201        |
|    iterations           | 195         |
|    time_elapsed         | 725         |
|    total_timesteps      | 1597440     |
| train/                  |             |
|    approx_kl            | 0.010724248 |
|    clip_fraction        | 0.124       |
|    clip_range           | 0.2         |
|    entropy_loss         | -3.5        |
|    explained_variance   | 0.871       |
|    learning_rate        | 0.0003      |
|    loss                 | 1.6         |
|    n_updates            | 1940        |
|    policy_gradient_loss | -0.00539    |
|    std                  | 0.585       |
|    value_loss           | 7.55        |
-----------------------------------------
[PeriodicArtifactCallback] step 1600000: running periodic self-monitoring analysis...
[PeriodicArtifactCallback] analysis written to C:\GitHub\HumanoidRobot\simulation\training\pick_place\runs\pp_v22\analysis_1600000.md (stalled=False)
[PeriodicArtifactCallback] step 1600000: saving checkpoint, evaluating, rendering...
[PeriodicArtifactCallback] step 1600000: success_rate=0.00 pick_success_rate=0.40 mean_reward=-223.23 -> C:\GitHub\HumanoidRobot\simulation\training\pick_place\runs\pp_v22\dashboard.html
-----------------------------------------
| rollout/                |             |
|    ep_len_mean          | 359         |
|    ep_rew_mean          | -140        |
| time/                   |             |
|    fps                  | 2158        |
|    iterations           | 196         |
|    time_elapsed         | 743         |
|    total_timesteps      | 1605632     |
| train/                  |             |
|    approx_kl            | 0.009132588 |
|    clip_fraction        | 0.1         |
|    clip_range           | 0.2         |
|    entropy_loss         | -3.49       |
|    explained_variance   | 0.926       |
|    learning_rate        | 0.0003      |
|    loss                 | 4.22        |
|    n_updates            | 1950        |
|    policy_gradient_loss | -0.00543    |
|    std                  | 0.586       |
|    value_loss           | 6.15        |
-----------------------------------------
-----------------------------------------
| rollout/                |             |
|    ep_len_mean          | 349         |
|    ep_rew_mean          | -136        |
| time/                   |             |
|    fps                  | 2160        |
|    iterations           | 197         |
|    time_elapsed         | 746         |
|    total_timesteps      | 1613824     |
| train/                  |             |
|    approx_kl            | 0.007855198 |
|    clip_fraction        | 0.121       |
|    clip_range           | 0.2         |
|    entropy_loss         | -3.49       |
|    explained_variance   | 0.908       |
|    learning_rate        | 0.0003      |
|    loss                 | 5.62        |
|    n_updates            | 1960        |
|    policy_gradient_loss | -0.00555    |
|    std                  | 0.585       |
|    value_loss           | 8.67        |
-----------------------------------------
------------------------------------------
| rollout/                |              |
|    ep_len_mean          | 324          |
|    ep_rew_mean          | -128         |
| time/                   |              |
|    fps                  | 2161         |
|    iterations           | 198          |
|    time_elapsed         | 750          |
|    total_timesteps      | 1622016      |
| train/                  |              |
|    approx_kl            | 0.0068542706 |
|    clip_fraction        | 0.111        |
|    clip_range           | 0.2          |
|    entropy_loss         | -3.48        |
|    explained_variance   | 0.92         |
|    learning_rate        | 0.0003       |
|    loss                 | 3.98         |
|    n_updates            | 1970         |
|    policy_gradient_loss | -0.00448     |
|    std                  | 0.582        |
|    value_loss           | 7.16         |
------------------------------------------
-----------------------------------------
| rollout/                |             |
|    ep_len_mean          | 328         |
|    ep_rew_mean          | -131        |
| time/                   |             |
|    fps                  | 2162        |
|    iterations           | 199         |
|    time_elapsed         | 753         |
|    total_timesteps      | 1630208     |
| train/                  |             |
|    approx_kl            | 0.011191698 |
|    clip_fraction        | 0.115       |
|    clip_range           | 0.2         |
|    entropy_loss         | -3.48       |
|    explained_variance   | 0.888       |
|    learning_rate        | 0.0003      |
|    loss                 | 2.28        |
|    n_updates            | 1980        |
|    policy_gradient_loss | -0.00536    |
|    std                  | 0.584       |
|    value_loss           | 8.19        |
-----------------------------------------
------------------------------------------
| rollout/                |              |
|    ep_len_mean          | 331          |
|    ep_rew_mean          | -130         |
| time/                   |              |
|    fps                  | 2164         |
|    iterations           | 200          |
|    time_elapsed         | 756          |
|    total_timesteps      | 1638400      |
| train/                  |              |
|    approx_kl            | 0.0076848185 |
|    clip_fraction        | 0.107        |
|    clip_range           | 0.2          |
|    entropy_loss         | -3.47        |
|    explained_variance   | 0.889        |
|    learning_rate        | 0.0003       |
|    loss                 | 4.4          |
|    n_updates            | 1990         |
|    policy_gradient_loss | -0.00596     |
|    std                  | 0.58         |
|    value_loss           | 9.57         |
------------------------------------------
-----------------------------------------
| rollout/                |             |
|    ep_len_mean          | 333         |
|    ep_rew_mean          | -130        |
| time/                   |             |
|    fps                  | 2166        |
|    iterations           | 201         |
|    time_elapsed         | 759         |
|    total_timesteps      | 1646592     |
| train/                  |             |
|    approx_kl            | 0.009300632 |
|    clip_fraction        | 0.134       |
|    clip_range           | 0.2         |
|    entropy_loss         | -3.45       |
|    explained_variance   | 0.912       |
|    learning_rate        | 0.0003      |
|    loss                 | 4.52        |
|    n_updates            | 2000        |
|    policy_gradient_loss | -0.00445    |
|    std                  | 0.581       |
|    value_loss           | 8.41        |
-----------------------------------------
-----------------------------------------
| rollout/                |             |
|    ep_len_mean          | 350         |
|    ep_rew_mean          | -135        |
| time/                   |             |
|    fps                  | 2168        |
|    iterations           | 202         |
|    time_elapsed         | 762         |
|    total_timesteps      | 1654784     |
| train/                  |             |
|    approx_kl            | 0.014570566 |
|    clip_fraction        | 0.135       |
|    clip_range           | 0.2         |
|    entropy_loss         | -3.45       |
|    explained_variance   | 0.91        |
|    learning_rate        | 0.0003      |
|    loss                 | 3.88        |
|    n_updates            | 2010        |
|    policy_gradient_loss | -0.00389    |
|    std                  | 0.579       |
|    value_loss           | 8.33        |
-----------------------------------------
-----------------------------------------
| rollout/                |             |
|    ep_len_mean          | 338         |
|    ep_rew_mean          | -132        |
| time/                   |             |
|    fps                  | 2170        |
|    iterations           | 203         |
|    time_elapsed         | 766         |
|    total_timesteps      | 1662976     |
| train/                  |             |
|    approx_kl            | 0.009145293 |
|    clip_fraction        | 0.116       |
|    clip_range           | 0.2         |
|    entropy_loss         | -3.44       |
|    explained_variance   | 0.892       |
|    learning_rate        | 0.0003      |
|    loss                 | 2.89        |
|    n_updates            | 2020        |
|    policy_gradient_loss | -0.00361    |
|    std                  | 0.58        |
|    value_loss           | 11          |
-----------------------------------------
-----------------------------------------
| rollout/                |             |
|    ep_len_mean          | 335         |
|    ep_rew_mean          | -131        |
| time/                   |             |
|    fps                  | 2171        |
|    iterations           | 204         |
|    time_elapsed         | 769         |
|    total_timesteps      | 1671168     |
| train/                  |             |
|    approx_kl            | 0.011742106 |
|    clip_fraction        | 0.139       |
|    clip_range           | 0.2         |
|    entropy_loss         | -3.43       |
|    explained_variance   | 0.912       |
|    learning_rate        | 0.0003      |
|    loss                 | 6.84        |
|    n_updates            | 2030        |
|    policy_gradient_loss | -0.00382    |
|    std                  | 0.577       |
|    value_loss           | 7.44        |
-----------------------------------------
-----------------------------------------
| rollout/                |             |
|    ep_len_mean          | 346         |
|    ep_rew_mean          | -134        |
| time/                   |             |
|    fps                  | 2173        |
|    iterations           | 205         |
|    time_elapsed         | 772         |
|    total_timesteps      | 1679360     |
| train/                  |             |
|    approx_kl            | 0.011133413 |
|    clip_fraction        | 0.131       |
|    clip_range           | 0.2         |
|    entropy_loss         | -3.4        |
|    explained_variance   | 0.895       |
|    learning_rate        | 0.0003      |
|    loss                 | 1.64        |
|    n_updates            | 2040        |
|    policy_gradient_loss | -0.00416    |
|    std                  | 0.573       |
|    value_loss           | 6.4         |
-----------------------------------------
-----------------------------------------
| rollout/                |             |
|    ep_len_mean          | 357         |
|    ep_rew_mean          | -138        |
| time/                   |             |
|    fps                  | 2174        |
|    iterations           | 206         |
|    time_elapsed         | 775         |
|    total_timesteps      | 1687552     |
| train/                  |             |
|    approx_kl            | 0.011817327 |
|    clip_fraction        | 0.115       |
|    clip_range           | 0.2         |
|    entropy_loss         | -3.38       |
|    explained_variance   | 0.88        |
|    learning_rate        | 0.0003      |
|    loss                 | 1.81        |
|    n_updates            | 2050        |
|    policy_gradient_loss | -0.00239    |
|    std                  | 0.571       |
|    value_loss           | 8.02        |
-----------------------------------------
-----------------------------------------
| rollout/                |             |
|    ep_len_mean          | 337         |
|    ep_rew_mean          | -128        |
| time/                   |             |
|    fps                  | 2176        |
|    iterations           | 207         |
|    time_elapsed         | 779         |
|    total_timesteps      | 1695744     |
| train/                  |             |
|    approx_kl            | 0.013798591 |
|    clip_fraction        | 0.146       |
|    clip_range           | 0.2         |
|    entropy_loss         | -3.35       |
|    explained_variance   | 0.889       |
|    learning_rate        | 0.0003      |
|    loss                 | 1.49        |
|    n_updates            | 2060        |
|    policy_gradient_loss | -0.00288    |
|    std                  | 0.566       |
|    value_loss           | 4.46        |
-----------------------------------------
-----------------------------------------
| rollout/                |             |
|    ep_len_mean          | 339         |
|    ep_rew_mean          | -128        |
| time/                   |             |
|    fps                  | 2177        |
|    iterations           | 208         |
|    time_elapsed         | 782         |
|    total_timesteps      | 1703936     |
| train/                  |             |
|    approx_kl            | 0.015275761 |
|    clip_fraction        | 0.188       |
|    clip_range           | 0.2         |
|    entropy_loss         | -3.34       |
|    explained_variance   | 0.842       |
|    learning_rate        | 0.0003      |
|    loss                 | 1.81        |
|    n_updates            | 2070        |
|    policy_gradient_loss | -0.00643    |
|    std                  | 0.567       |
|    value_loss           | 5.34        |
-----------------------------------------
-----------------------------------------
| rollout/                |             |
|    ep_len_mean          | 340         |
|    ep_rew_mean          | -127        |
| time/                   |             |
|    fps                  | 2178        |
|    iterations           | 209         |
|    time_elapsed         | 785         |
|    total_timesteps      | 1712128     |
| train/                  |             |
|    approx_kl            | 0.007768313 |
|    clip_fraction        | 0.111       |
|    clip_range           | 0.2         |
|    entropy_loss         | -3.32       |
|    explained_variance   | 0.872       |
|    learning_rate        | 0.0003      |
|    loss                 | 5.91        |
|    n_updates            | 2080        |
|    policy_gradient_loss | -0.00438    |
|    std                  | 0.562       |
|    value_loss           | 8.88        |
-----------------------------------------
-----------------------------------------
| rollout/                |             |
|    ep_len_mean          | 336         |
|    ep_rew_mean          | -124        |
| time/                   |             |
|    fps                  | 2179        |
|    iterations           | 210         |
|    time_elapsed         | 789         |
|    total_timesteps      | 1720320     |
| train/                  |             |
|    approx_kl            | 0.012567434 |
|    clip_fraction        | 0.143       |
|    clip_range           | 0.2         |
|    entropy_loss         | -3.3        |
|    explained_variance   | 0.891       |
|    learning_rate        | 0.0003      |
|    loss                 | 1.12        |
|    n_updates            | 2090        |
|    policy_gradient_loss | -0.0069     |
|    std                  | 0.561       |
|    value_loss           | 4.76        |
-----------------------------------------
-----------------------------------------
| rollout/                |             |
|    ep_len_mean          | 323         |
|    ep_rew_mean          | -120        |
| time/                   |             |
|    fps                  | 2182        |
|    iterations           | 211         |
|    time_elapsed         | 792         |
|    total_timesteps      | 1728512     |
| train/                  |             |
|    approx_kl            | 0.010712293 |
|    clip_fraction        | 0.128       |
|    clip_range           | 0.2         |
|    entropy_loss         | -3.28       |
|    explained_variance   | 0.805       |
|    learning_rate        | 0.0003      |
|    loss                 | 4.43        |
|    n_updates            | 2100        |
|    policy_gradient_loss | -0.00497    |
|    std                  | 0.555       |
|    value_loss           | 8.18        |
-----------------------------------------
-----------------------------------------
| rollout/                |             |
|    ep_len_mean          | 338         |
|    ep_rew_mean          | -130        |
| time/                   |             |
|    fps                  | 2183        |
|    iterations           | 212         |
|    time_elapsed         | 795         |
|    total_timesteps      | 1736704     |
| train/                  |             |
|    approx_kl            | 0.011852041 |
|    clip_fraction        | 0.121       |
|    clip_range           | 0.2         |
|    entropy_loss         | -3.25       |
|    explained_variance   | 0.764       |
|    learning_rate        | 0.0003      |
|    loss                 | 3.12        |
|    n_updates            | 2110        |
|    policy_gradient_loss | -0.00598    |
|    std                  | 0.551       |
|    value_loss           | 10.4        |
-----------------------------------------
-----------------------------------------
| rollout/                |             |
|    ep_len_mean          | 340         |
|    ep_rew_mean          | -131        |
| time/                   |             |
|    fps                  | 2185        |
|    iterations           | 213         |
|    time_elapsed         | 798         |
|    total_timesteps      | 1744896     |
| train/                  |             |
|    approx_kl            | 0.011090827 |
|    clip_fraction        | 0.119       |
|    clip_range           | 0.2         |
|    entropy_loss         | -3.22       |
|    explained_variance   | 0.802       |
|    learning_rate        | 0.0003      |
|    loss                 | 3.39        |
|    n_updates            | 2120        |
|    policy_gradient_loss | -0.00358    |
|    std                  | 0.548       |
|    value_loss           | 8.46        |
-----------------------------------------
-----------------------------------------
| rollout/                |             |
|    ep_len_mean          | 317         |
|    ep_rew_mean          | -121        |
| time/                   |             |
|    fps                  | 2186        |
|    iterations           | 214         |
|    time_elapsed         | 801         |
|    total_timesteps      | 1753088     |
| train/                  |             |
|    approx_kl            | 0.010414295 |
|    clip_fraction        | 0.165       |
|    clip_range           | 0.2         |
|    entropy_loss         | -3.21       |
|    explained_variance   | 0.859       |
|    learning_rate        | 0.0003      |
|    loss                 | 2.2         |
|    n_updates            | 2130        |
|    policy_gradient_loss | -0.0033     |
|    std                  | 0.546       |
|    value_loss           | 5.58        |
-----------------------------------------
-----------------------------------------
| rollout/                |             |
|    ep_len_mean          | 321         |
|    ep_rew_mean          | -119        |
| time/                   |             |
|    fps                  | 2187        |
|    iterations           | 215         |
|    time_elapsed         | 805         |
|    total_timesteps      | 1761280     |
| train/                  |             |
|    approx_kl            | 0.012568342 |
|    clip_fraction        | 0.136       |
|    clip_range           | 0.2         |
|    entropy_loss         | -3.19       |
|    explained_variance   | 0.879       |
|    learning_rate        | 0.0003      |
|    loss                 | 3.1         |
|    n_updates            | 2140        |
|    policy_gradient_loss | -0.00556    |
|    std                  | 0.545       |
|    value_loss           | 9.14        |
-----------------------------------------
-----------------------------------------
| rollout/                |             |
|    ep_len_mean          | 309         |
|    ep_rew_mean          | -111        |
| time/                   |             |
|    fps                  | 2188        |
|    iterations           | 216         |
|    time_elapsed         | 808         |
|    total_timesteps      | 1769472     |
| train/                  |             |
|    approx_kl            | 0.011008445 |
|    clip_fraction        | 0.148       |
|    clip_range           | 0.2         |
|    entropy_loss         | -3.18       |
|    explained_variance   | 0.847       |
|    learning_rate        | 0.0003      |
|    loss                 | 4.77        |
|    n_updates            | 2150        |
|    policy_gradient_loss | -0.00506    |
|    std                  | 0.541       |
|    value_loss           | 9.89        |
-----------------------------------------
-----------------------------------------
| rollout/                |             |
|    ep_len_mean          | 303         |
|    ep_rew_mean          | -110        |
| time/                   |             |
|    fps                  | 2191        |
|    iterations           | 217         |
|    time_elapsed         | 811         |
|    total_timesteps      | 1777664     |
| train/                  |             |
|    approx_kl            | 0.010924522 |
|    clip_fraction        | 0.118       |
|    clip_range           | 0.2         |
|    entropy_loss         | -3.16       |
|    explained_variance   | 0.878       |
|    learning_rate        | 0.0003      |
|    loss                 | 3.91        |
|    n_updates            | 2160        |
|    policy_gradient_loss | -0.00424    |
|    std                  | 0.54        |
|    value_loss           | 7.59        |
-----------------------------------------
-----------------------------------------
| rollout/                |             |
|    ep_len_mean          | 288         |
|    ep_rew_mean          | -105        |
| time/                   |             |
|    fps                  | 2193        |
|    iterations           | 218         |
|    time_elapsed         | 814         |
|    total_timesteps      | 1785856     |
| train/                  |             |
|    approx_kl            | 0.016595537 |
|    clip_fraction        | 0.13        |
|    clip_range           | 0.2         |
|    entropy_loss         | -3.14       |
|    explained_variance   | 0.804       |
|    learning_rate        | 0.0003      |
|    loss                 | 4.27        |
|    n_updates            | 2170        |
|    policy_gradient_loss | -0.00561    |
|    std                  | 0.537       |
|    value_loss           | 9.96        |
-----------------------------------------
-----------------------------------------
| rollout/                |             |
|    ep_len_mean          | 290         |
|    ep_rew_mean          | -109        |
| time/                   |             |
|    fps                  | 2195        |
|    iterations           | 219         |
|    time_elapsed         | 817         |
|    total_timesteps      | 1794048     |
| train/                  |             |
|    approx_kl            | 0.011536693 |
|    clip_fraction        | 0.119       |
|    clip_range           | 0.2         |
|    entropy_loss         | -3.13       |
|    explained_variance   | 0.868       |
|    learning_rate        | 0.0003      |
|    loss                 | 2           |
|    n_updates            | 2180        |
|    policy_gradient_loss | -0.00328    |
|    std                  | 0.537       |
|    value_loss           | 7.31        |
-----------------------------------------
[PeriodicArtifactCallback] step 1800000: saving checkpoint, evaluating, rendering...
[PeriodicArtifactCallback] step 1800000: success_rate=0.10 pick_success_rate=0.40 mean_reward=-379.82 -> C:\GitHub\HumanoidRobot\simulation\training\pick_place\runs\pp_v22\dashboard.html
-----------------------------------------
| rollout/                |             |
|    ep_len_mean          | 276         |
|    ep_rew_mean          | -105        |
| time/                   |             |
|    fps                  | 2180        |
|    iterations           | 220         |
|    time_elapsed         | 826         |
|    total_timesteps      | 1802240     |
| train/                  |             |
|    approx_kl            | 0.010595763 |
|    clip_fraction        | 0.142       |
|    clip_range           | 0.2         |
|    entropy_loss         | -3.12       |
|    explained_variance   | 0.854       |
|    learning_rate        | 0.0003      |
|    loss                 | 1.85        |
|    n_updates            | 2190        |
|    policy_gradient_loss | -0.00357    |
|    std                  | 0.536       |
|    value_loss           | 5.6         |
-----------------------------------------
-----------------------------------------
| rollout/                |             |
|    ep_len_mean          | 287         |
|    ep_rew_mean          | -108        |
| time/                   |             |
|    fps                  | 2182        |
|    iterations           | 221         |
|    time_elapsed         | 829         |
|    total_timesteps      | 1810432     |
| train/                  |             |
|    approx_kl            | 0.009486597 |
|    clip_fraction        | 0.119       |
|    clip_range           | 0.2         |
|    entropy_loss         | -3.11       |
|    explained_variance   | 0.896       |
|    learning_rate        | 0.0003      |
|    loss                 | 2.13        |
|    n_updates            | 2200        |
|    policy_gradient_loss | -0.00559    |
|    std                  | 0.534       |
|    value_loss           | 6.49        |
-----------------------------------------
-----------------------------------------
| rollout/                |             |
|    ep_len_mean          | 277         |
|    ep_rew_mean          | -102        |
| time/                   |             |
|    fps                  | 2183        |
|    iterations           | 222         |
|    time_elapsed         | 832         |
|    total_timesteps      | 1818624     |
| train/                  |             |
|    approx_kl            | 0.009865858 |
|    clip_fraction        | 0.111       |
|    clip_range           | 0.2         |
|    entropy_loss         | -3.1        |
|    explained_variance   | 0.838       |
|    learning_rate        | 0.0003      |
|    loss                 | 4.41        |
|    n_updates            | 2210        |
|    policy_gradient_loss | -0.00488    |
|    std                  | 0.532       |
|    value_loss           | 9.17        |
-----------------------------------------
-----------------------------------------
| rollout/                |             |
|    ep_len_mean          | 259         |
|    ep_rew_mean          | -92.6       |
| time/                   |             |
|    fps                  | 2185        |
|    iterations           | 223         |
|    time_elapsed         | 835         |
|    total_timesteps      | 1826816     |
| train/                  |             |
|    approx_kl            | 0.010757726 |
|    clip_fraction        | 0.113       |
|    clip_range           | 0.2         |
|    entropy_loss         | -3.08       |
|    explained_variance   | 0.863       |
|    learning_rate        | 0.0003      |
|    loss                 | 6.36        |
|    n_updates            | 2220        |
|    policy_gradient_loss | -0.00408    |
|    std                  | 0.53        |
|    value_loss           | 12.4        |
-----------------------------------------
-----------------------------------------
| rollout/                |             |
|    ep_len_mean          | 266         |
|    ep_rew_mean          | -100        |
| time/                   |             |
|    fps                  | 2187        |
|    iterations           | 224         |
|    time_elapsed         | 838         |
|    total_timesteps      | 1835008     |
| train/                  |             |
|    approx_kl            | 0.010616654 |
|    clip_fraction        | 0.114       |
|    clip_range           | 0.2         |
|    entropy_loss         | -3.08       |
|    explained_variance   | 0.767       |
|    learning_rate        | 0.0003      |
|    loss                 | 5.88        |
|    n_updates            | 2230        |
|    policy_gradient_loss | -0.00493    |
|    std                  | 0.53        |
|    value_loss           | 12.7        |
-----------------------------------------
------------------------------------------
| rollout/                |              |
|    ep_len_mean          | 257          |
|    ep_rew_mean          | -96.8        |
| time/                   |              |
|    fps                  | 2188         |
|    iterations           | 225          |
|    time_elapsed         | 842          |
|    total_timesteps      | 1843200      |
| train/                  |              |
|    approx_kl            | 0.0106657855 |
|    clip_fraction        | 0.121        |
|    clip_range           | 0.2          |
|    entropy_loss         | -3.07        |
|    explained_variance   | 0.854        |
|    learning_rate        | 0.0003       |
|    loss                 | 3.39         |
|    n_updates            | 2240         |
|    policy_gradient_loss | -0.00565     |
|    std                  | 0.527        |
|    value_loss           | 8.72         |
------------------------------------------
----------------------------------------
| rollout/                |            |
|    ep_len_mean          | 271        |
|    ep_rew_mean          | -102       |
| time/                   |            |
|    fps                  | 2189       |
|    iterations           | 226        |
|    time_elapsed         | 845        |
|    total_timesteps      | 1851392    |
| train/                  |            |
|    approx_kl            | 0.01353137 |
|    clip_fraction        | 0.168      |
|    clip_range           | 0.2        |
|    entropy_loss         | -3.06      |
|    explained_variance   | 0.886      |
|    learning_rate        | 0.0003     |
|    loss                 | 3.25       |
|    n_updates            | 2250       |
|    policy_gradient_loss | -0.00668   |
|    std                  | 0.528      |
|    value_loss           | 8.76       |
----------------------------------------
-----------------------------------------
| rollout/                |             |
|    ep_len_mean          | 276         |
|    ep_rew_mean          | -99.6       |
| time/                   |             |
|    fps                  | 2190        |
|    iterations           | 227         |
|    time_elapsed         | 848         |
|    total_timesteps      | 1859584     |
| train/                  |             |
|    approx_kl            | 0.010750482 |
|    clip_fraction        | 0.124       |
|    clip_range           | 0.2         |
|    entropy_loss         | -3.06       |
|    explained_variance   | 0.864       |
|    learning_rate        | 0.0003      |
|    loss                 | 4.89        |
|    n_updates            | 2260        |
|    policy_gradient_loss | -0.00573    |
|    std                  | 0.526       |
|    value_loss           | 10.7        |
-----------------------------------------
-----------------------------------------
| rollout/                |             |
|    ep_len_mean          | 262         |
|    ep_rew_mean          | -95.2       |
| time/                   |             |
|    fps                  | 2191        |
|    iterations           | 228         |
|    time_elapsed         | 852         |
|    total_timesteps      | 1867776     |
| train/                  |             |
|    approx_kl            | 0.008384449 |
|    clip_fraction        | 0.134       |
|    clip_range           | 0.2         |
|    entropy_loss         | -3.05       |
|    explained_variance   | 0.847       |
|    learning_rate        | 0.0003      |
|    loss                 | 5.39        |
|    n_updates            | 2270        |
|    policy_gradient_loss | -0.00262    |
|    std                  | 0.524       |
|    value_loss           | 10.4        |
-----------------------------------------
-----------------------------------------
| rollout/                |             |
|    ep_len_mean          | 275         |
|    ep_rew_mean          | -99.4       |
| time/                   |             |
|    fps                  | 2193        |
|    iterations           | 229         |
|    time_elapsed         | 855         |
|    total_timesteps      | 1875968     |
| train/                  |             |
|    approx_kl            | 0.010314774 |
|    clip_fraction        | 0.127       |
|    clip_range           | 0.2         |
|    entropy_loss         | -3.03       |
|    explained_variance   | 0.722       |
|    learning_rate        | 0.0003      |
|    loss                 | 5.78        |
|    n_updates            | 2280        |
|    policy_gradient_loss | -0.00433    |
|    std                  | 0.523       |
|    value_loss           | 13.8        |
-----------------------------------------
----------------------------------------
| rollout/                |            |
|    ep_len_mean          | 283        |
|    ep_rew_mean          | -103       |
| time/                   |            |
|    fps                  | 2195       |
|    iterations           | 230        |
|    time_elapsed         | 858        |
|    total_timesteps      | 1884160    |
| train/                  |            |
|    approx_kl            | 0.01284652 |
|    clip_fraction        | 0.145      |
|    clip_range           | 0.2        |
|    entropy_loss         | -3.02      |
|    explained_variance   | 0.842      |
|    learning_rate        | 0.0003     |
|    loss                 | 6.87       |
|    n_updates            | 2290       |
|    policy_gradient_loss | -0.00737   |
|    std                  | 0.521      |
|    value_loss           | 11.9       |
----------------------------------------
-----------------------------------------
| rollout/                |             |
|    ep_len_mean          | 299         |
|    ep_rew_mean          | -110        |
| time/                   |             |
|    fps                  | 2196        |
|    iterations           | 231         |
|    time_elapsed         | 861         |
|    total_timesteps      | 1892352     |
| train/                  |             |
|    approx_kl            | 0.011342929 |
|    clip_fraction        | 0.142       |
|    clip_range           | 0.2         |
|    entropy_loss         | -3.01       |
|    explained_variance   | 0.858       |
|    learning_rate        | 0.0003      |
|    loss                 | 4.07        |
|    n_updates            | 2300        |
|    policy_gradient_loss | -0.00391    |
|    std                  | 0.519       |
|    value_loss           | 8.97        |
-----------------------------------------
-----------------------------------------
| rollout/                |             |
|    ep_len_mean          | 318         |
|    ep_rew_mean          | -119        |
| time/                   |             |
|    fps                  | 2197        |
|    iterations           | 232         |
|    time_elapsed         | 864         |
|    total_timesteps      | 1900544     |
| train/                  |             |
|    approx_kl            | 0.013061266 |
|    clip_fraction        | 0.15        |
|    clip_range           | 0.2         |
|    entropy_loss         | -3          |
|    explained_variance   | 0.786       |
|    learning_rate        | 0.0003      |
|    loss                 | 2.31        |
|    n_updates            | 2310        |
|    policy_gradient_loss | -0.00377    |
|    std                  | 0.518       |
|    value_loss           | 8.98        |
-----------------------------------------
-----------------------------------------
| rollout/                |             |
|    ep_len_mean          | 303         |
|    ep_rew_mean          | -111        |
| time/                   |             |
|    fps                  | 2199        |
|    iterations           | 233         |
|    time_elapsed         | 867         |
|    total_timesteps      | 1908736     |
| train/                  |             |
|    approx_kl            | 0.018597689 |
|    clip_fraction        | 0.198       |
|    clip_range           | 0.2         |
|    entropy_loss         | -2.99       |
|    explained_variance   | 0.779       |
|    learning_rate        | 0.0003      |
|    loss                 | 3.73        |
|    n_updates            | 2320        |
|    policy_gradient_loss | -0.00424    |
|    std                  | 0.519       |
|    value_loss           | 8.9         |
-----------------------------------------
-----------------------------------------
| rollout/                |             |
|    ep_len_mean          | 291         |
|    ep_rew_mean          | -105        |
| time/                   |             |
|    fps                  | 2200        |
|    iterations           | 234         |
|    time_elapsed         | 870         |
|    total_timesteps      | 1916928     |
| train/                  |             |
|    approx_kl            | 0.011566154 |
|    clip_fraction        | 0.132       |
|    clip_range           | 0.2         |
|    entropy_loss         | -2.99       |
|    explained_variance   | 0.8         |
|    learning_rate        | 0.0003      |
|    loss                 | 5.91        |
|    n_updates            | 2330        |
|    policy_gradient_loss | -0.00614    |
|    std                  | 0.516       |
|    value_loss           | 15.7        |
-----------------------------------------
---------------------------------------
| rollout/                |           |
|    ep_len_mean          | 304       |
|    ep_rew_mean          | -109      |
| time/                   |           |
|    fps                  | 2202      |
|    iterations           | 235       |
|    time_elapsed         | 874       |
|    total_timesteps      | 1925120   |
| train/                  |           |
|    approx_kl            | 0.0125606 |
|    clip_fraction        | 0.151     |
|    clip_range           | 0.2       |
|    entropy_loss         | -2.97     |
|    explained_variance   | 0.903     |
|    learning_rate        | 0.0003    |
|    loss                 | 2.53      |
|    n_updates            | 2340      |
|    policy_gradient_loss | -0.004    |
|    std                  | 0.515     |
|    value_loss           | 8.41      |
---------------------------------------
-----------------------------------------
| rollout/                |             |
|    ep_len_mean          | 303         |
|    ep_rew_mean          | -106        |
| time/                   |             |
|    fps                  | 2203        |
|    iterations           | 236         |
|    time_elapsed         | 877         |
|    total_timesteps      | 1933312     |
| train/                  |             |
|    approx_kl            | 0.016518002 |
|    clip_fraction        | 0.194       |
|    clip_range           | 0.2         |
|    entropy_loss         | -2.95       |
|    explained_variance   | 0.84        |
|    learning_rate        | 0.0003      |
|    loss                 | 2.15        |
|    n_updates            | 2350        |
|    policy_gradient_loss | -0.00218    |
|    std                  | 0.512       |
|    value_loss           | 3.97        |
-----------------------------------------
-----------------------------------------
| rollout/                |             |
|    ep_len_mean          | 318         |
|    ep_rew_mean          | -112        |
| time/                   |             |
|    fps                  | 2204        |
|    iterations           | 237         |
|    time_elapsed         | 880         |
|    total_timesteps      | 1941504     |
| train/                  |             |
|    approx_kl            | 0.011897601 |
|    clip_fraction        | 0.155       |
|    clip_range           | 0.2         |
|    entropy_loss         | -2.94       |
|    explained_variance   | 0.785       |
|    learning_rate        | 0.0003      |
|    loss                 | 7.21        |
|    n_updates            | 2360        |
|    policy_gradient_loss | -0.0042     |
|    std                  | 0.511       |
|    value_loss           | 10.1        |
-----------------------------------------
-----------------------------------------
| rollout/                |             |
|    ep_len_mean          | 316         |
|    ep_rew_mean          | -112        |
| time/                   |             |
|    fps                  | 2205        |
|    iterations           | 238         |
|    time_elapsed         | 884         |
|    total_timesteps      | 1949696     |
| train/                  |             |
|    approx_kl            | 0.014906175 |
|    clip_fraction        | 0.174       |
|    clip_range           | 0.2         |
|    entropy_loss         | -2.91       |
|    explained_variance   | 0.875       |
|    learning_rate        | 0.0003      |
|    loss                 | 0.882       |
|    n_updates            | 2370        |
|    policy_gradient_loss | -0.00369    |
|    std                  | 0.506       |
|    value_loss           | 4.2         |
-----------------------------------------
-----------------------------------------
| rollout/                |             |
|    ep_len_mean          | 304         |
|    ep_rew_mean          | -104        |
| time/                   |             |
|    fps                  | 2207        |
|    iterations           | 239         |
|    time_elapsed         | 887         |
|    total_timesteps      | 1957888     |
| train/                  |             |
|    approx_kl            | 0.013769869 |
|    clip_fraction        | 0.166       |
|    clip_range           | 0.2         |
|    entropy_loss         | -2.89       |
|    explained_variance   | 0.874       |
|    learning_rate        | 0.0003      |
|    loss                 | 4.35        |
|    n_updates            | 2380        |
|    policy_gradient_loss | -0.00682    |
|    std                  | 0.505       |
|    value_loss           | 7.3         |
-----------------------------------------
-----------------------------------------
| rollout/                |             |
|    ep_len_mean          | 291         |
|    ep_rew_mean          | -97.8       |
| time/                   |             |
|    fps                  | 2208        |
|    iterations           | 240         |
|    time_elapsed         | 890         |
|    total_timesteps      | 1966080     |
| train/                  |             |
|    approx_kl            | 0.014359354 |
|    clip_fraction        | 0.12        |
|    clip_range           | 0.2         |
|    entropy_loss         | -2.88       |
|    explained_variance   | 0.779       |
|    learning_rate        | 0.0003      |
|    loss                 | 3.62        |
|    n_updates            | 2390        |
|    policy_gradient_loss | -0.00495    |
|    std                  | 0.503       |
|    value_loss           | 11.9        |
-----------------------------------------
-----------------------------------------
| rollout/                |             |
|    ep_len_mean          | 271         |
|    ep_rew_mean          | -93.5       |
| time/                   |             |
|    fps                  | 2209        |
|    iterations           | 241         |
|    time_elapsed         | 893         |
|    total_timesteps      | 1974272     |
| train/                  |             |
|    approx_kl            | 0.011882089 |
|    clip_fraction        | 0.122       |
|    clip_range           | 0.2         |
|    entropy_loss         | -2.87       |
|    explained_variance   | 0.846       |
|    learning_rate        | 0.0003      |
|    loss                 | 8.36        |
|    n_updates            | 2400        |
|    policy_gradient_loss | -0.00426    |
|    std                  | 0.502       |
|    value_loss           | 13.2        |
-----------------------------------------
-----------------------------------------
| rollout/                |             |
|    ep_len_mean          | 258         |
|    ep_rew_mean          | -92.4       |
| time/                   |             |
|    fps                  | 2210        |
|    iterations           | 242         |
|    time_elapsed         | 896         |
|    total_timesteps      | 1982464     |
| train/                  |             |
|    approx_kl            | 0.010402323 |
|    clip_fraction        | 0.114       |
|    clip_range           | 0.2         |
|    entropy_loss         | -2.85       |
|    explained_variance   | 0.804       |
|    learning_rate        | 0.0003      |
|    loss                 | 8.31        |
|    n_updates            | 2410        |
|    policy_gradient_loss | -0.00466    |
|    std                  | 0.5         |
|    value_loss           | 14.7        |
-----------------------------------------
----------------------------------------
| rollout/                |            |
|    ep_len_mean          | 269        |
|    ep_rew_mean          | -99.4      |
| time/                   |            |
|    fps                  | 2211       |
|    iterations           | 243        |
|    time_elapsed         | 900        |
|    total_timesteps      | 1990656    |
| train/                  |            |
|    approx_kl            | 0.01228315 |
|    clip_fraction        | 0.141      |
|    clip_range           | 0.2        |
|    entropy_loss         | -2.83      |
|    explained_variance   | 0.812      |
|    learning_rate        | 0.0003     |
|    loss                 | 4.96       |
|    n_updates            | 2420       |
|    policy_gradient_loss | -0.00296   |
|    std                  | 0.497      |
|    value_loss           | 9.91       |
----------------------------------------
----------------------------------------
| rollout/                |            |
|    ep_len_mean          | 283        |
|    ep_rew_mean          | -105       |
| time/                   |            |
|    fps                  | 2212       |
|    iterations           | 244        |
|    time_elapsed         | 903        |
|    total_timesteps      | 1998848    |
| train/                  |            |
|    approx_kl            | 0.01230968 |
|    clip_fraction        | 0.141      |
|    clip_range           | 0.2        |
|    entropy_loss         | -2.79      |
|    explained_variance   | 0.878      |
|    learning_rate        | 0.0003     |
|    loss                 | 2.54       |
|    n_updates            | 2430       |
|    policy_gradient_loss | -0.00751   |
|    std                  | 0.491      |
|    value_loss           | 8.25       |
----------------------------------------
[PeriodicArtifactCallback] step 2000000: running periodic self-monitoring analysis...
[PeriodicArtifactCallback] analysis written to C:\GitHub\HumanoidRobot\simulation\training\pick_place\runs\pp_v22\analysis_2000000.md (stalled=False)
[PeriodicArtifactCallback] step 2000000: saving checkpoint, evaluating, rendering...
[PeriodicArtifactCallback] step 2000000: success_rate=0.00 pick_success_rate=0.50 mean_reward=-182.30 -> C:\GitHub\HumanoidRobot\simulation\training\pick_place\runs\pp_v22\dashboard.html
----------------------------------------
| rollout/                |            |
|    ep_len_mean          | 275        |
|    ep_rew_mean          | -100       |
| time/                   |            |
|    fps                  | 2186       |
|    iterations           | 245        |
|    time_elapsed         | 917        |
|    total_timesteps      | 2007040    |
| train/                  |            |
|    approx_kl            | 0.01837972 |
|    clip_fraction        | 0.177      |
|    clip_range           | 0.2        |
|    entropy_loss         | -2.77      |
|    explained_variance   | 0.729      |
|    learning_rate        | 0.0003     |
|    loss                 | 5.78       |
|    n_updates            | 2440       |
|    policy_gradient_loss | -0.00544   |
|    std                  | 0.489      |
|    value_loss           | 11.6       |
----------------------------------------
[PeriodicArtifactCallback] step 2007040: saving checkpoint, evaluating, rendering...
[PeriodicArtifactCallback] step 2007040: success_rate=0.00 pick_success_rate=0.40 mean_reward=-186.41 -> C:\GitHub\HumanoidRobot\simulation\training\pick_place\runs\pp_v22\dashboard.html
Training complete. Final checkpoint: C:\GitHub\HumanoidRobot\simulation\training\pick_place\runs\pp_v22\checkpoints\final.zip
Dashboard: C:\GitHub\HumanoidRobot\simulation\training\pick_place\runs\pp_v22\dashboard.html
