Continuing from checkpoint: C:/GitHub/HumanoidRobot/simulation/training/pick_place/runs/pp_v16/checkpoints/ckpt_1400000.zip
Logging to C:\GitHub\HumanoidRobot\simulation\training\pick_place\runs\pp_v17\logs\pp_v17_1
---------------------------------
| rollout/           |          |
|    ep_len_mean     | 23.2     |
|    ep_rew_mean     | 31       |
| time/              |          |
|    fps             | 3646     |
|    iterations      | 1        |
|    time_elapsed    | 2        |
|    total_timesteps | 8192     |
---------------------------------
-----------------------------------------
| rollout/                |             |
|    ep_len_mean          | 63          |
|    ep_rew_mean          | 11.8        |
| time/                   |             |
|    fps                  | 1515        |
|    iterations           | 2           |
|    time_elapsed         | 10          |
|    total_timesteps      | 16384       |
| train/                  |             |
|    approx_kl            | 0.033757463 |
|    clip_fraction        | 0.238       |
|    clip_range           | 0.2         |
|    entropy_loss         | -2.05       |
|    explained_variance   | 0.993       |
|    learning_rate        | 0.0003      |
|    loss                 | 5.09        |
|    n_updates            | 19020       |
|    policy_gradient_loss | -0.00136    |
|    std                  | 0.441       |
|    value_loss           | 3.77        |
-----------------------------------------
----------------------------------------
| rollout/                |            |
|    ep_len_mean          | 80.8       |
|    ep_rew_mean          | 4.26       |
| time/                   |            |
|    fps                  | 1253       |
|    iterations           | 3          |
|    time_elapsed         | 19         |
|    total_timesteps      | 24576      |
| train/                  |            |
|    approx_kl            | 0.03338262 |
|    clip_fraction        | 0.245      |
|    clip_range           | 0.2        |
|    entropy_loss         | -2.05      |
|    explained_variance   | 0.992      |
|    learning_rate        | 0.0003     |
|    loss                 | 2.91       |
|    n_updates            | 19030      |
|    policy_gradient_loss | 8.83e-05   |
|    std                  | 0.441      |
|    value_loss           | 5.37       |
----------------------------------------
-----------------------------------------
| rollout/                |             |
|    ep_len_mean          | 104         |
|    ep_rew_mean          | -10.1       |
| time/                   |             |
|    fps                  | 1174        |
|    iterations           | 4           |
|    time_elapsed         | 27          |
|    total_timesteps      | 32768       |
| train/                  |             |
|    approx_kl            | 0.012022198 |
|    clip_fraction        | 0.132       |
|    clip_range           | 0.2         |
|    entropy_loss         | -2.06       |
|    explained_variance   | 0.98        |
|    learning_rate        | 0.0003      |
|    loss                 | 0.623       |
|    n_updates            | 19040       |
|    policy_gradient_loss | 0.000607    |
|    std                  | 0.444       |
|    value_loss           | 4.5         |
-----------------------------------------
------------------------------------------
| rollout/                |              |
|    ep_len_mean          | 104          |
|    ep_rew_mean          | -8.29        |
| time/                   |              |
|    fps                  | 1120         |
|    iterations           | 5            |
|    time_elapsed         | 36           |
|    total_timesteps      | 40960        |
| train/                  |              |
|    approx_kl            | 0.0145660415 |
|    clip_fraction        | 0.139        |
|    clip_range           | 0.2          |
|    entropy_loss         | -2.08        |
|    explained_variance   | 0.968        |
|    learning_rate        | 0.0003       |
|    loss                 | 0.426        |
|    n_updates            | 19050        |
|    policy_gradient_loss | 0.00122      |
|    std                  | 0.443        |
|    value_loss           | 4.17         |
------------------------------------------
----------------------------------------
| rollout/                |            |
|    ep_len_mean          | 109        |
|    ep_rew_mean          | -10.8      |
| time/                   |            |
|    fps                  | 1102       |
|    iterations           | 6          |
|    time_elapsed         | 44         |
|    total_timesteps      | 49152      |
| train/                  |            |
|    approx_kl            | 0.02442767 |
|    clip_fraction        | 0.241      |
|    clip_range           | 0.2        |
|    entropy_loss         | -2.07      |
|    explained_variance   | 0.992      |
|    learning_rate        | 0.0003     |
|    loss                 | 4.11       |
|    n_updates            | 19060      |
|    policy_gradient_loss | 0.00184    |
|    std                  | 0.442      |
|    value_loss           | 3.16       |
----------------------------------------
----------------------------------------
| rollout/                |            |
|    ep_len_mean          | 98.2       |
|    ep_rew_mean          | -3.17      |
| time/                   |            |
|    fps                  | 1077       |
|    iterations           | 7          |
|    time_elapsed         | 53         |
|    total_timesteps      | 57344      |
| train/                  |            |
|    approx_kl            | 0.04198214 |
|    clip_fraction        | 0.262      |
|    clip_range           | 0.2        |
|    entropy_loss         | -2.08      |
|    explained_variance   | 0.987      |
|    learning_rate        | 0.0003     |
|    loss                 | 0.874      |
|    n_updates            | 19070      |
|    policy_gradient_loss | 0.00106    |
|    std                  | 0.443      |
|    value_loss           | 3.99       |
----------------------------------------
-----------------------------------------
| rollout/                |             |
|    ep_len_mean          | 74.2        |
|    ep_rew_mean          | 4.19        |
| time/                   |             |
|    fps                  | 1060        |
|    iterations           | 8           |
|    time_elapsed         | 61          |
|    total_timesteps      | 65536       |
| train/                  |             |
|    approx_kl            | 0.023166042 |
|    clip_fraction        | 0.196       |
|    clip_range           | 0.2         |
|    entropy_loss         | -2.08       |
|    explained_variance   | 0.987       |
|    learning_rate        | 0.0003      |
|    loss                 | 0.544       |
|    n_updates            | 19080       |
|    policy_gradient_loss | 0.00358     |
|    std                  | 0.446       |
|    value_loss           | 5.1         |
-----------------------------------------
-----------------------------------------
| rollout/                |             |
|    ep_len_mean          | 86.4        |
|    ep_rew_mean          | 5.29        |
| time/                   |             |
|    fps                  | 1042        |
|    iterations           | 9           |
|    time_elapsed         | 70          |
|    total_timesteps      | 73728       |
| train/                  |             |
|    approx_kl            | 0.022479616 |
|    clip_fraction        | 0.221       |
|    clip_range           | 0.2         |
|    entropy_loss         | -2.08       |
|    explained_variance   | 0.991       |
|    learning_rate        | 0.0003      |
|    loss                 | 5.38        |
|    n_updates            | 19090       |
|    policy_gradient_loss | 0.00283     |
|    std                  | 0.446       |
|    value_loss           | 4.51        |
-----------------------------------------
-----------------------------------------
| rollout/                |             |
|    ep_len_mean          | 68.9        |
|    ep_rew_mean          | 11.6        |
| time/                   |             |
|    fps                  | 1032        |
|    iterations           | 10          |
|    time_elapsed         | 79          |
|    total_timesteps      | 81920       |
| train/                  |             |
|    approx_kl            | 0.026249617 |
|    clip_fraction        | 0.22        |
|    clip_range           | 0.2         |
|    entropy_loss         | -2.07       |
|    explained_variance   | 0.989       |
|    learning_rate        | 0.0003      |
|    loss                 | 3.93        |
|    n_updates            | 19100       |
|    policy_gradient_loss | 0.00218     |
|    std                  | 0.446       |
|    value_loss           | 5.01        |
-----------------------------------------
-----------------------------------------
| rollout/                |             |
|    ep_len_mean          | 92.1        |
|    ep_rew_mean          | 0.812       |
| time/                   |             |
|    fps                  | 1023        |
|    iterations           | 11          |
|    time_elapsed         | 88          |
|    total_timesteps      | 90112       |
| train/                  |             |
|    approx_kl            | 0.025575304 |
|    clip_fraction        | 0.219       |
|    clip_range           | 0.2         |
|    entropy_loss         | -2.05       |
|    explained_variance   | 0.989       |
|    learning_rate        | 0.0003      |
|    loss                 | 6.33        |
|    n_updates            | 19110       |
|    policy_gradient_loss | 0.000467    |
|    std                  | 0.442       |
|    value_loss           | 4.81        |
-----------------------------------------
-----------------------------------------
| rollout/                |             |
|    ep_len_mean          | 103         |
|    ep_rew_mean          | -3.92       |
| time/                   |             |
|    fps                  | 1018        |
|    iterations           | 12          |
|    time_elapsed         | 96          |
|    total_timesteps      | 98304       |
| train/                  |             |
|    approx_kl            | 0.029383179 |
|    clip_fraction        | 0.26        |
|    clip_range           | 0.2         |
|    entropy_loss         | -2.02       |
|    explained_variance   | 0.992       |
|    learning_rate        | 0.0003      |
|    loss                 | 1.08        |
|    n_updates            | 19120       |
|    policy_gradient_loss | 0.00201     |
|    std                  | 0.44        |
|    value_loss           | 2.63        |
-----------------------------------------
-----------------------------------------
| rollout/                |             |
|    ep_len_mean          | 91.7        |
|    ep_rew_mean          | -2.06       |
| time/                   |             |
|    fps                  | 1010        |
|    iterations           | 13          |
|    time_elapsed         | 105         |
|    total_timesteps      | 106496      |
| train/                  |             |
|    approx_kl            | 0.022870174 |
|    clip_fraction        | 0.227       |
|    clip_range           | 0.2         |
|    entropy_loss         | -2.05       |
|    explained_variance   | 0.987       |
|    learning_rate        | 0.0003      |
|    loss                 | 0.449       |
|    n_updates            | 19130       |
|    policy_gradient_loss | -0.00034    |
|    std                  | 0.445       |
|    value_loss           | 3.46        |
-----------------------------------------
-----------------------------------------
| rollout/                |             |
|    ep_len_mean          | 68.6        |
|    ep_rew_mean          | 9.91        |
| time/                   |             |
|    fps                  | 1008        |
|    iterations           | 14          |
|    time_elapsed         | 113         |
|    total_timesteps      | 114688      |
| train/                  |             |
|    approx_kl            | 0.014935182 |
|    clip_fraction        | 0.163       |
|    clip_range           | 0.2         |
|    entropy_loss         | -2.07       |
|    explained_variance   | 0.976       |
|    learning_rate        | 0.0003      |
|    loss                 | 0.462       |
|    n_updates            | 19140       |
|    policy_gradient_loss | 0.0018      |
|    std                  | 0.446       |
|    value_loss           | 3.2         |
-----------------------------------------
-----------------------------------------
| rollout/                |             |
|    ep_len_mean          | 86.1        |
|    ep_rew_mean          | 4.59        |
| time/                   |             |
|    fps                  | 1003        |
|    iterations           | 15          |
|    time_elapsed         | 122         |
|    total_timesteps      | 122880      |
| train/                  |             |
|    approx_kl            | 0.021884013 |
|    clip_fraction        | 0.238       |
|    clip_range           | 0.2         |
|    entropy_loss         | -2.09       |
|    explained_variance   | 0.986       |
|    learning_rate        | 0.0003      |
|    loss                 | 1.62        |
|    n_updates            | 19150       |
|    policy_gradient_loss | 0.00211     |
|    std                  | 0.447       |
|    value_loss           | 6.11        |
-----------------------------------------
-----------------------------------------
| rollout/                |             |
|    ep_len_mean          | 104         |
|    ep_rew_mean          | -1.01       |
| time/                   |             |
|    fps                  | 1001        |
|    iterations           | 16          |
|    time_elapsed         | 130         |
|    total_timesteps      | 131072      |
| train/                  |             |
|    approx_kl            | 0.027137913 |
|    clip_fraction        | 0.267       |
|    clip_range           | 0.2         |
|    entropy_loss         | -2.1        |
|    explained_variance   | 0.997       |
|    learning_rate        | 0.0003      |
|    loss                 | 0.137       |
|    n_updates            | 19160       |
|    policy_gradient_loss | 0.00136     |
|    std                  | 0.45        |
|    value_loss           | 1.12        |
-----------------------------------------
-----------------------------------------
| rollout/                |             |
|    ep_len_mean          | 63.2        |
|    ep_rew_mean          | 11.3        |
| time/                   |             |
|    fps                  | 998         |
|    iterations           | 17          |
|    time_elapsed         | 139         |
|    total_timesteps      | 139264      |
| train/                  |             |
|    approx_kl            | 0.026631696 |
|    clip_fraction        | 0.245       |
|    clip_range           | 0.2         |
|    entropy_loss         | -2.11       |
|    explained_variance   | 0.996       |
|    learning_rate        | 0.0003      |
|    loss                 | 0.108       |
|    n_updates            | 19170       |
|    policy_gradient_loss | -0.0022     |
|    std                  | 0.449       |
|    value_loss           | 1.8         |
-----------------------------------------
-----------------------------------------
| rollout/                |             |
|    ep_len_mean          | 104         |
|    ep_rew_mean          | -4.24       |
| time/                   |             |
|    fps                  | 997         |
|    iterations           | 18          |
|    time_elapsed         | 147         |
|    total_timesteps      | 147456      |
| train/                  |             |
|    approx_kl            | 0.024889708 |
|    clip_fraction        | 0.24        |
|    clip_range           | 0.2         |
|    entropy_loss         | -2.08       |
|    explained_variance   | 0.995       |
|    learning_rate        | 0.0003      |
|    loss                 | 0.134       |
|    n_updates            | 19180       |
|    policy_gradient_loss | -0.00293    |
|    std                  | 0.443       |
|    value_loss           | 2.77        |
-----------------------------------------
-----------------------------------------
| rollout/                |             |
|    ep_len_mean          | 132         |
|    ep_rew_mean          | -17.9       |
| time/                   |             |
|    fps                  | 994         |
|    iterations           | 19          |
|    time_elapsed         | 156         |
|    total_timesteps      | 155648      |
| train/                  |             |
|    approx_kl            | 0.022473218 |
|    clip_fraction        | 0.226       |
|    clip_range           | 0.2         |
|    entropy_loss         | -2.07       |
|    explained_variance   | 0.995       |
|    learning_rate        | 0.0003      |
|    loss                 | 0.0794      |
|    n_updates            | 19190       |
|    policy_gradient_loss | -0.00203    |
|    std                  | 0.445       |
|    value_loss           | 1.69        |
-----------------------------------------
-----------------------------------------
| rollout/                |             |
|    ep_len_mean          | 138         |
|    ep_rew_mean          | -25.4       |
| time/                   |             |
|    fps                  | 995         |
|    iterations           | 20          |
|    time_elapsed         | 164         |
|    total_timesteps      | 163840      |
| train/                  |             |
|    approx_kl            | 0.020828161 |
|    clip_fraction        | 0.194       |
|    clip_range           | 0.2         |
|    entropy_loss         | -2.1        |
|    explained_variance   | 0.988       |
|    learning_rate        | 0.0003      |
|    loss                 | 0.0536      |
|    n_updates            | 19200       |
|    policy_gradient_loss | -0.00115    |
|    std                  | 0.449       |
|    value_loss           | 5.17        |
-----------------------------------------
-----------------------------------------
| rollout/                |             |
|    ep_len_mean          | 144         |
|    ep_rew_mean          | -28.8       |
| time/                   |             |
|    fps                  | 993         |
|    iterations           | 21          |
|    time_elapsed         | 173         |
|    total_timesteps      | 172032      |
| train/                  |             |
|    approx_kl            | 0.021254074 |
|    clip_fraction        | 0.218       |
|    clip_range           | 0.2         |
|    entropy_loss         | -2.12       |
|    explained_variance   | 0.99        |
|    learning_rate        | 0.0003      |
|    loss                 | 7.31        |
|    n_updates            | 19210       |
|    policy_gradient_loss | -0.00338    |
|    std                  | 0.451       |
|    value_loss           | 3.11        |
-----------------------------------------
----------------------------------------
| rollout/                |            |
|    ep_len_mean          | 161        |
|    ep_rew_mean          | -26.2      |
| time/                   |            |
|    fps                  | 993        |
|    iterations           | 22         |
|    time_elapsed         | 181        |
|    total_timesteps      | 180224     |
| train/                  |            |
|    approx_kl            | 0.02644068 |
|    clip_fraction        | 0.211      |
|    clip_range           | 0.2        |
|    entropy_loss         | -2.14      |
|    explained_variance   | 0.991      |
|    learning_rate        | 0.0003     |
|    loss                 | 0.269      |
|    n_updates            | 19220      |
|    policy_gradient_loss | -0.00144   |
|    std                  | 0.454      |
|    value_loss           | 2.35       |
----------------------------------------
----------------------------------------
| rollout/                |            |
|    ep_len_mean          | 138        |
|    ep_rew_mean          | -17.8      |
| time/                   |            |
|    fps                  | 990        |
|    iterations           | 23         |
|    time_elapsed         | 190        |
|    total_timesteps      | 188416     |
| train/                  |            |
|    approx_kl            | 0.02331265 |
|    clip_fraction        | 0.191      |
|    clip_range           | 0.2        |
|    entropy_loss         | -2.18      |
|    explained_variance   | 0.985      |
|    learning_rate        | 0.0003     |
|    loss                 | 0.465      |
|    n_updates            | 19230      |
|    policy_gradient_loss | 0.00209    |
|    std                  | 0.459      |
|    value_loss           | 1.95       |
----------------------------------------
-----------------------------------------
| rollout/                |             |
|    ep_len_mean          | 85.9        |
|    ep_rew_mean          | 1.85        |
| time/                   |             |
|    fps                  | 989         |
|    iterations           | 24          |
|    time_elapsed         | 198         |
|    total_timesteps      | 196608      |
| train/                  |             |
|    approx_kl            | 0.023630906 |
|    clip_fraction        | 0.215       |
|    clip_range           | 0.2         |
|    entropy_loss         | -2.2        |
|    explained_variance   | 0.995       |
|    learning_rate        | 0.0003      |
|    loss                 | 0.127       |
|    n_updates            | 19240       |
|    policy_gradient_loss | 0.00218     |
|    std                  | 0.459       |
|    value_loss           | 1.37        |
-----------------------------------------
[PeriodicArtifactCallback] step 200000: saving checkpoint, evaluating, rendering...
[PeriodicArtifactCallback] step 200000: success_rate=0.00 pick_success_rate=0.20 mean_reward=-231.63 -> C:\GitHub\HumanoidRobot\simulation\training\pick_place\runs\pp_v17\dashboard.html
-----------------------------------------
| rollout/                |             |
|    ep_len_mean          | 115         |
|    ep_rew_mean          | -2.68       |
| time/                   |             |
|    fps                  | 932         |
|    iterations           | 25          |
|    time_elapsed         | 219         |
|    total_timesteps      | 204800      |
| train/                  |             |
|    approx_kl            | 0.022900326 |
|    clip_fraction        | 0.251       |
|    clip_range           | 0.2         |
|    entropy_loss         | -2.19       |
|    explained_variance   | 0.998       |
|    learning_rate        | 0.0003      |
|    loss                 | 0.542       |
|    n_updates            | 19250       |
|    policy_gradient_loss | -0.00157    |
|    std                  | 0.457       |
|    value_loss           | 0.696       |
-----------------------------------------
----------------------------------------
| rollout/                |            |
|    ep_len_mean          | 126        |
|    ep_rew_mean          | -9.24      |
| time/                   |            |
|    fps                  | 935        |
|    iterations           | 26         |
|    time_elapsed         | 227        |
|    total_timesteps      | 212992     |
| train/                  |            |
|    approx_kl            | 0.02720295 |
|    clip_fraction        | 0.275      |
|    clip_range           | 0.2        |
|    entropy_loss         | -2.19      |
|    explained_variance   | 0.998      |
|    learning_rate        | 0.0003     |
|    loss                 | 0.15       |
|    n_updates            | 19260      |
|    policy_gradient_loss | -0.000466  |
|    std                  | 0.457      |
|    value_loss           | 0.423      |
----------------------------------------
-----------------------------------------
| rollout/                |             |
|    ep_len_mean          | 91.3        |
|    ep_rew_mean          | -1.2        |
| time/                   |             |
|    fps                  | 935         |
|    iterations           | 27          |
|    time_elapsed         | 236         |
|    total_timesteps      | 221184      |
| train/                  |             |
|    approx_kl            | 0.016041169 |
|    clip_fraction        | 0.136       |
|    clip_range           | 0.2         |
|    entropy_loss         | -2.21       |
|    explained_variance   | 0.984       |
|    learning_rate        | 0.0003      |
|    loss                 | 4.28        |
|    n_updates            | 19270       |
|    policy_gradient_loss | -0.00371    |
|    std                  | 0.462       |
|    value_loss           | 3.17        |
-----------------------------------------
-----------------------------------------
| rollout/                |             |
|    ep_len_mean          | 121         |
|    ep_rew_mean          | -17.8       |
| time/                   |             |
|    fps                  | 937         |
|    iterations           | 28          |
|    time_elapsed         | 244         |
|    total_timesteps      | 229376      |
| train/                  |             |
|    approx_kl            | 0.014579066 |
|    clip_fraction        | 0.156       |
|    clip_range           | 0.2         |
|    entropy_loss         | -2.24       |
|    explained_variance   | 0.987       |
|    learning_rate        | 0.0003      |
|    loss                 | 3.09        |
|    n_updates            | 19280       |
|    policy_gradient_loss | -0.000538   |
|    std                  | 0.462       |
|    value_loss           | 4.36        |
-----------------------------------------
-----------------------------------------
| rollout/                |             |
|    ep_len_mean          | 126         |
|    ep_rew_mean          | -24.6       |
| time/                   |             |
|    fps                  | 938         |
|    iterations           | 29          |
|    time_elapsed         | 253         |
|    total_timesteps      | 237568      |
| train/                  |             |
|    approx_kl            | 0.051050108 |
|    clip_fraction        | 0.182       |
|    clip_range           | 0.2         |
|    entropy_loss         | -2.27       |
|    explained_variance   | 0.983       |
|    learning_rate        | 0.0003      |
|    loss                 | 0.404       |
|    n_updates            | 19290       |
|    policy_gradient_loss | -0.00622    |
|    std                  | 0.466       |
|    value_loss           | 4.24        |
-----------------------------------------
----------------------------------------
| rollout/                |            |
|    ep_len_mean          | 132        |
|    ep_rew_mean          | -22        |
| time/                   |            |
|    fps                  | 940        |
|    iterations           | 30         |
|    time_elapsed         | 261        |
|    total_timesteps      | 245760     |
| train/                  |            |
|    approx_kl            | 0.01917818 |
|    clip_fraction        | 0.206      |
|    clip_range           | 0.2        |
|    entropy_loss         | -2.29      |
|    explained_variance   | 0.986      |
|    learning_rate        | 0.0003     |
|    loss                 | 1.24       |
|    n_updates            | 19300      |
|    policy_gradient_loss | 0.000753   |
|    std                  | 0.466      |
|    value_loss           | 4.95       |
----------------------------------------
-----------------------------------------
| rollout/                |             |
|    ep_len_mean          | 132         |
|    ep_rew_mean          | -14.6       |
| time/                   |             |
|    fps                  | 944         |
|    iterations           | 31          |
|    time_elapsed         | 268         |
|    total_timesteps      | 253952      |
| train/                  |             |
|    approx_kl            | 0.022507148 |
|    clip_fraction        | 0.246       |
|    clip_range           | 0.2         |
|    entropy_loss         | -2.29       |
|    explained_variance   | 0.986       |
|    learning_rate        | 0.0003      |
|    loss                 | 0.394       |
|    n_updates            | 19310       |
|    policy_gradient_loss | 0.000467    |
|    std                  | 0.464       |
|    value_loss           | 3.72        |
-----------------------------------------
----------------------------------------
| rollout/                |            |
|    ep_len_mean          | 121        |
|    ep_rew_mean          | -12.5      |
| time/                   |            |
|    fps                  | 949        |
|    iterations           | 32         |
|    time_elapsed         | 276        |
|    total_timesteps      | 262144     |
| train/                  |            |
|    approx_kl            | 0.02389828 |
|    clip_fraction        | 0.188      |
|    clip_range           | 0.2        |
|    entropy_loss         | -2.28      |
|    explained_variance   | 0.988      |
|    learning_rate        | 0.0003     |
|    loss                 | 0.355      |
|    n_updates            | 19320      |
|    policy_gradient_loss | 0.00143    |
|    std                  | 0.462      |
|    value_loss           | 3.19       |
----------------------------------------
---------------------------------------
| rollout/                |           |
|    ep_len_mean          | 91.2      |
|    ep_rew_mean          | -2.57     |
| time/                   |           |
|    fps                  | 949       |
|    iterations           | 33        |
|    time_elapsed         | 284       |
|    total_timesteps      | 270336    |
| train/                  |           |
|    approx_kl            | 0.0162774 |
|    clip_fraction        | 0.166     |
|    clip_range           | 0.2       |
|    entropy_loss         | -2.28     |
|    explained_variance   | 0.976     |
|    learning_rate        | 0.0003    |
|    loss                 | 0.345     |
|    n_updates            | 19330     |
|    policy_gradient_loss | -0.00119  |
|    std                  | 0.462     |
|    value_loss           | 4.67      |
---------------------------------------
----------------------------------------
| rollout/                |            |
|    ep_len_mean          | 91.9       |
|    ep_rew_mean          | -0.805     |
| time/                   |            |
|    fps                  | 950        |
|    iterations           | 34         |
|    time_elapsed         | 292        |
|    total_timesteps      | 278528     |
| train/                  |            |
|    approx_kl            | 0.02179066 |
|    clip_fraction        | 0.197      |
|    clip_range           | 0.2        |
|    entropy_loss         | -2.3       |
|    explained_variance   | 0.99       |
|    learning_rate        | 0.0003     |
|    loss                 | 0.271      |
|    n_updates            | 19340      |
|    policy_gradient_loss | -0.00202   |
|    std                  | 0.464      |
|    value_loss           | 4.82       |
----------------------------------------
---------------------------------------
| rollout/                |           |
|    ep_len_mean          | 138       |
|    ep_rew_mean          | -21.2     |
| time/                   |           |
|    fps                  | 950       |
|    iterations           | 35        |
|    time_elapsed         | 301       |
|    total_timesteps      | 286720    |
| train/                  |           |
|    approx_kl            | 0.0432915 |
|    clip_fraction        | 0.26      |
|    clip_range           | 0.2       |
|    entropy_loss         | -2.31     |
|    explained_variance   | 0.982     |
|    learning_rate        | 0.0003    |
|    loss                 | 0.464     |
|    n_updates            | 19350     |
|    policy_gradient_loss | 0.00596   |
|    std                  | 0.463     |
|    value_loss           | 5.42      |
---------------------------------------
-----------------------------------------
| rollout/                |             |
|    ep_len_mean          | 109         |
|    ep_rew_mean          | -7.53       |
| time/                   |             |
|    fps                  | 951         |
|    iterations           | 36          |
|    time_elapsed         | 310         |
|    total_timesteps      | 294912      |
| train/                  |             |
|    approx_kl            | 0.022807596 |
|    clip_fraction        | 0.204       |
|    clip_range           | 0.2         |
|    entropy_loss         | -2.28       |
|    explained_variance   | 0.986       |
|    learning_rate        | 0.0003      |
|    loss                 | 1.23        |
|    n_updates            | 19360       |
|    policy_gradient_loss | -0.000751   |
|    std                  | 0.462       |
|    value_loss           | 3.02        |
-----------------------------------------
-----------------------------------------
| rollout/                |             |
|    ep_len_mean          | 109         |
|    ep_rew_mean          | -9.24       |
| time/                   |             |
|    fps                  | 951         |
|    iterations           | 37          |
|    time_elapsed         | 318         |
|    total_timesteps      | 303104      |
| train/                  |             |
|    approx_kl            | 0.026280254 |
|    clip_fraction        | 0.246       |
|    clip_range           | 0.2         |
|    entropy_loss         | -2.31       |
|    explained_variance   | 0.984       |
|    learning_rate        | 0.0003      |
|    loss                 | 20          |
|    n_updates            | 19370       |
|    policy_gradient_loss | -0.00125    |
|    std                  | 0.466       |
|    value_loss           | 6.9         |
-----------------------------------------
---------------------------------------
| rollout/                |           |
|    ep_len_mean          | 132       |
|    ep_rew_mean          | -17       |
| time/                   |           |
|    fps                  | 952       |
|    iterations           | 38        |
|    time_elapsed         | 326       |
|    total_timesteps      | 311296    |
| train/                  |           |
|    approx_kl            | 0.0309954 |
|    clip_fraction        | 0.233     |
|    clip_range           | 0.2       |
|    entropy_loss         | -2.34     |
|    explained_variance   | 0.991     |
|    learning_rate        | 0.0003    |
|    loss                 | 11.3      |
|    n_updates            | 19380     |
|    policy_gradient_loss | -0.00119  |
|    std                  | 0.47      |
|    value_loss           | 3.33      |
---------------------------------------
-----------------------------------------
| rollout/                |             |
|    ep_len_mean          | 161         |
|    ep_rew_mean          | -26.4       |
| time/                   |             |
|    fps                  | 952         |
|    iterations           | 39          |
|    time_elapsed         | 335         |
|    total_timesteps      | 319488      |
| train/                  |             |
|    approx_kl            | 0.019904304 |
|    clip_fraction        | 0.183       |
|    clip_range           | 0.2         |
|    entropy_loss         | -2.38       |
|    explained_variance   | 0.972       |
|    learning_rate        | 0.0003      |
|    loss                 | 0.126       |
|    n_updates            | 19390       |
|    policy_gradient_loss | 0.00237     |
|    std                  | 0.473       |
|    value_loss           | 1.16        |
-----------------------------------------
-----------------------------------------
| rollout/                |             |
|    ep_len_mean          | 144         |
|    ep_rew_mean          | -22.9       |
| time/                   |             |
|    fps                  | 953         |
|    iterations           | 40          |
|    time_elapsed         | 343         |
|    total_timesteps      | 327680      |
| train/                  |             |
|    approx_kl            | 0.023912992 |
|    clip_fraction        | 0.215       |
|    clip_range           | 0.2         |
|    entropy_loss         | -2.4        |
|    explained_variance   | 0.989       |
|    learning_rate        | 0.0003      |
|    loss                 | 0.216       |
|    n_updates            | 19400       |
|    policy_gradient_loss | -0.00504    |
|    std                  | 0.473       |
|    value_loss           | 3.19        |
-----------------------------------------
-----------------------------------------
| rollout/                |             |
|    ep_len_mean          | 115         |
|    ep_rew_mean          | -10.2       |
| time/                   |             |
|    fps                  | 953         |
|    iterations           | 41          |
|    time_elapsed         | 352         |
|    total_timesteps      | 335872      |
| train/                  |             |
|    approx_kl            | 0.026299309 |
|    clip_fraction        | 0.216       |
|    clip_range           | 0.2         |
|    entropy_loss         | -2.36       |
|    explained_variance   | 0.989       |
|    learning_rate        | 0.0003      |
|    loss                 | 0.431       |
|    n_updates            | 19410       |
|    policy_gradient_loss | -0.00597    |
|    std                  | 0.469       |
|    value_loss           | 2.82        |
-----------------------------------------
-----------------------------------------
| rollout/                |             |
|    ep_len_mean          | 120         |
|    ep_rew_mean          | -11.4       |
| time/                   |             |
|    fps                  | 954         |
|    iterations           | 42          |
|    time_elapsed         | 360         |
|    total_timesteps      | 344064      |
| train/                  |             |
|    approx_kl            | 0.027916126 |
|    clip_fraction        | 0.255       |
|    clip_range           | 0.2         |
|    entropy_loss         | -2.33       |
|    explained_variance   | 0.993       |
|    learning_rate        | 0.0003      |
|    loss                 | 0.244       |
|    n_updates            | 19420       |
|    policy_gradient_loss | 0.000262    |
|    std                  | 0.466       |
|    value_loss           | 1.92        |
-----------------------------------------
-----------------------------------------
| rollout/                |             |
|    ep_len_mean          | 121         |
|    ep_rew_mean          | -10.9       |
| time/                   |             |
|    fps                  | 954         |
|    iterations           | 43          |
|    time_elapsed         | 369         |
|    total_timesteps      | 352256      |
| train/                  |             |
|    approx_kl            | 0.029622281 |
|    clip_fraction        | 0.236       |
|    clip_range           | 0.2         |
|    entropy_loss         | -2.3        |
|    explained_variance   | 0.993       |
|    learning_rate        | 0.0003      |
|    loss                 | 0.429       |
|    n_updates            | 19430       |
|    policy_gradient_loss | -0.00346    |
|    std                  | 0.461       |
|    value_loss           | 2.15        |
-----------------------------------------
-----------------------------------------
| rollout/                |             |
|    ep_len_mean          | 138         |
|    ep_rew_mean          | -16.4       |
| time/                   |             |
|    fps                  | 955         |
|    iterations           | 44          |
|    time_elapsed         | 377         |
|    total_timesteps      | 360448      |
| train/                  |             |
|    approx_kl            | 0.024301369 |
|    clip_fraction        | 0.247       |
|    clip_range           | 0.2         |
|    entropy_loss         | -2.29       |
|    explained_variance   | 0.992       |
|    learning_rate        | 0.0003      |
|    loss                 | 0.198       |
|    n_updates            | 19440       |
|    policy_gradient_loss | -0.00324    |
|    std                  | 0.462       |
|    value_loss           | 2.37        |
-----------------------------------------
-----------------------------------------
| rollout/                |             |
|    ep_len_mean          | 120         |
|    ep_rew_mean          | -11.5       |
| time/                   |             |
|    fps                  | 955         |
|    iterations           | 45          |
|    time_elapsed         | 385         |
|    total_timesteps      | 368640      |
| train/                  |             |
|    approx_kl            | 0.026863508 |
|    clip_fraction        | 0.271       |
|    clip_range           | 0.2         |
|    entropy_loss         | -2.29       |
|    explained_variance   | 0.992       |
|    learning_rate        | 0.0003      |
|    loss                 | 0.201       |
|    n_updates            | 19450       |
|    policy_gradient_loss | -0.00243    |
|    std                  | 0.461       |
|    value_loss           | 2.21        |
-----------------------------------------
-----------------------------------------
| rollout/                |             |
|    ep_len_mean          | 114         |
|    ep_rew_mean          | -15.6       |
| time/                   |             |
|    fps                  | 955         |
|    iterations           | 46          |
|    time_elapsed         | 394         |
|    total_timesteps      | 376832      |
| train/                  |             |
|    approx_kl            | 0.020016639 |
|    clip_fraction        | 0.181       |
|    clip_range           | 0.2         |
|    entropy_loss         | -2.3        |
|    explained_variance   | 0.99        |
|    learning_rate        | 0.0003      |
|    loss                 | 0.671       |
|    n_updates            | 19460       |
|    policy_gradient_loss | -0.00271    |
|    std                  | 0.465       |
|    value_loss           | 2.65        |
-----------------------------------------
-----------------------------------------
| rollout/                |             |
|    ep_len_mean          | 108         |
|    ep_rew_mean          | -11.2       |
| time/                   |             |
|    fps                  | 956         |
|    iterations           | 47          |
|    time_elapsed         | 402         |
|    total_timesteps      | 385024      |
| train/                  |             |
|    approx_kl            | 0.020351363 |
|    clip_fraction        | 0.165       |
|    clip_range           | 0.2         |
|    entropy_loss         | -2.33       |
|    explained_variance   | 0.982       |
|    learning_rate        | 0.0003      |
|    loss                 | 6.96        |
|    n_updates            | 19470       |
|    policy_gradient_loss | -0.00633    |
|    std                  | 0.467       |
|    value_loss           | 6.51        |
-----------------------------------------
----------------------------------------
| rollout/                |            |
|    ep_len_mean          | 138        |
|    ep_rew_mean          | -19.6      |
| time/                   |            |
|    fps                  | 956        |
|    iterations           | 48         |
|    time_elapsed         | 411        |
|    total_timesteps      | 393216     |
| train/                  |            |
|    approx_kl            | 0.02771035 |
|    clip_fraction        | 0.261      |
|    clip_range           | 0.2        |
|    entropy_loss         | -2.35      |
|    explained_variance   | 0.994      |
|    learning_rate        | 0.0003     |
|    loss                 | 0.301      |
|    n_updates            | 19480      |
|    policy_gradient_loss | -0.00102   |
|    std                  | 0.467      |
|    value_loss           | 1.94       |
----------------------------------------
[PeriodicArtifactCallback] step 400000: running periodic self-monitoring analysis...
[PeriodicArtifactCallback] analysis written to C:\GitHub\HumanoidRobot\simulation\training\pick_place\runs\pp_v17\analysis_400000.md (stalled=False)
[PeriodicArtifactCallback] step 400000: saving checkpoint, evaluating, rendering...
[PeriodicArtifactCallback] step 400000: success_rate=0.00 pick_success_rate=0.40 mean_reward=-278.22 -> C:\GitHub\HumanoidRobot\simulation\training\pick_place\runs\pp_v17\dashboard.html
-----------------------------------------
| rollout/                |             |
|    ep_len_mean          | 138         |
|    ep_rew_mean          | -18.4       |
| time/                   |             |
|    fps                  | 914         |
|    iterations           | 49          |
|    time_elapsed         | 439         |
|    total_timesteps      | 401408      |
| train/                  |             |
|    approx_kl            | 0.026567146 |
|    clip_fraction        | 0.257       |
|    clip_range           | 0.2         |
|    entropy_loss         | -2.33       |
|    explained_variance   | 0.994       |
|    learning_rate        | 0.0003      |
|    loss                 | 0.31        |
|    n_updates            | 19490       |
|    policy_gradient_loss | -0.00274    |
|    std                  | 0.466       |
|    value_loss           | 1.49        |
-----------------------------------------
-----------------------------------------
| rollout/                |             |
|    ep_len_mean          | 109         |
|    ep_rew_mean          | -12.5       |
| time/                   |             |
|    fps                  | 915         |
|    iterations           | 50          |
|    time_elapsed         | 447         |
|    total_timesteps      | 409600      |
| train/                  |             |
|    approx_kl            | 0.014784373 |
|    clip_fraction        | 0.151       |
|    clip_range           | 0.2         |
|    entropy_loss         | -2.33       |
|    explained_variance   | 0.982       |
|    learning_rate        | 0.0003      |
|    loss                 | 0.568       |
|    n_updates            | 19500       |
|    policy_gradient_loss | -0.00126    |
|    std                  | 0.469       |
|    value_loss           | 2.48        |
-----------------------------------------
-----------------------------------------
| rollout/                |             |
|    ep_len_mean          | 126         |
|    ep_rew_mean          | -16.7       |
| time/                   |             |
|    fps                  | 917         |
|    iterations           | 51          |
|    time_elapsed         | 455         |
|    total_timesteps      | 417792      |
| train/                  |             |
|    approx_kl            | 0.019735232 |
|    clip_fraction        | 0.171       |
|    clip_range           | 0.2         |
|    entropy_loss         | -2.36       |
|    explained_variance   | 0.983       |
|    learning_rate        | 0.0003      |
|    loss                 | 0.598       |
|    n_updates            | 19510       |
|    policy_gradient_loss | 0.00662     |
|    std                  | 0.469       |
|    value_loss           | 2.76        |
-----------------------------------------
----------------------------------------
| rollout/                |            |
|    ep_len_mean          | 138        |
|    ep_rew_mean          | -18        |
| time/                   |            |
|    fps                  | 918        |
|    iterations           | 52         |
|    time_elapsed         | 463        |
|    total_timesteps      | 425984     |
| train/                  |            |
|    approx_kl            | 0.02371592 |
|    clip_fraction        | 0.193      |
|    clip_range           | 0.2        |
|    entropy_loss         | -2.39      |
|    explained_variance   | 0.981      |
|    learning_rate        | 0.0003     |
|    loss                 | 1.06       |
|    n_updates            | 19520      |
|    policy_gradient_loss | 0.00269    |
|    std                  | 0.473      |
|    value_loss           | 3.28       |
----------------------------------------
-----------------------------------------
| rollout/                |             |
|    ep_len_mean          | 109         |
|    ep_rew_mean          | -5.2        |
| time/                   |             |
|    fps                  | 919         |
|    iterations           | 53          |
|    time_elapsed         | 472         |
|    total_timesteps      | 434176      |
| train/                  |             |
|    approx_kl            | 0.026121888 |
|    clip_fraction        | 0.239       |
|    clip_range           | 0.2         |
|    entropy_loss         | -2.36       |
|    explained_variance   | 0.992       |
|    learning_rate        | 0.0003      |
|    loss                 | 0.682       |
|    n_updates            | 19530       |
|    policy_gradient_loss | 0.000318    |
|    std                  | 0.466       |
|    value_loss           | 1.97        |
-----------------------------------------
----------------------------------------
| rollout/                |            |
|    ep_len_mean          | 103        |
|    ep_rew_mean          | -4.71      |
| time/                   |            |
|    fps                  | 920        |
|    iterations           | 54         |
|    time_elapsed         | 480        |
|    total_timesteps      | 442368     |
| train/                  |            |
|    approx_kl            | 0.02635894 |
|    clip_fraction        | 0.263      |
|    clip_range           | 0.2        |
|    entropy_loss         | -2.32      |
|    explained_variance   | 0.991      |
|    learning_rate        | 0.0003     |
|    loss                 | 0.617      |
|    n_updates            | 19540      |
|    policy_gradient_loss | -0.00409   |
|    std                  | 0.464      |
|    value_loss           | 4.05       |
----------------------------------------
-----------------------------------------
| rollout/                |             |
|    ep_len_mean          | 126         |
|    ep_rew_mean          | -15         |
| time/                   |             |
|    fps                  | 921         |
|    iterations           | 55          |
|    time_elapsed         | 488         |
|    total_timesteps      | 450560      |
| train/                  |             |
|    approx_kl            | 0.022597443 |
|    clip_fraction        | 0.219       |
|    clip_range           | 0.2         |
|    entropy_loss         | -2.31       |
|    explained_variance   | 0.991       |
|    learning_rate        | 0.0003      |
|    loss                 | 0.307       |
|    n_updates            | 19550       |
|    policy_gradient_loss | -0.000703   |
|    std                  | 0.463       |
|    value_loss           | 2.1         |
-----------------------------------------
-----------------------------------------
| rollout/                |             |
|    ep_len_mean          | 126         |
|    ep_rew_mean          | -15.8       |
| time/                   |             |
|    fps                  | 922         |
|    iterations           | 56          |
|    time_elapsed         | 497         |
|    total_timesteps      | 458752      |
| train/                  |             |
|    approx_kl            | 0.020894196 |
|    clip_fraction        | 0.188       |
|    clip_range           | 0.2         |
|    entropy_loss         | -2.31       |
|    explained_variance   | 0.974       |
|    learning_rate        | 0.0003      |
|    loss                 | 2.97        |
|    n_updates            | 19560       |
|    policy_gradient_loss | -0.00715    |
|    std                  | 0.465       |
|    value_loss           | 3.59        |
-----------------------------------------
-----------------------------------------
| rollout/                |             |
|    ep_len_mean          | 150         |
|    ep_rew_mean          | -21.5       |
| time/                   |             |
|    fps                  | 923         |
|    iterations           | 57          |
|    time_elapsed         | 505         |
|    total_timesteps      | 466944      |
| train/                  |             |
|    approx_kl            | 0.026364302 |
|    clip_fraction        | 0.263       |
|    clip_range           | 0.2         |
|    entropy_loss         | -2.33       |
|    explained_variance   | 0.994       |
|    learning_rate        | 0.0003      |
|    loss                 | 0.3         |
|    n_updates            | 19570       |
|    policy_gradient_loss | 9.43e-05    |
|    std                  | 0.468       |
|    value_loss           | 1.31        |
-----------------------------------------
-----------------------------------------
| rollout/                |             |
|    ep_len_mean          | 173         |
|    ep_rew_mean          | -28.7       |
| time/                   |             |
|    fps                  | 923         |
|    iterations           | 58          |
|    time_elapsed         | 514         |
|    total_timesteps      | 475136      |
| train/                  |             |
|    approx_kl            | 0.026664473 |
|    clip_fraction        | 0.232       |
|    clip_range           | 0.2         |
|    entropy_loss         | -2.34       |
|    explained_variance   | 0.991       |
|    learning_rate        | 0.0003      |
|    loss                 | 3.84        |
|    n_updates            | 19580       |
|    policy_gradient_loss | -0.000748   |
|    std                  | 0.469       |
|    value_loss           | 1.48        |
-----------------------------------------
-----------------------------------------
| rollout/                |             |
|    ep_len_mean          | 167         |
|    ep_rew_mean          | -35.6       |
| time/                   |             |
|    fps                  | 925         |
|    iterations           | 59          |
|    time_elapsed         | 522         |
|    total_timesteps      | 483328      |
| train/                  |             |
|    approx_kl            | 0.016099293 |
|    clip_fraction        | 0.134       |
|    clip_range           | 0.2         |
|    entropy_loss         | -2.31       |
|    explained_variance   | 0.969       |
|    learning_rate        | 0.0003      |
|    loss                 | 0.617       |
|    n_updates            | 19590       |
|    policy_gradient_loss | 0.00387     |
|    std                  | 0.463       |
|    value_loss           | 2.6         |
-----------------------------------------
----------------------------------------
| rollout/                |            |
|    ep_len_mean          | 178        |
|    ep_rew_mean          | -40.6      |
| time/                   |            |
|    fps                  | 925        |
|    iterations           | 60         |
|    time_elapsed         | 531        |
|    total_timesteps      | 491520     |
| train/                  |            |
|    approx_kl            | 0.04132343 |
|    clip_fraction        | 0.22       |
|    clip_range           | 0.2        |
|    entropy_loss         | -2.31      |
|    explained_variance   | 0.989      |
|    learning_rate        | 0.0003     |
|    loss                 | 0.307      |
|    n_updates            | 19600      |
|    policy_gradient_loss | -0.00306   |
|    std                  | 0.466      |
|    value_loss           | 1.84       |
----------------------------------------
----------------------------------------
| rollout/                |            |
|    ep_len_mean          | 184        |
|    ep_rew_mean          | -39.6      |
| time/                   |            |
|    fps                  | 926        |
|    iterations           | 61         |
|    time_elapsed         | 539        |
|    total_timesteps      | 499712     |
| train/                  |            |
|    approx_kl            | 0.02913059 |
|    clip_fraction        | 0.249      |
|    clip_range           | 0.2        |
|    entropy_loss         | -2.31      |
|    explained_variance   | 0.986      |
|    learning_rate        | 0.0003     |
|    loss                 | 0.584      |
|    n_updates            | 19610      |
|    policy_gradient_loss | -0.00307   |
|    std                  | 0.466      |
|    value_loss           | 2.19       |
----------------------------------------
-----------------------------------------
| rollout/                |             |
|    ep_len_mean          | 155         |
|    ep_rew_mean          | -31.2       |
| time/                   |             |
|    fps                  | 927         |
|    iterations           | 62          |
|    time_elapsed         | 547         |
|    total_timesteps      | 507904      |
| train/                  |             |
|    approx_kl            | 0.014944286 |
|    clip_fraction        | 0.167       |
|    clip_range           | 0.2         |
|    entropy_loss         | -2.28       |
|    explained_variance   | 0.984       |
|    learning_rate        | 0.0003      |
|    loss                 | 1.24        |
|    n_updates            | 19620       |
|    policy_gradient_loss | 0.000321    |
|    std                  | 0.461       |
|    value_loss           | 2.02        |
-----------------------------------------
-----------------------------------------
| rollout/                |             |
|    ep_len_mean          | 161         |
|    ep_rew_mean          | -33.7       |
| time/                   |             |
|    fps                  | 927         |
|    iterations           | 63          |
|    time_elapsed         | 556         |
|    total_timesteps      | 516096      |
| train/                  |             |
|    approx_kl            | 0.021986187 |
|    clip_fraction        | 0.202       |
|    clip_range           | 0.2         |
|    entropy_loss         | -2.3        |
|    explained_variance   | 0.987       |
|    learning_rate        | 0.0003      |
|    loss                 | 0.197       |
|    n_updates            | 19630       |
|    policy_gradient_loss | 0.00432     |
|    std                  | 0.467       |
|    value_loss           | 1.09        |
-----------------------------------------
-----------------------------------------
| rollout/                |             |
|    ep_len_mean          | 179         |
|    ep_rew_mean          | -40.9       |
| time/                   |             |
|    fps                  | 928         |
|    iterations           | 64          |
|    time_elapsed         | 564         |
|    total_timesteps      | 524288      |
| train/                  |             |
|    approx_kl            | 0.022589039 |
|    clip_fraction        | 0.197       |
|    clip_range           | 0.2         |
|    entropy_loss         | -2.32       |
|    explained_variance   | 0.983       |
|    learning_rate        | 0.0003      |
|    loss                 | 0.847       |
|    n_updates            | 19640       |
|    policy_gradient_loss | 0.000236    |
|    std                  | 0.468       |
|    value_loss           | 2           |
-----------------------------------------
-----------------------------------------
| rollout/                |             |
|    ep_len_mean          | 178         |
|    ep_rew_mean          | -43.1       |
| time/                   |             |
|    fps                  | 929         |
|    iterations           | 65          |
|    time_elapsed         | 572         |
|    total_timesteps      | 532480      |
| train/                  |             |
|    approx_kl            | 0.023843823 |
|    clip_fraction        | 0.219       |
|    clip_range           | 0.2         |
|    entropy_loss         | -2.34       |
|    explained_variance   | 0.985       |
|    learning_rate        | 0.0003      |
|    loss                 | 0.326       |
|    n_updates            | 19650       |
|    policy_gradient_loss | -0.00628    |
|    std                  | 0.47        |
|    value_loss           | 2.37        |
-----------------------------------------
-----------------------------------------
| rollout/                |             |
|    ep_len_mean          | 196         |
|    ep_rew_mean          | -46.1       |
| time/                   |             |
|    fps                  | 929         |
|    iterations           | 66          |
|    time_elapsed         | 581         |
|    total_timesteps      | 540672      |
| train/                  |             |
|    approx_kl            | 0.025403883 |
|    clip_fraction        | 0.261       |
|    clip_range           | 0.2         |
|    entropy_loss         | -2.37       |
|    explained_variance   | 0.989       |
|    learning_rate        | 0.0003      |
|    loss                 | 0.67        |
|    n_updates            | 19660       |
|    policy_gradient_loss | 0.00454     |
|    std                  | 0.476       |
|    value_loss           | 2.51        |
-----------------------------------------
------------------------------------------
| rollout/                |              |
|    ep_len_mean          | 167          |
|    ep_rew_mean          | -35.5        |
| time/                   |              |
|    fps                  | 930          |
|    iterations           | 67           |
|    time_elapsed         | 590          |
|    total_timesteps      | 548864       |
| train/                  |              |
|    approx_kl            | 0.0156142935 |
|    clip_fraction        | 0.129        |
|    clip_range           | 0.2          |
|    entropy_loss         | -2.41        |
|    explained_variance   | 0.965        |
|    learning_rate        | 0.0003       |
|    loss                 | 0.403        |
|    n_updates            | 19670        |
|    policy_gradient_loss | 0.0013       |
|    std                  | 0.478        |
|    value_loss           | 1.51         |
------------------------------------------
----------------------------------------
| rollout/                |            |
|    ep_len_mean          | 126        |
|    ep_rew_mean          | -17.9      |
| time/                   |            |
|    fps                  | 930        |
|    iterations           | 68         |
|    time_elapsed         | 598        |
|    total_timesteps      | 557056     |
| train/                  |            |
|    approx_kl            | 0.01896075 |
|    clip_fraction        | 0.173      |
|    clip_range           | 0.2        |
|    entropy_loss         | -2.44      |
|    explained_variance   | 0.987      |
|    learning_rate        | 0.0003     |
|    loss                 | 0.39       |
|    n_updates            | 19680      |
|    policy_gradient_loss | -0.000766  |
|    std                  | 0.481      |
|    value_loss           | 1.99       |
----------------------------------------
-----------------------------------------
| rollout/                |             |
|    ep_len_mean          | 172         |
|    ep_rew_mean          | -36.7       |
| time/                   |             |
|    fps                  | 931         |
|    iterations           | 69          |
|    time_elapsed         | 607         |
|    total_timesteps      | 565248      |
| train/                  |             |
|    approx_kl            | 0.017706256 |
|    clip_fraction        | 0.145       |
|    clip_range           | 0.2         |
|    entropy_loss         | -2.46       |
|    explained_variance   | 0.983       |
|    learning_rate        | 0.0003      |
|    loss                 | 1.52        |
|    n_updates            | 19690       |
|    policy_gradient_loss | -0.00203    |
|    std                  | 0.482       |
|    value_loss           | 3.52        |
-----------------------------------------
-----------------------------------------
| rollout/                |             |
|    ep_len_mean          | 184         |
|    ep_rew_mean          | -41.6       |
| time/                   |             |
|    fps                  | 932         |
|    iterations           | 70          |
|    time_elapsed         | 615         |
|    total_timesteps      | 573440      |
| train/                  |             |
|    approx_kl            | 0.026207397 |
|    clip_fraction        | 0.248       |
|    clip_range           | 0.2         |
|    entropy_loss         | -2.49       |
|    explained_variance   | 0.983       |
|    learning_rate        | 0.0003      |
|    loss                 | 1.14        |
|    n_updates            | 19700       |
|    policy_gradient_loss | -0.000692   |
|    std                  | 0.487       |
|    value_loss           | 2.22        |
-----------------------------------------
-----------------------------------------
| rollout/                |             |
|    ep_len_mean          | 179         |
|    ep_rew_mean          | -36.5       |
| time/                   |             |
|    fps                  | 932         |
|    iterations           | 71          |
|    time_elapsed         | 623         |
|    total_timesteps      | 581632      |
| train/                  |             |
|    approx_kl            | 0.017039867 |
|    clip_fraction        | 0.165       |
|    clip_range           | 0.2         |
|    entropy_loss         | -2.52       |
|    explained_variance   | 0.984       |
|    learning_rate        | 0.0003      |
|    loss                 | 0.208       |
|    n_updates            | 19710       |
|    policy_gradient_loss | -0.000131   |
|    std                  | 0.486       |
|    value_loss           | 0.846       |
-----------------------------------------
-----------------------------------------
| rollout/                |             |
|    ep_len_mean          | 138         |
|    ep_rew_mean          | -16.3       |
| time/                   |             |
|    fps                  | 933         |
|    iterations           | 72          |
|    time_elapsed         | 631         |
|    total_timesteps      | 589824      |
| train/                  |             |
|    approx_kl            | 0.022716435 |
|    clip_fraction        | 0.25        |
|    clip_range           | 0.2         |
|    entropy_loss         | -2.5        |
|    explained_variance   | 0.992       |
|    learning_rate        | 0.0003      |
|    loss                 | 0.162       |
|    n_updates            | 19720       |
|    policy_gradient_loss | -0.00183    |
|    std                  | 0.484       |
|    value_loss           | 0.996       |
-----------------------------------------
-----------------------------------------
| rollout/                |             |
|    ep_len_mean          | 132         |
|    ep_rew_mean          | -16.5       |
| time/                   |             |
|    fps                  | 933         |
|    iterations           | 73          |
|    time_elapsed         | 640         |
|    total_timesteps      | 598016      |
| train/                  |             |
|    approx_kl            | 0.022766301 |
|    clip_fraction        | 0.2         |
|    clip_range           | 0.2         |
|    entropy_loss         | -2.48       |
|    explained_variance   | 0.986       |
|    learning_rate        | 0.0003      |
|    loss                 | 0.613       |
|    n_updates            | 19730       |
|    policy_gradient_loss | -0.00422    |
|    std                  | 0.482       |
|    value_loss           | 4.21        |
-----------------------------------------
[PeriodicArtifactCallback] step 600000: saving checkpoint, evaluating, rendering...
[PeriodicArtifactCallback] step 600000: success_rate=0.00 pick_success_rate=0.50 mean_reward=-258.26 -> C:\GitHub\HumanoidRobot\simulation\training\pick_place\runs\pp_v17\dashboard.html
-----------------------------------------
| rollout/                |             |
|    ep_len_mean          | 172         |
|    ep_rew_mean          | -38.2       |
| time/                   |             |
|    fps                  | 918         |
|    iterations           | 74          |
|    time_elapsed         | 660         |
|    total_timesteps      | 606208      |
| train/                  |             |
|    approx_kl            | 0.025513172 |
|    clip_fraction        | 0.216       |
|    clip_range           | 0.2         |
|    entropy_loss         | -2.48       |
|    explained_variance   | 0.991       |
|    learning_rate        | 0.0003      |
|    loss                 | 0.148       |
|    n_updates            | 19740       |
|    policy_gradient_loss | -0.00215    |
|    std                  | 0.48        |
|    value_loss           | 1.35        |
-----------------------------------------
-----------------------------------------
| rollout/                |             |
|    ep_len_mean          | 161         |
|    ep_rew_mean          | -34.4       |
| time/                   |             |
|    fps                  | 918         |
|    iterations           | 75          |
|    time_elapsed         | 668         |
|    total_timesteps      | 614400      |
| train/                  |             |
|    approx_kl            | 0.017165096 |
|    clip_fraction        | 0.209       |
|    clip_range           | 0.2         |
|    entropy_loss         | -2.46       |
|    explained_variance   | 0.992       |
|    learning_rate        | 0.0003      |
|    loss                 | 0.122       |
|    n_updates            | 19750       |
|    policy_gradient_loss | -0.00294    |
|    std                  | 0.48        |
|    value_loss           | 1.97        |
-----------------------------------------
-----------------------------------------
| rollout/                |             |
|    ep_len_mean          | 155         |
|    ep_rew_mean          | -29.2       |
| time/                   |             |
|    fps                  | 919         |
|    iterations           | 76          |
|    time_elapsed         | 676         |
|    total_timesteps      | 622592      |
| train/                  |             |
|    approx_kl            | 0.024366157 |
|    clip_fraction        | 0.21        |
|    clip_range           | 0.2         |
|    entropy_loss         | -2.47       |
|    explained_variance   | 0.987       |
|    learning_rate        | 0.0003      |
|    loss                 | 0.42        |
|    n_updates            | 19760       |
|    policy_gradient_loss | -0.00328    |
|    std                  | 0.48        |
|    value_loss           | 2.05        |
-----------------------------------------
-----------------------------------------
| rollout/                |             |
|    ep_len_mean          | 185         |
|    ep_rew_mean          | -46         |
| time/                   |             |
|    fps                  | 920         |
|    iterations           | 77          |
|    time_elapsed         | 685         |
|    total_timesteps      | 630784      |
| train/                  |             |
|    approx_kl            | 0.014975281 |
|    clip_fraction        | 0.166       |
|    clip_range           | 0.2         |
|    entropy_loss         | -2.48       |
|    explained_variance   | 0.973       |
|    learning_rate        | 0.0003      |
|    loss                 | 0.774       |
|    n_updates            | 19770       |
|    policy_gradient_loss | -0.00462    |
|    std                  | 0.482       |
|    value_loss           | 4.76        |
-----------------------------------------
-----------------------------------------
| rollout/                |             |
|    ep_len_mean          | 174         |
|    ep_rew_mean          | -49.4       |
| time/                   |             |
|    fps                  | 921         |
|    iterations           | 78          |
|    time_elapsed         | 693         |
|    total_timesteps      | 638976      |
| train/                  |             |
|    approx_kl            | 0.020969985 |
|    clip_fraction        | 0.184       |
|    clip_range           | 0.2         |
|    entropy_loss         | -2.49       |
|    explained_variance   | 0.974       |
|    learning_rate        | 0.0003      |
|    loss                 | 0.409       |
|    n_updates            | 19780       |
|    policy_gradient_loss | -0.00696    |
|    std                  | 0.482       |
|    value_loss           | 2.87        |
-----------------------------------------
-----------------------------------------
| rollout/                |             |
|    ep_len_mean          | 144         |
|    ep_rew_mean          | -34.5       |
| time/                   |             |
|    fps                  | 921         |
|    iterations           | 79          |
|    time_elapsed         | 702         |
|    total_timesteps      | 647168      |
| train/                  |             |
|    approx_kl            | 0.017723994 |
|    clip_fraction        | 0.173       |
|    clip_range           | 0.2         |
|    entropy_loss         | -2.49       |
|    explained_variance   | 0.974       |
|    learning_rate        | 0.0003      |
|    loss                 | 0.817       |
|    n_updates            | 19790       |
|    policy_gradient_loss | 0.00198     |
|    std                  | 0.482       |
|    value_loss           | 4.09        |
-----------------------------------------
----------------------------------------
| rollout/                |            |
|    ep_len_mean          | 161        |
|    ep_rew_mean          | -34.4      |
| time/                   |            |
|    fps                  | 922        |
|    iterations           | 80         |
|    time_elapsed         | 710        |
|    total_timesteps      | 655360     |
| train/                  |            |
|    approx_kl            | 0.02146437 |
|    clip_fraction        | 0.229      |
|    clip_range           | 0.2        |
|    entropy_loss         | -2.53      |
|    explained_variance   | 0.986      |
|    learning_rate        | 0.0003     |
|    loss                 | 0.214      |
|    n_updates            | 19800      |
|    policy_gradient_loss | 0.0019     |
|    std                  | 0.489      |
|    value_loss           | 2.26       |
----------------------------------------
----------------------------------------
| rollout/                |            |
|    ep_len_mean          | 213        |
|    ep_rew_mean          | -53        |
| time/                   |            |
|    fps                  | 923        |
|    iterations           | 81         |
|    time_elapsed         | 718        |
|    total_timesteps      | 663552     |
| train/                  |            |
|    approx_kl            | 0.02064478 |
|    clip_fraction        | 0.243      |
|    clip_range           | 0.2        |
|    entropy_loss         | -2.54      |
|    explained_variance   | 0.995      |
|    learning_rate        | 0.0003     |
|    loss                 | 0.352      |
|    n_updates            | 19810      |
|    policy_gradient_loss | -0.00468   |
|    std                  | 0.487      |
|    value_loss           | 0.812      |
----------------------------------------
-----------------------------------------
| rollout/                |             |
|    ep_len_mean          | 166         |
|    ep_rew_mean          | -33.6       |
| time/                   |             |
|    fps                  | 924         |
|    iterations           | 82          |
|    time_elapsed         | 726         |
|    total_timesteps      | 671744      |
| train/                  |             |
|    approx_kl            | 0.018819928 |
|    clip_fraction        | 0.189       |
|    clip_range           | 0.2         |
|    entropy_loss         | -2.54       |
|    explained_variance   | 0.987       |
|    learning_rate        | 0.0003      |
|    loss                 | 0.546       |
|    n_updates            | 19820       |
|    policy_gradient_loss | -0.000329   |
|    std                  | 0.488       |
|    value_loss           | 1.16        |
-----------------------------------------
-----------------------------------------
| rollout/                |             |
|    ep_len_mean          | 161         |
|    ep_rew_mean          | -27.2       |
| time/                   |             |
|    fps                  | 924         |
|    iterations           | 83          |
|    time_elapsed         | 735         |
|    total_timesteps      | 679936      |
| train/                  |             |
|    approx_kl            | 0.022578694 |
|    clip_fraction        | 0.225       |
|    clip_range           | 0.2         |
|    entropy_loss         | -2.56       |
|    explained_variance   | 0.977       |
|    learning_rate        | 0.0003      |
|    loss                 | 0.722       |
|    n_updates            | 19830       |
|    policy_gradient_loss | -0.00546    |
|    std                  | 0.492       |
|    value_loss           | 5.66        |
-----------------------------------------
-----------------------------------------
| rollout/                |             |
|    ep_len_mean          | 173         |
|    ep_rew_mean          | -32.4       |
| time/                   |             |
|    fps                  | 925         |
|    iterations           | 84          |
|    time_elapsed         | 743         |
|    total_timesteps      | 688128      |
| train/                  |             |
|    approx_kl            | 0.020429716 |
|    clip_fraction        | 0.227       |
|    clip_range           | 0.2         |
|    entropy_loss         | -2.57       |
|    explained_variance   | 0.992       |
|    learning_rate        | 0.0003      |
|    loss                 | 0.07        |
|    n_updates            | 19840       |
|    policy_gradient_loss | -0.005      |
|    std                  | 0.492       |
|    value_loss           | 0.815       |
-----------------------------------------
-----------------------------------------
| rollout/                |             |
|    ep_len_mean          | 149         |
|    ep_rew_mean          | -23.1       |
| time/                   |             |
|    fps                  | 925         |
|    iterations           | 85          |
|    time_elapsed         | 752         |
|    total_timesteps      | 696320      |
| train/                  |             |
|    approx_kl            | 0.030013468 |
|    clip_fraction        | 0.257       |
|    clip_range           | 0.2         |
|    entropy_loss         | -2.55       |
|    explained_variance   | 0.996       |
|    learning_rate        | 0.0003      |
|    loss                 | 0.167       |
|    n_updates            | 19850       |
|    policy_gradient_loss | -0.00274    |
|    std                  | 0.489       |
|    value_loss           | 0.922       |
-----------------------------------------
-----------------------------------------
| rollout/                |             |
|    ep_len_mean          | 161         |
|    ep_rew_mean          | -29.6       |
| time/                   |             |
|    fps                  | 926         |
|    iterations           | 86          |
|    time_elapsed         | 760         |
|    total_timesteps      | 704512      |
| train/                  |             |
|    approx_kl            | 0.014104505 |
|    clip_fraction        | 0.117       |
|    clip_range           | 0.2         |
|    entropy_loss         | -2.53       |
|    explained_variance   | 0.974       |
|    learning_rate        | 0.0003      |
|    loss                 | 1.49        |
|    n_updates            | 19860       |
|    policy_gradient_loss | -0.00116    |
|    std                  | 0.488       |
|    value_loss           | 3.48        |
-----------------------------------------
-----------------------------------------
| rollout/                |             |
|    ep_len_mean          | 201         |
|    ep_rew_mean          | -50.4       |
| time/                   |             |
|    fps                  | 926         |
|    iterations           | 87          |
|    time_elapsed         | 769         |
|    total_timesteps      | 712704      |
| train/                  |             |
|    approx_kl            | 0.020973098 |
|    clip_fraction        | 0.156       |
|    clip_range           | 0.2         |
|    entropy_loss         | -2.54       |
|    explained_variance   | 0.983       |
|    learning_rate        | 0.0003      |
|    loss                 | 1.17        |
|    n_updates            | 19870       |
|    policy_gradient_loss | -0.00599    |
|    std                  | 0.492       |
|    value_loss           | 2.63        |
-----------------------------------------
-----------------------------------------
| rollout/                |             |
|    ep_len_mean          | 219         |
|    ep_rew_mean          | -61.4       |
| time/                   |             |
|    fps                  | 927         |
|    iterations           | 88          |
|    time_elapsed         | 777         |
|    total_timesteps      | 720896      |
| train/                  |             |
|    approx_kl            | 0.018526576 |
|    clip_fraction        | 0.165       |
|    clip_range           | 0.2         |
|    entropy_loss         | -2.6        |
|    explained_variance   | 0.975       |
|    learning_rate        | 0.0003      |
|    loss                 | 0.4         |
|    n_updates            | 19880       |
|    policy_gradient_loss | 0.0163      |
|    std                  | 0.498       |
|    value_loss           | 2.54        |
-----------------------------------------
-----------------------------------------
| rollout/                |             |
|    ep_len_mean          | 218         |
|    ep_rew_mean          | -66.5       |
| time/                   |             |
|    fps                  | 927         |
|    iterations           | 89          |
|    time_elapsed         | 785         |
|    total_timesteps      | 729088      |
| train/                  |             |
|    approx_kl            | 0.015771821 |
|    clip_fraction        | 0.137       |
|    clip_range           | 0.2         |
|    entropy_loss         | -2.64       |
|    explained_variance   | 0.98        |
|    learning_rate        | 0.0003      |
|    loss                 | 0.444       |
|    n_updates            | 19890       |
|    policy_gradient_loss | 0.000425    |
|    std                  | 0.502       |
|    value_loss           | 1.35        |
-----------------------------------------
-----------------------------------------
| rollout/                |             |
|    ep_len_mean          | 224         |
|    ep_rew_mean          | -71.5       |
| time/                   |             |
|    fps                  | 928         |
|    iterations           | 90          |
|    time_elapsed         | 793         |
|    total_timesteps      | 737280      |
| train/                  |             |
|    approx_kl            | 0.018085003 |
|    clip_fraction        | 0.179       |
|    clip_range           | 0.2         |
|    entropy_loss         | -2.66       |
|    explained_variance   | 0.979       |
|    learning_rate        | 0.0003      |
|    loss                 | 0.589       |
|    n_updates            | 19900       |
|    policy_gradient_loss | -0.000552   |
|    std                  | 0.506       |
|    value_loss           | 2.46        |
-----------------------------------------
-----------------------------------------
| rollout/                |             |
|    ep_len_mean          | 236         |
|    ep_rew_mean          | -70.6       |
| time/                   |             |
|    fps                  | 929         |
|    iterations           | 91          |
|    time_elapsed         | 802         |
|    total_timesteps      | 745472      |
| train/                  |             |
|    approx_kl            | 0.014430879 |
|    clip_fraction        | 0.166       |
|    clip_range           | 0.2         |
|    entropy_loss         | -2.67       |
|    explained_variance   | 0.968       |
|    learning_rate        | 0.0003      |
|    loss                 | 1.76        |
|    n_updates            | 19910       |
|    policy_gradient_loss | -0.000705   |
|    std                  | 0.509       |
|    value_loss           | 2.22        |
-----------------------------------------
-----------------------------------------
| rollout/                |             |
|    ep_len_mean          | 236         |
|    ep_rew_mean          | -61.4       |
| time/                   |             |
|    fps                  | 930         |
|    iterations           | 92          |
|    time_elapsed         | 810         |
|    total_timesteps      | 753664      |
| train/                  |             |
|    approx_kl            | 0.025127191 |
|    clip_fraction        | 0.256       |
|    clip_range           | 0.2         |
|    entropy_loss         | -2.71       |
|    explained_variance   | 0.99        |
|    learning_rate        | 0.0003      |
|    loss                 | 0.191       |
|    n_updates            | 19920       |
|    policy_gradient_loss | -0.00593    |
|    std                  | 0.514       |
|    value_loss           | 1.87        |
-----------------------------------------
-----------------------------------------
| rollout/                |             |
|    ep_len_mean          | 219         |
|    ep_rew_mean          | -48.9       |
| time/                   |             |
|    fps                  | 930         |
|    iterations           | 93          |
|    time_elapsed         | 818         |
|    total_timesteps      | 761856      |
| train/                  |             |
|    approx_kl            | 0.023054697 |
|    clip_fraction        | 0.243       |
|    clip_range           | 0.2         |
|    entropy_loss         | -2.72       |
|    explained_variance   | 0.992       |
|    learning_rate        | 0.0003      |
|    loss                 | 0.237       |
|    n_updates            | 19930       |
|    policy_gradient_loss | -0.003      |
|    std                  | 0.514       |
|    value_loss           | 0.834       |
-----------------------------------------
-----------------------------------------
| rollout/                |             |
|    ep_len_mean          | 224         |
|    ep_rew_mean          | -54.9       |
| time/                   |             |
|    fps                  | 931         |
|    iterations           | 94          |
|    time_elapsed         | 826         |
|    total_timesteps      | 770048      |
| train/                  |             |
|    approx_kl            | 0.018143881 |
|    clip_fraction        | 0.144       |
|    clip_range           | 0.2         |
|    entropy_loss         | -2.74       |
|    explained_variance   | 0.963       |
|    learning_rate        | 0.0003      |
|    loss                 | 0.759       |
|    n_updates            | 19940       |
|    policy_gradient_loss | 0.00882     |
|    std                  | 0.517       |
|    value_loss           | 1.94        |
-----------------------------------------
-----------------------------------------
| rollout/                |             |
|    ep_len_mean          | 226         |
|    ep_rew_mean          | -57         |
| time/                   |             |
|    fps                  | 931         |
|    iterations           | 95          |
|    time_elapsed         | 835         |
|    total_timesteps      | 778240      |
| train/                  |             |
|    approx_kl            | 0.024745744 |
|    clip_fraction        | 0.247       |
|    clip_range           | 0.2         |
|    entropy_loss         | -2.73       |
|    explained_variance   | 0.991       |
|    learning_rate        | 0.0003      |
|    loss                 | 0.312       |
|    n_updates            | 19950       |
|    policy_gradient_loss | -0.00693    |
|    std                  | 0.513       |
|    value_loss           | 1.58        |
-----------------------------------------
-----------------------------------------
| rollout/                |             |
|    ep_len_mean          | 163         |
|    ep_rew_mean          | -30         |
| time/                   |             |
|    fps                  | 932         |
|    iterations           | 96          |
|    time_elapsed         | 843         |
|    total_timesteps      | 786432      |
| train/                  |             |
|    approx_kl            | 0.018977987 |
|    clip_fraction        | 0.192       |
|    clip_range           | 0.2         |
|    entropy_loss         | -2.71       |
|    explained_variance   | 0.984       |
|    learning_rate        | 0.0003      |
|    loss                 | 0.736       |
|    n_updates            | 19960       |
|    policy_gradient_loss | -0.00312    |
|    std                  | 0.51        |
|    value_loss           | 2.33        |
-----------------------------------------
----------------------------------------
| rollout/                |            |
|    ep_len_mean          | 133        |
|    ep_rew_mean          | -11        |
| time/                   |            |
|    fps                  | 933        |
|    iterations           | 97         |
|    time_elapsed         | 851        |
|    total_timesteps      | 794624     |
| train/                  |            |
|    approx_kl            | 0.03319878 |
|    clip_fraction        | 0.239      |
|    clip_range           | 0.2        |
|    entropy_loss         | -2.67      |
|    explained_variance   | 0.99       |
|    learning_rate        | 0.0003     |
|    loss                 | 0.243      |
|    n_updates            | 19970      |
|    policy_gradient_loss | -0.00648   |
|    std                  | 0.506      |
|    value_loss           | 2.22       |
----------------------------------------
[PeriodicArtifactCallback] step 800000: running periodic self-monitoring analysis...
[PeriodicArtifactCallback] analysis written to C:\GitHub\HumanoidRobot\simulation\training\pick_place\runs\pp_v17\analysis_800000.md (stalled=False)
[PeriodicArtifactCallback] step 800000: saving checkpoint, evaluating, rendering...
[PeriodicArtifactCallback] step 800000: success_rate=0.00 pick_success_rate=0.40 mean_reward=-215.41 -> C:\GitHub\HumanoidRobot\simulation\training\pick_place\runs\pp_v17\dashboard.html
-----------------------------------------
| rollout/                |             |
|    ep_len_mean          | 173         |
|    ep_rew_mean          | -29.3       |
| time/                   |             |
|    fps                  | 912         |
|    iterations           | 98          |
|    time_elapsed         | 880         |
|    total_timesteps      | 802816      |
| train/                  |             |
|    approx_kl            | 0.025491022 |
|    clip_fraction        | 0.264       |
|    clip_range           | 0.2         |
|    entropy_loss         | -2.67       |
|    explained_variance   | 0.995       |
|    learning_rate        | 0.0003      |
|    loss                 | 0.593       |
|    n_updates            | 19980       |
|    policy_gradient_loss | -0.00676    |
|    std                  | 0.507       |
|    value_loss           | 1.39        |
-----------------------------------------
-----------------------------------------
| rollout/                |             |
|    ep_len_mean          | 178         |
|    ep_rew_mean          | -33.7       |
| time/                   |             |
|    fps                  | 913         |
|    iterations           | 99          |
|    time_elapsed         | 888         |
|    total_timesteps      | 811008      |
| train/                  |             |
|    approx_kl            | 0.027149983 |
|    clip_fraction        | 0.263       |
|    clip_range           | 0.2         |
|    entropy_loss         | -2.62       |
|    explained_variance   | 0.995       |
|    learning_rate        | 0.0003      |
|    loss                 | 0.0714      |
|    n_updates            | 19990       |
|    policy_gradient_loss | -0.0046     |
|    std                  | 0.5         |
|    value_loss           | 1.17        |
-----------------------------------------
-----------------------------------------
| rollout/                |             |
|    ep_len_mean          | 149         |
|    ep_rew_mean          | -20.7       |
| time/                   |             |
|    fps                  | 913         |
|    iterations           | 100         |
|    time_elapsed         | 896         |
|    total_timesteps      | 819200      |
| train/                  |             |
|    approx_kl            | 0.016414426 |
|    clip_fraction        | 0.141       |
|    clip_range           | 0.2         |
|    entropy_loss         | -2.61       |
|    explained_variance   | 0.98        |
|    learning_rate        | 0.0003      |
|    loss                 | 0.836       |
|    n_updates            | 20000       |
|    policy_gradient_loss | -0.000225   |
|    std                  | 0.501       |
|    value_loss           | 2.55        |
-----------------------------------------
-----------------------------------------
| rollout/                |             |
|    ep_len_mean          | 144         |
|    ep_rew_mean          | -14.6       |
| time/                   |             |
|    fps                  | 915         |
|    iterations           | 101         |
|    time_elapsed         | 904         |
|    total_timesteps      | 827392      |
| train/                  |             |
|    approx_kl            | 0.026880475 |
|    clip_fraction        | 0.241       |
|    clip_range           | 0.2         |
|    entropy_loss         | -2.62       |
|    explained_variance   | 0.988       |
|    learning_rate        | 0.0003      |
|    loss                 | 0.383       |
|    n_updates            | 20010       |
|    policy_gradient_loss | -0.00359    |
|    std                  | 0.503       |
|    value_loss           | 2.26        |
-----------------------------------------
-----------------------------------------
| rollout/                |             |
|    ep_len_mean          | 167         |
|    ep_rew_mean          | -25.9       |
| time/                   |             |
|    fps                  | 916         |
|    iterations           | 102         |
|    time_elapsed         | 911         |
|    total_timesteps      | 835584      |
| train/                  |             |
|    approx_kl            | 0.023749445 |
|    clip_fraction        | 0.248       |
|    clip_range           | 0.2         |
|    entropy_loss         | -2.59       |
|    explained_variance   | 0.993       |
|    learning_rate        | 0.0003      |
|    loss                 | 0.349       |
|    n_updates            | 20020       |
|    policy_gradient_loss | -0.00293    |
|    std                  | 0.496       |
|    value_loss           | 1.3         |
-----------------------------------------
-----------------------------------------
| rollout/                |             |
|    ep_len_mean          | 190         |
|    ep_rew_mean          | -38.4       |
| time/                   |             |
|    fps                  | 917         |
|    iterations           | 103         |
|    time_elapsed         | 919         |
|    total_timesteps      | 843776      |
| train/                  |             |
|    approx_kl            | 0.014592914 |
|    clip_fraction        | 0.122       |
|    clip_range           | 0.2         |
|    entropy_loss         | -2.59       |
|    explained_variance   | 0.971       |
|    learning_rate        | 0.0003      |
|    loss                 | 0.458       |
|    n_updates            | 20030       |
|    policy_gradient_loss | 0.0072      |
|    std                  | 0.498       |
|    value_loss           | 1.92        |
-----------------------------------------
-----------------------------------------
| rollout/                |             |
|    ep_len_mean          | 196         |
|    ep_rew_mean          | -50.9       |
| time/                   |             |
|    fps                  | 918         |
|    iterations           | 104         |
|    time_elapsed         | 928         |
|    total_timesteps      | 851968      |
| train/                  |             |
|    approx_kl            | 0.012726955 |
|    clip_fraction        | 0.121       |
|    clip_range           | 0.2         |
|    entropy_loss         | -2.62       |
|    explained_variance   | 0.98        |
|    learning_rate        | 0.0003      |
|    loss                 | 0.434       |
|    n_updates            | 20040       |
|    policy_gradient_loss | 0.00397     |
|    std                  | 0.501       |
|    value_loss           | 1.53        |
-----------------------------------------
----------------------------------------
| rollout/                |            |
|    ep_len_mean          | 190        |
|    ep_rew_mean          | -44.8      |
| time/                   |            |
|    fps                  | 918        |
|    iterations           | 105        |
|    time_elapsed         | 936        |
|    total_timesteps      | 860160     |
| train/                  |            |
|    approx_kl            | 0.02157962 |
|    clip_fraction        | 0.187      |
|    clip_range           | 0.2        |
|    entropy_loss         | -2.63      |
|    explained_variance   | 0.985      |
|    learning_rate        | 0.0003     |
|    loss                 | 0.199      |
|    n_updates            | 20050      |
|    policy_gradient_loss | 0.00318    |
|    std                  | 0.502      |
|    value_loss           | 2.43       |
----------------------------------------
-----------------------------------------
| rollout/                |             |
|    ep_len_mean          | 207         |
|    ep_rew_mean          | -47.4       |
| time/                   |             |
|    fps                  | 919         |
|    iterations           | 106         |
|    time_elapsed         | 944         |
|    total_timesteps      | 868352      |
| train/                  |             |
|    approx_kl            | 0.013558577 |
|    clip_fraction        | 0.151       |
|    clip_range           | 0.2         |
|    entropy_loss         | -2.64       |
|    explained_variance   | 0.976       |
|    learning_rate        | 0.0003      |
|    loss                 | 0.642       |
|    n_updates            | 20060       |
|    policy_gradient_loss | 0.00012     |
|    std                  | 0.502       |
|    value_loss           | 1.77        |
-----------------------------------------
-----------------------------------------
| rollout/                |             |
|    ep_len_mean          | 201         |
|    ep_rew_mean          | -46.2       |
| time/                   |             |
|    fps                  | 919         |
|    iterations           | 107         |
|    time_elapsed         | 952         |
|    total_timesteps      | 876544      |
| train/                  |             |
|    approx_kl            | 0.021980397 |
|    clip_fraction        | 0.218       |
|    clip_range           | 0.2         |
|    entropy_loss         | -2.63       |
|    explained_variance   | 0.981       |
|    learning_rate        | 0.0003      |
|    loss                 | 0.29        |
|    n_updates            | 20070       |
|    policy_gradient_loss | -0.00169    |
|    std                  | 0.501       |
|    value_loss           | 2.71        |
-----------------------------------------
----------------------------------------
| rollout/                |            |
|    ep_len_mean          | 149        |
|    ep_rew_mean          | -26.2      |
| time/                   |            |
|    fps                  | 920        |
|    iterations           | 108        |
|    time_elapsed         | 961        |
|    total_timesteps      | 884736     |
| train/                  |            |
|    approx_kl            | 0.02160259 |
|    clip_fraction        | 0.204      |
|    clip_range           | 0.2        |
|    entropy_loss         | -2.64      |
|    explained_variance   | 0.988      |
|    learning_rate        | 0.0003     |
|    loss                 | 0.251      |
|    n_updates            | 20080      |
|    policy_gradient_loss | -0.002     |
|    std                  | 0.505      |
|    value_loss           | 2.56       |
----------------------------------------
-----------------------------------------
| rollout/                |             |
|    ep_len_mean          | 144         |
|    ep_rew_mean          | -26.6       |
| time/                   |             |
|    fps                  | 920         |
|    iterations           | 109         |
|    time_elapsed         | 969         |
|    total_timesteps      | 892928      |
| train/                  |             |
|    approx_kl            | 0.025383038 |
|    clip_fraction        | 0.228       |
|    clip_range           | 0.2         |
|    entropy_loss         | -2.64       |
|    explained_variance   | 0.991       |
|    learning_rate        | 0.0003      |
|    loss                 | 0.605       |
|    n_updates            | 20090       |
|    policy_gradient_loss | -0.0029     |
|    std                  | 0.504       |
|    value_loss           | 2.2         |
-----------------------------------------
-----------------------------------------
| rollout/                |             |
|    ep_len_mean          | 156         |
|    ep_rew_mean          | -37.8       |
| time/                   |             |
|    fps                  | 921         |
|    iterations           | 110         |
|    time_elapsed         | 978         |
|    total_timesteps      | 901120      |
| train/                  |             |
|    approx_kl            | 0.013770038 |
|    clip_fraction        | 0.174       |
|    clip_range           | 0.2         |
|    entropy_loss         | -2.6        |
|    explained_variance   | 0.977       |
|    learning_rate        | 0.0003      |
|    loss                 | 0.299       |
|    n_updates            | 20100       |
|    policy_gradient_loss | 0.00391     |
|    std                  | 0.497       |
|    value_loss           | 2.79        |
-----------------------------------------
-----------------------------------------
| rollout/                |             |
|    ep_len_mean          | 162         |
|    ep_rew_mean          | -33.8       |
| time/                   |             |
|    fps                  | 921         |
|    iterations           | 111         |
|    time_elapsed         | 986         |
|    total_timesteps      | 909312      |
| train/                  |             |
|    approx_kl            | 0.015959946 |
|    clip_fraction        | 0.157       |
|    clip_range           | 0.2         |
|    entropy_loss         | -2.58       |
|    explained_variance   | 0.984       |
|    learning_rate        | 0.0003      |
|    loss                 | 0.633       |
|    n_updates            | 20110       |
|    policy_gradient_loss | -0.00211    |
|    std                  | 0.498       |
|    value_loss           | 2.99        |
-----------------------------------------
----------------------------------------
| rollout/                |            |
|    ep_len_mean          | 167        |
|    ep_rew_mean          | -31.8      |
| time/                   |            |
|    fps                  | 921        |
|    iterations           | 112        |
|    time_elapsed         | 995        |
|    total_timesteps      | 917504     |
| train/                  |            |
|    approx_kl            | 0.02736589 |
|    clip_fraction        | 0.247      |
|    clip_range           | 0.2        |
|    entropy_loss         | -2.56      |
|    explained_variance   | 0.996      |
|    learning_rate        | 0.0003     |
|    loss                 | 0.13       |
|    n_updates            | 20120      |
|    policy_gradient_loss | -0.00265   |
|    std                  | 0.495      |
|    value_loss           | 0.798      |
----------------------------------------
-----------------------------------------
| rollout/                |             |
|    ep_len_mean          | 190         |
|    ep_rew_mean          | -45.6       |
| time/                   |             |
|    fps                  | 922         |
|    iterations           | 113         |
|    time_elapsed         | 1003        |
|    total_timesteps      | 925696      |
| train/                  |             |
|    approx_kl            | 0.019355081 |
|    clip_fraction        | 0.223       |
|    clip_range           | 0.2         |
|    entropy_loss         | -2.54       |
|    explained_variance   | 0.994       |
|    learning_rate        | 0.0003      |
|    loss                 | 0.294       |
|    n_updates            | 20130       |
|    policy_gradient_loss | -0.0016     |
|    std                  | 0.491       |
|    value_loss           | 1.18        |
-----------------------------------------
-----------------------------------------
| rollout/                |             |
|    ep_len_mean          | 207         |
|    ep_rew_mean          | -46.6       |
| time/                   |             |
|    fps                  | 923         |
|    iterations           | 114         |
|    time_elapsed         | 1011        |
|    total_timesteps      | 933888      |
| train/                  |             |
|    approx_kl            | 0.024314791 |
|    clip_fraction        | 0.196       |
|    clip_range           | 0.2         |
|    entropy_loss         | -2.54       |
|    explained_variance   | 0.985       |
|    learning_rate        | 0.0003      |
|    loss                 | 0.284       |
|    n_updates            | 20140       |
|    policy_gradient_loss | -0.00459    |
|    std                  | 0.492       |
|    value_loss           | 2.42        |
-----------------------------------------
-----------------------------------------
| rollout/                |             |
|    ep_len_mean          | 219         |
|    ep_rew_mean          | -54.6       |
| time/                   |             |
|    fps                  | 923         |
|    iterations           | 115         |
|    time_elapsed         | 1019        |
|    total_timesteps      | 942080      |
| train/                  |             |
|    approx_kl            | 0.020986583 |
|    clip_fraction        | 0.171       |
|    clip_range           | 0.2         |
|    entropy_loss         | -2.58       |
|    explained_variance   | 0.954       |
|    learning_rate        | 0.0003      |
|    loss                 | 0.464       |
|    n_updates            | 20150       |
|    policy_gradient_loss | -0.000905   |
|    std                  | 0.501       |
|    value_loss           | 1.78        |
-----------------------------------------
----------------------------------------
| rollout/                |            |
|    ep_len_mean          | 207        |
|    ep_rew_mean          | -50        |
| time/                   |            |
|    fps                  | 923        |
|    iterations           | 116        |
|    time_elapsed         | 1028       |
|    total_timesteps      | 950272     |
| train/                  |            |
|    approx_kl            | 0.03035383 |
|    clip_fraction        | 0.274      |
|    clip_range           | 0.2        |
|    entropy_loss         | -2.63      |
|    explained_variance   | 0.995      |
|    learning_rate        | 0.0003     |
|    loss                 | 0.203      |
|    n_updates            | 20160      |
|    policy_gradient_loss | -0.00246   |
|    std                  | 0.503      |
|    value_loss           | 0.529      |
----------------------------------------
-----------------------------------------
| rollout/                |             |
|    ep_len_mean          | 213         |
|    ep_rew_mean          | -47.7       |
| time/                   |             |
|    fps                  | 924         |
|    iterations           | 117         |
|    time_elapsed         | 1036        |
|    total_timesteps      | 958464      |
| train/                  |             |
|    approx_kl            | 0.019806182 |
|    clip_fraction        | 0.225       |
|    clip_range           | 0.2         |
|    entropy_loss         | -2.63       |
|    explained_variance   | 0.992       |
|    learning_rate        | 0.0003      |
|    loss                 | 0.75        |
|    n_updates            | 20170       |
|    policy_gradient_loss | -0.00584    |
|    std                  | 0.506       |
|    value_loss           | 1.61        |
-----------------------------------------
----------------------------------------
| rollout/                |            |
|    ep_len_mean          | 184        |
|    ep_rew_mean          | -37.7      |
| time/                   |            |
|    fps                  | 925        |
|    iterations           | 118        |
|    time_elapsed         | 1044       |
|    total_timesteps      | 966656     |
| train/                  |            |
|    approx_kl            | 0.02196506 |
|    clip_fraction        | 0.225      |
|    clip_range           | 0.2        |
|    entropy_loss         | -2.62      |
|    explained_variance   | 0.99       |
|    learning_rate        | 0.0003     |
|    loss                 | 0.569      |
|    n_updates            | 20180      |
|    policy_gradient_loss | -0.00863   |
|    std                  | 0.504      |
|    value_loss           | 1.42       |
----------------------------------------
-----------------------------------------
| rollout/                |             |
|    ep_len_mean          | 172         |
|    ep_rew_mean          | -35.3       |
| time/                   |             |
|    fps                  | 925         |
|    iterations           | 119         |
|    time_elapsed         | 1053        |
|    total_timesteps      | 974848      |
| train/                  |             |
|    approx_kl            | 0.020081466 |
|    clip_fraction        | 0.178       |
|    clip_range           | 0.2         |
|    entropy_loss         | -2.61       |
|    explained_variance   | 0.98        |
|    learning_rate        | 0.0003      |
|    loss                 | 1.05        |
|    n_updates            | 20190       |
|    policy_gradient_loss | 0.000825    |
|    std                  | 0.504       |
|    value_loss           | 2.51        |
-----------------------------------------
-----------------------------------------
| rollout/                |             |
|    ep_len_mean          | 201         |
|    ep_rew_mean          | -52.5       |
| time/                   |             |
|    fps                  | 925         |
|    iterations           | 120         |
|    time_elapsed         | 1061        |
|    total_timesteps      | 983040      |
| train/                  |             |
|    approx_kl            | 0.018190827 |
|    clip_fraction        | 0.194       |
|    clip_range           | 0.2         |
|    entropy_loss         | -2.6        |
|    explained_variance   | 0.983       |
|    learning_rate        | 0.0003      |
|    loss                 | 0.771       |
|    n_updates            | 20200       |
|    policy_gradient_loss | 0.00114     |
|    std                  | 0.502       |
|    value_loss           | 1.82        |
-----------------------------------------
-----------------------------------------
| rollout/                |             |
|    ep_len_mean          | 190         |
|    ep_rew_mean          | -48.6       |
| time/                   |             |
|    fps                  | 925         |
|    iterations           | 121         |
|    time_elapsed         | 1070        |
|    total_timesteps      | 991232      |
| train/                  |             |
|    approx_kl            | 0.020698367 |
|    clip_fraction        | 0.201       |
|    clip_range           | 0.2         |
|    entropy_loss         | -2.59       |
|    explained_variance   | 0.982       |
|    learning_rate        | 0.0003      |
|    loss                 | 0.511       |
|    n_updates            | 20210       |
|    policy_gradient_loss | -0.00597    |
|    std                  | 0.501       |
|    value_loss           | 2.95        |
-----------------------------------------
-----------------------------------------
| rollout/                |             |
|    ep_len_mean          | 196         |
|    ep_rew_mean          | -55.4       |
| time/                   |             |
|    fps                  | 926         |
|    iterations           | 122         |
|    time_elapsed         | 1078        |
|    total_timesteps      | 999424      |
| train/                  |             |
|    approx_kl            | 0.026619349 |
|    clip_fraction        | 0.228       |
|    clip_range           | 0.2         |
|    entropy_loss         | -2.61       |
|    explained_variance   | 0.986       |
|    learning_rate        | 0.0003      |
|    loss                 | 0.727       |
|    n_updates            | 20220       |
|    policy_gradient_loss | -0.00337    |
|    std                  | 0.504       |
|    value_loss           | 3.75        |
-----------------------------------------
[PeriodicArtifactCallback] step 1000000: saving checkpoint, evaluating, rendering...
[PeriodicArtifactCallback] step 1000000: success_rate=0.00 pick_success_rate=0.40 mean_reward=-241.53 -> C:\GitHub\HumanoidRobot\simulation\training\pick_place\runs\pp_v17\dashboard.html
-----------------------------------------
| rollout/                |             |
|    ep_len_mean          | 213         |
|    ep_rew_mean          | -63         |
| time/                   |             |
|    fps                  | 916         |
|    iterations           | 123         |
|    time_elapsed         | 1098        |
|    total_timesteps      | 1007616     |
| train/                  |             |
|    approx_kl            | 0.018060196 |
|    clip_fraction        | 0.179       |
|    clip_range           | 0.2         |
|    entropy_loss         | -2.59       |
|    explained_variance   | 0.978       |
|    learning_rate        | 0.0003      |
|    loss                 | 0.226       |
|    n_updates            | 20230       |
|    policy_gradient_loss | -0.00078    |
|    std                  | 0.499       |
|    value_loss           | 3.19        |
-----------------------------------------
-----------------------------------------
| rollout/                |             |
|    ep_len_mean          | 213         |
|    ep_rew_mean          | -57         |
| time/                   |             |
|    fps                  | 917         |
|    iterations           | 124         |
|    time_elapsed         | 1107        |
|    total_timesteps      | 1015808     |
| train/                  |             |
|    approx_kl            | 0.025900971 |
|    clip_fraction        | 0.252       |
|    clip_range           | 0.2         |
|    entropy_loss         | -2.61       |
|    explained_variance   | 0.988       |
|    learning_rate        | 0.0003      |
|    loss                 | 0.652       |
|    n_updates            | 20240       |
|    policy_gradient_loss | -0.00574    |
|    std                  | 0.504       |
|    value_loss           | 2.21        |
-----------------------------------------
-----------------------------------------
| rollout/                |             |
|    ep_len_mean          | 230         |
|    ep_rew_mean          | -62         |
| time/                   |             |
|    fps                  | 917         |
|    iterations           | 125         |
|    time_elapsed         | 1115        |
|    total_timesteps      | 1024000     |
| train/                  |             |
|    approx_kl            | 0.022788223 |
|    clip_fraction        | 0.253       |
|    clip_range           | 0.2         |
|    entropy_loss         | -2.64       |
|    explained_variance   | 0.992       |
|    learning_rate        | 0.0003      |
|    loss                 | 0.274       |
|    n_updates            | 20250       |
|    policy_gradient_loss | -0.00383    |
|    std                  | 0.506       |
|    value_loss           | 1.5         |
-----------------------------------------
----------------------------------------
| rollout/                |            |
|    ep_len_mean          | 242        |
|    ep_rew_mean          | -60.1      |
| time/                   |            |
|    fps                  | 918        |
|    iterations           | 126        |
|    time_elapsed         | 1124       |
|    total_timesteps      | 1032192    |
| train/                  |            |
|    approx_kl            | 0.02583674 |
|    clip_fraction        | 0.257      |
|    clip_range           | 0.2        |
|    entropy_loss         | -2.64      |
|    explained_variance   | 0.986      |
|    learning_rate        | 0.0003     |
|    loss                 | 0.181      |
|    n_updates            | 20260      |
|    policy_gradient_loss | -0.00512   |
|    std                  | 0.506      |
|    value_loss           | 2.08       |
----------------------------------------
-----------------------------------------
| rollout/                |             |
|    ep_len_mean          | 230         |
|    ep_rew_mean          | -51.1       |
| time/                   |             |
|    fps                  | 918         |
|    iterations           | 127         |
|    time_elapsed         | 1132        |
|    total_timesteps      | 1040384     |
| train/                  |             |
|    approx_kl            | 0.021736776 |
|    clip_fraction        | 0.247       |
|    clip_range           | 0.2         |
|    entropy_loss         | -2.65       |
|    explained_variance   | 0.997       |
|    learning_rate        | 0.0003      |
|    loss                 | 0.135       |
|    n_updates            | 20270       |
|    policy_gradient_loss | -0.00417    |
|    std                  | 0.508       |
|    value_loss           | 0.443       |
-----------------------------------------
-----------------------------------------
| rollout/                |             |
|    ep_len_mean          | 242         |
|    ep_rew_mean          | -54.3       |
| time/                   |             |
|    fps                  | 919         |
|    iterations           | 128         |
|    time_elapsed         | 1140        |
|    total_timesteps      | 1048576     |
| train/                  |             |
|    approx_kl            | 0.023551699 |
|    clip_fraction        | 0.2         |
|    clip_range           | 0.2         |
|    entropy_loss         | -2.63       |
|    explained_variance   | 0.983       |
|    learning_rate        | 0.0003      |
|    loss                 | 0.142       |
|    n_updates            | 20280       |
|    policy_gradient_loss | -0.00257    |
|    std                  | 0.505       |
|    value_loss           | 0.842       |
-----------------------------------------
----------------------------------------
| rollout/                |            |
|    ep_len_mean          | 208        |
|    ep_rew_mean          | -45.8      |
| time/                   |            |
|    fps                  | 919        |
|    iterations           | 129        |
|    time_elapsed         | 1148       |
|    total_timesteps      | 1056768    |
| train/                  |            |
|    approx_kl            | 0.01501033 |
|    clip_fraction        | 0.167      |
|    clip_range           | 0.2        |
|    entropy_loss         | -2.66      |
|    explained_variance   | 0.984      |
|    learning_rate        | 0.0003     |
|    loss                 | 0.22       |
|    n_updates            | 20290      |
|    policy_gradient_loss | 4.37e-05   |
|    std                  | 0.509      |
|    value_loss           | 0.662      |
----------------------------------------
-----------------------------------------
| rollout/                |             |
|    ep_len_mean          | 226         |
|    ep_rew_mean          | -53.6       |
| time/                   |             |
|    fps                  | 920         |
|    iterations           | 130         |
|    time_elapsed         | 1156        |
|    total_timesteps      | 1064960     |
| train/                  |             |
|    approx_kl            | 0.021731455 |
|    clip_fraction        | 0.221       |
|    clip_range           | 0.2         |
|    entropy_loss         | -2.68       |
|    explained_variance   | 0.984       |
|    learning_rate        | 0.0003      |
|    loss                 | 0.11        |
|    n_updates            | 20300       |
|    policy_gradient_loss | -0.00184    |
|    std                  | 0.509       |
|    value_loss           | 3.27        |
-----------------------------------------
-----------------------------------------
| rollout/                |             |
|    ep_len_mean          | 209         |
|    ep_rew_mean          | -50         |
| time/                   |             |
|    fps                  | 920         |
|    iterations           | 131         |
|    time_elapsed         | 1165        |
|    total_timesteps      | 1073152     |
| train/                  |             |
|    approx_kl            | 0.026590623 |
|    clip_fraction        | 0.237       |
|    clip_range           | 0.2         |
|    entropy_loss         | -2.67       |
|    explained_variance   | 0.982       |
|    learning_rate        | 0.0003      |
|    loss                 | 0.0939      |
|    n_updates            | 20310       |
|    policy_gradient_loss | -0.00414    |
|    std                  | 0.509       |
|    value_loss           | 1.55        |
-----------------------------------------
-----------------------------------------
| rollout/                |             |
|    ep_len_mean          | 242         |
|    ep_rew_mean          | -62         |
| time/                   |             |
|    fps                  | 921         |
|    iterations           | 132         |
|    time_elapsed         | 1173        |
|    total_timesteps      | 1081344     |
| train/                  |             |
|    approx_kl            | 0.019095087 |
|    clip_fraction        | 0.214       |
|    clip_range           | 0.2         |
|    entropy_loss         | -2.65       |
|    explained_variance   | 0.988       |
|    learning_rate        | 0.0003      |
|    loss                 | 0.545       |
|    n_updates            | 20320       |
|    policy_gradient_loss | 0.000154    |
|    std                  | 0.506       |
|    value_loss           | 1.64        |
-----------------------------------------
-----------------------------------------
| rollout/                |             |
|    ep_len_mean          | 219         |
|    ep_rew_mean          | -52         |
| time/                   |             |
|    fps                  | 921         |
|    iterations           | 133         |
|    time_elapsed         | 1182        |
|    total_timesteps      | 1089536     |
| train/                  |             |
|    approx_kl            | 0.025421124 |
|    clip_fraction        | 0.243       |
|    clip_range           | 0.2         |
|    entropy_loss         | -2.63       |
|    explained_variance   | 0.993       |
|    learning_rate        | 0.0003      |
|    loss                 | 0.197       |
|    n_updates            | 20330       |
|    policy_gradient_loss | -0.00288    |
|    std                  | 0.506       |
|    value_loss           | 0.887       |
-----------------------------------------
-----------------------------------------
| rollout/                |             |
|    ep_len_mean          | 242         |
|    ep_rew_mean          | -62.1       |
| time/                   |             |
|    fps                  | 922         |
|    iterations           | 134         |
|    time_elapsed         | 1190        |
|    total_timesteps      | 1097728     |
| train/                  |             |
|    approx_kl            | 0.020888768 |
|    clip_fraction        | 0.227       |
|    clip_range           | 0.2         |
|    entropy_loss         | -2.62       |
|    explained_variance   | 0.994       |
|    learning_rate        | 0.0003      |
|    loss                 | 0.0792      |
|    n_updates            | 20340       |
|    policy_gradient_loss | -0.00228    |
|    std                  | 0.502       |
|    value_loss           | 0.672       |
-----------------------------------------
-----------------------------------------
| rollout/                |             |
|    ep_len_mean          | 231         |
|    ep_rew_mean          | -55.9       |
| time/                   |             |
|    fps                  | 922         |
|    iterations           | 135         |
|    time_elapsed         | 1198        |
|    total_timesteps      | 1105920     |
| train/                  |             |
|    approx_kl            | 0.019098863 |
|    clip_fraction        | 0.195       |
|    clip_range           | 0.2         |
|    entropy_loss         | -2.6        |
|    explained_variance   | 0.977       |
|    learning_rate        | 0.0003      |
|    loss                 | 0.235       |
|    n_updates            | 20350       |
|    policy_gradient_loss | -0.00146    |
|    std                  | 0.5         |
|    value_loss           | 1.11        |
-----------------------------------------
-----------------------------------------
| rollout/                |             |
|    ep_len_mean          | 237         |
|    ep_rew_mean          | -63.5       |
| time/                   |             |
|    fps                  | 923         |
|    iterations           | 136         |
|    time_elapsed         | 1206        |
|    total_timesteps      | 1114112     |
| train/                  |             |
|    approx_kl            | 0.014145743 |
|    clip_fraction        | 0.14        |
|    clip_range           | 0.2         |
|    entropy_loss         | -2.6        |
|    explained_variance   | 0.979       |
|    learning_rate        | 0.0003      |
|    loss                 | 0.763       |
|    n_updates            | 20360       |
|    policy_gradient_loss | 4.28e-05    |
|    std                  | 0.504       |
|    value_loss           | 2.19        |
-----------------------------------------
-----------------------------------------
| rollout/                |             |
|    ep_len_mean          | 225         |
|    ep_rew_mean          | -60.5       |
| time/                   |             |
|    fps                  | 923         |
|    iterations           | 137         |
|    time_elapsed         | 1215        |
|    total_timesteps      | 1122304     |
| train/                  |             |
|    approx_kl            | 0.018489398 |
|    clip_fraction        | 0.172       |
|    clip_range           | 0.2         |
|    entropy_loss         | -2.61       |
|    explained_variance   | 0.969       |
|    learning_rate        | 0.0003      |
|    loss                 | 0.36        |
|    n_updates            | 20370       |
|    policy_gradient_loss | 0.00091     |
|    std                  | 0.504       |
|    value_loss           | 2.27        |
-----------------------------------------
-----------------------------------------
| rollout/                |             |
|    ep_len_mean          | 201         |
|    ep_rew_mean          | -47.7       |
| time/                   |             |
|    fps                  | 923         |
|    iterations           | 138         |
|    time_elapsed         | 1223        |
|    total_timesteps      | 1130496     |
| train/                  |             |
|    approx_kl            | 0.022125378 |
|    clip_fraction        | 0.23        |
|    clip_range           | 0.2         |
|    entropy_loss         | -2.6        |
|    explained_variance   | 0.99        |
|    learning_rate        | 0.0003      |
|    loss                 | 1.37        |
|    n_updates            | 20380       |
|    policy_gradient_loss | -0.00149    |
|    std                  | 0.501       |
|    value_loss           | 1.86        |
-----------------------------------------
-----------------------------------------
| rollout/                |             |
|    ep_len_mean          | 178         |
|    ep_rew_mean          | -41.7       |
| time/                   |             |
|    fps                  | 924         |
|    iterations           | 139         |
|    time_elapsed         | 1231        |
|    total_timesteps      | 1138688     |
| train/                  |             |
|    approx_kl            | 0.023159862 |
|    clip_fraction        | 0.224       |
|    clip_range           | 0.2         |
|    entropy_loss         | -2.57       |
|    explained_variance   | 0.99        |
|    learning_rate        | 0.0003      |
|    loss                 | 0.218       |
|    n_updates            | 20390       |
|    policy_gradient_loss | -0.00398    |
|    std                  | 0.497       |
|    value_loss           | 1.78        |
-----------------------------------------
-----------------------------------------
| rollout/                |             |
|    ep_len_mean          | 195         |
|    ep_rew_mean          | -42.7       |
| time/                   |             |
|    fps                  | 924         |
|    iterations           | 140         |
|    time_elapsed         | 1240        |
|    total_timesteps      | 1146880     |
| train/                  |             |
|    approx_kl            | 0.021930257 |
|    clip_fraction        | 0.239       |
|    clip_range           | 0.2         |
|    entropy_loss         | -2.54       |
|    explained_variance   | 0.99        |
|    learning_rate        | 0.0003      |
|    loss                 | 0.234       |
|    n_updates            | 20400       |
|    policy_gradient_loss | 1.95e-06    |
|    std                  | 0.494       |
|    value_loss           | 1.64        |
-----------------------------------------
-----------------------------------------
| rollout/                |             |
|    ep_len_mean          | 213         |
|    ep_rew_mean          | -54.9       |
| time/                   |             |
|    fps                  | 925         |
|    iterations           | 141         |
|    time_elapsed         | 1248        |
|    total_timesteps      | 1155072     |
| train/                  |             |
|    approx_kl            | 0.024322297 |
|    clip_fraction        | 0.228       |
|    clip_range           | 0.2         |
|    entropy_loss         | -2.53       |
|    explained_variance   | 0.989       |
|    learning_rate        | 0.0003      |
|    loss                 | 0.552       |
|    n_updates            | 20410       |
|    policy_gradient_loss | -0.00218    |
|    std                  | 0.493       |
|    value_loss           | 2.57        |
-----------------------------------------
-----------------------------------------
| rollout/                |             |
|    ep_len_mean          | 190         |
|    ep_rew_mean          | -49.8       |
| time/                   |             |
|    fps                  | 925         |
|    iterations           | 142         |
|    time_elapsed         | 1256        |
|    total_timesteps      | 1163264     |
| train/                  |             |
|    approx_kl            | 0.030840121 |
|    clip_fraction        | 0.192       |
|    clip_range           | 0.2         |
|    entropy_loss         | -2.52       |
|    explained_variance   | 0.981       |
|    learning_rate        | 0.0003      |
|    loss                 | 4.26        |
|    n_updates            | 20420       |
|    policy_gradient_loss | -0.00211    |
|    std                  | 0.493       |
|    value_loss           | 2.19        |
-----------------------------------------
-----------------------------------------
| rollout/                |             |
|    ep_len_mean          | 184         |
|    ep_rew_mean          | -47.7       |
| time/                   |             |
|    fps                  | 925         |
|    iterations           | 143         |
|    time_elapsed         | 1265        |
|    total_timesteps      | 1171456     |
| train/                  |             |
|    approx_kl            | 0.016516384 |
|    clip_fraction        | 0.17        |
|    clip_range           | 0.2         |
|    entropy_loss         | -2.54       |
|    explained_variance   | 0.936       |
|    learning_rate        | 0.0003      |
|    loss                 | 0.593       |
|    n_updates            | 20430       |
|    policy_gradient_loss | 0.00107     |
|    std                  | 0.496       |
|    value_loss           | 3.46        |
-----------------------------------------
-----------------------------------------
| rollout/                |             |
|    ep_len_mean          | 207         |
|    ep_rew_mean          | -51.8       |
| time/                   |             |
|    fps                  | 926         |
|    iterations           | 144         |
|    time_elapsed         | 1273        |
|    total_timesteps      | 1179648     |
| train/                  |             |
|    approx_kl            | 0.026056688 |
|    clip_fraction        | 0.284       |
|    clip_range           | 0.2         |
|    entropy_loss         | -2.54       |
|    explained_variance   | 0.976       |
|    learning_rate        | 0.0003      |
|    loss                 | 0.26        |
|    n_updates            | 20440       |
|    policy_gradient_loss | 0.000306    |
|    std                  | 0.495       |
|    value_loss           | 1.72        |
-----------------------------------------
----------------------------------------
| rollout/                |            |
|    ep_len_mean          | 207        |
|    ep_rew_mean          | -45.7      |
| time/                   |            |
|    fps                  | 926        |
|    iterations           | 145        |
|    time_elapsed         | 1281       |
|    total_timesteps      | 1187840    |
| train/                  |            |
|    approx_kl            | 0.24170241 |
|    clip_fraction        | 0.261      |
|    clip_range           | 0.2        |
|    entropy_loss         | -2.54      |
|    explained_variance   | 0.985      |
|    learning_rate        | 0.0003     |
|    loss                 | 0.428      |
|    n_updates            | 20450      |
|    policy_gradient_loss | -0.00332   |
|    std                  | 0.49       |
|    value_loss           | 1.82       |
----------------------------------------
-----------------------------------------
| rollout/                |             |
|    ep_len_mean          | 219         |
|    ep_rew_mean          | -55.8       |
| time/                   |             |
|    fps                  | 926         |
|    iterations           | 146         |
|    time_elapsed         | 1290        |
|    total_timesteps      | 1196032     |
| train/                  |             |
|    approx_kl            | 0.018344022 |
|    clip_fraction        | 0.177       |
|    clip_range           | 0.2         |
|    entropy_loss         | -2.54       |
|    explained_variance   | 0.985       |
|    learning_rate        | 0.0003      |
|    loss                 | 0.167       |
|    n_updates            | 20460       |
|    policy_gradient_loss | 0.00301     |
|    std                  | 0.497       |
|    value_loss           | 1.49        |
-----------------------------------------
[PeriodicArtifactCallback] step 1200000: running periodic self-monitoring analysis...
[PeriodicArtifactCallback] analysis written to C:\GitHub\HumanoidRobot\simulation\training\pick_place\runs\pp_v17\analysis_1200000.md (stalled=False)
[PeriodicArtifactCallback] step 1200000: saving checkpoint, evaluating, rendering...
[PeriodicArtifactCallback] step 1200000: success_rate=0.00 pick_success_rate=0.30 mean_reward=-206.61 -> C:\GitHub\HumanoidRobot\simulation\training\pick_place\runs\pp_v17\dashboard.html
-----------------------------------------
| rollout/                |             |
|    ep_len_mean          | 224         |
|    ep_rew_mean          | -64.7       |
| time/                   |             |
|    fps                  | 913         |
|    iterations           | 147         |
|    time_elapsed         | 1318        |
|    total_timesteps      | 1204224     |
| train/                  |             |
|    approx_kl            | 0.014063798 |
|    clip_fraction        | 0.163       |
|    clip_range           | 0.2         |
|    entropy_loss         | -2.58       |
|    explained_variance   | 0.977       |
|    learning_rate        | 0.0003      |
|    loss                 | 0.257       |
|    n_updates            | 20470       |
|    policy_gradient_loss | 0.000216    |
|    std                  | 0.498       |
|    value_loss           | 2.72        |
-----------------------------------------
----------------------------------------
| rollout/                |            |
|    ep_len_mean          | 247        |
|    ep_rew_mean          | -81        |
| time/                   |            |
|    fps                  | 913        |
|    iterations           | 148        |
|    time_elapsed         | 1327       |
|    total_timesteps      | 1212416    |
| train/                  |            |
|    approx_kl            | 0.13749439 |
|    clip_fraction        | 0.171      |
|    clip_range           | 0.2        |
|    entropy_loss         | -2.59      |
|    explained_variance   | 0.972      |
|    learning_rate        | 0.0003     |
|    loss                 | 0.472      |
|    n_updates            | 20480      |
|    policy_gradient_loss | 0.00606    |
|    std                  | 0.499      |
|    value_loss           | 3.29       |
----------------------------------------
---------------------------------------
| rollout/                |           |
|    ep_len_mean          | 242       |
|    ep_rew_mean          | -73       |
| time/                   |           |
|    fps                  | 914       |
|    iterations           | 149       |
|    time_elapsed         | 1335      |
|    total_timesteps      | 1220608   |
| train/                  |           |
|    approx_kl            | 0.0687923 |
|    clip_fraction        | 0.228     |
|    clip_range           | 0.2       |
|    entropy_loss         | -2.59     |
|    explained_variance   | 0.984     |
|    learning_rate        | 0.0003    |
|    loss                 | 0.774     |
|    n_updates            | 20490     |
|    policy_gradient_loss | 0.00639   |
|    std                  | 0.498     |
|    value_loss           | 1.61      |
---------------------------------------
-----------------------------------------
| rollout/                |             |
|    ep_len_mean          | 230         |
|    ep_rew_mean          | -62.9       |
| time/                   |             |
|    fps                  | 914         |
|    iterations           | 150         |
|    time_elapsed         | 1343        |
|    total_timesteps      | 1228800     |
| train/                  |             |
|    approx_kl            | 0.035005722 |
|    clip_fraction        | 0.232       |
|    clip_range           | 0.2         |
|    entropy_loss         | -2.6        |
|    explained_variance   | 0.992       |
|    learning_rate        | 0.0003      |
|    loss                 | 0.335       |
|    n_updates            | 20500       |
|    policy_gradient_loss | -0.00226    |
|    std                  | 0.498       |
|    value_loss           | 1.32        |
-----------------------------------------
-----------------------------------------
| rollout/                |             |
|    ep_len_mean          | 225         |
|    ep_rew_mean          | -48.9       |
| time/                   |             |
|    fps                  | 915         |
|    iterations           | 151         |
|    time_elapsed         | 1351        |
|    total_timesteps      | 1236992     |
| train/                  |             |
|    approx_kl            | 0.025852285 |
|    clip_fraction        | 0.234       |
|    clip_range           | 0.2         |
|    entropy_loss         | -2.57       |
|    explained_variance   | 0.993       |
|    learning_rate        | 0.0003      |
|    loss                 | 0.0645      |
|    n_updates            | 20510       |
|    policy_gradient_loss | -0.00352    |
|    std                  | 0.492       |
|    value_loss           | 0.779       |
-----------------------------------------
----------------------------------------
| rollout/                |            |
|    ep_len_mean          | 230        |
|    ep_rew_mean          | -48.9      |
| time/                   |            |
|    fps                  | 915        |
|    iterations           | 152        |
|    time_elapsed         | 1360       |
|    total_timesteps      | 1245184    |
| train/                  |            |
|    approx_kl            | 0.02129015 |
|    clip_fraction        | 0.239      |
|    clip_range           | 0.2        |
|    entropy_loss         | -2.53      |
|    explained_variance   | 0.984      |
|    learning_rate        | 0.0003     |
|    loss                 | 0.884      |
|    n_updates            | 20520      |
|    policy_gradient_loss | -0.00456   |
|    std                  | 0.491      |
|    value_loss           | 1.82       |
----------------------------------------
---------------------------------------
| rollout/                |           |
|    ep_len_mean          | 248       |
|    ep_rew_mean          | -59       |
| time/                   |           |
|    fps                  | 915       |
|    iterations           | 153       |
|    time_elapsed         | 1368      |
|    total_timesteps      | 1253376   |
| train/                  |           |
|    approx_kl            | 0.0213154 |
|    clip_fraction        | 0.237     |
|    clip_range           | 0.2       |
|    entropy_loss         | -2.49     |
|    explained_variance   | 0.994     |
|    learning_rate        | 0.0003    |
|    loss                 | 0.163     |
|    n_updates            | 20530     |
|    policy_gradient_loss | -0.00388  |
|    std                  | 0.483     |
|    value_loss           | 0.76      |
---------------------------------------
-----------------------------------------
| rollout/                |             |
|    ep_len_mean          | 242         |
|    ep_rew_mean          | -66.1       |
| time/                   |             |
|    fps                  | 916         |
|    iterations           | 154         |
|    time_elapsed         | 1376        |
|    total_timesteps      | 1261568     |
| train/                  |             |
|    approx_kl            | 0.020363849 |
|    clip_fraction        | 0.23        |
|    clip_range           | 0.2         |
|    entropy_loss         | -2.48       |
|    explained_variance   | 0.982       |
|    learning_rate        | 0.0003      |
|    loss                 | 0.385       |
|    n_updates            | 20540       |
|    policy_gradient_loss | -0.00413    |
|    std                  | 0.486       |
|    value_loss           | 1.29        |
-----------------------------------------
---------------------------------------
| rollout/                |           |
|    ep_len_mean          | 231       |
|    ep_rew_mean          | -63.8     |
| time/                   |           |
|    fps                  | 916       |
|    iterations           | 155       |
|    time_elapsed         | 1385      |
|    total_timesteps      | 1269760   |
| train/                  |           |
|    approx_kl            | 0.8739774 |
|    clip_fraction        | 0.332     |
|    clip_range           | 0.2       |
|    entropy_loss         | -2.48     |
|    explained_variance   | 0.982     |
|    learning_rate        | 0.0003    |
|    loss                 | 0.393     |
|    n_updates            | 20550     |
|    policy_gradient_loss | 0.0027    |
|    std                  | 0.481     |
|    value_loss           | 2.86      |
---------------------------------------
-----------------------------------------
| rollout/                |             |
|    ep_len_mean          | 230         |
|    ep_rew_mean          | -63.4       |
| time/                   |             |
|    fps                  | 916         |
|    iterations           | 156         |
|    time_elapsed         | 1393        |
|    total_timesteps      | 1277952     |
| train/                  |             |
|    approx_kl            | 0.026096342 |
|    clip_fraction        | 0.23        |
|    clip_range           | 0.2         |
|    entropy_loss         | -2.45       |
|    explained_variance   | 0.987       |
|    learning_rate        | 0.0003      |
|    loss                 | 0.558       |
|    n_updates            | 20560       |
|    policy_gradient_loss | -0.00326    |
|    std                  | 0.481       |
|    value_loss           | 1.7         |
-----------------------------------------
-----------------------------------------
| rollout/                |             |
|    ep_len_mean          | 248         |
|    ep_rew_mean          | -69.3       |
| time/                   |             |
|    fps                  | 917         |
|    iterations           | 157         |
|    time_elapsed         | 1402        |
|    total_timesteps      | 1286144     |
| train/                  |             |
|    approx_kl            | 0.030517424 |
|    clip_fraction        | 0.25        |
|    clip_range           | 0.2         |
|    entropy_loss         | -2.46       |
|    explained_variance   | 0.995       |
|    learning_rate        | 0.0003      |
|    loss                 | 0.113       |
|    n_updates            | 20570       |
|    policy_gradient_loss | 7.05e-05    |
|    std                  | 0.483       |
|    value_loss           | 0.377       |
-----------------------------------------
-----------------------------------------
| rollout/                |             |
|    ep_len_mean          | 243         |
|    ep_rew_mean          | -65.9       |
| time/                   |             |
|    fps                  | 917         |
|    iterations           | 158         |
|    time_elapsed         | 1410        |
|    total_timesteps      | 1294336     |
| train/                  |             |
|    approx_kl            | 0.023958936 |
|    clip_fraction        | 0.243       |
|    clip_range           | 0.2         |
|    entropy_loss         | -2.46       |
|    explained_variance   | 0.991       |
|    learning_rate        | 0.0003      |
|    loss                 | 0.209       |
|    n_updates            | 20580       |
|    policy_gradient_loss | -0.00253    |
|    std                  | 0.482       |
|    value_loss           | 1.26        |
-----------------------------------------
-----------------------------------------
| rollout/                |             |
|    ep_len_mean          | 214         |
|    ep_rew_mean          | -55.1       |
| time/                   |             |
|    fps                  | 918         |
|    iterations           | 159         |
|    time_elapsed         | 1418        |
|    total_timesteps      | 1302528     |
| train/                  |             |
|    approx_kl            | 0.023331495 |
|    clip_fraction        | 0.208       |
|    clip_range           | 0.2         |
|    entropy_loss         | -2.46       |
|    explained_variance   | 0.991       |
|    learning_rate        | 0.0003      |
|    loss                 | 0.195       |
|    n_updates            | 20590       |
|    policy_gradient_loss | -0.00705    |
|    std                  | 0.483       |
|    value_loss           | 1.91        |
-----------------------------------------
-----------------------------------------
| rollout/                |             |
|    ep_len_mean          | 242         |
|    ep_rew_mean          | -65.4       |
| time/                   |             |
|    fps                  | 918         |
|    iterations           | 160         |
|    time_elapsed         | 1427        |
|    total_timesteps      | 1310720     |
| train/                  |             |
|    approx_kl            | 0.030899674 |
|    clip_fraction        | 0.266       |
|    clip_range           | 0.2         |
|    entropy_loss         | -2.46       |
|    explained_variance   | 0.99        |
|    learning_rate        | 0.0003      |
|    loss                 | 0.219       |
|    n_updates            | 20600       |
|    policy_gradient_loss | -0.00247    |
|    std                  | 0.483       |
|    value_loss           | 2.41        |
-----------------------------------------
-----------------------------------------
| rollout/                |             |
|    ep_len_mean          | 247         |
|    ep_rew_mean          | -70.9       |
| time/                   |             |
|    fps                  | 918         |
|    iterations           | 161         |
|    time_elapsed         | 1435        |
|    total_timesteps      | 1318912     |
| train/                  |             |
|    approx_kl            | 0.016528007 |
|    clip_fraction        | 0.184       |
|    clip_range           | 0.2         |
|    entropy_loss         | -2.44       |
|    explained_variance   | 0.94        |
|    learning_rate        | 0.0003      |
|    loss                 | 0.0944      |
|    n_updates            | 20610       |
|    policy_gradient_loss | 0.00164     |
|    std                  | 0.48        |
|    value_loss           | 0.939       |
-----------------------------------------
-----------------------------------------
| rollout/                |             |
|    ep_len_mean          | 242         |
|    ep_rew_mean          | -63.5       |
| time/                   |             |
|    fps                  | 919         |
|    iterations           | 162         |
|    time_elapsed         | 1443        |
|    total_timesteps      | 1327104     |
| train/                  |             |
|    approx_kl            | 0.032090515 |
|    clip_fraction        | 0.287       |
|    clip_range           | 0.2         |
|    entropy_loss         | -2.42       |
|    explained_variance   | 0.992       |
|    learning_rate        | 0.0003      |
|    loss                 | 1.42        |
|    n_updates            | 20620       |
|    policy_gradient_loss | 5.29e-05    |
|    std                  | 0.478       |
|    value_loss           | 0.689       |
-----------------------------------------
----------------------------------------
| rollout/                |            |
|    ep_len_mean          | 225        |
|    ep_rew_mean          | -49.8      |
| time/                   |            |
|    fps                  | 919        |
|    iterations           | 163        |
|    time_elapsed         | 1452       |
|    total_timesteps      | 1335296    |
| train/                  |            |
|    approx_kl            | 0.02790109 |
|    clip_fraction        | 0.251      |
|    clip_range           | 0.2        |
|    entropy_loss         | -2.4       |
|    explained_variance   | 0.994      |
|    learning_rate        | 0.0003     |
|    loss                 | 0.527      |
|    n_updates            | 20630      |
|    policy_gradient_loss | -0.00453   |
|    std                  | 0.473      |
|    value_loss           | 1.09       |
----------------------------------------
-----------------------------------------
| rollout/                |             |
|    ep_len_mean          | 242         |
|    ep_rew_mean          | -57.3       |
| time/                   |             |
|    fps                  | 919         |
|    iterations           | 164         |
|    time_elapsed         | 1460        |
|    total_timesteps      | 1343488     |
| train/                  |             |
|    approx_kl            | 0.018784594 |
|    clip_fraction        | 0.19        |
|    clip_range           | 0.2         |
|    entropy_loss         | -2.39       |
|    explained_variance   | 0.968       |
|    learning_rate        | 0.0003      |
|    loss                 | 0.392       |
|    n_updates            | 20640       |
|    policy_gradient_loss | 0.00507     |
|    std                  | 0.476       |
|    value_loss           | 1.84        |
-----------------------------------------
----------------------------------------
| rollout/                |            |
|    ep_len_mean          | 260        |
|    ep_rew_mean          | -66        |
| time/                   |            |
|    fps                  | 920        |
|    iterations           | 165        |
|    time_elapsed         | 1468       |
|    total_timesteps      | 1351680    |
| train/                  |            |
|    approx_kl            | 0.02224549 |
|    clip_fraction        | 0.202      |
|    clip_range           | 0.2        |
|    entropy_loss         | -2.41      |
|    explained_variance   | 0.981      |
|    learning_rate        | 0.0003     |
|    loss                 | 0.259      |
|    n_updates            | 20650      |
|    policy_gradient_loss | -0.00423   |
|    std                  | 0.477      |
|    value_loss           | 3.42       |
----------------------------------------
----------------------------------------
| rollout/                |            |
|    ep_len_mean          | 242        |
|    ep_rew_mean          | -63.7      |
| time/                   |            |
|    fps                  | 920        |
|    iterations           | 166        |
|    time_elapsed         | 1477       |
|    total_timesteps      | 1359872    |
| train/                  |            |
|    approx_kl            | 0.02751848 |
|    clip_fraction        | 0.231      |
|    clip_range           | 0.2        |
|    entropy_loss         | -2.42      |
|    explained_variance   | 0.979      |
|    learning_rate        | 0.0003     |
|    loss                 | 0.63       |
|    n_updates            | 20660      |
|    policy_gradient_loss | 0.00209    |
|    std                  | 0.48       |
|    value_loss           | 1.86       |
----------------------------------------
-----------------------------------------
| rollout/                |             |
|    ep_len_mean          | 248         |
|    ep_rew_mean          | -65.1       |
| time/                   |             |
|    fps                  | 920         |
|    iterations           | 167         |
|    time_elapsed         | 1485        |
|    total_timesteps      | 1368064     |
| train/                  |             |
|    approx_kl            | 0.021634383 |
|    clip_fraction        | 0.239       |
|    clip_range           | 0.2         |
|    entropy_loss         | -2.38       |
|    explained_variance   | 0.992       |
|    learning_rate        | 0.0003      |
|    loss                 | 0.126       |
|    n_updates            | 20670       |
|    policy_gradient_loss | -0.00429    |
|    std                  | 0.474       |
|    value_loss           | 0.829       |
-----------------------------------------
-----------------------------------------
| rollout/                |             |
|    ep_len_mean          | 246         |
|    ep_rew_mean          | -64.7       |
| time/                   |             |
|    fps                  | 921         |
|    iterations           | 168         |
|    time_elapsed         | 1494        |
|    total_timesteps      | 1376256     |
| train/                  |             |
|    approx_kl            | 0.023502799 |
|    clip_fraction        | 0.228       |
|    clip_range           | 0.2         |
|    entropy_loss         | -2.37       |
|    explained_variance   | 0.98        |
|    learning_rate        | 0.0003      |
|    loss                 | 3.42        |
|    n_updates            | 20680       |
|    policy_gradient_loss | 0.000318    |
|    std                  | 0.475       |
|    value_loss           | 2.32        |
-----------------------------------------
-----------------------------------------
| rollout/                |             |
|    ep_len_mean          | 235         |
|    ep_rew_mean          | -60.5       |
| time/                   |             |
|    fps                  | 921         |
|    iterations           | 169         |
|    time_elapsed         | 1502        |
|    total_timesteps      | 1384448     |
| train/                  |             |
|    approx_kl            | 0.018818282 |
|    clip_fraction        | 0.196       |
|    clip_range           | 0.2         |
|    entropy_loss         | -2.35       |
|    explained_variance   | 0.974       |
|    learning_rate        | 0.0003      |
|    loss                 | 0.209       |
|    n_updates            | 20690       |
|    policy_gradient_loss | -0.000542   |
|    std                  | 0.471       |
|    value_loss           | 3.86        |
-----------------------------------------
-----------------------------------------
| rollout/                |             |
|    ep_len_mean          | 217         |
|    ep_rew_mean          | -52.8       |
| time/                   |             |
|    fps                  | 921         |
|    iterations           | 170         |
|    time_elapsed         | 1510        |
|    total_timesteps      | 1392640     |
| train/                  |             |
|    approx_kl            | 0.027333299 |
|    clip_fraction        | 0.273       |
|    clip_range           | 0.2         |
|    entropy_loss         | -2.35       |
|    explained_variance   | 0.994       |
|    learning_rate        | 0.0003      |
|    loss                 | 0.232       |
|    n_updates            | 20700       |
|    policy_gradient_loss | -0.00319    |
|    std                  | 0.471       |
|    value_loss           | 0.925       |
-----------------------------------------
[PeriodicArtifactCallback] step 1400000: saving checkpoint, evaluating, rendering...
[PeriodicArtifactCallback] step 1400000: success_rate=0.00 pick_success_rate=0.30 mean_reward=-216.89 -> C:\GitHub\HumanoidRobot\simulation\training\pick_place\runs\pp_v17\dashboard.html
-----------------------------------------
| rollout/                |             |
|    ep_len_mean          | 236         |
|    ep_rew_mean          | -65.1       |
| time/                   |             |
|    fps                  | 915         |
|    iterations           | 171         |
|    time_elapsed         | 1530        |
|    total_timesteps      | 1400832     |
| train/                  |             |
|    approx_kl            | 0.021701014 |
|    clip_fraction        | 0.243       |
|    clip_range           | 0.2         |
|    entropy_loss         | -2.33       |
|    explained_variance   | 0.986       |
|    learning_rate        | 0.0003      |
|    loss                 | 0.255       |
|    n_updates            | 20710       |
|    policy_gradient_loss | -0.00418    |
|    std                  | 0.47        |
|    value_loss           | 1.52        |
-----------------------------------------
-----------------------------------------
| rollout/                |             |
|    ep_len_mean          | 243         |
|    ep_rew_mean          | -71.2       |
| time/                   |             |
|    fps                  | 915         |
|    iterations           | 172         |
|    time_elapsed         | 1538        |
|    total_timesteps      | 1409024     |
| train/                  |             |
|    approx_kl            | 0.023457056 |
|    clip_fraction        | 0.226       |
|    clip_range           | 0.2         |
|    entropy_loss         | -2.34       |
|    explained_variance   | 0.976       |
|    learning_rate        | 0.0003      |
|    loss                 | 1.2         |
|    n_updates            | 20720       |
|    policy_gradient_loss | -0.00204    |
|    std                  | 0.47        |
|    value_loss           | 1.85        |
-----------------------------------------
-----------------------------------------
| rollout/                |             |
|    ep_len_mean          | 255         |
|    ep_rew_mean          | -75.2       |
| time/                   |             |
|    fps                  | 916         |
|    iterations           | 173         |
|    time_elapsed         | 1546        |
|    total_timesteps      | 1417216     |
| train/                  |             |
|    approx_kl            | 0.033449214 |
|    clip_fraction        | 0.231       |
|    clip_range           | 0.2         |
|    entropy_loss         | -2.34       |
|    explained_variance   | 0.989       |
|    learning_rate        | 0.0003      |
|    loss                 | 0.343       |
|    n_updates            | 20730       |
|    policy_gradient_loss | -0.00819    |
|    std                  | 0.467       |
|    value_loss           | 1.77        |
-----------------------------------------
-----------------------------------------
| rollout/                |             |
|    ep_len_mean          | 272         |
|    ep_rew_mean          | -80.2       |
| time/                   |             |
|    fps                  | 917         |
|    iterations           | 174         |
|    time_elapsed         | 1553        |
|    total_timesteps      | 1425408     |
| train/                  |             |
|    approx_kl            | 0.021933956 |
|    clip_fraction        | 0.213       |
|    clip_range           | 0.2         |
|    entropy_loss         | -2.31       |
|    explained_variance   | 0.975       |
|    learning_rate        | 0.0003      |
|    loss                 | 5           |
|    n_updates            | 20740       |
|    policy_gradient_loss | -0.00319    |
|    std                  | 0.462       |
|    value_loss           | 3.07        |
-----------------------------------------
-----------------------------------------
| rollout/                |             |
|    ep_len_mean          | 306         |
|    ep_rew_mean          | -95.7       |
| time/                   |             |
|    fps                  | 918         |
|    iterations           | 175         |
|    time_elapsed         | 1561        |
|    total_timesteps      | 1433600     |
| train/                  |             |
|    approx_kl            | 0.023101864 |
|    clip_fraction        | 0.212       |
|    clip_range           | 0.2         |
|    entropy_loss         | -2.33       |
|    explained_variance   | 0.965       |
|    learning_rate        | 0.0003      |
|    loss                 | 0.669       |
|    n_updates            | 20750       |
|    policy_gradient_loss | 0.00103     |
|    std                  | 0.469       |
|    value_loss           | 1.42        |
-----------------------------------------
-----------------------------------------
| rollout/                |             |
|    ep_len_mean          | 289         |
|    ep_rew_mean          | -91.8       |
| time/                   |             |
|    fps                  | 918         |
|    iterations           | 176         |
|    time_elapsed         | 1569        |
|    total_timesteps      | 1441792     |
| train/                  |             |
|    approx_kl            | 0.020266159 |
|    clip_fraction        | 0.182       |
|    clip_range           | 0.2         |
|    entropy_loss         | -2.35       |
|    explained_variance   | 0.976       |
|    learning_rate        | 0.0003      |
|    loss                 | 0.238       |
|    n_updates            | 20760       |
|    policy_gradient_loss | -0.00155    |
|    std                  | 0.469       |
|    value_loss           | 1.83        |
-----------------------------------------
-----------------------------------------
| rollout/                |             |
|    ep_len_mean          | 277         |
|    ep_rew_mean          | -86.1       |
| time/                   |             |
|    fps                  | 918         |
|    iterations           | 177         |
|    time_elapsed         | 1578        |
|    total_timesteps      | 1449984     |
| train/                  |             |
|    approx_kl            | 0.046138883 |
|    clip_fraction        | 0.264       |
|    clip_range           | 0.2         |
|    entropy_loss         | -2.33       |
|    explained_variance   | 0.986       |
|    learning_rate        | 0.0003      |
|    loss                 | 0.284       |
|    n_updates            | 20770       |
|    policy_gradient_loss | 0.00208     |
|    std                  | 0.468       |
|    value_loss           | 2.27        |
-----------------------------------------
-----------------------------------------
| rollout/                |             |
|    ep_len_mean          | 271         |
|    ep_rew_mean          | -87.9       |
| time/                   |             |
|    fps                  | 919         |
|    iterations           | 178         |
|    time_elapsed         | 1585        |
|    total_timesteps      | 1458176     |
| train/                  |             |
|    approx_kl            | 0.022064175 |
|    clip_fraction        | 0.203       |
|    clip_range           | 0.2         |
|    entropy_loss         | -2.31       |
|    explained_variance   | 0.964       |
|    learning_rate        | 0.0003      |
|    loss                 | 0.159       |
|    n_updates            | 20780       |
|    policy_gradient_loss | 0.00114     |
|    std                  | 0.466       |
|    value_loss           | 3.04        |
-----------------------------------------
-----------------------------------------
| rollout/                |             |
|    ep_len_mean          | 300         |
|    ep_rew_mean          | -92.8       |
| time/                   |             |
|    fps                  | 919         |
|    iterations           | 179         |
|    time_elapsed         | 1594        |
|    total_timesteps      | 1466368     |
| train/                  |             |
|    approx_kl            | 0.018068146 |
|    clip_fraction        | 0.197       |
|    clip_range           | 0.2         |
|    entropy_loss         | -2.35       |
|    explained_variance   | 0.956       |
|    learning_rate        | 0.0003      |
|    loss                 | 0.448       |
|    n_updates            | 20790       |
|    policy_gradient_loss | 0.00398     |
|    std                  | 0.475       |
|    value_loss           | 2.31        |
-----------------------------------------
-----------------------------------------
| rollout/                |             |
|    ep_len_mean          | 294         |
|    ep_rew_mean          | -88.8       |
| time/                   |             |
|    fps                  | 920         |
|    iterations           | 180         |
|    time_elapsed         | 1602        |
|    total_timesteps      | 1474560     |
| train/                  |             |
|    approx_kl            | 0.032310367 |
|    clip_fraction        | 0.233       |
|    clip_range           | 0.2         |
|    entropy_loss         | -2.37       |
|    explained_variance   | 0.985       |
|    learning_rate        | 0.0003      |
|    loss                 | 0.228       |
|    n_updates            | 20800       |
|    policy_gradient_loss | -0.00291    |
|    std                  | 0.473       |
|    value_loss           | 1.35        |
-----------------------------------------
-----------------------------------------
| rollout/                |             |
|    ep_len_mean          | 312         |
|    ep_rew_mean          | -103        |
| time/                   |             |
|    fps                  | 920         |
|    iterations           | 181         |
|    time_elapsed         | 1610        |
|    total_timesteps      | 1482752     |
| train/                  |             |
|    approx_kl            | 0.019162742 |
|    clip_fraction        | 0.176       |
|    clip_range           | 0.2         |
|    entropy_loss         | -2.39       |
|    explained_variance   | 0.961       |
|    learning_rate        | 0.0003      |
|    loss                 | 1.05        |
|    n_updates            | 20810       |
|    policy_gradient_loss | 0.00276     |
|    std                  | 0.481       |
|    value_loss           | 3.8         |
-----------------------------------------
----------------------------------------
| rollout/                |            |
|    ep_len_mean          | 303        |
|    ep_rew_mean          | -101       |
| time/                   |            |
|    fps                  | 920        |
|    iterations           | 182        |
|    time_elapsed         | 1619       |
|    total_timesteps      | 1490944    |
| train/                  |            |
|    approx_kl            | 0.01978498 |
|    clip_fraction        | 0.186      |
|    clip_range           | 0.2        |
|    entropy_loss         | -2.43      |
|    explained_variance   | 0.969      |
|    learning_rate        | 0.0003     |
|    loss                 | 0.209      |
|    n_updates            | 20820      |
|    policy_gradient_loss | -0.00568   |
|    std                  | 0.483      |
|    value_loss           | 4.57       |
----------------------------------------
----------------------------------------
| rollout/                |            |
|    ep_len_mean          | 297        |
|    ep_rew_mean          | -103       |
| time/                   |            |
|    fps                  | 921        |
|    iterations           | 183        |
|    time_elapsed         | 1626       |
|    total_timesteps      | 1499136    |
| train/                  |            |
|    approx_kl            | 0.02407871 |
|    clip_fraction        | 0.213      |
|    clip_range           | 0.2        |
|    entropy_loss         | -2.42      |
|    explained_variance   | 0.957      |
|    learning_rate        | 0.0003     |
|    loss                 | 2.86       |
|    n_updates            | 20830      |
|    policy_gradient_loss | 0.000981   |
|    std                  | 0.48       |
|    value_loss           | 7.12       |
----------------------------------------
-----------------------------------------
| rollout/                |             |
|    ep_len_mean          | 325         |
|    ep_rew_mean          | -122        |
| time/                   |             |
|    fps                  | 922         |
|    iterations           | 184         |
|    time_elapsed         | 1634        |
|    total_timesteps      | 1507328     |
| train/                  |             |
|    approx_kl            | 0.020571213 |
|    clip_fraction        | 0.232       |
|    clip_range           | 0.2         |
|    entropy_loss         | -2.42       |
|    explained_variance   | 0.959       |
|    learning_rate        | 0.0003      |
|    loss                 | 0.246       |
|    n_updates            | 20840       |
|    policy_gradient_loss | 0.00682     |
|    std                  | 0.484       |
|    value_loss           | 2.21        |
-----------------------------------------
---------------------------------------
| rollout/                |           |
|    ep_len_mean          | 312       |
|    ep_rew_mean          | -108      |
| time/                   |           |
|    fps                  | 922       |
|    iterations           | 185       |
|    time_elapsed         | 1642      |
|    total_timesteps      | 1515520   |
| train/                  |           |
|    approx_kl            | 0.0263797 |
|    clip_fraction        | 0.253     |
|    clip_range           | 0.2       |
|    entropy_loss         | -2.43     |
|    explained_variance   | 0.981     |
|    learning_rate        | 0.0003    |
|    loss                 | 4.61      |
|    n_updates            | 20850     |
|    policy_gradient_loss | 0.000792  |
|    std                  | 0.482     |
|    value_loss           | 0.815     |
---------------------------------------
---------------------------------------
| rollout/                |           |
|    ep_len_mean          | 322       |
|    ep_rew_mean          | -120      |
| time/                   |           |
|    fps                  | 923       |
|    iterations           | 186       |
|    time_elapsed         | 1650      |
|    total_timesteps      | 1523712   |
| train/                  |           |
|    approx_kl            | 0.0145609 |
|    clip_fraction        | 0.164     |
|    clip_range           | 0.2       |
|    entropy_loss         | -2.43     |
|    explained_variance   | 0.977     |
|    learning_rate        | 0.0003    |
|    loss                 | 0.224     |
|    n_updates            | 20860     |
|    policy_gradient_loss | -0.00281  |
|    std                  | 0.489     |
|    value_loss           | 2.54      |
---------------------------------------
-----------------------------------------
| rollout/                |             |
|    ep_len_mean          | 288         |
|    ep_rew_mean          | -90.6       |
| time/                   |             |
|    fps                  | 923         |
|    iterations           | 187         |
|    time_elapsed         | 1658        |
|    total_timesteps      | 1531904     |
| train/                  |             |
|    approx_kl            | 0.023013663 |
|    clip_fraction        | 0.244       |
|    clip_range           | 0.2         |
|    entropy_loss         | -2.42       |
|    explained_variance   | 0.984       |
|    learning_rate        | 0.0003      |
|    loss                 | 0.325       |
|    n_updates            | 20870       |
|    policy_gradient_loss | -0.00542    |
|    std                  | 0.479       |
|    value_loss           | 1.6         |
-----------------------------------------
---------------------------------------
| rollout/                |           |
|    ep_len_mean          | 288       |
|    ep_rew_mean          | -92.4     |
| time/                   |           |
|    fps                  | 924       |
|    iterations           | 188       |
|    time_elapsed         | 1665      |
|    total_timesteps      | 1540096   |
| train/                  |           |
|    approx_kl            | 0.9640713 |
|    clip_fraction        | 0.269     |
|    clip_range           | 0.2       |
|    entropy_loss         | -2.38     |
|    explained_variance   | 0.967     |
|    learning_rate        | 0.0003    |
|    loss                 | 0.66      |
|    n_updates            | 20880     |
|    policy_gradient_loss | -0.0262   |
|    std                  | 0.478     |
|    value_loss           | 3.86      |
---------------------------------------
-----------------------------------------
| rollout/                |             |
|    ep_len_mean          | 280         |
|    ep_rew_mean          | -91.3       |
| time/                   |             |
|    fps                  | 924         |
|    iterations           | 189         |
|    time_elapsed         | 1674        |
|    total_timesteps      | 1548288     |
| train/                  |             |
|    approx_kl            | 0.021905228 |
|    clip_fraction        | 0.207       |
|    clip_range           | 0.2         |
|    entropy_loss         | -2.36       |
|    explained_variance   | 0.971       |
|    learning_rate        | 0.0003      |
|    loss                 | 0.387       |
|    n_updates            | 20890       |
|    policy_gradient_loss | -0.00207    |
|    std                  | 0.479       |
|    value_loss           | 2.28        |
-----------------------------------------
-----------------------------------------
| rollout/                |             |
|    ep_len_mean          | 292         |
|    ep_rew_mean          | -98         |
| time/                   |             |
|    fps                  | 924         |
|    iterations           | 190         |
|    time_elapsed         | 1682        |
|    total_timesteps      | 1556480     |
| train/                  |             |
|    approx_kl            | 0.015349976 |
|    clip_fraction        | 0.176       |
|    clip_range           | 0.2         |
|    entropy_loss         | -2.37       |
|    explained_variance   | 0.924       |
|    learning_rate        | 0.0003      |
|    loss                 | 1.17        |
|    n_updates            | 20900       |
|    policy_gradient_loss | 0.0015      |
|    std                  | 0.481       |
|    value_loss           | 7.73        |
-----------------------------------------
-----------------------------------------
| rollout/                |             |
|    ep_len_mean          | 298         |
|    ep_rew_mean          | -107        |
| time/                   |             |
|    fps                  | 925         |
|    iterations           | 191         |
|    time_elapsed         | 1691        |
|    total_timesteps      | 1564672     |
| train/                  |             |
|    approx_kl            | 0.029447744 |
|    clip_fraction        | 0.24        |
|    clip_range           | 0.2         |
|    entropy_loss         | -2.36       |
|    explained_variance   | 0.954       |
|    learning_rate        | 0.0003      |
|    loss                 | 1.39        |
|    n_updates            | 20910       |
|    policy_gradient_loss | 0.00245     |
|    std                  | 0.478       |
|    value_loss           | 3.47        |
-----------------------------------------
-----------------------------------------
| rollout/                |             |
|    ep_len_mean          | 315         |
|    ep_rew_mean          | -123        |
| time/                   |             |
|    fps                  | 925         |
|    iterations           | 192         |
|    time_elapsed         | 1699        |
|    total_timesteps      | 1572864     |
| train/                  |             |
|    approx_kl            | 0.030509911 |
|    clip_fraction        | 0.189       |
|    clip_range           | 0.2         |
|    entropy_loss         | -2.36       |
|    explained_variance   | 0.92        |
|    learning_rate        | 0.0003      |
|    loss                 | 0.357       |
|    n_updates            | 20920       |
|    policy_gradient_loss | -0.00441    |
|    std                  | 0.48        |
|    value_loss           | 4.54        |
-----------------------------------------
-----------------------------------------
| rollout/                |             |
|    ep_len_mean          | 295         |
|    ep_rew_mean          | -113        |
| time/                   |             |
|    fps                  | 925         |
|    iterations           | 193         |
|    time_elapsed         | 1707        |
|    total_timesteps      | 1581056     |
| train/                  |             |
|    approx_kl            | 0.034432046 |
|    clip_fraction        | 0.188       |
|    clip_range           | 0.2         |
|    entropy_loss         | -2.38       |
|    explained_variance   | 0.956       |
|    learning_rate        | 0.0003      |
|    loss                 | 5.35        |
|    n_updates            | 20930       |
|    policy_gradient_loss | -0.00671    |
|    std                  | 0.479       |
|    value_loss           | 5.58        |
-----------------------------------------
----------------------------------------
| rollout/                |            |
|    ep_len_mean          | 312        |
|    ep_rew_mean          | -121       |
| time/                   |            |
|    fps                  | 926        |
|    iterations           | 194        |
|    time_elapsed         | 1715       |
|    total_timesteps      | 1589248    |
| train/                  |            |
|    approx_kl            | 0.02837443 |
|    clip_fraction        | 0.263      |
|    clip_range           | 0.2        |
|    entropy_loss         | -2.37      |
|    explained_variance   | 0.983      |
|    learning_rate        | 0.0003     |
|    loss                 | 1.38       |
|    n_updates            | 20940      |
|    policy_gradient_loss | 0.00151    |
|    std                  | 0.478      |
|    value_loss           | 2.22       |
----------------------------------------
-----------------------------------------
| rollout/                |             |
|    ep_len_mean          | 312         |
|    ep_rew_mean          | -115        |
| time/                   |             |
|    fps                  | 926         |
|    iterations           | 195         |
|    time_elapsed         | 1723        |
|    total_timesteps      | 1597440     |
| train/                  |             |
|    approx_kl            | 0.029294599 |
|    clip_fraction        | 0.273       |
|    clip_range           | 0.2         |
|    entropy_loss         | -2.38       |
|    explained_variance   | 0.991       |
|    learning_rate        | 0.0003      |
|    loss                 | 0.481       |
|    n_updates            | 20950       |
|    policy_gradient_loss | 0.00214     |
|    std                  | 0.479       |
|    value_loss           | 0.617       |
-----------------------------------------
[PeriodicArtifactCallback] step 1600000: running periodic self-monitoring analysis...
[PeriodicArtifactCallback] analysis written to C:\GitHub\HumanoidRobot\simulation\training\pick_place\runs\pp_v17\analysis_1600000.md (stalled=False)
[PeriodicArtifactCallback] step 1600000: saving checkpoint, evaluating, rendering...
[PeriodicArtifactCallback] step 1600000: success_rate=0.00 pick_success_rate=0.50 mean_reward=-243.83 -> C:\GitHub\HumanoidRobot\simulation\training\pick_place\runs\pp_v17\dashboard.html
-----------------------------------------
| rollout/                |             |
|    ep_len_mean          | 301         |
|    ep_rew_mean          | -96.3       |
| time/                   |             |
|    fps                  | 916         |
|    iterations           | 196         |
|    time_elapsed         | 1751        |
|    total_timesteps      | 1605632     |
| train/                  |             |
|    approx_kl            | 0.019856187 |
|    clip_fraction        | 0.229       |
|    clip_range           | 0.2         |
|    entropy_loss         | -2.36       |
|    explained_variance   | 0.988       |
|    learning_rate        | 0.0003      |
|    loss                 | 0.198       |
|    n_updates            | 20960       |
|    policy_gradient_loss | -0.00588    |
|    std                  | 0.474       |
|    value_loss           | 0.889       |
-----------------------------------------
-----------------------------------------
| rollout/                |             |
|    ep_len_mean          | 288         |
|    ep_rew_mean          | -88.4       |
| time/                   |             |
|    fps                  | 917         |
|    iterations           | 197         |
|    time_elapsed         | 1759        |
|    total_timesteps      | 1613824     |
| train/                  |             |
|    approx_kl            | 0.026100423 |
|    clip_fraction        | 0.245       |
|    clip_range           | 0.2         |
|    entropy_loss         | -2.34       |
|    explained_variance   | 0.984       |
|    learning_rate        | 0.0003      |
|    loss                 | 0.401       |
|    n_updates            | 20970       |
|    policy_gradient_loss | -0.00748    |
|    std                  | 0.473       |
|    value_loss           | 2.09        |
-----------------------------------------
-----------------------------------------
| rollout/                |             |
|    ep_len_mean          | 236         |
|    ep_rew_mean          | -68.5       |
| time/                   |             |
|    fps                  | 917         |
|    iterations           | 198         |
|    time_elapsed         | 1768        |
|    total_timesteps      | 1622016     |
| train/                  |             |
|    approx_kl            | 0.030606449 |
|    clip_fraction        | 0.259       |
|    clip_range           | 0.2         |
|    entropy_loss         | -2.33       |
|    explained_variance   | 0.99        |
|    learning_rate        | 0.0003      |
|    loss                 | 0.126       |
|    n_updates            | 20980       |
|    policy_gradient_loss | -0.000914   |
|    std                  | 0.472       |
|    value_loss           | 1.05        |
-----------------------------------------
-----------------------------------------
| rollout/                |             |
|    ep_len_mean          | 249         |
|    ep_rew_mean          | -67.2       |
| time/                   |             |
|    fps                  | 917         |
|    iterations           | 199         |
|    time_elapsed         | 1776        |
|    total_timesteps      | 1630208     |
| train/                  |             |
|    approx_kl            | 0.016155003 |
|    clip_fraction        | 0.185       |
|    clip_range           | 0.2         |
|    entropy_loss         | -2.37       |
|    explained_variance   | 0.978       |
|    learning_rate        | 0.0003      |
|    loss                 | 0.345       |
|    n_updates            | 20990       |
|    policy_gradient_loss | -0.00148    |
|    std                  | 0.479       |
|    value_loss           | 2.28        |
-----------------------------------------
