global_step,episode_num,episode_reward,episode_length,success_rate,avg_reward_100,policy_loss,value_loss,entropy,learning_rate,fps,eta_seconds,ee_x,ee_y,ee_z,cube_x,cube_y,cube_z,ee_to_cube_dist,cube_to_goal_dist,is_grasped,timestamp
5008,102,35.087051,23,0.97,29.970923909999996,,,,,3425.3180466249282,582.4253318507831,0.14294235110123732,-0.02441160362885853,0.8007817003596717,0.17787040916364275,-0.0779470658378696,0.8029079639137556,0.06395729786853602,0.18292791575021294,False,2026-08-07T15:31:14.946046+00:00
10016,152,-146.145642,600,0.93,21.892661860000004,-0.0013561090250732376,3.770737360836938,2.0488161450251936,0.0003,635.3858233870824,3131.930123010763,0.14255502144406373,-0.03274877689303256,0.801568737161543,0.1778704067212411,-0.07794706538271136,0.8029079639137556,0.057374691702575184,0.18292791596459343,False,2026-08-07T15:31:22.827857+00:00
15024,243,34.994869,22,0.81,-3.422932520000002,-0.0013561090250732376,3.770737360836938,2.0488161450251936,0.0003,4302.505836065789,461.35347065910366,0.17216647577505684,-0.15750459248690926,0.8339394459537632,0.17335997273957351,-0.15823447897013143,0.844683523492038,0.010834776021273423,0.10263873607017368,True,2026-08-07T15:31:23.991824+00:00
20032,292,-154.413458,600,0.91,17.750918370000004,8.829650068946649e-05,5.372681672591716,2.050595173984766,0.0003,628.6584712798074,3149.5129556899633,0.17592843758976245,0.09726753324679822,0.806837345140018,0.18640262526665977,0.12459851214926902,0.8271845181328531,0.03564685770244732,0.3855037148568132,False,2026-08-07T15:31:31.957980+00:00
25040,350,33.439208,30,0.85,5.025571050000001,0.0006067021160561126,4.498397867253516,2.0644688669592144,0.0003,643.8087952582493,3067.6188560111073,0.17641094661466022,0.09900381886430076,0.8068171894772149,0.18720811413838473,0.12502420675551063,0.8282992112764143,0.0354276258465857,0.3859843536500898,False,2026-08-07T15:31:39.736688+00:00
30048,397,35.300368,23,0.83,-6.993772830000003,0.0006067021160561126,4.498397867253516,2.0644688669592144,0.0003,4686.599036489523,420.3372178123401,0.17634259019588586,0.0987227928085854,0.8067180835080023,0.18694688938578838,0.0348471575397296,0.8028935008317155,0.06486274257967062,0.29607597193427915,False,2026-08-07T15:31:40.805266+00:00
35056,436,-397.178278,600,0.83,-17.114766680000002,0.0012198478394566336,4.169471045094542,2.0769960755482315,0.0003,642.8724544957789,3056.506755358114,0.17670466906481047,0.0985255225189884,0.8071249576160834,0.18694688834555262,0.034847155283605595,0.8028935008317155,0.06463546036098958,0.2960759695928434,False,2026-08-07T15:31:48.595315+00:00
40064,498,23.61128,20,0.82,-8.06365693,0.0012198478394566336,4.169471045094542,2.0769960755482315,0.0003,4100.909231513223,477.92718379109056,0.17690283184384845,0.09932904030856887,0.8068458116321003,0.18752417762779652,0.12604188449920173,0.8285937047534714,0.03604663488085673,0.3870218558967717,False,2026-08-07T15:31:49.816524+00:00
45072,540,35.102378,23,0.85,2.4039807300000007,0.0018350569815083872,3.1589404545142314,2.0706853268668057,0.0003,680.9035271552959,2871.0792675246826,0.1762735950414079,0.0973819918612222,0.8069607984620492,0.18685147009080808,0.12411055020579033,0.826691514161151,0.034865576343128056,0.38504794016515986,False,2026-08-07T15:31:57.171472+00:00
50080,577,35.340544,23,0.77,-16.181949860000003,0.001059011918187025,3.9893935346219225,2.0846410213038324,0.0003,648.2134763551664,3008.144802795812,0.17812366123263265,0.10306147195817252,0.8068553442951607,0.1843969784639473,0.12769923554949408,0.8296836846645249,0.034168801967381056,0.3884660986544803,False,2026-08-07T15:32:04.897283+00:00
55088,629,25.674634,32,0.8,-14.36043905,0.001059011918187025,3.9893935346219225,2.0846410213038324,0.0003,3969.9840467876224,489.9042356539839,0.17545501632748328,0.0946744333130665,0.8071132535287714,0.1862415759466242,0.12335468197313484,0.8252577134053471,0.03561078426310351,0.3842517826879737,False,2026-08-07T15:32:06.158760+00:00
60096,683,35.093585,24,0.86,-2.05022633,0.003583890718255134,5.098106415709481,2.080435123667121,0.0003,638.6312959724353,3037.596203371359,0.14269396631231518,-0.025626483539166262,0.8012398299804913,0.16571864121332353,-0.0790434092674747,0.8028849748069622,0.05819115147563939,0.18104692923898316,False,2026-08-07T15:32:14.000535+00:00
65104,761,35.163907,23,0.86,3.9496353400000004,0.003583890718255134,5.098106415709481,2.080435123667121,0.0003,4302.391271450944,449.7257171469375,0.14275586697930792,-0.022366140935455865,0.8010664623205331,0.1657186416693535,-0.07904340682458817,0.8028849748069622,0.06117931413309973,0.18104693169505517,False,2026-08-07T15:32:15.164528+00:00
70112,813,35.153521,24,0.86,3.26025874,0.002827559662546264,4.5120428835274655,2.084148727171123,0.0003,614.3620949904265,3141.2875496983147,0.14481030858560975,-0.2618172570548741,0.8024014605434842,0.11938442526199709,-0.37738140926780656,0.8379446704394907,0.12355107684351185,0.12420958156678011,False,2026-08-07T15:32:23.316088+00:00
75120,872,35.457652,22,0.85,5.08783352,0.002179094679740956,5.010448273213115,2.0720416281372307,0.0003,631.5401624596359,3047.9138373452633,0.14468199118482286,-0.25775990285910694,0.802136661149645,0.11942750613789781,-0.3773582718043522,0.8379445764743938,0.12737254676441367,0.12417363334901066,False,2026-08-07T15:32:31.245913+00:00
80128,959,35.467094,25,0.9,11.078291110000002,0.002179094679740956,5.010448273213115,2.0720416281372307,0.0003,4183.305281819943,458.93662323509926,0.1771724474534901,0.10008703358614122,0.8071778863783969,0.18804696148219274,0.1284401462668625,0.8008938491217249,0.031010372108205526,0.3894513824345796,False,2026-08-07T15:32:32.443047+00:00
85136,998,-283.018844,600,0.9,12.864849290000002,0.0004673093881137902,4.81137686658185,2.045799981802702,0.0003,637.575724771995,3003.35148532322,0.17532856444796444,0.09513175951489788,0.80684912688793,0.18774074172878535,0.12774698101586046,0.8031484770065195,0.035092871469176785,0.388738048097401,False,2026-08-07T15:32:40.297798+00:00
90144,1054,35.145529,23,0.86,0.6586694600000018,0.002005619558622129,2.6283254403679166,2.020121622271836,0.0003,630.3448032974073,3029.8591977110304,0.17672635997800215,0.0998964230982208,0.8066870832262664,0.18265817529632475,0.12564554600457906,0.827965502528759,0.0339260208605448,0.3863106005029229,False,2026-08-07T15:32:48.242652+00:00
95152,1101,35.421979,23,0.87,3.3098706399999993,0.002005619558622129,2.6283254403679166,2.020121622271836,0.0003,4624.9508292735345,411.86340575629526,0.17672346691783217,0.09878381725680754,0.8069755554158659,0.18419575801487148,0.12569207291826917,0.8274964254176063,0.034655381437949925,0.38645026823370904,False,2026-08-07T15:32:49.325473+00:00
100160,1146,35.338259,23,0.81,-5.16951343,-0.0003397881067940034,3.4625617643469013,2.045814789645374,0.0003,629.2032623077548,3019.4376186669447,0.14448372577125052,-0.2515280488287519,0.8017016355026776,0.18181052372906212,-0.23825768986450396,0.8028980230735423,0.039633617246511876,0.030796541938407238,False,2026-08-07T15:32:57.284745+00:00
105168,1206,35.794301,23,0.84,2.58316295,-0.0003397881067940034,3.4625617643469013,2.045814789645374,0.0003,3948.3964796330756,479.8991210163592,0.17734863856933955,0.1013284705577133,0.8069115620149637,0.14453161150862207,0.12655012082282954,0.8029084371948021,0.04158261554454573,0.3868594925171985,False,2026-08-07T15:32:58.553121+00:00
110176,1281,23.845229,21,0.88,6.896791949999998,0.001804151605028892,3.2044067757669836,2.0726670507341622,0.0003,650.3897674684458,2905.6791704394186,0.1780608529010736,0.10284238461169248,0.8068658527932876,0.14425297633756878,0.12650049997097404,0.8029078472396639,0.041452922068881556,0.3868211540648185,False,2026-08-07T15:33:06.253106+00:00
115184,1332,24.494804,20,0.88,9.640943539999999,0.0021099792487802916,6.1114784384844825,2.086644595861435,0.0003,636.7945863466147,2959.8492832884617,0.16703611959358217,-0.21546706238806151,0.8010995573408317,0.1341754860583344,-0.17464583026855401,0.8242904459104194,0.0573062958211364,0.08917533185173898,False,2026-08-07T15:33:14.117508+00:00
120192,1395,35.909379,23,0.87,1.6142362900000011,0.0021099792487802916,6.1114784384844825,2.086644595861435,0.0003,4091.85643235409,459.40223736504015,0.17664160507297932,0.09852484149649819,0.8069889588474131,0.14580159434021614,0.1216432700381442,0.8028927493026032,0.038760120392835884,0.3819072927932741,False,2026-08-07T15:33:15.341407+00:00
125200,1432,34.842177,24,0.86,2.462931020000001,0.0013563911987148458,1.1231131914944854,2.1040592059493064,0.0003,649.858148024384,2884.9372831586834,0.17693838059318207,0.09939262483108649,0.8069772021504802,0.1454223786709633,0.12165051828754438,0.8028926992379812,0.03879890929294972,0.3819288221027107,False,2026-08-07T15:33:23.047710+00:00
130208,1500,35.503282,22,0.86,2.7803198900000012,0.0013563911987148458,1.1231131914944854,2.1040592059493064,0.0003,4455.32482755695,419.6757974716041,0.17647478797105598,-0.175083061307951,0.824848987637111,0.1764550153506596,-0.17529673722021422,0.8336435405511373,0.008797170528619273,0.08628679073723793,True,2026-08-07T15:33:24.171738+00:00
135216,1573,35.280494,23,0.9,11.931576240000002,-0.002201260032597929,1.7969539776444434,2.106197457201779,0.0003,639.6304107082613,2915.408599686699,0.14452891267691823,-0.2455848703460865,0.8010613212293985,0.14302580703394857,-0.1614443064933038,0.8029019605885527,0.08417411576778575,0.1000067395200673,False,2026-08-07T15:33:32.001285+00:00
140224,1623,-292.520101,600,0.87,4.99267702,-0.002930462815129431,2.7707387327682227,2.0755284588783978,0.0003,647.7553738989277,2871.108561872293,0.14417922160472513,0.012658069711849324,0.8002439354893659,0.15139923405741035,-0.04816385121628283,0.8028860953719108,0.061305918589071154,0.21201067686868122,False,2026-08-07T15:33:39.732578+00:00
145232,1659,35.290129,23,0.82,-4.997410150000003,-0.002930462815129431,2.7707387327682227,2.0755284588783978,0.0003,4705.064704098286,394.2066935624559,0.1435525893514868,0.007127485286238373,0.8001765713455862,0.15139923215027395,-0.04816385280798782,0.8028860953719108,0.05591103103959913,0.21201067535565452,False,2026-08-07T15:33:40.796960+00:00
150240,1696,35.252703,23,0.77,-20.638248080000004,-0.0020335756078566193,1.6868755864590639,2.0704940078780054,0.0003,637.1882310764867,2903.004025788353,0.17789857489659497,0.10235430138074197,0.8068705916141897,0.1872483719417716,0.1258177888648959,0.8294897171132126,0.03390543891539511,0.38677879980432556,False,2026-08-07T15:33:48.656492+00:00
155248,1739,-243.685875,600,0.78,-14.883432520000001,-0.0020335756078566193,1.6868755864590639,2.0704940078780054,0.0003,4037.9239458133866,456.8565492454809,0.17567165876197785,0.09667477518419063,0.8067725973840765,0.18655613153398362,0.12406024775988997,0.8267652507278017,0.03561098206229763,0.3849772746948037,False,2026-08-07T15:33:49.896764+00:00
160256,1763,-275.392369,600,0.76,-26.95319207,-0.0011467317352071404,5.165559040679364,2.0956365229561924,0.0003,671.3191834473762,2740.4907313276785,0.17844868427232163,0.10407999418946269,0.8068317182462431,0.18690382796389318,0.04363990671584101,0.8029004745558652,0.06115511675744965,0.3048294751324343,False,2026-08-07T15:33:57.356700+00:00
165264,1813,35.506902,23,0.76,-22.29516179,-0.0033822409437561872,3.105078120774124,2.1193818347528577,0.0003,648.3469890168774,2829.867387495863,0.17830408998441882,0.10362657110907161,0.8068424331187498,0.18690382695331995,0.0436399044468709,0.8029004745558652,0.06072803875054558,0.30482947278312683,False,2026-08-07T15:34:05.080967+00:00
170272,1847,-310.434812,600,0.73,-27.473591040000002,-0.0033822409437561872,3.105078120774124,2.1193818347528577,0.0003,4167.45189581189,439.05197846165856,0.1542156979485528,0.054073375910645725,0.8033904470582367,0.1776746035568282,-0.0018878835845030065,0.802881230424784,0.06068148085043026,0.25871655581229847,False,2026-08-07T15:34:06.282647+00:00
175280,1871,24.095264,23,0.75,-23.786188919999994,-0.0014416360845643794,2.348967825990985,2.141667957790196,0.0003,649.2311230499568,2810.586146005807,0.15043800082657893,0.04834831782031406,0.8027444019507665,0.17767460123327433,-0.001887882702022147,0.802881230424784,0.05714478949708079,0.2587165565339805,False,2026-08-07T15:34:13.996405+00:00
180288,1898,-138.447113,600,0.74,-26.231855690000003,0.002091899855440715,1.9535295513749589,2.1849890269339083,0.0003,652.9062034945853,2787.0955893208807,0.08487248468149325,-0.2679009150223266,0.7899328126116614,0.15310872218277083,0.11843865555432878,0.8029078903500738,0.3925338208919113,0.3785013946179355,False,2026-08-07T15:34:21.666692+00:00
185296,1931,35.278476,23,0.72,-30.357284790000005,0.002091899855440715,1.9535295513749589,2.1849890269339083,0.0003,4184.827971805058,433.6388525947595,0.17707502923657173,0.09979565815235918,0.8069819738203804,0.14216741373177955,0.12290217519875743,0.8029078952215009,0.0420600863845493,0.38331720142064263,False,2026-08-07T15:34:22.863413+00:00
190304,1994,23.828273,20,0.82,-10.213748079999998,0.0021779360962682404,1.371945744205732,2.2013168103992937,0.0003,640.0945268013227,2827.2324230663307,0.14352976628845301,-0.24697049628447978,0.8017590734600297,0.1438337301429152,-0.16199077687437138,0.8028628477210703,0.08498743096873156,0.09933355978107976,False,2026-08-07T15:34:30.687257+00:00
195312,2047,23.667497,21,0.89,1.9298614299999988,0.0021779360962682404,1.371945744205732,2.2013168103992937,0.0003,4507.414500411578,400.38208153148804,0.17643049809858607,0.09839017563769,0.8068877632603575,0.1880968383277695,0.12809310267919835,0.8032881745174095,0.032114239961340975,0.3891088391069826,False,2026-08-07T15:34:31.798331+00:00
200320,2085,35.062821,23,0.86,-0.38079954,-0.0015668177842599108,0.6964944021776318,2.1853343576192854,0.0003,245.8478710235023,7320.299307484977,0.14532628132607173,-0.2774106941930539,0.8032663499984966,0.15511604541888285,-0.3467757896122446,0.8029024266610661,0.07005346803479359,0.0869131214212155,False,2026-08-07T15:34:52.168636+00:00
205328,2122,-141.561653,600,0.83,-4.443135699999999,-0.0004656068857002538,0.4230153290583985,2.1913624953478577,0.0003,680.9204790784561,2635.655785281818,0.16458872256119444,0.0710093750849497,0.8053604988185716,0.1863687432119615,0.02525082183809764,0.8028912639528346,0.050737674519187474,0.28646699980606577,False,2026-08-07T15:34:59.523375+00:00
210336,2157,35.375189,23,0.79,-10.971591989999997,-0.0004656068857002538,0.4230153290583985,2.1913624953478577,0.0003,4813.307006779853,371.81588406456166,0.16420528378212632,0.07039891028515433,0.8053078080048968,0.18636874315116392,0.02525081935364167,0.8028912639528346,0.05035284233405969,0.2864669973265611,False,2026-08-07T15:35:00.563822+00:00
215344,2222,23.828355,21,0.81,-1.571382669999999,-0.003705416678712936,3.170468816207722,2.213184337504208,0.0003,638.3851284661561,2795.578907497394,0.14541359257959394,-0.28998509776951775,0.8045270508850212,0.15280266300801873,-0.3587868166980332,0.8028807870637813,0.06921694210150998,0.09904865881528609,False,2026-08-07T15:35:08.408619+00:00
220352,2266,35.346491,24,0.88,1.7201528800000023,-0.003705416678712936,3.170468816207722,2.213184337504208,0.0003,4074.750589871647,436.75016685034905,0.17738911116599076,0.10075170980751912,0.8069352577189601,0.13541134941179228,0.11266438384401885,0.8028808098444574,0.043823313797101235,0.373474690874216,False,2026-08-07T15:35:09.637655+00:00
225360,2305,35.723144,23,0.85,-10.553650590000002,-0.0005375217726395932,4.358391891373321,2.2391129530966283,0.0003,655.9070121066796,2705.627424686481,0.1781576728278229,0.10316656235892419,0.8068714048650114,0.13493166893768255,0.11228078614641941,0.8028815119005663,0.044356236691436096,0.37312384667298604,False,2026-08-07T15:35:17.272892+00:00
230368,2339,35.420629,23,0.83,-14.432077259999998,-0.006221462809480727,4.240772327245213,2.2651314420625566,0.0003,658.7239081968233,2686.454792333487,0.17843305312214056,0.1035569160573729,0.8067173842121785,0.1821806294083776,0.1287897280622939,0.8311629074104743,0.035331610975658435,0.3894219215294695,False,2026-08-07T15:35:24.875477+00:00
235376,2386,35.704462,23,0.77,-25.916928560000002,-0.006221462809480727,4.240772327245213,2.2651314420625566,0.0003,4045.3303479588053,436.21258295763033,0.17796132662216288,0.10256587233307086,0.8068433283140256,0.18432259916498533,0.1251900279494423,0.8296130258244472,0.03272273415278676,0.3859571821612246,False,2026-08-07T15:35:26.113434+00:00
240384,2425,35.584168,22,0.81,-14.47834294,0.0007529281116148923,4.9451726508094,2.2863390667364003,0.0003,658.3363494151749,2672.8221851385442,0.1721549774866849,-0.15740937467038757,0.8339638881477262,0.1734514678528998,-0.15803977574579056,0.8448490541958571,0.010980215511589012,0.10284371306679994,True,2026-08-07T15:35:33.720486+00:00
245392,2467,34.800377,24,0.74,-22.340622910000008,0.0007529281116148923,4.9451726508094,2.2863390667364003,0.0003,4594.187270701546,381.91912880644634,0.17664290890477424,0.09868113519144539,0.8069099964051931,0.17617487677647914,0.12702137563932173,0.8297197936002322,0.036382346416845825,0.38735922841786957,False,2026-08-07T15:35:34.810565+00:00
250400,2496,35.324415,22,0.75,-12.32877329,0.0004666037784772925,3.7249226721702144,2.287331747636199,0.0003,739.7825033763793,2365.019437489799,0.17648140689461533,0.09892729300771987,0.806802386440263,0.18469886751508321,0.12266145274192101,0.8273695456605876,0.03246297946479495,0.38345771797042383,False,2026-08-07T15:35:41.580124+00:00
255408,2553,35.364308,23,0.78,-11.369307489999999,0.0014299118254712084,3.1861909129307606,2.2828144678846,0.0003,757.3802097558951,2303.4560152585514,0.14511261337323586,-0.2734116046466536,0.8031921624576616,0.11431553976915872,-0.3643497763585307,0.837932738428411,0.10210346926355247,0.11391200872892504,False,2026-08-07T15:35:48.192386+00:00
260416,2580,35.104968,24,0.81,-7.1950065400000005,0.0014299118254712084,3.1861909129307606,2.2828144678846,0.0003,4986.950269800057,348.82722022205877,0.14387156448504812,-0.23711286995475023,0.8007947154410847,0.114220865517984,-0.36434991594494937,0.8379324996656706,0.13582210732667716,0.11395013870829866,False,2026-08-07T15:35:49.196611+00:00
265424,2634,35.431871,22,0.83,-10.657450940000004,-0.0011947257811698365,4.673467876866925,2.2805040093138813,0.0003,635.8118293030029,2728.1279146716997,0.12290049643996329,-0.059689787723672144,0.8786158199349567,0.15798380876587464,0.07357468228562845,0.8028798790243814,0.1572456375109573,0.33358077535890845,False,2026-08-07T15:35:57.073153+00:00
270432,2692,20.979381,20,0.83,-2.4462143500000013,-0.002018314514134545,4.818557785218582,2.2990964299067853,0.0003,648.1609107065158,2668.4237994462155,0.1756352365069852,0.09638991356635036,0.8068634371655659,0.18650457036301327,0.1236550751445279,0.8264604063667171,0.03529267142380694,0.38456951118657506,False,2026-08-07T15:36:04.799633+00:00
275440,2740,35.371697,22,0.82,-5.11971332,-0.002018314514134545,4.818557785218582,2.2990964299067853,0.0003,4853.792734426035,355.3015331224131,0.17590858300737236,-0.17497214197167418,0.8247364671270326,0.1765457023237386,-0.17581964797678676,0.8350972021605843,0.010414846032825097,0.08579097815118948,True,2026-08-07T15:36:05.831411+00:00
280448,2790,35.295534,23,0.83,-4.73049668,0.005963724530738545,5.420374287187587,2.3075343519449234,0.0003,634.0638489317216,2711.954013617275,0.16122431448986602,-0.13083605809426702,0.8353655507260058,0.16540553759056767,-0.1323939712409735,0.8452517186991576,0.010846475795570376,0.12772046982489746,True,2026-08-07T15:36:13.729658+00:00
285456,2812,35.001929,23,0.77,-19.05396549,0.005963724530738545,5.420374287187587,2.3075343519449234,0.0003,4560.593018724094,375.94760000743804,0.1470631041013784,0.044161758830991604,0.802063829735063,0.13729382987934377,-0.006000011939246792,0.8029056520909185,0.05111115954965287,0.2550128704524753,False,2026-08-07T15:36:14.827767+00:00
290464,2867,35.306873,23,0.77,-19.87897743,-0.00075119048851775,3.017076868435834,2.2843015363439916,0.0003,641.5304621437133,2664.7775918348148,0.15912575972808357,0.06156791633040922,0.8039861771285102,0.13729382878808127,-0.0060000141713628915,0.8029056520909185,0.07101567415168428,0.25501286832639025,False,2026-08-07T15:36:22.634101+00:00
295472,2908,24.199765,20,0.82,-9.094866719999999,-0.0012489929569710512,6.898791365453508,2.3149016911163924,0.0003,648.6632129062924,2627.7549984112334,0.14288296961080438,-0.017284394365376297,0.8007400378279599,0.13323022394331802,-0.08699818629619027,0.8028781800958126,0.07041136226953416,0.17506069934434912,False,2026-08-07T15:36:30.354588+00:00
300480,2947,-11.093514,16,0.83,-4.0047157800000015,-0.0012489929569710512,6.898791365453508,2.3149016911163924,0.0003,4270.89874844099,397.93029526171216,0.14292817696613944,-0.023011921347716735,0.8009991744085982,0.13323022155160066,-0.08699818562153082,0.8028781800958126,0.06474428945716636,0.1750607003768084,False,2026-08-07T15:36:31.527177+00:00
305488,2993,34.93226,24,0.79,-17.259069919999998,-0.0011874922456627246,3.326657803915441,2.344139701500535,0.0003,652.7873402281065,2595.8101445531693,0.1420214412311296,-0.16310620596235995,0.8019663838037911,0.2009784565292295,-0.14887243304521713,0.8379284875621124,0.07051101226788219,0.11844226457142612,False,2026-08-07T15:36:39.198902+00:00
310496,3010,23.4373,20,0.79,-15.14770304,-0.0011874922456627246,3.326657803915441,2.344139701500535,0.0003,5218.779098720913,323.73548832792824,0.14202144123110844,-0.16310620596235223,0.8019663838037951,0.20098255475264848,-0.14891521284368114,0.8379284303894797,0.07050578691160783,0.11840354611082599,False,2026-08-07T15:36:40.158511+00:00
315504,3054,19.588458,25,0.75,-23.187177079999998,0.002370023801995558,1.1585917385935318,2.379813417047262,0.0003,643.5031997665811,2617.6963853653247,0.17703077513324067,0.10022578680028026,0.8067623719047319,0.1360562392953634,0.10006154791829756,0.8028811585322648,0.041158272300747284,0.36085678872095706,False,2026-08-07T15:36:47.940916+00:00
320512,3078,-145.087256,600,0.72,-28.244114879999998,-0.005035300191957503,3.1882634420820977,2.395059838704765,0.0003,639.8736997061587,2624.7179728925416,0.17731314775847926,0.10131671801715134,0.8067920581538904,0.13578879635846663,0.09912217807317697,0.8028816931493366,0.04176576012987515,0.3599373850627279,False,2026-08-07T15:36:55.767457+00:00
325520,3124,-330.134421,600,0.77,-19.10285864,-0.005035300191957503,3.1882634420820977,2.395059838704765,0.0003,4841.33130077272,345.87180590858094,0.17764940278989427,0.10156222195013984,0.8068821066092464,0.17157483657941505,0.13057629301022347,0.8352463455916073,0.04102738996296934,0.3907477671125557,False,2026-08-07T15:36:56.801887+00:00
330528,3171,35.332529,23,0.79,-13.99079187,-0.0059695251831726635,2.8151408766629173,2.36101649235934,0.0003,654.3052504313712,2551.5185747009496,0.1766370283665064,0.09914587126747244,0.8066284679305101,0.1846986296878559,0.12259622403273607,0.8275462112078616,0.032441646759942315,0.38339260941307335,False,2026-08-07T15:37:04.455806+00:00
335536,3214,35.920705,22,0.79,-10.180919199999996,-0.0059695251831726635,2.8151408766629173,2.36101649235934,0.0003,4308.620087923845,386.3102260199599,0.15351611557418482,-0.0008506701867117706,0.8385696118485484,0.1741039398134509,-0.027939137358132318,0.8029022552822552,0.04929304093917453,0.2324890644489526,False,2026-08-07T15:37:05.618139+00:00
340544,3259,32.092132,28,0.8,-4.5773850199999995,0.0002616572175611509,1.917174494912615,2.329012081027031,0.0003,653.4070892784847,2539.6969626277396,0.1433870591953008,-0.01450671271395669,0.8001285409239915,0.17966815016270532,-0.06492800055183216,0.8029022552822552,0.062179717917953035,0.19606101371646714,False,2026-08-07T15:37:13.282572+00:00
345552,3309,23.725271,20,0.81,-1.2299905200000014,-0.0034585839784995187,2.1485085672466084,2.2997321924194694,0.0003,658.4451674794253,2512.6587325917267,0.14664325867594277,-0.2937849619918302,0.8045385589728281,0.14365961549357237,-0.32520221025093404,0.837646545181768,0.045739308757623574,0.06721857174490475,False,2026-08-07T15:37:20.888374+00:00
350560,3345,-142.062842,600,0.81,-3.555171909999999,-0.0034585839784995187,2.1485085672466084,2.2997321924194694,0.0003,4168.125045292605,395.72709121643163,0.1780249117703591,0.10276252322790314,0.8068407921506779,0.1852869510415614,0.1243321230062833,0.8298660704571431,0.03237511837918369,0.38516309619107486,False,2026-08-07T15:37:22.089868+00:00
355568,3373,23.572794,22,0.78,-14.239239839999998,-0.003240625112812268,2.3669290870253463,2.293502847477794,0.0003,644.9537539245933,2549.6897878235523,0.1777441619952711,0.10141918360261913,0.806832893979581,0.18761694998739506,0.12532135414711928,0.8289285762572499,0.03401477436043769,0.3863097745182951,False,2026-08-07T15:37:29.854764+00:00
360576,3428,35.838776,22,0.76,-16.439797799999997,-0.0024259834513941313,2.213804484065622,2.288802459090948,0.0003,673.104836291582,2435.614649617253,0.17726319182461936,0.10018019860832533,0.8069195477436297,0.14585610703494503,0.12204843828035565,0.8028944106549691,0.03848150997455355,0.38231016060348916,False,2026-08-07T15:37:37.294914+00:00
365584,3466,23.674845,21,0.8,-7.4185521800000025,-0.0024259834513941313,2.213804484065622,2.288802459090948,0.0003,4127.293986668918,396.0018368643312,0.17689960266438076,0.09988895597211465,0.8068563078022593,0.14447673466873107,0.12189851148912383,0.8028944106599836,0.039387301660377884,0.38221387317070715,False,2026-08-07T15:37:38.508301+00:00
370592,3498,35.354965,23,0.76,-12.244564769999995,-0.002706193906487897,2.651923169399379,2.303542696684599,0.0003,636.0089275292423,2561.926302402545,0.17714081255589964,0.09987693923770825,0.8070794022085708,0.13677040387344885,0.10255265749507929,0.8028885008325936,0.04067545967440435,0.36329608254555534,False,2026-08-07T15:37:46.382407+00:00
375600,3545,-336.232319,600,0.76,-17.316565640000004,-0.002706193906487897,2.651923169399379,2.303542696684599,0.0003,4932.610848793528,329.3184988224468,0.17603656868758716,0.09788701306173694,0.8068160064291059,0.13622888373440398,0.10079144562087634,0.8028898379810906,0.040106138040263445,0.36157368986378735,False,2026-08-07T15:37:47.397691+00:00
380608,3597,35.153495,23,0.77,-10.38523272,-0.006333913665730506,6.505190874170512,2.325388635136187,0.0003,645.2727809821997,2509.623910580961,0.17632844991786684,0.09760695107858927,0.8064856071509247,0.1808597861627309,0.05126700671532148,0.802896305177711,0.046699106419820155,0.31196519060348843,False,2026-08-07T15:37:55.158753+00:00
385616,3630,24.181181,22,0.81,-5.587381070000001,-0.001022584076054045,1.938723191153258,2.3468207590281964,0.0003,633.5683384054313,2548.081875529152,0.17597928078455183,0.09767799189707077,0.8067040483015913,0.18085978570482816,0.05126700915716253,0.802896305177711,0.04682197726344285,0.3119651930092466,False,2026-08-07T15:38:03.063185+00:00
390624,3670,-145.954092,600,0.77,-21.73058901,-0.001022584076054045,1.938723191153258,2.3468207590281964,0.0003,4706.807476458764,341.9251813568627,0.17698099746096815,0.09950810124389926,0.806984073052979,0.1496713244637728,0.12188895838521557,0.8029107881173608,0.03554310982118032,0.382028608974351,False,2026-08-07T15:38:04.127185+00:00
395632,3693,35.402507,22,0.77,-26.331934890000003,-0.0027356349277397386,1.493755434860941,2.3289250476285814,0.0003,667.2416190080056,2404.478309349511,0.17598250495015091,0.09646301105940742,0.8070186764402937,0.14605624585363325,0.12173861335339606,0.8028946157627218,0.0393883857413335,0.38199318999776416,False,2026-08-07T15:38:11.632729+00:00
400640,3738,35.50066,23,0.74,-23.271126329999998,-0.0027356349277397386,1.493755434860941,2.3289250476285814,0.0003,241.8969187658554,6611.741927759335,0.14421816819192051,-0.24476010030259163,0.8012704563363189,0.11592975587188342,-0.34708222535750755,0.8379170349463094,0.11230771688161278,0.09759867002540312,False,2026-08-07T15:38:32.335750+00:00
405648,3777,-285.195041,600,0.76,-19.55884756,-0.0012577320507261903,2.482744379993528,2.3315949020907283,0.0003,674.0836388333956,2365.213911376441,0.14407847472492552,-0.24250377072131749,0.8011532029898246,0.11612328665682498,-0.3470817309019223,0.837916214645981,0.11432218210605379,0.09751099338368961,False,2026-08-07T15:38:39.765094+00:00
410656,3836,20.037625,22,0.84,-9.38357398,0.006622754193085711,2.7577999972505496,2.357031876035035,0.0003,667.876070748127,2379.6989735231614,0.14550342528811244,-0.2967782431080831,0.8051299844296118,0.16033338823489415,-0.3627009453052385,0.8028838697366724,0.06760751065666887,0.10270148642694882,False,2026-08-07T15:38:47.263485+00:00
415664,3866,35.215493,23,0.84,-4.42984339,0.006622754193085711,2.7577999972505496,2.357031876035035,0.0003,4682.935810676744,338.3211011322923,0.17610941829862695,0.09678147002744569,0.806849139445419,0.18789505091236816,0.12794109196919695,0.8031413010332221,0.03351971421939498,0.3889427010546111,False,2026-08-07T15:38:48.332905+00:00
420672,3895,35.258596,23,0.77,-20.647458610000005,0.0026854031639231835,3.2848693256266417,2.3862671732902525,0.0003,652.9999976373329,2418.5727499453023,0.1752260813784387,0.09434397096696069,0.8069476873397987,0.18767634986317952,0.12770170897327102,0.8030247274150057,0.03582090848668278,0.3886883011907409,False,2026-08-07T15:38:56.002122+00:00
425680,3933,23.990341,21,0.77,-18.018246910000002,0.0026854031639231835,3.2848693256266417,2.3862671732902525,0.0003,4246.6571076617265,370.71982975965875,0.1431768652092722,-0.007370028577433339,0.8000495368492924,0.16024464900344212,-0.06707882421841146,0.8028815461289762,0.062164859825313154,0.1929213309048159,False,2026-08-07T15:38:57.181406+00:00
430688,3976,35.54913,23,0.79,-14.289779990000001,0.00031824986872379667,1.9711839094874448,2.355585735850036,0.0003,657.1686120363391,2387.989887613839,0.1431528928195786,-0.007845276396104573,0.8001011517922962,0.16024464651941445,-0.06707882415402273,0.8028815461289762,0.06171281728452256,0.19292133096605454,False,2026-08-07T15:39:04.801977+00:00
435696,4036,22.989645,24,0.83,-3.541834550000002,-0.004092362648589187,4.046422009496018,2.3185943590477107,0.0003,643.9367684231328,2429.2819989618783,0.17494852773652858,0.09436231222174779,0.8070116358501482,0.13691119828938436,0.10322998504585536,0.802877498082497,0.03927550315232029,0.3639630679077816,False,2026-08-07T15:39:12.579135+00:00
440704,4073,-285.089254,600,0.81,-4.978867800000001,-0.004092362648589187,4.046422009496018,2.3185943590477107,0.0003,4438.193734868887,351.3357219513232,0.17710505953035707,0.09998676271772317,0.8070658523494151,0.13670328736242368,0.10261686368506605,0.8028790732833712,0.040703190837523766,0.3633644542996901,False,2026-08-07T15:39:13.707549+00:00
445712,4122,35.476276,22,0.78,-10.209145609999997,-0.0007028195061138832,2.0960080647841095,2.311272072792053,0.0003,655.005166025057,2372.940063102558,0.15717235646246008,0.05862640066411475,0.8038886604983939,0.17095774498417385,0.006085998730231,0.8028794572045128,0.05432816270919746,0.266311529783077,False,2026-08-07T15:39:21.353267+00:00
450720,4143,-260.981156,600,0.75,-16.25342051,-0.007151250259994413,3.588478256657254,2.3117777708917857,0.0003,653.0269372268461,2372.4595597529183,0.15203147330597594,0.050779716160606406,0.8031104105799802,0.1709577473036532,0.006085997836945455,0.8028794572045128,0.04853643625660563,0.26631152898598603,False,2026-08-07T15:39:29.022175+00:00
455728,4192,35.516403,23,0.76,-20.272028159999994,-0.007151250259994413,3.588478256657254,2.3117777708917857,0.0003,4185.160660784815,368.98750733034296,0.14470182131569465,0.034964370532921965,0.8017292292494704,0.17571112852946105,-0.026800667952285275,0.802895777564948,0.06912205109752763,0.2337279786999613,False,2026-08-07T15:39:30.218783+00:00
460736,4211,-143.737307,600,0.77,-19.35142951,9.432332990400027e-05,1.3120201092213393,2.3300129629671575,0.0003,645.6453651172309,2384.070394001068,0.14399105562042833,0.020522573890226877,0.8010228200612111,0.17571112959443327,-0.0268006657069517,0.802895777564948,0.05700140409410211,0.2337279810118035,False,2026-08-07T15:39:37.975359+00:00
465744,4247,35.461619,23,0.76,-23.934656089999997,9.432332990400027e-05,1.3120201092213393,2.3300129629671575,0.0003,4888.222748574729,313.8678572794881,0.1438548143535258,-0.24572102872586848,0.8014001926275978,0.14294529002563894,-0.16167468627790652,0.8028861450646039,0.08406439774380207,0.0997934389168831,False,2026-08-07T15:39:38.999882+00:00
470752,4277,16.401138,20,0.77,-17.83314671,-0.0007481146734789945,1.4780399077630135,2.3350213931873443,0.0003,643.0150940408921,2378.245882829538,0.17513548362598255,0.09506525184194932,0.8068406843756522,0.14238359700664144,0.1142553030973637,0.8029009104076695,0.038163673345609696,0.37466968058667893,False,2026-08-07T15:39:46.788170+00:00
475760,4302,-145.214775,600,0.72,-29.061723999999998,0.0038687933250912466,2.596782216592692,2.305177513509989,0.0003,650.4272067549808,2343.444407260456,0.17610520038564886,0.09681973832318946,0.8070471080414048,0.14223285800158858,0.11433894834166984,0.8029009104076692,0.0383594740979673,0.3747603495306555,False,2026-08-07T15:39:54.487724+00:00
480768,4339,23.807089,20,0.73,-34.60187273,0.0038687933250912466,2.596782216592692,2.305177513509989,0.0003,4979.673481560575,305.0866699645314,0.14361019830013236,0.005277376985420945,0.7998895277613602,0.1816368139367831,-0.035073774082209234,0.8028988347828713,0.055527424017416824,0.22596450788333114,False,2026-08-07T15:39:55.493431+00:00
485776,4357,-290.615588,600,0.7,-44.323219949999995,-0.0030645997467217967,1.8382028057356365,2.3129507318139075,0.0003,653.5081841459756,2317.069681351939,0.1438638196766886,0.015488617931896344,0.8007027075351727,0.18163681549059493,-0.03507377214452233,0.8028988347828713,0.06315201879501076,0.22596450996089698,False,2026-08-07T15:40:03.156675+00:00
490784,4391,-142.315168,600,0.71,-37.759416589999994,-0.0030645997467217967,1.8382028057356365,2.3129507318139075,0.0003,4154.59230292557,363.2645251225359,0.14287779195392408,-0.01738750017697654,0.8007702820607172,0.16298877136019857,-0.080480934034223,0.8028971298241534,0.06625523654766591,0.1795439439231202,False,2026-08-07T15:40:04.362095+00:00
495792,4409,20.647101,20,0.7,-43.038944810000004,-0.003074361724065966,2.193594170792494,2.3107965426519512,0.0003,663.0570071698289,2268.5952847712338,0.1428355032586897,-0.02380570772057092,0.8010792032687968,0.16298876972592505,-0.08048093216231922,0.8028971298241534,0.06017923289460084,0.17954394576755978,False,2026-08-07T15:40:11.914989+00:00
500800,4457,19.200009,27,0.75,-26.571531049999997,0.0003214968994143419,2.018486093683168,2.278131758235395,0.0003,653.491105801344,2294.1398692207213,0.14486913175787478,0.03477369629814889,0.801854692840845,0.1374745636070977,-0.029056095524787846,0.8028995712848026,0.06426518290068561,0.23203982912195614,False,2026-08-07T15:40:19.578439+00:00
505808,4485,23.963152,20,0.75,-31.597348610000004,0.0003214968994143419,2.018486093683168,2.278131758235395,0.0003,4143.551288421907,360.60661398717014,0.14438174829828157,0.02255501147932454,0.801127346660022,0.13747456569667998,-0.029056096869143035,0.8028995712848026,0.05210140551434103,0.23203982758110261,False,2026-08-07T15:40:20.787073+00:00
510816,4510,35.316356,23,0.74,-35.17487066,0.004323053900589002,1.0872281212126835,2.298941911943257,0.0003,644.1629576546161,2311.812534862433,0.17671460007694562,0.09924043981269305,0.8067844711355494,0.1882604678955629,0.1283015325261282,0.8034366243869442,0.031449360108530056,0.38932856844549174,False,2026-08-07T15:40:28.561496+00:00
515824,4535,35.235208,23,0.74,-33.751310509999996,0.004323053900589002,1.0872281212126835,2.298941911943257,0.0003,4676.687298937112,317.35626205697224,0.17697016281597236,0.10002501888715964,0.8067511770496988,0.18836247217745375,0.128394215449551,0.8035101938371503,0.030742478728419346,0.3894284227206446,False,2026-08-07T15:40:29.632347+00:00
520832,4576,19.382253,23,0.72,-40.54344859,0.00023595358179591132,1.9989068812690676,2.3213571831583977,0.0003,646.6228485013133,2287.5281989003142,0.14551545919390452,-0.2979469532941045,0.8052361253143018,0.1344706867707118,-0.36987676352384224,0.8345316762515227,0.07844816060483198,0.11280358592010033,False,2026-08-07T15:40:37.377199+00:00
525840,4593,-139.136669,600,0.71,-40.5991238,-0.006279367288516369,2.374774326151237,2.3388398027047517,0.0003,654.9116117833662,2250.929703301134,0.17764479811218903,0.10132998477537386,0.806879019738376,0.138777311940116,0.10899458778022164,0.8028784346561366,0.039817487383792136,0.36960439431855086,False,2026-08-07T15:40:45.024042+00:00
530848,4618,35.556294,23,0.68,-45.322642509999994,-0.006279367288516369,2.374774326151237,2.3388398027047517,0.0003,4685.974859348748,313.521101605778,0.17700638653192258,0.10031049666326461,0.806835788083619,0.1385433953478532,0.10919254868676187,0.8028784346561364,0.03967307884603763,0.36981552683605046,False,2026-08-07T15:40:46.092756+00:00
535856,4652,24.417753,19,0.72,-34.07963040999999,0.004536813534105022,2.506590016325936,2.374589919485152,0.0003,644.4891123914459,2271.7901231366604,0.17495807691702336,0.0937776700407317,0.8069501152204743,0.18378812824502117,0.1218019650196319,0.8234384610885876,0.03369267672634539,0.38254230555358687,False,2026-08-07T15:40:53.863257+00:00
540864,4664,23.585876,20,0.67,-49.2435465,0.001298408073853352,1.5065682067128363,2.4081286558881403,0.0003,627.1421638020856,2326.643118928416,0.17781232383671366,0.10224751513240674,0.806924258532463,0.18726567010063755,0.12574463396426272,0.8295032443624626,0.03393067859762502,0.38670704596407324,False,2026-08-07T15:41:01.848680+00:00
545872,4703,35.467668,22,0.69,-42.31209552999999,0.001298408073853352,1.5065682067128363,2.4081286558881403,0.0003,4437.478344950028,327.692416044089,0.1744919608550191,0.09281779808303399,0.8069571491987393,0.18601136748606795,0.12255691726323151,0.8246584372494706,0.03647530037436852,0.38344019896776893,False,2026-08-07T15:41:02.977256+00:00
550880,4735,35.121788,23,0.72,-29.343101859999997,-0.0007657184316485655,1.986017773905769,2.444979440048337,0.0003,653.8718596868492,2216.214046424951,0.17738076903514657,0.10078669744558341,0.8069064427913759,0.18778434560694143,0.1265419240051241,0.8290918224533954,0.03554936246075894,0.387539196565185,False,2026-08-07T15:41:10.636249+00:00
555888,4785,-358.746008,600,0.74,-19.712286809999995,-0.0007657184316485655,1.986017773905769,2.444979440048337,0.0003,4206.522065087613,343.3030845090604,0.17719286466951023,0.10011230640710574,0.8069223926739033,0.14595236405020168,0.1209035723594984,0.8029033627768433,0.03774120056598098,0.3811625211271508,False,2026-08-07T15:41:11.826780+00:00
560896,4797,35.517836,22,0.74,-21.88914961,-0.0020321617885201704,3.5187914370617364,2.462458992935717,0.0003,647.0227427765195,2224.1938418184227,0.1763518385809601,0.09869936891462656,0.8068796586343447,0.14577831099641742,0.12107940846301027,0.8029033627768434,0.03809747613551839,0.3813446892151934,False,2026-08-07T15:41:19.566855+00:00
565904,4826,35.159908,23,0.67,-37.876345369999996,-0.0006922698950802442,2.218293699325295,2.4943620771169663,0.0003,657.7783171231192,2180.211725847409,0.17624905692098397,0.09731311268579443,0.8070202885283938,0.18537881933668054,0.12379145047641295,0.8263285630945859,0.03401858904547077,0.38462964255204357,False,2026-08-07T15:41:27.180359+00:00
570912,4841,35.4056,22,0.66,-40.7868429,-0.0006922698950802442,2.218293699325295,2.4943620771169663,0.0003,5012.663327289362,285.0955483524944,0.17724774754563782,0.1003160709426962,0.8069542403890675,0.1851071078722824,0.12350758318096951,0.8276402741894119,0.03205507415419602,0.3843285485402023,False,2026-08-07T15:41:28.179429+00:00
575920,4894,-139.545798,600,0.68,-38.47606569,-0.00013070608692942188,0.8457187606254593,2.5204586796462536,0.0003,628.4151740201253,2266.1451519221164,0.15051515578891014,0.035129530996950736,0.8014116183387887,0.17972701416225825,-0.014135874324830993,0.8029042699788032,0.057294335148096676,0.2466542587951265,False,2026-08-07T15:41:36.148688+00:00
580928,4905,-148.061463,600,0.7,-36.456648290000004,-0.00013070608692942188,0.8457187606254593,2.5204586796462536,0.0003,4592.0007940056075,309.0313054502201,0.14442165237031215,0.03047993166888948,0.801667826971614,0.1797270139881825,-0.014135876803664692,0.8029042699788032,0.05690841515925616,0.24665425631031124,False,2026-08-07T15:41:37.239273+00:00
585936,4953,35.108687,24,0.72,-27.4874119,-0.0018278449369972805,0.9958779074309859,2.4959975458681583,0.0003,675.2344717918705,2094.1821827423837,0.14450722229313778,0.015689278846651476,0.8149060045145257,0.17663805578374012,0.05924598986059329,0.8029038205626733,0.05544032787391283,0.3196792563528839,False,2026-08-07T15:41:44.655967+00:00
590944,4992,23.734783,20,0.74,-19.70773279,-0.004222549194673774,4.205646137543954,2.478209246881306,0.0003,649.900432450662,2168.110574548618,0.1764493647235364,0.09839269397805844,0.8068140829213483,0.18812667804327474,0.12817795260899342,0.8033455913068765,0.03217998931259434,0.38919562293204174,False,2026-08-07T15:41:52.361754+00:00
595952,5017,-142.395842,600,0.75,-19.299291289999996,-0.004222549194673774,4.205646137543954,2.478209246881306,0.0003,4301.962149011412,326.37386182550426,0.13691249700988972,-0.008558748673277577,0.8368488788113712,0.16234190835904835,-0.007307857809660797,0.8029046642560498,0.04243146699437917,0.2527029941641072,False,2026-08-07T15:41:53.525874+00:00
600960,5040,35.911599,23,0.75,-20.36510582,-0.0021501520597666966,1.3497172716422938,2.4760472793132067,0.0003,264.08969055084276,5297.594150994151,0.14492903253005335,0.04001760462555237,0.802208347812672,0.1806817001806656,-0.004057659344260591,0.8029046642560497,0.056757087616729825,0.2567765847243504,False,2026-08-07T15:42:12.489143+00:00
605968,5070,35.467809,23,0.69,-38.50804768,-0.0021501520597666966,1.3497172716422938,2.4760472793132067,0.0003,4760.370836673286,292.84105121822785,0.14549790582611904,-0.29617414080127386,0.8050754386730284,0.1363957652432165,-0.3641078836325388,0.8028687147965848,0.06857632250654909,0.10675022872527996,False,2026-08-07T15:42:13.541166+00:00
610976,5115,35.205919,23,0.76,-25.88288919,-0.002938016446205438,1.967339192610234,2.461236225441098,0.0003,627.0606296669467,2215.135083090383,0.14483521287852197,0.031201187350904123,0.8013821664345984,0.1752301896696304,-0.017175683882585138,0.8028796535575551,0.0571525918236176,0.24330147384523412,False,2026-08-07T15:42:21.527650+00:00
615984,5134,35.633639,22,0.72,-35.45749799,-0.003276910931163002,2.0540559303830377,2.470519838295877,0.0003,655.6995189327141,2110.7473164732082,0.14475233493637166,0.03659081731234795,0.8019463030205242,0.17523018851646596,-0.01717568608218282,0.8028796535575551,0.061811063648417604,0.24330147157776444,False,2026-08-07T15:42:29.165267+00:00
620992,5171,-253.727031,600,0.74,-27.869050449999996,-0.003276910931163002,2.0540559303830377,2.470519838295877,0.0003,5085.5422292197445,271.1624322135608,0.1744385901323456,0.09252506130038765,0.8071585743695946,0.18753469339726117,0.12750356230004634,0.8028869135966283,0.03759322463779549,0.38848059171045735,False,2026-08-07T15:42:30.150023+00:00
626000,5188,35.975723,22,0.72,-34.93533371,-0.004619480658948305,4.756698589096777,2.479448454454541,0.0003,641.2308227711752,2142.7541397059686,0.17434795651534524,0.09241137832132991,0.8070770545479247,0.18752501016635104,0.12748019780718658,0.8028915624808156,0.037695824528678486,0.38845659973458313,False,2026-08-07T15:42:37.960001+00:00
631008,5220,-241.107347,600,0.69,-48.60988079,-0.006962746056524338,2.8717906388570555,2.4872011113911867,0.0003,669.3530695075051,2045.2464661247814,0.17624501146197247,0.09833405882036109,0.8067825457786347,0.16206039023536037,0.05424738027394385,0.8028809862346608,0.046476455022653726,0.3142541347650952,False,2026-08-07T15:42:45.441855+00:00
636016,5253,-473.676351,600,0.76,-39.13612403,-0.006962746056524338,2.8717906388570555,2.4872011113911867,0.0003,4802.81313567596,283.99689129442453,0.17721269693589833,0.10131099091646457,0.8068210727133626,0.16181748040393365,0.05278602150191146,0.802880986234661,0.051060842435363726,0.31279130180043835,False,2026-08-07T15:42:46.484585+00:00
641024,5297,23.088757,23,0.79,-31.206213260000006,0.0019777784564212197,4.092198095051572,2.4917267614975573,0.0003,645.2830492961325,2106.015339287706,0.1444772374482398,0.02861858107696747,0.8014798935908053,0.14431179614510578,-0.0287948920299364,0.8028928447436153,0.05743109520096394,0.2317367508438001,False,2026-08-07T15:42:54.245514+00:00
646032,5330,35.851214,23,0.77,-29.902800020000004,0.0019777784564212197,4.092198095051572,2.4917267614975573,0.0003,4169.989331773737,324.6933966193336,0.1444460481242485,0.02837248553573367,0.8015265565924043,0.14431179383729487,-0.028794891099461,0.8028928447436153,0.057183858901580835,0.2317367519283759,False,2026-08-07T15:42:55.446481+00:00
651040,5346,24.128442,20,0.72,-42.018439179999994,0.0019014422239706618,2.2603170924121514,2.5272330354899166,0.0003,665.1385401247163,2028.088764405479,0.13869789092834253,-0.05128971503246248,0.8757154671678951,0.14576518713947376,-0.0564007101854513,0.8029072415970406,0.0733287573736673,0.20409630253917588,False,2026-08-07T15:43:02.975733+00:00
656048,5378,23.456407,22,0.72,-37.809138129999994,-0.004677426613488933,0.8119502620422281,2.5385072326287625,0.0003,657.7192048379906,2043.3522240407171,0.14328793012101157,-0.0024537140531163087,0.7998533635932255,0.13936123516824547,-0.06982506116847595,0.8029072415970409,0.06755474458727931,0.191291573189606,False,2026-08-07T15:43:10.589927+00:00
661056,5396,35.541942,22,0.68,-46.93984167000001,-0.004677426613488933,0.8119502620422281,2.5385072326287625,0.0003,4346.8157813376265,308.02869671830734,0.17589743674296177,-0.17498593949958116,0.8246706606385845,0.17644234154235428,-0.17583021660647416,0.8350204882626076,0.010398493012000099,0.08576073129299032,True,2026-08-07T15:43:11.742034+00:00
666064,5427,-11.267263,14,0.66,-51.03124741999999,-0.00032875517827051225,1.160916407010518,2.5426767876371743,0.0003,667.7797168312478,1997.5689083966204,0.17595391244173633,0.09670708373272173,0.8069210419746671,0.18788196322265596,0.1279301466392613,0.8031418290017847,0.03363689199959365,0.3889308454529009,False,2026-08-07T15:43:19.241517+00:00
671072,5467,-242.686529,600,0.7,-35.2397253,-0.00032875517827051225,1.160916407010518,2.5426767876371743,0.0003,4665.448116202896,284.8446637708158,0.16736906837671264,-0.20891182332079977,0.8006902083223385,0.15183992777266558,-0.19885048472479785,0.8175701546835763,0.025046303747298243,0.0616915715243784,False,2026-08-07T15:43:20.314944+00:00
676080,5498,23.923615,20,0.73,-24.610253200000002,-0.005460746987591847,5.6607759522972625,2.5639659110456705,0.0003,642.9933830843045,2058.994749913962,0.17644924293964626,0.09647701537734257,0.8069109029330036,0.18536547936258685,0.0011999099925797583,0.8028809447109615,0.09577821592471002,0.262428657969029,False,2026-08-07T15:43:28.103512+00:00
681088,5523,35.679718,23,0.74,-19.477796200000004,-0.005003053637119592,0.814945945632644,2.5716290364041923,0.0003,643.9389991282866,2048.194008726662,0.15704503884650867,0.05844687538611311,0.803887410161436,0.18536547948925045,0.0011999075110741683,0.8028809447109615,0.0638770354805841,0.2624286555113852,False,2026-08-07T15:43:35.880648+00:00
686096,5547,35.584524,23,0.71,-33.65730413,-0.005003053637119592,0.814945945632644,2.5716290364041923,0.0003,4748.876637938382,276.67680173103037,0.1454953270218653,-0.29598554024248247,0.8050583507479152,0.16150104453346004,-0.3591025828359777,0.8029009881423975,0.06515058151867675,0.0991139498731296,False,2026-08-07T15:43:36.935222+00:00
691104,5595,-143.322123,600,0.74,-22.52835086,-0.002737056621845113,0.9215368347475306,2.5466380223631857,0.0003,642.0717557655119,2038.5509691817313,0.14386582085144875,-0.23808622893287984,0.8008668352694949,0.12740974029425203,-0.3762903300221115,0.8379075155926347,0.14402495667067058,0.12077071617051752,False,2026-08-07T15:43:44.734969+00:00
696112,5626,35.864926,23,0.75,-22.977033579999997,-0.002737056621845113,0.9215368347475306,2.5466380223631857,0.0003,4194.266311904146,310.8739176383034,0.14365511254738278,-0.2310689788745349,0.8004301887006748,0.12766697981116884,-0.37618428557516886,0.8379034827696853,0.1507259778392311,0.12059938809605857,False,2026-08-07T15:43:45.928976+00:00
701120,5652,35.586561,24,0.75,-20.304073239999997,-0.0011621259945968632,3.4776002416270786,2.532574394159019,0.0003,655.8620379654878,1980.4164973920147,0.17637138740116096,0.09921470308270836,0.8066351871752597,0.1377268527643448,0.11578155559004835,0.8028906679268881,0.0422123451575184,0.37644105861271,False,2026-08-07T15:43:53.564744+00:00
706128,5669,23.611029,23,0.7,-36.2021391,-0.005986349564045668,2.625688399770297,2.544046894647181,0.0003,652.6501473592123,1982.4894014585514,0.1776270881190317,0.1014754322303761,0.8069079945814586,0.13770016732687484,0.11613990788907252,0.8028903868964758,0.04272408011646475,0.37680036205403167,False,2026-08-07T15:44:01.238139+00:00
711136,5696,19.693521,21,0.65,-50.43497829,-0.005986349564045668,2.625688399770297,2.544046894647181,0.0003,4167.040174449677,309.29963380307817,0.17832757620451845,0.10373468341942307,0.8069540652662176,0.13686852750223205,0.10401551349596282,0.8028926125515328,0.04165845632022465,0.36474972115910453,False,2026-08-07T15:44:02.439881+00:00
716144,5715,22.805226,23,0.62,-53.60654396000001,0.01631474179957877,2.5361135993676727,2.595928602106869,0.0003,660.6822195836965,1943.2277151471892,0.1775768339191738,0.10094842038395356,0.8068415239450729,0.13676807971197744,0.10280407055552679,0.8028929621719312,0.04104130842917832,0.36354713000095146,False,2026-08-07T15:44:10.019923+00:00
721152,5742,30.93393,30,0.62,-61.557011229999986,0.0004245946092851227,1.3503265759791248,2.6404086139053105,0.0003,672.769812232068,1900.8700698937853,0.17752004819437298,0.10119557665643142,0.8068834441652747,0.18467490572372924,0.12434394505957952,0.8285232984918411,0.03248572365314137,0.3851351958422341,False,2026-08-07T15:44:17.463773+00:00
726160,5765,35.627665,22,0.63,-60.00981165000001,0.0004245946092851227,1.3503265759791248,2.6404086139053105,0.0003,4294.364932428136,296.6305891660075,0.1777430232584045,0.10181022997650381,0.8069052989534337,0.18747407224853108,0.1257684577132638,0.8292274500382887,0.03416091948103555,0.38674555926653864,False,2026-08-07T15:44:18.629958+00:00
731168,5783,35.926844,22,0.59,-69.86895614000001,-0.0005519296442798805,2.464112206059508,2.6574814964085816,0.0003,683.1170434708064,1857.415229392128,0.17726583332753698,0.10044705003694465,0.8069011145825143,0.18534498591789458,0.12341782432270346,0.8277841403968481,0.032078496614207,0.3842545983062971,False,2026-08-07T15:44:25.961058+00:00
736176,5803,24.015283,20,0.61,-72.44326937000001,-0.0005519296442798805,2.464112206059508,2.6574814964085816,0.0003,5047.994695598948,250.36159429839623,0.17635038271245382,0.09784654345841345,0.8069140223795694,0.187200754515659,0.1257446123296487,0.8274132071865359,0.036280151498610635,0.38670245278194465,False,2026-08-07T15:44:26.953132+00:00
741184,5821,35.152757,23,0.6,-72.86535793,-0.0007046843351417919,2.2242105577955953,2.6743342436850073,0.0003,658.3027392724534,1912.214434032623,0.14327422730586448,-0.003092596747600579,0.7998585130553925,0.1697843650702859,-0.058431953646848195,0.8028837460463475,0.06143601436421857,0.2018053792901839,False,2026-08-07T15:44:34.560582+00:00
746192,5846,35.362616,23,0.6,-70.58906617999999,-0.005932080679485807,1.8727723013202193,2.7086929829791186,0.0003,653.2293089533242,1919.3994862370596,0.14318129570985683,-0.006432930588756503,0.8000369940922227,0.16978436718754322,-0.05843195234887534,0.8028837460463475,0.058478420573272294,0.20180538068928375,False,2026-08-07T15:44:42.227107+00:00
751200,5865,-145.945081,600,0.57,-72.91367728,-0.005932080679485807,1.8727723013202193,2.7086929829791186,0.0003,5343.569418457369,233.70146473375755,0.1772409164104572,0.10030800052824695,0.8069530286469953,0.13629160820335295,0.10122768624182665,0.8028992164347277,0.04115975045969675,0.36200487448266067,False,2026-08-07T15:44:43.164308+00:00
756208,5894,22.492808,28,0.63,-55.88813929999999,-0.002995595596803469,0.8343920477956999,2.71860232129693,0.0003,673.6180434712196,1846.4351008037409,0.17653993622419958,0.09963883158272792,0.806699779183968,0.13601910362627762,0.09998032512202855,0.8029026316726386,0.040699788961234114,0.3607782114621788,False,2026-08-07T15:44:50.598793+00:00
761216,5911,-157.022322,600,0.65,-47.418842639999994,-0.002995595596803469,0.8343920477956999,2.71860232129693,0.0003,4521.247621429669,273.9916287991947,0.17683281609137905,0.0996211764379398,0.8068202344704918,0.18830649726077772,0.12832560052578262,0.8033863275914315,0.031102749689469623,0.38935591662498736,False,2026-08-07T15:44:51.706452+00:00
766224,5933,35.477697,23,0.63,-52.67665123,0.008816865609696833,1.9444389691576363,2.7411158464848997,0.0003,643.0446020339485,1918.647627392516,0.17682849118680108,0.09914272568708461,0.8069577869522547,0.18764432094165967,0.12587405775345084,0.8278286460674843,0.035596896599790616,0.38686302088392865,False,2026-08-07T15:44:59.494400+00:00
771232,5954,-146.913893,600,0.62,-53.5677945,-0.0069299330836656734,1.5795321959478315,2.732843683101237,0.0003,666.4384539050697,1843.7831622708718,0.1772441535346975,0.1010979165398278,0.8067880887230628,0.18770685798477546,0.12555139981467117,0.8291512790123551,0.03474986774935727,0.38654566596773654,False,2026-08-07T15:45:07.008974+00:00
776240,5980,24.449995,20,0.62,-53.155894960000005,-0.0069299330836656734,1.5795321959478315,2.732843683101237,0.0003,4367.1427432087585,280.21983066686806,0.1764775290942099,0.09806884419071644,0.8069756446885119,0.18692080322362312,0.12420472880645854,0.8270325939414335,0.03456049265452862,0.38514672955050444,False,2026-08-07T15:45:08.155733+00:00
781248,6013,35.427786,22,0.65,-46.489790889999995,-0.0031182671857095555,2.3332916073559318,2.706126807630062,0.0003,640.0404417588877,1904.1796744136382,0.15052353050724854,0.028936638230337458,0.8014780486119166,0.14562675576055928,-0.028994318531073218,0.8028809445625806,0.05815446905664806,0.2314524033595026,False,2026-08-07T15:45:15.980230+00:00
786256,6048,20.536782,20,0.71,-31.82000244,-0.0031182671857095555,2.3332916073559318,2.706126807630062,0.0003,5079.253344424387,238.96110662256189,0.14563231269931698,0.032528604006720974,0.8013725516301204,0.14562675343245873,-0.028994317663230754,0.8028809445625806,0.06154141021256467,0.2314524043702456,False,2026-08-07T15:45:16.966234+00:00
791264,6094,21.399403,27,0.77,-14.73209829,-0.00647886530168762,2.221571697900072,2.669976978376508,0.0003,671.9633301584871,1798.8124437012232,0.14380125836539343,0.01257562806408495,0.8004833892426665,0.14926312102035347,-0.05513408079163967,0.8028866480216462,0.06797214333642411,0.20514708241481283,False,2026-08-07T15:45:24.419091+00:00
796272,6116,24.256456,20,0.78,-14.048676830000002,-0.006759915317161358,1.38814864968881,2.671653077378869,0.0003,632.268486164672,1903.8241290528174,0.14344625161312735,0.0034486853459905075,0.7999542013701393,0.14926312158983884,-0.05513408320923911,0.8028866480216462,0.0589438376022931,0.20514707997072137,False,2026-08-07T15:45:32.339761+00:00
801280,6142,36.15515,23,0.75,-21.70009913,-0.006759915317161358,1.38814864968881,2.671653077378869,0.0003,239.55526146796754,5003.939352675368,0.17554375176212478,0.0947992566127238,0.80702704734198,0.17905810280662193,0.12828297525944177,0.8038403195714519,0.03381812105306831,0.3887504085643024,False,2026-08-07T15:45:53.245182+00:00
806288,6176,23.966977,20,0.75,-25.052933200000002,-0.004604653673231951,1.1663513003179105,2.6209935836493967,0.0003,669.8884481662534,1781.9563888101914,0.1769868477162999,0.10004719984684662,0.8067655260282243,0.18835011794831416,0.12837774846482655,0.8034958184602221,0.030699102314917227,0.3894110998550136,False,2026-08-07T15:46:00.721045+00:00
811296,6199,23.621226,22,0.71,-33.85488934,-0.00022489790062536487,2.551208503890666,2.6090158773586154,0.0003,694.4012656471969,1711.840197889188,0.16740432706816408,-0.21914342973382508,0.8013226800970128,0.14529671589918572,-0.1639727841464194,0.8013468912968318,0.0594352352759881,0.09714634706431026,False,2026-08-07T15:46:07.933019+00:00
816304,6240,17.433401,20,0.75,-21.835155340000007,-0.00022489790062536487,2.551208503890666,2.6090158773586154,0.0003,4228.5861135777495,279.927135975597,0.1605057044506986,0.06377933012276807,0.8041857195935833,0.18155752848355203,0.002491049654831797,0.8028790145621221,0.06481620241780515,0.2633747865366283,False,2026-08-07T15:46:09.117333+00:00
821312,6271,-141.547577,600,0.73,-22.886619120000006,-0.0035886808469513197,2.2629371051676572,2.6161220341920854,0.0003,703.6782032855978,1675.0383833071674,0.1579894144000854,0.05922946827586536,0.8039289307269799,0.18155753013156173,0.002491047796932901,0.8028790145621222,0.06144759361870596,0.26337478481985493,False,2026-08-07T15:46:16.234240+00:00
826320,6308,-156.115819,600,0.75,-14.963749979999998,-0.0035886808469513197,2.2629371051676572,2.6161220341920854,0.0003,4696.908890799995,249.88349301365616,0.14393572178572359,-0.07011256223518514,0.8779523914267898,0.14443593746990788,0.10293668268128937,0.8028792825594293,0.1886326139799352,0.36327025157331494,False,2026-08-07T15:46:17.300454+00:00
831328,6339,23.650396,21,0.75,-17.92020122,-0.002929968835451291,1.2959957525890786,2.588460932299495,0.0003,776.5642226133517,1504.9264001206468,0.1766248669376505,0.09843904386457163,0.8070147314703973,0.1383241089624335,0.1146369635087032,0.8028792825594298,0.04179022134386363,0.37526350565874894,False,2026-08-07T15:46:23.749385+00:00
836336,6357,23.413064,22,0.71,-30.421465580000003,0.007197219014778966,1.9231230299687012,2.585077360831201,0.0003,652.1047863017811,1784.4739441330821,0.17556834682370095,0.09486338010420504,0.8071692817364566,0.14961488903175985,0.11830360539578753,0.8029347822509235,0.03522722127802862,0.37844612349087997,False,2026-08-07T15:46:31.429125+00:00
841344,6378,35.785591,22,0.72,-32.35441445000001,0.007197219014778966,1.9231230299687012,2.585077360831201,0.0003,4815.417909852395,240.61379961007702,0.1755490815512397,0.09514497046008727,0.8070263582614075,0.14592577404028015,0.12162289126684696,0.8028816589387979,0.039947455120604984,0.38188233132109284,False,2026-08-07T15:46:32.469126+00:00
846352,6408,24.04469,20,0.68,-46.33441626,0.003969287114887266,1.5332991224480792,2.617273013666272,0.0003,647.8840417210553,1780.639629485889,0.1454220861528024,-0.2985364270465973,0.8057056255512847,0.1408155455105173,-0.35031629805044945,0.8278760162409168,0.05651461298810708,0.0923313434733658,False,2026-08-07T15:46:40.198896+00:00
851360,6436,-238.963527,600,0.67,-52.800103,0.003969287114887266,1.5332991224480792,2.617273013666272,0.0003,4277.29444460735,268.543588680962,0.17670827865276695,0.09876905647748403,0.8069640770546835,0.18752576560631073,0.12499134719392166,0.8275789873307713,0.035065668111396504,0.3859740991134047,False,2026-08-07T15:46:41.369730+00:00
856368,6463,-154.151162,600,0.7,-43.120648250000016,0.0031836649279284755,2.432173979934305,2.6334181977435946,0.0003,651.3592997730933,1755.7621429499727,0.1776816849697518,0.10169295886251299,0.8068738904464976,0.18768816627454546,0.12741048044259937,0.8299569293454814,0.035977038081773646,0.3883986546171505,False,2026-08-07T15:46:49.058274+00:00
861376,6480,-245.845152,600,0.69,-43.35423432,0.0001195210814330494,1.7689421302173287,2.6385278197005393,0.0003,671.693034972427,1695.1552877822241,0.1780197798137963,0.10271051938212154,0.806865558318387,0.141083926423159,0.11360817089056996,0.8029034295816899,0.038713234664910154,0.37408673218354294,False,2026-08-07T15:46:56.514056+00:00
866384,6499,34.820617,24,0.67,-43.04568973000001,0.0001195210814330494,1.7689421302173287,2.6385278197005393,0.0003,4216.717097527774,268.8385238517968,0.17818117406630407,0.10323094714693536,0.8068601004645709,0.14105203852661283,0.11362527749328204,0.8029034295816891,0.038759128650541035,0.37410543062875873,False,2026-08-07T15:46:57.701718+00:00
871392,6524,-150.057907,600,0.63,-57.77236931,-0.0016851289583428297,2.7075055258115754,2.629929087869823,0.0003,649.5080402038641,1737.6351486669182,0.17576274655593474,0.09715068370344039,0.806818027728159,0.14399831240416322,0.12680117079133418,0.8028957666215141,0.04362928825594437,0.38713201847878925,False,2026-08-07T15:47:05.412161+00:00
876400,6562,-10.382454,14,0.64,-48.13658715,-0.0016851289583428297,2.7075055258115754,2.629929087869823,0.0003,4827.540863764774,232.74790037173435,0.17711637875885677,0.10111926459435581,0.8066413840187667,0.1438368404139343,0.1267983081731441,0.8028957666215135,0.042201547379913454,0.38713586624518675,False,2026-08-07T15:47:06.449549+00:00
881408,6592,23.391702,22,0.71,-34.20085922,-0.002004991873400286,2.5605464728781953,2.6416574105620385,0.0003,635.1885348709408,1761.0393427949364,0.17829360181439025,0.10361252665279944,0.8068287966938211,0.1865126335164562,0.12764567138344268,0.8303284007117393,0.03460312004375568,0.3885512659589439,False,2026-08-07T15:47:14.333823+00:00
886416,6630,31.505391,34,0.75,-24.010788229999992,-0.0029003706411458554,2.2027973858988843,2.644158442877233,0.0003,662.277388470266,1681.446504722388,0.17837945241327358,0.10388335936311088,0.8068225976131974,0.1876229008562863,0.12658355562234894,0.8303767715551796,0.03399322519879092,0.3875691810881432,False,2026-08-07T15:47:21.895617+00:00
891424,6666,35.445708,23,0.76,-23.77533579,-0.0029003706411458554,2.2027973858988843,2.644158442877233,0.0003,4900.066165705397,226.23694507611066,0.14460939171639375,-0.22816283237344742,0.7999635448195203,0.1440185911234123,-0.1627910820641536,0.8029012562138779,0.06544039220602106,0.09851385260936046,False,2026-08-07T15:47:22.917634+00:00
896432,6694,19.946034,22,0.75,-32.89698808,0.00390916731703328,2.785600359237287,2.6049995087087154,0.0003,644.5397194775469,1712.1799737873932,0.17809117765486707,0.10303458270912223,0.8068373262159981,0.18808583272732568,0.12597922668029576,0.8300523987821748,0.03413633564450325,0.38699971244008236,False,2026-08-07T15:47:30.687522+00:00
901440,6719,26.247483,56,0.74,-42.54717863999999,-0.002110820700181648,2.9889059310778974,2.578969698958099,0.0003,636.101878297259,1727.0189532228171,0.14512185950817022,-0.22060652819141938,0.7997611058898834,0.1439105570866811,-0.16390601663476576,0.8029015991362605,0.05680033417307557,0.09743163660874668,False,2026-08-07T15:47:38.560472+00:00
906448,6767,35.64737,23,0.77,-37.059903639999995,-0.002110820700181648,2.9889059310778974,2.578969698958099,0.0003,4831.007213021249,226.3610778829922,0.1783690393614151,0.10382515410312748,0.8068410753503867,0.13823586192116763,0.11541603717657284,0.8028984765189978,0.04195908229952056,0.3760463783573463,False,2026-08-07T15:47:39.597183+00:00
911456,6777,35.615137,23,0.77,-32.81498155,-0.0026528968926868403,0.7982805483916309,2.56452056709677,0.0003,653.9206124199335,1664.6424341506472,0.17837894638718732,0.10386241730193323,0.8068343363527057,0.13825021525525075,0.11554517213731225,0.8028984698724853,0.041979672077720555,0.37617446677318017,False,2026-08-07T15:47:47.255533+00:00
916464,6817,35.19456,23,0.75,-30.139556229999997,-0.0026528968926868403,0.7982805483916309,2.56452056709677,0.0003,4294.224463765603,252.32402477858548,0.1765897782372582,0.09904533050464814,0.8067141968320928,0.18823637710220845,0.12824834999213522,0.8034067065813812,0.0316132741750386,0.3892737780322143,False,2026-08-07T15:47:48.421752+00:00
921472,6830,-238.896594,600,0.71,-37.44829027,-0.001597663243592251,1.1807448753213976,2.537820487096906,0.0003,675.589468843825,1596.4251216729988,0.14740498412372177,-0.2944418362943765,0.8047739239820803,0.14370222190091553,-0.3271121827149867,0.8438000957520134,0.0510304229488415,0.0690627442239067,False,2026-08-07T15:47:55.834545+00:00
926480,6866,-144.10903,600,0.66,-47.27496920999999,-0.00459337936990778,2.4232190107693894,2.5360674493014814,0.0003,653.8062839696761,1641.9542398429908,0.14404987007963302,-8.62066692289661e-05,0.7995350856767722,0.16956254283440583,-0.06580096907463694,0.8028801837295059,0.07057277201636443,0.19443432268457636,False,2026-08-07T15:48:03.494301+00:00
931488,6878,35.989092,23,0.64,-49.84345094000001,-0.00459337936990778,2.4232190107693894,2.5360674493014814,0.0003,4425.598055567027,241.43900701870172,0.14307698545197506,-0.009995051470454415,0.8002863151589232,0.16956254413334826,-0.06580096695624155,0.8028801837295059,0.06182647633524602,0.19443432486429196,False,2026-08-07T15:48:04.625906+00:00
936496,6907,34.324253,27,0.64,-49.42381324000001,-0.0009051895394804887,1.7781032571918332,2.5805767506361006,0.0003,644.602361448883,1649.8605397745443,0.14835490695286355,0.0455342372934547,0.8024114639444329,0.17801072998796652,0.004042172146252347,0.8028872040077562,0.05100280030230575,0.26465572932851955,False,2026-08-07T15:48:12.395030+00:00
941504,6925,35.996514,23,0.62,-55.01054545,-0.0009051895394804887,1.7781032571918332,2.5805767506361006,0.0003,5239.896722138778,202.00703489589995,0.15467326434636142,0.05440883857252963,0.8032336796413619,0.1780107321545282,0.004042173362873925,0.8028872040077562,0.055511786256645046,0.26465573068976256,False,2026-08-07T15:48:13.350779+00:00
946512,6950,36.144765,23,0.63,-58.172019520000006,-0.0024556500669859816,0.5288647425331874,2.6254040732979775,0.0003,645.6523706838653,1631.6644185541536,0.08513354049646073,-0.26810540842656866,0.7899612442272578,0.1526313028153192,-0.061971100065641854,0.8028894241373762,0.2172888373508385,0.1981659479007722,False,2026-08-07T15:48:21.107273+00:00
951520,6976,35.44125,26,0.66,-51.932354100000005,-0.005842625759578368,1.6072743697790428,2.6311324473470448,0.0003,665.8742911776645,1574.5915015665487,0.14398285417993553,-0.007153313288731786,0.7997376649758186,0.15263130260392235,-0.061971097655847275,0.8028894247753731,0.05558523844417705,0.19816595031676087,False,2026-08-07T15:48:28.628217+00:00
956528,6997,35.612595,22,0.66,-46.76482980000001,-0.005842625759578368,1.6072743697790428,2.6311324473470448,0.0003,4932.0850264495475,211.56812877396044,0.08478310695528851,-0.2687201743785482,0.7910248791364677,0.14796065690147595,0.08121607137542017,0.8029045454217965,0.3557919411406554,0.34142840120165724,False,2026-08-07T15:48:29.643608+00:00
961536,7035,-10.633579,14,0.69,-36.00681477999999,-0.00862562477705069,1.420218210737221,2.618906758539379,0.0003,660.6231867758331,1571.9460363906032,0.17678513492230685,0.09901687654661166,0.806942197946728,0.18704976200298146,0.12446932659147329,0.8275661332925619,0.03432981927625944,0.3854197098153115,False,2026-08-07T15:48:37.224347+00:00
966544,7061,35.130354,23,0.69,-37.556717420000005,-0.00862562477705069,1.420218210737221,2.618906758539379,0.0003,4274.606512112529,241.76634669684753,0.1459842845662836,-0.3551135597642017,0.8117198542269389,0.1358928795356744,-0.3153342853570492,0.8079579242603142,0.04121139702709837,0.06035757113284842,False,2026-08-07T15:48:38.395911+00:00
971552,7081,24.17894,20,0.66,-48.34258829000001,0.0008252450283180224,2.505281637236476,2.6093177411705257,0.0003,632.734021880862,1625.4033518584013,0.1783156629978999,0.10365250407247541,0.8068271213601433,0.18323536310666458,0.048079195552183394,0.8028817965573825,0.05592997100706401,0.30895415975639334,False,2026-08-07T15:48:46.310764+00:00
976560,7111,35.455091,23,0.72,-36.07836573,0.00114236970548518,1.8190637320745737,2.5956601740792395,0.0003,656.4169863426375,1559.1308898057418,0.17861636702513906,0.10317137966426049,0.806550310826494,0.1832353607985222,0.04807919463033156,0.8028817965573825,0.05540705688117615,0.3089541586635649,False,2026-08-07T15:48:53.940059+00:00
981568,7132,-252.923975,600,0.63,-56.95940463,0.00114236970548518,1.8190637320745737,2.5956601740792395,0.0003,4602.879398632267,221.25976194436558,0.1757853065021571,0.09730912569567307,0.8067439227736523,0.18722554691911125,0.12478056670635537,0.8274815662013009,0.03627132513340816,0.38574255005107844,False,2026-08-07T15:48:55.028090+00:00
986576,7162,-251.910155,600,0.66,-48.12353491,-0.005973317676398438,2.952449678676203,2.5917337745428086,0.0003,625.4411103054464,1620.3348057902278,0.17821413555642934,0.10334755137653659,0.8068195995356756,0.18785391577864444,0.12639240717577163,0.8301845326076148,0.03420395940525519,0.3873950605612972,False,2026-08-07T15:49:03.035230+00:00
991584,7190,-1.373754,14,0.66,-48.58427283,-0.003373761502098205,3.745628886250779,2.607502893358469,0.0003,645.721303246342,1561.6892224714015,0.14535447823453515,0.023883432687824217,0.8009995615852278,0.17405026969144877,-0.03710085513081936,0.8029042218586327,0.06742521441451203,0.22334152963973009,False,2026-08-07T15:49:10.790891+00:00
996592,7210,24.069725,20,0.64,-57.04608824000001,-0.003373761502098205,3.745628886250779,2.607502893358469,0.0003,4773.434670534184,210.2067105252141,0.14582435010849165,0.0349345222233287,0.8015333030574039,0.17405027043198892,-0.03710085749850085,0.8029042218586327,0.07738008741359853,0.2233415273233253,False,2026-08-07T15:49:11.840045+00:00
1001600,7235,22.98487,23,0.66,-56.492830409999996,-0.0007803412969224155,3.194503145443741,2.5856901381164787,0.0003,260.70891339206116,3829.5583645756633,0.1434953226862638,0.004607264881456097,0.8000118358607212,0.18255195982652211,-0.08030207477890806,0.8028997195463742,0.09350591820011586,0.18110752392096313,False,2026-08-07T15:49:31.049209+00:00
1006608,7257,-153.023298,600,0.65,-60.46376421,-0.0007803412969224155,3.194503145443741,2.5856901381164787,0.0003,4585.614001169268,216.63227645124488,0.14517903560514478,-0.010853056843399718,0.7997681146848316,0.18255196215865643,-0.08030207392120169,0.8028997195463742,0.07892850284438342,0.18110752506239694,False,2026-08-07T15:49:32.141319+00:00
1011616,7283,35.584833,23,0.64,-58.96484533000001,-0.005738845582527574,2.205190378590487,2.6087626373395323,0.0003,658.8159719133679,1500.242923876729,0.14385544364445274,-0.011503877947466164,0.799732572964586,0.18385833948749009,-0.06174437694791502,0.8029055944121244,0.06429935832299989,0.19968603465157683,False,2026-08-07T15:49:39.742828+00:00
1016624,7301,23.955229,21,0.66,-54.80608585,-0.00383302597074362,1.5000057096534873,2.63804027531296,0.0003,636.9390993164202,1543.908987618102,0.1438247781913259,-0.0031145965060634436,0.7995330700141503,0.183858341838611,-0.06174437615048448,0.8029055944121244,0.07107398399041329,0.19968603572420532,False,2026-08-07T15:49:47.605433+00:00
1021632,7319,-153.272525,600,0.6,-64.59441812000001,-0.00383302597074362,1.5000057096534873,2.63804027531296,0.0003,4530.732608993877,215.94035323511676,0.15199505968787652,0.05026462682793037,0.8027501279296607,0.1440802185472618,-0.012650254315906781,0.8029022035940308,0.06341096203837328,0.24786152612192267,False,2026-08-07T15:49:48.710774+00:00
1026640,7341,35.348123,24,0.61,-58.28454744999999,-0.00512362142726488,2.0823443230765406,2.639023904502392,0.0003,664.8950891380426,1463.9301987654103,0.14939829183915915,0.04705427341151147,0.8023161320014993,0.1440802190724369,-0.012650256744291155,0.8029022035940308,0.05994377614889531,0.24786152366482114,False,2026-08-07T15:49:56.242795+00:00
1031648,7367,35.089761,23,0.61,-60.14356595999999,-0.00512362142726488,2.0823443230765406,2.639023904502392,0.0003,4432.764233280118,218.45330566643906,0.14399468013231148,0.0011892020377617092,0.7996095632184821,0.17893330841834476,-0.03959133719420135,0.8029023364809673,0.05380151003752051,0.22122036255169736,False,2026-08-07T15:49:57.372559+00:00
1036656,7384,23.726362,22,0.62,-59.067513899999994,-0.004165038198334514,0.44292296743078624,2.6462182896211743,0.0003,661.8433439843363,1455.5468582649962,0.1439022894148417,0.013751885675162386,0.8009691825150225,0.17893331003345622,-0.039591335306423836,0.8029023364809673,0.06384675962433947,0.22122036457077876,False,2026-08-07T15:50:04.939302+00:00
1041664,7407,21.138801,20,0.63,-51.061178479999995,-0.0025738836629898287,0.8415562591515482,2.634104032628238,0.0003,661.9816338802292,1447.6776257109718,0.1450733081705236,0.040411056274614277,0.8021301810621035,0.17280682496735783,-0.013942400641706607,0.8028984544264732,0.06102488407721096,0.2463906592541831,False,2026-08-07T15:50:12.504467+00:00
1046672,7417,22.436113,23,0.62,-54.98283058000001,-0.0025738836629898287,0.8415562591515482,2.634104032628238,0.0003,5602.372066599845,170.16506377424295,0.14624113309361478,0.04066576554303804,0.8018300051024685,0.17280682292749555,-0.013942402055970415,0.8028984544264732,0.06073655759778718,0.24639065773580365,False,2026-08-07T15:50:13.398379+00:00
1051680,7454,35.708801,23,0.62,-56.61369497000001,4.370668029878289e-05,0.6616569366073236,2.65963379368186,0.0003,638.9770037843244,1484.1222679119903,0.14770673618482932,-0.2913562874490751,0.8042181265432592,0.12964484275267954,-0.3721749963686139,0.8378086086407567,0.08936563205907389,0.11620957525870272,False,2026-08-07T15:50:21.235933+00:00
1056688,7474,-250.586317,600,0.66,-45.809822219999994,4.370668029878289e-05,0.6616569366073236,2.65963379368186,0.0003,4352.428022947916,216.73236065626907,0.08513354049646073,-0.26810540842656866,0.7899612442272578,0.17216481881624449,0.11960190412272152,0.8028819663635064,0.39756552751803165,0.37979677253819305,False,2026-08-07T15:50:22.386531+00:00
1061696,7499,-145.954397,600,0.64,-51.97942608,-0.001838451032381272,3.273120488267159,2.677298985607922,0.0003,690.1640239222719,1359.5376859366322,0.17827363832594847,0.10352976134383546,0.8068453815485144,0.1438869430069484,0.12675412074306674,0.8028819672875765,0.04168362192840504,0.3870896285324679,False,2026-08-07T15:50:29.642781+00:00
1066704,7510,-147.580638,600,0.63,-56.754067690000014,-0.004141708269526134,1.5512192266935017,2.6680333672091363,0.0003,646.7053483251037,1443.1549119195238,0.13648169088654694,-0.02388478656357487,0.835424815904003,0.1566794061378969,-0.07849972611996558,0.8028940173540356,0.06670076595078488,0.1815306468950203,False,2026-08-07T15:50:37.386644+00:00
1071712,7535,35.720865,22,0.63,-54.72691952,-0.004141708269526134,1.5512192266935017,2.6680333672091363,0.0003,4227.262806618858,219.5955261041562,0.14351264484174997,-0.0027696718234537527,0.7996236264538292,0.15667940688812804,-0.07849972375185676,0.8028940173540356,0.07693568641732335,0.18153064924900952,False,2026-08-07T15:50:38.571353+00:00
1076720,7553,-251.65297,600,0.59,-64.58012799,0.00015375864604720845,1.6393756638513879,2.6483874971047046,0.0003,662.8680386045656,1392.8564151978721,0.13996865579537524,-0.006060516462261887,0.8371482452084743,0.1622737014274999,-0.024193706149893947,0.8028934750347025,0.044718194379432766,0.23581725538540219,False,2026-08-07T15:50:46.126387+00:00
1081728,7582,35.327505,24,0.62,-57.26735514999999,-0.00288485995879455,0.886939773830818,2.634489553794265,0.0003,646.4942632262931,1420.3869272055338,0.14632542920657723,0.039093459960426374,0.8013567687607516,0.16248483416148865,-0.024707288341057784,0.8028934750347025,0.06583329946538112,0.23530583197326033,False,2026-08-07T15:50:53.872783+00:00
1086736,7593,24.454947,20,0.59,-63.052213970000004,-0.00288485995879455,0.886939773830818,2.634489553794265,0.0003,4349.425099769308,209.9734974280714,0.17458103019810728,0.07220070120312583,0.8050279093954271,0.17896323156633123,0.11386232735929828,0.8102937713508,0.042221133155581944,0.3743429496730898,False,2026-08-07T15:50:55.024209+00:00
1091744,7627,23.140236,23,0.65,-51.45665548,-0.002284286006397451,0.6719294807524421,2.618399606831372,0.0003,681.2268406640227,1333.265141336301,0.1786989929276802,0.10379610980169984,0.8066404958394454,0.1851653888844974,0.12799983032427342,0.8301842699929666,0.03437940757484343,0.3888150783204954,False,2026-08-07T15:51:02.375647+00:00
1096752,7635,-261.472337,600,0.62,-60.41085236999999,-0.002284286006397451,0.6719294807524421,2.618399606831372,0.0003,5234.956483597111,172.54164439192215,0.14264490610042652,-0.19239939699546502,0.80134748101806,0.11659837619852781,-0.3657683704417492,0.8378667863804363,0.17907786668904502,0.11432693967087373,False,2026-08-07T15:51:03.332288+00:00
1101760,7672,35.404561,23,0.65,-51.89714084,-0.001459114380122628,1.1132958963105921,2.596233608201146,0.0003,644.6269903766017,1393.4259865154472,0.14288882700701688,-0.2029884850652806,0.8007463408056823,0.11751341181223957,-0.36576983123871487,0.8378505951319782,0.1688739294487258,0.11398406632552888,False,2026-08-07T15:51:11.101127+00:00
1106768,7688,35.849829,23,0.66,-51.04308124999999,4.2775104884640316e-05,2.1934402104234323,2.598392631113529,0.0003,650.6228311461787,1372.8875736291418,0.1776891953943018,0.1012044010821833,0.8068546066996106,0.15172487548389832,0.12765529736932069,0.8030131843263789,0.03726328419036946,0.38774361021718134,False,2026-08-07T15:51:18.798362+00:00
1111776,7711,-148.101485,600,0.63,-61.00355533999999,4.2775104884640316e-05,2.1934402104234323,2.598392631113529,0.0003,4951.167222516994,179.39688967896728,0.17824912027646053,0.10350660099678374,0.8068450633935231,0.14380223937024894,0.12666626528984154,0.8028910906531846,0.041696421366409865,0.387005385185546,False,2026-08-07T15:51:19.809839+00:00
1116784,7728,23.447612,22,0.64,-63.65645973999999,0.0009097259295231197,2.2717478543287144,2.6077604237943888,0.0003,649.115118528217,1360.6461701316955,0.1430767247165353,-0.01002188345988966,0.8002929871868503,0.1681565860112683,-0.0628440483681382,0.80290083043806,0.058531883572802694,0.19732460353241368,False,2026-08-07T15:51:27.524961+00:00
1121792,7756,35.674365,23,0.63,-59.809413490000004,0.0009097259295231197,2.2717478543287144,2.6077604237943888,0.0003,4234.060031320443,207.41510358938396,0.14315252031270836,-0.007784826773678401,0.8001003393111769,0.168156585890854,-0.06284404588543338,0.80290083043806,0.06053563954551239,0.19732460600801915,False,2026-08-07T15:51:28.707765+00:00
1126800,7782,-267.610699,600,0.64,-57.702404220000005,-0.0014927061660273467,1.8624602516996673,2.595555523596704,0.0003,669.8785568216852,1303.5198561109294,0.1780271412345587,0.1027411006772941,0.8068613556636892,0.1387281307146071,0.11184081390653426,0.8028997365687436,0.04053284389917778,0.3724487660196617,False,2026-08-07T15:51:36.183738+00:00
1131808,7817,-14.351397,17,0.65,-44.533520010000004,-0.003980173129457398,1.7827165226917714,2.573024841211736,0.0003,655.4121038226507,1324.650544193987,0.17489385177620997,0.09362941274907174,0.8070302784815261,0.1386205679123541,0.11196076163579474,0.8028997365311514,0.04085157097442437,0.3725746748144199,False,2026-08-07T15:51:43.824728+00:00
1136816,7840,20.218745,20,0.68,-36.968702549999996,-0.003980173129457398,1.7827165226917714,2.573024841211736,0.0003,4332.465351125426,199.23621542080522,0.17801649837099667,0.10270097351990048,0.8068628497555886,0.18223412007960108,0.056940405565525876,0.8029021291073803,0.04612488721327101,0.31771933648387557,False,2026-08-07T15:51:44.980653+00:00
1141824,7859,23.598215,21,0.65,-45.19213835000001,1.9546667317626996e-06,1.6423044328810648,2.541927181184292,0.0003,647.7903728792149,1324.7742416820586,0.16511761019576962,0.07170920708270218,0.8055065267456236,0.18171261322247698,0.012887604877258119,0.8029021291073819,0.06117317956858223,0.273750036472318,False,2026-08-07T15:51:52.711549+00:00
1146832,7886,24.03793,20,0.64,-42.73873591999999,1.9546667317626996e-06,1.6423044328810648,2.541927181184292,0.0003,4834.904742471167,176.4601466716669,0.137558732308851,-0.008030973465768424,0.8368998307069335,0.14619173194322727,-0.014353715319823037,0.8028834037799868,0.035659824005685466,0.2460340737456953,False,2026-08-07T15:51:53.747354+00:00
1151840,7905,35.524579,22,0.63,-50.47364255,-0.002175000145871309,2.5652006520773285,2.5299600269645452,0.0003,656.2309424867556,1292.4718191219977,0.1456435547516369,0.04194932034082366,0.8021764434384352,0.1451072211471158,-0.01686190905818275,0.8028834037799867,0.058817923714480275,0.24359377276275418,False,2026-08-07T15:52:01.378819+00:00
1156848,7935,22.807009,22,0.62,-57.067057719999994,-0.002114926464855671,2.1879624606110157,2.523322287015617,0.0003,643.1437167439155,1310.9853646222016,0.14423576040273686,0.01656789949985529,0.8005984106775637,0.14897543374115058,-0.06864359573761573,0.8028791814979919,0.08537368060178578,0.1916737188907879,False,2026-08-07T15:52:09.165564+00:00
1161856,7960,-326.728653,600,0.65,-53.05713577,-0.002114926464855671,2.1879624606110157,2.523322287015617,0.0003,5041.498170978306,166.24899416305007,0.14338155845846706,-0.0034818830797171815,0.7998323838653971,0.14897543525689733,-0.06864359770732707,0.8028791814979919,0.06547231083946914,0.1916737168371557,False,2026-08-07T15:52:10.158919+00:00
1166864,7983,35.505117,23,0.66,-57.48817451,0.0010692247848055557,3.45835909426678,2.5434273170307278,0.0003,665.7850135985434,1251.358896615787,0.08265181951902337,-0.2673309156190959,0.7899169780934296,0.18067686960357857,0.0008498225071037044,0.8029033229832138,0.2858294314789665,0.26166803939073435,False,2026-08-07T15:52:17.680870+00:00
1171872,8010,-145.23627,600,0.67,-49.342663750000014,0.000306247722619446,1.7196743958280423,2.5399435689672827,0.0003,636.540978335622,1300.9814421772578,0.15293924792329644,0.05210880050782484,0.8031999038505386,0.18147976063718835,0.0003946126067741884,0.80290374812704,0.05906780683629247,0.26127903549971804,False,2026-08-07T15:52:25.548392+00:00
1176880,8035,36.080613,23,0.66,-53.42453060999999,0.000306247722619446,1.7196743958280423,2.5399435689672827,0.0003,4872.748622273196,168.92314047097398,0.13096505362837682,-0.013352068907329609,0.8365423407348606,0.17072051817499717,0.07400512142952487,0.8028845556719736,0.10170851567202475,0.3341771246675812,False,2026-08-07T15:52:26.576156+00:00
1181888,8058,35.825731,23,0.67,-47.20082163,-0.0033242445380892603,1.8156314532039688,2.5361960215494035,0.0003,682.1895863909424,1199.2443395803532,0.17830328381171667,0.10319366634074013,0.8067462023580029,0.18763546117474017,0.12614688957942183,0.8299455418581015,0.033943325479695176,0.38713452319084485,False,2026-08-07T15:52:33.917216+00:00
1186896,8079,31.064837,30,0.66,-50.9414497,-0.0033242445380892603,1.8156314532039688,2.5361960215494035,0.0003,4283.667391995066,189.8149238942911,0.14545887673653882,-0.29332404077559115,0.8048196841332116,0.1569728919184837,-0.3321735149637842,0.802849219670847,0.0405676832035868,0.07223696869030957,False,2026-08-07T15:52:35.086317+00:00
1191904,8106,35.789262,22,0.66,-45.22830905,0.003005757823120803,1.4850669088074937,2.542812704667449,0.0003,637.1092429042798,1268.3790244766697,0.1746348931266416,0.09066058005694574,0.8074997600383812,0.18670183268987484,0.023402418407677022,0.8028790912593331,0.06848811516480473,0.2846575462346258,False,2026-08-07T15:52:42.946814+00:00
1196912,8123,-149.174131,600,0.63,-58.26297757,0.00021557940890488682,2.7237927000038327,2.581254194676876,0.0003,669.9671834299858,1198.6975181209393,0.16398968875040193,0.06999236393818495,0.8052693332593551,0.18670183279377114,0.0234024159248244,0.8028790912593331,0.05188620240249868,0.2846575437724665,False,2026-08-07T15:52:50.421808+00:00
1201920,8142,35.679043,23,0.61,-64.62213343,0.00021557940890488682,2.7237927000038327,2.581254194676876,0.0003,238.5110815057891,3346.0919088601304,0.14348513978556762,0.004814423083277386,0.800045179109794,0.15853126421513483,-0.05091313101448325,0.8029029180832806,0.05779370915687486,0.20909202750696257,False,2026-08-07T15:53:11.418738+00:00
1206928,8165,-254.093066,600,0.56,-76.83907983,0.006061797259826562,3.2917610742209944,2.590218959003687,0.0003,633.2926043263334,1252.2994814437038,0.14912446736252835,-0.004831594276731047,0.799573659193192,0.15853126186092156,-0.05091313022217436,0.8029029180832806,0.047149546154585824,0.20909202831578874,False,2026-08-07T15:53:19.326618+00:00
1211936,8180,-249.941582,600,0.55,-81.01761194000001,0.006061797259826562,3.2917610742209944,2.590218959003687,0.0003,4227.59376842207,186.4095850188892,0.17781475072268593,0.10165648358890457,0.8067947311216667,0.13446035039614293,0.036641546326371136,0.8028880025377462,0.07824198759715739,0.29773894724874067,False,2026-08-07T15:53:20.511228+00:00
1216944,8202,-154.407681,600,0.53,-87.35125828,0.006385091069023474,1.6126392356702126,2.5932731686159967,0.0003,666.4359800165731,1174.9905819618664,0.17702410809027924,0.10049534129658552,0.8066840150739978,0.13446034949194813,0.036641548639822594,0.8028880025377462,0.07683352194091624,0.2977389496312259,False,2026-08-07T15:53:28.025819+00:00
1221952,8228,22.119194,25,0.59,-71.13734541,-0.0022571676672669128,1.32371755601489,2.6016890900209546,0.0003,665.7373031779439,1168.7012223679417,0.14378973209562615,0.013061813038089124,0.8004551382903486,0.1678421397972947,-0.03987067540944389,0.8029037574143187,0.058192459864743404,0.22026896899312606,False,2026-08-07T15:53:35.548308+00:00
1226960,8253,23.305612,22,0.58,-68.66282435,-0.0022571676672669128,1.32371755601489,2.6016890900209546,0.0003,4391.450120892503,176.03296831773875,0.14418387471522068,0.019561306116466476,0.8009491386802658,0.1678421373461252,-0.03987067501957542,0.8029037574143187,0.06399761172780749,0.22026896929547946,False,2026-08-07T15:53:36.688703+00:00
1231968,8273,24.422099,20,0.64,-50.56285528,-0.0035185144170100102,0.7793202570173889,2.565277189016342,0.0003,656.2083094265669,1170.4088304994966,0.17849097473877512,0.10421123244096736,0.8068278604337931,0.22629087672797166,0.1055335745710625,0.7928936938797009,0.04980702978940825,0.37149599523556326,False,2026-08-07T15:53:44.320424+00:00
1236976,8294,22.756975,24,0.62,-48.91665330000001,-0.0035185144170100102,0.7793202570173889,2.565277189016342,0.0003,5378.125134612676,141.87546420021178,0.17807505357023434,0.10290066857381905,0.8068525875561444,0.22629087425407102,0.10553357433038181,0.792893693879701,0.05026478160311736,0.3714959945572951,False,2026-08-07T15:53:45.251613+00:00
1241984,8317,35.66064,23,0.62,-46.88995826,-0.004563420408521779,1.8181533552939073,2.5325511135160923,0.0003,643.4475910654318,1178.053986875394,0.1555496775640815,0.058443080652865916,0.8022815013333873,0.18542803380005196,0.029614791171058478,0.8082914821096333,0.04195123734458009,0.29072893245769743,False,2026-08-07T15:53:53.034690+00:00
1246992,8335,35.186686,23,0.61,-51.62416567,-0.0038848151361889904,0.759991905716015,2.4862730069085957,0.0003,645.3495038922072,1166.8220018121763,0.16791442863862696,0.07708025364956071,0.8061527672321503,0.18524747645833553,0.019626477499345818,0.8029052239091308,0.06009923026357488,0.28076396133800074,False,2026-08-07T15:54:00.794821+00:00
1252000,8350,35.478987,23,0.58,-62.242896820000006,-0.0038848151361889904,0.759991905716015,2.4862730069085957,0.0003,5106.369004535062,146.4837342024611,0.14407750725591217,-0.23028477872963557,0.8000375638336836,0.14371903420417106,-0.16313268586688529,0.8028854816748761,0.06721341171824596,0.09822599653151134,False,2026-08-07T15:54:01.775555+00:00
1257008,8373,35.648358,22,0.6,-61.73148087,-0.004130998891560012,1.2945221604662946,2.47749142292887,0.0003,662.0740888066252,1122.2188159322586,0.1781988912039098,0.10329157828733022,0.8068493697045809,0.18180304416380882,0.05320149458913639,0.8029069050135276,0.05037409484338765,0.31395947023091664,False,2026-08-07T15:54:09.339664+00:00
1262016,8407,23.599577,21,0.63,-61.61313778999998,0.002695388807114796,2.857814508723095,2.475304071046412,0.0003,640.8281805245485,1151.60978001299,0.09216694048538066,-0.27109891676205267,0.7517792678927642,0.15433895812894502,0.12083819786134956,0.8141622378014491,0.40171096142850954,0.3808802703545384,False,2026-08-07T15:54:17.154551+00:00
1267024,8420,-156.790565,600,0.62,-66.60047586,0.002695388807114796,2.857814508723095,2.475304071046412,0.0003,5176.825852244721,141.5879191072604,0.1781698088122931,0.10318561020784361,0.8068446060517493,0.1464017816105318,0.12206121514846462,0.802881173838485,0.03716456388921285,0.38230313059676746,False,2026-08-07T15:54:18.121953+00:00
1272032,8447,20.128891,20,0.65,-57.36565195,-0.003258468024796457,1.7033527419320307,2.4517423804849385,0.0003,649.6027890792525,1120.635582602443,0.1473727238095708,-0.2897640775316602,0.8032231449828453,0.14335583950590386,-0.3066472911379413,0.8361184247607415,0.037192441340283475,0.04952774827368077,False,2026-08-07T15:54:25.831270+00:00
1277040,8462,-303.086803,600,0.64,-58.18541705999999,-0.003258468024796457,1.7033527419320307,2.4517423804849385,0.0003,4232.93971775128,170.79383317654887,0.17809659872218297,0.10296047118451868,0.8068593712889378,0.1449022264136108,0.12161546994844946,0.8029065417641451,0.03828185200711213,0.38191400821551674,False,2026-08-07T15:54:27.014382+00:00
1282048,8482,23.970081,21,0.6,-63.669312819999995,7.048333245620597e-05,0.37663283608853815,2.455585160665214,0.0003,642.5708725016952,1117.3117717036043,0.17708182212149065,0.1001363474031986,0.8067983390841174,0.14490222712461134,0.12161546757218578,0.8029065417641451,0.03888476596016381,0.3819140058130034,False,2026-08-07T15:54:34.808069+00:00
1287056,8506,-302.995488,600,0.6,-66.046044,-0.00252837245570845,1.2612450169981457,2.4632225869223476,0.0003,698.64556477386,1020.4659357291822,0.1782038035371658,0.10332252906179326,0.8068332072395201,0.18504072362376356,0.1280617565538546,0.8299096269678519,0.03451512712786418,0.388868827163177,False,2026-08-07T15:54:41.976221+00:00
1292064,8526,30.984999,30,0.61,-59.272067910000004,-0.00252837245570845,1.2612450169981457,2.4632225869223476,0.0003,4183.020369375023,169.24039031293825,0.17755792231254616,0.1012915420092409,0.8068809599666528,0.18402295027575216,0.12630086495381912,0.8287587679858924,0.03385116400418085,0.3870471035985414,False,2026-08-07T15:54:43.173451+00:00
1297072,8542,35.864114,22,0.57,-74.89039292,-0.0070495769810804635,1.9058810595190152,2.4613258855417373,0.0003,639.5401450759937,1099.114739570374,0.15709176795557625,0.05849871001621459,0.8038713209485898,0.1838503683973677,0.007919864646979967,0.8028926410970866,0.05722936406024557,0.2689793559832171,False,2026-08-07T15:54:51.004078+00:00
1302080,8576,22.074588,21,0.63,-53.47582483999999,-0.0070495769810804635,1.9058810595190152,2.4613258855417373,0.0003,4757.792725416195,146.6898707612254,0.16107085392666476,0.06467829348331278,0.8045780005359331,0.182576651201168,0.005594522446491571,0.8028926410970866,0.0628985830745149,0.26655235045491366,False,2026-08-07T15:54:52.056663+00:00
1307088,8585,23.567953,20,0.6,-58.44508698,-0.0024712679089134324,2.4069324695388787,2.4561813939362764,0.0003,654.568134957043,1058.5788751318812,0.16525876656524077,0.0722556972032013,0.8055473894663815,0.18213801875430202,0.010928473512998272,0.802906996004523,0.06366246301898437,0.27183143606737104,False,2026-08-07T15:54:59.707511+00:00
1312096,8605,35.213983,23,0.54,-77.13972582,0.0016429399078333518,0.939458024664782,2.4432062676176427,0.0003,631.0854252892294,1090.0330960499211,0.16392706597087417,0.06987353848233725,0.8052507657276421,0.18213801651380027,0.010928474586174332,0.802906996004523,0.06173858221497024,0.2718314369545153,False,2026-08-07T15:55:07.643043+00:00
1317104,8622,20.498736,19,0.55,-76.37194288999999,0.0016429399078333518,0.939458024664782,2.4432062676176427,0.0003,4722.423311084852,144.6071127078023,0.17824665921310345,0.10344397716932707,0.8068438750155476,0.13799994276838035,0.05001629606848056,0.8029019765793065,0.06700637175431405,0.3107959239536683,False,2026-08-07T15:55:08.703536+00:00
1322112,8654,-250.093196,600,0.59,-64.55383972999999,5.2892245184921195e-05,0.6891819204436616,2.4230607092380523,0.0003,663.0956260056691,1022.3080554511218,0.17825431441619677,0.10346828569947525,0.8068465575645811,0.13799994085817985,0.050016294479796365,0.8029019765793065,0.06703051301494262,0.3107959225041851,False,2026-08-07T15:55:16.255975+00:00
1327120,8676,19.821272,20,0.61,-63.50791759999999,-0.00452618906765565,1.087813033227576,2.396158096380532,0.0003,628.8232025449572,1070.0622961696345,0.14518604212251382,0.03864351340630143,0.8019156619778107,0.13871073417283375,-0.021041609537330537,0.8028979923204012,0.060043388368259384,0.23990486700350486,False,2026-08-07T15:55:24.220049+00:00
1332128,8693,-249.565269,600,0.62,-61.861336509999994,-0.00452618906765565,1.087813033227576,2.396158096380532,0.0003,5088.905796341282,131.24078666973418,0.1446883927487436,0.034896266614251964,0.8019401945454968,0.13871073245799123,-0.021041611334444113,0.8028979923204012,0.05626451802452828,0.2399048653656572,False,2026-08-07T15:55:25.204157+00:00
1337136,8711,23.313307,20,0.63,-54.780990130000006,0.005071704485817463,1.8355964317684994,2.390616207383573,0.0003,657.6329446857983,1007.9543693126582,0.14386002112461324,0.017763782329105752,0.8008465613469584,0.15553276395258944,-0.03774996246394744,0.8029076920228647,0.05676510411986816,0.22229492882807755,False,2026-08-07T15:55:32.819352+00:00
1342144,8732,-138.472593,600,0.58,-59.962115720000014,0.005071704485817463,1.8355964317684994,2.390616207383573,0.0003,4237.633121731506,155.24137675495572,0.14392477947680138,0.014710170021536984,0.8003704557722217,0.1555327646632359,-0.03774996008446707,0.8029076920228647,0.053788922080842384,0.22229493119279625,False,2026-08-07T15:55:34.001152+00:00
1347152,8757,17.045823,55,0.59,-60.12663233999999,-0.004234846186591312,3.424433038337156,2.408776237256825,0.0003,664.1526582596189,982.9788255470629,0.1780947125871562,0.10347003473500929,0.8068884987974965,0.16191710878229235,0.04982480675856793,0.8028922288042333,0.05617379748041402,0.3098307379668246,False,2026-08-07T15:55:41.541587+00:00
1352160,8771,21.80808,28,0.56,-66.01397247,0.0020865005477389786,1.8648051948985085,2.4208753762766717,0.0003,667.8316485202884,970.0648381001653,0.17817009902635433,0.1031814201032068,0.8068286334541535,0.16191710916690197,0.04982480921273612,0.8028922288042333,0.055915855413795366,0.3098307404233256,False,2026-08-07T15:55:49.040471+00:00
1357168,8789,-247.112623,600,0.54,-74.63538943,0.0020865005477389786,1.8648051948985085,2.4208753762766717,0.0003,4627.161669217599,138.92577047317553,0.14273957524267789,-0.029761694622593322,0.8013847668477512,0.16138438572724517,-0.0823257646283251,0.8028997900292728,0.05579341994190219,0.17767962865435966,False,2026-08-07T15:55:50.122794+00:00
1362176,8817,-160.411395,600,0.58,-57.31336495000001,-0.004287154237681534,0.8293058890965768,2.381254887022078,0.0003,621.6817997874421,1025.9653736333878,0.14336854521303666,-0.01867600829833393,0.8003188556999489,0.16138438571888342,-0.08232576711328687,0.8028997900292728,0.06620063087574068,0.17767962616940813,False,2026-08-07T15:55:58.178349+00:00
1367184,8830,-160.717179,600,0.59,-61.56437266,-0.004287154237681534,0.8293058890965768,2.381254887022078,0.0003,4847.040012110057,130.55720572121228,0.17661875900310697,0.09847222862483784,0.8069793813293327,0.18648031196595033,0.12469898352327499,0.827246672384541,0.034581150733574324,0.38560927743722023,False,2026-08-07T15:55:59.211576+00:00
1372192,8856,35.86208,22,0.55,-68.94645397000001,0.00031816183400223963,2.318381503020646,2.3712621280923485,0.0003,659.841131425783,951.4532667029017,0.17745765302620495,0.1010395679592578,0.8068697936558268,0.18766587847282923,0.12546322441375815,0.8287742811688378,0.03435883342874462,0.3864547815813962,False,2026-08-07T15:56:06.801264+00:00
1377200,8871,-11.814011,16,0.57,-66.46913799,-0.0005417091815616004,3.8640137712995055,2.351820828951895,0.0003,663.5801772923257,938.545214748992,0.1781900957400911,0.10307030367311874,0.806782757880255,0.18757534948506346,0.12272519329734698,0.8298631200789283,0.03173485139747874,0.3837173093355511,False,2026-08-07T15:56:14.348205+00:00
1382208,8898,35.85382,22,0.6,-60.11874867,-0.0005417091815616004,3.8640137712995055,2.351820828951895,0.0003,4414.130891493671,139.95778901584615,0.1785820348983406,0.1040701660999483,0.8067292459309644,0.18780399806747,0.12628018543484637,0.8304312943372676,0.03376561360621282,0.3872795424084717,False,2026-08-07T15:56:15.482744+00:00
1387216,8926,23.596749,20,0.65,-49.10239181000001,-0.003188105276058195,0.9252584463742096,2.345664103142917,0.0003,667.2082166980422,918.4299363587231,0.17583135048688606,0.09602917100714062,0.8070202999671426,0.1439178282111852,0.12686430982639632,0.802906756642676,0.044566802989744386,0.38719843809976673,False,2026-08-07T15:56:22.988655+00:00
1392224,8944,35.697829,23,0.65,-49.93635885,-0.003188105276058195,0.9252584463742096,2.345664103142917,0.0003,5024.296034635348,120.9673943991859,0.17635080210141885,0.09758509639175991,0.8070385462246713,0.14388577546976888,0.1268552192932448,0.8029067542927257,0.04390660261772325,0.38719068806808266,False,2026-08-07T15:56:23.985423+00:00
1397232,8960,-254.092595,600,0.61,-66.63403623,-0.00417561774229398,1.5207347357296386,2.332662777043879,0.0003,631.3531866781674,954.7239369637668,0.14453953394129967,0.033266373545567815,0.8018474092471904,0.1591640496356692,-0.02151386730190089,0.8028965521987937,0.05670848214803882,0.23848759779558132,False,2026-08-07T15:56:31.917581+00:00
1402240,8983,-306.131674,600,0.59,-67.08789179,-0.002037353462219471,1.845736582140671,2.3381743954494594,0.0003,268.867533857925,2223.2509497255564,0.14566031138218108,0.041730449083293916,0.8021267558187402,0.15916405019627466,-0.02151386972134669,0.8028965521987937,0.0646744726262922,0.23848759537418535,False,2026-08-07T15:56:50.543851+00:00
1407248,9006,-144.556086,600,0.59,-69.47605656,-0.002037353462219471,1.845736582140671,2.3381743954494594,0.0003,4778.295045763871,124.05094166914114,0.17847420101329267,0.1037140200210533,0.8067509369516672,0.15909606309649396,0.050672041918292894,0.8028897703606354,0.05660275856899456,0.31067335697096243,False,2026-08-07T15:56:51.591927+00:00
1412256,9017,35.633278,24,0.56,-76.25475327999999,-0.008194606272809324,1.772763423633296,2.3385317787528037,0.0003,679.8144384048713,864.5653384166022,0.17856213599571005,0.1043876778248747,0.8067960283893134,0.15909606468749657,0.05067204382731165,0.8028897703606354,0.05726740887907549,0.3106733588753439,False,2026-08-07T15:56:58.958644+00:00
1417264,9044,35.235785,23,0.57,-75.23726428,-0.003186053088575136,3.0662139840540474,2.30835744086653,0.0003,806.6612599624041,722.4048419371961,0.16145377614153872,-0.23848663913298854,0.8017737621220066,0.1879509493432179,-0.2361745822798402,0.8269924062525497,0.03665277351517824,0.03672745701416364,False,2026-08-07T15:57:05.166944+00:00
1422272,9053,-332.000187,600,0.55,-79.84740859,-0.003186053088575136,3.0662139840540474,2.30835744086653,0.0003,4918.254804735088,117.4660571558407,0.14314392814858592,-0.0022582969579466447,0.7999089396764848,0.1767966695122876,-0.06172989309535525,0.8028852463449578,0.06839763263306727,0.19898030907274283,False,2026-08-07T15:57:06.185196+00:00
1427280,9070,-149.159276,600,0.55,-83.18085932999999,0.00102746417032904,1.4151689702179282,2.333328552171588,0.0003,677.5286034918936,845.3074852460489,0.0799209235938497,-0.2669330438979847,0.7847298767587427,0.18023032936816427,0.025302600667899636,0.802857269923949,0.30950323297923715,0.2860189507256668,False,2026-08-07T15:57:13.576768+00:00
1432288,9082,23.98695,21,0.52,-89.68763027000001,0.00102746417032904,1.4151689702179282,2.333328552171588,0.0003,4426.033546707921,128.2665379755794,0.1767074748137541,0.0986764658930355,0.8070194526415392,0.18690637510182612,0.03617024724567597,0.802881579700551,0.06346784169288659,0.2973899264848845,False,2026-08-07T15:57:14.708261+00:00
1437296,9105,-154.524569,600,0.5,-95.96281474000001,-0.00154917507461505,1.832074910844676,2.345092010125518,0.0003,663.933704344684,847.530402987148,0.1234572598744448,-0.02100610058149934,0.8387937798680059,0.16878334169305323,-0.0810822081964379,0.8028805867926837,0.08338674856387093,0.1791332557487853,False,2026-08-07T15:57:22.251177+00:00
1442304,9119,-252.707188,600,0.53,-92.81248463,0.0020807297740248034,2.273227653390495,2.33103414606303,0.0003,636.0548217054263,876.804924620607,0.1427048384039191,-0.028546256714178944,0.8013322074170386,0.16878334416293445,-0.08108220797538084,0.8028805867926837,0.0586729248992523,0.1791332560906808,False,2026-08-07T15:57:30.124713+00:00
1447312,9144,20.560853,20,0.51,-98.66018122999999,0.0020807297740248034,2.273227653390495,2.33103414606303,0.0003,4179.672641955646,132.23236538960148,0.1462012745657308,-0.26302588921257064,0.8020066075993934,0.12822626332248077,-0.3788234796491405,0.8379306029921502,0.12256719147100234,0.12299833193333165,False,2026-08-07T15:57:31.322904+00:00
1452320,9160,35.497746,23,0.54,-86.44019982000002,0.0011403833064832724,3.040100333793089,2.3127751091495155,0.0003,734.6358112092332,745.5122547027783,0.14299070080984727,-0.20694745047208726,0.8004918919029472,0.1282843095837727,-0.3787587358229704,0.8379302954510007,0.17645687795335116,0.12292079707213116,False,2026-08-07T15:57:38.139889+00:00
1457328,9180,35.507715,23,0.53,-87.89157044,0.0011403833064832724,3.040100333793089,2.3127751091495155,0.0003,4878.675613699449,111.23346640964667,0.1444865344307289,0.018726819804665784,0.8005295394103902,0.153479672235,0.12433629580055897,0.8028801029679324,0.1060177489703106,0.38439160103188746,False,2026-08-07T15:57:39.166398+00:00
1462336,9190,-137.473414,600,0.51,-87.99048389,0.003978539285162697,2.3106799701752605,2.347911430336535,0.0003,659.7314785244581,814.9739970003072,0.17826667202798632,0.10343168816040259,0.8069665599347369,0.14384275987318065,0.12694026222030058,0.8028801029679328,0.04188505596167956,0.3872774495573305,False,2026-08-07T15:57:46.757356+00:00
1467344,9207,23.833955,20,0.49,-92.20163720000002,-0.0029093572113197295,1.3494021228863857,2.3707623979076744,0.0003,671.2863370432864,793.4855375518433,0.15130465280208788,-0.2793505618855482,0.804333553724563,0.14820844064442554,-0.35705521787606576,0.802896033927764,0.0777796024385322,0.09776889172434465,False,2026-08-07T15:57:54.217662+00:00
1472352,9223,-297.095122,600,0.48,-90.43009040000001,-0.0029093572113197295,1.3494021228863857,2.3707623979076744,0.0003,4778.916879447727,110.41162951990438,0.17802212291029407,0.10271803962213368,0.8068655139267074,0.14074708631712216,0.11313089741119486,0.8028947393492397,0.0389053082638164,0.37362727588890504,False,2026-08-07T15:57:55.265597+00:00
1477360,9239,-280.583291,600,0.46,-97.89289806000001,0.0027632939971226735,3.798790800012648,2.3880246045067905,0.0003,632.8251408049779,825.8837493958945,0.16533907403290227,-0.24431078430261075,0.8025037178316899,0.16414479430464873,-0.24304489694244946,0.8100095105259025,0.007704913941532929,0.017454364483418135,True,2026-08-07T15:58:03.179314+00:00
1482368,9257,35.530309,23,0.45,-102.15745335000001,0.0027632939971226735,3.798790800012648,2.3880246045067905,0.0003,4193.8568115939715,123.42624539993822,0.17338354208442713,0.08554515225038282,0.8084983757464669,0.18683345905241158,0.03049805816743395,0.8029003925740323,0.05694225363490245,0.2917347362309934,False,2026-08-07T15:58:04.373452+00:00
1487376,9272,-156.671612,600,0.47,-99.23311071,-0.005683749491799972,4.566077936859801,2.428148194588721,0.0003,665.1389824274102,770.7020841406558,0.14737547703210147,-0.28991575488373617,0.8032525121232407,0.138848848123704,-0.303910201990749,0.8411652427733204,0.0413028218856532,0.04873886605741371,False,2026-08-07T15:58:11.902720+00:00
1492384,9294,35.261721,24,0.51,-91.01298607999999,0.000980804758000886,7.117539384122938,2.422439888678491,0.0003,740.198776831582,685.7833542671448,0.17749857172165337,0.10120468055844584,0.806852317607768,0.13853835106912102,0.10897674307913191,0.8028926186963358,0.03992471621174857,0.3696003778516954,False,2026-08-07T15:58:18.668468+00:00
1497392,9303,-10.860316,13,0.48,-98.16567266000001,0.000980804758000886,7.117539384122938,2.422439888678491,0.0003,4575.19142702993,109.85507557795833,0.17804546263288246,0.10333331015548765,0.8068892169342302,0.13853834858853725,0.10897674295478595,0.8028926186963358,0.04010776971296503,0.3696003778715997,False,2026-08-07T15:58:19.763099+00:00
1502400,9318,-245.788739,600,0.4,-121.85229554000001,0.006824391602276591,2.20601890074322,2.4188820308074357,0.0003,663.8202326191036,749.6005327175981,0.17697947340404763,0.10023901604716653,0.8066139409159684,0.1884341796402814,0.12841520268668283,0.8145071771638484,0.031423096075468365,0.38945458303883485,False,2026-08-07T15:58:27.307277+00:00
1507408,9331,-251.994487,600,0.41,-121.72851709000001,0.0007915299825981492,0.8151673602114897,2.430823056027293,0.0003,717.5088737651026,686.5308820713823,0.15610807799320214,-0.2704950630180735,0.8030561962616051,0.14791323061381145,-0.3335346636437748,0.8028774408972049,0.06357026603766676,0.07452138452416193,False,2026-08-07T15:58:34.286981+00:00
1512416,9354,35.921385,23,0.43,-111.64404328999998,0.0007915299825981492,0.8151673602114897,2.430823056027293,0.0003,4316.716707658718,112.95251299093324,0.08220825036969454,-0.00680200083335673,0.7935990500892005,0.13879960412544265,0.05413989281046224,0.8028915032859211,0.08368300548627548,0.31485445691653574,False,2026-08-07T15:58:35.447127+00:00
1517424,9367,35.249913,26,0.42,-113.41149016000001,-0.002812538833131839,2.5376430797448846,2.4346820970997216,0.0003,715.5326839047037,674.4290105192044,0.157212966313317,-0.2572992898286488,0.8033341925921533,0.13720212704913948,-0.19417206900850933,0.8029023033468663,0.06622436277422074,0.06966390392236166,False,2026-08-07T15:58:42.446100+00:00
1522432,9385,-146.264575,600,0.41,-115.14725439999997,-0.002812538833131839,2.5376430797448846,2.4346820970997216,0.0003,5181.251762310024,92.17232088082895,0.14462134618931727,0.026551270063109936,0.8013859516058965,0.17642709253989336,-0.03334699397711957,0.8028910750133477,0.0678356317315752,0.22724751815701333,False,2026-08-07T15:58:43.412657+00:00
1527440,9399,-215.60835,600,0.41,-107.30215063000001,-0.00542396687415021,1.5991289409284946,2.4220005754381417,0.0003,664.4958224065995,711.1557124445615,0.0860644807338558,-0.19536368728825523,0.8343540119641862,0.15185488652948284,-0.009530039873340087,0.8028810514321417,0.19963233518379708,0.2506023619188339,False,2026-08-07T15:58:50.949227+00:00
1532448,9421,-153.294897,600,0.46,-92.39791095999999,-0.026225674590023118,3.8636830814823044,2.3803244793787597,0.0003,727.8354846071223,642.3869265626414,0.15107399729735682,0.04970361257069944,0.8025677006745972,0.15232987292061967,-0.008520546247561888,0.8028810514321444,0.0582385446450414,0.2515963960573333,False,2026-08-07T15:58:57.829878+00:00
1537456,9431,32.895909,25,0.45,-95.92961214,-0.026225674590023118,3.8636830814823044,2.3803244793787597,0.0003,5032.656308767525,91.90852138942803,0.1387056439065753,-0.007081059264835522,0.8369922046059916,0.1762407090480394,0.07610506067826843,0.8028802307170545,0.09742914568527199,0.3364972101577153,False,2026-08-07T15:58:58.824985+00:00
1542464,9459,-90.730342,161,0.48,-95.87771338,-0.002072508929086325,2.2808547971770166,2.35741133838892,0.0003,635.1449742219139,720.3646703817593,0.17617859218419646,0.09854620496137556,0.8067332090686677,0.18687551206411598,0.12421945491208682,0.8276392278438972,0.034793698840154375,0.3851582566707477,False,2026-08-07T15:59:06.709798+00:00
1547472,9473,-250.576624,600,0.5,-85.09483283,-0.002072508929086325,2.2808547971770166,2.35741133838892,0.0003,4319.067971258406,104.77445666782391,0.1540809627898921,0.05388599740281884,0.8033713713222681,0.1829395201471424,0.004472513690362749,0.8029035018467727,0.05722523575476966,0.26546550073838265,False,2026-08-07T15:59:07.869305+00:00
1552480,9487,24.637832,48,0.48,-94.97381194999998,0.0015033867675811052,7.7322357085999105,2.366719662770629,0.0003,656.0495528821853,682.1435942360387,0.15898993391328484,0.06160182242729519,0.8042268329893959,0.1829395183865542,0.004472515442653127,0.8029035018467411,0.06196040282552122,0.26546550233198185,False,2026-08-07T15:59:15.502879+00:00
1557488,9502,-192.934326,600,0.47,-97.46058857,0.0024544249597965974,3.4678217085660434,2.3559922978281973,0.0003,674.528714895529,656.0313745405728,0.1738127930290776,0.08480710828442652,0.8081818535943756,0.16401504162439326,0.12232590272782322,0.8046874651153871,0.03893413181150873,0.3823469843687675,False,2026-08-07T15:59:22.927320+00:00
1562496,9521,-244.676357,600,0.45,-105.01542307,0.0024544249597965974,3.4678217085660434,2.3559922978281973,0.0003,4197.686121305805,104.22503907078752,0.17847508541408086,0.1040155407030541,0.8067824425617298,0.1448055423367774,0.12161660252617049,0.802880890008452,0.038192376473080956,0.38191897421743354,False,2026-08-07T15:59:24.120362+00:00
1567504,9532,-138.519569,600,0.44,-110.80013932000001,-0.004411875853838865,4.54108300934895,2.358543767221272,0.0003,674.6610240087898,641.0567449563608,0.14382304540099414,0.00606824529649197,0.7998127228378213,0.14687820334078486,-0.054289062023766606,0.8029053689655674,0.06051365959071281,0.20612901676044434,False,2026-08-07T15:59:31.543363+00:00
1572512,9553,-694.095655,600,0.44,-117.16670395999999,-0.004411875853838865,4.54108300934895,2.358543767221272,0.0003,5006.282422922472,85.39030839383793,0.14394725657067492,1.680810660174229e-05,0.7994826306463417,0.14687820401717033,-0.054289064414123775,0.8029053689655674,0.05449250756547458,0.20612901433187789,False,2026-08-07T15:59:32.543703+00:00
1577520,9570,19.048454,60,0.46,-120.59248147999999,-0.006710784568349481,5.584014049591497,2.3803807908669112,0.0003,643.0322000791963,657.0121993081639,0.1434210772944086,-0.0015707977653911878,0.7996834124213166,0.15018440365696317,-0.06546660527894367,0.8028795385490464,0.06433220051824538,0.19478087070671943,False,2026-08-07T15:59:40.331799+00:00
1582528,9590,-151.706891,600,0.47,-118.53204348999998,0.001506452752801124,2.2226697959005834,2.366011021658778,0.0003,672.6792147182523,620.6108214222966,0.1430618176437523,-0.010930927760905564,0.8003132462915024,0.1501844060595258,-0.06546660465900907,0.8028795385490464,0.05505867031109615,0.194780871204794,False,2026-08-07T15:59:47.776648+00:00
1587536,9597,-144.404931,600,0.47,-120.89450211999998,0.001506452752801124,2.2226697959005834,2.366011021658778,0.0003,5032.7383035670855,81.95617874818869,0.1440465214320583,-0.004874069861668637,0.7996732034128391,0.1716883466492723,-0.05820513372679007,0.80290518394661,0.06015578586050841,0.20213308858674336,False,2026-08-07T15:59:48.771749+00:00
1592544,9618,23.53137,22,0.47,-124.5313934,0.0021416538205812686,0.6167720803525298,2.3780442545190454,0.0003,690.0139366224855,590.5040150267629,0.1433432497951846,-0.0010200130887276144,0.799828835268048,0.1716883482179155,-0.0582051318047447,0.80290518394661,0.06389871930133938,0.20213309059627943,False,2026-08-07T15:59:56.029682+00:00
1597552,9627,23.782921,20,0.49,-115.31844879,-0.005880269382760162,0.8891573997330852,2.3553411468863485,0.0003,645.3833510366331,623.5797675189119,0.1437863613385414,-0.021014615274484564,0.800431375758597,0.17587026530421168,-0.0727878257689345,0.802903694566507,0.06095863006063145,0.18788364351680242,False,2026-08-07T16:00:03.789288+00:00
1602560,9652,35.549951,23,0.49,-115.40752317999998,-0.005880269382760162,0.8891573997330852,2.3553411468863485,0.0003,242.37047653974602,1639.8036826685213,0.1429107830260535,-0.02228040180799268,0.8008308038317058,0.17587026603726424,-0.07278782814132811,0.802903694566507,0.060345874019538566,0.18788364121480733,False,2026-08-07T16:00:24.451904+00:00
1607568,9667,35.511537,23,0.48,-101.90499174,-0.0074782774045161204,2.0868332723039202,2.3356075903400777,0.0003,671.552719403217,584.3651416507391,0.175436990440552,0.09513403657432551,0.8069491392901137,0.142009137699724,0.12472598480668123,0.8029059935124268,0.04482690895911216,0.3851464065933606,False,2026-08-07T16:00:31.909218+00:00
1612576,9691,23.973684,20,0.5,-88.54349746,-0.0074782774045161204,2.0868332723039202,2.3356075903400777,0.0003,4352.543464048698,89.01094341735109,0.17828080948076935,0.10354171098791128,0.8068308598828302,0.14200913535409632,0.12472598553322693,0.802905993497412,0.042187822983726676,0.38514640742868156,False,2026-08-07T16:00:33.059834+00:00
1617584,9709,21.632722,19,0.53,-80.94411669,-0.0009142764552962035,1.0540605197660624,2.333353698812425,0.0003,656.6371472869885,582.3855710570424,0.1784290848929797,0.10401222967591325,0.806835708845163,0.13989788488903926,0.04174918295353858,0.8028789038663615,0.07332800738146743,0.302418029298953,False,2026-08-07T16:00:40.686557+00:00
1622592,9736,35.471969,23,0.55,-72.25595437999999,-0.001484804175925092,2.2806036474765277,2.366702431626618,0.0003,662.9212803888603,569.3104312153289,0.17825038991244319,0.103490381681398,0.8068523446120941,0.1398978872170355,0.041749183822594134,0.8028789038663615,0.07279202021788563,0.30241803001134165,False,2026-08-07T16:00:48.240991+00:00
1627600,9751,-248.33182,600,0.56,-65.22808564,-0.001484804175925092,2.2806036474765277,2.366702431626618,0.0003,4332.656591204522,85.95188475264528,0.14480619659278882,0.036759235896158274,0.8019617320895256,0.1398444126918849,-0.01967091516583793,0.802892153162663,0.05665551104466642,0.24117279431345676,False,2026-08-07T16:00:49.396865+00:00
