global_step,episode_num,episode_reward,episode_length,success_rate,avg_reward_100,policy_loss,value_loss,entropy,learning_rate,fps,eta_seconds,ee_x,ee_y,ee_z,cube_x,cube_y,cube_z,ee_to_cube_dist,cube_to_goal_dist,is_grasped,timestamp
5004,16,35.633951,233,0.75,190.73048125000003,-0.0003751875871481995,381.5540876229604,1.536856596916914,0.0003,,,0.09216694048538066,-0.27109891676205267,0.7517792678927642,0.16207306101245458,-0.022060502987149195,0.822626013953759,0.268190713206287,0.23794852767077546,False,2026-08-07T11:24:20.270205+00:00
10008,34,-145.409812,600,0.6764705882352942,150.9404537647059,-6.458652060246096e-05,350.30170895258584,1.5114982756475608,0.0003,,,0.1786353067010174,0.10466833389099668,0.8068023365796295,0.18589172185608804,0.12607561372139187,0.830576779826435,0.03280474572885997,0.3869428391520153,False,2026-08-07T11:24:24.667864+00:00
15012,55,70.012025,32,0.6727272727272727,150.38102910909092,0.009012000397585021,141.24904258648556,1.5212570173045,0.0003,,,0.13965072763905126,-0.10709891669497204,0.8369522789627556,0.18606816188841038,-0.07959139644661925,0.8028967213242879,0.06380456785038287,0.18228223528452048,False,2026-08-07T11:24:27.852698+00:00
20016,66,147.920881,51,0.6212121212121212,135.3162025606061,0.028807437841896898,166.32071292002996,1.5463688760995864,0.0003,,,0.1786917707121361,0.10467933161478402,0.8067605374273553,0.136593059548151,0.10259872734195911,0.8028818349754344,0.04232817889443481,0.36335343941034165,False,2026-08-07T11:24:32.163894+00:00
25020,81,-580.506945,600,0.5432098765432098,117.88960781481484,0.012703976255337087,55.383934343854584,1.5784350427488485,0.0003,,,0.14342173404392697,-0.21344721157211943,0.8002908809872316,0.13352766325662666,-0.19273787995371933,0.8194820698888022,0.029917733608693445,0.07228400518631234,False,2026-08-07T11:24:36.356084+00:00
30024,100,102.013621,46,0.57,123.64736002,-0.007010639287667194,467.2988740603129,1.586472214013338,0.0003,,,0.0883802055613177,-0.03792949153720204,0.8343633927663431,0.17288639056731883,0.019458875087217577,0.802893500831715,0.10688813791279396,0.27975582554589734,False,2026-08-07T11:24:39.456730+00:00
35028,112,-391.906365,600,0.52,85.87204527999998,-0.0027076737280973856,159.06294377247494,1.6009846923251947,0.0003,,,0.17716118419696186,0.10082792224568872,0.8065747633782038,0.18857898521449074,0.12856810632060883,0.8101609940095083,0.030211670637805537,0.38961767368212913,False,2026-08-07T11:24:43.439696+00:00
40032,123,-37.229665,600,0.48,56.25509585,0.004611054868049299,14.697551803290844,1.555552147080501,0.0003,,,0.17719504626076876,0.10018610119601386,0.8067285092579342,0.1855722130649452,0.12894830751151654,0.803849750017197,0.030095326723042354,0.38978805009532064,False,2026-08-07T11:24:47.597251+00:00
45036,136,-181.080292,600,0.43,17.110248930000008,-0.00352412484450421,48.72172896663348,1.5376132287085056,0.0003,,,0.11208041853781919,-0.16497185895472555,0.8588766858158463,0.1657186409362991,-0.07904341075039482,0.8028849748069622,0.11574035084867997,0.18104692774805278,False,2026-08-07T11:24:50.579143+00:00
50040,146,-430.256205,600,0.38,1.7670656299999963,0.0016481445908236006,39.807433938980104,1.5210916633407274,0.0003,,,0.08264078043800087,-0.007615733686759649,0.7945896340888384,0.13830405498564716,0.09167671450735859,0.802878833454453,0.11413194657006077,0.35234532146284564,False,2026-08-07T11:24:54.816438+00:00
55044,161,-483.627797,600,0.34,-46.568701430000004,0.0047182178997900335,13.746036190787951,1.5309278515477975,0.0003,,,0.1786531564768491,0.10470703719500245,0.8068123920231911,0.13369642692037692,0.0744863631292327,0.8028779023921473,0.054312769051670144,0.33551900851691846,False,2026-08-07T11:24:57.826447+00:00
60048,175,47.697515,27,0.36,-35.98642280999999,0.0031668766862518777,52.415749888618784,1.5226303475598495,0.0003,,,0.15394142356121224,-0.20020713596311576,0.8510114552131516,0.26605716290542675,-0.20507024015920322,0.7928949065113798,0.12637690463105694,0.11943785128557796,False,2026-08-07T11:25:01.899597+00:00
65052,189,45.18933,17,0.31,-74.92232704000001,0.002911374895484187,14.353239411115647,1.5139614800612131,0.0003,,,0.0829919301267927,-0.018717028900295307,0.7992747686232113,0.13797333201517667,-0.005038281361311024,0.8028808341923821,0.0567720564779577,0.25591141450452665,False,2026-08-07T11:25:06.010965+00:00
70056,203,1606.535029,600,0.3,-66.66572292,-0.00249078407844839,61.29922442237536,1.4808178678154946,0.0003,,,0.08317768600519657,-0.007329361523993983,0.794905408330729,0.14849176616716542,0.0962554124815567,0.8028982654744709,0.12271764436504379,0.3564412411160573,False,2026-08-07T11:25:09.245166+00:00
75060,213,-112.636678,600,0.28,-76.39723397,-0.005214694190847998,62.747716933488846,1.4628829225897788,0.0003,,,0.08260309114649747,-0.007125439901793748,0.7942637940985623,0.1724124637102305,0.09574710539297487,0.8028789387951266,0.13683093471089922,0.3559635827593016,False,2026-08-07T11:25:13.482980+00:00
80064,221,-324.739039,600,0.25,-82.63295862000001,-0.0005722095355546723,11.557074426611264,1.4845893072585266,0.0003,,,0.08209539961408574,-0.007015369989344541,0.7936240379525789,0.1547780314286119,0.10615365731100078,0.8029027498184416,0.13481872348261564,0.3661908924563559,False,2026-08-07T11:25:17.739497+00:00
85068,238,-312.479183,600,0.28,-63.63051179000001,-0.0005990490501668925,49.95847621162732,1.4984484595557055,0.0003,,,0.19152096793963286,-0.14344738351345446,0.8595284174204969,0.17220501538807337,-0.047782363035211196,0.8028922454338349,0.11283863763525136,0.2125683133478318,False,2026-08-07T11:25:21.002658+00:00
90072,247,-153.537068,600,0.29,-64.87523505999998,-0.0026010168570792303,32.3878507355849,1.4988109519084294,0.0003,,,0.17923972124431242,0.1048553583215851,0.8063647225801005,0.1817757927846923,0.01352450497210218,0.8028955457026403,0.09143189607904774,0.2743899414549218,False,2026-08-07T11:25:25.200651+00:00
95076,259,-156.696502,600,0.27,-68.57182664999999,-0.002143694336215655,16.300979499022166,1.5244027401010196,0.0003,,,0.0829515352722272,-0.007471658258397237,0.7947990651138008,0.13851630473974041,0.09745928732819363,0.8029057141782182,0.11901119572009854,0.35810430220707457,False,2026-08-07T11:25:28.339103+00:00
100080,270,62.711181,24,0.27,-75.23097628000001,-0.006310713852872141,69.78944420615832,1.4852197125554085,0.0003,,,0.1786442035459624,0.1046797088088078,0.8068151466572148,0.141179450429981,0.12341145046324907,0.8028769831385949,0.0420713085528553,0.38387309547876636,False,2026-08-07T11:25:33.083884+00:00
105084,281,-530.020956,600,0.24,-93.70818080000001,-0.0031411298448801974,70.4691771864891,1.4784920287628969,0.0003,,,0.18214060841751128,-0.07825769458554753,0.8123193522612939,0.185079966131373,-0.07791866491218825,0.7974070661820127,0.015202994474766479,0.18380048228584933,False,2026-08-07T11:25:37.454808+00:00
110088,302,48.296198,24,0.29,-53.462513990000005,-0.002787475834581225,80.61411031881968,1.4756416862209638,0.0003,,,0.17865551583032258,0.10471145173939847,0.8068067138421902,0.1341988543826991,0.04538693383215852,0.8028829573385785,0.07423738301620471,0.3064749230696899,False,2026-08-07T11:25:40.515765+00:00
115092,324,48.352963,26,0.42,-13.986983049999997,-0.008441563511344915,149.3078265408675,1.4591369519631068,0.0003,,,0.14312090160025032,-0.21153129483472446,0.8001713072237249,0.14333176689542626,-0.21154211013334273,0.8086182253602524,0.008449556624379274,0.05124448346073452,False,2026-08-07T11:25:44.746154+00:00
120096,344,-195.485745,600,0.44,6.03968135,0.002369147093850188,120.54515659014383,1.4425584649046261,0.0003,,,0.17456188681066392,0.07630724743574638,0.805689881268139,0.14818880271341794,0.0985545661885223,0.8029389514487617,0.03461286424668094,0.3587490506133528,False,2026-08-07T11:25:49.151682+00:00
125100,359,-11.374315,81,0.48,34.92619072,-0.004957962862681598,167.37331664164861,1.4445933307210603,0.0003,,,0.17870574303686088,0.1046714562879476,0.8067798602414352,0.13386570541618562,0.08218798387761628,0.8028894701804854,0.050311734618039554,0.34318452421929135,False,2026-08-07T11:25:52.170639+00:00
130104,374,-153.857495,600,0.52,52.90637836,0.0019475849335625147,67.1533781449,1.439334641645352,0.0003,,,0.14327890869135548,-0.2164112144988631,0.7998271233860111,0.14323630181578298,-0.21597827810034664,0.8093175990938699,0.009500440959895697,0.04710555780183419,True,2026-08-07T11:25:56.535831+00:00
135108,389,396.667443,600,0.53,40.820012870000006,-0.0026729020746036744,198.86586518088976,1.453626349568367,0.0003,,,0.20485367677478195,-0.05050019016995454,0.8353089331406734,0.13850825508000805,-0.014945542050640232,0.802888750482491,0.08195679487593173,0.2459950862528773,False,2026-08-07T11:25:59.773650+00:00
140112,405,59.24496,27,0.48,90.60472981999999,-0.00725519676101006,538.9582106272379,1.4504971206188202,0.0003,,,0.08318017911627407,-0.008748211363912031,0.7953745114994994,0.16449814440323204,0.06120529274773705,0.8029032264457765,0.1075303946084627,0.3212367871091849,False,2026-08-07T11:26:04.004296+00:00
145116,413,-428.318516,600,0.42,82.00280916000001,-0.0005846930240901808,132.7775160729885,1.4367962072292964,0.0003,,,0.14232346381930092,-0.18577138235589075,0.8064187645505501,0.14147359804030102,-0.1850896055991807,0.817102724899655,0.010739371496021123,0.07716731664933439,True,2026-08-07T11:26:08.283715+00:00
150120,423,1343.223457,600,0.4,106.38382711999999,-6.591093891377871e-05,144.6780251423518,1.4053398318588735,0.0003,,,0.09730060338651175,-0.09951971989730865,0.8342955706179368,0.1556486581119766,-0.06646659964704865,0.802885170031777,0.07405145179877987,0.19358231124873526,False,2026-08-07T11:26:11.318304+00:00
155124,444,58.046942,33,0.39,80.42185088000001,-0.0029592069312154006,61.355671826998396,1.4114280539254347,0.0003,,,0.17718632572381832,0.1001532331303605,0.8067392739716039,0.18557640225490313,0.1289380307308936,0.8038302304156957,0.03012342097955158,0.38977807031839307,False,2026-08-07T11:26:15.425006+00:00
160128,453,-56.657822,600,0.37,70.92234703000001,0.001541642730201905,42.37177953273058,1.4540204746027787,0.0003,,,0.17864944998024912,0.10469573802346535,0.8068141735283566,0.136759169433091,0.103604098528565,0.8028945767684557,0.04208741521959583,0.36434609463010603,False,2026-08-07T11:26:19.266894+00:00
165132,469,-87.837209,600,0.35,69.75881332,-0.00282506760462032,160.09630896250408,1.4675876371562482,0.0003,,,0.16226414403629427,0.049837671061616066,0.8045458291242029,0.13668248159192115,0.06978500703714197,0.8033629258447239,0.032461006239902085,0.33060831437094695,False,2026-08-07T11:26:22.264894+00:00
170136,485,-36.111529,600,0.36,65.16961400000001,0.007949488320931172,18.15907873014609,1.4663557067513466,0.0003,,,0.19165697649338936,0.09927179396588193,0.8360470711202833,0.18461621795520802,0.031474976889637414,0.8029045635666657,0.07579186297620828,0.29251259859915946,False,2026-08-07T11:26:26.246762+00:00
175140,498,148.98099,50,0.39,55.92934375,-0.004405079398323627,80.10251437226931,1.487740291406711,0.0003,,,0.17867957395534356,0.10460625402649025,0.8067728355899876,0.18735837592593582,0.12685305704308544,0.8308145554937584,0.03388578085326224,0.38781924717177924,False,2026-08-07T11:26:30.633060+00:00
180144,524,46.881273,28,0.5,38.132528920000006,-0.007967575033156512,277.2957511583964,1.49334289804101,0.0003,,,0.17719185868459728,0.10019223255119089,0.8069421482610577,0.18859380730701383,0.11667574569651562,0.8311943153286093,0.0314623305791665,0.3777594779914023,False,2026-08-07T11:26:36.511739+00:00
185148,539,775.197749,165,0.52,82.01959037,-0.006890872798491424,153.77545391718547,1.508026301364104,0.0003,,,0.1773447908531606,0.10061561533549325,0.806658297032099,0.18609575937038947,0.1290628685433263,0.8117738416882382,0.03019924605332147,0.38993705176127963,False,2026-08-07T11:26:42.415232+00:00
190152,557,80.537949,36,0.55,96.83797858999998,-0.0036867256761373333,162.9993330558141,1.491843978315592,0.0003,,,0.17866602677658064,0.10460129704414314,0.806766517439157,0.13658172271291988,0.10250618383129244,0.8028987322145912,0.042313566505799115,0.36326181884010517,False,2026-08-07T11:26:46.422756+00:00
195156,573,1832.568235,600,0.57,126.91322486000001,-0.00789188900089357,427.98449350992837,1.4404753384490807,0.0003,,,0.18214166741019747,-0.07825819209474047,0.8122366789197051,0.18509473581318253,-0.07815205693658864,0.7974122904750811,0.015116030246781242,0.18357129449324894,False,2026-08-07T11:26:51.835717+00:00
200160,594,-144.748168,600,0.58,148.63430658999997,0.0011789761406059067,134.02100240389507,1.4339869178831577,0.0003,,,0.14328440628266492,-0.2174142356255265,0.7998448470695122,0.14357902998700503,-0.21764886392899208,0.8145498472309073,0.014709822681275794,0.04542319872788253,True,2026-08-07T11:27:15.617243+00:00
205164,604,420.86737,99,0.57,147.71084990999998,0.009971580597145173,119.49953159789244,1.4491161411007245,0.0003,,,0.14313699148062506,-0.21161482174841967,0.8000977207604406,0.1436752860358207,-0.2120636818525611,0.8133858029767763,0.013306553475988452,0.050639775705908795,True,2026-08-07T11:27:20.072292+00:00
210168,619,-78.571768,600,0.55,181.24200535,-0.0028875819203676655,354.02343615690864,1.4485648974776268,0.0003,,,0.15249588516398618,0.03484498751817494,0.8092832345159525,0.16438789753250865,0.06663212203020831,0.803440970994822,0.03443797209055037,0.3266615936817683,False,2026-08-07T11:27:25.296892+00:00
215172,636,58.26478,29,0.54,189.98487423000006,-0.006040899315848947,457.3450555086136,1.4479396693408488,0.0003,,,0.16341186751369055,0.05872085571958013,0.8032892324823422,0.19157962375316456,0.055238452947936265,0.8121277969682587,0.029726584782010932,0.31681627933772544,True,2026-08-07T11:27:30.464306+00:00
220176,652,-145.650132,600,0.53,165.54349296,-0.0008706614704957852,349.389634402593,1.4533801500995953,0.0003,,,0.15390594288701784,-0.09421039604921232,0.8367678384640882,0.18699783969879102,-0.08698251445469854,0.8028951827581409,0.04790274221293601,0.1751112036758934,False,2026-08-07T11:27:34.489597+00:00
225180,668,-120.122116,600,0.51,153.40262449000002,0.003753566100688962,161.76225115259487,1.4558755854765575,0.0003,,,0.14404673234718438,-0.24144541626523391,0.8010813259689713,0.13576977814986277,-0.2035067372385974,0.8125308888766448,0.04048387120629006,0.06147025612713636,False,2026-08-07T11:27:39.682413+00:00
230184,693,45.871863,29,0.54,134.69023328,-0.0035330440407657687,530.0881700833638,1.4634686765571436,0.0003,,,0.14142016990970485,-0.06422300512240432,0.802471344324966,0.29099957117499603,-0.06723518417606739,0.7928870968264935,0.14991640439140172,0.2330647160504299,False,2026-08-07T11:27:43.635825+00:00
235188,710,127.350906,40,0.54,122.30791049000001,0.00665691863784256,39.508461270729704,1.4519070980449518,0.0003,,,0.1431074172124317,-0.21108503057064845,0.8002001976086208,0.14337395224297286,-0.2114809423386421,0.8109031489472629,0.010713587373418935,0.051288638316542595,False,2026-08-07T11:27:48.979575+00:00
240192,721,64.666733,49,0.53,97.29019706999999,0.011121471868439889,29.919363311926524,1.4378527534504733,0.0003,,,0.17762181494313956,0.10161576275916565,0.8063389359396358,0.18931386395874383,0.12685522332504884,0.8027937632510924,0.028041088231943845,0.38796425922250255,False,2026-08-07T11:27:54.489195+00:00
245196,735,1559.899125,600,0.51,101.99242837,3.3103922032751146e-05,35.55917362670104,1.4362724080681801,0.0003,,,0.14521036338049498,0.0033973839634703087,0.7993470615056271,0.1568153024143501,-0.029494758511151208,0.80302022583925,0.035072208125125154,0.230527240586757,False,2026-08-07T11:27:58.857188+00:00
250200,746,-19.244745,600,0.48,121.93592054000001,-0.004286487907908546,128.02527016798655,1.39400616462032,0.0003,,,0.17870740739046279,0.10467626934055774,0.806781391226697,0.14465181723395748,0.12161974914196143,0.8028863096763741,0.038236584431302206,0.3819282650569259,False,2026-08-07T11:28:04.126215+00:00
255204,770,57.09056,37,0.5,125.26172943000002,0.00165800063793237,143.91403714021047,1.383927097171545,0.0003,,,0.14347313729754005,-0.22426684119423868,0.8000189732832834,0.1351276775556281,-0.18614486656328766,0.8130273775619837,0.04113575366934286,0.07793082290551918,False,2026-08-07T11:28:09.556081+00:00
260208,786,-7.704646,600,0.46,146.62502998,-0.004614707611229581,345.85267203648885,1.3744641525050005,0.0003,,,0.14585865273141066,0.03628425617573344,0.8016336691480015,0.13838399891279254,0.08410950910332067,0.8029056520909202,0.04842254854820169,0.34478776915420084,False,2026-08-07T11:28:13.727533+00:00
265212,799,291.908521,101,0.46,152.04183744,-0.007104626088888229,162.30586587587993,1.3682976342737674,0.0003,,,0.16529497880223992,-0.07819159348082418,0.8082742068284239,0.14329870860611663,-0.07211262001172548,0.7971953204379777,0.025367923538028917,0.18862820757532972,True,2026-08-07T11:28:18.958694+00:00
270216,819,-138.805372,600,0.51,162.94078072,-0.0063446231123331625,309.5354454835256,1.3469657969971498,0.0003,,,0.16811607674071927,-0.05109254695096078,0.8171905248889113,0.17191259171174247,-0.059240324436759126,0.7973136084399084,0.02181494009627183,0.20111279714018304,True,2026-08-07T11:28:22.859733+00:00
275220,834,47.665091,27,0.53,174.33629575999996,-0.008025982121762355,351.0915928522746,1.3381490021944047,0.0003,,,0.17739482674646587,0.1005055778875309,0.8067743649288284,0.1864884192367421,0.13110461558254188,0.8041726930980655,0.03202753859657181,0.3920005825041964,False,2026-08-07T11:28:27.742527+00:00
280224,851,-79.429599,600,0.55,171.55410422999998,-0.0030839697351135935,474.57690370877583,1.2892128611604372,0.0003,,,0.17918678082367823,0.10470095947218305,0.8063788737214602,0.18181445628747314,0.056245826461472755,0.8028854055378255,0.04865191582434062,0.31699730796556935,False,2026-08-07T11:28:32.650818+00:00
285228,872,78.660111,40,0.57,184.62301761000003,-0.002199504398837841,322.34468603928883,1.2932097040116788,0.0003,,,0.17470647854949953,0.08445204123975011,0.805924813467605,0.13715192229926434,0.1008979471979729,0.8029963857848035,0.04110216790671977,0.36162046809649717,False,2026-08-07T11:28:36.481709+00:00
290232,886,55.375315,39,0.58,163.05756796,-0.0027408819771759835,312.50601015090945,1.2550833461185296,0.0003,,,0.19161885610819684,0.09781076487398117,0.8362354818039539,0.16330520634997278,0.12043227703005985,0.8028850122074292,0.04925088219684712,0.38044663462211376,False,2026-08-07T11:28:41.324825+00:00
295236,902,-109.988386,600,0.59,155.04356992,-0.0027599074761383235,237.67719128926595,1.2511837422847747,0.0003,,,0.17732709830849858,-0.01386533950588257,0.8097007356732621,0.18687445745334869,-0.016218570607702168,0.79611324398295,0.01677228945891475,0.24525827566050398,False,2026-08-07T11:28:46.414813+00:00
300240,917,0.854621,19,0.53,156.95224846,-0.0011169041914399712,161.19579520225525,1.2524760137001674,0.0003,,,0.1820943979559993,-0.07826406108632367,0.8130084252920328,0.18225042041851605,-0.08099293715627667,0.7975087140902505,0.015738874005233893,0.18038461618646262,False,2026-08-07T11:28:50.314295+00:00
305244,930,-175.236844,600,0.53,165.83129567000003,-0.003646341005029778,207.4162075440089,1.2524194993078708,0.0003,,,0.17866700514516942,0.10474840038232838,0.8068092927040419,0.1381474077302758,0.107286159244508,0.8028824031090238,0.040788459845881475,0.36793567177088027,False,2026-08-07T11:28:55.047918+00:00
310248,944,374.205562,100,0.53,167.46293344999998,-0.0012695439528518668,169.52636991341907,1.2522089876234532,0.0003,,,0.14387855420660772,-0.23835780008441998,0.8008843423683432,0.1382598100176276,-0.19235804702066914,0.80287747401859,0.04638448169336884,0.07104976891818617,False,2026-08-07T11:28:58.691622+00:00
315252,961,-79.358695,600,0.49,153.4659196,0.0004978097524144687,181.9696734805902,1.1877547683815162,0.0003,,,0.1767594036508039,0.0992997556459881,0.8066376249777945,0.18832931046857523,0.12824377153814104,0.8115211492376206,0.03155103182042426,0.38927596377092843,False,2026-08-07T11:29:03.670995+00:00
320256,972,111.567413,51,0.45,149.57077431999997,0.0006550716022805621,119.01785114208857,1.1860645900170008,0.0003,,,0.17878145591484307,0.10466062315008773,0.8067197420452441,0.14475937807079664,0.12162203996656397,0.8029018991351985,0.038206902069317046,0.3819262467349301,False,2026-08-07T11:29:08.509130+00:00
325260,991,239.873252,64,0.5,186.81307519,-0.0044579542280795675,375.6399387836456,1.1727845186988513,0.0003,,,0.178766547486512,0.10480760815595849,0.8067074410837796,0.14013464273344042,0.11559619736346163,0.8028946157627211,0.04029088431478703,0.3761211718226195,False,2026-08-07T11:29:12.568219+00:00
330264,1006,237.794883,73,0.48,178.31418835999995,-0.005858402470281968,237.75008962551752,1.1420644434789817,0.0003,,,0.1786865703390555,0.10479238880679574,0.8067859626356302,0.14012388177196278,0.11256870459057006,0.8028902307550646,0.03953136430199211,0.3730985120797326,False,2026-08-07T11:29:17.378665+00:00
335268,1021,-90.061322,600,0.5,187.35734251000002,0.008315027465384144,64.00134427249432,1.120305306216081,0.0003,,,0.17864504035143344,0.10469077794704056,0.806796471543215,0.1880945248241955,0.1236544390009343,0.8305613712653729,0.03183839908305941,0.38468172674331563,False,2026-08-07T11:29:22.490921+00:00
340272,1042,341.971831,87,0.52,182.94791587,-0.003237782567642474,282.0454309344292,1.1174413154522578,0.0003,,,0.14359013095692952,-0.2287794853478147,0.8002752363286589,0.14328096199499527,-0.22809949463286724,0.8158690723167059,0.015611716550128218,0.03601622515604959,True,2026-08-07T11:29:26.460351+00:00
345276,1065,478.743008,111,0.61,231.01844622000004,-0.006095143298928936,737.9952493190765,1.0832689975698788,0.0003,,,0.17913990355524367,0.10457060561282003,0.8064012817081792,0.14075712342411653,0.11365729778698393,0.8028857845375711,0.039600056889088096,0.37415246155596177,False,2026-08-07T11:29:31.488601+00:00
350280,1085,48.163465,26,0.59,201.25087310999996,-0.004880859481636435,331.4688202381134,1.0660841966668764,0.0003,,,0.14271731642772126,-0.20079783710499588,0.8009473635301884,0.14401396074628,-0.2010584651355549,0.817596193954606,0.016701280428762916,0.06107092584199191,True,2026-08-07T11:29:36.331158+00:00
355284,1105,47.746539,28,0.61,211.76968322000005,-0.0014249252878168288,367.3301406741142,1.0466271929442883,0.0003,,,0.17715626244531357,0.1008299555550726,0.8065593711551045,0.18858355546170205,0.12857123303935353,0.8114984785168708,0.030406517125006735,0.38962112723587744,False,2026-08-07T11:29:40.349541+00:00
360288,1116,623.630572,147,0.61,192.44304588,-0.000846732672653161,287.8564617315928,1.0317740164697171,0.0003,,,0.17876047270324796,0.10469713219452834,0.8067167112392841,0.1369510178010431,0.1046505330192396,0.8028986664165102,0.041983450989304706,0.3653782516949023,False,2026-08-07T11:29:45.276156+00:00
365292,1133,59.547142,29,0.61,202.3612889999999,0.0021812903442575285,206.17899374564487,1.0247960140307744,0.0003,,,0.14349341255835724,-0.22511009505519397,0.8000651093011351,0.13370551056110416,-0.17888668989048512,0.8024372678484984,0.047307857134967476,0.08526880585404334,False,2026-08-07T11:29:49.463327+00:00
370296,1151,182.603593,55,0.58,229.78531231000005,-0.004302969725540606,433.98139165242515,1.0037211942176023,0.0003,,,0.14352919719779783,-0.03596251453239988,0.8007026068966868,0.13790409502637452,-0.07501495849884995,0.8031616252969129,0.03953203670043228,0.18630001233436808,False,2026-08-07T11:29:54.465472+00:00
375300,1163,464.212114,113,0.54,207.77348588000004,-0.0018300900148460642,201.5861324151357,1.0198570795357227,0.0003,,,0.17838021570098495,0.10340996849756418,0.8067265991965831,0.13661468842288974,0.10223579844277235,0.8028841413179445,0.04195834156260227,0.36298987103090263,False,2026-08-07T11:29:59.220286+00:00
380304,1178,124.639783,49,0.55,192.60029858999994,0.010744715586770325,141.30851368506748,0.9982106365263462,0.0003,,,0.17714937421164734,0.10083667718632326,0.8065469431826658,0.18846540823825517,0.12845256553594048,0.8119630313734193,0.030331896193938966,0.3894941272184019,False,2026-08-07T11:30:03.334464+00:00
385308,1194,-148.750771,600,0.52,181.79900303,0.0021319440924950565,54.471634701887766,0.971754710872968,0.0003,,,0.17575786550526243,0.09540575746649411,0.8070694722238801,0.164553682243327,0.12808099383973554,0.8034822992507121,0.034728556038995634,0.38810770902110414,False,2026-08-07T11:30:08.337188+00:00
390312,1204,68.192909,37,0.49,161.1651459,-0.0013509073808866863,123.37533786098162,0.9746659667541583,0.0003,,,0.17866416700140703,0.10473987123753517,0.8068094742947449,0.14498029053763586,0.12059804836242137,0.8028864501655314,0.03743628498755255,0.38089429779089357,False,2026-08-07T11:30:13.684033+00:00
395316,1217,-71.930776,600,0.48,165.21721375,-0.0044685032141084475,136.3234156370163,0.9726691688100497,0.0003,,,0.14192761054928416,-0.05580590542429382,0.8166074308747262,0.1793492883835769,-0.0825041024766464,0.8028971298241532,0.04797028301643829,0.1785474407505514,False,2026-08-07T11:30:17.525500+00:00
400320,1235,-155.102373,600,0.47,139.07754355,-0.0032013427509809842,187.98818799654643,0.9544892588009437,0.0003,,,0.17489449193783452,0.09263703910030541,0.806927855401593,0.13682870394519156,0.10128527538483297,0.802900431204282,0.039243042083902537,0.36202756686577636,False,2026-08-07T11:30:44.005408+00:00
405324,1250,1207.730951,261,0.47,112.20015466,0.001014443102273314,91.47471264501412,0.9476516169806322,0.0003,,,0.08350323949963259,-0.008208597732766568,0.7957384839448074,0.13851946977474988,0.09179435663862995,0.802890259874362,0.1143613762405774,0.35244954609354434,False,2026-08-07T11:30:48.134280+00:00
410328,1266,771.21323,179,0.48,112.43796253,-0.0038764981465646995,367.485808857282,0.9255350741247336,0.0003,,,0.1668663099489784,0.033693247817548296,0.8029165510340759,0.18688472472742515,0.0013513183642779878,0.8030417452927832,0.03803620649597778,0.2627304703197092,False,2026-08-07T11:30:52.898009+00:00
415332,1278,1330.643952,600,0.45,129.76695229999999,-0.002142777842042657,201.2310369849205,0.9401139259338379,0.0003,,,0.14425595909919922,-0.24651799074444847,0.801400956719809,0.14347168513417974,-0.245725084705816,0.808573340061379,0.007258572065960221,0.021839377256685312,False,2026-08-07T11:30:57.632979+00:00
420336,1291,-76.203905,600,0.44,163.75832822,-0.005990501882236762,224.64220096270245,0.941676523288091,0.0003,,,0.17544975427638138,0.09475658792382567,0.8067782973243095,0.1373998406517573,0.10306752856142318,0.8028751576433999,0.03914207659912428,0.36377025372928146,False,2026-08-07T11:31:01.529372+00:00
425340,1306,-89.430833,600,0.48,195.77760645,-0.003082611714004694,562.3345627307892,0.9207320212076108,0.0003,,,0.17862817588939556,0.10464435339501052,0.8068049623684402,0.18813871341732533,0.12355599776407454,0.8305326746843376,0.031797876478754,0.38458677904158006,False,2026-08-07T11:31:06.529528+00:00
430344,1329,-146.715426,600,0.54,183.17528086000002,-0.0004205508914310485,580.6319123824437,0.9301504030823707,0.0003,,,0.17720674591895913,0.10021564147843863,0.8067343756363974,0.18557503749614174,0.12894919724163653,0.8038278311583468,0.03006814812256377,0.389789123216442,False,2026-08-07T11:31:11.590632+00:00
435348,1344,293.936563,87,0.54,189.73881777999995,0.008677023547837356,262.90440956354144,0.94573223143816,0.0003,,,0.19076782042736,0.09429979209216682,0.8342556534070916,0.14794251392869118,0.08349715144286197,0.8028842104602336,0.054174452966974276,0.3437087080941073,False,2026-08-07T11:31:15.478054+00:00
440352,1358,-13.150146,600,0.52,181.15254336,-4.898247473950808e-05,312.53476925293603,0.9234803507725398,0.0003,,,0.0922385726326536,-0.17590364469007397,0.8593252032066963,0.06260008368866248,-0.1499271189125326,0.7928978348759892,0.07723868966844129,0.1469788517044248,False,2026-08-07T11:31:20.439901+00:00
445356,1380,-222.583951,600,0.58,150.73474421,-0.004333449056139216,385.8293489297231,0.9198490854352712,0.0003,,,0.17732550665500324,0.10058723419986017,0.8069309222692851,0.1883814505708073,0.11841414963139031,0.8335772088329366,0.0339124961821534,0.3794769760838613,False,2026-08-07T11:31:24.295751+00:00
450360,1391,1863.148724,600,0.58,168.96498443000002,0.005886599683920698,132.51596589436133,0.9286971461027861,0.0003,,,0.1820748870124357,-0.07820962396599927,0.8162147060610241,0.18285248140782823,-0.0778871383551666,0.7979005407270444,0.018333502172069655,0.183541086089642,True,2026-08-07T11:31:29.179287+00:00
455364,1403,56.554338,37,0.54,139.79623731,-0.002918171500399088,145.57700893084208,0.9411954419066508,0.0003,,,0.17873198488994296,0.10479880792839137,0.8067519734046251,0.13363379618719382,0.08407420527510318,0.8028842095590257,0.04978268149237018,0.34508293994225836,False,2026-08-07T11:31:33.999608+00:00
460368,1424,2.963059,14,0.54,127.09194116,-0.004136704481303847,201.6705938855807,0.9373018371562163,0.0003,,,0.17870711725195876,0.10478928161968958,0.80673486994122,0.14229524020763318,0.115927446671682,0.802877672178519,0.03827220251301321,0.3763441293289902,False,2026-08-07T11:31:37.777609+00:00
465372,1445,-167.68138,600,0.54,112.24817311000001,4.824419690218444e-05,194.5040144647161,0.9546984196950992,0.0003,,,0.08389113645326386,-0.22605619068984545,0.803423351891789,0.1484432306876249,-0.0075028255983981005,0.8029064515908485,0.2278877211452131,0.2527615120973374,False,2026-08-07T11:31:42.507549+00:00
470376,1458,419.705737,600,0.54,121.55991359,-0.002098713823700867,223.54417692422868,0.9387975621968507,0.0003,,,0.17604048688425775,-0.07501396605370637,0.8577704050512255,0.1752511481114344,-0.07719583495813093,0.8024169523674084,0.05540206071649279,0.18343925500113606,False,2026-08-07T11:31:47.500514+00:00
475380,1469,47.153705,30,0.51,103.79769963999999,0.0031932643706871506,63.09803601702054,0.9567734797795614,0.0003,,,0.1787075121040593,0.1047020890254733,0.806763100066722,0.13651933357827603,0.10213410362896923,0.8029002435469715,0.0424424153037053,0.36289454488427536,False,2026-08-07T11:31:51.336256+00:00
480384,1491,-320.588415,600,0.53,80.07924297,-0.0007159869826864451,294.40464595953625,0.953694332887729,0.0003,,,0.08286686108809396,-0.009294451234044206,0.7950225035401768,0.14685241668829735,0.029648829425356002,0.8029062606457016,0.07531855057077536,0.2899470698841724,False,2026-08-07T11:31:56.185798+00:00
485388,1505,69.377808,32,0.54,70.79584189,-0.006380162553008025,243.7346182823181,0.8854056059072415,0.0003,,,0.1634747791245359,-0.1585858550241731,0.8337002479897668,0.1619563190562783,-0.15874049759429606,0.8444059403071589,0.010813948552589575,0.10127839854431309,True,2026-08-07T11:32:00.823103+00:00
490392,1518,364.96071,88,0.52,81.52249158000001,-0.006191142817260698,343.08145519097644,0.8777077130973339,0.0003,,,0.12231896694829403,-0.12606668368210275,0.8563355594113627,0.1526013450694393,-0.07646946877816704,0.8028948624209367,0.07894817442931619,0.18367960144052392,False,2026-08-07T11:32:04.679688+00:00
495396,1533,32.717465,33,0.49,85.82464033999999,-0.001939151260497359,161.80078848501046,0.8807574757685264,0.0003,,,0.17864182386024613,0.1046725079430072,0.806815353709796,0.14091379520534728,0.1203684915371395,0.8028972841898895,0.041050204822082915,0.3808470461585627,False,2026-08-07T11:32:09.665849+00:00
500400,1546,262.002872,71,0.49,69.99009015000001,-0.0023004997182094183,116.6812178393205,0.8852794377754132,0.0003,,,0.1916502143832764,0.09940111780561003,0.8360036037814835,0.15957664973057623,0.08751979053897763,0.8028997854089664,0.047599813844051535,0.3475200484025425,False,2026-08-07T11:32:13.493283+00:00
505404,1567,57.600994,32,0.55,87.72912722999999,-0.002422062977469371,223.65895855426788,0.9016781974583864,0.0003,,,0.08334067770354156,-0.03783236254408236,0.816050957015258,0.14529548100067602,0.10958926801653551,0.8028857040190831,0.16045204484577694,0.3698816701487112,False,2026-08-07T11:32:18.322892+00:00
510408,1580,68.029901,40,0.51,95.53401109,0.021797160687856375,50.04993685334921,0.8770527801165978,0.0003,,,0.14451305156169122,-0.1934385845036955,0.8006696469816958,0.14698342248394838,-0.1941443607843479,0.8123700823345202,0.011979191963462645,0.06712969914079397,True,2026-08-07T11:32:23.200983+00:00
515412,1592,146.903197,55,0.47,102.89634068000001,-0.0026619849503428366,112.10265425244967,0.8635678049176931,0.0003,,,0.14381550281997574,-0.2364022658264973,0.8007621613623216,0.1750052699363149,-0.3065405255309992,0.8026182312087907,0.07678295411367422,0.04889967937076135,False,2026-08-07T11:32:27.193992+00:00
520416,1610,56.916268,36,0.51,128.22986371000002,0.001020571390351203,128.37250011563302,0.8412526247402032,0.0003,,,0.08216025259787817,-0.26856019500085776,0.7669245500790869,0.1818489954656704,-0.0017654025660510447,0.8026876052772532,0.28704756198581355,0.2591572609724307,False,2026-08-07T11:32:32.044764+00:00
525420,1623,-149.1163,600,0.5,137.50121535999997,-0.00145276767774097,255.21104385058086,0.880971564228336,0.0003,,,0.1389769945810972,-0.0788678415828037,0.8123267312256506,0.18421025440897976,-0.019964075944284603,0.8029036578341251,0.07486317995648056,0.24125376941268442,False,2026-08-07T11:32:36.835177+00:00
530424,1636,-134.120409,600,0.5,122.23945006,0.0015952386665352,198.28626804947854,0.8882853525380293,0.0003,,,0.17729438947881604,0.10012178772008237,0.8066577003534232,0.18559912620509775,0.12893476896645134,0.8038290952803939,0.030119056211236585,0.38977630735262936,False,2026-08-07T11:32:40.597463+00:00
535428,1645,-318.411303,600,0.47,111.42822896999998,-0.004372603814408649,78.18090642293295,0.9322571098804474,0.0003,,,0.10394883857332082,-0.14200828401336466,0.8391610889062633,0.15885849748060685,-0.077575956933438,0.8028805413067571,0.09210251651485522,0.18242761445776967,False,2026-08-07T11:32:45.163918+00:00
540432,1658,-243.132575,600,0.45,132.21282219,-0.007476357670384459,439.66389592488605,0.9469361736128727,0.0003,,,0.1772405786287514,0.10012098423530222,0.8067048971956866,0.1855991473192952,0.12893238272710006,0.8038168392311419,0.03013806948718315,0.3897739276519845,False,2026-08-07T11:32:48.848495+00:00
545436,1673,-217.231079,600,0.44,112.30195148000003,0.0035969523732395222,104.70463053584099,0.9559113173435132,0.0003,,,0.14037656242473026,-0.07782738326623381,0.8195156546038722,0.15903393878916938,0.06597952344333508,0.802904408560642,0.1459604658984333,0.3259809549323502,False,2026-08-07T11:32:53.855449+00:00
550440,1687,193.529743,58,0.44,74.03804305,-0.000930287807326143,29.606375785668693,0.9802317700038353,0.0003,,,0.11641407709418483,-0.15100624868910845,0.8537338432961723,0.16978436522520696,-0.05843195355188743,0.8028837460463476,0.11833900525886742,0.2018053793925442,False,2026-08-07T11:32:58.368433+00:00
555444,1702,-141.943632,600,0.45,48.78880612,0.0024978546309284864,44.489539999763174,0.9921869804461797,0.0003,,,0.0846235634638475,-0.13423736315260326,0.8328836643542321,0.15531502581142193,0.02170044741643362,0.802899216434721,0.1738187295171071,0.28173940274261694,False,2026-08-07T11:33:02.069336+00:00
560448,1715,547.596824,122,0.43,42.569420879999996,-0.0038212025259175184,151.34072369535764,1.0038007172445456,0.0003,,,0.17562214127471792,-0.003145604430881894,0.801010500868349,0.17814110333412764,0.11392850237412797,0.8028817725090323,0.11711615307719439,0.3743683006317946,False,2026-08-07T11:33:06.503857+00:00
565452,1726,-174.630911,600,0.41,21.020660299999996,-0.008720556633973805,201.33972162803013,0.9976939618587494,0.0003,,,0.14225175492856124,-0.04613817252234015,0.7998024469933744,0.18615507608112963,2.3517811420411763e-05,0.8028172449899251,0.06377689448111729,0.2613356420770725,False,2026-08-07T11:33:11.177697+00:00
570456,1739,-184.157453,600,0.39,10.32078417,0.017114357459164845,54.26740317940712,1.0196786504238844,0.0003,,,0.1786668969737293,0.10470422021466996,0.8067799262438385,0.1370972614267808,0.10538688615012153,0.8028841053622725,0.041757371237025886,0.3661039633828554,False,2026-08-07T11:33:14.884239+00:00
575460,1749,-197.703082,600,0.4,16.387326210000005,-0.0006880746482541629,60.16003805597623,1.0495541237294674,0.0003,,,0.18827155339439242,-0.057206572234031035,0.8336208486159482,0.13483481871996392,0.11681823552368578,0.8028979654096225,0.18461856320610093,0.3776576081214848,False,2026-08-07T11:33:19.783386+00:00
580464,1765,-48.707057,600,0.39,6.881602920000006,0.0037366349111835006,39.69910005877416,1.0657769901057084,0.0003,,,0.14387761519599887,-0.07094519690568464,0.8027997665191171,0.15524383419507634,-0.022150420917511706,0.8028961016754811,0.050101201368164004,0.2378971277314646,False,2026-08-07T11:33:23.755154+00:00
585468,1778,295.664538,76,0.39,26.25903499999999,0.00398780256024717,68.87215870022774,1.067661457012097,0.0003,,,0.17873697720809692,0.10486129886532873,0.806724492860875,0.1864692772772837,0.03148678805131061,0.8028808559465315,0.0738808557495493,0.2926861292375356,False,2026-08-07T11:33:28.384784+00:00
590472,1789,79.262098,41,0.38,62.30522543,0.002642145104376444,112.67482000092666,1.0619350490470727,0.0003,,,0.17729470398406189,0.10013126481875345,0.8066481670252549,0.1855986601774849,0.12894749529146599,0.803817250707705,0.030122166494389885,0.3897889755962671,False,2026-08-07T11:33:33.013185+00:00
595476,1801,-151.666608,600,0.34,58.22775637000001,0.007085966034598338,120.88670212427775,1.0761193305253982,0.0003,,,0.17720969267619444,0.10022665958370813,0.8067154382938221,0.1855707268186582,0.12896204201162106,0.803830867105128,0.030065758699099814,0.38980165750787227,False,2026-08-07T11:33:36.900949+00:00
600480,1821,157.413836,58,0.38,78.41119176000001,0.013574752875623137,202.84902636806171,1.0872178410490354,0.0003,,,0.14280323644469364,-0.008430925315631237,0.8003223580510926,0.17060480437215092,0.028783779159323796,0.8028868432102192,0.0465235208525176,0.2889784299585571,False,2026-08-07T11:33:57.203503+00:00
605484,1834,341.832127,86,0.41,89.96215966,-0.005589294574747328,383.8321461637815,1.0895184280971686,0.0003,,,0.17864554051582582,0.1046837535582669,0.8068150298389637,0.1422555030863668,0.12542257400123957,0.8029050790902407,0.04206686596765593,0.3858308278513511,False,2026-08-07T11:34:02.265686+00:00
610488,1844,297.182691,74,0.41,71.44087414999998,0.015759624765390376,13.539169513682525,1.1171020542581875,0.0003,,,0.1558781622369894,-0.08961758638644748,0.8489460287307757,0.1376766116211592,-0.08109890649704342,0.8189950835694491,0.03606831667732171,0.1802884769619683,False,2026-08-07T11:34:05.775769+00:00
615492,1860,307.39723,73,0.43,69.53762758999999,0.004955830022663576,53.53961832622687,1.0997557456294695,0.0003,,,0.18212908636535377,-0.07825692373690642,0.8122859664416533,0.18521465100941717,-0.07826161550564116,0.7965474930229552,0.016038088313026996,0.18347920597208317,True,2026-08-07T11:34:10.326963+00:00
620496,1870,1061.258877,600,0.41,92.53987419,-0.004241565044503659,223.01935533682504,1.109423882762591,0.0003,,,0.1629891786181533,-0.0012284247787873633,0.8388096115778371,0.17989564015958615,-0.08067254345702408,0.8029001645899622,0.08880700883032097,0.18042775054722782,False,2026-08-07T11:34:13.984488+00:00
625500,1886,-70.73072,600,0.43,73.01424737,-0.00669125926894291,159.64372142950694,1.1193754546344281,0.0003,,,0.1786575529299309,0.10467771941825353,0.8067878538592278,0.14126744228214203,0.11783057211679503,0.802900989579897,0.03982619266625124,0.37829466021179514,False,2026-08-07T11:34:19.077169+00:00
630504,1901,48.225172,19,0.46,74.27896864,-0.005452390607873289,133.62566782037416,1.1034083381295203,0.0003,,,0.14379758508856164,-0.011327967609208945,0.8316678854245195,0.141004102924615,0.05627557985610313,0.8028974098545689,0.07352403305733518,0.31684552469462607,False,2026-08-07T11:34:23.878236+00:00
635508,1911,-122.116965,600,0.43,74.19439973,0.006669556979128781,27.0963021983703,1.0557749686141809,0.0003,,,0.17332626504180038,-0.07849033164443152,0.8087054357024538,0.1899153796639214,-0.054857473994782066,0.7976823658326772,0.030906613434481013,0.20731229079878039,False,2026-08-07T11:34:27.574039+00:00
640512,1925,126.003028,46,0.41,85.9278025,-0.005695564918763315,140.00759587287902,1.0737655910352866,0.0003,,,0.17862993441711292,0.10464961855151951,0.8068037890581015,0.18663417073327526,0.12630754393186872,0.830629115970581,0.033178000742544254,0.38722460865668384,False,2026-08-07T11:34:32.191381+00:00
645516,1939,228.625256,62,0.41,105.79040149999999,-0.004528840231553962,200.5103174686432,1.0913502772649128,0.0003,,,0.14110595071876766,-0.07737272288701566,0.8113189829129048,0.14048792817925804,0.023639248543733244,0.8029045256421355,0.1013637184368617,0.2843095922778397,False,2026-08-07T11:34:36.919822+00:00
650520,1953,1227.735537,600,0.41,119.18238523,0.0007933486973342952,91.31434168020884,1.0636414669454097,0.0003,,,0.1438300577926386,-0.23687232538026826,0.8007798520961087,0.14336681880102428,-0.23651358286429738,0.8095651040605135,0.008804767948912445,0.028779758627726283,True,2026-08-07T11:34:40.672460+00:00
655524,1965,1855.184836,600,0.39,157.12686014000002,0.0009477142297934431,118.62799373467763,1.06214667831858,0.0003,,,0.14383714541508477,0.017056686120111617,0.8008032042824657,0.16704673124391148,0.06545350078300809,0.8028775773535657,0.05371442606505751,0.32552977988678605,False,2026-08-07T11:34:45.372203+00:00
660528,1977,1520.700682,600,0.39,149.96223781999998,-0.002143275492320148,303.1871831814448,1.063489822546641,0.0003,,,0.1528549967434461,-0.12226383072747782,0.8689420137743522,0.19526170064149947,-0.12055614419721133,0.8339732534460155,0.05499144413164184,0.14383315491665905,False,2026-08-07T11:34:50.062362+00:00
665532,1990,1901.310825,600,0.39,191.86004609999998,-0.009517346013065737,377.78009530703224,1.0497289136052133,0.0003,,,0.15020164565606578,0.009095257495695267,0.8161089166404947,0.17257129603012494,0.03193600001553688,0.8028993457752194,0.03459181318115713,0.2922065461089956,False,2026-08-07T11:34:53.696039+00:00
670536,2003,-148.875459,600,0.39,189.11455699,-0.00606641293222007,157.08608308235804,1.042108979821205,0.0003,,,0.1565980105030591,-0.025479023537638226,0.8702776248751533,0.16530286277981723,0.05591975095452774,0.8029053790191605,0.10602148109542239,0.3159642533528633,False,2026-08-07T11:34:58.401837+00:00
675540,2014,594.949089,122,0.38,253.99624376,-0.006051015947014094,547.3608466307322,1.0134448831280072,0.0003,,,0.17864265458647788,0.1046750224714057,0.8068152803033877,0.1447599052327333,0.12161889772426358,0.8028838576452465,0.038086634092159344,0.38192308595946023,False,2026-08-07T11:35:02.443032+00:00
680544,2028,-297.190332,600,0.38,238.25778239000002,0.0007248280143054823,367.13652519782386,1.0004314098507165,0.0003,,,0.18215409606166022,-0.07826358434548733,0.8118429726783278,0.18518195333096263,-0.07890266706593933,0.7973085322617017,0.014860225590188804,0.1828397516116033,False,2026-08-07T11:35:07.558140+00:00
685548,2042,-148.34868,600,0.38,226.06407957000002,-0.007174802878580522,384.94969569047294,0.9950525597979625,0.0003,,,0.17718481825579513,0.1001486604223307,0.8067395710108374,0.1855766413595751,0.1289376658197894,0.8038307017054501,0.030127911434679078,0.38977772188336074,False,2026-08-07T11:35:12.300432+00:00
690552,2057,69.191514,35,0.39,264.17042958999997,-0.0035965893524310863,291.4888479153315,0.9829684942960739,0.0003,,,0.23709240770057038,0.0012021161827884055,0.8131323377411892,0.18570419577778421,0.007978113689990171,0.8028775908720841,0.052837697718468093,0.2692080516950189,False,2026-08-07T11:35:16.039212+00:00
695556,2072,47.276103,27,0.41,228.24475474,0.005441825541493017,111.95617918570836,1.0052939485758543,0.0003,,,0.17836642091446633,0.10381767646594424,0.8068422768145508,0.13665064901666707,0.10289889580645573,0.8028894247808989,0.04191270478183692,0.36364928264591373,False,2026-08-07T11:35:20.934421+00:00
700560,2088,159.927389,52,0.43,204.70908508,0.00897986459506986,276.1682072599729,0.9648100712647041,0.0003,,,0.14312456628546097,-0.21025581385365963,0.8001829816106725,0.14353227808613572,-0.21055813042327795,0.8078490708754624,0.007682873735549936,0.052112228241305895,False,2026-08-07T11:35:25.962414+00:00
705564,2098,-8.963174,25,0.41,157.31787176999998,0.004944298018623765,181.70821370283764,0.9531560129175584,0.0003,,,0.1505307729957199,-0.05252403378185861,0.8746255378655043,0.1386469198757055,-0.05757254754801148,0.8028953292762184,0.07288303149902299,0.20355055277988468,False,2026-08-07T11:35:30.355147+00:00
710568,2113,44.169617,36,0.41,113.02788996,-0.00306072825139078,114.9685355703036,0.932655428101619,0.0003,,,0.17861490194336652,0.10460203245142186,0.8068074461405782,0.1885894097709926,0.12762072148941733,0.83186879285403,0.03546014594616258,0.38867361381888293,False,2026-08-07T11:35:35.636618+00:00
715572,2127,1923.732407,600,0.41,144.59745524,-0.006902833678759634,183.20675476590793,0.9307225539038578,0.0003,,,0.08517579784774226,-0.268280924166444,0.7899801820273615,0.13820118284591107,0.07300587555979342,0.8028977169521314,0.3456229648476987,0.3337185964052079,False,2026-08-07T11:35:39.432026+00:00
720576,2141,-27.643392,600,0.4,157.03746637000003,-0.007198144903910967,224.73335635264715,0.9008632647494476,0.0003,,,0.1435267208352062,-0.22637978478895363,0.8001283419888026,0.14333169086762576,-0.2259294797796162,0.8171223568610368,0.017001098575310035,0.03792931422290644,True,2026-08-07T11:35:44.311810+00:00
725580,2153,365.766867,84,0.41,112.79177043999998,-0.0013447666472832982,150.60196637312572,0.9335080134371917,0.0003,,,0.13591707243994916,-0.12692088565782947,0.8379942961556066,0.150627748737899,-0.06812815328222262,0.8028959581644447,0.07003486779508214,0.1921006107658438,False,2026-08-07T11:35:49.136876+00:00
730584,2165,173.062967,49,0.39,124.83853253,0.006759262178578259,141.1293977757295,0.9523488130420447,0.0003,,,0.17138101828143257,0.08186516633621627,0.806732137866123,0.17904781265412184,0.11790145913225918,0.8028668519909129,0.03704503434108723,0.3783811992966843,False,2026-08-07T11:35:53.143366+00:00
735588,2181,-2.060432,600,0.37,124.10598790999998,-0.00546051533165155,187.29233835935594,0.9688805134346088,0.0003,,,0.1771281062736248,0.10072745498665928,0.8065775533369769,0.18856528407190914,0.1285491962602905,0.8112438216699703,0.030440637043957212,0.389597809758508,False,2026-08-07T11:35:58.238718+00:00
740592,2194,70.050262,30,0.38,132.24013761999998,-0.004821981091906006,202.16511118213336,0.9682268250733614,0.0003,,,0.17718774337976267,0.10015751384020463,0.8067393047796706,0.18557503506084957,0.12893598257666705,0.803844267869815,0.03011524801937717,0.3897759368678897,False,2026-08-07T11:36:02.934411+00:00
745596,2206,138.211524,43,0.4,163.00315253000002,0.00036462844242729866,107.94883419473966,0.9598422572016716,0.0003,,,0.18205559358157417,-0.07824491299651913,0.8089323854307939,0.16228818137883727,-0.0860335028295483,0.7969232919611773,0.024405553522550274,0.17398154474477814,False,2026-08-07T11:36:06.770058+00:00
750600,2218,831.658176,172,0.4,205.96805561000005,-0.002309770907352989,175.3267407377561,0.9717144361386697,0.0003,,,0.17510335550318615,0.09318411015157121,0.8073020042717032,0.15455300354593224,0.12079731802356608,0.802894616231491,0.034702035731150035,0.3808362734618534,False,2026-08-07T11:36:11.472003+00:00
755604,2233,57.344179,34,0.42,165.98683329,-0.0011465002821447949,281.48813846111295,0.9541743658483028,0.0003,,,0.1315656466082777,-0.051005127576790175,0.8741203045888861,0.18675121699476321,-0.08657690434334513,0.8028880030167812,0.09687538009458682,0.17547420812711528,False,2026-08-07T11:36:14.815213+00:00
760608,2249,1038.966128,205,0.42,168.28795533000002,0.0016852896117294828,119.9006233215332,0.9735346108675003,0.0003,,,0.142704227098435,-0.18684232851873722,0.8057837045793869,0.14428139012184388,-0.1873023689208188,0.8144269339979072,0.008797982447989506,0.07437755213118001,True,2026-08-07T11:36:19.330330+00:00
765612,2262,-109.422299,600,0.43,171.89323656,-0.001086726128414739,124.13413520256678,0.96921376734972,0.0003,,,0.15750664939292155,-0.05284147664461676,0.8466588901579741,0.15254186991098442,-0.08272889422569721,0.8028940129303931,0.053228481508637675,0.17742792521716735,False,2026-08-07T11:36:23.973896+00:00
770616,2276,-147.34296,600,0.43,172.9519509,-0.0030140381311260472,239.48430633544922,0.9446378658215205,0.0003,,,0.1822509975241792,-0.06241687161830124,0.8111901074968311,0.17585712394495734,-0.08978067910999847,0.7969079383964209,0.031522054723676356,0.17095632654002324,False,2026-08-07T11:36:27.630450+00:00
775620,2289,296.916142,72,0.43,208.74543837,-0.0061262355952446034,319.34960023562115,0.9256286988655726,0.0003,,,0.19141815765410025,0.0978152172905476,0.8357423730042659,0.18175754230757263,0.06520820331935892,0.8029040647864356,0.04727472195158929,0.3259352177250432,False,2026-08-07T11:36:32.408999+00:00
780624,2303,-82.826039,600,0.43,196.74142224,0.0031171542912488805,150.6008789420128,0.8954352298130591,0.0003,,,0.18212554445375986,-0.0782597504350959,0.8119757373605851,0.18420761384004053,-0.07879320037436492,0.7974618415654435,0.014672176148043711,0.1828166097442833,False,2026-08-07T11:36:37.158544+00:00
785628,2317,57.799663,33,0.45,169.09441977999998,0.003025413115392439,125.54661756753922,0.9071602133413156,0.0003,,,0.17717595138677028,0.10009070699237527,0.8070364010128234,0.13834116943906127,0.11102842887606722,0.8028997366716997,0.04055719468605075,0.371660059699062,False,2026-08-07T11:36:40.977457+00:00
790632,2332,57.898099,31,0.44,188.51111905999997,-0.007013361796271056,259.30869041283927,0.8969514856735865,0.0003,,,0.17629881291069407,0.09873679653186078,0.8067749065686254,0.18687621274208596,0.03215936309206283,0.8029021291073808,0.06752358429384639,0.29339295194962967,False,2026-08-07T11:36:45.523123+00:00
795636,2343,79.29957,45,0.43,192.10272436,-0.006656922011461575,183.44380631049475,0.8863390701512496,0.0003,,,0.17864365694866288,0.10467808002816748,0.8068141531795672,0.14369770316637834,0.1269987320759526,0.8028908966186048,0.04165120809334342,0.3873419464897217,False,2026-08-07T11:36:49.377376+00:00
800640,2358,673.560441,139,0.43,217.89637693000003,-0.004431455461599398,273.6783224741618,0.8921787730107705,0.0003,,,0.14314480387689,-0.21237450686749915,0.800120968419061,0.14372758468319022,-0.21253030747786522,0.8102466771137656,0.010143662251297581,0.05018130337475069,False,2026-08-07T11:37:15.779547+00:00
805644,2377,6.584509,600,0.43,213.82599996000002,-0.0035213583973624433,332.2459952990214,0.8802886833747228,0.0003,,,0.14640993710409284,0.023929007061462507,0.8157227477134568,0.1446866413036558,0.07674360430108179,0.8028845556562226,0.0543798731636755,0.3370916106820911,False,2026-08-07T11:37:20.678096+00:00
810648,2389,48.432927,25,0.45,175.60113136000004,0.0022785203288852546,118.21813583374023,0.8814797513186932,0.0003,,,0.1454492834098816,0.04127770942587557,0.8020518982866872,0.14901171884762196,0.09296442154746216,0.8029049536783961,0.05181635706694517,0.35313542048485913,False,2026-08-07T11:37:24.429590+00:00
815652,2402,340.54344,84,0.46,173.02775445,-0.010400205446543017,397.912820482254,0.8749541954447826,0.0003,,,0.18214070752829026,-0.0782577632970902,0.8123094271375819,0.18508381105289495,-0.07796283876984339,0.7974187267229155,0.015181626977127974,0.18375724651199848,False,2026-08-07T11:37:29.218043+00:00
820656,2414,-33.550822,600,0.43,167.82654397,0.002049789362354204,67.83537394603094,0.8901062335819006,0.0003,,,0.14407755067459366,0.007713802006142103,0.8241317689718775,0.13791180573037037,0.051064420657785485,0.802880287798419,0.04867153172300297,0.311847658521363,False,2026-08-07T11:37:33.897727+00:00
825660,2431,103.574869,38,0.45,143.60218972,-0.0009209165795861433,115.92381023565927,0.883595705901583,0.0003,,,0.1528889832510487,-0.019740606371365134,0.8690183242521126,0.16511824987719675,0.05549006150443721,0.8029069180143779,0.10089562124286408,0.3155315758999073,False,2026-08-07T11:37:37.408008+00:00
830664,2440,-166.998854,600,0.43,129.73237287999999,-0.009577500762922379,334.222100742658,0.8792610358446836,0.0003,,,0.10244951040327424,-0.10561804906989822,0.898072614251881,0.06837168778224502,-0.17207966956539889,0.7928844928080863,0.12900769700429815,0.12698713361440928,False,2026-08-07T11:37:42.104292+00:00
835668,2454,57.159725,36,0.43,166.56586987000003,-0.00562580193169803,287.13486351966856,0.8338521103064219,0.0003,,,0.1757933046144316,0.09630196637553436,0.80718654140419,0.18198806807385418,0.027260100623728127,0.8028800762637581,0.06945286144439541,0.2881004001176931,False,2026-08-07T11:37:46.676887+00:00
840672,2464,-145.354818,600,0.39,164.82005975,-0.0005089639947982505,219.68997151851653,0.8250083167105913,0.0003,,,0.17532546083364603,0.09457053872168024,0.8070490558032914,0.13726066750711505,0.10221363001806058,0.8028980255137309,0.03904582420722057,0.36292670198413685,False,2026-08-07T11:37:50.391434+00:00
845676,2478,114.434595,43,0.4,201.15222475000002,-0.004264343982019151,224.33418925205868,0.8048906733592351,0.0003,,,0.1503359378452085,0.0487460433756378,0.8024383035504868,0.15396384217947132,0.09706167089859294,0.8029070599926839,0.04845390887634973,0.35711268813377306,False,2026-08-07T11:37:55.180109+00:00
850680,2488,-35.088384,600,0.37,202.93027747999997,-0.007264756381725117,259.66704314549764,0.7807578074435393,0.0003,,,0.15683370957744358,0.046376800547968264,0.8108888917583627,0.13312512712232888,0.0894651725600985,0.8028941955420225,0.04982589539866058,0.3504970265560757,False,2026-08-07T11:37:58.732787+00:00
855684,2501,58.52022,32,0.35,209.15303280999996,-0.008269075000134763,369.3404351234436,0.7472176495939493,0.0003,,,0.1727146267898907,0.000862242420594652,0.8659854795697665,0.1851320054150509,-0.07976650730701212,0.8029056119721466,0.1031225303737786,0.18197727765986463,False,2026-08-07T11:38:03.360579+00:00
860688,2515,-116.136555,600,0.39,207.00712418999998,-0.0019819172157440335,242.9755285561085,0.7370659735053777,0.0003,,,0.1579033845626094,-0.07466164593147948,0.8318213268908092,0.13827638542039283,-0.08502632112030145,0.8028850808448319,0.036468505896618396,0.1763170545667639,False,2026-08-07T11:38:08.162736+00:00
865692,2530,177.265454,71,0.38,250.98769191,-0.0056170647187779345,665.929425684611,0.7280783207466205,0.0003,,,0.17864133110652958,0.10467101654026394,0.806815396651888,0.14369370744052617,0.12699414608048493,0.8028890776062066,0.041654225399334555,0.3873375327509572,False,2026-08-07T11:38:11.955996+00:00
870696,2548,-228.82386,600,0.42,205.89421970999996,-0.0040430197637761015,384.4577018022537,0.7564438162992398,0.0003,,,0.11989386391189051,-0.16429930524457212,0.8636658769129733,0.15513677453524166,0.05437740259136331,0.8029046804129076,0.22968127546512834,0.314415015897799,False,2026-08-07T11:38:16.439834+00:00
875700,2567,56.139859,37,0.48,192.47826682999997,-0.008312775879070007,418.490393447876,0.73908751308918,0.0003,,,0.15108105335973343,-0.0667052172901888,0.8745849627020843,0.18474619884683682,-0.0678470298805711,0.8028857177515799,0.07921759579242368,0.19373987272393187,False,2026-08-07T11:38:21.109131+00:00
880704,2580,273.369315,600,0.47,169.33318373000003,0.0009293724598440652,300.3771825313568,0.7328568079819282,0.0003,,,0.15130100452508374,0.038177770989712756,0.8106839476266564,0.18361733735336344,0.08388093752657609,0.802906541764146,0.05651205925211559,0.3446909888839851,False,2026-08-07T11:38:24.695977+00:00
885708,2596,-13.10641,600,0.52,205.02188482999998,-0.0019847959774779156,196.74258484045666,0.6967245678106944,0.0003,,,0.17855367458120458,0.10442076862203006,0.8068095720161808,0.18741213089073241,0.1270705073691757,0.8307427772325174,0.03412156540120996,0.3880399497410051,False,2026-08-07T11:38:29.293979+00:00
890712,2610,45.69083,32,0.51,176.26950422,0.01140223371621687,37.03755561113358,0.7224004752933979,0.0003,,,0.14332839841315131,-0.21909539312320592,0.7998288345622198,0.14350440575539766,-0.2189313518854043,0.8110789461768196,0.011252684099946075,0.04425763761706044,False,2026-08-07T11:38:32.950526+00:00
895716,2622,-141.04894,600,0.49,149.13590606,0.0003433632882661186,121.36922961473465,0.752931182210644,0.0003,,,0.16634384554644915,0.07345680421544099,0.8058135673351445,0.13505264353038457,0.11899126557274592,0.8028891478188863,0.05532701622369611,0.37981146635568247,False,2026-08-07T11:38:37.820185+00:00
900720,2637,55.370748,41,0.48,123.56558146999998,-0.007316079764859751,182.57777522404987,0.7633789637436469,0.0003,,,0.1771730323799146,0.10085734680788902,0.806578403861432,0.18857790834402802,0.12856956946102113,0.8093901907001377,0.030098914022932775,0.3896190538929571,False,2026-08-07T11:38:42.399579+00:00
905724,2649,207.533169,88,0.48,156.17670553,0.0032571062295270775,80.86957162419955,0.7781371084352334,0.0003,,,0.1786240010944673,0.10463165476173053,0.8068061487897644,0.18725248838129974,0.12670840931086438,0.8307917908810085,0.03372157930481596,0.38766750180368725,False,2026-08-07T11:38:46.308005+00:00
910728,2662,125.551554,44,0.46,188.42928358,-0.005575012772654494,331.312540435791,0.7693153725316128,0.0003,,,0.16521388062064732,-0.06776443392769277,0.861763851012578,0.14108445995714927,-0.07452293897834716,0.8028863911645102,0.06398798020125815,0.18643909949456047,False,2026-08-07T11:38:50.977892+00:00
915732,2676,-25.427463,600,0.46,220.96818065000002,-0.00556845794756858,573.7003812154134,0.7559810849527518,0.0003,,,0.17825281869073914,0.1033548313687063,0.807421488106508,0.18725751886085243,0.12201339807141662,0.8008700239048647,0.021728976500022788,0.38298460627095754,True,2026-08-07T11:38:55.654392+00:00
920736,2689,-84.756065,600,0.43,221.73904239999996,-0.0018494801421184092,224.77047335306804,0.7404370238383611,0.0003,,,0.16963904929634321,-0.0803971908589178,0.8686554751644763,0.06759166440930625,-0.15778373010267133,0.7929076462032376,0.1487954260410888,0.13779501557881482,False,2026-08-07T11:38:59.377763+00:00
925740,2702,228.550914,63,0.44,199.31110485999994,-0.005659904391601837,237.4178287744522,0.6671374124785264,0.0003,,,0.18213238741612378,-0.07825806445182854,0.8119227397382494,0.18534743540186505,-0.0789029589015093,0.7966269998961495,0.015643275862780442,0.18286232738341746,True,2026-08-07T11:39:04.145250+00:00
930744,2714,-132.046414,600,0.39,184.15993183999996,0.023981029780892036,38.86492593884468,0.6770068430652221,0.0003,,,0.17718576637359895,0.1001515208778454,0.8067396216283474,0.18557561517173163,0.12893604832374922,0.8038413000454159,0.030122065851093373,0.38977604053751985,False,2026-08-07T11:39:08.098708+00:00
935748,2726,46.86659,29,0.42,200.25729554999998,-0.003992098468491652,199.00504163106282,0.701634659493963,0.0003,,,0.1744273069394504,0.09235392494347265,0.8071672446151524,0.1813814500096388,0.05099856082072944,0.802892446393041,0.042153293434856215,0.311732691960724,False,2026-08-07T11:39:13.044280+00:00
940752,2738,-127.486659,600,0.4,229.13389192999995,-0.0032980276291103413,175.64849225680032,0.6951795688519875,0.0003,,,0.13723776949112748,-0.14524311188185712,0.8663626947842905,0.165874181359945,0.08604191858721769,0.8029059710041455,0.2415358466081402,0.3460917731269729,False,2026-08-07T11:39:17.824817+00:00
945756,2754,73.603225,600,0.41,201.31983071,-0.009445122782684242,299.9269809325536,0.6856086116284132,0.0003,,,0.17704469031895462,0.09972306848178837,0.8067470569579879,0.18581335223735201,0.12908878054510356,0.805239673275304,0.03068398087588228,0.38994410920003053,False,2026-08-07T11:39:21.642583+00:00
950760,2766,334.916685,82,0.38,196.64415051,0.008064454509682644,100.92141848901908,0.6530275642871857,0.0003,,,0.17859246305887727,0.10452259672992405,0.806819609107663,0.13812243537725657,0.11021074411069748,0.802877663814835,0.04105748523555959,0.3708566069100275,False,2026-08-07T11:39:26.307537+00:00
955764,2777,597.6854,600,0.35,151.94925635,-0.006905470624527273,245.03175627787908,0.6687627218663692,0.0003,,,0.17429446757948047,0.09197134362590924,0.8071667690877278,0.13950453547679503,0.10947716063968072,0.8028773632036901,0.039181526359588534,0.37004518143110904,False,2026-08-07T11:39:31.033770+00:00
960768,2786,-127.915671,600,0.33,141.40404186,-0.006927757639399109,222.82927474975585,0.6777109609295925,0.0003,,,0.17862374782960644,0.10463030790137494,0.8068063189789988,0.18783278485650468,0.1261003868099438,0.8307423418490707,0.03344703039343794,0.38710227667588926,False,2026-08-07T11:39:34.805453+00:00
965772,2801,118.139291,68,0.32,171.77236813999997,-0.0021925493036784854,219.78785278002422,0.6781705758223932,0.0003,,,0.16627729758929907,0.07376947257733951,0.8057721446934769,0.13841960605980286,0.10422668136033583,0.8028851961816363,0.041376648195734896,0.3648654393298682,False,2026-08-07T11:39:39.631622+00:00
970776,2813,98.73148,52,0.34,176.18845815999998,-0.0017680553324074329,264.3994680802027,0.69559134307007,0.0003,,,0.17862421451166527,0.10463131435490267,0.8068064454455516,0.18776053056366868,0.12742127485603977,0.8311452714183685,0.034572142259058095,0.3884145868376412,False,2026-08-07T11:39:44.199344+00:00
975780,2827,54.970628,38,0.35,226.51273783999997,-0.0031805259437533095,299.4286159276962,0.7001494494577248,0.0003,,,0.17861002087598135,0.1045915103892871,0.8068054746117541,0.1873885527178767,0.12690923346166666,0.8307865062047978,0.033915088982651234,0.38787741331234327,False,2026-08-07T11:39:48.202781+00:00
980784,2837,-143.594676,600,0.32,223.83649459999998,0.018255772243719548,19.309721789260706,0.6925964734206597,0.0003,,,0.17070164214730427,0.0816502718082737,0.8068341718536625,0.28772917529884845,-0.04953826141016949,0.7928953349187663,0.17635239136070702,0.24618871954819155,False,2026-08-07T11:39:53.081702+00:00
985788,2852,5.341088,22,0.29,207.78762777,-0.005535903836668392,181.3264080564181,0.6858784818400939,0.0003,,,0.17862548013365823,0.10463572653436864,0.8068058253731689,0.1881367959559583,0.12352568121787624,0.8305441766256224,0.03179315707509034,0.3845564034576765,False,2026-08-07T11:39:57.013733+00:00
990792,2865,-141.12704,600,0.28,180.8916755,-0.0033085825086648884,54.9676618874073,0.6905478255202373,0.0003,,,0.1766460704894701,0.09940683060926325,0.8069023225194762,0.14370091649377348,0.12698641176245093,0.8029013831073314,0.04315117593490452,0.3873295018610384,False,2026-08-07T11:40:01.865310+00:00
995796,2875,-1.835792,13,0.27,192.45344721,-0.0016756454531180983,98.37354497512182,0.6633908552428086,0.0003,,,0.1769233302271248,0.09911191440029887,0.8068832080860053,0.17697312043206564,0.1290898122130749,0.8034967013854306,0.030168613888788238,0.38945984232678893,False,2026-08-07T11:40:06.573515+00:00
1000800,2886,-109.184703,600,0.27,168.81741584999997,0.002163875492988154,52.98752024670442,0.6957773976027966,0.0003,,,0.17714841006309737,0.10080078832352274,0.8065662951870809,0.1885770840846812,0.1285610145635291,0.8121120758779862,0.030528682157269445,0.38961046158107976,False,2026-08-07T11:40:26.264530+00:00
1005804,2898,-137.840649,600,0.25,210.76569400999998,-0.004540909488180963,129.60661240418753,0.684119829411308,0.0003,,,0.1659814736902945,-0.16160914509838695,0.8334958843703,0.1610327342664361,-0.1604893477657428,0.8452963783408046,0.01284506231590037,0.09951601101406923,True,2026-08-07T11:40:31.211189+00:00
1010808,2907,-360.616987,600,0.22,198.00041550000003,-0.007101495457269872,182.65630461772284,0.6859363652765751,0.0003,,,0.17536516476429756,-0.019302887784497548,0.8360372070440596,0.15198563585916564,-0.04401686483514601,0.8028870797226823,0.047500673415325455,0.21613177625749874,False,2026-08-07T11:40:35.856768+00:00
1015812,2919,-174.436142,600,0.21,177.72202607000003,-0.009072366594530952,226.9382295926412,0.6946613177657127,0.0003,,,0.15060124692259305,-0.1277654684098074,0.8799838326330276,0.06648530167232958,-0.24522645014982017,0.7929005181508093,0.16868929467480107,0.09467447691163103,False,2026-08-07T11:40:39.517090+00:00
1020816,2931,-250.285238,600,0.18,148.94265962,0.004181145643815398,68.29722565412521,0.7101033521195252,0.0003,,,0.08487248468149325,-0.2679009150223266,0.7899328126116614,0.14963283568988386,-0.06522355150477846,0.8028795350233138,0.2131657438857348,0.19505215452346236,False,2026-08-07T11:40:44.202615+00:00
1025820,2946,364.264854,123,0.23,109.74538616000001,-0.004959460249422894,194.14050025145212,0.7175932493060827,0.0003,,,0.18213998859894345,-0.07825761387267326,0.8123265379491036,0.18504967526483146,-0.07790453794988896,0.7974214694396483,0.01519052357137343,0.18381034663510362,False,2026-08-07T11:40:49.061102+00:00
1030824,2955,596.376583,600,0.23,155.86566234999998,-0.0015535832159609224,102.61209450165431,0.6906524047255516,0.0003,,,0.18203868816585655,-0.07800807340066146,0.8113519574201444,0.18773878267837757,-0.08855056838240642,0.7965060515441481,0.019079732680798545,0.17367886361464413,True,2026-08-07T11:40:54.699045+00:00
1035828,2964,-136.28905,600,0.21,174.69015132,-0.00845716847931423,266.24450449148816,0.7078033306946357,0.0003,,,0.2120172281688597,0.11722495264205114,0.8410997848439167,0.1473617710542379,0.11002826871127946,0.8029059934974108,0.07543796187411586,0.3702440336809661,False,2026-08-07T11:40:59.421558+00:00
1040832,2974,-93.213969,600,0.2,201.76386621000006,-0.0027387238602386787,133.7790184676647,0.7020656192054351,0.0003,,,0.14433620246101153,0.017974454450662796,0.8111598362683718,0.1366015982610707,0.05502958489137526,0.802893831159367,0.03874575634272806,0.31589733231030703,False,2026-08-07T11:41:02.868086+00:00
1045836,2984,-33.497601,600,0.18,205.64294260999998,-0.0072873670947349945,139.74704494078955,0.7248119100928306,0.0003,,,0.15421761347931454,-0.10648006907129179,0.8864571506024062,0.0850811352710484,-0.2237507633307201,0.7928879426347727,0.16518917952099832,0.08322766037430354,False,2026-08-07T11:41:07.055706+00:00
1050840,2999,529.739254,182,0.24,155.8391122,-0.0016664641996612772,156.10564216772715,0.6762281415363153,0.0003,,,0.1821399159436148,-0.0782575824691541,0.8123269119958253,0.1850495199356421,-0.07791235503461659,0.7974238397314519,0.015188368585503624,0.18380258131496863,False,2026-08-07T11:41:11.942554+00:00
1055844,3012,346.915682,156,0.25,166.63756564,-0.00959474202148461,153.09758857885996,0.6744916784266631,0.0003,,,0.1750200382207438,-0.07771851540389785,0.8125047412706647,0.157359913392502,-0.07639417386826641,0.7974751427996235,0.023227628369095425,0.18362480618590582,False,2026-08-07T11:41:15.250122+00:00
1060848,3025,-76.627472,521,0.28,172.98986064000005,-0.0034153028131792477,127.10216011206309,0.6540338860203823,0.0003,,,0.16454254145659808,0.07096331356978136,0.8053540598524735,0.13834906915454903,0.09320627812075097,0.8028895669162865,0.0344517225793779,0.35386923815215676,False,2026-08-07T11:41:19.845594+00:00
1065852,3033,56.92551,600,0.26,190.65677412000005,-0.002703770162770525,152.55516544381777,0.640602475280563,0.0003,,,0.12701930448412968,-0.13219590286450333,0.8874061712200543,0.07082897918698407,-0.20779512811560252,0.7928815705985885,0.1334447287764229,0.10332869689152997,False,2026-08-07T11:41:23.081346+00:00
1070856,3048,447.034278,180,0.28,181.25113290000004,-0.00576543891026328,145.9086508234342,0.6326264794915915,0.0003,,,0.18635588371710948,-0.06307583624716767,0.8326882462574892,0.1869244445040654,-0.08686892689584728,0.8028864427981777,0.03813898154660373,0.1752121405212777,False,2026-08-07T11:41:27.417637+00:00
1075860,3059,336.377274,151,0.3,140.04750091999998,-0.0011433079790246362,104.23762429654599,0.602203423778216,0.0003,,,0.18776658727913226,0.0870814794258281,0.8314548086722267,0.15532210631645257,0.10658408341900696,0.8029053764981443,0.047413774210823684,0.36661392895724515,False,2026-08-07T11:41:38.124398+00:00
1080864,3071,-42.212072,600,0.33,127.94055864,-0.002183771213943449,175.83360571463902,0.587351580709219,0.0003,,,0.16265577584078747,0.0672369929702129,0.805581151896748,0.1681573229736244,0.10789570475125834,0.8028745118047182,0.04111841151037734,0.36798612948387205,False,2026-08-07T11:41:47.169397+00:00
1085868,3081,1942.300252,600,0.34,159.51591628999998,-0.003546220878100333,137.36611335674922,0.5601617110272249,0.0003,,,0.1784901197742383,0.10360664820681953,0.8074558582897665,0.18455123689684044,0.124624445203669,0.8010461996919955,0.022794048668778766,0.3854072224042966,True,2026-08-07T11:41:54.832578+00:00
1090872,3092,-36.824322,600,0.34,205.85915678,-0.0016397993533852665,175.87672866185505,0.560680307696263,0.0003,,,0.143322485064159,-0.2188555933460529,0.7998266769340534,0.14340292806802457,-0.21880349592800205,0.8141706584549859,0.014344301694076718,0.04441412775761009,True,2026-08-07T11:42:02.440552+00:00
1095876,3108,-139.446105,600,0.33,192.47972468000003,-0.0035277849582295556,187.7180584748586,0.5725830927491188,0.0003,,,0.16573325060133068,-0.06833172225586662,0.8583301913439182,0.1421342277473157,-0.07779030900245641,0.8029058892598292,0.060977307290626045,0.18308347088583693,False,2026-08-07T11:42:05.720774+00:00
1100880,3120,59.75191,57,0.34,170.9106191,-0.006475560070248321,273.6869122982025,0.5685256864875555,0.0003,,,0.17614956247208471,0.09697926789475916,0.8070458798946867,0.14605016203625107,0.1168812424441324,0.8028841458196598,0.03632330557743612,0.377139322910576,False,2026-08-07T11:42:09.987351+00:00
1105884,3130,26.343351,600,0.34,162.63329903000002,0.018635029863313928,17.647634539504846,0.5651737793038288,0.0003,,,0.1177463021244959,-0.11095557846929648,0.8820287401934669,0.08864800754400677,-0.15540465302220546,0.7928788756776298,0.1037792335647893,0.1266147441526671,False,2026-08-07T11:42:13.664106+00:00
1110888,3140,-145.141574,600,0.32,159.64588678999996,0.002897356309889195,32.794551163415115,0.5399312028040488,0.0003,,,0.1531780897614335,0.05257200624359913,0.8030922497727477,0.14084919943909982,0.09028688780335511,0.8028881405520096,0.03967940886934362,0.35081000118167055,False,2026-08-07T11:42:18.202977+00:00
1115892,3149,-168.067776,600,0.28,164.00219266999997,-0.007134956999895318,96.2750198841095,0.5202468151847521,0.0003,,,0.17610343375065368,0.030183134466633794,0.8454700947937679,0.13811098946665495,0.0838511360288058,0.8028834515989064,0.07834093689097985,0.344547141230963,False,2026-08-07T11:42:22.637225+00:00
1120896,3164,10.36851,600,0.28,155.02629342999998,-0.005338818314097201,80.03718440731366,0.5187154654413462,0.0003,,,0.14331719894548303,-0.2186606808409906,0.7998325158235817,0.14330781865444223,-0.21888972329080034,0.8113143527178085,0.011484124994935483,0.044369852030178694,False,2026-08-07T11:42:26.120488+00:00
1125900,3176,38.005799,35,0.34,179.0305788699999,-0.004557860305552216,266.0560251077016,0.5214106892546018,0.0003,,,0.14844433105213511,0.04605915140254077,0.802207303986358,0.13830210566307904,0.08849457924591743,0.8029059103768383,0.04363620426872232,0.3491694006960593,False,2026-08-07T11:42:31.219495+00:00
1130904,3190,61.036005,62,0.35,126.31315376,-0.008309432487294544,346.27295934359233,0.5024945414314668,0.0003,,,0.09216694048538066,-0.27109891676205267,0.7517792678927642,0.17999657452782497,0.014318826383788463,0.8385292882053592,0.3109708969384927,0.2750466896754548,False,2026-08-07T11:42:36.191569+00:00
1135908,3204,125.115749,44,0.34,146.01676115,-0.007562346870933349,254.90729672114054,0.4892438954363267,0.0003,,,0.17718491411714157,0.10014894627268595,0.8067396243213271,0.18557635989999274,0.12893712261506698,0.8038339245018552,0.03012670826505008,0.38977716138047597,False,2026-08-07T11:42:39.832102+00:00
1140912,3218,-107.711991,600,0.36,141.91307857,-0.00473648218709665,209.25970071554184,0.4517425602922837,0.0003,,,0.17357753275892177,0.08862734844366095,0.8072019817917871,0.18650893731390475,0.03261856057896468,0.8028911888537558,0.057643633452374984,0.293816857502795,False,2026-08-07T11:42:44.456427+00:00
1145916,3228,-123.883356,600,0.34,165.18348445000004,0.004498258690000511,81.46450319290162,0.4434270915885766,0.0003,,,0.17609583724691433,0.0967289819829144,0.8070188287890822,0.13702661098073973,0.10291728543528215,0.8029039078428803,0.03976973868470377,0.3636436891666681,False,2026-08-07T11:42:48.787021+00:00
1150920,3242,1805.691345,600,0.39,184.50973538000002,-0.0056529570904482775,405.2266986529032,0.43660658188164236,0.0003,,,0.1453452570049665,0.0413601631377839,0.8021516950296934,0.18497465174752312,0.026501347171145547,0.8028792142460539,0.04232968962562771,0.28758782164895536,False,2026-08-07T11:42:52.317312+00:00
1155924,3254,-148.845435,600,0.4,232.80654421999995,-0.004520749237174945,283.8210512240728,0.4334140609949827,0.0003,,,0.17123428482182407,-0.08650227911057462,0.875848351994284,0.15450966615879058,-0.059633765889300444,0.8029074641187691,0.07951102436904023,0.2004414416666164,False,2026-08-07T11:42:56.767576+00:00
1160928,3266,-140.869123,600,0.35,229.08919310000002,0.00663229689913957,118.72961962223053,0.44308238041897613,0.0003,,,0.08265181951902337,-0.2673309156190959,0.7899169780934296,0.1674952189326247,0.0889652803181582,0.8029011251547673,0.36648870342525497,0.3490457637250146,False,2026-08-07T11:42:59.972142+00:00
1165932,3274,-131.121454,600,0.31,187.80489577,-0.0012831138277154726,47.96034301519394,0.4280271030962467,0.0003,,,0.17855898089248665,0.10441821856658064,0.8068224105081695,0.1455288092849068,0.12247731329120172,0.8028962202522807,0.03784888517016646,0.3827509771942701,False,2026-08-07T11:43:04.501570+00:00
1170936,3287,339.382097,91,0.31,173.68886138000002,-0.007760813502439608,124.6805880467097,0.3585982844233513,0.0003,,,0.17718672709071145,0.10015443262880905,0.8067394744749369,0.1855753078740838,0.12893596127899543,0.8038430270225607,0.030118666750788278,0.3897759335167712,False,2026-08-07T11:43:08.702369+00:00
1175940,3301,-359.366879,600,0.32,155.85449589,-0.010133381573056491,182.0291515270869,0.3457595924536387,0.0003,,,0.18120670825508978,0.05725534426477454,0.8279907929648199,0.1849504576404793,0.059497827717191164,0.8056953673549049,0.022718503353483088,0.32047057158571257,True,2026-08-07T11:43:11.854546+00:00
1180944,3310,-198.771017,600,0.29,188.89700415,0.0090378853744672,40.74114937186241,0.3490218222141266,0.0003,,,0.14785160296885952,-0.05893393209730523,0.838697034505529,0.18699636126138966,-0.08674372805734833,0.8028862606957113,0.05990082114610584,0.17534691126113838,False,2026-08-07T11:43:15.971010+00:00
1185948,3323,271.103092,76,0.3,206.91764499999996,-0.006878732880189394,222.07793724139532,0.35064196834961575,0.0003,,,0.1637424238334396,-0.04374845483837754,0.8552000624472357,0.1399664435005448,-0.020910586045392466,0.8028770245594838,0.06184307386926135,0.23992726241753884,False,2026-08-07T11:43:20.364635+00:00
1190952,3338,463.387664,130,0.3,232.61358143,-0.002659896831998291,126.92407081524532,0.3448874890804291,0.0003,,,0.1768914995075944,0.10005096406759564,0.8070003211732906,0.18889562929145604,0.12125651635840348,0.8016149919123392,0.024955487394055016,0.38234995574459646,False,2026-08-07T11:43:23.724757+00:00
1195956,3345,33.953265,291,0.29,194.85183795999998,-0.0022815909595616784,112.79873860677084,0.33677791183193523,0.0003,,,0.14480037204071483,0.036967216471437636,0.8019873999419904,0.13757855732371238,0.09249618207302061,0.8028811363895667,0.05600374445897547,0.35320854953942177,False,2026-08-07T11:43:27.990924+00:00
1200960,3359,-206.807329,600,0.3,150.76269939000002,0.014751713750107835,72.49930982689062,0.3485496617853642,0.0003,,,0.08216025259787817,-0.26856019500085776,0.7669245500790869,0.15476594075169592,-0.0028765544420027442,0.8027277917866262,0.27774314560338803,0.2571767128490275,False,2026-08-07T11:43:53.813991+00:00
1205964,3367,258.273595,600,0.3,187.15471041,-0.0032056535846398523,233.96797989209492,0.3492236723502477,0.0003,,,0.14774544501889172,-0.02503830501819486,0.8701119784148049,0.13808597994436678,0.059239869967892655,0.8028943476105672,0.10823273966525268,0.31999112308330635,False,2026-08-07T11:43:59.206015+00:00
1210968,3376,244.896314,76,0.3,189.40855496,0.0012327165143991199,80.80564118623734,0.36208151777585346,0.0003,,,0.14427950400809805,0.026941822616901565,0.8014388283086951,0.13838472306657118,0.07132013309799722,0.8029032189071148,0.04479204531308939,0.3320244731838053,False,2026-08-07T11:44:03.563578+00:00
1215972,3388,-62.602912,600,0.28,234.59703404,-0.005153128490201197,239.32721945444743,0.3747230477631092,0.0003,,,0.1303794899768786,-0.035769045746194314,0.8390202010691178,0.18340115311879504,-0.05322380572503254,0.8028931223436296,0.0664915876294989,0.20809615202143547,False,2026-08-07T11:44:06.865359+00:00
1220976,3399,130.792948,600,0.28,226.52359995999998,-0.007631557207787409,302.7129490375519,0.36646512200435005,0.0003,,,0.1495687264611466,0.004591564805082961,0.7993786655885982,0.18684668813518945,0.044308878303402695,0.802884635291569,0.0545839100986121,0.3054908150470375,False,2026-08-07T11:44:11.292867+00:00
1225980,3408,-113.828272,600,0.27,192.85906928,-0.006044326677025916,213.94758332570393,0.3351542229453723,0.0003,,,0.18191930323607783,0.030485826071303148,0.8538841115360734,0.14356311717748835,0.0950965307470117,0.8029012155724358,0.09080195949698362,0.3554767464483217,False,2026-08-07T11:44:15.406643+00:00
1230984,3423,1927.543512,600,0.25,218.48501846,-0.0038137214481442547,373.26482202212014,0.3336495580772559,0.0003,,,0.14440063091337718,0.029873309995877506,0.801628582346227,0.13722692410990106,0.06737155215369021,0.8028984989548773,0.038199383796353674,0.32816268243816593,False,2026-08-07T11:44:18.700329+00:00
1235988,3432,63.812472,600,0.21,193.51650377,-0.004392975393178252,309.04344891707103,0.3089092202484608,0.0003,,,0.17770897702220462,0.10171665442484765,0.8069021356177122,0.138345399425859,0.11256768732134412,0.8028927180352482,0.041028180381963604,0.3731964675100777,False,2026-08-07T11:44:23.034234+00:00
1240992,3440,46.033279,30,0.2,202.55042845,-0.0036215059061457094,261.862154507637,0.29254291380445163,0.0003,,,0.18212741239713745,-0.07825619294297459,0.8124547041484749,0.1851845791206785,-0.0779064279524674,0.7965473255274781,0.01620226214193119,0.18382690773256147,True,2026-08-07T11:44:26.528556+00:00
1245996,3454,57.667904,31,0.21,238.81717461000005,0.0006945855401378746,104.43680263757706,0.30656784872214,0.0003,,,0.1786509104850311,0.10366295660764968,0.8074256611008311,0.18373050334218383,0.12348108648816317,0.8013607986846943,0.021338769685293645,0.38421462814814256,False,2026-08-07T11:44:31.245891+00:00
1251000,3467,256.686629,600,0.23,253.79370767000003,-0.005410674179438501,382.33062877655027,0.2522185551623503,0.0003,,,0.17667744037728284,0.04822152190204542,0.8338092168026938,0.1380350331895802,0.08717245504454406,0.8028788451748872,0.0629849086287012,0.3478666027497305,False,2026-08-07T11:44:35.728997+00:00
1256004,3479,-98.442287,600,0.26,280.48754620000005,-0.0015828698058612644,247.60463535785675,0.2504158288240433,0.0003,,,0.15249689784845097,-0.01615989343874795,0.8182326089847913,0.1349466354212946,-0.03340798505640185,0.800742144900999,0.030189811353823787,0.22797283240095373,False,2026-08-07T11:44:39.040585+00:00
1261008,3492,-105.587961,600,0.27,269.91192557999995,-0.003981637752440292,197.16335112253824,0.23260865956544877,0.0003,,,0.17484445343075056,0.09256034917236244,0.8071484399747297,0.1358402152343668,0.11535720168959368,0.8029047868111602,0.04537659830953956,0.37613391772102134,False,2026-08-07T11:44:43.347678+00:00
1266012,3502,-138.895148,600,0.28,273.04513592,-0.006477118794282433,451.3065097173055,0.25827214072148,0.0003,,,0.16903896670849605,0.07843220175593296,0.8064386830729179,0.182057952712961,0.03467570257493497,0.8029014644153651,0.045789050361330616,0.2955001234617657,False,2026-08-07T11:44:47.739836+00:00
1271016,3515,361.802901,94,0.29,299.21221108,-0.0015250617657632877,329.9979248960813,0.2659650613864263,0.0003,,,0.1782951855142236,-0.03240767220020411,0.8092491762659508,0.18591667723174787,-0.022949013311887607,0.7954140117150622,0.018411006004995626,0.23846350758248575,True,2026-08-07T11:44:50.892748+00:00
1276020,3524,-192.555517,600,0.28,296.75122398,-0.0022542883050239953,322.9393905878067,0.25887044121821723,0.0003,,,0.17813608756236174,0.10278654431322126,0.8069934686807567,0.18703171770869345,0.12820064789555818,0.8013501194783673,0.02751102118813813,0.3891406645273835,True,2026-08-07T11:44:55.372312+00:00
1281024,3534,-262.168446,600,0.28,333.57089759,-0.0015533191200423366,422.1463060537974,0.25795141607522964,0.0003,,,0.1454624242145676,-0.1580438908407194,0.8343150497080953,0.1424356617156715,-0.15805072501958045,0.845141455072671,0.01124154753798771,0.1034512476889454,True,2026-08-07T11:44:58.673246+00:00
1286028,3543,91.611635,600,0.27,323.29383652999996,-0.0051944226409735466,469.9655193646749,0.2681800040105979,0.0003,,,0.1400566722425052,-0.07566618800477956,0.8030135642252235,0.18305745934354312,-0.04616634381709252,0.8028932826165117,0.05214712807117949,0.21507319439653338,False,2026-08-07T11:45:02.891501+00:00
1291032,3554,2003.991113,600,0.27,300.97813575,-0.0022135977390765524,319.2013685941696,0.23495072623093924,0.0003,,,0.18213268719127212,-0.07825828035576751,0.8119603917932199,0.18538206645225727,-0.07892393316351985,0.7966114175063467,0.01570326624945536,0.18284635976238692,True,2026-08-07T11:45:07.336801+00:00
1296036,3569,-139.931573,600,0.29,293.48646189999994,-0.008151898761085855,301.7719415426254,0.21343696688612301,0.0003,,,0.14785473759582582,-0.06405558607972546,0.8311921117610263,0.17907454859291613,-0.0831625636567278,0.8028861006790966,0.04627076241205061,0.17786319826339672,False,2026-08-07T11:45:10.660799+00:00
1301040,3578,-81.127827,600,0.25,275.65920158999995,0.006959819987605443,147.3568690578143,0.22549511914451917,0.0003,,,0.14445466040071936,-0.24624734642444743,0.8015785025558827,0.13851371263870038,-0.21531418507235736,0.8212519985303987,0.03713760594605921,0.04958308784575517,False,2026-08-07T11:45:15.112896+00:00
1306044,3588,87.398037,600,0.24,282.82007530999994,0.0017176066336105577,150.10836016734442,0.22805439879496892,0.0003,,,0.15227765574819355,-0.05967597183310416,0.8018091230629146,0.1832866061721644,-0.0013875052219436898,0.8023074714268278,0.06602536404570948,0.25965879242257073,False,2026-08-07T11:45:19.558772+00:00
1311048,3601,1833.990036,600,0.24,266.95552995,-0.0064737541140251174,246.99125065803528,0.20341352249185243,0.0003,,,0.16281745205835685,-0.05198511940840449,0.799562840395335,0.13173026381475483,-0.031239390357906037,0.8036230003928442,0.0375936623107568,0.23050074730422426,False,2026-08-07T11:45:22.774684+00:00
1316052,3612,120.058297,600,0.27,294.34168442000004,-0.006073541226214729,228.51800092061362,0.20362729231516521,0.0003,,,0.14505676293101905,0.01188472664032355,0.8050957744239811,0.1372453372466526,-0.020591178738670283,0.8019018895388391,0.03355448855320669,0.240487750986943,False,2026-08-07T11:45:27.152737+00:00
1321056,3621,-149.457582,600,0.25,324.06981638,-0.001343988411827013,180.00325759251913,0.2032205825050672,0.0003,,,0.08507608722209618,-0.22784454096142653,0.8207499922925019,0.1761755557215436,-0.04121021460204635,0.8028775082916713,0.20844882014744384,0.2193869157388001,False,2026-08-07T11:45:32.217974+00:00
1326060,3634,-121.8537,600,0.29,284.5003382,-0.0035955423654134696,276.0938936471939,0.200745623310407,0.0003,,,0.1682931001000883,-0.06757841374046675,0.8572900047413954,0.0827566032147667,-0.10584909160616233,0.7928900372204053,0.11370353072977571,0.17242112662190304,False,2026-08-07T11:45:35.561174+00:00
1331064,3644,352.656859,81,0.29,286.39504038,-0.004998307366622612,279.1352775812149,0.1930470123887062,0.0003,,,0.19175287971780952,0.10158730366787129,0.8358319048492047,0.17827257551471193,0.11827976185941427,0.8028888625142281,0.039314129777581495,0.37872082758722947,False,2026-08-07T11:45:40.132342+00:00
1336068,3652,-47.074523,600,0.27,281.23117652,-0.006247084968587539,193.58097516298295,0.20013005708654721,0.0003,,,0.1731435731593518,0.022208803391546298,0.806092713372522,0.13533828059639022,0.031034696603051394,0.8018319202053774,0.0390549727328697,0.2920777208736958,True,2026-08-07T11:45:43.337204+00:00
1341072,3666,356.83028,88,0.25,287.56550489999995,0.0011357302418521916,148.09376810391743,0.1693270817399025,0.0003,,,0.19664878132773284,-0.04320955433085973,0.8772519024367795,0.1781355789759466,-0.0236592098707674,0.80711950048587,0.07512328822163195,0.23703558446719086,False,2026-08-07T11:45:47.667620+00:00
1346076,3676,-107.433816,600,0.26,286.86640081999997,-0.004824873984519703,278.30550535519916,0.16788190454244614,0.0003,,,0.18206293142945396,-0.07764654078622515,0.811632220862599,0.18699066141376072,-0.08942527819688038,0.7970373707852907,0.019391514292765064,0.17269693547299536,False,2026-08-07T11:45:51.808211+00:00
1351080,3685,1377.631899,600,0.25,292.55384389000005,-0.0012676319456659257,246.08814488252003,0.15703804244597752,0.0003,,,0.1864906362583228,-0.017585797940135154,0.8322038651078548,0.1368184711576378,0.041742223841501204,0.8028967455744784,0.08274083278318897,0.3026313812681757,False,2026-08-07T11:45:55.089155+00:00
1356084,3697,1720.708302,600,0.24,310.4995411,0.0005469024744040022,161.8215922196706,0.12330465316772461,0.0003,,,0.17297576706453385,-0.02753687946205116,0.827983911439216,0.13907567646156552,0.07924191397964515,0.8028828475732863,0.11480849393209282,0.3398866039080005,False,2026-08-07T11:45:59.692556+00:00
1361088,3708,-184.417395,600,0.23,253.40211101,0.005537316268115925,78.28193107446035,0.17773108705878257,0.0003,,,0.15988149936414603,-0.011059686257506536,0.8658323024629193,0.14456035910224696,0.0920638909176227,0.8029002529331095,0.12177706009894496,0.35240227836821275,False,2026-08-07T11:46:04.274908+00:00
1366092,3716,-150.583706,600,0.23,241.9523912,0.0031391979709345227,86.15173123081526,0.21348567331830662,0.0003,,,0.1678451455398748,-0.029231128377976163,0.8001754575448364,0.13419525800376061,-0.02447354581684935,0.8076379436371206,0.03479422684435747,0.23693584644282986,False,2026-08-07T11:46:07.555005+00:00
1371096,3724,174.809026,600,0.21,178.51334008999999,-0.0034728089968363443,127.52045356432596,0.24903185466925304,0.0003,,,0.18215452025147622,-0.07826378616870486,0.8118538638442497,0.18518756284045473,-0.07890449109025087,0.7972925165367166,0.014887668909324005,0.18283871764241535,False,2026-08-07T11:46:12.078555+00:00
1376100,3740,-124.011284,600,0.23,224.64268193,-0.007605201588982406,304.6635471582413,0.24054820090532303,0.0003,,,0.13989415413280523,-0.0281114870506785,0.8668664561308982,0.160297462572841,0.02763591916718944,0.8028872999047297,0.08727772182368011,0.2876360729796181,False,2026-08-07T11:46:15.415963+00:00
1381104,3751,382.973906,106,0.25,211.57338933000003,-0.0001241327738777424,99.42056378126145,0.23084500382343928,0.0003,,,0.14416575005880747,-0.06464810337885715,0.8315714728994194,0.18013844138364196,-0.0415514393192735,0.8028822126217079,0.05148362911756861,0.21937486292837527,False,2026-08-07T11:46:20.086842+00:00
1386108,3762,78.060226,38,0.27,177.07781653,-0.009146152335839966,164.1066468556722,0.19317760095000266,0.0003,,,0.1935434284098411,-0.03261287588194557,0.8694575099758245,0.1392544425474862,-0.08134507459580459,0.8028847955152179,0.09876258141676672,0.17985538781252616,False,2026-08-07T11:46:24.783396+00:00
1391112,3773,1765.104954,600,0.24,226.52788952999998,-0.0051221774803707374,266.9026797334353,0.176120725274086,0.0003,,,0.14811528327938306,0.002740981169115906,0.8207247731108043,0.17110528784857018,0.02437804354139881,0.8024525906459785,0.03647705347504362,0.28459479803157567,False,2026-08-07T11:46:28.154470+00:00
1396116,3786,-71.00154,600,0.29,206.97450178999995,-0.003378913066505144,127.19676683743795,0.16743438964088758,0.0003,,,0.18217320502561088,-0.06341154681328155,0.8832542494643617,0.2985636953201994,-0.042115703951273585,0.7929052151783852,0.14887312433957514,0.25821205263395064,False,2026-08-07T11:46:32.735061+00:00
1401120,3797,-32.571461,600,0.28,192.75977474999996,-0.003211756600649096,79.21837906241417,0.23673723936080932,0.0003,,,0.1604442388936404,0.06371441084140955,0.804187247552,0.16277549392723312,0.11892648493470741,0.8028854784098364,0.05527659973817993,0.3789366495227311,False,2026-08-07T11:46:52.502541+00:00
1406124,3809,-160.9302,600,0.26,218.79010488000003,-0.009221786631193633,107.63811446030935,0.24195834795633953,0.0003,,,0.18988166422789,-0.07361366265606507,0.8429660437292319,0.1559040591541632,0.009300280559050822,0.8028790544448047,0.09816397677312891,0.26933142750261446,False,2026-08-07T11:46:55.861633+00:00
1411128,3821,53.718468,34,0.31,225.60846913999998,-0.008106890963002418,149.5375885049502,0.2354108288884163,0.0003,,,0.15062854260785985,-0.059964093102692836,0.8310815422566977,0.17464864327276636,-0.040645480578233605,0.8028780688276339,0.04178049711631426,0.21984309845998545,False,2026-08-07T11:47:00.675586+00:00
1416132,3833,-63.204454,600,0.31,208.49705325,-0.007705933428466475,245.52429715792337,0.22483497262001037,0.0003,,,0.18206396802503413,-0.07765024673765632,0.8116358999501745,0.1869945240263896,-0.08942373571933225,0.7970374707080881,0.019391739520227453,0.17269906271708463,False,2026-08-07T11:47:03.854680+00:00
1421136,3841,-84.402592,600,0.29,204.64960497000004,0.00497364040153722,50.96652793884277,0.22555521403749784,0.0003,,,0.16542593795676575,0.014677693239238516,0.8353961291945006,0.1856535209228791,0.051215982188525334,0.8028899682268481,0.05292307788524309,0.31227150159005723,False,2026-08-07T11:47:08.627499+00:00
1426140,3849,-96.76222,600,0.27,195.82937608999993,0.0023160948442334,90.00905031164487,0.194513946523269,0.0003,,,0.1423525789644785,-0.06187653186279217,0.82702704176622,0.13322367388924647,-0.024114240789949528,0.8028960713107127,0.045734355467932995,0.23740063824280533,False,2026-08-07T11:47:13.524671+00:00
1431144,3861,25.62157,600,0.24,203.09970859,0.009263726629433222,46.0794923444589,0.1850092868010203,0.0003,,,0.08507608722209618,-0.22784454096142653,0.8207499922925019,0.17662641650492195,-0.014446057461400649,0.8028876425243646,0.2328936218343987,0.2461161848031228,False,2026-08-07T11:47:16.751770+00:00
1436148,3870,161.213272,46,0.26,205.35101387000003,-0.0036878176431249204,197.349254822731,0.15295754124720892,0.0003,,,0.18205172639626827,-0.07793959469111664,0.8162438432631972,0.18597765230801971,-0.08866029171932897,0.7966578763756541,0.022670605151941078,0.17329781895090834,False,2026-08-07T11:47:21.217677+00:00
1441152,3882,-159.760413,600,0.23,205.79163239999994,-0.009085356519790366,206.88244715531667,0.13739005774259566,0.0003,,,0.17716576979878101,0.10084243771813156,0.8065740469335939,0.1885815602806026,0.12857124108655732,0.8101907695471099,0.030204097255716583,0.38962098889513275,False,2026-08-07T11:47:25.954049+00:00
1446156,3892,1917.365095,600,0.22,208.74714359999996,0.010639660012869475,136.87556618054708,0.13571525489290556,0.0003,,,0.08265181951902337,-0.2673309156190959,0.7899169780934296,0.17863701800949827,0.10972173849004122,0.8028936584253791,0.3892945626802898,0.37019117000866564,False,2026-08-07T11:47:29.282951+00:00
1451160,3901,150.324112,600,0.2,221.38246914999996,-0.005127177798810104,77.38853323856989,0.15434986452261606,0.0003,,,0.1821401223589835,-0.07825763269419922,0.8123144639635232,0.18505001962067272,-0.0779028844520813,0.7974045914950347,0.015195316561870767,0.1838120316352228,False,2026-08-07T11:47:33.782922+00:00
1456164,3911,-136.326063,600,0.21,211.40045737,-0.0033944238995900376,115.38082741896311,0.14506167992949487,0.0003,,,0.17717622595801916,0.10086410548318568,0.8065801670931173,0.18857643468506588,0.12856891485512142,0.809130715250984,0.03006703372900506,0.38961829296247946,False,2026-08-07T11:47:38.192060+00:00
1461168,3922,-66.388674,600,0.2,189.11483346,0.008728565703010342,63.93755484024684,0.10864004244407018,0.0003,,,0.15320731548267646,0.052680325778461164,0.8028978028445514,0.1496660319954899,0.09443249894402615,0.802988009463096,0.041902181208356856,0.35458311748083177,False,2026-08-07T11:47:41.623021+00:00
1466172,3936,-143.361387,600,0.21,163.33185269999998,-0.0070548093256851034,196.56067179441453,0.0923191840449969,0.0003,,,0.18212854337805612,-0.07825632835030467,0.8124390563317442,0.1852798525464088,-0.07795308300222263,0.7965384429920455,0.016212717594354192,0.1837937728356535,True,2026-08-07T11:47:45.965429+00:00
1471176,3946,-102.839879,600,0.23,183.37947592,0.013166433282458456,21.54861273964246,0.11409577603141467,0.0003,,,0.17539447151680113,0.09432450266641156,0.8070974536255746,0.13897600386575135,0.10441358312934802,0.8029438106468568,0.03801772061332474,0.36501954465839653,False,2026-08-07T11:47:49.453875+00:00
1476180,3958,1847.198195,600,0.25,178.51998032,-0.005729506547019507,235.38354098002117,0.13560251742601395,0.0003,,,0.1895729643078744,0.10137090876424724,0.8305943204140576,0.1867863381498624,0.12196189504822216,0.8138864000951679,0.026662869366850347,0.3828999832597383,True,2026-08-07T11:47:53.585683+00:00
1481184,3969,443.595745,105,0.25,173.89844933000003,-0.008567976761454096,326.92403243382773,0.12186003799239795,0.0003,,,0.17713876910119342,0.10064356739239048,0.8066535372440367,0.18842068681287505,0.1284568256140955,0.8033229697927676,0.03019853770810517,0.3894951101170531,False,2026-08-07T11:47:58.225396+00:00
1486188,3980,44.426766,36,0.22,129.47795544000002,-0.005221192669705488,123.29700933297475,0.11563342536489168,0.0003,,,0.08216025259787817,-0.26856019500085776,0.7669245500790869,0.15548433993202443,0.01876520828293176,0.802325445831499,0.29863946921941004,0.2788017800066489,False,2026-08-07T11:48:01.533687+00:00
1491192,3994,42.393074,43,0.28,133.39490506,-0.004080042652397727,129.06574967304866,0.10280210251609484,0.0003,,,0.1786236741118083,0.1046147981082425,0.8068168881702269,0.1446105781666764,0.12163569218566746,0.8028927286572948,0.0382361158965003,0.38194585461083025,False,2026-08-07T11:48:05.621100+00:00
1496196,4003,282.683238,81,0.29,144.16139927,-0.007337557195084324,214.26135555903116,0.07286484688520431,0.0003,,,0.1417129998756246,-0.05892133570975687,0.8149331288819657,0.1858988227194414,-0.08609357988716498,0.8028838022753122,0.05325320709305363,0.17582432134012327,False,2026-08-07T11:48:09.985664+00:00
1501200,4014,-126.428257,600,0.27,177.4496559,-0.008058598293185544,396.2558437983195,0.048589106649160385,0.0003,,,0.14344187617120183,-0.2232881807369214,0.7999564762378445,0.1782616492809355,-0.2720939376452339,0.8025855784717929,0.06001108802015821,0.02190322264477756,False,2026-08-07T11:48:13.124382+00:00
1506204,4024,-116.667547,600,0.28,206.06195754999996,-0.0027275200710088635,146.67936436335245,0.030769824733336767,0.0003,,,0.17754757516690908,0.1011989951065955,0.8069041492401322,0.1476140034435811,0.12199340376555928,0.8048257256461114,0.03650679378181259,0.3821941567202372,False,2026-08-07T11:48:17.266603+00:00
1511208,4035,64.162761,49,0.28,209.00574444999998,-0.00016863620354949185,236.1645223935445,0.01460747147599856,0.0003,,,0.1705328051151313,-0.012581856979284938,0.8006820826900498,0.13884161710748133,0.01161505984902102,0.802937531966781,0.03993631471195209,0.27243791568614983,False,2026-08-07T11:48:20.150168+00:00
1516212,4047,-151.445925,600,0.27,258.07340099,-0.0009850865443392345,335.9282148122787,-0.0065440177917480465,0.0003,,,0.14387457307730495,-0.2382764233171271,0.8008790705226105,0.1362218947182546,-0.19350382077732778,0.802883364686118,0.04546610407048081,0.07061968664617194,False,2026-08-07T11:48:24.370411+00:00
1521216,4056,-138.658834,600,0.26,259.63039161999995,-0.001953757321947099,183.3838625907898,-0.03501515910029411,0.0003,,,0.1821386342876007,-0.0782573304291734,0.8123342536507233,0.18499190378701524,-0.07787335227356135,0.7974181950391034,0.015191359075657376,0.18383337854418524,False,2026-08-07T11:48:28.379192+00:00
1526220,4068,1991.118407,600,0.28,248.64469351,1.8846742750611157e-05,165.18051195144653,-0.05084561109542847,0.0003,,,0.17768009713219252,0.06564732261042995,0.8259971577137422,0.2273005240688051,-0.040170793702488425,0.7929009589277167,0.12147023867380084,0.2299005012637635,False,2026-08-07T11:48:31.309890+00:00
1531224,4079,-114.21942,600,0.28,234.10678521999998,0.005954854419299712,24.47417970945438,-0.05059223100543022,0.0003,,,0.0799209235938497,-0.2669330438979847,0.7847298767587427,0.18027220488143755,0.0815634482108524,0.8028459565532339,0.3631093182711589,0.34216450932912756,False,2026-08-07T11:48:35.531997+00:00
1536228,4091,-115.861058,600,0.28,244.27486247000004,-0.0022493692883775412,106.3152227640152,-0.03899638081590335,0.0003,,,0.1657117966008253,0.07140453077755965,0.8054255283855971,0.13799907228044128,0.04179953188206492,0.8028813474080069,0.04063156292473352,0.30260039369563746,False,2026-08-07T11:48:39.621347+00:00
1541232,4102,271.380399,86,0.28,218.79009658999996,0.008603387932331922,44.7257401595513,-0.026564765721559525,0.0003,,,0.1786413140913142,0.10467096503878885,0.8068153981323108,0.14518040678397262,0.12164737583733738,0.8029010717211633,0.03772469738360518,0.38193499424197097,False,2026-08-07T11:48:42.727073+00:00
1546236,4112,-136.788818,600,0.27,182.73497642,-0.003987706577269516,110.51963279644649,-0.01485289509097735,0.0003,,,0.08540520176550602,-0.20604206569204253,0.8355216262777254,0.14530315197866056,0.02532810964797438,0.8028910754632117,0.24121499813043606,0.2857063658672114,False,2026-08-07T11:48:46.920161+00:00
1551240,4124,-100.017188,600,0.27,185.06609694999992,-0.003266644179529976,176.46650412480037,-0.008439338207244873,0.0003,,,0.13272231916779328,-0.05180729102909603,0.8734662931692471,0.1672980930448997,-0.055650876235017174,0.8028864707183788,0.07868779208766793,0.2044794037198081,False,2026-08-07T11:48:50.054857+00:00
1556244,4137,-77.475324,600,0.28,171.31851069,-0.00695505099138245,240.55738599300383,-0.028939914951721827,0.0003,,,0.15516937589114607,-0.08252021256870337,0.8738852370364067,0.1741495126350138,-0.0761026945442725,0.8029018707607604,0.07375681945577904,0.18444085139058963,False,2026-08-07T11:48:54.225116+00:00
1561248,4146,-149.410892,463,0.28,121.75234046,0.0025971425052072543,110.21900689601898,-0.02412044977148374,0.0003,,,0.17714708398372497,0.10079671366814083,0.8065663998483449,0.18857634140271629,0.12855975184324878,0.8121146843133759,0.03053191239288776,0.389609147788462,False,2026-08-07T11:48:58.691875+00:00
1566252,4159,588.996161,600,0.3,125.6674237,0.002081116743890258,87.34350828329723,-0.027037020275990167,0.0003,,,0.16396457548256188,-0.07382641327383815,0.8848921634084704,0.15140297430272337,-0.02773892894819304,0.8029033138778678,0.09488952251444675,0.23242012386403238,False,2026-08-07T11:49:01.888379+00:00
1571256,4169,626.019553,150,0.28,98.5376078,-0.0012918873854990429,114.60308334827423,0.017064591745535533,0.0003,,,0.17864122698024584,0.10467070078110721,0.8068154056179103,0.13809441424780947,0.1099669428843132,0.8029018965712225,0.04107809338605608,0.37061488571603707,False,2026-08-07T11:49:05.997997+00:00
1576260,4178,1780.272328,600,0.28,132.74307280999997,-0.001201930363701346,95.9141051530838,0.019724097599585853,0.0003,,,0.143450684253256,-0.00036191066111226325,0.7986140387908419,0.18554713093969002,-0.027206886803231366,0.8028801530224536,0.050109513052232775,0.23419071170969444,False,2026-08-07T11:49:10.100274+00:00
1581264,4186,1983.241832,600,0.26,138.87754243999998,-0.001218575679619486,140.608190369606,0.01458540658156077,0.0003,,,0.14509809122064884,-0.23922219463762287,0.8111024389293542,0.13848518155631112,-0.28119002932475917,0.802887324324488,0.04327259907293042,0.030197760768789605,False,2026-08-07T11:49:13.290379+00:00
1586268,4200,45.007053,34,0.27,145.73084161999998,-0.008306048534965764,138.14818528493245,0.02136851375301679,0.0003,,,0.14060382435914778,-0.07759895819995015,0.8027388363385468,0.17699005648582702,-0.08664459155934089,0.8028006094874591,0.03749380198340832,0.17418599155793021,False,2026-08-07T11:49:17.626035+00:00
1591272,4210,372.41235,114,0.26,152.14113561,0.0025374213704102053,140.03747087717056,0.01857622340321541,0.0003,,,0.17862630025836462,0.10463756262396032,0.8068063198895168,0.1881369467001793,0.12351323488123678,0.8305564269360498,0.03179325374394851,0.3845440015117638,False,2026-08-07T11:49:20.621473+00:00
1596276,4222,1848.188034,600,0.26,175.3270409,-0.00045276086990876744,146.48413372039795,-0.0310033584634463,0.0003,,,0.17864131413068024,0.10467096515796938,0.8068153981288476,0.14370529742686464,0.1269999989271481,0.8028953663142033,0.04164706066005416,0.387342892669479,False,2026-08-07T11:49:24.666108+00:00
1601280,4231,-106.076184,600,0.23,190.38939351999997,-0.0016840379229203486,380.98942817052205,-0.07708771626154581,0.0003,,,0.1775090092981523,0.10093596651507677,0.8071906056990005,0.18807905307766706,0.12852416150042445,0.8008546824502658,0.030215529971593706,0.38953749150928507,False,2026-08-07T11:49:49.052899+00:00
1606284,4239,269.524046,91,0.24,213.70489837999997,0.0007935797494913762,447.0001015345255,-0.07687986840804419,0.0003,,,0.1786210391298227,0.10460946355641432,0.8068171467107408,0.1369580171599437,0.10461814962310105,0.8029069065065052,0.04184611634985012,0.36534549129252375,False,2026-08-07T11:49:52.084560+00:00
1611288,4252,-148.862017,600,0.22,230.59834191,0.002933205619531994,120.67334617376328,-0.09456784675518672,0.0003,,,0.1741449873839319,-0.038831861461473965,0.8285746463497802,0.15729717392766127,-0.07754710290282416,0.802882353208585,0.04942481830995877,0.18247291560100076,False,2026-08-07T11:49:56.290245+00:00
1616292,4260,234.820713,85,0.22,225.95933071999997,-0.003779764762051248,180.23870012760162,-0.07714172129829724,0.0003,,,0.17718664448639498,0.10015418568817015,0.8067394331945378,0.18557553338526364,0.12893638688577655,0.8038403859761295,0.030119645374931253,0.3897763730034226,False,2026-08-07T11:50:00.479787+00:00
1621296,4273,-128.617428,600,0.23,242.98389389,-0.0016338927554897964,285.7064978122711,-0.08219478850563368,0.0003,,,0.1707713659543083,-0.0021836672219632206,0.8536758924396888,0.170757773957717,0.025655886078259922,0.8028966104825189,0.05791007156604188,0.2858583826856948,False,2026-08-07T11:50:03.655336+00:00
1626300,4285,89.172706,50,0.25,216.70839498,0.003001924999504505,95.22930194536845,-0.1562620796263218,0.0003,,,0.1743534994955413,0.08899053630991932,0.8073494508842546,0.1420964137934699,0.10487497230993978,0.802955119146663,0.03622354257177961,0.36531395239880177,False,2026-08-07T11:50:07.904481+00:00
1631304,4296,50.408285,55,0.27,205.35802079999996,-0.005115713695219407,357.3901395479838,-0.16495213583111762,0.0003,,,0.17862857964110251,0.1046423285403417,0.8068077205058128,0.1881560056751974,0.1236110018536771,0.8305847144621693,0.03187362319699164,0.384642901141778,False,2026-08-07T11:50:11.822666+00:00
1636308,4306,277.288147,600,0.26,207.25181598000003,-0.0030402299113726863,217.32590413888295,-0.17797205025951068,0.0003,,,0.17655666345684748,0.1000858669684295,0.8061977468552758,0.18994299332428058,0.12964965831395256,0.8046146583952184,0.032491810585341695,0.39079846349927977,False,2026-08-07T11:50:14.910975+00:00
1641312,4319,383.984129,114,0.26,195.91304388999993,0.00036876465892419217,121.69410963455836,-0.19067761053641638,0.0003,,,0.12582372924477775,-0.03531741586752325,0.837110412133,0.1398406918619556,-0.08612800058594122,0.8029013361695798,0.06283670614147388,0.17503676723719244,False,2026-08-07T11:50:19.306237+00:00
1646316,4328,778.185939,600,0.27,139.59952355,0.006007931739683651,80.03731342554093,-0.18273613800605137,0.0003,,,0.17837432467932343,0.10407139885480267,0.8069248254605922,0.13665578691684482,0.10303192071663154,0.8028811315913224,0.04192694083697807,0.3637817034207169,False,2026-08-07T11:50:22.371709+00:00
1651320,4339,-137.373233,600,0.26,101.15975789999999,-0.006671615660404011,201.71093757152556,-0.18060283015171688,0.0003,,,0.14405809712497936,-0.24210873318291237,0.8011159903695886,0.1433938377472175,-0.24142748554131738,0.8097594711468705,0.008695694268853164,0.024913910132368097,True,2026-08-07T11:50:26.507387+00:00
1656324,4351,-52.602335,600,0.27,88.61133423999999,0.020053422401057713,41.965598061680794,-0.15760860020915668,0.0003,,,0.17830735678434795,0.10364926916600847,0.8068345408270701,0.189006792994008,0.1275379178332344,0.8324624586179735,0.036632439731036824,0.38862196515163167,False,2026-08-07T11:50:30.585846+00:00
1661328,4358,7.308499,600,0.29,107.89769528,-0.00016817185775532076,109.0572208225727,-0.17339062293370563,0.0003,,,0.17864131402975245,0.10467096485239641,0.8068153981377298,0.14370262748452267,0.12699279162350105,0.8029079251712149,0.041644256661502184,0.38733580407633217,False,2026-08-07T11:50:33.721930+00:00
1666332,4368,-87.459568,600,0.26,75.64492562999999,0.012390998724731617,32.31472774495681,-0.16994273861249287,0.0003,,,0.14408630831252323,-0.24271568747070238,0.8011536680228122,0.1435691654101854,-0.2423023626139422,0.8105960757962648,0.00946558708051501,0.024149093034030053,True,2026-08-07T11:50:37.925241+00:00
1671336,4381,-97.65111,600,0.27,66.07166094,-0.0004945501665739963,52.88549010753631,-0.20053884039322536,0.0003,,,0.17862252291913944,0.10462488175171987,0.8068077792241125,0.188126650516286,0.12344115836172015,0.8305851368495769,0.03177646050925302,0.3844713648570502,False,2026-08-07T11:50:42.011757+00:00
1676340,4390,178.11879,77,0.27,96.98214442999999,-0.003479776741975608,106.90951147874196,-0.21855447689692178,0.0003,,,0.17863346022946483,0.10464718043434904,0.8068160802579184,0.1359489921966382,0.11589920905536921,0.8029071135130188,0.04431536957249016,0.37666784617857885,False,2026-08-07T11:50:45.292334+00:00
1681344,4403,-109.702704,600,0.24,61.109722989999995,-0.00893579453259008,102.68886185089747,-0.22429333354036013,0.0003,,,0.1808072630889157,-0.06606404902929497,0.8141859348178937,0.1820311841204781,-0.06698617147326198,0.796863799774185,0.017389785937890385,0.19426711269872582,True,2026-08-07T11:50:49.403278+00:00
1686348,4413,-130.795497,600,0.25,72.59524733,-0.0016138261969899758,48.648180152972536,-0.23882899209856986,0.0003,,,0.17859938013287868,0.10454366713216928,0.8068190168028978,0.14314111901051282,0.12172578643180082,0.8029043566887419,0.03959593500926598,0.38209789046158643,False,2026-08-07T11:50:52.499057+00:00
1691352,4422,648.092839,155,0.24,81.81389216999999,-0.007221770536853,93.23223367730776,-0.24144170408447582,0.0003,,,0.17667421698096575,0.0023517063205122472,0.8015906773102174,0.1394238897694901,-0.01192493082198185,0.8021869505894643,0.039896927040612894,0.24892692955945242,False,2026-08-07T11:50:56.618322+00:00
1696356,4433,-137.884044,600,0.26,85.72704912999995,-0.0016323464452095019,192.9256948153178,-0.2509820858637492,0.0003,,,0.17851554182660345,0.10428691702274526,0.806826097955109,0.1366112887388009,0.10264045501041585,0.8028867943673215,0.04212119866244797,0.3633939066971558,False,2026-08-07T11:51:00.890450+00:00
1701360,4445,-123.438603,600,0.25,102.3612593,-0.007795425190609725,465.47062986691793,-0.25235547324021657,0.0003,,,0.14356253171116873,-0.18285732118473677,0.801156802700767,0.14497634888362768,-0.18278795491976993,0.8101725739204078,0.009126216157902399,0.0786600915225628,True,2026-08-07T11:51:04.195186+00:00
1706364,4456,-190.233752,600,0.26,82.33228396,0.008085117718292168,38.83562205533187,-0.19536878938476246,0.0003,,,0.17822040797782981,0.1026277785814176,0.8069336447070318,0.1869746877241227,0.12818284542103286,0.8013082075873059,0.027592469948185993,0.3891189474402184,True,2026-08-07T11:51:08.460217+00:00
1711368,4464,-156.411309,600,0.25,99.50287576999999,-0.005698573454962267,202.0830469051997,-0.21983766828974088,0.0003,,,0.17714316786231,0.10002225117687195,0.8067476318075343,0.18558408180622996,0.1289279252093817,0.803829548299627,0.030253962233755288,0.3897684905806808,False,2026-08-07T11:51:12.601168+00:00
1716372,4473,115.331652,600,0.23,134.65177358,-0.0014970989786282493,107.21418818632762,-0.21825846632321674,0.0003,,,0.08478310695528851,-0.2687201743785482,0.7910248791364677,0.1593687187011595,0.11151371655945094,0.8028997559050264,0.38766201515704957,0.37151425290006623,False,2026-08-07T11:51:15.695375+00:00
1721376,4484,613.933014,600,0.22,127.27372271000002,-0.007169934808431814,33.733877284328145,-0.20576874415079752,0.0003,,,0.17718650235990802,0.10015376066887915,0.8067393657628449,0.18557590786779535,0.12893709179415114,0.803836015657316,0.030121283460007076,0.38977710096483853,False,2026-08-07T11:51:19.767234+00:00
1726380,4493,-139.81567,600,0.22,100.17769021999999,-0.003331690031821684,88.36872116525969,-0.19548724542061488,0.0003,,,0.17862649973590913,0.10463728035601584,0.8068070230477289,0.18683617461944635,0.12648583999835283,0.8307027565244718,0.03340305971808077,0.38741642297073287,False,2026-08-07T11:51:22.791436+00:00
1731384,4504,-100.969749,600,0.21,115.10257882,0.0033643278477635857,46.44672330915928,-0.2275033469001452,0.0003,,,0.16684732136272817,0.07485479502397988,0.8059250941545034,0.138587954219689,0.09760998198576237,0.8029240227360679,0.03640599943208961,0.35825043603651824,False,2026-08-07T11:51:26.864558+00:00
1736388,4513,-98.794368,600,0.2,87.46245618,-0.005394711647628962,23.911848570406438,-0.2462147002418836,0.0003,,,0.178326102269902,0.10360466656186368,0.8069421560517434,0.13671206927500618,0.10330149223861328,0.8028805230403214,0.041812875044536575,0.3640471150555314,False,2026-08-07T11:51:30.904459+00:00
1741392,4521,40.818458,40,0.19,75.43247860999999,0.002119063585996628,40.030546035369234,-0.24290068497260411,0.0003,,,0.18213263515527314,-0.07825814358823366,0.8119371338175068,0.18539013456704065,-0.07892916188886695,0.7966088163988091,0.01568498909358246,0.18284230185490608,True,2026-08-07T11:51:33.931650+00:00
1746396,4534,-133.045539,600,0.18,76.57326528000002,-0.0036525820634172607,121.55375767747562,-0.2785820598403613,0.0003,,,0.1820485799208747,-0.07823745995044382,0.8136344532970513,0.18524693294574207,-0.08361108682862609,0.7966308998573588,0.01811701292912494,0.17818657725245549,True,2026-08-07T11:51:37.771907+00:00
1751400,4542,-137.106582,600,0.16,77.14980041,-0.006904935572917262,96.46442654927571,-0.27702964941660563,0.0003,,,0.17718608157533197,0.10015250385198801,0.806739153179991,0.1855770624039454,0.1289392829215198,0.8038225390621307,0.03012629825213667,0.38977936312832334,False,2026-08-07T11:51:41.852401+00:00
1756404,4553,-101.271634,600,0.14,85.11774007,0.009285918470413889,36.276501129070915,-0.27283819193641345,0.0003,,,0.1864235017532318,0.012563999826698646,0.8763325824465427,0.14606665570213462,0.06423152656495665,0.8029005859043689,0.09844016689649804,0.32453077034691963,False,2026-08-07T11:51:44.832683+00:00
1761408,4563,-178.359895,600,0.15,62.78433945999999,-0.0029053545537559935,13.919137190282346,-0.2997006833553314,0.0003,,,0.16282961963338144,-0.06322050835082424,0.8772248798828484,0.18636310886910806,-0.03515651938184867,0.802882070507018,0.08287500164916979,0.2263837544651326,False,2026-08-07T11:51:48.784154+00:00
1766412,4570,590.343351,600,0.15,47.24181767999998,-0.008078356581972913,170.0046191294988,-0.28814400335152945,0.0003,,,0.19175305860053687,0.10159123672459874,0.8358315734548265,0.18280636871193573,0.1049993856346865,0.802881262134046,0.03431299688299592,0.3657112002216002,False,2026-08-07T11:51:52.902654+00:00
1771416,4581,-97.009729,600,0.15,80.1745768,-0.005524678914419686,370.80960038503014,-0.2905265507598718,0.0003,,,-0.1336970175184503,-0.21851332260618744,0.9797441293407686,0.2510570887670131,-0.19712995038516504,0.7928867253939473,0.42826237322558935,0.11065277472027311,False,2026-08-07T11:51:55.915516+00:00
1776420,4590,-112.081779,600,0.14,102.77120054999999,-0.005979175354150356,317.66994693279264,-0.30315929303566613,0.0003,,,0.1786256176271171,0.10463529175342456,0.8068070564539014,0.18723266177201936,0.1267532760111109,0.8308273236699623,0.03376773124843487,0.38771086439834995,False,2026-08-07T11:51:59.788181+00:00
1781424,4598,-128.646187,600,0.13,123.80535575,-0.0027280603884719313,95.50710807243983,-0.30464454715450606,0.0003,,,0.16450978047089018,-0.11226834041564224,0.8359871212513933,0.14266592558375163,-0.039022437663092206,0.8028782812302842,0.08329652786226914,0.2216563854082034,False,2026-08-07T11:52:02.532107+00:00
1786428,4607,3.954229,600,0.12,114.50196922,0.013750930619426071,31.038638458649316,-0.28549099812904993,0.0003,,,0.17826312761024027,0.10351018575584975,0.8068366703048473,0.18906907181764407,0.1276201347839281,0.8327293592895865,0.03699309956208717,0.38870860528968215,False,2026-08-07T11:52:06.647750+00:00
1791432,4617,172.108948,600,0.14,124.24378309999999,-0.006332422750225912,180.19863161643346,-0.27873651186625165,0.0003,,,0.17862588454300588,0.10463545590932845,0.8068069180531274,0.18711369971443978,0.12660354566977272,0.8307609549608646,0.03359219936658796,0.3875531631101014,False,2026-08-07T11:52:10.581376+00:00
1796436,4628,47.658593,28,0.13,135.52173463999998,-0.004568485718724939,176.91327204505603,-0.29497062986095746,0.0003,,,0.1669664079997058,0.049509571700910845,0.8199749553553838,0.183397927842447,0.06978723853282547,0.8064715261578221,0.029385731513475857,0.33061622120886186,True,2026-08-07T11:52:13.755525+00:00
1801440,4638,-135.666598,600,0.13,158.77621734000002,-0.007875002880852359,308.18712375164034,-0.31646568328142166,0.0003,,,0.17717025398809308,0.10085086001695144,0.8065772619321685,0.18857856871657483,0.12856963127103885,0.8095768810318786,0.030124369529068353,0.3896191639742571,False,2026-08-07T11:52:54.252313+00:00
1806444,4646,-143.51021,600,0.12,167.82598588000002,-0.00018343440994309881,131.71674144268036,-0.3836089161535104,0.0003,,,0.17862450446269904,0.10463319874757573,0.8068057135689005,0.18644255685328995,0.12618931626790045,0.8306046670152502,0.03304812144242985,0.38709352463249486,False,2026-08-07T11:53:07.271314+00:00
1811448,4661,-26.473758,600,0.15,165.27200209999998,-0.008837450295686722,220.08670738538106,-0.41385380054513615,0.0003,,,0.17580330387591847,0.09693692320070366,0.8069908542335357,0.13674319492802683,0.10248298421033687,0.8029167335486974,0.03966168633704781,0.36322829298416043,False,2026-08-07T11:53:15.116072+00:00
1816452,4670,-50.263982,600,0.16,165.36797109,-0.011039326371974311,172.3161832133929,-0.3927703857421875,0.0003,,,0.17718645493721547,0.10015361918810636,0.8067393385268092,0.18557605020731194,0.12893736389465438,0.803834341499192,0.03012189031017511,0.3897773818188143,False,2026-08-07T11:53:26.578475+00:00
1821456,4680,-56.159334,600,0.16,121.64810931000002,0.0018752911845998218,45.15672520200412,-0.3667490924398104,0.0003,,,0.1625478042219392,-0.004720447808006005,0.8299622671942373,0.1808880809631487,0.009246212218073733,0.810150030938273,0.03039667825092718,0.2700552438300413,False,2026-08-07T11:53:35.256908+00:00
1826460,4690,-100.737834,600,0.16,109.14637335000003,-0.0008612020178892029,92.49160972436269,-0.37030233393112816,0.0003,,,0.17864111116157438,0.10467033810468081,0.8068154162057954,0.1437055001971755,0.12699899828130112,0.8028783065240561,0.041648130947076874,0.3873418843793616,False,2026-08-07T11:53:47.144589+00:00
1831464,4700,-138.298152,600,0.18,109.40820488000001,-0.003596611595033513,156.95020813147227,-0.38273113667964936,0.0003,,,0.0039695694382249624,-0.16240995597821872,0.7881504408583939,0.18669679230111605,-0.08655761244173348,0.8028925918346276,0.19839391878424023,0.1754849865973749,False,2026-08-07T11:53:53.484949+00:00
1836468,4711,-82.548604,600,0.19,108.59652745000001,-0.006799221266798365,160.00533318519592,-0.3878762656201919,0.0003,,,-0.07273120012503448,-0.1742354829627436,0.8400910789606285,0.1824098728020445,-0.07330492233642401,0.8028982522226308,0.2768885182225636,0.18803524782022252,False,2026-08-07T11:54:01.750356+00:00
1841472,4725,44.258643,22,0.22,89.69419991999999,-0.001670405108598061,121.24431444009146,-0.4166402593255043,0.0003,,,0.1773443472099699,0.1003507486757849,0.8068067337910929,0.1865124596204736,0.1310715190444199,0.8041597671252473,0.032168718497076206,0.39196918695585925,False,2026-08-07T11:54:11.076750+00:00
1846476,4732,-67.014627,600,0.2,64.21973627,-0.0013887208663315202,62.64687131444613,-0.4547450056920449,0.0003,,,0.1453120313854179,0.037941923854342294,0.8018222456632932,0.18167184379478746,0.05885116745494976,0.8029044579930442,0.04195716398805756,0.3195868204429746,False,2026-08-07T11:54:17.156027+00:00
1851480,4743,-40.605885,600,0.21,56.89545329000001,-0.0038269819890653406,92.41811066865921,-0.45603392633299034,0.0003,,,0.17724554820267766,0.10106193983665657,0.8065484910694838,0.18828336889041072,0.1283258486177799,0.818295572261535,0.03167251370025131,0.3893544832931939,False,2026-08-07T11:54:22.320057+00:00
1856484,4754,-198.755942,600,0.18,63.840126390000016,0.0020906049869760563,58.39228501518567,-0.4368624751766523,0.0003,,,0.1554574398779508,0.055891962361385536,0.8036640372336329,0.13838472389679102,0.08881769734522758,0.802903737455525,0.0370966266788793,0.3494867753467143,False,2026-08-07T11:54:28.356561+00:00
1861488,4762,118.837836,600,0.17,39.99787775,-0.006123327399351789,168.54455046256382,-0.41018784207602343,0.0003,,,0.09219133543584382,-0.19961919326989214,0.842850353926029,0.1573372462139321,-0.024332474814810663,0.8028846895045763,0.1912241556145714,0.23568256762993117,False,2026-08-07T11:54:34.595144+00:00
1866492,4775,-61.674017,600,0.19,55.377509090000004,-0.011906441670968585,156.17138675848642,-0.43773630099991956,0.0003,,,0.1771868599561112,0.10015482821910343,0.8067395682012972,0.18557484385490908,0.12893506552691986,0.803848549600501,0.030116744876079665,0.389775009248454,False,2026-08-07T11:54:40.548216+00:00
1871496,4783,1795.225649,600,0.19,89.52531728000002,-0.003303222989779897,126.1234689394633,-0.42362838151554266,0.0003,,,0.18000113520536756,-0.06264911326489239,0.8133082400534626,0.18663818553656353,-0.08860245660134791,0.7980895094470861,0.03080967751710862,0.17345521269703373,False,2026-08-07T11:54:48.486078+00:00
1876500,4793,186.896369,600,0.2,114.63973213999999,-0.006236853568892305,206.71215411424637,-0.41768841197093326,0.0003,,,0.16854378981990997,0.0779902764362837,0.8062673423992799,0.18400255249970013,0.11355119805701828,0.8028871669707278,0.0389227192785125,0.3743215463960558,False,2026-08-07T11:54:54.098092+00:00
1881504,4805,-125.16225,600,0.21,118.51144478,0.002605439543549437,74.4680858294169,-0.41475009694695475,0.0003,,,0.1755796560325848,-0.012820239611623974,0.8008713897569217,0.15779957390837215,-0.056014623465741036,0.803573612825702,0.046788760684527676,0.20399724438042816,False,2026-08-07T11:55:00.363157+00:00
1886508,4814,1752.690417,600,0.19,159.54183505000003,-0.0029951032357833657,140.84394826292993,-0.4127945231894652,0.0003,,,0.14454352817899613,0.03363999319773693,0.8018871878203397,0.13835854881097745,0.0757708574588857,0.8028853519129533,0.042594131341417714,0.33646756326315047,False,2026-08-07T11:55:06.658313+00:00
1891512,4824,1955.372678,600,0.18,161.65577158,0.0011089220109473292,115.70440608461698,-0.4194877542555332,0.0003,,,0.14785539475853732,-0.027078251241060478,0.8273629331259551,0.18650741327106088,-0.03795734962049751,0.8028823273321889,0.04702800630126386,0.22361927811769,False,2026-08-07T11:55:12.157313+00:00
1896516,4835,1905.146986,600,0.17,190.93173027,-0.0029196221255309257,182.07597144444784,-0.4559065173069636,0.0003,,,0.15751106831238096,-0.011573568939232465,0.8635867279031548,0.1383496156225406,-0.0775103093905632,0.8028977928946617,0.091640394166526,0.18376949236045603,False,2026-08-07T11:55:18.434725+00:00
1901520,4845,29.628094,600,0.18,239.73283069999997,-0.006579198573793595,418.8161423047384,-0.4438303869217634,0.0003,,,0.18215398281163592,-0.07826348030444759,0.8118391300240346,0.18518385758055664,-0.07890133703665694,0.7972993131178104,0.01486584266002738,0.1828413312403634,False,2026-08-07T11:55:23.378784+00:00
1906524,4857,1598.614944,600,0.19,267.38261884,0.00036440838205938536,130.84078791936238,-0.38502609406908356,0.0003,,,0.16652632406128398,0.07455488605328192,0.8058313212990393,0.1381979711074581,0.09598369265598763,0.802893991157568,0.03564151009500994,0.35665069451891424,False,2026-08-07T11:55:29.084968+00:00
1911528,4868,45.038595,33,0.21,273.40337526,0.009153798550444965,98.24319669802983,-0.4073040174941222,0.0003,,,0.17847579454515944,0.10357518218472325,0.8074531356548853,0.18452510802320285,0.1246425587174247,0.8010438410927907,0.02283654098829227,0.38542363562739285,True,2026-08-07T11:55:35.130045+00:00
1916532,4879,1604.559037,600,0.22,316.59695597999996,-0.00561069582181517,283.95978860855104,-0.4208579489340385,0.0003,,,0.08460004004272285,-0.265834075723256,0.7906740126213225,0.1551960661496231,-0.008459562644108853,0.8028789947983423,0.267159878115625,0.2515863060773217,False,2026-08-07T11:55:39.696802+00:00
1921536,4890,286.469902,75,0.22,298.70624669999995,0.007318983723719915,135.27240538199743,-0.4377355234076579,0.0003,,,0.17860848157194406,0.10457090123972587,0.8068192631806739,0.14509262911083393,0.12163871466425466,0.8028802858018802,0.037817167584049384,0.3819297556323827,False,2026-08-07T11:55:46.196072+00:00
1926540,4898,-115.167971,600,0.21,278.42268936,0.013327410345664249,20.726965006192525,-0.431040549899141,0.0003,,,0.17413315950245145,0.090051669930284,0.8072766637898785,0.1367251528201626,0.10283983316729511,0.8029018407516575,0.039774805587637505,0.36358556495564476,False,2026-08-07T11:55:54.860563+00:00
1931544,4906,-187.323595,600,0.19,273.02711673,0.007959382714761886,91.96415233761073,-0.4238725957771142,0.0003,,,0.19767535598066305,0.09577529257943523,0.8420634363227871,0.13782670026459407,0.12061476929800659,0.8028939470333702,0.07571730374139553,0.3812600921010891,False,2026-08-07T11:56:01.007130+00:00
1936548,4916,-226.076428,600,0.18,270.91955598,-0.007336779991358829,448.20144033432007,-0.43440274757643543,0.0003,,,0.19380821980528223,-0.05489642129635827,0.8863319267154985,0.13612362600258496,-0.04082655624285811,0.8028770716828856,0.10242161048001702,0.22047013331430967,False,2026-08-07T11:56:06.896826+00:00
1941552,4924,295.652578,87,0.17,287.12902786,0.0036747443984495474,148.7711404502392,-0.4559352425237497,0.0003,,,0.14431817935424582,0.004238349636956885,0.8025453536053089,0.13838606869142325,0.0828736604490875,0.8029003059474149,0.07885954624902129,0.3435542301535058,False,2026-08-07T11:56:13.653955+00:00
1946556,4934,-99.500056,600,0.16,300.90661293,-0.009246213267518517,265.6872291445732,-0.45552016558746494,0.0003,,,0.17878153401093022,-0.026942600413749032,0.8098975879782473,0.15188823095987677,-0.032103908395477485,0.797360765260433,0.030117449641959386,0.22804041169401798,False,2026-08-07T11:56:18.752323+00:00
1951560,4943,43.978835,32,0.16,266.78150117000007,-0.0059732571224837255,283.4428812901179,-0.4670853449652592,0.0003,,,0.17606067743008805,0.09643223307488563,0.8072143233984511,0.13720386261718165,0.10282074511666123,0.8028981409805529,0.039614322841328334,0.3635361838477507,False,2026-08-07T11:56:27.150347+00:00
1956564,4955,157.630302,600,0.17,292.50089454000005,-0.006923166199218637,262.3731351772944,-0.4924280868222316,0.0003,,,0.16991425184865963,0.020536295095028557,0.8459530898827579,0.17400692321976544,0.028221098938086046,0.8020454104116472,0.0447626014167623,0.2885612513335122,False,2026-08-07T11:56:33.758788+00:00
1961568,4962,711.015825,600,0.15,293.03285023000007,-0.0017952708682666223,322.32722716331483,-0.5128222748637199,0.0003,,,0.15533499962838487,0.008806060953076804,0.839356349621611,0.13684317158874457,-0.07093872172850167,0.8028807241702693,0.08961946954343329,0.19047416004204154,False,2026-08-07T11:56:41.667397+00:00
1966572,4970,-89.832731,600,0.12,315.87309202,-0.007120732666226104,706.0641482671102,-0.5270836753149827,0.0003,,,0.1502287799368941,0.04849150026107016,0.8024698840981981,0.18393491746744786,0.018822540591108702,0.8028859923667929,0.04490572370219188,0.2798479755436048,False,2026-08-07T11:56:49.934725+00:00
1971576,4979,2006.341808,600,0.1,322.60958655999997,0.0052830173750408,164.63137561281522,-0.5227113364885251,0.0003,,,0.19161415330570702,0.09991281776757659,0.8358137810403058,0.16979662376196414,0.11941201241254121,0.8028771093293736,0.044057320964716304,0.3795384684061258,False,2026-08-07T11:56:56.830917+00:00
1976580,4990,46.585826,32,0.09,318.56942472,0.00441155347507447,82.63499533732733,-0.47360968875388304,0.0003,,,0.17862140616675595,0.1046255482016755,0.806804898429842,0.18735527804292978,0.12690074359636602,0.8308049099214622,0.033889015911043506,0.38786659643777904,False,2026-08-07T11:57:05.350997+00:00
1981584,5001,47.258319,27,0.11,298.26197752,-0.004694144091142031,106.84193239212036,-0.4383038726945718,0.0003,,,0.19060262921203242,-0.050220756359652355,0.8310954932527139,0.16367249479086926,0.018206921798219245,0.8028826315878755,0.07876258528856504,0.27823116028660316,False,2026-08-07T11:57:13.198728+00:00
1986588,5009,-185.729668,600,0.12,277.06625111,-0.005452859513267564,85.48641202648481,-0.44874212592840196,0.0003,,,0.19792186493798483,0.019781343266187704,0.8835641940420987,0.29277980305850393,-0.07764701327993379,0.7928876746526704,0.16343972666501794,0.22557279948163905,False,2026-08-07T11:57:18.153626+00:00
1991592,5018,1760.873315,600,0.12,296.15293789,-0.0012658673328890776,75.43278429905574,-0.46918491162359716,0.0003,,,0.17860796309134727,0.10458432244850704,0.8068058976944681,0.18658589517898458,0.12609879022482556,0.8305611561373974,0.033027746332191174,0.3870130303175099,False,2026-08-07T11:57:25.140363+00:00
1996596,5028,1143.486739,600,0.12,287.38810050000006,-0.009430363426023785,267.5604465762774,-0.47276502574483553,0.0003,,,0.1771997337724551,0.1002145204535561,0.8071485589346639,0.18452362061346925,0.1237526281406206,0.8017119561729705,0.025243582977388074,0.3845354178392763,False,2026-08-07T11:57:30.192692+00:00
2001600,5037,-130.854008,600,0.12,267.06471525,-0.004106537086772733,222.01641958554586,-0.5015274040400982,0.0003,,,0.17741365573655227,0.10089610282095536,0.806999689250136,0.13772194844658658,0.10812883376495137,0.8028809745048683,0.040554997665558284,0.3688023180921722,False,2026-08-07T11:58:10.103890+00:00
