global_step,episode_num,episode_reward,episode_length,success_rate,avg_reward_100,policy_loss,value_loss,entropy,learning_rate,fps,eta_seconds,ee_x,ee_y,ee_z,cube_x,cube_y,cube_z,ee_to_cube_dist,cube_to_goal_dist,is_grasped,timestamp
5008,54,21.744383,70,0.9074074074074074,15.164725796296295,,,,,3496.8255548870648,570.5151625913553,0.1465186709902759,0.043427687059418865,0.8020017308527503,0.16530306653443202,0.1165359165493359,0.8029067489505952,0.07548831560491406,0.3765732584322964,False,2026-08-07T18:17:32.125652+00:00
10016,97,23.115267,20,0.8556701030927835,6.235336134020618,-0.009502879292995203,20.542145428061485,0.42401227802038194,0.0003,1735.8222894493451,1146.421504145613,0.15199009126404678,-0.06051581391045195,0.878567313561174,0.1757924873059081,-0.08442494039006594,0.802878648003212,0.08286720992224142,0.176283873942965,False,2026-08-07T18:17:35.010727+00:00
15024,153,9.603733,97,0.8,-3.918920579999999,-0.009502879292995203,20.542145428061485,0.42401227802038194,0.0003,4464.150676718638,444.64807389947936,0.06108330470539248,-0.20354677839583687,0.8193823113046663,0.1817758918382396,-0.29360476464401963,0.8021965205815725,0.1515667934564684,0.04004334741415435,False,2026-08-07T18:17:36.132581+00:00
20032,204,21.534528,20,0.81,-4.830321109999998,-0.00823146655166056,8.671607396006584,0.41338399760425093,0.0003,1824.875667547666,1084.9878899754046,0.14851142520985688,0.04587075845343956,0.8025726264769419,0.16645534205698673,0.10970260544328392,0.8029047009827728,0.06630685571966925,0.369758959205352,False,2026-08-07T18:17:38.876835+00:00
25040,229,22.788737,21,0.78,-11.732998649999997,0.00079673015861772,5.547136185318232,0.4141186196357012,0.0003,1865.2938843797176,1058.7929422482134,0.14855462502685607,0.04577520680541823,0.802660310834356,0.1664553430651362,0.10970260317335385,0.8029047009827728,0.06638680169441663,0.36975895695336836,False,2026-08-07T18:17:41.561690+00:00
30048,285,23.063117,20,0.77,-11.350314700000002,0.00079673015861772,5.547136185318232,0.4141186196357012,0.0003,4043.9090209366127,487.14053402312646,0.16642042536077303,-0.008081715438109257,0.8708812669304584,0.18137127526688468,0.11826467175724288,0.8028850682544802,0.1442581730946847,0.3788679101034392,False,2026-08-07T18:17:42.800108+00:00
35056,315,-45.516378,119,0.75,-13.149422670000002,-0.004357025238277856,6.363037559390068,0.42430655658245087,0.0003,1710.0909444390531,1149.0289486589522,0.1557485811583808,0.056417929769419416,0.8035070960286683,0.18137127423054603,0.11826466950110275,0.8028850682544802,0.06694720706841191,0.37886790779243323,False,2026-08-07T18:17:45.728571+00:00
40064,366,21.220905,20,0.78,-9.686736040000003,-0.004357025238277856,6.363037559390068,0.42430655658245087,0.0003,4093.478390388808,478.7947591470834,0.1445629628419166,0.031510682410400816,0.8044561590379563,0.17352319212818548,0.0854024971513776,0.8029033292338202,0.0611999498103523,0.34566712566245467,False,2026-08-07T18:17:46.952004+00:00
45072,423,-229.159497,600,0.79,-6.903085430000001,-0.0073700839508092034,10.23712342903018,0.41124556474387647,0.0003,1710.356903686036,1142.9941878135974,0.1554928465186508,0.022834755423809652,0.8256781786019214,0.1735231897584924,0.0854024964697251,0.8029033292335183,0.06898194880321,0.3456671248886169,False,2026-08-07T18:17:49.880045+00:00
50080,478,23.165107,20,0.85,2.2721658099999997,-0.00982125621085288,8.016700322926045,0.4114382054656744,0.0003,1819.8001728739061,1071.5022611084837,0.16002663143817064,-0.1493320138964493,0.8634011968102343,0.13324503442795405,-0.13174586891825563,0.8648327239167568,0.0320714156760876,0.1310150766984267,True,2026-08-07T18:17:52.631990+00:00
55088,516,-115.298675,355,0.84,-4.8078059799999995,-0.00982125621085288,8.016700322926045,0.4114382054656744,0.0003,4560.4613272947145,426.47264397563265,0.016355540659152693,-0.21066265166578452,0.7983212817181997,-0.03883839767144411,-0.1013419542094289,0.6605253501430388,0.18435049356986324,0.25437980242666736,False,2026-08-07T18:17:53.730139+00:00
60096,559,23.496958,20,0.82,-8.25914586,-0.0018061324197333306,6.7222914073616264,0.4267975654453039,0.0003,1826.4789759580394,1062.1003721011714,0.14461785598384233,0.03595789672202626,0.8022597515913787,0.138248406225534,0.09278848070875047,0.8028788334544542,0.0571897580765028,0.35345840484067964,False,2026-08-07T18:17:56.472015+00:00
65104,604,22.790445,21,0.77,-12.33240907,-0.0018061324197333306,6.7222914073616264,0.4267975654453039,0.0003,4678.070479709317,413.60984371493043,0.09101442037635228,-0.15520755738039516,0.8595540845620797,0.10493854006734143,-0.16913630457035903,0.8688386920406512,0.021773723693527123,0.10624488466296307,False,2026-08-07T18:17:57.542557+00:00
70112,640,6.501323,114,0.78,-11.123749689999997,-0.006428741693525808,5.601547916606068,0.4381509844213724,0.0003,1695.1699354021891,1138.4628524231834,0.05485601068586639,-0.21920363133353438,0.8191261310760263,0.13432109201241413,-0.22958866948397186,0.802864151377485,0.08177407994796797,0.03980270517427185,False,2026-08-07T18:18:00.496828+00:00
75120,694,-50.917137,117,0.76,-12.223948169999996,-0.007262185199942905,10.999822607636451,0.4658847350627184,0.0003,1697.688697126944,1133.823888477045,0.14578399509618667,0.0422371237764651,0.8021214503582998,0.14741246129192015,0.09647200168150906,0.8028982654744711,0.05426488114103249,0.3566941744878226,False,2026-08-07T18:18:03.446705+00:00
80128,747,23.418023,21,0.79,-5.939630480000001,-0.007262185199942905,10.999822607636451,0.4658847350627184,0.0003,4107.15409389228,467.44581676519715,0.1469290348979572,0.04303530027380986,0.8027106540404458,0.1474124629366287,0.09647200354234724,0.8028982654744711,0.05343921927693615,0.3566941762894609,False,2026-08-07T18:18:04.666064+00:00
85136,800,19.478702,69,0.81,-2.3262828800000004,-0.008281049381184857,8.668996592611075,0.48196960873901845,0.0003,1733.9388902830426,1104.343417597274,0.14487466502645807,0.03984227928818135,0.8022163521396912,0.1724124638753858,0.0957471046082787,0.8028789387951267,0.06232269956115962,0.35596358198084166,False,2026-08-07T18:18:07.554265+00:00
90144,855,23.377521,20,0.83,-1.22541749,-0.008180823305156081,10.555956245958805,0.4962815146893263,0.0003,1811.1805822125193,1054.4812697069333,0.14448588059331405,0.032085891314330504,0.801771119694948,0.17241246336871255,0.09574710703480273,0.8028789387951267,0.06952605033854868,0.35596358438822223,False,2026-08-07T18:18:10.319311+00:00
95152,905,-175.513513,600,0.83,-3.3664123999999997,-0.008180823305156081,10.555956245958805,0.4962815146893263,0.0003,4718.814136667876,403.67091070577357,0.14645239754447917,0.03743825448549581,0.8060718616489205,0.1547780337666534,0.10615365658047912,0.8029027498184416,0.06929044647982359,0.36619089169256747,False,2026-08-07T18:18:11.380625+00:00
100160,955,27.634327,61,0.82,-5.117850070000002,-0.0073266880470328035,9.218731129169464,0.5006528504192829,0.0003,1814.301084292622,1047.1470344409395,0.1466057933726752,0.04335369987948313,0.8022949953329954,0.1547780313952832,0.10615365732130445,0.8029027498184416,0.06333237319497279,0.36619089246713377,False,2026-08-07T18:18:14.140889+00:00
105168,1001,21.361642,20,0.79,-8.330869289999999,-0.0073266880470328035,9.218731129169464,0.5006528504192829,0.0003,4056.2419330700245,467.1397888157695,0.15826413087554642,0.06042404365301599,0.8040321341912986,0.16511209973233565,0.11710881590301762,0.8028898054996766,0.05710834437573736,0.37714346420884637,False,2026-08-07T18:18:15.375547+00:00
110176,1057,21.385481,20,0.8,-4.53491032,-0.002358734607696533,5.196803076565265,0.48646016269922254,0.0003,1670.1929252452762,1131.5004221577994,0.16228301097968104,0.06685703543497219,0.8046291158294687,0.16511209731721121,0.11710881648571649,0.8028898054996766,0.050361398200412036,0.3771434647587552,False,2026-08-07T18:18:18.373995+00:00
115184,1123,23.290464,20,0.8,-2.216761869999999,-0.00860580092703458,14.443766644597053,0.47499648183584214,0.0003,1656.1384910057532,1138.078735707286,0.14445823719269898,0.031314503315966455,0.8017911259598859,0.13837369750140394,0.0857865413668661,0.8028957670563016,0.05482193707472853,0.346462161209879,False,2026-08-07T18:18:21.397894+00:00
120192,1148,-19.188119,10,0.79,-2.4060698600000006,-0.00860580092703458,14.443766644597053,0.47499648183584214,0.0003,4272.812666764714,439.9462711346416,0.15358976239614006,0.04316115958579106,0.8088758593586649,0.13842104425536478,0.0869352321688899,0.8028957670563036,0.04671210704399291,0.3476056769546643,False,2026-08-07T18:18:22.569988+00:00
125200,1196,-153.519725,600,0.76,-9.045187010000001,-0.0011259922743192875,6.616325838118792,0.4853432893753052,0.0003,1849.2747736132096,1013.8028305749923,0.14770671728768334,0.04479641331856731,0.8023754392916048,0.17329579129568307,0.10721817805231022,0.802879345770087,0.06746503792929115,0.36745879817775023,False,2026-08-07T18:18:25.278043+00:00
130208,1239,18.361553,24,0.78,-12.196195950000003,-0.0011259922743192875,6.616325838118792,0.4853432893753052,0.0003,4681.214841036492,399.42452194439335,0.14912858255220238,0.04690224445601689,0.8025283547109134,0.17329579227501216,0.10721817576666866,0.802879345770087,0.0649783717122948,0.3674587959290405,False,2026-08-07T18:18:26.347857+00:00
135216,1300,22.938537,21,0.85,-0.9590527499999999,-0.006801788191660307,5.555216462537646,0.5019787888973951,0.0003,1845.5447041094042,1010.4247249322958,0.08647091889735718,-0.26981071578126037,0.7579710707976444,0.14626642632573733,-0.00891534060244421,0.7976423062384885,0.2705840099113686,0.2514599714281639,False,2026-08-07T18:18:29.061411+00:00
140224,1356,23.356117,20,0.8,-4.33268853,-0.008569608569086996,13.683206428587436,0.4904629964381456,0.0003,1805.5218285139408,1030.0490255112086,0.14772725421547248,0.028387907392417498,0.8138352802430773,0.17018942233088555,0.08743168631812813,0.8029036408319957,0.0641109785176235,0.3475810710975144,False,2026-08-07T18:18:31.835127+00:00
145232,1414,-153.405172,600,0.83,0.5441909200000004,-0.008569608569086996,13.683206428587436,0.4904629964381456,0.0003,4149.698880108798,446.96447949287614,0.14478008879049728,0.03119544002842741,0.8091703335741409,0.1701894199411064,0.08743168565737243,0.8029036408319957,0.06202758152535699,0.3475810703669857,False,2026-08-07T18:18:33.041973+00:00
150240,1460,23.761185,19,0.88,5.9145139900000006,-0.008555030771822203,13.58793538659811,0.47801273576915265,0.0003,1738.2950743156787,1064.1231326782665,0.05288302879446283,-0.17226818304695635,0.8617164212006191,0.1152201139448201,-0.17570979271624693,0.8378796312715424,0.06682775932411304,0.09544672461144467,False,2026-08-07T18:18:35.922947+00:00
155248,1491,-89.828548,251,0.75,-12.701427630000001,-0.008555030771822203,13.58793538659811,0.47801273576915265,0.0003,4229.457139773549,436.1675598156719,0.01745893202571465,-0.22373581532222983,0.8027816549885389,0.09532798323343475,-0.28566346545887156,0.7928798377394641,0.09998334347415529,0.06957789312715347,False,2026-08-07T18:18:37.107047+00:00
160256,1545,23.47553,19,0.72,-16.645422720000003,-0.006535697441722732,7.236384388059378,0.47041792832314966,0.0003,1969.6963623245729,934.0241649371748,0.14393572178572359,-0.07011256223518514,0.8779523914267898,0.14136776438278173,0.06748581997801767,0.8028894701804842,0.15676208514479212,0.3280154302632273,False,2026-08-07T18:18:39.649559+00:00
165264,1587,14.307288,91,0.77,-8.04923366,-0.006827538774814457,12.731516502797604,0.47912225872278214,0.0003,1874.107899874367,978.9916579098748,0.14435455218974702,0.028765357182838926,0.8015609921494176,0.13301549830738732,0.0856363521572046,0.8028894701804851,0.05800559512840473,0.34668811814675415,False,2026-08-07T18:18:42.321754+00:00
170272,1613,18.734039,26,0.76,-11.289749339999998,-0.006827538774814457,12.731516502797604,0.47912225872278214,0.0003,5007.4961825873725,365.3977823013696,0.1136116070412898,-0.22859498265579034,0.8416140675586246,0.1452976122501056,-0.24242001981828873,0.803481047917925,0.05147097983869692,0.022917589505390974,False,2026-08-07T18:18:43.321880+00:00
175280,1648,22.350046,21,0.75,-17.059758609999996,-0.0034697665425483136,4.621088731661439,0.4763827983289957,0.0003,1869.4702686749895,976.0625940808853,0.045188705737258944,-0.185987968032379,0.8509099952521607,0.07574334206054359,-0.19475293441940775,0.7928887504824911,0.0661579570515584,0.10656624218768658,False,2026-08-07T18:18:46.000708+00:00
180288,1678,-155.600415,600,0.74,-19.559312650000003,-0.007834869854559657,9.686917377263308,0.4589303571730852,0.0003,1833.8807977340107,992.2738720250967,0.14374708985304796,0.03632961338032101,0.8019973145717113,0.13350367220139622,0.10481347274997262,0.8028972276380071,0.06925154469667286,0.3657744185788641,False,2026-08-07T18:18:48.731509+00:00
185296,1735,22.911122,21,0.77,-12.2275464,-0.007834869854559657,9.686917377263308,0.4589303571730852,0.0003,4103.958724930626,442.18378439726536,0.14494629732105643,0.04007435754574304,0.8022042129020046,0.1335036727716939,0.10481347033234077,0.8028972276380073,0.06574622917246138,0.365774416126272,False,2026-08-07T18:18:49.951811+00:00
190304,1813,23.472458,20,0.84,2.1941829199999985,-0.006212987884646281,11.54291627407074,0.43573128059506416,0.0003,1645.624302600132,1099.7017953251116,0.08036001414576219,-0.2667927066753765,0.7891201904236863,0.1609916471479263,0.0046115951952545855,0.802893987715965,0.2834633535509116,0.264613453316046,False,2026-08-07T18:18:52.995023+00:00
195312,1853,11.589087,64,0.86,5.8945592699999985,-0.006212987884646281,11.54291627407074,0.43573128059506416,0.0003,4153.004493256161,434.54997530836647,0.15101504163036503,0.0494983586513074,0.8027241123411586,0.16956372657852317,0.1067244360296308,0.8028841756104038,0.06015732096483392,0.36684912000346886,False,2026-08-07T18:18:54.200901+00:00
200320,1888,23.709027,20,0.84,-2.5808974,-0.00763728357560467,11.71443509683013,0.4216058861464262,0.0003,548.3720647285074,3281.8593720506174,0.15449918449901207,0.05451811223419093,0.8034460242648399,0.16956372463447777,0.10672443757851677,0.8028841756104038,0.05433927170436817,0.36684912150114735,False,2026-08-07T18:19:03.333398+00:00
205328,1936,-161.181685,600,0.77,-12.40083087,-0.006820697082730476,9.400044030696154,0.409917913004756,0.0003,1710.7041676449937,1049.0837831245824,0.13391460295258276,-0.1396538169290129,0.8749248037595754,0.13136898540300482,-0.1416436451878843,0.883738867099539,0.009387614061592678,0.12177011834298583,True,2026-08-07T18:19:06.260836+00:00
210336,1996,21.581296,20,0.79,-8.798225449999999,-0.006820697082730476,9.400044030696154,0.409917913004756,0.0003,4172.335089462055,428.93582649200494,0.17439303784790147,0.05731052908550187,0.8259427216540125,0.1631707527565518,0.1116787281588902,0.8028898671591419,0.06011052198672699,0.3716922525946073,False,2026-08-07T18:19:07.461121+00:00
215344,2019,23.617456,20,0.8,-8.38275315,-0.009245848334103357,11.370161763578654,0.3857100263237953,0.0003,1809.7917296817457,986.1112584008957,0.15008248769297197,0.04803352206252512,0.8027953697991574,0.1631707511318233,0.11167873003809546,0.8028898671591419,0.06497710418177637,0.37169225445988435,False,2026-08-07T18:19:10.228291+00:00
220352,2063,17.964285,64,0.75,-14.558629199999999,-0.009245848334103357,11.370161763578654,0.3857100263237953,0.0003,4843.657847343573,367.4181901547855,0.13391652685057198,-0.13965490208670048,0.8749196753472785,0.1316097716690331,-0.1416388614780919,0.8846789494895537,0.010222555752762007,0.12171838060410907,True,2026-08-07T18:19:11.262229+00:00
225360,2112,21.645135,20,0.74,-11.850767860000001,-0.0022023551566235254,9.492292039096355,0.37173709459602833,0.0003,1847.6365757033968,960.4919188852889,0.04285640963180675,-0.22082964472644626,0.8079990361012046,0.16855333840905357,-0.29176358578446926,0.8025192908010803,0.14443465479797282,0.032895060112836515,False,2026-08-07T18:19:13.972731+00:00
230368,2161,-8.711432,109,0.81,-1.16775338,-0.0038968155233305877,6.802764818817377,0.3797699771821499,0.0003,1845.2925906823464,958.99805208974,0.1455446489619508,0.037608029281090784,0.8018475982986091,0.15839542790986885,0.09912214740537544,0.802888984573041,0.06285072579970158,0.3591257320335604,False,2026-08-07T18:19:16.686662+00:00
235376,2222,26.392502,59,0.81,-1.193779900000001,-0.0038968155233305877,6.802764818817377,0.3797699771821499,0.0003,4401.69429152252,400.896537362577,0.14815546259693863,0.04569689273398801,0.8021424746736069,0.15839542842950843,0.09912214498127495,0.802888984573041,0.054402865319469966,0.3591257296071623,False,2026-08-07T18:19:17.824394+00:00
240384,2287,23.402034,68,0.86,1.5827191999999997,-0.0013803907335386612,6.795060763508081,0.3866651862859726,0.0003,1692.171692021493,1039.8566577472627,0.17239428583757646,-0.1629077477267289,0.8595290229099586,0.1585381159502753,-0.1373930203244925,0.8409833733802085,0.034451935719731416,0.12261569463215201,True,2026-08-07T18:19:20.783906+00:00
245392,2327,21.659454,23,0.82,-3.80776824,-0.0013803907335386612,6.795060763508081,0.3866651862859726,0.0003,4214.264534095195,416.3497535108378,0.11657614326969284,-0.1915766157880599,0.8513935484614046,0.08568820626419571,-0.19648290456405113,0.7928951827582664,0.06633396650244178,0.09775819198845773,False,2026-08-07T18:19:21.972254+00:00
250400,2394,-164.504298,600,0.82,-1.5970268699999992,-0.01115334456844721,10.914550121873617,0.3809038124978542,0.0003,1672.2849375548487,1046.2331871255137,0.05458042983878121,-0.18163777090366579,0.8582226449850319,0.09503447616319419,-0.2127893479172384,0.7928951827585083,0.0829133760946215,0.08030793832162639,False,2026-08-07T18:19:24.966971+00:00
255408,2427,-135.27142,358,0.83,-2.125358589999999,-0.00011910394678125158,6.801591125875712,0.3702429600059986,0.0003,1734.9077340434274,1005.5820063318308,0.16455452787603822,0.02277080991141599,0.8369785156779899,0.16156904614307716,0.07166352279175962,0.8028896733123542,0.05967796618356497,0.33166723422195205,False,2026-08-07T18:19:27.853572+00:00
260416,2477,24.144369,19,0.77,-8.36493445,-0.00011910394678125158,6.801591125875712,0.3702429600059986,0.0003,4600.4750555701685,378.13138403907755,0.14458132110396885,0.024704643952859755,0.8094846620484529,0.1626099731864917,0.07610227240911274,0.8028896733118385,0.05486567582082403,0.33611240601709963,False,2026-08-07T18:19:28.942154+00:00
265424,2504,11.800322,62,0.76,-10.629634689999998,-0.0012846403056755661,6.177668225392699,0.3616815686225891,0.0003,1900.1222597923343,912.8759957738578,0.14774872896737934,0.028811985686541502,0.8131042055892397,0.15085901618913358,0.10187185882197554,0.8028857030641319,0.07383655424668163,0.36198729230775806,False,2026-08-07T18:19:31.577775+00:00
270432,2545,-30.879971,101,0.73,-17.38044473,-0.005488550504378509,4.019318643212318,0.357618460059166,0.0003,1969.9438956714657,877.978303747817,0.14486442503300972,0.03977552048893669,0.8021613797158289,0.1508590153900561,0.1018718564730219,0.8028857030641319,0.06238921942539501,0.361987289979732,False,2026-08-07T18:19:34.119972+00:00
275440,2576,-19.083103,10,0.73,-18.501449029999996,-0.005488550504378509,4.019318643212318,0.357618460059166,0.0003,4539.251786142246,379.9216437530213,-0.014002588978609776,-0.25436754753592344,0.8017553305676989,-0.14586065805226534,-0.41584189325407916,0.69976250091573,0.232084148543917,0.34327458082004936,False,2026-08-07T18:19:35.223246+00:00
280448,2611,17.317744,28,0.71,-19.305379309999992,0.0008080063504166901,4.555060919001699,0.3574441969394684,0.0003,1714.7182906200874,1002.8189524812059,0.1542326467121397,0.05418737847767274,0.8032914819241098,0.15277560731882558,0.10717935123178556,0.8028863096763726,0.05301354831282887,0.3672504156847297,False,2026-08-07T18:19:38.143852+00:00
285456,2657,22.986347,21,0.79,-13.457002549999997,0.0008080063504166901,4.555060919001699,0.3574441969394684,0.0003,4191.736895954495,409.0294888628938,0.1457423939473943,0.04199124843559278,0.8020293031426812,0.15277560532008672,0.10717935270858917,0.8028863096763726,0.06557201736349744,0.36725041720056584,False,2026-08-07T18:19:39.338572+00:00
290464,2693,21.948459,23,0.77,-12.12029693,-0.007257322076475248,7.429340633749962,0.35041019432246684,0.0003,1749.0903539986455,977.3857571690227,0.14571395527740166,0.041563422872672506,0.8020303814494582,0.13460719989503817,0.09102064022326245,0.8029021870375135,0.050696512781161975,0.35193789815806936,False,2026-08-07T18:19:42.201780+00:00
295472,2719,23.351198,20,0.75,-16.26090292,-0.008899481111438946,5.3963456399738785,0.34016781859099865,0.0003,1815.162139680142,939.0499959967007,0.14454656957398326,0.03380733098666154,0.8019066672045208,0.13460719795935414,0.0910206386819817,0.8029021870375135,0.05807878050778061,0.35193789676046794,False,2026-08-07T18:19:44.960764+00:00
300480,2757,18.127459,65,0.72,-21.11686314,-0.008899481111438946,5.3963456399738785,0.34016781859099865,0.0003,4831.166104815118,351.782564111411,0.18649155786399946,-0.039045605495531426,0.8710361385318638,0.1470172789998834,-0.03692672112931303,0.8028489323654217,0.07881753261542948,0.2234507524952336,False,2026-08-07T18:19:45.997365+00:00
305488,2799,-174.42037,510,0.79,-15.47759281,-0.006183570270513883,7.644816537946463,0.3302318934351206,0.0003,1825.5303607089204,928.2299744069767,0.09821600721177454,-0.25030059354447237,0.8292654558001963,0.05193784796852815,-0.18887889063152846,0.7928781800958125,0.08507836061453027,0.12936630511642136,False,2026-08-07T18:19:48.740675+00:00
310496,2844,23.382271,20,0.81,-6.586716550000001,-0.006183570270513883,7.644816537946463,0.3302318934351206,0.0003,4983.149028722338,339.0434422614856,0.14910877269204867,-0.029766750489046638,0.8724133901941963,0.17279690851588425,0.006442598453052785,0.8028993598842777,0.0818806762279567,0.26674973128004953,False,2026-08-07T18:19:49.745666+00:00
315504,2892,20.919148,23,0.78,-11.775953509999999,-0.0009403515643498395,5.416436144337058,0.30794329531490805,0.0003,1800.9738026760465,935.3250988420967,0.15713404456140184,0.05865608000862112,0.8038508063944123,0.16119489148555086,0.11583017915642693,0.8028819207507872,0.05732631882909388,0.3758320786340812,False,2026-08-07T18:19:52.526388+00:00
320512,2913,21.853712,20,0.8,-7.03745211,-0.0032174854750337545,7.752050392329693,0.30191937536001207,0.0003,1866.5899386138017,899.7626984142267,0.15755298298755896,0.059333881505554166,0.8039315856257749,0.16119489021973965,0.1158301812954291,0.8028819207507872,0.056623291802799805,0.37583208076904817,False,2026-08-07T18:19:55.209351+00:00
325520,2974,21.288323,21,0.74,-15.12159478,-0.0032174854750337545,7.752050392329693,0.30191937536001207,0.0003,4167.544502987606,401.79055047873106,0.1538416586225307,-0.12782020788991996,0.8607263200435595,0.15133549600369334,-0.12924582969780726,0.8725165248921251,0.012137634818296338,0.13104093513447176,True,2026-08-07T18:19:56.411018+00:00
330528,3018,1.088809,92,0.8,-5.00604189,-0.003114508802536875,5.528186501935124,0.30926599688827994,0.0003,1720.0909292282333,970.5719457221107,0.15717349162204275,0.05869995965168704,0.8038941024741267,0.16330520633506906,0.12043227681361146,0.8028850122074295,0.06204430006591029,0.38044663440554405,False,2026-08-07T18:19:59.322492+00:00
335536,3060,23.597703,20,0.84,-3.63790701,-0.003114508802536875,5.528186501935124,0.30926599688827994,0.0003,4327.26010356546,384.64616412324267,0.15547580106610215,0.05592090444966209,0.8036671685617178,0.1633052061634446,0.12043227433298685,0.8028850122074295,0.0649894468122632,0.38044663192352207,False,2026-08-07T18:20:00.479808+00:00
340544,3106,23.79131,19,0.79,-9.166044040000001,-0.006248858528851997,5.803256130591035,0.31150968484580516,0.0003,1890.3184031856229,877.8711550410944,0.08517007828258855,-0.2686328112814988,0.7900366843656719,0.1394845836322328,0.10663473131350043,0.8028824031040808,0.37939531692757145,0.3672082631342403,False,2026-08-07T18:20:03.129119+00:00
345552,3150,24.027021,20,0.78,-10.505989079999999,-0.008565554991946556,8.041282597184182,0.317509413510561,0.0003,1868.8884367864628,885.2577646875534,0.1468301825449263,0.04377783646105005,0.8019756211493334,0.13948458520370902,0.1066347294467152,0.8028824031090229,0.06329114511235422,0.3672082611825746,False,2026-08-07T18:20:05.808769+00:00
350560,3175,23.592953,20,0.74,-15.64284909,-0.008565554991946556,8.041282597184182,0.317509413510561,0.0003,5380.241056485544,306.5736242452749,0.08521963904327005,-0.23912070803586472,0.8129275475278139,0.16550564424603448,-0.08204766045341504,0.8029014841721913,0.17668703080494552,0.17803748838002337,False,2026-08-07T18:20:06.739583+00:00
355568,3211,23.268631,20,0.72,-18.64407635,-0.0013299645826919005,4.537596636638045,0.33194523602724074,0.0003,1853.7301703863661,887.0935081437754,0.15581704276848887,0.056569985259087,0.8035793350417428,0.14992550717865535,0.12001131826017587,0.8028944106530223,0.06371798840186017,0.38014483741258936,False,2026-08-07T18:20:09.441161+00:00
360576,3270,21.4006,20,0.81,-3.5519568699999997,-0.004846902792633045,4.316027777642011,0.3401403732597828,0.0003,1727.138310275166,949.2140787142915,0.1545848057521223,0.05472423825514812,0.8031528364785754,0.1499255053816552,0.12001131997524603,0.8028944106530223,0.06545363934401426,0.3801448391746808,False,2026-08-07T18:20:12.340753+00:00
365584,3302,22.968065,21,0.82,-3.7640924799999986,-0.004846902792633045,4.316027777642011,0.3401403732597828,0.0003,4365.264965137233,374.4139274598691,0.18252814054837038,0.06882409489559065,0.8292450445990808,0.14761501777050923,0.08795885352598395,0.8028946157627198,0.04774316945705995,0.34817919457075835,False,2026-08-07T18:20:13.487997+00:00
370592,3352,22.523307,21,0.77,-13.017429189999998,-0.010052699087100336,9.672473786771297,0.34500066228210924,0.0003,1780.1599970439534,915.3154787803991,0.14491525225676719,0.024401087698752467,0.810220492505088,0.1476150200538159,0.08795885448005171,0.8028946157627198,0.06403551307226621,0.3481791954430034,False,2026-08-07T18:20:16.301236+00:00
375600,3387,-158.014288,600,0.76,-12.76396432,-0.010052699087100336,9.672473786771297,0.34500066228210924,0.0003,4383.946450299518,370.53372307707326,0.015731584987746877,-0.17853501006509623,0.8414166101997541,0.17400828244304764,-0.284438839915072,0.8029019911302634,0.19429490476159536,0.02816893454496839,False,2026-08-07T18:20:17.443579+00:00
380608,3431,22.323329,21,0.78,-10.71154424,-0.005938374990364537,5.720424227416515,0.34470460936427116,0.0003,1818.9967739658796,890.2665596648146,0.14553204533790276,0.04116971765389685,0.8020086240608191,0.13832013941173743,0.09364324041105858,0.802890230755064,0.0529741390491395,0.35430715183800665,False,2026-08-07T18:20:20.196745+00:00
385616,3463,23.510298,20,0.77,-13.055847700000005,-0.006459305535827298,9.216140415892005,0.34473954103887083,0.0003,1895.2831511413706,851.7904034696829,0.08647091889735718,-0.26981071578126037,0.7579710707976444,0.15978113392589277,0.0921947406792876,0.7997623938553894,0.3717107111957585,0.3521948086847803,False,2026-08-07T18:20:22.839089+00:00
390624,3501,15.065806,67,0.79,-13.945385299999998,-0.006459305535827298,9.216140415892005,0.34473954103887083,0.0003,4996.101468665481,322.12636394470263,0.1458036614719116,0.0423388015710333,0.8021558733176193,0.15009660262337554,0.10296105135853677,0.802884330129379,0.060778426784139424,0.3630961333901722,False,2026-08-07T18:20:23.841474+00:00
395632,3560,25.763,61,0.8,-9.623691990000003,-0.005674271140014753,6.578616363182664,0.3400131668895483,0.0003,1821.5316709079314,880.7796348664707,0.15648417959139546,-0.016811641564970163,0.8716736082643151,0.1406296962963578,0.0468197005350867,0.8028810896955458,0.09504063840821754,0.30743054061366715,False,2026-08-07T18:20:26.590808+00:00
400640,3604,6.45841,103,0.8,-3.822763340000002,-0.005674271140014753,6.578616363182664,0.3400131668895483,0.0003,446.3830115877049,3582.932052703711,0.15119274315953074,0.04977955364839625,0.8027753213839136,0.1394065463830956,0.10977176726639282,0.8028857845375702,0.061139122755797685,0.37034477206946365,False,2026-08-07T18:20:37.809878+00:00
405648,3632,-160.10647,600,0.77,-7.791112880000003,-0.002161254947714042,6.966909965872764,0.3519903369247913,0.0003,1828.691792393679,871.8538611217048,0.14547660304572,0.04143148113556361,0.8019935931668033,0.13940654885704448,0.10977176750222015,0.8028857845375702,0.06861513174200097,0.37034477216735934,False,2026-08-07T18:20:40.548446+00:00
410656,3689,21.615632,19,0.77,-11.890380539999997,-0.004521632694377331,4.643039326742292,0.36640287563204765,0.0003,1730.8251686549456,918.2579666524649,0.15907134149742713,0.02805764567838709,0.8259676642329459,0.1382377635469503,0.09310184516270563,0.8028790661178379,0.07209624969230638,0.35377183041156035,False,2026-08-07T18:20:43.441870+00:00
415664,3720,-55.775332,160,0.77,-13.475673999999996,-0.004521632694377331,4.643039326742292,0.36640287563204765,0.0003,4313.746010902926,367.2761437496819,0.14590554919651105,0.02321539246351393,0.8160932139173744,0.13823776107584893,0.09310184537233164,0.8028790661178379,0.0715368784397793,0.35377183077279883,False,2026-08-07T18:20:44.602804+00:00
420672,3750,20.914939,22,0.8,-11.376401429999998,-0.0040940827631857244,4.86695070490241,0.3831148069351912,0.0003,1811.1607487633623,871.9976959959768,0.13391273474870063,-0.1396535475694353,0.8749249567051884,0.1314500089166111,-0.14141963277522118,0.8835739537169398,0.009164563535020149,0.12196887095494893,True,2026-08-07T18:20:47.367890+00:00
425680,3796,23.902233,19,0.74,-16.567317980000002,-0.0040940827631857244,4.86695070490241,0.3831148069351912,0.0003,4915.540854306506,320.27401392071397,0.14566046097677068,0.026345823212602978,0.8110242573193361,0.1751997802990571,0.09145907059746515,0.8029003749255564,0.0719604324345972,0.35178759447481034,False,2026-08-07T18:20:48.386719+00:00
430688,3830,22.849521,21,0.76,-12.805283009999998,-0.006785091946949251,8.311251476407051,0.3820274218916893,0.0003,1888.1262790201195,831.1477984483249,0.144673345041819,0.02512331182099889,0.8104830844730817,0.1751997779270487,0.09145907131519994,0.8029003749255564,0.07341521352179703,0.35178759508938684,False,2026-08-07T18:20:51.039061+00:00
435696,3878,23.597584,21,0.81,-6.416265319999999,-0.006611581362085417,8.489674939215183,0.3781497675925493,0.0003,1834.428857293294,852.7471609382202,0.14348869103501377,0.007942461687845058,0.8258119425048944,0.13563193412377592,0.0871838230575857,0.8028882703483047,0.08286384450431271,0.34803794279852446,False,2026-08-07T18:20:53.769066+00:00
440704,3898,23.750826,20,0.78,-11.382843130000001,-0.006611581362085417,8.489674939215183,0.3781497675925493,0.0003,5203.826621647098,299.6441106461108,0.15144283198274183,0.021301678611774604,0.8230570124629843,0.13563193569169127,0.08718382497023569,0.8028882703483047,0.07069101646470008,0.3480379445967022,False,2026-08-07T18:20:54.731443+00:00
445712,3948,-157.298224,600,0.76,-12.68290156,-0.0006827619203249924,4.156267030909658,0.3783542100340128,0.0003,1844.2454768514428,842.7771788024294,0.16132650140480498,0.020269197616508784,0.8344227928065898,0.16780259432352265,0.0805221969350577,0.8029009104076686,0.06830807255620919,0.3406115780234954,False,2026-08-07T18:20:57.446914+00:00
450720,3982,14.319321,105,0.76,-16.1632665,-0.009589687998231965,12.973922897130251,0.3783322859555483,0.0003,1705.2111841973879,908.5560864000655,0.14476451138037555,0.01899984812644829,0.8182815030461674,0.17377320779220268,0.08627754203263266,0.8029009104076686,0.07486224144893895,0.34655134882012634,False,2026-08-07T18:21:00.383791+00:00
455728,4025,27.614211,56,0.82,-9.07691771,-0.009589687998231965,12.973922897130251,0.3783322859555483,0.0003,4378.218006345215,352.71701814800787,0.14709333344280848,0.04416197393335604,0.8020079767710276,0.15336520007035712,0.10625917070250043,0.8028864501655304,0.06241930689365626,0.3663192606099081,False,2026-08-07T18:21:01.527643+00:00
460736,4057,22.749849,22,0.82,-8.162272029999999,-0.009697930024412927,9.613375620543957,0.37863131426274776,0.0003,1908.7795124391916,806.412678870911,0.14664717051866083,0.04342095180201451,0.8022991212190642,0.1533651979549252,0.10625917200495666,0.8028864501655304,0.06319904086455114,0.3663192619504655,False,2026-08-07T18:21:04.151305+00:00
465744,4090,18.186926,64,0.77,-17.167498830000003,-0.009697930024412927,9.613375620543957,0.37863131426274776,0.0003,4858.721560966042,315.77360026676433,0.1133009595655525,-0.20793955792172938,0.8418228044530465,0.12072507064111343,-0.16883767153767748,0.8422054174708836,0.03980227803499429,0.09926273322258415,False,2026-08-07T18:21:05.182046+00:00
470752,4131,23.588033,20,0.8,-12.289477469999998,-0.005862668785994174,8.583693201839925,0.3998010251671076,0.0003,1830.9537061928118,835.2193694617421,0.07534923905100564,-0.2481041816894951,0.7987549733682278,0.09134834674535913,-0.2755811392836841,0.7932319614884787,0.03227163314541473,0.07039759510077746,False,2026-08-07T18:21:07.917215+00:00
475760,4178,-73.426055,221,0.8,-13.868962090000002,-0.0006954143857001327,3.9371515069156886,0.4331798404455185,0.0003,1823.586053596658,835.8475855821238,0.1730899051858316,0.014203999967202922,0.8547686192017674,0.1378016497703484,-0.02985960640893798,0.8028992830000825,0.07666348814881359,0.2312084936051598,False,2026-08-07T18:21:10.663451+00:00
480768,4212,14.692113,88,0.8,-13.905087450000002,-0.0006954143857001327,3.9371515069156886,0.4331798404455185,0.0003,4998.243763520255,303.95316272650285,0.04819379429603329,-0.19329617659699644,0.8440290454608149,0.16040485047055866,-0.22979262620134008,0.8029056860355607,0.12495776347207696,0.030210086655212985,False,2026-08-07T18:21:11.665415+00:00
485776,4254,1.441587,89,0.78,-13.7630572,-0.00673291854764102,9.371293456107377,0.45310758613049984,0.0003,1760.9800917316054,859.875706210304,0.16347466163746122,0.044272098687057546,0.8193296266198125,0.13851946995170775,0.09179435506020284,0.8028902598743622,0.056137146541831474,0.3524495445072665,False,2026-08-07T18:21:14.509277+00:00
490784,4283,19.77172,22,0.78,-13.666830479999998,-0.00673291854764102,9.371293456107377,0.45310758613049984,0.0003,4443.222968197805,339.6669514004034,0.08216025259787817,-0.26856019500085776,0.7669245500790869,0.17888205365739424,0.020883015832286897,0.8027192663243179,0.30726819036254543,0.28151696313608077,False,2026-08-07T18:21:15.636392+00:00
495792,4330,19.99041,24,0.8,-10.2100428,-0.008859250086243265,8.857091549038888,0.45485673397779464,0.0003,1752.156336001751,858.4896045477627,0.15249628670174983,0.03261675729548952,0.8153095222181604,0.14059289961120716,0.07652843014500052,0.8028784346561361,0.04716415561254645,0.3370875551564596,False,2026-08-07T18:21:18.494596+00:00
500800,4367,-20.087792,11,0.78,-12.69567212,-0.008940100760082715,9.763193747401237,0.44778896421194075,0.0003,1784.7936824050555,839.9850440863222,0.16380834809844452,0.02518258097442498,0.833509781402488,0.13909080875639346,0.08671212175723764,0.8028784346561378,0.07304190950108563,0.3473420355382678,False,2026-08-07T18:21:21.300509+00:00
505808,4418,23.123664,22,0.77,-9.159293939999998,-0.008940100760082715,9.763193747401237,0.44778896421194075,0.0003,4914.029799432029,304.0665321510059,0.1425247313676225,-0.2530114826965465,0.8355617950987982,0.1683658578603509,-0.2243230504725307,0.802879770839387,0.05058561724025796,0.03664467635721712,False,2026-08-07T18:21:22.319636+00:00
510816,4456,23.302392,20,0.79,-5.422717049999999,-0.005508529466169421,10.460818592458963,0.4591487541794777,0.0003,1867.698124857289,797.3365610750338,0.14516091719121949,0.04084884307391552,0.8020899830166913,0.1532933957770618,0.09539759872630801,0.8029033627768422,0.0551576426056066,0.3554608722779893,False,2026-08-07T18:21:25.001009+00:00
515824,4497,-159.598867,600,0.8,-8.223518669999999,-0.005508529466169421,10.460818592458963,0.4591487541794777,0.0003,5115.293866442233,290.14481645651136,0.14738770574460505,0.03306427678969074,0.8099529996965728,0.15329339779561785,0.09539759728618592,0.8029033627768422,0.06300807427163768,0.3554608708000387,False,2026-08-07T18:21:25.980032+00:00
520832,4535,20.336148,21,0.78,-11.15700411,-0.0033797790572862143,10.310625283420086,0.46323441714048386,0.0003,1937.2026185021055,763.5587448997619,0.15721122187617467,0.027974382698149714,0.8240280993025002,0.1428333305764267,0.0836776486197808,0.802884210460233,0.0612914482447386,0.34410611837036514,False,2026-08-07T18:21:28.565208+00:00
525840,4578,26.675879,59,0.8,-9.36933541,-0.005739118283963762,9.31319044828415,0.4499408040195704,0.0003,1754.9183852635836,840.0162721975162,0.1449923112598574,0.031560787211600015,0.8049901662364886,0.14283332932657686,0.08367765074804492,0.802884210460233,0.05220405843989715,0.3441061205583314,False,2026-08-07T18:21:31.418902+00:00
530848,4620,23.887993,20,0.8,-10.886922959999998,-0.005739118283963762,9.31319044828415,0.4499408040195704,0.0003,4257.137582578651,345.103246371967,0.1481186933095576,0.018465894647486346,0.8233227175956082,0.18259426691314978,-0.005826110330512816,0.8028675563991196,0.046873023166019184,0.25517614913439557,False,2026-08-07T18:21:32.595291+00:00
535856,4679,23.834432,20,0.8,-6.875753460000001,-0.005763064879283774,6.330705370008945,0.43494704365730286,0.0003,1713.8891791189392,854.2816057410865,0.039284307492836436,-0.18560028372285303,0.8492443817506945,0.18199880241422575,-0.2775813131266644,0.8028887874289217,0.1760022100877624,0.02816114129288737,False,2026-08-07T18:21:35.517287+00:00
540864,4737,-16.292784,54,0.83,1.5436266499999995,-0.008838884167198557,12.795103700459004,0.4478706859052181,0.0003,1696.2668639459896,860.204270338479,0.14774516807340188,0.0448963378736739,0.8024446107568591,0.13797778776063147,0.10265680588516453,0.8028776721785199,0.05858208706828102,0.36332483631971224,False,2026-08-07T18:21:38.469654+00:00
545872,4765,25.647598,60,0.8,-3.8590457100000015,-0.008838884167198557,12.795103700459004,0.4478706859052181,0.0003,5142.758965213478,282.7525088840399,0.14490287590886491,0.0399310167226804,0.802212543384162,0.13797779014622275,0.10265680657816813,0.8028776721785199,0.06311041056852539,0.3633248368668438,False,2026-08-07T18:21:39.443456+00:00
550880,4802,15.263741,64,0.79,-8.26246187,-0.0029026820091530682,8.207887875288725,0.46518422327935693,0.0003,1895.302133549526,764.5852206614071,0.15107743296407325,0.049662596235293524,0.8025928121592597,0.15114862160597228,0.10665213502383242,0.8028827090105057,0.05699032057584408,0.36675896037726047,False,2026-08-07T18:21:42.085790+00:00
555888,4835,-155.030604,600,0.74,-15.39436198,-0.0029026820091530682,8.207887875288725,0.46518422327935693,0.0003,5048.145130353677,286.06784525999245,0.08265181951902337,-0.2673309156190959,0.7899169780934296,0.1484432306864988,-0.00750282560963466,0.8029060044910885,0.2683428049121712,0.25276151208616404,False,2026-08-07T18:21:43.077826+00:00
560896,4890,23.123021,20,0.75,-11.741576549999998,0.0029682153661269696,2.862139100022614,0.47573996186256406,0.0003,1784.685408530078,806.362843065597,0.14965020460374334,-0.20218756422685757,0.8137553403238591,0.17507171902186972,-0.17696798270178443,0.8068801016916887,0.03646298937086901,0.08438881804413047,True,2026-08-07T18:21:45.883923+00:00
565904,4934,23.843699,20,0.76,-8.5984438,-0.009475143036252121,10.732987924665213,0.4916949480772018,0.0003,1764.7691186914558,812.6252804465188,0.0850928982708719,-0.25815781737737303,0.799573645906597,0.1523614735015368,0.03325913675945336,0.8029057734972883,0.2990986550391517,0.2933586003170309,False,2026-08-07T18:21:48.721688+00:00
570912,4962,22.561518,61,0.76,-7.66875634,-0.009475143036252121,10.732987924665213,0.4916949480772018,0.0003,4304.304418674037,332.0136916431756,0.15300052376138934,0.05238334484764724,0.8029058146892608,0.1428968118960191,0.1138590933917813,0.802897284189889,0.062300503411204015,0.3742501045491435,False,2026-08-07T18:21:49.885179+00:00
575920,5011,22.972907,61,0.77,-12.850373560000001,-0.0016992878692690283,3.632953903079033,0.5150038562715054,0.0003,1680.7660418768116,847.2803260647831,0.15866602619267953,0.059230556743802266,0.804931825222506,0.14289681068728463,0.11385909556198191,0.802897284189889,0.05689538441981343,0.3742501067723157,False,2026-08-07T18:21:52.864769+00:00
580928,5039,22.729711,21,0.75,-15.142776130000001,-0.0016992878692690283,3.632953903079033,0.5150038562715054,0.0003,4304.472010272498,329.6738825606081,0.15033985191007815,0.048378980533054325,0.8028478311550935,0.13820135330822786,0.11590488227116007,0.8028997854089661,0.06860825936500596,0.37653640131186183,False,2026-08-07T18:21:54.028225+00:00
585936,5079,21.35002,20,0.74,-14.72706637,-0.005310354541870765,4.124083902314306,0.5109304897487164,0.0003,1795.7464625287903,787.4519201383804,0.15343218110516643,0.05285538254796807,0.8033224598749665,0.13820135531939232,0.11590488081230957,0.8028997854089661,0.06486444279577226,0.3765363997390266,False,2026-08-07T18:21:56.817029+00:00
590944,5104,23.413269,20,0.73,-14.583329990000003,-0.00021150083775864915,4.575931918993592,0.5136837713420391,0.0003,1954.534590905868,720.9163790480397,0.14484216174661502,0.024886741531951057,0.813034130600274,0.1370195644096887,0.07724780345140135,0.8028965510138343,0.05390402911007296,0.33802985275374053,False,2026-08-07T18:21:59.379270+00:00
595952,5145,-19.281019,10,0.74,-18.895855169999997,-0.00021150083775864915,4.575931918993592,0.5136837713420391,0.0003,4749.992409084495,295.5895250094965,0.15872530062789264,0.021177069984554372,0.8311679123055279,0.13701956381978067,0.07724780585230531,0.8028965510138343,0.06644047185578673,0.3380298551891938,False,2026-08-07T18:22:00.433589+00:00
600960,5208,5.876008,66,0.82,-5.6409991700000015,-0.006731539424072253,5.679168988019228,0.5132308468222618,0.0003,607.7332980045906,2302.0624418532884,0.14776194942385545,0.04492511779525027,0.8023878566975857,0.145295481095494,0.10958926935664537,0.8028857040190832,0.06471308843754414,0.3698816714839922,False,2026-08-07T18:22:08.674063+00:00
605968,5236,3.738208,90,0.8,-7.093541289999999,-0.006731539424072253,5.679168988019228,0.5132308468222618,0.0003,4674.22397297616,298.23816917193966,0.14686921185392113,0.04371186578611689,0.802327947399538,0.1452954812709028,0.10958927183582007,0.8028857040190832,0.06589856104826601,0.36988167395423377,False,2026-08-07T18:22:09.745455+00:00
610976,5264,-191.125181,572,0.78,-11.760729229999999,-0.009046787835541182,8.1085226662457,0.5114523813128471,0.0003,1937.3464499969932,716.9724341261501,0.059813766214213686,-0.2196400579360575,0.8286629608970492,0.15729217563688197,-0.2056609810443966,0.802887140714393,0.10179316185483647,0.05440644533360844,False,2026-08-07T18:22:12.330441+00:00
615984,5311,23.316063,21,0.76,-15.330429899999999,-0.0045598803815664725,6.225359585508704,0.5283602010458708,0.0003,1871.3436370755471,739.5841002045348,0.16249122531896976,-0.0022091159098608336,0.8582254805811623,0.1573949401527182,0.025000665592302348,0.8029014769000021,0.0618634764235267,0.2850125711698754,False,2026-08-07T18:22:15.006589+00:00
620992,5347,-41.525604,131,0.73,-19.26856597,-0.0045598803815664725,6.225359585508704,0.5283602010458708,0.0003,4955.659785075412,278.26930415059053,0.14478097571788115,0.0242754987672862,0.8134120186132795,0.15533829063919197,0.08937565639139482,0.8028963655170632,0.0667837284154717,0.34940675553440953,False,2026-08-07T18:22:16.017164+00:00
626000,5366,-159.005599,600,0.75,-14.2763687,-0.008992535548168234,8.103787978738547,0.5350446309894323,0.0003,1848.444006557047,743.3278991010623,0.14469753525230322,0.02365632662036494,0.8130558018327417,0.15533828917988154,0.08937565840097554,0.8028963655170632,0.06734590084102798,0.3494067575632812,False,2026-08-07T18:22:18.726465+00:00
631008,5384,-162.169032,600,0.69,-25.152632869999998,-0.002920649002044229,3.7135053306818007,0.5384111672639846,0.0003,1790.8166795929553,764.4512225065749,0.16757158242448011,0.020458620483569105,0.8416285387008888,0.15246230873381977,0.05556946928799782,0.8028824530689401,0.05442720833393015,0.315659479085189,False,2026-08-07T18:22:21.522950+00:00
636016,5412,-179.795415,600,0.68,-30.405853660000002,-0.002920649002044229,3.7135053306818007,0.5384111672639846,0.0003,4374.702838246326,311.7889489716235,0.17088006714872203,0.004521735719650095,0.8621871502751298,0.15492734570622227,0.05749211276883502,0.8028824530689402,0.08110115459642137,0.31753263374337265,False,2026-08-07T18:22:22.667719+00:00
641024,5442,-155.154087,600,0.66,-34.9264467,-0.004913611293886788,8.402956713736057,0.5389971803873778,0.0003,1747.2107679373778,777.7974042618237,0.15726090417733696,0.019153213138736216,0.8314653599173183,0.15903393731879104,0.06597952046067122,0.8029044085606424,0.05487781561184269,0.32598095195405696,False,2026-08-07T18:22:25.534001+00:00
646032,5475,-163.86596,600,0.67,-31.921467300000007,-0.004913611293886788,8.402956713736057,0.5389971803873778,0.0003,4513.170101755994,300.0037599897232,0.1542885055749257,0.016556746044686793,0.8297308934793652,0.16169475141777145,0.06600101864965756,0.8029044085606422,0.05673842493419966,0.3260054237938112,False,2026-08-07T18:22:26.643644+00:00
651040,5497,-163.276712,600,0.7,-25.892227479999995,-0.0069915630869218145,8.97134842351079,0.5261417888104916,0.0003,1876.3882527881306,718.9130490427962,0.15599340511789483,0.008504015111583661,0.8391452361987679,0.1644724402599878,0.06030917484017356,0.8028951921273829,0.06379446924791297,0.320340397403562,False,2026-08-07T18:22:29.312621+00:00
656048,5553,-165.72947,600,0.76,-18.73259717,-0.007034094331902452,7.9367745541036125,0.5093238700181246,0.0003,1824.2808560966678,736.7023534279662,0.15766518340873367,0.007600671494653419,0.841668748857715,0.16447244156144092,0.06030917693406443,0.8028951921273829,0.0657868832726882,0.3203403995154191,False,2026-08-07T18:22:32.057790+00:00
661056,5580,20.604034,21,0.77,-18.870011110000004,-0.007034094331902452,7.9367745541036125,0.5093238700181246,0.0003,5227.232486220238,256.1477805951152,0.04035728652511777,-0.198853377241957,0.8376644101564272,0.14513636094375026,-0.24594188909621903,0.8018671654551285,0.12032217215824755,0.020458696150475433,False,2026-08-07T18:22:33.015850+00:00
666064,5606,-0.077867,141,0.77,-16.324450549999998,-0.005554245578241535,8.333238941431045,0.48735332787036895,0.0003,1843.8677837806047,723.444496256094,0.1457972720957543,0.04193757973577643,0.8020171033982186,0.17814110144598563,0.11392850156220682,0.802881772509032,0.07892758564106274,0.37436829972933183,False,2026-08-07T18:22:35.731880+00:00
671072,5626,22.185637,23,0.71,-24.65747649,-0.005554245578241535,8.333238941431045,0.48735332787036895,0.0003,4639.484185720953,286.4387390499298,0.0850928982708719,-0.25815781737737303,0.799573645906597,0.171111067685759,-0.0136929507402458,0.8028767507645336,0.2591777517286142,0.2465575355574526,False,2026-08-07T18:22:36.811317+00:00
676080,5654,21.328811,20,0.67,-33.28520945,-0.00712646464817226,9.912945536524058,0.48212688900530337,0.0003,1762.7025900349292,751.0739517173828,0.14514438882168926,0.022175729049491992,0.815579878259447,0.14643285681200766,0.09585898674165602,0.8028841053622721,0.07478011275298109,0.35611751686638726,False,2026-08-07T18:22:39.652409+00:00
681088,5666,-362.747269,600,0.64,-41.73799957,-0.005077259457902983,4.357742140442133,0.48737169839441774,0.0003,1846.4084105560917,714.3121708391574,0.14468296097619812,0.037681077310660754,0.8021322066037849,0.14643285920835536,0.09585898608904622,0.8028841053622721,0.05820907631454104,0.35611751612295667,False,2026-08-07T18:22:42.364701+00:00
686096,5688,-167.118774,600,0.57,-54.260659409999995,-0.005077259457902983,4.357742140442133,0.48737169839441774,0.0003,4571.466409797811,287.4141210321421,0.15040315256519857,0.04850241478802468,0.80281897611554,0.13483481774406292,0.11681823543456259,0.8028979654096228,0.070067329327023,0.3776576080975888,False,2026-08-07T18:22:43.460192+00:00
691104,5722,18.84956,66,0.63,-41.752682160000006,-0.003708494029706344,5.583492439612746,0.49018508531153204,0.0003,1921.3039641194441,681.2539943932725,0.15675332337215991,0.057987026448246305,0.8035247010352078,0.13483481527033803,0.11681823520865563,0.8028979654096228,0.0627847506896768,0.3776576080370204,False,2026-08-07T18:22:46.066753+00:00
696112,5766,-10.257007,122,0.68,-26.36658959,-0.003708494029706344,5.583492439612746,0.49018508531153204,0.0003,4980.529513889712,261.7970632166147,0.1444456081921838,-0.19122887716595502,0.8277458068926651,0.15429988263094024,-0.18633401840166616,0.8083477822386467,0.0223013391417325,0.07388618397824534,True,2026-08-07T18:22:47.072291+00:00
701120,5800,-38.313876,109,0.76,-10.530226979999998,-0.004844972056889674,10.428638212382793,0.4867066413164139,0.0003,1951.6498404168385,665.5292220466054,0.14479992008583334,0.028250017051916085,0.8106907818792468,0.16592143089759953,0.0853601344995312,0.8028906290164661,0.06138832233034793,0.34541089421934756,False,2026-08-07T18:22:49.638314+00:00
706128,5843,22.271657,20,0.74,-14.223647829999999,-0.009122850126004778,10.627071955054998,0.4691662274301052,0.0003,1809.4238069022144,715.074044601605,0.1442288709600486,0.016218450536492273,0.811506592726185,0.165921433342776,0.0853601340683676,0.8028906290164661,0.07297516354896172,0.34541089383016543,False,2026-08-07T18:22:52.406038+00:00
711136,5867,-168.625654,600,0.71,-19.347292850000002,-0.009122850126004778,10.627071955054998,0.4691662274301052,0.0003,4467.396824235515,288.50448050818886,0.15542525399191523,0.055819742284510754,0.8036655501802208,0.16938611086242367,0.10888810552026265,0.8028851823349986,0.05487955607559506,0.3690074978526183,False,2026-08-07T18:22:53.527055+00:00
716144,5897,-20.252704,11,0.68,-24.04596972,-0.0007256938682985492,5.593840038776397,0.46720710285007955,0.0003,1766.8283119165565,726.6444573821351,0.08262908426071405,-0.1650613872149721,0.8471860089631588,0.14129742909293727,-0.22135033781573255,0.8524128162558279,0.08147232756931767,0.04293696013333622,False,2026-08-07T18:22:56.361508+00:00
721152,5930,19.576214,24,0.71,-24.372734859999994,-0.0014177164310240186,3.885392029955983,0.4745000388473272,0.0003,1723.6870468311104,741.9258631380221,0.15052191543070986,0.04884322406223378,0.8026127581669511,0.153958973199021,0.10388074019816539,0.8028979359357419,0.05514547012108476,0.3639308823004375,False,2026-08-07T18:22:59.266908+00:00
726160,5973,23.411573,59,0.74,-19.56765223,-0.0014177164310240186,3.885392029955983,0.4745000388473272,0.0003,4329.184729501625,294.24477808010846,0.08517579784774226,-0.268280924166444,0.7899801820273615,0.1706048045929809,0.028783779038895542,0.8028868430704015,0.3093737787583725,0.28897842984631394,False,2026-08-07T18:23:00.423712+00:00
731168,6005,21.079152,22,0.72,-17.032640410000003,-0.009940902658854611,7.649411360919475,0.4695609353482723,0.0003,1872.950177383491,677.4510156872174,0.15437241368163795,0.05439261295235238,0.8033583279465335,0.14461284154786405,0.12149074705916992,0.8029050790902397,0.0678057098139717,0.38180093600853665,False,2026-08-07T18:23:03.097569+00:00
736176,6016,-149.575362,600,0.69,-22.619753839999998,-0.009940902658854611,7.649411360919475,0.4695609353482723,0.0003,5309.065752312551,238.0501690809719,0.14983617812433814,0.04782182052051928,0.8025208321283417,0.1446128437663466,0.12149074817670165,0.8029050790902397,0.07385486964009166,0.38180093703575224,False,2026-08-07T18:23:04.040863+00:00
741184,6038,20.243544,23,0.68,-29.145870350000006,-0.00850928736908827,3.8854524210095405,0.4726502325385809,0.0003,1903.3683503540951,661.3622632559876,0.10598611718891701,-0.17643407036518932,0.8484837032279006,0.1476574454017754,-0.2045928952476819,0.8029001601130292,0.06787693582279612,0.05676518220744568,False,2026-08-07T18:23:06.671989+00:00
746192,6073,26.569281,60,0.66,-31.14338471,-0.01100117113091983,8.358463302999734,0.478966473415494,0.0003,1848.9750906395097,678.1097302756751,0.14483698172268689,0.03972446119345051,0.8022228339869304,0.14539919108543073,0.10238675902788844,0.8029009895798958,0.06266848924513524,0.36268077801242327,False,2026-08-07T18:23:09.380514+00:00
751200,6111,25.944892,61,0.67,-32.850420820000004,-0.01100117113091983,8.358463302999734,0.478966473415494,0.0003,4243.197359995184,294.3063671215654,0.0799209235938497,-0.2669330438979847,0.7847298767587427,0.16902057937430012,0.04202064289982968,0.8028502708938366,0.3220550852412797,0.3021553236166367,False,2026-08-07T18:23:10.560755+00:00
756208,6148,23.845026,20,0.7,-20.16790098,-0.00660828695690725,15.596527509391308,0.4769889824092388,0.0003,1731.8030996733455,718.206359738359,0.14975796739025574,0.0010750104371236822,0.839829469821739,0.18165885034650686,0.05313775873659004,0.802878995675574,0.07136899630447686,0.31388590561684554,False,2026-08-07T18:23:13.452545+00:00
761216,6178,22.968956,21,0.72,-17.6292683,-0.00660828695690725,15.596527509391308,0.4769889824092388,0.0003,4368.801322470264,283.55237708533537,0.0422154496442522,-0.20505056487521806,0.8315864237784554,0.1652909607185975,-0.3061627445089503,0.8028809523689884,0.16184949300302168,0.0464649679427885,False,2026-08-07T18:23:14.598861+00:00
766224,6214,-19.522742,11,0.7,-19.567367270000002,-0.004214182734722271,7.986829075217247,0.47620305232703686,0.0003,1750.537967204677,704.7981952485947,0.056836696511962714,-0.19130829579569555,0.8517917909685726,0.17975612207209124,-0.2673513212043078,0.802897023906393,0.15258579599488165,0.02107952283084881,False,2026-08-07T18:23:17.459688+00:00
771232,6252,-6.931039,166,0.72,-15.808004409999999,-0.006009893161535729,6.481657020002603,0.48140033185482023,0.0003,1838.006321214289,668.5330653205848,0.14126308765115309,-0.030692987887151718,0.870757962291573,0.14116443261574776,-0.018939180998814704,0.8028775223968955,0.0688906077014803,0.24179556872740438,False,2026-08-07T18:23:20.184389+00:00
776240,6288,18.734729,61,0.69,-20.045026659999998,-0.006009893161535729,6.481657020002603,0.48140033185482023,0.0003,4879.5369443869495,250.79428928347824,0.08036001414576219,-0.2667927066753765,0.7891201904236863,0.17929666533641486,-0.021499323316956205,0.8028815006819808,0.26485218241174996,0.23928003274693732,False,2026-08-07T18:23:21.210715+00:00
781248,6318,-167.226282,600,0.71,-21.48327921,-0.010767382966878358,10.640118172764778,0.4656147338449955,0.0003,1896.9002413719113,642.4966233957309,0.14764642221393756,0.04472387791812399,0.8024438409208434,0.15107563640318394,0.11492147739590658,0.8028836031230756,0.07028268544380915,0.37502767694976524,False,2026-08-07T18:23:23.850804+00:00
786256,6347,23.763307,22,0.73,-22.254193659999995,-0.010767382966878358,10.640118172764778,0.4656147338449955,0.0003,4875.1213105987845,248.96693285585593,0.1474248616922393,0.04468847965522642,0.8020535292786717,0.15107563847419062,0.1149214787721379,0.8028836031230756,0.07033271897669596,0.375027678276324,False,2026-08-07T18:23:24.878067+00:00
791264,6380,23.876187,21,0.73,-23.899583000000003,-0.010631568823737326,10.853195187449455,0.44578835666179656,0.0003,1892.8087787808643,638.5938260380071,0.1571801541076834,0.013951597739838041,0.835751360924727,0.17033718389081173,0.058951708102062385,0.8029053790191605,0.05724487656259991,0.3191191775371948,False,2026-08-07T18:23:27.523868+00:00
796272,6407,-21.214771,13,0.74,-22.717868669999998,-0.006310912141634617,13.417152166366577,0.4305516745895147,0.0003,1751.2713603074023,687.3452208963827,0.148934723938406,0.028094411731209364,0.8151706881455174,0.17180801291822148,0.06011484725231235,0.802905379019162,0.04121812038024439,0.3203325531388407,False,2026-08-07T18:23:30.383511+00:00
801280,6448,21.575825,21,0.71,-22.66321336,-0.006310912141634617,13.417152166366577,0.4305516745895147,0.0003,605.8698130134605,1978.5108520885628,0.15648417959139552,-0.016811641564970156,0.8716736082643151,0.159534604025775,0.11443832203788469,0.8029051473515709,0.14820580032943448,0.3744386112621927,False,2026-08-07T18:23:38.649314+00:00
806288,6491,12.947005,69,0.71,-16.7518177,-0.005683300633972976,17.669515478610993,0.4116815868765116,0.0003,1767.9555370647765,675.1934508386131,0.15163628617942665,0.05045182526602856,0.8027971188887221,0.1595346064552771,0.1144383225407094,0.8029051473515709,0.06447221856591748,0.3744386117619974,False,2026-08-07T18:23:41.481963+00:00
811296,6514,-188.587593,600,0.69,-21.268169000000004,-0.0032482534777955154,10.325866556912661,0.40434381179511547,0.0003,1730.0918392586057,687.0756644395213,0.14434495595416894,0.02084792412368285,0.8095231759450765,0.16803576897345085,0.09368640533410146,0.8028848957500888,0.07688150447605879,0.3537776800494245,False,2026-08-07T18:23:44.376605+00:00
816304,6556,23.879782,21,0.74,-16.55111771,-0.0032482534777955154,10.325866556912661,0.40434381179511547,0.0003,4231.548044469675,279.7311970844817,0.14462403935797774,0.035134178826189924,0.8021281984381624,0.16803577051952664,0.09368640338825275,0.8028848957500888,0.06306381488594509,0.3537776781391957,False,2026-08-07T18:23:45.560100+00:00
821312,6591,20.306108,62,0.76,-19.05506483,-0.008995865713222884,13.339230175316334,0.39992763139307497,0.0003,1726.982677368632,682.5129258366057,0.14609605165725476,-0.010499102711807904,0.8484570962882949,0.14329866707415564,-0.011417656748433851,0.802877590872084,0.04567450509869114,0.24914276208218322,False,2026-08-07T18:23:48.459955+00:00
826320,6642,21.560326,22,0.78,-15.306627090000001,-0.008995865713222884,13.339230175316334,0.39992763139307497,0.0003,4873.576199677401,240.82520759143767,0.1562742938700352,0.016850286176237825,0.8323669852366367,0.14796065602043554,0.0812160717569827,0.8029045454215106,0.07127486434628023,0.34142840161404947,False,2026-08-07T18:23:49.487544+00:00
831328,6658,23.758916,20,0.79,-12.810266750000004,-0.0063534132394124756,7.046374339610338,0.4055697780102491,0.0003,1909.0666239623777,612.1693110816394,0.14396380190101368,0.010719867333173535,0.8201656846873396,0.14796065374202022,0.08121607274372727,0.8029045454215106,0.07268862862016512,0.34142840268052116,False,2026-08-07T18:23:52.110813+00:00
836336,6694,22.515311,22,0.71,-26.377085159999993,0.009715348421013913,4.1141610907390715,0.4085271555930376,0.0003,1874.0895068400678,620.9223176122855,0.14525723454008946,-0.02045876744398329,0.8469010442137623,0.1756994525070265,0.0017570219822075927,0.8028953292762184,0.057937663758040284,0.2622274039188397,False,2026-08-07T18:23:54.783044+00:00
841344,6727,23.968621,20,0.77,-19.234580180000002,0.009715348421013913,4.1141610907390715,0.4085271555930376,0.0003,5111.334330208305,226.6836651933079,0.14434254365530888,0.02869592934152905,0.8015865849616745,0.1330556049087568,0.08892767238230294,0.8028977170698789,0.06129418343858899,0.34996645693689665,False,2026-08-07T18:23:55.762843+00:00
846352,6764,7.922345,108,0.73,-21.21059183,-0.007861312502791406,13.162654654681683,0.40565273389220236,0.0003,1775.0521618419307,649.9234359416718,0.14965341166969978,0.04790646738508875,0.8024719162632082,0.13305560611171893,0.08892767455732796,0.8028977170698789,0.044253902579719125,0.349966459012848,False,2026-08-07T18:23:58.584150+00:00
851360,6793,23.851652,21,0.73,-13.748789439999998,-0.007861312502791406,13.162654654681683,0.40565273389220236,0.0003,4398.088849664622,261.1679843820322,0.08517007828258855,-0.2686328112814988,0.7900366843656719,0.15062774865488926,-0.06812815327190604,0.8028959581564464,0.2113106372536381,0.192100610780198,False,2026-08-07T18:23:59.722836+00:00
856368,6816,24.216625,19,0.6,-32.523133869999995,-0.004252604121575132,6.834833370894193,0.4123870935291052,0.0003,1885.3751979390108,606.5805900333027,0.1453032256042568,0.040824857298109855,0.8025024793936473,0.15269570795069407,0.10699598412251546,0.802895207716692,0.06658393992540301,0.367068665299008,False,2026-08-07T18:24:02.379073+00:00
861376,6853,17.690089,67,0.64,-28.005849190000003,-0.008972658599668648,18.91269246637821,0.42928513549268243,0.0003,1739.777028713218,654.4654752926324,0.14780836653260032,0.04513963809898971,0.8023316510262243,0.15269570568438778,0.10699598310535853,0.802895207716692,0.06205168086099598,0.3670686643271497,False,2026-08-07T18:24:05.257592+00:00
866384,6882,23.055601,21,0.67,-26.89295895,-0.008972658599668648,18.91269246637821,0.42928513549268243,0.0003,5127.796398520036,221.0727400033238,0.04825238742036683,-0.221765781392504,0.8252641701400818,0.23640764206507814,-0.2649470337490706,0.7929078256556824,0.1957395040197322,0.07656762311094384,False,2026-08-07T18:24:06.234232+00:00
871392,6924,23.49979,21,0.76,-15.33989221,-0.005231929162982851,13.901889491826296,0.43348867297172544,0.0003,1941.1705361945928,581.405898634999,0.06834983038425785,-0.2136472664233126,0.8381710378100176,0.23640763959716152,-0.2649470339470565,0.7929078256556825,0.18144930906443055,0.07656762066097557,False,2026-08-07T18:24:08.814135+00:00
876400,6969,26.600607,58,0.76,-15.41666189,-0.005231929162982851,13.901889491826296,0.43348867297172544,0.0003,4835.994505795576,232.3410414659177,0.09457921434524924,-0.18089688074462934,0.8474649034909782,0.17307254785276127,-0.2591926713589695,0.8043870199618186,0.11894174322918742,0.013097453450856826,False,2026-08-07T18:24:09.849706+00:00
881408,7009,-161.774705,600,0.75,-12.169892169999999,-0.0104692636828986,17.274199816584588,0.44254714623093605,0.0003,1808.455606941552,618.5343979174337,0.08216025259787817,-0.26856019500085776,0.7669245500790869,0.15978960768152303,-0.021475020819308042,0.8027486455038406,0.2614589181573871,0.23852507196954623,False,2026-08-07T18:24:12.618910+00:00
886416,7052,21.199504,21,0.72,-14.9346791,-0.0037992319033946843,7.704203768074512,0.43396009132266045,0.0003,1815.5374215466752,613.363286696303,0.06977949510761935,-0.19835675078223924,0.8515733352539444,0.1813015185133251,-0.27002711816443375,0.8029045218311984,0.14121776327778163,0.023543529677111905,False,2026-08-07T18:24:15.377316+00:00
891424,7099,24.193617,20,0.77,-8.98733289,-0.0037992319033946843,7.704203768074512,0.43396009132266045,0.0003,4139.870652806312,267.7803470136258,0.14838852904196467,0.018647019940666552,0.8221469783310922,0.17102709083060344,0.0725472834220657,0.8028809882189492,0.06155421397616462,0.33273005942292333,False,2026-08-07T18:24:16.587026+00:00
896432,7137,0.533336,117,0.79,-7.34649717,-0.007224885416508187,7.395458552986383,0.4288891214877367,0.0003,1730.3773133468665,637.7614821275583,0.15767376712076764,0.012996178589016,0.8372227604145249,0.17460445832095073,0.07503827155873961,0.8028809882189497,0.07290560281701652,0.33535642771820573,False,2026-08-07T18:24:19.481184+00:00
901440,7184,21.115956,20,0.78,-4.546994850000002,-0.009947026391455439,16.186822310090065,0.4137719437479973,0.0003,1708.4931722738202,642.9993504381027,0.14525661791890118,0.015063018451554349,0.8219084113919435,0.13331230145809028,0.079252435571907,0.8029077755428674,0.06799979506318983,0.3403005264394029,False,2026-08-07T18:24:22.412423+00:00
906448,7238,24.39802,65,0.76,-8.30022184,-0.009947026391455439,16.186822310090065,0.4137719437479973,0.0003,4633.171145052042,236.02667930103337,0.14498189181981372,0.018809856192785378,0.8182297931280824,0.13303518042546103,0.07926868295506166,0.8029077755428676,0.06350399884647047,0.34033856779499677,False,2026-08-07T18:24:23.493323+00:00
911456,7260,22.894011,21,0.78,-6.37256183,-0.010970853973412886,15.242620500922204,0.39528907760977744,0.0003,1891.501791449812,575.4919212450997,0.14497876879667929,0.025554902318908047,0.8137315013545782,0.13838462089738612,0.08393393957356411,0.8028967939059798,0.05974098813038655,0.3446125061635775,False,2026-08-07T18:24:26.140956+00:00
916464,7279,23.6812,20,0.72,-21.68713163,-0.010970853973412886,15.242620500922204,0.39528907760977744,0.0003,5239.004099403297,206.8209872413367,0.1476485626030704,0.006098329607868158,0.8323766757303689,0.13838462330748774,0.0839339401449985,0.8028967939059798,0.08374524626114621,0.3446125065827162,False,2026-08-07T18:24:27.096864+00:00
921472,7319,24.177776,21,0.75,-20.34420936,-0.002433658934023697,3.4626875657588245,0.42281138710677624,0.0003,1841.3743320603744,585.7190367116715,0.07716654662585805,-0.15079830842387654,0.8767147545552306,0.02959088750655084,-0.19025611110059243,0.7928931214394122,0.10414618433199578,0.14788761496535802,False,2026-08-07T18:24:29.816603+00:00
926480,7338,6.079033,67,0.71,-29.70443231,-0.004906078192288987,6.855689271166921,0.4251669183373451,0.0003,1871.2966237402868,573.6770891267271,0.15308880223755997,0.01412239931571542,0.8303626019660252,0.136732735678289,0.06444477644409095,0.8028966463185824,0.05961745778519116,0.3252780019473689,False,2026-08-07T18:24:32.492807+00:00
931488,7373,21.161595,62,0.73,-24.507900219999996,-0.004906078192288987,6.855689271166921,0.4251669183373451,0.0003,4286.767381091351,249.2582183752578,0.1597989121890286,0.018029833181005494,0.8349776088018167,0.13527133066900482,0.06902949912006509,0.8028966463185828,0.06505195104658852,0.32995744934473387,False,2026-08-07T18:24:33.661062+00:00
936496,7426,24.423619,19,0.76,-10.660679360000001,-0.008378222405008273,9.652446410804988,0.4173772048205137,0.0003,1710.7383026799653,621.6637567148422,0.051149878825541645,-0.18862496119815922,0.8514640635117265,0.17956298444422025,-0.2798309424540303,0.8028775916298623,0.16483052496854883,0.027856357245337443,False,2026-08-07T18:24:36.588438+00:00
941504,7473,22.24734,61,0.81,-2.902438939999999,-0.008378222405008273,9.652446410804988,0.4173772048205137,0.0003,4233.227205497513,250.04469370918153,0.14389129659682556,0.007470450636400316,0.8273148301601823,0.17649367863482643,0.060909176788060695,0.8028845556719754,0.06719710617900926,0.32133275771651376,False,2026-08-07T18:24:37.771458+00:00
946512,7497,20.208107,74,0.8,-8.015833329999998,-0.009353234770242125,12.176556751132011,0.4068097539246082,0.0003,1917.2450798262082,549.4800905137778,0.15695409267507143,0.020072919720675885,0.8304420268119921,0.18153980105952275,0.07173299465789135,0.8028845556719736,0.06350302839169916,0.33243156103832316,False,2026-08-07T18:24:40.383545+00:00
951520,7541,24.524885,20,0.73,-18.1178055,-0.0033359782391926274,9.491442821919918,0.39931446984410285,0.0003,1870.2802465003713,560.6004779026531,0.14470951071511168,0.037453117347668305,0.8029591042326525,0.14191347308764526,0.0988207906274574,0.8029049536783961,0.06143136074084372,0.35927633131374653,False,2026-08-07T18:24:43.061222+00:00
956528,7560,-157.032558,600,0.75,-14.090631199999997,-0.0033359782391926274,9.491442821919918,0.39931446984410285,0.0003,5211.825512521239,200.21238191744771,0.14643524368412494,0.03619277665450622,0.806845923363847,0.14191347227420417,0.09882079297013134,0.8029049536783961,0.06291459358825602,0.3592763336944,False,2026-08-07T18:24:44.022109+00:00
961536,7597,-158.693162,600,0.66,-25.78493768,-0.006016733459546231,5.514888878166675,0.39911689311265947,0.0003,1910.218018898587,543.6363753906835,0.16118139541213886,0.039327380119271615,0.8029893212142188,0.13477925264174473,0.0673312841096781,0.803120326166353,0.038487776551389186,0.3283014706854049,False,2026-08-07T18:24:46.643802+00:00
966544,7636,16.527649,68,0.73,-14.270430280000001,-0.006016733459546231,5.514888878166675,0.39911689311265947,0.0003,4442.613070394176,232.62345462561416,0.14479891825131613,0.02411381619030778,0.808940127169582,0.13303620085161708,0.0866846950816696,0.8028802877984195,0.06395465627354228,0.34773168430326357,False,2026-08-07T18:24:47.771074+00:00
971552,7667,-147.50961,600,0.7,-18.800147700000004,-0.006367506204696838,7.258462748676538,0.39813828431069853,0.0003,1754.188527372092,586.2813397489798,0.14209709349283767,-0.275788314670239,0.8370779946505127,0.18264836937160536,-0.22354017705081497,0.8029062594023029,0.07444448502050334,0.0429216416820069,False,2026-08-07T18:24:50.625946+00:00
976560,7711,16.888973,63,0.77,-12.372623589999998,-0.005027213908033445,8.804570274800062,0.4012485917657614,0.0003,1669.746426950065,612.9313909474272,0.16186189610685034,0.0661354130536537,0.8045421756181165,0.15571632117667084,0.1200128144458608,0.8028904252292882,0.0542519193332959,0.38003695747561933,False,2026-08-07T18:24:53.625204+00:00
981568,7772,25.127796,19,0.84,-2.8609555700000002,-0.005027213908033445,8.804570274800062,0.4012485917657614,0.0003,3930.5064285679537,259.1096131017033,0.08647091889735718,-0.26981071578126037,0.7579710707976444,0.17860645609104253,-0.004668914078461487,0.7996159239657946,0.28376649911427543,0.2560081319922084,False,2026-08-07T18:24:54.899356+00:00
986576,7791,23.942739,21,0.81,-6.66550797,-0.012156071847130079,14.936457441747189,0.39953202828764917,0.0003,1879.2967395010492,539.257041583046,0.10822790436941064,-0.21686725570904847,0.8399021514497506,0.04635190042509353,-0.20867682137213941,0.7928902001489649,0.07813991709652503,0.12469947554603084,False,2026-08-07T18:24:57.564171+00:00
991584,7836,19.57922,66,0.72,-15.890982009999998,-0.007785668180440552,8.451022522896528,0.3792516365647316,0.0003,1962.601151805937,513.8160644979142,0.14506670416172962,0.04053320262807153,0.8021792968204119,0.14150374132762822,0.11003268825586499,0.8029070599926833,0.06959456046215086,0.3704946719761803,False,2026-08-07T18:25:00.115881+00:00
996592,7870,21.552781,20,0.72,-15.337818089999995,-0.007785668180440552,8.451022522896528,0.3792516365647316,0.0003,5023.241090325231,199.75310401337597,0.14515933748433513,0.04087807423676311,0.8021654607274515,0.14150374123072745,0.11003269073933573,0.8029070599926833,0.06925513942703078,0.37049467446139195,False,2026-08-07T18:25:01.112860+00:00
1001600,7901,23.672435,20,0.71,-20.59823308,-0.008431494497926906,9.841844311356544,0.3677056301385164,0.0003,737.5854306307311,1353.6059126686364,0.14446380893844232,0.023396121596934653,0.8110990740128825,0.1377178399804263,0.07791482595724072,0.8028941955420225,0.05554383181803857,0.33864867378575425,False,2026-08-07T18:25:07.902574+00:00
1006608,7932,21.7461,21,0.75,-15.89166962,-0.008431494497926906,9.841844311356544,0.3677056301385164,0.0003,4306.2572293305,230.68570851594112,0.1579076073692738,0.022215039490205025,0.8288605249893024,0.13771784242312027,0.0779148255594493,0.8028941955420225,0.06468649814068765,0.3386486732281022,False,2026-08-07T18:25:09.065535+00:00
1011616,7970,-96.87923,301,0.71,-25.598846619999996,-0.007761978458438535,12.006668977439404,0.3696741510182619,0.0003,1914.371215541668,516.2969396822749,0.15622065647097,0.05716091039863428,0.8035451819631101,0.1524698906352113,0.11850735912401748,0.8028873891427781,0.061464523970866686,0.3785822545472564,False,2026-08-07T18:25:11.681540+00:00
1016624,7999,21.658174,62,0.72,-22.00549132,-0.007601500883174595,12.659568587690591,0.3539709191769361,0.0003,1877.7645689385674,523.69504477117,0.15523241574149968,0.05566734678996894,0.8035211200216292,0.15246989308664619,0.11850735872534753,0.8028873891427781,0.06290389690856928,0.37858225409990554,False,2026-08-07T18:25:14.348537+00:00
1021632,8046,-4.523366,92,0.72,-18.77223349,-0.007601500883174595,12.659568587690591,0.3539709191769361,0.0003,4855.310734625212,201.5047138019111,0.159918132586615,0.0629092269771754,0.8041004385742769,0.17019189965230122,0.12278725466269409,0.8028890776062063,0.060765087711799504,0.382922912804555,False,2026-08-07T18:25:15.379991+00:00
1026640,8071,-151.770424,600,0.72,-16.19702837,-0.005344485872774385,16.289689421653748,0.3401098925620317,0.0003,1864.8108319690211,521.9617900718896,0.1604731908548008,0.06392256674711244,0.8042990807000365,0.17019190076791135,0.122787252442116,0.8028890776062063,0.059678242710986054,0.38292291061445666,False,2026-08-07T18:25:18.065515+00:00
1031648,8101,-167.940219,600,0.72,-17.92328126,-0.005344485872774385,16.289689421653748,0.3401098925620317,0.0003,4953.695184567826,195.48073991647544,0.1565280105067829,0.0575945176133608,0.803829396491892,0.13680310015851105,0.12023778883879542,0.8029073196958594,0.06568182201864156,0.3809447101920073,False,2026-08-07T18:25:19.076482+00:00
1036656,8146,23.091269,21,0.74,-15.150680190000001,0.006495567134697922,2.815837550535798,0.3739487584680319,0.0003,1763.5282354940346,546.2594704247131,0.15644536153970875,0.05750271946392383,0.8036724289677293,0.1368030987054123,0.12023779085412355,0.8029073196958594,0.06574262744812485,0.3809447122920793,False,2026-08-07T18:25:21.916246+00:00
1041664,8178,28.469169,61,0.75,-16.921109350000002,-0.010723133436113131,8.97045876532793,0.38581987395882605,0.0003,1734.0214826380115,552.6667400579482,0.10073434845245749,-0.14801962933292312,0.8688501377090215,0.10540472586791734,-0.15291495601233257,0.875856425056589,0.009739851687662367,0.12019921215797516,False,2026-08-07T18:25:24.804325+00:00
1046672,8204,21.408653,21,0.73,-16.913850430000004,-0.010723133436113131,8.97045876532793,0.38581987395882605,0.0003,4281.192197638942,222.67815972517096,0.14502713631221284,-0.26270610405101075,0.8046840434771046,0.040746806942424794,-0.19075167526602205,0.7928981144064532,0.12724281920526562,0.13790088662836714,False,2026-08-07T18:25:25.974114+00:00
1051680,8242,-19.08419,10,0.73,-21.222666979999996,-0.009506264352239668,8.279480136930943,0.3923195194453001,0.0003,1823.4146121097392,520.0791930162106,0.17545744783764464,0.02780661482133216,0.8457216763835049,0.17035411945893789,0.05007856182431557,0.8028906610002001,0.0485446131162821,0.3102513856420401,False,2026-08-07T18:25:28.720589+00:00
1056688,8264,-99.967007,254,0.71,-22.239253090000002,-0.009506264352239668,8.279480136930943,0.3923195194453001,0.0003,5294.164576480936,178.17957609225388,0.15897297307844782,0.06158000280517261,0.8041555379293173,0.1350526426881644,0.11899126525713749,0.8028891478188865,0.06220803007828255,0.3798114660960756,False,2026-08-07T18:25:29.666537+00:00
1061696,8301,23.850993,23,0.72,-24.8803223,-0.006965813964779954,15.326315104961395,0.3930906180292368,0.0003,1887.0596706726453,497.2306994752,0.16180300107846513,0.06625295084884224,0.8047830084831178,0.13505264036186176,0.11899126438527903,0.8028891478188865,0.059165008420107836,0.3798114653788996,False,2026-08-07T18:25:32.320404+00:00
1066704,8326,23.407997,21,0.72,-22.79935772,-0.008822718914598227,12.431591018289328,0.39209188111126425,0.0003,1960.707983614308,475.9994898779324,0.0927318232438865,-0.1555452379236104,0.8651859821779869,0.05441980498787791,-0.15746644593432474,0.7928950554036192,0.08183813216933883,0.14717441111870122,False,2026-08-07T18:25:34.874606+00:00
1071712,8360,-155.933248,600,0.67,-28.94697383,-0.008822718914598227,12.431591018289328,0.39209188111126425,0.0003,4671.780904594142,198.70109899356345,0.14632033074569972,-0.16566167935277237,0.85821292273598,0.13236203478818784,-0.1448797385917294,0.8421197355052503,0.0297609435851136,0.11839143426683325,True,2026-08-07T18:25:35.946560+00:00
1076720,8397,17.183977,65,0.72,-19.611969150000004,-0.010004817254957743,15.225316427648067,0.3935711316764355,0.0003,1716.5249349185615,537.8774180427528,0.08216025259787817,-0.26856019500085776,0.7669245500790869,0.15798020493214374,0.013733438552824988,0.8026884157672589,0.29447820769264543,0.2737408901754894,False,2026-08-07T18:25:38.864078+00:00
1081728,8436,23.359981,21,0.72,-22.077835009999998,-0.007822865856724093,10.763205663859845,0.4091947201639414,0.0003,1699.4744659417381,540.3270354468982,0.15975481862926488,0.06259210190941977,0.804100736208047,0.17114344390877181,0.11668665968274468,0.8029067542927256,0.05529328674678984,0.37685145074033066,False,2026-08-07T18:25:41.810869+00:00
1086736,8460,21.804111,21,0.77,-17.26227056,-0.007822865856724093,10.763205663859845,0.4091947201639414,0.0003,4307.0545699112145,212.03910588456418,0.1566947559946711,0.05787855056256073,0.8038440101717451,0.1711434437682231,0.11668665720250353,0.8029067542927256,0.06056431650349265,0.37685144825701805,False,2026-08-07T18:25:42.973618+00:00
1091744,8511,-19.652602,175,0.67,-23.185951470000006,-0.009459838848852088,16.63397245556116,0.42380484491586684,0.0003,1773.21234212198,512.2093831769193,0.15145195299082406,0.03259071998259993,0.8135148571569188,0.14996895503808025,0.08614683254761028,0.8029059710041455,0.05461689245468299,0.34629214768136374,False,2026-08-07T18:25:45.797866+00:00
1096752,8537,22.162287,63,0.71,-18.0970862,-0.009459838848852088,16.63397245556116,0.42380484491586684,0.0003,4920.885290482308,183.55396370385023,0.1447333304863986,0.03933518191716393,0.8022390085502111,0.14996895382504286,0.08614683038293396,0.8029059710041455,0.047108247926896454,0.3462921455527338,False,2026-08-07T18:25:46.815577+00:00
1101760,8564,21.064799,21,0.68,-23.607877569999996,-0.007725364387442824,12.738035261631012,0.4308379262685776,0.0003,1870.2670908238726,480.27364883179104,0.14528036848593953,0.040882871678781754,0.8020877969038578,0.14264634017548286,0.1030352477995844,0.8028776638148337,0.062213180696208265,0.3634497773478624,False,2026-08-07T18:25:49.493280+00:00
1106768,8603,21.079998,66,0.75,-19.50893282,-0.009047306478896644,16.285227544605732,0.4263115495443344,0.0003,1837.8963193905117,486.00782893793274,0.1463071372880049,0.04307679998400528,0.8021959238571152,0.14264634215684796,0.1030352492988212,0.8028776638148337,0.06007396969236844,0.3634497787507848,False,2026-08-07T18:25:52.218117+00:00
1111776,8635,-147.873388,600,0.74,-24.198995010000004,-0.009047306478896644,16.285227544605732,0.4263115495443344,0.0003,4810.388118738417,184.64705509728134,0.14816402083130148,0.04573147325939436,0.8021317142061328,0.14334331622241728,0.10624838834248573,0.8028773632036901,0.06071319623053762,0.36662695901683856,False,2026-08-07T18:25:53.259205+00:00
1116784,8665,-19.53533,10,0.74,-20.158118970000004,-0.007520597480470315,9.857675355672836,0.42972673326730726,0.0003,1752.2509050900685,504.0465366200517,0.14992579361023747,0.04797994664249606,0.802622124803238,0.14334331422802885,0.10624838981775743,0.8028773632036901,0.058639625267620274,0.3666269605811965,False,2026-08-07T18:25:56.117243+00:00
1121792,8685,27.0795,62,0.73,-21.985306810000008,-0.007520597480470315,9.857675355672836,0.42972673326730726,0.0003,4393.2742319954305,199.8982885257124,0.14475659497359541,0.039106953256765775,0.8025207093105613,0.18194939197191776,0.09855463971969665,0.8028967495858113,0.07012469593974693,0.3592258418773047,False,2026-08-07T18:25:57.257168+00:00
1126800,8718,21.658259,22,0.68,-31.31108971,-0.005323527644213755,9.321266732364894,0.4299306571483612,0.0003,1737.103627271231,502.6758256049964,0.15398624431115837,0.042170049857704214,0.8099383104196951,0.18194938950054237,0.0985546398747066,0.8028967495858113,0.06333042759405073,0.35922584188101925,False,2026-08-07T18:26:00.140134+00:00
1131808,8737,11.607236,103,0.68,-28.303787470000003,-0.003529422590509057,7.297777772694826,0.43523602858185767,0.0003,1770.563919196149,490.3477307919877,0.16347065092692403,0.06911055604653964,0.8051508613415508,0.13841960576532747,0.1042266814997097,0.8028851961816363,0.04319525864198499,0.36486543948641514,False,2026-08-07T18:26:02.968609+00:00
1136816,8768,23.443933,62,0.66,-35.51399126,-0.003529422590509057,7.297777772694826,0.43523602858185767,0.0003,4838.1565622376365,178.4117543316497,0.1462839796205222,0.04289929217158152,0.8019290036703208,0.1384196080101955,0.10422668043733634,0.8028851961816363,0.06183697273025782,0.3648654382931263,False,2026-08-07T18:26:04.003714+00:00
1141824,8800,22.586911,20,0.68,-29.397085970000003,0.001690432352188509,6.567844372987747,0.4334561198949814,0.0003,2000.5236707636382,428.9756789893007,0.0850003794908587,-0.26511526079206815,0.7946242317130745,0.14218019519642908,0.04273372863804613,0.8028795540733145,0.3132230546504154,0.3032577383981018,False,2026-08-07T18:26:06.507055+00:00
1146832,8831,21.748706,20,0.69,-26.04127284,0.001690432352188509,6.567844372987747,0.4334561198949814,0.0003,5099.402040967439,167.30745941305312,0.14389501606205404,-0.1579222819453528,0.8328686457291435,0.08146778638926674,-0.20380052961493042,0.7928795540716664,0.08718428795052549,0.09656960725903442,False,2026-08-07T18:26:07.489143+00:00
1151840,8875,21.631578,20,0.74,-16.73138068,-0.006834749487461522,11.037932129204274,0.41689818650484084,0.0003,1850.6045770253609,458.3150882309618,0.05422137646983384,-0.20235256717354944,0.8406662400607054,0.16986292776266065,-0.275231150712714,0.8028915154992095,0.14181391377359054,0.01814566879684707,False,2026-08-07T18:26:10.195279+00:00
1156848,8908,24.042394,20,0.76,-14.428691189999997,-0.009109947502292926,17.1397745847702,0.4163702253252268,0.0003,1736.209104134155,485.62814121429153,0.08924360999747406,-0.2081563545970792,0.8365114286141686,0.03555661163121183,-0.20347236133902322,0.792921643373318,0.06931307931237819,0.1366803966971526,False,2026-08-07T18:26:13.079724+00:00
1161856,8930,-163.1913,600,0.73,-21.898927330000003,-0.009109947502292926,17.1397745847702,0.4163702253252268,0.0003,4318.974724063626,194.06087174583166,0.08368615408424687,-0.2697065299651685,0.7587401474236066,0.1502851647517325,0.075356099579301,0.8008298262006903,0.35394235065839424,0.3354967832169826,False,2026-08-07T18:26:14.239266+00:00
1166864,8965,-156.981566,600,0.66,-29.61168717,-0.00620433000731282,8.192828162759543,0.4158174943178892,0.0003,1714.0665186016563,486.05814941165545,0.14518208235543797,0.022582221780260592,0.8093252407139417,0.13834659810156566,0.0937386767594621,0.802885375809058,0.07177351036549083,0.35440079182940654,False,2026-08-07T18:26:17.160965+00:00
1171872,8996,15.971087,61,0.69,-24.787705350000007,-0.004430695170594845,8.358005449920892,0.42471477277576924,0.0003,1861.724353209294,444.8177296345988,0.0850003794908587,-0.26511526079206815,0.7946242317130745,0.16467785063970275,0.11952397935330333,0.8029013831085577,0.3928922952966975,0.3795528068540318,False,2026-08-07T18:26:19.850946+00:00
1176880,9022,12.480593,66,0.68,-25.869743259999996,-0.004430695170594845,8.358005449920892,0.42471477277576924,0.0003,5098.732380731836,161.43620385148654,0.15067869455728564,0.04887696516844521,0.8028750058342934,0.16481838825425646,0.1200442924250429,0.8029013831073316,0.07255839098582852,0.38007483614443655,False,2026-08-07T18:26:20.833163+00:00
1181888,9073,24.298017,20,0.71,-21.46734031,-0.009030539740342647,12.67561668753624,0.4344291631132364,0.0003,1853.3062303073125,441.43379362855853,0.17637134385690847,-0.09392387846911082,0.8412724421999789,0.18105444683583172,-0.08773449568813972,0.8191875330079423,0.023409039423715815,0.1735473817358891,True,2026-08-07T18:26:23.535349+00:00
1186896,9095,20.568499,22,0.71,-20.717773660000002,-0.009030539740342647,12.67561668753624,0.4344291631132364,0.0003,5295.977247927,153.53238164274077,0.1502469302304381,0.048396857238831324,0.8027455797434474,0.1694936580120405,0.11732489484375459,0.8029002524628525,0.07156489937123471,0.3774443082248029,False,2026-08-07T18:26:24.480978+00:00
1191904,9122,24.193501,19,0.69,-23.487560900000002,-0.011056756227480946,18.450587552785873,0.4565851952880621,0.0003,1821.2145409138018,443.7126883439743,0.15106778406391058,0.04963494898682182,0.802618107902819,0.16949365685728762,0.11732489704337343,0.8029002524628525,0.07015355630079721,0.377444310394681,False,2026-08-07T18:26:27.230787+00:00
1196912,9145,29.618527,60,0.72,-21.89081307,0.003010172938229516,5.214035537838936,0.4672077286988497,0.0003,1750.920130650438,458.66626691970583,0.14836643215346745,0.007403283021193583,0.8327610558979857,0.15317605320595312,0.08047682432464252,0.8028838768518084,0.07909184990283578,0.3405452013346268,False,2026-08-07T18:26:30.090996+00:00
1201920,9181,27.455339,59,0.7,-26.78116778,0.003010172938229516,5.214035537838936,0.4672077286988497,0.0003,544.4304876053018,1465.8988028212477,0.14700187141900278,0.024954761607630466,0.8152075503482601,0.15322716643346695,0.0807762481217603,0.80288387685181,0.05750361365263404,0.3408435455725449,False,2026-08-07T18:26:39.289603+00:00
1206928,9236,17.895566,86,0.76,-16.005853060000003,-0.007136319576238748,15.429018944501877,0.4755116496235132,0.0003,1686.4056461993705,470.2735678022281,0.08553972984644122,-0.32071211320922366,0.8148790488347386,0.048094657763547044,-0.22436480143375967,0.7928795385490467,0.1056830940238876,0.11744221131225792,False,2026-08-07T18:26:42.259237+00:00
1211936,9262,-169.351605,600,0.76,-16.67875028,-0.007136319576238748,15.429018944501877,0.4755116496235132,0.0003,4428.635222378686,177.94737214249926,0.08506046930219456,-0.32077234725492654,0.7973422810960492,0.08413210507129029,-0.24548914372231817,0.7929036945620849,0.07541965025573143,0.07724313840610876,False,2026-08-07T18:26:43.390078+00:00
1216944,9286,16.718012,63,0.71,-22.362977210000007,-0.005589520120702218,11.31401031911373,0.49134798645973204,0.0003,1803.9530721370838,434.0778106119686,0.071841440441444,-0.36803788627899237,0.8263221896700177,0.08083832903265774,-0.2420881812577921,0.7929036945665072,0.1306180233131455,0.08116282031198441,False,2026-08-07T18:26:46.166207+00:00
1221952,9301,-173.921332,600,0.68,-29.895946580000004,-0.0001192629148135893,7.233695600926876,0.4941093783825636,0.0003,1904.7783271181527,408.4716782646057,0.14531359151921167,0.04134845797998407,0.8021115929213253,0.14736177279169527,0.11002826637498153,0.8029059934974105,0.06871493432998245,0.3702440312867218,False,2026-08-07T18:26:48.795367+00:00
1226960,9330,-159.828656,600,0.64,-42.32150003000001,-0.0001192629148135893,7.233695600926876,0.4941093783825636,0.0003,4974.640066824064,155.39616728362185,0.14864778485054186,0.04638284711463962,0.8022191898533915,0.14736177131037453,0.11002826836686758,0.8029059934974105,0.06366211727899473,0.3702440333280117,False,2026-08-07T18:26:49.802079+00:00
1231968,9349,22.102598,20,0.59,-47.042331430000004,-0.00548958600484184,6.198916497454047,0.4890744052827358,0.0003,1870.7824654198153,410.54051670708213,0.1460978466273998,-0.26684320175319803,0.8133128567442249,0.16661797609261578,-0.22116738633597388,0.8028960100361036,0.05114554254906341,0.03939250552506076,False,2026-08-07T18:26:52.479023+00:00
1236976,9397,23.737709,20,0.65,-32.057443209999995,-0.00548958600484184,6.198916497454047,0.4890744052827358,0.0003,4711.342830451697,161.95467565387202,0.15064443567843988,0.0489660545810396,0.8027025169066863,0.15479179574153334,0.11185911922455974,0.8028978054117356,0.0630299636153088,0.3718955901083841,False,2026-08-07T18:26:53.542007+00:00
1241984,9425,22.549949,20,0.71,-16.55185304,-0.006392436794703827,7.921987778693437,0.5014549415558577,0.0003,1924.5749280955517,393.86151660517,0.14863459274679686,0.0462980391655285,0.8022289214879659,0.15479179327604561,0.11185911928337154,0.8028978054117356,0.06585297070200472,0.37189559020171803,False,2026-08-07T18:26:56.144142+00:00
1246992,9469,24.938031,61,0.73,-16.022389269999998,-0.009037574027024676,21.29314987361431,0.5299049120396375,0.0003,1751.3261157775455,429.9644670494068,0.08206435882956739,-0.20726154675503589,0.8388906541183441,0.06728811757505514,-0.20654744901270622,0.8109056598087148,0.031654496484814526,0.10701714044874326,True,2026-08-07T18:26:59.003673+00:00
1252000,9502,-20.245656,11,0.73,-18.11958328,-0.009037574027024676,21.29314987361431,0.5299049120396375,0.0003,4311.626207451194,173.4844265273585,0.08525709643286525,-0.24915770755361233,0.8056910076215569,0.15454881086185293,-0.07775802216760362,0.8028864427995512,0.1848974294650198,0.18232348709720178,False,2026-08-07T18:27:00.165188+00:00
1257008,9518,-206.608789,600,0.68,-26.439132199999996,-0.008339181996416301,13.753109441697598,0.5437814597040415,0.0003,1794.944370337797,413.93594825458223,0.14599718067961018,0.042595518676050007,0.802174908164979,0.15533757973667164,0.10674365363901939,0.8029053764975737,0.06482869625217996,0.3667732891681303,False,2026-08-07T18:27:02.955243+00:00
1262016,9550,-19.56173,10,0.64,-28.401251989999995,-0.0070530059092561714,7.169857736676931,0.553677236661315,0.0003,1762.387719561436,418.7410022260282,0.1460183850420624,0.042684969264914316,0.8019913433761747,0.15533758038735987,0.10674365124232486,0.8029053764975737,0.06473945933597106,0.36677328676335785,False,2026-08-07T18:27:05.796842+00:00
1267024,9599,19.217665,61,0.64,-23.385930709999997,-0.0070530059092561714,7.169857736676931,0.553677236661315,0.0003,4751.806252771217,154.2520803689195,0.14465898384045767,0.023884353187626432,0.8129141836815402,0.18697559846441192,0.08101104767576821,0.8028942650996673,0.07179522174045505,0.3420763329279567,False,2026-08-07T18:27:06.850758+00:00
1272032,9632,28.830536,61,0.71,-13.742878749999997,-0.005054256814764813,12.16996306926012,0.5532980632036925,0.0003,2066.9928084059443,352.1870018316153,0.08517579784774226,-0.268280924166444,0.7899801820273615,0.17771814251047668,0.06973312786735886,0.8028907163575678,0.35069112738231367,0.33020882512012545,False,2026-08-07T18:27:09.273614+00:00
1277040,9654,22.762148,20,0.74,-14.945403760000001,-0.005054256814764813,12.16996306926012,0.5532980632036925,0.0003,5094.590835104893,141.90737262320596,0.14495821349644175,0.04006302272133122,0.8021548664128559,0.17144935947117346,0.10012073289981677,0.8028968598189332,0.06564495350864508,0.3603026923249413,False,2026-08-07T18:27:10.256606+00:00
1282048,9679,23.398553,21,0.69,-26.32643189,-0.0034077391392202117,6.5057889927178625,0.5501212757080793,0.0003,1879.9617933689,381.8971228736658,0.14480140038514575,0.03933396081258976,0.8021336975060427,0.171449357199297,0.10012073189932448,0.8028968598189332,0.06637565486106917,0.36030269125276077,False,2026-08-07T18:27:12.920495+00:00
1287056,9713,22.808767,23,0.72,-25.441629539999997,-0.0002574240803369321,7.354193636775017,0.5568820808082819,0.0003,1752.1067899673913,406.90670459262856,0.0533660367083778,-0.21826805696652896,0.8198694978057343,0.061827845239762806,-0.22117438106570184,0.7955581936267133,0.02590537462142044,0.10557083241075299,True,2026-08-07T18:27:15.778766+00:00
1292064,9733,19.564541,66,0.69,-31.99239897,-0.0002574240803369321,7.354193636775017,0.5568820808082819,0.0003,4350.9539817560935,162.7082251314157,0.14852504127107996,0.04615424252727248,0.8022816765186436,0.1457301281740645,0.10415164038000964,0.8028841458133061,0.058067828150875085,0.3644311271466537,False,2026-08-07T18:27:16.929780+00:00
1297072,9754,24.041936,19,0.68,-34.42522512,-0.0046243495002272535,7.812881126254797,0.573571702465415,0.0003,1770.290992668299,397.06918405572446,0.1457891733145806,0.04226940242945108,0.8021810105122339,0.1457301297388661,0.10415163845375594,0.8028841458133061,0.061886258739426325,0.3644311251606051,False,2026-08-07T18:27:19.758693+00:00
1302080,9784,24.165564,20,0.67,-31.928212930000004,-0.0046243495002272535,7.812881126254797,0.573571702465415,0.0003,4391.905547497543,158.9105212878876,0.13908395927828002,-0.0659458491236948,0.8586376819331941,0.09508423865255768,-0.06520584387013846,0.7928881405520085,0.07911716131632343,0.2053261292034284,False,2026-08-07T18:27:20.898971+00:00
1307088,9808,24.438878,20,0.62,-38.05493224,-0.008396277095016558,10.180959147959948,0.577065946161747,0.0003,1842.7374104547278,376.0231903193477,0.1601696460023559,-0.038280908813465984,0.8539213321800434,0.09508424095335276,-0.0652058447805955,0.7928881405520085,0.09319931656150304,0.20532612761225452,False,2026-08-07T18:27:23.616676+00:00
1312096,9835,-20.612131,11,0.59,-37.55849609999999,-0.009556314772635233,11.084605471044778,0.5791774455457925,0.0003,1915.9855781207173,359.0340177167338,0.009951858579736711,-0.25219278751779467,0.7888481134734201,0.0889862722537511,-0.2894171198323625,0.7929175099894642,0.08745655749608147,0.07686557400845932,False,2026-08-07T18:27:26.230474+00:00
1317104,9866,-19.21426,10,0.56,-35.827534160000006,-0.009556314772635233,11.084605471044778,0.5791774455457925,0.0003,5135.929749630119,132.96443551416976,0.032198820350076124,-0.18497520947205687,0.845519529101451,0.18140293559829518,-0.3279698897676417,0.8028981721297849,0.2110116742503754,0.07126002783643949,False,2026-08-07T18:27:27.205565+00:00
1322112,9908,-32.040311,190,0.7,-23.96490365,-0.009720642103638965,11.680842254310846,0.5943402074277401,0.0003,1884.438480770273,359.7294403173672,0.08388799995126936,-0.2676238122493374,0.7899242300981906,0.17995283209325144,0.038893415675183944,0.8028879900185103,0.3214798937107449,0.29955865776592033,False,2026-08-07T18:27:29.863118+00:00
1327120,9955,19.481573,76,0.8,-10.51756793,-0.006730022493866272,13.610331179201603,0.5869862914085389,0.0003,1784.3182244036614,377.10762060107515,0.06332559314795831,-0.22084665277481652,0.8159308536890831,0.1761096731846035,-0.28752175985051437,0.8023642859381611,0.13171890666798186,0.03188994881438534,False,2026-08-07T18:27:32.669789+00:00
1332128,9992,11.918136,69,0.81,-6.81451601,-0.006730022493866272,13.610331179201603,0.5869862914085389,0.0003,4173.660714079921,160.02067387675322,0.14468488501387183,0.037816557490820885,0.8021410168426927,0.17270658945231124,0.09105152488770954,0.802882354228749,0.06016416919149651,0.3512814121776097,False,2026-08-07T18:27:33.869703+00:00
1337136,10010,-75.343053,176,0.76,-15.89250947,-0.009837048414919992,9.928830828517675,0.5603356633335352,0.0003,1765.7860912199928,375.3931482957956,0.14472661751223403,0.03636439671913713,0.8018516938372072,0.1727065887876261,0.0910515224999361,0.802882354228749,0.06143795878428405,0.35128140976735583,False,2026-08-07T18:27:36.705832+00:00
1342144,10030,-183.096724,600,0.71,-27.148970669999994,-0.009837048414919992,9.928830828517675,0.5603356633335352,0.0003,4420.3155831092145,148.82557311377965,0.15755206153440993,0.059181050126956763,0.8036668875705133,0.1496951046722395,0.1228959699405087,0.8029014499789182,0.06420209243231864,0.3830346128803493,False,2026-08-07T18:27:37.838787+00:00
1347152,10055,23.998491,20,0.67,-30.906553780000003,-0.008551383035955951,8.500795793533324,0.5477010317146778,0.0003,1890.3799872601169,345.35278853974023,0.1589683939364066,0.06159802576788704,0.804203313652857,0.1496951050763622,0.1228959674895807,0.8029014499789182,0.062009083162255334,0.3830346104194362,False,2026-08-07T18:27:40.487985+00:00
1352160,10092,26.559225,62,0.6,-38.66034481,-0.00966899667546386,10.548942274600268,0.563150043413043,0.0003,1846.3030807617833,350.8849694020451,0.15507162420875106,0.05539708325966863,0.8034710682479298,0.15580167272801357,0.11886022554434998,0.8028964393350243,0.06346994247573992,0.37888348664384736,False,2026-08-07T18:27:43.200439+00:00
1357168,10114,-19.359758,10,0.61,-34.845451239999996,-0.00966899667546386,10.548942274600268,0.563150043413043,0.0003,5280.319606394481,121.7411156744241,0.15617737868092715,0.0570559427815629,0.8037452426073189,0.15580167444247672,0.11886022374629084,0.8028964393350243,0.06181125112984592,0.378883484826901,False,2026-08-07T18:27:44.148866+00:00
1362176,10139,-20.501492,11,0.62,-30.89208097,-0.011026512902753893,12.323161664605141,0.5831049643456936,0.0003,1922.178487343774,331.8235034881689,0.15833799472245783,0.06039259252682079,0.803901570839387,0.17284888249275931,0.12102566260442807,0.8028966886043798,0.06235338675023638,0.3812422449630368,False,2026-08-07T18:27:46.754243+00:00
1367184,10166,23.246927,61,0.65,-32.33207202,-0.011026512902753893,12.323161664605141,0.5831049643456936,0.0003,4892.804616946351,129.33604538554962,0.15319008755225896,0.052582272312667405,0.803067501220715,0.1728488843475541,0.12102566425612303,0.8028966886043798,0.0712109216982486,0.3812422466763051,False,2026-08-07T18:27:47.777784+00:00
1372192,10192,13.349002,63,0.65,-34.04291964,-0.0031883244919299614,6.467252149432897,0.5937649350613355,0.0003,1758.0765089084907,357.0993621829219,0.16353525310228048,0.0031284699311620824,0.8105454445623053,0.1755039009536536,0.010294675081676394,0.7989203124978757,0.018158929571009008,0.2707389560486073,True,2026-08-07T18:27:50.626353+00:00
1377200,10230,20.279883,62,0.7,-24.95625308,-0.009811755851842463,14.105961099267006,0.5859610594809055,0.0003,1752.690412554576,355.33942306003627,0.14557377859046164,0.041435106607380964,0.8019891615219875,0.13402286897374915,0.09821007339754095,0.802881136389567,0.057944939262731344,0.3591507594587915,False,2026-08-07T18:27:53.483676+00:00
1382208,10251,17.292971,62,0.72,-20.782972370000007,-0.009811755851842463,14.105961099267006,0.5859610594809055,0.0003,4435.96581583574,139.2688820537287,0.14772009515173637,0.04509481647365738,0.8020876056971571,0.13402287145058245,0.09821007320246336,0.802881136389567,0.05485867411309007,0.35915075908507715,False,2026-08-07T18:27:54.612631+00:00
1387216,10295,18.331273,67,0.69,-18.14770225,-0.0026042192039312795,6.742694595456124,0.5831063106656075,0.0003,1840.9965231100557,332.85451238376265,0.14485106893427713,0.03152387166638102,0.8082499011239286,0.13803024963167712,0.07017032772312032,0.8052971618883915,0.03935467965435981,0.3309004612266944,False,2026-08-07T18:27:57.332905+00:00
1392224,10318,-158.565147,600,0.66,-22.379623909999996,-0.0026042192039312795,6.742694595456124,0.5831063106656075,0.0003,5155.52408140324,117.8883059032428,0.14449608715964368,0.020033638561946808,0.8141705680841642,0.13806492984632532,0.07983949357114199,0.8028943476105689,0.061198474049102364,0.3405466615507145,False,2026-08-07T18:27:58.304286+00:00
1397232,10346,24.243335,19,0.65,-27.47948291,-0.004315668914932758,8.84654388204217,0.570448699593544,0.0003,1857.940820836319,324.42798674754056,0.11790107705534562,-0.25706579913540034,0.8430272063583586,0.13997088910299832,-0.20951742407812687,0.8028808587517442,0.06602767450514198,0.054310733331746464,False,2026-08-07T18:28:00.999753+00:00
1402240,10377,23.758099,20,0.67,-25.421132829999998,-0.010579476326529402,15.207748451828957,0.5629531368613243,0.0003,716.584107077107,834.1798179675214,0.148161426394602,0.03433969548617408,0.8102961100217555,0.1372916443306297,0.1007902085680143,0.8029012155724355,0.06773852164665727,0.36150414107691475,False,2026-08-07T18:28:07.988456+00:00
1407248,10397,16.468462,81,0.64,-29.477493750000004,-0.010579476326529402,15.207748451828957,0.5629531368613243,0.0003,4376.007943243972,135.45496436201347,0.15641900099116784,0.046126063721075916,0.809691036354732,0.13729164318040915,0.10079020636850732,0.8029012155724355,0.05831059916048904,0.3615041389540042,False,2026-08-07T18:28:09.132884+00:00
1412256,10421,23.245685,21,0.61,-37.22981317,-0.004866149253211915,7.990534203499555,0.557700764760375,0.0003,1885.9803810250485,311.63844858267055,0.1531290724045564,0.05260832244678394,0.8028843503939495,0.1744006996946571,0.11581083018693562,0.802894770781411,0.06668612464971528,0.3760866392701148,False,2026-08-07T18:28:11.788268+00:00
1417264,10442,-157.001017,600,0.62,-34.7636351,-0.005885598386521451,8.030541490763426,0.5445699654519558,0.0003,1916.0692953286753,304.13096301928874,0.15611986945207842,0.057011718432093884,0.8034410904227375,0.17440069884139764,0.11581082785587132,0.802894770781411,0.061577775677116246,0.37608663690808797,False,2026-08-07T18:28:14.401948+00:00
1422272,10479,12.818955,102,0.63,-35.016361579999995,-0.005885598386521451,8.030541490763426,0.5445699654519558,0.0003,4780.164295974527,120.85944420080214,0.16322587282047368,0.025440208045862677,0.8327145164721457,0.13750061648147058,0.07792118735438383,0.8028913776137766,0.0656160164460965,0.3386693832068533,False,2026-08-07T18:28:15.449624+00:00
1427280,10499,25.095856,60,0.64,-36.3883171,-0.007046836931840517,7.966348384320736,0.5513386428356171,0.0003,1937.5748375367014,295.58600210153253,0.14461843959175688,0.014017997244085555,0.819669175936552,0.13750061508069514,0.07792118939983277,0.8028913776137766,0.06645130480302361,0.33866938534084345,False,2026-08-07T18:28:18.034288+00:00
1432288,10531,-19.339056,55,0.64,-31.013430380000003,-0.007046836931840517,7.966348384320736,0.5513386428356171,0.0003,4899.595258710775,115.86916266005642,0.1532415147280483,-0.21920794703415808,0.8271818475840076,0.19132638936232843,-0.19978719252134564,0.8366072884874485,0.04377741789987179,0.06787433134066,True,2026-08-07T18:28:19.056408+00:00
1437296,10569,0.457828,86,0.7,-22.182240619999998,-0.011171178443328244,14.888941296935082,0.5541520290076732,0.0003,1790.2969599919268,314.3076330769938,0.14480252052430378,0.021901589207260375,0.8150796661698636,0.1381316318324182,0.08775683331683924,0.8028788451748873,0.06730730989738934,0.34844374100400893,False,2026-08-07T18:28:21.853723+00:00
1442304,10590,24.000575,20,0.7,-20.23276399,-0.00807993940106826,13.405554847419262,0.5482902806252241,0.0003,1735.6506024185985,321.3181265992478,0.14454306653329285,0.02922143350949996,0.8067838684997312,0.13772548752466696,0.08647723029999328,0.802878845174887,0.05779234254484498,0.3471924898703432,False,2026-08-07T18:28:24.739091+00:00
1447312,10619,21.538686,24,0.72,-22.650988560000002,-0.00807993940106826,13.405554847419262,0.5482902806252241,0.0003,4295.353740604905,128.67112544778817,0.14483655359427663,0.03338666075451777,0.8066792653201403,0.13895880109570297,0.09844227677029944,0.8028888856878259,0.06543048316636811,0.3590593235491959,False,2026-08-07T18:28:25.905089+00:00
1452320,10649,23.736359,20,0.71,-24.837424200000005,-0.006537460624531377,8.835979873687029,0.5642562009394169,0.0003,1805.7014084507043,303.30596046325877,0.14450048294863893,0.032610381657558515,0.8018044602536494,0.13895880079622938,0.09844227923578507,0.8028888856878259,0.06607363285267985,0.35905932602799395,False,2026-08-07T18:28:28.678445+00:00
1457328,10669,19.323052,62,0.69,-27.15451335,-0.006537460624531377,8.835979873687029,0.5642562009394169,0.0003,5199.322180098635,104.37360509744467,0.07818047447828642,-0.1418453273228991,0.8155019539190611,0.08816870429536697,-0.17652196704478798,0.7956666453727936,0.0411785568276273,0.11012863854909812,False,2026-08-07T18:28:29.641654+00:00
1462336,10703,22.950951,21,0.67,-29.865791530000003,-0.01094997265317943,11.481086038798093,0.5663995102047921,0.0003,1891.8598913614228,284.19863566803855,0.14458950576633506,0.017886108385302014,0.8165825327617314,0.15730758983918985,0.05171225890610277,0.8028849704103765,0.03864688002813846,0.31172388651628746,False,2026-08-07T18:28:32.288771+00:00
1467344,10724,-156.56505,600,0.69,-28.113266260000003,-0.0036070004134671763,11.789359860122204,0.5479017790406943,0.0003,1926.719113233537,276.4575263417948,0.1622078544858371,0.011366454083652403,0.8434199141792147,0.16845749287215717,0.06876473010797975,0.8028849704103769,0.07054574215973265,0.328873496877835,False,2026-08-07T18:28:34.888009+00:00
1472352,10756,-15.716866,54,0.68,-29.17307132000001,-0.0036070004134671763,11.789359860122204,0.5479017790406943,0.0003,5008.386885965121,105.35288347603796,0.08647091889735718,-0.26981071578126037,0.7579710707976444,0.1445438852326843,-0.021305702116272508,0.7990896710038166,0.25849168365449376,0.23919418748352994,False,2026-08-07T18:28:35.887939+00:00
1477360,10795,23.584882,20,0.7,-23.131603809999998,-0.010556960750545841,13.513451261073351,0.5540062576532364,0.0003,1764.3364263918595,296.22468378597176,0.15419737458296506,-0.07728956858013587,0.8189099045149223,0.18518805553984455,-0.05123799223968819,0.8129591016099752,0.040920886979717255,0.2102760424441995,True,2026-08-07T18:28:38.726397+00:00
1482368,10813,28.677763,58,0.69,-23.60058879999999,-0.010556960750545841,13.513451261073351,0.5540062576532364,0.0003,4531.758970391463,114.22319752263564,0.1121273582157347,-0.21972742668633866,0.8413646709968493,0.0833110735693673,-0.18784663906470944,0.8110672889096031,0.052580359846015536,0.10529624367156365,False,2026-08-07T18:28:39.831505+00:00
1487376,10855,24.10638,20,0.65,-27.00181825,-0.007233501455630176,8.145254528522491,0.5695117011666297,0.0003,1728.3192504131948,296.60260966105966,0.016674411057892864,-0.24407219610344932,0.7966098091731784,-0.010407921385703765,-0.18114210853003299,0.7334160591233994,0.09320460663474354,0.1877696107416887,False,2026-08-07T18:28:42.729129+00:00
1492384,10874,23.85053,20,0.65,-28.25236997,-0.009723504110297654,13.232848677039147,0.5615589484572411,0.0003,1804.1527947520426,281.3597614772784,0.14504809319278153,0.025365265555279484,0.8130253820839342,0.14284989012022115,0.09347958287779483,0.8028827736267705,0.06890039787530879,0.3538953825360658,False,2026-08-07T18:28:45.504920+00:00
1497392,10899,-173.450581,600,0.59,-39.18549855,-0.009723504110297654,13.232848677039147,0.5615589484572411,0.0003,5276.225152973565,95.25901291697932,0.15474865527100742,0.010927273322494328,0.8351126002560367,0.1428498888064793,0.09347958404915213,0.8028827736267705,0.08941602973874761,0.353895383769712,False,2026-08-07T18:28:46.454085+00:00
1502400,10922,-27.90004,57,0.58,-35.08584053,0.0008303341535793151,4.291379566118121,0.5674955613911152,0.0003,1893.3102013499647,262.8201124386284,0.15892959543644158,0.06153825731211046,0.8041419220344267,0.1778070510680117,0.11727380145048115,0.8028888625142282,0.0588589786666684,0.3776938076387219,False,2026-08-07T18:28:49.099191+00:00
1507408,10943,-207.884365,600,0.57,-43.47580969,-0.012295399328286294,8.641817757487297,0.5789382178336382,0.0003,1885.734536739823,261.22022501195966,0.154108582519991,0.052859513581587914,0.8032640558861772,0.17780705337337477,0.1172738023667388,0.8028888625142282,0.06863642539171057,0.37769380866265106,False,2026-08-07T18:28:51.754913+00:00
1512416,10963,-60.840154,158,0.59,-44.35098902000001,-0.012295399328286294,8.641817757487297,0.5789382178336382,0.0003,5180.947606141837,94.1109690864246,0.1643905637364682,0.011611668973610791,0.8461367048568954,0.18017035938947223,0.06842831791978014,0.802900467750273,0.07311980407155699,0.3290471142701553,False,2026-08-07T18:28:52.721541+00:00
1517424,10977,-159.740488,600,0.56,-50.238087480000004,-0.006975400321243797,7.305769480764866,0.5820892859250307,0.0003,1767.3978419059188,273.0432212588886,0.1527914019117556,0.012440627603215416,0.8325364262681327,0.18365732153236472,0.07263121176278621,0.8029004677502738,0.0738505345462613,0.3334714259136234,False,2026-08-07T18:28:55.555078+00:00
1522432,11002,7.995825,72,0.58,-52.09133177,-0.006975400321243797,7.305769480764866,0.5820892859250307,0.0003,4459.777415750209,107.08337109233625,0.09114984760397535,-0.23331954097153965,0.8301607649759533,0.06379536235695787,-0.20916646166476424,0.7928973641375242,0.05215553801059015,0.10880891932056362,False,2026-08-07T18:28:56.678015+00:00
1527440,11016,-167.595763,600,0.53,-57.381293060000004,-0.009925238280266058,9.40789628252387,0.5795743312686682,0.0003,1740.8587365065277,271.45223796177214,0.16586963567401378,0.0060115581402867425,0.8535143881994061,0.1793960030968886,0.06312175695239654,0.8028988704688679,0.07750140682044257,0.32370337463816795,False,2026-08-07T18:28:59.554750+00:00
1532448,11039,21.996971,19,0.57,-54.17697810000001,-0.010255988872086164,10.911143809556961,0.5624952912330627,0.0003,1793.2742024781674,260.7253254153096,0.16545692827845757,0.007725637267579158,0.8511795444286918,0.1795338164450836,0.06310303465491954,0.8028988704688685,0.0748053367071218,0.32369297333758784,False,2026-08-07T18:29:02.347405+00:00
1537456,11064,23.390747,21,0.55,-55.33805356999999,-0.010255988872086164,10.911143809556961,0.5624952912330627,0.0003,5059.42775605961,91.42219679805036,0.14548547894607336,-0.006906694638336375,0.8443256489814669,0.15505130143557314,0.059254004520568046,0.8028818170621366,0.07865325344353773,0.31929235665750044,False,2026-08-07T18:29:03.337242+00:00
1542464,11086,-170.678618,600,0.56,-53.63947995999999,-0.009594610419298988,12.5134357213974,0.5530480470508337,0.0003,1896.2486576674391,241.28481154091443,0.14448827740892947,0.013000700695480162,0.8224594891737573,0.16324111258384147,0.07193675204471311,0.8028818184179114,0.06487227580377572,0.33195257518021226,False,2026-08-07T18:29:05.978246+00:00
1547472,11121,-155.014462,600,0.67,-32.32760033,-0.009594610419298988,12.5134357213974,0.5530480470508337,0.0003,4955.4551882641645,91.31915894864848,0.14489332006080843,0.03204790139251491,0.8015818992271856,0.13565158541307024,0.10096208482637371,0.8029002529331096,0.06954360067000175,0.3617823544274917,False,2026-08-07T18:29:06.988854+00:00
1552480,11144,-172.875179,600,0.67,-32.09756763,-0.007525347925547976,12.315774957835675,0.5564369022846222,0.0003,1850.5442529593847,241.831558085859,0.14464536454725369,0.0365816010581853,0.8020604265168388,0.1356515870796903,0.10096208298778009,0.8029002529331096,0.06501107440299997,0.36178235248090107,False,2026-08-07T18:29:09.695087+00:00
1557488,11169,22.230786,63,0.62,-37.48027561,-0.008286122376739513,15.311440038681031,0.565815319493413,0.0003,1796.6202645046742,246.30246510216224,0.17869143757235834,-0.06442059817797753,0.8127253880674042,0.16756740531508105,-0.05849727963864255,0.7984077920466249,0.019074154030876724,0.20164476669685763,True,2026-08-07T18:29:12.482539+00:00
1562496,11197,-169.00195,600,0.64,-34.09469304000001,-0.008286122376739513,15.311440038681031,0.565815319493413,0.0003,4376.27598713269,99.97175710269819,0.147067205365698,0.003910904874493802,0.8340302017091445,0.17468551925877004,0.04738621869234146,0.8028822125030495,0.06019195465707694,0.30773682249265466,False,2026-08-07T18:29:13.626900+00:00
1567504,11229,-11.230899,165,0.65,-30.10573345,-0.006016830465523526,16.398227390646934,0.5634241890162229,0.0003,1710.525294471118,252.84396635229214,0.14841950602113657,0.011974872330878666,0.8273008335111118,0.18156845246329528,0.05980751630918035,0.802881861866157,0.0631118107518488,0.3205340007386238,False,2026-08-07T18:29:16.554650+00:00
1572512,11247,23.907499,20,0.64,-35.88007421,-0.006016830465523526,16.398227390646934,0.5634241890162229,0.0003,4410.982042610292,96.91447298366803,0.13385811026208289,-0.015262661846972784,0.8370702670181058,0.1601882349205679,0.005609998783356034,0.8028906064869833,0.0479290373400407,0.2656100654833693,False,2026-08-07T18:29:17.690001+00:00
1577520,11271,12.541682,70,0.67,-33.53224889,-0.008276720478897914,15.617165902256966,0.5574893787503242,0.0003,1883.6623100908791,224.28648581900916,0.1586030161750152,0.0609895819590762,0.804144234883328,0.1649549881415204,0.12527355285558736,0.8028854784098366,0.06460929445479434,0.3853054144927757,False,2026-08-07T18:29:20.348655+00:00
1582528,11298,16.673686,62,0.66,-32.17384066,-0.008073766212328337,13.953145809471607,0.5524300906807185,0.0003,1823.0237257820986,228.99976237056356,0.15776837353710038,0.05962062178825504,0.8039590241933616,0.16495498778614187,0.12527355039663862,0.8028854784098366,0.06605381866153812,0.38530541202946017,False,2026-08-07T18:29:23.095739+00:00
1587536,11324,3.654492,123,0.64,-37.73261954,-0.008073766212328337,13.953145809471607,0.5524300906807185,0.0003,5139.257212244821,80.25751250925155,0.13564989061725577,-0.0290410850339358,0.8623581552330442,0.13557545456143458,-0.0023002835650329447,0.8028920142447469,0.06520197794519529,0.25885459677305905,False,2026-08-07T18:29:24.070198+00:00
1592544,11353,-20.501989,11,0.64,-36.06385322999999,-0.004263936287316028,8.682887770235538,0.5425133213400841,0.0003,1838.1631448239023,221.66476416816346,0.13505712507007805,-0.07987101825927265,0.8302687465102808,0.1515552707730486,-0.08123433477820571,0.8029047999182484,0.031981760687286205,0.1789650147763723,False,2026-08-07T18:29:26.794657+00:00
1597552,11373,28.579331,61,0.66,-33.99362303,-0.009532514020975213,16.570617073774336,0.5188394263386726,0.0003,1781.2935776813397,225.93019199218995,0.14619912327869602,0.042898554173599626,0.8021451744956383,0.1741754032440876,0.10780659668501953,0.8029077411411658,0.07068456501425989,0.3680796579847209,False,2026-08-07T18:29:29.606096+00:00
1602560,11391,-158.230013,600,0.63,-40.82902083,-0.009532514020975213,16.570617073774336,0.5188394263386726,0.0003,530.4802151532241,749.2079603481598,0.14930063854921088,0.047215483541087455,0.8023476910224339,0.174175405655359,0.10780659728830472,0.8029077411411658,0.06550076915463528,0.3680796586804209,False,2026-08-07T18:29:39.046608+00:00
1607568,11415,-152.192405,383,0.63,-43.29915489999999,-0.007017942264792509,18.481713692843915,0.5084467954933644,0.0003,1787.7851962207521,219.50735515070417,0.15707416949550385,-0.07734436851004683,0.8220783530914799,0.1443601710208287,-0.055862890520338854,0.8040947573719263,0.030765392388862826,0.20473535043369745,True,2026-08-07T18:29:41.847833+00:00
1612576,11438,23.472426,22,0.64,-40.55193904,-0.007017942264792509,18.481713692843915,0.5084467954933644,0.0003,4402.800517476572,87.99490198616783,0.15801304083953047,-0.27248935088348014,0.8054823618785831,0.08951329151919836,-0.23104500901070496,0.7928960713107126,0.08104482611786315,0.07620214941619213,False,2026-08-07T18:29:42.985309+00:00
1617584,11469,9.632995,94,0.62,-41.25504662,-0.00909963064477779,10.235884679108858,0.5072997502982617,0.0003,1910.3248606640996,200.18375297019276,0.12650547370062892,-0.10587217251712774,0.8578121524988215,0.16660529266329502,-0.08483472138800936,0.839376117503624,0.048892302228395704,0.1752897735818724,True,2026-08-07T18:29:45.606849+00:00
1622592,11497,20.917785,25,0.66,-30.463800019999997,-0.006410060291818809,10.127388358861207,0.5105526152998209,0.0003,1758.5520693659892,214.6129230828331,0.14478511125379856,0.02877705856219083,0.8100689449091899,0.1556348640724467,0.08744503772380008,0.8029064656572974,0.06009118091838911,0.34747245739850935,False,2026-08-07T18:29:48.454635+00:00
1627600,11525,23.788233,20,0.68,-26.60952837,-0.006410060291818809,10.127388358861207,0.5105526152998209,0.0003,5018.9286010057895,74.19910295702779,0.14466574825404277,0.031957339319815266,0.8073465739484323,0.155634863873724,0.08744503525662962,0.8029064656572974,0.05673553083819085,0.34747245493403,False,2026-08-07T18:29:49.452470+00:00
1632608,11548,24.427007,19,0.68,-28.065658770000006,-0.003073909133672714,11.749227605760098,0.4910085655748844,0.0003,1909.2430972767045,192.42808866196168,0.1530532154257221,0.05241076598212797,0.8031310409930562,0.17916853815950937,0.11032183746974022,0.8028940084373583,0.06352761971588157,0.3708176049786974,False,2026-08-07T18:29:52.075488+00:00
1637616,11580,15.570564,61,0.71,-22.580757849999994,-0.003073909133672714,11.749227605760098,0.4910085655748844,0.0003,4740.430352368108,76.44538007376673,0.1522166565557542,0.051267267334127786,0.8028467658419574,0.17916853786598108,0.11032183500464167,0.8028940084373583,0.06491415947830396,0.3708176025017213,False,2026-08-07T18:29:53.131939+00:00
1642624,11602,14.054078,93,0.66,-29.388152080000005,-0.00740513874188764,13.599283467233182,0.47826993502676485,0.0003,1971.0077037461588,181.31638923620645,0.15538720662447628,0.05582355478708567,0.8036343932062657,0.1822505446760635,0.10589762250327323,0.8029002838168459,0.056829482713771244,0.3665735354494775,False,2026-08-07T18:29:55.672774+00:00
1647632,11627,-19.501778,10,0.64,-30.711110609999995,-0.005356064456282184,12.362594822794199,0.469394438713789,0.0003,1742.481654400209,202.2219281965932,0.1515605262905218,0.05031054725514485,0.8028271835229575,0.18225054220229095,0.10589762273029045,0.8029002838168459,0.0634964989601564,0.3665735355259213,False,2026-08-07T18:29:58.546831+00:00
1652640,11638,-158.605218,472,0.57,-40.14019084,-0.005356064456282184,12.362594822794199,0.469394438713789,0.0003,4439.4122099571405,78.24459265596188,0.14971726099309257,0.04752240278611121,0.8027510702617531,0.1790377407003194,0.09978813633562476,0.8028986182449819,0.05992845070697224,0.3602914634276459,False,2026-08-07T18:29:59.674906+00:00
1657648,11662,-160.67951,600,0.56,-42.948398239999996,0.0011473818303784356,1.917886518407613,0.4815254554152489,0.0003,1752.4443138493587,195.3568494556049,0.14778595977108833,0.045059582916638266,0.8022462170568295,0.17903774176310372,0.09978813409173627,0.8028986182449819,0.06302629466113395,0.3602914612430495,False,2026-08-07T18:30:02.532632+00:00
1662656,11678,-19.873866,11,0.53,-48.94647411999999,0.0011473818303784356,1.917886518407613,0.4815254554152489,0.0003,4451.23010372887,75.78669090088182,0.14477541767638882,0.03953291013152063,0.8022340813907739,0.13833180132376358,0.09415090395311966,0.8028925821806732,0.055000718759724836,0.35481315308861455,False,2026-08-07T18:30:03.657717+00:00
1667664,11697,14.264048,78,0.51,-56.97878040999999,-0.013381127502361779,11.779387656599283,0.48441778756678106,0.0003,1897.8012085350426,175.11633911148047,0.14487914209928004,0.039856010910848026,0.8022159518847802,0.13833180380350962,0.09415090410422448,0.8028925821806732,0.05469242081126725,0.354813153088001,False,2026-08-07T18:30:06.296558+00:00
1672672,11714,-23.236658,182,0.47,-61.47800262,-0.010756508785561891,8.039500503242015,0.47178949378430846,0.0003,1896.896644017473,172.55974437634404,0.07619871889575042,-0.1881089056870513,0.8570775551767286,0.09290921144484353,-0.21013537058946835,0.7928909583797434,0.06988794549641196,0.08359219565965698,False,2026-08-07T18:30:08.936660+00:00
1677680,11736,-178.253777,600,0.54,-54.24087917,-0.010756508785561891,8.039500503242015,0.47178949378430846,0.0003,5124.5675195058575,62.89701497212005,0.08468294954053321,-0.2365873437594731,0.8200166039037877,0.08891773178153001,-0.2313544265796686,0.7928203497867268,0.0280170134175488,0.07663718243556522,False,2026-08-07T18:30:09.913928+00:00
1682688,11770,17.81225,62,0.59,-45.996974259999995,-0.010902984380663838,9.017733292281628,0.4659975223243237,0.0003,1873.9460535621042,169.32824688140576,0.10479357489910082,-0.179071162920883,0.8375984617078824,0.06780418177420573,-0.21049555184734825,0.7928807297388138,0.06599532540723811,0.10464587562451894,False,2026-08-07T18:30:12.586354+00:00
1687696,11782,5.286814,70,0.58,-49.34072071,-0.010997464331740047,9.953600212931633,0.47271097674965856,0.0003,1784.9450452166063,174.9656107547565,0.15648417959139552,-0.016811641564970156,0.8716736082643151,0.17356111565643914,0.08392187934533923,0.8029001405554804,0.1231610889894022,0.34418913833861375,False,2026-08-07T18:30:15.392050+00:00
1692704,11799,23.527686,21,0.57,-50.64020736,-0.010997464331740047,9.953600212931633,0.47271097674965856,0.0003,4413.184003173364,69.63135907749017,0.14526916111072516,0.040906946713736694,0.8020845784977653,0.17356111319438894,0.08392187964187234,0.8029001405554804,0.05149159299328697,0.3441891385379114,False,2026-08-07T18:30:16.526832+00:00
1697712,11828,24.19877,20,0.61,-43.39053573,-0.005770641623530537,6.347113893926144,0.47228057533502577,0.0003,1812.975823075592,166.73581420803984,0.13190170177374388,-0.22216366329298848,0.8390457589001765,0.16459464166647217,-0.22698967544458104,0.8205997158613766,0.03784673322634495,0.033328550212953736,False,2026-08-07T18:30:19.289135+00:00
1702720,11853,-233.763582,600,0.67,-34.44254640999999,-0.005770641623530537,6.347113893926144,0.47228057533502577,0.0003,4299.310011185739,69.14597905862827,0.16733750935992137,0.07602990411406088,0.806021489451422,0.14566271973599149,0.1131519198590261,0.8028925575753396,0.043100240984201336,0.37342725248680736,False,2026-08-07T18:30:20.453971+00:00
1707728,11880,22.485533,25,0.63,-39.30524606,-0.00957027231779648,8.465593882650136,0.4473481457680464,0.0003,1840.5274231042547,158.79795993859776,0.1534046494163651,0.05299287132602099,0.8029579581303298,0.14566272583085424,0.11315191033977581,0.8028925642001884,0.06065518635886352,0.373427242740571,False,2026-08-07T18:30:23.174934+00:00
1712736,11908,26.273313,60,0.69,-26.84932945,-0.008325120589870495,10.694626285880805,0.4419059079140425,0.0003,1896.688877126239,151.45551991386534,0.08265181951902337,-0.2673309156190959,0.7899169780934296,0.1686595777064834,-0.07204878537761948,0.8028796323119894,0.21377669485814277,0.188150597565043,False,2026-08-07T18:30:25.815327+00:00
1717744,11929,-155.349369,600,0.68,-29.17744106,-0.008325120589870495,10.694626285880805,0.4419059079140425,0.0003,5274.395513728822,53.51437890186858,0.08429720757437048,-0.20150902661990597,0.821044658140393,0.1597619994263335,-0.17204968594243997,0.8029065620043901,0.0830167338182489,0.0879506360812502,False,2026-08-07T18:30:26.764821+00:00
1722752,11965,-205.295548,600,0.7,-30.542808780000005,-0.011045062771881931,11.422810687124729,0.4392037637531757,0.0003,1839.8794970354002,150.68812954692413,0.16983284131531634,-0.06649970052554716,0.8384697858840352,0.15892149919374857,-0.08925551568075633,0.817731829879413,0.03266415970940619,0.1707478904391897,True,2026-08-07T18:30:29.486735+00:00
1727760,11992,9.394007,86,0.69,-29.15418208,-0.011045062771881931,11.422810687124729,0.4392037637531757,0.0003,4538.888865791766,59.97943726972269,0.05558526245903492,-0.29278439112835447,0.8093050382326091,0.09650871749288124,-0.2580809263401269,0.7929009589277165,0.05610840808698994,0.06352027863691077,False,2026-08-07T18:30:30.590094+00:00
1732768,12018,-176.786547,600,0.67,-31.194360039999996,-0.011634195879014441,13.251779660582542,0.4402695555239916,0.0003,1714.9217035084373,155.8275223022071,0.14803611977784673,0.045312982947501995,0.8024264285838668,0.1593914245847375,0.09913177754442286,0.8029047835845756,0.055005767176084894,0.3591322931821265,False,2026-08-07T18:30:33.510348+00:00
1737776,12041,-205.79857,600,0.66,-27.6757607,-0.005536371430207509,7.044758295267821,0.4370023399591446,0.0003,1861.4946895967496,140.867444567787,0.1476593354527842,0.04483460255940345,0.8024168712548,0.15939142369115178,0.09913177522655377,0.8029047835845756,0.05555234389763159,0.35913229086577503,False,2026-08-07T18:30:36.200652+00:00
1742784,12068,10.361147,72,0.6,-34.11705019000001,-0.005536371430207509,7.044758295267821,0.4370023399591446,0.0003,4366.0516383288295,58.912725113451295,0.08647091889735718,-0.26981071578126037,0.7579710707976444,0.1620353395838754,-0.022937378156965088,0.7982858402194651,0.2613076867162215,0.23707135905105758,False,2026-08-07T18:30:37.347691+00:00
1747792,12098,10.666923,82,0.62,-34.12052940999999,-0.010737948010500986,12.063873966038226,0.4278642788529396,0.0003,1796.3160499351002,140.4029096155502,0.1453062511561221,0.0413026960051699,0.8021655072890539,0.14804167844794922,0.09665703528684355,0.8029010717211625,0.055426766952559076,0.3568574537177877,False,2026-08-07T18:30:40.135617+00:00
1752800,12123,27.85966,59,0.63,-31.184422520000002,-0.010737948010500986,12.063873966038226,0.4278642788529396,0.0003,4948.067135174685,49.95890177857761,0.14480258951133973,0.03961786089900232,0.8022287975823921,0.1480416798981944,0.09665703730422204,0.8029010717211625,0.05713502694527804,0.35685745568543537,False,2026-08-07T18:30:41.147727+00:00
1757808,12158,-154.54187,600,0.68,-28.192713700000002,-0.00854748767815181,10.556169299036265,0.43020849078893664,0.0003,1903.4868467757874,127.23597245246839,0.1338440045938842,-0.032726734063995816,0.836636929344102,0.16838393681162708,-0.05660324301405235,0.8028864707183786,0.053871959818583476,0.20356947499284367,False,2026-08-07T18:30:43.778693+00:00
1762816,12184,24.544712,20,0.69,-25.523836940000002,-0.01077537325109006,19.56470098644495,0.45138921327888964,0.0003,1872.9500103789865,126.63658863591691,0.1576264979484326,0.021617495391349315,0.8297536674379857,0.17554269296120442,0.0650306580452656,0.8029018707609366,0.054099091675707936,0.3254020651038107,False,2026-08-07T18:30:46.452546+00:00
1767824,12211,23.994863,58,0.67,-31.162818580000003,-0.01077537325109006,19.56470098644495,0.45138921327888964,0.0003,5068.756621152989,45.80531624483224,0.1550685590143837,0.021420099757465123,0.8269176180742386,0.1761941424584548,0.06510138066090009,0.8029018707609366,0.054139640710237226,0.3255044668780879,False,2026-08-07T18:30:47.440564+00:00
1772832,12229,-109.898865,341,0.66,-33.276222600000004,-0.0034110681706806647,12.71931511759758,0.43287709169089794,0.0003,1958.1665540371416,116.01056076238712,0.07173875968419148,-0.2280141054666029,0.8160366881190797,0.08581362738884013,-0.2549489622573534,0.7927225486277343,0.03830323108385914,0.07435812573942065,False,2026-08-07T18:30:49.998059+00:00
1777840,12253,-19.36741,10,0.63,-41.21216412,-0.0038506489450810476,9.34855834543705,0.420599714666605,0.0003,1830.3176055539682,121.3778413789341,0.08571387150790541,-0.31458922687406976,0.8153486220014419,0.08550337876747337,-0.2556590538222399,0.7929046832468062,0.06305981279653647,0.07462298833992612,False,2026-08-07T18:30:52.734201+00:00
1782848,12271,-91.453415,217,0.57,-43.65603459,-0.0038506489450810476,9.34855834543705,0.420599714666605,0.0003,4414.642992522561,49.18902850531922,0.14913292221525387,-0.18968069796412965,0.8403394792130737,0.06471601660288183,-0.19256847600347893,0.7929033138778684,0.09687488320964116,0.11673066401128579,False,2026-08-07T18:30:53.868604+00:00
1787856,12289,-157.868339,600,0.54,-53.58863137999999,-0.0032217421248788014,8.878376611322164,0.41618421375751496,0.0003,1814.0735710669549,116.94343789774007,0.14487585433706557,0.027247976908456168,0.8112441327951656,0.13751738167089886,0.08461955425101625,0.8029018965218675,0.058440036899300524,0.3453521467996126,False,2026-08-07T18:30:56.629241+00:00
1792864,12319,24.18225,21,0.57,-47.87877537,-0.0032217421248788014,8.878376611322164,0.41618421375751496,0.0003,5058.148498333622,40.95095271881396,0.14460787811812043,0.03568883766666352,0.802209406315719,0.13751738252232656,0.08461955191945346,0.8029018965218675,0.04944663252202079,0.34535214441756734,False,2026-08-07T18:30:57.619331+00:00
1797872,12356,24.185101,20,0.57,-38.98818796,-0.005871577050129417,7.015997783094645,0.4017876524478197,0.0003,1894.7606856727193,106.67732422801252,0.15391249145129646,-0.015927835839041962,0.864366921194594,0.13715969554483268,-0.05459851701298118,0.8028943837720364,0.07453154104342562,0.20666748346285954,False,2026-08-07T18:31:00.262411+00:00
1802880,12394,0.107521,99,0.67,-21.492407810000003,-0.008930157974828035,12.885894611477852,0.39023414738476275,0.0003,717.2653098465887,274.82159989329574,0.15362831294810605,0.053299944871140544,0.8029904511744107,0.15738609296365108,0.113828766359541,0.8028910802447619,0.0606454368934839,0.3738379048035271,False,2026-08-07T18:31:07.244481+00:00
1807888,12413,24.262027,20,0.64,-24.267367769999996,-0.008930157974828035,12.885894611477852,0.39023414738476275,0.0003,4403.473382088273,43.62737851021008,0.1551787020620332,0.055515168050942316,0.8035576244435892,0.15738609136307516,0.11382876445843436,0.8028910802447619,0.058359167014884764,0.3738379029136583,False,2026-08-07T18:31:08.381787+00:00
1812896,12441,-156.374989,600,0.61,-31.845815220000006,-0.011418822183622978,12.447221449017524,0.38999082073569297,0.0003,1804.960037699084,103.66102079385387,0.08496352390581698,-0.21547462754941007,0.8292664090427804,0.17407391636103253,-0.01647434168041134,0.8029024174024592,0.2196288593848192,0.24393200155315084,False,2026-08-07T18:31:11.156344+00:00
1817904,12470,16.866999,99,0.65,-28.875409980000004,-0.011418822183622978,12.447221449017524,0.38999082073569297,0.0003,5215.81152127835,34.91230449128075,0.08525709643286525,-0.24915770755361233,0.8056910076215569,0.1641402804862702,0.06014546851314708,0.8028940980586908,0.31921596788771545,0.3201722394774529,False,2026-08-07T18:31:12.116505+00:00
1822912,12500,21.194001,24,0.64,-36.485240909999995,-0.010467941376555245,13.640226235985756,0.3928829837590456,0.0003,1897.007997027655,93.35121426871791,0.14448687389137663,0.03830546122459799,0.8022187049909743,0.1332897836427012,0.0973727947050076,0.8028846190690576,0.060122942011201434,0.35836957188511587,False,2026-08-07T18:31:14.756456+00:00
1827920,12515,24.243057,20,0.65,-36.71671713,-0.0069856460715527645,15.057394377887249,0.3857161939144135,0.0003,1940.436203709144,88.68109122632791,0.14485673315540798,0.038552729853463454,0.8032321947274131,0.1332897835924815,0.0973727922220355,0.8028846190690576,0.05994760102015986,0.35836956941279297,False,2026-08-07T18:31:17.337311+00:00
1832928,12554,17.987729,88,0.64,-35.68323213,-0.0069856460715527645,15.057394377887249,0.3857161939144135,0.0003,4985.341754468576,33.512647322572455,0.15622067437664744,-0.010797515480085826,0.8604679775833333,0.17801654658843602,0.024561468055627228,0.8028958565670952,0.07099201983645632,0.28513124180444877,False,2026-08-07T18:31:18.341857+00:00
1837936,12582,-51.22845,144,0.65,-30.77571167,-0.010287208767113042,18.789253866672517,0.36829580925405025,0.0003,1954.2783688248442,82.92779707603943,0.16829086565560322,0.06210727947394114,0.812426653034829,0.13645256769682418,0.0800250123416525,0.8026596622790559,0.037816880839831486,0.34083939118889056,False,2026-08-07T18:31:20.904442+00:00
1842944,12606,-20.381035,11,0.65,-30.515077459999993,-0.010287208767113042,18.789253866672517,0.36829580925405025,0.0003,4379.464031394422,35.861922571834285,0.14498935238214272,0.033875995410149726,0.8018507102073394,0.1385415060756966,0.08872881677814987,0.80290529045702,0.05524055460913024,0.34938840079915046,False,2026-08-07T18:31:22.047962+00:00
1847952,12626,21.07267,24,0.64,-31.753771110000002,-0.0016660671040881424,8.757924626767636,0.3451437074691057,0.0003,1748.9544763042695,86.93651096127665,0.1683933579812535,0.07739139289529905,0.8059460446374688,0.15556363977938265,0.11858641532191329,0.8028843944130402,0.04325511812451112,0.3786124075598993,False,2026-08-07T18:31:24.911393+00:00
1852960,12650,-151.106793,600,0.64,-32.420512710000004,-0.004528094448323828,7.624924553185702,0.33777124956250193,0.0003,1763.8032276015208,83.36530838530665,0.15426398613683454,0.05409162921490217,0.8034575861300137,0.15556364033382228,0.11858641289999634,0.8028843944130402,0.06451042374967976,0.378612405131652,False,2026-08-07T18:31:27.750711+00:00
1857968,12683,16.826395,68,0.61,-36.82523249,-0.004528094448323828,7.624924553185702,0.33777124956250193,0.0003,4738.6465616114365,29.973115351253423,0.15648452167011082,0.05753070442943737,0.8038222263287478,0.18118914237330364,0.1162775920147171,0.8028863546091376,0.06373688838437035,0.37687372687268883,False,2026-08-07T18:31:28.807556+00:00
1862976,12700,9.336564,102,0.61,-34.087122529999995,-0.00798420687642647,15.195359037816525,0.33397485241293906,0.0003,1907.4905706005572,71.83469324142408,0.1553146327129493,0.05573753810567228,0.8035961583725658,0.18118914348491028,0.11627758979345748,0.8028863546091376,0.06584141544218658,0.37687372471744107,False,2026-08-07T18:31:31.432996+00:00
1867984,12731,15.807285,65,0.66,-32.13669918,-0.010498170220671454,15.86020760089159,0.3250344512984157,0.0003,1854.5196865771304,71.1860871337854,0.0889412065520609,-0.17563779104509408,0.8723854974871075,0.09591002465737881,-0.24330546709472337,0.7929078957375966,0.10461437753768091,0.06622863707145993,False,2026-08-07T18:31:34.133420+00:00
1872992,12759,23.623615,64,0.69,-28.0188442,-0.010498170220671454,15.86020760089159,0.3250344512984157,0.0003,5074.536458138303,25.028492956496656,0.014867657153510155,-0.3103557808814974,0.7988359386403101,0.0898572389962773,-0.26386863479559824,0.7929079250128368,0.08842869150752096,0.0702493648114136,False,2026-08-07T18:31:35.120316+00:00
1878000,12776,15.868669,65,0.67,-34.55542914,-0.0055433284374885265,7.444518498331308,0.306861225515604,0.0003,1856.8133211320078,65.70396636621639,0.14673058112025167,0.043745776220749245,0.8019619549491276,0.14546199477070768,0.10153080422643988,0.8028855516803335,0.05780633013664329,0.36182298987303635,False,2026-08-07T18:31:37.817409+00:00
1883008,12794,22.923656,75,0.62,-42.18440219,-0.0055433284374885265,7.444518498331308,0.306861225515604,0.0003,4441.516803168024,26.340551028998135,0.14791310603892424,0.045140461878547256,0.8024636753485815,0.1454619933301327,0.10153080624941785,0.8028855516803335,0.05644516694470722,0.36182299195226275,False,2026-08-07T18:31:38.944963+00:00
1888016,12820,-166.20968,600,0.56,-44.94526378,-0.004352649522479624,5.109955570101738,0.3100878259167075,0.0003,1707.8333482529385,65.57080063728479,0.1571353016447489,0.05850468419257429,0.8035851033823395,0.17102291779276244,0.11411251756676534,0.8029051884066014,0.057319798492498165,0.3742748729434148,False,2026-08-07T18:31:41.877321+00:00
1893024,12847,14.326746,97,0.56,-41.95575485000001,-0.009929495924734511,10.078527484089136,0.3242661258205771,0.0003,1753.7277693146068,60.99920516273084,0.15531217850837892,0.05579069758031409,0.8034572805384781,0.17102292001500208,0.11411251867806203,0.8029051884066014,0.06040336928158668,0.3742748741196776,False,2026-08-07T18:31:44.732953+00:00
1898032,12877,-64.226258,198,0.53,-43.01168831,-0.009929495924734511,10.078527484089136,0.3242661258205771,0.0003,4945.076866068347,20.62010414836506,0.15937815078149042,-0.00850523374541166,0.8619171772719185,0.13987870409038858,-0.017142734361198314,0.8029071135130185,0.06274569676859353,0.24368938840794369,False,2026-08-07T18:31:45.745677+00:00
1903040,12914,18.01177,64,0.7,-19.587868110000002,-0.009172035186202266,14.569921293854714,0.3301525702700019,0.0003,1871.7001483721435,51.80316947900449,0.14457472600828003,0.03477135920789942,0.801926984794217,0.13809733485036976,0.0964613300935216,0.8028914489893614,0.062036596419091226,0.35713359768117503,False,2026-08-07T18:31:48.421332+00:00
1908048,12927,-155.800351,600,0.71,-23.75138592999999,-0.009172035186202266,14.569921293854714,0.3301525702700019,0.0003,5317.5801620153725,17.292075944023008,0.14735991221036918,0.04438349839307357,0.8023955533714302,0.1380973367865951,0.09646132854199052,0.8028914489893614,0.0528974631618987,0.3571335960138177,False,2026-08-07T18:31:49.363104+00:00
1913056,12952,13.051769,64,0.66,-32.503695709999995,-0.006609663170820568,8.968740996718406,0.3280508786439896,0.0003,1862.5951806263122,46.67895681484819,0.1557983892309709,0.0565100231708126,0.8034385661295067,0.15177249794176806,0.1214101465008905,0.8029043566887416,0.06502706504724326,0.38149887502317614,False,2026-08-07T18:31:52.051850+00:00
1918064,12974,15.723419,64,0.67,-30.533422910000002,-0.009604328281420748,10.125376634299755,0.31492839436978104,0.0003,1776.8496581575002,46.113074127477574,0.15649843596873825,0.05760458602194979,0.8037071685879255,0.15177249570040344,0.12141014543059707,0.8029043566887416,0.06398537668730064,0.38149887400146953,False,2026-08-07T18:31:54.870297+00:00
1923072,12990,-20.47819,11,0.64,-33.99189173,-0.009604328281420748,10.125376634299755,0.31492839436978104,0.0003,4484.25955370194,17.155117601632313,0.16253132106074003,0.0119941836784291,0.8439118304161238,0.13514419395042906,0.06762710243163049,0.8028995743889494,0.07434434426905075,0.3285686067507363,False,2026-08-07T18:31:55.987101+00:00
1928080,13015,25.517384,61,0.56,-48.14853112000001,-0.005039427109295502,9.755059505999089,0.3244508044794202,0.0003,1697.5728981527757,42.36636911337368,0.14398830875785618,0.011680305111372124,0.8232603197220856,0.13545090729669929,0.07704028726179062,0.8028995743889504,0.06898821958082968,0.33793314899557514,False,2026-08-07T18:31:58.937200+00:00
1933088,13042,-158.810031,600,0.62,-39.10071030000001,-0.005039427109295502,9.755059505999089,0.3244508044794202,0.0003,4383.924491159761,15.263036609076844,0.15520199218071304,-0.0164783319586238,0.8695195768142849,0.13991748597437917,0.016459406550127256,0.8028830691657934,0.07588764655482332,0.2771878619991102,False,2026-08-07T18:32:00.079549+00:00
1938096,13067,7.039181,107,0.59,-40.59792339999999,-0.009518596433917993,15.37054172605276,0.32848577946424484,0.0003,1837.892299105434,33.68206071168089,0.14542424001818877,0.03661349366843546,0.801087700032047,0.1455536265952808,0.09002095047920111,0.8028900581345234,0.05343801716577527,0.350318945361098,False,2026-08-07T18:32:02.804413+00:00
1943104,13089,-2.5537,122,0.64,-37.87264604000001,-0.006892107726889663,14.050829666852952,0.32068696040660144,0.0003,1909.5971834245915,29.79476535358368,0.1459674179409733,0.04231158776597144,0.8023703757234381,0.14555362756757692,0.0900209527604398,0.8028900581345234,0.04771398956759862,0.35031894760030086,False,2026-08-07T18:32:05.426950+00:00
1948112,13117,10.885729,80,0.7,-29.128433729999998,-0.006892107726889663,14.050829666852952,0.32068696040660144,0.0003,5120.18545999237,10.134007919329806,0.15182858560244528,0.050513705533089065,0.803067573956729,0.1593687181791144,0.11151371489658433,0.8028997559046758,0.06146448490403912,0.37151425123808907,False,2026-08-07T18:32:06.405049+00:00
1953120,13147,20.755983,23,0.67,-31.680727619999992,-0.007168001387617551,11.286422196030617,0.3178499933332205,0.0003,1872.5933567166712,25.03479991096277,0.1552175238398407,0.05557212713327416,0.8035818891380206,0.15936871743563485,0.11151371252837633,0.8028997559046758,0.05609954269452919,0.3715142488711478,False,2026-08-07T18:32:09.079421+00:00
1958128,13173,27.32024,59,0.71,-26.66435513,0.003125663026003167,11.654227523505687,0.31169178057461977,0.0003,1769.8707996366743,23.658224096694312,0.15379668260887694,0.05332053048098964,0.803405329357233,0.15057843131177398,0.1083235636591932,0.8029042271863409,0.05509938206186652,0.3684440439241144,False,2026-08-07T18:32:11.908995+00:00
1963136,13205,17.209352,61,0.74,-22.449408360000003,0.003125663026003167,11.654227523505687,0.31169178057461977,0.0003,4249.774246236773,8.67434312131839,0.15528219447566266,0.05567155286411329,0.8032793560465502,0.15057843374459182,0.10832356316860693,0.8029042271863409,0.05286303316857093,0.36844404337147835,False,2026-08-07T18:32:13.087413+00:00
1968144,13232,-158.917394,600,0.74,-21.58095577,-0.005269517707347404,10.705727402865886,0.31975514106452463,0.0003,1756.5072641206418,18.13599103784409,0.14529065251450088,0.040754774695642704,0.801995472157104,0.13823984577106316,0.09863495318006305,0.8029011546355501,0.058315085508583685,0.35929449474565167,False,2026-08-07T18:32:15.938525+00:00
1973152,13253,2.009236,109,0.74,-23.53807319,-0.005269517707347404,10.705727402865886,0.31975514106452463,0.0003,4394.572974131005,6.109353549945088,0.14518751949292857,0.04007068835334751,0.8021288034047842,0.13823984382613222,0.09863495472107577,0.8029011546355501,0.05897999676826786,0.3592944964016276,False,2026-08-07T18:32:17.078129+00:00
1978160,13276,13.002322,71,0.71,-27.620593959999997,-0.0025556462118402124,9.963023447990418,0.3338290397077799,0.0003,1816.2105562054867,12.025037474525622,0.14844303283349175,0.033109570418577886,0.811891078450076,0.1383816439473243,0.0832717414574377,0.8028805100429054,0.05194867941219315,0.34395180156766475,False,2026-08-07T18:32:19.835502+00:00
1983168,13296,-214.62023,600,0.68,-32.92247256,-1.988980657188222e-05,5.800263355672359,0.3486369350925088,0.0003,1904.1120000058015,8.839816145241832,0.1495291025565696,0.028998445476720473,0.8150097149810654,0.1383816464249805,0.08327174145272279,0.8028805100429054,0.056718374859796,0.3439518014072313,False,2026-08-07T18:32:22.465605+00:00
1988176,13325,-1.853821,134,0.68,-33.84340442,-1.988980657188222e-05,5.800263355672359,0.3486369350925088,0.0003,4788.903560875173,2.469041159358649,0.16734120395737972,-0.09561355789868373,0.8652209352999676,0.18583076462508516,-0.1169021522194818,0.8409939211577703,0.03717548003841382,0.14541053070714277,True,2026-08-07T18:32:23.511365+00:00
1993184,13340,6.321479,116,0.66,-37.900267039999996,-0.0087736019588192,13.176364156603814,0.3400240382179618,0.0003,1894.4158385409667,3.5979428915931777,0.14784826529940323,0.04516017955895811,0.8021999618495173,0.1333766066623166,0.11031393131949487,0.8028767053973564,0.06674502418916,0.3712697305223152,False,2026-08-07T18:32:26.154911+00:00
1998192,13359,-203.014549,600,0.63,-42.038165410000005,-0.0087736019588192,13.176364156603814,0.3400240382179618,0.0003,4904.3519185159,0.3686521746480046,0.1489310819018811,0.046791783750710234,0.8022336921424547,0.13337660660950937,0.11031392883625118,0.8028767053973564,0.06540197308900929,0.3712697280492512,False,2026-08-07T18:32:27.176051+00:00
2003200,13387,21.931137,20,0.62,-40.22734222,-0.008391434828808997,5.706810497865081,0.33050083834677935,0.0003,483.0086402017808,-6.625140284577879,0.15607943054640092,0.05696551643453632,0.803414073221751,0.14334638331976735,0.11317594867078852,0.8029008996062441,0.05763685046063529,0.3735473619434022,False,2026-08-07T18:32:37.544391+00:00
